date,window_trading_days,window_start,window_end,close,fixed_amount_dca_cost,moving_avg_180,price_to_dca_pct,price_to_ma_pct,min_close_in_window,max_close_in_window,drawdown_from_window_high_pct,above_window_low_pct,volume
2010-09-20,180,2010-01-04,2010-09-20,11.16,12.5198,12.6022,89.1391,88.5562,10.37,14.87,-24.9496,7.6181,19301400
2010-09-21,180,2010-01-05,2010-09-21,11.25,12.5033,12.5852,89.9765,89.3906,10.37,14.87,-24.3443,8.486,26799500
2010-09-22,180,2010-01-06,2010-09-22,11.16,12.4867,12.5684,89.3753,88.7942,10.37,14.87,-24.9496,7.6181,20741400
2010-09-23,180,2010-01-07,2010-09-23,11.29,12.4711,12.5524,90.529,89.9426,10.37,14.87,-24.0753,8.8717,22513800
2010-09-24,180,2010-01-08,2010-09-24,11.63,12.4585,12.5392,93.3497,92.749,10.37,14.87,-21.7888,12.1504,22056300
2010-09-27,180,2010-01-11,2010-09-27,11.54,12.4431,12.5225,92.7422,92.1541,10.37,14.87,-22.3941,11.2825,12055600
2010-09-28,180,2010-01-12,2010-09-28,11.73,12.4276,12.5051,94.3865,93.8021,10.37,14.47,-18.9357,13.1148,21370600
2010-09-29,180,2010-01-13,2010-09-29,11.68,12.4146,12.4911,94.0827,93.5069,10.37,14.47,-19.2813,12.6326,21920400
2010-09-30,180,2010-01-14,2010-09-30,11.68,12.4013,12.4767,94.1836,93.6147,10.37,14.47,-19.2813,12.6326,23697300
2010-10-01,180,2010-01-15,2010-10-01,11.71,12.3879,12.462,94.5277,93.9657,10.37,14.47,-19.0739,12.9219,18017200
2010-10-04,180,2010-01-19,2010-10-04,11.49,12.3758,12.4496,92.8424,92.2925,10.37,14.47,-20.5943,10.8004,15753100
2010-10-05,180,2010-01-20,2010-10-05,11.86,12.365,12.4378,95.916,95.3542,10.37,14.47,-18.0373,14.3684,20998300
2010-10-06,180,2010-01-21,2010-10-06,11.73,12.3541,12.4263,94.948,94.3963,10.37,14.47,-18.9357,13.1148,18998300
2010-10-07,180,2010-01-22,2010-10-07,11.73,12.3443,12.4161,95.0237,94.4744,10.37,14.47,-18.9357,13.1148,18464100
2010-10-08,180,2010-01-25,2010-10-08,11.82,12.3397,12.4116,95.7884,95.2338,10.37,14.47,-18.3138,13.9826,25834800
2010-10-11,180,2010-01-26,2010-10-11,11.82,12.3351,12.407,95.8244,95.2688,10.37,14.47,-18.3138,13.9826,14540100
2010-10-12,180,2010-01-27,2010-10-12,11.96,12.3312,12.4032,96.9897,96.427,10.37,14.47,-17.3462,15.3327,18305200
2010-10-13,180,2010-01-28,2010-10-13,11.97,12.3254,12.3972,97.1164,96.5539,10.37,14.47,-17.2771,15.4291,16470800
2010-10-14,180,2010-01-29,2010-10-14,11.91,12.3215,12.3933,96.6604,96.1001,10.37,14.47,-17.6918,14.8505,16167200
2010-10-15,180,2010-02-01,2010-10-15,12.02,12.3206,12.3924,97.5605,96.9946,10.37,14.47,-16.9316,15.9113,20040300
2010-10-18,180,2010-02-02,2010-10-18,11.95,12.3174,12.3893,97.0176,96.4544,10.37,14.47,-17.4153,15.2363,13884500
2010-10-19,180,2010-02-03,2010-10-19,11.78,12.3132,12.3852,95.6699,95.1134,10.37,14.47,-18.5902,13.5969,26954500
2010-10-20,180,2010-02-04,2010-10-20,11.94,12.3112,12.3833,96.9847,96.4199,10.37,14.47,-17.4845,15.1398,16526500
2010-10-21,180,2010-02-05,2010-10-21,11.9,12.3118,12.3839,96.655,96.0926,10.37,14.47,-17.7609,14.7541,14562000
2010-10-22,180,2010-02-08,2010-10-22,12.13,12.3113,12.3833,98.5277,97.9542,10.37,14.47,-16.1714,16.972,18248400
2010-10-25,180,2010-02-09,2010-10-25,12.15,12.3117,12.3838,98.6865,98.1122,10.37,14.47,-16.0332,17.1649,12380000
2010-10-26,180,2010-02-10,2010-10-26,12.09,12.3114,12.3834,98.2019,97.6303,10.37,14.47,-16.4478,16.5863,11561600
2010-10-27,180,2010-02-11,2010-10-27,12.24,12.3114,12.3835,99.4198,98.8412,10.37,14.47,-15.4112,18.0328,11833100
2010-10-28,180,2010-02-12,2010-10-28,12.25,12.3102,12.3823,99.5108,98.9317,10.37,14.47,-15.3421,18.1292,12635800
2010-10-29,180,2010-02-16,2010-10-29,12.35,12.3096,12.3816,100.3285,99.7447,10.37,14.47,-14.651,19.0935,11137400
2010-11-01,180,2010-02-17,2010-11-01,12.37,12.3065,12.3784,100.5159,99.9322,10.37,14.47,-14.5128,19.2864,16335500
2010-11-02,180,2010-02-18,2010-11-02,12.48,12.3039,12.3756,101.4315,100.844,10.37,14.47,-13.7526,20.3472,11575000
2010-11-03,180,2010-02-19,2010-11-03,12.54,12.3031,12.3748,101.9253,101.3352,10.37,14.47,-13.3379,20.9257,12324600
2010-11-04,180,2010-02-22,2010-11-04,12.89,12.3052,12.3769,104.7528,104.1453,10.37,14.47,-10.9191,24.3009,16341100
2010-11-05,180,2010-02-23,2010-11-05,12.98,12.3079,12.3799,105.4605,104.8475,10.37,14.47,-10.2972,25.1688,15163400
2010-11-08,180,2010-02-24,2010-11-08,12.8,12.3122,12.3843,103.9615,103.3569,10.37,14.47,-11.5411,23.433,16470300
2010-11-09,180,2010-02-25,2010-11-09,12.82,12.3152,12.3873,104.0991,103.4928,10.37,14.47,-11.4029,23.6258,14443400
2010-11-10,180,2010-02-26,2010-11-10,12.85,12.3186,12.3908,104.314,103.7057,10.37,14.47,-11.1956,23.9151,15705600
2010-11-11,180,2010-03-01,2010-11-11,12.63,12.3207,12.393,102.5104,101.9124,10.37,14.47,-12.716,21.7936,15040400
2010-11-12,180,2010-03-02,2010-11-12,12.59,12.3212,12.3935,102.1817,101.5855,10.37,14.47,-12.9924,21.4079,14686500
2010-11-15,180,2010-03-03,2010-11-15,12.61,12.3222,12.3946,102.3356,101.7382,10.37,14.47,-12.8542,21.6008,12628100
2010-11-16,180,2010-03-04,2010-11-16,12.46,12.3226,12.3949,101.1151,100.5249,10.37,14.47,-13.8908,20.1543,17121600
2010-11-17,180,2010-03-05,2010-11-17,12.38,12.3233,12.3956,100.4605,99.8741,10.37,14.47,-14.4437,19.3828,14793200
2010-11-18,180,2010-03-08,2010-11-18,12.65,12.3252,12.3976,102.6352,102.0358,10.37,14.47,-12.5777,21.9865,21840500
2010-11-19,180,2010-03-09,2010-11-19,12.53,12.3261,12.3986,101.6539,101.0602,10.37,14.47,-13.407,20.8293,16923000
2010-11-22,180,2010-03-10,2010-11-22,12.53,12.3275,12.3999,101.6431,101.0493,10.37,14.47,-13.407,20.8293,15045100
2010-11-23,180,2010-03-11,2010-11-23,12.41,12.3268,12.3992,100.6749,100.0869,10.37,14.47,-14.2364,19.6721,11613000
2010-11-24,180,2010-03-12,2010-11-24,12.59,12.3278,12.4002,102.1271,101.5304,10.37,14.47,-12.9924,21.4079,11024600
2010-11-26,180,2010-03-15,2010-11-26,12.53,12.3287,12.4012,101.6328,101.0389,10.37,14.47,-13.407,20.8293,4026200
2010-11-29,180,2010-03-16,2010-11-29,12.52,12.3303,12.4028,101.5385,100.9451,10.37,14.47,-13.4762,20.7329,16730700
2010-11-30,180,2010-03-17,2010-11-30,12.43,12.3302,12.4027,100.8095,100.2204,10.37,14.47,-14.0981,19.865,13217200
2010-12-01,180,2010-03-18,2010-12-01,12.77,12.3308,12.4033,103.5621,102.9567,10.37,14.47,-11.7484,23.1437,13969100
2010-12-02,180,2010-03-19,2010-12-02,12.91,12.3322,12.4048,104.6852,104.0723,10.37,14.47,-10.7809,24.4937,12568700
2010-12-03,180,2010-03-22,2010-12-03,13.06,12.3352,12.408,105.8761,105.2547,10.37,14.47,-9.7443,25.9402,10377000
2010-12-06,180,2010-03-23,2010-12-06,13.02,12.3364,12.4093,105.5414,104.921,10.37,14.47,-10.0207,25.5545,8239600
2010-12-07,180,2010-03-24,2010-12-07,12.99,12.3352,12.4079,105.3087,104.691,10.37,14.47,-10.2281,25.2652,12500200
2010-12-08,180,2010-03-25,2010-12-08,13.04,12.3354,12.4082,105.7124,105.0921,10.37,14.47,-9.8825,25.7473,10391400
2010-12-09,180,2010-03-26,2010-12-09,13.28,12.3359,12.4088,107.6529,107.0205,10.37,14.47,-8.2239,28.0617,11491800
2010-12-10,180,2010-03-29,2010-12-10,13.36,12.3367,12.4097,108.2951,107.658,10.37,14.47,-7.671,28.8332,9901400
2010-12-13,180,2010-03-30,2010-12-13,13.22,12.3362,12.4092,107.1641,106.5341,10.37,14.47,-8.6386,27.4831,9473800
2010-12-14,180,2010-03-31,2010-12-14,13.3,12.3355,12.4083,107.8187,107.186,10.37,14.47,-8.0857,28.2546,9573500
2010-12-15,180,2010-04-01,2010-12-15,13.2,12.3342,12.4068,107.0192,106.393,10.37,14.47,-8.7768,27.2903,10142800
2010-12-16,180,2010-04-05,2010-12-16,13.38,12.3344,12.407,108.4773,107.8423,10.37,14.47,-7.5328,29.026,8376200
2010-12-17,180,2010-04-06,2010-12-17,13.61,12.3348,12.4075,110.3383,109.6917,10.37,14.47,-5.9433,31.244,19690500
2010-12-20,180,2010-04-07,2010-12-20,13.6,12.3353,12.4082,110.2523,109.6052,10.37,14.47,-6.0124,31.1475,12477100
2010-12-21,180,2010-04-08,2010-12-21,13.91,12.3368,12.41,112.7519,112.087,10.37,14.47,-3.8701,34.1369,14591600
2010-12-22,180,2010-04-09,2010-12-22,14.0,12.3398,12.4137,113.454,112.7789,10.37,14.47,-3.2481,35.0048,9699300
2010-12-23,180,2010-04-12,2010-12-23,14.0,12.3422,12.4166,113.4321,112.7522,10.37,14.47,-3.2481,35.0048,6675900
2010-12-27,180,2010-04-13,2010-12-27,14.08,12.3442,12.4191,114.0619,113.3737,10.37,14.47,-2.6952,35.7763,6401500
2010-12-28,180,2010-04-14,2010-12-28,14.1,12.3455,12.4208,114.2119,113.5195,10.37,14.47,-2.557,35.9691,6992500
2010-12-29,180,2010-04-15,2010-12-29,14.12,12.3443,12.4192,114.3851,113.6952,10.37,14.47,-2.4188,36.162,5993600
2010-12-30,180,2010-04-16,2010-12-30,14.13,12.3434,12.418,114.4742,113.7864,10.37,14.47,-2.3497,36.2584,5649900
2010-12-31,180,2010-04-19,2010-12-31,14.05,12.3421,12.4163,113.8381,113.1579,10.37,14.47,-2.9026,35.487,5660500
2011-01-03,180,2010-04-20,2011-01-03,14.06,12.3411,12.4149,113.9284,113.2506,10.37,14.47,-2.8334,35.5834,10943700
2011-01-04,180,2010-04-21,2011-01-04,13.97,12.339,12.4122,113.218,112.5504,10.37,14.47,-3.4554,34.7155,16518700
2011-01-05,180,2010-04-22,2011-01-05,13.76,12.3362,12.4085,111.5419,110.8917,10.37,14.47,-4.9067,32.6905,24401300
2011-01-06,180,2010-04-23,2011-01-06,13.89,12.3341,12.4058,112.6142,111.9635,10.37,14.47,-4.0083,33.9441,18942300
2011-01-07,180,2010-04-26,2011-01-07,13.96,12.332,12.403,113.2013,112.5534,10.37,14.36,-2.7855,34.6191,10838300
2011-01-10,180,2010-04-27,2011-01-10,13.77,12.3295,12.3997,111.6835,111.0509,10.37,14.26,-3.4362,32.7869,15011300
2011-01-11,180,2010-04-28,2011-01-11,14.08,12.3301,12.4006,114.1918,113.5433,10.37,14.26,-1.2623,35.7763,17290200
2011-01-12,180,2010-04-29,2011-01-12,14.26,12.331,12.4017,115.6433,114.984,10.37,14.26,0.0,37.5121,8612100
2011-01-13,180,2010-04-30,2011-01-13,14.24,12.3309,12.4016,115.4819,114.8238,10.37,14.26,-0.1403,37.3192,9322400
2011-01-14,180,2010-05-03,2011-01-14,15.32,12.3371,12.4102,124.1783,123.4472,10.37,15.32,0.0,47.7338,36689800
2011-01-18,180,2010-05-04,2011-01-18,15.2,12.3419,12.4168,123.158,122.4145,10.37,15.32,-0.7833,46.5767,33814200
2011-01-19,180,2010-05-05,2011-01-19,15.23,12.3495,12.4271,123.3247,122.5552,10.37,15.32,-0.5875,46.866,27347900
2011-01-20,180,2010-05-06,2011-01-20,15.06,12.3573,12.4373,121.8708,121.0876,10.37,15.32,-1.6971,45.2266,21092300
2011-01-21,180,2010-05-07,2011-01-21,15.01,12.3676,12.4501,121.3657,120.5617,10.37,15.32,-2.0235,44.7445,12815900
2011-01-24,180,2010-05-10,2011-01-24,15.37,12.3803,12.466,124.1489,123.2954,10.37,15.37,0.0,48.216,14403900
2011-01-25,180,2010-05-11,2011-01-25,15.37,12.3895,12.4781,124.0571,123.1757,10.37,15.37,0.0,48.216,18445600
2011-01-26,180,2010-05-12,2011-01-26,15.46,12.3981,12.4898,124.6962,123.7812,10.37,15.46,0.0,49.0839,13248200
2011-01-27,180,2010-05-13,2011-01-27,16.1,12.4071,12.5027,129.7643,128.772,10.37,16.1,0.0,55.2555,24319000
2011-01-28,180,2010-05-14,2011-01-28,15.77,12.4175,12.5168,126.9979,125.9903,10.37,16.1,-2.0497,52.0733,24074100
2011-01-31,180,2010-05-17,2011-01-31,15.69,12.4291,12.5321,126.2361,125.1989,10.37,16.1,-2.5466,51.3018,24068000
2011-02-01,180,2010-05-18,2011-02-01,16.22,12.4413,12.5489,130.3721,129.2539,10.37,16.22,0.0,56.4127,21935800
2011-02-02,180,2010-05-19,2011-02-02,16.35,12.4552,12.5679,131.2706,130.0934,10.37,16.35,0.0,57.6663,22846900
2011-02-03,180,2010-05-20,2011-02-03,16.14,12.468,12.5852,129.4514,128.2456,10.37,16.35,-1.2844,55.6413,20212200
2011-02-04,180,2010-05-21,2011-02-04,16.49,12.4837,12.6063,132.0923,130.8073,10.37,16.49,0.0,59.0164,15018800
2011-02-07,180,2010-05-24,2011-02-07,16.39,12.499,12.6267,131.1309,129.8041,10.37,16.49,-0.6064,58.0521,15425000
2011-02-08,180,2010-05-25,2011-02-08,16.16,12.5148,12.6471,129.1275,127.7762,10.37,16.49,-2.0012,55.8341,16694100
2011-02-09,180,2010-05-26,2011-02-09,15.87,12.5286,12.6649,126.67,125.3071,10.37,16.49,-3.7599,53.0376,20651800
2011-02-10,180,2010-05-27,2011-02-10,16.12,12.5442,12.6849,128.5057,127.0803,10.37,16.49,-2.2438,55.4484,19010900
2011-02-11,180,2010-05-28,2011-02-11,16.01,12.5565,12.7012,127.5038,126.0509,10.37,16.49,-2.9109,54.3877,12939900
2011-02-14,180,2010-06-01,2011-02-14,16.2,12.5702,12.7194,128.8759,127.3641,10.37,16.49,-1.7586,56.2199,12982800
2011-02-15,180,2010-06-02,2011-02-15,16.12,12.5855,12.7391,128.0837,126.54,10.37,16.49,-2.2438,55.4484,12138900
2011-02-16,180,2010-06-03,2011-02-16,16.35,12.6002,12.7585,129.7599,128.1499,10.37,16.49,-0.849,57.6663,18176100
2011-02-17,180,2010-06-04,2011-02-17,16.42,12.6142,12.7773,130.1709,128.5088,10.37,16.49,-0.4245,58.3414,13520600
2011-02-18,180,2010-06-07,2011-02-18,16.47,12.6309,12.799,130.3949,128.6819,10.37,16.49,-0.1213,58.8235,12380200
2011-02-22,180,2010-06-08,2011-02-22,15.66,12.6471,12.8183,123.8233,122.1688,10.37,16.49,-5.0334,51.0125,25417700
2011-02-23,180,2010-06-09,2011-02-23,15.64,12.6623,12.8367,123.5166,121.8385,10.37,16.49,-5.1546,50.8197,24399900
2011-02-24,180,2010-06-10,2011-02-24,15.83,12.6791,12.8569,124.8512,123.1247,10.37,16.49,-4.0024,52.6519,18660300
2011-02-25,180,2010-06-11,2011-02-25,16.12,12.695,12.8768,126.9793,125.1861,10.37,16.49,-2.2438,55.4484,20071400
2011-02-28,180,2010-06-14,2011-02-28,16.43,12.7111,12.8976,129.2575,127.3879,10.37,16.49,-0.3639,58.4378,26338800
2011-03-01,180,2010-06-15,2011-03-01,16.2,12.7264,12.9171,127.2944,125.415,10.37,16.49,-1.7586,56.2199,34048400
2011-03-02,180,2010-06-16,2011-03-02,16.42,12.7395,12.9347,128.8906,126.9457,10.37,16.49,-0.4245,58.3414,19128000
2011-03-03,180,2010-06-17,2011-03-03,16.85,12.7533,12.9539,132.1224,130.0768,10.37,16.85,0.0,62.4879,17570800
2011-03-04,180,2010-06-18,2011-03-04,16.73,12.7668,12.9724,131.0434,128.9662,10.37,16.85,-0.7122,61.3308,14204700
2011-03-07,180,2010-06-21,2011-03-07,15.96,12.7779,12.9869,124.903,122.8926,10.37,16.85,-5.2819,53.9055,24768000
2011-03-08,180,2010-06-22,2011-03-08,15.79,12.7889,13.001,123.4666,121.4522,10.37,16.85,-6.2908,52.2662,28212900
2011-03-09,180,2010-06-23,2011-03-09,15.3,12.7991,13.0134,119.5399,117.5707,10.37,16.85,-9.1988,47.541,32174600
2011-03-10,180,2010-06-24,2011-03-10,14.96,12.8076,13.0237,116.8055,114.8678,10.37,16.85,-11.2166,44.2623,23029200
2011-03-11,180,2010-06-25,2011-03-11,15.0,12.8183,13.0361,117.0203,115.065,10.37,16.85,-10.9792,44.648,16362700
2011-03-14,180,2010-06-28,2011-03-14,14.96,12.8278,13.0473,116.622,114.6599,10.37,16.85,-11.2166,44.2623,15936300
2011-03-15,180,2010-06-29,2011-03-15,14.88,12.8376,13.0587,115.9096,113.9473,10.37,16.85,-11.6914,43.4908,21222000
2011-03-16,180,2010-06-30,2011-03-16,14.46,12.8486,13.0706,112.5415,110.6303,10.37,16.85,-14.184,39.4407,24530800
2011-03-17,180,2010-07-01,2011-03-17,14.83,12.8631,13.0862,115.2913,113.3258,10.37,16.85,-11.9881,43.0087,15750300
2011-03-18,180,2010-07-02,2011-03-18,14.84,12.8777,13.1019,115.2375,113.2656,10.37,16.85,-11.9288,43.1051,19567600
2011-03-21,180,2010-07-06,2011-03-21,15.21,12.894,13.1198,117.9621,115.9318,10.37,16.85,-9.7329,46.6731,13053300
2011-03-22,180,2010-07-07,2011-03-22,15.11,12.9113,13.1383,117.0295,115.0075,10.37,16.85,-10.3264,45.7088,10673300
2011-03-23,180,2010-07-08,2011-03-23,15.16,12.9262,13.1548,117.2814,115.2433,10.37,16.85,-10.0297,46.1909,17119100
2011-03-24,180,2010-07-09,2011-03-24,15.44,12.9427,13.1733,119.2948,117.207,10.37,16.85,-8.368,48.891,14958900
2011-03-25,180,2010-07-12,2011-03-25,15.43,12.9581,13.1907,119.0761,116.9767,10.37,16.85,-8.4273,48.7946,13937100
2011-03-28,180,2010-07-13,2011-03-28,15.47,12.9736,13.2082,119.2422,117.124,10.37,16.85,-8.1899,49.1803,11868500
2011-03-29,180,2010-07-14,2011-03-29,15.7,12.9887,13.2259,120.8739,118.7066,10.37,16.85,-6.8249,51.3983,16816500
2011-03-30,180,2010-07-15,2011-03-30,15.73,13.004,13.2437,120.963,118.7738,10.37,16.85,-6.6469,51.6876,11390500
2011-03-31,180,2010-07-16,2011-03-31,15.62,13.0192,13.2612,119.9762,117.787,10.37,16.85,-7.2997,50.6268,11448600
2011-04-01,180,2010-07-19,2011-04-01,15.53,13.0359,13.2798,119.1327,116.9447,10.37,16.85,-7.8338,49.7589,12739400
2011-04-04,180,2010-07-20,2011-04-04,15.4,13.0509,13.2966,118.0,115.8195,10.37,16.85,-8.6053,48.5053,21009900
2011-04-05,180,2010-07-21,2011-04-05,15.53,13.0666,13.3143,118.8525,116.6417,10.37,16.85,-7.8338,49.7589,13785600
2011-04-06,180,2010-07-22,2011-04-06,15.75,13.0842,13.334,120.3745,118.1191,10.37,16.85,-6.5282,51.8804,13351600
2011-04-07,180,2010-07-23,2011-04-07,15.5,13.0992,13.3509,118.3277,116.0967,10.37,16.85,-8.0119,49.4696,18218500
2011-04-08,180,2010-07-26,2011-04-08,15.31,13.1132,13.3665,116.7529,114.5401,10.37,16.85,-9.1395,47.6374,10591800
2011-04-11,180,2010-07-27,2011-04-11,15.33,13.1269,13.3819,116.7829,114.5578,10.37,16.85,-9.0208,47.8303,12408700
2011-04-12,180,2010-07-28,2011-04-12,15.03,13.1392,13.3953,114.3909,112.2033,10.37,16.85,-10.8012,44.9373,17063400
2011-04-13,180,2010-07-29,2011-04-13,14.88,13.1524,13.4094,113.1354,110.967,10.37,16.85,-11.6914,43.4908,16177000
2011-04-14,180,2010-07-30,2011-04-14,14.78,13.1679,13.4252,112.243,110.0917,10.37,16.85,-12.2849,42.5265,19631400
2011-04-15,180,2010-08-02,2011-04-15,14.72,13.1841,13.4414,111.6498,109.5125,10.37,16.85,-12.6409,41.9479,19034200
2011-04-18,180,2010-08-03,2011-04-18,14.48,13.1978,13.4551,109.7152,107.6171,10.37,16.85,-14.0653,39.6336,19711100
2011-04-19,180,2010-08-04,2011-04-19,14.61,13.2135,13.4706,110.5691,108.4583,10.37,16.85,-13.2938,40.8872,14145500
2011-04-20,180,2010-08-05,2011-04-20,15.28,13.2317,13.4896,115.4801,113.2728,10.37,16.85,-9.3175,47.3481,18697000
2011-04-21,180,2010-08-06,2011-04-21,15.25,13.2503,13.5087,115.0915,112.8905,10.37,16.85,-9.4955,47.0588,12822500
2011-04-25,180,2010-08-09,2011-04-25,15.3,13.269,13.5279,115.3065,113.0997,10.37,16.85,-9.1988,47.541,11308500
2011-04-26,180,2010-08-10,2011-04-26,15.61,13.2888,13.5487,117.4677,115.2143,10.37,16.85,-7.3591,50.5304,16597600
2011-04-27,180,2010-08-11,2011-04-27,15.92,13.3123,13.5731,119.589,117.2912,10.37,16.85,-5.5193,53.5198,16734000
2011-04-28,180,2010-08-12,2011-04-28,15.69,13.3374,13.5979,117.6393,115.3851,10.37,16.85,-6.8843,51.3018,21704300
2011-04-29,180,2010-08-13,2011-04-29,15.69,13.363,13.6231,117.4138,115.1719,10.37,16.85,-6.8843,51.3018,29186300
2011-05-02,180,2010-08-16,2011-05-02,15.15,13.3864,13.6452,113.1748,111.0279,10.37,16.85,-10.089,46.0945,23471800
2011-05-03,180,2010-08-17,2011-05-03,15.24,13.4099,13.6676,113.6474,111.5045,10.37,16.85,-9.5549,46.9624,16800000
2011-05-04,180,2010-08-18,2011-05-04,15.09,13.4314,13.6882,112.3484,110.2412,10.37,16.85,-10.4451,45.5159,35295800
2011-05-05,180,2010-08-19,2011-05-05,14.96,13.4525,13.7081,111.2057,109.1329,10.37,16.85,-11.2166,44.2623,25298800
2011-05-06,180,2010-08-20,2011-05-06,15.23,13.4751,13.7296,113.0235,110.9286,10.37,16.85,-9.6142,46.866,16860400
2011-05-09,180,2010-08-23,2011-05-09,15.04,13.499,13.7515,111.4156,109.3699,10.37,16.85,-10.7418,45.0338,14623800
2011-05-10,180,2010-08-24,2011-05-10,15.06,13.5239,13.7741,111.358,109.3355,10.37,16.85,-10.6231,45.2266,16187800
2011-05-11,180,2010-08-25,2011-05-11,14.92,13.5518,13.7982,110.0957,108.1303,10.37,16.85,-11.454,43.8766,16500000
2011-05-12,180,2010-08-26,2011-05-12,15.09,13.5796,13.8225,111.1229,109.1698,10.37,16.85,-10.4451,45.5159,17600000
2011-05-13,180,2010-08-27,2011-05-13,14.8,13.6077,13.8462,108.7621,106.8884,10.37,16.85,-12.1662,42.7194,15158700
2011-05-16,180,2010-08-30,2011-05-16,14.52,13.6331,13.8675,106.5054,104.7052,10.37,16.85,-13.8279,40.0193,17248200
2011-05-17,180,2010-08-31,2011-05-17,14.31,13.6596,13.8888,104.7612,103.0324,10.37,16.85,-15.0742,37.9942,23388200
2011-05-18,180,2010-09-01,2011-05-18,14.5,13.6882,13.9118,105.9309,104.2282,10.58,16.85,-13.9466,37.051,17221900
2011-05-19,180,2010-09-02,2011-05-19,14.33,13.7128,13.9319,104.5012,102.8576,10.58,16.85,-14.9555,35.4442,19202300
2011-05-20,180,2010-09-03,2011-05-20,14.09,13.7355,13.9502,102.5811,101.002,10.58,16.85,-16.3798,33.1758,17189500
2011-05-23,180,2010-09-07,2011-05-23,13.79,13.755,13.9658,100.2548,98.741,10.58,16.85,-18.1602,30.3403,21100000
2011-05-24,180,2010-09-08,2011-05-24,13.71,13.7755,13.9819,99.5248,98.0554,10.58,16.85,-18.635,29.5841,25015700
2011-05-25,180,2010-09-09,2011-05-25,13.86,13.7991,14.0001,100.4415,98.9992,10.68,16.85,-17.7448,29.7753,27067900
2011-05-26,180,2010-09-10,2011-05-26,13.64,13.8197,14.016,98.6998,97.3174,10.68,16.85,-19.0504,27.7154,16979800
2011-05-27,180,2010-09-13,2011-05-27,13.43,13.8401,14.0313,97.0371,95.7147,10.78,16.85,-20.2967,24.5826,17064500
2011-05-31,180,2010-09-14,2011-05-31,13.78,13.8616,14.0479,99.4114,98.0926,11.02,16.85,-18.2196,25.0454,15690400
2011-06-01,180,2010-09-15,2011-06-01,13.08,13.8761,14.0589,94.263,93.0372,11.02,16.85,-22.3739,18.6933,41485700
2011-06-02,180,2010-09-16,2011-06-02,13.15,13.8916,14.0706,94.6613,93.4572,11.02,16.85,-21.9585,19.3285,26164300
2011-06-03,180,2010-09-17,2011-06-03,12.96,13.9057,14.0811,93.1993,92.0386,11.02,16.85,-23.0861,17.6044,14818800
2011-06-06,180,2010-09-20,2011-06-06,12.89,13.9198,14.0914,92.6016,91.4739,11.16,16.85,-23.5015,15.5018,11463700
2011-06-07,180,2010-09-21,2011-06-07,13.03,13.9337,14.1018,93.5143,92.3993,11.16,16.85,-22.6706,16.7563,19150800
2011-06-08,180,2010-09-22,2011-06-08,12.73,13.9449,14.1101,91.2881,90.2193,11.16,16.85,-24.451,14.0681,15379000
2011-06-09,180,2010-09-23,2011-06-09,12.78,13.9571,14.1191,91.5661,90.516,11.29,16.85,-24.1543,13.1975,17881400
2011-06-10,180,2010-09-24,2011-06-10,12.58,13.967,14.1262,90.0696,89.0542,11.49,16.85,-25.3412,9.4865,16247000
2011-06-13,180,2010-09-27,2011-06-13,12.48,13.9733,14.1309,89.313,88.3168,11.49,16.85,-25.9347,8.6162,11304900
2011-06-14,180,2010-09-28,2011-06-14,12.7,13.9819,14.1374,90.8316,89.8327,11.49,16.85,-24.6291,10.5309,17633100
2011-06-15,180,2010-09-29,2011-06-15,12.57,13.9881,14.1421,89.8621,88.8838,11.49,16.85,-25.4006,9.3995,16768900
2011-06-16,180,2010-09-30,2011-06-16,12.47,13.994,14.1464,89.1096,88.1494,11.49,16.85,-25.9941,8.5292,15158000
2011-06-17,180,2010-10-01,2011-06-17,12.41,13.9995,14.1505,88.6461,87.7001,11.49,16.85,-26.3501,8.007,15527900
2011-06-20,180,2010-10-04,2011-06-20,12.42,14.0048,14.1544,88.6839,87.7463,11.49,16.85,-26.2908,8.094,15531500
2011-06-21,180,2010-10-05,2011-06-21,12.68,14.0137,14.1611,90.4828,89.5413,11.73,16.85,-24.7478,8.0989,12415400
2011-06-22,180,2010-10-06,2011-06-22,12.58,14.019,14.1651,89.7355,88.8101,11.73,16.85,-25.3412,7.2464,9896800
2011-06-23,180,2010-10-07,2011-06-23,12.76,14.0265,14.1708,90.9707,90.0445,11.73,16.85,-24.273,8.7809,17001400
2011-06-24,180,2010-10-08,2011-06-24,12.4,14.0315,14.1745,88.3724,87.481,11.78,16.85,-26.4095,5.2632,34190200
2011-06-27,180,2010-10-11,2011-06-27,12.66,14.0377,14.1792,90.1859,89.2859,11.78,16.85,-24.8665,7.4703,17841100
2011-06-28,180,2010-10-12,2011-06-28,12.71,14.0442,14.1841,90.5003,89.6073,11.78,16.85,-24.5697,7.8947,12299900
2011-06-29,180,2010-10-13,2011-06-29,12.67,14.0493,14.1881,90.1825,89.3005,11.78,16.85,-24.8071,7.5552,13868400
2011-06-30,180,2010-10-14,2011-06-30,13.01,14.0566,14.1938,92.5542,91.6595,11.78,16.85,-22.7893,10.4414,18352500
2011-07-01,180,2010-10-15,2011-07-01,13.29,14.0662,14.2015,94.4818,93.5817,11.78,16.85,-21.1276,12.8183,11675100
2011-07-05,180,2010-10-18,2011-07-05,13.09,14.0737,14.2074,93.0105,92.1348,11.78,16.85,-22.3145,11.1205,12813000
2011-07-06,180,2010-10-19,2011-07-06,13.04,14.0814,14.2135,92.6046,91.7438,11.78,16.85,-22.6113,10.6961,13686000
2011-07-07,180,2010-10-20,2011-07-07,13.44,14.0929,14.2227,95.3669,94.4967,11.9,16.85,-20.2374,12.9412,16123800
2011-07-08,180,2010-10-21,2011-07-08,13.1,14.1011,14.2292,92.9004,92.0644,11.9,16.85,-22.2552,10.084,14697400
2011-07-11,180,2010-10-22,2011-07-11,12.98,14.1089,14.2352,91.999,91.1826,12.09,16.85,-22.9674,7.3615,19567300
2011-07-12,180,2010-10-25,2011-07-12,12.64,14.1125,14.238,89.5658,88.7765,12.09,16.85,-24.9852,4.5492,28255900
2011-07-13,180,2010-10-26,2011-07-13,12.44,14.1147,14.2396,88.1353,87.3619,12.09,16.85,-26.1721,2.895,21473000
2011-07-14,180,2010-10-27,2011-07-14,12.27,14.116,14.2406,86.9226,86.162,12.24,16.85,-27.181,0.2451,23025700
2011-07-15,180,2010-10-28,2011-07-15,12.45,14.1175,14.2418,88.1883,87.4189,12.25,16.85,-26.1128,1.6327,20020800
2011-07-18,180,2010-10-29,2011-07-18,12.3,14.1179,14.2421,87.1235,86.3639,12.27,16.85,-27.003,0.2445,20060700
2011-07-19,180,2010-11-01,2011-07-19,12.66,14.1201,14.2438,89.6595,88.8809,12.27,16.85,-24.8665,3.1785,13042400
2011-07-20,180,2010-11-02,2011-07-20,12.69,14.1223,14.2456,89.8576,89.0804,12.27,16.85,-24.6884,3.423,13474600
2011-07-21,180,2010-11-03,2011-07-21,12.93,14.1254,14.2481,91.537,90.7492,12.27,16.85,-23.2641,5.379,14268700
2011-07-22,180,2010-11-04,2011-07-22,13.15,14.1295,14.2514,93.0674,92.2713,12.27,16.85,-21.9585,7.172,17464100
2011-07-25,180,2010-11-05,2011-07-25,13.1,14.1309,14.2526,92.7045,91.913,12.27,16.85,-22.2552,6.7645,12042600
2011-07-26,180,2010-11-08,2011-07-26,13.1,14.1317,14.2533,92.6994,91.9087,12.27,16.85,-22.2552,6.7645,10203000
2011-07-27,180,2010-11-09,2011-07-27,12.64,14.1306,14.2524,89.4512,88.6869,12.27,16.85,-24.9852,3.0155,21146800
2011-07-28,180,2010-11-10,2011-07-28,12.48,14.1282,14.2505,88.3337,87.5759,12.27,16.85,-25.9347,1.7115,15867400
2011-07-29,180,2010-11-11,2011-07-29,12.32,14.1245,14.2476,87.2241,86.471,12.27,16.85,-26.8843,0.4075,20689500
2011-08-01,180,2010-11-12,2011-08-01,12.33,14.1224,14.2459,87.3081,86.5513,12.27,16.85,-26.8249,0.489,16794300
2011-08-02,180,2010-11-15,2011-08-02,12.08,14.1187,14.2431,85.5604,84.8133,12.08,16.85,-28.3086,0.0,18050400
2011-08-03,180,2010-11-16,2011-08-03,12.21,14.1158,14.2408,86.4987,85.7394,12.08,16.85,-27.5371,1.0762,19515900
2011-08-04,180,2010-11-17,2011-08-04,11.48,14.1082,14.2354,81.3709,80.6441,11.48,16.85,-31.8694,0.0,29740000
2011-08-05,180,2010-11-18,2011-08-05,11.44,14.1009,14.2302,81.1296,80.3926,11.44,16.85,-32.1068,0.0,31988000
2011-08-08,180,2010-11-19,2011-08-08,11.09,14.0886,14.2215,78.716,77.9805,11.09,16.85,-34.184,0.0,34939400
2011-08-09,180,2010-11-22,2011-08-09,11.44,14.0802,14.2154,81.2486,80.4759,11.09,16.85,-32.1068,3.156,34263800
2011-08-10,180,2010-11-23,2011-08-10,11.25,14.0702,14.2083,79.9559,79.1789,11.09,16.85,-33.2344,1.4427,34632000
2011-08-11,180,2010-11-24,2011-08-11,11.72,14.065,14.2045,83.3272,82.5091,11.09,16.85,-30.4451,5.6808,30026000
2011-08-12,180,2010-11-26,2011-08-12,11.6,14.0576,14.199,82.5177,81.6959,11.09,16.85,-31.1573,4.5987,16471100
2011-08-15,180,2010-11-29,2011-08-15,11.87,14.0527,14.1953,84.4677,83.619,11.09,16.85,-29.5549,7.0334,10950200
2011-08-16,180,2010-11-30,2011-08-16,11.68,14.0464,14.1907,83.1529,82.3076,11.09,16.85,-30.6825,5.3201,13342400
2011-08-17,180,2010-12-01,2011-08-17,11.62,14.0403,14.1862,82.7619,81.9108,11.09,16.85,-31.0386,4.7791,10676700
2011-08-18,180,2010-12-02,2011-08-18,10.99,14.0264,14.1763,78.3523,77.5239,10.99,16.85,-34.7774,0.0,17854900
2011-08-19,180,2010-12-03,2011-08-19,10.82,14.0101,14.1647,77.2302,76.3873,10.82,16.85,-35.7864,0.0,16116600
2011-08-22,180,2010-12-06,2011-08-22,10.86,13.9932,14.1524,77.6093,76.7359,10.82,16.85,-35.549,0.3697,13481900
2011-08-23,180,2010-12-07,2011-08-23,11.44,13.9816,14.1437,81.8216,80.8843,10.82,16.85,-32.1068,5.7301,16136100
2011-08-24,180,2010-12-08,2011-08-24,11.36,13.9697,14.1346,81.3191,80.3701,10.82,16.85,-32.5816,4.9908,16652700
2011-08-25,180,2010-12-09,2011-08-25,10.81,13.9525,14.1222,77.477,76.546,10.81,16.85,-35.8457,0.0,21521400
2011-08-26,180,2010-12-10,2011-08-26,11.06,13.9362,14.1099,79.3617,78.3847,10.81,16.85,-34.362,2.3127,15078000
2011-08-29,180,2010-12-13,2011-08-29,11.39,13.9222,14.0989,81.8115,80.7862,10.81,16.85,-32.4036,5.3654,11015100
2011-08-30,180,2010-12-14,2011-08-30,11.42,13.9094,14.0889,82.1027,81.0565,10.81,16.85,-32.2255,5.6429,14408300
2011-08-31,180,2010-12-15,2011-08-31,11.32,13.8953,14.0779,81.4664,80.4095,10.81,16.85,-32.819,4.7179,14787800
2011-09-01,180,2010-12-16,2011-09-01,11.06,13.8796,14.0661,79.6854,78.629,10.81,16.85,-34.362,2.3127,12294800
2011-09-02,180,2010-12-17,2011-09-02,10.84,13.8609,14.0519,78.2058,77.1423,10.81,16.85,-35.6677,0.2775,11990900
2011-09-06,180,2010-12-20,2011-09-06,10.67,13.8393,14.0356,77.0993,76.0209,10.67,16.85,-36.6766,0.0,16793000
2011-09-07,180,2010-12-21,2011-09-07,11.09,13.8216,14.0217,80.2367,79.0919,10.67,16.85,-34.184,3.9363,18919300
2011-09-08,180,2010-12-22,2011-09-08,10.85,13.8001,14.0047,78.6225,77.4742,10.67,16.85,-35.6083,1.687,17079600
2011-09-09,180,2010-12-23,2011-09-09,10.73,13.7771,13.9865,77.8827,76.7168,10.67,16.85,-36.3205,0.5623,18458800
2011-09-12,180,2010-12-27,2011-09-12,10.86,13.7554,13.9691,78.9509,77.7433,10.67,16.85,-35.549,1.7807,17445000
2011-09-13,180,2010-12-28,2011-09-13,11.02,13.7347,13.9521,80.2348,78.9848,10.67,16.85,-34.5994,3.2802,22218100
2011-09-14,180,2010-12-29,2011-09-14,11.25,13.7159,13.9362,82.0217,80.7249,10.67,16.85,-33.2344,5.4358,24538400
2011-09-15,180,2010-12-30,2011-09-15,11.67,13.7004,13.9226,85.1802,83.8205,10.67,16.85,-30.7418,9.3721,20687600
2011-09-16,180,2010-12-31,2011-09-16,11.57,13.6841,13.9084,84.551,83.1872,10.67,16.85,-31.3353,8.4349,17112700
2011-09-19,180,2011-01-03,2011-09-19,11.23,13.6655,13.8927,82.1778,80.8337,10.67,16.85,-33.3531,5.2484,13675400
2011-09-20,180,2011-01-04,2011-09-20,11.13,13.6461,13.8764,81.5618,80.2079,10.67,16.85,-33.9466,4.3112,13160600
2011-09-21,180,2011-01-05,2011-09-21,10.85,13.6248,13.8591,79.634,78.2878,10.67,16.85,-35.6083,1.687,17630200
2011-09-22,180,2011-01-06,2011-09-22,10.36,13.6003,13.8402,76.1749,74.8543,10.36,16.85,-38.5163,0.0,25528200
2011-09-23,180,2011-01-07,2011-09-23,10.59,13.5773,13.8219,77.9981,76.6176,10.36,16.85,-37.1513,2.2201,17181000
2011-09-26,180,2011-01-10,2011-09-26,10.38,13.552,13.802,76.5938,75.2065,10.36,16.85,-38.3976,0.1931,25063600
2011-09-27,180,2011-01-11,2011-09-27,10.79,13.5316,13.7854,79.7395,78.271,10.36,16.85,-35.9644,4.1506,25223100
2011-09-28,180,2011-01-12,2011-09-28,10.61,13.508,13.7662,78.5461,77.073,10.36,16.85,-37.0326,2.4131,19060600
2011-09-29,180,2011-01-13,2011-09-29,10.62,13.4837,13.7459,78.762,77.2592,10.36,16.85,-36.9733,2.5097,25321100
2011-09-30,180,2011-01-14,2011-09-30,10.36,13.4571,13.7244,76.9851,75.4861,10.36,16.85,-38.5163,0.0,18089800
2011-10-03,180,2011-01-18,2011-10-03,9.85,13.4208,13.694,73.3937,71.9293,9.85,16.85,-41.543,0.0,24505000
2011-10-04,180,2011-01-19,2011-10-04,10.27,13.3893,13.6666,76.7033,75.1466,9.85,16.85,-39.0504,4.264,23364700
2011-10-05,180,2011-01-20,2011-10-05,10.59,13.3607,13.6408,79.2626,77.6346,9.85,16.85,-37.1513,7.5127,16704500
2011-10-06,180,2011-01-21,2011-10-06,10.75,13.3343,13.6169,80.6191,78.9461,9.85,16.85,-36.2018,9.1371,18381800
2011-10-07,180,2011-01-24,2011-10-07,10.71,13.3079,13.593,80.4783,78.7906,9.85,16.85,-36.4392,8.731,16191300
2011-10-10,180,2011-01-25,2011-10-10,11.01,13.2826,13.5688,82.8902,81.1422,9.85,16.85,-34.6588,11.7766,13178400
2011-10-11,180,2011-01-26,2011-10-11,10.98,13.2572,13.5444,82.823,81.0668,9.85,16.85,-34.8368,11.4721,11952700
2011-10-12,180,2011-01-27,2011-10-12,11.3,13.234,13.5213,85.3862,83.572,9.85,16.85,-32.9377,14.7208,16696400
2011-10-13,180,2011-01-28,2011-10-13,11.58,13.2104,13.4962,87.658,85.8021,9.85,16.85,-31.276,17.5635,18025000
2011-10-14,180,2011-01-31,2011-10-14,11.6,13.1884,13.473,87.9563,86.0981,9.85,16.85,-31.1573,17.7665,13781000
2011-10-17,180,2011-02-01,2011-10-17,11.39,13.1652,13.4491,86.5162,84.6896,9.85,16.85,-32.4036,15.6345,16922600
2011-10-18,180,2011-02-02,2011-10-18,11.66,13.142,13.4238,88.7233,86.8608,9.85,16.85,-30.8012,18.3756,17781300
2011-10-19,180,2011-02-03,2011-10-19,11.48,13.1171,13.3967,87.5191,85.6926,9.85,16.85,-31.8694,16.5482,10954200
2011-10-20,180,2011-02-04,2011-10-20,11.33,13.092,13.37,86.5411,84.742,9.85,16.85,-32.7596,15.0254,12727000
2011-10-21,180,2011-02-07,2011-10-21,11.69,13.0684,13.3433,89.4526,87.6093,9.85,16.85,-30.6231,18.6802,15549100
2011-10-24,180,2011-02-08,2011-10-24,11.93,13.0468,13.3186,91.4403,89.5743,9.85,16.85,-29.1988,21.1168,11536500
2011-10-25,180,2011-02-09,2011-10-25,11.76,13.0249,13.2941,90.2885,88.4602,9.85,16.85,-30.2077,19.3909,11800100
2011-10-26,180,2011-02-10,2011-10-26,11.84,13.0047,13.2717,91.0438,89.2122,9.85,16.85,-29.7329,20.203,12536800
2011-10-27,180,2011-02-11,2011-10-27,12.54,12.9881,13.2518,96.5499,94.6284,9.85,16.85,-25.5786,27.3096,18205600
2011-10-28,180,2011-02-14,2011-10-28,12.62,12.9724,13.233,97.2834,95.3676,9.85,16.85,-25.1039,28.1218,12205200
2011-10-31,180,2011-02-15,2011-10-31,12.32,12.9543,13.2114,95.1039,93.2525,9.85,16.85,-26.8843,25.0761,13697300
2011-11-01,180,2011-02-16,2011-11-01,11.92,12.9339,13.1881,92.1609,90.3844,9.85,16.85,-29.2582,21.0152,16066500
2011-11-02,180,2011-02-17,2011-11-02,12.04,12.9136,13.1642,93.2351,91.4604,9.85,16.85,-28.546,22.2335,12590100
2011-11-03,180,2011-02-18,2011-11-03,12.36,12.8951,13.1416,95.8505,94.0524,9.85,16.85,-26.6469,25.4822,13353300
2011-11-04,180,2011-02-22,2011-11-04,12.42,12.8768,13.1191,96.4524,94.671,9.85,16.85,-26.2908,26.0914,9429700
2011-11-07,180,2011-02-23,2011-11-07,12.41,12.8614,13.1011,96.49,94.7252,9.85,16.85,-26.3501,25.9898,10733000
2011-11-08,180,2011-02-24,2011-11-08,12.64,12.8475,13.0844,98.3849,96.6037,9.85,16.85,-24.9852,28.3249,11854400
2011-11-09,180,2011-02-25,2011-11-09,12.14,12.8299,13.0639,94.6226,92.9279,9.85,16.85,-27.9525,23.2487,16894700
2011-11-10,180,2011-02-28,2011-11-10,12.25,12.812,13.0424,95.6133,93.9245,9.85,16.85,-27.2997,24.3655,11544200
2011-11-11,180,2011-03-01,2011-11-11,12.73,12.7959,13.0218,99.4849,97.7589,9.85,16.85,-24.451,29.2386,12230000
2011-11-14,180,2011-03-02,2011-11-14,12.54,12.7795,13.0015,98.1256,96.4504,9.85,16.85,-25.5786,27.3096,10406500
2011-11-15,180,2011-03-03,2011-11-15,12.64,12.763,12.9805,99.036,97.3768,9.85,16.85,-24.9852,28.3249,11726600
2011-11-16,180,2011-03-04,2011-11-16,12.47,12.7442,12.9562,97.8484,96.2476,9.85,16.73,-25.4632,26.599,16320500
2011-11-17,180,2011-03-07,2011-11-17,11.53,12.7199,12.9273,90.6452,89.1912,9.85,15.96,-27.7569,17.0558,28977700
2011-11-18,180,2011-03-08,2011-11-18,11.23,12.6962,12.901,88.4513,87.0475,9.85,15.92,-29.4598,14.0102,16189100
2011-11-21,180,2011-03-09,2011-11-21,10.89,12.6708,12.8738,85.9458,84.5906,9.85,15.92,-31.5955,10.5584,16919800
2011-11-22,180,2011-03-10,2011-11-22,10.57,12.6447,12.8475,83.592,82.2728,9.85,15.92,-33.6055,7.3096,19257000
2011-11-23,180,2011-03-11,2011-11-23,10.21,12.6172,12.8211,80.9214,79.6343,9.85,15.92,-35.8668,3.6548,18230900
2011-11-25,180,2011-03-14,2011-11-25,10.16,12.5892,12.7942,80.7044,79.4108,9.85,15.92,-36.1809,3.1472,8492400
2011-11-28,180,2011-03-15,2011-11-28,10.4,12.5634,12.7689,82.7801,81.448,9.85,15.92,-34.6734,5.5838,17515700
2011-11-29,180,2011-03-16,2011-11-29,10.25,12.5368,12.7432,81.759,80.4353,9.85,15.92,-35.6156,4.0609,17752500
2011-11-30,180,2011-03-17,2011-11-30,10.78,12.5163,12.7227,86.1279,84.7303,9.85,15.92,-32.2864,9.4416,24240100
2011-12-01,180,2011-03-18,2011-12-01,10.77,12.4942,12.7002,86.2001,84.802,9.85,15.92,-32.3492,9.3401,14450100
2011-12-02,180,2011-03-21,2011-12-02,10.83,12.4726,12.6779,86.8305,85.4243,9.85,15.92,-31.9724,9.9492,15135100
2011-12-05,180,2011-03-22,2011-12-05,10.99,12.4508,12.6544,88.2674,86.847,9.85,15.92,-30.9673,11.5736,13699700
2011-12-06,180,2011-03-23,2011-12-06,11.09,12.4302,12.6321,89.2184,87.7921,9.85,15.92,-30.3392,12.5888,11736600
2011-12-07,180,2011-03-24,2011-12-07,11.25,12.4105,12.6104,90.6489,89.2122,9.85,15.92,-29.3342,14.2132,16954300
2011-12-08,180,2011-03-25,2011-12-08,10.91,12.3876,12.5852,88.0723,86.689,9.85,15.92,-31.4698,10.7614,14242600
2011-12-09,180,2011-03-28,2011-12-09,11.2,12.3667,12.5617,90.5656,89.1597,9.85,15.92,-29.6482,13.7056,11978000
2011-12-12,180,2011-03-29,2011-12-12,10.52,12.3409,12.5342,85.2448,83.9302,9.85,15.92,-33.9196,6.802,21755000
2011-12-13,180,2011-03-30,2011-12-13,10.5,12.3143,12.5053,85.2667,83.9642,9.85,15.92,-34.0452,6.599,26733000
2011-12-14,180,2011-03-31,2011-12-14,10.33,12.2864,12.4753,84.0769,82.8034,9.85,15.92,-35.1131,4.8731,14920900
2011-12-15,180,2011-04-01,2011-12-15,10.19,12.2578,12.4452,83.1306,81.8792,9.85,15.92,-35.9925,3.4518,17333200
2011-12-16,180,2011-04-04,2011-12-16,10.33,12.2308,12.4163,84.4587,83.1972,9.85,15.92,-35.1131,4.8731,17622000
2011-12-19,180,2011-04-05,2011-12-19,10.13,12.2028,12.387,83.0136,81.7793,9.85,15.92,-36.3693,2.8426,11819000
2011-12-20,180,2011-04-06,2011-12-20,10.42,12.1767,12.3586,85.5729,84.3137,9.85,15.92,-34.5477,5.7868,28154100
2011-12-21,180,2011-04-07,2011-12-21,10.2,12.1484,12.3278,83.962,82.74,9.85,15.92,-35.9296,3.5533,23424500
2011-12-22,180,2011-04-08,2011-12-22,10.53,12.1234,12.3002,86.8565,85.6086,9.85,15.92,-33.8568,6.9036,20375300
2011-12-23,180,2011-04-11,2011-12-23,10.82,12.1013,12.2752,89.4115,88.145,9.85,15.92,-32.0352,9.8477,12538000
2011-12-27,180,2011-04-12,2011-12-27,10.83,12.0793,12.2502,89.6572,88.4066,9.85,15.92,-31.9724,9.9492,8893100
2011-12-28,180,2011-04-13,2011-12-28,10.62,12.057,12.2257,88.0817,86.866,9.85,15.92,-33.2915,7.8173,9531200
2011-12-29,180,2011-04-14,2011-12-29,10.68,12.0357,12.2024,88.7362,87.5238,9.85,15.92,-32.9146,8.4264,8106000
2011-12-30,180,2011-04-15,2011-12-30,10.71,12.015,12.1798,89.1384,87.9326,9.85,15.92,-32.7261,8.731,6529300
2012-01-03,180,2011-04-18,2012-01-03,10.7,11.9946,12.1574,89.2069,88.0119,9.85,15.92,-32.7889,8.6294,10935600
2012-01-04,180,2011-04-19,2012-01-04,10.76,11.9755,12.1368,89.8499,88.6562,9.85,15.92,-32.4121,9.2386,10571600
2012-01-05,180,2011-04-20,2012-01-05,10.83,11.9565,12.1158,90.5781,89.3876,9.85,15.92,-31.9724,9.9492,13992700
2012-01-06,180,2011-04-21,2012-01-06,11.01,11.9364,12.0921,92.2388,91.0515,9.85,15.92,-30.8417,11.7766,16178200
2012-01-09,180,2011-04-25,2012-01-09,11.34,11.9185,12.0703,95.1459,93.9494,9.85,15.92,-28.7688,15.1269,22287700
2012-01-10,180,2011-04-26,2012-01-10,11.6,11.9021,12.0498,97.4617,96.2673,9.85,15.92,-27.1357,17.7665,25222500
2012-01-11,180,2011-04-27,2012-01-11,11.71,11.8853,12.0281,98.5248,97.3553,9.85,15.92,-26.4447,18.8832,14683200
2012-01-12,180,2011-04-28,2012-01-12,11.8,11.8682,12.0052,99.4258,98.2906,9.85,15.69,-24.7929,19.797,12567800
2012-01-13,180,2011-04-29,2012-01-13,11.5,11.85,11.9819,97.0463,95.9777,9.85,15.69,-26.7049,16.7513,14415800
2012-01-17,180,2011-05-02,2012-01-17,11.78,11.8335,11.9602,99.5477,98.4932,9.85,15.24,-22.7034,19.5939,23935200
2012-01-18,180,2011-05-03,2012-01-18,12.12,11.8207,11.9434,102.532,101.4787,9.85,15.24,-20.4724,23.0457,20271300
2012-01-19,180,2011-05-04,2012-01-19,12.31,11.8086,11.9271,104.2461,103.2102,9.85,15.23,-19.1727,24.9746,15466900
2012-01-20,180,2011-05-05,2012-01-20,12.47,11.7978,11.9126,105.6975,104.6795,9.85,15.23,-18.1221,26.599,19713500
2012-01-23,180,2011-05-06,2012-01-23,12.22,11.7862,11.8973,103.6802,102.7121,9.85,15.23,-19.7636,24.0609,18802500
2012-01-24,180,2011-05-09,2012-01-24,12.31,11.7742,11.8811,104.5504,103.6098,9.85,15.09,-18.4228,24.9746,8317700
2012-01-25,180,2011-05-10,2012-01-25,12.36,11.7631,11.8662,105.074,104.1612,9.85,15.09,-18.0915,25.4822,10739400
2012-01-26,180,2011-05-11,2012-01-26,12.4,11.7522,11.8514,105.5122,104.6286,9.85,15.09,-17.8264,25.8883,14769800
2012-01-27,180,2011-05-12,2012-01-27,12.23,11.7409,11.8365,104.1658,103.3245,9.85,15.09,-18.9529,24.1624,18987000
2012-01-30,180,2011-05-13,2012-01-30,12.06,11.7282,11.8197,102.8294,102.0333,9.85,14.8,-18.5135,22.4365,15915900
2012-01-31,180,2011-05-16,2012-01-31,12.28,11.7176,11.8057,104.7999,104.0178,9.85,14.52,-15.427,24.6701,15032300
2012-02-01,180,2011-05-17,2012-02-01,12.57,11.7094,11.7948,107.3494,106.5721,9.85,14.5,-13.3103,27.6142,14686300
2012-02-02,180,2011-05-18,2012-02-02,12.64,11.7024,11.7856,108.012,107.2499,9.85,14.5,-12.8276,28.3249,11213100
2012-02-03,180,2011-05-19,2012-02-03,12.79,11.6954,11.7761,109.3593,108.6102,9.85,14.33,-10.7467,29.8477,11047500
2012-02-06,180,2011-05-20,2012-02-06,12.61,11.6882,11.7665,107.8869,107.1687,9.85,14.09,-10.5039,28.0203,14348600
2012-02-07,180,2011-05-23,2012-02-07,12.74,11.6825,11.759,109.0524,108.3425,9.85,13.86,-8.0808,29.3401,8784200
2012-02-08,180,2011-05-24,2012-02-08,13.0,11.6791,11.7546,111.3098,110.5949,9.85,13.86,-6.2049,31.9797,17888500
2012-02-09,180,2011-05-25,2012-02-09,13.11,11.6766,11.7513,112.276,111.5623,9.85,13.86,-5.4113,33.0964,11423100
2012-02-10,180,2011-05-26,2012-02-10,12.95,11.6727,11.7462,110.9422,110.2482,9.85,13.78,-6.0232,31.4721,10442200
2012-02-13,180,2011-05-27,2012-02-13,12.93,11.6697,11.7423,110.7998,110.1149,9.85,13.78,-6.1684,31.269,9921500
2012-02-14,180,2011-05-31,2012-02-14,12.87,11.6673,11.7392,110.3088,109.633,9.85,13.78,-6.6038,30.6599,14889400
2012-02-15,180,2011-06-01,2012-02-15,12.9,11.6635,11.7343,110.6014,109.9343,9.85,13.44,-4.0179,30.9645,11299100
2012-02-16,180,2011-06-02,2012-02-16,13.21,11.6641,11.735,113.2537,112.5692,9.85,13.44,-1.7113,34.1117,14152400
2012-02-17,180,2011-06-03,2012-02-17,12.99,11.6634,11.7341,111.3743,110.7029,9.85,13.44,-3.3482,31.8782,33947400
2012-02-21,180,2011-06-06,2012-02-21,12.71,11.6622,11.7327,108.9844,108.3295,9.85,13.44,-5.4315,29.0355,21443600
2012-02-22,180,2011-06-07,2012-02-22,12.9,11.6623,11.7328,110.6131,109.9484,9.85,13.44,-4.0179,30.9645,22623800
2012-02-23,180,2011-06-08,2012-02-23,12.74,11.6609,11.7312,109.2536,108.5996,9.85,13.44,-5.2083,29.3401,17934100
2012-02-24,180,2011-06-09,2012-02-24,12.63,11.6605,11.7306,108.3146,107.667,9.85,13.44,-6.0268,28.2234,10255800
2012-02-27,180,2011-06-10,2012-02-27,12.53,11.6593,11.7292,107.4679,106.8272,9.85,13.44,-6.7708,27.2081,15746300
2012-02-28,180,2011-06-13,2012-02-28,12.56,11.6592,11.7291,107.7261,107.084,9.85,13.44,-6.5476,27.5127,15675900
2012-02-29,180,2011-06-14,2012-02-29,12.25,11.6581,11.7278,105.0775,104.4524,9.85,13.44,-8.8542,24.3655,22131000
2012-03-01,180,2011-06-15,2012-03-01,12.24,11.6558,11.7253,105.0118,104.3899,9.85,13.44,-8.9286,24.264,15312000
2012-03-02,180,2011-06-16,2012-03-02,12.22,11.6541,11.7233,104.8557,104.2366,9.85,13.44,-9.0774,24.0609,21939400
2012-03-05,180,2011-06-17,2012-03-05,12.03,11.6519,11.7209,103.245,102.6373,9.85,13.44,-10.4911,22.132,18739500
2012-03-06,180,2011-06-20,2012-03-06,12.01,11.6499,11.7187,103.0912,102.4861,9.85,13.44,-10.6399,21.9289,19251600
2012-03-07,180,2011-06-21,2012-03-07,12.1,11.6483,11.7169,103.8781,103.2697,9.85,13.44,-9.9702,22.8426,14878600
2012-03-08,180,2011-06-22,2012-03-08,12.19,11.6459,11.7142,104.6722,104.062,9.85,13.44,-9.3006,23.7563,15581100
2012-03-09,180,2011-06-23,2012-03-09,12.37,11.6449,11.713,106.2271,105.6092,9.85,13.44,-7.9613,25.5838,10748200
2012-03-12,180,2011-06-24,2012-03-12,12.38,11.6431,11.7109,106.3295,105.7136,9.85,13.44,-7.8869,25.6853,10280600
2012-03-13,180,2011-06-27,2012-03-13,12.5,11.6435,11.7114,107.3557,106.7332,9.85,13.44,-6.994,26.9036,14960600
2012-03-14,180,2011-06-28,2012-03-14,12.54,11.643,11.7108,107.7045,107.0808,9.85,13.44,-6.6964,27.3096,13491900
2012-03-15,180,2011-06-29,2012-03-15,12.79,11.6433,11.7112,109.8482,109.2115,9.85,13.44,-4.8363,29.8477,11979400
2012-03-16,180,2011-06-30,2012-03-16,12.82,11.644,11.7121,110.0993,109.4599,9.85,13.44,-4.6131,30.1523,16898800
2012-03-19,180,2011-07-01,2012-03-19,12.83,11.6432,11.7111,110.1928,109.5546,9.85,13.44,-4.5387,30.2538,9365900
2012-03-20,180,2011-07-05,2012-03-20,12.71,11.6406,11.7078,109.1864,108.5598,9.85,13.44,-5.4315,29.0355,12306700
2012-03-21,180,2011-07-06,2012-03-21,12.72,11.639,11.7058,109.2881,108.6643,9.85,13.44,-5.3571,29.1371,9747200
2012-03-22,180,2011-07-07,2012-03-22,12.65,11.6372,11.7036,108.7032,108.0863,9.85,13.44,-5.878,28.4264,14910200
2012-03-23,180,2011-07-08,2012-03-23,12.69,11.6339,11.6994,109.078,108.4667,9.85,13.21,-3.9364,28.8325,11338500
2012-03-26,180,2011-07-11,2012-03-26,12.96,11.6333,11.6987,111.4047,110.7819,9.85,13.21,-1.8925,31.5736,12781600
2012-03-27,180,2011-07-12,2012-03-27,12.82,11.6325,11.6978,110.2081,109.5935,9.85,13.21,-2.9523,30.1523,13512700
2012-03-28,180,2011-07-13,2012-03-28,12.46,11.6317,11.6968,107.1213,106.5251,9.85,13.21,-5.6775,26.4975,22290600
2012-03-29,180,2011-07-14,2012-03-29,12.48,11.6319,11.697,107.2914,106.694,9.85,13.21,-5.5261,26.7005,12771100
2012-03-30,180,2011-07-15,2012-03-30,12.45,11.6328,11.698,107.0254,106.4284,9.85,13.21,-5.7532,26.3959,11287800
2012-04-02,180,2011-07-18,2012-04-02,12.5,11.633,11.6983,107.4529,106.8533,9.85,13.21,-5.3747,26.9036,12480900
2012-04-03,180,2011-07-19,2012-04-03,12.24,11.6327,11.6979,105.2206,104.6338,9.85,13.21,-7.3429,24.264,15238900
2012-04-04,180,2011-07-20,2012-04-04,12.06,11.6297,11.6946,103.6996,103.1244,9.85,13.21,-8.7055,22.4365,15856500
2012-04-05,180,2011-07-21,2012-04-05,12.03,11.6265,11.6909,103.4705,102.9002,9.85,13.21,-8.9326,22.132,11857900
2012-04-09,180,2011-07-22,2012-04-09,11.86,11.6213,11.685,102.0543,101.4976,9.85,13.21,-10.2195,20.4061,13325200
2012-04-10,180,2011-07-25,2012-04-10,11.75,11.6145,11.6772,101.1669,100.6232,9.85,13.21,-11.0522,19.2893,13862800
2012-04-11,180,2011-07-26,2012-04-11,11.92,11.6088,11.6707,102.6807,102.1364,9.85,13.21,-9.7653,21.0152,10200400
2012-04-12,180,2011-07-27,2012-04-12,12.07,11.6039,11.6649,104.0165,103.4724,9.85,13.21,-8.6298,22.5381,8476700
2012-04-13,180,2011-07-28,2012-04-13,11.8,11.5997,11.6603,101.7266,101.1983,9.85,13.21,-10.6737,19.797,9016900
2012-04-16,180,2011-07-29,2012-04-16,11.86,11.5966,11.6568,102.2715,101.7429,9.85,13.21,-10.2195,20.4061,9891600
2012-04-17,180,2011-08-01,2012-04-17,12.03,11.5951,11.6552,103.7505,103.2155,9.85,13.21,-8.9326,22.132,10386800
2012-04-18,180,2011-08-02,2012-04-18,11.85,11.5927,11.6526,102.2197,101.6944,9.85,13.21,-10.2952,20.3046,11011300
2012-04-19,180,2011-08-03,2012-04-19,11.87,11.5916,11.6514,102.4019,101.8763,9.85,13.21,-10.1438,20.5076,9807600
2012-04-20,180,2011-08-04,2012-04-20,11.77,11.5893,11.6489,101.5592,101.0392,9.85,13.21,-10.9008,19.4924,10119900
2012-04-23,180,2011-08-05,2012-04-23,11.58,11.5899,11.6495,99.915,99.4034,9.85,13.21,-12.3391,17.5635,12516400
2012-04-24,180,2011-08-08,2012-04-24,11.49,11.5901,11.6498,99.136,98.6285,9.85,13.21,-13.0204,16.6497,10858100
2012-04-25,180,2011-08-09,2012-04-25,11.64,11.5933,11.6528,100.4026,99.8899,9.85,13.21,-11.8849,18.1726,8851600
2012-04-26,180,2011-08-10,2012-04-26,11.94,11.5961,11.6556,102.9661,102.4399,9.85,13.21,-9.6139,21.2183,11964000
2012-04-27,180,2011-08-11,2012-04-27,12.03,11.6004,11.6599,103.7037,103.1737,9.85,13.21,-8.9326,22.132,10774600
2012-04-30,180,2011-08-12,2012-04-30,11.99,11.6018,11.6614,103.346,102.8175,9.85,13.21,-9.2354,21.7259,8445900
2012-05-01,180,2011-08-15,2012-05-01,11.86,11.6032,11.6629,102.2131,101.6901,9.85,13.21,-10.2195,20.4061,10757600
2012-05-02,180,2011-08-16,2012-05-02,11.81,11.6029,11.6626,101.785,101.2643,9.85,13.21,-10.598,19.8985,10064100
2012-05-03,180,2011-08-17,2012-05-03,11.53,11.6021,11.6617,99.3789,98.8705,9.85,13.21,-12.7176,17.0558,11657600
2012-05-04,180,2011-08-18,2012-05-04,11.28,11.6001,11.6598,97.2404,96.7424,9.85,13.21,-14.6101,14.5178,13761300
2012-05-07,180,2011-08-19,2012-05-07,11.19,11.6013,11.6609,96.4544,95.9614,9.85,13.21,-15.2914,13.6041,12523100
2012-05-08,180,2011-08-22,2012-05-08,11.16,11.6034,11.6628,96.1784,95.6886,9.85,13.21,-15.5185,13.2995,13724200
2012-05-09,180,2011-08-23,2012-05-09,11.08,11.6048,11.6641,95.4777,94.9927,9.85,13.21,-16.1241,12.4873,12048100
2012-05-10,180,2011-08-24,2012-05-10,11.06,11.6026,11.6619,95.3238,94.8384,9.85,13.21,-16.2755,12.2843,16032300
2012-05-11,180,2011-08-25,2012-05-11,10.98,11.6003,11.6598,94.6529,94.1694,9.85,13.21,-16.8812,11.4721,15742100
2012-05-14,180,2011-08-26,2012-05-14,10.95,11.6012,11.6606,94.387,93.9059,9.85,13.21,-17.1083,11.1675,8960900
2012-05-15,180,2011-08-29,2012-05-15,10.81,11.5996,11.6592,93.1928,92.7163,9.85,13.21,-18.1681,9.7462,12692300
2012-05-16,180,2011-08-30,2012-05-16,10.66,11.5951,11.6552,91.9353,91.4616,9.85,13.21,-19.3036,8.2234,12209000
2012-05-17,180,2011-08-31,2012-05-17,10.48,11.5892,11.6499,90.4286,89.9575,9.85,13.21,-20.6662,6.3959,14533300
2012-05-18,180,2011-09-01,2012-05-18,10.36,11.5831,11.6446,89.4403,88.9682,9.85,13.21,-21.5746,5.1777,16363200
2012-05-21,180,2011-09-02,2012-05-21,10.66,11.5806,11.6424,92.0504,91.562,9.85,13.21,-19.3036,8.2234,17115800
2012-05-22,180,2011-09-06,2012-05-22,10.54,11.5787,11.6407,91.0295,90.5442,9.85,13.21,-20.212,7.0051,14803000
2012-05-23,180,2011-09-07,2012-05-23,10.67,11.5787,11.6407,92.1523,91.661,9.85,13.21,-19.2279,8.3249,16400000
2012-05-24,180,2011-09-08,2012-05-24,10.38,11.5741,11.6368,89.6832,89.2,9.85,13.21,-21.4232,5.3807,20934100
2012-05-25,180,2011-09-09,2012-05-25,10.54,11.5721,11.6351,91.0815,90.5883,9.85,13.21,-20.212,7.0051,10078200
2012-05-29,180,2011-09-12,2012-05-29,10.71,11.5719,11.6349,92.5516,92.0503,9.85,13.21,-18.9251,8.731,13307500
2012-05-30,180,2011-09-13,2012-05-30,10.46,11.5693,11.6327,90.4117,89.9188,9.85,13.21,-20.8176,6.1929,19425900
2012-05-31,180,2011-09-14,2012-05-31,10.33,11.5648,11.6289,89.3228,88.8305,9.85,13.21,-21.8017,4.8731,21572400
2012-06-01,180,2011-09-15,2012-06-01,10.01,11.5566,11.622,86.617,86.1298,9.85,13.21,-24.2241,1.6244,28393400
2012-06-04,180,2011-09-16,2012-06-04,10.1,11.5467,11.6133,87.4705,86.9694,9.85,13.21,-23.5428,2.5381,14961500
2012-06-05,180,2011-09-19,2012-06-05,10.29,11.5388,11.6062,89.1775,88.6598,9.85,13.21,-22.1045,4.467,16388200
2012-06-06,180,2011-09-20,2012-06-06,10.65,11.5352,11.6029,92.3261,91.787,9.85,13.21,-19.3793,8.1218,16207700
2012-06-07,180,2011-09-21,2012-06-07,10.61,11.5319,11.6001,92.0053,91.4651,9.85,13.21,-19.6821,7.7157,17349300
2012-06-08,180,2011-09-22,2012-06-08,10.76,11.5314,11.5996,93.3106,92.7622,9.85,13.21,-18.5466,9.2386,11764600
2012-06-11,180,2011-09-23,2012-06-11,10.59,11.5329,11.6008,91.824,91.2865,9.85,13.21,-19.8335,7.5127,11645800
2012-06-12,180,2011-09-26,2012-06-12,10.83,11.5345,11.6022,93.8924,93.3446,9.85,13.21,-18.0167,9.9492,13340100
2012-06-13,180,2011-09-27,2012-06-13,10.76,11.537,11.6043,93.2652,92.7244,9.85,13.21,-18.5466,9.2386,12389100
2012-06-14,180,2011-09-28,2012-06-14,10.78,11.5369,11.6042,93.4391,92.8972,9.85,13.21,-18.3952,9.4416,13373400
2012-06-15,180,2011-09-29,2012-06-15,10.99,11.5393,11.6063,95.2394,94.6897,9.85,13.21,-16.8055,11.5736,18900800
2012-06-18,180,2011-09-30,2012-06-18,11.0,11.5417,11.6084,95.3062,94.7586,9.85,13.21,-16.7298,11.6751,11441900
2012-06-19,180,2011-10-03,2012-06-19,11.18,11.547,11.613,96.8218,96.2714,9.85,13.21,-15.3671,13.5025,11712400
2012-06-20,180,2011-10-04,2012-06-20,11.55,11.5581,11.6224,99.9302,99.3767,10.01,13.21,-12.5662,15.3846,23143600
2012-06-21,180,2011-10-05,2012-06-21,11.17,11.5639,11.6274,96.5938,96.0658,10.01,13.21,-15.4428,11.5884,18374000
2012-06-22,180,2011-10-06,2012-06-22,11.24,11.5679,11.6311,97.165,96.6378,10.01,13.21,-14.9129,12.2877,23737900
2012-06-25,180,2011-10-07,2012-06-25,10.94,11.5691,11.6321,94.5618,94.05,10.01,13.21,-17.184,9.2907,13901500
2012-06-26,180,2011-10-10,2012-06-26,10.99,11.5709,11.6337,94.9795,94.4672,10.01,13.21,-16.8055,9.7902,11751600
2012-06-27,180,2011-10-11,2012-06-27,11.13,11.5716,11.6343,96.1834,95.6651,10.01,13.21,-15.7456,11.1888,8149000
2012-06-28,180,2011-10-12,2012-06-28,11.09,11.5723,11.6349,95.8321,95.3163,10.01,13.21,-16.0484,10.7892,10423200
2012-06-29,180,2011-10-13,2012-06-29,11.45,11.5732,11.6358,98.9356,98.4034,10.01,13.21,-13.3232,14.3856,11453600
2012-07-02,180,2011-10-14,2012-07-02,11.28,11.5715,11.6341,97.4811,96.9563,10.01,13.21,-14.6101,12.6873,8925400
2012-07-03,180,2011-10-17,2012-07-03,11.47,11.5707,11.6334,99.1293,98.5955,10.01,13.21,-13.1718,14.5854,4511800
2012-07-05,180,2011-10-18,2012-07-05,11.32,11.5703,11.633,97.8363,97.3094,10.01,13.21,-14.3073,13.0869,11933600
2012-07-06,180,2011-10-19,2012-07-06,11.04,11.5668,11.6296,95.4459,94.9305,10.01,13.21,-16.4269,10.2897,12733200
2012-07-09,180,2011-10-20,2012-07-09,11.01,11.564,11.6269,95.2093,94.6938,10.01,13.21,-16.654,9.99,9766200
2012-07-10,180,2011-10-21,2012-07-10,10.71,11.5602,11.6235,92.6454,92.1409,10.01,13.21,-18.9251,6.993,23012000
2012-07-11,180,2011-10-24,2012-07-11,10.57,11.5535,11.6173,91.4876,90.9852,10.01,13.21,-19.9849,5.5944,10875300
2012-07-12,180,2011-10-25,2012-07-12,10.37,11.5441,11.6086,89.8292,89.3302,10.01,13.21,-21.4989,3.5964,14315400
2012-07-13,180,2011-10-26,2012-07-13,10.48,11.5364,11.6015,90.8425,90.3331,10.01,13.21,-20.6662,4.6953,10460600
2012-07-16,180,2011-10-27,2012-07-16,10.38,11.5277,11.5934,90.0442,89.5338,10.01,13.21,-21.4232,3.6963,7929100
2012-07-17,180,2011-10-28,2012-07-17,10.39,11.5155,11.5814,90.2262,89.7125,10.01,13.21,-21.3475,3.7962,10582700
2012-07-18,180,2011-10-31,2012-07-18,10.68,11.5049,11.5707,92.8299,92.3024,10.01,13.21,-19.1522,6.6933,11226900
2012-07-19,180,2011-11-01,2012-07-19,10.7,11.4959,11.5617,93.0768,92.5472,10.01,13.21,-19.0008,6.8931,12960400
2012-07-20,180,2011-11-02,2012-07-20,10.51,11.4876,11.5538,91.4898,90.9655,10.01,13.21,-20.4391,4.995,11763300
2012-07-23,180,2011-11-03,2012-07-23,10.49,11.4786,11.5452,91.3872,90.8601,10.01,13.21,-20.5905,4.7952,10927400
2012-07-24,180,2011-11-04,2012-07-24,10.38,11.4673,11.5342,90.5179,89.9931,10.01,13.21,-21.4232,3.6963,10328000
2012-07-25,180,2011-11-07,2012-07-25,10.47,11.4564,11.5234,91.39,90.8587,10.01,13.21,-20.7419,4.5954,15145300
2012-07-26,180,2011-11-08,2012-07-26,10.64,11.4466,11.5136,92.9531,92.4128,10.01,13.21,-19.455,6.2937,11533600
2012-07-27,180,2011-11-09,2012-07-27,10.9,11.4374,11.5039,95.301,94.7506,10.01,13.21,-17.4868,8.8911,10893100
2012-07-30,180,2011-11-10,2012-07-30,10.82,11.4302,11.4966,94.6619,94.1151,10.01,13.21,-18.0924,8.0919,12880700
2012-07-31,180,2011-11-11,2012-07-31,10.89,11.4228,11.489,95.336,94.7863,10.01,13.21,-17.5625,8.7912,9428900
2012-08-01,180,2011-11-14,2012-08-01,10.92,11.4133,11.4789,95.6776,95.1307,10.01,13.21,-17.3354,9.0909,10289000
2012-08-02,180,2011-11-15,2012-08-02,10.92,11.4048,11.4699,95.7494,95.2053,10.01,13.21,-17.3354,9.0909,11871300
2012-08-03,180,2011-11-16,2012-08-03,11.22,11.3975,11.4621,98.4423,97.8882,10.01,13.21,-15.0643,12.0879,8498200
2012-08-06,180,2011-11-17,2012-08-06,11.28,11.3914,11.4554,99.0217,98.4685,10.01,13.21,-14.6101,12.6873,11821100
2012-08-07,180,2011-11-18,2012-08-07,11.87,11.3932,11.4573,104.1847,103.6018,10.01,13.21,-10.1438,18.5814,20459500
2012-08-08,180,2011-11-21,2012-08-08,11.92,11.3969,11.4612,104.5894,104.0034,10.01,13.21,-9.7653,19.0809,8952800
2012-08-09,180,2011-11-22,2012-08-09,11.89,11.4025,11.4667,104.2752,103.6914,10.01,13.21,-9.9924,18.7812,11797900
2012-08-10,180,2011-11-23,2012-08-10,11.95,11.4104,11.4744,104.7288,104.145,10.01,13.21,-9.5382,19.3806,7784100
2012-08-13,180,2011-11-25,2012-08-13,11.81,11.42,11.4833,103.4148,102.8452,10.01,13.21,-10.598,17.982,8571800
2012-08-14,180,2011-11-28,2012-08-14,11.71,11.4295,11.4919,102.4544,101.898,10.01,13.21,-11.355,16.983,9029500
2012-08-15,180,2011-11-29,2012-08-15,11.8,11.4378,11.4997,103.1671,102.6117,10.01,13.21,-10.6737,17.8821,9283700
2012-08-16,180,2011-11-30,2012-08-16,11.98,11.448,11.5093,104.647,104.0899,10.01,13.21,-9.3111,19.6803,25910800
2012-08-17,180,2011-12-01,2012-08-17,12.0,11.4549,11.5161,104.7589,104.2023,10.01,13.21,-9.1597,19.8801,11957400
2012-08-20,180,2011-12-02,2012-08-20,11.97,11.4617,11.5227,104.4351,103.8817,10.01,13.21,-9.3868,19.5804,11226300
2012-08-21,180,2011-12-05,2012-08-21,11.78,11.4671,11.528,102.7286,102.186,10.01,13.21,-10.8251,17.6823,12443400
2012-08-22,180,2011-12-06,2012-08-22,11.78,11.4716,11.5324,102.6887,102.1471,10.01,13.21,-10.8251,17.6823,13170500
2012-08-23,180,2011-12-07,2012-08-23,11.8,11.4755,11.5363,102.8275,102.2855,10.01,13.21,-10.6737,17.8821,10745700
2012-08-24,180,2011-12-08,2012-08-24,11.77,11.4784,11.5392,102.5404,101.9999,10.01,13.21,-10.9008,17.5824,10976200
2012-08-27,180,2011-12-09,2012-08-27,11.62,11.4825,11.5432,101.1974,100.6656,10.01,13.21,-12.0363,16.0839,12800000
2012-08-28,180,2011-12-12,2012-08-28,11.63,11.4849,11.5456,101.2632,100.7314,10.01,13.21,-11.9606,16.1838,12072100
2012-08-29,180,2011-12-13,2012-08-29,11.7,11.492,11.5521,101.8104,101.2802,10.01,13.21,-11.4307,16.8831,9637800
2012-08-30,180,2011-12-14,2012-08-30,11.47,11.4979,11.5575,99.7576,99.2429,10.01,13.21,-13.1718,14.5854,9928500
2012-08-31,180,2011-12-15,2012-08-31,11.69,11.5061,11.5651,101.5979,101.0804,10.01,13.21,-11.5064,16.7832,10945800
2012-09-04,180,2011-12-16,2012-09-04,11.74,11.5157,11.5737,101.9479,101.4372,10.01,13.21,-11.1279,17.2827,17396300
2012-09-05,180,2011-12-19,2012-09-05,11.72,11.5241,11.5814,101.6995,101.1968,10.01,13.21,-11.2793,17.0829,12779000
2012-09-06,180,2011-12-20,2012-09-06,11.91,11.535,11.5913,103.2506,102.7497,10.01,13.21,-9.841,18.981,19311500
2012-09-07,180,2011-12-21,2012-09-07,11.86,11.5437,11.5993,102.7404,102.2477,10.01,13.21,-10.2195,18.4815,16147200
2012-09-10,180,2011-12-22,2012-09-10,11.69,11.5529,11.6076,101.1865,100.7103,10.01,13.21,-11.5064,16.7832,13561700
2012-09-11,180,2011-12-23,2012-09-11,11.65,11.5597,11.6138,100.7812,100.3119,10.01,13.21,-11.8092,16.3836,12645100
2012-09-12,180,2011-12-27,2012-09-12,11.6,11.5643,11.6181,100.3086,99.8441,10.01,13.21,-12.1877,15.8841,11643000
2012-09-13,180,2011-12-28,2012-09-13,11.85,11.5702,11.6238,102.4181,101.9462,10.01,13.21,-10.2952,18.3816,14894900
2012-09-14,180,2011-12-29,2012-09-14,12.05,11.5785,11.6317,104.0719,103.596,10.01,13.21,-8.7812,20.3796,23667800
2012-09-17,180,2011-12-30,2012-09-17,11.94,11.5859,11.6387,103.0563,102.5886,10.01,13.21,-9.6139,19.2807,10783000
2012-09-18,180,2012-01-03,2012-09-18,11.71,11.5918,11.6443,101.0193,100.5644,10.01,13.21,-11.355,16.983,14625500
2012-09-19,180,2012-01-04,2012-09-19,11.5,11.5967,11.6487,99.1661,98.7233,10.01,13.21,-12.9447,14.8851,17402700
2012-09-20,180,2012-01-05,2012-09-20,11.44,11.6008,11.6525,98.6136,98.1764,10.01,13.21,-13.3989,14.2857,10002200
2012-09-21,180,2012-01-06,2012-09-21,11.45,11.6046,11.6559,98.668,98.2331,10.01,13.21,-13.3232,14.3856,17086100
2012-09-24,180,2012-01-09,2012-09-24,11.36,11.6067,11.6579,97.8748,97.4447,10.01,13.21,-14.0045,13.4865,8301500
2012-09-25,180,2012-01-10,2012-09-25,11.15,11.6055,11.6568,96.0748,95.652,10.01,13.21,-15.5942,11.3886,11539400
2012-09-26,180,2012-01-11,2012-09-26,11.14,11.6029,11.6543,96.0107,95.5872,10.01,13.21,-15.6699,11.2887,10778700
2012-09-27,180,2012-01-12,2012-09-27,11.29,11.6005,11.6519,97.3234,96.8937,10.01,13.21,-14.5344,12.7872,10122900
2012-09-28,180,2012-01-13,2012-09-28,11.17,11.5969,11.6484,96.3186,95.8926,10.01,13.21,-15.4428,11.5884,13132400
2012-10-01,180,2012-01-17,2012-10-01,11.13,11.5948,11.6464,95.9916,95.5661,10.01,13.21,-15.7456,11.1888,10458700
2012-10-02,180,2012-01-18,2012-10-02,11.17,11.5913,11.643,96.3653,95.9375,10.01,13.21,-15.4428,11.5884,11260500
2012-10-03,180,2012-01-19,2012-10-03,11.16,11.586,11.6377,96.323,95.8955,10.01,13.21,-15.5185,11.4885,10492000
2012-10-04,180,2012-01-20,2012-10-04,11.1,11.5794,11.6309,95.8598,95.4351,10.01,13.21,-15.9727,10.8891,17241000
2012-10-05,180,2012-01-23,2012-10-05,11.13,11.5722,11.6235,96.1786,95.7543,10.01,13.21,-15.7456,11.1888,9167300
2012-10-08,180,2012-01-24,2012-10-08,11.01,11.5655,11.6168,95.1966,94.7767,10.01,13.21,-16.654,9.99,9569500
2012-10-09,180,2012-01-25,2012-10-09,10.9,11.5577,11.6089,94.3091,93.8931,10.01,13.21,-17.4868,8.8911,11723900
2012-10-10,180,2012-01-26,2012-10-10,10.9,11.5497,11.6008,94.3748,93.9588,10.01,13.21,-17.4868,8.8911,12980000
2012-10-11,180,2012-01-27,2012-10-11,10.95,11.5418,11.5928,94.8726,94.4554,10.01,13.21,-17.1083,9.3906,8278600
2012-10-12,180,2012-01-30,2012-10-12,10.9,11.5344,11.5854,94.4998,94.084,10.01,13.21,-17.4868,8.8911,10173300
2012-10-15,180,2012-01-31,2012-10-15,10.96,11.5283,11.5793,95.0707,94.6518,10.01,13.21,-17.0326,9.4905,12561700
2012-10-16,180,2012-02-01,2012-10-16,11.2,11.5225,11.5733,97.2014,96.7747,10.01,13.21,-15.2157,11.8881,13193100
2012-10-17,180,2012-02-02,2012-10-17,11.16,11.5151,11.5654,96.9166,96.4943,10.01,13.21,-15.5185,11.4885,14302500
2012-10-18,180,2012-02-03,2012-10-18,11.19,11.5075,11.5574,97.2408,96.8212,10.01,13.21,-15.2914,11.7882,13693700
2012-10-19,180,2012-02-06,2012-10-19,10.84,11.4972,11.5466,94.284,93.8808,10.01,13.21,-17.941,8.2917,17085000
2012-10-22,180,2012-02-07,2012-10-22,10.86,11.4878,11.5368,94.5351,94.1333,10.01,13.21,-17.7896,8.4915,12093800
2012-10-23,180,2012-02-08,2012-10-23,10.8,11.4775,11.5261,94.0974,93.7007,10.01,13.21,-18.2438,7.8921,12121300
2012-10-24,180,2012-02-09,2012-10-24,10.69,11.4653,11.5132,93.2377,92.8498,10.01,13.21,-19.0765,6.7932,11885900
2012-10-25,180,2012-02-10,2012-10-25,10.68,11.4527,11.4997,93.2535,92.8718,10.01,13.21,-19.1522,6.6933,16366900
2012-10-26,180,2012-02-13,2012-10-26,10.65,11.4405,11.4869,93.0902,92.714,10.01,13.21,-19.3793,6.3936,15165300
2012-10-31,180,2012-02-14,2012-10-31,10.6,11.4282,11.474,92.7533,92.3828,10.01,13.21,-19.7578,5.8941,12630000
2012-11-01,180,2012-02-15,2012-11-01,10.95,11.4183,11.4633,95.8987,95.522,10.01,13.21,-17.1083,9.3906,21400100
2012-11-02,180,2012-02-16,2012-11-02,10.81,11.4074,11.4517,94.7627,94.3963,10.01,13.21,-18.1681,7.992,13419900
2012-11-05,180,2012-02-17,2012-11-05,11.09,11.397,11.4399,97.3063,96.941,10.01,12.99,-14.6266,10.7892,11931800
2012-11-06,180,2012-02-21,2012-11-06,11.46,11.3896,11.4314,100.6183,100.2498,10.01,12.96,-11.5741,14.4855,17001000
2012-11-07,180,2012-02-22,2012-11-07,10.95,11.3805,11.4217,96.2174,95.8704,10.01,12.96,-15.5093,9.3906,17878700
2012-11-08,180,2012-02-23,2012-11-08,10.5,11.3677,11.4083,92.3666,92.038,10.01,12.96,-18.9815,4.8951,23188100
2012-11-09,180,2012-02-24,2012-11-09,10.67,11.3568,11.3968,93.9524,93.6225,10.01,12.96,-17.6698,6.5934,11434100
2012-11-12,180,2012-02-27,2012-11-12,10.63,11.3462,11.3857,93.6881,93.3625,10.01,12.96,-17.9784,6.1938,8005400
2012-11-13,180,2012-02-28,2012-11-13,10.48,11.335,11.3743,92.457,92.1373,10.01,12.96,-19.1358,4.6953,11151100
2012-11-14,180,2012-02-29,2012-11-14,10.36,11.3229,11.3621,91.4956,91.1802,10.01,12.96,-20.0617,3.4965,13551300
2012-11-15,180,2012-03-01,2012-11-15,10.3,11.3119,11.3513,91.0542,90.7387,10.01,12.96,-20.5247,2.8971,15464800
2012-11-16,180,2012-03-02,2012-11-16,10.15,11.3,11.3397,89.823,89.5088,10.01,12.96,-21.6821,1.3986,24263200
2012-11-19,180,2012-03-05,2012-11-19,10.36,11.2896,11.3293,91.766,91.444,10.01,12.96,-20.0617,3.4965,15542400
2012-11-20,180,2012-03-06,2012-11-20,10.39,11.2803,11.3202,92.1074,91.7827,10.01,12.96,-19.8302,3.7962,10707600
2012-11-21,180,2012-03-07,2012-11-21,10.43,11.2714,11.3114,92.5351,92.2075,10.01,12.96,-19.5216,4.1958,8699700
2012-11-23,180,2012-03-08,2012-11-23,10.4,11.2619,11.302,92.347,92.0191,10.01,12.96,-19.7531,3.8961,6927300
2012-11-26,180,2012-03-09,2012-11-26,10.47,11.2524,11.2924,93.047,92.7169,10.01,12.96,-19.213,4.5954,9730500
2012-11-27,180,2012-03-12,2012-11-27,10.36,11.2414,11.2813,92.1597,91.8336,10.01,12.96,-20.0617,3.4965,9574000
2012-11-28,180,2012-03-13,2012-11-28,10.6,11.2318,11.2714,94.3745,94.0434,10.01,12.96,-18.2099,5.8941,11383300
2012-11-29,180,2012-03-14,2012-11-29,10.74,11.2227,11.2616,95.6992,95.3682,10.01,12.96,-17.1296,7.2927,9554700
2012-11-30,180,2012-03-15,2012-11-30,10.73,11.2133,11.2516,95.6903,95.3646,10.01,12.96,-17.2068,7.1928,13237800
2012-12-03,180,2012-03-16,2012-12-03,10.66,11.2024,11.2397,95.1585,94.8422,10.01,12.96,-17.7469,6.4935,9273100
2012-12-04,180,2012-03-19,2012-12-04,10.88,11.1927,11.2289,97.2065,96.8925,10.01,12.96,-16.0494,8.6913,12033400
2012-12-05,180,2012-03-20,2012-12-05,10.8,11.1825,11.2177,96.5796,96.2767,10.01,12.96,-16.6667,7.8921,10727000
2012-12-06,180,2012-03-21,2012-12-06,10.89,11.1734,11.2076,97.464,97.1666,10.01,12.96,-15.9722,8.7912,8415100
2012-12-07,180,2012-03-22,2012-12-07,10.97,11.1647,11.1978,98.2564,97.9654,10.01,12.96,-15.3549,9.5904,8275000
2012-12-10,180,2012-03-23,2012-12-10,11.05,11.1567,11.1889,99.0432,98.7582,10.01,12.96,-14.7377,10.3896,9550300
2012-12-11,180,2012-03-26,2012-12-11,11.08,11.1488,11.18,99.3826,99.1055,10.01,12.96,-14.5062,10.6893,10379400
2012-12-12,180,2012-03-27,2012-12-12,11.09,11.1399,11.1696,99.5525,99.2873,10.01,12.82,-13.4945,10.7892,11821900
2012-12-13,180,2012-03-28,2012-12-13,11.11,11.1316,11.1601,99.8061,99.551,10.01,12.5,-11.12,10.989,14793200
2012-12-14,180,2012-03-29,2012-12-14,11.08,11.1247,11.1524,99.5981,99.3504,10.01,12.5,-11.36,10.6893,7604500
2012-12-17,180,2012-03-30,2012-12-17,11.11,11.1179,11.1448,99.9288,99.6874,10.01,12.5,-11.12,10.989,9299300
2012-12-18,180,2012-04-02,2012-12-18,11.18,11.1117,11.1378,100.6151,100.3791,10.01,12.5,-10.56,11.6883,10522600
2012-12-19,180,2012-04-03,2012-12-19,11.34,11.106,11.1313,102.1066,101.8746,10.01,12.24,-7.3529,13.2867,11180100
2012-12-20,180,2012-04-04,2012-12-20,11.38,11.1018,11.1266,102.5058,102.2778,10.01,12.07,-5.7167,13.6863,9755900
2012-12-21,180,2012-04-05,2012-12-21,11.5,11.0991,11.1234,103.6125,103.3852,10.01,12.07,-4.7225,14.8851,31340200
2012-12-24,180,2012-04-09,2012-12-24,11.37,11.0957,11.1198,102.4717,102.2502,10.01,12.07,-5.7995,13.5864,5279500
2012-12-26,180,2012-04-10,2012-12-26,11.39,11.0934,11.1172,102.6739,102.4542,10.01,12.07,-5.6338,13.7862,8168900
2012-12-27,180,2012-04-11,2012-12-27,11.35,11.0913,11.1149,102.3323,102.1148,10.01,12.07,-5.9652,13.3866,11111400
2012-12-28,180,2012-04-12,2012-12-28,11.26,11.088,11.1113,101.5516,101.3385,10.01,12.07,-6.7109,12.4875,10012200
2012-12-31,180,2012-04-13,2012-12-31,11.44,11.0848,11.1078,103.204,102.9909,10.01,12.05,-5.0622,14.2857,9255000
2013-01-02,180,2012-04-16,2013-01-02,11.84,11.085,11.108,106.8106,106.5898,10.01,12.05,-1.7427,18.2817,12963700
2013-01-03,180,2012-04-17,2013-01-03,11.81,11.0848,11.1077,106.5423,106.3224,10.01,12.05,-1.9917,17.982,8741500
2013-01-04,180,2012-04-18,2013-01-04,11.81,11.0837,11.1065,106.5525,106.3341,10.01,12.05,-1.9917,17.982,7446400
2013-01-07,180,2012-04-19,2013-01-07,11.67,11.0829,11.1055,105.2978,105.0831,10.01,12.05,-3.1535,16.5834,14497900
2013-01-08,180,2012-04-20,2013-01-08,11.51,11.0811,11.1035,103.871,103.661,10.01,12.05,-4.4813,14.985,8260500
2013-01-09,180,2012-04-23,2013-01-09,11.68,11.0806,11.103,105.4094,105.1968,10.01,12.05,-3.0705,16.6833,11170300
2013-01-10,180,2012-04-24,2013-01-10,11.64,11.0809,11.1033,105.0455,104.8334,10.01,12.05,-3.4025,16.2837,10049100
2013-01-11,180,2012-04-25,2013-01-11,11.71,11.082,11.1046,105.6666,105.4522,10.01,12.05,-2.8216,16.983,8091600
2013-01-14,180,2012-04-26,2013-01-14,11.75,11.0826,11.1052,106.0223,105.8066,10.01,12.05,-2.4896,17.3826,7886000
2013-01-15,180,2012-04-27,2013-01-15,11.77,11.0817,11.1042,106.2107,105.9957,10.01,12.05,-2.3237,17.5824,10354600
2013-01-16,180,2012-04-30,2013-01-16,11.93,11.0813,11.1037,107.6591,107.442,10.01,12.05,-0.9959,19.1808,15492500
2013-01-17,180,2012-05-01,2013-01-17,12.4,11.0832,11.1059,111.8815,111.6519,10.01,12.4,0.0,23.8761,27137200
2013-01-18,180,2012-05-02,2013-01-18,12.65,11.0868,11.1103,114.1002,113.858,10.01,12.65,0.0,26.3736,48524600
2013-01-22,180,2012-05-03,2013-01-22,12.71,11.0908,11.1153,114.599,114.3465,10.01,12.71,0.0,26.973,14624600
2013-01-23,180,2012-05-04,2013-01-23,12.7,11.0963,11.1218,114.4525,114.1898,10.01,12.71,-0.0787,26.8731,11479900
2013-01-24,180,2012-05-07,2013-01-24,12.6,11.1027,11.1292,113.4863,113.216,10.01,12.71,-0.8655,25.8741,10370800
2013-01-25,180,2012-05-08,2013-01-25,12.83,11.1105,11.1383,115.4764,115.1884,10.01,12.83,0.0,28.1718,18953100
2013-01-28,180,2012-05-09,2013-01-28,12.96,11.119,11.1483,116.5569,116.2511,10.01,12.96,0.0,29.4705,11216100
2013-01-29,180,2012-05-10,2013-01-29,12.8,11.1274,11.1578,115.0317,114.7176,10.01,12.96,-1.2346,27.8721,9317300
2013-01-30,180,2012-05-11,2013-01-30,12.86,11.1361,11.1678,115.4805,115.1521,10.01,12.96,-0.7716,28.4715,10831500
2013-01-31,180,2012-05-14,2013-01-31,12.91,11.1455,11.1786,115.8318,115.489,10.01,12.96,-0.3858,28.971,9730300
2013-02-01,180,2012-05-15,2013-02-01,13.17,11.1561,11.1909,118.0519,117.685,10.01,13.17,0.0,31.5684,17042500
2013-02-04,180,2012-05-16,2013-02-04,13.0,11.1669,11.2031,116.4156,116.0398,10.01,13.17,-1.2908,29.8701,13451900
2013-02-05,180,2012-05-17,2013-02-05,13.42,11.1803,11.2184,120.0328,119.625,10.01,13.42,0.0,34.0659,23279300
2013-02-06,180,2012-05-18,2013-02-06,13.4,11.1947,11.2346,119.6992,119.2743,10.01,13.42,-0.149,33.8661,14286200
2013-02-07,180,2012-05-21,2013-02-07,13.3,11.2096,11.2509,118.6482,118.2123,10.01,13.42,-0.8942,32.8671,14791600
2013-02-08,180,2012-05-22,2013-02-08,13.61,11.2238,11.2673,121.26,120.7917,10.01,13.61,0.0,35.964,16950500
2013-02-11,180,2012-05-23,2013-02-11,13.66,11.239,11.2847,121.541,121.0492,10.01,13.66,0.0,36.4635,13240600
2013-02-12,180,2012-05-24,2013-02-12,13.66,11.2534,11.3013,121.3853,120.8713,10.01,13.66,0.0,36.4635,11712600
2013-02-13,180,2012-05-25,2013-02-13,13.77,11.2701,11.3201,122.1814,121.6419,10.01,13.77,0.0,37.5624,11664800
2013-02-14,180,2012-05-29,2013-02-14,13.89,11.2863,11.3387,123.0695,122.5006,10.01,13.89,0.0,38.7612,20125200
2013-02-15,180,2012-05-30,2013-02-15,13.74,11.3009,11.3556,121.5833,120.998,10.01,13.89,-1.0799,37.2627,10918200
2013-02-19,180,2012-05-31,2013-02-19,13.89,11.3177,11.3746,122.7285,122.1141,10.01,13.89,0.0,38.7612,10944100
2013-02-20,180,2012-06-01,2013-02-20,13.59,11.3342,11.3927,119.9024,119.2867,10.01,13.89,-2.1598,35.7642,13893400
2013-02-21,180,2012-06-04,2013-02-21,13.25,11.3517,11.4107,116.7228,116.1189,10.1,13.89,-4.6076,31.1881,17873600
2013-02-22,180,2012-06-05,2013-02-22,13.57,11.3698,11.43,119.3509,118.7227,10.15,13.89,-2.3038,33.6946,9134300
2013-02-25,180,2012-06-06,2013-02-25,13.23,11.3854,11.4463,116.2018,115.5829,10.15,13.89,-4.7516,30.3448,15608600
2013-02-26,180,2012-06-07,2013-02-26,13.63,11.4002,11.4629,119.5597,118.9055,10.15,13.89,-1.8719,34.2857,22783500
2013-02-27,180,2012-06-08,2013-02-27,13.74,11.4157,11.4803,120.3607,119.6835,10.15,13.89,-1.0799,35.3695,15463200
2013-02-28,180,2012-06-11,2013-02-28,13.71,11.4302,11.4967,119.9456,119.252,10.15,13.89,-1.2959,35.0739,13483900
2013-03-01,180,2012-06-12,2013-03-01,13.59,11.4453,11.5133,118.7383,118.0371,10.15,13.89,-2.1598,33.8916,12821000
2013-03-04,180,2012-06-13,2013-03-04,13.57,11.4589,11.5286,118.423,117.7077,10.15,13.89,-2.3038,33.6946,8107000
2013-03-05,180,2012-06-14,2013-03-05,13.74,11.4736,11.5451,119.7527,119.0114,10.15,13.89,-1.0799,35.3695,9723400
2013-03-06,180,2012-06-15,2013-03-06,13.67,11.488,11.5612,118.9937,118.2407,10.15,13.89,-1.5839,34.6798,11513200
2013-03-07,180,2012-06-18,2013-03-07,13.55,11.5006,11.5754,117.8197,117.0587,10.15,13.89,-2.4478,33.4975,15011300
2013-03-08,180,2012-06-19,2013-03-08,13.54,11.5132,11.5895,117.6045,116.8299,10.15,13.89,-2.5198,33.399,11335000
2013-03-11,180,2012-06-20,2013-03-11,13.52,11.5246,11.6025,117.3145,116.5266,10.15,13.89,-2.6638,33.202,7355400
2013-03-12,180,2012-06-21,2013-03-12,13.4,11.5334,11.6128,116.1843,115.3901,10.15,13.89,-3.5277,32.0197,8362800
2013-03-13,180,2012-06-22,2013-03-13,13.63,11.5454,11.6264,118.0561,117.2327,10.15,13.89,-1.8719,34.2857,10364600
2013-03-14,180,2012-06-25,2013-03-14,13.68,11.5571,11.64,118.3686,117.5258,10.15,13.89,-1.5119,34.7783,7978700
2013-03-15,180,2012-06-26,2013-03-15,13.31,11.5692,11.6532,115.0467,114.2179,10.15,13.89,-4.1757,31.133,17885900
2013-03-18,180,2012-06-27,2013-03-18,13.05,11.5799,11.6646,112.6953,111.8769,10.15,13.89,-6.0475,28.5714,9798200
2013-03-19,180,2012-06-28,2013-03-19,12.96,11.5894,11.6748,111.8267,111.0085,10.15,13.89,-6.6955,27.6847,18027200
2013-03-20,180,2012-06-29,2013-03-20,13.18,11.6,11.6864,113.6203,112.7808,10.15,13.89,-5.1116,29.8522,12832900
2013-03-21,180,2012-07-02,2013-03-21,12.96,11.6077,11.6948,111.6505,110.8187,10.15,13.89,-6.6955,27.6847,10005400
2013-03-22,180,2012-07-03,2013-03-22,13.26,11.6176,11.7058,114.1375,113.2774,10.15,13.89,-4.5356,30.6404,13933500
2013-03-25,180,2012-07-05,2013-03-25,13.32,11.6267,11.7161,114.5643,113.6901,10.15,13.89,-4.1037,31.2315,10630700
2013-03-26,180,2012-07-06,2013-03-26,13.4,11.637,11.7276,115.1503,114.2603,10.15,13.89,-3.5277,32.0197,10751100
2013-03-27,180,2012-07-09,2013-03-27,13.41,11.649,11.7408,115.117,114.2173,10.15,13.89,-3.4557,32.1182,10585500
2013-03-28,180,2012-07-10,2013-03-28,13.48,11.6616,11.7545,115.5933,114.6795,10.15,13.89,-2.9518,32.8079,11878200
2013-04-01,180,2012-07-11,2013-04-01,13.36,11.6756,11.7692,114.4268,113.5164,10.15,13.89,-3.8157,31.6256,11026400
2013-04-02,180,2012-07-12,2013-04-02,13.24,11.6901,11.7841,113.2587,112.3552,10.15,13.89,-4.6796,30.4433,8535600
2013-04-03,180,2012-07-13,2013-04-03,13.15,11.7056,11.7995,112.3399,111.4454,10.15,13.89,-5.3276,29.5567,14428100
2013-04-04,180,2012-07-16,2013-04-04,13.22,11.7206,11.8147,112.7926,111.8943,10.15,13.89,-4.8236,30.2463,7399800
2013-04-05,180,2012-07-17,2013-04-05,13.2,11.7364,11.8304,112.471,111.5771,10.15,13.89,-4.9676,30.0493,10349000
2013-04-08,180,2012-07-18,2013-04-08,13.38,11.7528,11.847,113.8449,112.94,10.15,13.89,-3.6717,31.8227,15210500
2013-04-09,180,2012-07-19,2013-04-09,13.3,11.767,11.8616,113.0279,112.1269,10.15,13.89,-4.2477,31.0345,13917200
2013-04-10,180,2012-07-20,2013-04-10,13.81,11.7832,11.8788,117.2006,116.2572,10.15,13.89,-0.576,36.0591,15002400
2013-04-11,180,2012-07-23,2013-04-11,13.8,11.8007,11.8971,116.9418,115.9945,10.15,13.89,-0.6479,35.9606,11024700
2013-04-12,180,2012-07-24,2013-04-12,13.63,11.8178,11.9146,115.3349,114.3979,10.15,13.89,-1.8719,34.2857,6933300
2013-04-15,180,2012-07-25,2013-04-15,13.31,11.8342,11.9308,112.4703,111.5597,10.15,13.89,-4.1757,31.133,16472400
2013-04-16,180,2012-07-26,2013-04-16,13.46,11.8508,11.9474,113.5791,112.6601,10.15,13.89,-3.0958,32.6108,10697100
2013-04-17,180,2012-07-27,2013-04-17,13.05,11.8643,11.9608,109.9936,109.1061,10.15,13.89,-6.0475,28.5714,16516400
2013-04-18,180,2012-07-30,2013-04-18,12.92,11.8756,11.9721,108.7949,107.918,10.15,13.89,-6.9834,27.2906,13911400
2013-04-19,180,2012-07-31,2013-04-19,12.93,11.8874,11.9838,108.7708,107.8959,10.15,13.89,-6.9114,27.3892,12634800
2013-04-22,180,2012-08-01,2013-04-22,13.08,11.8995,11.9959,109.9209,109.0369,10.15,13.89,-5.8315,28.867,11135400
2013-04-23,180,2012-08-02,2013-04-23,13.43,11.9129,12.0099,112.7345,111.8245,10.15,13.89,-3.3117,32.3153,10313800
2013-04-24,180,2012-08-03,2013-04-24,13.63,11.9273,12.0249,114.2755,113.3477,10.15,13.89,-1.8719,34.2857,10010100
2013-04-25,180,2012-08-06,2013-04-25,14.15,11.9419,12.0412,118.4902,117.513,10.15,14.15,0.0,39.4089,20829700
2013-04-26,180,2012-08-07,2013-04-26,14.14,11.9561,12.0571,118.2656,117.2752,10.15,14.15,-0.0707,39.3103,17233900
2013-04-29,180,2012-08-08,2013-04-29,14.4,11.9679,12.0712,120.3218,119.2925,10.15,14.4,0.0,41.8719,16446800
2013-04-30,180,2012-08-09,2013-04-30,14.51,11.9798,12.0856,121.1202,120.0607,10.15,14.51,0.0,42.9557,10094900
2013-05-01,180,2012-08-10,2013-05-01,14.47,11.9918,12.0999,120.6658,119.5879,10.15,14.51,-0.2757,42.5616,13788200
2013-05-02,180,2012-08-13,2013-05-02,14.79,12.0047,12.1157,123.2022,122.0733,10.15,14.79,0.0,45.7143,14534600
2013-05-03,180,2012-08-14,2013-05-03,14.83,12.0185,12.1324,123.3934,122.2342,10.15,14.83,0.0,46.1084,15303800
2013-05-06,180,2012-08-15,2013-05-06,14.81,12.0328,12.1497,123.0799,121.8963,10.15,14.83,-0.1349,45.9113,8393500
2013-05-07,180,2012-08-16,2013-05-07,14.72,12.0464,12.1659,122.1944,120.994,10.15,14.83,-0.7417,45.0246,8008900
2013-05-08,180,2012-08-17,2013-05-08,14.85,12.0594,12.1818,123.1405,121.9028,10.15,14.85,0.0,46.3054,14143900
2013-05-09,180,2012-08-20,2013-05-09,14.92,12.0726,12.1981,123.5858,122.3146,10.15,14.92,0.0,46.9951,9214100
2013-05-10,180,2012-08-21,2013-05-10,14.97,12.0862,12.2147,123.8607,122.557,10.15,14.97,0.0,47.4877,6112100
2013-05-13,180,2012-08-22,2013-05-13,14.69,12.0998,12.2309,121.4068,120.1057,10.15,14.97,-1.8704,44.7291,8557300
2013-05-14,180,2012-08-23,2013-05-14,14.79,12.1139,12.2476,122.0913,120.7582,10.15,14.97,-1.2024,45.7143,16563900
2013-05-15,180,2012-08-24,2013-05-15,14.8,12.1279,12.2643,122.0326,120.6757,10.15,14.97,-1.1356,45.8128,15612700
2013-05-16,180,2012-08-27,2013-05-16,14.66,12.1416,12.2803,120.7418,119.3779,10.15,14.97,-2.0708,44.4335,22150900
2013-05-17,180,2012-08-28,2013-05-17,14.96,12.1574,12.2989,123.053,121.637,10.15,14.97,-0.0668,47.3892,22522900
2013-05-20,180,2012-08-29,2013-05-20,14.91,12.1729,12.3171,122.485,121.0511,10.15,14.97,-0.4008,46.8966,9654300
2013-05-21,180,2012-08-30,2013-05-21,14.67,12.1872,12.3336,120.3724,118.9433,10.15,14.97,-2.004,44.532,13243200
2013-05-22,180,2012-08-31,2013-05-22,14.54,12.2024,12.3507,119.157,117.7264,10.15,14.97,-2.8724,43.2512,10787500
2013-05-23,180,2012-09-04,2013-05-23,14.6,12.2165,12.3668,119.5104,118.0577,10.15,14.97,-2.4716,43.8424,15548800
2013-05-24,180,2012-09-05,2013-05-24,14.5,12.23,12.3822,118.5612,117.1039,10.15,14.97,-3.1396,42.8571,10009200
2013-05-28,180,2012-09-06,2013-05-28,14.87,12.245,12.3997,121.4373,119.9226,10.15,14.97,-0.668,46.5025,12792800
2013-05-29,180,2012-09-07,2013-05-29,14.8,12.2587,12.4157,120.7308,119.2037,10.15,14.97,-1.1356,45.8128,12546100
2013-05-30,180,2012-09-10,2013-05-30,15.25,12.2743,12.4346,124.2429,122.6421,10.15,15.25,0.0,50.2463,19744900
2013-05-31,180,2012-09-11,2013-05-31,15.2,12.2909,12.4541,123.6687,122.0486,10.15,15.25,-0.3279,49.7537,22089500
2013-06-03,180,2012-09-12,2013-06-03,15.43,12.3086,12.4751,125.3598,123.6868,10.15,15.43,0.0,52.0197,21290400
2013-06-04,180,2012-09-13,2013-06-04,15.54,12.327,12.4969,126.0648,124.3504,10.15,15.54,0.0,53.1034,19216700
2013-06-05,180,2012-09-14,2013-06-05,15.15,12.3425,12.5153,122.7463,121.052,10.15,15.54,-2.5097,49.2611,16748800
2013-06-06,180,2012-09-17,2013-06-06,14.95,12.3562,12.5314,120.9921,119.3004,10.15,15.54,-3.7967,47.2906,16828700
2013-06-07,180,2012-09-18,2013-06-07,15.49,12.3725,12.5511,125.1972,123.4154,10.15,15.54,-0.3218,52.6108,12485500
2013-06-10,180,2012-09-19,2013-06-10,15.46,12.3901,12.5719,124.7769,122.9722,10.15,15.54,-0.5148,52.3153,9489600
2013-06-11,180,2012-09-20,2013-06-11,15.19,12.4082,12.5924,122.4194,120.6279,10.15,15.54,-2.2523,49.6552,8689400
2013-06-12,180,2012-09-21,2013-06-12,15.25,12.4269,12.6136,122.718,120.9011,10.15,15.54,-1.8662,50.2463,24026500
2013-06-13,180,2012-09-24,2013-06-13,15.6,12.4468,12.6367,125.3331,123.4503,10.15,15.6,0.0,53.6946,11424400
2013-06-14,180,2012-09-25,2013-06-14,15.41,12.4668,12.6592,123.6085,121.73,10.15,15.6,-1.2179,51.8227,10417700
2013-06-17,180,2012-09-26,2013-06-17,15.78,12.4895,12.6849,126.3457,124.4,10.15,15.78,0.0,55.468,13251000
2013-06-18,180,2012-09-27,2013-06-18,15.97,12.5131,12.7117,127.6261,125.6321,10.15,15.97,0.0,57.3399,13865400
2013-06-19,180,2012-09-28,2013-06-19,15.7,12.5348,12.7362,125.2514,123.2705,10.15,15.97,-1.6907,54.6798,19500400
2013-06-20,180,2012-10-01,2013-06-20,15.07,12.555,12.7579,120.0314,118.123,10.15,15.97,-5.6356,48.4729,18635500
2013-06-21,180,2012-10-02,2013-06-21,15.08,12.5757,12.7798,119.9139,117.9984,10.15,15.97,-5.5729,48.5714,22344300
2013-06-24,180,2012-10-03,2013-06-24,14.98,12.5957,12.801,118.9292,117.0221,10.15,15.97,-6.1991,47.5862,14138800
2013-06-25,180,2012-10-04,2013-06-25,15.27,12.617,12.8238,121.027,119.0752,10.15,15.97,-4.3832,50.4433,12763100
2013-06-26,180,2012-10-05,2013-06-26,14.97,12.6377,12.8453,118.4555,116.5404,10.15,15.97,-6.2617,47.4877,18520800
2013-06-27,180,2012-10-08,2013-06-27,14.91,12.6579,12.8663,117.7921,115.8838,10.15,15.97,-6.6374,46.8966,9374800
2013-06-28,180,2012-10-09,2013-06-28,14.92,12.6791,12.8881,117.6738,115.7661,10.15,15.97,-6.5748,46.9951,25016600
2013-07-01,180,2012-10-10,2013-07-01,14.82,12.7008,12.9098,116.6853,114.7962,10.15,15.97,-7.201,46.0099,8993800
2013-07-02,180,2012-10-11,2013-07-02,14.82,12.7226,12.9316,116.4855,114.6029,10.15,15.97,-7.201,46.0099,9789100
2013-07-03,180,2012-10-12,2013-07-03,15.0,12.7448,12.9541,117.6948,115.7934,10.15,15.97,-6.0739,47.7833,5556600
2013-07-05,180,2012-10-15,2013-07-05,15.22,12.7684,12.9781,119.2008,117.2744,10.15,15.97,-4.6963,49.9507,8382900
2013-07-08,180,2012-10-16,2013-07-08,15.14,12.7912,13.0013,118.3624,116.4496,10.15,15.97,-5.1972,49.1626,10152800
2013-07-09,180,2012-10-17,2013-07-09,15.66,12.8144,13.0261,122.2065,120.2201,10.15,15.97,-1.9411,54.2857,26328800
2013-07-10,180,2012-10-18,2013-07-10,16.3,12.8402,13.0547,126.945,124.8596,10.15,16.3,0.0,60.5911,30007600
2013-07-11,180,2012-10-19,2013-07-11,16.49,12.8666,13.0841,128.1616,126.0307,10.15,16.49,0.0,62.4631,14302300
2013-07-12,180,2012-10-22,2013-07-12,16.66,12.8963,13.1164,129.1846,127.0161,10.15,16.66,0.0,64.1379,10329400
2013-07-15,180,2012-10-23,2013-07-15,16.47,12.9253,13.1476,127.4243,125.2699,10.15,16.66,-1.1405,62.266,9482200
2013-07-16,180,2012-10-24,2013-07-16,16.58,12.9554,13.1797,127.978,125.7993,10.15,16.66,-0.4802,63.3498,8318800
2013-07-17,180,2012-10-25,2013-07-17,16.69,12.9868,13.2131,128.5153,126.3145,10.15,16.69,0.0,64.4335,7863900
2013-07-18,180,2012-10-26,2013-07-18,16.56,13.018,13.2457,127.2084,125.0215,10.15,16.69,-0.7789,63.1527,10658200
2013-07-19,180,2012-10-31,2013-07-19,16.56,13.0496,13.2786,126.9001,124.7124,10.15,16.69,-0.7789,63.1527,8097400
2013-07-22,180,2012-11-01,2013-07-22,16.35,13.0811,13.3105,124.9895,122.8354,10.15,16.69,-2.0372,61.0837,8969400
2013-07-23,180,2012-11-02,2013-07-23,16.26,13.1095,13.34,124.032,121.8891,10.15,16.69,-2.5764,60.197,9116600
2013-07-24,180,2012-11-05,2013-07-24,16.1,13.1386,13.3694,122.5397,120.4244,10.15,16.69,-3.5351,58.6207,8419600
2013-07-25,180,2012-11-06,2013-07-25,16.13,13.1657,13.3974,122.5155,120.3966,10.15,16.69,-3.3553,58.9162,6567900
2013-07-26,180,2012-11-07,2013-07-26,16.13,13.19,13.4233,122.2891,120.1639,10.15,16.69,-3.3553,58.9162,6531300
2013-07-29,180,2012-11-08,2013-07-29,16.02,13.218,13.4515,121.198,119.0945,10.15,16.69,-4.0144,57.8325,5858000
2013-07-30,180,2012-11-09,2013-07-30,16.27,13.2509,13.4836,122.784,120.6655,10.15,16.69,-2.5165,60.2956,10455500
2013-07-31,180,2012-11-12,2013-07-31,16.32,13.2826,13.5149,122.8672,120.7552,10.15,16.69,-2.2169,60.7882,10145000
2013-08-01,180,2012-11-13,2013-08-01,16.49,13.3155,13.5475,123.8408,121.7199,10.15,16.69,-1.1983,62.4631,10080400
2013-08-02,180,2012-11-14,2013-08-02,16.32,13.3492,13.5799,122.2545,120.1772,10.15,16.69,-2.2169,60.7882,10730300
2013-08-05,180,2012-11-15,2013-08-05,16.1,13.3834,13.6118,120.2986,118.2794,10.15,16.69,-3.5351,58.6207,8098300
2013-08-06,180,2012-11-16,2013-08-06,16.16,13.4185,13.6444,120.4309,118.437,10.15,16.69,-3.1756,59.2118,8928000
2013-08-07,180,2012-11-19,2013-08-07,15.89,13.4542,13.6763,118.1046,116.1866,10.36,16.69,-4.7933,53.3784,11614700
2013-08-08,180,2012-11-20,2013-08-08,15.65,13.4871,13.7057,116.0371,114.1863,10.36,16.69,-6.2313,51.0618,19917900
2013-08-09,180,2012-11-21,2013-08-09,15.67,13.5199,13.735,115.903,114.0881,10.36,16.69,-6.1114,51.2548,10719500
2013-08-12,180,2012-11-23,2013-08-12,15.65,13.5525,13.764,115.477,113.7024,10.36,16.69,-6.2313,51.0618,8656600
2013-08-13,180,2012-11-26,2013-08-13,15.73,13.5858,13.7936,115.7826,114.0383,10.36,16.69,-5.752,51.834,7797600
2013-08-14,180,2012-11-27,2013-08-14,15.73,13.6186,13.8228,115.5035,113.7972,10.36,16.69,-5.752,51.834,12888500
2013-08-15,180,2012-11-28,2013-08-15,15.32,13.6509,13.8504,112.227,110.6106,10.6,16.69,-8.2085,44.5283,11225700
2013-08-16,180,2012-11-29,2013-08-16,15.62,13.6824,13.8783,114.1615,112.55,10.66,16.69,-6.411,46.5291,30578100
2013-08-19,180,2012-11-30,2013-08-19,15.55,13.7124,13.905,113.4011,111.8303,10.66,16.69,-6.8304,45.8724,16067100
2013-08-20,180,2012-12-03,2013-08-20,15.56,13.7427,13.9318,113.2239,111.6867,10.66,16.69,-6.7705,45.9662,9276000
2013-08-21,180,2012-12-04,2013-08-21,15.55,13.7737,13.959,112.8963,111.3977,10.8,16.69,-6.8304,43.9815,11539300
2013-08-22,180,2012-12-05,2013-08-22,15.66,13.8033,13.9856,113.4509,111.9727,10.8,16.69,-6.1714,45.0,9568300
2013-08-23,180,2012-12-06,2013-08-23,15.62,13.8336,14.0123,112.9131,111.4732,10.89,16.69,-6.411,43.4343,7075900
2013-08-26,180,2012-12-07,2013-08-26,15.45,13.8625,14.0377,111.4516,110.061,10.97,16.69,-7.4296,40.8387,7602600
2013-08-27,180,2012-12-10,2013-08-27,15.07,13.889,14.0604,108.5028,107.1801,11.05,16.69,-9.7064,36.3801,10480900
2013-08-28,180,2012-12-11,2013-08-28,14.96,13.9144,14.0822,107.5142,106.2337,11.08,16.69,-10.3655,35.0181,12505900
2013-08-29,180,2012-12-12,2013-08-29,15.14,13.9405,14.1047,108.6043,107.3399,11.08,16.69,-9.287,36.6426,12229800
2013-08-30,180,2012-12-13,2013-08-30,15.01,13.966,14.1265,107.4754,106.2542,11.08,16.69,-10.0659,35.4693,9689300
2013-09-03,180,2012-12-14,2013-09-03,15.11,13.9919,14.1487,107.9914,106.7941,11.08,16.69,-9.4668,36.3718,8697700
2013-09-04,180,2012-12-17,2013-09-04,15.62,14.0204,14.1739,111.4087,110.2022,11.11,16.69,-6.411,40.5941,15005000
2013-09-05,180,2012-12-18,2013-09-05,15.68,14.0492,14.1993,111.6081,110.4277,11.18,16.69,-6.0515,40.2504,9344700
2013-09-06,180,2012-12-19,2013-09-06,15.51,14.0766,14.2234,110.1829,109.0457,11.26,16.69,-7.0701,37.7442,10748200
2013-09-09,180,2012-12-20,2013-09-09,15.59,14.1031,14.247,110.543,109.4265,11.26,16.69,-6.5908,38.4547,10043300
2013-09-10,180,2012-12-21,2013-09-10,15.98,14.1311,14.2726,113.0838,111.9631,11.26,16.69,-4.2541,41.9183,8639400
2013-09-11,180,2012-12-24,2013-09-11,15.93,14.158,14.2972,112.516,111.4207,11.26,16.69,-4.5536,41.4742,11350700
2013-09-12,180,2012-12-26,2013-09-12,15.93,14.1861,14.3225,112.2932,111.2236,11.26,16.69,-4.5536,41.4742,8891700
2013-09-13,180,2012-12-27,2013-09-13,15.91,14.214,14.3476,111.9317,110.8895,11.26,16.69,-4.6735,41.2966,7920600
2013-09-16,180,2012-12-28,2013-09-16,15.95,14.2426,14.3732,111.988,110.9707,11.26,16.69,-4.4338,41.6519,10413600
2013-09-17,180,2012-12-31,2013-09-17,15.9,14.2719,14.3989,111.408,110.4248,11.44,16.69,-4.7334,38.986,10549000
2013-09-18,180,2013-01-02,2013-09-18,16.21,14.301,14.4254,113.3484,112.3709,11.51,16.69,-2.876,40.834,10683000
2013-09-19,180,2013-01-03,2013-09-19,16.09,14.3264,14.4491,112.3099,111.3568,11.51,16.69,-3.595,39.7915,7989400
2013-09-20,180,2013-01-04,2013-09-20,15.93,14.3514,14.4719,110.9993,110.075,11.51,16.69,-4.5536,38.4014,12211300
2013-09-23,180,2013-01-07,2013-09-23,15.99,14.3768,14.4952,111.2207,110.3126,11.51,16.69,-4.1941,38.9227,10665700
2013-09-24,180,2013-01-08,2013-09-24,17.45,14.4095,14.5273,121.1008,120.1189,11.51,17.45,0.0,51.6073,88903900
2013-09-25,180,2013-01-09,2013-09-25,17.84,14.4451,14.5624,123.5018,122.5069,11.64,17.84,0.0,53.2646,34664700
2013-09-26,180,2013-01-10,2013-09-26,17.77,14.4792,14.5963,122.7276,121.7434,11.64,17.84,-0.3924,52.6632,16844800
2013-09-27,180,2013-01-11,2013-09-27,17.6,14.5132,14.6294,121.269,120.3058,11.71,17.84,-1.3453,50.2989,14484200
2013-09-30,180,2013-01-14,2013-09-30,17.53,14.5464,14.6617,120.5106,119.563,11.75,17.84,-1.7377,49.1915,15514100
2013-10-01,180,2013-01-15,2013-10-01,17.47,14.5793,14.6935,119.8277,118.8961,11.77,17.84,-2.074,48.4282,13296800
2013-10-02,180,2013-01-16,2013-10-02,17.51,14.6122,14.7254,119.8311,118.9103,11.93,17.84,-1.8498,46.7728,16213800
2013-10-03,180,2013-01-17,2013-10-03,17.33,14.6433,14.7554,118.3478,117.4486,12.4,17.84,-2.8587,39.7581,13018900
2013-10-04,180,2013-01-18,2013-10-04,17.57,14.6716,14.7841,119.7551,118.8438,12.6,17.84,-1.5135,39.4444,11027200
2013-10-07,180,2013-01-22,2013-10-07,17.77,14.6989,14.8126,120.8934,119.9658,12.6,17.84,-0.3924,41.0317,16581100
2013-10-08,180,2013-01-23,2013-10-08,17.51,14.7248,14.8392,118.9148,117.9981,12.6,17.84,-1.8498,38.9683,16676600
2013-10-09,180,2013-01-24,2013-10-09,17.34,14.7503,14.865,117.5573,116.6498,12.6,17.84,-2.8027,37.619,13941000
2013-10-10,180,2013-01-25,2013-10-10,17.89,14.7787,14.8944,121.0528,120.1123,12.8,17.89,0.0,39.7656,10925800
2013-10-11,180,2013-01-28,2013-10-11,18.0,14.8059,14.9231,121.5733,120.6183,12.8,18.0,0.0,40.625,9161200
2013-10-14,180,2013-01-29,2013-10-14,18.1,14.8326,14.9517,122.0283,121.0567,12.8,18.1,0.0,41.4062,9525900
2013-10-15,180,2013-01-30,2013-10-15,17.82,14.8596,14.9796,119.9227,118.9621,12.86,18.1,-1.547,38.5692,11641500
2013-10-16,180,2013-01-31,2013-10-16,17.96,14.8867,15.0079,120.6445,119.6704,12.91,18.1,-0.7735,39.117,13369600
2013-10-17,180,2013-02-01,2013-10-17,18.09,14.9141,15.0367,121.2949,120.3059,12.92,18.1,-0.0552,40.0155,11486200
2013-10-18,180,2013-02-04,2013-10-18,18.05,14.9395,15.0638,120.8208,119.8239,12.92,18.1,-0.2762,39.7059,8948200
2013-10-21,180,2013-02-05,2013-10-21,17.87,14.9655,15.0908,119.4079,118.4163,12.92,18.1,-1.2707,38.3127,8772500
2013-10-22,180,2013-02-06,2013-10-22,18.07,14.9894,15.1167,120.5518,119.5369,12.92,18.1,-0.1657,39.8607,10795700
2013-10-23,180,2013-02-07,2013-10-23,17.4,15.0109,15.1389,115.9161,114.9358,12.92,18.1,-3.8674,34.6749,14888200
2013-10-24,180,2013-02-08,2013-10-24,17.82,15.0348,15.164,118.5253,117.5152,12.92,18.1,-1.547,37.9257,12099000
2013-10-25,180,2013-02-11,2013-10-25,17.7,15.0561,15.1867,117.5602,116.5492,12.92,18.1,-2.2099,36.9969,8395100
2013-10-28,180,2013-02-12,2013-10-28,17.73,15.0773,15.2093,117.5939,116.5732,12.92,18.1,-2.0442,37.2291,7463500
2013-10-29,180,2013-02-13,2013-10-29,18.01,15.0997,15.2335,119.2741,118.2263,12.92,18.1,-0.4972,39.3963,11641400
2013-10-30,180,2013-02-14,2013-10-30,17.88,15.1208,15.2563,118.2473,117.1972,12.92,18.1,-1.2155,38.3901,6476000
2013-10-31,180,2013-02-15,2013-10-31,17.86,15.1412,15.2784,117.9563,116.8971,12.92,18.1,-1.326,38.2353,10982700
2013-11-01,180,2013-02-19,2013-11-01,17.7,15.162,15.3004,116.7394,115.6833,12.92,18.1,-2.2099,36.9969,9637700
2013-11-04,180,2013-02-20,2013-11-04,17.75,15.182,15.3218,116.9148,115.8478,12.92,18.1,-1.9337,37.3839,7987800
2013-11-05,180,2013-02-21,2013-11-05,17.77,15.2042,15.3451,116.8757,115.8028,12.92,18.1,-1.8232,37.5387,11222700
2013-11-06,180,2013-02-22,2013-11-06,17.92,15.2295,15.371,117.6664,116.5832,12.92,18.1,-0.9945,38.6997,7458500
2013-11-07,180,2013-02-25,2013-11-07,17.36,15.2502,15.3921,113.8342,112.7855,12.92,18.1,-4.0884,34.3653,11617200
2013-11-08,180,2013-02-26,2013-11-08,17.75,15.2752,15.4172,116.2017,115.1314,12.92,18.1,-1.9337,37.3839,12424600
2013-11-11,180,2013-02-27,2013-11-11,17.8,15.2975,15.4403,116.3591,115.2825,12.92,18.1,-1.6575,37.7709,9599800
2013-11-12,180,2013-02-28,2013-11-12,17.64,15.3184,15.462,115.1555,114.0861,12.92,18.1,-2.5414,36.5325,7535700
2013-11-13,180,2013-03-01,2013-11-13,17.67,15.3398,15.484,115.1909,114.1178,12.92,18.1,-2.3757,36.7647,11174500
2013-11-14,180,2013-03-04,2013-11-14,17.56,15.3615,15.5061,114.3115,113.2461,12.92,18.1,-2.9834,35.9133,12172700
2013-11-15,180,2013-03-05,2013-11-15,17.52,15.3834,15.528,113.8894,112.8284,12.92,18.1,-3.2044,35.6037,14485600
2013-11-18,180,2013-03-06,2013-11-18,16.94,15.4014,15.5458,109.9897,108.9685,12.92,18.1,-6.4088,31.1146,15640500
2013-11-19,180,2013-03-07,2013-11-19,16.82,15.4195,15.5633,109.0825,108.0749,12.92,18.1,-7.0718,30.1858,9281500
2013-11-20,180,2013-03-08,2013-11-20,16.83,15.4385,15.5815,109.0129,108.0127,12.92,18.1,-7.0166,30.2632,10679700
2013-11-21,180,2013-03-11,2013-11-21,17.27,15.4597,15.6022,111.7098,110.6894,12.92,18.1,-4.5856,33.6687,13571500
2013-11-22,180,2013-03-12,2013-11-22,17.25,15.481,15.6229,111.4272,110.4145,12.92,18.1,-4.6961,33.5139,6782100
2013-11-25,180,2013-03-13,2013-11-25,17.27,15.5033,15.6444,111.3959,110.3906,12.92,18.1,-4.5856,33.6687,5810100
2013-11-26,180,2013-03-14,2013-11-26,17.52,15.525,15.6661,112.85,111.8341,12.92,18.1,-3.2044,35.6037,12534300
2013-11-27,180,2013-03-15,2013-11-27,17.35,15.5458,15.6864,111.6059,110.6051,12.92,18.1,-4.1436,34.2879,9707000
2013-11-29,180,2013-03-18,2013-11-29,17.3,15.5691,15.7086,111.1177,110.1307,12.92,18.1,-4.4199,33.9009,3493600
2013-12-02,180,2013-03-19,2013-12-02,17.11,15.5936,15.7312,109.7245,108.765,12.92,18.1,-5.4696,32.4303,7517600
2013-12-03,180,2013-03-20,2013-12-03,17.12,15.619,15.7543,109.6103,108.6689,12.92,18.1,-5.4144,32.5077,11605000
2013-12-04,180,2013-03-21,2013-12-04,16.61,15.6402,15.7733,106.2005,105.3043,12.92,18.1,-8.232,28.5604,24734900
2013-12-05,180,2013-03-22,2013-12-05,16.5,15.6628,15.793,105.3454,104.4767,12.92,18.1,-8.8398,27.709,14029600
2013-12-06,180,2013-03-25,2013-12-06,16.83,15.6846,15.8128,107.3028,106.4325,12.92,18.1,-7.0166,30.2632,11892500
2013-12-09,180,2013-03-26,2013-12-09,16.83,15.706,15.8323,107.1564,106.3015,12.92,18.1,-7.0166,30.2632,15108500
2013-12-10,180,2013-03-27,2013-12-10,16.83,15.7269,15.8514,107.0142,106.1737,12.92,18.1,-7.0166,30.2632,14962400
2013-12-11,180,2013-03-28,2013-12-11,16.83,15.7477,15.8704,106.8725,106.0466,12.92,18.1,-7.0166,30.2632,10718900
2013-12-12,180,2013-04-01,2013-12-12,16.72,15.7676,15.8884,106.0404,105.2341,12.92,18.1,-7.6243,29.4118,9532700
2013-12-13,180,2013-04-02,2013-12-13,16.7,15.7883,15.9069,105.7747,104.9856,12.92,18.1,-7.7348,29.257,9167100
2013-12-16,180,2013-04-03,2013-12-16,16.66,15.8098,15.9259,105.3778,104.6092,12.92,18.1,-7.9558,28.9474,11428800
2013-12-17,180,2013-04-04,2013-12-17,16.8,15.8328,15.9462,106.1092,105.3541,12.92,18.1,-7.1823,30.031,8851700
2013-12-18,180,2013-04-05,2013-12-18,17.03,15.8564,15.9674,107.4017,106.6549,12.92,18.1,-5.9116,31.8112,11832300
2013-12-19,180,2013-04-08,2013-12-19,16.88,15.8795,15.9878,106.3009,105.5803,12.92,18.1,-6.7403,30.6501,9392500
2013-12-20,180,2013-04-09,2013-12-20,17.19,15.9027,16.009,108.0949,107.3771,12.92,18.1,-5.0276,33.0495,17970700
2013-12-23,180,2013-04-10,2013-12-23,17.51,15.9281,16.0324,109.9313,109.2164,12.92,18.1,-3.2597,35.5263,10214000
2013-12-24,180,2013-04-11,2013-12-24,17.39,15.9492,16.0523,109.0338,108.3335,12.92,18.1,-3.9227,34.5975,4504900
2013-12-26,180,2013-04-12,2013-12-26,17.44,15.9706,16.0725,109.2008,108.5083,12.92,18.1,-3.6464,34.9845,3836300
2013-12-27,180,2013-04-15,2013-12-27,17.43,15.9933,16.0936,108.9833,108.3038,12.92,18.1,-3.7017,34.9071,3655700
2013-12-30,180,2013-04-16,2013-12-30,17.49,16.0188,16.1168,109.184,108.5201,12.92,18.1,-3.3702,35.3715,3601800
2013-12-31,180,2013-04-17,2013-12-31,17.68,16.0442,16.1403,110.1959,109.5396,12.92,18.1,-2.3204,36.8421,5533900
2014-01-02,180,2013-04-18,2014-01-02,17.55,16.0723,16.1653,109.1941,108.566,12.92,18.1,-3.0387,35.8359,7785900
2014-01-03,180,2013-04-19,2014-01-03,17.51,16.1015,16.1908,108.7478,108.148,12.93,18.1,-3.2597,35.4215,6773000
2014-01-06,180,2013-04-22,2014-01-06,17.29,16.1296,16.215,107.1942,106.6297,13.08,18.1,-4.4751,32.1866,9975500
2014-01-07,180,2013-04-23,2014-01-07,17.37,16.1569,16.2388,107.508,106.9658,13.43,18.1,-4.0331,29.3373,8133200
2014-01-08,180,2013-04-24,2014-01-08,17.42,16.1817,16.261,107.6524,107.1275,13.63,18.1,-3.7569,27.8063,8026100
2014-01-09,180,2013-04-25,2014-01-09,17.4,16.2049,16.2819,107.3751,106.8668,14.14,18.1,-3.8674,23.0552,8838000
2014-01-10,180,2013-04-26,2014-01-10,17.47,16.2245,16.3004,107.6767,107.1754,14.14,18.1,-3.4807,23.5502,7970100
2014-01-13,180,2013-04-29,2014-01-13,17.32,16.2435,16.3181,106.6272,106.1401,14.4,18.1,-4.3094,20.2778,9143100
2014-01-14,180,2013-04-30,2014-01-14,17.63,16.2622,16.336,108.4111,107.9211,14.47,18.1,-2.5967,21.8383,12186600
2014-01-15,180,2013-05-01,2014-01-15,17.93,16.2815,16.355,110.1249,109.6301,14.47,18.1,-0.9392,23.9115,11834200
2014-01-16,180,2013-05-02,2014-01-16,17.63,16.2998,16.3726,108.161,107.6802,14.5,18.1,-2.5967,21.5862,6960600
2014-01-17,180,2013-05-03,2014-01-17,17.55,16.3155,16.3879,107.5665,107.0913,14.5,18.1,-3.0387,21.0345,9461200
2014-01-21,180,2013-05-06,2014-01-21,17.61,16.3312,16.4033,107.8301,107.3562,14.5,18.1,-2.7072,21.4483,5754100
2014-01-22,180,2013-05-07,2014-01-22,17.66,16.3474,16.4192,108.0294,107.5572,14.5,18.1,-2.4309,21.7931,5769500
2014-01-23,180,2013-05-08,2014-01-23,17.53,16.3636,16.4348,107.1281,106.6641,14.5,18.1,-3.1492,20.8966,8232200
2014-01-24,180,2013-05-09,2014-01-24,17.17,16.3771,16.4477,104.8413,104.3917,14.5,18.1,-5.1381,18.4138,19669900
2014-01-27,180,2013-05-10,2014-01-27,16.72,16.3879,16.4577,102.0265,101.594,14.5,18.1,-7.6243,15.3103,15391200
2014-01-28,180,2013-05-13,2014-01-28,16.75,16.3985,16.4676,102.1435,101.7152,14.5,18.1,-7.4586,15.5172,9863600
2014-01-29,180,2013-05-14,2014-01-29,16.73,16.4109,16.4789,101.9444,101.5238,14.5,18.1,-7.5691,15.3793,8983500
2014-01-30,180,2013-05-15,2014-01-30,16.78,16.4229,16.4899,102.1744,101.759,14.5,18.1,-7.2928,15.7241,10336300
2014-01-31,180,2013-05-16,2014-01-31,16.82,16.4351,16.5012,102.3421,101.9322,14.5,18.1,-7.0718,16.0,20152200
2014-02-03,180,2013-05-17,2014-02-03,16.76,16.4479,16.5128,101.8974,101.4968,14.5,18.1,-7.4033,15.5862,24873400
2014-02-04,180,2013-05-20,2014-02-04,16.78,16.4588,16.5229,101.9515,101.5558,14.5,18.1,-7.2928,15.7241,18623100
2014-02-05,180,2013-05-21,2014-02-05,16.89,16.4707,16.5339,102.546,102.1535,14.5,18.1,-6.6851,16.4828,16304000
2014-02-06,180,2013-05-22,2014-02-06,17.05,16.485,16.5472,103.4273,103.0388,14.5,18.1,-5.8011,17.5862,7920300
2014-02-07,180,2013-05-23,2014-02-07,17.18,16.501,16.5618,104.115,103.7325,14.5,18.1,-5.0829,18.4828,12577000
2014-02-10,180,2013-05-24,2014-02-10,17.25,16.5169,16.5766,104.4384,104.0626,14.5,18.1,-4.6961,18.9655,7728600
2014-02-11,180,2013-05-28,2014-02-11,17.78,16.5362,16.5948,107.5216,107.1421,14.8,18.1,-1.768,20.1351,23030000
2014-02-12,180,2013-05-29,2014-02-12,17.91,16.5536,16.6117,108.1941,107.8158,14.8,18.1,-1.0497,21.0135,18138300
2014-02-13,180,2013-05-30,2014-02-13,18.87,16.5758,16.6343,113.8407,113.4405,14.82,18.87,0.0,27.3279,31620000
2014-02-14,180,2013-05-31,2014-02-14,18.96,16.5954,16.6549,114.2485,113.8404,14.82,18.96,0.0,27.9352,22145900
2014-02-18,180,2013-06-03,2014-02-18,18.85,16.6149,16.6752,113.4523,113.0423,14.82,18.96,-0.5802,27.193,13689100
2014-02-19,180,2013-06-04,2014-02-19,18.75,16.6325,16.6936,112.7309,112.3184,14.82,18.96,-1.1076,26.5182,13025100
2014-02-20,180,2013-06-05,2014-02-20,18.99,16.6505,16.7128,114.0505,113.6256,14.82,18.99,0.0,28.1377,16165800
2014-02-21,180,2013-06-06,2014-02-21,19.1,16.6716,16.7347,114.5663,114.134,14.82,19.1,0.0,28.8799,14790200
2014-02-24,180,2013-06-07,2014-02-24,19.07,16.6939,16.7576,114.2332,113.799,14.82,19.1,-0.1571,28.6775,13388800
2014-02-25,180,2013-06-10,2014-02-25,19.02,16.7125,16.7772,113.8071,113.368,14.82,19.1,-0.4188,28.3401,12104600
2014-02-26,180,2013-06-11,2014-02-26,19.1,16.7316,16.7974,114.155,113.7078,14.82,19.1,0.0,28.8799,14862900
2014-02-27,180,2013-06-12,2014-02-27,19.01,16.7522,16.8187,113.4774,113.0292,14.82,19.1,-0.4712,28.2726,12154500
2014-02-28,180,2013-06-13,2014-02-28,18.96,16.7723,16.8393,113.0438,112.5939,14.82,19.1,-0.733,27.9352,14745700
2014-03-03,180,2013-06-14,2014-03-03,18.71,16.7889,16.8566,111.4424,110.9954,14.82,19.1,-2.0419,26.2483,9200300
2014-03-04,180,2013-06-17,2014-03-04,18.84,16.8075,16.8756,112.0931,111.6404,14.82,19.1,-1.3613,27.1255,11363400
2014-03-05,180,2013-06-18,2014-03-05,19.17,16.8251,16.8944,113.9372,113.4693,14.82,19.17,0.0,29.3522,17568300
2014-03-06,180,2013-06-19,2014-03-06,19.38,16.8424,16.9134,115.0667,114.5838,14.82,19.38,0.0,30.7692,13370400
2014-03-07,180,2013-06-20,2014-03-07,19.64,16.8626,16.9353,116.471,115.9709,14.82,19.64,0.0,32.5236,16734400
2014-03-10,180,2013-06-21,2014-03-10,19.38,16.8859,16.9592,114.7702,114.2741,14.82,19.64,-1.3238,30.7692,11602700
2014-03-11,180,2013-06-24,2014-03-11,19.13,16.9082,16.9817,113.1405,112.6505,14.82,19.64,-2.5967,29.0823,12202400
2014-03-12,180,2013-06-25,2014-03-12,19.51,16.9328,17.0069,115.2199,114.7182,14.82,19.64,-0.6619,31.6464,10188800
2014-03-13,180,2013-06-26,2014-03-13,18.88,16.9528,17.0269,111.368,110.8831,14.82,19.64,-3.8697,27.3954,19390700
2014-03-14,180,2013-06-27,2014-03-14,18.72,16.9742,17.0478,110.285,109.809,14.82,19.64,-4.6843,26.3158,13071700
2014-03-17,180,2013-06-28,2014-03-17,18.98,16.9972,17.0704,111.6651,111.1867,14.82,19.64,-3.3605,28.0702,6793300
2014-03-18,180,2013-07-01,2014-03-18,19.37,17.022,17.0951,113.7939,113.3073,14.82,19.64,-1.3747,30.7018,10686100
2014-03-19,180,2013-07-02,2014-03-19,19.47,17.048,17.1209,114.2071,113.7204,14.82,19.64,-0.8656,31.3765,16491700
2014-03-20,180,2013-07-03,2014-03-20,20.19,17.077,17.1508,118.2292,117.7206,14.96,20.19,0.0,34.9599,27535600
2014-03-21,180,2013-07-05,2014-03-21,20.17,17.1047,17.1795,117.9206,117.4074,14.96,20.19,-0.0991,34.8262,25859800
2014-03-24,180,2013-07-08,2014-03-24,20.1,17.1307,17.2066,117.3332,116.8156,14.96,20.19,-0.4458,34.3583,15100300
2014-03-25,180,2013-07-09,2014-03-25,20.36,17.1584,17.2356,118.6594,118.1275,14.96,20.36,0.0,36.0963,13018700
2014-03-26,180,2013-07-10,2014-03-26,19.86,17.1805,17.2589,115.5964,115.0708,14.96,20.36,-2.4558,32.754,16214100
2014-03-27,180,2013-07-11,2014-03-27,19.69,17.1978,17.2778,114.4913,113.9614,14.96,20.36,-3.2908,31.6177,12449600
2014-03-28,180,2013-07-12,2014-03-28,20.18,17.2161,17.2983,117.2162,116.659,14.96,20.36,-0.8841,34.893,12615700
2014-03-31,180,2013-07-15,2014-03-31,20.42,17.2343,17.3192,118.4849,117.9041,14.96,20.42,0.0,36.4973,13094300
2014-04-01,180,2013-07-16,2014-04-01,20.62,17.2545,17.3422,119.5054,118.9006,14.96,20.62,0.0,37.8342,16010100
2014-04-02,180,2013-07-17,2014-04-02,20.79,17.2747,17.3656,120.3495,119.7194,14.96,20.79,0.0,38.9706,11896900
2014-04-03,180,2013-07-18,2014-04-03,20.84,17.2945,17.3887,120.5008,119.8482,14.96,20.84,0.0,39.3048,19373000
2014-04-04,180,2013-07-19,2014-04-04,20.25,17.3128,17.4092,116.9656,116.318,14.96,20.84,-2.8311,35.361,15097600
2014-04-07,180,2013-07-22,2014-04-07,20.03,17.3302,17.4284,115.5784,114.9271,14.96,20.84,-3.8868,33.8904,10206200
2014-04-08,180,2013-07-23,2014-04-08,19.85,17.3482,17.4479,114.4208,113.7673,14.96,20.84,-4.7505,32.6872,12649300
2014-04-09,180,2013-07-24,2014-04-09,19.99,17.3674,17.4686,115.1004,114.4338,14.96,20.84,-4.0787,33.623,9540100
2014-04-10,180,2013-07-25,2014-04-10,19.09,17.3838,17.4852,109.8151,109.1779,14.96,20.84,-8.3973,27.607,19609000
2014-04-11,180,2013-07-26,2014-04-11,19.12,17.4001,17.5018,109.8847,109.2457,14.96,20.84,-8.2534,27.8075,12163100
2014-04-14,180,2013-07-29,2014-04-14,19.02,17.4159,17.5179,109.2105,108.5747,14.96,20.84,-8.7332,27.139,6573600
2014-04-15,180,2013-07-30,2014-04-15,18.86,17.4318,17.5337,108.1933,107.5645,14.96,20.84,-9.501,26.0695,28433300
2014-04-16,180,2013-07-31,2014-04-16,18.92,17.4463,17.5484,108.447,107.8162,14.96,20.84,-9.2131,26.4706,16948200
2014-04-17,180,2013-08-01,2014-04-17,18.99,17.4609,17.5632,108.7573,108.1237,14.96,20.84,-8.8772,26.9385,10238700
2014-04-21,180,2013-08-02,2014-04-21,19.14,17.4751,17.5779,109.5271,108.8864,14.96,20.84,-8.1574,27.9412,10505700
2014-04-22,180,2013-08-05,2014-04-22,19.36,17.4915,17.5948,110.6826,110.0323,14.96,20.84,-7.1017,29.4118,11168400
2014-04-23,180,2013-08-06,2014-04-23,19.25,17.5088,17.6123,109.945,109.2984,14.96,20.84,-7.6296,28.6765,9063000
2014-04-24,180,2013-08-07,2014-04-24,19.37,17.5262,17.6302,110.52,109.8685,14.96,20.84,-7.0537,29.4786,11860600
2014-04-25,180,2013-08-08,2014-04-25,18.62,17.542,17.6453,106.1452,105.5237,14.96,20.84,-10.6526,24.4652,20504000
2014-04-28,180,2013-08-09,2014-04-28,18.67,17.5597,17.6621,106.3231,105.7065,14.96,20.84,-10.4127,24.7995,11939100
2014-04-29,180,2013-08-12,2014-04-29,19.07,17.5792,17.681,108.4805,107.8559,14.96,20.84,-8.4933,27.4733,13964000
2014-04-30,180,2013-08-13,2014-04-30,19.06,17.5988,17.6999,108.3025,107.6839,14.96,20.84,-8.5413,27.4064,17911800
2014-05-01,180,2013-08-14,2014-05-01,18.88,17.6171,17.7174,107.1685,106.5616,14.96,20.84,-9.405,26.2032,17221300
2014-05-02,180,2013-08-15,2014-05-02,18.96,17.6358,17.7354,107.5085,106.9049,14.96,20.84,-9.0211,26.738,10285300
2014-05-05,180,2013-08-16,2014-05-05,18.97,17.6575,17.7557,107.4328,106.8391,14.96,20.84,-8.9731,26.8048,9132900
2014-05-06,180,2013-08-19,2014-05-06,18.86,17.6766,17.7737,106.6947,106.112,14.96,20.84,-9.501,26.0695,10168600
2014-05-07,180,2013-08-20,2014-05-07,18.99,17.6969,17.7928,107.3072,106.7287,14.96,20.84,-8.8772,26.9385,11924600
2014-05-08,180,2013-08-21,2014-05-08,19.32,17.7186,17.8137,109.0377,108.4561,14.96,20.84,-7.2937,29.1444,21343300
2014-05-09,180,2013-08-22,2014-05-09,19.31,17.7405,17.8346,108.8469,108.2729,14.96,20.84,-7.3417,29.0775,14059800
2014-05-12,180,2013-08-23,2014-05-12,19.47,17.7624,17.8557,109.6136,109.0407,14.96,20.84,-6.5739,30.1471,13120800
2014-05-13,180,2013-08-26,2014-05-13,19.11,17.7829,17.8751,107.4628,106.9084,14.96,20.84,-8.3013,27.7406,20500400
2014-05-14,180,2013-08-27,2014-05-14,18.95,17.8039,17.8946,106.4372,105.8981,14.96,20.84,-9.0691,26.6711,14985100
2014-05-15,180,2013-08-28,2014-05-15,18.69,17.8266,17.9147,104.8434,104.3279,14.96,20.84,-10.3167,24.9332,15801700
2014-05-16,180,2013-08-29,2014-05-16,20.21,17.8573,17.9438,113.175,112.6292,15.01,20.84,-3.023,34.6436,38230900
2014-05-19,180,2013-08-30,2014-05-19,20.12,17.8863,17.9715,112.4882,111.955,15.01,20.84,-3.4549,34.044,16278400
2014-05-20,180,2013-09-03,2014-05-20,19.87,17.9153,17.9985,110.9106,110.3981,15.11,20.84,-4.6545,31.5023,13314600
2014-05-21,180,2013-09-04,2014-05-21,20.0,17.9442,18.0257,111.4565,110.9529,15.51,20.84,-4.0307,28.9491,7642700
2014-05-22,180,2013-09-05,2014-05-22,19.89,17.9688,18.0494,110.6916,110.1976,15.51,20.84,-4.5585,28.2398,9347200
2014-05-23,180,2013-09-06,2014-05-23,20.04,17.9938,18.0736,111.3719,110.8799,15.51,20.84,-3.8388,29.207,7169800
2014-05-27,180,2013-09-09,2014-05-27,20.58,18.0224,18.1018,114.1913,113.6905,15.59,20.84,-1.2476,32.0077,20049000
2014-05-28,180,2013-09-10,2014-05-28,20.54,18.0503,18.1293,113.793,113.2974,15.9,20.84,-1.4395,29.1824,13816800
2014-05-29,180,2013-09-11,2014-05-29,20.28,18.0744,18.1532,112.2031,111.7161,15.9,20.84,-2.6871,27.5472,16088500
2014-05-30,180,2013-09-12,2014-05-30,20.19,18.0984,18.1768,111.5566,111.0755,15.9,20.84,-3.119,26.9811,10101200
2014-06-02,180,2013-09-13,2014-06-02,20.52,18.124,18.2023,113.2199,112.7328,15.9,20.84,-1.5355,29.0566,10808000
2014-06-03,180,2013-09-16,2014-06-03,21.42,18.1536,18.2329,117.9932,117.4797,15.9,21.42,0.0,34.717,33318600
2014-06-04,180,2013-09-17,2014-06-04,21.56,18.1835,18.2641,118.569,118.0457,15.9,21.56,0.0,35.5975,22877300
2014-06-05,180,2013-09-18,2014-06-05,21.78,18.2147,18.2968,119.5735,119.0374,15.93,21.78,0.0,36.7232,21007400
2014-06-06,180,2013-09-19,2014-06-06,21.82,18.244,18.3279,119.6008,119.0532,15.93,21.82,0.0,36.9743,7831000
2014-06-09,180,2013-09-20,2014-06-09,21.91,18.2746,18.3603,119.8932,119.3337,15.93,21.91,0.0,37.5392,8643000
2014-06-10,180,2013-09-23,2014-06-10,21.89,18.3064,18.3934,119.5759,119.0101,15.99,21.91,-0.0913,36.8981,9403300
2014-06-11,180,2013-09-24,2014-06-11,21.89,18.3378,18.4262,119.3709,118.7984,16.5,21.91,-0.0913,32.6667,10331700
2014-06-12,180,2013-09-25,2014-06-12,21.75,18.359,18.4501,118.4705,117.8858,16.5,21.91,-0.7303,31.8182,10857500
2014-06-13,180,2013-09-26,2014-06-13,22.37,18.3803,18.4752,121.7066,121.0811,16.5,22.37,0.0,35.5758,13396600
2014-06-16,180,2013-09-27,2014-06-16,22.35,18.4019,18.5007,121.4546,120.8065,16.5,22.37,-0.0894,35.4545,7917700
2014-06-17,180,2013-09-30,2014-06-17,22.49,18.4252,18.5278,122.061,121.3849,16.5,22.49,0.0,36.303,11200100
2014-06-18,180,2013-10-01,2014-06-18,22.37,18.4485,18.5547,121.2563,120.5623,16.5,22.49,-0.5336,35.5758,13136600
2014-06-19,180,2013-10-02,2014-06-19,22.46,18.4726,18.5824,121.5855,120.8668,16.5,22.49,-0.1334,36.1212,12923000
2014-06-20,180,2013-10-03,2014-06-20,22.75,18.4976,18.6116,122.9891,122.2359,16.5,22.75,0.0,37.8788,19207500
2014-06-23,180,2013-10-04,2014-06-23,22.9,18.5243,18.6425,123.6215,122.8376,16.5,22.9,0.0,38.7879,20573000
2014-06-24,180,2013-10-07,2014-06-24,22.74,18.549,18.6712,122.5943,121.7917,16.5,22.9,-0.6987,37.8182,19276200
2014-06-25,180,2013-10-08,2014-06-25,22.59,18.572,18.698,121.6349,120.8151,16.5,22.9,-1.3537,36.9091,12007300
2014-06-26,180,2013-10-09,2014-06-26,22.42,18.596,18.7253,120.5638,119.7312,16.5,22.9,-2.0961,35.8788,12812800
2014-06-27,180,2013-10-10,2014-06-27,22.4,18.621,18.7534,120.2941,119.4451,16.5,22.9,-2.1834,35.7576,9171600
2014-06-30,180,2013-10-11,2014-06-30,22.55,18.6433,18.7793,120.9549,120.0792,16.5,22.9,-1.5284,36.6667,11199300
2014-07-01,180,2013-10-14,2014-07-01,22.66,18.6654,18.8052,121.4011,120.4988,16.5,22.9,-1.048,37.3333,9030000
2014-07-02,180,2013-10-15,2014-07-02,22.79,18.6874,18.8312,121.9537,121.0224,16.5,22.9,-0.4803,38.1212,6428400
2014-07-03,180,2013-10-16,2014-07-03,22.81,18.7113,18.8589,121.9051,120.9506,16.5,22.9,-0.393,38.2424,5488500
2014-07-07,180,2013-10-17,2014-07-07,22.96,18.7349,18.8867,122.5521,121.5669,16.5,22.96,0.0,39.1515,13761400
2014-07-08,180,2013-10-18,2014-07-08,22.74,18.757,18.9126,121.235,120.2376,16.5,22.96,-0.9582,37.8182,16012600
2014-07-09,180,2013-10-21,2014-07-09,23.27,18.7813,18.9416,123.9,122.8516,16.5,23.27,0.0,41.0303,18534300
2014-07-10,180,2013-10-22,2014-07-10,22.87,18.8053,18.9693,121.6148,120.563,16.5,23.27,-1.7189,38.6061,14261800
2014-07-11,180,2013-10-23,2014-07-11,22.85,18.8281,18.9959,121.3614,120.2892,16.5,23.27,-1.8049,38.4848,9123100
2014-07-14,180,2013-10-24,2014-07-14,23.06,18.8559,19.0273,122.2961,121.1941,16.5,23.27,-0.9025,39.7576,9837700
2014-07-15,180,2013-10-25,2014-07-15,22.89,18.8805,19.0555,121.2364,120.1228,16.5,23.27,-1.633,38.7273,10531700
2014-07-16,180,2013-10-28,2014-07-16,22.85,18.9057,19.0841,120.8629,119.7331,16.5,23.27,-1.8049,38.4848,18058600
2014-07-17,180,2013-10-29,2014-07-17,22.77,18.9305,19.1121,120.2819,119.1391,16.5,23.27,-2.1487,38.0,11318100
2014-07-18,180,2013-10-30,2014-07-18,23.0,18.9545,19.1398,121.3429,120.1682,16.5,23.27,-1.1603,39.3939,11636800
2014-07-21,180,2013-10-31,2014-07-21,22.91,18.9791,19.1678,120.7118,119.5235,16.5,23.27,-1.5471,38.8485,7272900
2014-07-22,180,2013-11-01,2014-07-22,22.52,19.0023,19.1937,118.5119,117.3304,16.5,23.27,-3.223,36.4848,24962300
2014-07-23,180,2013-11-04,2014-07-23,21.9,19.0241,19.217,115.1174,113.9616,16.5,23.27,-5.8874,32.7273,19372600
2014-07-24,180,2013-11-05,2014-07-24,21.76,19.045,19.2393,114.2559,113.102,16.5,23.27,-6.489,31.8788,10357000
2014-07-25,180,2013-11-06,2014-07-25,21.23,19.0635,19.2585,111.3649,110.237,16.5,23.27,-8.7667,28.6667,32255000
2014-07-28,180,2013-11-07,2014-07-28,21.36,19.0816,19.2776,111.9402,110.8021,16.5,23.27,-8.208,29.4546,18647900
2014-07-29,180,2013-11-08,2014-07-29,21.19,19.1027,19.2989,110.9267,109.7991,16.5,23.27,-8.9385,28.4242,9834800
2014-07-30,180,2013-11-11,2014-07-30,21.28,19.1217,19.3185,111.2873,110.1535,16.5,23.27,-8.5518,28.9697,9720900
2014-07-31,180,2013-11-12,2014-07-31,20.96,19.1389,19.3361,109.5152,108.3985,16.5,23.27,-9.9269,27.0303,12962700
2014-08-01,180,2013-11-13,2014-08-01,21.09,19.1578,19.3552,110.0858,108.9628,16.5,23.27,-9.3683,27.8182,9624200
2014-08-04,180,2013-11-14,2014-08-04,21.13,19.1767,19.3744,110.1858,109.0612,16.5,23.27,-9.1964,28.0606,7407900
2014-08-05,180,2013-11-15,2014-08-05,20.84,19.195,19.3927,108.5698,107.4633,16.5,23.27,-10.4426,26.303,9958800
2014-08-06,180,2013-11-18,2014-08-06,21.15,19.2151,19.4128,110.0697,108.9485,16.5,23.27,-9.1104,28.1818,10986000
2014-08-07,180,2013-11-19,2014-08-07,20.69,19.2371,19.4337,107.5528,106.4647,16.5,23.27,-11.0872,25.3939,15613800
2014-08-08,180,2013-11-20,2014-08-08,20.83,19.2606,19.4559,108.1481,107.0624,16.5,23.27,-10.4856,26.2424,9052300
2014-08-11,180,2013-11-21,2014-08-11,21.09,19.2854,19.4796,109.3574,108.267,16.5,23.27,-9.3683,27.8182,9213500
2014-08-12,180,2013-11-22,2014-08-12,20.91,19.3062,19.4998,108.3069,107.2317,16.5,23.27,-10.1418,26.7273,8557100
2014-08-13,180,2013-11-25,2014-08-13,20.97,19.3276,19.5205,108.4979,107.4255,16.5,23.27,-9.884,27.0909,9315000
2014-08-14,180,2013-11-26,2014-08-14,21.15,19.3496,19.5421,109.3044,108.2281,16.5,23.27,-9.1104,28.1818,11241000
2014-08-15,180,2013-11-27,2014-08-15,22.48,19.3759,19.5696,116.0206,114.872,16.5,23.27,-3.3949,36.2424,25841600
2014-08-18,180,2013-11-29,2014-08-18,22.1,19.4017,19.596,113.9073,112.7781,16.5,23.27,-5.0279,33.9394,16987500
2014-08-19,180,2013-12-02,2014-08-19,22.05,19.4278,19.6224,113.4971,112.3716,16.5,23.27,-5.2428,33.6364,9119300
2014-08-20,180,2013-12-03,2014-08-20,21.9,19.4547,19.649,112.5694,111.4561,16.5,23.27,-5.8874,32.7273,9820500
2014-08-21,180,2013-12-04,2014-08-21,22.2,19.4828,19.6772,113.9467,112.8208,16.5,23.27,-4.5982,34.5455,11350000
2014-08-22,180,2013-12-05,2014-08-22,22.17,19.5147,19.7081,113.6067,112.4918,16.5,23.27,-4.7271,34.3636,7573700
2014-08-25,180,2013-12-06,2014-08-25,22.12,19.5473,19.7393,113.1613,112.0605,16.66,23.27,-4.942,32.7731,9763500
2014-08-26,180,2013-12-09,2014-08-26,22.23,19.578,19.7693,113.5457,112.4469,16.66,23.27,-4.4693,33.4334,8671700
2014-08-27,180,2013-12-10,2014-08-27,22.63,19.6105,19.8016,115.3974,114.2839,16.66,23.27,-2.7503,35.8343,10428200
2014-08-28,180,2013-12-11,2014-08-28,22.8,19.6438,19.8347,116.0672,114.9499,16.66,23.27,-2.0198,36.8547,9035100
2014-08-29,180,2013-12-12,2014-08-29,23.11,19.6785,19.8696,117.438,116.3083,16.66,23.27,-0.6876,38.7155,15635800
2014-09-02,180,2013-12-13,2014-09-02,22.93,19.7134,19.9041,116.317,115.2023,16.66,23.27,-1.4611,37.6351,11956900
2014-09-03,180,2013-12-16,2014-09-03,22.9,19.7484,19.9386,115.9585,114.8529,16.66,23.27,-1.59,37.455,12940800
2014-09-04,180,2013-12-17,2014-09-04,22.54,19.7824,19.9712,113.9395,112.8624,16.72,23.27,-3.1371,34.8086,12291800
2014-09-05,180,2013-12-18,2014-09-05,22.76,19.8164,20.0043,114.8545,113.7753,16.72,23.27,-2.1917,36.1244,10448000
2014-09-08,180,2013-12-19,2014-09-08,22.67,19.8483,20.0357,114.2164,113.1482,16.72,23.27,-2.5784,35.5861,10070800
2014-09-09,180,2013-12-20,2014-09-09,22.46,19.8806,20.0667,112.9747,111.9269,16.72,23.27,-3.4809,34.3301,12567200
2014-09-10,180,2013-12-23,2014-09-10,22.37,19.9102,20.0954,112.3546,111.3188,16.72,23.27,-3.8676,33.7919,7355000
2014-09-11,180,2013-12-24,2014-09-11,22.93,19.94,20.1256,114.9952,113.9347,16.72,23.27,-1.4611,37.1412,12622700
2014-09-12,180,2013-12-26,2014-09-12,22.3,19.968,20.1528,111.6789,110.6544,16.72,23.27,-4.1685,33.3732,12032000
2014-09-15,180,2013-12-27,2014-09-15,22.05,19.9946,20.1784,110.28,109.275,16.72,23.27,-5.2428,31.878,11815100
2014-09-16,180,2013-12-30,2014-09-16,22.37,20.0227,20.2059,111.723,110.7103,16.72,23.27,-3.8676,33.7919,8430000
2014-09-17,180,2013-12-31,2014-09-17,22.45,20.0509,20.2334,111.965,110.9549,16.72,23.27,-3.5238,34.2703,10608100
2014-09-18,180,2014-01-02,2014-09-18,22.6,20.0784,20.2608,112.5585,111.5456,16.72,23.27,-2.8792,35.1675,9095100
2014-09-19,180,2014-01-03,2014-09-19,22.55,20.1068,20.2886,112.1512,111.1464,16.72,23.27,-3.0941,34.8684,10453700
2014-09-22,180,2014-01-06,2014-09-22,21.94,20.1327,20.3132,108.9769,108.0088,16.72,23.27,-5.7155,31.2201,9260200
2014-09-23,180,2014-01-07,2014-09-23,21.63,20.1589,20.3373,107.2976,106.3564,16.72,23.27,-7.0477,29.366,13683200
2014-09-24,180,2014-01-08,2014-09-24,21.96,20.1861,20.3628,108.7878,107.8438,16.72,23.27,-5.6296,31.3397,7675600
2014-09-25,180,2014-01-09,2014-09-25,21.51,20.2108,20.3855,106.4281,105.5162,16.72,23.27,-7.5634,28.6483,9119200
2014-09-26,180,2014-01-10,2014-09-26,21.74,20.2369,20.4096,107.4276,106.5184,16.72,23.27,-6.575,30.0239,7473900
2014-09-29,180,2014-01-13,2014-09-29,21.75,20.2626,20.4334,107.3409,106.4434,16.72,23.27,-6.532,30.0837,7110100
2014-09-30,180,2014-01-14,2014-09-30,21.61,20.2887,20.4572,106.5123,105.6351,16.72,23.27,-7.1336,29.2464,9495200
2014-10-01,180,2014-01-15,2014-10-01,20.96,20.3094,20.4757,103.2036,102.3651,16.72,23.27,-9.9269,25.3589,16300600
2014-10-02,180,2014-01-16,2014-10-02,20.53,20.3256,20.4902,101.0058,100.1944,16.72,23.27,-11.7748,22.7871,24922700
2014-10-03,180,2014-01-17,2014-10-03,20.74,20.3451,20.5074,101.941,101.134,16.72,23.27,-10.8724,24.0431,11155100
2014-10-06,180,2014-01-21,2014-10-06,20.6,20.3645,20.5244,101.1563,100.3684,16.72,23.27,-11.474,23.2057,9935000
2014-10-07,180,2014-01-22,2014-10-07,20.37,20.3823,20.5397,99.9399,99.1737,16.72,23.27,-12.4624,21.8302,15630200
2014-10-08,180,2014-01-23,2014-10-08,21.15,20.4038,20.5591,103.6569,102.8741,16.72,23.27,-9.1104,26.4952,16941900
2014-10-09,180,2014-01-24,2014-10-09,20.87,20.425,20.5777,102.1788,101.4206,16.72,23.27,-10.3137,24.8206,17546500
2014-10-10,180,2014-01-27,2014-10-10,19.83,20.4431,20.5924,97.0009,96.2975,16.72,23.27,-14.783,18.6005,33135400
2014-10-13,180,2014-01-28,2014-10-13,18.92,20.4593,20.6047,92.4764,91.8239,16.73,23.27,-18.6936,13.0903,36073300
2014-10-14,180,2014-01-29,2014-10-14,19.34,20.4779,20.6191,94.4434,93.7967,16.73,23.27,-16.8887,15.6007,20061000
2014-10-15,180,2014-01-30,2014-10-15,19.43,20.4972,20.6341,94.7932,94.1647,16.76,23.27,-16.5019,15.9308,30272400
2014-10-16,180,2014-01-31,2014-10-16,19.87,20.5189,20.6512,96.8376,96.2171,16.76,23.27,-14.6111,18.5561,17520500
2014-10-17,180,2014-02-03,2014-10-17,19.88,20.5403,20.6682,96.7852,96.1863,16.76,23.27,-14.5681,18.6157,17455300
2014-10-20,180,2014-02-04,2014-10-20,20.07,20.5634,20.6866,97.6005,97.0193,16.78,23.27,-13.7516,19.6067,10231100
2014-10-21,180,2014-02-05,2014-10-21,20.78,20.5904,20.7088,100.9208,100.3437,16.89,23.27,-10.7005,23.0314,18140100
2014-10-22,180,2014-02-06,2014-10-22,20.49,20.6149,20.7288,99.394,98.8478,17.05,23.27,-11.9467,20.176,14909300
2014-10-23,180,2014-02-07,2014-10-23,20.9,20.6405,20.7502,101.2574,100.7218,17.18,23.27,-10.1848,21.6531,19154800
2014-10-24,180,2014-02-10,2014-10-24,20.99,20.6655,20.7714,101.5702,101.0525,17.25,23.27,-9.798,21.6812,19804200
2014-10-27,180,2014-02-11,2014-10-27,21.04,20.6903,20.7924,101.6901,101.1906,17.78,23.27,-9.5831,18.3352,10460900
2014-10-28,180,2014-02-12,2014-10-28,21.25,20.7122,20.8117,102.5966,102.1059,17.91,23.27,-8.6807,18.6488,10943700
2014-10-29,180,2014-02-13,2014-10-29,21.48,20.7343,20.8316,103.5964,103.1128,18.62,23.27,-7.6923,15.3598,11025000
2014-10-30,180,2014-02-14,2014-10-30,21.34,20.749,20.8453,102.8484,102.3733,18.62,23.27,-8.2939,14.6079,13317900
2014-10-31,180,2014-02-18,2014-10-31,22.09,20.7669,20.8627,106.3713,105.8829,18.62,23.27,-5.0709,18.6359,18062900
2014-11-03,180,2014-02-19,2014-11-03,22.21,20.7861,20.8813,106.8502,106.3629,18.62,23.27,-4.5552,19.2803,11643500
2014-11-04,180,2014-02-20,2014-11-04,22.08,20.8054,20.8998,106.1261,105.6468,18.62,23.27,-5.1139,18.5822,12058000
2014-11-05,180,2014-02-21,2014-11-05,22.61,20.8257,20.9199,108.5676,108.0787,18.62,23.27,-2.8363,21.4286,10383800
2014-11-06,180,2014-02-24,2014-11-06,22.59,20.8452,20.9393,108.37,107.8831,18.62,23.27,-2.9222,21.3212,11774300
2014-11-07,180,2014-02-25,2014-11-07,22.43,20.8642,20.958,107.5046,107.0236,18.62,23.27,-3.6098,20.4619,8217400
2014-11-10,180,2014-02-26,2014-11-10,22.63,20.8845,20.9781,108.3577,107.8746,18.62,23.27,-2.7503,21.536,10653900
2014-11-11,180,2014-02-27,2014-11-11,22.54,20.9039,20.9972,107.8267,107.3478,18.62,23.27,-3.1371,21.0526,8117800
2014-11-12,180,2014-02-28,2014-11-12,22.49,20.9237,21.0165,107.4858,107.0112,18.62,23.27,-3.352,20.7841,9910200
2014-11-13,180,2014-03-03,2014-11-13,22.62,20.9445,21.0368,107.9999,107.5257,18.62,23.27,-2.7933,21.4823,13873400
2014-11-14,180,2014-03-04,2014-11-14,22.82,20.968,21.0597,108.8328,108.3588,18.62,23.27,-1.9338,22.5564,14877200
2014-11-17,180,2014-03-05,2014-11-17,22.48,20.989,21.0799,107.1039,106.6419,18.62,23.27,-3.3949,20.7304,11374100
2014-11-18,180,2014-03-06,2014-11-18,22.68,21.0087,21.0994,107.9551,107.4913,18.62,23.27,-2.5355,21.8045,9718600
2014-11-19,180,2014-03-07,2014-11-19,22.59,21.0267,21.1172,107.4347,106.9743,18.62,23.27,-2.9222,21.3212,9929000
2014-11-20,180,2014-03-10,2014-11-20,22.63,21.0433,21.1338,107.5403,107.0795,18.62,23.27,-2.7503,21.536,9402400
2014-11-21,180,2014-03-11,2014-11-21,22.86,21.0626,21.1532,108.5335,108.0689,18.62,23.27,-1.7619,22.7712,9890300
2014-11-24,180,2014-03-12,2014-11-24,23.24,21.0854,21.176,110.2183,109.7469,18.62,23.27,-0.1289,24.812,13508800
2014-11-25,180,2014-03-13,2014-11-25,23.23,21.1057,21.1967,110.065,109.5927,18.62,23.27,-0.1719,24.7583,8721500
2014-11-26,180,2014-03-14,2014-11-26,23.87,21.1332,21.2244,112.9505,112.465,18.62,23.87,0.0,28.1955,14852600
2014-11-28,180,2014-03-17,2014-11-28,24.05,21.1626,21.254,113.644,113.1552,18.62,24.05,0.0,29.1622,9712400
2014-12-01,180,2014-03-18,2014-12-01,23.74,21.1889,21.2804,112.0399,111.5578,18.62,24.05,-1.289,27.4973,10257800
2014-12-02,180,2014-03-19,2014-12-02,23.87,21.2132,21.3054,112.5243,112.0371,18.62,24.05,-0.7484,28.1955,10582600
2014-12-03,180,2014-03-20,2014-12-03,24.59,21.24,21.3339,115.7724,115.2626,18.62,24.59,0.0,32.0623,17468400
2014-12-04,180,2014-03-21,2014-12-04,24.4,21.2614,21.3573,114.762,114.2468,18.62,24.59,-0.7727,31.0419,10143700
2014-12-05,180,2014-03-24,2014-12-05,25.04,21.2856,21.3843,117.638,117.0951,18.62,25.04,0.0,34.4791,19265200
2014-12-08,180,2014-03-25,2014-12-08,24.24,21.3071,21.4073,113.7652,113.2322,18.62,25.04,-3.1949,30.1826,18671200
2014-12-09,180,2014-03-26,2014-12-09,24.42,21.3277,21.4299,114.4992,113.953,18.62,25.04,-2.476,31.1493,13241000
2014-12-10,180,2014-03-27,2014-12-10,23.78,21.3487,21.4517,111.3887,110.8539,18.62,25.04,-5.0319,27.7121,10681100
2014-12-11,180,2014-03-28,2014-12-11,23.79,21.3708,21.4744,111.3199,110.7828,18.62,25.04,-4.992,27.7658,7736400
2014-12-12,180,2014-03-31,2014-12-12,23.66,21.3894,21.4938,110.6158,110.0784,18.62,25.04,-5.5112,27.0677,14273700
2014-12-15,180,2014-04-01,2014-12-15,23.39,21.4052,21.5103,109.2726,108.7387,18.62,25.04,-6.5895,25.6176,14971300
2014-12-16,180,2014-04-02,2014-12-16,23.85,21.4219,21.5282,111.3346,110.7848,18.62,25.04,-4.7524,28.0881,25505200
2014-12-17,180,2014-04-03,2014-12-17,24.46,21.4403,21.5486,114.0841,113.5108,18.62,25.04,-2.3163,31.3641,17430500
2014-12-18,180,2014-04-04,2014-12-18,25.01,21.4608,21.5718,116.5382,115.9385,18.62,25.04,-0.1198,34.3179,18581800
2014-12-19,180,2014-04-07,2014-12-19,24.89,21.4844,21.5976,115.8518,115.2445,18.62,25.04,-0.599,33.6735,14802700
2014-12-22,180,2014-04-08,2014-12-22,25.4,21.5115,21.6274,118.0766,117.4437,18.62,25.4,0.0,36.4125,17583800
2014-12-23,180,2014-04-09,2014-12-23,25.4,21.5398,21.6582,117.9213,117.2765,18.62,25.4,0.0,36.4125,9841000
2014-12-24,180,2014-04-10,2014-12-24,25.25,21.5667,21.6874,117.0787,116.4268,18.62,25.4,-0.5906,35.6069,2878400
2014-12-26,180,2014-04-11,2014-12-26,25.19,21.5995,21.7213,116.623,115.9689,18.62,25.4,-0.8268,35.2846,4057700
2014-12-29,180,2014-04-14,2014-12-29,25.31,21.6327,21.7557,116.9987,116.3372,18.62,25.4,-0.3543,35.9291,5894400
2014-12-30,180,2014-04-15,2014-12-30,25.22,21.6664,21.7902,116.4016,115.7403,18.62,25.4,-0.7087,35.4457,6554300
2014-12-31,180,2014-04-16,2014-12-31,24.92,21.7001,21.8238,114.8384,114.1871,18.62,25.4,-1.8898,33.8346,7006500
2015-01-02,180,2014-04-17,2015-01-02,24.96,21.7336,21.8574,114.8454,114.1948,18.62,25.4,-1.7323,34.0494,6910200
2015-01-05,180,2014-04-21,2015-01-05,24.16,21.7632,21.8861,111.0132,110.3896,18.62,25.4,-4.8819,29.7529,11419800
2015-01-06,180,2014-04-22,2015-01-06,23.25,21.7875,21.9089,106.7126,106.121,18.62,25.4,-8.4646,24.8657,19678300
2015-01-07,180,2014-04-23,2015-01-07,23.47,21.8114,21.9318,107.6044,107.0137,18.62,25.4,-7.5984,26.0472,15710300
2015-01-08,180,2014-04-24,2015-01-08,24.22,21.8396,21.9594,110.8995,110.2945,18.62,25.4,-4.6457,30.0752,16696900
2015-01-09,180,2014-04-25,2015-01-09,24.24,21.8671,21.9864,110.8514,110.2497,18.62,25.4,-4.5669,30.1826,8737000
2015-01-12,180,2014-04-28,2015-01-12,23.66,21.8975,22.0144,108.0486,107.4749,18.67,25.4,-6.8504,26.7274,12581500
2015-01-13,180,2014-04-29,2015-01-13,23.33,21.9261,22.0403,106.403,105.8514,18.69,25.4,-8.1496,24.8261,14419300
2015-01-14,180,2014-04-30,2015-01-14,23.02,21.9501,22.0623,104.874,104.341,18.69,25.4,-9.3701,23.1675,21954700
2015-01-15,180,2014-05-01,2015-01-15,23.33,21.9759,22.086,106.1619,105.6325,18.69,25.4,-8.1496,24.8261,26527200
2015-01-16,180,2014-05-02,2015-01-16,23.47,22.0037,22.1115,106.6639,106.1439,18.69,25.4,-7.5984,25.5752,16733200
2015-01-20,180,2014-05-05,2015-01-20,23.63,22.0318,22.1374,107.2542,106.7422,18.69,25.4,-6.9685,26.4312,13686000
2015-01-21,180,2014-05-06,2015-01-21,24.32,22.0631,22.1672,110.2293,109.7118,18.69,25.4,-4.252,30.1231,13106700
2015-01-22,180,2014-05-07,2015-01-22,24.62,22.0967,22.1992,111.4194,110.9051,18.69,25.4,-3.0709,31.7282,12543500
2015-01-23,180,2014-05-08,2015-01-23,24.11,22.1271,22.2276,108.9616,108.4687,18.69,25.4,-5.0787,28.9995,13218600
2015-01-26,180,2014-05-09,2015-01-26,24.24,22.1557,22.2549,109.4076,108.9196,18.69,25.4,-4.5669,29.695,7787700
2015-01-27,180,2014-05-12,2015-01-27,23.57,22.1812,22.2786,106.261,105.7965,18.69,25.4,-7.2047,26.1102,13424700
2015-01-28,180,2014-05-13,2015-01-28,23.38,22.2047,22.3003,105.2929,104.8415,18.69,25.4,-7.9528,25.0936,10843000
2015-01-29,180,2014-05-14,2015-01-29,23.62,22.2321,22.3254,106.2426,105.7988,18.69,25.4,-7.0079,26.3777,8518900
2015-01-30,180,2014-05-15,2015-01-30,22.84,22.2568,22.347,102.6201,102.2061,18.69,25.4,-10.0787,22.2044,13074500
2015-02-02,180,2014-05-16,2015-02-02,22.86,22.2837,22.3702,102.586,102.1897,18.92,25.4,-10.0,20.8245,14152300
2015-02-03,180,2014-05-19,2015-02-03,23.45,22.3026,22.3882,105.1446,104.7428,18.92,25.4,-7.6772,23.9429,11810800
2015-02-04,180,2014-05-20,2015-02-04,23.62,22.323,22.4076,105.8102,105.4106,18.92,25.4,-7.0079,24.8414,14635900
2015-02-05,180,2014-05-21,2015-02-05,23.96,22.3468,22.4303,107.219,106.8196,18.92,25.4,-5.6693,26.6385,13207000
2015-02-06,180,2014-05-22,2015-02-06,24.24,22.3711,22.4539,108.3542,107.9546,18.92,25.4,-4.5669,28.1184,16898700
2015-02-09,180,2014-05-23,2015-02-09,23.51,22.3926,22.474,104.9899,104.6098,18.92,25.4,-7.4409,24.26,11718200
2015-02-10,180,2014-05-27,2015-02-10,24.28,22.4169,22.4976,108.311,107.9228,18.92,25.4,-4.4094,28.3298,11140100
2015-02-11,180,2014-05-28,2015-02-11,24.26,22.4375,22.518,108.1224,107.736,18.92,25.4,-4.4882,28.2241,14902200
2015-02-12,180,2014-05-29,2015-02-12,24.14,22.4578,22.538,107.4903,107.108,18.92,25.4,-4.9606,27.5898,19818300
2015-02-13,180,2014-05-30,2015-02-13,24.12,22.4799,22.5593,107.296,106.9181,18.92,25.4,-5.0394,27.4841,12979000
2015-02-17,180,2014-06-02,2015-02-17,24.13,22.5026,22.5812,107.2321,106.8587,18.92,25.4,-5.0,27.537,12948700
2015-02-18,180,2014-06-03,2015-02-18,24.1,22.523,22.6011,107.0018,106.6319,18.92,25.4,-5.1181,27.3784,11429700
2015-02-19,180,2014-06-04,2015-02-19,24.93,22.5415,22.6206,110.5959,110.2092,18.92,25.4,-1.8504,31.7653,29232400
2015-02-20,180,2014-06-05,2015-02-20,25.13,22.5601,22.6404,111.3912,110.996,18.92,25.4,-1.063,32.8224,23555700
2015-02-23,180,2014-06-06,2015-02-23,24.91,22.5765,22.6578,110.3362,109.9399,18.92,25.4,-1.9291,31.6596,14203100
2015-02-24,180,2014-06-09,2015-02-24,25.36,22.5946,22.6775,112.2393,111.8289,18.92,25.4,-0.1575,34.0381,13374500
2015-02-25,180,2014-06-10,2015-02-25,25.1,22.6111,22.6952,111.0077,110.596,18.92,25.4,-1.1811,32.6638,11742700
2015-02-26,180,2014-06-11,2015-02-26,24.91,22.6268,22.712,110.0907,109.6777,18.92,25.4,-1.9291,31.6596,21342100
2015-02-27,180,2014-06-12,2015-02-27,25.05,22.6432,22.7296,110.6293,110.2089,18.92,25.4,-1.378,32.3996,13294300
2015-03-02,180,2014-06-13,2015-03-02,25.63,22.663,22.7511,113.0916,112.6538,18.92,25.63,0.0,35.4651,17091100
2015-03-03,180,2014-06-16,2015-03-03,24.49,22.6741,22.7629,108.0088,107.5874,18.92,25.63,-4.4479,29.4397,18989700
2015-03-04,180,2014-06-17,2015-03-04,24.27,22.6842,22.7736,106.9908,106.571,18.92,25.63,-5.3063,28.277,12448600
2015-03-05,180,2014-06-18,2015-03-05,24.18,22.6931,22.7829,106.5523,106.132,18.92,25.63,-5.6574,27.8013,10047400
2015-03-06,180,2014-06-19,2015-03-06,23.91,22.7013,22.7915,105.3242,104.9075,18.92,25.63,-6.7109,26.3742,18044100
2015-03-09,180,2014-06-20,2015-03-09,24.09,22.71,22.8006,106.0768,105.6553,18.92,25.63,-6.0086,27.3256,9924300
2015-03-10,180,2014-06-23,2015-03-10,23.51,22.714,22.8048,103.5043,103.0924,18.92,25.63,-8.2716,24.26,11622000
2015-03-11,180,2014-06-24,2015-03-11,23.46,22.717,22.8079,103.2706,102.8591,18.92,25.63,-8.4666,23.9958,16238700
2015-03-12,180,2014-06-25,2015-03-12,23.77,22.7225,22.8136,104.6101,104.1922,18.92,25.63,-7.2571,25.6342,14311000
2015-03-13,180,2014-06-26,2015-03-13,24.24,22.7311,22.8228,106.6379,106.2097,18.92,25.63,-5.4233,28.1184,14834900
2015-03-16,180,2014-06-27,2015-03-16,24.57,22.7423,22.8347,108.0364,107.5993,18.92,25.63,-4.1358,29.8626,12944500
2015-03-17,180,2014-06-30,2015-03-17,24.21,22.7519,22.8448,106.4085,105.9761,18.92,25.63,-5.5404,27.9598,12973600
2015-03-18,180,2014-07-01,2015-03-18,24.37,22.7615,22.8549,107.0669,106.6293,18.92,25.63,-4.9161,28.8055,23018300
2015-03-19,180,2014-07-02,2015-03-19,24.08,22.769,22.8628,105.758,105.324,18.92,25.63,-6.0476,27.2727,9698600
2015-03-20,180,2014-07-03,2015-03-20,24.12,22.7759,22.8702,105.9013,105.4649,18.92,25.63,-5.8915,27.4841,17346600
2015-03-23,180,2014-07-07,2015-03-23,23.97,22.782,22.8766,105.2145,104.7795,18.92,25.63,-6.4768,26.6913,11439900
2015-03-24,180,2014-07-08,2015-03-24,23.9,22.787,22.8818,104.8845,104.4497,18.92,25.63,-6.7499,26.3214,11834900
2015-03-25,180,2014-07-09,2015-03-25,22.63,22.7864,22.8812,99.3138,98.9021,18.92,25.63,-11.705,19.6089,25737200
2015-03-26,180,2014-07-10,2015-03-26,22.4,22.7816,22.8764,98.3252,97.9176,18.92,25.63,-12.6024,18.3932,34670400
2015-03-27,180,2014-07-11,2015-03-27,22.83,22.7813,22.8762,100.2136,99.7982,18.92,25.63,-10.9247,20.666,20147100
2015-03-30,180,2014-07-14,2015-03-30,22.77,22.7809,22.8757,99.9522,99.5378,18.92,25.63,-11.1588,20.3488,19359200
2015-03-31,180,2014-07-15,2015-03-31,22.56,22.7781,22.8729,99.0424,98.6318,18.92,25.63,-11.9782,19.2389,13746600
2015-04-01,180,2014-07-16,2015-04-01,22.39,22.7753,22.8702,98.3082,97.9005,18.92,25.63,-12.6414,18.3404,16055300
2015-04-02,180,2014-07-17,2015-04-02,22.27,22.772,22.8669,97.7955,97.3895,18.92,25.63,-13.1096,17.7061,9281100
2015-04-06,180,2014-07-18,2015-04-06,22.16,22.7685,22.8636,97.3273,96.9228,18.92,25.63,-13.5388,17.1247,32215500
2015-04-07,180,2014-07-21,2015-04-07,21.99,22.7628,22.8579,96.605,96.2029,18.92,25.63,-14.2021,16.2262,28793600
2015-04-08,180,2014-07-22,2015-04-08,22.38,22.7598,22.855,98.3312,97.9217,18.92,25.63,-12.6805,18.2875,18046100
2015-04-09,180,2014-07-23,2015-04-09,22.51,22.7598,22.8549,98.9026,98.4907,18.92,25.63,-12.1732,18.9746,14365500
2015-04-10,180,2014-07-24,2015-04-10,22.5,22.7633,22.8583,98.8435,98.4326,18.92,25.63,-12.2122,18.9218,12043900
2015-04-13,180,2014-07-25,2015-04-13,22.33,22.7666,22.8614,98.0821,97.6754,18.92,25.63,-12.8755,18.0233,8909000
2015-04-14,180,2014-07-28,2015-04-14,22.2,22.7726,22.8668,97.4857,97.0838,18.92,25.63,-13.3827,17.3362,12358400
2015-04-15,180,2014-07-29,2015-04-15,22.55,22.7797,22.8734,98.9917,98.5859,18.92,25.63,-12.0172,19.186,15021000
2015-04-16,180,2014-07-30,2015-04-16,21.88,22.784,22.8773,96.0324,95.6407,18.92,25.63,-14.6313,15.6448,33201500
2015-04-17,180,2014-07-31,2015-04-17,21.49,22.7853,22.8784,94.3152,93.9312,18.92,25.63,-16.1529,13.5835,20698400
2015-04-20,180,2014-08-01,2015-04-20,21.76,22.7904,22.8829,95.479,95.0929,18.92,25.63,-15.0995,15.0106,13365200
2015-04-21,180,2014-08-04,2015-04-21,22.29,22.7977,22.8896,97.7729,97.3807,18.92,25.63,-13.0316,17.8118,30028400
2015-04-22,180,2014-08-05,2015-04-22,22.31,22.805,22.8961,97.8296,97.4401,18.92,25.63,-12.9536,17.9175,11528400
2015-04-23,180,2014-08-06,2015-04-23,22.17,22.8133,22.9035,97.1802,96.7974,18.92,25.63,-13.4998,17.1776,9290300
2015-04-24,180,2014-08-07,2015-04-24,21.8,22.8174,22.9071,95.5413,95.167,18.92,25.63,-14.9434,15.222,14286800
2015-04-27,180,2014-08-08,2015-04-27,19.97,22.8123,22.9031,87.5404,87.1934,18.92,25.63,-22.0835,5.5497,219415200
2015-04-28,180,2014-08-11,2015-04-28,20.04,22.8068,22.8987,87.8684,87.5158,18.92,25.63,-21.8104,5.9197,55701400
2015-04-29,180,2014-08-12,2015-04-29,20.01,22.7995,22.8927,87.7653,87.4077,18.92,25.63,-21.9274,5.7611,31274200
2015-04-30,180,2014-08-13,2015-04-30,19.79,22.7916,22.8865,86.8301,86.4702,18.92,25.63,-22.7858,4.5983,33200100
2015-05-01,180,2014-08-14,2015-05-01,19.98,22.7848,22.881,87.6899,87.3214,18.92,25.63,-22.0445,5.6025,27346000
2015-05-04,180,2014-08-15,2015-05-04,19.88,22.7761,22.8739,87.2844,86.9111,18.92,25.63,-22.4346,5.074,14802900
2015-05-05,180,2014-08-18,2015-05-05,19.36,22.7555,22.8566,85.0784,84.702,18.92,25.63,-24.4635,2.3256,27823300
2015-05-06,180,2014-08-19,2015-05-06,19.45,22.7378,22.8419,85.5406,85.1506,18.92,25.63,-24.1124,2.8013,24425100
2015-05-07,180,2014-08-20,2015-05-07,19.56,22.7212,22.8281,86.0871,85.684,18.92,25.63,-23.6832,3.3827,14345900
2015-05-08,180,2014-08-21,2015-05-08,19.69,22.7065,22.8158,86.7153,86.2999,18.92,25.63,-23.176,4.0698,15655300
2015-05-11,180,2014-08-22,2015-05-11,19.92,22.6917,22.8031,87.7853,87.3565,18.92,25.63,-22.2786,5.2854,18837100
2015-05-12,180,2014-08-25,2015-05-12,19.89,22.677,22.7904,87.7102,87.2734,18.92,25.63,-22.3956,5.1268,15269900
2015-05-13,180,2014-08-26,2015-05-13,19.93,22.6628,22.7783,87.9416,87.4956,18.92,25.63,-22.2396,5.3383,23811200
2015-05-14,180,2014-08-27,2015-05-14,19.86,22.6475,22.7651,87.6919,87.2388,18.92,25.63,-22.5127,4.9683,30896500
2015-05-15,180,2014-08-28,2015-05-15,20.2,22.6323,22.7516,89.2529,88.7849,18.92,25.63,-21.1861,6.7653,55400700
2015-05-18,180,2014-08-29,2015-05-18,20.19,22.6162,22.7371,89.2723,88.7976,18.92,25.63,-21.2251,6.7125,24351900
2015-05-19,180,2014-09-02,2015-05-19,19.99,22.597,22.7198,88.463,87.985,18.92,25.63,-22.0055,5.6554,22054900
2015-05-20,180,2014-09-03,2015-05-20,19.91,22.5783,22.703,88.1821,87.6977,18.92,25.63,-22.3176,5.2326,17596200
2015-05-21,180,2014-09-04,2015-05-21,20.15,22.5614,22.6877,89.3118,88.8146,18.92,25.63,-21.3812,6.5011,11819800
2015-05-22,180,2014-09-05,2015-05-22,20.14,22.5465,22.6744,89.3266,88.8227,18.92,25.63,-21.4202,6.4482,13257200
2015-05-26,180,2014-09-08,2015-05-26,19.99,22.5293,22.659,88.7289,88.221,18.92,25.63,-22.0055,5.6554,15117000
2015-05-27,180,2014-09-09,2015-05-27,20.34,22.5151,22.6461,90.3396,89.817,18.92,25.63,-20.6399,7.5053,16439200
2015-05-28,180,2014-09-10,2015-05-28,20.36,22.5021,22.6344,90.4803,89.9516,18.92,25.63,-20.5618,7.611,18479800
2015-05-29,180,2014-09-11,2015-05-29,20.13,22.4881,22.6219,89.5138,88.9844,18.92,25.63,-21.4592,6.3953,17857100
2015-06-01,180,2014-09-12,2015-06-01,20.31,22.4723,22.6074,90.3777,89.8379,18.92,25.63,-20.7569,7.3467,11839700
2015-06-02,180,2014-09-15,2015-06-02,20.38,22.4605,22.5967,90.7371,90.1901,18.92,25.63,-20.4838,7.7167,15954100
2015-06-03,180,2014-09-16,2015-06-03,20.36,22.45,22.5873,90.6906,90.139,18.92,25.63,-20.5618,7.611,9133500
2015-06-04,180,2014-09-17,2015-06-04,20.06,22.4355,22.5745,89.4117,88.8613,18.92,25.63,-21.7323,6.0254,17684700
2015-06-05,180,2014-09-18,2015-06-05,20.15,22.4213,22.5617,89.8697,89.3106,18.92,25.63,-21.3812,6.5011,12782500
2015-06-08,180,2014-09-19,2015-06-08,19.87,22.4044,22.5466,88.688,88.1288,18.92,25.63,-22.4737,5.0211,15101500
2015-06-09,180,2014-09-22,2015-06-09,19.91,22.388,22.5319,88.9316,88.3637,18.92,25.63,-22.3176,5.2326,12721000
2015-06-10,180,2014-09-23,2015-06-10,20.04,22.376,22.5213,89.5604,88.9823,18.92,25.63,-21.8104,5.9197,14241500
2015-06-11,180,2014-09-24,2015-06-11,19.78,22.3639,22.5111,88.446,87.8679,18.92,25.63,-22.8248,4.5455,16586500
2015-06-12,180,2014-09-25,2015-06-12,19.62,22.3489,22.4981,87.7897,87.2075,18.92,25.63,-23.4491,3.6998,12228200
2015-06-15,180,2014-09-26,2015-06-15,19.71,22.3371,22.4881,88.2389,87.6465,18.92,25.63,-23.0979,4.1755,15661300
2015-06-16,180,2014-09-29,2015-06-16,19.82,22.3247,22.4774,88.7804,88.1775,18.92,25.63,-22.6687,4.7569,11534800
2015-06-17,180,2014-09-30,2015-06-17,19.54,22.3104,22.4651,87.5827,86.9793,18.92,25.63,-23.7612,3.277,18479200
2015-06-18,180,2014-10-01,2015-06-18,19.84,22.2989,22.4553,88.9728,88.3534,18.92,25.63,-22.5907,4.8626,16078000
2015-06-19,180,2014-10-02,2015-06-19,19.72,22.2907,22.4484,88.4676,87.8459,18.92,25.63,-23.0589,4.2283,16973900
2015-06-22,180,2014-10-03,2015-06-22,19.86,22.2861,22.4447,89.1138,88.4843,18.92,25.63,-22.5127,4.9683,13235400
2015-06-23,180,2014-10-06,2015-06-23,19.96,22.2809,22.4403,89.5834,88.947,18.92,25.63,-22.1225,5.4968,11025300
2015-06-24,180,2014-10-07,2015-06-24,20.1,22.2776,22.4376,90.2252,89.582,18.92,25.63,-21.5763,6.2368,19194700
2015-06-25,180,2014-10-08,2015-06-25,20.06,22.2755,22.4358,90.0541,89.4105,18.92,25.63,-21.7323,6.0254,10723500
2015-06-26,180,2014-10-09,2015-06-26,19.78,22.2665,22.4282,88.8331,88.1925,18.92,25.63,-22.8248,4.5455,17069800
2015-06-29,180,2014-10-10,2015-06-29,19.21,22.2551,22.419,86.3174,85.6862,18.92,25.63,-25.0488,1.5328,20049100
2015-06-30,180,2014-10-13,2015-06-30,19.22,22.2507,22.4156,86.3794,85.7438,18.92,25.63,-25.0098,1.5856,15942300
2015-07-01,180,2014-10-14,2015-07-01,19.51,22.2551,22.4189,87.6654,87.0248,19.21,25.63,-23.8783,1.5617,13062000
2015-07-02,180,2014-10-15,2015-07-02,19.61,22.257,22.4204,88.107,87.465,19.21,25.63,-23.4881,2.0823,9067000
2015-07-06,180,2014-10-16,2015-07-06,19.27,22.2559,22.4195,86.5839,85.952,19.21,25.63,-24.8147,0.3123,11559000
2015-07-07,180,2014-10-17,2015-07-07,19.17,22.2508,22.4156,86.1542,85.5208,19.17,25.63,-25.2048,0.0,20994000
2015-07-08,180,2014-10-20,2015-07-08,18.55,22.2409,22.4082,83.4049,82.7821,18.55,25.63,-27.6239,0.0,18978900
2015-07-09,180,2014-10-21,2015-07-09,18.52,22.2294,22.3996,83.313,82.68,18.52,25.63,-27.7409,0.0,14214400
2015-07-10,180,2014-10-22,2015-07-10,18.77,22.2153,22.3884,84.4913,83.8379,18.52,25.63,-26.7655,1.3499,18375200
2015-07-13,180,2014-10-23,2015-07-13,19.31,22.2071,22.3819,86.9541,86.2751,18.52,25.63,-24.6586,4.2657,21962000
2015-07-14,180,2014-10-24,2015-07-14,18.89,22.1932,22.3707,85.1162,84.4407,18.52,25.63,-26.2973,1.9978,27788000
2015-07-15,180,2014-10-27,2015-07-15,18.57,22.1762,22.3573,83.7384,83.0602,18.52,25.63,-27.5458,0.27,22511400
2015-07-16,180,2014-10-28,2015-07-16,17.87,22.1532,22.3397,80.6656,79.9922,17.87,25.63,-30.277,0.0,32327000
2015-07-17,180,2014-10-29,2015-07-17,17.77,22.1281,22.3203,80.3051,79.6135,17.77,25.63,-30.6672,0.0,13387000
2015-07-20,180,2014-10-30,2015-07-20,17.77,22.1017,22.2997,80.4011,79.6871,17.77,25.63,-30.6672,0.0,12652800
2015-07-21,180,2014-10-31,2015-07-21,17.83,22.0767,22.2802,80.764,80.0261,17.77,25.63,-30.4331,0.3376,9426700
2015-07-22,180,2014-11-03,2015-07-22,17.49,22.0445,22.2547,79.3396,78.5903,17.49,25.63,-31.7597,0.0,12036100
2015-07-23,180,2014-11-04,2015-07-23,17.72,22.0137,22.2297,80.4952,79.7131,17.49,25.63,-30.8623,1.315,13400500
2015-07-24,180,2014-11-05,2015-07-24,17.37,21.9807,22.2036,79.0238,78.2307,17.37,25.63,-32.2279,0.0,14637100
2015-07-27,180,2014-11-06,2015-07-27,17.38,21.9451,22.1745,79.1978,78.3783,17.37,25.63,-32.1888,0.0576,18439200
2015-07-28,180,2014-11-07,2015-07-28,17.62,21.9117,22.1469,80.4137,79.5597,17.37,25.63,-31.2524,1.4393,14067200
2015-07-29,180,2014-11-10,2015-07-29,17.55,21.8787,22.1198,80.2151,79.3408,17.37,25.63,-31.5256,1.0363,11913300
2015-07-30,180,2014-11-11,2015-07-30,17.57,21.8449,22.0917,80.4307,79.5323,17.37,25.63,-31.4475,1.1514,12332800
2015-07-31,180,2014-11-12,2015-07-31,17.36,21.8098,22.0629,79.5971,78.6842,17.36,25.63,-32.2669,0.0,16080600
2015-08-03,180,2014-11-13,2015-08-03,17.16,21.7734,22.0333,78.8117,77.8822,17.16,25.63,-33.0472,0.0,12754200
2015-08-04,180,2014-11-14,2015-08-04,16.83,21.7334,22.0011,77.4383,76.4961,16.83,25.63,-34.3348,0.0,17050000
2015-08-05,180,2014-11-17,2015-08-05,17.03,21.6944,21.9689,78.4995,77.5185,16.83,25.63,-33.5544,1.1884,13308100
2015-08-06,180,2014-11-18,2015-08-06,16.85,21.6556,21.9377,77.8089,76.8085,16.83,25.63,-34.2567,0.1188,12857200
2015-08-07,180,2014-11-19,2015-08-07,16.98,21.6171,21.906,78.5489,77.513,16.83,25.63,-33.7495,0.8913,13570800
2015-08-10,180,2014-11-20,2015-08-10,17.6,21.5846,21.8783,81.5397,80.4451,16.83,25.63,-31.3305,4.5752,14581500
2015-08-11,180,2014-11-21,2015-08-11,17.34,21.5497,21.8489,80.465,79.3633,16.83,25.63,-32.3449,3.0303,20174000
2015-08-12,180,2014-11-24,2015-08-12,17.3,21.5135,21.818,80.4145,79.2923,16.83,25.63,-32.501,2.7926,14675100
2015-08-13,180,2014-11-25,2015-08-13,17.05,21.4734,21.7836,79.4004,78.2698,16.83,25.63,-33.4764,1.3072,17273900
2015-08-14,180,2014-11-26,2015-08-14,16.64,21.4299,21.747,77.6487,76.5163,16.64,25.63,-35.0761,0.0,42704600
2015-08-17,180,2014-11-28,2015-08-17,17.03,21.387,21.709,79.6278,78.4467,16.64,25.63,-33.5544,2.3438,14596500
2015-08-18,180,2014-12-01,2015-08-18,16.53,21.3391,21.6672,77.4636,76.2904,16.53,25.63,-35.5053,0.0,15286200
2015-08-19,180,2014-12-02,2015-08-19,16.44,21.2918,21.6267,77.2127,76.0173,16.44,25.63,-35.8564,0.0,13984600
2015-08-20,180,2014-12-03,2015-08-20,15.98,21.2399,21.5828,75.2359,74.0403,15.98,25.63,-37.6512,0.0,12890000
2015-08-21,180,2014-12-04,2015-08-21,15.48,21.1801,21.5322,73.0876,71.8923,15.48,25.63,-39.602,0.0,19420700
2015-08-24,180,2014-12-05,2015-08-24,15.1,21.1173,21.4806,71.5052,70.2961,15.1,25.63,-41.0847,0.0,34065200
2015-08-25,180,2014-12-08,2015-08-25,14.84,21.0496,21.4239,70.5003,69.2685,14.84,25.63,-42.0991,0.0,26214300
2015-08-26,180,2014-12-09,2015-08-26,15.24,20.9898,21.3739,72.6069,71.302,14.84,25.63,-40.5384,2.6954,38654400
2015-08-27,180,2014-12-10,2015-08-27,15.94,20.9366,21.3268,76.1347,74.7417,14.84,25.63,-37.8073,7.4124,21758900
2015-08-28,180,2014-12-11,2015-08-28,15.99,20.8868,21.2835,76.5555,75.1286,14.84,25.63,-37.6122,7.7493,11053700
2015-08-31,180,2014-12-12,2015-08-31,16.09,20.8382,21.2407,77.2141,75.7507,14.84,25.63,-37.222,8.4232,16130200
2015-09-01,180,2014-12-15,2015-09-01,15.49,20.7845,21.1953,74.5266,73.0821,14.84,25.63,-39.563,4.3801,17930300
2015-09-02,180,2014-12-16,2015-09-02,15.68,20.7342,21.1525,75.6239,74.1284,14.84,25.63,-38.8217,5.6604,13136800
2015-09-03,180,2014-12-17,2015-09-03,15.76,20.6829,21.1076,76.1982,74.6652,14.84,25.63,-38.5096,6.1995,13300400
2015-09-04,180,2014-12-18,2015-09-04,15.39,20.6258,21.0572,74.6153,73.0868,14.84,25.63,-39.9532,3.7062,15285300
2015-09-08,180,2014-12-19,2015-09-08,15.73,20.5702,21.0056,76.4698,74.8848,14.84,25.63,-38.6266,5.9973,14935300
2015-09-09,180,2014-12-22,2015-09-09,15.46,20.5128,20.9532,75.3677,73.7834,14.84,25.63,-39.6801,4.1779,15443800
2015-09-10,180,2014-12-23,2015-09-10,15.56,20.4547,20.8986,76.0705,74.4549,14.84,25.63,-39.2899,4.8518,15424000
2015-09-11,180,2014-12-24,2015-09-11,15.5,20.3964,20.8436,75.9937,74.3635,14.84,25.63,-39.524,4.4474,10501800
2015-09-14,180,2014-12-26,2015-09-14,15.6,20.34,20.7899,76.6963,75.0363,14.84,25.63,-39.1338,5.1213,10151500
2015-09-15,180,2014-12-29,2015-09-15,15.92,20.287,20.7384,78.474,76.7656,14.84,25.63,-37.8853,7.2776,13098700
2015-09-16,180,2014-12-30,2015-09-16,16.17,20.236,20.6877,79.9069,78.1625,14.84,25.63,-36.9099,8.9623,12053400
2015-09-17,180,2014-12-31,2015-09-17,16.02,20.1844,20.6366,79.3683,77.6292,14.84,25.63,-37.4951,7.9515,15661700
2015-09-18,180,2015-01-02,2015-09-18,15.93,20.1332,20.5866,79.1229,77.3804,14.84,25.63,-37.8463,7.345,24123400
2015-09-21,180,2015-01-05,2015-09-21,15.64,20.0796,20.5348,77.8899,76.1633,14.84,25.63,-38.9778,5.3908,14699300
2015-09-22,180,2015-01-06,2015-09-22,15.1,20.0242,20.4845,75.4089,73.7143,14.84,25.63,-41.0847,1.752,19368400
2015-09-23,180,2015-01-07,2015-09-23,14.61,19.9677,20.4365,73.1683,71.4897,14.61,25.63,-42.9965,0.0,16846500
2015-09-24,180,2015-01-08,2015-09-24,14.69,19.9114,20.3877,73.7768,72.0532,14.61,25.63,-42.6844,0.5476,19878600
2015-09-25,180,2015-01-09,2015-09-25,14.6,19.8517,20.3343,73.5455,71.7999,14.6,25.63,-43.0355,0.0,17564300
2015-09-28,180,2015-01-12,2015-09-28,14.37,19.7898,20.2794,72.6131,70.8599,14.37,25.63,-43.9329,0.0,29601100
2015-09-29,180,2015-01-13,2015-09-29,14.55,19.7324,20.2288,73.7366,71.927,14.37,25.63,-43.2306,1.2526,17131100
2015-09-30,180,2015-01-14,2015-09-30,14.69,19.678,20.1808,74.6518,72.7918,14.37,25.63,-42.6844,2.2269,22366300
2015-10-01,180,2015-01-15,2015-10-01,14.67,19.625,20.1344,74.7517,72.8602,14.37,25.63,-42.7624,2.0877,17555400
2015-10-02,180,2015-01-16,2015-10-02,14.94,19.5736,20.0878,76.3273,74.3734,14.37,25.63,-41.7089,3.9666,14386200
2015-10-05,180,2015-01-20,2015-10-05,15.1,19.5235,20.0413,77.3428,75.3443,14.37,25.63,-41.0847,5.08,23367200
2015-10-06,180,2015-01-21,2015-10-06,15.24,19.4743,19.9947,78.2572,76.2201,14.37,25.63,-40.5384,6.0543,13421500
2015-10-07,180,2015-01-22,2015-10-07,15.39,19.4241,19.9451,79.2314,77.1618,14.37,25.63,-39.9532,7.0981,17421000
2015-10-08,180,2015-01-23,2015-10-08,15.67,19.3756,19.8954,80.8749,78.762,14.37,25.63,-38.8607,9.0466,11398400
2015-10-09,180,2015-01-26,2015-10-09,15.65,19.329,19.8484,80.9666,78.8477,14.37,25.63,-38.9387,8.9074,14906100
2015-10-12,180,2015-01-27,2015-10-12,15.6,19.2817,19.8004,80.9059,78.7863,14.37,25.63,-39.1338,8.5595,8574100
2015-10-13,180,2015-01-28,2015-10-13,15.14,19.233,19.7536,78.7189,76.6444,14.37,25.63,-40.9286,5.3584,17777100
2015-10-14,180,2015-01-29,2015-10-14,15.44,19.1879,19.7094,80.4674,78.3381,14.37,25.63,-39.7581,7.4461,20314000
2015-10-15,180,2015-01-30,2015-10-15,15.72,19.1445,19.6656,82.1125,79.9367,14.37,25.63,-38.6656,9.3946,25250600
2015-10-16,180,2015-02-02,2015-10-16,15.83,19.1051,19.6266,82.8576,80.6558,14.37,25.63,-38.2364,10.1601,15916600
2015-10-19,180,2015-02-03,2015-10-19,15.81,19.0656,19.5874,82.9242,80.715,14.37,25.63,-38.3145,10.0209,11012300
2015-10-20,180,2015-02-04,2015-10-20,16.19,19.0271,19.5471,85.0894,82.8255,14.37,25.63,-36.8318,12.6653,19316700
2015-10-21,180,2015-02-05,2015-10-21,16.07,18.9871,19.5052,84.6362,82.3884,14.37,25.63,-37.3,11.8302,20605600
2015-10-22,180,2015-02-06,2015-10-22,16.21,18.9473,19.4621,85.5533,83.29,14.37,25.63,-36.7538,12.8044,31972200
2015-10-23,180,2015-02-09,2015-10-23,16.44,18.9083,19.4188,86.946,84.6603,14.37,25.63,-35.8564,14.405,15106000
2015-10-26,180,2015-02-10,2015-10-26,16.33,18.8712,19.3789,86.5339,84.267,14.37,25.63,-36.2856,13.6395,11076200
2015-10-27,180,2015-02-11,2015-10-27,16.27,18.8312,19.3344,86.3992,84.1506,14.37,25.63,-36.5197,13.222,14499900
2015-10-28,180,2015-02-12,2015-10-28,16.54,18.7934,19.2915,88.0098,85.7372,14.37,25.63,-35.4662,15.1009,13535400
2015-10-29,180,2015-02-13,2015-10-29,16.74,18.7575,19.2504,89.2443,86.9593,14.37,25.63,-34.6859,16.4927,14808500
2015-10-30,180,2015-02-17,2015-10-30,16.77,18.7221,19.2096,89.5735,87.3003,14.37,25.63,-34.5689,16.7015,10770700
2015-11-02,180,2015-02-18,2015-11-02,16.89,18.6875,19.1693,90.3812,88.1095,14.37,25.63,-34.1007,17.5365,7825500
2015-11-03,180,2015-02-19,2015-11-03,17.0,18.654,19.1299,91.1335,88.8662,14.37,25.63,-33.6715,18.302,9825800
2015-11-04,180,2015-02-20,2015-11-04,16.87,18.617,19.0851,90.6162,88.3935,14.37,25.63,-34.1787,17.3974,11165100
2015-11-05,180,2015-02-23,2015-11-05,16.81,18.5791,19.0389,90.4778,88.293,14.37,25.63,-34.4128,16.9798,9679500
2015-11-06,180,2015-02-24,2015-11-06,17.05,18.5437,18.9952,91.9449,89.7594,14.37,25.63,-33.4764,18.65,11137300
2015-11-09,180,2015-02-25,2015-11-09,16.81,18.5055,18.9477,90.8379,88.7178,14.37,25.63,-34.4128,16.9798,12893600
2015-11-10,180,2015-02-26,2015-11-10,16.76,18.4678,18.9014,90.7524,88.6707,14.37,25.63,-34.6079,16.6319,9401900
2015-11-11,180,2015-02-27,2015-11-11,16.79,18.4311,18.8563,91.0959,89.042,14.37,25.63,-34.4908,16.8406,7059600
2015-11-12,180,2015-03-02,2015-11-12,16.53,18.3924,18.8089,89.8742,87.8837,14.37,25.63,-35.5053,15.0313,18727000
2015-11-13,180,2015-03-03,2015-11-13,17.24,18.3568,18.7623,93.9163,91.8862,14.37,24.57,-29.8331,19.9722,20075500
2015-11-16,180,2015-03-04,2015-11-16,17.74,18.3277,18.7248,96.7933,94.7405,14.37,24.57,-27.7981,23.4516,15869900
2015-11-17,180,2015-03-05,2015-11-17,17.82,18.2999,18.689,97.3774,95.3502,14.37,24.57,-27.4725,24.0084,15621200
2015-11-18,180,2015-03-06,2015-11-18,18.13,18.2743,18.6554,99.2104,97.1837,14.37,24.57,-26.2108,26.1656,12712300
2015-11-19,180,2015-03-09,2015-11-19,18.2,18.25,18.6237,99.7261,97.7251,14.37,24.57,-25.9259,26.6528,12973500
2015-11-20,180,2015-03-10,2015-11-20,18.18,18.225,18.5908,99.7528,97.7901,14.37,24.57,-26.0073,26.5136,13651100
2015-11-23,180,2015-03-11,2015-11-23,18.13,18.2018,18.5609,99.6056,97.6782,14.37,24.57,-26.2108,26.1656,8125700
2015-11-24,180,2015-03-12,2015-11-24,18.38,18.1801,18.5327,101.0994,99.1759,14.37,24.57,-25.1933,27.9054,11883600
2015-11-25,180,2015-03-13,2015-11-25,18.45,18.1579,18.5032,101.6088,99.7127,14.37,24.57,-24.9084,28.3925,12356800
2015-11-27,180,2015-03-16,2015-11-27,18.62,18.1351,18.4719,102.6738,100.8015,14.37,24.57,-24.2165,29.5755,5012300
2015-11-30,180,2015-03-17,2015-11-30,18.77,18.1121,18.4397,103.6321,101.7911,14.37,24.37,-22.9791,30.6193,11926100
2015-12-01,180,2015-03-18,2015-12-01,19.18,18.0924,18.4118,106.0112,104.1725,14.37,24.37,-21.2967,33.4725,17276500
2015-12-02,180,2015-03-19,2015-12-02,19.13,18.072,18.3827,105.8543,104.0654,14.37,24.12,-20.6882,33.1246,10679400
2015-12-03,180,2015-03-20,2015-12-03,18.76,18.0507,18.3531,103.9297,102.217,14.37,24.12,-22.2222,30.5498,15094900
2015-12-04,180,2015-03-23,2015-12-04,19.03,18.0306,18.3248,105.5427,103.8482,14.37,23.97,-20.6091,32.4287,12265900
2015-12-07,180,2015-03-24,2015-12-07,18.91,18.0105,18.2967,104.9944,103.3518,14.37,23.9,-20.8787,31.5936,13871100
2015-12-08,180,2015-03-25,2015-12-08,18.95,17.9908,18.2692,105.3316,103.7264,14.37,22.83,-16.9952,31.872,10641200
2015-12-09,180,2015-03-26,2015-12-09,19.03,17.9758,18.2492,105.8646,104.2784,14.37,22.83,-16.6448,32.4287,13953500
2015-12-10,180,2015-03-27,2015-12-10,18.75,17.9602,18.2289,104.3975,102.8584,14.37,22.83,-17.8712,30.4802,13511000
2015-12-11,180,2015-03-30,2015-12-11,18.32,17.9409,18.2039,102.1131,100.6378,14.37,22.77,-19.5433,27.4878,13903800
2015-12-14,180,2015-03-31,2015-12-14,18.05,17.9204,18.1777,100.7233,99.2977,14.37,22.56,-19.9911,25.6089,16391900
2015-12-15,180,2015-04-01,2015-12-15,18.46,17.9028,18.1549,103.1122,101.6806,14.37,22.55,-18.1375,28.4621,16828400
2015-12-16,180,2015-04-02,2015-12-16,18.5,17.8861,18.1333,103.4321,102.0224,14.37,22.55,-17.9601,28.7404,14933200
2015-12-17,180,2015-04-06,2015-12-17,18.06,17.8675,18.1099,101.0771,99.7245,14.37,22.55,-19.9113,25.6785,13475400
2015-12-18,180,2015-04-07,2015-12-18,18.1,17.8496,18.0873,101.4028,100.07,14.37,22.55,-19.7339,25.9569,29994500
2015-12-21,180,2015-04-08,2015-12-21,18.52,17.8345,18.0681,103.8434,102.5013,14.37,22.55,-17.8714,28.8796,9573300
2015-12-22,180,2015-04-09,2015-12-22,18.76,17.8193,18.0479,105.279,103.9454,14.37,22.55,-16.8071,30.5498,9538800
2015-12-23,180,2015-04-10,2015-12-23,19.09,17.8053,18.0289,107.2153,105.8853,14.37,22.55,-15.3437,32.8462,15180500
2015-12-24,180,2015-04-13,2015-12-24,19.11,17.7914,18.0101,107.4114,106.1071,14.37,22.55,-15.255,32.9854,3195700
2015-12-28,180,2015-04-14,2015-12-28,19.0,17.7776,17.9916,106.8759,105.6048,14.37,22.55,-15.7428,32.2199,8102300
2015-12-29,180,2015-04-15,2015-12-29,19.26,17.7656,17.9753,108.412,107.1472,14.37,22.55,-14.5898,34.0292,10880400
2015-12-30,180,2015-04-16,2015-12-30,18.96,17.7508,17.9553,106.8118,105.5954,14.37,22.31,-15.0157,31.9415,6435400
2015-12-31,180,2015-04-17,2015-12-31,18.67,17.7371,17.9375,105.2596,104.0836,14.37,22.31,-16.3155,29.9235,8685100
2016-01-04,180,2015-04-20,2016-01-04,18.47,17.7238,17.9207,104.2101,103.065,14.37,22.31,-17.212,28.5317,13331700
2016-01-05,180,2015-04-21,2016-01-05,18.49,17.7096,17.9026,104.4064,103.2813,14.37,22.31,-17.1224,28.6708,9442800
2016-01-06,180,2015-04-22,2016-01-06,17.73,17.6896,17.8772,100.2286,99.1765,14.37,22.31,-20.5289,23.382,28687200
2016-01-07,180,2015-04-23,2016-01-07,17.21,17.6665,17.8489,97.416,96.4206,14.37,22.17,-22.3726,19.7634,17003200
2016-01-08,180,2015-04-24,2016-01-08,16.79,17.6415,17.819,95.1735,94.2253,14.37,21.8,-22.9816,16.8406,30972800
2016-01-11,180,2015-04-27,2016-01-11,16.68,17.6172,17.7906,94.6804,93.7576,14.37,20.38,-18.155,16.0752,23412700
2016-01-12,180,2015-04-28,2016-01-12,16.75,17.6006,17.7727,95.1673,94.2458,14.37,20.38,-17.8116,16.5623,13943700
2016-01-13,180,2015-04-29,2016-01-13,16.2,17.5802,17.7513,92.1489,91.2608,14.37,20.38,-20.5103,12.7349,26701100
2016-01-14,180,2015-04-30,2016-01-14,16.81,17.5639,17.7336,95.7075,94.792,14.37,20.38,-17.5172,16.9798,20913200
2016-01-15,180,2015-05-01,2016-01-15,16.08,17.544,17.7129,91.6554,90.7811,14.37,20.38,-21.0991,11.8998,25362700
2016-01-19,180,2015-05-04,2016-01-19,16.45,17.5256,17.6933,93.8626,92.9729,14.37,20.38,-19.2836,14.4746,21473700
2016-01-20,180,2015-05-05,2016-01-20,16.37,17.5072,17.6738,93.5042,92.6228,14.37,20.38,-19.6761,13.9179,27857800
2016-01-21,180,2015-05-06,2016-01-21,16.81,17.4939,17.6597,96.0906,95.1887,14.37,20.38,-17.5172,16.9798,17693100
2016-01-22,180,2015-05-07,2016-01-22,17.05,17.4816,17.6463,97.5311,96.6206,14.37,20.38,-16.3395,18.65,14021300
2016-01-25,180,2015-05-08,2016-01-25,16.91,17.468,17.6316,96.8055,95.9073,14.37,20.38,-17.0265,17.6757,9212100
2016-01-26,180,2015-05-11,2016-01-26,17.35,17.4564,17.6186,99.3904,98.4754,14.37,20.38,-14.8675,20.7376,15786700
2016-01-27,180,2015-05-12,2016-01-27,17.09,17.4424,17.6029,97.9799,97.0863,14.37,20.38,-16.1433,18.9283,12590200
2016-01-28,180,2015-05-13,2016-01-28,16.68,17.426,17.5851,95.719,94.8533,14.37,20.38,-18.155,16.0752,17497100
2016-01-29,180,2015-05-14,2016-01-29,17.65,17.4151,17.5724,101.3489,100.4417,14.37,20.38,-13.3955,22.8253,18896700
2016-02-01,180,2015-05-15,2016-02-01,17.65,17.4045,17.5601,101.4107,100.5119,14.37,20.38,-13.3955,22.8253,8861100
2016-02-02,180,2015-05-18,2016-02-02,17.05,17.3891,17.5426,98.05,97.1919,14.37,20.38,-16.3395,18.65,11379600
2016-02-03,180,2015-05-19,2016-02-03,17.29,17.3751,17.5265,99.51,98.6506,14.37,20.38,-15.1619,20.3201,9221600
2016-02-04,180,2015-05-20,2016-02-04,17.58,17.3637,17.5131,101.246,100.3819,14.37,20.38,-13.739,22.3382,13648100
2016-02-05,180,2015-05-21,2016-02-05,16.81,17.3482,17.4959,96.8979,96.0797,14.37,20.38,-17.5172,16.9798,16145200
2016-02-08,180,2015-05-22,2016-02-08,16.19,17.3279,17.4739,93.4333,92.6525,14.37,20.38,-20.5594,12.6653,15377300
2016-02-09,180,2015-05-26,2016-02-09,16.1,17.3071,17.4514,93.0253,92.256,14.37,20.38,-21.001,12.039,13838900
2016-02-10,180,2015-05-27,2016-02-10,15.99,17.2863,17.4292,92.5009,91.7425,14.37,20.38,-21.5407,11.2735,13051600
2016-02-11,180,2015-05-28,2016-02-11,15.64,17.2618,17.4031,90.6045,89.869,14.37,20.38,-23.2581,8.8379,11210400
2016-02-12,180,2015-05-29,2016-02-12,16.06,17.2401,17.3792,93.155,92.4092,14.37,20.38,-21.1973,11.7606,8707200
2016-02-16,180,2015-06-01,2016-02-16,16.72,17.2234,17.3603,97.0774,96.3118,14.37,20.38,-17.9588,16.3535,22150100
2016-02-17,180,2015-06-02,2016-02-17,17.14,17.2084,17.3427,99.6026,98.8314,14.37,20.38,-15.8979,19.2763,11855600
2016-02-18,180,2015-06-03,2016-02-18,17.17,17.1933,17.3248,99.8645,99.1063,14.37,20.36,-15.668,19.485,12865500
2016-02-19,180,2015-06-04,2016-02-19,18.38,17.1846,17.3138,106.9561,106.1579,14.37,20.15,-8.7841,27.9054,35168200
2016-02-22,180,2015-06-05,2016-02-22,18.59,17.1782,17.3057,108.2189,107.4215,14.37,20.15,-7.7419,29.3667,15303400
2016-02-23,180,2015-06-08,2016-02-23,18.51,17.1709,17.2966,107.7984,107.0155,14.37,20.1,-7.9104,28.81,12056300
2016-02-24,180,2015-06-09,2016-02-24,18.69,17.1657,17.29,108.8797,108.0972,14.37,20.1,-7.0149,30.0626,10671000
2016-02-25,180,2015-06-10,2016-02-25,18.89,17.1613,17.2843,110.0732,109.2897,14.37,20.1,-6.0199,31.4544,10102000
2016-02-26,180,2015-06-11,2016-02-26,19.0,17.1568,17.2786,110.743,109.9629,14.37,20.1,-5.4726,32.2199,10634400
2016-02-29,180,2015-06-12,2016-02-29,18.87,17.1529,17.2735,110.0109,109.2425,14.37,20.1,-6.1194,31.3152,9630500
2016-03-01,180,2015-06-15,2016-03-01,19.37,17.1518,17.2721,112.9329,112.1461,14.37,20.1,-3.6318,34.7947,10150500
2016-03-02,180,2015-06-16,2016-03-02,19.49,17.1508,17.2709,113.6388,112.8489,14.37,20.1,-3.0348,35.6298,11373300
2016-03-03,180,2015-06-17,2016-03-03,19.45,17.1493,17.2688,113.4159,112.6307,14.37,20.1,-3.2338,35.3514,8138300
2016-03-04,180,2015-06-18,2016-03-04,19.39,17.1486,17.268,113.0703,112.2886,14.37,20.1,-3.5323,34.9339,8932600
2016-03-07,180,2015-06-19,2016-03-07,19.44,17.1469,17.2658,113.3731,112.5927,14.37,20.1,-3.2836,35.2818,9190700
2016-03-08,180,2015-06-22,2016-03-08,18.78,17.1428,17.2606,109.5505,108.803,14.37,20.1,-6.5672,30.6889,12899000
2016-03-09,180,2015-06-23,2016-03-09,19.17,17.1398,17.2567,111.8448,111.0871,14.37,20.1,-4.6269,33.4029,10108300
2016-03-10,180,2015-06-24,2016-03-10,19.57,17.1382,17.2546,114.1894,113.4193,14.37,20.1,-2.6368,36.1865,15402100
2016-03-11,180,2015-06-25,2016-03-11,20.04,17.138,17.2542,116.9334,116.1455,14.37,20.06,-0.0997,39.4572,15394400
2016-03-14,180,2015-06-26,2016-03-14,19.91,17.1373,17.2534,116.179,115.3976,14.37,20.04,-0.6487,38.5525,11496400
2016-03-15,180,2015-06-29,2016-03-15,19.9,17.1378,17.2541,116.1173,115.3352,14.37,20.04,-0.6986,38.483,10204300
2016-03-16,180,2015-06-30,2016-03-16,20.05,17.1414,17.2587,116.9683,116.1731,14.37,20.05,0.0,39.5268,14361000
2016-03-17,180,2015-07-01,2016-03-17,20.28,17.1458,17.2646,118.2794,117.4657,14.37,20.28,0.0,41.1274,13491100
2016-03-18,180,2015-07-02,2016-03-18,20.49,17.1498,17.2701,119.4763,118.6447,14.37,20.49,0.0,42.5887,19742300
2016-03-21,180,2015-07-06,2016-03-21,20.73,17.1543,17.2763,120.844,119.9911,14.37,20.73,0.0,44.2589,13961000
2016-03-22,180,2015-07-07,2016-03-22,20.78,17.1605,17.2847,121.092,120.2222,14.37,20.78,0.0,44.6068,7568600
2016-03-23,180,2015-07-08,2016-03-23,20.28,17.1652,17.2908,118.1461,117.2876,14.37,20.78,-2.4062,41.1274,12699200
2016-03-24,180,2015-07-09,2016-03-24,20.15,17.1722,17.2997,117.3408,116.4759,14.37,20.78,-3.0318,40.2227,14108500
2016-03-28,180,2015-07-10,2016-03-28,20.2,17.1796,17.3091,117.5816,116.7019,14.37,20.78,-2.7911,40.5706,5424300
2016-03-29,180,2015-07-13,2016-03-29,20.59,17.1873,17.3192,119.7979,118.8856,14.37,20.78,-0.9143,43.2846,7850900
2016-03-30,180,2015-07-14,2016-03-30,21.04,17.1943,17.3288,122.3663,121.4165,14.37,21.04,0.0,46.4162,12446200
2016-03-31,180,2015-07-15,2016-03-31,21.18,17.2037,17.3415,123.1132,122.1348,14.37,21.18,0.0,47.3904,14526500
2016-04-01,180,2015-07-16,2016-04-01,21.42,17.2155,17.3573,124.423,123.4061,14.37,21.42,0.0,49.0605,11886700
2016-04-04,180,2015-07-17,2016-04-04,21.17,17.2298,17.3757,122.8682,121.8371,14.37,21.42,-1.1671,47.3208,7935300
2016-04-05,180,2015-07-20,2016-04-05,20.95,17.2439,17.3933,121.492,120.4485,14.37,21.42,-2.1942,45.7898,8911600
2016-04-06,180,2015-07-21,2016-04-06,21.06,17.2585,17.4116,122.027,120.9538,14.37,21.42,-1.6807,46.5553,8766800
2016-04-07,180,2015-07-22,2016-04-07,20.8,17.2717,17.4281,120.4279,119.3474,14.37,21.42,-2.8945,44.746,9180800
2016-04-08,180,2015-07-23,2016-04-08,20.79,17.2868,17.4464,120.2652,119.1647,14.37,21.42,-2.9412,44.6764,8668100
2016-04-11,180,2015-07-24,2016-04-11,20.94,17.3012,17.4643,121.032,119.9015,14.37,21.42,-2.2409,45.7203,13810000
2016-04-12,180,2015-07-27,2016-04-12,20.93,17.3175,17.4841,120.8603,119.7087,14.37,21.42,-2.2876,45.6507,8306100
2016-04-13,180,2015-07-28,2016-04-13,21.31,17.3352,17.5059,122.929,121.7301,14.37,21.42,-0.5135,48.2951,8393600
2016-04-14,180,2015-07-29,2016-04-14,21.48,17.3523,17.5274,123.788,122.5511,14.37,21.48,0.0,49.4781,18154200
2016-04-15,180,2015-07-30,2016-04-15,21.47,17.3697,17.5492,123.6063,122.342,14.37,21.48,-0.0466,49.4085,12349900
2016-04-18,180,2015-07-31,2016-04-18,21.56,17.3873,17.5713,123.9982,122.6998,14.37,21.56,0.0,50.0348,9351900
2016-04-19,180,2015-08-03,2016-04-19,21.2,17.4049,17.5927,121.8049,120.5048,14.37,21.56,-1.6697,47.5296,12243000
2016-04-20,180,2015-08-04,2016-04-20,21.14,17.4234,17.6148,121.3313,120.0129,14.37,21.56,-1.9481,47.112,13615900
2016-04-21,180,2015-08-05,2016-04-21,20.95,17.4431,17.6377,120.1048,118.7799,14.37,21.56,-2.8293,45.7898,8925900
2016-04-22,180,2015-08-06,2016-04-22,21.1,17.4623,17.6603,120.832,119.4772,14.37,21.56,-2.1336,46.8337,9139300
2016-04-25,180,2015-08-07,2016-04-25,20.94,17.4819,17.683,119.7809,118.4188,14.37,21.56,-2.8757,45.7203,6772300
2016-04-26,180,2015-08-10,2016-04-26,21.27,17.5021,17.7068,121.5282,120.1231,14.37,21.56,-1.3451,48.0167,9230900
2016-04-27,180,2015-08-11,2016-04-27,21.42,17.5194,17.7281,122.2646,120.8254,14.37,21.56,-0.6493,49.0605,9512600
2016-04-28,180,2015-08-12,2016-04-28,20.81,17.5358,17.7473,118.6716,117.257,14.37,21.56,-3.4787,44.8156,10875700
2016-04-29,180,2015-08-13,2016-04-29,20.47,17.5511,17.7649,116.6309,115.2269,14.37,21.56,-5.0557,42.4495,14884500
2016-05-02,180,2015-08-14,2016-05-02,20.31,17.5672,17.7831,115.613,114.2098,14.37,21.56,-5.7978,41.3361,11773500
2016-05-03,180,2015-08-17,2016-05-03,20.1,17.585,17.8023,114.3021,112.9069,14.37,21.56,-6.7718,39.8747,16630800
2016-05-04,180,2015-08-18,2016-05-04,19.85,17.5993,17.8179,112.7885,111.4045,14.37,21.56,-7.9314,38.135,12115100
2016-05-05,180,2015-08-19,2016-05-05,19.85,17.6167,17.8364,112.6769,111.2893,14.37,21.56,-7.9314,38.135,9268100
2016-05-06,180,2015-08-20,2016-05-06,19.87,17.6349,17.8554,112.6745,111.2826,14.37,21.56,-7.8386,38.2742,7069100
2016-05-09,180,2015-08-21,2016-05-09,19.89,17.6561,17.8772,112.652,111.2592,14.37,21.56,-7.7458,38.4134,5616400
2016-05-10,180,2015-08-24,2016-05-10,19.98,17.6814,17.9022,113.0002,111.6066,14.37,21.56,-7.3284,39.0397,11661700
2016-05-11,180,2015-08-25,2016-05-11,20.01,17.7097,17.9294,112.9892,111.6041,14.37,21.56,-7.1892,39.2484,20502400
2016-05-12,180,2015-08-26,2016-05-12,19.63,17.7383,17.9561,110.6642,109.3224,14.37,21.56,-8.9518,36.604,11787900
2016-05-13,180,2015-08-27,2016-05-13,19.61,17.7639,17.9803,110.3921,109.0636,14.37,21.56,-9.0445,36.4649,10177800
2016-05-16,180,2015-08-28,2016-05-16,19.85,17.7856,18.0021,111.6069,110.2652,14.37,21.56,-7.9314,38.135,7795900
2016-05-17,180,2015-08-31,2016-05-17,19.64,17.8061,18.0223,110.2994,108.9759,14.37,21.56,-8.9054,36.6736,7844900
2016-05-18,180,2015-09-01,2016-05-18,19.92,17.8272,18.0436,111.7396,110.3992,14.37,21.56,-7.6067,38.6221,10025000
2016-05-19,180,2015-09-02,2016-05-19,19.91,17.8525,18.0682,111.525,110.1938,14.37,21.56,-7.6531,38.5525,14193300
2016-05-20,180,2015-09-03,2016-05-20,22.66,17.8873,18.1069,126.6817,125.1454,14.37,22.66,0.0,57.6896,53385000
2016-05-23,180,2015-09-04,2016-05-23,22.9,17.9226,18.1466,127.7717,126.1944,14.37,22.9,0.0,59.3598,24854300
2016-05-24,180,2015-09-08,2016-05-24,23.49,17.9627,18.1916,130.7713,129.1255,14.37,23.49,0.0,63.4656,19040300
2016-05-25,180,2015-09-09,2016-05-25,23.66,18.0009,18.2357,131.4376,129.7457,14.37,23.66,0.0,64.6486,14740200
2016-05-26,180,2015-09-10,2016-05-26,23.73,18.0416,18.2816,131.5293,129.8026,14.37,23.73,0.0,65.1357,12330500
2016-05-27,180,2015-09-11,2016-05-27,24.44,18.0839,18.3309,135.1476,133.3265,14.37,24.44,0.0,70.0766,18555600
2016-05-31,180,2015-09-14,2016-05-31,24.42,18.1268,18.3805,134.7173,132.8582,14.37,24.44,-0.0818,69.9374,18801400
2016-06-01,180,2015-09-15,2016-06-01,24.38,18.1691,18.4293,134.1839,132.2895,14.37,24.44,-0.2455,69.659,10480900
2016-06-02,180,2015-09-16,2016-06-02,24.52,18.2096,18.4771,134.6544,132.7051,14.37,24.52,0.0,70.6333,18034800
2016-06-03,180,2015-09-17,2016-06-03,24.39,18.2481,18.5227,133.658,131.6761,14.37,24.52,-0.5302,69.7286,16194500
2016-06-06,180,2015-09-18,2016-06-06,24.17,18.2871,18.568,132.1698,130.1702,14.37,24.52,-1.4274,68.1976,13550500
2016-06-07,180,2015-09-21,2016-06-07,24.17,18.3269,18.6138,131.8824,129.8501,14.37,24.52,-1.4274,68.1976,10476100
2016-06-08,180,2015-09-22,2016-06-08,24.23,18.3693,18.6615,131.9047,129.8395,14.37,24.52,-1.1827,68.6152,8014900
2016-06-09,180,2015-09-23,2016-06-09,24.42,18.4168,18.7133,132.5961,130.4956,14.37,24.52,-0.4078,69.9374,11920900
2016-06-10,180,2015-09-24,2016-06-10,24.07,18.4677,18.7658,130.336,128.265,14.37,24.52,-1.8352,67.5017,12630200
2016-06-13,180,2015-09-25,2016-06-13,23.94,18.5176,18.8172,129.2822,127.2239,14.37,24.52,-2.3654,66.5971,11253000
2016-06-14,180,2015-09-28,2016-06-14,23.74,18.568,18.868,127.8544,125.8215,14.37,24.52,-3.1811,65.2053,14600500
2016-06-15,180,2015-09-29,2016-06-15,23.7,18.6206,18.9198,127.2783,125.2654,14.55,24.52,-3.3442,62.8866,13912700
2016-06-16,180,2015-09-30,2016-06-16,23.69,18.6718,18.9706,126.8756,124.8774,14.67,24.52,-3.385,61.486,12827600
2016-06-17,180,2015-10-01,2016-06-17,23.43,18.7212,19.0192,125.1525,123.1915,14.67,24.52,-4.4454,59.7137,22138500
2016-06-20,180,2015-10-02,2016-06-20,23.63,18.7716,19.0689,125.8815,123.9188,14.94,24.52,-3.6297,58.166,13020700
2016-06-21,180,2015-10-05,2016-06-21,23.83,18.8206,19.1183,126.6164,124.6448,15.1,24.52,-2.814,57.8146,7720100
2016-06-22,180,2015-10-06,2016-06-22,23.97,18.869,19.1676,127.0339,125.0547,15.14,24.52,-2.2431,58.3223,11645700
2016-06-23,180,2015-10-07,2016-06-23,24.52,18.9182,19.2192,129.6105,127.581,15.14,24.52,0.0,61.9551,10942900
2016-06-24,180,2015-10-08,2016-06-24,23.23,18.9619,19.2627,122.5086,120.5956,15.14,24.52,-5.261,53.4346,35722800
2016-06-27,180,2015-10-09,2016-06-27,22.29,18.9999,19.2995,117.3166,115.4952,15.14,24.52,-9.0946,47.2259,20293800
2016-06-28,180,2015-10-12,2016-06-28,22.94,19.0407,19.34,120.4789,118.6143,15.14,24.52,-6.4437,51.5192,13573800
2016-06-29,180,2015-10-13,2016-06-29,23.56,19.0844,19.3842,123.4516,121.5421,15.14,24.52,-3.9152,55.6143,13315300
2016-06-30,180,2015-10-14,2016-06-30,23.97,19.1338,19.4333,125.276,123.3451,15.44,24.52,-2.2431,55.2461,10256700
2016-07-01,180,2015-10-15,2016-07-01,23.89,19.1805,19.4802,124.5538,122.6372,15.64,24.52,-2.5693,52.7494,8593000
2016-07-05,180,2015-10-16,2016-07-05,23.84,19.2249,19.5253,124.0062,122.0978,15.64,24.52,-2.7732,52.4297,8747100
2016-07-06,180,2015-10-19,2016-07-06,24.0,19.2691,19.5707,124.5517,122.6322,15.64,24.52,-2.1207,53.4527,9625800
2016-07-07,180,2015-10-20,2016-07-07,24.29,19.3148,19.6178,125.7587,123.8159,15.64,24.52,-0.938,55.3069,10056500
2016-07-08,180,2015-10-21,2016-07-08,24.93,19.3597,19.6664,128.7723,126.7645,15.64,24.93,0.0,59.399,14148100
2016-07-11,180,2015-10-22,2016-07-11,25.15,19.4066,19.7168,129.5948,127.556,15.64,25.15,0.0,60.8056,11026200
2016-07-12,180,2015-10-23,2016-07-12,25.41,19.4535,19.7679,130.6192,128.5414,15.64,25.41,0.0,62.468,10623000
2016-07-13,180,2015-10-26,2016-07-13,25.91,19.5003,19.8206,132.8695,130.7229,15.64,25.91,0.0,65.665,15989700
2016-07-14,180,2015-10-27,2016-07-14,26.1,19.5489,19.8748,133.5114,131.3219,15.64,26.1,0.0,66.8798,14888600
2016-07-15,180,2015-10-28,2016-07-15,26.34,19.5989,19.9308,134.3953,132.1574,15.64,26.34,0.0,68.4143,11635400
2016-07-18,180,2015-10-29,2016-07-18,26.6,19.6478,19.9867,135.384,133.0887,15.64,26.6,0.0,70.0767,13473000
2016-07-19,180,2015-10-30,2016-07-19,26.39,19.6948,20.0403,133.9949,131.6848,15.64,26.6,-0.7895,68.734,15996700
2016-07-20,180,2015-11-02,2016-07-20,26.65,19.7425,20.0952,134.9877,132.619,15.64,26.65,0.0,70.3964,9809500
2016-07-21,180,2015-11-03,2016-07-21,26.23,19.7883,20.1471,132.5531,130.1927,15.64,26.65,-1.576,67.711,14638500
2016-07-22,180,2015-11-04,2016-07-22,26.37,19.8339,20.1991,132.9544,130.5503,15.64,26.65,-1.0507,68.6061,5292100
2016-07-25,180,2015-11-05,2016-07-25,26.49,19.881,20.2526,133.2426,130.7983,15.64,26.65,-0.6004,69.3734,6859600
2016-07-26,180,2015-11-06,2016-07-26,26.81,19.9299,20.3081,134.5217,132.0162,15.64,26.81,0.0,71.4194,11877000
2016-07-27,180,2015-11-09,2016-07-27,26.9,19.9774,20.3628,134.6523,132.1034,15.64,26.9,0.0,71.9949,10220900
2016-07-28,180,2015-11-10,2016-07-28,26.62,20.0261,20.4173,132.9266,130.3794,15.64,26.9,-1.0409,70.2046,8239100
2016-07-29,180,2015-11-11,2016-07-29,26.29,20.0744,20.4703,130.9628,128.4301,15.64,26.9,-2.2677,68.0946,8805600
2016-08-01,180,2015-11-12,2016-08-01,26.27,20.1226,20.5229,130.5495,128.0031,15.64,26.9,-2.342,67.9668,6456700
2016-08-02,180,2015-11-13,2016-08-02,25.97,20.1722,20.5754,128.7414,126.2188,15.64,26.9,-3.4573,66.0486,10462200
2016-08-03,180,2015-11-16,2016-08-03,26.2,20.2172,20.6252,129.5928,127.0293,15.64,26.9,-2.6022,67.5192,5615600
2016-08-04,180,2015-11-17,2016-08-04,26.37,20.2591,20.6731,130.1634,127.557,15.64,26.9,-1.9703,68.6061,4926200
2016-08-05,180,2015-11-18,2016-08-05,26.81,20.3021,20.7231,132.055,129.3728,15.64,26.9,-0.3346,71.4194,6914600
2016-08-08,180,2015-11-19,2016-08-08,26.83,20.3432,20.7714,131.8869,129.1681,15.64,26.9,-0.2602,71.5473,5746100
2016-08-09,180,2015-11-20,2016-08-09,26.79,20.3838,20.8191,131.4281,128.6799,15.64,26.9,-0.4089,71.2916,6923700
2016-08-10,180,2015-11-23,2016-08-10,26.41,20.4234,20.8648,129.3124,126.5766,15.64,26.9,-1.8216,68.8619,6234300
2016-08-11,180,2015-11-24,2016-08-11,26.82,20.4649,20.9131,131.0536,128.2449,15.64,26.9,-0.2974,71.4834,7599100
2016-08-12,180,2015-11-25,2016-08-12,27.18,20.506,20.962,132.5467,129.6632,15.64,27.18,0.0,73.7852,9852900
2016-08-15,180,2015-11-27,2016-08-15,27.47,20.5476,21.0121,133.6893,130.7341,15.64,27.47,0.0,75.6394,10768500
2016-08-16,180,2015-11-30,2016-08-16,27.22,20.5875,21.0599,132.216,129.2504,15.64,27.47,-0.9101,74.0409,6704700
2016-08-17,180,2015-12-01,2016-08-17,27.29,20.6268,21.1072,132.3039,129.2922,15.64,27.47,-0.6553,74.4885,10255300
2016-08-18,180,2015-12-02,2016-08-18,27.68,20.6647,21.1544,133.9484,130.8472,15.64,27.68,0.0,76.9821,20765000
2016-08-19,180,2015-12-03,2016-08-19,29.64,20.7087,21.2128,143.128,139.7267,15.64,29.64,0.0,89.5141,53886000
2016-08-22,180,2015-12-04,2016-08-22,29.15,20.7541,21.2706,140.4541,137.0439,15.64,29.64,-1.6532,86.3811,29150800
2016-08-23,180,2015-12-07,2016-08-23,29.95,20.8001,21.3312,143.99,140.4045,15.64,29.95,0.0,91.4962,23549500
2016-08-24,180,2015-12-08,2016-08-24,29.7,20.8463,21.3912,142.4711,138.8424,15.64,29.95,-0.8347,89.8977,12402100
2016-08-25,180,2015-12-09,2016-08-25,29.65,20.8924,21.4506,141.9175,138.2245,15.64,29.95,-1.0017,89.578,10441700
2016-08-26,180,2015-12-10,2016-08-26,29.97,20.939,21.5114,143.1298,139.3215,15.64,29.97,0.0,91.624,12175200
2016-08-29,180,2015-12-11,2016-08-29,30.05,20.988,21.5742,143.1771,139.287,15.64,30.05,0.0,92.1355,9799100
2016-08-30,180,2015-12-14,2016-08-30,29.99,21.0401,21.639,142.5373,138.5924,15.64,30.05,-0.1997,91.7519,12069300
2016-08-31,180,2015-12-15,2016-08-31,29.84,21.0941,21.7045,141.4615,137.483,15.64,30.05,-0.6988,90.7928,10595700
2016-09-01,180,2015-12-16,2016-09-01,30.29,21.1465,21.7702,143.2388,139.135,15.64,30.29,0.0,93.6701,10705200
2016-09-02,180,2015-12-17,2016-09-02,30.02,21.1982,21.8342,141.616,137.4906,15.64,30.29,-0.8914,91.9437,11528100
2016-09-06,180,2015-12-18,2016-09-06,29.98,21.2533,21.9004,141.0606,136.8922,15.64,30.29,-1.0234,91.688,14689400
2016-09-07,180,2015-12-21,2016-09-07,29.91,21.3082,21.9661,140.3688,136.1646,15.64,30.29,-1.2545,91.2404,11248800
2016-09-08,180,2015-12-22,2016-09-08,29.79,21.3598,22.0287,139.4676,135.2329,15.64,30.29,-1.6507,90.4732,8170400
2016-09-09,180,2015-12-23,2016-09-09,28.86,21.4072,22.0848,134.8145,130.6782,15.64,30.29,-4.721,84.5269,14681900
2016-09-12,180,2015-12-24,2016-09-12,29.59,21.4546,22.1431,137.919,133.6307,15.64,30.29,-2.311,89.1944,16269100
2016-09-13,180,2015-12-28,2016-09-13,29.38,21.5015,22.2002,136.6416,132.3413,15.64,30.29,-3.0043,87.8517,13010400
2016-09-14,180,2015-12-29,2016-09-14,29.43,21.5495,22.2581,136.5692,132.2215,15.64,30.29,-2.8392,88.1714,12243000
2016-09-15,180,2015-12-30,2016-09-15,30.15,21.598,22.3186,139.5962,135.0891,15.64,30.29,-0.4622,92.7749,15579400
2016-09-16,180,2015-12-31,2016-09-16,30.05,21.6486,22.3802,138.8082,134.2703,15.64,30.29,-0.7923,92.1355,16245800
2016-09-19,180,2016-01-04,2016-09-19,30.3,21.7022,22.4448,139.617,134.9977,15.64,30.3,0.0,93.734,13655500
2016-09-20,180,2016-01-05,2016-09-20,30.39,21.7579,22.5111,139.6731,135.0003,15.64,30.39,0.0,94.3095,13183700
2016-09-21,180,2016-01-06,2016-09-21,30.57,21.8143,22.5782,140.1375,135.3963,15.64,30.57,0.0,95.4604,21288300
2016-09-22,180,2016-01-07,2016-09-22,30.29,21.8763,22.6479,138.4604,133.7428,15.64,30.57,-0.9159,93.6701,15660400
2016-09-23,180,2016-01-08,2016-09-23,29.66,21.9413,22.7171,135.1786,130.5624,15.64,30.57,-2.9768,89.6419,13971800
2016-09-26,180,2016-01-11,2016-09-26,29.35,22.0097,22.7869,133.3502,128.8021,15.64,30.57,-3.9908,87.6598,12610300
2016-09-27,180,2016-01-12,2016-09-27,29.64,22.0805,22.8589,134.2361,129.6651,15.64,30.57,-3.0422,89.5141,17381900
2016-09-28,180,2016-01-13,2016-09-28,29.74,22.1514,22.9311,134.2582,129.6931,15.64,30.57,-2.7151,90.1535,14034800
2016-09-29,180,2016-01-14,2016-09-29,29.58,22.2277,23.0054,133.077,128.5786,15.64,30.57,-3.2385,89.1304,11534000
2016-09-30,180,2016-01-15,2016-09-30,30.15,22.3002,23.0795,135.2005,130.6354,15.64,30.57,-1.3739,92.7749,13210900
2016-10-03,180,2016-01-19,2016-10-03,29.92,22.38,23.1564,133.6909,129.2084,15.64,30.57,-2.1263,91.3043,9867600
2016-10-04,180,2016-01-20,2016-10-04,29.61,22.4554,23.2295,131.8613,127.4672,15.64,30.57,-3.1403,89.3223,8483100
2016-10-05,180,2016-01-21,2016-10-05,29.94,22.5332,23.3049,132.8704,128.4709,15.64,30.57,-2.0608,91.4322,7940000
2016-10-06,180,2016-01-22,2016-10-06,29.89,22.6069,23.3776,132.2162,127.8577,15.64,30.57,-2.2244,91.1125,13015400
2016-10-07,180,2016-01-25,2016-10-07,29.75,22.6782,23.4481,131.1831,126.8759,15.64,30.57,-2.6824,90.2174,11641500
2016-10-10,180,2016-01-26,2016-10-10,29.38,22.7502,23.5174,129.1419,124.9288,15.64,30.57,-3.8927,87.8517,10270700
2016-10-11,180,2016-01-27,2016-10-11,28.64,22.8157,23.5801,125.5277,121.4583,15.64,30.57,-6.3134,83.1202,20018700
2016-10-12,180,2016-01-28,2016-10-12,28.64,22.8841,23.6443,125.1522,121.1287,15.64,30.57,-6.3134,83.1202,11687700
2016-10-13,180,2016-01-29,2016-10-13,27.86,22.9543,23.7064,121.3714,117.5211,15.64,30.57,-8.8649,78.133,16963800
2016-10-14,180,2016-02-01,2016-10-14,28.07,23.0161,23.7643,121.9582,118.1185,15.64,30.57,-8.178,79.4757,12138200
2016-10-17,180,2016-02-02,2016-10-17,27.8,23.0771,23.8207,120.4657,116.7054,15.64,30.57,-9.0612,77.7494,11038600
2016-10-18,180,2016-02-03,2016-10-18,28.02,23.1453,23.8816,121.0615,117.3288,15.64,30.57,-8.3415,79.156,11970800
2016-10-19,180,2016-02-04,2016-10-19,28.32,23.2125,23.9429,122.0033,118.2815,15.64,30.57,-7.3602,81.0742,11794000
2016-10-20,180,2016-02-05,2016-10-20,28.38,23.2775,24.0029,121.9205,118.2358,15.64,30.57,-7.1639,81.4578,12119100
2016-10-21,180,2016-02-08,2016-10-21,28.43,23.3509,24.0674,121.7513,118.1264,15.64,30.57,-7.0003,81.7775,9875700
2016-10-24,180,2016-02-09,2016-10-24,29.15,23.4344,24.1394,124.3899,120.7567,15.64,30.57,-4.6451,86.3811,12300700
2016-10-25,180,2016-02-10,2016-10-25,28.86,23.5185,24.2103,122.7121,119.2053,15.64,30.57,-5.5937,84.5269,9773200
2016-10-26,180,2016-02-11,2016-10-26,28.85,23.6044,24.2818,122.2228,118.8134,15.64,30.57,-5.6264,84.4629,7343500
2016-10-27,180,2016-02-12,2016-10-27,28.86,23.6954,24.3552,121.7956,118.4962,16.06,30.57,-5.5937,79.7011,9128000
2016-10-28,180,2016-02-16,2016-10-28,28.66,23.7811,24.4252,120.5157,117.3377,16.72,30.57,-6.248,71.4115,11541600
2016-10-31,180,2016-02-17,2016-10-31,29.08,23.8613,24.4939,121.8711,118.7235,17.14,30.57,-4.8741,69.6616,10929200
2016-11-01,180,2016-02-18,2016-11-01,28.9,23.9366,24.5592,120.7355,117.6747,17.17,30.57,-5.4629,68.3168,10437400
2016-11-02,180,2016-02-19,2016-11-02,28.59,24.0109,24.6227,119.0709,116.1125,18.38,30.57,-6.4769,55.5495,9944300
2016-11-03,180,2016-02-22,2016-11-03,28.27,24.072,24.6776,117.4393,114.5573,18.51,30.57,-7.5237,52.7283,12013800
2016-11-04,180,2016-02-23,2016-11-04,28.22,24.1313,24.7311,116.9438,114.1073,18.51,30.57,-7.6873,52.4581,8665800
2016-11-07,180,2016-02-24,2016-11-07,29.33,24.1959,24.7912,121.2189,118.308,18.69,30.57,-4.0563,56.9288,12024900
2016-11-08,180,2016-02-25,2016-11-08,29.51,24.2599,24.8513,121.6412,118.7461,18.78,30.57,-3.4675,57.1352,7395800
2016-11-09,180,2016-02-26,2016-11-09,29.13,24.3209,24.9082,119.7737,116.9493,18.78,30.57,-4.7105,55.1118,12558600
2016-11-10,180,2016-02-29,2016-11-10,28.18,24.3773,24.9592,115.5991,112.9042,18.78,30.57,-7.8181,50.0532,14796800
2016-11-11,180,2016-03-01,2016-11-11,28.82,24.4379,25.0145,117.9316,115.2132,18.78,30.57,-5.7246,53.4611,12748400
2016-11-14,180,2016-03-02,2016-11-14,28.99,24.4949,25.0679,118.3513,115.6457,18.78,30.57,-5.1685,54.3663,12293800
2016-11-15,180,2016-03-03,2016-11-15,29.61,24.5535,25.1242,120.594,117.8547,18.78,30.57,-3.1403,57.6677,12678700
2016-11-16,180,2016-03-04,2016-11-16,30.02,24.6142,25.1829,121.9619,119.2079,18.78,30.57,-1.7991,59.8509,16103200
2016-11-17,180,2016-03-07,2016-11-17,30.73,24.6785,25.2459,124.5215,121.7228,18.78,30.73,0.0,63.6315,19147600
2016-11-18,180,2016-03-08,2016-11-18,30.74,24.7426,25.3087,124.2391,121.4604,18.78,30.74,0.0,63.6848,23958900
2016-11-21,180,2016-03-09,2016-11-21,31.35,24.8154,25.3785,126.3326,123.5298,19.17,31.35,0.0,63.5368,13076800
2016-11-22,180,2016-03-10,2016-11-22,31.67,24.8861,25.4479,127.2599,124.4501,19.57,31.67,0.0,61.8293,8955600
2016-11-23,180,2016-03-11,2016-11-23,31.88,24.9542,25.5163,127.7543,124.9396,19.61,31.88,0.0,62.5701,9876700
2016-11-25,180,2016-03-14,2016-11-25,31.88,25.0184,25.5821,127.426,124.6183,19.61,31.88,0.0,62.5701,4703900
2016-11-28,180,2016-03-15,2016-11-28,31.84,25.084,25.6484,126.9333,124.1404,19.61,31.88,-0.1255,62.3661,8412900
2016-11-29,180,2016-03-16,2016-11-29,32.16,25.1512,25.7165,127.8667,125.0559,19.61,32.16,0.0,63.998,8982900
2016-11-30,180,2016-03-17,2016-11-30,32.2,25.2175,25.784,127.6891,124.8837,19.61,32.2,0.0,64.2019,14878900
2016-12-01,180,2016-03-18,2016-12-01,30.1,25.2745,25.8386,119.0925,116.4926,19.61,32.2,-6.5217,53.4931,25173900
2016-12-02,180,2016-03-21,2016-12-02,31.44,25.3349,25.8994,124.0974,121.3928,19.61,32.2,-2.3602,60.3264,15229600
2016-12-05,180,2016-03-22,2016-12-05,31.53,25.394,25.9594,124.1632,121.4589,19.61,32.2,-2.0807,60.7853,13035900
2016-12-06,180,2016-03-23,2016-12-06,31.61,25.4532,26.0196,124.1887,121.4856,19.61,32.2,-1.8323,61.1933,10088000
2016-12-07,180,2016-03-24,2016-12-07,32.51,25.5201,26.0875,127.3896,124.6191,19.61,32.51,0.0,65.7827,12589000
2016-12-08,180,2016-03-28,2016-12-08,32.71,25.5893,26.1573,127.827,125.0512,19.61,32.71,0.0,66.8026,10131400
2016-12-09,180,2016-03-29,2016-12-09,32.35,25.6571,26.2248,126.086,123.3566,19.61,32.71,-1.1006,64.9668,10774400
2016-12-12,180,2016-03-30,2016-12-12,32.0,25.7206,26.2882,124.414,121.7278,19.61,32.71,-2.1706,63.182,7709200
2016-12-13,180,2016-03-31,2016-12-13,32.03,25.7807,26.3492,124.2404,121.5596,19.61,32.71,-2.0789,63.335,6322000
2016-12-14,180,2016-04-01,2016-12-14,32.14,25.8402,26.4101,124.3796,121.6958,19.61,32.71,-1.7426,63.896,10482800
2016-12-15,180,2016-04-04,2016-12-15,33.06,25.9014,26.4748,127.6381,124.8736,19.61,33.06,0.0,68.5875,11742600
2016-12-16,180,2016-04-05,2016-12-16,32.51,25.9629,26.5378,125.217,122.5046,19.61,33.06,-1.6637,65.7827,13336500
2016-12-19,180,2016-04-06,2016-12-19,32.44,26.0264,26.6016,124.6427,121.9475,19.61,33.06,-1.8754,65.4258,10385100
2016-12-20,180,2016-04-07,2016-12-20,32.61,26.0898,26.6658,124.9912,122.2916,19.61,33.06,-1.3612,66.2927,8185600
2016-12-21,180,2016-04-08,2016-12-21,32.58,26.1557,26.7312,124.5616,121.88,19.61,33.06,-1.4519,66.1397,6521200
2016-12-22,180,2016-04-11,2016-12-22,33.01,26.2236,26.7991,125.8791,123.1757,19.61,33.06,-0.1512,68.3325,9492900
2016-12-23,180,2016-04-12,2016-12-23,32.9,26.2901,26.8656,125.1423,122.4616,19.61,33.06,-0.484,67.7715,4028100
2016-12-27,180,2016-04-13,2016-12-27,33.33,26.3585,26.9344,126.4487,123.7449,19.61,33.33,0.0,69.9643,5008500
2016-12-28,180,2016-04-14,2016-12-28,32.9,26.4225,26.9988,124.5152,121.8571,19.61,33.33,-1.2901,67.7715,5388600
2016-12-29,180,2016-04-15,2016-12-29,32.66,26.4844,27.0609,123.3178,120.6905,19.61,33.33,-2.0102,66.5477,4472500
2016-12-30,180,2016-04-18,2016-12-30,32.27,26.5453,27.1209,121.5657,118.9855,19.61,33.33,-3.1803,64.5589,5887700
2017-01-03,180,2016-04-19,2017-01-03,31.94,26.6044,27.1786,120.0551,117.5189,19.61,33.33,-4.1704,62.8761,13209400
2017-01-04,180,2016-04-20,2017-01-04,32.24,26.6681,27.2399,120.8934,118.3556,19.61,33.33,-3.2703,64.4059,9460600
2017-01-05,180,2016-04-21,2017-01-05,32.1,26.7321,27.3008,120.0804,117.5788,19.61,33.33,-3.6904,63.692,7290200
2017-01-06,180,2016-04-22,2017-01-06,32.04,26.7978,27.3624,119.5619,117.0948,19.61,33.33,-3.8704,63.386,7063600
2017-01-09,180,2016-04-25,2017-01-09,32.78,26.8654,27.4273,122.0158,119.5158,19.61,33.33,-1.6502,67.1596,9271800
2017-01-10,180,2016-04-26,2017-01-10,33.13,26.936,27.4951,122.9952,120.4944,19.61,33.33,-0.6001,68.9444,8753300
2017-01-11,180,2016-04-27,2017-01-11,33.47,27.0053,27.5628,123.9388,121.4316,19.61,33.47,0.0,70.6782,10620100
2017-01-12,180,2016-04-28,2017-01-12,33.31,27.073,27.6289,123.0379,120.5622,19.61,33.47,-0.478,69.8623,6484100
2017-01-13,180,2016-04-29,2017-01-13,33.79,27.1483,27.701,124.4644,121.9812,19.61,33.79,0.0,72.31,6911200
2017-01-17,180,2016-05-02,2017-01-17,33.3,27.2256,27.7723,122.3113,119.9037,19.61,33.79,-1.4501,69.8113,6428600
2017-01-18,180,2016-05-03,2017-01-18,33.69,27.3064,27.8466,123.3777,120.9842,19.61,33.79,-0.296,71.8001,10609400
2017-01-19,180,2016-05-04,2017-01-19,33.75,27.39,27.9224,123.2202,120.8705,19.61,33.79,-0.1184,72.1061,8333400
2017-01-20,180,2016-05-05,2017-01-20,33.84,27.4771,28.0002,123.1572,120.8564,19.61,33.84,0.0,72.565,8571700
2017-01-23,180,2016-05-06,2017-01-23,33.75,27.5644,28.0774,122.4407,120.2035,19.61,33.84,-0.266,72.1061,7254400
2017-01-24,180,2016-05-09,2017-01-24,34.03,27.6531,28.1561,123.0605,120.8621,19.61,34.03,0.0,73.5339,9702800
2017-01-25,180,2016-05-10,2017-01-25,34.42,27.7435,28.2368,124.065,121.8978,19.61,34.42,0.0,75.5227,12086300
2017-01-26,180,2016-05-11,2017-01-26,33.98,27.832,28.3146,122.0898,120.0089,19.61,34.42,-1.2783,73.2789,9375500
2017-01-27,180,2016-05-12,2017-01-27,35.04,27.9245,28.3981,125.4811,123.3887,19.61,35.04,0.0,78.6843,11055900
2017-01-30,180,2016-05-13,2017-01-30,34.34,28.0194,28.4798,122.558,120.5768,19.61,35.04,-1.9977,75.1147,11183800
2017-01-31,180,2016-05-16,2017-01-31,34.25,28.1148,28.5611,121.8221,119.9183,19.64,35.04,-2.2546,74.389,9468000
2017-02-01,180,2016-05-17,2017-02-01,35.03,28.211,28.6454,124.1715,122.2882,19.64,35.04,-0.0285,78.3605,15244900
2017-02-02,180,2016-05-18,2017-02-02,34.94,28.3099,28.7304,123.4197,121.6132,19.91,35.04,-0.2854,75.4897,7518000
2017-02-03,180,2016-05-19,2017-02-03,35.31,28.4077,28.8159,124.2975,122.5363,19.91,35.31,0.0,77.3481,8560300
2017-02-06,180,2016-05-20,2017-02-06,35.18,28.5057,28.9008,123.4138,121.7268,22.29,35.31,-0.3682,57.8286,5877100
2017-02-07,180,2016-05-23,2017-02-07,35.54,28.5781,28.9723,124.3609,122.6688,22.29,35.54,0.0,59.4437,8155200
2017-02-08,180,2016-05-24,2017-02-08,35.6,28.649,29.0429,124.2627,122.5773,22.29,35.6,0.0,59.7129,8735900
2017-02-09,180,2016-05-25,2017-02-09,35.41,28.7145,29.1091,123.3176,121.6458,22.29,35.6,-0.5337,58.8605,6515500
2017-02-10,180,2016-05-26,2017-02-10,35.32,28.7785,29.1739,122.7304,121.0672,22.29,35.6,-0.7865,58.4567,11636400
2017-02-13,180,2016-05-27,2017-02-13,35.46,28.8428,29.2391,122.9423,121.2761,22.29,35.6,-0.3933,59.0848,11900300
2017-02-14,180,2016-05-31,2017-02-14,35.23,28.9008,29.299,121.8996,120.243,22.29,35.6,-1.0393,58.0529,9956600
2017-02-15,180,2016-06-01,2017-02-15,35.49,28.9602,29.3605,122.5474,120.8767,22.29,35.6,-0.309,59.2194,17410000
2017-02-16,180,2016-06-02,2017-02-16,35.18,29.019,29.4205,121.2308,119.5765,22.29,35.6,-1.1798,57.8286,21684900
2017-02-17,180,2016-06-03,2017-02-17,35.67,29.0788,29.4824,122.6667,120.9872,22.29,35.67,0.0,60.0269,14892800
2017-02-21,180,2016-06-06,2017-02-21,36.58,29.1431,29.5502,125.5185,123.7895,22.29,36.58,0.0,64.1095,13814800
2017-02-22,180,2016-06-07,2017-02-22,36.51,29.2092,29.6187,124.9947,123.2666,22.29,36.58,-0.1914,63.7954,10380000
2017-02-23,180,2016-06-08,2017-02-23,36.16,29.2744,29.6853,123.5208,121.811,22.29,36.58,-1.1482,62.2252,7852500
2017-02-24,180,2016-06-09,2017-02-24,36.3,29.3399,29.7524,123.7223,122.007,22.29,36.58,-0.7655,62.8533,7505800
2017-02-27,180,2016-06-10,2017-02-27,36.43,29.4046,29.8191,123.8922,122.17,22.29,36.58,-0.4101,63.4365,6490900
2017-02-28,180,2016-06-13,2017-02-28,36.22,29.4717,29.8866,122.8976,121.1914,22.29,36.58,-0.9841,62.4944,8585600
2017-03-01,180,2016-06-14,2017-03-01,36.85,29.5425,29.9583,124.7356,123.0042,22.29,36.85,0.0,65.3208,7298300
2017-03-02,180,2016-06-15,2017-03-02,36.49,29.614,30.0292,123.2187,121.5152,22.29,36.85,-0.9769,63.7057,7854800
2017-03-03,180,2016-06-16,2017-03-03,36.87,29.6876,30.1023,124.1931,122.4822,22.29,36.87,0.0,65.4105,7244100
2017-03-06,180,2016-06-17,2017-03-06,36.86,29.7617,30.1755,123.8506,122.1521,22.29,36.87,-0.0271,65.3656,9219100
2017-03-07,180,2016-06-20,2017-03-07,36.97,29.8388,30.2507,123.8991,122.212,22.29,36.97,0.0,65.8591,7841500
2017-03-08,180,2016-06-21,2017-03-08,37.19,29.9153,30.3261,124.3176,122.6338,22.29,37.19,0.0,66.8461,8052700
2017-03-09,180,2016-06-22,2017-03-09,37.38,29.9911,30.4013,124.6369,122.9551,22.29,37.38,0.0,67.6985,8494100
2017-03-10,180,2016-06-23,2017-03-10,38.12,30.0687,30.4799,126.7763,125.0658,22.29,38.12,0.0,71.0184,11486500
2017-03-13,180,2016-06-24,2017-03-13,38.44,30.1431,30.5573,127.5251,125.7965,22.29,38.44,0.0,72.454,9111400
2017-03-14,180,2016-06-27,2017-03-14,38.27,30.2287,30.6408,126.6015,124.8987,22.29,38.44,-0.4422,71.6913,9646600
2017-03-15,180,2016-06-28,2017-03-15,38.92,30.3263,30.7332,128.3372,126.6382,22.94,38.92,0.0,69.66,9405800
2017-03-16,180,2016-06-29,2017-03-16,39.05,30.4185,30.8227,128.3758,126.6922,23.56,39.05,0.0,65.747,8305200
2017-03-17,180,2016-06-30,2017-03-17,39.28,30.5061,30.9101,128.7612,127.0784,23.84,39.28,0.0,64.7651,11023700
2017-03-20,180,2016-07-01,2017-03-20,39.57,30.5914,30.9967,129.3503,127.6587,23.84,39.57,0.0,65.9815,6916900
2017-03-21,180,2016-07-05,2017-03-21,38.58,30.6744,31.0783,125.7725,124.1379,23.84,39.57,-2.5019,61.8289,13550100
2017-03-22,180,2016-07-06,2017-03-22,38.82,30.7593,31.1616,126.2058,124.5766,24.0,39.57,-1.8954,61.75,9075700
2017-03-23,180,2016-07-07,2017-03-23,38.85,30.8432,31.2441,125.9596,124.3436,24.29,39.57,-1.8196,59.9423,6904600
2017-03-24,180,2016-07-08,2017-03-24,38.97,30.9254,31.3256,126.0129,124.403,24.93,39.57,-1.5163,56.3177,9059900
2017-03-27,180,2016-07-11,2017-03-27,38.86,31.002,31.403,125.3467,123.7461,25.15,39.57,-1.7943,54.5129,6823900
2017-03-28,180,2016-07-12,2017-03-28,38.82,31.0769,31.4789,124.9158,123.3205,25.41,39.57,-1.8954,52.7745,7924900
2017-03-29,180,2016-07-13,2017-03-29,38.87,31.1502,31.5537,124.7824,123.1867,25.91,39.57,-1.769,50.0193,6404400
2017-03-30,180,2016-07-14,2017-03-30,38.89,31.2198,31.6258,124.5682,122.9691,25.97,39.57,-1.7185,49.7497,5997700
2017-03-31,180,2016-07-15,2017-03-31,38.9,31.2882,31.6969,124.3278,122.7248,25.97,39.57,-1.6932,49.7882,8567600
2017-04-03,180,2016-07-18,2017-04-03,38.89,31.355,31.7667,124.0312,122.4239,25.97,39.57,-1.7185,49.7497,7165100
2017-04-04,180,2016-07-19,2017-04-04,39.0,31.4204,31.8356,124.123,122.5045,25.97,39.57,-1.4405,50.1733,7241400
2017-04-05,180,2016-07-20,2017-04-05,38.38,31.4855,31.9022,121.8974,120.3053,25.97,39.57,-3.0073,47.7859,6927400
2017-04-06,180,2016-07-21,2017-04-06,38.58,31.5495,31.9684,122.2839,120.6815,25.97,39.57,-2.5019,48.556,7158900
2017-04-07,180,2016-07-22,2017-04-07,38.93,31.6185,32.039,123.1243,121.5082,25.97,39.57,-1.6174,49.9037,6318100
2017-04-10,180,2016-07-25,2017-04-10,38.86,31.6863,32.1084,122.6397,121.0276,25.97,39.57,-1.7943,49.6342,7339600
2017-04-11,180,2016-07-26,2017-04-11,38.2,31.751,32.1734,120.3112,118.7315,25.97,39.57,-3.4622,47.0928,10549700
2017-04-12,180,2016-07-27,2017-04-12,37.77,31.8117,32.2343,118.7298,117.1732,25.97,39.57,-4.5489,45.437,6802500
2017-04-13,180,2016-07-28,2017-04-13,37.52,31.871,32.2933,117.7246,116.185,25.97,39.57,-5.1807,44.4744,5754000
2017-04-17,180,2016-07-29,2017-04-17,38.02,31.9347,32.3567,119.0555,117.5028,25.97,39.57,-3.9171,46.3997,5242500
2017-04-18,180,2016-08-01,2017-04-18,38.05,32.0014,32.422,118.901,117.3586,25.97,39.57,-3.8413,46.5152,6047300
2017-04-19,180,2016-08-02,2017-04-19,39.25,32.0732,32.4941,122.3763,120.7911,25.97,39.57,-0.8087,51.1359,13394400
2017-04-20,180,2016-08-03,2017-04-20,39.89,32.1502,32.5714,124.0739,122.4692,26.2,39.89,0.0,52.2519,9402800
2017-04-21,180,2016-08-04,2017-04-21,39.79,32.2252,32.6469,123.4747,121.8797,26.37,39.89,-0.2507,50.8912,8762000
2017-04-24,180,2016-08-05,2017-04-24,40.44,32.3015,32.7251,125.1954,123.5748,26.41,40.44,0.0,53.1238,6925300
2017-04-25,180,2016-08-08,2017-04-25,40.79,32.3758,32.8028,125.9892,124.3492,26.41,40.79,0.0,54.4491,7236900
2017-04-26,180,2016-08-09,2017-04-26,40.71,32.45,32.8799,125.4547,123.8143,26.41,40.79,-0.1961,54.1462,5578300
2017-04-27,180,2016-08-10,2017-04-27,41.33,32.527,32.9607,127.0638,125.3919,26.41,41.33,0.0,56.4938,8312500
2017-04-28,180,2016-08-11,2017-04-28,40.61,32.605,33.0396,124.5516,122.9133,26.82,41.33,-1.7421,51.4169,9209000
2017-05-01,180,2016-08-12,2017-05-01,41.7,32.6837,33.1222,127.5864,125.8974,27.18,41.7,0.0,53.4216,7478300
2017-05-02,180,2016-08-15,2017-05-02,41.71,32.76,33.2029,127.32,125.6214,27.22,41.71,0.0,53.2329,6950800
2017-05-03,180,2016-08-16,2017-05-03,41.55,32.8337,33.2812,126.5468,124.8454,27.22,41.71,-0.3836,52.6451,5673900
2017-05-04,180,2016-08-17,2017-05-04,41.62,32.91,33.3612,126.4661,124.7558,27.29,41.71,-0.2158,52.5101,5016100
2017-05-05,180,2016-08-18,2017-05-05,41.83,32.9868,33.4419,126.8082,125.0824,27.68,41.83,0.0,51.1199,4748200
2017-05-08,180,2016-08-19,2017-05-08,41.54,33.0598,33.5189,125.6509,123.9299,27.8,41.83,-0.6933,49.4245,6380000
2017-05-09,180,2016-08-22,2017-05-09,42.04,33.1204,33.5878,126.9309,125.1644,27.8,42.04,0.0,51.223,8074600
2017-05-10,180,2016-08-23,2017-05-10,42.87,33.1874,33.6641,129.1754,127.3465,27.8,42.87,0.0,54.2086,11555100
2017-05-11,180,2016-08-24,2017-05-11,43.48,33.2511,33.7392,130.7625,128.8708,27.8,43.48,0.0,56.4029,11149900
2017-05-12,180,2016-08-25,2017-05-12,43.44,33.3167,33.8156,130.3852,128.4616,27.8,43.48,-0.092,56.259,9365100
2017-05-15,180,2016-08-26,2017-05-15,44.32,33.3857,33.8971,132.7516,130.7488,27.8,44.32,0.0,59.4245,12098100
2017-05-16,180,2016-08-29,2017-05-16,45.07,33.455,33.9809,134.7182,132.6332,27.8,45.07,0.0,62.1223,13410500
2017-05-17,180,2016-08-30,2017-05-17,42.76,33.5166,34.0516,127.5784,125.5743,27.8,45.07,-5.1254,53.8129,20062000
2017-05-18,180,2016-08-31,2017-05-18,43.91,33.5827,34.1289,130.7517,128.6593,27.8,45.07,-2.5738,57.9496,21882200
2017-05-19,180,2016-09-01,2017-05-19,44.08,33.6507,34.208,130.9928,128.8588,27.8,45.07,-2.1966,58.5612,23338600
2017-05-22,180,2016-09-02,2017-05-22,44.73,33.7179,34.2882,132.6596,130.453,27.8,45.07,-0.7544,60.8993,12606300
2017-05-23,180,2016-09-06,2017-05-23,44.91,33.7878,34.3709,132.9178,130.6627,27.8,45.07,-0.355,61.5468,8541900
2017-05-24,180,2016-09-07,2017-05-24,44.63,33.8574,34.4523,131.8177,129.5413,27.8,45.07,-0.9763,60.5396,7565600
2017-05-25,180,2016-09-08,2017-05-25,45.02,33.929,34.5363,132.6889,130.3557,27.8,45.07,-0.1109,61.9425,8662600
2017-05-26,180,2016-09-09,2017-05-26,45.5,34.0033,34.6236,133.8106,131.4134,27.8,45.5,0.0,63.6691,6633400
2017-05-30,180,2016-09-12,2017-05-30,45.56,34.0851,34.7163,133.6656,131.2351,27.8,45.56,0.0,63.8849,6593500
2017-05-31,180,2016-09-13,2017-05-31,45.88,34.1627,34.8068,134.2986,131.8132,27.8,45.88,0.0,65.036,13082100
2017-06-01,180,2016-09-14,2017-06-01,46.0,34.2426,34.8992,134.3356,131.8083,27.8,46.0,0.0,65.4676,7176800
2017-06-02,180,2016-09-15,2017-06-02,46.8,34.325,34.9957,136.344,133.7308,27.8,46.8,0.0,68.3453,9523900
2017-06-05,180,2016-09-16,2017-06-05,46.72,34.4021,35.0877,135.8056,133.152,27.8,46.8,-0.1709,68.0576,6807600
2017-06-06,180,2016-09-19,2017-06-06,46.57,34.4799,35.1795,135.0641,132.3782,27.8,46.8,-0.4915,67.518,7806200
2017-06-07,180,2016-09-20,2017-06-07,47.26,34.5583,35.2737,136.7543,133.9808,27.8,47.26,0.0,70.0,8026500
2017-06-08,180,2016-09-21,2017-06-08,47.43,34.6369,35.3684,136.9348,134.1028,27.8,47.43,0.0,70.6115,7936100
2017-06-09,180,2016-09-22,2017-06-09,44.74,34.7061,35.4471,128.911,126.2162,27.8,47.43,-5.6715,60.9353,20477200
2017-06-12,180,2016-09-23,2017-06-12,44.34,34.7763,35.5252,127.5007,124.8129,27.8,47.43,-6.5149,59.4964,20623500
2017-06-13,180,2016-09-26,2017-06-13,44.85,34.8532,35.6096,128.6827,125.9493,27.8,47.43,-5.4396,61.3309,12330600
2017-06-14,180,2016-09-27,2017-06-14,43.98,34.9298,35.6908,125.9096,123.2249,27.8,47.43,-7.2739,58.2014,10697300
2017-06-15,180,2016-09-28,2017-06-15,43.16,35.0016,35.7659,123.3086,120.6735,27.8,47.43,-9.0027,55.2518,11523000
2017-06-16,180,2016-09-29,2017-06-16,43.11,35.0727,35.8402,122.916,120.2839,27.8,47.43,-9.1082,55.072,10775100
2017-06-19,180,2016-09-30,2017-06-19,44.29,35.1496,35.9219,126.0042,123.2951,27.8,47.43,-6.6203,59.3166,9649900
2017-06-20,180,2016-10-03,2017-06-20,43.36,35.2191,35.9953,123.115,120.4601,27.8,47.43,-8.5811,55.9712,9083700
2017-06-21,180,2016-10-04,2017-06-21,43.62,35.2916,36.0714,123.5988,120.9267,27.8,47.43,-8.0329,56.9065,9713600
2017-06-22,180,2016-10-05,2017-06-22,43.34,35.3658,36.1477,122.5478,119.8969,27.8,47.43,-8.6232,55.8993,7632100
2017-06-23,180,2016-10-06,2017-06-23,44.09,35.4404,36.2263,124.4059,121.707,27.8,47.43,-7.042,58.5971,13947700
2017-06-26,180,2016-10-07,2017-06-26,43.25,35.5127,36.3006,121.7874,119.1442,27.8,47.43,-8.813,55.5755,10911400
2017-06-27,180,2016-10-10,2017-06-27,41.89,35.5811,36.368,117.7311,115.1837,27.8,47.43,-11.6804,50.6835,12734900
2017-06-28,180,2016-10-11,2017-06-28,42.69,35.6559,36.4419,119.7278,117.1452,27.8,47.43,-9.9937,53.5612,14308300
2017-06-29,180,2016-10-12,2017-06-29,41.44,35.7322,36.5131,115.9738,113.4936,27.8,47.43,-12.6291,49.0647,12362500
2017-06-30,180,2016-10-13,2017-06-30,41.31,35.8083,36.5834,115.3642,112.9199,27.8,47.43,-12.9032,48.5971,10044100
2017-07-03,180,2016-10-14,2017-07-03,41.01,35.8905,36.6565,114.2642,111.8765,27.8,47.43,-13.5357,47.518,6519500
2017-07-05,180,2016-10-17,2017-07-05,42.12,35.9758,36.7346,117.0789,114.6604,27.8,47.43,-11.1954,51.5108,10942500
2017-07-06,180,2016-10-18,2017-07-06,42.11,36.0639,36.8141,116.7651,114.3857,28.02,47.43,-11.2165,50.2855,11934200
2017-07-07,180,2016-10-19,2017-07-07,43.54,36.156,36.9003,120.4226,117.9937,28.18,47.43,-8.2016,54.5067,10748700
2017-07-10,180,2016-10-20,2017-07-10,44.21,36.2484,36.9886,121.9639,119.5235,28.18,47.43,-6.789,56.8843,10357900
2017-07-11,180,2016-10-21,2017-07-11,45.4,36.3451,37.0831,124.9137,122.4277,28.18,47.43,-4.28,61.1072,13527400
2017-07-12,180,2016-10-24,2017-07-12,45.28,36.4414,37.1767,124.2542,121.7966,28.18,47.43,-4.533,60.6813,10395800
2017-07-13,180,2016-10-25,2017-07-13,45.3,36.5319,37.2664,124.0013,121.5571,28.18,47.43,-4.4908,60.7523,9036100
2017-07-14,180,2016-10-26,2017-07-14,46.12,36.6283,37.3623,125.9137,123.4398,28.18,47.43,-2.762,63.6622,8085700
2017-07-17,180,2016-10-27,2017-07-17,46.15,36.7254,37.4584,125.6624,123.2032,28.18,47.43,-2.6987,63.7686,7679900
2017-07-18,180,2016-10-28,2017-07-18,46.62,36.8246,37.5571,126.6003,124.131,28.18,47.43,-1.7078,65.4365,6594200
2017-07-19,180,2016-10-31,2017-07-19,47.18,36.928,37.66,127.762,125.2788,28.18,47.43,-0.5271,67.4237,9533900
2017-07-20,180,2016-11-01,2017-07-20,47.25,37.0285,37.7609,127.6045,125.1293,28.18,47.43,-0.3795,67.6721,8782300
2017-07-21,180,2016-11-02,2017-07-21,46.81,37.1296,37.8604,126.0719,123.6383,28.18,47.43,-1.3072,66.1107,7539500
2017-07-24,180,2016-11-03,2017-07-24,46.78,37.2341,37.9615,125.6376,123.2301,28.18,47.43,-1.3704,66.0043,8495500
2017-07-25,180,2016-11-04,2017-07-25,46.4,37.3408,38.0622,124.2608,121.9057,28.18,47.43,-2.1716,64.6558,7271900
2017-07-26,180,2016-11-07,2017-07-26,47.45,37.4524,38.1691,126.6942,124.3154,28.18,47.45,0.0,68.3818,9161300
2017-07-27,180,2016-11-08,2017-07-27,46.04,37.5491,38.2619,122.6129,120.3286,28.18,47.45,-2.9715,63.3783,17026600
2017-07-28,180,2016-11-09,2017-07-28,45.25,37.6416,38.3493,120.2126,117.9942,28.18,47.45,-4.6365,60.5749,9584300
2017-07-31,180,2016-11-10,2017-07-31,44.31,37.7344,38.4337,117.4259,115.2895,28.18,47.45,-6.6175,57.2392,11121300
2017-08-01,180,2016-11-11,2017-08-01,44.1,37.8361,38.5221,116.5555,114.4797,28.82,47.45,-7.0601,53.0187,9452300
2017-08-02,180,2016-11-14,2017-08-02,42.73,37.9261,38.5994,112.6665,110.7012,28.99,47.45,-9.9473,47.3957,15632000
2017-08-03,180,2016-11-15,2017-08-03,42.7,38.0148,38.6756,112.3246,110.4057,29.61,47.45,-10.0105,44.208,11475800
2017-08-04,180,2016-11-16,2017-08-04,42.82,38.0986,38.7489,112.3925,110.5062,30.02,47.45,-9.7576,42.6382,7510900
2017-08-07,180,2016-11-17,2017-08-07,43.96,38.184,38.8264,115.1267,113.222,30.1,47.45,-7.3551,46.0465,7758400
2017-08-08,180,2016-11-18,2017-08-08,43.9,38.2633,38.8996,114.7315,112.8548,30.1,47.45,-7.4816,45.8472,9798300
2017-08-09,180,2016-11-21,2017-08-09,43.81,38.3424,38.9722,114.2601,112.4136,30.1,47.45,-7.6712,45.5482,5634700
2017-08-10,180,2016-11-22,2017-08-10,42.03,38.4087,39.0315,109.4284,107.6823,30.1,47.45,-11.4226,39.6345,11299300
2017-08-11,180,2016-11-23,2017-08-11,43.08,38.4773,39.0949,111.962,110.1934,30.1,47.45,-9.2097,43.1229,10761600
2017-08-14,180,2016-11-25,2017-08-14,43.78,38.5476,39.161,113.5739,111.7949,30.1,47.45,-7.7345,45.4485,9764800
2017-08-15,180,2016-11-28,2017-08-15,43.88,38.6185,39.2277,113.6242,111.8598,30.1,47.45,-7.5237,45.7807,6250200
2017-08-16,180,2016-11-29,2017-08-16,44.46,38.6925,39.2978,114.9059,113.1362,30.1,47.45,-6.3014,47.7076,8490600
2017-08-17,180,2016-11-30,2017-08-17,43.12,38.7584,39.3587,111.2533,109.5566,30.1,47.45,-9.1254,43.2558,14283400
2017-08-18,180,2016-12-01,2017-08-18,44.3,38.8293,39.4259,114.0891,112.3627,30.1,47.45,-6.6386,47.1761,20996200
2017-08-21,180,2016-12-02,2017-08-21,43.31,38.9144,39.4993,111.2956,109.6476,31.44,47.45,-8.725,37.7545,14374500
2017-08-22,180,2016-12-05,2017-08-22,44.45,38.9928,39.5716,113.9953,112.3282,31.53,47.45,-6.3224,40.9768,8664500
2017-08-23,180,2016-12-06,2017-08-23,44.02,39.069,39.6409,112.6724,111.0468,31.61,47.45,-7.2287,39.2597,8480900
2017-08-24,180,2016-12-07,2017-08-24,43.72,39.1435,39.7082,111.6917,110.1031,31.94,47.45,-7.8609,36.8817,9253000
2017-08-25,180,2016-12-08,2017-08-25,43.31,39.2089,39.7682,110.4597,108.9061,31.94,47.45,-8.725,35.598,6385800
2017-08-28,180,2016-12-09,2017-08-28,43.63,39.2743,39.8289,111.0904,109.5436,31.94,47.45,-8.0506,36.5999,5545100
2017-08-29,180,2016-12-12,2017-08-29,44.02,39.3447,39.8937,111.883,110.3432,31.94,47.45,-7.2287,37.8209,6768800
2017-08-30,180,2016-12-13,2017-08-30,45.47,39.4244,39.9686,115.3345,113.7644,31.94,47.45,-4.1728,42.3607,8797200
2017-08-31,180,2016-12-14,2017-08-31,45.12,39.5028,40.0413,114.2197,112.6837,31.94,47.45,-4.9104,41.2649,9213400
2017-09-01,180,2016-12-15,2017-09-01,45.1,39.5805,40.1133,113.9451,112.4316,31.94,47.45,-4.9526,41.2022,5307500
2017-09-05,180,2016-12-16,2017-09-05,44.48,39.6482,40.1767,112.1867,110.7109,31.94,47.45,-6.2592,39.2611,9198600
2017-09-06,180,2016-12-19,2017-09-06,44.73,39.7217,40.2446,112.6084,111.1453,31.94,47.45,-5.7324,40.0438,12116700
2017-09-07,180,2016-12-20,2017-09-07,45.22,39.7982,40.3156,113.6232,112.165,31.94,47.45,-4.6997,41.578,8291500
2017-09-08,180,2016-12-21,2017-09-08,44.35,39.8698,40.3808,111.2371,109.8293,31.94,47.45,-6.5332,38.8541,8128900
2017-09-11,180,2016-12-22,2017-09-11,45.58,39.9472,40.4531,114.1005,112.6738,31.94,47.45,-3.941,42.7051,8893000
2017-09-12,180,2016-12-23,2017-09-12,45.65,40.0217,40.5233,114.063,112.6513,31.94,47.45,-3.7935,42.9242,7233800
2017-09-13,180,2016-12-27,2017-09-13,46.12,40.0994,40.5967,115.0141,113.6052,31.94,47.45,-2.803,44.3957,7500500
2017-09-14,180,2016-12-28,2017-09-14,47.05,40.1777,40.6729,117.1047,115.6789,31.94,47.45,-0.843,47.3074,12338900
2017-09-15,180,2016-12-29,2017-09-15,47.14,40.2602,40.7521,117.0882,115.6751,31.94,47.45,-0.6533,47.5892,13880400
2017-09-18,180,2016-12-30,2017-09-18,48.05,40.3487,40.8376,119.0867,117.6613,31.94,48.05,0.0,50.4383,11215500
2017-09-19,180,2017-01-03,2017-09-19,48.26,40.4418,40.9264,119.3319,117.919,31.94,48.26,0.0,51.0958,9385000
2017-09-20,180,2017-01-04,2017-09-20,47.28,40.5343,41.0116,116.6418,115.2844,32.04,48.26,-2.0307,47.5655,11021300
2017-09-21,180,2017-01-05,2017-09-21,47.15,40.6241,41.0944,116.0642,114.7357,32.04,48.26,-2.3,47.1598,8533600
2017-09-22,180,2017-01-06,2017-09-22,47.77,40.718,41.1815,117.3192,115.9987,32.04,48.26,-1.0153,49.0949,5867700
2017-09-25,180,2017-01-09,2017-09-25,46.33,40.8068,41.2609,113.5349,112.2855,32.78,48.26,-3.9992,41.3362,11445900
2017-09-26,180,2017-01-10,2017-09-26,45.92,40.8878,41.3339,112.3075,111.0953,33.13,48.26,-4.8487,38.6055,11086600
2017-09-27,180,2017-01-11,2017-09-27,48.84,40.9781,41.4212,119.1855,117.9107,33.3,48.84,0.0,46.6667,20364400
2017-09-28,180,2017-01-12,2017-09-28,50.62,41.0728,41.5164,123.2446,121.9276,33.3,50.62,0.0,52.012,22109100
2017-09-29,180,2017-01-13,2017-09-29,52.09,41.1745,41.6208,126.5104,125.1538,33.3,52.09,0.0,56.4264,21008700
2017-10-02,180,2017-01-17,2017-10-02,52.08,41.2726,41.7224,126.1854,124.8251,33.3,52.09,-0.0192,56.3964,15636000
2017-10-03,180,2017-01-18,2017-10-03,51.84,41.3745,41.8254,125.2946,123.9439,33.69,52.09,-0.4799,53.8736,11304600
2017-10-04,180,2017-01-19,2017-10-04,51.6,41.4727,41.9249,124.4192,123.0772,33.75,52.09,-0.9407,52.8889,8294700
2017-10-05,180,2017-01-20,2017-10-05,51.43,41.5703,42.0231,123.7183,122.385,33.75,52.09,-1.267,52.3852,9337000
2017-10-06,180,2017-01-23,2017-10-06,52.4,41.671,42.1262,125.747,124.3881,33.75,52.4,0.0,55.2593,8509500
2017-10-09,180,2017-01-24,2017-10-09,52.69,41.774,42.2314,126.1311,124.7649,33.98,52.69,0.0,55.0618,8763000
2017-10-10,180,2017-01-25,2017-10-10,52.59,41.8748,42.3346,125.5887,124.2248,33.98,52.69,-0.1898,54.7675,8217200
2017-10-11,180,2017-01-26,2017-10-11,53.23,41.975,42.4391,126.8135,125.4269,33.98,53.23,0.0,56.651,7746000
2017-10-12,180,2017-01-27,2017-10-12,53.31,42.0797,42.5464,126.6881,125.2984,34.25,53.31,0.0,55.6496,12611400
2017-10-13,180,2017-01-30,2017-10-13,53.94,42.1783,42.6514,127.8856,126.467,34.25,53.94,0.0,57.489,10208300
2017-10-16,180,2017-01-31,2017-10-16,55.04,42.2869,42.7664,130.1587,128.699,34.25,55.04,0.0,60.7007,9921100
2017-10-17,180,2017-02-01,2017-10-17,55.13,42.397,42.8824,130.0328,128.5608,34.94,55.13,0.0,57.7848,10241700
2017-10-18,180,2017-02-02,2017-10-18,55.34,42.5019,42.9953,130.206,128.7118,34.94,55.34,0.0,58.3858,9459400
2017-10-19,180,2017-02-03,2017-10-19,55.33,42.608,43.1086,129.8583,128.3504,35.18,55.34,-0.0181,57.2769,7969200
2017-10-20,180,2017-02-06,2017-10-20,56.09,42.7141,43.224,131.315,129.7659,35.18,56.09,0.0,59.4372,10575300
2017-10-23,180,2017-02-07,2017-10-23,56.37,42.8227,43.3417,131.6359,130.0594,35.18,56.37,0.0,60.2331,11003900
2017-10-24,180,2017-02-08,2017-10-24,56.38,42.9289,43.4575,131.3335,129.736,35.18,56.38,0.0,60.2615,7763900
2017-10-25,180,2017-02-09,2017-10-25,55.3,43.0316,43.5669,128.5103,126.9311,35.18,56.38,-1.9156,57.1916,13694600
2017-10-26,180,2017-02-10,2017-10-26,55.93,43.1384,43.6809,129.6524,128.0421,35.18,56.38,-0.7982,58.9824,8210500
2017-10-27,180,2017-02-13,2017-10-27,56.69,43.249,43.7997,131.078,129.4302,35.18,56.69,0.0,61.1427,10523600
2017-10-30,180,2017-02-14,2017-10-30,55.9,43.3565,43.9132,128.9312,127.2965,35.18,56.69,-1.3935,58.8971,7336200
2017-10-31,180,2017-02-15,2017-10-31,56.43,43.4681,44.031,129.8193,128.1597,35.18,56.69,-0.4586,60.4036,7661500
2017-11-01,180,2017-02-16,2017-11-01,55.71,43.5757,44.1433,127.8464,126.2025,35.18,56.69,-1.7287,58.357,10479900
2017-11-02,180,2017-02-17,2017-11-02,56.26,43.6884,44.2604,128.7756,127.1112,35.67,56.69,-0.7585,57.7236,6545500
2017-11-03,180,2017-02-21,2017-11-03,56.55,43.7984,44.3764,129.1142,127.4325,36.16,56.69,-0.247,56.3883,5566400
2017-11-06,180,2017-02-22,2017-11-06,56.33,43.9008,44.4862,128.312,126.6236,36.16,56.69,-0.635,55.7799,7887700
2017-11-07,180,2017-02-23,2017-11-07,56.47,44.0047,44.5971,128.3272,126.6227,36.16,56.69,-0.3881,56.167,8177400
2017-11-08,180,2017-02-24,2017-11-08,56.92,44.1135,44.7124,129.0308,127.3025,36.22,56.92,0.0,57.1507,7468200
2017-11-09,180,2017-02-27,2017-11-09,55.48,44.2167,44.8189,125.473,123.7869,36.22,56.92,-2.5299,53.175,10275700
2017-11-10,180,2017-02-28,2017-11-10,56.36,44.3224,44.9297,127.1592,125.4405,36.22,56.92,-0.9838,55.6046,7373100
2017-11-13,180,2017-03-01,2017-11-13,57.03,44.4326,45.0453,128.3517,126.6059,36.49,57.03,0.0,56.2894,9414500
2017-11-14,180,2017-03-02,2017-11-14,56.42,44.5361,45.154,126.6838,124.9502,36.49,57.03,-1.0696,54.6177,9640800
2017-11-15,180,2017-03-03,2017-11-15,55.77,44.6407,45.2611,124.9308,123.2184,36.86,57.03,-2.2094,51.3022,9612500
2017-11-16,180,2017-03-06,2017-11-16,57.84,44.7499,45.3776,129.2518,127.4637,36.86,57.84,0.0,56.9181,16712300
2017-11-17,180,2017-03-07,2017-11-17,56.49,44.855,45.4867,125.9392,124.1902,36.97,57.84,-2.334,52.7996,27436500
2017-11-20,180,2017-03-08,2017-11-20,57.62,44.9636,45.6014,128.1481,126.3558,37.19,57.84,-0.3804,54.9341,14360200
2017-11-21,180,2017-03-09,2017-11-21,58.8,45.0749,45.7214,130.4496,128.6049,37.38,58.8,0.0,57.3034,10199400
2017-11-22,180,2017-03-10,2017-11-22,57.68,45.1814,45.8342,127.6632,125.8448,37.52,58.8,-1.9048,53.7313,8302400
2017-11-24,180,2017-03-13,2017-11-24,57.91,45.2833,45.9442,127.8838,126.0443,37.52,58.8,-1.5136,54.3443,3703300
2017-11-27,180,2017-03-14,2017-11-27,56.94,45.3798,46.0469,125.4744,123.6564,37.52,58.8,-3.1633,51.7591,7962100
2017-11-28,180,2017-03-15,2017-11-28,57.33,45.4794,46.1528,126.0571,124.2177,37.52,58.8,-2.5,52.7985,7878900
2017-11-29,180,2017-03-16,2017-11-29,52.91,45.5576,46.2306,116.1387,114.4481,37.52,58.8,-10.017,41.0181,25319800
2017-11-30,180,2017-03-17,2017-11-30,52.77,45.6345,46.3068,115.6362,113.9574,37.52,58.8,-10.2551,40.645,14549700
2017-12-01,180,2017-03-20,2017-12-01,51.91,45.7063,46.3769,113.573,111.9306,37.52,58.8,-11.7177,38.3529,16271800
2017-12-04,180,2017-03-21,2017-12-04,49.77,45.7665,46.4336,108.7478,107.1853,37.52,58.8,-15.3571,32.6493,19956100
2017-12-05,180,2017-03-22,2017-12-05,50.08,45.8358,46.4975,109.2595,107.7047,37.52,58.8,-14.8299,33.4755,21045700
2017-12-06,180,2017-03-23,2017-12-06,51.01,45.9078,46.5652,111.114,109.5453,37.52,58.8,-13.2483,35.9542,19296300
2017-12-07,180,2017-03-24,2017-12-07,52.3,45.9854,46.6399,113.7317,112.1356,37.52,58.8,-11.0544,39.3923,14690100
2017-12-08,180,2017-03-27,2017-12-08,51.43,46.0586,46.7092,111.6622,110.1069,37.52,58.8,-12.534,37.0736,15131800
2017-12-11,180,2017-03-28,2017-12-11,51.62,46.1337,46.7801,111.8923,110.3462,37.52,58.8,-12.2109,37.58,9740800
2017-12-12,180,2017-03-29,2017-12-12,50.47,46.2041,46.8448,109.2328,107.7388,37.52,58.8,-14.1667,34.5149,9547500
2017-12-13,180,2017-03-30,2017-12-13,50.76,46.2757,46.9108,109.6905,108.2053,37.52,58.8,-13.6735,35.2878,13858300
2017-12-14,180,2017-03-31,2017-12-14,51.31,46.3498,46.9798,110.7016,109.2171,37.52,58.8,-12.7381,36.7537,8940300
2017-12-15,180,2017-04-03,2017-12-15,52.54,46.4296,47.0556,113.1605,111.6551,37.52,58.8,-10.6463,40.032,14575400
2017-12-18,180,2017-04-04,2017-12-18,53.4,46.5134,47.1362,114.8055,113.2887,37.52,58.8,-9.1837,42.3241,13304300
2017-12-19,180,2017-04-05,2017-12-19,52.96,46.5948,47.2138,113.6607,112.1706,37.52,58.8,-9.932,41.1514,10922600
2017-12-20,180,2017-04-06,2017-12-20,53.29,46.6829,47.2966,114.1531,112.6719,37.52,58.8,-9.3707,42.0309,9950800
2017-12-21,180,2017-04-07,2017-12-21,51.89,46.7636,47.3706,110.9625,109.5406,37.52,58.8,-11.7517,38.2996,9530900
2017-12-22,180,2017-04-10,2017-12-22,52.06,46.8424,47.4435,111.1386,109.7305,37.52,58.8,-11.4626,38.7527,8087600
2017-12-26,180,2017-04-11,2017-12-26,51.05,46.9174,47.5112,108.8082,107.4483,37.52,58.8,-13.1803,36.0608,7393600
2017-12-27,180,2017-04-12,2017-12-27,51.68,47.0011,47.5861,109.9549,108.6031,37.52,58.8,-12.1088,37.7399,5962100
2017-12-28,180,2017-04-13,2017-12-28,51.72,47.0889,47.6636,109.8349,108.5105,37.52,58.8,-12.0408,37.8465,5634400
2017-12-29,180,2017-04-17,2017-12-29,51.12,47.1764,47.7392,108.3593,107.0819,38.02,58.8,-13.0612,34.4555,6971500
2018-01-02,180,2017-04-18,2018-01-02,53.04,47.2687,47.8226,112.2096,110.9099,38.05,58.8,-9.7959,39.3955,9819500
2018-01-03,180,2017-04-19,2018-01-03,53.98,47.3651,47.9111,113.9657,112.667,39.25,58.8,-8.1973,37.5287,10898900
2018-01-04,180,2017-04-20,2018-01-04,54.29,47.4533,47.9947,114.4073,113.1167,39.79,58.8,-7.6701,36.4413,9462800
2018-01-05,180,2017-04-21,2018-01-05,54.6,47.5379,48.0764,114.8557,113.5693,39.79,58.8,-7.1429,37.2204,10902200
2018-01-08,180,2017-04-24,2018-01-08,55.92,47.6291,48.166,117.4072,116.0985,40.44,58.8,-4.898,38.2789,12658000
2018-01-09,180,2017-04-25,2018-01-09,54.86,47.7112,48.2461,114.9836,113.7086,40.61,58.8,-6.7007,35.0899,13564900
2018-01-10,180,2017-04-26,2018-01-10,53.3,47.784,48.3156,111.5435,110.3163,40.61,58.8,-9.3537,31.2485,14537200
2018-01-11,180,2017-04-27,2018-01-11,53.2,47.8573,48.385,111.1638,109.9514,40.61,58.8,-9.5238,31.0022,10694200
2018-01-12,180,2017-04-28,2018-01-12,53.45,47.9272,48.4523,111.5233,110.3146,40.61,58.8,-9.0986,31.6178,9072300
2018-01-16,180,2017-05-01,2018-01-16,54.5,48.0074,48.5295,113.5241,112.3028,41.01,58.8,-7.3129,32.8944,14385000
2018-01-17,180,2017-05-02,2018-01-17,57.34,48.0913,48.6164,119.2315,117.9438,41.01,58.8,-2.483,39.8196,17924200
2018-01-18,180,2017-05-03,2018-01-18,57.4,48.1757,48.7036,119.1473,117.8559,41.01,58.8,-2.3809,39.9659,17677700
2018-01-19,180,2017-05-04,2018-01-19,57.4,48.2615,48.7916,118.9353,117.6432,41.01,58.8,-2.3809,39.9659,11458700
2018-01-22,180,2017-05-05,2018-01-22,57.46,48.3474,48.8796,118.8482,117.5541,41.01,58.8,-2.2789,40.1122,11479800
2018-01-23,180,2017-05-08,2018-01-23,57.79,48.4333,48.9683,119.3188,118.0152,41.01,58.8,-1.7177,40.9169,8813500
2018-01-24,180,2017-05-09,2018-01-24,56.88,48.518,49.0535,117.2348,115.955,41.01,58.8,-3.2653,38.6979,11787300
2018-01-25,180,2017-05-10,2018-01-25,55.76,48.5947,49.1297,114.745,113.4954,41.01,58.8,-5.1701,35.9668,15271900
2018-01-26,180,2017-05-11,2018-01-26,57.12,48.6712,49.2089,117.359,116.0766,41.01,58.8,-2.8571,39.2831,11253500
2018-01-29,180,2017-05-12,2018-01-29,55.33,48.7361,49.2747,113.5299,112.2888,41.01,58.8,-5.9014,34.9183,12350600
2018-01-30,180,2017-05-15,2018-01-30,53.38,48.7927,49.3299,109.4016,108.2101,41.01,58.8,-9.2177,30.1634,14603700
2018-01-31,180,2017-05-16,2018-01-31,53.63,48.8446,49.3817,109.7973,108.6031,41.01,58.8,-8.7925,30.773,13166800
2018-02-01,180,2017-05-17,2018-02-01,53.28,48.8899,49.4273,108.9795,107.7947,41.01,58.8,-9.3878,29.9195,9706000
2018-02-02,180,2017-05-18,2018-02-02,50.68,48.9385,49.4713,103.5586,102.4433,41.01,58.8,-13.8095,23.5796,16813100
2018-02-05,180,2017-05-19,2018-02-05,48.31,48.9661,49.4957,98.6601,97.6044,41.01,58.8,-17.8401,17.8005,17999700
2018-02-06,180,2017-05-22,2018-02-06,50.25,49.0032,49.53,102.5442,101.4537,41.01,58.8,-14.5408,22.5311,21455700
2018-02-07,180,2017-05-23,2018-02-07,48.69,49.0275,49.552,99.3116,98.2604,41.01,58.8,-17.1939,18.7271,14763400
2018-02-08,180,2017-05-24,2018-02-08,45.75,49.033,49.5567,93.3046,92.3186,41.01,58.8,-22.1939,11.5582,19922900
2018-02-09,180,2017-05-25,2018-02-09,48.08,49.0545,49.5758,98.0135,96.9827,41.01,58.8,-18.2313,17.2397,22648200
2018-02-12,180,2017-05-26,2018-02-12,49.5,49.0813,49.6007,100.853,99.7969,41.01,58.8,-15.8163,20.7023,16326100
2018-02-13,180,2017-05-30,2018-02-13,49.55,49.1054,49.6232,100.9054,99.8524,41.01,58.8,-15.7313,20.8242,12878600
2018-02-14,180,2017-05-31,2018-02-14,51.96,49.1416,49.6588,105.7352,104.6341,41.01,58.8,-11.6327,26.7008,22166600
2018-02-15,180,2017-06-01,2018-02-15,53.99,49.1856,49.7038,109.7679,108.6234,41.01,58.8,-8.1803,31.6508,26888200
2018-02-16,180,2017-06-02,2018-02-16,55.03,49.2336,49.754,111.7733,110.6042,41.01,58.8,-6.4116,34.1868,27810900
2018-02-20,180,2017-06-05,2018-02-20,56.66,49.2837,49.8088,114.967,113.755,41.01,58.8,-3.6395,38.1614,22000700
2018-02-21,180,2017-06-06,2018-02-21,56.13,49.3322,49.8611,113.7797,112.5728,41.01,58.8,-4.5408,36.8691,16464300
2018-02-22,180,2017-06-07,2018-02-22,56.07,49.3814,49.9138,113.5447,112.3336,41.01,58.8,-4.6429,36.7228,14924600
2018-02-23,180,2017-06-08,2018-02-23,57.01,49.4305,49.968,115.3336,114.093,41.01,58.8,-3.0442,39.0149,13532400
2018-02-26,180,2017-06-09,2018-02-26,58.81,49.4859,50.0312,118.8418,117.5466,41.01,58.81,0.0,43.4041,14822200
2018-02-27,180,2017-06-12,2018-02-27,57.64,49.5541,50.1029,116.3173,115.0433,41.01,58.81,-1.9895,40.5511,13102700
2018-02-28,180,2017-06-13,2018-02-28,57.59,49.625,50.1765,116.0504,114.7748,41.01,58.81,-2.0745,40.4292,13152700
2018-03-01,180,2017-06-14,2018-03-01,57.07,49.6904,50.2444,114.8512,113.5848,41.01,58.81,-2.9587,39.1612,17330200
2018-03-02,180,2017-06-15,2018-03-02,58.03,49.766,50.3224,116.6057,115.3163,41.01,58.81,-1.3263,41.5021,15719300
2018-03-05,180,2017-06-16,2018-03-05,57.63,49.8462,50.4028,115.6157,114.3388,41.01,58.81,-2.0065,40.5267,13326700
2018-03-06,180,2017-06-19,2018-03-06,59.99,49.9365,50.4966,120.1327,118.8001,41.01,59.99,0.0,46.2814,23269600
2018-03-07,180,2017-06-20,2018-03-07,59.42,50.0162,50.5807,118.8014,117.4757,41.01,59.99,-0.9502,44.8915,17284000
2018-03-08,180,2017-06-21,2018-03-08,59.37,50.1028,50.6696,118.4964,117.1708,41.01,59.99,-1.0335,44.7696,12223400
2018-03-09,180,2017-06-22,2018-03-09,61.61,50.1963,50.7696,122.738,121.3523,41.01,61.61,0.0,50.2317,18066500
2018-03-12,180,2017-06-23,2018-03-12,60.97,50.2899,50.8675,121.2371,119.8604,41.01,61.61,-1.0388,48.6711,16207800
2018-03-13,180,2017-06-26,2018-03-13,59.69,50.3733,50.9542,118.4952,117.1445,41.01,61.61,-3.1164,45.5499,15676500
2018-03-14,180,2017-06-27,2018-03-14,60.23,50.4654,51.0485,119.3491,117.9858,41.01,61.61,-2.2399,46.8666,11896400
2018-03-15,180,2017-06-28,2018-03-15,60.28,50.5686,51.1507,119.2043,117.8479,41.01,61.61,-2.1587,46.9885,11944200
2018-03-16,180,2017-06-29,2018-03-16,59.44,50.6626,51.2437,117.3252,115.9947,41.01,61.61,-3.5222,44.9403,15070200
2018-03-19,180,2017-06-30,2018-03-19,58.5,50.7631,51.3385,115.2411,113.9496,41.01,61.61,-5.0479,42.6481,13747300
2018-03-20,180,2017-07-03,2018-03-20,59.23,50.8682,51.4381,116.4382,115.1482,41.01,61.61,-3.863,44.4282,8527300
2018-03-21,180,2017-07-05,2018-03-21,60.78,50.9825,51.5479,119.2174,117.9098,42.03,61.61,-1.3472,44.611,17171400
2018-03-22,180,2017-07-06,2018-03-22,58.96,51.0806,51.6414,115.4255,114.1719,42.03,61.61,-4.3013,40.2808,14876400
2018-03-23,180,2017-07-07,2018-03-23,55.38,51.1632,51.7152,108.2419,107.0866,42.03,61.61,-10.112,31.763,19399900
2018-03-26,180,2017-07-10,2018-03-26,58.47,51.2486,51.7981,114.0908,112.8806,42.03,61.61,-5.0966,39.1149,14489000
2018-03-27,180,2017-07-11,2018-03-27,55.44,51.3156,51.8605,108.0374,106.9022,42.03,61.61,-10.0146,31.9058,17542500
2018-03-28,180,2017-07-12,2018-03-28,54.06,51.3672,51.9086,105.2422,104.1446,42.03,61.61,-12.2545,28.6224,16677800
2018-03-29,180,2017-07-13,2018-03-29,55.61,51.4275,51.966,108.1329,107.0123,42.03,61.61,-9.7387,32.3103,12580200
2018-04-02,180,2017-07-14,2018-04-02,52.89,51.474,52.0082,102.7508,101.6956,42.03,61.61,-14.1535,25.8387,21063600
2018-04-03,180,2017-07-17,2018-04-03,53.98,51.5206,52.0518,104.7737,103.7043,42.03,61.61,-12.3844,28.4321,10802200
2018-04-04,180,2017-07-18,2018-04-04,55.56,51.5747,52.1041,107.7272,106.6327,42.03,61.61,-9.8198,32.1913,11991900
2018-04-05,180,2017-07-19,2018-04-05,54.29,51.6196,52.1467,105.1733,104.1101,42.03,61.61,-11.8812,29.1696,12344400
2018-04-06,180,2017-07-20,2018-04-06,52.34,51.6505,52.1754,101.3349,100.3155,42.03,61.61,-15.0463,24.5301,15088600
2018-04-09,180,2017-07-21,2018-04-09,53.02,51.6847,52.2074,102.5836,101.5564,42.03,61.61,-13.9425,26.148,11143500
2018-04-10,180,2017-07-24,2018-04-10,54.8,51.7309,52.2518,105.9328,104.8767,42.03,61.61,-11.0534,30.3831,10495400
2018-04-11,180,2017-07-25,2018-04-11,54.95,51.7782,52.2972,106.1257,105.0725,42.03,61.61,-10.8099,30.74,9364800
2018-04-12,180,2017-07-26,2018-04-12,56.43,51.8353,52.3529,108.8639,107.7876,42.03,61.61,-8.4077,34.2612,9133700
2018-04-13,180,2017-07-27,2018-04-13,56.07,51.8838,52.4008,108.0685,107.0021,42.03,61.61,-8.992,33.4047,6786400
2018-04-16,180,2017-07-28,2018-04-16,56.87,51.9457,52.461,109.4797,108.4043,42.03,61.61,-7.6936,35.3081,7982800
2018-04-17,180,2017-07-31,2018-04-17,57.86,52.018,52.5311,111.2308,110.1444,42.03,61.61,-6.0867,37.6636,9833000
2018-04-18,180,2017-08-01,2018-04-18,54.73,52.0827,52.5889,105.083,104.0713,42.03,61.61,-11.167,30.2165,18705500
2018-04-19,180,2017-08-02,2018-04-19,51.19,52.13,52.6283,98.1968,97.267,42.03,61.61,-16.9128,21.794,24443500
2018-04-20,180,2017-08-03,2018-04-20,51.09,52.1879,52.6748,97.8962,96.9914,42.03,61.61,-17.0752,21.556,16258000
2018-04-23,180,2017-08-04,2018-04-23,50.18,52.2408,52.7163,96.0552,95.1887,42.03,61.61,-18.5522,19.3909,12427900
2018-04-24,180,2017-08-07,2018-04-24,48.72,52.2837,52.7491,93.1839,92.3617,42.03,61.61,-20.9219,15.9172,16358900
2018-04-25,180,2017-08-08,2018-04-25,49.14,52.3201,52.7779,93.9218,93.1072,42.03,61.61,-20.2402,16.9165,13284600
2018-04-26,180,2017-08-09,2018-04-26,50.49,52.3654,52.8145,96.4186,95.5988,42.03,61.61,-18.049,20.1285,12701500
2018-04-27,180,2017-08-10,2018-04-27,49.4,52.4048,52.8456,94.2662,93.48,42.03,61.61,-19.8182,17.5351,11514300
2018-04-30,180,2017-08-11,2018-04-30,49.67,52.4607,52.888,94.6805,93.9154,43.08,61.61,-19.38,15.2971,12695000
2018-05-01,180,2017-08-14,2018-05-01,50.91,52.5153,52.9315,96.9432,96.1809,43.12,61.61,-17.3673,18.0659,10935500
2018-05-02,180,2017-08-15,2018-05-02,50.53,52.5621,52.969,96.1339,95.3954,43.12,61.61,-17.9841,17.1846,10285000
2018-05-03,180,2017-08-16,2018-05-03,50.71,52.6093,53.0069,96.3899,95.6667,43.12,61.61,-17.6919,17.602,11661500
2018-05-04,180,2017-08-17,2018-05-04,52.56,52.6626,53.0519,99.8052,99.0727,43.12,61.61,-14.6892,21.8924,12523300
2018-05-07,180,2017-08-18,2018-05-07,52.59,52.727,53.1046,99.7401,99.0311,43.31,61.61,-14.6405,21.4269,10071100
2018-05-08,180,2017-08-21,2018-05-08,53.45,52.7868,53.1554,101.2564,100.5542,43.31,61.61,-13.2446,23.4126,13492900
2018-05-09,180,2017-08-22,2018-05-09,54.13,52.8583,53.2155,102.4058,101.7185,43.31,61.61,-12.1409,24.9827,9581400
2018-05-10,180,2017-08-23,2018-05-10,55.53,52.9281,53.2771,104.9159,104.2287,43.31,61.61,-9.8685,28.2152,9880400
2018-05-11,180,2017-08-24,2018-05-11,54.84,52.9979,53.3372,103.4757,102.8176,43.31,61.61,-10.9885,26.622,10897300
2018-05-14,180,2017-08-25,2018-05-14,55.26,53.0726,53.4013,104.1216,103.4807,43.31,61.61,-10.3068,27.5918,12333800
2018-05-15,180,2017-08-28,2018-05-15,54.09,53.1447,53.4612,101.7787,101.1762,43.63,61.61,-12.2058,23.9743,12837300
2018-05-16,180,2017-08-29,2018-05-16,55.17,53.22,53.5253,103.664,103.0728,44.02,61.61,-10.4529,25.3294,10166700
2018-05-17,180,2017-08-30,2018-05-17,53.96,53.286,53.5805,101.265,100.7083,44.35,61.61,-12.4168,21.6685,20101000
2018-05-18,180,2017-08-31,2018-05-18,49.51,53.3143,53.6029,92.8644,92.3643,44.35,61.61,-19.6397,11.6347,51042200
2018-05-21,180,2017-09-01,2018-05-21,50.0,53.3485,53.6301,93.7234,93.2313,44.35,61.61,-18.8443,12.7396,20898900
2018-05-22,180,2017-09-05,2018-05-22,50.25,53.3844,53.6587,94.1286,93.6475,44.35,61.61,-18.4386,13.3033,15094000
2018-05-23,180,2017-09-06,2018-05-23,50.34,53.4259,53.6912,94.224,93.7583,44.35,61.61,-18.2925,13.5062,15595400
2018-05-24,180,2017-09-07,2018-05-24,50.77,53.4681,53.7248,94.9538,94.5002,44.35,61.61,-17.5945,14.4758,10442000
2018-05-25,180,2017-09-08,2018-05-25,50.85,53.507,53.7561,95.0343,94.594,44.35,61.61,-17.4647,14.6561,12202900
2018-05-29,180,2017-09-11,2018-05-29,52.02,53.5599,53.7987,97.1248,96.6938,45.58,61.61,-15.5657,14.129,16094900
2018-05-30,180,2017-09-12,2018-05-30,51.59,53.6007,53.8321,96.2487,95.8351,45.65,61.61,-16.2636,13.012,13439600
2018-05-31,180,2017-09-13,2018-05-31,50.78,53.636,53.8606,94.6751,94.2805,45.75,61.61,-17.5783,10.9945,16462700
2018-06-01,180,2017-09-14,2018-06-01,52.24,53.6767,53.8946,97.3235,96.93,45.75,61.61,-15.2086,14.1858,11341200
2018-06-04,180,2017-09-15,2018-06-04,52.29,53.7108,53.9237,97.3548,96.9704,45.75,61.61,-15.1274,14.2951,9911300
2018-06-05,180,2017-09-18,2018-06-05,52.91,53.7479,53.9557,98.4411,98.0619,45.75,61.61,-14.1211,15.6503,13547100
2018-06-06,180,2017-09-19,2018-06-06,52.53,53.7764,53.9806,97.6823,97.3127,45.75,61.61,-14.7379,14.8197,10027100
2018-06-07,180,2017-09-20,2018-06-07,51.25,53.7958,53.9972,95.2676,94.9123,45.75,61.61,-16.8155,12.0219,16869000
2018-06-08,180,2017-09-21,2018-06-08,51.15,53.8216,54.0187,95.0363,94.6894,45.75,61.61,-16.9778,11.8033,9954400
2018-06-11,180,2017-09-22,2018-06-11,49.89,53.8403,54.0339,92.6629,92.3308,45.75,61.61,-19.0229,9.0492,18725500
2018-06-12,180,2017-09-25,2018-06-12,50.86,53.8608,54.0511,94.4286,94.0961,45.75,61.61,-17.4485,11.1694,17236800
2018-06-13,180,2017-09-26,2018-06-13,50.98,53.8925,54.0769,94.5956,94.2731,45.75,61.61,-17.2537,11.4317,17174100
2018-06-14,180,2017-09-27,2018-06-14,49.69,53.9192,54.0979,92.1564,91.852,45.75,61.61,-19.3475,8.612,16482500
2018-06-15,180,2017-09-28,2018-06-15,49.31,53.9224,54.1005,91.4463,91.1452,45.75,61.61,-19.9643,7.7814,23243800
2018-06-18,180,2017-09-29,2018-06-18,48.32,53.9072,54.0877,89.6355,89.3364,45.75,61.61,-21.5712,5.6175,13780900
2018-06-19,180,2017-10-02,2018-06-19,48.55,53.8846,54.0681,90.1,89.7942,45.75,61.61,-21.1979,6.1202,13586400
2018-06-20,180,2017-10-03,2018-06-20,48.58,53.8623,54.0486,90.193,89.8821,45.75,61.61,-21.1492,6.1858,9735900
2018-06-21,180,2017-10-04,2018-06-21,48.99,53.8442,54.0328,90.9847,90.6672,45.75,61.61,-20.4837,7.082,13209300
2018-06-22,180,2017-10-05,2018-06-22,47.96,53.8205,54.0126,89.111,88.7942,45.75,61.61,-22.1555,4.8306,13200500
2018-06-25,180,2017-10-06,2018-06-25,46.71,53.7889,53.9863,86.8394,86.5219,45.75,61.61,-24.1844,2.0984,14442800
2018-06-26,180,2017-10-09,2018-06-26,46.67,53.7513,53.9545,86.8258,86.4988,45.75,61.61,-24.2493,2.0109,14748300
2018-06-27,180,2017-10-10,2018-06-27,45.25,53.7013,53.9132,84.2625,83.9313,45.25,61.61,-26.5541,0.0,14900200
2018-06-28,180,2017-10-11,2018-06-28,45.29,53.6522,53.8726,84.4141,84.0687,45.25,61.61,-26.4892,0.0884,13760400
2018-06-29,180,2017-10-12,2018-06-29,46.19,53.6064,53.8335,86.165,85.8016,45.25,61.61,-25.0284,2.0773,15112200
2018-07-02,180,2017-10-13,2018-07-02,45.68,53.5565,53.7911,85.2931,84.9211,45.25,61.61,-25.8562,0.9503,11042900
2018-07-03,180,2017-10-16,2018-07-03,44.8,53.4963,53.7403,83.7442,83.3638,44.8,61.61,-27.2845,0.0,7538500
2018-07-05,180,2017-10-17,2018-07-05,45.44,53.4353,53.687,85.0374,84.6387,44.8,61.61,-26.2457,1.4286,8950700
2018-07-06,180,2017-10-18,2018-07-06,46.13,53.3792,53.637,86.4194,86.0041,44.8,61.61,-25.1258,2.9688,11467600
2018-07-09,180,2017-10-19,2018-07-09,46.52,53.3251,53.588,87.2385,86.8105,44.8,61.61,-24.4928,3.8393,9727700
2018-07-10,180,2017-10-20,2018-07-10,46.74,53.2726,53.5403,87.7374,87.2988,44.8,61.61,-24.1357,4.3304,8802000
2018-07-11,180,2017-10-23,2018-07-11,45.2,53.205,53.4798,84.9544,84.5179,44.8,61.61,-26.6353,0.8929,13333000
2018-07-12,180,2017-10-24,2018-07-12,45.68,53.1398,53.4204,85.962,85.5104,44.8,61.61,-25.8562,1.9643,9735400
2018-07-13,180,2017-10-25,2018-07-13,46.13,53.078,53.3634,86.9098,86.4449,44.8,61.61,-25.1258,2.9688,6349000
2018-07-16,180,2017-10-26,2018-07-16,46.31,53.0231,53.3135,87.3392,86.8636,44.8,61.61,-24.8336,3.3705,7228500
2018-07-17,180,2017-10-27,2018-07-17,47.3,52.9722,53.2656,89.292,88.8003,44.8,61.61,-23.2268,5.5804,9692800
2018-07-18,180,2017-10-30,2018-07-18,48.28,52.9244,53.2188,91.2245,90.7198,44.8,61.61,-21.6361,7.7679,15309300
2018-07-19,180,2017-10-31,2018-07-19,46.67,52.8694,53.1676,88.2741,87.7791,44.8,61.61,-24.2493,4.1741,11481100
2018-07-20,180,2017-11-01,2018-07-20,46.76,52.8125,53.1138,88.5396,88.0373,44.8,61.61,-24.1032,4.375,7792500
2018-07-23,180,2017-11-02,2018-07-23,46.43,52.757,53.0623,88.0073,87.501,44.8,61.61,-24.6389,3.6384,7364300
2018-07-24,180,2017-11-03,2018-07-24,45.91,52.6951,53.0048,87.1238,86.6148,44.8,61.61,-25.4829,2.4777,10903300
2018-07-25,180,2017-11-06,2018-07-25,45.96,52.6323,52.9459,87.3227,86.8055,44.8,61.61,-25.4017,2.5893,9276400
2018-07-26,180,2017-11-07,2018-07-26,47.17,52.5793,52.8951,89.7121,89.1766,44.8,61.61,-23.4378,5.2902,11637500
2018-07-27,180,2017-11-08,2018-07-27,48.3,52.5334,52.8497,91.9416,91.3913,44.8,61.61,-21.6036,7.8125,17601100
2018-07-30,180,2017-11-09,2018-07-30,47.91,52.4828,52.7996,91.2871,90.7393,44.8,61.61,-22.2367,6.942,9305400
2018-07-31,180,2017-11-10,2018-07-31,48.63,52.4439,52.7616,92.7276,92.1694,44.8,61.61,-21.068,8.5491,10816400
2018-08-01,180,2017-11-13,2018-08-01,47.97,52.3966,52.7149,91.5518,90.9989,44.8,61.61,-22.1393,7.0759,8326600
2018-08-02,180,2017-11-14,2018-08-02,48.11,52.347,52.6654,91.9059,91.3503,44.8,61.61,-21.912,7.3884,9371700
2018-08-03,180,2017-11-15,2018-08-03,48.84,52.3052,52.6233,93.3751,92.8106,44.8,61.61,-20.7272,9.0179,7032700
2018-08-06,180,2017-11-16,2018-08-06,49.48,52.2706,52.5883,94.6613,94.0893,44.8,61.61,-19.6884,10.4464,8555000
2018-08-07,180,2017-11-17,2018-08-07,49.63,52.2272,52.5427,95.0271,94.4565,44.8,61.61,-19.4449,10.7813,7530600
2018-08-08,180,2017-11-20,2018-08-08,50.18,52.1935,52.5077,96.1423,95.567,44.8,61.61,-18.5522,12.0089,8458800
2018-08-09,180,2017-11-21,2018-08-09,49.16,52.1483,52.4607,94.2696,93.7083,44.8,61.61,-20.2078,9.7321,9514900
2018-08-10,180,2017-11-22,2018-08-10,48.13,52.0914,52.4014,92.3953,91.8487,44.8,61.61,-21.8796,7.433,8088800
2018-08-13,180,2017-11-24,2018-08-13,48.25,52.0404,52.349,92.7165,92.1699,44.8,61.61,-21.6848,7.7009,6436600
2018-08-14,180,2017-11-27,2018-08-14,48.38,51.9893,52.2961,93.0577,92.5118,44.8,61.61,-21.4738,7.9911,6879800
2018-08-15,180,2017-11-28,2018-08-15,47.51,51.937,52.2437,91.4763,90.9392,44.8,61.61,-22.8859,6.0491,10296200
2018-08-16,180,2017-11-29,2018-08-16,47.43,51.8825,52.1887,91.4182,90.8818,44.8,61.61,-23.0157,5.8705,13733100
2018-08-17,180,2017-11-30,2018-08-17,43.77,51.8235,52.1379,84.4597,83.9505,43.77,61.61,-28.9563,0.0,52584200
2018-08-20,180,2017-12-01,2018-08-20,43.53,51.7636,52.0866,84.0939,83.5724,43.53,61.61,-29.3459,0.0,15056100
2018-08-21,180,2017-12-04,2018-08-21,43.76,51.7102,52.0413,84.6255,84.0871,43.53,61.61,-28.9726,0.5284,15570800
2018-08-22,180,2017-12-05,2018-08-22,42.99,51.6632,52.0036,83.2121,82.6673,42.99,61.61,-30.2224,0.0,11214300
2018-08-23,180,2017-12-06,2018-08-23,42.79,51.6128,51.9631,82.9058,82.3469,42.79,61.61,-30.547,0.0,9504400
2018-08-24,180,2017-12-07,2018-08-24,42.73,51.5566,51.9171,82.8798,82.3043,42.73,61.61,-30.6444,0.0,8294700
2018-08-27,180,2017-12-08,2018-08-27,43.75,51.5015,51.8696,84.949,84.3461,42.73,61.61,-28.9888,2.3871,12581300
2018-08-28,180,2017-12-11,2018-08-28,43.4,51.4485,51.825,84.3561,83.7434,42.73,61.61,-29.5569,1.568,13190500
2018-08-29,180,2017-12-12,2018-08-29,43.1,51.3923,51.7777,83.8647,83.2405,42.73,61.61,-30.0438,0.8659,14226400
2018-08-30,180,2017-12-13,2018-08-30,43.14,51.3429,51.7369,84.0232,83.3834,42.73,61.61,-29.9789,0.9595,10122300
2018-08-31,180,2017-12-14,2018-08-31,43.02,51.2911,51.6939,83.8742,83.2206,42.73,61.61,-30.1737,0.6787,9982200
2018-09-04,180,2017-12-15,2018-09-04,42.62,51.2331,51.6457,83.1885,82.5239,42.62,61.61,-30.8229,0.0,15147400
2018-09-05,180,2017-12-18,2018-09-05,42.5,51.1676,51.5899,83.0604,82.3805,42.5,61.61,-31.0177,0.0,15022100
2018-09-06,180,2017-12-19,2018-09-06,40.27,51.0789,51.5169,78.8388,78.1685,40.27,61.61,-34.6372,0.0,22590500
2018-09-07,180,2017-12-20,2018-09-07,39.85,50.989,51.4441,78.154,77.4627,39.85,61.61,-35.3189,0.0,11910100
2018-09-10,180,2017-12-21,2018-09-10,39.6,50.8955,51.3681,77.8065,77.0907,39.6,61.61,-35.7247,0.0,15560700
2018-09-11,180,2017-12-22,2018-09-11,39.18,50.8057,51.2974,77.1173,76.3781,39.18,61.61,-36.4064,0.0,14716700
2018-09-12,180,2017-12-26,2018-09-12,38.39,50.7078,51.2215,75.7082,74.949,38.39,61.61,-37.6887,0.0,17214800
2018-09-13,180,2017-12-27,2018-09-13,38.89,50.6205,51.1539,76.8266,76.0254,38.39,61.61,-36.8771,1.3024,13402900
2018-09-14,180,2017-12-28,2018-09-14,39.1,50.532,51.0841,77.3767,76.5405,38.39,61.61,-36.5363,1.8494,10359200
2018-09-17,180,2017-12-29,2018-09-17,38.7,50.4399,51.0117,76.725,75.8649,38.39,61.61,-37.1855,0.8075,10794500
2018-09-18,180,2018-01-02,2018-09-18,39.19,50.3559,50.9454,77.8261,76.9254,38.39,61.61,-36.3902,2.0839,9846200
2018-09-19,180,2018-01-03,2018-09-19,39.04,50.2608,50.8677,77.6749,76.7482,38.39,61.61,-36.6337,1.6932,8213400
2018-09-20,180,2018-01-04,2018-09-20,39.39,50.1647,50.7866,78.5214,77.5598,38.39,61.61,-36.0656,2.6048,12464200
2018-09-21,180,2018-01-05,2018-09-21,39.63,50.0696,50.7052,79.1498,78.1577,38.39,61.61,-35.676,3.23,20729500
2018-09-24,180,2018-01-08,2018-09-24,39.1,49.9687,50.6191,78.249,77.2436,38.39,61.61,-36.5363,1.8494,10678400
2018-09-25,180,2018-01-09,2018-09-25,38.58,49.8574,50.5227,77.3806,76.3617,38.39,61.61,-37.3803,0.4949,9222500
2018-09-26,180,2018-01-10,2018-09-26,38.26,49.7485,50.4305,76.9069,75.8668,38.26,61.61,-37.8997,0.0,10927600
2018-09-27,180,2018-01-11,2018-09-27,38.35,49.6481,50.3474,77.2436,76.1707,38.26,61.61,-37.7536,0.2352,7146400
2018-09-28,180,2018-01-12,2018-09-28,38.65,49.5514,50.2666,77.9998,76.89,38.26,61.61,-37.2667,1.0194,11751200
2018-10-01,180,2018-01-16,2018-10-01,38.34,49.451,50.1827,77.5313,76.4009,38.26,61.61,-37.7698,0.2091,10337000
2018-10-02,180,2018-01-17,2018-10-02,38.9,49.3512,50.096,78.8227,77.6509,38.26,61.61,-36.8609,1.6728,9626500
2018-10-03,180,2018-01-18,2018-10-03,38.92,49.2398,49.9937,79.0417,77.8499,38.26,61.61,-36.8284,1.725,7441700
2018-10-04,180,2018-01-19,2018-10-04,37.89,49.1193,49.8853,77.1387,75.9543,37.89,61.61,-38.5002,0.0,12199100
2018-10-05,180,2018-01-22,2018-10-05,37.24,48.9932,49.7733,76.0106,74.8193,37.24,61.61,-39.5553,0.0,9790200
2018-10-08,180,2018-01-23,2018-10-08,36.59,48.8612,49.6573,74.8856,73.685,36.59,61.61,-40.6103,0.0,10259500
2018-10-09,180,2018-01-24,2018-10-09,35.72,48.7198,49.5347,73.3172,72.111,35.72,61.61,-42.0224,0.0,13392700
2018-10-10,180,2018-01-25,2018-10-10,34.43,48.5691,49.41,70.8887,69.6823,34.43,61.61,-44.1162,0.0,23974600
2018-10-11,180,2018-01-26,2018-10-11,32.79,48.405,49.2824,67.7409,66.5349,32.79,61.61,-46.7781,0.0,31702100
2018-10-12,180,2018-01-29,2018-10-12,33.69,48.247,49.1522,69.8281,68.5422,32.79,61.61,-45.3173,2.7447,16781800
2018-10-15,180,2018-01-30,2018-10-15,33.43,48.0944,49.0306,69.5091,68.182,32.79,61.61,-45.7393,1.9518,10151000
2018-10-16,180,2018-01-31,2018-10-16,34.76,47.9658,48.9271,72.4683,71.0445,32.79,61.61,-43.5806,6.0079,11705500
2018-10-17,180,2018-02-01,2018-10-17,34.96,47.8388,48.8234,73.0787,71.605,32.79,61.61,-43.256,6.6179,15149200
2018-10-18,180,2018-02-02,2018-10-18,33.92,47.703,48.7158,71.1066,69.6283,32.79,61.61,-44.944,3.4462,12345600
2018-10-19,180,2018-02-05,2018-10-19,34.29,47.5841,48.6248,72.0619,70.5196,32.79,61.61,-44.3435,4.5746,14616500
2018-10-22,180,2018-02-06,2018-10-22,33.53,47.4696,48.5427,70.6347,69.0733,32.79,61.61,-45.577,2.2568,13210100
2018-10-23,180,2018-02-07,2018-10-23,33.52,47.3456,48.4497,70.7986,69.1851,32.79,61.61,-45.5932,2.2263,16111600
2018-10-24,180,2018-02-08,2018-10-24,31.81,47.2102,48.3559,67.3794,65.783,31.81,61.61,-48.3688,0.0,14457700
2018-10-25,180,2018-02-09,2018-10-25,32.64,47.1018,48.2831,69.2967,67.6013,31.81,61.61,-47.0216,2.6092,12494800
2018-10-26,180,2018-02-12,2018-10-26,32.36,46.9776,48.1958,68.8839,67.1428,31.81,61.61,-47.4761,1.729,13317000
2018-10-29,180,2018-02-13,2018-10-29,31.12,46.8317,48.0937,66.4506,64.7071,31.12,61.61,-49.4887,0.0,14150400
2018-10-30,180,2018-02-14,2018-10-30,32.42,46.7022,47.9985,69.4186,67.5438,31.12,61.61,-47.3787,4.1774,15142300
2018-10-31,180,2018-02-15,2018-10-31,32.88,46.5672,47.8925,70.6076,68.6538,31.12,61.61,-46.632,5.6555,12942900
2018-11-01,180,2018-02-16,2018-11-01,35.35,46.4499,47.7889,76.1035,73.9711,31.12,61.61,-42.623,13.5925,14184200
2018-11-02,180,2018-02-20,2018-11-02,35.27,46.3282,47.6792,76.1308,73.9736,31.12,61.61,-42.7528,13.3355,11959700
2018-11-05,180,2018-02-21,2018-11-05,34.32,46.1916,47.5551,74.2992,72.169,31.12,61.61,-44.2948,10.2828,7785300
2018-11-06,180,2018-02-22,2018-11-06,34.87,46.0632,47.4369,75.7004,73.5081,31.12,61.61,-43.402,12.0501,6816400
2018-11-07,180,2018-02-23,2018-11-07,35.25,45.9393,47.3213,76.7316,74.4908,31.12,61.61,-42.7853,13.2712,11028800
2018-11-08,180,2018-02-26,2018-11-08,34.94,45.8098,47.1987,76.2719,74.0275,31.12,61.61,-43.2884,12.2751,9029900
2018-11-09,180,2018-02-27,2018-11-09,34.28,45.6684,47.0624,75.0629,72.8395,31.12,61.61,-44.3597,10.1542,11136200
2018-11-12,180,2018-02-28,2018-11-12,32.62,45.5147,46.9234,71.6691,69.5176,31.12,61.61,-47.0541,4.82,10618000
2018-11-13,180,2018-03-01,2018-11-13,33.49,45.3714,46.7895,73.8131,71.5759,31.12,61.61,-45.6419,7.6157,11847500
2018-11-14,180,2018-03-02,2018-11-14,33.58,45.2316,46.659,74.2401,71.969,31.12,61.61,-45.4959,7.9049,9513500
2018-11-15,180,2018-03-05,2018-11-15,35.02,45.1033,46.5312,77.644,75.2614,31.12,61.61,-43.1586,12.5321,15175700
2018-11-16,180,2018-03-06,2018-11-16,35.4,44.9805,46.4077,78.7008,76.2805,31.12,61.61,-42.5418,13.7532,28075300
2018-11-19,180,2018-03-07,2018-11-19,34.42,44.8417,46.2656,76.7589,74.3965,31.12,61.61,-44.1325,10.6041,15053300
2018-11-20,180,2018-03-08,2018-11-20,35.77,44.7178,46.1342,79.9906,77.5346,31.12,61.61,-41.9412,14.9422,25487100
2018-11-21,180,2018-03-09,2018-11-21,35.19,44.5896,45.9999,78.9198,76.5002,31.12,61.61,-42.8827,13.0784,11659600
2018-11-23,180,2018-03-12,2018-11-23,35.05,44.4541,45.8523,78.8454,76.441,31.12,60.97,-42.5127,12.6285,5203200
2018-11-26,180,2018-03-13,2018-11-26,36.01,44.3296,45.7137,81.2323,78.7729,31.12,60.78,-40.7535,15.7134,11741200
2018-11-27,180,2018-03-14,2018-11-27,36.0,44.2096,45.5821,81.4303,78.9784,31.12,60.78,-40.77,15.6812,11117800
2018-11-28,180,2018-03-15,2018-11-28,37.11,44.0976,45.4536,84.1543,81.6437,31.12,60.78,-38.9437,19.2481,12038400
2018-11-29,180,2018-03-16,2018-11-29,36.54,43.9814,45.3217,83.0805,80.6236,31.12,60.78,-39.8815,17.4165,7934200
2018-11-30,180,2018-03-19,2018-11-30,37.28,43.8742,45.1986,84.9701,82.4804,31.12,60.78,-38.664,19.7943,13387000
2018-12-03,180,2018-03-20,2018-12-03,38.34,43.7783,45.0866,87.5776,85.0363,31.12,60.78,-36.92,23.2005,14371100
2018-12-04,180,2018-03-21,2018-12-04,35.43,43.6579,44.9544,81.1537,78.8132,31.12,60.78,-41.7078,13.8496,21733000
2018-12-06,180,2018-03-22,2018-12-06,34.69,43.5273,44.8094,79.6972,77.4167,31.12,58.96,-41.1635,11.4717,17391700
2018-12-07,180,2018-03-23,2018-12-07,33.64,43.3933,44.6688,77.5235,75.3099,31.12,58.47,-42.4662,8.0977,15636700
2018-12-10,180,2018-03-26,2018-12-10,34.17,43.2764,44.5509,78.9576,76.6987,31.12,58.47,-41.5598,9.8008,10337700
2018-12-11,180,2018-03-27,2018-12-11,34.02,43.1489,44.4151,78.8433,76.5956,31.12,57.86,-41.2029,9.3188,13436900
2018-12-12,180,2018-03-28,2018-12-12,34.2,43.0333,44.2971,79.4733,77.2059,31.12,57.86,-40.8918,9.8972,11895500
2018-12-13,180,2018-03-29,2018-12-13,33.71,42.9187,44.1841,78.5438,76.2945,31.12,57.86,-41.7387,8.3226,9675800
2018-12-14,180,2018-04-02,2018-12-14,32.65,42.7897,44.0565,76.3034,74.1094,31.12,57.86,-43.5707,4.9165,10822900
2018-12-17,180,2018-04-03,2018-12-17,32.67,42.671,43.9442,76.5625,74.3443,31.12,57.86,-43.5361,4.9807,12262100
2018-12-18,180,2018-04-04,2018-12-18,33.28,42.5548,43.8292,78.2051,75.9312,31.12,57.86,-42.4819,6.9409,13636700
2018-12-19,180,2018-04-05,2018-12-19,31.53,42.4172,43.6957,74.3331,72.1582,31.12,57.86,-45.5064,1.3175,14660000
2018-12-20,180,2018-04-06,2018-12-20,30.9,42.2783,43.5657,73.0872,70.9273,30.9,57.86,-46.5952,0.0,16178300
2018-12-21,180,2018-04-09,2018-12-21,30.31,42.1408,43.4433,71.9255,69.769,30.31,57.86,-47.6149,0.0,24879500
2018-12-24,180,2018-04-10,2018-12-24,28.99,41.9872,43.3098,69.0449,66.9363,28.99,57.86,-49.8963,0.0,10464900
2018-12-26,180,2018-04-11,2018-12-26,30.64,41.8467,43.1756,73.2196,70.966,28.99,57.86,-47.0446,5.6916,13325600
2018-12-27,180,2018-04-12,2018-12-27,31.55,41.7158,43.0456,75.6308,73.2943,28.99,57.86,-45.4718,8.8306,10920200
2018-12-28,180,2018-04-13,2018-12-28,32.38,41.5889,42.912,77.8572,75.4568,28.99,57.86,-44.0373,11.6937,13042900
2018-12-31,180,2018-04-16,2018-12-31,32.74,41.4672,42.7824,78.954,76.5268,28.99,57.86,-43.4151,12.9355,9697100
2019-01-02,180,2018-04-17,2019-01-02,33.48,41.3502,42.6524,80.967,78.4949,28.99,57.86,-42.1362,15.4881,11106300
2019-01-03,180,2018-04-18,2019-01-03,31.54,41.2136,42.5062,76.5281,74.2009,28.99,55.53,-43.2019,8.7961,21580700
2019-01-04,180,2018-04-19,2019-01-04,33.7,41.1063,42.3894,81.9826,79.501,28.99,55.53,-39.3121,16.247,15631800
2019-01-07,180,2018-04-20,2019-01-07,34.3,41.0162,42.2956,83.6255,81.096,28.99,55.53,-38.2316,18.3167,13868800
2019-01-08,180,2018-04-23,2019-01-08,32.91,40.9154,42.1946,80.4343,77.9958,28.99,55.53,-40.7347,13.5219,12485300
2019-01-09,180,2018-04-24,2019-01-09,34.3,40.8298,42.1063,84.0074,81.4604,28.99,55.53,-38.2316,18.3167,11757100
2019-01-10,180,2018-04-25,2019-01-10,34.76,40.7536,42.0288,85.2932,82.7052,28.99,55.53,-37.4032,19.9034,7573600
2019-01-11,180,2018-04-26,2019-01-11,34.78,40.6762,41.949,85.5046,82.9102,28.99,55.53,-37.3672,19.9724,6449600
2019-01-14,180,2018-04-27,2019-01-14,33.86,40.587,41.8566,83.4258,80.8952,28.99,55.53,-39.0239,16.7989,9552400
2019-01-15,180,2018-04-30,2019-01-15,33.75,40.5012,41.7697,83.3308,80.8003,28.99,55.53,-39.222,16.4195,6593600
2019-01-16,180,2018-05-01,2019-01-16,33.64,40.414,41.6806,83.2385,80.709,28.99,55.53,-39.4201,16.04,6778900
2019-01-17,180,2018-05-02,2019-01-17,34.54,40.3297,41.5897,85.6441,83.0495,28.99,55.53,-37.7994,19.1445,10260700
2019-01-18,180,2018-05-03,2019-01-18,35.71,40.2556,41.5073,88.7081,86.033,28.99,55.53,-35.6924,23.1804,11332700
2019-01-22,180,2018-05-04,2019-01-22,34.44,40.1719,41.4169,85.7315,83.1544,28.99,55.53,-37.9795,18.7996,10047400
2019-01-23,180,2018-05-07,2019-01-23,34.31,40.0814,41.3156,85.6008,83.0438,28.99,55.53,-38.2136,18.3512,9560200
2019-01-24,180,2018-05-08,2019-01-24,37.82,40.0152,41.2335,94.514,91.7215,28.99,55.53,-31.8927,30.4588,21529900
2019-01-25,180,2018-05-09,2019-01-25,39.19,39.9548,41.1543,98.0859,95.227,28.99,55.53,-29.4255,35.1845,17553400
2019-01-28,180,2018-05-10,2019-01-28,38.7,39.8895,41.0686,97.0179,94.2327,28.99,55.53,-30.3079,33.4943,12459600
2019-01-29,180,2018-05-11,2019-01-29,38.2,39.8175,40.9723,95.9378,93.2338,28.99,55.26,-30.8722,31.7696,8754600
2019-01-30,180,2018-05-14,2019-01-30,39.6,39.7557,40.8876,99.6083,96.8508,28.99,55.26,-28.3388,36.5988,12546200
2019-01-31,180,2018-05-15,2019-01-31,39.08,39.6901,40.7977,98.4629,95.7897,28.99,55.17,-29.1644,34.8051,11588900
2019-02-01,180,2018-05-16,2019-02-01,39.31,39.6293,40.7156,99.1942,96.5477,28.99,55.17,-28.7475,35.5985,11091000
2019-02-04,180,2018-05-17,2019-02-04,38.9,39.5633,40.6252,98.3235,95.7533,28.99,53.96,-27.9096,34.1842,12458400
2019-02-05,180,2018-05-18,2019-02-05,39.12,39.5022,40.5428,99.0323,96.4907,28.99,52.91,-26.0631,34.9431,13240200
2019-02-06,180,2018-05-21,2019-02-06,40.28,39.4622,40.4915,102.0725,99.4777,28.99,52.91,-23.8707,38.9445,21058100
2019-02-07,180,2018-05-22,2019-02-07,39.92,39.4185,40.4355,101.2722,98.7251,28.99,52.91,-24.5511,37.7026,13395500
2019-02-08,180,2018-05-23,2019-02-08,39.78,39.3734,40.3773,101.0328,98.5206,28.99,52.91,-24.8157,37.2197,9891300
2019-02-11,180,2018-05-24,2019-02-11,39.9,39.3286,40.3193,101.4528,98.96,28.99,52.91,-24.5889,37.6337,9969500
2019-02-12,180,2018-05-25,2019-02-12,40.69,39.2868,40.2633,103.5718,101.0597,28.99,52.91,-23.0958,40.3587,8911900
2019-02-13,180,2018-05-29,2019-02-13,40.85,39.2455,40.2078,104.0883,101.5973,28.99,52.91,-22.7934,40.9107,10134200
2019-02-14,180,2018-05-30,2019-02-14,40.71,39.1999,40.1449,103.8524,101.4075,28.99,52.91,-23.058,40.4277,13938400
2019-02-15,180,2018-05-31,2019-02-15,39.1,39.1471,40.0756,99.8797,97.5657,28.99,52.91,-26.1009,34.8741,22396300
2019-02-19,180,2018-06-01,2019-02-19,39.3,39.0982,40.0118,100.5162,98.2211,28.99,52.91,-25.7229,35.564,12353100
2019-02-20,180,2018-06-04,2019-02-20,39.0,39.0431,39.9382,99.8897,97.6508,28.99,52.91,-26.2899,34.5291,9575900
2019-02-21,180,2018-06-05,2019-02-21,38.83,38.987,39.8634,99.5973,97.4075,28.99,52.91,-26.6112,33.9427,7178800
2019-02-22,180,2018-06-06,2019-02-22,39.43,38.9325,39.7886,101.2778,99.0988,28.99,52.53,-24.9381,36.0124,8149300
2019-02-25,180,2018-06-07,2019-02-25,39.66,38.8806,39.7171,102.0047,99.8563,28.99,51.25,-22.6146,36.8058,8064800
2019-02-26,180,2018-06-08,2019-02-26,39.58,38.8323,39.6522,101.9254,99.8179,28.99,51.15,-22.6197,36.5298,6159300
2019-02-27,180,2018-06-11,2019-02-27,38.78,38.7801,39.5835,99.9996,97.9701,28.99,50.98,-23.931,33.7703,14038500
2019-02-28,180,2018-06-12,2019-02-28,38.34,38.7298,39.5193,98.9937,97.0158,28.99,50.98,-24.794,32.2525,9785100
2019-03-01,180,2018-06-13,2019-03-01,38.56,38.6776,39.451,99.6961,97.7415,28.99,50.98,-24.3625,33.0114,7852900
2019-03-04,180,2018-06-14,2019-03-04,39.08,38.628,39.3849,101.1702,99.2259,28.99,50.18,-22.1204,34.8051,20810700
2019-03-05,180,2018-06-15,2019-03-05,38.93,38.5819,39.3251,100.9022,98.9953,28.99,50.18,-22.4193,34.2877,12449100
2019-03-06,180,2018-06-18,2019-03-06,38.07,38.5325,39.2627,98.7998,96.9623,28.99,50.18,-24.1331,31.3211,12557800
2019-03-07,180,2018-06-19,2019-03-07,37.57,38.4837,39.2029,97.6258,95.8346,28.99,50.18,-25.1295,29.5964,9831700
2019-03-08,180,2018-06-20,2019-03-08,37.74,38.4352,39.1429,98.1912,96.416,28.99,50.18,-24.7907,30.1828,8174400
2019-03-11,180,2018-06-21,2019-03-11,38.51,38.3911,39.0869,100.3097,98.5239,28.99,50.18,-23.2563,32.8389,7199500
2019-03-12,180,2018-06-22,2019-03-12,38.71,38.3468,39.0298,100.9473,99.1805,28.99,50.18,-22.8577,33.5288,6267600
2019-03-13,180,2018-06-25,2019-03-13,38.6,38.3055,38.9778,100.7688,99.0306,28.99,50.18,-23.0769,33.1494,6404400
2019-03-14,180,2018-06-26,2019-03-14,38.93,38.2706,38.9346,101.7229,99.9882,28.99,50.18,-22.4193,34.2877,9491100
2019-03-15,180,2018-06-27,2019-03-15,40.39,38.2436,38.8997,105.6126,103.8311,28.99,50.18,-19.5098,39.3239,23021500
2019-03-18,180,2018-06-28,2019-03-18,40.0,38.22,38.8706,104.6572,102.9057,28.99,50.18,-20.287,37.9786,7670800
2019-03-19,180,2018-06-29,2019-03-19,40.37,38.1982,38.8432,105.6857,103.9306,28.99,50.18,-19.5496,39.2549,7134500
2019-03-20,180,2018-07-02,2019-03-20,39.57,38.1688,38.8064,103.671,101.9676,28.99,50.18,-21.1439,36.4953,7772400
2019-03-21,180,2018-07-03,2019-03-21,41.33,38.1502,38.7823,108.335,106.5693,28.99,50.18,-17.6365,42.5664,13135700
2019-03-22,180,2018-07-05,2019-03-22,39.86,38.1278,38.7548,104.543,102.8517,28.99,50.18,-20.566,37.4957,9468300
2019-03-25,180,2018-07-06,2019-03-25,39.4,38.1006,38.7213,103.4104,101.7528,28.99,50.18,-21.4827,35.9089,6710200
2019-03-26,180,2018-07-09,2019-03-26,39.63,38.072,38.6852,104.0923,102.4424,28.99,50.18,-21.0243,36.7023,8138100
2019-03-27,180,2018-07-10,2019-03-27,38.93,38.0382,38.643,102.3444,100.7427,28.99,50.18,-22.4193,34.2877,7737600
2019-03-28,180,2018-07-11,2019-03-28,38.51,38.0015,38.5973,101.338,99.7739,28.99,50.18,-23.2563,32.8389,8298300
2019-03-29,180,2018-07-12,2019-03-29,39.66,37.9768,38.5665,104.4323,102.8354,28.99,50.18,-20.9645,36.8058,9221500
2019-04-01,180,2018-07-13,2019-04-01,41.13,37.9574,38.5412,108.3584,106.7169,28.99,50.18,-18.0351,41.8765,11731000
2019-04-02,180,2018-07-16,2019-04-02,40.99,37.9356,38.5127,108.0515,106.4325,28.99,50.18,-18.3141,41.3936,8688600
2019-04-03,180,2018-07-17,2019-04-03,42.43,37.9198,38.4911,111.894,110.2332,28.99,50.18,-15.4444,46.3608,13204800
2019-04-04,180,2018-07-18,2019-04-04,42.62,37.9013,38.4651,112.45,110.8017,28.99,50.18,-15.0658,47.0162,8472800
2019-04-05,180,2018-07-19,2019-04-05,43.04,37.8812,38.436,113.6184,111.9784,28.99,50.18,-14.2288,48.465,8502800
2019-04-08,180,2018-07-20,2019-04-08,42.92,37.8663,38.4152,113.3463,111.7267,28.99,50.18,-14.4679,48.051,6314200
2019-04-09,180,2018-07-23,2019-04-09,42.01,37.847,38.3888,110.9995,109.433,28.99,50.18,-16.2814,44.912,7412500
2019-04-10,180,2018-07-24,2019-04-10,42.17,37.8297,38.3651,111.4732,109.9176,28.99,50.18,-15.9625,45.4639,5442400
2019-04-11,180,2018-07-25,2019-04-11,42.47,37.8157,38.346,112.3079,110.7547,28.99,50.18,-15.3647,46.4988,6577500
2019-04-12,180,2018-07-26,2019-04-12,42.99,37.8037,38.3295,113.7189,112.159,28.99,50.18,-14.3284,48.2925,4923500
2019-04-15,180,2018-07-27,2019-04-15,42.71,37.7862,38.3047,113.0308,111.5006,28.99,50.18,-14.8864,47.3267,5739300
2019-04-16,180,2018-07-30,2019-04-16,43.72,37.769,38.2793,115.7564,114.2132,28.99,50.18,-12.8737,50.8106,9881100
2019-04-17,180,2018-07-31,2019-04-17,43.89,37.7538,38.2569,116.2531,114.7243,28.99,50.18,-12.5349,51.397,8290900
2019-04-18,180,2018-08-01,2019-04-18,43.95,37.7365,38.2309,116.4655,114.9592,28.99,50.18,-12.4153,51.604,6122100
2019-04-22,180,2018-08-02,2019-04-22,43.79,37.7208,38.2077,116.0899,114.6103,28.99,50.18,-12.7342,51.0521,4672200
2019-04-23,180,2018-08-03,2019-04-23,43.83,37.7047,38.1839,116.2454,114.7865,28.99,50.18,-12.6544,51.1901,6703900
2019-04-24,180,2018-08-06,2019-04-24,44.46,37.6888,38.1596,117.9661,116.5106,28.99,50.18,-11.399,53.3632,10613300
2019-04-25,180,2018-08-07,2019-04-25,44.45,37.6708,38.1317,117.996,116.5698,28.99,50.18,-11.4189,53.3287,9547000
2019-04-26,180,2018-08-08,2019-04-26,44.66,37.6531,38.1041,118.6091,117.2054,28.99,50.18,-11.0004,54.0531,7203900
2019-04-29,180,2018-08-09,2019-04-29,44.24,37.632,38.0711,117.5594,116.2038,28.99,49.16,-10.0081,52.6044,5847300
2019-04-30,180,2018-08-10,2019-04-30,44.07,37.6136,38.0428,117.1652,115.8433,28.99,48.38,-8.9086,52.0179,10447200
2019-05-01,180,2018-08-13,2019-05-01,43.38,37.5957,38.0164,115.3856,114.1087,28.99,48.38,-10.3348,49.6378,9388100
2019-05-02,180,2018-08-14,2019-05-02,43.7,37.5787,37.9911,116.2891,115.0269,28.99,48.38,-9.6734,50.7416,12709000
2019-05-03,180,2018-08-15,2019-05-03,43.96,37.5624,37.9666,117.0318,115.7861,28.99,47.51,-7.4721,51.6385,7375400
2019-05-06,180,2018-08-16,2019-05-06,43.11,37.5456,37.9421,114.8203,113.6205,28.99,47.43,-9.1082,48.7065,11824300
2019-05-07,180,2018-08-17,2019-05-07,42.05,37.5245,37.9122,112.0601,110.9141,28.99,44.66,-5.8442,45.05,9898300
2019-05-08,180,2018-08-20,2019-05-08,41.58,37.5151,37.9001,110.8354,109.7096,28.99,44.66,-6.8965,43.4288,7709200
2019-05-09,180,2018-08-21,2019-05-09,40.94,37.5037,37.8857,109.1625,108.062,28.99,44.66,-8.3296,41.2211,11580600
2019-05-10,180,2018-08-22,2019-05-10,40.8,37.4908,37.8692,108.8267,107.7392,28.99,44.66,-8.6431,40.7382,9025500
2019-05-13,180,2018-08-23,2019-05-13,39.09,37.4727,37.8476,104.316,103.2828,28.99,44.66,-12.472,34.8396,10724700
2019-05-14,180,2018-08-24,2019-05-14,40.01,37.46,37.8321,106.8072,105.7567,28.99,44.66,-10.412,38.0131,8370100
2019-05-15,180,2018-08-27,2019-05-15,41.5,37.4546,37.8253,110.8008,109.715,28.99,44.66,-7.0757,43.1528,12051000
2019-05-16,180,2018-08-28,2019-05-16,41.66,37.4457,37.8137,111.2545,110.1718,28.99,44.66,-6.7174,43.7047,11932500
2019-05-17,180,2018-08-29,2019-05-17,42.7,37.4427,37.8098,114.0409,112.9338,28.99,44.66,-4.3887,47.2922,20218200
2019-05-20,180,2018-08-30,2019-05-20,40.35,37.4304,37.7945,107.8,106.7616,28.99,44.66,-9.6507,39.1859,21371800
2019-05-21,180,2018-08-31,2019-05-21,41.27,37.4222,37.7841,110.282,109.2258,28.99,44.66,-7.5907,42.3594,8949900
2019-05-22,180,2018-09-04,2019-05-22,40.49,37.4109,37.7701,108.2304,107.2013,28.99,44.66,-9.3372,39.6689,5897500
2019-05-23,180,2018-09-05,2019-05-23,39.94,37.3987,37.7552,106.7951,105.7868,28.99,44.66,-10.5687,37.7716,8459800
2019-05-24,180,2018-09-06,2019-05-24,39.5,37.3848,37.7385,105.6579,104.6676,28.99,44.66,-11.554,36.2539,8541800
2019-05-28,180,2018-09-07,2019-05-28,39.01,37.3786,37.7315,104.3645,103.3884,28.99,44.66,-12.6511,34.5636,10715500
2019-05-29,180,2018-09-10,2019-05-29,39.37,37.3762,37.7288,105.3344,104.3499,28.99,44.66,-11.8451,35.8054,10137000
2019-05-30,180,2018-09-11,2019-05-30,39.75,37.377,37.7297,106.3489,105.3548,28.99,44.66,-10.9942,37.1162,7491700
2019-05-31,180,2018-09-12,2019-05-31,38.69,37.3745,37.7269,103.5199,102.5527,28.99,44.66,-13.3677,33.4598,8394900
2019-06-03,180,2018-09-13,2019-06-03,38.78,37.3765,37.7291,103.7551,102.7854,28.99,44.66,-13.1661,33.7703,7795300
2019-06-04,180,2018-09-14,2019-06-04,40.42,37.384,37.7376,108.121,107.108,28.99,44.66,-9.494,39.4274,14138900
2019-06-05,180,2018-09-17,2019-06-05,40.59,37.3913,37.7459,108.5546,107.5349,28.99,44.66,-9.1133,40.0138,10143400
2019-06-06,180,2018-09-18,2019-06-06,41.38,37.4043,37.7608,110.6289,109.5846,28.99,44.66,-7.3444,42.7389,8101700
2019-06-07,180,2018-09-19,2019-06-07,41.51,37.4154,37.7737,110.9436,109.8914,28.99,44.66,-7.0533,43.1873,6391200
2019-06-10,180,2018-09-20,2019-06-10,43.14,37.4344,37.7964,115.2417,114.1377,28.99,44.66,-3.4035,48.8099,9651700
2019-06-11,180,2018-09-21,2019-06-11,43.75,37.4541,37.8207,116.8097,115.6775,28.99,44.66,-2.0376,50.9141,10536500
2019-06-12,180,2018-09-24,2019-06-12,41.5,37.4629,37.8311,110.7762,109.6982,28.99,44.66,-7.0757,43.1528,10059800
2019-06-13,180,2018-09-25,2019-06-13,41.65,37.4751,37.8452,111.1403,110.0535,28.99,44.66,-6.7398,43.6702,6979500
2019-06-14,180,2018-09-26,2019-06-14,41.23,37.4882,37.8599,109.9814,108.9014,28.99,44.66,-7.6803,42.2215,7695100
2019-06-17,180,2018-09-27,2019-06-17,40.5,37.4994,37.8724,108.0016,106.9381,28.99,44.66,-9.3148,39.7033,12453300
2019-06-18,180,2018-09-28,2019-06-18,42.31,37.5185,37.8944,112.771,111.6524,28.99,44.66,-5.262,45.9469,11291800
2019-06-19,180,2018-10-01,2019-06-19,42.53,37.537,37.9159,113.3016,112.1692,28.99,44.66,-4.7694,46.7058,9333000
2019-06-20,180,2018-10-02,2019-06-20,43.21,37.56,37.943,115.0426,113.8813,28.99,44.66,-3.2468,49.0514,8633300
2019-06-21,180,2018-10-03,2019-06-21,42.96,37.5791,37.9656,114.319,113.1552,28.99,44.66,-3.8065,48.189,12096400
2019-06-24,180,2018-10-04,2019-06-24,42.33,37.5953,37.9845,112.5938,111.4402,28.99,44.66,-5.2172,46.0159,10997100
2019-06-25,180,2018-10-05,2019-06-25,41.98,37.6155,38.0072,111.6029,110.4527,28.99,44.66,-6.0009,44.8086,9637900
2019-06-26,180,2018-10-08,2019-06-26,43.58,37.6462,38.0424,115.7619,114.5563,28.99,44.66,-2.4183,50.3277,10023900
2019-06-27,180,2018-10-09,2019-06-27,44.69,37.6853,38.0874,118.5874,117.3353,28.99,44.69,0.0,54.1566,8894400
2019-06-28,180,2018-10-10,2019-06-28,44.91,37.7305,38.1385,119.0283,117.755,28.99,44.91,0.0,54.9155,15599700
2019-07-01,180,2018-10-11,2019-07-01,45.68,37.7872,38.201,120.8875,119.578,28.99,45.68,0.0,57.5716,11452200
2019-07-02,180,2018-10-12,2019-07-02,44.66,37.8516,38.2669,117.9871,116.7065,28.99,45.68,-2.2329,54.0531,13869000
2019-07-03,180,2018-10-15,2019-07-03,44.67,37.9098,38.3279,117.8324,116.5468,28.99,45.68,-2.211,54.0876,5559100
2019-07-05,180,2018-10-16,2019-07-05,43.98,37.9671,38.3866,115.837,114.5714,28.99,45.68,-3.7215,51.7075,6618200
2019-07-08,180,2018-10-17,2019-07-08,43.45,38.0133,38.4348,114.3022,113.0485,28.99,45.68,-4.8818,49.8793,9733000
2019-07-09,180,2018-10-18,2019-07-09,43.97,38.0604,38.4849,115.5269,114.2526,28.99,45.68,-3.7434,51.673,12432400
2019-07-10,180,2018-10-19,2019-07-10,44.72,38.1178,38.5449,117.3206,116.0206,28.99,45.68,-2.1016,54.2601,7184700
2019-07-11,180,2018-10-22,2019-07-11,45.28,38.175,38.6059,118.6117,117.2876,28.99,45.68,-0.8757,56.1918,8128500
2019-07-12,180,2018-10-23,2019-07-12,46.51,38.2425,38.6781,121.6186,120.2491,28.99,46.51,0.0,60.4346,9030900
2019-07-15,180,2018-10-24,2019-07-15,46.28,38.3095,38.7489,120.8057,119.4355,28.99,46.51,-0.4945,59.6413,6723200
2019-07-16,180,2018-10-25,2019-07-16,46.01,38.3887,38.8278,119.8529,118.4975,28.99,46.51,-1.075,58.7099,6671000
2019-07-17,180,2018-10-26,2019-07-17,46.22,38.4626,38.9033,120.1688,118.8075,28.99,46.51,-0.6235,59.4343,8459900
2019-07-18,180,2018-10-29,2019-07-18,48.17,38.5461,38.9911,124.9672,123.541,28.99,48.17,0.0,66.1607,14577100
2019-07-19,180,2018-10-30,2019-07-19,47.81,38.6389,39.0838,123.7354,122.3268,28.99,48.17,-0.7473,64.9189,9415200
2019-07-22,180,2018-10-31,2019-07-22,50.73,38.7315,39.1856,130.9787,129.461,28.99,50.73,0.0,74.9914,21604000
2019-07-23,180,2018-11-01,2019-07-23,51.03,38.8218,39.2864,131.4466,129.8923,28.99,51.03,0.0,76.0262,10063900
2019-07-24,180,2018-11-02,2019-07-24,52.14,38.8983,39.3797,134.042,132.4034,28.99,52.14,0.0,79.8551,11289800
2019-07-25,180,2018-11-05,2019-07-25,50.82,38.9713,39.4661,130.4036,128.7689,28.99,52.14,-2.5316,75.3018,8301000
2019-07-26,180,2018-11-06,2019-07-26,50.74,39.051,39.5573,129.9325,128.2697,28.99,52.14,-2.6851,75.0259,5737600
2019-07-29,180,2018-11-07,2019-07-29,50.67,39.127,39.6451,129.5015,127.8091,28.99,52.14,-2.8193,74.7844,4485700
2019-07-30,180,2018-11-08,2019-07-30,50.73,39.2007,39.7311,129.4109,127.6835,28.99,52.14,-2.7043,74.9914,4666300
2019-07-31,180,2018-11-09,2019-07-31,49.37,39.2723,39.8112,125.7121,124.0103,28.99,52.14,-5.3126,70.3001,8334800
2019-08-01,180,2018-11-12,2019-08-01,48.47,39.3456,39.8901,123.1905,121.509,28.99,52.14,-7.0387,67.1956,11076800
2019-08-02,180,2018-11-13,2019-08-02,47.55,39.4285,39.973,120.5979,118.9553,28.99,52.14,-8.8032,64.0221,8093900
2019-08-05,180,2018-11-14,2019-08-05,45.46,39.4966,40.0395,115.0986,113.5379,28.99,52.14,-12.8117,56.8127,12069900
2019-08-06,180,2018-11-15,2019-08-06,46.33,39.5677,40.1103,117.0904,115.5064,28.99,52.14,-11.1431,59.8137,7428200
2019-08-07,180,2018-11-16,2019-08-07,46.68,39.6298,40.1751,117.79,116.1913,28.99,52.14,-10.4718,61.021,7591400
2019-08-08,180,2018-11-19,2019-08-08,47.86,39.6941,40.2443,120.572,118.9236,28.99,52.14,-8.2087,65.0914,6122900
2019-08-09,180,2018-11-20,2019-08-09,47.15,39.7629,40.3151,118.5779,116.9538,28.99,52.14,-9.5704,62.6423,5293200
2019-08-12,180,2018-11-21,2019-08-12,46.46,39.8195,40.3744,116.6765,115.0728,28.99,52.14,-10.8937,60.2622,7105200
2019-08-13,180,2018-11-23,2019-08-13,48.06,39.8866,40.4459,120.4915,118.8253,28.99,52.14,-7.8251,65.7813,9013700
2019-08-14,180,2018-11-26,2019-08-14,46.71,39.9497,40.5107,116.9221,115.3028,28.99,52.14,-10.4143,61.1245,7212300
2019-08-15,180,2018-11-27,2019-08-15,47.16,40.008,40.5727,117.8765,116.2359,28.99,52.14,-9.5512,62.6768,8256800
2019-08-16,180,2018-11-28,2019-08-16,46.63,40.0644,40.6317,116.3877,114.7626,28.99,52.14,-10.5677,60.8486,17658200
2019-08-19,180,2018-11-29,2019-08-19,47.1,40.1154,40.6872,117.4113,115.7612,28.99,52.14,-9.6663,62.4698,8860000
2019-08-20,180,2018-11-30,2019-08-20,46.73,40.1688,40.7438,116.334,114.6922,28.99,52.14,-10.3759,61.1935,7753800
2019-08-21,180,2018-12-03,2019-08-21,46.83,40.2179,40.7969,116.4406,114.7882,28.99,52.14,-10.1841,61.5385,5198200
2019-08-22,180,2018-12-04,2019-08-22,47.03,40.2613,40.8452,116.812,115.1421,28.99,52.14,-9.8005,62.2284,4280700
2019-08-23,180,2018-12-06,2019-08-23,45.12,40.3159,40.899,111.916,110.3205,28.99,52.14,-13.4638,55.6399,11614800
2019-08-26,180,2018-12-07,2019-08-26,45.61,40.3784,40.9597,112.9566,111.3534,28.99,52.14,-12.524,57.3301,5715200
2019-08-27,180,2018-12-10,2019-08-27,45.51,40.4487,41.0256,112.5129,110.9307,28.99,52.14,-12.7158,56.9852,5926900
2019-08-28,180,2018-12-11,2019-08-28,45.9,40.5168,41.0908,113.2864,111.7039,28.99,52.14,-11.9678,58.3305,4811500
2019-08-29,180,2018-12-12,2019-08-29,47.31,40.5922,41.1646,116.5494,114.9288,28.99,52.14,-9.2635,63.1942,6786700
2019-08-30,180,2018-12-13,2019-08-30,48.02,40.6694,41.2414,118.074,116.4364,28.99,52.14,-7.9018,65.6433,7819300
2019-09-03,180,2018-12-14,2019-09-03,47.61,40.7492,41.3186,116.8368,115.2265,28.99,52.14,-8.6881,64.229,7145800
2019-09-04,180,2018-12-17,2019-09-04,49.51,40.8456,41.4123,121.2125,119.5539,28.99,52.14,-5.0441,70.783,10227700
2019-09-05,180,2018-12-18,2019-09-05,50.35,40.9455,41.5105,122.9684,121.2946,28.99,52.14,-3.4331,73.6806,10415400
2019-09-06,180,2018-12-19,2019-09-06,50.1,41.0396,41.6039,122.0771,120.4213,28.99,52.14,-3.9125,72.8182,6913400
2019-09-09,180,2018-12-20,2019-09-09,50.66,41.152,41.7102,123.1045,121.457,28.99,52.14,-2.8385,74.7499,6653800
2019-09-10,180,2018-12-21,2019-09-10,50.19,41.2694,41.8174,121.6156,120.0218,28.99,52.14,-3.7399,73.1287,7304000
2019-09-11,180,2018-12-24,2019-09-11,51.56,41.3984,41.9354,124.5458,122.9509,28.99,52.14,-1.1124,77.8544,8100400
2019-09-12,180,2018-12-26,2019-09-12,51.25,41.5416,42.0591,123.3704,121.8523,30.64,52.14,-1.7069,67.265,6251800
2019-09-13,180,2018-12-27,2019-09-13,51.35,41.6682,42.1742,123.2356,121.757,31.54,52.14,-1.5152,62.8091,6052700
2019-09-16,180,2018-12-28,2019-09-16,50.92,41.7848,42.2818,121.8625,120.4301,31.54,52.14,-2.3399,61.4458,5164300
2019-09-17,180,2018-12-31,2019-09-17,51.2,41.8952,42.3863,122.2097,120.7937,31.54,52.14,-1.8028,62.3335,5435500
2019-09-18,180,2019-01-02,2019-09-18,52.09,42.0061,42.4938,124.0057,122.5825,31.54,52.14,-0.0959,65.1554,7880200
2019-09-19,180,2019-01-03,2019-09-19,51.68,42.1095,42.5949,122.7277,121.329,31.54,52.14,-0.8822,63.8554,5951300
2019-09-20,180,2019-01-04,2019-09-20,50.96,42.2289,42.7028,120.6758,119.3363,32.91,52.14,-2.2631,54.8465,11287300
2019-09-23,180,2019-01-07,2019-09-23,51.76,42.3317,42.8032,122.2725,120.9256,32.91,52.14,-0.7288,57.2774,4511200
2019-09-24,180,2019-01-08,2019-09-24,51.16,42.4275,42.8968,120.582,119.2629,32.91,52.14,-1.8796,55.4543,7074000
2019-09-25,180,2019-01-09,2019-09-25,51.93,42.5391,43.0025,122.0758,120.7604,33.64,52.14,-0.4028,54.3698,5381400
2019-09-26,180,2019-01-10,2019-09-26,52.15,42.6397,43.1017,122.3039,120.993,33.64,52.15,0.0,55.0238,4848600
2019-09-27,180,2019-01-11,2019-09-27,49.43,42.7261,43.1832,115.6904,114.4659,33.64,52.15,-5.2157,46.9382,11206000
2019-09-30,180,2019-01-14,2019-09-30,49.9,42.8146,43.2672,116.5489,115.33,33.64,52.15,-4.3145,48.3353,6674800
2019-10-01,180,2019-01-15,2019-10-01,50.02,42.912,43.3569,116.564,115.3679,33.64,52.15,-4.0844,48.692,7727000
2019-10-02,180,2019-01-16,2019-10-02,49.46,43.0085,43.4442,115.0004,113.8471,33.64,52.15,-5.1582,47.0273,6426000
2019-10-03,180,2019-01-17,2019-10-03,49.64,43.1072,43.5331,115.1547,114.0281,34.31,52.15,-4.813,44.6808,6519300
2019-10-04,180,2019-01-18,2019-10-04,50.88,43.2034,43.6239,117.7685,116.6333,34.31,52.15,-2.4353,48.295,4596700
2019-10-07,180,2019-01-22,2019-10-07,50.65,43.2892,43.7069,117.0037,115.8856,34.31,52.15,-2.8763,47.6246,5257200
2019-10-08,180,2019-01-23,2019-10-08,49.31,43.3806,43.7895,113.6683,112.6069,34.31,52.15,-5.4458,43.719,5706200
2019-10-09,180,2019-01-24,2019-10-09,50.84,43.4799,43.8813,116.9276,115.8579,37.57,52.15,-2.512,35.3207,6279400
2019-10-10,180,2019-01-25,2019-10-10,51.01,43.5518,43.9546,117.1248,116.0515,37.57,52.15,-2.186,35.7732,5330200
2019-10-11,180,2019-01-28,2019-10-11,51.75,43.6172,44.0244,118.6459,117.5485,37.57,52.15,-0.767,37.7429,6801000
2019-10-14,180,2019-01-29,2019-10-14,51.94,43.6869,44.0979,118.8914,117.7833,37.57,52.15,-0.4027,38.2486,3395600
2019-10-15,180,2019-01-30,2019-10-15,52.91,43.7642,44.1797,120.8979,119.761,37.57,52.91,0.0,40.8304,8052200
2019-10-16,180,2019-01-31,2019-10-16,51.56,43.8266,44.2461,117.6454,116.53,37.57,52.91,-2.5515,37.2372,8383000
2019-10-17,180,2019-02-01,2019-10-17,52.14,43.8951,44.3187,118.7831,117.6479,37.57,52.91,-1.4553,38.7809,5150400
2019-10-18,180,2019-02-04,2019-10-18,51.68,43.9604,44.3874,117.5603,116.4295,37.57,52.91,-2.3247,37.5566,6419100
2019-10-21,180,2019-02-05,2019-10-21,52.64,44.0326,44.4637,119.5479,118.3886,37.57,52.91,-0.5103,40.1118,5738200
2019-10-22,180,2019-02-06,2019-10-22,51.98,44.1008,44.5352,117.8664,116.7168,37.57,52.91,-1.7577,38.3551,4442600
2019-10-23,180,2019-02-07,2019-10-23,50.53,44.1553,44.5921,114.4371,113.316,37.57,52.91,-4.4982,34.4956,8493800
2019-10-24,180,2019-02-08,2019-10-24,55.07,44.23,44.6763,124.5081,123.2645,37.57,55.07,0.0,46.5797,18652600
2019-10-25,180,2019-02-11,2019-10-25,55.72,44.3083,44.7648,125.7551,124.4727,37.57,55.72,0.0,48.3098,8567800
2019-10-28,180,2019-02-12,2019-10-28,56.95,44.3903,44.8596,128.2937,126.9518,37.57,56.95,0.0,51.5837,8755200
2019-10-29,180,2019-02-13,2019-10-29,55.52,44.4623,44.9419,124.8698,123.5372,37.57,56.95,-2.511,47.7775,6353600
2019-10-30,180,2019-02-14,2019-10-30,55.21,44.5324,45.0217,123.9773,122.6297,37.57,56.95,-3.0553,46.9524,4246700
2019-10-31,180,2019-02-15,2019-10-31,54.26,44.6,45.097,121.6591,120.3184,37.57,56.95,-4.7234,44.4237,6741600
2019-11-01,180,2019-02-19,2019-11-01,55.46,44.6836,45.1879,124.1172,122.732,37.57,56.95,-2.6163,47.6178,5899000
2019-11-04,180,2019-02-20,2019-11-04,55.74,44.767,45.2792,124.5114,123.1028,37.57,56.95,-2.1247,48.3631,4150500
2019-11-05,180,2019-02-21,2019-11-05,55.88,44.8534,45.373,124.5837,123.1569,37.57,56.95,-1.8788,48.7357,3857900
2019-11-06,180,2019-02-22,2019-11-06,55.82,44.9412,45.4674,124.2069,122.7693,37.57,56.95,-1.9842,48.576,3965900
2019-11-07,180,2019-02-25,2019-11-07,55.94,45.0253,45.5591,124.2413,122.7855,37.57,56.95,-1.7735,48.8954,4486900
2019-11-08,180,2019-02-26,2019-11-08,56.03,45.1084,45.6501,124.2118,122.7381,37.57,56.95,-1.6155,49.1349,3313900
2019-11-11,180,2019-02-27,2019-11-11,56.59,45.1944,45.7446,125.2145,123.7087,37.57,56.95,-0.6321,50.6255,5651000
2019-11-12,180,2019-02-28,2019-11-12,56.42,45.2861,45.8426,124.5857,123.0734,37.57,56.95,-0.9306,50.173,5115400
2019-11-13,180,2019-03-01,2019-11-13,57.12,45.384,45.9469,125.8593,124.3174,37.57,57.12,0.0,52.0362,5703000
2019-11-14,180,2019-03-04,2019-11-14,56.96,45.4801,46.0491,125.2416,123.694,37.57,57.12,-0.2801,51.6103,8236000
2019-11-15,180,2019-03-05,2019-11-15,62.06,45.5892,46.1768,136.1287,134.3966,37.57,62.06,0.0,65.185,28389000
2019-11-18,180,2019-03-06,2019-11-18,62.35,45.7009,46.3069,136.4305,134.6452,37.57,62.35,0.0,65.9569,10413100
2019-11-19,180,2019-03-07,2019-11-19,60.94,45.8156,46.4339,133.0115,131.2402,37.57,62.35,-2.2614,62.2039,9886800
2019-11-20,180,2019-03-08,2019-11-20,59.65,45.9308,46.5566,129.8694,128.1236,37.74,62.35,-4.3304,58.0551,12037600
2019-11-21,180,2019-03-11,2019-11-21,56.44,46.0339,46.6605,122.6053,120.9588,38.51,62.35,-9.4787,46.5593,13935300
2019-11-22,180,2019-03-12,2019-11-22,55.94,46.1293,46.7573,121.2677,119.639,38.51,62.35,-10.2807,45.261,8627700
2019-11-25,180,2019-03-13,2019-11-25,58.28,46.2321,46.8661,126.0596,124.3544,38.51,62.35,-6.5277,51.3373,11193700
2019-11-26,180,2019-03-14,2019-11-26,57.57,46.3337,46.9714,124.2508,122.5638,38.51,62.35,-7.6664,49.4936,10254000
2019-11-27,180,2019-03-15,2019-11-27,58.29,46.4357,47.079,125.5285,123.8132,38.51,62.35,-6.5116,51.3633,5701700
2019-11-29,180,2019-03-18,2019-11-29,57.9,46.5256,47.1763,124.4478,122.7312,38.51,62.35,-7.1371,50.3506,2905800
2019-12-02,180,2019-03-19,2019-12-02,56.7,46.6143,47.2691,121.6366,119.9516,38.51,62.35,-9.0617,47.2345,6159400
2019-12-03,180,2019-03-20,2019-12-03,55.34,46.6953,47.3522,118.513,116.8689,38.51,62.35,-11.243,43.7029,7671700
2019-12-04,180,2019-03-21,2019-12-04,56.09,46.7856,47.444,119.8872,118.2236,38.51,62.35,-10.0401,45.6505,6564400
2019-12-05,180,2019-03-22,2019-12-05,55.84,46.8622,47.5246,119.1578,117.497,38.51,62.35,-10.4411,45.0013,5291000
2019-12-06,180,2019-03-25,2019-12-06,56.6,46.9529,47.6176,120.5463,118.8636,38.51,62.35,-9.2221,46.9748,6033500
2019-12-09,180,2019-03-26,2019-12-09,56.6,47.0476,47.7132,120.3038,118.6255,38.51,62.35,-9.2221,46.9748,4729500
2019-12-10,180,2019-03-27,2019-12-10,56.62,47.1409,47.8076,120.1081,118.4332,38.51,62.35,-9.1901,47.0268,6329100
2019-12-11,180,2019-03-28,2019-12-11,59.04,47.2491,47.9193,124.9547,123.2072,38.51,62.35,-5.3087,53.3108,8839700
2019-12-12,180,2019-03-29,2019-12-12,60.36,47.366,48.0407,127.4332,125.6436,38.69,62.35,-3.1917,56.0093,9280400
2019-12-13,180,2019-04-01,2019-12-13,59.87,47.4723,48.1529,126.1156,124.333,38.69,62.35,-3.9775,54.7428,6172600
2019-12-16,180,2019-04-02,2019-12-16,59.96,47.5681,48.2576,126.0508,124.25,38.69,62.35,-3.8332,54.9754,6430100
2019-12-17,180,2019-04-03,2019-12-17,60.79,47.6682,48.3676,127.5273,125.6834,38.69,62.35,-2.502,57.1207,7848000
2019-12-18,180,2019-04-04,2019-12-18,60.38,47.7568,48.4673,126.4322,124.5789,38.69,62.35,-3.1596,56.061,6525100
2019-12-19,180,2019-04-05,2019-12-19,60.67,47.8454,48.5676,126.8041,124.9188,38.69,62.35,-2.6945,56.8105,6002700
2019-12-20,180,2019-04-08,2019-12-20,61.81,47.9353,48.6718,128.9445,126.9934,38.69,62.35,-0.8661,59.757,15663100
2019-12-23,180,2019-04-09,2019-12-23,61.08,48.0239,48.7727,127.1866,125.2339,38.69,62.35,-2.0369,57.8703,5840900
2019-12-24,180,2019-04-10,2019-12-24,61.5,48.1208,48.881,127.8034,125.8158,38.69,62.35,-1.3633,58.9558,1624100
2019-12-26,180,2019-04-11,2019-12-26,61.31,48.2162,48.9873,127.1564,125.1548,38.69,62.35,-1.668,58.4647,2960600
2019-12-27,180,2019-04-12,2019-12-27,61.17,48.3094,49.0912,126.6214,124.6048,38.69,62.35,-1.8925,58.1029,3314500
2019-12-30,180,2019-04-15,2019-12-30,60.93,48.3983,49.1909,125.8928,123.8644,38.69,62.35,-2.2775,57.4826,3566400
2019-12-31,180,2019-04-16,2019-12-31,61.04,48.49,49.2927,125.8816,123.8317,38.69,62.35,-2.101,57.7669,3878200
2020-01-02,180,2019-04-17,2020-01-02,62.2,48.5789,49.3954,128.0391,125.9227,38.69,62.35,-0.2406,60.7651,6647900
2020-01-03,180,2019-04-18,2020-01-03,61.21,48.6636,49.4916,125.7819,123.6775,38.69,62.35,-1.8284,58.2063,5415200
2020-01-06,180,2019-04-22,2020-01-06,59.89,48.7434,49.5802,122.8679,120.7943,38.69,62.35,-3.9455,54.7945,8586000
2020-01-07,180,2019-04-23,2020-01-07,61.62,48.8308,49.6792,126.1909,124.0358,38.69,62.35,-1.1708,59.266,7970400
2020-01-08,180,2019-04-24,2020-01-08,61.58,48.9181,49.7778,125.884,123.7097,38.69,62.35,-1.235,59.1626,4364400
2020-01-09,180,2019-04-25,2020-01-09,61.97,49.0027,49.8751,126.4625,124.2504,38.69,62.35,-0.6095,60.1706,5713500
2020-01-10,180,2019-04-26,2020-01-10,61.47,49.0859,49.9697,125.2294,123.0146,38.69,62.35,-1.4114,58.8783,4456100
2020-01-13,180,2019-04-29,2020-01-13,61.81,49.1692,50.0649,125.7087,123.4596,38.69,62.35,-0.8661,59.757,4111100
2020-01-14,180,2019-04-30,2020-01-14,62.35,49.2576,50.1656,126.5795,124.2885,38.69,62.35,0.0,61.1528,7998000
2020-01-15,180,2019-05-01,2020-01-15,61.93,49.3459,50.2648,125.5017,123.2075,38.69,62.35,-0.6736,60.0672,6314100
2020-01-16,180,2019-05-02,2020-01-16,63.21,49.444,50.3749,127.8417,125.479,38.69,63.21,0.0,63.3756,5733800
2020-01-17,180,2019-05-03,2020-01-17,62.85,49.5388,50.4813,126.8701,124.5015,38.69,63.21,-0.5695,62.4451,6327800
2020-01-21,180,2019-05-06,2020-01-21,63.2,49.6334,50.5882,127.3335,124.9303,38.69,63.21,-0.0158,63.3497,5777400
2020-01-22,180,2019-05-07,2020-01-22,63.89,49.7369,50.7037,128.4559,126.0067,38.69,63.89,0.0,65.1331,5598700
2020-01-23,180,2019-05-08,2020-01-23,63.89,49.8489,50.825,128.1674,125.7059,38.69,63.89,0.0,65.1331,6540700
2020-01-24,180,2019-05-09,2020-01-24,62.0,49.9585,50.9384,124.1031,121.7155,38.69,63.89,-2.9582,60.2481,8007500
2020-01-27,180,2019-05-10,2020-01-27,59.05,50.0626,51.0391,117.9524,115.6957,38.69,63.89,-7.5755,52.6234,9350600
2020-01-28,180,2019-05-13,2020-01-28,60.19,50.1727,51.1468,119.9655,117.6809,38.69,63.89,-5.7912,55.5699,6228100
2020-01-29,180,2019-05-14,2020-01-29,59.82,50.297,51.2619,118.9335,116.6948,38.69,63.89,-6.3703,54.6136,6515300
2020-01-30,180,2019-05-15,2020-01-30,60.25,50.4153,51.3744,119.5073,117.2763,38.69,63.89,-5.6973,55.725,9656100
2020-01-31,180,2019-05-16,2020-01-31,57.99,50.5123,51.466,114.8038,112.6763,38.69,63.89,-9.2346,49.8837,10132200
2020-02-03,180,2019-05-17,2020-02-03,59.72,50.6154,51.5663,117.9879,115.812,38.69,63.89,-6.5268,54.3551,7847300
2020-02-04,180,2019-05-20,2020-02-04,63.01,50.723,51.6792,124.2237,121.9253,38.69,63.89,-1.3774,62.8586,12322100
2020-02-05,180,2019-05-21,2020-02-05,63.8,50.8536,51.8094,125.4583,123.1436,38.69,63.89,-0.1409,64.9005,8252100
2020-02-06,180,2019-05-22,2020-02-06,63.19,50.9746,51.9312,123.9637,121.6802,38.69,63.89,-1.0956,63.3239,4870600
2020-02-07,180,2019-05-23,2020-02-07,61.71,51.0975,52.0491,120.7691,118.5611,38.69,63.89,-3.4121,59.4986,6093200
2020-02-10,180,2019-05-24,2020-02-10,62.92,51.2305,52.1768,122.8175,120.59,38.69,63.89,-1.5182,62.626,5121100
2020-02-11,180,2019-05-28,2020-02-11,64.45,51.3738,52.3154,125.4531,123.1951,38.69,64.45,0.0,66.5805,6203800
2020-02-12,180,2019-05-29,2020-02-12,65.37,51.5258,52.4618,126.8685,124.6049,38.69,65.37,0.0,68.9584,11592200
2020-02-13,180,2019-05-30,2020-02-13,67.37,51.682,52.6174,130.3549,128.0375,38.69,67.37,0.0,74.1277,21742700
2020-02-14,180,2019-05-31,2020-02-14,66.85,51.8338,52.7679,128.97,126.6868,38.69,67.37,-0.7719,72.7837,8104000
2020-02-18,180,2019-06-03,2020-02-18,65.16,51.991,52.915,125.3295,123.1409,38.78,67.37,-3.2804,68.0248,10208500
2020-02-19,180,2019-06-04,2020-02-19,67.41,52.1559,53.0741,129.247,127.0112,40.42,67.41,0.0,66.7739,8502600
2020-02-20,180,2019-06-05,2020-02-20,66.4,52.3026,53.2184,126.9534,124.7689,40.5,67.41,-1.4983,63.9506,7535900
2020-02-21,180,2019-06-06,2020-02-21,64.27,52.441,53.3499,122.5569,120.4687,40.5,67.41,-4.6581,58.6914,9658100
2020-02-24,180,2019-06-07,2020-02-24,61.08,52.5603,53.4594,116.2094,114.255,40.5,67.41,-9.3903,50.8148,11223700
2020-02-25,180,2019-06-10,2020-02-25,58.86,52.6695,53.5558,111.7534,109.9041,40.5,67.41,-12.6836,45.3333,9942500
2020-02-26,180,2019-06-11,2020-02-26,59.81,52.7693,53.6484,113.3425,111.4852,40.5,67.41,-11.2743,47.679,10851500
2020-02-27,180,2019-06-12,2020-02-27,57.0,52.8516,53.722,107.8491,106.1018,40.5,67.41,-15.4428,40.7407,15746200
2020-02-28,180,2019-06-13,2020-02-28,58.12,52.9588,53.8143,109.7458,108.001,40.5,67.41,-13.7813,43.5062,14943900
2020-03-02,180,2019-06-14,2020-03-02,60.16,53.0741,53.9172,113.3509,111.5786,40.5,67.41,-10.7551,48.5432,10795200
2020-03-03,180,2019-06-17,2020-03-03,58.04,53.1843,54.0106,109.13,107.4605,40.5,67.41,-13.9,43.3086,14036600
2020-03-04,180,2019-06-18,2020-03-04,60.52,53.3129,54.1218,113.5184,111.8219,41.98,67.41,-10.221,44.1639,7925800
2020-03-05,180,2019-06-19,2020-03-05,59.13,53.4193,54.2152,110.6903,109.0653,41.98,67.41,-12.283,40.8528,9842500
2020-03-06,180,2019-06-20,2020-03-06,57.79,53.5179,54.3,107.9825,106.4273,41.98,67.41,-14.2709,37.6608,8958500
2020-03-09,180,2019-06-21,2020-03-09,52.07,53.5807,54.3492,97.1806,95.8063,41.98,67.41,-22.7563,24.0353,10305900
2020-03-10,180,2019-06-24,2020-03-10,56.17,53.6681,54.4226,104.6618,103.2108,41.98,67.41,-16.6741,33.8018,10107400
2020-03-11,180,2019-06-25,2020-03-11,52.49,53.7414,54.4791,97.6715,96.349,41.98,67.41,-22.1332,25.0357,12974200
2020-03-12,180,2019-06-26,2020-03-12,45.11,53.7679,54.4964,83.8976,82.776,43.45,67.41,-33.0811,3.8205,18043700
2020-03-13,180,2019-06-27,2020-03-13,50.89,53.8209,54.5371,94.5543,93.3127,43.45,67.41,-24.5068,17.1231,15539300
2020-03-16,180,2019-06-28,2020-03-16,40.53,53.784,54.5139,75.357,74.3479,40.53,67.41,-39.8754,0.0,13763000
2020-03-17,180,2019-07-01,2020-03-17,44.86,53.7836,54.5137,83.4084,82.2913,40.53,67.41,-33.452,10.6834,16361200
2020-03-18,180,2019-07-02,2020-03-18,39.18,53.7253,54.4776,72.9266,71.9195,39.18,67.41,-41.8781,0.0,18870000
2020-03-19,180,2019-07-03,2020-03-19,40.19,53.6854,54.4527,74.8621,73.8071,39.18,67.41,-40.3798,2.5778,13066600
2020-03-20,180,2019-07-05,2020-03-20,37.99,53.6224,54.4156,70.8473,69.8145,37.99,67.41,-43.6434,0.0,13967100
2020-03-23,180,2019-07-08,2020-03-23,40.17,53.588,54.3944,74.9608,73.8495,37.99,67.41,-40.4094,5.7383,15138400
2020-03-24,180,2019-07-09,2020-03-24,45.14,53.6017,54.4038,84.2137,82.9721,37.99,67.41,-33.0366,18.8207,16338500
2020-03-25,180,2019-07-10,2020-03-25,44.73,53.6079,54.4081,83.4392,82.2121,37.99,67.41,-33.6449,17.7415,11550700
2020-03-26,180,2019-07-11,2020-03-26,49.2,53.6404,54.4329,91.7219,90.3864,37.99,67.41,-27.0138,29.5078,11864900
2020-03-27,180,2019-07-12,2020-03-27,45.05,53.6386,54.4317,83.988,82.7643,37.99,67.41,-33.1702,18.5838,10624200
2020-03-30,180,2019-07-15,2020-03-30,47.3,53.6444,54.4361,88.1733,86.8909,37.99,67.41,-29.8324,24.5064,7839200
2020-03-31,180,2019-07-16,2020-03-31,45.82,53.6409,54.4335,85.4199,84.1761,37.99,67.41,-32.0279,20.6107,11068000
2020-04-01,180,2019-07-17,2020-04-01,43.3,53.6192,54.4184,80.7547,79.5686,37.99,67.41,-35.7662,13.9774,10665900
2020-04-02,180,2019-07-18,2020-04-02,43.24,53.5954,54.4019,80.6786,79.4825,37.99,67.41,-35.8552,13.8194,8764600
2020-04-03,180,2019-07-19,2020-04-03,42.28,53.5492,54.3692,78.9554,77.7647,37.99,67.41,-37.2793,11.2924,9488600
2020-04-06,180,2019-07-22,2020-04-06,46.15,53.5373,54.3599,86.2017,84.8971,37.99,67.41,-31.5383,21.4793,12046500
2020-04-07,180,2019-07-23,2020-04-07,47.56,53.5163,54.3423,88.87,87.5192,37.99,67.41,-29.4467,25.1908,11962600
2020-04-08,180,2019-07-24,2020-04-08,51.46,53.519,54.3447,96.1529,94.6918,37.99,67.41,-23.6612,35.4567,14429000
2020-04-09,180,2019-07-25,2020-04-09,49.59,53.5033,54.3306,92.6859,91.2746,37.99,67.41,-26.4353,30.5343,11654400
2020-04-13,180,2019-07-26,2020-04-13,49.88,53.4974,54.3253,93.2382,91.8172,37.99,67.41,-26.005,31.2977,5750000
2020-04-14,180,2019-07-29,2020-04-14,52.47,53.5077,54.3349,98.0607,96.5677,37.99,67.41,-22.1629,38.1153,8025500
2020-04-15,180,2019-07-30,2020-04-15,50.37,53.5058,54.3333,94.1393,92.7056,37.99,67.41,-25.2782,32.5875,7206700
2020-04-16,180,2019-07-31,2020-04-16,52.23,53.5148,54.3416,97.5991,96.1142,37.99,67.41,-22.5189,37.4835,8878100
2020-04-17,180,2019-08-01,2020-04-17,53.2,53.538,54.3629,99.3686,97.8609,37.99,67.41,-21.08,40.0368,9367600
2020-04-20,180,2019-08-02,2020-04-20,50.63,53.5521,54.3749,94.5435,93.1128,37.99,67.41,-24.8925,33.2719,7041200
2020-04-21,180,2019-08-05,2020-04-21,48.33,53.5575,54.3792,90.2395,88.8759,37.99,67.41,-28.3044,27.2177,9359600
2020-04-22,180,2019-08-06,2020-04-22,52.11,53.6022,54.4162,97.2161,95.762,37.99,67.41,-22.6969,37.1677,7785000
2020-04-23,180,2019-08-07,2020-04-23,50.9,53.6332,54.4416,94.9039,93.4948,37.99,67.41,-24.4919,33.9826,9048300
2020-04-24,180,2019-08-08,2020-04-24,51.74,53.6667,54.4697,96.4099,94.9887,37.99,67.41,-23.2458,36.1937,7663900
2020-04-27,180,2019-08-09,2020-04-27,51.03,53.6875,54.4873,95.0501,93.6549,37.99,67.41,-24.2991,34.3248,6587400
2020-04-28,180,2019-08-12,2020-04-28,50.42,53.7095,54.5054,93.8754,92.5045,37.99,67.41,-25.204,32.7191,7759500
2020-04-29,180,2019-08-13,2020-04-29,54.34,53.7596,54.5492,101.0797,99.6165,37.99,67.41,-19.3888,43.0376,8946300
2020-04-30,180,2019-08-14,2020-04-30,49.68,53.7705,54.5582,92.3927,91.0587,37.99,67.41,-26.3017,30.7712,14457000
2020-05-01,180,2019-08-15,2020-05-01,46.89,53.7718,54.5592,87.2018,85.9433,37.99,67.41,-30.4406,23.4272,13583100
2020-05-04,180,2019-08-16,2020-05-04,47.58,53.7748,54.5616,88.4801,87.2043,37.99,67.41,-29.417,25.2435,7798000
2020-05-05,180,2019-08-19,2020-05-05,48.85,53.7905,54.5739,90.8154,89.5117,37.99,67.41,-27.533,28.5865,8220600
2020-05-06,180,2019-08-20,2020-05-06,50.5,53.8134,54.5928,93.8427,92.5031,37.99,67.41,-25.0853,32.9297,8594600
2020-05-07,180,2019-08-21,2020-05-07,51.25,53.8438,54.6179,95.1827,93.8337,37.99,67.41,-23.9727,34.9039,6645600
2020-05-08,180,2019-08-22,2020-05-08,53.81,53.8885,54.6567,99.8544,98.4509,37.99,67.41,-20.1751,41.6425,8082200
2020-05-11,180,2019-08-23,2020-05-11,54.01,53.9329,54.6954,100.143,98.7468,37.99,67.41,-19.8784,42.169,8211500
2020-05-12,180,2019-08-26,2020-05-12,52.33,53.9822,54.7355,96.9393,95.6052,37.99,67.41,-22.3706,37.7468,7479000
2020-05-13,180,2019-08-27,2020-05-13,51.49,54.0228,54.7682,95.3116,94.0145,37.99,67.41,-23.6167,35.5357,8696600
2020-05-14,180,2019-08-28,2020-05-14,54.43,54.0813,54.8177,100.6449,99.2927,37.99,67.41,-19.2553,43.2745,15839000
2020-05-15,180,2019-08-29,2020-05-15,52.04,54.1231,54.8518,96.1513,94.8738,37.99,67.41,-22.8008,36.9834,20755900
2020-05-18,180,2019-08-30,2020-05-18,54.36,54.1677,54.891,100.355,99.0326,37.99,67.41,-19.3591,43.0903,11293300
2020-05-19,180,2019-09-03,2020-05-19,55.47,54.2133,54.9324,102.318,100.9787,37.99,67.41,-17.7125,46.0121,10535600
2020-05-20,180,2019-09-04,2020-05-20,56.88,54.2693,54.9839,104.8107,103.4485,37.99,67.41,-15.6208,49.7236,9824100
2020-05-21,180,2019-09-05,2020-05-21,55.02,54.3024,55.0145,101.3215,100.01,37.99,67.41,-18.3801,44.8276,7467200
2020-05-22,180,2019-09-06,2020-05-22,54.39,54.3266,55.0369,100.1167,98.8245,37.99,67.41,-19.3146,43.1692,7121000
2020-05-26,180,2019-09-09,2020-05-26,55.14,54.3565,55.0649,101.4414,100.1363,37.99,67.41,-18.2021,45.1434,7757600
2020-05-27,180,2019-09-10,2020-05-27,56.4,54.3895,55.0968,103.6965,102.3652,37.99,67.41,-16.3329,48.4601,9071600
2020-05-28,180,2019-09-11,2020-05-28,54.67,54.4164,55.1217,100.4661,99.1805,37.99,67.41,-18.8993,43.9063,7234100
2020-05-29,180,2019-09-12,2020-05-29,56.18,54.4426,55.1474,103.1912,101.8725,37.99,67.41,-16.6593,47.881,10819600
2020-06-01,180,2019-09-13,2020-06-01,55.69,54.4682,55.1721,102.2431,100.9388,37.99,67.41,-17.3862,46.5912,5374800
2020-06-02,180,2019-09-16,2020-06-02,55.79,54.4938,55.1967,102.3786,101.0748,37.99,67.41,-17.2378,46.8544,6998700
2020-06-03,180,2019-09-17,2020-06-03,57.81,54.5324,55.235,106.0103,104.6619,37.99,67.41,-14.2412,52.1716,8026700
2020-06-04,180,2019-09-18,2020-06-04,58.13,54.5709,55.2735,106.5219,105.1679,37.99,67.41,-13.7665,53.0139,7456900
2020-06-05,180,2019-09-19,2020-06-05,60.19,54.6137,55.3185,110.2104,108.8063,37.99,67.41,-10.7106,58.4364,8349700
2020-06-08,180,2019-09-20,2020-06-08,59.9,54.6577,55.3642,109.5911,108.1927,37.99,67.41,-11.1408,57.6731,5528700
2020-06-09,180,2019-09-23,2020-06-09,59.79,54.7059,55.4132,109.2936,107.8984,37.99,67.41,-11.304,57.3835,6184300
2020-06-10,180,2019-09-24,2020-06-10,59.86,54.7494,55.4582,109.3346,107.9371,37.99,67.41,-11.2001,57.5678,5319800
2020-06-11,180,2019-09-25,2020-06-11,55.41,54.7744,55.4818,101.1605,99.8705,37.99,67.41,-17.8015,45.8542,9386800
2020-06-12,180,2019-09-26,2020-06-12,56.55,54.8006,55.5075,103.1923,101.8781,37.99,67.41,-16.1104,48.855,8534200
2020-06-15,180,2019-09-27,2020-06-15,57.05,54.8281,55.5347,104.0525,102.7285,37.99,67.41,-15.3686,50.1711,7221000
2020-06-16,180,2019-09-30,2020-06-16,58.54,54.8807,55.5853,106.6677,105.3156,37.99,67.41,-13.1583,54.0932,9718000
2020-06-17,180,2019-10-01,2020-06-17,60.0,54.9372,55.6414,109.2156,107.8333,37.99,67.41,-10.9924,57.9363,8338100
2020-06-18,180,2019-10-02,2020-06-18,60.38,54.9948,55.699,109.7922,108.4041,37.99,67.41,-10.4287,58.9366,5674000
2020-06-19,180,2019-10-03,2020-06-19,60.95,55.0589,55.7628,110.6996,109.3022,37.99,67.41,-9.5832,60.437,10092800
2020-06-22,180,2019-10-04,2020-06-22,61.27,55.1234,55.8274,111.1507,109.7489,37.99,67.41,-9.1084,61.2793,5379900
2020-06-23,180,2019-10-07,2020-06-23,60.84,55.1778,55.8828,110.2618,108.8708,37.99,67.41,-9.7463,60.1474,7264900
2020-06-24,180,2019-10-08,2020-06-24,59.97,55.2297,55.9346,108.5829,107.2146,37.99,67.41,-11.0369,57.8573,7937300
2020-06-25,180,2019-10-09,2020-06-25,59.98,55.2909,55.9938,108.4808,107.1189,37.99,67.41,-11.0221,57.8836,6298900
2020-06-26,180,2019-10-10,2020-06-26,58.38,55.3341,56.0357,105.5046,104.1835,37.99,67.41,-13.3956,53.672,12786500
2020-06-29,180,2019-10-11,2020-06-29,59.06,55.3796,56.0804,106.6458,105.313,37.99,67.41,-12.3869,55.462,5035900
2020-06-30,180,2019-10-14,2020-06-30,60.45,55.427,56.1288,109.0624,107.6988,37.99,67.41,-10.3249,59.1208,6067600
2020-07-01,180,2019-10-15,2020-07-01,59.68,55.4696,56.1718,107.5904,106.2455,37.99,67.41,-11.4671,57.094,5305200
2020-07-02,180,2019-10-16,2020-07-02,61.0,55.5125,56.2167,109.8851,108.5086,37.99,67.41,-9.509,60.5686,5596100
2020-07-06,180,2019-10-17,2020-07-06,63.46,55.5749,56.2828,114.1883,112.752,37.99,67.41,-5.8597,67.0439,7776900
2020-07-07,180,2019-10-18,2020-07-07,62.18,55.628,56.3386,111.7781,110.3684,37.99,67.41,-7.7585,63.6746,5078200
2020-07-08,180,2019-10-21,2020-07-08,62.77,55.6869,56.4002,112.7195,111.2939,37.99,67.41,-6.8833,65.2277,4045700
2020-07-09,180,2019-10-22,2020-07-09,63.49,55.7429,56.4605,113.898,112.4503,37.99,67.41,-5.8152,67.1229,6155900
2020-07-10,180,2019-10-23,2020-07-10,62.59,55.7992,56.5194,112.17,110.7406,37.99,67.41,-7.1503,64.7539,5899000
2020-07-13,180,2019-10-24,2020-07-13,61.51,55.8604,56.5804,110.1138,108.7125,37.99,67.41,-8.7524,61.911,6178600
2020-07-14,180,2019-10-25,2020-07-14,62.54,55.898,56.6219,111.8823,110.4519,37.99,67.41,-7.2245,64.6223,6297500
2020-07-15,180,2019-10-28,2020-07-15,62.1,55.93,56.6574,111.0316,109.6062,37.99,67.41,-7.8772,63.4641,5226400
2020-07-16,180,2019-10-29,2020-07-16,62.34,55.9564,56.6873,111.4081,109.9717,37.99,67.41,-7.5211,64.0958,3934300
2020-07-17,180,2019-10-30,2020-07-17,62.3,55.9906,56.725,111.2688,109.8281,37.99,67.41,-7.5805,63.9905,4585200
2020-07-20,180,2019-10-31,2020-07-20,63.73,56.0328,56.7723,113.737,112.2554,37.99,67.41,-5.4591,67.7547,5017000
2020-07-21,180,2019-11-01,2020-07-21,63.81,56.0809,56.8254,113.782,112.2914,37.99,67.41,-5.3405,67.9652,5833900
2020-07-22,180,2019-11-04,2020-07-22,64.22,56.1239,56.8741,114.4254,112.9162,37.99,67.41,-4.7322,69.0445,5027800
2020-07-23,180,2019-11-05,2020-07-23,63.63,56.1629,56.9179,113.2955,111.7926,37.99,67.41,-5.6075,67.4914,5351800
2020-07-24,180,2019-11-06,2020-07-24,60.62,56.1874,56.9442,107.8889,106.455,37.99,67.41,-10.0727,59.5683,11041000
2020-07-27,180,2019-11-07,2020-07-27,63.01,56.2233,56.9842,112.071,110.5746,37.99,67.41,-6.5272,65.8594,7194700
2020-07-28,180,2019-11-08,2020-07-28,62.3,56.2554,57.0195,110.745,109.2609,37.99,67.41,-7.5805,63.9905,4565700
2020-07-29,180,2019-11-11,2020-07-29,63.25,56.2912,57.0596,112.3621,110.849,37.99,67.41,-6.1712,66.4912,4621400
2020-07-30,180,2019-11-12,2020-07-30,64.42,56.329,57.1031,114.3638,112.8135,37.99,67.41,-4.4356,69.5709,5525000
2020-07-31,180,2019-11-13,2020-07-31,64.33,56.3675,57.1471,114.1261,112.5692,37.99,67.41,-4.5691,69.334,5900600
2020-08-03,180,2019-11-14,2020-08-03,65.01,56.405,57.1909,115.2557,113.672,37.99,67.41,-3.5603,71.124,5540600
2020-08-04,180,2019-11-15,2020-08-04,64.85,56.4428,57.2347,114.8951,113.3053,37.99,67.41,-3.7977,70.7028,5190200
2020-08-05,180,2019-11-18,2020-08-05,64.87,56.4551,57.2503,114.9054,113.3094,37.99,67.41,-3.768,70.7555,4572700
2020-08-06,180,2019-11-19,2020-08-06,63.61,56.4608,57.2573,112.6623,111.0949,37.99,67.41,-5.6371,67.4388,7395900
2020-08-07,180,2019-11-20,2020-08-07,63.57,56.4728,57.2719,112.5675,110.9968,37.99,67.41,-5.6965,67.3335,7124200
2020-08-10,180,2019-11-21,2020-08-10,65.24,56.4983,57.303,115.4726,113.8509,37.99,67.41,-3.2191,71.7294,7387000
2020-08-11,180,2019-11-22,2020-08-11,64.46,56.5374,57.3476,114.0131,112.4023,37.99,67.41,-4.3762,69.6762,7608600
2020-08-12,180,2019-11-25,2020-08-12,66.5,56.5878,57.4062,117.5164,115.8411,37.99,67.41,-1.35,75.0461,6170100
2020-08-13,180,2019-11-26,2020-08-13,65.07,56.6197,57.4439,114.9247,113.2756,37.99,67.41,-3.4713,71.2819,10684400
2020-08-14,180,2019-11-27,2020-08-14,67.62,56.6657,57.4998,119.3314,117.6005,37.99,67.62,0.0,77.9942,23421900
2020-08-17,180,2019-11-29,2020-08-17,66.94,56.7053,57.5478,118.049,116.3206,37.99,67.62,-1.0056,76.2043,6883000
2020-08-18,180,2019-12-02,2020-08-18,66.43,56.7449,57.5952,117.0677,115.3394,37.99,67.62,-1.7598,74.8618,6166700
2020-08-19,180,2019-12-03,2020-08-19,65.87,56.7889,57.6462,115.991,114.2661,37.99,67.62,-2.588,73.3877,4979500
2020-08-20,180,2019-12-04,2020-08-20,63.79,56.8318,57.6931,112.2435,110.5678,37.99,67.62,-5.664,67.9126,8307800
2020-08-21,180,2019-12-05,2020-08-21,62.27,56.8636,57.7274,109.5077,107.869,37.99,67.62,-7.9119,63.9115,11150600
2020-08-24,180,2019-12-06,2020-08-24,63.74,56.9035,57.7713,112.0142,110.3315,37.99,67.62,-5.7379,67.781,8366500
2020-08-25,180,2019-12-09,2020-08-25,64.05,56.9405,57.8127,112.4859,110.7888,37.99,67.62,-5.2795,68.597,5156900
2020-08-26,180,2019-12-10,2020-08-26,63.76,56.9762,57.8525,111.9063,110.2113,37.99,67.62,-5.7084,67.8336,5964900
2020-08-27,180,2019-12-11,2020-08-27,62.03,57.004,57.8826,108.8169,107.1653,37.99,67.62,-8.2668,63.2798,8917800
2020-08-28,180,2019-12-12,2020-08-28,63.07,57.0236,57.9049,110.6034,108.9199,37.99,67.62,-6.7288,66.0174,5206000
2020-08-31,180,2019-12-13,2020-08-31,61.6,57.0296,57.9118,108.0141,106.3686,37.99,67.62,-8.9027,62.1479,6454200
2020-09-01,180,2019-12-16,2020-09-01,61.89,57.0394,57.9231,108.5039,106.8486,37.99,67.62,-8.4738,62.9113,7919800
2020-09-02,180,2019-12-17,2020-09-02,65.08,57.0632,57.9515,114.049,112.3008,37.99,67.62,-3.7563,71.3082,10802500
2020-09-03,180,2019-12-18,2020-09-03,61.46,57.0664,57.9552,107.6991,106.0474,37.99,67.62,-9.1097,61.7794,11013000
2020-09-04,180,2019-12-19,2020-09-04,60.96,57.0693,57.9584,106.8176,105.1788,37.99,67.62,-9.8492,60.4633,14688100
2020-09-08,180,2019-12-20,2020-09-08,55.63,57.0423,57.9304,97.5242,96.029,37.99,67.62,-17.7314,46.4333,20934800
2020-09-09,180,2019-12-23,2020-09-09,55.2,57.0073,57.8937,96.8298,95.3471,37.99,67.62,-18.3673,45.3014,16267600
2020-09-10,180,2019-12-24,2020-09-10,55.12,56.9753,57.8606,96.7436,95.2634,37.99,67.62,-18.4857,45.0908,10670500
2020-09-11,180,2019-12-26,2020-09-11,55.0,56.9407,57.8245,96.5917,95.1154,37.99,67.62,-18.6631,44.7749,9203300
2020-09-14,180,2019-12-27,2020-09-14,56.46,56.9155,57.7976,99.1998,97.6858,37.99,67.62,-16.504,48.618,8495700
2020-09-15,180,2019-12-30,2020-09-15,57.2,56.895,57.7755,100.536,99.0039,37.99,67.62,-15.4096,50.5659,7209800
2020-09-16,180,2019-12-31,2020-09-16,56.47,56.8717,57.7507,99.2936,97.7823,37.99,67.62,-16.4892,48.6444,8339400
2020-09-17,180,2020-01-02,2020-09-17,56.34,56.8472,57.7246,99.1078,97.6014,37.99,67.62,-16.6815,48.3022,7098700
2020-09-18,180,2020-01-03,2020-09-18,56.15,56.8161,57.691,98.8276,97.3289,37.99,67.62,-16.9624,47.8021,11913000
2020-09-21,180,2020-01-06,2020-09-21,57.32,56.7962,57.6694,100.9222,99.3942,37.99,67.62,-15.2322,50.8818,8494300
2020-09-22,180,2020-01-07,2020-09-22,57.89,56.7859,57.6583,101.9443,100.4019,37.99,67.62,-14.3892,52.3822,7629300
2020-09-23,180,2020-01-08,2020-09-23,57.25,56.7637,57.634,100.8567,99.3337,37.99,67.62,-15.3357,50.6975,8831800
2020-09-24,180,2020-01-09,2020-09-24,57.79,56.7447,57.6129,101.8422,100.3073,37.99,67.62,-14.5371,52.119,6318500
2020-09-25,180,2020-01-10,2020-09-25,58.23,56.7261,57.5922,102.6511,101.1075,37.99,67.62,-13.8864,53.2772,6542600
2020-09-28,180,2020-01-13,2020-09-28,59.36,56.7158,57.5804,104.6622,103.0906,37.99,67.62,-12.2153,56.2516,8616000
2020-09-29,180,2020-01-14,2020-09-29,59.65,56.7053,57.5684,105.193,103.6158,37.99,67.62,-11.7865,57.015,5402200
2020-09-30,180,2020-01-15,2020-09-30,59.45,56.6913,57.5523,104.8661,103.2973,37.99,67.62,-12.0822,56.4885,9074400
2020-10-01,180,2020-01-16,2020-10-01,60.65,56.6853,57.5452,106.9943,105.3954,37.99,67.62,-10.3076,59.6473,7542800
2020-10-02,180,2020-01-17,2020-10-02,58.21,56.661,57.5174,102.7338,101.2041,37.99,67.62,-13.916,53.2245,7103900
2020-10-05,180,2020-01-21,2020-10-05,60.6,56.6505,57.5049,106.9717,105.3822,37.99,67.62,-10.3816,59.5156,6694600
2020-10-06,180,2020-01-22,2020-10-06,60.4,56.6374,57.4894,106.6433,105.0629,37.99,67.62,-10.6773,58.9892,6947900
2020-10-07,180,2020-01-23,2020-10-07,61.12,56.6248,57.474,107.9386,106.3437,37.99,67.62,-9.6125,60.8844,5335400
2020-10-08,180,2020-01-24,2020-10-08,62.6,56.619,57.4668,110.5635,108.9324,37.99,67.62,-7.4238,64.7802,5411500
2020-10-09,180,2020-01-27,2020-10-09,63.29,56.6249,57.474,111.7707,110.1194,37.99,67.62,-6.4034,66.5965,6366800
2020-10-12,180,2020-01-28,2020-10-12,64.68,56.6511,57.5053,114.1724,112.4766,37.99,67.62,-4.3478,70.2553,7021900
2020-10-13,180,2020-01-29,2020-10-13,64.69,56.6718,57.5303,114.1486,112.4451,37.99,67.62,-4.333,70.2816,7189900
2020-10-14,180,2020-01-30,2020-10-14,63.98,56.6912,57.5534,112.8571,111.1663,37.99,67.62,-5.383,68.4127,5823900
2020-10-15,180,2020-01-31,2020-10-15,63.51,56.7064,57.5715,111.998,110.315,37.99,67.62,-6.0781,67.1756,6397300
2020-10-16,180,2020-02-03,2020-10-16,63.0,56.7309,57.5993,111.0506,109.3763,37.99,67.62,-6.8323,65.8331,6841000
2020-10-19,180,2020-02-04,2020-10-19,62.05,56.7421,57.6123,109.3544,107.7027,37.99,67.62,-8.2372,63.3324,5757500
2020-10-20,180,2020-02-05,2020-10-20,62.26,56.7387,57.6081,109.7311,108.0751,37.99,67.62,-7.9267,63.8852,4479700
2020-10-21,180,2020-02-06,2020-10-21,62.11,56.7311,57.5987,109.4814,107.8323,37.99,67.62,-8.1485,63.4904,6188900
2020-10-22,180,2020-02-07,2020-10-22,61.7,56.7243,57.5904,108.7718,107.1358,37.99,67.62,-8.7548,62.4112,6013400
2020-10-23,180,2020-02-10,2020-10-23,60.95,56.7206,57.5862,107.4565,105.8413,37.99,67.62,-9.8639,60.437,6519800
2020-10-26,180,2020-02-11,2020-10-26,59.51,56.7044,57.5673,104.9478,103.3747,37.99,67.62,-11.9935,56.6465,6715400
2020-10-27,180,2020-02-12,2020-10-27,58.83,56.6779,57.5361,103.7971,102.2489,37.99,67.62,-12.9991,54.8565,4626200
2020-10-28,180,2020-02-13,2020-10-28,57.32,56.6396,57.4913,101.2013,99.702,37.99,67.62,-15.2322,50.8818,8976600
2020-10-29,180,2020-02-14,2020-10-29,59.5,56.6046,57.4476,105.1151,103.5726,37.99,67.62,-12.0083,56.6202,6314400
2020-10-30,180,2020-02-18,2020-10-30,59.23,56.5704,57.4053,104.7014,103.1787,37.99,67.62,-12.4076,55.9094,7336200
2020-11-02,180,2020-02-19,2020-11-02,60.33,56.5485,57.3784,106.6871,105.144,37.99,67.62,-10.7808,58.8049,7475100
2020-11-03,180,2020-02-20,2020-11-03,61.83,56.5248,57.3474,109.3857,107.8165,37.99,67.62,-8.5626,62.7534,9967600
2020-11-04,180,2020-02-21,2020-11-04,64.86,56.5184,57.3389,114.759,113.1169,37.99,67.62,-4.0816,70.7291,9808300
2020-11-05,180,2020-02-24,2020-11-05,69.95,56.5409,57.3704,123.7158,121.9269,37.99,69.95,0.0,84.1274,13118100
2020-11-06,180,2020-02-25,2020-11-06,70.53,56.5798,57.4229,124.6557,122.8255,37.99,70.53,0.0,85.6541,8639700
2020-11-09,180,2020-02-26,2020-11-09,71.3,56.6326,57.4921,125.8992,124.0171,37.99,71.3,0.0,87.681,10154600
2020-11-10,180,2020-02-27,2020-11-10,69.39,56.6738,57.5453,122.4376,120.5833,37.99,71.3,-2.6788,82.6533,8206100
2020-11-11,180,2020-02-28,2020-11-11,71.16,56.7361,57.6239,125.4227,123.4903,37.99,71.3,-0.1964,87.3125,8071900
2020-11-12,180,2020-03-02,2020-11-12,69.8,56.7877,57.6888,122.914,120.994,37.99,71.3,-2.1038,83.7326,8542700
2020-11-13,180,2020-03-03,2020-11-13,72.81,56.8395,57.7591,128.0976,126.058,37.99,72.81,0.0,91.6557,10179400
2020-11-16,180,2020-03-04,2020-11-16,74.48,56.9078,57.8504,130.8784,128.7458,37.99,74.48,0.0,96.0516,8104400
2020-11-17,180,2020-03-05,2020-11-17,74.37,56.9632,57.9274,130.5579,128.3849,37.99,74.48,-0.1477,95.762,5460100
2020-11-18,180,2020-03-06,2020-11-18,75.71,57.0301,58.0195,132.7546,130.4906,37.99,75.71,0.0,99.2893,10667700
2020-11-19,180,2020-03-09,2020-11-19,77.25,57.1089,58.1276,135.2678,132.8973,37.99,77.25,0.0,103.343,8990100
2020-11-20,180,2020-03-10,2020-11-20,76.72,57.221,58.2646,134.0768,131.6753,37.99,77.25,-0.6861,101.9479,7609100
2020-11-23,180,2020-03-11,2020-11-23,80.5,57.319,58.3997,140.4421,137.8431,37.99,80.5,0.0,111.8979,8809800
2020-11-24,180,2020-03-12,2020-11-24,82.95,57.447,58.5689,144.394,141.628,37.99,82.95,0.0,118.3469,9542000
2020-11-25,180,2020-03-13,2020-11-25,81.14,57.628,58.7691,140.7996,138.0657,37.99,82.95,-2.182,113.5825,5518500
2020-11-27,180,2020-03-16,2020-11-27,82.66,57.7677,58.9456,143.0904,140.231,37.99,82.95,-0.3496,117.5836,3098200
2020-11-30,180,2020-03-17,2020-11-30,82.48,58.0013,59.1787,142.2037,139.3746,37.99,82.95,-0.5666,117.1098,7543100
2020-12-01,180,2020-03-18,2020-12-01,84.27,58.1968,59.3976,144.8018,141.8744,37.99,84.27,0.0,121.8215,7041400
2020-12-02,180,2020-03-19,2020-12-02,85.29,58.4576,59.6538,145.9007,142.975,37.99,85.29,0.0,124.5064,5272800
2020-12-03,180,2020-03-20,2020-12-03,86.1,58.7106,59.9088,146.6517,143.7184,37.99,86.1,0.0,126.6386,4825000
2020-12-04,180,2020-03-23,2020-12-04,88.84,59.0005,60.1913,150.575,147.596,40.17,88.84,0.0,121.1601,6876900
2020-12-07,180,2020-03-24,2020-12-07,89.14,59.2662,60.4634,150.4062,147.4281,42.28,89.14,0.0,110.8325,5524100
2020-12-08,180,2020-03-25,2020-12-08,89.75,59.4818,60.7112,150.8864,147.831,42.28,89.75,0.0,112.2753,4703000
2020-12-09,180,2020-03-26,2020-12-09,87.82,59.6982,60.9506,147.1066,144.0839,42.28,89.75,-2.1504,107.7105,7017800
2020-12-10,180,2020-03-27,2020-12-10,87.89,59.8759,61.1656,146.7869,143.692,42.28,89.75,-2.0724,107.8761,5731200
2020-12-11,180,2020-03-30,2020-12-11,88.3,60.0932,61.4058,146.9383,143.7974,42.28,89.75,-1.6156,108.8458,5776400
2020-12-14,180,2020-03-31,2020-12-14,88.5,60.2913,61.6347,146.7872,143.5879,42.28,89.75,-1.3928,109.3188,6425500
2020-12-15,180,2020-04-01,2020-12-15,88.47,60.5046,61.8717,146.2204,142.9895,42.28,89.75,-1.4262,109.2479,6179500
2020-12-16,180,2020-04-02,2020-12-16,88.55,60.7455,62.1231,145.772,142.5397,42.28,89.75,-1.337,109.4371,5808100
2020-12-17,180,2020-04-03,2020-12-17,87.5,60.9863,62.3689,143.4748,140.2942,42.28,89.75,-2.507,106.9536,5559400
2020-12-18,180,2020-04-06,2020-12-18,86.09,61.236,62.6123,140.5872,137.4969,46.15,89.75,-4.078,86.5439,14603100
2020-12-21,180,2020-04-07,2020-12-21,86.41,61.4471,62.836,140.6251,137.5167,46.89,89.75,-3.7214,84.2824,5226600
2020-12-22,180,2020-04-08,2020-12-22,85.64,61.6438,63.0476,138.9272,135.834,46.89,89.75,-4.5794,82.6402,3901200
2020-12-23,180,2020-04-09,2020-12-23,84.03,61.8032,63.2285,135.9638,132.8989,46.89,89.75,-6.3733,79.2067,4585900
2020-12-24,180,2020-04-13,2020-12-24,85.33,61.983,63.4271,137.6668,134.5325,46.89,89.75,-4.9248,81.9791,1409200
2020-12-28,180,2020-04-14,2020-12-28,84.87,62.1599,63.6214,136.535,133.3984,46.89,89.75,-5.4373,80.9981,3018300
2020-12-29,180,2020-04-15,2020-12-29,84.27,62.3147,63.7981,135.233,132.0885,46.89,89.75,-6.1059,79.7185,4518000
2020-12-30,180,2020-04-16,2020-12-30,86.98,62.4955,64.0015,139.1781,135.9031,46.89,89.75,-3.0863,85.498,6294300
2020-12-31,180,2020-04-17,2020-12-31,86.3,62.6599,64.1908,137.7276,134.443,46.89,89.75,-3.844,84.0478,5715900
2021-01-04,180,2020-04-20,2021-01-04,86.87,62.8192,64.3778,138.2857,134.9378,46.89,89.75,-3.2089,85.2634,8449900
2021-01-05,180,2020-04-21,2021-01-05,89.6,63.0081,64.5943,142.2039,138.7119,46.89,89.75,-0.1671,91.0855,6987200
2021-01-06,180,2020-04-22,2021-01-06,90.83,63.2224,64.8304,143.6675,140.1039,46.89,90.83,0.0,93.7087,9818000
2021-01-07,180,2020-04-23,2021-01-07,94.56,63.4143,65.0663,149.1147,145.3287,46.89,94.56,0.0,101.6635,8784100
2021-01-08,180,2020-04-24,2021-01-08,95.56,63.6201,65.3144,150.2042,146.3077,46.89,95.56,0.0,103.7961,9059700
2021-01-11,180,2020-04-27,2021-01-11,97.96,63.8258,65.5712,153.4803,149.3949,46.89,97.96,0.0,108.9145,8357500
2021-01-12,180,2020-04-28,2021-01-12,100.01,64.0437,65.8433,156.159,151.891,46.89,100.01,0.0,113.2864,7186100
2021-01-13,180,2020-04-29,2021-01-13,98.05,64.264,66.1079,152.5737,148.3182,46.89,100.01,-1.9598,109.1064,5310000
2021-01-14,180,2020-04-30,2021-01-14,105.8,64.47,66.3938,164.1073,159.3523,46.89,105.8,0.0,125.6345,11663000
2021-01-15,180,2020-05-01,2021-01-15,103.14,64.7119,66.6908,159.3835,154.6541,46.89,105.8,-2.5142,119.9616,8981200
2021-01-19,180,2020-05-04,2021-01-19,109.22,64.9962,67.0371,168.0405,162.9248,47.58,109.22,0.0,129.5502,9362200
2021-01-20,180,2020-05-05,2021-01-20,107.84,65.273,67.3718,165.2137,160.0669,48.85,109.22,-1.2635,120.7574,9926000
2021-01-21,180,2020-05-06,2021-01-21,107.97,65.5394,67.7003,164.7405,159.4824,50.5,109.22,-1.1445,113.802,7271400
2021-01-22,180,2020-05-07,2021-01-22,106.33,65.7885,68.0104,161.624,156.3436,51.25,109.22,-2.646,107.4732,6207600
2021-01-25,180,2020-05-08,2021-01-25,108.12,66.0362,68.3264,163.7284,158.2405,51.49,109.22,-1.0071,109.9825,8437500
2021-01-26,180,2020-05-11,2021-01-26,105.53,66.2576,68.6137,159.2723,153.8031,51.49,109.22,-3.3785,104.9524,6029800
2021-01-27,180,2020-05-12,2021-01-27,98.58,66.4624,68.8613,148.3245,143.1573,51.49,109.22,-9.7418,91.4546,9782700
2021-01-28,180,2020-05-13,2021-01-28,101.15,66.6895,69.1326,151.673,146.3131,51.49,109.22,-7.3888,96.4459,7433000
2021-01-29,180,2020-05-14,2021-01-29,96.68,66.9146,69.3836,144.4827,139.3413,52.04,109.22,-11.4814,85.7802,7943400
2021-02-01,180,2020-05-15,2021-02-01,101.21,67.1265,69.6435,150.7751,145.3258,52.04,109.22,-7.3338,94.485,9083600
2021-02-02,180,2020-05-18,2021-02-02,103.59,67.3667,69.9299,153.7703,148.1341,54.36,109.22,-5.1547,90.5629,5108600
2021-02-03,180,2020-05-19,2021-02-03,99.87,67.5787,70.1827,147.7832,142.3,54.39,109.22,-8.5607,83.6183,5399200
2021-02-04,180,2020-05-20,2021-02-04,103.24,67.791,70.4481,152.2915,146.5476,54.39,109.22,-5.4752,89.8143,6356300
2021-02-05,180,2020-05-21,2021-02-05,100.71,67.9869,70.6916,148.1314,142.4639,54.39,109.22,-7.7916,85.1627,6349300
2021-02-08,180,2020-05-22,2021-02-08,106.19,68.2126,70.9759,155.6751,149.6142,54.39,109.22,-2.7742,95.2381,6621400
2021-02-09,180,2020-05-26,2021-02-09,105.38,68.4433,71.2592,153.9668,147.8827,54.67,109.22,-3.5158,92.7565,5769200
2021-02-10,180,2020-05-27,2021-02-10,105.88,68.6703,71.5411,154.1861,147.9989,54.67,109.22,-3.0581,93.6711,5001700
2021-02-11,180,2020-05-28,2021-02-11,113.0,68.9037,71.8555,163.9969,157.2601,54.67,113.0,0.0,106.6947,12147100
2021-02-12,180,2020-05-29,2021-02-12,116.7,69.1611,72.2001,168.7364,161.6341,55.0,116.7,0.0,112.1818,8157500
2021-02-16,180,2020-06-01,2021-02-16,118.35,69.4105,72.5455,170.5073,163.139,55.0,118.35,0.0,115.1818,9260100
2021-02-17,180,2020-06-02,2021-02-17,115.71,69.6607,72.8789,166.1051,158.7701,55.0,118.35,-2.2307,110.3818,7225200
2021-02-18,180,2020-06-03,2021-02-18,113.43,69.9071,73.1992,162.2582,154.9608,55.0,118.35,-4.1572,106.2364,8239600
2021-02-19,180,2020-06-04,2021-02-19,119.46,70.1503,73.5417,170.2914,162.4385,55.0,119.46,0.0,117.2,21054100
2021-02-22,180,2020-06-05,2021-02-22,115.23,70.3842,73.8589,163.7158,156.0137,55.0,119.46,-3.5409,109.5091,7850600
2021-02-23,180,2020-06-08,2021-02-23,116.14,70.6051,74.1697,164.4923,156.5868,55.0,119.46,-2.7792,111.1636,9387900
2021-02-24,180,2020-06-09,2021-02-24,122.81,70.8428,74.5192,173.3557,164.8031,55.0,122.81,0.0,123.2909,10098100
2021-02-25,180,2020-06-10,2021-02-25,113.93,71.0651,74.82,160.3179,152.2721,55.0,122.81,-7.2307,107.1455,11352800
2021-02-26,180,2020-06-11,2021-02-26,118.19,71.2971,75.1441,165.771,157.2846,55.0,122.81,-3.7619,114.8909,11626500
2021-03-01,180,2020-06-12,2021-03-01,122.25,71.5769,75.5154,170.7953,161.8875,55.0,122.81,-0.456,122.2727,7003000
2021-03-02,180,2020-06-15,2021-03-02,117.5,71.8389,75.854,163.5603,154.9028,55.0,122.81,-4.3238,113.6364,6505000
2021-03-03,180,2020-06-16,2021-03-03,115.44,72.094,76.1784,160.1242,151.539,55.0,122.81,-6.0011,109.8909,7257100
2021-03-04,180,2020-06-17,2021-03-04,108.24,72.3212,76.4545,149.6656,141.5744,55.0,122.81,-11.8639,96.8,12433400
2021-03-05,180,2020-06-18,2021-03-05,113.45,72.5501,76.7514,156.3746,147.8148,55.0,122.81,-7.6215,106.2727,9962700
2021-03-08,180,2020-06-19,2021-03-08,105.68,72.7583,77.0031,145.248,137.2412,55.0,122.81,-13.9484,92.1455,12091500
2021-03-09,180,2020-06-22,2021-03-09,114.22,72.9841,77.2991,156.4999,147.7638,55.0,122.81,-6.9945,107.6727,12040800
2021-03-10,180,2020-06-23,2021-03-10,112.68,73.2051,77.5847,153.9237,145.2349,55.0,122.81,-8.2485,104.8727,8820300
2021-03-11,180,2020-06-24,2021-03-11,117.19,73.4411,77.8977,159.57,150.4409,55.0,122.81,-4.5762,113.0727,7715500
2021-03-12,180,2020-06-25,2021-03-12,114.29,73.6794,78.1995,155.118,146.1518,55.0,122.81,-6.9375,107.8,7426000
2021-03-15,180,2020-06-26,2021-03-15,114.88,73.9205,78.5045,155.4103,146.3356,55.0,122.81,-6.4571,108.8727,7061200
2021-03-16,180,2020-06-29,2021-03-16,118.5,74.1852,78.8385,159.7353,150.3073,55.0,122.81,-3.5095,115.4545,10383000
2021-03-17,180,2020-06-30,2021-03-17,119.9,74.4488,79.1765,161.0502,151.4338,55.0,122.81,-2.3695,118.0,8342600
2021-03-18,180,2020-07-01,2021-03-18,114.28,74.6896,79.4756,153.0067,143.7926,55.0,122.81,-6.9457,107.7818,9040500
2021-03-19,180,2020-07-02,2021-03-19,114.86,74.9399,79.7821,153.2695,143.9671,55.0,122.81,-6.4734,108.8364,13044700
2021-03-22,180,2020-07-06,2021-03-22,119.33,75.1907,80.1062,158.7031,148.9648,55.0,122.81,-2.8336,116.9636,11318700
2021-03-23,180,2020-07-07,2021-03-23,116.38,75.4165,80.4002,154.3164,144.7509,55.0,122.81,-5.2357,111.6,8263800
2021-03-24,180,2020-07-08,2021-03-24,121.1,75.6645,80.7275,160.0486,150.0108,55.0,122.81,-1.3924,120.1818,20252500
2021-03-25,180,2020-07-09,2021-03-25,119.72,75.9063,81.0439,157.7207,147.7224,55.0,122.81,-2.5161,117.6727,10381600
2021-03-26,180,2020-07-10,2021-03-26,128.64,76.1625,81.4058,168.902,158.0231,55.0,128.64,0.0,133.8909,14037000
2021-03-29,180,2020-07-13,2021-03-29,125.71,76.4219,81.7565,164.4947,153.7615,55.0,128.64,-2.2777,128.5636,10539600
2021-03-30,180,2020-07-14,2021-03-30,126.76,76.6944,82.119,165.2793,154.3614,55.0,128.64,-1.4614,130.4727,7970900
2021-03-31,180,2020-07-15,2021-03-31,133.6,76.9734,82.5138,173.5666,161.9124,55.0,133.6,0.0,142.9091,18589500
2021-04-01,180,2020-07-16,2021-04-01,141.52,77.272,82.955,183.1453,170.5985,55.0,141.52,0.0,157.3091,15929200
2021-04-05,180,2020-07-17,2021-04-05,143.05,77.5734,83.4034,184.4061,171.5158,55.0,143.05,0.0,160.0909,14377400
2021-04-06,180,2020-07-20,2021-04-06,139.54,77.8715,83.8325,179.1925,166.451,55.0,143.05,-2.4537,153.7091,18004800
2021-04-07,180,2020-07-21,2021-04-07,139.14,78.1591,84.2514,178.0215,165.1485,55.0,143.05,-2.7333,152.9818,13702700
2021-04-08,180,2020-07-22,2021-04-08,139.35,78.4485,84.6711,177.6325,164.578,55.0,143.05,-2.5865,153.3636,10238000
2021-04-09,180,2020-07-23,2021-04-09,138.91,78.7358,85.0861,176.4255,163.2582,55.0,143.05,-2.8941,152.5636,9637200
2021-04-12,180,2020-07-24,2021-04-12,135.0,79.023,85.4826,170.8364,157.927,55.0,143.05,-5.6274,145.4545,11147500
2021-04-13,180,2020-07-27,2021-04-13,135.1,79.3397,85.8963,170.2804,157.2826,55.0,143.05,-5.5575,145.6364,8034300
2021-04-14,180,2020-07-28,2021-04-14,134.14,79.6351,86.2915,168.4432,155.4498,55.0,143.05,-6.2286,143.8909,8134200
2021-04-15,180,2020-07-29,2021-04-15,134.41,79.9397,86.6921,168.1392,155.0429,55.0,143.05,-6.0398,144.3818,8269400
2021-04-16,180,2020-07-30,2021-04-16,133.73,80.2366,87.0837,166.6695,153.565,55.0,143.05,-6.5152,143.1454,7686300
2021-04-19,180,2020-07-31,2021-04-19,130.89,80.5196,87.4529,162.5568,149.6691,55.0,143.05,-8.5005,137.9818,12826400
2021-04-20,180,2020-08-03,2021-04-20,128.59,80.8003,87.8099,159.1454,146.4413,55.0,143.05,-10.1084,133.8,7583300
2021-04-21,180,2020-08-04,2021-04-21,135.05,81.0907,88.1991,166.5418,153.1196,55.0,143.05,-5.5925,145.5455,12108800
2021-04-22,180,2020-08-05,2021-04-22,131.75,81.3778,88.5707,161.8992,148.7512,55.0,143.05,-7.8993,139.5455,11483500
2021-04-23,180,2020-08-06,2021-04-23,134.86,81.6732,88.9596,165.1215,151.597,55.0,143.05,-5.7253,145.2,8079100
2021-04-26,180,2020-08-07,2021-04-26,137.3,81.9871,89.3689,167.4654,153.6328,55.0,143.05,-4.0196,149.6364,7927200
2021-04-27,180,2020-08-10,2021-04-27,136.78,82.3027,89.7757,166.1914,152.3575,55.0,143.05,-4.3831,148.6909,5767400
2021-04-28,180,2020-08-11,2021-04-28,135.69,82.6033,90.1671,164.2671,150.4873,55.0,143.05,-5.1451,146.7091,6172700
2021-04-29,180,2020-08-12,2021-04-29,135.39,82.9125,90.5611,163.2926,149.5013,55.0,143.05,-5.3548,146.1636,6668400
2021-04-30,180,2020-08-13,2021-04-30,132.71,83.2001,90.9289,159.5071,145.9491,55.0,143.05,-7.2282,141.2909,8691800
2021-05-03,180,2020-08-14,2021-05-03,132.85,83.5027,91.3055,159.0967,145.5006,55.0,143.05,-7.1304,141.5455,7750200
2021-05-04,180,2020-08-17,2021-05-04,128.72,83.7755,91.6449,153.6487,140.4551,55.0,143.05,-10.0175,134.0364,14199100
2021-05-05,180,2020-08-18,2021-05-05,130.29,84.0597,91.9969,154.997,141.6243,55.0,143.05,-8.92,136.8909,7276600
2021-05-06,180,2020-08-19,2021-05-06,131.73,84.3536,92.3597,156.164,142.6272,55.0,143.05,-7.9133,139.5091,7270500
2021-05-07,180,2020-08-20,2021-05-07,132.95,84.6575,92.7323,157.0445,143.3696,55.0,143.05,-7.0605,141.7273,7524800
2021-05-10,180,2020-08-21,2021-05-10,124.69,84.9635,93.0707,146.7572,133.9735,55.0,143.05,-12.8347,126.7091,10471500
2021-05-11,180,2020-08-24,2021-05-11,123.55,85.2841,93.4111,144.8687,132.2648,55.0,143.05,-13.6316,124.6364,15287800
2021-05-12,180,2020-08-25,2021-05-12,114.88,85.5673,93.6952,134.257,122.6103,55.0,143.05,-19.6924,108.8727,18648200
2021-05-13,180,2020-08-26,2021-05-13,119.92,85.8642,94.0056,139.6625,127.5669,55.0,143.05,-16.1692,118.0364,14228000
2021-05-14,180,2020-08-27,2021-05-14,124.83,86.1796,94.3449,144.8487,132.3124,55.0,143.05,-12.7368,126.9636,12422300
2021-05-17,180,2020-08-28,2021-05-17,123.57,86.5121,94.6868,142.8354,130.504,55.0,143.05,-13.6176,124.6727,9379000
2021-05-18,180,2020-08-31,2021-05-18,121.81,86.8312,95.0131,140.2836,128.2034,55.0,143.05,-14.848,121.4727,7536700
2021-05-19,180,2020-09-01,2021-05-19,124.8,87.1769,95.3642,143.1571,130.8667,55.0,143.05,-12.7578,126.9091,10424200
2021-05-20,180,2020-09-02,2021-05-20,130.31,87.5366,95.7443,148.8634,136.102,55.0,143.05,-8.906,136.9273,18239800
2021-05-21,180,2020-09-03,2021-05-21,128.66,87.8611,96.0976,146.4357,133.8848,55.0,143.05,-10.0594,133.9273,14252400
2021-05-24,180,2020-09-04,2021-05-24,134.58,88.2418,96.5038,152.5127,139.4557,55.0,143.05,-5.921,144.6909,11405600
2021-05-25,180,2020-09-08,2021-05-25,137.5,88.6386,96.929,155.1242,141.8564,55.0,143.05,-3.8798,150.0,12721000
2021-05-26,180,2020-09-09,2021-05-26,136.9,89.1069,97.3805,153.6357,140.5826,55.0,143.05,-4.2992,148.9091,10577900
2021-05-27,180,2020-09-10,2021-05-27,137.82,89.5885,97.8395,153.8367,140.8634,55.0,143.05,-3.6561,150.5818,10623400
2021-05-28,180,2020-09-11,2021-05-28,138.13,90.0773,98.3007,153.346,140.5179,55.0,143.05,-3.4394,151.1455,7186300
2021-06-01,180,2020-09-14,2021-06-01,138.21,90.5735,98.7629,152.5944,139.9412,56.15,143.05,-3.3834,146.1443,8839300
2021-06-02,180,2020-09-15,2021-06-02,139.01,91.0554,99.2216,152.6653,140.1006,56.15,143.05,-2.8242,147.569,6401200
2021-06-03,180,2020-09-16,2021-06-03,136.38,91.5253,99.6614,149.0079,136.8433,56.15,143.05,-4.6627,142.8851,8191900
2021-06-04,180,2020-09-17,2021-06-04,139.85,92.0193,100.1247,151.9789,139.6759,56.15,143.05,-2.237,149.065,6662800
2021-06-07,180,2020-09-18,2021-06-07,138.97,92.5185,100.5837,150.2078,138.1635,56.15,143.05,-2.8522,147.4978,5943100
2021-06-08,180,2020-09-21,2021-06-08,135.86,93.018,101.0266,146.0577,134.4795,57.25,143.05,-5.0262,137.31,8129200
2021-06-09,180,2020-09-22,2021-06-09,134.65,93.5022,101.4562,144.0073,132.7174,57.25,143.05,-5.8721,135.1965,6887800
2021-06-10,180,2020-09-23,2021-06-10,137.16,93.9896,101.8966,145.9311,134.6071,57.25,143.05,-4.1174,139.5808,6163000
2021-06-11,180,2020-09-24,2021-06-11,136.82,94.4908,102.3386,144.7972,133.6934,57.32,143.05,-4.3551,138.6951,6077700
2021-06-14,180,2020-09-25,2021-06-14,139.03,94.995,102.7899,146.355,135.2564,57.32,143.05,-2.8102,142.5506,6062900
2021-06-15,180,2020-09-28,2021-06-15,138.64,95.497,103.2367,145.1773,134.2934,57.32,143.05,-3.0828,141.8702,6059300
2021-06-16,180,2020-09-29,2021-06-16,136.98,95.9831,103.6679,142.7126,132.1335,57.32,143.05,-4.2433,138.9742,8030400
2021-06-17,180,2020-09-30,2021-06-17,137.32,96.4709,104.0994,142.3434,131.9124,57.32,143.05,-4.0056,139.5674,7690300
2021-06-18,180,2020-10-01,2021-06-18,131.23,96.949,104.4982,135.3599,125.5811,57.32,143.05,-8.2628,128.9428,13258400
2021-06-21,180,2020-10-02,2021-06-21,133.05,97.4197,104.9004,136.574,126.8346,57.32,143.05,-6.9906,132.1179,5984000
2021-06-22,180,2020-10-05,2021-06-22,133.44,97.9331,105.3183,136.2563,126.7016,57.32,143.05,-6.7179,132.7983,5680900
2021-06-23,180,2020-10-06,2021-06-23,135.5,98.4215,105.7344,137.6731,128.1512,57.32,143.05,-5.2779,136.3922,6327400
2021-06-24,180,2020-10-07,2021-06-24,138.26,98.9259,106.167,139.7612,130.2288,57.32,143.05,-3.3485,141.2072,6374100
2021-06-25,180,2020-10-08,2021-06-25,136.19,99.4186,106.5841,136.9864,127.7771,57.32,143.05,-4.7955,137.596,7276700
2021-06-28,180,2020-10-09,2021-06-28,140.99,99.9087,107.0196,141.1188,131.7423,57.32,143.05,-1.4401,145.97,6984400
2021-06-29,180,2020-10-12,2021-06-29,141.92,100.3966,107.4564,141.3594,132.0722,57.32,143.05,-0.7899,147.5925,5340500
2021-06-30,180,2020-10-13,2021-06-30,142.4,100.8713,107.8882,141.17,131.9885,57.32,143.05,-0.4544,148.4299,5963400
2021-07-01,180,2020-10-14,2021-07-01,137.95,101.3375,108.2952,136.1292,127.3833,57.32,143.05,-3.5652,140.6664,7693500
2021-07-02,180,2020-10-15,2021-07-02,138.16,101.8186,108.7073,135.6923,127.0936,57.32,143.05,-3.4184,141.0328,5299600
2021-07-06,180,2020-10-16,2021-07-06,136.78,102.3067,109.1143,133.6961,125.3547,57.32,143.05,-4.3831,138.6253,7432600
2021-07-07,180,2020-10-19,2021-07-07,134.87,102.8009,109.5136,131.1953,123.1536,57.32,143.05,-5.7183,135.2931,5956800
2021-07-08,180,2020-10-20,2021-07-08,132.53,103.3066,109.9052,128.2881,120.5858,57.32,143.05,-7.3541,131.2107,7770900
2021-07-09,180,2020-10-21,2021-07-09,134.9,103.8219,110.3087,129.934,122.2931,57.32,143.05,-5.6973,135.3454,5762900
2021-07-12,180,2020-10-22,2021-07-12,136.8,104.351,110.7237,131.096,123.5508,57.32,143.05,-4.3691,138.6602,5459600
2021-07-13,180,2020-10-23,2021-07-13,136.29,104.8904,111.1381,129.9357,122.6313,57.32,143.05,-4.7256,137.7704,4950600
2021-07-14,180,2020-10-26,2021-07-14,135.65,105.4455,111.5531,128.6446,121.6013,57.32,143.05,-5.173,136.6539,5982300
2021-07-15,180,2020-10-27,2021-07-15,133.2,106.0229,111.9624,125.6332,118.9685,57.32,143.05,-6.8857,132.3796,7057900
2021-07-16,180,2020-10-28,2021-07-16,128.18,106.6004,112.3477,120.2435,114.0922,57.32,143.05,-10.395,123.6218,8190600
2021-07-19,180,2020-10-29,2021-07-19,128.62,107.2144,112.7438,119.9652,114.0816,59.23,143.05,-10.0874,117.1535,8934000
2021-07-20,180,2020-10-30,2021-07-20,131.97,107.8071,113.1464,122.4131,116.6365,59.23,143.05,-7.7455,122.8094,7417600
2021-07-21,180,2020-11-02,2021-07-21,138.0,108.4329,113.5841,127.2676,121.4959,60.33,143.05,-3.5302,128.7419,6434100
2021-07-22,180,2020-11-03,2021-07-22,137.18,109.0429,114.011,125.8037,120.3217,61.83,143.05,-4.1035,121.8664,5564000
2021-07-23,180,2020-11-04,2021-07-23,138.43,109.6373,114.4366,126.2618,120.9666,64.86,143.05,-3.2296,113.4289,4345600
2021-07-26,180,2020-11-05,2021-07-26,138.48,110.1874,114.8456,125.6768,120.5793,69.39,143.05,-3.1947,99.5677,4638200
2021-07-27,180,2020-11-06,2021-07-27,134.9,110.6537,115.2064,121.9119,117.0942,69.39,143.05,-5.6973,94.4084,6344100
2021-07-28,180,2020-11-09,2021-07-28,137.21,111.1243,115.5768,123.4743,118.7176,69.39,143.05,-4.0825,97.7374,5041900
2021-07-29,180,2020-11-10,2021-07-29,137.5,111.5895,115.9446,123.2194,118.5911,69.39,143.05,-3.8798,98.1554,5382600
2021-07-30,180,2020-11-11,2021-07-30,139.93,112.0944,116.3365,124.8323,120.2804,69.8,143.05,-2.1811,100.4728,8556400
2021-08-02,180,2020-11-12,2021-08-02,142.01,112.5859,116.7301,126.1347,121.6567,69.8,143.05,-0.727,103.4527,10230600
2021-08-03,180,2020-11-13,2021-08-03,142.16,113.1018,117.1321,125.692,121.3672,72.81,143.05,-0.6222,95.2479,5589600
2021-08-04,180,2020-11-16,2021-08-04,142.76,113.5821,117.5207,125.6888,121.4764,74.37,143.05,-0.2027,91.9591,5434600
2021-08-05,180,2020-11-17,2021-08-05,142.27,114.0425,117.8973,124.7518,120.6728,74.37,143.05,-0.5453,91.3003,4282200
2021-08-06,180,2020-11-18,2021-08-06,142.65,114.5094,118.2767,124.5749,120.607,75.71,143.05,-0.2796,88.4163,3843300
2021-08-09,180,2020-11-19,2021-08-09,142.0,114.9604,118.6449,123.5208,119.6848,76.72,143.05,-0.734,85.0886,4026600
2021-08-10,180,2020-11-20,2021-08-10,138.06,115.3805,118.9828,119.6562,116.0336,76.72,143.05,-3.4883,79.9531,6403900
2021-08-11,180,2020-11-23,2021-08-11,134.82,115.7975,119.3056,116.4274,113.004,80.5,143.05,-5.7532,67.4783,9630600
2021-08-12,180,2020-11-24,2021-08-12,129.22,116.1474,119.5762,111.2551,108.065,81.14,143.05,-9.6679,59.2556,12962600
2021-08-13,180,2020-11-25,2021-08-13,129.9,116.4749,119.8371,111.5262,108.3972,81.14,143.05,-9.1926,60.0937,8812400
2021-08-16,180,2020-11-27,2021-08-16,131.69,116.8326,120.1179,112.7169,109.634,82.48,143.05,-7.9413,59.6629,10412000
2021-08-17,180,2020-11-30,2021-08-17,128.8,117.1621,120.3742,109.9331,106.9997,82.48,143.05,-9.9616,56.1591,8208400
2021-08-18,180,2020-12-01,2021-08-18,127.37,117.4889,120.6236,108.4102,105.5929,84.03,143.05,-10.9612,51.5768,6768800
2021-08-19,180,2020-12-02,2021-08-19,129.2,117.8062,120.8732,109.6716,106.8888,84.03,143.05,-9.6819,53.7546,9020200
2021-08-20,180,2020-12-03,2021-08-20,127.2,118.1048,121.1061,107.7009,105.0319,84.03,143.05,-11.08,51.3745,13707600
2021-08-23,180,2020-12-04,2021-08-23,131.49,118.4163,121.3582,111.0404,108.3487,84.03,143.05,-8.0811,56.4798,7710700
2021-08-24,180,2020-12-07,2021-08-24,131.44,118.7012,121.5949,110.7318,108.0967,84.03,143.05,-8.116,56.4203,6356600
2021-08-25,180,2020-12-08,2021-08-25,132.82,118.9907,121.8376,111.6222,109.014,84.03,143.05,-7.1513,58.0626,6735100
2021-08-26,180,2020-12-09,2021-08-26,132.49,119.2741,122.075,111.0803,108.5316,84.03,143.05,-7.382,57.6699,3958700
2021-08-27,180,2020-12-10,2021-08-27,136.55,119.5961,122.3457,114.1759,111.61,84.03,143.05,-4.5439,62.5015,8413900
2021-08-30,180,2020-12-11,2021-08-30,136.05,119.917,122.6133,113.4534,110.9586,84.03,143.05,-4.8934,61.9065,4617700
2021-08-31,180,2020-12-14,2021-08-31,135.13,120.2314,122.8734,112.3916,109.9749,84.03,143.05,-5.5365,60.8116,5586000
2021-09-01,180,2020-12-15,2021-09-01,133.46,120.5379,123.1232,110.7204,108.3955,84.03,143.05,-6.7039,58.8242,6260300
2021-09-02,180,2020-12-16,2021-09-02,134.45,120.8507,123.3787,111.2529,108.9735,84.03,143.05,-6.0119,60.0024,5142200
2021-09-03,180,2020-12-17,2021-09-03,135.83,121.1705,123.6413,112.0982,109.8581,84.03,143.05,-5.0472,61.6447,4836000
2021-09-07,180,2020-12-18,2021-09-07,136.49,121.506,123.9135,112.3319,110.1494,84.03,143.05,-4.5858,62.4301,5550400
2021-09-08,180,2020-12-21,2021-09-08,133.56,121.8456,124.1772,109.6141,107.556,84.03,143.05,-6.634,58.9432,7440600
2021-09-09,180,2020-12-22,2021-09-09,135.0,122.1901,124.4472,110.4835,108.4798,84.03,143.05,-5.6274,60.6569,6808600
2021-09-10,180,2020-12-23,2021-09-10,136.84,122.5536,124.7316,111.6573,109.7076,84.03,143.05,-4.3411,62.8466,9054700
2021-09-13,180,2020-12-24,2021-09-13,139.44,122.9495,125.0394,113.4124,111.5168,84.27,143.05,-2.5236,65.4681,8507600
2021-09-14,180,2020-12-28,2021-09-14,140.14,123.3356,125.3439,113.6249,111.8044,84.27,143.05,-2.0343,66.2988,8073200
2021-09-15,180,2020-12-29,2021-09-15,141.23,123.7343,125.6571,114.1398,112.3932,84.27,143.05,-1.2723,67.5923,6103200
2021-09-16,180,2020-12-30,2021-09-16,144.09,124.1547,125.9894,116.0568,114.3668,86.3,144.09,0.0,66.9641,8467300
2021-09-17,180,2020-12-31,2021-09-17,140.8,124.5322,126.2884,113.0631,111.4909,86.3,144.09,-2.2833,63.1518,10884400
2021-09-20,180,2021-01-04,2021-09-20,135.53,124.8959,126.5619,108.5144,107.0859,86.87,144.09,-5.9407,56.0147,8822500
2021-09-21,180,2021-01-05,2021-09-21,135.18,125.2534,126.8303,107.9252,106.5834,89.6,144.09,-6.1836,50.8705,5782200
2021-09-22,180,2021-01-06,2021-09-22,138.1,125.596,127.0997,109.9557,108.6548,90.83,144.09,-4.1571,52.0423,6344300
2021-09-23,180,2021-01-07,2021-09-23,141.11,125.9407,127.3791,112.0448,110.7796,94.56,144.09,-2.0681,49.228,5620700
2021-09-24,180,2021-01-08,2021-09-24,141.92,126.2525,127.6422,112.4097,111.1858,95.56,144.09,-1.506,48.514,3729900
2021-09-27,180,2021-01-11,2021-09-27,142.74,126.5595,127.9043,112.7849,111.5991,96.68,144.09,-0.9369,47.6417,5248600
2021-09-28,180,2021-01-12,2021-09-28,132.89,126.7987,128.0983,104.8039,103.7406,96.68,144.09,-7.7729,37.4535,12873900
2021-09-29,180,2021-01-13,2021-09-29,128.27,126.9958,128.2553,101.0033,100.0114,96.68,144.09,-10.9792,32.6748,10730100
2021-09-30,180,2021-01-14,2021-09-30,128.73,127.214,128.4258,101.1917,100.2369,96.68,144.09,-10.66,33.1506,7329800
2021-10-01,180,2021-01-15,2021-10-01,129.13,127.3677,128.5554,101.3837,100.447,96.68,144.09,-10.3824,33.5643,6459200
2021-10-04,180,2021-01-19,2021-10-04,125.2,127.5218,128.6779,98.1793,97.2972,96.68,144.09,-13.1099,29.4994,9549500
2021-10-05,180,2021-01-20,2021-10-05,128.07,127.6437,128.7827,100.334,99.4466,96.68,144.09,-11.118,32.4679,7330400
2021-10-06,180,2021-01-21,2021-10-06,126.52,127.7677,128.8864,99.0234,98.1639,96.68,144.09,-12.1938,30.8647,7388700
2021-10-07,180,2021-01-22,2021-10-07,127.88,127.8986,128.9971,99.9854,99.134,96.68,144.09,-11.2499,32.2714,5761300
2021-10-08,180,2021-01-25,2021-10-08,126.22,128.0335,129.1076,98.5836,97.7635,96.68,144.09,-12.402,30.5544,6300500
2021-10-11,180,2021-01-26,2021-10-11,127.5,128.1616,129.2152,99.4838,98.6726,96.68,144.09,-11.5136,31.8784,5472000
2021-10-12,180,2021-01-27,2021-10-12,126.76,128.3066,129.3332,98.7946,98.0104,96.68,144.09,-12.0272,31.113,7637900
2021-10-13,180,2021-01-28,2021-10-13,128.21,128.5214,129.4978,99.7577,99.0056,96.68,144.09,-11.0209,32.6128,4950600
2021-10-14,180,2021-01-29,2021-10-14,132.07,128.7341,129.6696,102.5913,101.8512,96.68,144.09,-8.342,36.6053,7947600
2021-10-15,180,2021-02-01,2021-10-15,131.59,128.9873,129.8635,102.0178,101.3295,99.87,144.09,-8.6751,31.7613,4826600
2021-10-18,180,2021-02-02,2021-10-18,133.28,129.2074,130.0417,103.152,102.4902,99.87,144.09,-7.5023,33.4535,4208500
2021-10-19,180,2021-02-03,2021-10-19,134.6,129.414,130.2139,104.0073,103.3684,99.87,144.09,-6.5862,34.7752,3694300
2021-10-20,180,2021-02-04,2021-10-20,133.98,129.6516,130.4034,103.3385,102.7427,100.71,144.09,-7.0164,33.0354,4619000
2021-10-21,180,2021-02-05,2021-10-21,133.34,129.8561,130.5707,102.6829,102.1209,100.71,144.09,-7.4606,32.4,5611000
2021-10-22,180,2021-02-08,2021-10-22,135.93,130.0976,130.7663,104.4831,103.9488,105.38,144.09,-5.6631,28.9903,10744900
2021-10-25,180,2021-02-09,2021-10-25,135.76,130.2908,130.9306,104.1977,103.6885,105.38,144.09,-5.7811,28.829,4005600
2021-10-26,180,2021-02-10,2021-10-26,132.0,130.4715,131.0785,101.1715,100.703,105.68,144.09,-8.3906,24.9054,7864600
2021-10-27,180,2021-02-11,2021-10-27,132.16,130.6494,131.2245,101.1563,100.7129,105.68,144.09,-8.2795,25.0568,7837600
2021-10-28,180,2021-02-12,2021-10-28,136.02,130.7915,131.3524,103.9976,103.5535,105.68,144.09,-5.6007,28.7093,6391700
2021-10-29,180,2021-02-16,2021-10-29,136.65,130.9105,131.4632,104.3843,103.9454,105.68,144.09,-5.1634,29.3054,5715300
2021-11-01,180,2021-02-17,2021-11-01,139.51,131.0327,131.5808,106.4696,106.0261,105.68,144.09,-3.1786,32.0117,5329000
2021-11-02,180,2021-02-18,2021-11-02,141.21,131.1817,131.7224,107.6446,107.2027,105.68,144.09,-1.9987,33.6204,4822900
2021-11-03,180,2021-02-19,2021-11-03,142.75,131.355,131.8853,108.6749,108.238,105.68,144.09,-0.93,35.0776,4117500
2021-11-04,180,2021-02-22,2021-11-04,150.13,131.5192,132.0557,114.1507,113.6869,105.68,150.13,0.0,42.0609,9272800
2021-11-05,180,2021-02-23,2021-11-05,153.29,131.7266,132.2672,116.3699,115.8942,105.68,153.29,0.0,45.0511,7706800
2021-11-08,180,2021-02-24,2021-11-08,152.96,131.9267,132.4717,115.9432,115.4662,105.68,153.29,-0.2153,44.7388,5878500
2021-11-09,180,2021-02-25,2021-11-09,156.29,132.0955,132.6577,118.3159,117.8145,105.68,156.29,0.0,47.8898,7274600
2021-11-10,180,2021-02-26,2021-11-10,150.4,132.3022,132.8603,113.6791,113.2016,105.68,156.29,-3.7686,42.3164,7149500
2021-11-11,180,2021-03-01,2021-11-11,153.9,132.4934,133.0587,116.1568,115.6632,105.68,156.29,-1.5292,45.6283,5061000
2021-11-12,180,2021-03-02,2021-11-12,156.82,132.6695,133.2508,118.2035,117.6879,105.68,156.82,0.0,48.3914,5778600
2021-11-15,180,2021-03-03,2021-11-15,156.27,132.8763,133.4662,117.6057,117.0859,105.68,156.82,-0.3507,47.8709,7304300
2021-11-16,180,2021-03-04,2021-11-16,157.86,133.105,133.7018,118.5981,118.0687,105.68,157.86,0.0,49.3755,6200700
2021-11-17,180,2021-03-05,2021-11-17,155.98,133.3839,133.9671,116.9407,116.4316,105.68,157.86,-1.1909,47.5965,5759200
2021-11-18,180,2021-03-08,2021-11-18,158.74,133.6329,134.2187,118.7881,118.2697,105.68,158.74,0.0,50.2082,9929500
2021-11-19,180,2021-03-09,2021-11-19,150.03,133.911,134.4651,112.0371,111.5755,112.68,158.74,-5.487,33.147,16028700
2021-11-22,180,2021-03-10,2021-11-22,147.55,134.1083,134.6502,110.023,109.5802,112.68,158.74,-7.0493,30.946,9029100
2021-11-23,180,2021-03-11,2021-11-23,148.92,134.3244,134.8516,110.8659,110.4325,114.28,158.74,-6.1862,30.3115,7254500
2021-11-24,180,2021-03-12,2021-11-24,149.01,134.5073,135.0283,110.782,110.3546,114.28,158.74,-6.1295,30.3903,6185900
2021-11-26,180,2021-03-15,2021-11-26,143.29,134.6856,135.1894,106.3885,105.992,114.28,158.74,-9.7329,25.385,7334100
2021-11-29,180,2021-03-16,2021-11-29,151.22,134.8967,135.3913,112.1006,111.691,114.28,158.74,-4.7373,32.3241,9932300
2021-11-30,180,2021-03-17,2021-11-30,147.19,135.0632,135.5507,108.9786,108.5867,114.28,158.74,-7.2761,28.7977,13505800
2021-12-01,180,2021-03-18,2021-12-01,151.67,135.2405,135.7272,112.1484,111.7462,114.28,158.74,-4.4538,32.7179,14372000
2021-12-02,180,2021-03-19,2021-12-02,146.49,135.4363,135.9062,108.1616,107.7876,114.86,158.74,-7.717,27.5379,9573200
2021-12-03,180,2021-03-22,2021-12-03,145.83,135.625,136.0782,107.5245,107.1663,114.88,158.74,-8.1328,26.9412,7768000
2021-12-06,180,2021-03-23,2021-12-06,147.38,135.7881,136.2341,108.5367,108.1815,114.88,158.74,-7.1564,28.2904,8579700
2021-12-07,180,2021-03-24,2021-12-07,156.89,136.0158,136.4591,115.3469,114.9722,114.88,158.74,-1.1654,36.5686,10514900
2021-12-08,180,2021-03-25,2021-12-08,157.29,136.2114,136.6602,115.475,115.0957,114.88,158.74,-0.9135,36.9168,6582400
2021-12-09,180,2021-03-26,2021-12-09,152.65,136.3973,136.8431,111.9157,111.5511,114.88,158.74,-3.8365,32.8778,5420000
2021-12-10,180,2021-03-29,2021-12-10,152.73,136.5242,136.9769,111.8703,111.5005,114.88,158.74,-3.7861,32.9474,5291900
2021-12-13,180,2021-03-30,2021-12-13,147.1,136.6441,137.0958,107.652,107.2973,114.88,158.74,-7.3327,28.0467,6202500
2021-12-14,180,2021-03-31,2021-12-14,147.73,136.7603,137.2123,108.0211,107.6653,114.88,158.74,-6.9359,28.5951,5691500
2021-12-15,180,2021-04-01,2021-12-15,153.66,136.8619,137.3237,112.2737,111.8962,114.88,158.74,-3.2002,33.757,6883000
2021-12-16,180,2021-04-05,2021-12-16,146.7,136.8879,137.3525,107.168,106.8055,114.88,158.74,-7.5847,27.6985,7155900
2021-12-17,180,2021-04-06,2021-12-17,146.15,136.9033,137.3697,106.7541,106.3917,114.88,158.74,-7.9312,27.2197,9334700
2021-12-20,180,2021-04-07,2021-12-20,145.01,136.9315,137.4001,105.8997,105.5385,114.88,158.74,-8.6494,26.2274,4653400
2021-12-21,180,2021-04-08,2021-12-21,151.42,136.9922,137.4683,110.5318,110.149,114.88,158.74,-4.6113,31.8071,5986900
2021-12-22,180,2021-04-09,2021-12-22,152.32,137.056,137.5404,111.1371,110.7457,114.88,158.74,-4.0443,32.5905,4293700
2021-12-23,180,2021-04-12,2021-12-23,155.49,137.1361,137.6325,113.3837,112.9748,114.88,158.74,-2.0474,35.3499,4625500
2021-12-27,180,2021-04-13,2021-12-27,162.72,137.2681,137.7865,118.5417,118.0958,114.88,162.72,0.0,41.6435,6416500
2021-12-28,180,2021-04-14,2021-12-28,159.64,137.3873,137.9228,116.197,115.7459,114.88,162.72,-1.8928,38.9624,5834300
2021-12-29,180,2021-04-15,2021-12-29,160.98,137.5178,138.0719,117.0612,116.5914,114.88,162.72,-1.0693,40.1288,4654400
2021-12-30,180,2021-04-16,2021-12-30,157.98,137.6345,138.2029,114.7823,114.3102,114.88,162.72,-2.913,37.5174,4171400
2021-12-31,180,2021-04-19,2021-12-31,157.36,137.7528,138.3342,114.2336,113.7535,114.88,162.72,-3.294,36.9777,3594300
2022-01-03,180,2021-04-20,2022-01-03,159.93,137.8992,138.4955,115.976,115.4767,114.88,162.72,-1.7146,39.2148,5363900
2022-01-04,180,2021-04-21,2022-01-04,158.36,138.0538,138.6609,114.7089,114.2067,114.88,162.72,-2.6794,37.8482,6947000
2022-01-05,180,2021-04-22,2022-01-05,153.74,138.1492,138.7647,111.2855,110.7919,114.88,162.72,-5.5187,33.8266,6840100
2022-01-06,180,2021-04-23,2022-01-06,156.34,138.2759,138.9013,113.0638,112.5547,114.88,162.72,-3.9208,36.0898,6576000
2022-01-07,180,2021-04-26,2022-01-07,150.81,138.3592,138.9899,108.9989,108.5043,114.88,162.72,-7.3193,31.2761,6335700
2022-01-10,180,2021-04-27,2022-01-10,149.59,138.4229,139.0582,108.0674,107.5736,114.88,162.72,-8.0691,30.2141,9683900
2022-01-11,180,2021-04-28,2022-01-11,152.45,138.5029,139.1453,110.0699,109.5617,114.88,162.72,-6.3115,32.7037,6824400
2022-01-12,180,2021-04-29,2022-01-12,159.55,138.6205,139.2778,115.0984,114.5552,114.88,162.72,-1.9481,38.8841,10379800
2022-01-13,180,2021-04-30,2022-01-13,157.18,138.7299,139.3989,113.2993,112.7556,114.88,162.72,-3.4046,36.821,12553600
2022-01-14,180,2021-05-03,2022-01-14,167.0,138.8955,139.5894,120.2343,119.6366,114.88,167.0,0.0,45.3691,11437300
2022-01-18,180,2021-05-04,2022-01-18,152.36,138.9989,139.6978,109.6124,109.064,114.88,167.0,-8.7665,32.6254,12417000
2022-01-19,180,2021-05-05,2022-01-19,143.07,139.0826,139.7775,102.867,102.3555,114.88,167.0,-14.3293,24.5387,12929000
2022-01-20,180,2021-05-06,2022-01-20,139.15,139.1351,139.8267,100.0107,99.516,114.88,167.0,-16.6767,21.1264,10573800
2022-01-21,180,2021-05-07,2022-01-21,135.06,139.1552,139.8452,97.0571,96.5782,114.88,167.0,-19.1257,17.5662,12408200
2022-01-24,180,2021-05-10,2022-01-24,139.29,139.1921,139.8804,100.0703,99.5779,114.88,167.0,-16.5928,21.2483,13204800
2022-01-25,180,2021-05-11,2022-01-25,132.99,139.246,139.9266,95.5072,95.0427,114.88,167.0,-20.3653,15.7643,11800000
2022-01-26,180,2021-05-12,2022-01-26,135.58,139.3234,139.9934,97.3132,96.8474,114.88,167.0,-18.8144,18.0188,11852600
2022-01-27,180,2021-05-13,2022-01-27,130.15,139.4336,140.0782,93.3419,92.9124,119.92,167.0,-22.0659,8.5307,13539100
2022-01-28,180,2021-05-14,2022-01-28,132.45,139.5189,140.1478,94.9334,94.5073,121.81,167.0,-20.6886,8.7349,13292900
2022-01-31,180,2021-05-17,2022-01-31,138.18,139.6026,140.222,98.981,98.5437,121.81,167.0,-17.2575,13.439,8588900
2022-02-01,180,2021-05-18,2022-02-01,138.61,139.6977,140.3056,99.2214,98.7915,121.81,167.0,-17.0,13.792,8151400
2022-02-02,180,2021-05-19,2022-02-02,140.76,139.8177,140.4108,100.674,100.2487,124.8,167.0,-15.7126,12.7885,8134100
2022-02-03,180,2021-05-20,2022-02-03,136.51,139.8924,140.4759,97.5822,97.1768,125.2,167.0,-18.2575,9.0335,10040600
2022-02-04,180,2021-05-21,2022-02-04,135.57,139.9247,140.5051,96.8878,96.4876,125.2,167.0,-18.8204,8.2828,8514400
2022-02-07,180,2021-05-24,2022-02-07,136.13,139.9712,140.5466,97.2558,96.8576,125.2,167.0,-18.485,8.73,7242200
2022-02-08,180,2021-05-25,2022-02-08,138.75,139.9955,140.5698,99.1104,98.7054,125.2,167.0,-16.9162,10.8227,6644100
2022-02-09,180,2021-05-26,2022-02-09,144.2,140.0323,140.607,102.9763,102.5553,125.2,167.0,-13.6527,15.1757,7652600
2022-02-10,180,2021-05-27,2022-02-10,139.77,140.0486,140.6229,99.8011,99.3935,125.2,167.0,-16.3054,11.6374,8525700
2022-02-11,180,2021-05-28,2022-02-11,132.49,140.0168,140.5933,94.6244,94.2363,125.2,167.0,-20.6647,5.8227,9473100
2022-02-14,180,2021-06-01,2022-02-14,131.86,139.9793,140.5585,94.1996,93.8115,125.2,167.0,-21.0419,5.3195,9529300
2022-02-15,180,2021-06-02,2022-02-15,139.84,139.9885,140.5676,99.8939,99.4824,125.2,167.0,-16.2635,11.6933,9065200
2022-02-16,180,2021-06-03,2022-02-16,140.96,139.9993,140.5784,100.6862,100.2715,125.2,167.0,-15.5928,12.5879,7990700
2022-02-17,180,2021-06-04,2022-02-17,136.47,139.9999,140.5789,97.4787,97.0772,125.2,167.0,-18.2814,9.0016,11879800
2022-02-18,180,2021-06-07,2022-02-18,133.35,139.9619,140.5428,95.2759,94.8821,125.2,167.0,-20.1497,6.5096,8151300
2022-02-22,180,2021-06-08,2022-02-22,130.26,139.9096,140.4944,93.103,92.7154,125.2,167.0,-22.0,4.0415,7667700
2022-02-23,180,2021-06-09,2022-02-23,127.86,139.8595,140.4499,91.4203,91.036,125.2,167.0,-23.4371,2.1246,8413800
2022-02-24,180,2021-06-10,2022-02-24,133.42,139.8521,140.4431,95.4008,94.9993,125.2,167.0,-20.1078,6.5655,8500900
2022-02-25,180,2021-06-11,2022-02-25,135.72,139.8437,140.4351,97.0512,96.6425,125.2,167.0,-18.7305,8.4026,7784500
2022-02-28,180,2021-06-14,2022-02-28,134.2,139.8282,140.4206,95.9749,95.5701,125.2,167.0,-19.6407,7.1885,7428100
2022-03-01,180,2021-06-15,2022-03-01,129.61,139.7714,140.3682,92.73,92.3357,125.2,167.0,-22.3892,3.5224,9212500
2022-03-02,180,2021-06-16,2022-03-02,133.18,139.7393,140.3379,95.306,94.8995,125.2,167.0,-20.2515,6.3738,7008700
2022-03-03,180,2021-06-17,2022-03-03,130.64,139.7009,140.3027,93.5141,93.113,125.2,167.0,-21.7725,4.345,5449700
2022-03-04,180,2021-06-18,2022-03-04,125.74,139.6282,140.2383,90.0534,89.6616,125.2,167.0,-24.7066,0.4313,7096100
2022-03-07,180,2021-06-21,2022-03-07,119.22,139.5451,140.1716,85.4347,85.0529,119.22,167.0,-28.6108,0.0,9207100
2022-03-08,180,2021-06-22,2022-03-08,124.15,139.4869,140.1222,89.0048,88.6013,119.22,167.0,-25.6587,4.1352,10525000
2022-03-09,180,2021-06-23,2022-03-09,128.62,139.4565,140.0954,92.2295,91.8089,119.22,167.0,-22.982,7.8846,7623200
2022-03-10,180,2021-06-24,2022-03-10,124.97,139.3894,140.0369,89.6553,89.2408,119.22,167.0,-25.1677,4.823,5604400
2022-03-11,180,2021-06-25,2022-03-11,123.64,139.2971,139.9557,88.7599,88.3423,119.22,167.0,-25.9641,3.7074,6016000
2022-03-14,180,2021-06-28,2022-03-14,120.13,139.1914,139.8664,86.3056,85.8891,119.22,167.0,-28.0659,0.7633,6733200
2022-03-15,180,2021-06-29,2022-03-15,124.41,139.0897,139.7743,89.4459,89.0078,119.22,167.0,-25.503,4.3533,6875300
2022-03-16,180,2021-06-30,2022-03-16,130.48,139.0233,139.7108,93.8547,93.3929,119.22,167.0,-21.8683,9.4447,9668900
2022-03-17,180,2021-07-01,2022-03-17,131.99,138.9639,139.6529,94.9815,94.5129,119.22,167.0,-20.9641,10.7113,6781100
2022-03-18,180,2021-07-02,2022-03-18,135.14,138.9477,139.6373,97.2596,96.7793,119.22,167.0,-19.0778,13.3535,11516500
2022-03-21,180,2021-07-06,2022-03-21,134.2,138.9248,139.6153,96.599,96.1212,119.22,167.0,-19.6407,12.565,6206600
2022-03-22,180,2021-07-07,2022-03-22,135.48,138.9173,139.6081,97.5257,97.0431,119.22,167.0,-18.8743,13.6386,4997800
2022-03-23,180,2021-07-08,2022-03-23,131.42,138.8964,139.5889,94.6173,94.1479,119.22,167.0,-21.3054,10.2332,5457900
2022-03-24,180,2021-07-09,2022-03-24,138.59,138.9318,139.6226,99.754,99.2604,119.22,167.0,-17.012,16.2473,7617800
2022-03-25,180,2021-07-12,2022-03-25,137.06,138.9443,139.6346,98.6438,98.1562,119.22,167.0,-17.9281,14.9639,6074200
2022-03-28,180,2021-07-13,2022-03-28,137.66,138.9492,139.6394,99.0722,98.5825,119.22,167.0,-17.5689,15.4672,5209600
2022-03-29,180,2021-07-14,2022-03-29,141.44,138.9779,139.668,101.7716,101.2687,119.22,167.0,-15.3054,18.6378,6162600
2022-03-30,180,2021-07-15,2022-03-30,135.8,138.9788,139.6688,97.7128,97.23,119.22,167.0,-18.6826,13.9071,6387500
2022-03-31,180,2021-07-16,2022-03-31,131.8,138.9702,139.6611,94.8405,94.3713,119.22,167.0,-21.0778,10.5519,8474800
2022-04-01,180,2021-07-19,2022-04-01,127.41,138.9651,139.6568,91.6849,91.2308,119.22,167.0,-23.7066,6.8697,10138100
2022-04-04,180,2021-07-20,2022-04-04,129.44,138.9704,139.6613,93.1421,92.6813,119.22,167.0,-22.491,8.5724,8347800
2022-04-05,180,2021-07-21,2022-04-05,121.71,138.9019,139.6043,87.623,87.1821,119.22,167.0,-27.1198,2.0886,11653700
2022-04-06,180,2021-07-22,2022-04-06,119.33,138.7805,139.5006,85.9847,85.5408,119.22,167.0,-28.5449,0.0923,11602000
2022-04-07,180,2021-07-23,2022-04-07,122.4,138.6864,139.4185,88.2567,87.7932,119.22,167.0,-26.7066,2.6673,11817200
2022-04-08,180,2021-07-26,2022-04-08,119.96,138.5676,139.3159,86.5714,86.1065,119.22,167.0,-28.1677,0.6207,6408100
2022-04-11,180,2021-07-27,2022-04-11,116.24,138.4204,139.1923,83.976,83.5103,116.24,167.0,-30.3952,0.0,7785100
2022-04-12,180,2021-07-28,2022-04-12,114.56,138.2805,139.0793,82.8461,82.3703,114.56,167.0,-31.4012,0.0,9883800
2022-04-13,180,2021-07-29,2022-04-13,116.86,138.1458,138.9663,84.5918,84.0923,114.56,167.0,-30.024,2.0077,9351400
2022-04-14,180,2021-07-30,2022-04-14,113.36,137.9818,138.8322,82.1558,81.6525,113.36,167.0,-32.1198,0.0,7711200
2022-04-18,180,2021-08-02,2022-04-18,114.87,137.8171,138.6929,83.3496,82.8232,113.36,167.0,-31.2156,1.332,6822700
2022-04-19,180,2021-08-03,2022-04-19,117.06,137.6589,138.5543,85.0363,84.4867,113.36,167.0,-29.9042,3.2639,6086600
2022-04-20,180,2021-08-04,2022-04-20,117.89,137.5066,138.4195,85.7341,85.1686,113.36,167.0,-29.4072,3.9961,8856100
2022-04-21,180,2021-08-05,2022-04-21,115.69,137.3346,138.2691,84.2395,83.6702,113.36,167.0,-30.7245,2.0554,7849400
2022-04-22,180,2021-08-06,2022-04-22,112.8,137.1425,138.1054,82.2502,81.6768,112.8,167.0,-32.4551,0.0,8489400
2022-04-25,180,2021-08-09,2022-04-25,114.47,136.9624,137.9488,83.5777,82.98,112.8,167.0,-31.4551,1.4805,8518300
2022-04-26,180,2021-08-10,2022-04-26,108.92,136.7399,137.7651,79.6549,79.0621,108.92,167.0,-34.7784,0.0,9461800
2022-04-27,180,2021-08-11,2022-04-27,108.81,136.5379,137.6026,79.6922,79.0756,108.81,167.0,-34.8443,0.0,6891600
2022-04-28,180,2021-08-12,2022-04-28,114.63,136.4027,137.4904,84.0379,83.3731,108.81,167.0,-31.3593,5.3488,7379100
2022-04-29,180,2021-08-13,2022-04-29,110.35,136.2661,137.3856,80.9813,80.3214,108.81,167.0,-33.9222,1.4153,7998900
2022-05-02,180,2021-08-16,2022-05-02,112.97,136.1472,137.2915,82.9764,82.2848,108.81,167.0,-32.3533,3.8232,9425100
2022-05-03,180,2021-08-17,2022-05-03,113.8,136.0243,137.1921,83.6615,82.9494,108.81,167.0,-31.8563,4.586,5463700
2022-05-04,180,2021-08-18,2022-05-04,118.81,135.9573,137.1366,87.3877,86.6362,108.81,167.0,-28.8563,9.1903,6352100
2022-05-05,180,2021-08-19,2022-05-05,113.47,135.8586,137.0594,83.5207,82.7889,108.81,167.0,-32.0539,4.2827,8172500
2022-05-06,180,2021-08-20,2022-05-06,112.5,135.7409,136.9666,82.8785,82.1368,108.81,167.0,-32.6347,3.3912,6247000
2022-05-09,180,2021-08-23,2022-05-09,105.75,135.5778,136.8474,77.9995,77.2758,105.75,167.0,-36.6766,0.0,10088400
2022-05-10,180,2021-08-24,2022-05-10,107.18,135.4019,136.7124,79.1569,78.3982,105.75,167.0,-35.8204,1.3522,8881000
2022-05-11,180,2021-08-25,2022-05-11,103.92,135.197,136.5595,76.8656,76.0987,103.92,167.0,-37.7725,0.0,8311700
2022-05-12,180,2021-08-26,2022-05-12,106.76,135.0106,136.4147,79.0752,78.2613,103.92,167.0,-36.0719,2.7329,9287100
2022-05-13,180,2021-08-27,2022-05-13,111.86,134.8698,136.3001,82.9392,82.0689,103.92,167.0,-33.018,7.6405,8321100
2022-05-16,180,2021-08-30,2022-05-16,110.48,134.6954,136.1553,82.0221,81.1427,103.92,167.0,-33.8443,6.3126,7218200
2022-05-17,180,2021-08-31,2022-05-17,116.84,134.5737,136.0486,86.8223,85.8811,103.92,167.0,-30.0359,12.4326,6646500
2022-05-18,180,2021-09-01,2022-05-18,111.34,134.4148,135.9164,82.8331,81.918,103.92,167.0,-33.3293,7.1401,8522800
2022-05-19,180,2021-09-02,2022-05-19,110.74,134.2607,135.7902,82.4813,81.5523,103.92,167.0,-33.6886,6.5627,10115800
2022-05-20,180,2021-09-03,2022-05-20,106.46,134.0652,135.6347,79.4092,78.4903,103.92,167.0,-36.2515,2.4442,16285500
2022-05-23,180,2021-09-07,2022-05-23,109.93,133.8922,135.4908,82.1034,81.1347,103.92,167.0,-34.1737,5.7833,7669100
2022-05-24,180,2021-09-08,2022-05-24,106.59,133.6878,135.3247,79.7305,78.7661,103.92,167.0,-36.1737,2.5693,6785400
2022-05-25,180,2021-09-09,2022-05-25,108.53,133.5166,135.1856,81.2858,80.2822,103.92,167.0,-35.012,4.4361,7378200
2022-05-26,180,2021-09-10,2022-05-26,115.07,133.3896,135.0749,86.2661,85.1898,103.92,167.0,-31.0958,10.7294,9173100
2022-05-27,180,2021-09-13,2022-05-27,119.48,133.2848,134.9784,89.6427,88.5178,103.92,167.0,-28.4551,14.9731,8510500
2022-05-31,180,2021-09-14,2022-05-31,117.29,133.1512,134.8554,88.0878,86.9746,103.92,167.0,-29.7665,12.8657,9751200
2022-06-01,180,2021-09-15,2022-06-01,114.46,132.9937,134.7127,86.0642,84.966,103.92,167.0,-31.4611,10.1424,6852200
2022-06-02,180,2021-09-16,2022-06-02,117.33,132.8521,134.5799,88.3162,87.1824,103.92,167.0,-29.7425,12.9042,6408500
2022-06-03,180,2021-09-17,2022-06-03,114.96,132.6799,134.4181,86.6446,85.5242,103.92,167.0,-31.1617,10.6236,5080700
2022-06-06,180,2021-09-20,2022-06-06,115.0,132.5243,134.2748,86.7765,85.6453,103.92,167.0,-31.1377,10.662,3824600
2022-06-07,180,2021-09-21,2022-06-07,115.67,132.4008,134.1644,87.3635,86.2151,103.92,167.0,-30.7365,11.3068,4725500
2022-06-08,180,2021-09-22,2022-06-08,112.46,132.2554,134.0382,85.0324,83.9014,103.92,167.0,-32.6587,8.2179,5138300
2022-06-09,180,2021-09-23,2022-06-09,107.24,132.0532,133.8668,81.2097,80.1095,103.92,167.0,-35.7844,3.1948,5947900
2022-06-10,180,2021-09-24,2022-06-10,101.88,131.7894,133.6488,77.3052,76.2296,101.88,167.0,-38.994,0.0,8391600
2022-06-13,180,2021-09-27,2022-06-13,96.32,131.4683,133.3955,73.2648,72.2063,96.32,167.0,-42.3234,0.0,10484200
2022-06-14,180,2021-09-28,2022-06-14,96.62,131.148,133.1393,73.6725,72.5706,96.32,167.0,-42.1437,0.3115,7058400
2022-06-15,180,2021-09-29,2022-06-15,97.42,130.8867,132.9422,74.4308,73.28,96.32,167.0,-41.6647,1.142,9377200
2022-06-16,180,2021-09-30,2022-06-16,89.59,130.5671,132.7273,68.616,67.4993,89.59,167.0,-46.3533,0.0,13359300
2022-06-17,180,2021-10-01,2022-06-17,89.83,130.2493,132.5112,68.9677,67.7905,89.59,167.0,-46.2096,0.2679,14451300
2022-06-21,180,2021-10-04,2022-06-21,95.17,129.9894,132.3226,73.2137,71.9227,89.59,167.0,-43.012,6.2284,12207400
2022-06-22,180,2021-10-05,2022-06-22,93.94,129.7404,132.1489,72.4062,71.0865,89.59,167.0,-43.7485,4.8555,7652000
2022-06-23,180,2021-10-06,2022-06-23,93.28,129.4686,131.9556,72.0484,70.6904,89.59,167.0,-44.1437,4.1188,8286300
2022-06-24,180,2021-10-07,2022-06-24,97.36,129.2485,131.7936,75.3277,73.8731,89.59,167.0,-41.7006,8.6728,10582900
2022-06-27,180,2021-10-08,2022-06-27,97.61,129.0239,131.6254,75.6527,74.1574,89.59,167.0,-41.5509,8.9519,4950100
2022-06-28,180,2021-10-11,2022-06-28,95.02,128.7837,131.4521,73.7826,72.2849,89.59,167.0,-43.1018,6.0609,6494200
2022-06-29,180,2021-10-12,2022-06-29,91.94,128.5048,131.2546,71.546,70.0471,89.59,167.0,-44.9461,2.6231,7570200
2022-06-30,180,2021-10-13,2022-06-30,90.98,128.2208,131.0558,70.9557,69.4208,89.59,167.0,-45.521,1.5515,8183600
2022-07-01,180,2021-10-14,2022-07-01,86.27,127.8754,130.8228,67.4641,65.9442,86.27,167.0,-48.3413,0.0,13121600
2022-07-05,180,2021-10-15,2022-07-05,86.0,127.508,130.5668,67.4468,65.8667,86.0,167.0,-48.503,0.0,9549900
2022-07-06,180,2021-10-18,2022-07-06,86.56,127.1519,130.3167,68.0761,66.4228,86.0,167.0,-48.1677,0.6512,5732400
2022-07-07,180,2021-10-19,2022-07-07,90.75,126.8369,130.0804,71.5486,69.7646,86.0,167.0,-45.6587,5.5233,7469600
2022-07-08,180,2021-10-20,2022-07-08,91.19,126.5216,129.8392,72.0747,70.233,86.0,167.0,-45.3952,6.0349,4890800
2022-07-11,180,2021-10-21,2022-07-11,88.62,126.1827,129.5872,70.2315,68.3864,86.0,167.0,-46.9341,3.0465,5319300
2022-07-12,180,2021-10-22,2022-07-12,88.73,125.8501,129.3394,70.5045,68.6025,86.0,167.0,-46.8683,3.1744,5492300
2022-07-13,180,2021-10-25,2022-07-13,89.08,125.5105,129.0791,70.9741,69.0119,86.0,167.0,-46.6587,3.5814,5786900
2022-07-14,180,2021-10-26,2022-07-14,91.67,125.2013,128.8342,73.2181,71.1535,86.0,167.0,-45.1078,6.593,8686500
2022-07-15,180,2021-10-27,2022-07-15,94.47,124.9397,128.6257,75.6125,73.4457,86.0,167.0,-43.4311,9.8488,8051200
2022-07-18,180,2021-10-28,2022-07-18,93.14,124.6654,128.4089,74.712,72.5339,86.0,167.0,-44.2275,8.3023,5683400
2022-07-19,180,2021-10-29,2022-07-19,98.23,124.4217,128.1989,78.9493,76.6231,86.0,167.0,-41.1796,14.2209,8203200
2022-07-20,180,2021-11-01,2022-07-20,102.23,124.2101,128.0077,82.3041,79.8624,86.0,167.0,-38.7844,18.8721,8314000
2022-07-21,180,2021-11-02,2022-07-21,103.84,123.9995,127.8096,83.7423,81.2459,86.0,167.0,-37.8204,20.7442,5463800
2022-07-22,180,2021-11-03,2022-07-22,101.67,123.7646,127.5899,82.1479,79.685,86.0,167.0,-39.1198,18.2209,5100400
2022-07-25,180,2021-11-04,2022-07-25,101.0,123.5187,127.3579,81.769,79.304,86.0,167.0,-39.521,17.4419,4367000
2022-07-26,180,2021-11-05,2022-07-26,98.91,123.227,127.0734,80.2665,77.8369,86.0,167.0,-40.7725,15.0116,5073900
2022-07-27,180,2021-11-08,2022-07-27,103.46,122.9625,126.7966,84.1394,81.5953,86.0,167.0,-38.0479,20.3023,7275000
2022-07-28,180,2021-11-09,2022-07-28,105.16,122.7134,126.531,85.6956,83.1101,86.0,167.0,-37.0299,22.2791,6090500
2022-07-29,180,2021-11-10,2022-07-29,105.98,122.4599,126.2515,86.5427,83.9436,86.0,167.0,-36.5389,23.2326,5817700
2022-08-01,180,2021-11-11,2022-08-01,106.4,122.2312,126.0071,87.0481,84.4397,86.0,167.0,-36.2874,23.7209,4737500
2022-08-02,180,2021-11-12,2022-08-02,104.99,121.9805,125.7353,86.0712,83.5008,86.0,167.0,-37.1317,22.0814,4137900
2022-08-03,180,2021-11-15,2022-08-03,109.01,121.7497,125.4697,89.5361,86.8815,86.0,167.0,-34.7245,26.7558,6088000
2022-08-04,180,2021-11-16,2022-08-04,111.06,121.5356,125.2186,91.3806,88.6929,86.0,167.0,-33.497,29.1395,5279600
2022-08-05,180,2021-11-17,2022-08-05,109.62,121.3073,124.9506,90.3656,87.7307,86.0,167.0,-34.3593,27.4651,4784000
2022-08-08,180,2021-11-18,2022-08-08,107.83,121.0737,124.6831,89.0615,86.4833,86.0,167.0,-35.4311,25.3837,6038600
2022-08-09,180,2021-11-19,2022-08-09,99.66,120.7703,124.3548,82.5203,80.1416,86.0,167.0,-40.3234,15.8837,10355800
2022-08-10,180,2021-11-22,2022-08-10,105.05,120.5395,124.1049,87.1499,84.6461,86.0,167.0,-37.0958,22.1512,8599800
2022-08-11,180,2021-11-23,2022-08-11,105.53,120.322,123.8715,87.7063,85.1931,86.0,167.0,-36.8084,22.7093,5555600
2022-08-12,180,2021-11-24,2022-08-12,110.38,120.1338,123.6574,91.8809,89.2628,86.0,167.0,-33.9042,28.3488,6644700
2022-08-15,180,2021-11-26,2022-08-15,109.78,119.9418,123.4394,91.5277,88.9343,86.0,167.0,-34.2635,27.6512,8342600
2022-08-16,180,2021-11-29,2022-08-16,108.49,119.7631,123.2461,90.5871,88.0271,86.0,167.0,-35.0359,26.1512,4892400
2022-08-17,180,2021-11-30,2022-08-17,106.0,119.5388,122.9949,88.6742,86.1824,86.0,167.0,-36.5269,23.2558,5495600
2022-08-18,180,2021-12-01,2022-08-18,108.27,119.3452,122.7787,90.72,88.1831,86.0,167.0,-35.1677,25.8953,10062400
2022-08-19,180,2021-12-02,2022-08-19,104.63,119.1111,122.5173,87.8424,85.4002,86.0,167.0,-37.3473,21.6628,12380900
2022-08-22,180,2021-12-03,2022-08-22,100.81,118.8678,122.2636,84.8085,82.453,86.0,167.0,-39.6347,17.2209,6180100
2022-08-23,180,2021-12-06,2022-08-23,101.93,118.6364,122.0197,85.918,83.5357,86.0,167.0,-38.9641,18.5233,4882300
2022-08-24,180,2021-12-07,2022-08-24,101.48,118.3969,121.7647,85.7117,83.3411,86.0,167.0,-39.2335,18.0,4741200
2022-08-25,180,2021-12-08,2022-08-25,105.0,118.1521,121.4764,88.8685,86.4366,86.0,167.0,-37.1257,22.093,7645200
2022-08-26,180,2021-12-09,2022-08-26,98.8,117.8609,121.1514,83.8276,81.5508,86.0,167.0,-40.8383,14.8837,7757100
2022-08-29,180,2021-12-10,2022-08-29,96.54,117.5678,120.8397,82.1143,79.8909,86.0,167.0,-42.1916,12.2558,5609700
2022-08-30,180,2021-12-13,2022-08-30,94.52,117.259,120.5163,80.6079,78.4292,86.0,167.0,-43.4012,9.907,11623200
2022-08-31,180,2021-12-14,2022-08-31,94.07,116.967,120.2217,80.4244,78.2471,86.0,167.0,-43.6707,9.3837,8729700
2022-09-01,180,2021-12-15,2022-09-01,91.81,116.6545,119.9111,78.7025,76.5651,86.0,167.0,-45.024,6.7558,9953700
2022-09-02,180,2021-12-16,2022-09-02,91.24,116.3188,119.5643,78.4396,76.3104,86.0,167.0,-45.3653,6.093,6795400
2022-09-06,180,2021-12-17,2022-09-06,90.29,115.9996,119.2509,77.8365,75.7143,86.0,167.0,-45.9341,4.9884,5922500
2022-09-07,180,2021-12-20,2022-09-07,91.94,115.6988,118.9497,79.465,77.2932,86.0,167.0,-44.9461,6.907,5567500
2022-09-08,180,2021-12-21,2022-09-08,93.79,115.4194,118.6652,81.2602,79.0375,86.0,167.0,-43.8383,9.0581,5233000
2022-09-09,180,2021-12-22,2022-09-09,96.51,115.142,118.3601,83.8183,81.5393,86.0,167.0,-42.2096,12.2209,5094300
2022-09-12,180,2021-12-23,2022-09-12,96.3,114.8614,118.0489,83.8402,81.5764,86.0,167.0,-42.3353,11.9767,5329300
2022-09-13,180,2021-12-27,2022-09-13,90.39,114.5229,117.6872,78.9275,76.8053,86.0,167.0,-45.8743,5.1046,8422200
2022-09-14,180,2021-12-28,2022-09-14,90.64,114.1679,117.2868,79.3918,77.2807,86.0,167.0,-45.7246,5.3953,5828200
2022-09-15,180,2021-12-29,2022-09-15,88.92,113.8083,116.8939,78.1314,76.069,86.0,167.0,-46.7545,3.3953,7120300
2022-09-16,180,2021-12-30,2022-09-16,88.87,113.4467,116.4933,78.3363,76.2877,86.0,167.0,-46.7844,3.3372,10893600
2022-09-19,180,2021-12-31,2022-09-19,89.72,113.1034,116.1141,79.3256,77.2689,86.0,167.0,-46.2754,4.3256,5260300
2022-09-20,180,2022-01-03,2022-09-20,88.12,112.7497,115.7294,78.1554,76.1432,86.0,167.0,-47.2335,2.4651,4435700
2022-09-21,180,2022-01-04,2022-09-21,87.09,112.3815,115.3247,77.4949,75.5172,86.0,167.0,-47.8503,1.2674,6953400
2022-09-22,180,2022-01-05,2022-09-22,85.04,112.0008,114.9174,75.928,74.001,85.04,167.0,-49.0778,0.0,8558400
2022-09-23,180,2022-01-06,2022-09-23,84.29,111.6286,114.5316,75.5093,73.5954,84.29,167.0,-49.5269,0.0,7384500
2022-09-26,180,2022-01-07,2022-09-26,82.94,111.2381,114.1238,74.5608,72.6755,82.94,167.0,-50.3353,0.0,7015800
2022-09-27,180,2022-01-10,2022-09-27,84.15,110.8782,113.7534,75.8941,73.9758,82.94,167.0,-49.6108,1.4589,6220000
2022-09-28,180,2022-01-11,2022-09-28,86.0,110.5416,113.4002,77.7988,75.8376,82.94,167.0,-48.503,3.6894,7992500
2022-09-29,180,2022-01-12,2022-09-29,84.42,110.1839,113.0222,76.6174,74.6933,82.94,167.0,-49.4491,1.7844,8542500
2022-09-30,180,2022-01-13,2022-09-30,81.93,109.7848,112.591,74.6278,72.7678,81.93,167.0,-50.9401,0.0,9051000
2022-10-03,180,2022-01-14,2022-10-03,86.25,109.4356,112.1969,78.8135,76.8738,81.93,167.0,-48.3533,5.2728,9631500
2022-10-04,180,2022-01-18,2022-10-04,89.41,109.091,111.7659,81.9591,79.9976,81.93,152.36,-41.3166,9.1297,7914900
2022-10-05,180,2022-01-19,2022-10-05,89.22,108.7847,111.4151,82.0152,80.0789,81.93,144.2,-38.1276,8.8978,7608600
2022-10-06,180,2022-01-20,2022-10-06,88.12,108.4989,111.1098,81.2174,79.3089,81.93,144.2,-38.8904,7.5552,6686700
2022-10-07,180,2022-01-21,2022-10-07,82.6,108.1781,110.7957,76.3556,74.5517,81.93,144.2,-42.7184,0.8178,10029900
2022-10-10,180,2022-01-24,2022-10-10,79.19,107.8396,110.4853,73.4332,71.6747,79.19,144.2,-45.0832,0.0,14211900
2022-10-11,180,2022-01-25,2022-10-11,76.3,107.458,110.1353,71.0045,69.2784,76.3,144.2,-47.0874,0.0,12441100
2022-10-12,180,2022-01-26,2022-10-12,76.01,107.0976,109.8188,70.9726,69.214,76.01,144.2,-47.2885,0.0,7770200
2022-10-13,180,2022-01-27,2022-10-13,79.42,106.7663,109.5068,74.3868,72.5252,76.01,144.2,-44.9237,4.4862,17560200
2022-10-14,180,2022-01-28,2022-10-14,74.82,106.4077,109.1994,70.3145,68.5169,74.82,144.2,-48.1137,0.0,10453000
2022-10-17,180,2022-01-31,2022-10-17,74.41,106.0385,108.8769,70.1726,68.3432,74.41,144.2,-48.3981,0.0,10772300
2022-10-18,180,2022-02-01,2022-10-18,75.23,105.6616,108.5272,71.199,69.319,74.41,144.2,-47.8294,1.102,10231000
2022-10-19,180,2022-02-02,2022-10-19,77.26,105.3074,108.1864,73.3661,71.4138,74.41,144.2,-46.4216,3.8301,10579200
2022-10-20,180,2022-02-03,2022-10-20,78.66,104.963,107.8414,74.9407,72.9405,74.41,144.2,-45.4508,5.7116,13287900
2022-10-21,180,2022-02-04,2022-10-21,82.42,104.6696,107.5409,78.743,76.6406,74.41,144.2,-42.8433,10.7647,11569500
2022-10-24,180,2022-02-07,2022-10-24,84.94,104.4027,107.2596,81.3581,79.191,74.41,144.2,-41.0957,14.1513,12005000
2022-10-25,180,2022-02-08,2022-10-25,87.53,104.1563,106.9896,84.0372,81.8117,74.41,144.2,-39.2996,17.632,10349400
2022-10-26,180,2022-02-09,2022-10-26,88.14,103.9074,106.7084,84.8255,82.5989,74.41,144.2,-38.8766,18.4518,8989100
2022-10-27,180,2022-02-10,2022-10-27,86.54,103.631,106.3881,83.5078,81.3437,74.41,141.44,-38.815,16.3016,6822500
2022-10-28,180,2022-02-11,2022-10-28,89.72,103.3934,106.1101,86.7753,84.5537,74.41,141.44,-36.5667,20.5752,6388600
2022-10-31,180,2022-02-14,2022-10-31,88.29,103.1695,105.8645,85.5776,83.3991,74.41,141.44,-37.5778,18.6534,6875400
2022-11-01,180,2022-02-15,2022-11-01,89.79,102.9598,105.6308,87.2088,85.0036,74.41,141.44,-36.5173,20.6693,6105600
2022-11-02,180,2022-02-16,2022-11-02,87.76,102.7105,105.3414,85.444,83.31,74.41,141.44,-37.9525,17.9411,10650300
2022-11-03,180,2022-02-17,2022-11-03,86.3,102.4478,105.0378,84.238,82.1609,74.41,141.44,-38.9847,15.979,6849700
2022-11-04,180,2022-02-18,2022-11-04,91.7,102.2397,104.7891,89.6912,87.5091,74.41,141.44,-35.1669,23.2361,8692700
2022-11-07,180,2022-02-22,2022-11-07,95.04,102.0644,104.5762,93.1177,90.8811,74.41,141.44,-32.8054,27.7248,7684200
2022-11-08,180,2022-02-23,2022-11-08,97.46,101.9151,104.394,95.6286,93.3579,74.41,141.44,-31.0945,30.977,10067000
2022-11-09,180,2022-02-24,2022-11-09,94.38,101.7553,104.208,92.7519,90.5689,74.41,141.44,-33.2721,26.8378,6864600
2022-11-10,180,2022-02-25,2022-11-10,104.79,101.6376,104.0489,103.1016,100.7122,74.41,141.44,-25.912,40.8278,11692800
2022-11-11,180,2022-02-28,2022-11-11,110.53,101.5413,103.909,108.8522,106.3719,74.41,141.44,-21.8538,48.5419,11160000
2022-11-14,180,2022-03-01,2022-11-14,107.61,101.436,103.7613,106.0866,103.7092,74.41,141.44,-23.9183,44.6177,7761700
2022-11-15,180,2022-03-02,2022-11-15,110.46,101.3596,103.6549,108.9783,106.5652,74.41,141.44,-21.9033,48.4478,9438600
2022-11-16,180,2022-03-03,2022-11-16,104.22,101.2406,103.494,102.9429,100.7015,74.41,141.44,-26.315,40.0618,12082500
2022-11-17,180,2022-03-04,2022-11-17,104.45,101.1315,103.3485,103.2814,101.0658,74.41,141.44,-26.1524,40.3709,10682800
2022-11-18,180,2022-03-07,2022-11-18,104.7,101.0407,103.2316,103.6216,101.4224,74.41,141.44,-25.9757,40.7069,10921100
2022-11-21,180,2022-03-08,2022-11-21,105.14,100.9771,103.1534,104.1227,101.9259,74.41,141.44,-25.6646,41.2982,9282400
2022-11-22,180,2022-03-09,2022-11-22,107.04,100.9042,103.0583,106.0808,103.8635,74.41,141.44,-24.3213,43.8516,8497200
2022-11-23,180,2022-03-10,2022-11-23,107.67,100.8187,102.9419,106.7957,104.5929,74.41,141.44,-23.8759,44.6983,4077500
2022-11-25,180,2022-03-11,2022-11-25,105.82,100.737,102.8356,105.0458,102.9022,74.41,141.44,-25.1838,42.2121,3012500
2022-11-28,180,2022-03-14,2022-11-28,103.47,100.6482,102.7235,102.8037,100.7267,74.41,141.44,-26.8453,39.0539,6382700
2022-11-29,180,2022-03-15,2022-11-29,103.25,100.5716,102.6297,102.6631,100.6044,74.41,141.44,-27.0008,38.7582,3450400
2022-11-30,180,2022-03-16,2022-11-30,109.6,100.5106,102.5474,109.0432,106.8774,74.41,141.44,-22.5113,47.292,11167000
2022-12-01,180,2022-03-17,2022-12-01,107.01,100.4164,102.4171,106.5663,104.4846,74.41,141.44,-24.3425,43.8113,6976200
2022-12-02,180,2022-03-18,2022-12-02,106.71,100.3159,102.2766,106.3739,104.3347,74.41,141.44,-24.5546,43.4081,3903300
2022-12-05,180,2022-03-21,2022-12-05,106.43,100.2045,102.1171,106.2128,104.2235,74.41,141.44,-24.7525,43.0318,4692500
2022-12-06,180,2022-03-22,2022-12-06,104.71,100.0875,101.9533,104.6184,102.7039,74.41,141.44,-25.9686,40.7203,4571700
2022-12-07,180,2022-03-23,2022-12-07,106.11,99.974,101.7901,106.1376,104.2439,74.41,141.44,-24.9788,42.6018,6383600
2022-12-08,180,2022-03-24,2022-12-08,108.61,99.8853,101.6634,108.7347,106.833,74.41,141.44,-23.2113,45.9616,5493200
2022-12-09,180,2022-03-25,2022-12-09,107.34,99.769,101.4898,107.5885,105.7643,74.41,141.44,-24.1092,44.2548,4705700
2022-12-12,180,2022-03-28,2022-12-12,109.37,99.667,101.3359,109.7355,107.9281,74.41,141.44,-22.6739,46.9829,4831400
2022-12-13,180,2022-03-29,2022-12-13,111.87,99.5746,101.1927,112.3479,110.5515,74.41,141.44,-20.9064,50.3427,9557300
2022-12-14,180,2022-03-30,2022-12-14,109.64,99.4618,101.016,110.2333,108.5373,74.41,135.8,-19.2636,47.3458,6429300
2022-12-15,180,2022-03-31,2022-12-15,104.56,99.341,100.8424,105.2536,103.6865,74.41,131.8,-20.6677,40.5187,6773500
2022-12-16,180,2022-04-01,2022-12-16,104.73,99.2336,100.6921,105.5388,104.0102,74.41,129.44,-19.0899,40.7472,12925700
2022-12-19,180,2022-04-04,2022-12-19,103.99,99.137,100.5619,104.8952,103.4089,74.41,129.44,-19.6616,39.7527,6162500
2022-12-20,180,2022-04-05,2022-12-20,103.5,99.0314,100.4178,104.5123,103.0693,74.41,122.4,-15.4412,39.0942,4761800
2022-12-21,180,2022-04-06,2022-12-21,105.9,98.9646,100.33,107.0079,105.5517,74.41,122.4,-13.4804,42.3196,4889100
2022-12-22,180,2022-04-07,2022-12-22,97.6,98.8632,100.2093,98.7223,97.3962,74.41,122.4,-20.2614,31.1652,11326600
2022-12-23,180,2022-04-08,2022-12-23,97.22,98.7485,100.0694,98.4522,97.1526,74.41,119.96,-18.9563,30.6545,4753500
2022-12-27,180,2022-04-11,2022-12-27,95.34,98.632,99.9326,96.6624,95.4043,74.41,119.48,-20.2042,28.1279,6121400
2022-12-28,180,2022-04-12,2022-12-28,94.23,98.5235,99.8103,95.6422,94.4091,74.41,119.48,-21.1332,26.6362,4274000
2022-12-29,180,2022-04-13,2022-12-29,97.14,98.4391,99.7136,98.6803,97.4191,74.41,119.48,-18.6977,30.547,5071800
2022-12-30,180,2022-04-14,2022-12-30,97.38,98.3471,99.6053,99.0167,97.7658,74.41,119.48,-18.4968,30.8695,3407000
2023-01-03,180,2022-04-18,2023-01-03,96.73,98.2657,99.5129,98.4372,97.2034,74.41,119.48,-19.0408,29.996,5921500
2023-01-04,180,2022-04-19,2023-01-04,99.31,98.1925,99.4265,101.138,99.8828,74.41,119.48,-16.8815,33.4632,6289500
2023-01-05,180,2022-04-20,2023-01-05,97.92,98.1032,99.3202,99.8133,98.5902,74.41,119.48,-18.0449,31.5952,4557100
2023-01-06,180,2022-04-21,2023-01-06,104.27,98.044,99.2445,106.3502,105.0638,74.41,119.48,-12.7302,40.129,7241700
2023-01-09,180,2022-04-22,2023-01-09,106.49,98.0041,99.1934,108.6587,107.3559,74.41,119.48,-10.8721,43.1125,6212300
2023-01-10,180,2022-04-25,2023-01-10,108.04,97.9833,99.1669,110.2637,108.9476,74.41,119.48,-9.5748,45.1955,4638800
2023-01-11,180,2022-04-26,2023-01-11,110.06,97.9646,99.1424,112.3467,111.012,74.41,119.48,-7.8842,47.9102,5532600
2023-01-12,180,2022-04-27,2023-01-12,110.2,97.9703,99.1496,112.4831,111.1452,74.41,119.48,-7.767,48.0984,5330900
2023-01-13,180,2022-04-28,2023-01-13,109.97,97.9755,99.156,112.2424,110.906,74.41,119.48,-7.9595,47.7893,5641600
2023-01-17,180,2022-04-29,2023-01-17,109.41,97.9533,99.127,111.6961,110.3736,74.41,119.48,-8.4282,47.0367,4848100
2023-01-18,180,2022-05-02,2023-01-18,109.7,97.9504,99.1234,111.9955,110.6701,74.41,119.48,-8.1855,47.4264,5374100
2023-01-19,180,2022-05-03,2023-01-19,106.16,97.9201,99.0856,108.4149,107.1397,74.41,119.48,-11.1483,42.669,5325100
2023-01-20,180,2022-05-04,2023-01-20,109.65,97.9024,99.0625,111.9993,110.6877,74.41,119.48,-8.2273,47.3592,5078500
2023-01-23,180,2022-05-05,2023-01-23,114.16,97.8842,99.0367,116.6276,115.2704,74.41,119.48,-4.4526,53.4202,7669300
2023-01-24,180,2022-05-06,2023-01-24,112.99,97.8822,99.034,115.4347,114.0921,74.41,119.48,-5.4319,51.8479,3504700
2023-01-25,180,2022-05-09,2023-01-25,113.95,97.8882,99.0421,116.4083,115.0521,74.41,119.48,-4.6284,53.138,5957600
2023-01-26,180,2022-05-10,2023-01-26,115.58,97.931,99.0967,118.0218,116.6336,74.41,119.48,-3.2641,55.3286,5813000
2023-01-27,180,2022-05-11,2023-01-27,112.5,97.9546,99.1262,114.8492,113.4917,74.41,119.48,-5.842,51.1893,8705700
2023-01-30,180,2022-05-12,2023-01-30,108.2,97.9748,99.15,110.4365,109.1276,74.41,119.48,-9.4409,45.4106,7351700
2023-01-31,180,2022-05-13,2023-01-31,111.49,97.996,99.1763,113.7699,112.416,74.41,119.48,-6.6873,49.832,6577100
2023-02-01,180,2022-05-16,2023-02-01,119.01,98.0247,99.216,121.4082,119.9504,74.41,119.48,-0.3934,59.9382,9886400
2023-02-02,180,2022-05-17,2023-02-02,124.26,98.0783,99.2926,126.6947,125.1453,74.41,124.26,0.0,66.9937,11206500
2023-02-03,180,2022-05-18,2023-02-03,119.98,98.0903,99.31,122.3159,120.8136,74.41,124.26,-3.4444,61.2418,6156900
2023-02-06,180,2022-05-19,2023-02-06,117.69,98.1162,99.3453,119.9496,118.4656,74.41,124.26,-5.2873,58.1642,5331000
2023-02-07,180,2022-05-20,2023-02-07,120.52,98.1554,99.3996,122.7849,121.248,74.41,124.26,-3.0098,61.9675,4935300
2023-02-08,180,2022-05-23,2023-02-08,115.95,98.1966,99.4523,118.0795,116.5885,74.41,124.26,-6.6876,55.8258,6460500
2023-02-09,180,2022-05-24,2023-02-09,116.08,98.2224,99.4865,118.1808,116.6791,74.41,124.26,-6.583,56.0005,5512200
2023-02-10,180,2022-05-25,2023-02-10,114.77,98.2583,99.5319,116.8044,115.3097,74.41,124.26,-7.6372,54.24,4374400
2023-02-13,180,2022-05-26,2023-02-13,116.53,98.2922,99.5764,118.5547,117.0257,74.41,124.26,-6.2208,56.6053,4198200
2023-02-14,180,2022-05-27,2023-02-14,118.44,98.3055,99.5951,120.4816,118.9215,74.41,124.26,-4.6837,59.1721,4870700
2023-02-15,180,2022-05-31,2023-02-15,119.46,98.3054,99.595,121.5193,119.9458,74.41,124.26,-3.8629,60.5429,4980000
2023-02-16,180,2022-06-01,2023-02-16,115.39,98.2979,99.5844,117.3881,115.8715,74.41,124.26,-7.1383,55.0732,9117600
2023-02-17,180,2022-06-02,2023-02-17,115.44,98.3018,99.5899,117.4342,115.9154,74.41,124.26,-7.098,55.1404,9287100
2023-02-21,180,2022-06-03,2023-02-21,111.28,98.277,99.5563,113.231,111.776,74.41,124.26,-10.4458,49.5498,7583900
2023-02-22,180,2022-06-06,2023-02-22,110.41,98.2577,99.531,112.3677,110.9303,74.41,124.26,-11.146,48.3806,5089200
2023-02-23,180,2022-06-07,2023-02-23,112.91,98.2491,99.5194,114.9222,113.4553,74.41,124.26,-9.1341,51.7404,7136100
2023-02-24,180,2022-06-08,2023-02-24,111.31,98.2309,99.4952,113.3146,111.8748,74.41,124.26,-10.4217,49.5901,5808400
2023-02-27,180,2022-06-09,2023-02-27,112.07,98.2293,99.493,114.0902,112.6411,74.41,124.26,-9.8101,50.6115,5362700
2023-02-28,180,2022-06-10,2023-02-28,116.15,98.2676,99.5425,118.1976,116.6838,74.41,124.26,-6.5266,56.0946,13010900
2023-03-01,180,2022-06-13,2023-03-01,117.26,98.3368,99.6279,119.2433,117.6979,74.41,124.26,-5.6333,57.5863,6756800
2023-03-02,180,2022-06-14,2023-03-02,118.45,98.4411,99.7509,120.3258,118.7458,74.41,124.26,-4.6757,59.1856,6502200
2023-03-03,180,2022-06-15,2023-03-03,118.96,98.5458,99.875,120.7154,119.1089,74.41,124.26,-4.2653,59.871,7232400
2023-03-06,180,2022-06-16,2023-03-06,118.54,98.6446,99.9923,120.1688,118.5491,74.41,124.26,-4.6033,59.3065,5775700
2023-03-07,180,2022-06-17,2023-03-07,116.37,98.7837,100.1411,117.8029,116.206,74.41,124.26,-6.3496,56.3903,5225900
2023-03-08,180,2022-06-21,2023-03-08,118.65,98.9305,100.3012,119.9327,118.2937,74.41,124.26,-4.5147,59.4544,4474900
2023-03-09,180,2022-06-22,2023-03-09,117.04,99.0373,100.4227,118.1777,116.5473,74.41,124.26,-5.8104,57.2907,5701400
2023-03-10,180,2022-06-23,2023-03-10,114.39,99.1411,100.5363,115.381,113.7798,74.41,124.26,-7.943,53.7293,7009600
2023-03-13,180,2022-06-24,2023-03-13,115.84,99.2553,100.6617,116.7091,115.0786,74.41,124.26,-6.7761,55.678,8221300
2023-03-14,180,2022-06-27,2023-03-14,120.34,99.3627,100.7893,121.1118,119.3976,74.41,124.26,-3.1547,61.7256,8322400
2023-03-15,180,2022-06-28,2023-03-15,118.48,99.4618,100.9053,119.1211,117.4171,74.41,124.26,-4.6515,59.2259,9517700
2023-03-16,180,2022-06-29,2023-03-16,122.83,99.593,101.0598,123.332,121.5419,74.41,124.26,-1.1508,65.0719,6787700
2023-03-17,180,2022-06-30,2023-03-17,122.6,99.7431,101.2301,122.9158,121.1102,74.41,124.26,-1.3359,64.7628,13761500
2023-03-20,180,2022-07-01,2023-03-20,124.04,99.9052,101.4138,124.1576,122.3108,74.41,124.26,-0.177,66.698,4974700
2023-03-21,180,2022-07-05,2023-03-21,120.4,100.0878,101.6034,120.2944,118.5,74.41,124.26,-3.1064,61.8062,10090100
2023-03-22,180,2022-07-06,2023-03-22,118.86,100.267,101.7859,118.5435,116.7745,74.41,124.26,-4.3457,59.7366,8342500
2023-03-23,180,2022-07-07,2023-03-23,122.78,100.4577,101.9872,122.2206,120.3877,74.41,124.26,-1.1911,65.0047,6182200
2023-03-24,180,2022-07-08,2023-03-24,119.53,100.6067,102.1471,118.8092,117.0176,74.41,124.26,-3.8065,60.637,6354500
2023-03-27,180,2022-07-11,2023-03-27,118.87,100.7505,102.3008,117.9845,116.1965,74.41,124.26,-4.3377,59.75,4628200
2023-03-28,180,2022-07-12,2023-03-28,116.4,100.9026,102.4552,115.3588,113.6107,74.41,124.26,-6.3254,56.4306,5523800
2023-03-29,180,2022-07-13,2023-03-29,119.85,101.0684,102.6281,118.5831,116.7809,74.41,124.26,-3.549,61.067,7865300
2023-03-30,180,2022-07-14,2023-03-30,122.11,101.241,102.8116,120.6132,118.7707,74.41,124.26,-1.7302,64.1043,6213800
2023-03-31,180,2022-07-15,2023-03-31,122.83,101.3988,102.9847,121.1355,119.2702,74.41,124.26,-1.1508,65.0719,5016500
2023-04-03,180,2022-07-18,2023-04-03,122.32,101.5367,103.1394,120.4688,118.5968,74.41,124.26,-1.5612,64.3865,5146800
2023-04-04,180,2022-07-19,2023-04-04,120.12,101.675,103.2893,118.1412,116.2947,74.41,124.26,-3.3317,61.4299,4772200
2023-04-05,180,2022-07-20,2023-04-05,117.32,101.7702,103.3953,115.2793,113.4674,74.41,124.26,-5.5851,57.667,6691700
2023-04-06,180,2022-07-21,2023-04-06,114.45,101.8303,103.4632,112.3928,110.619,74.41,124.26,-7.8947,53.81,6275000
2023-04-10,180,2022-07-22,2023-04-10,116.5,101.8907,103.5336,114.3382,112.5239,74.41,124.26,-6.245,56.565,4096500
2023-04-11,180,2022-07-25,2023-04-11,116.38,101.9624,103.6153,114.1401,112.3193,74.41,124.26,-6.3415,56.4037,3373000
2023-04-12,180,2022-07-26,2023-04-12,113.16,102.0239,103.6828,110.9152,109.1405,74.41,124.26,-8.9329,52.0763,5838900
2023-04-13,180,2022-07-27,2023-04-13,113.47,102.099,103.7637,111.1373,109.3542,74.41,124.26,-8.6834,52.4929,5299500
2023-04-14,180,2022-07-28,2023-04-14,112.9,102.1458,103.8162,110.5283,108.7499,74.41,124.26,-9.1421,51.7269,5211600
2023-04-17,180,2022-07-29,2023-04-17,111.79,102.1785,103.853,109.4066,107.6425,74.41,124.26,-10.0354,50.2352,6952200
2023-04-18,180,2022-08-01,2023-04-18,111.27,102.2045,103.8824,108.8699,107.1115,74.41,124.26,-10.4539,49.5363,5055000
2023-04-19,180,2022-08-02,2023-04-19,110.34,102.224,103.9043,107.9394,106.1939,74.41,124.26,-11.2023,48.2865,6796800
2023-04-20,180,2022-08-03,2023-04-20,114.39,102.2695,103.9565,111.8516,110.0364,74.41,124.26,-7.943,53.7293,8699500
2023-04-21,180,2022-08-04,2023-04-21,113.46,102.2904,103.9812,110.9195,109.1159,74.41,124.26,-8.6915,52.4795,4516800
2023-04-24,180,2022-08-05,2023-04-24,113.61,102.3021,103.9954,111.0534,109.2452,74.41,124.26,-8.5707,52.6811,3218100
2023-04-25,180,2022-08-08,2023-04-25,110.61,102.3069,104.0009,108.1159,106.3549,74.41,124.26,-10.985,48.6494,6282600
2023-04-26,180,2022-08-09,2023-04-26,110.31,102.319,104.0147,107.8099,106.0523,74.41,124.26,-11.2265,48.2462,6245800
2023-04-27,180,2022-08-10,2023-04-27,111.68,102.3819,104.0814,109.0818,107.3006,74.41,124.26,-10.1239,50.0873,9447000
2023-04-28,180,2022-08-11,2023-04-28,113.03,102.421,104.1258,110.3582,108.5514,74.41,124.26,-9.0375,51.9016,8064400
2023-05-01,180,2022-08-12,2023-05-01,112.95,102.4573,104.167,110.241,108.4317,74.41,124.26,-9.1019,51.7941,4171600
2023-05-02,180,2022-08-15,2023-05-02,112.16,102.4657,104.1769,109.461,107.663,74.41,124.26,-9.7376,50.7324,4850200
2023-05-03,180,2022-08-16,2023-05-03,113.29,102.4821,104.1964,110.5461,108.7274,74.41,124.26,-8.8283,52.251,5624100
2023-05-04,180,2022-08-17,2023-05-04,112.45,102.5011,104.2184,109.7061,107.8984,74.41,124.26,-9.5043,51.1221,3579600
2023-05-05,180,2022-08-18,2023-05-05,116.06,102.5488,104.2743,113.1753,111.3026,74.41,124.26,-6.5991,55.9736,4874200
2023-05-08,180,2022-08-19,2023-05-08,115.75,102.5837,104.3158,112.8347,110.9611,74.41,124.26,-6.8485,55.557,3247600
2023-05-09,180,2022-08-22,2023-05-09,113.84,102.629,104.367,110.9239,109.0766,74.41,124.26,-8.3856,52.9902,3173700
2023-05-10,180,2022-08-23,2023-05-10,115.41,102.7024,104.4481,112.3732,110.4951,74.41,124.26,-7.1222,55.1001,4101000
2023-05-11,180,2022-08-24,2023-05-11,115.46,102.7698,104.5233,112.3481,110.4634,74.41,124.26,-7.0819,55.1673,3630400
2023-05-12,180,2022-08-25,2023-05-12,116.09,102.8427,104.6044,112.8812,110.98,74.41,124.26,-6.5749,56.014,3838700
2023-05-15,180,2022-08-26,2023-05-15,121.11,102.9172,104.6939,117.6772,115.68,74.41,124.26,-2.535,62.7604,5859200
2023-05-16,180,2022-08-29,2023-05-16,120.92,103.0262,104.8168,117.3682,115.3631,74.41,124.26,-2.6879,62.505,5080700
2023-05-17,180,2022-08-30,2023-05-17,125.7,103.1681,104.9788,121.84,119.7384,74.41,125.7,0.0,68.9289,7349600
2023-05-18,180,2022-08-31,2023-05-18,129.92,103.3389,105.1755,125.7223,123.5269,74.41,129.92,0.0,74.6002,10891200
2023-05-19,180,2022-09-01,2023-05-19,126.95,103.5025,105.3582,122.6541,120.4937,74.41,129.92,-2.286,70.6088,10257200
2023-05-22,180,2022-09-02,2023-05-22,126.55,103.6807,105.5512,122.0574,119.8945,74.41,129.92,-2.5939,70.0712,4709100
2023-05-23,180,2022-09-06,2023-05-23,124.49,103.8558,105.7359,119.8681,117.7367,74.41,129.92,-4.1795,67.3028,4604500
2023-05-24,180,2022-09-07,2023-05-24,121.73,104.0275,105.9106,117.0171,114.9366,74.41,129.92,-6.3039,63.5936,6315600
2023-05-25,180,2022-09-08,2023-05-25,130.47,104.221,106.1246,125.1859,122.9404,74.41,130.47,0.0,75.3393,9575700
2023-05-26,180,2022-09-09,2023-05-26,136.06,104.4213,106.3594,130.2991,127.9247,74.41,136.06,0.0,82.8518,9083800
2023-05-30,180,2022-09-12,2023-05-30,136.57,104.6057,106.582,130.5569,128.1361,74.41,136.57,0.0,83.5372,7753800
2023-05-31,180,2022-09-13,2023-05-31,133.3,104.7812,106.7876,127.2174,124.8273,74.41,136.57,-2.3944,79.1426,11368600
2023-06-01,180,2022-09-14,2023-06-01,134.83,105.0041,107.0344,128.4045,125.9688,74.41,136.57,-1.2741,81.1988,5007000
2023-06-02,180,2022-09-15,2023-06-02,134.63,105.2254,107.2788,127.9444,125.4954,74.41,136.57,-1.4205,80.93,5327400
2023-06-05,180,2022-09-16,2023-06-05,133.73,105.4577,107.5278,126.8091,124.3679,74.41,136.57,-2.0795,79.7205,3798300
2023-06-06,180,2022-09-19,2023-06-06,133.94,105.6922,107.7782,126.7265,124.2738,74.41,136.57,-1.9258,80.0027,5468900
2023-06-07,180,2022-09-20,2023-06-07,135.01,105.9247,108.0298,127.4584,124.9748,74.41,136.57,-1.1423,81.4407,4835700
2023-06-08,180,2022-09-21,2023-06-08,136.2,106.175,108.2969,128.2788,125.7654,74.41,136.57,-0.2709,83.0399,4507000
2023-06-09,180,2022-09-22,2023-06-09,136.12,106.4347,108.5693,127.8906,125.3762,74.41,136.57,-0.3295,82.9324,3675200
2023-06-12,180,2022-09-23,2023-06-12,140.01,106.726,108.8747,131.1864,128.5974,74.41,140.01,0.0,88.1602,5931900
2023-06-13,180,2022-09-26,2023-06-13,141.79,107.0314,109.1941,132.4752,129.8513,74.41,141.79,0.0,90.5523,6859500
2023-06-14,180,2022-09-27,2023-06-14,141.17,107.3488,109.5176,131.5059,128.9016,74.41,141.79,-0.4373,89.7191,6474600
2023-06-15,180,2022-09-28,2023-06-15,140.11,107.6535,109.8285,130.149,127.5716,74.41,141.79,-1.1848,88.2946,5524400
2023-06-16,180,2022-09-29,2023-06-16,138.93,107.9395,110.1226,128.711,126.1594,74.41,141.79,-2.0171,86.7088,8847400
2023-06-20,180,2022-09-30,2023-06-20,138.52,108.2398,110.4231,127.9751,125.4448,74.41,141.79,-2.3062,86.1578,3840000
2023-06-21,180,2022-10-03,2023-06-21,136.67,108.5589,110.7272,125.8948,123.4294,74.41,141.79,-3.611,83.6715,4715300
2023-06-22,180,2022-10-04,2023-06-22,138.92,108.8475,111.0198,127.6281,125.1308,74.41,141.79,-2.0241,86.6953,3763600
2023-06-23,180,2022-10-05,2023-06-23,136.07,109.1005,111.2791,124.7198,122.2782,74.41,141.79,-4.0341,82.8652,6956900
2023-06-26,180,2022-10-06,2023-06-26,139.8,109.3693,111.5601,127.8237,125.3137,74.41,141.79,-1.4035,87.878,7256100
2023-06-27,180,2022-10-07,2023-06-27,146.55,109.6709,111.8847,133.6271,130.9831,74.41,146.55,0.0,96.9493,7343900
2023-06-28,180,2022-10-10,2023-06-28,144.03,110.017,112.2259,130.9162,128.3393,74.41,146.55,-1.7196,93.5627,6645200
2023-06-29,180,2022-10-11,2023-06-29,144.23,110.4012,112.5873,130.6417,128.1051,74.41,146.55,-1.5831,93.8315,3916500
2023-06-30,180,2022-10-12,2023-06-30,144.54,110.8218,112.9664,130.4256,127.9496,74.41,146.55,-1.3716,94.2481,6142600
2023-07-03,180,2022-10-13,2023-07-03,145.47,111.2521,113.3523,130.7571,128.3344,74.41,146.55,-0.737,95.4979,2533600
2023-07-05,180,2022-10-14,2023-07-05,142.26,111.6358,113.7014,127.4322,125.1172,74.41,146.55,-2.9273,91.184,5198400
2023-07-06,180,2022-10-17,2023-07-06,140.38,112.0697,114.0656,125.2613,123.0695,74.41,146.55,-4.2102,88.6574,5793500
2023-07-07,180,2022-10-18,2023-07-07,139.57,112.5092,114.4276,124.0521,121.9723,75.23,146.55,-4.7629,85.5244,3459400
2023-07-10,180,2022-10-19,2023-07-10,140.56,112.9454,114.7906,124.4496,122.4491,77.26,146.55,-4.0873,81.9311,6364400
2023-07-11,180,2022-10-20,2023-07-11,137.56,113.3489,115.1256,121.3598,119.4869,78.66,146.55,-6.1344,74.8792,7706100
2023-07-12,180,2022-10-21,2023-07-12,138.89,113.7438,115.4602,122.1078,120.2926,82.42,146.55,-5.2269,68.5149,5590100
2023-07-13,180,2022-10-24,2023-07-13,142.65,114.1132,115.7948,125.0075,123.1921,84.94,146.55,-2.6612,67.9421,5410800
2023-07-14,180,2022-10-25,2023-07-14,142.74,114.4591,116.1159,124.7083,122.9289,86.3,146.55,-2.5998,65.3998,6058800
2023-07-17,180,2022-10-26,2023-07-17,145.5,114.7914,116.4379,126.7517,124.9593,86.3,146.55,-0.7165,68.5979,6306700
2023-07-18,180,2022-10-27,2023-07-18,144.51,115.1163,116.7511,125.534,123.7761,86.3,146.55,-1.392,67.4507,6492700
2023-07-19,180,2022-10-28,2023-07-19,141.78,115.4487,117.058,122.8078,121.1194,86.3,146.55,-3.2549,64.2874,5379400
2023-07-20,180,2022-10-31,2023-07-20,134.04,115.7222,117.3042,115.8291,114.267,86.3,146.55,-8.5363,55.3186,9883200
2023-07-21,180,2022-11-01,2023-07-21,136.4,116.0202,117.5715,117.5658,116.0145,86.3,146.55,-6.926,58.0533,15686100
2023-07-24,180,2022-11-02,2023-07-24,138.35,116.3132,117.8413,118.9461,117.4037,86.3,146.55,-5.5954,60.3129,5276000
2023-07-25,180,2022-11-03,2023-07-25,140.06,116.6339,118.1318,120.0851,118.5625,86.3,146.55,-4.4285,62.2943,5038500
2023-07-26,180,2022-11-04,2023-07-26,139.02,116.967,118.4247,118.8541,117.391,91.7,146.55,-5.1382,51.6031,4050400
2023-07-27,180,2022-11-07,2023-07-27,146.14,117.2765,118.7272,124.6114,123.0889,94.23,146.55,-0.2798,55.0886,8928900
2023-07-28,180,2022-11-08,2023-07-28,151.93,117.5784,119.0432,129.2159,127.6259,94.23,151.93,0.0,61.2331,7802000
2023-07-31,180,2022-11-09,2023-07-31,151.59,117.8604,119.3439,128.6182,127.0194,94.23,151.93,-0.2238,60.8723,4184400
2023-08-01,180,2022-11-10,2023-08-01,152.63,118.1733,119.6676,129.1577,127.545,94.23,152.63,0.0,61.976,3088100
2023-08-02,180,2022-11-11,2023-08-02,147.33,118.3875,119.9039,124.4473,122.8734,94.23,152.63,-3.4725,56.3515,5468300
2023-08-03,180,2022-11-14,2023-08-03,147.81,118.5654,120.111,124.6653,123.0612,94.23,152.63,-3.158,56.8609,4338600
2023-08-04,180,2022-11-15,2023-08-04,145.66,118.7553,120.3224,122.6555,121.0581,94.23,152.63,-4.5666,54.5792,3984500
2023-08-07,180,2022-11-16,2023-08-07,150.38,118.9439,120.5442,126.4293,124.751,94.23,152.63,-1.4742,59.5882,3896100
2023-08-08,180,2022-11-17,2023-08-08,148.01,119.1675,120.7874,124.2034,122.5376,94.23,152.63,-3.0269,57.0731,3443700
2023-08-09,180,2022-11-18,2023-08-09,145.16,119.3797,121.0136,121.5952,119.9535,94.23,152.63,-4.8942,54.0486,4796600
2023-08-10,180,2022-11-21,2023-08-10,144.61,119.5887,121.2353,120.9228,119.2804,94.23,152.63,-5.2545,53.4649,4018300
2023-08-11,180,2022-11-22,2023-08-11,138.83,119.7724,121.4225,115.9115,114.3363,94.23,152.63,-9.0415,47.331,5193200
2023-08-14,180,2022-11-23,2023-08-14,141.89,119.9556,121.6161,118.2855,116.6704,94.23,152.63,-7.0366,50.5784,4850400
2023-08-15,180,2022-11-25,2023-08-15,140.08,120.1276,121.7962,116.6094,115.0118,94.23,152.63,-8.2225,48.6575,3384900
2023-08-16,180,2022-11-28,2023-08-16,138.25,120.3056,121.9763,114.9157,113.3417,94.23,152.63,-9.4215,46.7155,4613000
2023-08-17,180,2022-11-29,2023-08-17,137.59,120.4986,122.1659,114.1839,112.6255,94.23,152.63,-9.8539,46.0151,7065700
2023-08-18,180,2022-11-30,2023-08-18,142.66,120.7148,122.3848,118.1794,116.5667,94.23,152.63,-6.5321,51.3955,11541800
2023-08-21,180,2022-12-01,2023-08-21,148.77,120.9096,122.6024,123.0424,121.3434,94.23,152.63,-2.529,57.8797,8121900
2023-08-22,180,2022-12-02,2023-08-22,147.85,121.1196,122.8293,122.0694,120.3703,94.23,152.63,-3.1318,56.9033,4865900
2023-08-23,180,2022-12-05,2023-08-23,148.0,121.3331,123.0587,121.9783,120.2678,94.23,152.63,-3.0335,57.0625,5300400
2023-08-24,180,2022-12-06,2023-08-24,142.52,121.528,123.2592,117.2734,115.6262,94.23,152.63,-6.6239,51.2469,6771000
2023-08-25,180,2022-12-07,2023-08-25,144.36,121.7436,123.4795,118.5771,116.9101,94.23,152.63,-5.4183,53.1996,4720600
2023-08-28,180,2022-12-08,2023-08-28,145.42,121.9537,123.6979,119.242,117.5606,94.23,152.63,-4.7238,54.3245,3565800
2023-08-29,180,2022-12-09,2023-08-29,149.98,122.1639,123.9277,122.7695,121.0222,94.23,152.63,-1.7362,59.1637,5017200
2023-08-30,180,2022-12-12,2023-08-30,150.95,122.3875,124.17,123.3378,121.5672,94.23,152.63,-1.1007,60.1931,4000000
2023-08-31,180,2022-12-13,2023-08-31,152.76,122.604,124.4111,124.5963,122.7865,94.23,152.76,0.0,62.114,6593800
2023-09-01,180,2022-12-14,2023-09-01,153.99,122.8085,124.6451,125.3904,123.5428,94.23,153.99,0.0,63.4193,3693100
2023-09-05,180,2022-12-15,2023-09-05,153.61,123.0276,124.8893,124.8581,122.9969,94.23,153.99,-0.2468,63.016,4266700
2023-09-06,180,2022-12-16,2023-09-06,153.18,123.2834,125.1594,124.2503,122.3879,94.23,153.99,-0.526,62.5597,3109600
2023-09-07,180,2022-12-19,2023-09-07,148.23,123.5205,125.4011,120.0044,118.2047,94.23,153.99,-3.7405,57.3066,6720300
2023-09-08,180,2022-12-20,2023-09-08,147.53,123.7615,125.643,119.2051,117.42,94.23,153.99,-4.1951,56.5637,4473300
2023-09-11,180,2022-12-21,2023-09-11,146.71,124.0041,125.8831,118.3106,116.5447,94.23,153.99,-4.7276,55.6935,4145000
2023-09-12,180,2022-12-22,2023-09-12,143.97,124.2178,126.0946,115.9013,114.1762,94.23,153.99,-6.5069,52.7857,4470600
2023-09-13,180,2022-12-23,2023-09-13,144.58,124.5039,126.3556,116.1249,114.4231,94.23,153.99,-6.1108,53.4331,4625200
2023-09-14,180,2022-12-27,2023-09-14,144.57,124.7947,126.6186,115.8463,114.1775,94.23,153.99,-6.1173,53.4225,5629800
2023-09-15,180,2022-12-28,2023-09-15,138.25,125.077,126.857,110.5319,108.981,94.23,153.99,-10.2214,46.7155,13654600
2023-09-18,180,2022-12-29,2023-09-18,140.27,125.3804,127.1128,111.8755,110.3508,96.73,153.99,-8.9097,45.0119,5607700
2023-09-19,180,2022-12-30,2023-09-19,137.71,125.6459,127.3382,109.6017,108.1451,96.73,153.99,-10.5721,42.3653,6365400
2023-09-20,180,2023-01-03,2023-09-20,136.97,125.9067,127.5581,108.7869,107.3785,96.73,153.99,-11.0527,41.6003,5806900
2023-09-21,180,2023-01-04,2023-09-21,135.19,126.1663,127.7718,107.1522,105.8058,97.92,153.99,-12.2086,38.0617,5241000
2023-09-22,180,2023-01-05,2023-09-22,136.17,126.4078,127.9766,107.7228,106.4023,97.92,153.99,-11.5722,39.0625,5301100
2023-09-25,180,2023-01-06,2023-09-25,136.59,126.665,128.1914,107.8357,106.5516,104.27,153.99,-11.2994,30.9965,5161300
2023-09-26,180,2023-01-09,2023-09-26,134.08,126.8553,128.357,105.6952,104.4587,106.16,153.99,-12.9294,26.2999,5343000
2023-09-27,180,2023-01-10,2023-09-27,135.06,127.0331,128.5157,106.3187,105.0922,106.16,153.99,-12.293,27.2231,6296200
2023-09-28,180,2023-01-11,2023-09-28,138.22,127.2146,128.6834,108.6511,107.4109,106.16,153.99,-10.2409,30.1997,5341600
2023-09-29,180,2023-01-12,2023-09-29,138.45,127.3823,128.8411,108.6885,107.4579,106.16,153.99,-10.0916,30.4163,4448200
2023-10-02,180,2023-01-13,2023-10-02,139.51,127.5544,129.0039,109.3729,108.144,106.16,153.99,-9.4032,31.4148,4896900
2023-10-03,180,2023-01-17,2023-10-03,136.72,127.7154,129.1526,107.0505,105.8593,106.16,153.99,-11.215,28.7867,6173000
2023-10-04,180,2023-01-18,2023-10-04,139.3,127.8934,129.3186,108.9188,107.7184,106.16,153.99,-9.5396,31.217,5543600
2023-10-05,180,2023-01-19,2023-10-05,139.28,128.0696,129.4829,108.7534,107.5663,106.16,153.99,-9.5526,31.1982,4310400
2023-10-06,180,2023-01-20,2023-10-06,140.29,128.2787,129.6726,109.3634,108.1879,108.2,153.99,-8.8967,29.658,5234400
2023-10-09,180,2023-01-23,2023-10-09,140.15,128.4604,129.842,109.0997,107.9389,108.2,153.99,-8.9876,29.5286,3271500
2023-10-10,180,2023-01-24,2023-10-10,141.4,128.6153,129.9933,109.9402,108.7748,108.2,153.99,-8.1759,30.6839,3342900
2023-10-11,180,2023-01-25,2023-10-11,142.18,128.7825,130.1555,110.4032,109.2386,108.2,153.99,-7.6693,31.4048,5136900
2023-10-12,180,2023-01-26,2023-10-12,145.0,128.9559,130.328,112.4415,111.2577,108.2,153.99,-5.838,34.0111,8109900
2023-10-13,180,2023-01-27,2023-10-13,141.14,129.1008,130.47,109.3254,108.1781,108.2,153.99,-8.3447,30.4436,6600500
2023-10-16,180,2023-01-30,2023-10-16,141.0,129.2674,130.6283,109.0762,107.9398,108.2,153.99,-8.4356,30.3142,6097400
2023-10-17,180,2023-01-31,2023-10-17,142.72,129.4753,130.8201,110.2296,109.0964,110.31,153.99,-7.3187,29.3808,5915900
2023-10-18,180,2023-02-01,2023-10-18,141.45,129.6524,130.9866,109.0994,107.9882,110.31,153.99,-8.1434,28.2295,5357900
2023-10-19,180,2023-02-02,2023-10-19,134.43,129.7425,131.0722,103.6129,102.5618,110.31,153.99,-12.7021,21.8656,9400300
2023-10-20,180,2023-02-03,2023-10-20,134.12,129.7979,131.127,103.3299,102.2825,110.31,153.99,-12.9034,21.5846,6149500
2023-10-23,180,2023-02-06,2023-10-23,134.23,129.8807,131.2062,103.3487,102.3046,110.31,153.99,-12.832,21.6843,3820100
2023-10-24,180,2023-02-07,2023-10-24,134.9,129.9824,131.3018,103.7833,102.7404,110.31,153.99,-12.3969,22.2917,5238800
2023-10-25,180,2023-02-08,2023-10-25,130.11,130.0398,131.3551,100.054,99.0521,110.31,153.99,-15.5075,17.9494,7118100
2023-10-26,180,2023-02-09,2023-10-26,130.84,130.1321,131.4378,100.544,99.5452,110.31,153.99,-15.0334,18.6112,5462700
2023-10-27,180,2023-02-10,2023-10-27,131.3,130.2261,131.5223,100.8246,99.831,110.31,153.99,-14.7347,19.0282,4397300
2023-10-30,180,2023-02-13,2023-10-30,131.03,130.3281,131.6127,100.5386,99.5573,110.31,153.99,-14.9101,18.7834,4604600
2023-10-31,180,2023-02-14,2023-10-31,132.35,130.4249,131.7006,101.476,100.4931,110.31,153.99,-14.0529,19.9801,4108100
2023-11-01,180,2023-02-15,2023-11-01,135.29,130.5244,131.7942,103.6511,102.6525,110.31,153.99,-12.1437,22.6453,5127800
2023-11-02,180,2023-02-16,2023-11-02,138.51,130.6334,131.9,106.0295,105.0114,110.31,153.99,-10.0526,25.5643,6088400
2023-11-03,180,2023-02-17,2023-11-03,139.75,130.7768,132.0353,106.8615,105.8429,110.31,153.99,-9.2474,26.6884,5560300
2023-11-06,180,2023-02-21,2023-11-06,140.36,130.9231,132.1738,107.208,106.1935,110.31,153.99,-8.8512,27.2414,4823200
2023-11-07,180,2023-02-22,2023-11-07,141.74,131.1073,132.343,108.11,107.1005,110.31,153.99,-7.9551,28.4924,4886800
2023-11-08,180,2023-02-23,2023-11-08,144.23,131.3104,132.5309,109.839,108.8275,110.31,153.99,-6.3381,30.7497,4305900
2023-11-09,180,2023-02-24,2023-11-09,143.17,131.4899,132.699,108.8829,107.8908,110.31,153.99,-7.0264,29.7888,4979900
2023-11-10,180,2023-02-27,2023-11-10,150.68,131.7158,132.9177,114.3978,113.3634,110.31,153.99,-2.1495,36.5969,6699400
2023-11-13,180,2023-02-28,2023-11-13,149.74,131.9325,133.127,113.4974,112.4791,110.31,153.99,-2.7599,35.7447,4125200
2023-11-14,180,2023-03-01,2023-11-14,154.08,132.1378,133.3377,116.6056,115.5562,110.31,154.08,0.0,39.6791,6505000
2023-11-15,180,2023-03-02,2023-11-15,155.37,132.341,133.5494,117.4013,116.3389,110.31,155.37,0.0,40.8485,4383300
2023-11-16,180,2023-03-03,2023-11-16,154.81,132.5342,133.7514,116.8076,115.7445,110.31,155.37,-0.3604,40.3409,10513800
2023-11-17,180,2023-03-06,2023-11-17,148.59,132.698,133.9161,111.9761,110.9576,110.31,155.37,-4.3638,34.7022,18912700
2023-11-20,180,2023-03-07,2023-11-20,152.57,132.8823,134.1051,114.8159,113.769,110.31,155.37,-1.8021,38.3102,7087400
2023-11-21,180,2023-03-08,2023-11-21,149.25,133.0683,134.2878,112.1605,111.1419,110.31,155.37,-3.939,35.3005,6517900
2023-11-22,180,2023-03-09,2023-11-22,149.48,133.2395,134.4591,112.1889,111.1714,110.31,155.37,-3.791,35.509,5071300
2023-11-24,180,2023-03-10,2023-11-24,150.34,133.4264,134.6441,112.6763,111.6574,110.31,155.37,-3.2374,36.2886,1992000
2023-11-27,180,2023-03-13,2023-11-27,150.81,133.6356,134.8464,112.8517,111.8384,110.31,155.37,-2.9349,36.7147,3429700
2023-11-28,180,2023-03-14,2023-11-28,148.06,133.8222,135.0254,110.6393,109.6535,110.31,155.37,-4.7049,34.2217,5799600
2023-11-29,180,2023-03-15,2023-11-29,149.36,133.983,135.1866,111.4768,110.4843,110.31,155.37,-3.8682,35.4002,4975600
2023-11-30,180,2023-03-16,2023-11-30,149.78,134.1592,135.3605,111.6435,110.6527,110.31,155.37,-3.5979,35.781,7555600
2023-12-01,180,2023-03-17,2023-12-01,151.59,134.3138,135.5203,112.8626,111.8578,110.31,155.37,-2.4329,37.4218,4929400
2023-12-04,180,2023-03-20,2023-12-04,148.27,134.4555,135.6629,110.2744,109.293,110.31,155.37,-4.5697,34.4121,5859600
2023-12-05,180,2023-03-21,2023-12-05,146.15,134.5781,135.7857,108.5987,107.6328,110.31,155.37,-5.9342,32.4903,5206300
2023-12-06,180,2023-03-22,2023-12-06,144.7,134.7186,135.9207,107.4091,106.4591,110.31,155.37,-6.8675,31.1758,4491100
2023-12-07,180,2023-03-23,2023-12-07,148.39,134.8876,136.0848,110.0101,109.0423,110.31,155.37,-4.4925,34.5209,5753600
2023-12-08,180,2023-03-24,2023-12-08,147.72,135.0267,136.2233,109.4006,108.4396,110.31,155.37,-4.9237,33.9135,4990200
2023-12-11,180,2023-03-27,2023-12-11,155.14,135.2215,136.4212,114.7303,113.7214,110.31,155.37,-0.148,40.64,6945800
2023-12-12,180,2023-03-28,2023-12-12,157.22,135.4303,136.6342,116.0892,115.0663,110.31,157.22,0.0,42.5256,5705200
2023-12-13,180,2023-03-29,2023-12-13,156.99,135.657,136.8597,115.7257,114.7087,110.31,157.22,-0.1463,42.3171,5561700
2023-12-14,180,2023-03-30,2023-12-14,161.74,135.8783,137.0924,119.033,117.9788,110.31,161.74,0.0,46.6232,7401200
2023-12-15,180,2023-03-31,2023-12-15,161.95,136.0853,137.3138,119.0063,117.9415,110.31,161.95,0.0,46.8135,8577200
2023-12-18,180,2023-04-03,2023-12-18,160.36,136.2816,137.5223,117.6682,116.6066,110.31,161.95,-0.9818,45.3721,4772300
2023-12-19,180,2023-04-04,2023-12-19,162.33,136.4898,137.7446,118.932,117.8486,110.31,162.33,0.0,47.158,4958200
2023-12-20,180,2023-04-05,2023-12-20,156.92,136.6922,137.949,114.7981,113.7522,110.31,162.33,-3.3327,42.2536,5488700
2023-12-21,180,2023-04-06,2023-12-21,161.39,136.9342,138.1938,117.8595,116.7852,110.31,162.33,-0.5791,46.3059,4257300
2023-12-22,180,2023-04-10,2023-12-22,162.05,137.2021,138.4583,118.1105,117.0389,110.31,162.33,-0.1725,46.9042,2770600
2023-12-26,180,2023-04-11,2023-12-26,164.28,137.4637,138.7237,119.508,118.4224,110.31,164.28,0.0,48.9258,2520500
2023-12-27,180,2023-04-12,2023-12-27,164.21,137.7269,138.9894,119.2287,118.1457,110.31,164.28,-0.0426,48.8623,3319600
2023-12-28,180,2023-04-13,2023-12-28,163.12,138.0127,139.267,118.192,117.1275,110.31,164.28,-0.7061,47.8742,2909700
2023-12-29,180,2023-04-14,2023-12-29,162.07,138.2929,139.537,117.1933,116.1484,110.31,164.28,-1.3453,46.9223,2980700
2024-01-02,180,2023-04-17,2024-01-02,154.37,138.5462,139.7674,111.4213,110.4478,110.31,164.28,-6.0324,39.942,8607300
2024-01-03,180,2023-04-18,2024-01-03,151.45,138.7965,139.9877,109.1166,108.1881,110.31,164.28,-7.8098,37.2949,6100100
2024-01-04,180,2023-04-19,2024-01-04,149.31,139.042,140.1991,107.3849,106.4986,110.31,164.28,-9.1125,35.3549,6196100
2024-01-05,180,2023-04-20,2024-01-05,149.0,139.295,140.4138,106.9673,106.1149,110.31,164.28,-9.3012,35.0739,5400100
2024-01-08,180,2023-04-21,2024-01-08,151.56,139.5265,140.6203,108.6246,107.7796,110.31,164.28,-7.7429,37.3946,6515500
2024-01-09,180,2023-04-24,2024-01-09,151.03,139.764,140.8291,108.0607,107.2435,110.31,164.28,-8.0655,36.9142,5606700
2024-01-10,180,2023-04-25,2024-01-10,149.81,139.9952,141.0302,107.0108,106.2255,110.31,164.28,-8.8081,35.8082,5035700
2024-01-11,180,2023-04-26,2024-01-11,151.95,140.2635,141.2598,108.3318,107.5677,110.31,164.28,-7.5055,37.7482,5995600
2024-01-12,180,2023-04-27,2024-01-12,151.25,140.5322,141.4873,107.6266,106.9001,111.68,164.28,-7.9316,35.4316,4083700
2024-01-16,180,2023-04-28,2024-01-16,153.76,140.8016,141.7211,109.2033,108.4948,112.16,164.28,-6.4037,37.0899,6528000
2024-01-17,180,2023-05-01,2024-01-17,153.37,141.0584,141.9452,108.728,108.0488,112.16,164.28,-6.6411,36.7421,6630600
2024-01-18,180,2023-05-02,2024-01-18,160.34,141.3482,142.2084,113.4362,112.75,112.16,164.28,-2.3983,42.9565,8133700
2024-01-19,180,2023-05-03,2024-01-19,167.94,141.6777,142.5183,118.5367,117.8375,112.45,167.94,0.0,49.3464,9159000
2024-01-22,180,2023-05-04,2024-01-22,168.3,142.0002,142.8239,118.521,117.8374,112.45,168.3,0.0,49.6665,7176400
2024-01-23,180,2023-05-05,2024-01-23,167.05,142.3265,143.1273,117.371,116.7143,113.84,168.3,-0.7427,46.741,5053600
2024-01-24,180,2023-05-08,2024-01-24,174.14,142.6506,143.4499,122.0745,121.3943,113.84,174.14,0.0,52.9691,9729000
2024-01-25,180,2023-05-09,2024-01-25,172.63,142.9732,143.7659,120.7429,120.0771,113.84,174.14,-0.8671,51.6427,7234400
2024-01-26,180,2023-05-10,2024-01-26,166.9,143.291,144.0607,116.4762,115.8539,115.41,174.14,-4.1576,44.6148,6653700
2024-01-29,180,2023-05-11,2024-01-29,168.48,143.603,144.3556,117.3234,116.7118,115.46,174.14,-3.2503,45.9207,5370700
2024-01-30,180,2023-05-12,2024-01-30,166.24,143.9068,144.6377,115.5192,114.9355,116.09,174.14,-4.5366,43.1993,5255300
2024-01-31,180,2023-05-15,2024-01-31,164.3,144.1982,144.9055,113.9404,113.3842,120.92,174.14,-5.6506,35.875,6049400
2024-02-01,180,2023-05-16,2024-02-01,166.97,144.4606,145.1603,115.5817,115.0246,120.92,174.14,-4.1174,38.083,4082600
2024-02-02,180,2023-05-17,2024-02-02,168.18,144.7306,145.4228,116.2021,115.649,121.73,174.14,-3.4225,38.1582,4740800
2024-02-05,180,2023-05-18,2024-02-05,171.09,144.9766,145.675,118.0122,117.4464,121.73,174.14,-1.7515,40.5487,5749100
2024-02-06,180,2023-05-19,2024-02-06,168.7,145.1835,145.8904,116.1978,115.6347,121.73,174.14,-3.1239,38.5854,4550100
2024-02-07,180,2023-05-22,2024-02-07,170.9,145.4211,146.1346,117.5208,116.947,121.73,174.14,-1.8606,40.3927,5103400
2024-02-08,180,2023-05-23,2024-02-08,173.89,145.6743,146.3976,119.3691,118.7793,121.73,174.14,-0.1436,42.8489,7327900
2024-02-09,180,2023-05-24,2024-02-09,185.84,145.9876,146.7384,127.2985,126.6471,121.73,185.84,0.0,52.6657,9539900
2024-02-12,180,2023-05-25,2024-02-12,185.54,146.3229,147.0929,126.8018,126.1379,130.11,185.84,-0.1614,42.6024,7085400
2024-02-13,180,2023-05-26,2024-02-13,180.31,146.5753,147.3698,123.0153,122.352,130.11,185.84,-2.9757,38.5827,9692500
2024-02-14,180,2023-05-30,2024-02-14,186.19,146.8119,147.6483,126.8222,126.1037,130.11,186.19,0.0,43.102,8437900
2024-02-15,180,2023-05-31,2024-02-15,187.66,147.0509,147.9322,127.6156,126.8554,130.11,187.66,0.0,44.2318,8622900
2024-02-16,180,2023-06-01,2024-02-16,199.57,147.3508,148.3003,135.4387,134.5715,130.11,199.57,0.0,53.3856,15557900
2024-02-20,180,2023-06-02,2024-02-20,189.14,147.6082,148.6021,128.1365,127.2795,130.11,199.57,-5.2262,45.3693,11216100
2024-02-21,180,2023-06-05,2024-02-21,190.33,147.8717,148.9115,128.7129,127.8142,130.11,199.57,-4.63,46.2839,6977500
2024-02-22,180,2023-06-06,2024-02-22,199.73,148.1725,149.2782,134.7956,133.7972,130.11,199.73,0.0,53.5086,10225900
2024-02-23,180,2023-06-07,2024-02-23,197.16,148.4651,149.6294,132.7989,131.7656,130.11,199.73,-1.2867,51.5333,5108100
2024-02-26,180,2023-06-08,2024-02-26,203.55,148.7712,150.0102,136.8209,135.6908,130.11,203.55,0.0,56.4445,6466600
2024-02-27,180,2023-06-09,2024-02-27,202.86,149.0684,150.3805,136.0852,134.8978,130.11,203.55,-0.339,55.9142,5167100
2024-02-28,180,2023-06-12,2024-02-28,197.54,149.3509,150.7217,132.2657,131.0627,130.11,203.55,-2.9526,51.8254,6207900
2024-02-29,180,2023-06-13,2024-02-29,201.62,149.6219,151.064,134.753,133.4666,130.11,203.55,-0.9482,54.9612,9449600
2024-03-01,180,2023-06-14,2024-03-01,210.25,149.908,151.4443,140.2527,138.8299,130.11,210.25,0.0,61.594,7647400
2024-03-04,180,2023-06-15,2024-03-04,209.49,150.197,151.8239,139.4768,137.9822,130.11,210.25,-0.3615,61.0099,7089800
2024-03-05,180,2023-06-16,2024-03-05,207.39,150.4878,152.1977,137.8119,136.2636,130.11,210.25,-1.3603,59.3959,6100200
2024-03-06,180,2023-06-20,2024-03-06,212.17,150.801,152.6046,140.6953,139.0325,130.11,212.17,0.0,63.0697,5642400
2024-03-07,180,2023-06-21,2024-03-07,212.61,151.1195,153.0162,140.69,138.9461,130.11,212.61,0.0,63.4079,6363100
2024-03-08,180,2023-06-22,2024-03-08,205.56,151.4313,153.3989,135.7448,134.0036,130.11,212.61,-3.3159,57.9894,6940800
2024-03-11,180,2023-06-23,2024-03-11,201.37,151.7162,153.7458,132.7281,130.9759,130.11,212.61,-5.2867,54.769,6566600
2024-03-12,180,2023-06-26,2024-03-12,204.94,152.0327,154.1284,134.8,132.967,130.11,212.61,-3.6075,57.5129,7211300
2024-03-13,180,2023-06-27,2024-03-13,200.56,152.3115,154.466,131.6776,129.8409,130.11,212.61,-5.6677,54.1465,5050300
2024-03-14,180,2023-06-28,2024-03-14,200.75,152.5493,154.7671,131.5968,129.711,130.11,212.61,-5.5783,54.2925,4934900
2024-03-15,180,2023-06-29,2024-03-15,198.65,152.7965,155.0706,130.0095,128.103,130.11,212.61,-6.566,52.6785,9936400
2024-03-18,180,2023-06-30,2024-03-18,200.73,153.05,155.3844,131.1532,129.1828,130.11,212.61,-5.5877,54.2771,5062300
2024-03-19,180,2023-07-03,2024-03-19,201.34,153.3044,155.7,131.3334,129.3128,130.11,212.61,-5.3008,54.746,4624500
2024-03-20,180,2023-07-05,2024-03-20,205.06,153.5657,156.0311,133.5324,131.4226,130.11,212.61,-3.5511,57.6051,4278000
2024-03-21,180,2023-07-06,2024-03-21,210.8,153.8657,156.4118,137.0026,134.7724,130.11,212.61,-0.8513,62.0168,6145200
2024-03-22,180,2023-07-07,2024-03-22,210.25,154.1777,156.8,136.3686,134.088,130.11,212.61,-1.11,61.594,3829200
2024-03-25,180,2023-07-10,2024-03-25,208.46,154.491,157.1827,134.9334,132.6227,130.11,212.61,-1.9519,60.2183,3137600
2024-03-26,180,2023-07-11,2024-03-26,206.67,154.7934,157.55,133.5134,131.1774,130.11,212.61,-2.7938,58.8425,3607400
2024-03-27,180,2023-07-12,2024-03-27,208.0,155.1218,157.9413,134.0882,131.6945,130.11,212.61,-2.1683,59.8647,3123900
2024-03-28,180,2023-07-13,2024-03-28,206.23,155.4367,158.3154,132.6778,130.2652,130.11,212.61,-3.0008,58.5043,5750100
2024-04-01,180,2023-07-14,2024-04-01,208.69,155.7351,158.6823,134.0032,131.5143,130.11,212.61,-1.8438,60.3951,3189700
2024-04-02,180,2023-07-17,2024-04-02,206.11,156.0258,159.0344,132.0999,129.6009,130.11,212.61,-3.0572,58.4121,4311400
2024-04-03,180,2023-07-18,2024-04-03,207.38,156.3037,159.3782,132.6776,130.1182,130.11,212.61,-2.4599,59.3882,3375600
2024-04-04,180,2023-07-19,2024-04-04,203.39,156.5761,159.7053,129.8985,127.3533,130.11,212.61,-4.3366,56.3216,6242800
2024-04-05,180,2023-07-20,2024-04-05,207.85,156.882,160.0723,132.4881,129.8476,130.11,212.61,-2.2388,59.7494,3330700
2024-04-08,180,2023-07-21,2024-04-08,209.04,157.2489,160.489,132.9358,130.2519,130.11,212.61,-1.6791,60.664,4435500
2024-04-09,180,2023-07-24,2024-04-09,210.41,157.6039,160.9002,133.5056,130.7705,130.11,212.61,-1.0348,61.717,3659200
2024-04-10,180,2023-07-25,2024-04-10,209.25,157.9426,161.2941,132.4848,129.732,130.11,212.61,-1.5804,60.8255,4645300
2024-04-11,180,2023-07-26,2024-04-11,212.98,158.2821,161.6992,134.5572,131.7137,130.11,212.98,0.0,63.6923,4291600
2024-04-12,180,2023-07-27,2024-04-12,207.86,158.6144,162.0816,131.0474,128.244,130.11,212.98,-2.404,59.7571,5854800
2024-04-15,180,2023-07-28,2024-04-15,205.68,158.8917,162.4124,129.4466,126.6406,130.11,212.98,-3.4276,58.0816,4492500
2024-04-16,180,2023-07-31,2024-04-16,209.48,159.1458,162.7321,131.6278,128.7269,130.11,212.98,-1.6433,61.0022,3749200
2024-04-17,180,2023-08-01,2024-04-17,199.89,159.3704,163.0004,125.4248,122.6316,130.11,212.98,-6.1461,53.6315,6350300
2024-04-18,180,2023-08-02,2024-04-18,194.32,159.5689,163.2321,121.7781,119.0452,130.11,212.98,-8.7614,49.3506,6219400
2024-04-19,180,2023-08-03,2024-04-19,189.77,159.784,163.4678,118.7666,116.0901,130.11,212.98,-10.8977,45.8535,6495200
2024-04-22,180,2023-08-04,2024-04-22,189.46,159.9952,163.6992,118.4161,115.7367,130.11,212.98,-11.0433,45.6153,7149800
2024-04-23,180,2023-08-07,2024-04-23,193.24,160.236,163.9636,120.5972,117.8555,130.11,212.98,-9.2685,48.5205,4425900
2024-04-24,180,2023-08-08,2024-04-24,196.06,160.4573,164.2173,122.1883,119.3906,130.11,212.98,-7.9444,50.6879,4609400
2024-04-25,180,2023-08-09,2024-04-25,197.5,160.6998,164.4923,122.9,120.0664,130.11,212.98,-7.2683,51.7946,4238300
2024-04-26,180,2023-08-10,2024-04-26,203.38,160.9832,164.8157,126.3362,123.3984,130.11,212.98,-4.5075,56.3139,3933500
2024-04-29,180,2023-08-11,2024-04-29,205.26,161.2779,165.1527,127.271,124.285,130.11,212.98,-3.6248,57.7588,2789200
2024-04-30,180,2023-08-14,2024-04-30,198.65,161.592,165.485,122.9331,120.0411,130.11,212.98,-6.7283,52.6785,3898200
2024-05-01,180,2023-08-15,2024-05-01,193.99,161.867,165.7744,119.8453,117.0205,130.11,212.98,-8.9163,49.0969,5815500
2024-05-02,180,2023-08-16,2024-05-02,197.91,162.1712,166.0957,122.0377,119.1542,130.11,212.98,-7.0758,52.1098,3523200
2024-05-03,180,2023-08-17,2024-05-03,204.09,162.5129,166.4615,125.5839,122.6049,130.11,212.98,-4.1741,56.8596,3818500
2024-05-06,180,2023-08-18,2024-05-06,208.86,162.8776,166.8574,128.2313,125.1727,130.11,212.98,-1.9345,60.5257,3638500
2024-05-07,180,2023-08-21,2024-05-07,207.32,163.2005,167.2167,127.034,123.9829,130.11,212.98,-2.6575,59.3421,3200900
2024-05-08,180,2023-08-22,2024-05-08,207.36,163.482,167.5422,126.8397,123.7659,130.11,212.98,-2.6387,59.3728,2932300
2024-05-09,180,2023-08-23,2024-05-09,206.33,163.7671,167.8671,125.9899,122.9127,130.11,212.98,-3.1224,58.5812,2758200
2024-05-10,180,2023-08-24,2024-05-10,209.73,164.064,168.21,127.8343,124.6834,130.11,212.98,-1.526,61.1944,3502900
2024-05-13,180,2023-08-25,2024-05-13,206.63,164.3901,168.5662,125.6949,122.5809,130.11,212.98,-2.9815,58.8118,3526900
2024-05-14,180,2023-08-28,2024-05-14,209.82,164.7152,168.9298,127.3835,124.2054,130.11,212.98,-1.4837,61.2636,3442200
2024-05-15,180,2023-08-29,2024-05-15,217.49,165.0594,169.3302,131.7647,128.4413,130.11,217.49,0.0,67.1586,5820900
2024-05-16,180,2023-08-30,2024-05-16,214.03,165.362,169.6861,129.4312,126.1329,130.11,217.49,-1.5909,64.4993,7977900
2024-05-17,180,2023-08-31,2024-05-17,212.08,165.6526,170.0257,128.027,124.7341,130.11,217.49,-2.4875,63.0005,8031800
2024-05-20,180,2023-09-01,2024-05-20,219.95,165.958,170.3989,132.5335,129.0794,130.11,219.95,0.0,69.0493,5954500
2024-05-21,180,2023-09-05,2024-05-21,219.8,166.256,170.7646,132.2057,128.7152,130.11,219.95,-0.0682,68.934,3918200
2024-05-22,180,2023-09-06,2024-05-22,218.15,166.5523,171.1231,130.9798,127.4813,130.11,219.95,-0.8184,67.6658,5047000
2024-05-23,180,2023-09-07,2024-05-23,217.95,166.8519,171.4829,130.6249,127.0972,130.11,219.95,-0.9093,67.5121,5806600
2024-05-24,180,2023-09-08,2024-05-24,220.89,167.1958,171.8866,132.1146,128.5091,130.11,220.89,0.0,69.7717,3795700
2024-05-28,180,2023-09-11,2024-05-28,221.32,167.5475,172.2966,132.0939,128.4529,130.11,221.32,0.0,70.1022,5509400
2024-05-29,180,2023-09-12,2024-05-29,219.05,167.8993,172.6984,130.4651,126.8396,130.11,221.32,-1.0257,68.3575,4718800
2024-05-30,180,2023-09-13,2024-05-30,216.54,168.2646,173.1016,128.6901,125.0942,130.11,221.32,-2.1598,66.4284,4059200
2024-05-31,180,2023-09-14,2024-05-31,215.08,168.622,173.4933,127.5516,123.9702,130.11,221.32,-2.8194,65.3063,13548700
2024-06-03,180,2023-09-15,2024-06-03,214.21,168.978,173.8802,126.768,123.194,130.11,221.32,-3.2125,64.6376,3828100
2024-06-04,180,2023-09-18,2024-06-04,212.22,169.3789,174.2911,125.2931,121.7618,130.11,221.32,-4.1117,63.1081,4379600
2024-06-05,180,2023-09-19,2024-06-05,223.37,169.8026,174.7528,131.5468,127.8206,130.11,223.37,0.0,71.6778,7887900
2024-06-06,180,2023-09-20,2024-06-06,221.75,170.2446,175.2197,130.2537,126.5554,130.11,223.37,-0.7253,70.4327,3951200
2024-06-07,180,2023-09-21,2024-06-07,221.73,170.6952,175.6906,129.8982,126.2048,130.11,223.37,-0.7342,70.4173,3627200
2024-06-10,180,2023-09-22,2024-06-10,228.16,171.1845,176.2071,133.2831,129.484,130.11,228.16,0.0,75.3593,4796900
2024-06-11,180,2023-09-25,2024-06-11,229.97,171.6735,176.7282,133.9577,130.1264,130.11,229.97,0.0,76.7504,4768600
2024-06-12,180,2023-09-26,2024-06-12,237.65,172.1848,177.2896,138.0203,134.0462,130.11,237.65,0.0,82.6531,5573500
2024-06-13,180,2023-09-27,2024-06-13,237.55,172.7215,177.8644,137.5335,133.5568,130.11,237.65,-0.0421,82.5763,3682400
2024-06-14,180,2023-09-28,2024-06-14,237.03,173.2511,178.4309,136.813,132.8413,130.11,237.65,-0.2609,82.1766,3306500
2024-06-17,180,2023-09-29,2024-06-17,242.86,173.7725,179.0123,139.7575,135.6667,130.11,242.86,0.0,86.6574,4974600
2024-06-18,180,2023-10-02,2024-06-18,247.83,174.3089,179.6199,142.1786,137.9747,130.11,247.83,0.0,90.4773,5256900
2024-06-20,180,2023-10-03,2024-06-20,239.99,174.8169,180.1782,137.2807,133.1959,130.11,247.83,-3.1635,84.4516,7045000
2024-06-21,180,2023-10-04,2024-06-21,235.41,175.3391,180.7264,134.2598,130.2576,130.11,247.83,-5.0115,80.9315,15289800
2024-06-24,180,2023-10-05,2024-06-24,229.84,175.8234,181.2294,130.722,126.8227,130.11,247.83,-7.259,76.6505,5928700
2024-06-25,180,2023-10-06,2024-06-25,234.27,176.3249,181.7572,132.8627,128.8918,130.11,247.83,-5.4715,80.0553,4594900
2024-06-26,180,2023-10-09,2024-06-26,232.17,176.8134,182.2676,131.3079,127.3786,130.11,247.83,-6.3188,78.4413,4818700
2024-06-27,180,2023-10-10,2024-06-27,232.53,177.3072,182.7808,131.1453,127.2179,130.11,247.83,-6.1736,78.718,4309600
2024-06-28,180,2023-10-11,2024-06-28,235.99,177.8036,183.3063,132.7251,128.7408,130.11,247.83,-4.7775,81.3773,6387400
2024-07-01,180,2023-10-12,2024-07-01,237.41,178.3005,183.8354,133.1516,129.1427,130.11,247.83,-4.2045,82.4687,4239600
2024-07-02,180,2023-10-13,2024-07-02,240.86,178.7866,184.3679,134.7193,130.6409,130.11,247.83,-2.8124,85.1203,3510600
2024-07-03,180,2023-10-16,2024-07-03,243.31,179.3165,184.9356,135.6874,131.5647,130.11,247.83,-1.8238,87.0033,2768800
2024-07-05,180,2023-10-17,2024-07-05,242.59,179.8486,185.4999,134.8856,130.7763,130.11,247.83,-2.1144,86.4499,4076200
2024-07-08,180,2023-10-18,2024-07-08,246.29,180.3797,186.0753,136.5398,132.3604,130.11,247.83,-0.6214,89.2937,3782100
2024-07-09,180,2023-10-19,2024-07-09,251.47,180.9405,186.6866,138.9794,134.7017,130.11,251.47,0.0,93.2749,4889900
2024-07-10,180,2023-10-20,2024-07-10,254.97,181.5824,187.3562,140.4156,136.0884,130.11,254.97,0.0,95.965,4258100
2024-07-11,180,2023-10-23,2024-07-11,241.26,182.191,187.9514,132.4215,128.3629,130.11,254.97,-5.3771,85.4277,5623800
2024-07-12,180,2023-10-24,2024-07-12,243.4,182.8093,188.5579,133.1442,129.085,130.11,254.97,-4.5378,87.0725,5396300
2024-07-15,180,2023-10-25,2024-07-15,245.55,183.4316,189.1727,133.8646,129.8021,130.11,254.97,-3.6946,88.7249,3674300
2024-07-16,180,2023-10-26,2024-07-16,245.84,184.1104,189.8156,133.5286,129.5152,130.84,254.97,-3.5808,87.8936,4124800
2024-07-17,180,2023-10-27,2024-07-17,220.07,184.6958,190.3113,119.1527,115.6368,131.03,254.97,-13.6879,67.9539,10538900
2024-07-18,180,2023-10-30,2024-07-18,217.65,185.2702,190.7911,117.477,114.0777,131.03,254.97,-14.637,66.107,7715800
2024-07-19,180,2023-10-31,2024-07-19,210.26,185.8203,191.2312,113.1523,109.9507,132.35,254.97,-17.5354,58.8666,6517100
2024-07-22,180,2023-11-01,2024-07-22,223.47,186.4132,191.7374,119.8789,116.55,135.29,254.97,-12.3544,65.1785,7515600
2024-07-23,180,2023-11-02,2024-07-23,219.65,186.9628,192.2061,117.4832,114.2784,138.51,254.97,-13.8526,58.5806,3635300
2024-07-24,180,2023-11-03,2024-07-24,206.53,187.4257,192.584,110.193,107.2415,139.75,254.97,-18.9983,47.7853,9263400
2024-07-25,180,2023-11-06,2024-07-25,202.32,187.8586,192.9316,107.698,104.8662,140.36,254.97,-20.6495,44.1436,9961400
2024-07-26,180,2023-11-07,2024-07-26,206.47,188.3069,193.2989,109.6455,106.8139,141.74,254.97,-19.0218,45.6681,5209000
2024-07-29,180,2023-11-08,2024-07-29,205.57,188.7395,193.6535,108.9173,106.1535,143.17,254.97,-19.3748,43.5846,4199200
2024-07-30,180,2023-11-09,2024-07-30,196.74,189.1064,193.9452,104.0367,101.441,143.17,254.97,-22.838,37.4171,7652600
2024-07-31,180,2023-11-10,2024-07-31,212.2,189.5589,194.3287,111.9441,109.1964,144.7,254.97,-16.7745,46.6482,11123700
2024-08-01,180,2023-11-13,2024-08-01,196.3,189.8673,194.5822,103.388,100.8828,144.7,254.97,-23.0105,35.66,11268300
2024-08-02,180,2023-11-14,2024-08-02,181.81,190.1035,194.7603,95.6374,93.3506,144.7,254.97,-28.6936,25.6462,12991600
2024-08-05,180,2023-11-15,2024-08-05,181.89,190.303,194.9148,95.5792,93.3177,144.7,254.97,-28.6622,25.7015,10079100
2024-08-06,180,2023-11-16,2024-08-06,183.31,190.5005,195.0701,96.2255,93.9714,144.7,254.97,-28.1053,26.6828,5803900
2024-08-07,180,2023-11-17,2024-08-07,178.51,190.6736,195.2017,93.6207,91.449,144.7,254.97,-29.9878,23.3656,6652100
2024-08-08,180,2023-11-20,2024-08-08,190.55,190.9734,195.4348,99.7783,97.5005,144.7,254.97,-25.2657,31.6863,8637100
2024-08-09,180,2023-11-21,2024-08-09,191.18,191.242,195.6493,99.9676,97.7156,144.7,254.97,-25.0186,32.1216,5050800
2024-08-12,180,2023-11-22,2024-08-12,193.09,191.5516,195.8929,100.8031,98.5692,144.7,254.97,-24.2695,33.4416,5568100
2024-08-13,180,2023-11-24,2024-08-13,200.8,191.9007,196.178,104.6374,102.356,144.7,254.97,-21.2456,38.7699,6198900
2024-08-14,180,2023-11-27,2024-08-14,201.63,192.2475,196.4629,104.8804,102.63,144.7,254.97,-20.9201,39.3435,5377900
2024-08-15,180,2023-11-28,2024-08-15,211.83,192.6405,196.8019,109.9613,107.6361,144.7,254.97,-16.9196,46.3925,12073500
2024-08-16,180,2023-11-29,2024-08-16,207.9,193.0421,197.1344,107.6967,105.461,144.7,254.97,-18.461,43.6766,11644600
2024-08-19,180,2023-11-30,2024-08-19,210.94,193.4476,197.4765,109.0424,106.8178,144.7,254.97,-17.2687,45.7775,5285400
2024-08-20,180,2023-12-01,2024-08-20,206.16,193.828,197.7897,106.3624,104.2319,144.7,254.97,-19.1434,42.4741,4860300
2024-08-21,180,2023-12-04,2024-08-21,209.12,194.2075,198.1093,107.6786,105.5579,144.7,254.97,-17.9825,44.5197,4460500
2024-08-22,180,2023-12-05,2024-08-22,200.2,194.5748,198.3978,102.891,100.9084,144.7,254.97,-21.481,38.3552,6621900
2024-08-23,180,2023-12-06,2024-08-23,202.67,194.9769,198.7118,103.9456,101.9919,144.7,254.97,-20.5122,40.0622,5296400
2024-08-26,180,2023-12-07,2024-08-26,196.23,195.361,198.9981,100.4448,98.609,147.72,254.97,-23.038,32.8392,7333900
2024-08-27,180,2023-12-08,2024-08-27,195.77,195.7074,199.2613,100.032,98.2479,147.72,254.97,-23.2184,32.5278,6632500
2024-08-28,180,2023-12-11,2024-08-28,192.89,196.0453,199.5123,98.3905,96.6808,149.0,254.97,-24.348,29.4564,6412500
2024-08-29,180,2023-12-12,2024-08-29,192.98,196.3156,199.7225,98.3009,96.6241,149.0,254.97,-24.3127,29.5168,6730300
2024-08-30,180,2023-12-13,2024-08-30,197.26,196.5924,199.9449,100.3396,98.6572,149.0,254.97,-22.634,32.3893,7313800
2024-09-03,180,2023-12-14,2024-09-03,183.37,196.7893,200.0915,93.1809,91.6431,149.0,254.97,-28.0817,23.0671,12163400
2024-09-04,180,2023-12-15,2024-09-04,182.38,196.94,200.2062,92.6069,91.0961,149.0,254.97,-28.47,22.4027,6378100
2024-09-05,180,2023-12-18,2024-09-05,180.24,197.0751,200.3078,91.4575,89.9815,149.0,254.97,-29.3093,20.9664,6495000
2024-09-06,180,2023-12-19,2024-09-06,174.75,197.186,200.3877,88.6219,87.2059,149.0,254.97,-31.4625,17.2819,8887900
2024-09-09,180,2023-12-20,2024-09-09,177.55,197.3001,200.4723,89.9898,88.5659,149.0,254.97,-30.3644,19.1611,7492500
2024-09-10,180,2023-12-21,2024-09-10,178.05,197.4638,200.5897,90.1684,88.7633,149.0,254.97,-30.1683,19.4966,5367900
2024-09-11,180,2023-12-22,2024-09-11,185.94,197.6412,200.7261,94.0796,92.6337,149.0,254.97,-27.0738,24.7919,8187100
2024-09-12,180,2023-12-26,2024-09-12,183.21,197.796,200.8436,92.6258,91.2202,149.0,254.97,-28.1445,22.9597,8011700
2024-09-13,180,2023-12-27,2024-09-13,188.47,197.9659,200.978,95.2033,93.7764,149.0,254.97,-26.0815,26.4899,4851300
2024-09-16,180,2023-12-28,2024-09-16,187.58,198.1312,201.1078,94.6746,93.2733,149.0,254.97,-26.4306,25.8926,5915800
2024-09-17,180,2023-12-29,2024-09-17,188.59,198.312,201.2493,95.0976,93.7096,149.0,254.97,-26.0344,26.5705,4026100
2024-09-18,180,2024-01-02,2024-09-18,186.14,198.4864,201.3831,93.7797,92.4308,149.0,254.97,-26.9953,24.9262,4266900
2024-09-19,180,2024-01-03,2024-09-19,196.71,198.7921,201.6183,98.9526,97.5656,149.0,254.97,-22.8497,32.0201,7326100
2024-09-20,180,2024-01-04,2024-09-20,192.16,199.0997,201.8444,96.5145,95.202,149.0,254.97,-24.6343,28.9664,14306900
2024-09-23,180,2024-01-05,2024-09-23,194.04,199.4403,202.0929,97.2923,96.0152,149.0,254.97,-23.8969,30.2282,4457900
2024-09-24,180,2024-01-08,2024-09-24,196.78,199.801,202.3584,98.488,97.2433,149.81,254.97,-22.8223,31.353,4849700
2024-09-25,180,2024-01-09,2024-09-25,197.31,200.1409,202.6126,98.5855,97.3829,149.81,254.97,-22.6144,31.7068,5060100
2024-09-26,180,2024-01-10,2024-09-26,209.61,200.5535,202.938,104.5157,103.2877,149.81,254.97,-17.7903,39.9172,7849800
2024-09-27,180,2024-01-11,2024-09-27,204.92,200.9555,203.2442,101.9728,100.8245,151.25,254.97,-19.6298,35.4843,4524800
2024-09-30,180,2024-01-12,2024-09-30,202.05,201.3223,203.5225,100.3615,99.2765,151.25,254.97,-20.7554,33.5868,5746000
2024-10-01,180,2024-01-16,2024-10-01,197.2,201.6697,203.7778,97.7836,96.7721,153.37,254.97,-22.6576,28.578,6930100
2024-10-02,180,2024-01-17,2024-10-02,201.15,202.0165,204.0411,99.5711,98.5831,153.37,254.97,-21.1084,31.1534,5536600
2024-10-03,180,2024-01-18,2024-10-03,199.59,202.3595,204.2978,98.6314,97.6956,160.34,254.97,-21.7202,24.4792,3813300
2024-10-04,180,2024-01-19,2024-10-04,201.97,202.6523,204.5291,99.6633,98.7488,164.3,254.97,-20.7868,22.9276,4131100
2024-10-07,180,2024-01-22,2024-10-07,200.13,202.8711,204.7079,98.6489,97.7637,164.3,254.97,-21.5084,21.8077,3711100
2024-10-08,180,2024-01-23,2024-10-08,200.88,203.0917,204.8889,98.911,98.0434,164.3,254.97,-21.2143,22.2642,3616100
2024-10-09,180,2024-01-24,2024-10-09,205.06,203.3462,205.1001,100.8428,99.9804,164.3,254.97,-19.5749,24.8083,4141600
2024-10-10,180,2024-01-25,2024-10-10,203.96,203.5393,205.2658,100.2067,99.3639,164.3,254.97,-20.0063,24.1388,3796800
2024-10-11,180,2024-01-26,2024-10-11,205.06,203.7504,205.4459,100.6428,99.8121,164.3,254.97,-19.5749,24.8083,2604100
2024-10-14,180,2024-01-29,2024-10-14,213.89,204.0544,205.707,104.8201,103.978,164.3,254.97,-16.1117,30.1826,5239300
2024-10-15,180,2024-01-30,2024-10-15,191.02,204.2165,205.8322,93.538,92.8037,164.3,254.97,-25.0814,16.2629,16613200
2024-10-16,180,2024-01-31,2024-10-16,184.59,204.3552,205.9342,90.328,89.6354,164.3,254.97,-27.6032,12.3494,10972600
2024-10-17,180,2024-02-01,2024-10-17,183.24,204.5013,206.0394,89.6034,88.9345,166.97,254.97,-28.1327,9.7443,9727100
2024-10-18,180,2024-02-02,2024-10-18,186.36,204.6461,206.1471,91.0645,90.4015,168.18,254.97,-26.909,10.8099,5758600
2024-10-21,180,2024-02-05,2024-10-21,184.46,204.7683,206.2376,90.0823,89.4406,168.7,254.97,-27.6542,9.342,4918100
2024-10-22,180,2024-02-06,2024-10-22,183.0,204.857,206.3037,89.3306,88.7042,168.7,254.97,-28.2269,8.4766,6753600
2024-10-23,180,2024-02-07,2024-10-23,182.7,204.9629,206.3815,89.1381,88.5254,170.9,254.97,-28.3445,6.9046,6015200
2024-10-24,180,2024-02-08,2024-10-24,183.75,205.0585,206.4529,89.6086,89.0034,173.89,254.97,-27.9327,5.6703,6122100
2024-10-25,180,2024-02-09,2024-10-25,186.52,205.1495,206.5231,90.9191,90.3144,174.75,254.97,-26.8463,6.7353,4794700
2024-10-28,180,2024-02-12,2024-10-28,185.34,205.1461,206.5203,90.3454,89.7442,174.75,254.97,-27.3091,6.0601,4101000
2024-10-29,180,2024-02-13,2024-10-29,190.12,205.1764,206.5457,92.6617,92.0474,174.75,254.97,-25.4344,8.7954,6007400
2024-10-30,180,2024-02-14,2024-10-30,185.3,205.2114,206.5734,90.2971,89.7018,174.75,254.97,-27.3248,6.0372,5851300
2024-10-31,180,2024-02-15,2024-10-31,181.58,205.1795,206.5478,88.4981,87.9118,174.75,254.97,-28.7838,3.9084,7307500
2024-11-01,180,2024-02-16,2024-11-01,183.38,205.1504,206.5241,89.3881,88.7935,174.75,254.97,-28.0778,4.9385,6318900
2024-11-04,180,2024-02-20,2024-11-04,181.82,205.0361,206.4254,88.6771,88.0802,174.75,254.97,-28.6896,4.0458,3857600
2024-11-05,180,2024-02-21,2024-11-05,186.48,205.0185,206.4107,90.9577,90.3442,174.75,254.97,-26.862,6.7124,4053000
2024-11-06,180,2024-02-22,2024-11-06,187.52,205.0001,206.3951,91.4731,90.8549,174.75,254.97,-26.4541,7.3076,6393300
2024-11-07,180,2024-02-23,2024-11-07,194.09,204.9661,206.3637,94.6937,94.0524,174.75,254.97,-23.8773,11.0672,5274700
2024-11-08,180,2024-02-26,2024-11-08,192.03,204.9345,206.3352,93.7031,93.067,174.75,254.97,-24.6853,9.8884,4767300
2024-11-11,180,2024-02-27,2024-11-11,188.56,204.8434,206.2519,92.0508,91.4222,174.75,254.97,-26.0462,7.9027,5475200
2024-11-12,180,2024-02-28,2024-11-12,186.61,204.7434,206.1617,91.1434,90.5163,174.75,254.97,-26.811,6.7868,5478400
2024-11-13,180,2024-02-29,2024-11-13,182.79,204.6483,206.0797,89.3191,88.6987,174.75,254.97,-28.3092,4.6009,8634600
2024-11-14,180,2024-03-01,2024-11-14,186.0,204.5514,205.9929,90.9307,90.2944,174.75,254.97,-27.0502,6.4378,11747400
2024-11-15,180,2024-03-04,2024-11-15,168.88,204.281,205.7631,82.6705,82.075,168.88,254.97,-33.7648,0.0,16287500
2024-11-18,180,2024-03-05,2024-11-18,170.73,204.03,205.5478,83.6789,83.061,168.88,254.97,-33.0392,1.0954,8324400
2024-11-19,180,2024-03-06,2024-11-19,169.31,203.7795,205.3362,83.0849,82.455,168.88,254.97,-33.5961,0.2546,8651100
2024-11-20,180,2024-03-07,2024-11-20,170.49,203.5141,205.1047,83.7731,83.1234,168.88,254.97,-33.1333,0.9533,6197300
2024-11-21,180,2024-03-08,2024-11-21,175.75,203.2873,204.8999,86.454,85.7736,168.88,254.97,-31.0703,4.068,8917400
2024-11-22,180,2024-03-11,2024-11-22,174.88,203.0916,204.7294,86.1089,85.4201,168.88,254.97,-31.4115,3.5528,4242600
2024-11-25,180,2024-03-12,2024-11-25,174.55,202.9169,204.5804,86.0204,85.321,168.88,254.97,-31.541,3.3574,8926500
2024-11-26,180,2024-03-13,2024-11-26,173.2,202.7125,204.4041,85.4412,84.7341,168.88,254.97,-32.0704,2.558,6517100
2024-11-27,180,2024-03-14,2024-11-27,171.32,202.5184,204.2417,84.5948,83.881,168.88,254.97,-32.8078,1.4448,4348700
2024-11-29,180,2024-03-15,2024-11-29,174.71,202.3494,204.097,86.3408,85.6015,168.88,254.97,-31.4782,3.4522,5944400
2024-12-02,180,2024-03-18,2024-12-02,183.27,202.2534,204.0116,90.6141,89.8331,168.88,254.97,-28.121,8.5208,9100600
2024-12-03,180,2024-03-19,2024-12-03,183.16,202.1448,203.9139,90.6083,89.8222,168.88,254.97,-28.1641,8.4557,5939900
2024-12-04,180,2024-03-20,2024-12-04,181.16,202.0193,203.8018,89.6746,88.8903,168.88,254.97,-28.9485,7.2714,5819800
2024-12-05,180,2024-03-21,2024-12-05,172.03,201.8072,203.6183,85.2447,84.4865,168.88,254.97,-32.5293,1.8652,8663800
2024-12-06,180,2024-03-22,2024-12-06,173.02,201.5731,203.4084,85.8349,85.0604,168.88,254.97,-32.141,2.4514,6058500
2024-12-09,180,2024-03-25,2024-12-09,171.86,201.3336,203.1952,85.3608,84.5788,168.88,254.97,-32.596,1.7646,7647100
2024-12-10,180,2024-03-26,2024-12-10,168.17,201.0751,202.9713,83.6354,82.8541,168.17,254.97,-34.0432,0.0,8230900
2024-12-11,180,2024-03-27,2024-12-11,171.13,200.8496,202.7739,85.203,84.3945,168.17,254.97,-32.8823,1.7601,6698600
2024-12-12,180,2024-03-28,2024-12-12,169.08,200.6019,202.5577,84.2863,83.4725,168.17,254.97,-33.6863,0.5411,6108500
2024-12-13,180,2024-04-01,2024-12-13,169.35,200.3661,202.3528,84.5203,83.6905,168.17,254.97,-33.5804,0.7017,7051700
2024-12-16,180,2024-04-02,2024-12-16,169.41,200.1186,202.1346,84.6548,83.8105,168.17,254.97,-33.5569,0.7374,6643000
2024-12-17,180,2024-04-03,2024-12-17,170.34,199.8922,201.9358,85.2159,84.3535,168.17,254.97,-33.1921,1.2904,6817600
2024-12-18,180,2024-04-04,2024-12-18,165.45,199.6213,201.7029,82.8819,82.0266,165.45,254.97,-35.11,0.0,9000700
2024-12-19,180,2024-04-05,2024-12-19,161.44,199.3389,201.4698,80.9877,80.1311,161.44,254.97,-36.6827,0.0,9252600
2024-12-20,180,2024-04-08,2024-12-20,163.59,199.0519,201.2239,82.1846,81.2975,161.44,254.97,-35.8395,1.3318,15336700
2024-12-23,180,2024-04-09,2024-12-23,167.46,198.7908,200.9929,84.2393,83.3164,161.44,254.97,-34.3217,3.7289,5040200
2024-12-24,180,2024-04-10,2024-12-24,168.37,198.5306,200.7594,84.8081,83.8666,161.44,254.97,-33.9648,4.2926,2595800
2024-12-26,180,2024-04-11,2024-12-26,167.55,198.2705,200.5277,84.5057,83.5545,161.44,254.97,-34.2864,3.7847,2793700
2024-12-27,180,2024-04-12,2024-12-27,166.83,197.9873,200.2713,84.263,83.302,161.44,254.97,-34.5688,3.3387,3599600
2024-12-30,180,2024-04-15,2024-12-30,163.64,197.7046,200.0257,82.77,81.8095,161.44,254.97,-35.8199,1.3627,4763100
2024-12-31,180,2024-04-16,2024-12-31,162.63,197.4255,199.7865,82.3754,81.4019,161.44,254.97,-36.216,0.7371,3565500
2025-01-02,180,2024-04-17,2025-01-02,163.87,197.1382,199.5331,83.1244,82.1267,161.44,254.97,-35.7297,1.5052,4164600
2025-01-03,180,2024-04-18,2025-01-03,170.06,196.9489,199.3674,86.3473,85.2998,161.44,254.97,-33.302,5.3394,5719800
2025-01-06,180,2024-04-19,2025-01-06,177.48,196.8438,199.2738,90.1629,89.0634,161.44,254.97,-30.3918,9.9356,8475500
2025-01-07,180,2024-04-22,2025-01-07,177.82,196.7676,199.2074,90.3706,89.2637,161.44,254.97,-30.2585,10.1462,7332100
2025-01-08,180,2024-04-23,2025-01-08,176.99,196.6876,199.1382,89.9853,88.878,161.44,254.97,-30.584,9.6321,4581700
2025-01-10,180,2024-04-24,2025-01-10,171.65,196.5478,199.0182,87.3324,86.2484,161.44,254.97,-32.6784,6.3243,6325300
2025-01-13,180,2024-04-25,2025-01-13,170.86,196.3865,198.8782,87.0019,85.9119,161.44,254.97,-32.9882,5.835,5465800
2025-01-14,180,2024-04-26,2025-01-14,173.65,196.2376,198.7457,88.4897,87.3729,161.44,254.97,-31.894,7.5632,3842100
2025-01-15,180,2024-04-29,2025-01-15,178.38,196.0903,198.6068,90.9683,89.8156,161.44,254.97,-30.0388,10.4931,5908600
2025-01-16,180,2024-04-30,2025-01-16,186.48,195.9855,198.5025,95.1499,93.9434,161.44,254.97,-26.862,15.5104,10825400
2025-01-17,180,2024-05-01,2025-01-17,192.05,195.9486,198.4658,98.0104,96.7673,161.44,254.97,-24.6774,18.9606,8115100
2025-01-21,180,2024-05-02,2025-01-21,192.87,195.9422,198.4596,98.4321,97.1835,161.44,254.97,-24.3558,19.4685,7959100
2025-01-22,180,2024-05-03,2025-01-22,195.51,195.929,198.4463,99.7861,98.5204,161.44,254.97,-23.3204,21.1038,7288600
2025-01-23,180,2024-05-06,2025-01-23,190.7,195.8557,198.3719,97.3676,96.1326,161.44,254.97,-25.2069,18.1244,6307300
2025-01-24,180,2024-05-07,2025-01-24,186.75,195.7349,198.2491,95.4096,94.1997,161.44,254.97,-26.7561,15.6776,6088400
2025-01-27,180,2024-05-08,2025-01-27,174.57,195.5425,198.0671,89.2747,88.1368,161.44,254.97,-31.5331,8.1331,12150200
2025-01-28,180,2024-05-09,2025-01-28,172.85,195.3382,197.8754,88.4876,87.353,161.44,254.97,-32.2077,7.0676,7360500
2025-01-29,180,2024-05-10,2025-01-29,175.28,195.1564,197.7029,89.8152,88.6583,161.44,254.97,-31.2547,8.5728,5679900
2025-01-30,180,2024-05-13,2025-01-30,181.72,195.001,197.5473,93.1893,91.9881,161.44,254.97,-28.7289,12.5619,6013800
2025-01-31,180,2024-05-14,2025-01-31,180.35,194.8521,197.4013,92.5574,91.3621,161.44,254.97,-29.2662,11.7133,5898400
2025-02-03,180,2024-05-15,2025-02-03,178.8,194.6779,197.2289,91.844,90.6561,161.44,254.97,-29.8741,10.7532,5321300
2025-02-04,180,2024-05-16,2025-02-04,178.56,194.467,197.0127,91.8202,90.6338,161.44,254.97,-29.9682,10.6046,4687100
2025-02-05,180,2024-05-17,2025-02-05,180.67,194.2859,196.8273,92.9918,91.7911,161.44,254.97,-29.1407,11.9115,3958500
2025-02-06,180,2024-05-20,2025-02-06,182.8,194.1277,196.6647,94.1648,92.9501,161.44,254.97,-28.3053,13.2309,4479100
2025-02-07,180,2024-05-21,2025-02-07,180.0,193.9167,196.4427,92.8234,91.6298,161.44,254.97,-29.4035,11.4965,4992000
2025-02-10,180,2024-05-22,2025-02-10,183.66,193.7298,196.2419,94.8021,93.5886,161.44,254.97,-27.968,13.7636,5744100
2025-02-11,180,2024-05-23,2025-02-11,183.2,193.5476,196.0478,94.6537,93.4466,161.44,254.97,-28.1484,13.4787,3913300
2025-02-12,180,2024-05-24,2025-02-12,180.89,193.3522,195.8419,93.5547,92.3653,161.44,254.97,-29.0544,12.0478,6640800
2025-02-13,180,2024-05-28,2025-02-13,184.27,193.1655,195.6384,95.3949,94.1891,161.44,254.97,-27.7288,14.1415,10302000
2025-02-14,180,2024-05-29,2025-02-14,169.2,192.8774,195.3489,87.7241,86.6143,161.44,254.97,-33.6393,4.8067,12452800
2025-02-18,180,2024-05-30,2025-02-18,172.0,192.6197,195.0875,89.2951,88.1656,161.44,254.97,-32.5411,6.5411,10704900
2025-02-19,180,2024-05-31,2025-02-19,174.06,192.3877,194.8515,90.4736,89.3296,161.44,254.97,-31.7331,7.8171,5797000
2025-02-20,180,2024-06-03,2025-02-20,176.01,192.1757,194.6344,91.5881,90.4311,161.44,254.97,-30.9684,9.025,6687300
2025-02-21,180,2024-06-04,2025-02-21,171.98,191.9408,194.3998,89.6006,88.4672,161.44,254.97,-32.5489,6.5287,7365400
2025-02-24,180,2024-06-05,2025-02-24,168.57,191.6914,194.1573,87.9382,86.8213,161.44,254.97,-33.8863,4.4165,7126200
2025-02-25,180,2024-06-06,2025-02-25,165.54,191.3726,193.8361,86.5014,85.4021,161.44,254.97,-35.0747,2.5396,8570300
2025-02-26,180,2024-06-07,2025-02-26,168.51,191.0832,193.5403,88.1867,87.0671,161.44,254.97,-33.9099,4.3793,5048500
2025-02-27,180,2024-06-10,2025-02-27,156.64,190.7038,193.1787,82.1379,81.0856,156.64,254.97,-38.5653,0.0,9543600
2025-02-28,180,2024-06-11,2025-02-28,158.07,190.3119,192.7893,83.0584,81.9911,156.64,254.97,-38.0045,0.9129,9427600
2025-03-03,180,2024-06-12,2025-03-03,152.13,189.8653,192.3568,80.1252,79.0874,152.13,254.97,-40.3342,0.0,9259100
2025-03-04,180,2024-06-13,2025-03-04,152.87,189.3991,191.8858,80.7132,79.6672,152.13,254.97,-40.0439,0.4864,8538600
2025-03-05,180,2024-06-14,2025-03-05,155.32,188.956,191.429,82.1991,81.1371,152.13,254.97,-39.083,2.0969,5860000
2025-03-06,180,2024-06-17,2025-03-06,151.54,188.485,190.9541,80.399,79.3594,151.54,254.97,-40.5656,0.0,6967800
2025-03-07,180,2024-06-18,2025-03-07,155.68,188.031,190.4697,82.7948,81.7348,151.54,254.97,-38.9418,2.732,5537800
2025-03-10,180,2024-06-20,2025-03-10,149.99,187.5154,189.9262,79.9881,78.9728,149.99,254.97,-41.1735,0.0,8008400
2025-03-11,180,2024-06-21,2025-03-11,146.99,187.0019,189.4095,78.6035,77.6043,146.99,254.97,-42.3501,0.0,7739900
2025-03-12,180,2024-06-24,2025-03-12,149.06,186.525,188.9298,79.9142,78.897,146.99,254.97,-41.5382,1.4083,8482200
2025-03-13,180,2024-06-25,2025-03-13,149.95,186.078,188.4859,80.5845,79.555,146.99,254.97,-41.1892,2.0137,5702200
2025-03-14,180,2024-06-26,2025-03-14,155.66,185.6643,188.0492,83.8395,82.7762,146.99,254.97,-38.9497,5.8984,5138800
2025-03-17,180,2024-06-27,2025-03-17,155.46,185.2582,187.6231,83.9153,82.8576,146.99,254.97,-39.0281,5.7623,4764300
2025-03-18,180,2024-06-28,2025-03-18,153.51,184.837,187.1841,83.0515,82.0102,146.99,254.97,-39.7929,4.4357,4282300
2025-03-19,180,2024-07-01,2025-03-19,154.46,184.4135,186.7311,83.7574,82.7179,146.99,254.97,-39.4203,5.082,4426500
2025-03-20,180,2024-07-02,2025-03-20,154.38,183.9864,186.2698,83.9084,82.8798,146.99,254.97,-39.4517,5.0276,5480300
2025-03-21,180,2024-07-03,2025-03-21,152.12,183.5321,185.7768,82.8847,81.8832,146.99,254.97,-40.3381,3.49,15911300
2025-03-24,180,2024-07-05,2025-03-24,154.95,183.0946,185.2859,84.6284,83.6275,146.99,254.97,-39.2281,5.4153,5855200
2025-03-25,180,2024-07-08,2025-03-25,153.64,182.6512,184.7918,84.1166,83.1422,146.99,254.97,-39.7419,4.5241,5093700
2025-03-26,180,2024-07-09,2025-03-26,150.68,182.1749,184.2606,82.7117,81.7755,146.99,254.97,-40.9029,2.5104,4850800
2025-03-27,180,2024-07-10,2025-03-27,147.68,181.6611,183.684,81.2942,80.3989,146.99,254.97,-42.0795,0.4694,6933800
2025-03-28,180,2024-07-11,2025-03-28,145.06,181.1179,183.0734,80.0915,79.236,145.06,245.84,-40.9941,0.0,7715000
2025-03-31,180,2024-07-12,2025-03-31,145.12,180.6188,182.5393,80.346,79.5007,145.06,245.84,-40.9697,0.0414,7116300
2025-04-01,180,2024-07-15,2025-04-01,145.66,180.1206,181.9963,80.8681,80.0346,145.06,245.84,-40.7501,0.4136,5869500
2025-04-02,180,2024-07-16,2025-04-02,147.75,179.636,181.4529,82.2497,81.4261,145.06,245.84,-39.8999,1.8544,4904800
2025-04-03,180,2024-07-17,2025-04-03,135.51,179.0442,180.84,75.6852,74.9336,135.51,223.47,-39.361,0.0,11779600
2025-04-04,180,2024-07-18,2025-04-04,126.95,178.4526,180.3227,71.1393,70.4016,126.95,223.47,-43.1915,0.0,15564000
2025-04-07,180,2024-07-19,2025-04-07,132.85,177.9352,179.8516,74.662,73.8665,126.95,223.47,-40.5513,4.6475,18941900
2025-04-08,180,2024-07-22,2025-04-08,128.96,177.4094,179.3999,72.6906,71.8841,126.95,223.47,-42.292,1.5833,16423700
2025-04-09,180,2024-07-23,2025-04-09,149.73,177.0249,178.9902,84.5813,83.6526,126.95,219.65,-31.8325,17.9441,20667300
2025-04-10,180,2024-07-24,2025-04-10,138.24,176.5593,178.5379,78.2966,77.4289,126.95,213.89,-35.3686,8.8933,16290700
2025-04-11,180,2024-07-25,2025-04-11,144.94,176.2037,178.1958,82.2571,81.3375,126.95,213.89,-32.2362,14.1709,10617200
2025-04-14,180,2024-07-26,2025-04-14,144.53,175.8635,177.8747,82.1831,81.2538,126.95,213.89,-32.4279,13.848,6835900
2025-04-15,180,2024-07-29,2025-04-15,145.45,175.5151,177.5357,82.8704,81.9272,126.95,213.89,-31.9978,14.5727,5259900
2025-04-16,180,2024-07-30,2025-04-16,138.19,175.1101,177.1614,78.9161,78.0023,126.95,213.89,-35.392,8.8539,9279100
2025-04-17,180,2024-07-31,2025-04-17,137.46,174.7374,176.8321,78.6666,77.7348,126.95,213.89,-35.7333,8.2789,6494800
2025-04-21,180,2024-08-01,2025-04-21,135.56,174.2867,176.4063,77.7799,76.8453,126.95,213.89,-36.6216,6.7822,8395300
2025-04-22,180,2024-08-02,2025-04-22,138.3,173.9269,176.0841,79.5162,78.542,126.95,213.89,-35.3406,8.9405,5222700
2025-04-23,180,2024-08-05,2025-04-23,143.58,173.6811,175.8717,82.6687,81.6391,126.95,213.89,-32.872,13.0996,7994300
2025-04-24,180,2024-08-06,2025-04-24,150.17,173.4867,175.6954,86.5599,85.4718,126.95,213.89,-29.791,18.2907,7609200
2025-04-25,180,2024-08-07,2025-04-25,151.55,173.2958,175.519,87.4516,86.3439,126.95,213.89,-29.1458,19.3777,4805200
2025-04-28,180,2024-08-08,2025-04-28,150.79,173.1241,175.365,87.0994,85.9864,126.95,213.89,-29.5011,18.779,7052500
2025-04-29,180,2024-08-09,2025-04-29,149.55,172.8849,175.1372,86.5026,85.3902,126.95,213.89,-30.0809,17.8023,5721300
2025-04-30,180,2024-08-12,2025-04-30,150.71,172.652,174.9124,87.2912,86.1631,126.95,213.89,-29.5385,18.716,7273600
2025-05-01,180,2024-08-13,2025-05-01,148.96,172.3983,174.6672,86.4046,85.2822,126.95,213.89,-30.3567,17.3375,6732000
2025-05-02,180,2024-08-14,2025-05-02,155.1,172.1563,174.4133,90.0926,88.9267,126.95,213.89,-27.4861,22.1741,6083200
2025-05-05,180,2024-08-15,2025-05-05,154.61,171.9083,174.1521,89.9375,88.7787,126.95,213.89,-27.7152,21.7881,4069300
2025-05-06,180,2024-08-16,2025-05-06,153.03,171.611,173.8254,89.1726,88.0366,126.95,213.89,-28.4539,20.5435,3471700
2025-05-07,180,2024-08-19,2025-05-07,155.81,171.3483,173.5361,90.9317,89.7854,126.95,213.89,-27.1541,22.7334,5499000
2025-05-08,180,2024-08-20,2025-05-08,156.0,171.0764,173.2308,91.1873,90.0533,126.95,213.89,-27.0653,22.883,4824600
2025-05-09,180,2024-08-21,2025-05-09,155.61,170.8206,172.95,91.0956,89.974,126.95,213.89,-27.2476,22.5758,3884200
2025-05-12,180,2024-08-22,2025-05-12,167.99,170.631,172.7215,98.4522,97.2606,126.95,213.89,-21.4596,32.3277,11724100
2025-05-13,180,2024-08-23,2025-05-13,173.03,170.5042,172.5706,101.4813,100.2662,126.95,213.89,-19.1033,36.2978,8980200
2025-05-14,180,2024-08-26,2025-05-14,174.14,170.3738,172.4121,102.2106,101.0022,126.95,213.89,-18.5843,37.1721,7069700
2025-05-15,180,2024-08-27,2025-05-15,174.75,170.2728,172.2927,102.6294,101.4262,126.95,213.89,-18.2991,37.6526,12811600
2025-05-16,180,2024-08-28,2025-05-16,165.57,170.1229,172.1249,97.3238,96.1918,126.95,213.89,-22.591,30.4214,16540400
2025-05-19,180,2024-08-29,2025-05-19,165.94,169.9876,171.9752,97.6189,96.4906,126.95,213.89,-22.4181,30.7129,7465700
2025-05-20,180,2024-08-30,2025-05-20,165.73,169.851,171.8238,97.5738,96.4534,126.95,213.89,-22.5162,30.5475,5372400
2025-05-21,180,2024-09-03,2025-05-21,162.23,169.6757,171.6292,95.6118,94.5235,126.95,213.89,-24.1526,27.7905,5658600
2025-05-22,180,2024-09-04,2025-05-22,160.52,169.5516,171.5023,94.6732,93.5964,126.95,213.89,-24.9521,26.4435,6355700
2025-05-23,180,2024-09-05,2025-05-23,157.51,169.4135,171.3641,92.9737,91.9154,126.95,213.89,-26.3593,24.0725,5733400
2025-05-27,180,2024-09-06,2025-05-27,161.83,169.3129,171.2618,95.5804,94.4927,126.95,213.89,-24.3396,27.4754,8470400
2025-05-28,180,2024-09-09,2025-05-28,161.59,169.2387,171.1887,95.4805,94.3929,126.95,213.89,-24.4518,27.2863,6727200
2025-05-29,180,2024-09-10,2025-05-29,159.48,169.1372,171.0883,94.2903,93.215,126.95,213.89,-25.4383,25.6243,6845600
2025-05-30,180,2024-09-11,2025-05-30,156.75,169.016,170.97,92.7427,91.6828,126.95,213.89,-26.7147,23.4738,15273600
2025-06-02,180,2024-09-12,2025-06-02,157.27,168.8606,170.8107,93.136,92.0727,126.95,213.89,-26.4715,23.8834,5875300
2025-06-03,180,2024-09-13,2025-06-03,161.74,168.7459,170.6914,95.8483,94.7558,126.95,213.89,-24.3817,27.4045,6355400
2025-06-04,180,2024-09-16,2025-06-04,161.93,168.6084,170.544,96.0391,94.9491,126.95,213.89,-24.2929,27.5542,5990600
2025-06-05,180,2024-09-17,2025-06-05,164.19,168.4885,170.4141,97.4488,96.3477,126.95,213.89,-23.2362,29.3344,7386800
2025-06-06,180,2024-09-18,2025-06-06,166.74,168.379,170.2927,99.0266,97.9138,126.95,213.89,-22.044,31.3431,5717500
2025-06-09,180,2024-09-19,2025-06-09,169.79,168.2976,170.2018,100.8868,99.758,126.95,213.89,-20.6181,33.7456,6320000
2025-06-10,180,2024-09-20,2025-06-10,173.77,168.192,170.0744,103.3164,102.1729,126.95,213.89,-18.7573,36.8807,5711600
2025-06-11,180,2024-09-23,2025-06-11,172.79,168.1004,169.9668,102.7898,101.661,126.95,213.89,-19.2155,36.1087,6133200
2025-06-12,180,2024-09-24,2025-06-12,175.0,168.0124,169.861,104.159,103.0254,126.95,213.89,-18.1822,37.8496,4468500
2025-06-13,180,2024-09-25,2025-06-13,170.59,167.8902,169.7155,101.6081,100.5153,126.95,213.89,-20.2441,34.3757,5297100
2025-06-16,180,2024-09-26,2025-06-16,176.55,167.7969,169.6002,105.2165,104.0978,126.95,213.89,-17.4576,39.0705,6712900
2025-06-17,180,2024-09-27,2025-06-17,174.09,167.6448,169.4028,103.8446,102.7669,126.95,213.89,-18.6077,37.1327,6631400
2025-06-18,180,2024-09-30,2025-06-18,172.84,167.5035,169.2246,103.1859,102.1364,126.95,213.89,-19.1921,36.1481,4946900
2025-06-20,180,2024-10-01,2025-06-20,169.46,167.3552,169.0436,101.2577,100.2464,126.95,213.89,-20.7724,33.4856,18396600
2025-06-23,180,2024-10-02,2025-06-23,171.96,167.2395,168.9033,102.8226,101.8097,126.95,213.89,-19.6035,35.4549,6838800
2025-06-24,180,2024-10-03,2025-06-24,180.18,167.1497,168.7868,107.7956,106.75,126.95,213.89,-15.7604,41.9299,7254500
2025-06-25,180,2024-10-04,2025-06-25,183.07,167.0795,168.6951,109.5706,108.5213,126.95,213.89,-14.4093,44.2064,5431800
2025-06-26,180,2024-10-07,2025-06-26,183.52,167.0023,168.5926,109.8907,108.8542,126.95,213.89,-14.1989,44.5609,5199700
2025-06-27,180,2024-10-08,2025-06-27,183.21,166.9309,168.4986,109.752,108.7309,126.95,213.89,-14.3438,44.3167,14202800
2025-06-30,180,2024-10-09,2025-06-30,183.07,166.8559,168.3996,109.7174,108.7117,126.95,213.89,-14.4093,44.2064,4070700
2025-07-01,180,2024-10-10,2025-07-01,183.76,166.7685,168.2813,110.1886,109.1981,126.95,213.89,-14.0867,44.7499,6572300
2025-07-02,180,2024-10-11,2025-07-02,190.01,166.7129,168.2038,113.9743,112.9642,126.95,213.89,-11.1646,49.6731,8800600
2025-07-03,180,2024-10-14,2025-07-03,191.05,166.6578,168.1259,114.6361,113.6351,126.95,213.89,-10.6784,50.4923,3568500
2025-07-07,180,2024-10-15,2025-07-07,190.78,166.5704,167.9976,114.5341,113.5612,126.95,195.51,-2.4193,50.2796,6577400
2025-07-08,180,2024-10-16,2025-07-08,194.99,166.5868,168.0196,117.0501,116.0519,126.95,195.51,-0.266,53.5959,8097100
2025-07-09,180,2024-10-17,2025-07-09,195.39,166.633,168.0796,117.2577,116.2485,126.95,195.51,-0.0614,53.911,6170800
2025-07-10,180,2024-10-18,2025-07-10,198.03,166.6959,168.1618,118.7972,117.7616,126.95,198.03,0.0,55.9906,5229100
2025-07-11,180,2024-10-21,2025-07-11,197.93,166.7444,168.2261,118.7027,117.6572,126.95,198.03,-0.0505,55.9118,4424400
2025-07-14,180,2024-10-22,2025-07-14,197.1,166.7981,168.2963,118.1668,117.1149,126.95,198.03,-0.4696,55.258,7264000
2025-07-15,180,2024-10-23,2025-07-15,199.29,166.8671,168.3868,119.4303,118.3525,126.95,199.29,0.0,56.9831,6007100
2025-07-16,180,2024-10-24,2025-07-16,194.81,166.9198,168.4541,116.7088,115.6458,126.95,199.29,-2.248,53.4541,9400000
2025-07-17,180,2024-10-25,2025-07-17,192.52,166.9582,168.5028,115.3103,114.2533,126.95,199.29,-3.3971,51.6503,5704000
2025-07-18,180,2024-10-28,2025-07-18,190.44,166.9753,168.5246,114.0528,113.0043,126.95,199.29,-4.4408,50.0118,4757100
2025-07-21,180,2024-10-29,2025-07-21,192.61,167.0068,168.5649,115.3306,114.2646,126.95,199.29,-3.3519,51.7212,5061500
2025-07-22,180,2024-10-30,2025-07-22,187.14,166.9938,168.5484,112.064,111.0304,126.95,199.29,-6.0966,47.4124,7074500
2025-07-23,180,2024-10-31,2025-07-23,187.01,167.0015,168.5579,111.981,110.947,126.95,199.29,-6.1619,47.31,5419800
2025-07-24,180,2024-11-01,2025-07-24,188.12,167.0312,168.5942,112.6257,111.5815,126.95,199.29,-5.6049,48.1843,4819900
2025-07-25,180,2024-11-04,2025-07-25,185.69,167.0417,168.6071,111.1639,110.1318,126.95,199.29,-6.8242,46.2702,6608700
2025-07-28,180,2024-11-05,2025-07-28,190.27,167.0795,168.654,113.8799,112.8168,126.95,199.29,-4.5261,49.8779,4913000
2025-07-29,180,2024-11-06,2025-07-29,188.41,167.0881,168.6647,112.7609,111.7068,126.95,199.29,-5.4594,48.4128,4605400
2025-07-30,180,2024-11-07,2025-07-30,189.39,167.0962,168.6751,113.3419,112.2809,126.95,199.29,-4.9676,49.1847,4018500
2025-07-31,180,2024-11-08,2025-07-31,180.06,167.034,168.5972,107.7984,106.7989,126.95,199.29,-9.6493,41.8354,11375400
2025-08-01,180,2024-11-11,2025-08-01,179.99,166.98,168.5303,107.7914,106.7998,126.95,199.29,-9.6844,41.7802,8393200
2025-08-04,180,2024-11-12,2025-08-04,182.82,166.9542,168.4984,109.5031,108.4996,126.95,199.29,-8.2643,44.0095,4189300
2025-08-05,180,2024-11-13,2025-08-05,179.15,166.9197,168.4569,107.3271,106.3476,126.95,199.29,-10.1059,41.1185,5292000
2025-08-06,180,2024-11-14,2025-08-06,178.14,166.8976,168.4311,106.7361,105.7643,126.95,199.29,-10.6127,40.323,5857800
2025-08-07,180,2024-11-15,2025-08-07,183.15,166.8846,168.4153,109.7465,108.749,126.95,199.29,-8.0988,44.2694,6616600
2025-08-08,180,2024-11-18,2025-08-08,184.87,166.9639,168.5041,110.7245,109.7125,126.95,199.29,-7.2357,45.6243,4338400
2025-08-11,180,2024-11-19,2025-08-11,184.38,167.0311,168.5799,110.3866,109.3724,126.95,199.29,-7.4816,45.2383,7816000
2025-08-12,180,2024-11-20,2025-08-12,188.45,167.1241,168.6863,112.7605,111.7163,126.95,199.29,-5.4393,48.4443,5915400
2025-08-13,180,2024-11-21,2025-08-13,190.03,167.2177,168.7948,113.6422,112.5805,126.95,199.29,-4.6465,49.6889,5923400
2025-08-14,180,2024-11-22,2025-08-14,188.24,167.2764,168.8642,112.5323,111.4742,126.95,199.29,-5.5447,48.2789,10992400
2025-08-15,180,2024-11-25,2025-08-15,161.76,167.2043,168.7913,96.7439,95.8343,126.95,199.29,-18.8319,27.4202,31803300
2025-08-18,180,2024-11-26,2025-08-18,163.53,167.1444,168.7301,97.8376,96.9181,126.95,199.29,-17.9437,28.8145,10125800
2025-08-19,180,2024-11-27,2025-08-19,162.22,167.0838,168.6691,97.089,96.1765,126.95,199.29,-18.601,27.7826,8921500
2025-08-20,180,2024-11-29,2025-08-20,160.96,167.0255,168.6116,96.3685,95.462,126.95,199.29,-19.2333,26.7901,9323300
2025-08-21,180,2024-12-02,2025-08-21,159.84,166.943,168.5289,95.7452,94.8442,126.95,199.29,-19.7953,25.9078,8294900
2025-08-22,180,2024-12-03,2025-08-22,162.49,166.8351,168.4135,97.3956,96.4828,126.95,199.29,-18.4655,27.9953,7448100
2025-08-25,180,2024-12-04,2025-08-25,161.99,166.7248,168.2959,97.1601,96.2531,126.95,199.29,-18.7164,27.6014,4186800
2025-08-26,180,2024-12-05,2025-08-26,164.51,166.6386,168.2034,98.7226,97.8042,126.95,199.29,-17.452,29.5865,6770200
2025-08-27,180,2024-12-06,2025-08-27,164.39,166.5969,168.1609,98.6753,97.7575,126.95,199.29,-17.5122,29.4919,4633500
2025-08-28,180,2024-12-09,2025-08-28,165.27,166.5551,168.1179,99.2284,98.306,126.95,199.29,-17.0706,30.1851,7899500
2025-08-29,180,2024-12-10,2025-08-29,160.76,166.4932,168.0562,96.5565,95.6585,126.95,199.29,-19.3336,26.6325,7202100
2025-09-02,180,2024-12-11,2025-09-02,157.57,166.4317,167.9973,94.6755,93.7932,126.95,199.29,-20.9343,24.1197,7683400
2025-09-03,180,2024-12-12,2025-09-03,156.25,166.3461,167.9147,93.9307,93.0532,126.95,199.29,-21.5967,23.08,7335000
2025-09-04,180,2024-12-13,2025-09-04,158.24,166.2838,167.8544,95.1626,94.2722,126.95,199.29,-20.5981,24.6475,6245100
2025-09-05,180,2024-12-16,2025-09-05,162.75,166.247,167.8178,97.8965,96.9802,126.95,199.29,-18.3351,28.2001,7046800
2025-09-08,180,2024-12-17,2025-09-08,162.05,166.2059,167.7769,97.4996,96.5866,126.95,199.29,-18.6863,27.6487,7933600
2025-09-09,180,2024-12-18,2025-09-09,163.5,166.1682,167.7389,98.3943,97.4729,126.95,199.29,-17.9588,28.7909,5315400
2025-09-10,180,2024-12-19,2025-09-10,163.42,166.1567,167.7276,98.353,97.4318,126.95,199.29,-17.9989,28.7278,5690200
2025-09-11,180,2024-12-20,2025-09-11,170.15,166.2053,167.776,102.3734,101.415,126.95,199.29,-14.6219,34.0291,8999900
2025-09-12,180,2024-12-23,2025-09-12,167.8,166.2289,167.7994,100.9452,100.0004,126.95,199.29,-15.8011,32.178,5170600
2025-09-15,180,2024-12-24,2025-09-15,170.93,166.2475,167.8187,102.8166,101.854,126.95,199.29,-14.2305,34.6436,5597600
2025-09-16,180,2024-12-26,2025-09-16,173.54,166.2746,167.8474,104.3695,103.3915,126.95,199.29,-12.9209,36.6995,6447500
2025-09-17,180,2024-12-27,2025-09-17,178.13,166.3291,167.9062,107.0949,106.089,126.95,199.29,-10.6177,40.3151,9588300
2025-09-18,180,2024-12-30,2025-09-18,189.76,166.4405,168.0336,114.0107,112.9298,126.95,199.29,-4.782,49.4762,15473700
2025-09-19,180,2024-12-31,2025-09-19,190.1,166.5715,168.1806,114.1252,113.0333,126.95,199.29,-4.6114,49.744,18903500
2025-09-22,180,2025-01-02,2025-09-22,200.52,166.7508,168.3911,120.2513,119.08,126.95,200.52,0.0,57.952,15475500
2025-09-23,180,2025-01-03,2025-09-23,200.87,166.9246,168.5966,120.3357,119.1424,126.95,200.87,0.0,58.2276,12417900
2025-09-24,180,2025-01-06,2025-09-24,201.44,167.0666,168.7709,120.5747,119.357,126.95,201.44,0.0,58.6766,6360500
2025-09-25,180,2025-01-07,2025-09-25,199.6,167.1634,168.8938,119.4041,118.1808,126.95,201.44,-0.9134,57.2273,6027600
2025-09-26,180,2025-01-08,2025-09-26,203.92,167.2753,169.0388,121.9069,120.635,126.95,203.92,0.0,60.6302,7363300
2025-09-29,180,2025-01-10,2025-09-29,204.95,167.3952,169.1942,122.4348,121.133,126.95,204.95,0.0,61.4415,9295400
2025-09-30,180,2025-01-13,2025-09-30,204.74,167.5419,169.378,122.2023,120.8776,126.95,204.95,-0.1025,61.2761,12253800
2025-10-01,180,2025-01-14,2025-10-01,217.74,167.7386,169.6384,129.8091,128.3553,126.95,217.74,0.0,71.5164,12699200
2025-10-02,180,2025-01-15,2025-10-02,223.59,167.9399,169.9159,133.1369,131.5886,126.95,223.59,0.0,76.1245,11166000
2025-10-03,180,2025-01-16,2025-10-03,217.53,168.0981,170.1334,129.4065,127.8585,126.95,223.59,-2.7103,71.3509,9269800
2025-10-06,180,2025-01-17,2025-10-06,223.91,168.239,170.3413,133.0904,131.4478,126.95,223.91,0.0,76.3765,7891900
2025-10-07,180,2025-01-21,2025-10-07,211.56,168.3145,170.4497,125.6933,124.1187,126.95,223.91,-5.5156,66.6483,10543300
2025-10-08,180,2025-01-22,2025-10-08,217.51,168.407,170.5866,129.1573,127.5071,126.95,223.91,-2.8583,71.3352,7875500
2025-10-09,180,2025-01-23,2025-10-09,220.3,168.4977,170.7243,130.7436,129.0384,126.95,223.91,-1.6123,73.5329,6701400
2025-10-10,180,2025-01-24,2025-10-10,209.95,168.5736,170.8313,124.545,122.899,126.95,223.91,-6.2347,65.3801,12829700
2025-10-13,180,2025-01-27,2025-10-13,219.48,168.6998,171.0131,130.1009,128.341,126.95,223.91,-1.9785,72.887,7853000
2025-10-14,180,2025-01-28,2025-10-14,218.19,168.881,171.2554,129.1975,127.4062,126.95,223.91,-2.5546,71.8708,8260000
2025-10-15,180,2025-01-29,2025-10-15,227.58,169.1018,171.5595,134.5817,132.6537,126.95,227.58,0.0,79.2674,8033600
2025-10-16,180,2025-01-30,2025-10-16,227.72,169.3108,171.8508,134.4983,132.5103,126.95,227.72,0.0,79.3777,7742800
2025-10-17,180,2025-01-31,2025-10-17,224.99,169.4795,172.0912,132.7535,130.7388,126.95,227.72,-1.1988,77.2273,5272800
2025-10-20,180,2025-02-03,2025-10-20,228.13,169.665,172.3567,134.4591,132.3593,126.95,228.13,0.0,79.7007,5494800
2025-10-21,180,2025-02-04,2025-10-21,226.0,169.852,172.6189,133.057,130.9243,126.95,228.13,-0.9337,78.0228,4557500
2025-10-22,180,2025-02-05,2025-10-22,220.56,170.0231,172.8522,129.7236,127.6003,126.95,228.13,-3.3183,73.7377,7498100
2025-10-23,180,2025-02-06,2025-10-23,228.47,170.2093,173.1178,134.2289,131.9737,126.95,228.47,0.0,79.9685,7001900
2025-10-24,180,2025-02-07,2025-10-24,228.75,170.3863,173.3731,134.2537,131.9409,126.95,228.75,0.0,80.1891,5346700
2025-10-27,180,2025-02-10,2025-10-27,231.33,170.5854,173.6582,135.6095,133.2099,126.95,231.33,0.0,82.2214,7671700
2025-10-28,180,2025-02-11,2025-10-28,227.64,170.7556,173.9026,133.3133,130.9009,126.95,231.33,-1.5951,79.3147,6118500
2025-10-29,180,2025-02-12,2025-10-29,235.75,170.9529,174.1945,137.9035,135.3372,126.95,235.75,0.0,85.703,7784500
2025-10-30,180,2025-02-13,2025-10-30,232.55,171.1525,174.4815,135.8729,133.2806,126.95,235.75,-1.3574,83.1824,7317700
2025-10-31,180,2025-02-14,2025-10-31,233.1,171.3377,174.7528,136.0471,133.3884,126.95,235.75,-1.1241,83.6156,6532600
2025-11-03,180,2025-02-18,2025-11-03,237.71,171.616,175.1334,138.5127,135.7308,126.95,237.71,0.0,87.247,6160600
2025-11-04,180,2025-02-19,2025-11-04,230.19,171.8568,175.4567,133.9429,131.1948,126.95,237.71,-3.1635,81.3234,6896400
2025-11-05,180,2025-02-20,2025-11-05,240.89,172.1187,175.8279,139.9557,137.0033,126.95,240.89,0.0,89.7519,7230800
2025-11-06,180,2025-02-21,2025-11-06,233.53,172.3494,176.1475,135.498,132.5764,126.95,240.89,-3.0553,83.9543,9278400
2025-11-07,180,2025-02-24,2025-11-07,230.07,172.592,176.4702,133.3028,130.3733,126.95,240.89,-4.4917,81.2288,6892800
2025-11-10,180,2025-02-25,2025-11-10,235.08,172.8702,176.8397,135.9864,132.9339,126.95,240.89,-2.4119,85.1753,7673700
2025-11-11,180,2025-02-26,2025-11-11,228.67,173.1475,177.1904,132.0666,129.0532,126.95,240.89,-5.0729,80.126,6237600
2025-11-12,180,2025-02-27,2025-11-12,230.73,173.4145,177.5361,133.0512,129.9623,126.95,240.89,-4.2177,81.7487,5955400
2025-11-13,180,2025-02-28,2025-11-13,223.23,173.7332,177.9061,128.4901,125.4763,126.95,240.89,-7.3311,75.8409,13465900
2025-11-14,180,2025-03-03,2025-11-14,226.01,174.0527,178.2835,129.8515,126.77,126.95,240.89,-6.1771,78.0307,15254400
2025-11-17,180,2025-03-04,2025-11-17,228.71,174.4239,178.7089,131.1231,127.979,126.95,240.89,-5.0562,80.1576,8713600
2025-11-18,180,2025-03-05,2025-11-18,225.12,174.7795,179.1103,128.8023,125.6879,126.95,240.89,-6.5466,77.3297,12167400
2025-11-19,180,2025-03-06,2025-11-19,235.13,175.1511,179.5537,134.2441,130.9525,126.95,240.89,-2.3911,85.2147,8870500
2025-11-20,180,2025-03-07,2025-11-20,220.23,175.5026,179.9353,125.4853,122.394,126.95,240.89,-8.5765,73.4777,9264000
2025-11-21,180,2025-03-10,2025-11-21,224.01,175.8386,180.3149,127.3953,124.2326,126.95,240.89,-7.0073,76.4553,8596800
2025-11-24,180,2025-03-11,2025-11-24,230.91,176.2408,180.7645,131.0196,127.7408,126.95,240.89,-4.143,81.8905,8806600
2025-11-25,180,2025-03-12,2025-11-25,242.46,176.7043,181.2949,137.2123,133.7379,126.95,242.46,0.0,90.9886,8330300
2025-11-26,180,2025-03-13,2025-11-26,249.97,177.1753,181.8555,141.0862,137.4553,126.95,249.97,0.0,96.9043,8791100
2025-11-28,180,2025-03-14,2025-11-28,252.25,177.6482,182.4238,141.9941,138.2769,126.95,252.25,0.0,98.7003,2916300
2025-12-01,180,2025-03-17,2025-12-01,254.75,178.0874,182.9743,143.0477,139.2272,126.95,254.75,0.0,100.6696,6842400
2025-12-02,180,2025-03-18,2025-12-02,265.33,178.558,183.5847,148.596,144.5273,126.95,265.33,0.0,109.0035,9196800
2025-12-03,180,2025-03-19,2025-12-03,268.63,179.0538,184.2243,150.0275,145.8168,126.95,268.63,0.0,111.603,7999600
2025-12-04,180,2025-03-20,2025-12-04,269.44,179.5473,184.8631,150.0663,145.7511,126.95,269.44,0.0,112.241,6348800
2025-12-05,180,2025-03-21,2025-12-05,268.0,180.0405,185.4943,148.8554,144.4789,126.95,269.44,-0.5344,111.1067,5373400
2025-12-08,180,2025-03-24,2025-12-08,268.16,180.5542,186.1389,148.5205,144.0644,126.95,269.44,-0.4751,111.2328,5338100
2025-12-09,180,2025-03-25,2025-12-09,267.14,181.0464,186.7622,147.5533,143.0375,126.95,269.44,-0.8536,110.4293,4062600
2025-12-10,180,2025-03-26,2025-12-10,275.15,181.5713,187.4373,151.5382,146.7958,126.95,275.15,0.0,116.7389,6244600
2025-12-11,180,2025-03-27,2025-12-11,270.11,182.1104,188.1008,148.3221,143.5985,126.95,275.15,-1.8317,112.7688,7061200
2025-12-12,180,2025-03-28,2025-12-12,259.21,182.6488,188.7204,141.9172,137.3513,126.95,275.15,-5.7932,104.1827,6739300
2025-12-15,180,2025-03-31,2025-12-15,261.27,183.2188,189.366,142.6,137.9709,126.95,275.15,-5.0445,105.8054,6406000
2025-12-16,180,2025-04-01,2025-12-16,258.84,183.7852,189.9978,140.8383,136.2332,126.95,275.15,-5.9277,103.8913,5859700
2025-12-17,180,2025-04-02,2025-12-17,248.27,184.3192,190.5678,134.6957,130.2791,126.95,275.15,-9.7692,95.5652,7855400
2025-12-18,180,2025-04-03,2025-12-18,253.5,184.8536,191.1553,137.1355,132.6147,126.95,275.15,-7.8684,99.6849,8741200
2025-12-19,180,2025-04-04,2025-12-19,256.41,185.5165,191.827,138.2141,133.6673,126.95,275.15,-6.8108,101.9772,25749700
2025-12-22,180,2025-04-07,2025-12-22,259.01,186.2876,192.5607,139.0377,134.5083,128.96,275.15,-5.8659,100.8452,4182000
2025-12-23,180,2025-04-08,2025-12-23,260.23,187.0007,193.2683,139.1599,134.647,128.96,275.15,-5.4225,101.7913,3791500
2025-12-24,180,2025-04-09,2025-12-24,260.78,187.7653,194.0007,138.8861,134.4222,135.56,275.15,-5.2226,92.3724,1279500
2025-12-26,180,2025-04-10,2025-12-26,261.9,188.3273,194.6238,139.0664,134.5673,135.56,275.15,-4.8156,93.1986,1836000
2025-12-29,180,2025-04-11,2025-12-29,263.05,189.006,195.3172,139.1755,134.6783,135.56,275.15,-4.3976,94.0469,2601600
2025-12-30,180,2025-04-14,2025-12-30,259.97,189.6138,195.9563,137.105,132.6673,135.56,275.15,-5.517,91.7749,2185100
2025-12-31,180,2025-04-15,2025-12-31,256.99,190.2205,196.5811,135.1011,130.7298,135.56,275.15,-6.6,89.5766,3025800
2026-01-02,180,2025-04-16,2026-01-02,268.87,190.857,197.2667,140.8751,136.2977,135.56,275.15,-2.2824,98.3402,7553200
2026-01-05,180,2025-04-17,2026-01-05,284.32,191.6127,198.0786,148.3827,143.539,135.56,284.32,0.0,109.7374,10398700
2026-01-06,180,2025-04-21,2026-01-06,296.01,192.4108,198.9594,153.8427,148.7791,135.56,296.01,0.0,118.3609,7237900
2026-01-07,180,2025-04-22,2026-01-07,292.2,193.2276,199.8296,151.2206,146.2246,138.3,296.01,-1.2871,111.2798,6148400
2026-01-08,180,2025-04-23,2026-01-08,281.64,193.994,200.6259,145.1798,140.3807,143.58,296.01,-4.8546,96.1555,5500700
2026-01-09,180,2025-04-24,2026-01-09,301.18,194.7589,201.5015,154.6424,149.4679,148.96,301.18,0.0,102.1885,9427600
2026-01-12,180,2025-04-25,2026-01-12,307.24,195.479,202.3741,157.1729,151.8178,148.96,307.24,0.0,106.2567,6612800
2026-01-13,180,2025-04-28,2026-01-13,304.87,196.186,203.2259,155.3984,150.0153,148.96,307.24,-0.7714,104.6657,7146500
2026-01-14,180,2025-04-29,2026-01-14,301.89,196.8983,204.0653,153.3228,147.9379,148.96,307.24,-1.7413,102.6651,6545200
2026-01-15,180,2025-04-30,2026-01-15,319.08,197.6665,205.0072,161.4234,155.6433,148.96,319.08,0.0,114.2051,11262800
2026-01-16,180,2025-05-01,2026-01-16,327.01,198.4461,205.9866,164.7853,158.753,148.96,327.01,0.0,119.5287,11399300
2026-01-20,180,2025-05-02,2026-01-20,318.23,199.2304,206.927,159.7296,153.7885,153.03,327.01,-2.6849,107.9527,9387300
2026-01-21,180,2025-05-05,2026-01-21,325.24,199.9769,207.8722,162.6388,156.4615,153.03,327.01,-0.5413,112.5335,7914000
2026-01-22,180,2025-05-06,2026-01-22,318.79,200.7197,208.7843,158.8234,152.6887,153.03,327.01,-2.5137,108.3186,6036100
2026-01-23,180,2025-05-07,2026-01-23,322.38,201.491,209.7252,159.9972,153.7155,155.61,327.01,-1.4159,107.1718,6201000
2026-01-26,180,2025-05-08,2026-01-26,319.46,202.2353,210.6343,157.9645,151.6657,155.61,327.01,-2.3088,105.2953,4777200
2026-01-27,180,2025-05-09,2026-01-27,332.71,203.0119,211.6161,163.887,157.2234,155.61,332.71,0.0,113.8102,8033000
2026-01-28,180,2025-05-12,2026-01-28,336.75,203.8065,212.6224,165.2303,158.3794,156.25,336.75,0.0,115.52,8470000
2026-01-29,180,2025-05-13,2026-01-29,341.34,204.5065,213.5854,166.9091,159.8143,156.25,341.34,0.0,118.4576,7350500
2026-01-30,180,2025-05-14,2026-01-30,322.32,205.1303,214.4148,157.1294,150.3254,156.25,341.34,-5.5722,106.2848,9814100
2026-02-02,180,2025-05-15,2026-02-02,328.4,205.7629,215.2718,159.6012,152.5513,156.25,341.34,-3.7909,110.176,7409600
2026-02-03,180,2025-05-16,2026-02-03,318.67,206.3725,216.0714,154.4149,147.4837,156.25,341.34,-6.6415,103.9488,10697000
2026-02-04,180,2025-05-19,2026-02-04,297.6,207.0085,216.8049,143.7622,137.2663,156.25,341.34,-12.8142,90.464,14719400
2026-02-05,180,2025-05-20,2026-02-05,303.99,207.6621,217.5718,146.3869,139.7194,156.25,341.34,-10.9422,94.5536,8514300
2026-02-06,180,2025-05-21,2026-02-06,322.51,208.3672,218.4428,154.7796,147.6405,156.25,341.34,-5.5165,106.4064,8344400
2026-02-09,180,2025-05-22,2026-02-09,330.57,209.1271,219.3781,158.0713,150.6851,156.25,341.34,-3.1552,111.5648,7458900
2026-02-10,180,2025-05-23,2026-02-10,329.07,209.9053,220.3144,156.7707,149.3638,156.25,341.34,-3.5947,110.6048,6785800
2026-02-11,180,2025-05-27,2026-02-11,339.88,210.7425,221.3276,161.2774,153.5642,156.25,341.34,-0.4277,117.5232,7160900
2026-02-12,180,2025-05-28,2026-02-12,328.39,211.5186,222.2529,155.2535,147.7551,156.25,341.34,-3.7939,110.1696,9764400
2026-02-13,180,2025-05-29,2026-02-13,354.91,212.3598,223.3269,167.1267,158.9195,156.25,354.91,0.0,127.1424,15706000
2026-02-17,180,2025-05-30,2026-02-17,359.13,213.2367,224.4361,168.4184,160.0144,156.25,359.13,0.0,129.8432,8791300
2026-02-18,180,2025-06-02,2026-02-18,369.3,214.1683,225.6169,172.4345,163.6845,156.25,369.3,0.0,136.352,8784300
2026-02-19,180,2025-06-03,2026-02-19,369.83,215.1036,226.7978,171.9311,163.0659,156.25,369.83,0.0,136.6912,6640100
2026-02-20,180,2025-06-04,2026-02-20,375.38,216.012,227.9847,173.7774,164.6514,156.25,375.38,0.0,140.2432,8178700
2026-02-23,180,2025-06-05,2026-02-23,373.55,216.9227,229.1604,172.2042,163.0081,156.25,375.38,-0.4875,139.072,6077400
2026-02-24,180,2025-06-06,2026-02-24,377.93,217.8269,230.3478,173.5001,164.0693,156.25,377.93,0.0,141.8752,5711800
2026-02-25,180,2025-06-09,2026-02-25,394.95,218.7443,231.6157,180.5533,170.5196,156.25,394.95,0.0,152.768,9745000
2026-02-26,180,2025-06-10,2026-02-26,375.72,219.6058,232.7597,171.0884,161.4197,156.25,394.95,-4.869,140.4608,7717100
2026-02-27,180,2025-06-11,2026-02-27,372.3,220.431,233.8627,168.8963,159.196,156.25,394.95,-5.7349,138.272,9041400
2026-03-02,180,2025-06-12,2026-03-02,372.18,221.2712,234.9704,168.2008,158.3944,156.25,394.95,-5.7653,138.1952,5802100
2026-03-03,180,2025-06-13,2026-03-03,351.32,222.054,235.9499,158.2137,148.896,156.25,394.95,-11.047,124.8448,7982000
2026-03-04,180,2025-06-16,2026-03-04,357.76,222.8973,236.9898,160.5044,150.9601,156.25,394.95,-9.4164,128.9664,5980400
2026-03-05,180,2025-06-17,2026-03-05,346.53,223.6669,237.9341,154.9313,145.6412,156.25,394.95,-12.2598,121.7792,5899700
2026-03-06,180,2025-06-18,2026-03-06,324.74,224.4099,238.7711,144.7084,136.0048,156.25,394.95,-17.7769,107.8336,8655200
2026-03-09,180,2025-06-20,2026-03-09,338.94,225.206,239.6938,150.5022,141.4054,156.25,394.95,-14.1815,116.9216,9504100
2026-03-10,180,2025-06-23,2026-03-10,345.88,226.0573,240.6739,153.0055,143.7131,156.25,394.95,-12.4244,121.3632,6121100
2026-03-11,180,2025-06-24,2026-03-11,351.07,226.9027,241.669,154.7227,145.2689,156.25,394.95,-11.1103,124.6848,4517200
2026-03-12,180,2025-06-25,2026-03-12,337.27,227.6445,242.5417,148.1564,139.0565,156.25,394.95,-14.6044,115.8528,5978200
2026-03-13,180,2025-06-26,2026-03-13,341.53,228.3765,243.4221,149.5469,140.3036,156.25,394.95,-13.5258,118.5792,5332200
2026-03-16,180,2025-06-27,2026-03-16,346.18,229.1208,244.3257,151.0906,141.6879,156.25,394.95,-12.3484,121.5552,4427000
2026-03-17,180,2025-06-30,2026-03-17,352.46,229.8878,245.266,153.3183,143.7052,156.25,394.95,-10.7583,125.5744,4833900
2026-03-18,180,2025-07-01,2026-03-18,349.47,230.654,246.1904,151.5127,141.9511,156.25,394.95,-11.5154,123.6608,5170500
2026-03-19,180,2025-07-02,2026-03-19,357.21,231.4376,247.1541,154.344,144.5293,156.25,394.95,-9.5556,128.6144,6459700
2026-03-20,180,2025-07-03,2026-03-20,357.06,232.1726,248.0821,153.7907,143.9282,156.25,394.95,-9.5936,128.5184,17587900
2026-03-23,180,2025-07-07,2026-03-23,361.79,232.9148,249.0307,155.3315,145.2793,156.25,394.95,-8.396,131.5456,6490700
2026-03-24,180,2025-07-08,2026-03-24,373.99,233.6912,250.0485,160.036,149.567,156.25,394.95,-5.307,139.3536,6406200
2026-03-25,180,2025-07-09,2026-03-25,369.34,234.428,251.0171,157.5494,147.1374,156.25,394.95,-6.4844,136.3776,5052000
2026-03-26,180,2025-07-10,2026-03-26,338.55,235.0907,251.8124,144.0083,134.4453,156.25,394.95,-14.2803,116.672,9261000
2026-03-27,180,2025-07-11,2026-03-27,337.17,235.7323,252.5854,143.0309,133.4875,156.25,394.95,-14.6297,115.7888,5984800
2026-03-30,180,2025-07-14,2026-03-30,323.12,236.3381,253.2809,136.7194,127.5737,156.25,394.95,-18.1871,106.7968,6568100
2026-03-31,180,2025-07-15,2026-03-31,341.79,237.0065,254.0848,144.2112,134.5181,156.25,394.95,-13.4599,118.7456,8335600
2026-04-01,180,2025-07-16,2026-04-01,353.8,237.6923,254.9432,148.8479,138.776,156.25,394.95,-10.419,126.432,5974800
2026-04-02,180,2025-07-17,2026-04-02,348.47,238.4049,255.7968,146.1673,136.2292,156.25,394.95,-11.7686,123.0208,4269400
2026-04-06,180,2025-07-18,2026-04-06,352.62,239.1519,256.6863,147.446,137.3739,156.25,394.95,-10.7178,125.6768,2505500
2026-04-07,180,2025-07-21,2026-04-07,354.31,239.9261,257.5967,147.6746,137.5445,156.25,394.95,-10.2899,126.7584,4024800
2026-04-08,180,2025-07-22,2026-04-08,385.72,240.7602,258.6695,160.2092,149.1169,156.25,394.95,-2.337,146.8608,7628500
2026-04-09,180,2025-07-23,2026-04-09,397.81,241.675,259.8399,164.6054,153.0981,156.25,397.81,0.0,154.5984,5373600
2026-04-10,180,2025-07-24,2026-04-10,399.49,242.6014,261.0203,164.6693,153.0494,156.25,399.49,0.0,155.6736,6399900
2026-04-13,180,2025-07-25,2026-04-13,395.73,243.5167,262.1737,162.5063,150.9419,156.25,399.49,-0.9412,153.2672,5246600
2026-04-14,180,2025-07-28,2026-04-14,395.64,244.4618,263.3401,161.8412,150.2392,156.25,399.49,-0.9637,153.2096,5353200
2026-04-15,180,2025-07-29,2026-04-15,394.26,245.368,264.4734,160.6811,149.0736,156.25,399.49,-1.3092,152.3264,5925100
2026-04-16,180,2025-07-30,2026-04-16,389.9,246.2889,265.5928,158.31,146.8037,156.25,399.49,-2.4006,149.536,5113000
2026-04-17,180,2025-07-31,2026-04-17,396.94,247.2228,266.7458,160.5597,148.8083,156.25,399.49,-0.6383,154.0416,6017900
2026-04-20,180,2025-08-01,2026-04-20,391.62,248.2457,267.9212,157.755,146.1699,156.25,399.49,-1.97,150.6368,3747500
2026-04-21,180,2025-08-04,2026-04-21,394.33,249.2839,269.1119,158.1851,146.5301,156.25,399.49,-1.2916,152.3712,5414900
2026-04-22,180,2025-08-05,2026-04-22,403.48,250.321,270.3378,161.1851,149.2503,156.25,403.48,0.0,158.2272,5268100
2026-04-23,180,2025-08-06,2026-04-23,403.91,251.407,271.5865,160.6598,148.7224,156.25,403.91,0.0,158.5024,4420800
2026-04-24,180,2025-08-07,2026-04-24,417.04,252.5412,272.9137,165.1374,152.8102,156.25,417.04,0.0,166.9056,6159600
2026-04-27,180,2025-08-08,2026-04-27,404.86,253.6051,274.1454,159.6419,147.6807,156.25,417.04,-2.9206,159.1104,5663400
2026-04-28,180,2025-08-11,2026-04-28,381.11,254.6042,275.2357,149.6872,138.4668,156.25,417.04,-8.6155,143.9104,10396200
2026-04-29,180,2025-08-12,2026-04-29,382.59,255.6202,276.3368,149.6713,138.4506,156.25,417.04,-8.2606,144.8576,5116400
2026-04-30,180,2025-08-13,2026-04-30,394.49,256.6302,277.4815,153.7192,142.168,156.25,417.04,-5.4072,152.4736,7050000
2026-05-01,180,2025-08-14,2026-05-01,389.08,257.619,278.5873,151.0292,139.6618,156.25,417.04,-6.7044,149.0112,4586500
2026-05-04,180,2025-08-15,2026-05-04,391.38,258.6397,279.7159,151.3225,139.9205,156.25,417.04,-6.1529,150.4832,5062300
2026-05-05,180,2025-08-18,2026-05-05,410.82,260.0401,281.0996,157.9833,146.1475,156.25,417.04,-1.4915,162.9248,6321100
2026-05-06,180,2025-08-19,2026-05-06,428.62,261.4687,282.5723,163.9279,151.6851,156.25,428.62,0.0,174.3168,7241200
2026-05-07,180,2025-08-20,2026-05-07,410.64,262.8928,283.9524,156.2006,144.6158,156.25,428.62,-4.1949,162.8096,7741800
2026-05-08,180,2025-08-21,2026-05-08,435.44,264.4051,285.4773,164.6867,152.5305,156.25,435.44,0.0,178.6816,8165200
2026-05-11,180,2025-08-22,2026-05-11,443.62,265.9687,287.0538,166.7941,154.5424,156.25,443.62,0.0,183.9168,8324000
2026-05-12,180,2025-08-25,2026-05-12,431.2,267.4844,288.5467,161.2056,149.4386,156.25,443.62,-2.7997,175.968,9319400
2026-05-13,180,2025-08-26,2026-05-13,436.61,269.0368,290.0723,162.2864,150.5176,156.25,443.62,-1.5802,179.4304,7839400
2026-05-14,180,2025-08-27,2026-05-14,440.56,270.5771,291.6059,162.8223,151.0806,156.25,443.62,-0.6898,181.9584,14936200
2026-05-15,180,2025-08-28,2026-05-15,436.62,272.1286,293.1183,160.4462,148.9569,156.25,443.62,-1.5779,179.4368,12768700
2026-05-18,180,2025-08-29,2026-05-18,413.57,273.6314,294.4978,151.1413,140.4323,156.25,443.62,-6.7738,164.6848,8265000
2026-05-19,180,2025-09-02,2026-05-19,406.91,275.2057,295.8653,147.8567,137.5322,156.25,443.62,-8.2751,160.4224,8418700
2026-05-20,180,2025-09-03,2026-05-20,426.85,276.9007,297.3613,154.1528,143.5459,156.25,443.62,-3.7803,173.184,6888400
2026-05-21,180,2025-09-04,2026-05-21,427.36,278.641,298.8674,153.373,142.9932,158.24,443.62,-3.6653,170.0708,5682900
2026-05-22,180,2025-09-05,2026-05-22,432.16,280.3795,300.3892,154.1339,143.8667,162.05,443.62,-2.5833,166.6831,4889300
2026-05-26,180,2025-09-08,2026-05-26,454.89,282.1136,302.0122,161.2436,150.6197,162.05,454.89,0.0,180.7097,8044400
2026-05-27,180,2025-09-09,2026-05-27,448.25,283.8665,303.6022,157.9087,147.6438,163.42,454.89,-1.4597,174.2932,5047600
2026-05-28,180,2025-09-10,2026-05-28,449.68,285.6198,305.1921,157.4401,147.3433,163.42,454.89,-1.1453,175.1683,5675600
2026-05-29,180,2025-09-11,2026-05-29,450.06,287.3971,306.7846,156.5987,146.7023,167.8,454.89,-1.0618,168.2122,8546800
2026-06-01,180,2025-09-12,2026-06-01,458.17,289.1024,308.3847,158.4802,148.5709,167.8,458.17,0.0,173.0453,6613700
2026-06-02,180,2025-09-15,2026-06-02,490.05,290.9336,310.1749,168.4405,157.9915,170.93,490.05,0.0,186.6963,10440700
2026-06-03,180,2025-09-16,2026-06-03,500.77,292.757,312.0074,171.0531,160.4994,173.54,500.77,0.0,188.5617,8964900
2026-06-04,180,2025-09-17,2026-06-04,501.7,294.5628,313.8305,170.3202,159.8634,178.13,501.7,0.0,181.6482,6729000
2026-06-05,180,2025-09-18,2026-06-05,453.01,296.214,315.3576,152.9334,143.6496,189.76,501.7,-9.705,138.7279,11909400
2026-06-08,180,2025-09-19,2026-06-08,492.17,297.8008,317.0377,165.2682,155.2402,190.1,501.7,-1.8995,158.9006,9726900
2026-06-09,180,2025-09-22,2026-06-09,499.21,299.4144,318.7549,166.7288,156.6125,199.6,501.7,-0.4963,150.1052,11731700
2026-06-10,180,2025-09-23,2026-06-10,497.01,300.9034,320.4021,165.1726,155.1207,199.6,501.7,-0.9348,149.003,11393800
2026-06-11,180,2025-09-24,2026-06-11,552.64,302.5059,322.3564,182.6874,171.4376,199.6,552.64,0.0,176.8737,12427700
2026-06-12,180,2025-09-25,2026-06-12,567.25,304.1422,324.3887,186.5081,174.8674,199.6,567.25,0.0,184.1934,8055800
2026-06-15,180,2025-09-26,2026-06-15,585.78,305.8491,326.5341,191.5258,179.3932,203.92,585.78,0.0,187.2597,11664400
2026-06-16,180,2025-09-29,2026-06-16,568.23,307.4918,328.5581,184.7952,172.9466,204.74,585.78,-2.996,177.5373,10906100
2026-06-17,180,2025-09-30,2026-06-17,592.92,309.1781,330.7134,191.773,179.2851,204.74,592.92,0.0,189.5965,11045500
2026-06-18,180,2025-10-01,2026-06-18,617.11,310.9211,333.0044,198.478,185.3159,209.95,617.11,0.0,193.9319,16781200
2026-06-22,180,2025-10-02,2026-06-22,640.18,312.5573,335.3513,204.82,190.8983,209.95,640.18,0.0,204.9202,10737300
2026-06-23,180,2025-10-03,2026-06-23,585.88,314.0655,337.364,186.547,173.6641,209.95,640.18,-8.482,179.0569,12035100
2026-06-24,180,2025-10-06,2026-06-24,588.97,315.6623,339.4276,186.5823,173.5186,209.95,640.18,-7.9993,180.5287,10726700
2026-06-25,180,2025-10-07,2026-06-25,668.0,317.3145,341.8947,210.5167,195.3818,209.95,668.0,0.0,218.171,16477800
2026-06-26,180,2025-10-08,2026-06-26,626.84,319.0759,344.2018,196.4548,182.1141,209.95,668.0,-6.1617,198.5663,28138600
2026-06-29,180,2025-10-09,2026-06-29,694.64,320.8721,346.8526,216.485,200.2695,209.95,694.64,0.0,230.8597,14165300
2026-06-30,180,2025-10-10,2026-06-30,723.0,322.6876,349.6453,224.0557,206.781,209.95,723.0,0.0,244.3677,16461200
2026-07-01,180,2025-10-13,2026-07-01,650.91,324.5651,352.0951,200.5484,184.8677,218.19,723.0,-9.971,198.3225,16089200
2026-07-02,180,2025-10-14,2026-07-02,603.04,326.27,354.226,184.8285,170.2416,218.19,723.0,-16.592,176.383,15071700
2026-07-06,180,2025-10-15,2026-07-06,592.79,327.9919,356.3071,180.7331,166.3705,220.23,723.0,-18.0097,169.1686,8622800
2026-07-07,180,2025-10-16,2026-07-07,554.5,329.5475,358.1233,168.261,154.8349,220.23,723.0,-23.3057,151.7822,12552400
2026-07-08,180,2025-10-17,2026-07-08,570.5,331.1472,360.0277,172.2799,158.46,220.23,723.0,-21.0927,159.0474,7535700
2026-07-09,180,2025-10-20,2026-07-09,588.66,332.8285,362.0481,176.8659,162.5917,220.23,723.0,-18.5809,167.2933,14418000
2026-07-10,180,2025-10-21,2026-07-10,602.5,334.5132,364.1279,180.1125,165.4638,220.23,723.0,-16.6667,173.5776,6279300
2026-07-13,180,2025-10-22,2026-07-13,575.39,336.1919,366.0689,171.1493,157.1808,220.23,723.0,-20.4163,161.2678,7561700
2026-07-14,180,2025-10-23,2026-07-14,595.7,337.9943,368.1531,176.2456,161.8077,220.23,723.0,-17.6072,170.49,6513900
2026-07-15,180,2025-10-24,2026-07-15,579.43,339.6853,370.1028,170.5785,156.5592,220.23,723.0,-19.8575,163.1022,8168200
2026-07-16,180,2025-10-27,2026-07-16,560.93,341.353,371.9483,164.3255,150.8086,220.23,723.0,-22.4163,154.7019,8406100
2026-07-17,180,2025-10-28,2026-07-17,529.66,342.9365,373.6057,154.4484,141.7698,220.23,723.0,-26.7414,140.5031,10326500
2026-07-20,180,2025-10-29,2026-07-20,525.7,344.5716,375.2616,152.5663,140.089,220.23,723.0,-27.2891,138.705,6558300
2026-07-21,180,2025-10-30,2026-07-21,564.55,346.2088,377.0882,163.0663,149.713,220.23,723.0,-21.9156,156.3456,7636400
2026-07-22,180,2025-10-31,2026-07-22,553.92,347.8781,378.8736,159.2282,146.2018,220.23,723.0,-23.3859,151.5189,4963500
2026-07-23,180,2025-11-03,2026-07-23,562.8,349.5761,380.7053,160.995,147.8309,220.23,723.0,-22.1577,155.551,5706400
2026-07-24,180,2025-11-04,2026-07-24,536.25,351.1733,382.3638,152.7024,140.246,220.23,723.0,-25.8299,143.4954,6262200
2026-07-27,180,2025-11-05,2026-07-27,516.89,352.832,383.9566,146.4975,134.622,220.23,723.0,-28.5076,134.7046,8011400
2026-07-28,180,2025-11-06,2026-07-28,476.46,354.2572,385.2653,134.4955,123.6706,220.23,723.0,-34.0996,116.3465,9891300
2026-07-29,180,2025-11-07,2026-07-29,436.45,355.6508,386.3927,122.7187,112.955,220.23,723.0,-39.6335,98.1792,10166900
2026-07-30,180,2025-11-10,2026-07-30,501.77,357.3124,387.9021,140.4289,129.3548,220.23,723.0,-30.5989,127.8391,12166300
2026-07-31,180,2025-11-11,2026-07-31,507.67,358.9398,389.4165,141.436,130.3668,220.23,723.0,-29.7828,130.5181,7057569
