date,window_trading_days,window_start,window_end,close,fixed_amount_dca_cost,moving_avg_180,price_to_dca_pct,price_to_ma_pct,min_close_in_window,max_close_in_window,drawdown_from_window_high_pct,above_window_low_pct,volume
2010-09-20,180,2010-01-04,2010-09-20,13.74,15.4436,15.6263,88.9691,87.9285,12.32,19.48,-29.4661,11.526,130367700
2010-09-21,180,2010-01-05,2010-09-21,13.65,15.431,15.615,88.4586,87.4159,12.32,19.48,-29.9281,10.7955,168349300
2010-09-22,180,2010-01-06,2010-09-22,13.42,15.4141,15.5996,87.0634,86.0281,12.32,19.48,-31.1088,8.9286,141117900
2010-09-23,180,2010-01-07,2010-09-23,13.17,15.3944,15.5817,85.5506,84.5224,12.32,19.48,-32.3922,6.8994,153255800
2010-09-24,180,2010-01-08,2010-09-24,13.6,15.3754,15.5632,88.4531,87.3858,12.32,19.48,-30.1848,10.3896,142535200
2010-09-27,180,2010-01-11,2010-09-27,13.24,15.3545,15.5435,86.2289,85.1803,12.32,19.48,-32.0329,7.4675,123657600
2010-09-28,180,2010-01-12,2010-09-28,13.27,15.3332,15.5232,86.5444,85.4851,12.32,19.48,-31.8789,7.711,124743600
2010-09-29,180,2010-01-13,2010-09-29,13.11,15.3134,15.5051,85.6113,84.5528,12.32,19.48,-32.7002,6.4123,156717200
2010-09-30,180,2010-01-14,2010-09-30,13.1,15.2924,15.4856,85.6637,84.595,12.32,19.48,-32.7515,6.3312,148937800
2010-10-01,180,2010-01-15,2010-10-01,13.3,15.272,15.466,87.0878,85.9951,12.32,19.48,-31.7248,7.9545,168814600
2010-10-04,180,2010-01-19,2010-10-04,13.15,15.2531,15.4487,86.2118,85.1203,12.32,19.48,-32.4949,6.737,133664600
2010-10-05,180,2010-01-20,2010-10-05,13.56,15.237,15.4334,88.9938,87.8615,12.32,19.48,-30.3901,10.0649,191282100
2010-10-06,180,2010-01-21,2010-10-06,13.39,15.2189,15.4162,87.9825,86.8569,12.32,19.48,-31.2628,8.6851,150771000
2010-10-07,180,2010-01-22,2010-10-07,13.31,15.2055,15.4042,87.5344,86.4052,12.32,19.48,-31.6735,8.0357,112300500
2010-10-08,180,2010-01-25,2010-10-08,13.18,15.1942,15.3946,86.7436,85.6144,12.32,19.48,-32.3409,6.9805,173162700
2010-10-11,180,2010-01-26,2010-10-11,13.15,15.1823,15.3844,86.614,85.4759,12.32,19.48,-32.4949,6.737,101283500
2010-10-12,180,2010-01-27,2010-10-12,13.52,15.1743,15.3775,89.0981,87.9207,12.32,19.48,-30.5955,9.7403,136898300
2010-10-13,180,2010-01-28,2010-10-13,13.29,15.1623,15.3669,87.6518,86.4843,12.32,19.48,-31.7762,7.8734,175054300
2010-10-14,180,2010-01-29,2010-10-14,12.6,15.144,15.3516,83.2012,82.0764,12.32,19.48,-35.3183,2.2727,511175200
2010-10-15,180,2010-02-01,2010-10-15,11.98,15.1216,15.3338,79.2243,78.1282,11.98,19.48,-38.501,0.0,600410400
2010-10-18,180,2010-02-02,2010-10-18,12.34,15.1011,15.3167,81.7159,80.5658,11.98,19.48,-36.653,3.005,416485100
2010-10-19,180,2010-02-03,2010-10-19,11.8,15.075,15.2956,78.2754,77.1466,11.8,19.48,-39.4251,0.0,574229600
2010-10-20,180,2010-02-04,2010-10-20,11.75,15.0489,15.2746,78.0789,76.9253,11.75,19.48,-39.6817,0.0,655116600
2010-10-21,180,2010-02-05,2010-10-21,11.36,15.0235,15.2557,75.615,74.4639,11.36,19.48,-41.6838,0.0,318784400
2010-10-22,180,2010-02-08,2010-10-22,11.44,14.9975,15.2359,76.2794,75.0856,11.36,19.48,-41.2731,0.7042,173466800
2010-10-25,180,2010-02-09,2010-10-25,11.16,14.9719,15.2175,74.5398,73.3366,11.16,19.48,-42.7105,0.0,327390900
2010-10-26,180,2010-02-10,2010-10-26,11.3,14.9478,15.1999,75.5966,74.3426,11.16,19.48,-41.9918,1.2545,232839500
2010-10-27,180,2010-02-11,2010-10-27,11.54,14.9248,15.1825,77.3207,76.0086,11.16,19.48,-40.7598,3.405,275344800
2010-10-28,180,2010-02-12,2010-10-28,11.53,14.9021,15.1653,77.3714,76.0289,11.16,19.48,-40.8111,3.3154,180293000
2010-10-29,180,2010-02-16,2010-10-29,11.45,14.8798,15.1486,76.9499,75.5845,11.16,19.48,-41.2218,2.5986,126825100
2010-11-01,180,2010-02-17,2010-11-01,11.5,14.854,15.1283,77.4201,76.0166,11.16,19.48,-40.9651,3.0466,152004500
2010-11-02,180,2010-02-18,2010-11-02,11.4,14.8248,15.1046,76.898,75.4736,11.16,19.48,-41.4784,2.1505,176470800
2010-11-03,180,2010-02-19,2010-11-03,11.52,14.7958,15.0804,77.86,76.3906,11.16,19.48,-40.8624,3.2258,176344100
2010-11-04,180,2010-02-22,2010-11-04,12.13,14.7722,15.0596,82.114,80.5469,11.16,19.48,-37.731,8.6918,310826500
2010-11-05,180,2010-02-23,2010-11-05,12.36,14.7489,15.0382,83.8029,82.1909,11.16,19.48,-36.5503,10.7527,405644600
2010-11-08,180,2010-02-24,2010-11-08,12.6,14.7288,15.0196,85.5465,83.8903,11.16,19.48,-35.3183,12.9032,247865900
2010-11-09,180,2010-02-25,2010-11-09,12.27,14.7044,14.9971,83.4442,81.8161,11.16,19.48,-37.0123,9.9462,225038100
2010-11-10,180,2010-02-26,2010-11-10,12.57,14.6815,14.9749,85.618,83.9402,11.16,19.48,-35.4723,12.6344,191612200
2010-11-11,180,2010-03-01,2010-11-11,12.37,14.6566,14.9511,84.3988,82.7363,11.16,19.48,-36.499,10.8423,130702300
2010-11-12,180,2010-03-02,2010-11-12,12.12,14.6296,14.9256,82.8457,81.2027,11.16,19.48,-37.7823,8.6022,170642600
2010-11-15,180,2010-03-03,2010-11-15,12.1,14.6036,14.9014,82.8561,81.2005,11.16,19.48,-37.885,8.4229,112735900
2010-11-16,180,2010-03-04,2010-11-16,11.94,14.5768,14.8768,81.9108,80.2593,11.16,19.48,-38.7064,6.9892,219262600
2010-11-17,180,2010-03-05,2010-11-17,11.62,14.5473,14.8502,79.8775,78.248,11.16,19.48,-40.3491,4.1219,170058200
2010-11-18,180,2010-03-08,2010-11-18,11.7,14.5173,14.8224,80.5938,78.9343,11.16,19.48,-39.9384,4.8387,138773700
2010-11-19,180,2010-03-09,2010-11-19,11.66,14.4868,14.7942,80.4868,78.8146,11.16,19.48,-40.1437,4.4803,104569300
2010-11-22,180,2010-03-10,2010-11-22,11.3,14.4531,14.7637,78.1837,76.5393,11.16,19.48,-41.9918,1.2545,223150100
2010-11-23,180,2010-03-11,2010-11-23,11.09,14.4164,14.7302,76.9262,75.2874,11.09,19.48,-43.0698,0.0,199123000
2010-11-24,180,2010-03-12,2010-11-24,11.28,14.3816,14.6978,78.4336,76.7463,11.09,19.48,-42.0945,1.7133,109514300
2010-11-26,180,2010-03-15,2010-11-26,11.12,14.3465,14.6659,77.51,75.8219,11.09,19.48,-42.9158,0.2705,54441000
2010-11-29,180,2010-03-16,2010-11-29,11.31,14.3134,14.6352,79.017,77.2796,11.09,19.48,-41.9405,1.9838,144663800
2010-11-30,180,2010-03-17,2010-11-30,10.95,14.2764,14.6014,76.7002,74.9929,10.95,19.48,-43.7885,0.0,267119300
2010-12-01,180,2010-03-18,2010-12-01,11.29,14.2417,14.5682,79.2742,77.4977,10.95,19.48,-42.0431,3.105,289105800
2010-12-02,180,2010-03-19,2010-12-02,11.68,14.2113,14.5382,82.1883,80.3403,10.95,19.48,-40.0411,6.6667,284454000
2010-12-03,180,2010-03-22,2010-12-03,11.86,14.1834,14.5106,83.6187,81.7333,10.95,19.48,-39.117,8.3105,164553900
2010-12-06,180,2010-03-23,2010-12-06,11.64,14.1534,14.4811,82.2418,80.3809,10.95,19.48,-40.2464,6.3014,132238800
2010-12-07,180,2010-03-24,2010-12-07,11.57,14.1222,14.4502,81.9276,80.0683,10.95,19.48,-40.6057,5.6621,215071600
2010-12-08,180,2010-03-25,2010-12-08,12.0,14.093,14.4192,85.1485,83.2222,10.95,19.48,-38.3984,9.589,235158100
2010-12-09,180,2010-03-26,2010-12-09,12.65,14.068,14.3909,89.9202,87.9025,10.95,19.48,-35.0616,15.5251,328639000
2010-12-10,180,2010-03-29,2010-12-10,12.8,14.0436,14.3626,91.1447,89.1203,10.95,19.48,-34.2916,16.895,224667700
2010-12-13,180,2010-03-30,2010-12-13,12.54,14.017,14.3321,89.4627,87.4962,10.95,19.48,-35.6263,14.5205,189201500
2010-12-14,180,2010-03-31,2010-12-14,12.4,13.9905,14.3023,88.6316,86.6995,10.95,19.48,-36.345,13.242,161365800
2010-12-15,180,2010-04-01,2010-12-15,12.29,13.963,14.2714,88.0184,86.1164,10.95,19.48,-36.9097,12.2374,160612500
2010-12-16,180,2010-04-05,2010-12-16,12.52,13.9366,14.2407,89.8356,87.9169,10.95,19.48,-35.729,14.3379,309278400
2010-12-17,180,2010-04-06,2010-12-17,12.57,13.9103,14.2098,90.3647,88.4599,10.95,19.48,-35.4723,14.7945,154544200
2010-12-20,180,2010-04-07,2010-12-20,12.62,13.8833,14.1772,90.9005,89.016,10.95,19.48,-35.2156,15.2511,113899800
2010-12-21,180,2010-04-08,2010-12-21,12.98,13.8584,14.1459,93.6619,91.7581,10.95,19.48,-33.3676,18.5388,163167100
2010-12-22,180,2010-04-09,2010-12-22,13.38,13.8359,14.1166,96.7052,94.782,10.95,19.48,-31.3142,22.1918,240618000
2010-12-23,180,2010-04-12,2010-12-23,13.06,13.8117,14.0859,94.5576,92.7169,10.95,19.48,-32.9569,19.2694,183718500
2010-12-27,180,2010-04-13,2010-12-27,13.27,13.7887,14.0559,96.2385,94.4085,10.95,19.48,-31.8789,21.1872,116011000
2010-12-28,180,2010-04-14,2010-12-28,13.34,13.7661,14.0263,96.9048,95.1068,10.95,19.48,-31.5195,21.8265,119303600
2010-12-29,180,2010-04-15,2010-12-29,13.31,13.7413,13.9925,96.8613,95.1224,10.95,19.48,-31.6735,21.5525,74986200
2010-12-30,180,2010-04-16,2010-12-30,13.28,13.7162,13.9581,96.8198,95.1422,10.95,18.61,-28.6405,21.2785,88176300
2010-12-31,180,2010-04-19,2010-12-31,13.34,13.6947,13.9299,97.4102,95.7653,10.95,18.61,-28.3181,21.8265,63036100
2011-01-03,180,2010-04-20,2011-01-03,14.19,13.6779,13.9066,103.7439,102.0382,10.95,18.61,-23.7507,29.589,354322300
2011-01-04,180,2010-04-21,2011-01-04,14.24,13.6608,13.8823,104.2399,102.5768,10.95,18.54,-23.1931,30.0457,218978200
2011-01-05,180,2010-04-22,2011-01-05,14.5,13.646,13.8613,106.258,104.608,10.95,18.54,-21.7907,32.4201,246151200
2011-01-06,180,2010-04-23,2011-01-06,14.44,13.6302,13.8385,105.9412,104.3466,10.95,18.43,-21.6495,31.8721,241658500
2011-01-07,180,2010-04-26,2011-01-07,14.25,13.6138,13.8153,104.6732,103.1467,10.95,18.3,-22.1311,30.137,392328700
2011-01-10,180,2010-04-27,2011-01-10,14.4,13.5993,13.795,105.8874,104.3856,10.95,18.3,-21.3115,31.5068,185382600
2011-01-11,180,2010-04-28,2011-01-11,14.69,13.5882,13.7796,108.1083,106.6072,10.95,18.3,-19.7268,34.1553,212239400
2011-01-12,180,2010-04-29,2011-01-12,14.99,13.5775,13.7641,110.4032,108.9069,10.95,18.3,-18.0874,36.895,204060800
2011-01-13,180,2010-04-30,2011-01-13,14.77,13.5641,13.7444,108.8901,107.4616,10.95,18.06,-18.217,34.8858,158944400
2011-01-14,180,2010-05-03,2011-01-14,15.25,13.5544,13.7301,112.5092,111.0697,10.95,18.06,-15.5592,39.2694,282493800
2011-01-18,180,2010-05-04,2011-01-18,15.0,13.5429,13.7131,110.7589,109.3844,10.95,17.56,-14.5786,36.9863,198400500
2011-01-19,180,2010-05-05,2011-01-19,14.37,13.5301,13.6954,106.208,104.9258,10.95,17.53,-18.0262,31.2329,247013200
2011-01-20,180,2010-05-06,2011-01-20,14.54,13.5181,13.6788,107.5592,106.296,10.95,17.3,-15.9538,32.7854,245219600
2011-01-21,180,2010-05-07,2011-01-21,14.25,13.5093,13.6675,105.4832,104.2619,10.95,17.3,-17.6301,30.137,291812600
2011-01-24,180,2010-05-10,2011-01-24,13.92,13.4991,13.6549,103.118,101.9411,10.95,17.3,-19.5376,27.1233,225424700
2011-01-25,180,2010-05-11,2011-01-25,13.63,13.4834,13.6346,101.0876,99.9666,10.95,17.16,-20.5711,24.4749,303642100
2011-01-26,180,2010-05-12,2011-01-26,13.55,13.4677,13.6145,100.6112,99.5262,10.95,17.07,-20.621,23.7443,145810300
2011-01-27,180,2010-05-13,2011-01-27,13.67,13.453,13.5956,101.6128,100.5472,10.95,16.87,-18.9686,24.8402,153086100
2011-01-28,180,2010-05-14,2011-01-28,13.6,13.4387,13.5774,101.2002,100.1661,10.95,16.35,-16.8196,24.2009,226452500
2011-01-31,180,2010-05-17,2011-01-31,13.73,13.427,13.5629,102.2563,101.2317,10.95,16.35,-16.0245,25.3881,118000800
2011-02-01,180,2010-05-18,2011-02-01,14.31,13.4183,13.5516,106.6452,105.5963,10.95,16.31,-12.2624,30.6849,211978400
2011-02-02,180,2010-05-19,2011-02-02,14.24,13.4108,13.5421,106.1831,105.1535,10.95,16.31,-12.6916,30.0457,140312700
2011-02-03,180,2010-05-20,2011-02-03,14.43,13.4028,13.5317,107.6639,106.6387,10.95,16.18,-10.8158,31.7808,145885300
2011-02-04,180,2010-05-21,2011-02-04,14.29,13.3982,13.5261,106.656,105.6479,10.95,16.18,-11.6811,30.5023,141015200
2011-02-07,180,2010-05-24,2011-02-07,14.67,13.3926,13.5187,109.5381,108.5162,10.95,16.18,-9.3325,33.9726,149423500
2011-02-08,180,2010-05-25,2011-02-08,14.61,13.3891,13.5143,109.1186,108.1074,10.95,16.18,-9.7033,33.4247,158426200
2011-02-09,180,2010-05-26,2011-02-09,14.64,13.3854,13.5096,109.3731,108.3673,10.95,16.18,-9.5179,33.6986,150179100
2011-02-10,180,2010-05-27,2011-02-10,14.49,13.381,13.5042,108.2877,107.3002,10.95,16.18,-10.445,32.3288,132240800
2011-02-11,180,2010-05-28,2011-02-11,14.77,13.3752,13.4963,110.4286,109.4371,10.95,15.89,-7.0485,34.8858,156195600
2011-02-14,180,2010-06-01,2011-02-14,14.89,13.3715,13.4916,111.3558,110.3649,10.95,15.89,-6.2933,35.9817,112571100
2011-02-15,180,2010-06-02,2011-02-15,14.77,13.3686,13.4879,110.4825,109.5056,10.95,15.89,-7.0485,34.8858,109532300
2011-02-16,180,2010-06-03,2011-02-16,14.84,13.3642,13.4821,111.0428,110.0722,10.95,15.87,-6.4902,35.5251,132821900
2011-02-17,180,2010-06-04,2011-02-17,14.81,13.36,13.4765,110.8535,109.895,10.95,15.87,-6.6793,35.2511,103495400
2011-02-18,180,2010-06-07,2011-02-18,14.75,13.3573,13.4732,110.4261,109.4769,10.95,15.87,-7.0573,34.7032,98369000
2011-02-22,180,2010-06-08,2011-02-22,14.18,13.3543,13.4696,106.1831,105.2744,10.95,15.87,-10.649,29.4977,187522800
2011-02-23,180,2010-06-09,2011-02-23,14.17,13.349,13.4631,106.1503,105.2506,10.95,15.87,-10.712,29.4064,196355700
2011-02-24,180,2010-06-10,2011-02-24,13.97,13.3441,13.4573,104.6906,103.8096,10.95,15.87,-11.9723,27.5799,201697200
2011-02-25,180,2010-06-11,2011-02-25,14.2,13.3384,13.4503,106.4594,105.5736,10.95,15.87,-10.523,29.6804,126869100
2011-02-28,180,2010-06-14,2011-02-28,14.29,13.3326,13.4431,107.1808,106.3002,10.95,15.87,-9.9559,30.5023,137039100
2011-03-01,180,2010-06-15,2011-03-01,13.93,13.3258,13.4348,104.534,103.6857,10.95,15.87,-12.2243,27.2146,161263900
2011-03-02,180,2010-06-16,2011-03-02,13.83,13.3169,13.4239,103.8529,103.0253,10.95,15.87,-12.8544,26.3014,115609400
2011-03-03,180,2010-06-17,2011-03-03,14.27,13.31,13.415,107.213,106.3735,10.95,15.82,-9.7977,30.3196,139513500
2011-03-04,180,2010-06-18,2011-03-04,14.12,13.3025,13.4056,106.1457,105.3295,10.95,15.82,-10.7459,28.9498,146184700
2011-03-07,180,2010-06-21,2011-03-07,14.03,13.2945,13.3956,105.532,104.7358,10.95,15.79,-11.1463,28.1279,139010300
2011-03-08,180,2010-06-22,2011-03-08,14.69,13.2899,13.3895,110.5351,109.7128,10.95,15.67,-6.254,34.1553,250033200
2011-03-09,180,2010-06-23,2011-03-09,14.59,13.2856,13.384,109.818,109.0108,10.95,15.67,-6.8922,33.242,148290400
2011-03-10,180,2010-06-24,2011-03-10,14.26,13.2804,13.3775,107.3762,106.5969,10.95,15.67,-8.9981,30.2283,155462700
2011-03-11,180,2010-06-25,2011-03-11,14.38,13.2775,13.3739,108.3035,107.5225,10.95,15.67,-8.2323,31.3242,111555000
2011-03-14,180,2010-06-28,2011-03-14,14.23,13.2722,13.3673,107.2166,106.4535,10.95,15.67,-9.1895,29.9543,112139700
2011-03-15,180,2010-06-29,2011-03-15,13.96,13.2663,13.3602,105.229,104.4893,10.95,15.67,-10.9126,27.4886,167837200
2011-03-16,180,2010-06-30,2011-03-16,13.69,13.262,13.3553,103.2273,102.5059,10.95,15.67,-12.6356,25.0228,178630900
2011-03-17,180,2010-07-01,2011-03-17,13.98,13.2601,13.3532,105.4291,104.6943,10.95,15.67,-10.7849,27.6712,131745300
2011-03-18,180,2010-07-02,2011-03-18,14.04,13.2602,13.3533,105.8807,105.1427,10.95,15.67,-10.402,28.2192,199209100
2011-03-21,180,2010-07-06,2011-03-21,14.05,13.2613,13.3544,105.9477,105.2084,10.95,15.67,-10.3382,28.3105,114391500
2011-03-22,180,2010-07-07,2011-03-22,13.88,13.2604,13.3534,104.6729,103.9432,10.95,15.67,-11.4231,26.758,86286500
2011-03-23,180,2010-07-08,2011-03-23,13.65,13.2552,13.3476,102.9785,102.2659,10.95,15.67,-12.8909,24.6575,230626600
2011-03-24,180,2010-07-09,2011-03-24,13.48,13.2485,13.3399,101.7475,101.0503,10.95,15.67,-13.9757,23.105,170761100
2011-03-25,180,2010-07-12,2011-03-25,13.34,13.2399,13.3301,100.7559,100.0746,10.95,15.67,-14.8692,21.8265,115322600
2011-03-28,180,2010-07-13,2011-03-28,13.37,13.2311,13.3198,101.0497,100.3766,10.95,15.67,-14.6777,22.1005,78640400
2011-03-29,180,2010-07-14,2011-03-29,13.35,13.2203,13.3069,100.9808,100.3236,10.95,15.67,-14.8054,21.9178,117737500
2011-03-30,180,2010-07-15,2011-03-30,13.45,13.2101,13.2946,101.8159,101.1688,10.95,15.39,-12.6056,22.8311,121082200
2011-03-31,180,2010-07-16,2011-03-31,13.33,13.2004,13.2832,100.9819,100.3526,10.95,15.25,-12.5902,21.7352,86180900
2011-04-01,180,2010-07-19,2011-04-01,13.37,13.1972,13.2798,101.3091,100.6794,10.95,15.25,-12.3279,22.1005,95017100
2011-04-04,180,2010-07-20,2011-04-04,13.44,13.1963,13.2788,101.8465,101.2137,10.95,15.25,-11.8689,22.7397,71113900
2011-04-05,180,2010-07-21,2011-04-05,13.47,13.1948,13.2772,102.0859,101.4524,10.95,15.25,-11.6721,23.0137,64968800
2011-04-06,180,2010-07-22,2011-04-06,13.72,13.1967,13.2792,103.9656,103.3197,10.95,15.25,-10.0328,25.2968,136151600
2011-04-07,180,2010-07-23,2011-04-07,13.61,13.1964,13.2789,103.1341,102.4935,10.95,15.25,-10.7541,24.2922,119206000
2011-04-08,180,2010-07-26,2011-04-08,13.48,13.1951,13.2774,102.1595,101.5256,10.95,15.25,-11.6066,23.105,87592400
2011-04-11,180,2010-07-27,2011-04-11,13.49,13.1917,13.2738,102.2612,101.6289,10.95,15.25,-11.541,23.1963,63348300
2011-04-12,180,2010-07-28,2011-04-12,13.47,13.1881,13.2698,102.1378,101.5089,10.95,15.25,-11.6721,23.0137,100372600
2011-04-13,180,2010-07-29,2011-04-13,13.27,13.1843,13.2658,100.6499,100.0318,10.95,15.25,-12.9836,21.1872,124630800
2011-04-14,180,2010-07-30,2011-04-14,13.13,13.1796,13.2608,99.6236,99.0138,10.95,15.25,-13.9016,19.9087,115624900
2011-04-15,180,2010-08-02,2011-04-15,12.82,13.1731,13.254,97.3198,96.7255,10.95,15.25,-15.9344,17.0776,266336200
2011-04-18,180,2010-08-03,2011-04-18,12.42,13.1622,13.2428,94.361,93.787,10.95,15.25,-18.5574,13.4247,262012500
2011-04-19,180,2010-08-04,2011-04-19,12.34,13.1513,13.2317,93.8307,93.2611,10.95,15.25,-19.082,12.6941,182612900
2011-04-20,180,2010-08-05,2011-04-20,12.27,13.1408,13.221,93.3736,92.8069,10.95,15.25,-19.541,12.0548,179989100
2011-04-21,180,2010-08-06,2011-04-21,12.31,13.1313,13.2115,93.7458,93.1764,10.95,15.25,-19.2787,12.4201,100820900
2011-04-25,180,2010-08-09,2011-04-25,12.44,13.1229,13.2031,94.7962,94.2206,10.95,15.25,-18.4262,13.6073,112414300
2011-04-26,180,2010-08-10,2011-04-26,12.23,13.1134,13.1937,93.2631,92.6956,10.95,15.25,-19.8033,11.6895,146800000
2011-04-27,180,2010-08-11,2011-04-27,12.33,13.1061,13.1865,94.0786,93.5047,10.95,15.25,-19.1475,12.6027,118705100
2011-04-28,180,2010-08-12,2011-04-28,12.42,13.1016,13.1822,94.7978,94.2178,10.95,15.25,-18.5574,13.4247,92414200
2011-04-29,180,2010-08-13,2011-04-29,12.28,13.0969,13.1779,93.7624,93.1864,10.95,15.25,-19.4754,12.1461,87169300
2011-05-02,180,2010-08-16,2011-05-02,12.34,13.0917,13.1729,94.2579,93.6769,10.95,15.25,-19.082,12.6941,89940100
2011-05-03,180,2010-08-17,2011-05-03,12.6,13.0884,13.1697,96.2687,95.6744,10.95,15.25,-17.377,15.0685,145530300
2011-05-04,180,2010-08-18,2011-05-04,12.49,13.0842,13.1657,95.4586,94.868,10.95,15.25,-18.0984,14.0639,99234300
2011-05-05,180,2010-08-19,2011-05-05,12.3,13.0783,13.16,94.049,93.465,10.95,15.25,-19.3443,12.3288,130921200
2011-05-06,180,2010-08-20,2011-05-06,12.31,13.0741,13.1561,94.1557,93.5691,10.95,15.25,-19.2787,12.4201,111324100
2011-05-09,180,2010-08-23,2011-05-09,12.18,13.0699,13.1522,93.1912,92.6079,10.95,15.25,-20.1311,11.2329,110668200
2011-05-10,180,2010-08-24,2011-05-10,12.28,13.0664,13.1489,93.9818,93.3915,10.95,15.25,-19.4754,12.1461,91577700
2011-05-11,180,2010-08-25,2011-05-11,12.25,13.064,13.1468,93.7693,93.1787,10.95,15.25,-19.6721,11.8721,150517800
2011-05-12,180,2010-08-26,2011-05-12,12.2,13.0612,13.1442,93.4068,92.8164,10.95,15.25,-20.0,11.4155,111941900
2011-05-13,180,2010-08-27,2011-05-13,11.93,13.0577,13.1412,91.3636,90.783,10.95,15.25,-21.7705,8.9498,159056700
2011-05-16,180,2010-08-30,2011-05-16,11.86,13.0528,13.1369,90.8618,90.2801,10.95,15.25,-22.2295,8.3105,123646400
2011-05-17,180,2010-08-31,2011-05-17,11.9,13.0501,13.1346,91.1872,90.6007,10.95,15.25,-21.9672,8.6758,145394700
2011-05-18,180,2010-09-01,2011-05-18,11.79,13.0458,13.1308,90.3742,89.7887,10.95,15.25,-22.6885,7.6712,152963400
2011-05-19,180,2010-09-02,2011-05-19,11.69,13.0365,13.1224,89.6716,89.0844,10.95,15.25,-23.3443,6.758,121082700
2011-05-20,180,2010-09-03,2011-05-20,11.58,13.026,13.1129,88.8989,88.3097,10.95,15.25,-24.0656,5.7534,115821500
2011-05-23,180,2010-09-07,2011-05-23,11.42,13.0133,13.1014,87.7562,87.1663,10.95,15.25,-25.1148,4.2922,122134100
2011-05-24,180,2010-09-08,2011-05-24,11.46,13.0025,13.0917,88.1372,87.5366,10.95,15.25,-24.8525,4.6575,129513400
2011-05-25,180,2010-09-09,2011-05-25,11.38,12.9902,13.0806,87.6046,86.999,10.95,15.25,-25.377,3.9269,103583400
2011-05-26,180,2010-09-10,2011-05-26,11.46,12.9778,13.0693,88.3044,87.6866,10.95,15.25,-24.8525,4.6575,124072200
2011-05-27,180,2010-09-13,2011-05-27,11.69,12.9669,13.0589,90.1529,89.5172,10.95,15.25,-23.3443,6.758,107370400
2011-05-31,180,2010-09-14,2011-05-31,11.75,12.9543,13.0467,90.7032,90.0609,10.95,15.25,-22.9508,7.3059,106228200
2011-06-01,180,2010-09-15,2011-06-01,11.24,12.9396,13.0332,86.8654,86.2415,10.95,15.25,-26.2951,2.6484,176331800
2011-06-02,180,2010-09-16,2011-06-02,11.29,12.925,13.0197,87.3499,86.7146,10.95,15.25,-25.9672,3.105,198074000
2011-06-03,180,2010-09-17,2011-06-03,11.28,12.9113,13.0071,87.3656,86.7218,10.95,15.25,-26.0328,3.0137,115786700
2011-06-06,180,2010-09-20,2011-06-06,10.83,12.8949,12.9928,83.9868,83.3536,10.83,15.25,-28.9836,0.0,213289400
2011-06-07,180,2010-09-21,2011-06-07,10.65,12.8754,12.9757,82.7158,82.0767,10.65,15.25,-30.1639,0.0,160224800
2011-06-08,180,2010-09-22,2011-06-08,10.54,12.8555,12.9584,81.9881,81.3373,10.54,15.25,-30.8852,0.0,159384200
2011-06-09,180,2010-09-23,2011-06-09,10.65,12.8378,12.943,82.9584,82.2839,10.54,15.25,-30.1639,1.0436,129533300
2011-06-10,180,2010-09-24,2011-06-10,10.8,12.8225,12.9298,84.2268,83.5278,10.54,15.25,-29.1803,2.4668,210796300
2011-06-13,180,2010-09-27,2011-06-13,10.97,12.8064,12.9152,85.66,84.9385,10.54,15.25,-28.0656,4.0797,186095900
2011-06-14,180,2010-09-28,2011-06-14,10.8,12.7909,12.9017,84.435,83.7101,10.54,15.25,-29.1803,2.4668,173051000
2011-06-15,180,2010-09-29,2011-06-15,10.5,12.7729,12.8863,82.2055,81.482,10.5,15.25,-31.1475,0.0,213408200
2011-06-16,180,2010-09-30,2011-06-16,10.6,12.7565,12.8723,83.0948,82.3472,10.5,15.25,-30.4918,0.9524,200127400
2011-06-17,180,2010-10-01,2011-06-17,10.68,12.7409,12.8589,83.8246,83.0554,10.5,15.25,-29.9672,1.7143,116367000
2011-06-20,180,2010-10-04,2011-06-20,10.6,12.7236,12.8439,83.3094,82.5295,10.5,15.25,-30.4918,0.9524,88402500
2011-06-21,180,2010-10-05,2011-06-21,10.83,12.709,12.831,85.2151,84.405,10.5,15.25,-28.9836,3.1429,109392600
2011-06-22,180,2010-10-06,2011-06-22,10.79,12.692,12.8156,85.0139,84.1942,10.5,15.25,-29.2459,2.7619,102448600
2011-06-23,180,2010-10-07,2011-06-23,10.71,12.6753,12.8007,84.4947,83.6672,10.5,15.25,-29.7705,2.0,180604400
2011-06-24,180,2010-10-08,2011-06-24,10.52,12.6576,12.7852,83.1122,82.2825,10.5,15.25,-31.0164,0.1905,122210200
2011-06-27,180,2010-10-11,2011-06-27,10.85,12.6431,12.7723,85.8176,84.9496,10.5,15.25,-28.8525,3.3333,202814500
2011-06-28,180,2010-10-12,2011-06-28,10.82,12.6286,12.7593,85.6787,84.8007,10.5,15.25,-29.0492,3.0476,113027000
2011-06-29,180,2010-10-13,2011-06-29,11.14,12.6146,12.7461,88.3105,87.3992,10.5,15.25,-26.9508,6.0952,301628700
2011-06-30,180,2010-10-14,2011-06-30,10.96,12.6005,12.7332,86.9809,86.0744,10.5,15.25,-28.1311,4.381,255993900
2011-07-01,180,2010-10-15,2011-07-01,11.09,12.5909,12.7248,88.0792,87.1528,10.5,15.25,-27.2787,5.619,137487700
2011-07-05,180,2010-10-18,2011-07-05,11.0,12.5844,12.7193,87.4099,86.4825,10.5,15.25,-27.8689,4.7619,110261100
2011-07-06,180,2010-10-19,2011-07-06,10.74,12.5738,12.7104,85.4159,84.4974,10.5,15.25,-29.5738,2.2857,145455700
2011-07-07,180,2010-10-20,2011-07-07,10.92,12.5678,12.7056,86.8888,85.9467,10.5,15.25,-28.3934,4.0,113940400
2011-07-08,180,2010-10-21,2011-07-08,10.7,12.5605,12.6997,85.188,84.2538,10.5,15.25,-29.8361,1.9048,129514100
2011-07-11,180,2010-10-22,2011-07-11,10.35,12.5529,12.6941,82.4508,81.5339,10.35,15.25,-32.1311,0.0,145323900
2011-07-12,180,2010-10-25,2011-07-12,10.21,12.5437,12.6873,81.3953,80.4743,10.21,15.25,-33.0492,0.0,145156100
2011-07-13,180,2010-10-26,2011-07-13,10.2,12.5364,12.6819,81.3634,80.4293,10.2,15.25,-33.1148,0.0,164765500
2011-07-14,180,2010-10-27,2011-07-14,10.07,12.5269,12.6751,80.3869,79.447,10.07,15.25,-33.9672,0.0,148536100
2011-07-15,180,2010-10-28,2011-07-15,10.0,12.5153,12.6666,79.9022,78.9481,10.0,15.25,-34.4262,0.0,183416000
2011-07-18,180,2010-10-29,2011-07-18,9.72,12.5013,12.6565,77.7521,76.7985,9.72,15.25,-36.2623,0.0,226934200
2011-07-19,180,2010-11-01,2011-07-19,9.57,12.4864,12.6461,76.6435,75.6758,9.57,15.25,-37.2459,0.0,322430300
2011-07-20,180,2010-11-02,2011-07-20,9.85,12.4738,12.6369,78.9656,77.9464,9.57,15.25,-35.4098,2.9258,249783800
2011-07-21,180,2010-11-03,2011-07-21,10.23,12.4651,12.6304,82.069,80.9951,9.57,15.25,-32.918,6.8966,238464700
2011-07-22,180,2010-11-04,2011-07-22,10.13,12.4548,12.6227,81.3338,80.2525,9.57,15.25,-33.5738,5.8516,138441500
2011-07-25,180,2010-11-05,2011-07-25,10.01,12.4398,12.6109,80.4675,79.3758,9.57,15.25,-34.3607,4.5977,130582700
2011-07-26,180,2010-11-08,2011-07-26,10.0,12.4234,12.5978,80.4931,79.3791,9.57,15.25,-34.4262,4.4932,121168700
2011-07-27,180,2010-11-09,2011-07-27,9.68,12.4029,12.5816,78.0461,76.938,9.57,15.25,-36.5246,1.1494,151491700
2011-07-28,180,2010-11-10,2011-07-28,9.79,12.3853,12.5678,79.0453,77.8976,9.57,15.25,-35.8033,2.2989,113623300
2011-07-29,180,2010-11-11,2011-07-29,9.71,12.3654,12.5519,78.5258,77.3589,9.57,15.25,-36.3279,1.4629,187926700
2011-08-01,180,2010-11-12,2011-08-01,9.81,12.3475,12.5377,79.4494,78.2442,9.57,15.25,-35.6721,2.5078,159616700
2011-08-02,180,2010-11-15,2011-08-02,9.49,12.3281,12.5231,76.9784,75.7802,9.49,15.25,-37.7705,0.0,173972600
2011-08-03,180,2010-11-16,2011-08-03,9.54,12.3094,12.5088,77.5015,76.2661,9.49,15.25,-37.4426,0.5269,175691200
2011-08-04,180,2010-11-17,2011-08-04,8.83,12.2847,12.4916,71.8783,70.6878,8.83,15.25,-42.0984,0.0,305309300
2011-08-05,180,2010-11-18,2011-08-05,8.17,12.2543,12.4724,66.6707,65.5047,8.17,15.25,-46.4262,0.0,546781600
2011-08-08,180,2010-11-19,2011-08-08,6.51,12.1977,12.4436,53.3708,52.3162,6.51,15.25,-57.3115,0.0,682052900
2011-08-09,180,2010-11-22,2011-08-09,7.6,12.1599,12.421,62.5004,61.1867,6.51,15.25,-50.1639,16.7435,496094500
2011-08-10,180,2010-11-23,2011-08-10,6.77,12.1115,12.3958,55.8974,54.6151,6.51,15.25,-55.6066,3.9939,493986500
2011-08-11,180,2010-11-24,2011-08-11,7.25,12.0727,12.3745,60.0529,58.5882,6.51,15.25,-52.459,11.3671,344079000
2011-08-12,180,2010-11-26,2011-08-12,7.19,12.032,12.3518,59.7574,58.2102,6.51,15.25,-52.8525,10.4455,298997800
2011-08-15,180,2010-11-29,2011-08-15,7.76,12.0008,12.3331,64.6626,62.9201,6.51,15.25,-49.1148,19.2012,268370400
2011-08-16,180,2010-11-30,2011-08-16,7.4,11.9635,12.3114,61.8549,60.1069,6.51,15.25,-51.4754,13.6713,275997300
2011-08-17,180,2010-12-01,2011-08-17,7.46,11.9296,12.292,62.5335,60.6899,6.51,15.25,-51.082,14.5929,159346200
2011-08-18,180,2010-12-02,2011-08-18,7.01,11.887,12.2682,58.9719,57.1395,6.51,15.25,-54.0328,7.6805,335205500
2011-08-19,180,2010-12-03,2011-08-19,6.97,11.8418,12.2421,58.8595,56.9349,6.51,15.25,-54.2951,7.0661,289217900
2011-08-22,180,2010-12-06,2011-08-22,6.42,11.7864,12.2118,54.4697,52.572,6.42,15.25,-57.9016,0.0,398777800
2011-08-23,180,2010-12-07,2011-08-23,6.3,11.7304,12.1822,53.7065,51.7149,6.3,15.25,-58.6885,0.0,563788800
2011-08-24,180,2010-12-08,2011-08-24,6.99,11.6873,12.1567,59.8085,57.4991,6.3,15.25,-54.1639,10.9524,602753000
2011-08-25,180,2010-12-09,2011-08-25,7.65,11.6515,12.1326,65.6571,63.0535,6.3,15.25,-49.8361,21.4286,859643400
2011-08-26,180,2010-12-10,2011-08-26,7.76,11.614,12.1054,66.8159,64.1037,6.3,15.25,-49.1148,23.1746,424194600
2011-08-29,180,2010-12-13,2011-08-29,8.39,11.5833,12.0809,72.4318,69.4485,6.3,15.25,-44.9836,33.1746,363420500
2011-08-30,180,2010-12-14,2011-08-30,8.12,11.551,12.0563,70.2967,67.3505,6.3,15.25,-46.7541,28.8889,297220400
2011-08-31,180,2010-12-15,2011-08-31,8.17,11.5202,12.0328,70.919,67.8976,6.3,15.25,-46.4262,29.6825,282263500
2011-09-01,180,2010-12-16,2011-09-01,7.91,11.4871,12.0085,68.8601,65.87,6.3,15.25,-48.1311,25.5556,243549600
2011-09-02,180,2010-12-17,2011-09-02,7.25,11.4446,11.9792,63.3484,60.5215,6.3,15.25,-52.459,15.0794,305988600
2011-09-06,180,2010-12-20,2011-09-06,6.99,11.3986,11.9482,61.3232,58.5024,6.3,15.25,-54.1639,10.9524,283101800
2011-09-07,180,2010-12-21,2011-09-07,7.48,11.3595,11.9197,65.8482,62.7534,6.3,15.25,-50.9508,18.7302,257251800
2011-09-08,180,2010-12-22,2011-09-08,7.2,11.3153,11.8876,63.6307,60.5675,6.3,15.25,-52.7869,14.2857,204593600
2011-09-09,180,2010-12-23,2011-09-09,6.98,11.2668,11.852,61.9522,58.893,6.3,15.25,-54.2295,10.7937,255828800
2011-09-12,180,2010-12-27,2011-09-12,7.05,11.2209,11.8186,62.8291,59.6517,6.3,15.25,-53.7705,11.9048,286856000
2011-09-13,180,2010-12-28,2011-09-13,7.0,11.1739,11.7838,62.646,59.4037,6.3,15.25,-54.0984,11.1111,220657500
2011-09-14,180,2010-12-29,2011-09-14,7.05,11.1277,11.7488,63.3555,60.006,6.3,15.25,-53.7705,11.9048,212940200
2011-09-15,180,2010-12-30,2011-09-15,7.33,11.0857,11.7156,66.1213,62.5661,6.3,15.25,-51.9344,16.3492,230299700
2011-09-16,180,2010-12-31,2011-09-16,7.23,11.0428,11.682,65.4723,61.8901,6.3,15.25,-52.5902,14.7619,240523700
2011-09-19,180,2011-01-03,2011-09-19,6.99,10.9969,11.6467,63.5634,60.0169,6.3,15.25,-54.1639,10.9524,199254700
2011-09-20,180,2011-01-04,2011-09-20,6.9,10.9471,11.6062,63.0304,59.4509,6.3,15.25,-54.7541,9.5238,142828700
2011-09-21,180,2011-01-05,2011-09-21,6.38,10.8898,11.5626,58.587,55.1781,6.3,15.25,-58.1639,1.2698,381953600
2011-09-22,180,2011-01-06,2011-09-22,6.06,10.8269,11.5157,55.9718,52.624,6.06,15.25,-60.2623,0.0,384622500
2011-09-23,180,2011-01-07,2011-09-23,6.31,10.7691,11.4705,58.5937,55.0107,6.06,15.25,-58.623,4.1254,503374000
2011-09-26,180,2011-01-10,2011-09-26,6.6,10.7169,11.428,61.5848,57.7529,6.06,15.25,-56.7213,8.9109,228406400
2011-09-27,180,2011-01-11,2011-09-27,6.48,10.663,11.384,60.7706,56.922,6.06,15.25,-57.5082,6.9307,231598900
2011-09-28,180,2011-01-12,2011-09-28,6.16,10.6038,11.3366,58.0922,54.3372,6.06,15.25,-59.6066,1.6502,222449300
2011-09-29,180,2011-01-13,2011-09-29,6.35,10.5474,11.2886,60.2042,56.2514,6.06,15.25,-58.3607,4.7855,224013100
2011-09-30,180,2011-01-14,2011-09-30,6.12,10.4886,11.2406,58.349,54.4457,6.06,15.25,-59.8689,0.9901,175213100
2011-10-03,180,2011-01-18,2011-10-03,5.53,10.4186,11.1866,53.0779,49.4343,5.53,15.0,-63.1333,0.0,369335100
2011-10-04,180,2011-01-19,2011-10-04,5.76,10.3546,11.1352,55.6277,51.7278,5.53,14.89,-61.3163,4.1591,448300000
2011-10-05,180,2011-01-20,2011-10-05,5.77,10.2931,11.0874,56.0568,52.0408,5.53,14.89,-61.2492,4.34,291785700
2011-10-06,180,2011-01-21,2011-10-06,6.28,10.2402,11.0416,61.3271,56.876,5.53,14.89,-57.824,13.5624,336087400
2011-10-07,180,2011-01-24,2011-10-07,5.9,10.1826,10.9952,57.9418,53.6599,5.53,14.89,-60.3761,6.6908,285598300
2011-10-10,180,2011-01-25,2011-10-10,6.28,10.1325,10.9527,61.9786,57.3373,5.53,14.89,-57.824,13.5624,225326600
2011-10-11,180,2011-01-26,2011-10-11,6.37,10.0851,10.9124,63.1627,58.374,5.53,14.89,-57.2196,15.1899,204431100
2011-10-12,180,2011-01-27,2011-10-12,6.58,10.0411,10.8737,65.5308,60.5132,5.53,14.89,-55.8093,18.9873,284617700
2011-10-13,180,2011-01-28,2011-10-13,6.22,9.9922,10.8323,62.2483,57.421,5.53,14.89,-58.227,12.4774,230115400
2011-10-14,180,2011-01-31,2011-10-14,6.19,9.9437,10.7911,62.2507,57.362,5.53,14.89,-58.4285,11.9349,203564500
2011-10-17,180,2011-02-01,2011-10-17,6.03,9.8928,10.7483,60.9532,56.1017,5.53,14.89,-59.503,9.0416,175512200
2011-10-18,180,2011-02-02,2011-10-18,6.64,9.8491,10.7057,67.4171,62.0229,5.53,14.89,-55.4063,20.0723,496883800
2011-10-19,180,2011-02-03,2011-10-19,6.4,9.803,10.6622,65.2862,60.0253,5.53,14.89,-57.0181,15.7324,318554300
2011-10-20,180,2011-02-04,2011-10-20,6.47,9.7577,10.6179,66.3067,60.9346,5.53,14.89,-56.548,16.9982,254971700
2011-10-21,180,2011-02-07,2011-10-21,6.46,9.713,10.5744,66.5086,61.0907,5.53,14.89,-56.6152,16.8174,252586400
2011-10-24,180,2011-02-08,2011-10-24,6.72,9.6709,10.5303,69.4865,63.816,5.53,14.89,-54.869,21.519,217032400
2011-10-25,180,2011-02-09,2011-10-25,6.46,9.6263,10.485,67.108,61.6118,5.53,14.89,-56.6152,16.8174,200837500
2011-10-26,180,2011-02-10,2011-10-26,6.59,9.5835,10.4403,68.7639,63.1209,5.53,14.89,-55.7421,19.1682,208197400
2011-10-27,180,2011-02-11,2011-10-27,7.22,9.5482,10.3999,75.6164,69.4238,5.53,14.89,-51.5111,30.5606,408959900
2011-10-28,180,2011-02-14,2011-10-28,7.35,9.5137,10.3587,77.257,70.9551,5.53,14.89,-50.638,32.9114,273167300
2011-10-31,180,2011-02-15,2011-10-31,6.83,9.474,10.3139,72.092,66.2214,5.53,14.84,-53.9757,23.5081,252026900
2011-11-01,180,2011-02-16,2011-11-01,6.4,9.4301,10.2674,67.8681,62.3333,5.53,14.84,-56.8733,15.7324,371823200
2011-11-02,180,2011-02-17,2011-11-02,6.72,9.39,10.2223,71.5654,65.7388,5.53,14.81,-54.6253,21.519,216830700
2011-11-03,180,2011-02-18,2011-11-03,6.91,9.3523,10.1784,73.8852,67.8889,5.53,14.75,-53.1525,24.9548,244340400
2011-11-04,180,2011-02-22,2011-11-04,6.49,9.3106,10.1325,69.7055,64.0513,5.53,14.69,-55.8203,17.3599,266446300
2011-11-07,180,2011-02-23,2011-11-07,6.45,9.2701,10.0896,69.5787,63.9275,5.53,14.69,-56.0926,16.6365,192433500
2011-11-08,180,2011-02-24,2011-11-08,6.53,9.2308,10.0471,70.7412,64.9938,5.53,14.69,-55.548,18.0832,219000600
2011-11-09,180,2011-02-25,2011-11-09,6.16,9.1881,10.0037,67.0435,61.5771,5.53,14.69,-58.0667,11.3924,265539000
2011-11-10,180,2011-02-28,2011-11-10,6.03,9.1435,9.9583,65.9483,60.5523,5.53,14.69,-58.9517,9.0416,324988000
2011-11-11,180,2011-03-01,2011-11-11,6.21,9.1014,9.9134,68.231,62.6422,5.53,14.69,-57.7263,12.2966,210025900
2011-11-14,180,2011-03-02,2011-11-14,6.05,9.0586,9.8697,66.7873,61.2989,5.53,14.69,-58.8155,9.4033,225481700
2011-11-15,180,2011-03-03,2011-11-15,6.13,9.0174,9.8269,67.9798,62.3799,5.53,14.69,-58.2709,10.8499,268228500
2011-11-16,180,2011-03-04,2011-11-16,5.9,8.9727,9.7804,65.755,60.3248,5.53,14.69,-59.8366,6.6908,292502400
2011-11-17,180,2011-03-07,2011-11-17,5.8,8.9275,9.7342,64.9679,59.5839,5.53,14.69,-60.5174,4.8825,285881900
2011-11-18,180,2011-03-08,2011-11-18,5.78,8.8827,9.6883,65.0705,59.6594,5.53,14.69,-60.6535,4.5208,227038600
2011-11-21,180,2011-03-09,2011-11-21,5.49,8.8329,9.6372,62.1537,56.9666,5.49,14.59,-62.3715,0.0,269658300
2011-11-22,180,2011-03-10,2011-11-22,5.37,8.7822,9.586,61.1462,56.0192,5.37,14.38,-62.6565,0.0,270959000
2011-11-23,180,2011-03-11,2011-11-23,5.14,8.7292,9.5353,58.8826,53.9048,5.14,14.38,-64.2559,0.0,264978500
2011-11-25,180,2011-03-14,2011-11-25,5.17,8.6771,9.4842,59.5821,54.5119,5.14,14.23,-63.6683,0.5837,138425100
2011-11-28,180,2011-03-15,2011-11-28,5.25,8.6271,9.4343,60.8546,55.6481,5.14,14.05,-62.6335,2.1401,345537900
2011-11-29,180,2011-03-16,2011-11-29,5.08,8.5757,9.3849,59.2375,54.1292,5.08,14.05,-63.8434,0.0,333749700
2011-11-30,180,2011-03-17,2011-11-30,5.44,8.5306,9.3391,63.7702,58.2497,5.08,14.05,-61.2811,7.0866,436268200
2011-12-01,180,2011-03-18,2011-12-01,5.53,8.4867,9.2922,65.161,59.5125,5.08,14.05,-60.6406,8.8583,315495500
2011-12-02,180,2011-03-21,2011-12-02,5.64,8.4444,9.2455,66.7896,61.0026,5.08,14.05,-59.8577,11.0236,283132900
2011-12-05,180,2011-03-22,2011-12-05,5.79,8.4044,9.1996,68.8925,62.9374,5.08,13.88,-58.2853,13.9764,293977700
2011-12-06,180,2011-03-23,2011-12-06,5.78,8.365,9.1546,69.0977,63.1376,5.08,13.72,-57.8717,13.7795,254787200
2011-12-07,180,2011-03-24,2011-12-07,5.89,8.3276,9.1115,70.7285,64.6436,5.08,13.72,-57.07,15.9449,244700100
2011-12-08,180,2011-03-25,2011-12-08,5.59,8.2875,9.0677,67.4512,61.6476,5.08,13.72,-59.2566,10.0394,286031100
2011-12-09,180,2011-03-28,2011-12-09,5.72,8.2495,9.0253,69.3372,63.3772,5.08,13.72,-58.309,12.5984,293654100
2011-12-12,180,2011-03-29,2011-12-12,5.45,8.2086,8.9813,66.3934,60.6814,5.08,13.72,-60.277,7.2835,191824000
2011-12-13,180,2011-03-30,2011-12-13,5.32,8.1665,8.9367,65.1439,59.5297,5.08,13.72,-61.2245,4.7244,227194200
2011-12-14,180,2011-03-31,2011-12-14,5.23,8.1235,8.8911,64.3813,58.8232,5.08,13.72,-61.8805,2.9528,226723100
2011-12-15,180,2011-04-01,2011-12-15,5.26,8.0815,8.8462,65.087,59.4604,5.08,13.72,-61.6618,3.5433,196092100
2011-12-16,180,2011-04-04,2011-12-16,5.2,8.0391,8.8008,64.684,59.0853,5.08,13.72,-62.0991,2.3622,227111300
2011-12-19,180,2011-04-05,2011-12-19,4.99,7.9941,8.7539,62.4211,57.0032,4.99,13.72,-63.6297,0.0,344317700
2011-12-20,180,2011-04-06,2011-12-20,5.17,7.952,8.7078,65.0151,59.3722,4.99,13.72,-62.3178,3.6072,239246100
2011-12-21,180,2011-04-07,2011-12-21,5.23,7.9107,8.6606,66.1134,60.3883,4.99,13.61,-61.5724,4.8096,203711800
2011-12-22,180,2011-04-08,2011-12-22,5.47,7.8728,8.6154,69.4795,63.491,4.99,13.49,-59.4514,9.6192,303085900
2011-12-23,180,2011-04-11,2011-12-23,5.6,7.837,8.5716,71.4555,65.3319,4.99,13.49,-58.4878,12.2244,190712000
2011-12-27,180,2011-04-12,2011-12-27,5.48,7.8002,8.5271,70.2542,64.2656,4.99,13.47,-59.317,9.8196,158575400
2011-12-28,180,2011-04-13,2011-12-28,5.29,7.7616,8.4817,68.1558,62.3698,4.99,13.27,-60.1356,6.012,146104500
2011-12-29,180,2011-04-14,2011-12-29,5.46,7.7257,8.4383,70.673,64.7051,4.99,13.13,-58.4158,9.4188,168098500
2011-12-30,180,2011-04-15,2011-12-30,5.56,7.6915,8.3962,72.2877,66.2203,4.99,12.82,-56.6303,11.4228,176441000
2012-01-03,180,2011-04-18,2012-01-03,5.8,7.6606,8.3572,75.7122,69.4011,4.99,12.6,-53.9683,16.2325,246293200
2012-01-04,180,2011-04-19,2012-01-04,5.81,7.6308,8.3205,76.1384,69.8275,4.99,12.6,-53.8889,16.4329,243711200
2012-01-05,180,2011-04-20,2012-01-05,6.31,7.6059,8.287,82.9623,76.1434,4.99,12.6,-49.9206,26.4529,547780000
2012-01-06,180,2011-04-21,2012-01-06,6.18,7.5801,8.2532,81.5288,74.8803,4.99,12.6,-50.9524,23.8477,299630600
2012-01-09,180,2011-04-25,2012-01-09,6.27,7.5552,8.2196,82.9887,76.281,4.99,12.6,-50.2381,25.6513,240614400
2012-01-10,180,2011-04-26,2012-01-10,6.63,7.533,8.1873,88.0131,80.9787,4.99,12.6,-47.381,32.8657,354292100
2012-01-11,180,2011-04-27,2012-01-11,6.87,7.5129,8.1576,91.4426,84.2164,4.99,12.6,-45.4762,37.6754,354039600
2012-01-12,180,2011-04-28,2012-01-12,6.79,7.4922,8.1268,90.6273,83.5509,4.99,12.6,-46.1111,36.0721,362099600
2012-01-13,180,2011-04-29,2012-01-13,6.61,7.4702,8.0945,88.4847,81.6604,4.99,12.6,-47.5397,32.4649,337048400
2012-01-17,180,2011-05-02,2012-01-17,6.48,7.4477,8.0623,87.0069,80.3743,4.99,12.6,-48.5714,29.8597,294196500
2012-01-18,180,2011-05-03,2012-01-18,6.8,7.4274,8.0315,91.5529,84.6666,4.99,12.6,-46.0317,36.2725,302497700
2012-01-19,180,2011-05-04,2012-01-19,6.96,7.4077,8.0002,93.9558,86.9982,4.99,12.49,-44.2754,39.479,491008100
2012-01-20,180,2011-05-05,2012-01-20,7.07,7.3891,7.9701,95.6818,88.707,4.99,12.31,-42.567,41.6834,236630700
2012-01-23,180,2011-05-06,2012-01-23,7.25,7.3719,7.942,98.3459,91.2868,4.99,12.31,-41.1048,45.2906,339942200
2012-01-24,180,2011-05-09,2012-01-24,7.29,7.3551,7.9141,99.1151,92.1139,4.99,12.28,-40.6352,46.0922,228810300
2012-01-25,180,2011-05-10,2012-01-25,7.35,7.3389,7.8873,100.1512,93.188,4.99,12.28,-40.1466,47.2946,249340100
2012-01-26,180,2011-05-11,2012-01-26,7.3,7.3223,7.8596,99.6952,92.8799,4.99,12.25,-40.4082,46.2926,265938800
2012-01-27,180,2011-05-12,2012-01-27,7.29,7.3058,7.8321,99.7835,93.079,4.99,12.2,-40.2459,46.0922,230914000
2012-01-30,180,2011-05-13,2012-01-30,7.07,7.2882,7.8036,97.0058,90.5997,4.99,11.93,-40.7376,41.6834,231240100
2012-01-31,180,2011-05-16,2012-01-31,7.13,7.2716,7.7769,98.0526,91.6819,4.99,11.9,-40.084,42.8858,212736300
2012-02-01,180,2011-05-17,2012-02-01,7.36,7.2565,7.7519,101.4264,94.9446,4.99,11.9,-38.1513,47.495,318811000
2012-02-02,180,2011-05-18,2012-02-02,7.45,7.2418,7.7272,102.8744,96.4131,4.99,11.79,-36.8109,49.2986,232425400
2012-02-03,180,2011-05-19,2012-02-03,7.84,7.2294,7.7052,108.4459,101.7492,4.99,11.75,-33.2766,57.1142,364195700
2012-02-06,180,2011-05-20,2012-02-06,7.97,7.2178,7.6846,110.4209,103.7145,4.99,11.75,-32.1702,59.7194,236316000
2012-02-07,180,2011-05-23,2012-02-07,7.85,7.206,7.6638,108.9373,102.4292,4.99,11.75,-33.1915,57.3146,253694200
2012-02-08,180,2011-05-24,2012-02-08,8.13,7.1958,7.6456,112.983,106.3363,4.99,11.75,-30.8085,62.9259,436439700
2012-02-09,180,2011-05-25,2012-02-09,8.18,7.1857,7.6273,113.8369,107.2459,4.99,11.75,-30.383,63.9279,480206700
2012-02-10,180,2011-05-26,2012-02-10,8.07,7.1754,7.6089,112.4677,106.0594,4.99,11.75,-31.3191,61.7234,254420800
2012-02-13,180,2011-05-27,2012-02-13,8.25,7.1657,7.5911,115.1318,108.6797,4.99,11.75,-29.7872,65.3307,308490200
2012-02-14,180,2011-05-31,2012-02-14,7.98,7.1544,7.5705,111.5402,105.4092,4.99,11.75,-32.0851,59.9198,384682800
2012-02-15,180,2011-06-01,2012-02-15,7.78,7.142,7.5484,108.9324,103.0676,4.99,11.29,-31.0895,55.9118,372981400
2012-02-16,180,2011-06-02,2012-02-16,8.09,7.1322,7.5309,113.4286,107.4234,4.99,11.29,-28.3437,62.1242,337131800
2012-02-17,180,2011-06-03,2012-02-17,8.02,7.122,7.5128,112.6081,106.7515,4.99,11.28,-28.9007,60.7214,355445600
2012-02-21,180,2011-06-06,2012-02-21,8.11,7.1123,7.4952,114.0279,108.2031,4.99,11.14,-27.1993,62.5251,333407700
2012-02-22,180,2011-06-07,2012-02-22,7.95,7.1029,7.4792,111.926,106.2953,4.99,11.14,-28.6355,59.3186,228867800
2012-02-23,180,2011-06-08,2012-02-23,8.02,7.0943,7.4646,113.0487,107.4411,4.99,11.14,-28.0072,60.7214,144231800
2012-02-24,180,2011-06-09,2012-02-24,7.88,7.0853,7.4498,111.2155,105.775,4.99,11.14,-29.2639,57.9158,163128200
2012-02-27,180,2011-06-10,2012-02-27,8.04,7.0769,7.4353,113.6098,108.1331,4.99,11.14,-27.8276,61.1222,298930800
2012-02-28,180,2011-06-13,2012-02-28,8.12,7.0684,7.4204,114.8781,109.4282,4.99,11.14,-27.1095,62.7255,193443200
2012-02-29,180,2011-06-14,2012-02-29,7.97,7.0589,7.4037,112.9079,107.6486,4.99,11.14,-28.456,59.7194,266720500
2012-03-01,180,2011-06-15,2012-03-01,8.12,7.0504,7.3888,115.1708,109.8956,4.99,11.14,-27.1095,62.7255,197850100
2012-03-02,180,2011-06-16,2012-03-02,8.13,7.0427,7.3757,115.438,110.2273,4.99,11.14,-27.0197,62.9259,143887500
2012-03-05,180,2011-06-17,2012-03-05,7.97,7.0342,7.3611,113.304,108.2725,4.99,11.14,-28.456,59.7194,196328300
2012-03-06,180,2011-06-20,2012-03-06,7.71,7.0243,7.3446,109.7622,104.9757,4.99,11.14,-30.7899,54.509,262871200
2012-03-07,180,2011-06-21,2012-03-07,8.02,7.016,7.3302,114.3107,109.4101,4.99,11.14,-28.0072,60.7214,328331900
2012-03-08,180,2011-06-22,2012-03-08,8.06,7.0073,7.3148,115.023,110.1871,4.99,11.14,-27.6481,61.523,160282000
2012-03-09,180,2011-06-23,2012-03-09,8.05,6.9987,7.2996,115.0213,110.2798,4.99,11.14,-27.7379,61.3226,195281400
2012-03-12,180,2011-06-24,2012-03-12,7.99,6.9901,7.2845,114.3051,109.6849,4.99,11.14,-28.2765,60.1202,165298900
2012-03-13,180,2011-06-27,2012-03-13,8.49,6.9839,7.2732,121.5653,116.7296,4.99,11.14,-23.7882,70.1403,385984100
2012-03-14,180,2011-06-28,2012-03-14,8.84,6.9782,7.2621,126.6798,121.7286,4.99,11.14,-20.6463,77.1543,488077000
2012-03-15,180,2011-06-29,2012-03-15,9.24,6.974,7.2533,132.493,127.3907,4.99,11.14,-17.0557,85.1703,489593000
2012-03-16,180,2011-06-30,2012-03-16,9.8,6.9706,7.2458,140.5897,135.2501,4.99,11.09,-11.6321,96.3928,582294100
2012-03-19,180,2011-07-01,2012-03-19,9.53,6.9669,7.2379,136.7888,131.6682,4.99,11.09,-14.0667,90.982,669479900
2012-03-20,180,2011-07-05,2012-03-20,9.81,6.9638,7.2308,140.8719,135.6701,4.99,11.0,-10.8182,96.5932,451213900
2012-03-21,180,2011-07-06,2012-03-21,9.82,6.9608,7.2242,141.0751,135.9316,4.99,10.92,-10.0733,96.7936,326573800
2012-03-22,180,2011-07-07,2012-03-22,9.6,6.9579,7.2179,137.9735,133.0029,4.99,10.92,-12.0879,92.3848,264520500
2012-03-23,180,2011-07-08,2012-03-23,9.85,6.9552,7.2119,141.621,136.579,4.99,10.7,-7.9439,97.3948,283110900
2012-03-26,180,2011-07-11,2012-03-26,9.93,6.9532,7.2077,142.8112,137.77,4.99,10.35,-4.058,98.998,241605700
2012-03-27,180,2011-07-12,2012-03-27,9.6,6.9512,7.2035,138.1055,133.2686,4.99,10.23,-6.1584,92.3848,250069600
2012-03-28,180,2011-07-13,2012-03-28,9.75,6.95,7.2009,140.2884,135.3989,4.99,10.23,-4.6921,95.3908,234021500
2012-03-29,180,2011-07-14,2012-03-29,9.53,6.9481,7.1972,137.1594,132.4122,4.99,10.23,-6.8426,90.982,253625800
2012-03-30,180,2011-07-15,2012-03-30,9.57,6.9467,7.1944,137.7627,133.0193,4.99,10.23,-6.4516,91.7836,250234500
2012-04-02,180,2011-07-18,2012-04-02,9.68,6.9458,7.1927,139.364,134.5815,4.99,10.23,-5.3763,93.988,179229000
2012-04-03,180,2011-07-19,2012-04-03,9.49,6.9452,7.1914,136.6417,131.9634,4.99,10.23,-7.2336,90.1804,190453400
2012-04-04,180,2011-07-20,2012-04-04,9.2,6.944,7.1893,132.4876,127.9674,4.99,10.23,-10.0684,84.3687,228560600
2012-04-05,180,2011-07-21,2012-04-05,9.23,6.9422,7.1859,132.9546,128.4462,4.99,10.23,-9.7752,84.9699,180868100
2012-04-09,180,2011-07-22,2012-04-09,8.93,6.9384,7.1787,128.7038,124.3964,4.99,10.13,-11.846,78.9579,211427600
2012-04-10,180,2011-07-25,2012-04-10,8.54,6.9335,7.1698,123.1701,119.1102,4.99,10.01,-14.6853,71.1423,377220000
2012-04-11,180,2011-07-26,2012-04-11,8.86,6.93,7.1634,127.8492,123.6835,4.99,10.0,-11.4,77.5551,252563700
2012-04-12,180,2011-07-27,2012-04-12,9.17,6.9276,7.1588,132.3686,128.0935,4.99,9.93,-7.6536,83.7675,223979900
2012-04-13,180,2011-07-28,2012-04-13,8.68,6.9245,7.1533,125.3529,121.343,4.99,9.93,-12.5881,73.9479,282354600
2012-04-16,180,2011-07-29,2012-04-16,8.79,6.9214,7.1477,126.9982,122.9762,4.99,9.93,-11.4804,76.1523,217284500
2012-04-17,180,2011-08-01,2012-04-17,8.92,6.9189,7.1433,128.9216,124.8717,4.99,9.93,-10.1712,78.7575,193424400
2012-04-18,180,2011-08-02,2012-04-18,8.92,6.9162,7.1384,128.972,124.9582,4.99,9.93,-10.1712,78.7575,160064100
2012-04-19,180,2011-08-03,2012-04-19,8.77,6.9139,7.1344,126.8454,122.9257,4.99,9.93,-11.6818,75.7515,348804500
2012-04-20,180,2011-08-04,2012-04-20,8.36,6.91,7.1278,120.984,117.2867,4.99,9.93,-15.8107,67.5351,277965300
2012-04-23,180,2011-08-05,2012-04-23,8.18,6.9076,7.1242,118.42,114.8196,4.99,9.93,-17.6234,63.9279,256073900
2012-04-24,180,2011-08-08,2012-04-24,8.21,6.9078,7.1244,118.8516,115.2371,4.99,9.93,-17.3212,64.5291,192443800
2012-04-25,180,2011-08-09,2012-04-25,8.26,6.9164,7.1342,119.4261,115.7809,4.99,9.93,-16.8177,65.5311,164902400
2012-04-26,180,2011-08-10,2012-04-26,8.27,6.9192,7.1379,119.5217,115.8606,4.99,9.93,-16.717,65.7315,131586300
2012-04-27,180,2011-08-11,2012-04-27,8.25,6.9263,7.1461,119.1112,115.4474,4.99,9.93,-16.9184,65.3307,120948200
2012-04-30,180,2011-08-12,2012-04-30,8.11,6.9302,7.1509,117.024,113.4125,4.99,9.93,-18.3283,62.5251,137422300
2012-05-01,180,2011-08-15,2012-05-01,8.31,6.9352,7.1571,119.8234,116.1083,4.99,9.93,-16.3142,66.5331,177953400
2012-05-02,180,2011-08-16,2012-05-02,8.16,6.9369,7.1593,117.6319,113.9771,4.99,9.93,-17.8248,63.5271,136208900
2012-05-03,180,2011-08-17,2012-05-03,8.0,6.9396,7.1627,115.2803,111.6902,4.99,9.93,-19.4361,60.3206,204584500
2012-05-04,180,2011-08-18,2012-05-04,7.74,6.9409,7.1642,111.5128,108.0368,4.99,9.93,-22.0544,55.1102,194857200
2012-05-07,180,2011-08-19,2012-05-07,7.96,6.9455,7.1695,114.6072,111.0259,4.99,9.93,-19.8389,59.519,167662600
2012-05-08,180,2011-08-22,2012-05-08,7.79,6.9495,7.1741,112.0942,108.5857,4.99,9.93,-21.5509,56.1122,180627900
2012-05-09,180,2011-08-23,2012-05-09,7.73,6.9566,7.1813,111.1174,107.6402,4.99,9.93,-22.1551,54.9098,174742300
2012-05-10,180,2011-08-24,2012-05-10,7.7,6.9644,7.1891,110.5627,107.1064,4.99,9.93,-22.4572,54.3086,156787300
2012-05-11,180,2011-08-25,2012-05-11,7.55,6.9672,7.1922,108.3644,104.9745,4.99,9.93,-23.9678,51.3026,245533600
2012-05-14,180,2011-08-26,2012-05-14,7.35,6.9658,7.1906,105.5156,102.2174,4.99,9.93,-25.9819,47.2946,170716800
2012-05-15,180,2011-08-29,2012-05-15,7.3,6.9636,7.188,104.8308,101.5582,4.99,9.93,-26.4854,46.2926,201254900
2012-05-16,180,2011-08-30,2012-05-16,7.11,6.9578,7.1809,102.187,99.0128,4.99,9.93,-28.3988,42.485,216226100
2012-05-17,180,2011-08-31,2012-05-17,6.98,6.9524,7.1746,100.3966,97.2883,4.99,9.93,-29.708,39.8798,241468300
2012-05-18,180,2011-09-01,2012-05-18,7.02,6.947,7.1682,101.0502,97.933,4.99,9.93,-29.3051,40.6814,223783500
2012-05-21,180,2011-09-02,2012-05-21,6.83,6.9417,7.1622,98.3911,95.3622,4.99,9.93,-31.2185,36.8737,229980800
2012-05-22,180,2011-09-06,2012-05-22,6.98,6.9403,7.1607,100.5726,97.477,4.99,9.93,-29.708,39.8798,221551500
2012-05-23,180,2011-09-07,2012-05-23,7.17,6.9412,7.1617,103.2959,100.1164,4.99,9.93,-27.7946,43.6874,194441500
2012-05-24,180,2011-09-08,2012-05-24,7.14,6.9395,7.1598,102.889,99.7238,4.99,9.93,-28.0967,43.0862,206041500
2012-05-25,180,2011-09-09,2012-05-25,7.15,6.9393,7.1595,103.037,99.8673,4.99,9.93,-27.996,43.2866,108661200
2012-05-29,180,2011-09-12,2012-05-29,7.44,6.9416,7.1621,107.1795,103.8808,4.99,9.93,-25.0755,49.0982,159872200
2012-05-30,180,2011-09-13,2012-05-30,7.2,6.9424,7.1629,103.7102,100.5181,4.99,9.93,-27.4924,44.2886,206801500
2012-05-31,180,2011-09-14,2012-05-31,7.35,6.9442,7.1648,105.8431,102.5844,4.99,9.93,-25.9819,47.2946,203267300
2012-06-01,180,2011-09-15,2012-06-01,7.02,6.9441,7.1647,101.0933,97.9808,4.99,9.93,-29.3051,40.6814,240859000
2012-06-04,180,2011-09-16,2012-06-04,6.9,6.9418,7.1623,99.3978,96.3381,4.99,9.93,-30.5136,38.2766,163821500
2012-06-05,180,2011-09-19,2012-06-05,7.1,6.9411,7.1616,102.2889,99.1405,4.99,9.93,-28.4995,42.2846,147346700
2012-06-06,180,2011-09-20,2012-06-06,7.64,6.9444,7.1652,110.017,106.627,4.99,9.93,-23.0614,53.1062,356852900
2012-06-07,180,2011-09-21,2012-06-07,7.42,6.9471,7.1681,106.8071,103.5148,4.99,9.93,-25.2769,48.6974,276170400
2012-06-08,180,2011-09-22,2012-06-08,7.56,6.9537,7.1746,108.7195,105.3716,4.99,9.93,-23.8671,51.503,234555000
2012-06-11,180,2011-09-23,2012-06-11,7.28,6.9611,7.1814,104.5811,101.3731,4.99,9.93,-26.6868,45.8918,204590700
2012-06-12,180,2011-09-26,2012-06-12,7.49,6.9678,7.1879,107.4939,104.2023,4.99,9.93,-24.572,50.1002,148255600
2012-06-13,180,2011-09-27,2012-06-13,7.5,6.9727,7.1929,107.5617,104.2688,4.99,9.93,-24.4713,50.3006,162374500
2012-06-14,180,2011-09-28,2012-06-14,7.66,6.9792,7.1995,109.7552,106.3963,4.99,9.93,-22.86,53.507,157528300
2012-06-15,180,2011-09-29,2012-06-15,7.9,6.9889,7.2092,113.037,109.5827,4.99,9.93,-20.4431,58.3166,211751900
2012-06-18,180,2011-09-30,2012-06-18,7.76,6.9966,7.217,110.9105,107.5239,4.99,9.93,-21.853,55.511,140319900
2012-06-19,180,2011-10-03,2012-06-19,8.11,7.0076,7.2281,115.7323,112.2017,4.99,9.93,-18.3283,62.5251,248771500
2012-06-20,180,2011-10-04,2012-06-20,8.14,7.0234,7.2426,115.8982,112.3913,4.99,9.93,-18.0262,63.1263,213582800
2012-06-21,180,2011-10-05,2012-06-21,7.82,7.036,7.254,111.1433,107.8026,4.99,9.93,-21.2487,56.7134,227157600
2012-06-22,180,2011-10-06,2012-06-22,7.94,7.049,7.2661,112.6399,109.2752,4.99,9.93,-20.0403,59.1182,142219300
2012-06-25,180,2011-10-07,2012-06-25,7.6,7.0567,7.2734,107.6997,104.4905,4.99,9.93,-23.4642,52.3046,151907200
2012-06-26,180,2011-10-10,2012-06-26,7.62,7.0673,7.2829,107.8212,104.628,4.99,9.93,-23.2628,52.7054,129776500
2012-06-27,180,2011-10-11,2012-06-27,7.77,7.0757,7.2912,109.8118,106.5665,4.99,9.93,-21.7523,55.7114,111335500
2012-06-28,180,2011-10-12,2012-06-28,7.74,7.0835,7.2988,109.2684,106.0443,4.99,9.93,-22.0544,55.1102,133125300
2012-06-29,180,2011-10-13,2012-06-29,8.18,7.0918,7.3077,115.3449,111.9364,4.99,9.93,-17.6234,63.9279,258769800
2012-07-02,180,2011-10-14,2012-07-02,8.05,7.102,7.3179,113.3484,110.0044,4.99,9.93,-18.9325,61.3226,152974000
2012-07-03,180,2011-10-17,2012-07-03,8.06,7.1125,7.3283,113.3213,109.9849,4.99,9.93,-18.8318,61.523,57653700
2012-07-05,180,2011-10-18,2012-07-05,7.82,7.1232,7.3382,109.7821,106.5653,4.99,9.93,-21.2487,56.7134,120162000
2012-07-06,180,2011-10-19,2012-07-06,7.66,7.1289,7.3439,107.4506,104.3044,4.99,9.93,-22.86,53.507,116595200
2012-07-09,180,2011-10-20,2012-07-09,7.56,7.1356,7.3503,105.9471,102.8525,4.99,9.93,-23.8671,51.503,87078300
2012-07-10,180,2011-10-21,2012-07-10,7.48,7.1415,7.3559,104.7393,101.6865,4.99,9.93,-24.6727,49.8998,101758300
2012-07-11,180,2011-10-24,2012-07-11,7.63,7.1483,7.3624,106.739,103.6341,4.99,9.93,-23.1621,52.9058,128619400
2012-07-12,180,2011-10-25,2012-07-12,7.48,7.1526,7.3667,104.5778,101.5385,4.99,9.93,-24.6727,49.8998,107637000
2012-07-13,180,2011-10-26,2012-07-13,7.82,7.1602,7.3742,109.2144,106.0451,4.99,9.93,-21.2487,56.7134,177154500
2012-07-16,180,2011-10-27,2012-07-16,7.81,7.167,7.381,108.9718,105.8122,4.99,9.93,-21.3494,56.513,109439900
2012-07-17,180,2011-10-28,2012-07-17,7.92,7.1705,7.3849,110.4528,107.246,4.99,9.93,-20.2417,58.7174,127266800
2012-07-18,180,2011-10-31,2012-07-18,7.53,7.1714,7.3859,105.0002,101.9512,4.99,9.93,-24.1692,50.9018,254341100
2012-07-19,180,2011-11-01,2012-07-19,7.26,7.1739,7.3883,101.2003,98.2638,4.99,9.93,-26.8882,45.491,260959200
2012-07-20,180,2011-11-02,2012-07-20,7.07,7.1781,7.392,98.4937,95.6439,4.99,9.93,-28.8016,41.6834,160463000
2012-07-23,180,2011-11-03,2012-07-23,7.09,7.1804,7.3941,98.7417,95.8878,4.99,9.93,-28.6002,42.0842,168638000
2012-07-24,180,2011-11-04,2012-07-24,7.04,7.1811,7.3948,98.0349,95.2023,4.99,9.93,-29.1037,41.0822,138286700
2012-07-25,180,2011-11-07,2012-07-25,7.07,7.1847,7.398,98.403,95.5664,4.99,9.93,-28.8016,41.6834,117241300
2012-07-26,180,2011-11-08,2012-07-26,7.17,7.1892,7.402,99.7328,96.8657,4.99,9.93,-27.7946,43.6874,121121500
2012-07-27,180,2011-11-09,2012-07-27,7.31,7.1939,7.4063,101.6138,98.6993,4.99,9.93,-26.3847,46.493,146210900
2012-07-30,180,2011-11-10,2012-07-30,7.28,7.2011,7.4126,101.0958,98.2117,4.99,9.93,-26.6868,45.8918,74683800
2012-07-31,180,2011-11-11,2012-07-31,7.34,7.2096,7.4198,101.8083,98.9241,4.99,9.93,-26.0826,47.0942,86093200
2012-08-01,180,2011-11-14,2012-08-01,7.22,7.2161,7.4254,100.0535,97.2332,4.99,9.93,-27.291,44.6894,97187800
2012-08-02,180,2011-11-15,2012-08-02,7.18,7.2237,7.4317,99.3954,96.6129,4.99,9.93,-27.6939,43.8878,112848000
2012-08-03,180,2011-11-16,2012-08-03,7.43,7.232,7.4389,102.7385,99.8798,4.99,9.93,-25.1762,48.8978,130250800
2012-08-06,180,2011-11-17,2012-08-06,7.64,7.2432,7.4486,105.4784,102.5695,4.99,9.93,-23.0614,53.1062,112657000
2012-08-07,180,2011-11-18,2012-08-07,7.67,7.2555,7.459,105.7135,102.8288,4.99,9.93,-22.7593,53.7074,119572200
2012-08-08,180,2011-11-21,2012-08-08,7.67,7.268,7.4695,105.5318,102.6842,4.99,9.93,-22.7593,53.7074,73353500
2012-08-09,180,2011-11-22,2012-08-09,7.72,7.2834,7.4819,105.9941,103.1825,4.99,9.93,-22.2558,54.7094,59676500
2012-08-10,180,2011-11-23,2012-08-10,7.74,7.3003,7.4951,106.0235,103.2681,4.99,9.93,-22.0544,55.1102,50443800
2012-08-13,180,2011-11-25,2012-08-13,7.72,7.3196,7.5094,105.4707,102.8046,4.99,9.93,-22.2558,54.7094,58341300
2012-08-14,180,2011-11-28,2012-08-14,7.78,7.3389,7.5239,106.0099,103.404,4.99,9.93,-21.6516,55.9118,104644000
2012-08-15,180,2011-11-29,2012-08-15,7.87,7.358,7.5384,106.959,104.3982,4.99,9.93,-20.7452,57.7154,73559200
2012-08-16,180,2011-11-30,2012-08-16,7.93,7.3793,7.5543,107.4628,104.9736,4.99,9.93,-20.141,58.9178,78181200
2012-08-17,180,2011-12-01,2012-08-17,8.0,7.3971,7.5685,108.15,105.7013,4.99,9.93,-19.4361,60.3206,138307600
2012-08-20,180,2011-12-02,2012-08-20,8.15,7.4149,7.5831,109.9146,107.4765,4.99,9.93,-17.9255,63.3267,100276900
2012-08-21,180,2011-12-05,2012-08-21,8.19,7.4318,7.5972,110.2028,107.8026,4.99,9.93,-17.5227,64.1283,190820700
2012-08-22,180,2011-12-06,2012-08-22,8.22,7.4475,7.6107,110.3733,108.0055,4.99,9.93,-17.2205,64.7295,140333800
2012-08-23,180,2011-12-07,2012-08-23,8.15,7.463,7.6239,109.2056,106.9008,4.99,9.93,-17.9255,63.3267,98866200
2012-08-24,180,2011-12-08,2012-08-24,8.16,7.4776,7.6365,109.1255,106.8552,4.99,9.93,-17.8248,63.5271,88822200
2012-08-27,180,2011-12-09,2012-08-27,8.07,7.4947,7.6503,107.6754,105.4864,4.99,9.93,-18.7311,61.7234,96142100
2012-08-28,180,2011-12-12,2012-08-28,7.96,7.5101,7.6627,105.9902,103.8795,4.99,9.93,-19.8389,59.519,96280400
2012-08-29,180,2011-12-13,2012-08-29,8.0,7.5285,7.6769,106.2629,104.2089,4.99,9.93,-19.4361,60.3206,106910900
2012-08-30,180,2011-12-14,2012-08-30,7.91,7.5479,7.6913,104.7969,102.8438,4.99,9.93,-20.3424,58.517,91900100
2012-08-31,180,2011-12-15,2012-08-31,7.99,7.5689,7.7066,105.5637,103.6772,4.99,9.93,-19.5368,60.1202,91730500
2012-09-04,180,2011-12-16,2012-09-04,8.0,7.5897,7.7218,105.4064,103.6023,4.99,9.93,-19.4361,60.3206,81461800
2012-09-05,180,2011-12-19,2012-09-05,7.95,7.611,7.7371,104.4538,102.7515,4.99,9.93,-19.9396,59.3186,55769500
2012-09-06,180,2011-12-20,2012-09-06,8.35,7.6371,7.7558,109.3352,107.6617,5.17,9.93,-15.9114,61.5087,200570300
2012-09-07,180,2011-12-21,2012-09-07,8.8,7.663,7.7759,114.8375,113.1695,5.23,9.93,-11.3797,68.26,232843000
2012-09-10,180,2011-12-22,2012-09-10,8.58,7.6874,7.7946,111.6107,110.0768,5.29,9.93,-13.5952,62.1928,190045600
2012-09-11,180,2011-12-23,2012-09-11,9.03,7.7112,7.8143,117.1028,115.5569,5.29,9.93,-9.0634,70.6994,201630400
2012-09-12,180,2011-12-27,2012-09-12,8.97,7.7334,7.8331,115.9904,114.5147,5.29,9.93,-9.6677,69.5652,204167100
2012-09-13,180,2011-12-28,2012-09-13,9.4,7.7588,7.8548,121.1533,119.6715,5.29,9.93,-5.3374,77.6938,330759200
2012-09-14,180,2011-12-29,2012-09-14,9.55,7.7871,7.8785,122.6392,121.216,5.46,9.93,-3.8268,74.9084,329619800
2012-09-17,180,2011-12-30,2012-09-17,9.3,7.8126,7.8998,119.0381,117.724,5.56,9.93,-6.3444,67.2662,141409300
2012-09-18,180,2012-01-03,2012-09-18,9.23,7.837,7.9202,117.7754,116.5371,5.8,9.93,-7.0493,59.1379,150503600
2012-09-19,180,2012-01-04,2012-09-19,9.29,7.8591,7.9396,118.2067,117.0082,5.81,9.93,-6.4451,59.8967,126360100
2012-09-20,180,2012-01-05,2012-09-20,9.19,7.8809,7.9584,116.6111,115.4756,6.18,9.93,-7.4522,48.7055,111354300
2012-09-21,180,2012-01-06,2012-09-21,9.11,7.8977,7.9739,115.3494,114.2471,6.18,9.93,-8.2578,47.411,155865300
2012-09-24,180,2012-01-09,2012-09-24,9.1,7.9158,7.9902,114.9603,113.89,6.27,9.93,-8.3585,45.1356,113331700
2012-09-25,180,2012-01-10,2012-09-25,8.93,7.9323,8.0049,112.577,111.5561,6.48,9.93,-10.0705,37.8086,146678000
2012-09-26,180,2012-01-11,2012-09-26,8.82,7.9455,8.0171,111.0068,110.0147,6.48,9.93,-11.1782,36.1111,158640100
2012-09-27,180,2012-01-12,2012-09-27,8.97,7.9574,8.0288,112.7248,111.7231,6.48,9.93,-9.6677,38.4259,119023800
2012-09-28,180,2012-01-13,2012-09-28,8.83,7.9694,8.0401,110.7986,109.8244,6.48,9.93,-11.0775,36.2654,119039200
2012-10-01,180,2012-01-17,2012-10-01,8.96,7.9834,8.0532,112.2323,111.2606,6.48,9.93,-9.7684,38.2716,133194500
2012-10-02,180,2012-01-18,2012-10-02,8.93,7.9985,8.0668,111.6465,110.701,6.8,9.93,-10.0705,31.3235,109601600
2012-10-03,180,2012-01-19,2012-10-03,9.11,8.0117,8.0796,113.7082,112.753,6.83,9.93,-8.2578,33.3821,115670100
2012-10-04,180,2012-01-20,2012-10-04,9.41,8.0251,8.0932,117.2571,116.2701,6.83,9.93,-5.2367,37.7745,160486300
2012-10-05,180,2012-01-23,2012-10-05,9.32,8.0373,8.1057,115.9588,114.9805,6.83,9.93,-6.143,36.4568,204255800
2012-10-08,180,2012-01-24,2012-10-08,9.28,8.0482,8.117,115.3056,114.328,6.83,9.93,-6.5458,35.8712,81944200
2012-10-09,180,2012-01-25,2012-10-09,9.21,8.0585,8.1277,114.2895,113.3167,6.83,9.93,-7.2508,34.8463,153036100
2012-10-10,180,2012-01-26,2012-10-10,9.21,8.0684,8.138,114.1489,113.1728,6.83,9.93,-7.2508,34.8463,110640900
2012-10-11,180,2012-01-27,2012-10-11,9.34,8.0792,8.1493,115.6049,114.6106,6.83,9.93,-5.9416,36.7496,122925800
2012-10-12,180,2012-01-30,2012-10-12,9.12,8.0892,8.1595,112.7424,111.7716,6.83,9.93,-8.1571,33.5286,158562500
2012-10-15,180,2012-01-31,2012-10-15,9.44,8.1022,8.1727,116.512,115.507,6.83,9.93,-4.9345,38.2138,154458500
2012-10-16,180,2012-02-01,2012-10-16,9.46,8.1148,8.1856,116.5773,115.5686,6.83,9.93,-4.7331,38.5066,172663600
2012-10-17,180,2012-02-02,2012-10-17,9.44,8.1258,8.1972,116.1739,115.1617,6.83,9.93,-4.9345,38.2138,229733500
2012-10-18,180,2012-02-03,2012-10-18,9.47,8.1363,8.2084,116.3924,115.3698,6.83,9.93,-4.6324,38.653,149739000
2012-10-19,180,2012-02-06,2012-10-19,9.44,8.1442,8.2173,115.9103,114.8799,6.83,9.93,-4.9345,38.2138,169451300
2012-10-22,180,2012-02-07,2012-10-22,9.55,8.1519,8.2261,117.1509,116.0945,6.83,9.93,-3.8268,39.8243,132617600
2012-10-23,180,2012-02-08,2012-10-23,9.36,8.1595,8.2344,114.7132,113.6689,6.83,9.93,-5.7402,37.0425,160627600
2012-10-24,180,2012-02-09,2012-10-24,9.31,8.1652,8.241,114.0198,112.9717,6.83,9.93,-6.2437,36.3104,120868300
2012-10-25,180,2012-02-10,2012-10-25,9.24,8.1704,8.2469,113.0905,112.0423,6.83,9.93,-6.9486,35.2855,121778900
2012-10-26,180,2012-02-13,2012-10-26,9.12,8.1757,8.2527,111.5495,110.509,6.83,9.93,-8.1571,33.5286,124687200
2012-10-31,180,2012-02-14,2012-10-31,9.32,8.1809,8.2587,113.9238,112.8511,6.83,9.93,-6.143,36.4568,94925500
2012-11-01,180,2012-02-15,2012-11-01,9.74,8.1893,8.2684,118.9351,117.7972,6.83,9.93,-1.9134,42.6061,205700000
2012-11-02,180,2012-02-16,2012-11-02,9.85,8.1994,8.2799,120.1305,118.9622,6.83,9.93,-0.8056,44.2167,220993300
2012-11-05,180,2012-02-17,2012-11-05,9.75,8.2073,8.2892,118.7969,117.6234,6.83,9.93,-1.8127,42.7526,121104400
2012-11-06,180,2012-02-21,2012-11-06,9.94,8.2163,8.2998,120.9789,119.7614,6.83,9.94,0.0,45.5344,132533500
2012-11-07,180,2012-02-22,2012-11-07,9.23,8.2219,8.3061,112.2609,111.1237,6.83,9.94,-7.1429,35.1391,286124300
2012-11-08,180,2012-02-23,2012-11-08,9.39,8.2292,8.3141,114.1063,112.9413,6.83,9.94,-5.5332,37.4817,223927000
2012-11-09,180,2012-02-24,2012-11-09,9.43,8.2362,8.3219,114.4947,113.3156,6.83,9.94,-5.1308,38.0673,141093100
2012-11-12,180,2012-02-27,2012-11-12,9.39,8.2439,8.3303,113.9025,112.7213,6.83,9.94,-5.5332,37.4817,68498300
2012-11-13,180,2012-02-28,2012-11-13,9.33,8.2504,8.3374,113.0856,111.9048,6.83,9.94,-6.1368,36.6032,119629700
2012-11-14,180,2012-02-29,2012-11-14,8.99,8.2549,8.3423,108.9051,107.7643,6.83,9.94,-9.5573,31.6252,197392900
2012-11-15,180,2012-03-01,2012-11-15,9.09,8.2608,8.3485,110.0384,108.8818,6.83,9.94,-8.5513,33.0893,144569800
2012-11-16,180,2012-03-02,2012-11-16,9.12,8.2659,8.3541,110.3331,109.1685,6.83,9.94,-8.2495,33.5286,178995000
2012-11-19,180,2012-03-05,2012-11-19,9.49,8.2726,8.3616,114.7164,113.4949,6.83,9.94,-4.5272,38.9458,146244000
2012-11-20,180,2012-03-06,2012-11-20,9.63,8.2808,8.3708,116.2931,115.0423,6.83,9.94,-3.1187,40.9956,150696200
2012-11-21,180,2012-03-07,2012-11-21,9.77,8.2912,8.3823,117.8353,116.5554,6.83,9.94,-1.7103,43.0454,132499300
2012-11-23,180,2012-03-08,2012-11-23,9.9,8.3003,8.3927,119.273,117.9593,6.83,9.94,-0.4024,44.9488,59048000
2012-11-26,180,2012-03-09,2012-11-26,9.84,8.3089,8.4026,118.4274,117.1065,6.83,9.94,-1.006,44.0703,99730900
2012-11-27,180,2012-03-12,2012-11-27,9.66,8.3168,8.4116,116.1499,114.842,6.83,9.94,-2.8169,41.4348,149684000
2012-11-28,180,2012-03-13,2012-11-28,9.76,8.3256,8.4214,117.2293,115.8954,6.83,9.94,-1.8109,42.899,152946500
2012-11-29,180,2012-03-14,2012-11-29,9.83,8.3318,8.4288,117.9824,116.6235,6.83,9.94,-1.1066,43.9239,125905400
2012-11-30,180,2012-03-15,2012-11-30,9.86,8.3363,8.4345,118.2783,116.9008,6.83,9.94,-0.8048,44.3631,108739700
2012-12-03,180,2012-03-16,2012-12-03,9.8,8.3387,8.4376,117.5249,116.1466,6.83,9.94,-1.4085,43.4846,99872800
2012-12-04,180,2012-03-19,2012-12-04,9.91,8.3391,8.4382,118.8378,117.4418,6.83,9.94,-0.3018,45.0952,144124500
2012-12-05,180,2012-03-20,2012-12-05,10.46,8.3427,8.4434,125.379,123.8839,6.83,10.46,0.0,53.1479,463491000
2012-12-06,180,2012-03-21,2012-12-06,10.46,8.3452,8.447,125.3422,123.8309,6.83,10.46,0.0,53.1479,176607900
2012-12-07,180,2012-03-22,2012-12-07,10.64,8.3482,8.4516,127.4528,125.894,6.83,10.64,0.0,55.7833,192055100
2012-12-10,180,2012-03-23,2012-12-10,10.57,8.3519,8.4569,126.5581,124.986,6.83,10.64,-0.6579,54.7584,148065200
2012-12-11,180,2012-03-26,2012-12-11,10.51,8.3544,8.4606,125.8025,124.2227,6.83,10.64,-1.2218,53.8799,159121300
2012-12-12,180,2012-03-27,2012-12-12,10.61,8.3569,8.4644,126.9615,125.3487,6.83,10.64,-0.282,55.3441,166819300
2012-12-13,180,2012-03-28,2012-12-13,10.54,8.3605,8.4696,126.0694,124.4449,6.83,10.64,-0.9398,54.3192,106232100
2012-12-14,180,2012-03-29,2012-12-14,10.58,8.3636,8.4742,126.5006,124.8492,6.83,10.64,-0.5639,54.9048,91707200
2012-12-17,180,2012-03-30,2012-12-17,11.0,8.3691,8.4824,131.4366,129.6804,6.83,11.0,0.0,61.0542,170087700
2012-12-18,180,2012-04-02,2012-12-18,11.36,8.3755,8.4923,135.6343,133.7677,6.83,11.36,0.0,66.325,255238400
2012-12-19,180,2012-04-03,2012-12-19,11.19,8.3809,8.5007,133.5179,131.6359,6.83,11.36,-1.4965,63.836,193013700
2012-12-20,180,2012-04-04,2012-12-20,11.52,8.3882,8.512,137.3366,135.3383,6.83,11.52,0.0,68.6676,184449000
2012-12-21,180,2012-04-05,2012-12-21,11.29,8.396,8.5236,134.4684,132.4556,6.83,11.52,-1.9965,65.3001,244892300
2012-12-24,180,2012-04-09,2012-12-24,11.25,8.4036,8.5348,133.8704,131.8128,6.83,11.52,-2.3438,64.7145,50657100
2012-12-26,180,2012-04-10,2012-12-26,11.54,8.4136,8.5493,137.1589,134.9813,6.83,11.54,0.0,68.9605,146097900
2012-12-27,180,2012-04-11,2012-12-27,11.47,8.4254,8.5656,136.1363,133.9076,6.83,11.54,-0.6066,67.9356,210411400
2012-12-28,180,2012-04-12,2012-12-28,11.36,8.4352,8.5795,134.674,132.4086,6.83,11.54,-1.5598,66.325,131872200
2012-12-31,180,2012-04-13,2012-12-31,11.61,8.4443,8.5931,137.4899,135.1091,6.83,11.61,0.0,69.9854,170837500
2013-01-02,180,2012-04-16,2013-01-02,12.03,8.457,8.6117,142.2493,139.6942,6.83,12.03,0.0,76.1347,236021400
2013-01-03,180,2012-04-17,2013-01-03,11.96,8.469,8.6293,141.2212,138.5979,6.83,12.03,-0.5819,75.1098,157149700
2013-01-04,180,2012-04-18,2013-01-04,12.11,8.4808,8.647,142.7937,140.0486,6.83,12.11,0.0,77.306,132601900
2013-01-07,180,2012-04-19,2013-01-07,12.09,8.4925,8.6646,142.3605,139.5331,6.83,12.11,-0.1652,77.0132,201403500
2013-01-08,180,2012-04-20,2013-01-08,11.98,8.5048,8.6824,140.8619,137.9796,6.83,12.11,-1.0735,75.4026,168461100
2013-01-09,180,2012-04-23,2013-01-09,11.43,8.5177,8.6995,134.1909,131.3869,6.83,12.11,-5.6152,67.3499,335692000
2013-01-10,180,2012-04-24,2013-01-10,11.78,8.5328,8.7195,138.0555,135.0995,6.83,12.11,-2.725,72.4744,199964900
2013-01-11,180,2012-04-25,2013-01-11,11.63,8.5473,8.7385,136.0661,133.0892,6.83,12.11,-3.9637,70.2782,146136700
2013-01-14,180,2012-04-26,2013-01-14,11.47,8.5611,8.7563,133.9783,130.9909,6.83,12.11,-5.2849,67.9356,110032900
2013-01-15,180,2012-04-27,2013-01-15,11.55,8.5751,8.7746,134.6924,131.6306,6.83,12.11,-4.6243,69.1069,126058300
2013-01-16,180,2012-04-30,2013-01-16,11.78,8.59,8.7942,137.1369,133.9524,6.83,12.11,-2.725,72.4744,164579300
2013-01-17,180,2012-05-01,2013-01-17,11.28,8.6042,8.8118,131.099,128.0105,6.83,12.11,-6.8538,65.1537,323622200
2013-01-18,180,2012-05-02,2013-01-18,11.14,8.6168,8.8275,129.2827,126.1965,6.83,12.11,-8.0099,63.104,179971800
2013-01-22,180,2012-05-03,2013-01-22,11.35,8.631,8.8452,131.5026,128.3179,6.83,12.11,-6.2758,66.1786,137242700
2013-01-23,180,2012-05-04,2013-01-23,11.42,8.6465,8.8642,132.0761,128.8325,6.83,12.11,-5.6978,67.2035,121638200
2013-01-24,180,2012-05-07,2013-01-24,11.53,8.6642,8.8853,133.0763,129.7652,6.83,12.11,-4.7894,68.8141,127870800
2013-01-25,180,2012-05-08,2013-01-25,11.62,8.6807,8.9056,133.8596,130.4795,6.83,12.11,-4.0462,70.1318,100171600
2013-01-28,180,2012-05-09,2013-01-28,11.48,8.698,8.9261,131.9837,128.6114,6.83,12.11,-5.2023,68.082,91304200
2013-01-29,180,2012-05-10,2013-01-29,11.49,8.7159,8.947,131.8284,128.4229,6.83,12.11,-5.1197,68.2284,96824100
2013-01-30,180,2012-05-11,2013-01-30,11.38,8.7336,8.9674,130.3008,126.9035,6.83,12.11,-6.0281,66.6179,89130200
2013-01-31,180,2012-05-14,2013-01-31,11.32,8.7524,8.9884,129.3364,125.9403,6.83,12.11,-6.5235,65.7394,97024700
2013-02-01,180,2012-05-15,2013-02-01,11.71,8.774,9.0126,133.4628,129.9291,6.83,12.11,-3.3031,71.4495,161141300
2013-02-04,180,2012-05-16,2013-02-04,11.48,8.7954,9.0358,130.5233,127.0497,6.83,12.11,-5.2023,68.082,139733000
2013-02-05,180,2012-05-17,2013-02-05,11.88,8.8197,9.0623,134.6985,131.0921,6.83,12.11,-1.8993,73.9385,187785900
2013-02-06,180,2012-05-18,2013-02-06,11.93,8.8455,9.0898,134.8714,131.2455,6.83,12.11,-1.4864,74.6706,173626800
2013-02-07,180,2012-05-21,2013-02-07,11.84,8.8707,9.1166,133.4725,129.8728,6.83,12.11,-2.2296,73.3529,173209900
2013-02-08,180,2012-05-22,2013-02-08,11.76,8.8977,9.144,132.1696,128.6089,6.9,12.11,-2.8902,70.4348,145321100
2013-02-11,180,2012-05-23,2013-02-11,11.86,8.9237,9.1711,132.9051,129.3191,6.9,12.11,-2.0644,71.8841,103510800
2013-02-12,180,2012-05-24,2013-02-12,12.25,8.9493,9.1993,136.8819,133.1618,6.9,12.25,0.0,77.5362,232173900
2013-02-13,180,2012-05-25,2013-02-13,12.17,8.9752,9.2273,135.5966,131.8916,6.9,12.25,-0.6531,76.3768,192742500
2013-02-14,180,2012-05-29,2013-02-14,12.13,9.0009,9.2549,134.764,131.0651,6.9,12.25,-0.9796,75.7971,144104800
2013-02-15,180,2012-05-30,2013-02-15,12.03,9.0241,9.2804,133.3102,129.6274,6.9,12.25,-1.7959,74.3478,158242700
2013-02-19,180,2012-05-31,2013-02-19,12.19,9.0499,9.3082,134.6982,130.9603,6.9,12.25,-0.4898,76.6667,170783400
2013-02-20,180,2012-06-01,2013-02-20,11.8,9.0733,9.3329,130.0524,126.4346,6.9,12.25,-3.6735,71.0145,193466400
2013-02-21,180,2012-06-04,2013-02-21,11.42,9.0984,9.3573,125.5161,122.0433,6.9,12.25,-6.7755,65.5072,235532400
2013-02-22,180,2012-06-05,2013-02-22,11.44,9.125,9.3826,125.3703,121.9284,7.04,12.25,-6.6122,62.5,179268200
2013-02-25,180,2012-06-06,2013-02-25,11.03,9.1482,9.4044,120.5697,117.2857,7.04,12.25,-9.9592,56.6761,206893900
2013-02-26,180,2012-06-07,2013-02-26,11.13,9.1674,9.4238,121.409,118.1055,7.04,12.25,-9.1429,58.0966,173039600
2013-02-27,180,2012-06-08,2013-02-27,11.3,9.189,9.4453,122.9729,119.6358,7.04,12.25,-7.7551,60.5114,147145400
2013-02-28,180,2012-06-11,2013-02-28,11.23,9.2093,9.4657,121.9414,118.6386,7.04,12.25,-8.3265,59.517,143546700
2013-03-01,180,2012-06-12,2013-03-01,11.34,9.2326,9.4883,122.826,119.5159,7.04,12.25,-7.4286,61.0795,189050700
2013-03-04,180,2012-06-13,2013-03-04,11.41,9.2543,9.5101,123.2935,119.9783,7.04,12.25,-6.8571,62.0739,116436000
2013-03-05,180,2012-06-14,2013-03-05,11.55,9.2766,9.5326,124.5063,121.1637,7.04,12.25,-5.7143,64.0625,135869700
2013-03-06,180,2012-06-15,2013-03-06,11.92,9.299,9.5562,128.1858,124.7355,7.04,12.25,-2.6939,69.3182,182557500
2013-03-07,180,2012-06-18,2013-03-07,12.26,9.3207,9.5804,131.5355,127.969,7.04,12.26,0.0,74.1477,212403800
2013-03-08,180,2012-06-19,2013-03-08,12.07,9.3429,9.6044,129.1885,125.6717,7.04,12.26,-1.5498,71.4489,209777100
2013-03-11,180,2012-06-20,2013-03-11,12.15,9.3629,9.6268,129.768,126.2097,7.04,12.26,-0.8972,72.5852,106427800
2013-03-12,180,2012-06-21,2013-03-12,12.01,9.3822,9.6483,128.0086,124.4775,7.04,12.26,-2.0392,70.5966,128134700
2013-03-13,180,2012-06-22,2013-03-13,12.06,9.4042,9.6719,128.2403,124.6913,7.04,12.26,-1.6313,71.3068,86216800
2013-03-14,180,2012-06-25,2013-03-14,12.11,9.4256,9.6951,128.4802,124.909,7.04,12.26,-1.2235,72.017,115440000
2013-03-15,180,2012-06-26,2013-03-15,12.57,9.4513,9.7227,132.9972,129.2855,7.04,12.57,0.0,78.5511,319019100
2013-03-18,180,2012-06-27,2013-03-18,12.56,9.477,9.7501,132.5313,128.819,7.04,12.57,-0.0796,78.4091,189783300
2013-03-19,180,2012-06-28,2013-03-19,12.71,9.502,9.7776,133.7608,129.9916,7.04,12.71,0.0,80.5398,242939600
2013-03-20,180,2012-06-29,2013-03-20,12.78,9.5277,9.8056,134.1357,130.3343,7.04,12.78,0.0,81.5341,219121700
2013-03-21,180,2012-07-02,2013-03-21,12.57,9.5492,9.8299,131.6335,127.8746,7.04,12.78,-1.6432,78.5511,154529400
2013-03-22,180,2012-07-03,2013-03-22,12.56,9.5719,9.855,131.2175,127.448,7.04,12.78,-1.7214,78.4091,101974400
2013-03-25,180,2012-07-05,2013-03-25,12.4,9.594,9.8791,129.2468,125.5174,7.04,12.78,-2.9734,76.1364,154320200
2013-03-26,180,2012-07-06,2013-03-26,12.28,9.6179,9.9039,127.6792,123.9917,7.04,12.78,-3.9124,74.4318,135654700
2013-03-27,180,2012-07-09,2013-03-27,12.23,9.643,9.9293,126.8279,123.1711,7.04,12.78,-4.3036,73.7216,107177200
2013-03-28,180,2012-07-10,2013-03-28,12.18,9.669,9.9549,125.9699,122.3513,7.04,12.78,-4.6948,73.0114,92013900
2013-04-01,180,2012-07-11,2013-04-01,12.15,9.6957,9.9809,125.3127,121.7326,7.04,12.78,-4.9296,72.5852,86281600
2013-04-02,180,2012-07-12,2013-04-02,12.15,9.7213,10.006,124.9836,121.4271,7.04,12.78,-4.9296,72.5852,102626000
2013-04-03,180,2012-07-13,2013-04-03,11.81,9.7471,10.0301,121.1645,117.7461,7.04,12.78,-7.59,67.7557,199765800
2013-04-04,180,2012-07-16,2013-04-04,11.94,9.7704,10.0529,122.2056,118.7712,7.04,12.78,-6.5728,69.6023,117831400
2013-04-05,180,2012-07-17,2013-04-05,11.97,9.7941,10.0761,122.2167,118.7965,7.04,12.78,-6.338,70.0284,141061900
2013-04-08,180,2012-07-18,2013-04-08,12.21,9.8178,10.0999,124.3662,120.8924,7.04,12.78,-4.4601,73.4375,101419200
2013-04-09,180,2012-07-19,2013-04-09,12.25,9.8453,10.1261,124.4254,120.9744,7.04,12.78,-4.1471,74.0057,132365800
2013-04-10,180,2012-07-20,2013-04-10,12.32,9.8758,10.1542,124.7492,121.3288,7.04,12.78,-3.5994,75.0,105853900
2013-04-11,180,2012-07-23,2013-04-11,12.27,9.9084,10.1831,123.8343,120.4936,7.04,12.78,-3.9906,74.2898,100241900
2013-04-12,180,2012-07-24,2013-04-12,12.17,9.9406,10.2113,122.427,119.1813,7.04,12.78,-4.7731,72.8693,88191700
2013-04-15,180,2012-07-25,2013-04-15,11.98,9.9729,10.2388,120.1258,117.0062,7.07,12.78,-6.2598,69.4484,176504300
2013-04-16,180,2012-07-26,2013-04-16,12.28,10.0061,10.2677,122.7246,119.5981,7.17,12.78,-3.9124,71.2692,147641900
2013-04-17,180,2012-07-27,2013-04-17,11.7,10.0363,10.2929,116.5772,113.6707,7.18,12.78,-8.4507,62.9526,335408600
2013-04-18,180,2012-07-30,2013-04-18,11.44,10.064,10.3158,113.6727,110.8975,7.18,12.78,-10.4851,59.3315,220290500
2013-04-19,180,2012-07-31,2013-04-19,11.66,10.0931,10.3402,115.5244,112.7641,7.18,12.78,-8.7637,62.3955,119792000
2013-04-22,180,2012-08-01,2013-04-22,11.72,10.122,10.3645,115.7874,113.0783,7.18,12.78,-8.2942,63.2312,88532300
2013-04-23,180,2012-08-02,2013-04-23,12.07,10.1538,10.3914,118.872,116.1532,7.18,12.78,-5.5556,68.1058,176816000
2013-04-24,180,2012-08-03,2013-04-24,12.31,10.1871,10.4199,120.8387,118.1388,7.43,12.78,-3.6776,65.6797,120624900
2013-04-25,180,2012-08-06,2013-04-25,12.44,10.2185,10.4478,121.7402,119.0684,7.64,12.78,-2.6604,62.8272,118694600
2013-04-26,180,2012-08-07,2013-04-26,12.42,10.2478,10.4743,121.1969,118.5756,7.67,12.78,-2.8169,61.9296,83093200
2013-04-29,180,2012-08-08,2013-04-29,12.38,10.2768,10.5005,120.4654,117.8991,7.67,12.78,-3.1299,61.4081,65432400
2013-04-30,180,2012-08-09,2013-04-30,12.31,10.3057,10.5263,119.4482,116.9454,7.72,12.78,-3.6776,59.456,89362100
2013-05-01,180,2012-08-10,2013-05-01,12.14,10.3336,10.5508,117.4806,115.062,7.72,12.78,-5.0078,57.2539,88417800
2013-05-02,180,2012-08-13,2013-05-02,12.19,10.3617,10.5756,117.645,115.2658,7.72,12.78,-4.6166,57.9016,76530500
2013-05-03,180,2012-08-14,2013-05-03,12.24,10.3903,10.6007,117.8023,115.4644,7.78,12.78,-4.2254,57.3265,94322600
2013-05-06,180,2012-08-15,2013-05-06,12.88,10.4209,10.629,123.5977,121.1779,7.87,12.88,0.0,63.6595,265062800
2013-05-07,180,2012-08-16,2013-05-07,12.9,10.4509,10.6569,123.4346,121.0478,7.91,12.9,0.0,63.0847,218248100
2013-05-08,180,2012-08-17,2013-05-08,13.02,10.4809,10.6852,124.2262,121.8505,7.91,13.02,0.0,64.6018,149755400
2013-05-09,180,2012-08-20,2013-05-09,12.91,10.51,10.7125,122.8357,120.5134,7.91,13.02,-0.8449,63.2111,112952300
2013-05-10,180,2012-08-21,2013-05-10,13.02,10.5382,10.7396,123.5503,121.2341,7.91,13.02,0.0,64.6018,87625100
2013-05-13,180,2012-08-22,2013-05-13,12.98,10.5661,10.7662,122.8459,120.5629,7.91,13.02,-0.3072,64.0961,94295600
2013-05-14,180,2012-08-23,2013-05-14,13.34,10.5951,10.7946,125.9069,123.5802,7.91,13.34,0.0,68.6473,154128100
2013-05-15,180,2012-08-24,2013-05-15,13.44,10.6253,10.824,126.4902,124.1685,7.91,13.44,0.0,69.9115,139728300
2013-05-16,180,2012-08-27,2013-05-16,13.36,10.6553,10.8529,125.3832,123.1009,7.91,13.44,-0.5952,68.9001,117977000
2013-05-17,180,2012-08-28,2013-05-17,13.43,10.6866,10.8827,125.6712,123.4073,7.91,13.44,-0.0744,69.7851,107335600
2013-05-20,180,2012-08-29,2013-05-20,13.51,10.7195,10.9135,126.0324,123.7916,7.91,13.51,0.0,70.7965,88941700
2013-05-21,180,2012-08-30,2013-05-21,13.44,10.7519,10.9437,125.0016,122.8101,7.91,13.51,-0.5181,69.9115,111810300
2013-05-22,180,2012-08-31,2013-05-22,13.31,10.7849,10.9737,123.4133,121.2897,7.95,13.51,-1.4804,67.4214,174531500
2013-05-23,180,2012-09-04,2013-05-23,13.21,10.817,11.0027,122.1231,120.0612,7.95,13.51,-2.2206,66.1635,190522000
2013-05-24,180,2012-09-05,2013-05-24,13.24,10.8492,11.0318,122.0365,120.0163,7.95,13.51,-1.9985,66.5409,83452600
2013-05-28,180,2012-09-06,2013-05-28,13.35,10.8826,11.0618,122.6731,120.6852,8.35,13.51,-1.1843,59.8802,133553000
2013-05-29,180,2012-09-07,2013-05-29,13.48,10.9127,11.0903,123.5263,121.5473,8.58,13.51,-0.2221,57.1096,126397300
2013-05-30,180,2012-09-10,2013-05-30,13.83,10.9401,11.1183,126.4161,124.3898,8.58,13.83,0.0,61.1888,153383400
2013-05-31,180,2012-09-11,2013-05-31,13.66,10.969,11.1465,124.5332,122.5497,8.82,13.83,-1.2292,54.8753,160176100
2013-06-03,180,2012-09-12,2013-06-03,13.55,10.9937,11.1716,123.2523,121.2896,8.82,13.83,-2.0246,53.6281,197168200
2013-06-04,180,2012-09-13,2013-06-04,13.36,11.0184,11.196,121.2521,119.3283,8.82,13.83,-3.3984,51.4739,130055400
2013-06-05,180,2012-09-14,2013-06-05,13.09,11.0386,11.2165,118.5836,116.7031,8.82,13.83,-5.3507,48.4127,185778900
2013-06-06,180,2012-09-17,2013-06-06,13.2,11.0583,11.2368,119.3678,117.4714,8.82,13.83,-4.5553,49.6599,142361900
2013-06-07,180,2012-09-18,2013-06-07,13.38,11.0806,11.2594,120.7518,118.8336,8.82,13.83,-3.2538,51.7007,121057300
2013-06-10,180,2012-09-19,2013-06-10,13.3,11.1032,11.2821,119.7848,117.8863,8.82,13.83,-3.8322,50.7937,104648500
2013-06-11,180,2012-09-20,2013-06-11,13.12,11.1248,11.3033,117.9346,116.072,8.82,13.83,-5.1338,48.7528,106369100
2013-06-12,180,2012-09-21,2013-06-12,13.06,11.147,11.3248,117.1614,115.3218,8.82,13.83,-5.5676,48.0726,117289400
2013-06-13,180,2012-09-24,2013-06-13,13.21,11.1706,11.3476,118.257,116.4122,8.82,13.83,-4.483,49.7732,103636400
2013-06-14,180,2012-09-25,2013-06-14,13.07,11.1938,11.3697,116.7613,114.955,8.82,13.83,-5.4953,48.1859,101380700
2013-06-17,180,2012-09-26,2013-06-17,13.21,11.2191,11.3934,117.7457,115.9439,8.82,13.83,-4.483,49.7732,115441500
2013-06-18,180,2012-09-27,2013-06-18,13.27,11.2457,11.4182,118.0003,116.2183,8.83,13.83,-4.0492,50.2831,67257600
2013-06-19,180,2012-09-28,2013-06-19,13.19,11.2709,11.4416,117.0275,115.281,8.83,13.83,-4.6276,49.3771,103850000
2013-06-20,180,2012-10-01,2013-06-20,12.89,11.2961,11.4642,114.1103,112.4373,8.93,13.83,-6.7968,44.3449,185741100
2013-06-21,180,2012-10-02,2013-06-21,12.69,11.3194,11.4849,112.1085,110.493,8.93,13.83,-8.243,42.1053,196004700
2013-06-24,180,2012-10-03,2013-06-24,12.3,11.3413,11.5036,108.4535,106.9229,8.99,13.83,-11.0629,36.8187,159762500
2013-06-25,180,2012-10-04,2013-06-25,12.67,11.3634,11.5234,111.4988,109.9503,8.99,13.83,-8.3876,40.9344,132844500
2013-06-26,180,2012-10-05,2013-06-26,12.76,11.3834,11.542,112.093,110.5528,8.99,13.83,-7.7368,41.9355,105282000
2013-06-27,180,2012-10-08,2013-06-27,13.01,11.4054,11.5625,114.0692,112.5189,8.99,13.83,-5.9291,44.7164,124616300
2013-06-28,180,2012-10-09,2013-06-28,12.86,11.4271,11.5824,112.5398,111.0306,8.99,13.83,-7.0137,43.0478,90297100
2013-07-01,180,2012-10-10,2013-07-01,12.93,11.4498,11.6031,112.9279,111.4362,8.99,13.83,-6.5076,43.8265,83146300
2013-07-02,180,2012-10-11,2013-07-02,12.9,11.4724,11.6236,112.4433,110.9815,8.99,13.83,-6.7245,43.4928,83708600
2013-07-03,180,2012-10-12,2013-07-03,12.83,11.4938,11.6429,111.6256,110.1955,8.99,13.83,-7.2307,42.7141,37971700
2013-07-05,180,2012-10-15,2013-07-05,13.06,11.5181,11.6648,113.3867,111.9605,8.99,13.83,-5.5676,45.2725,80758500
2013-07-08,180,2012-10-16,2013-07-08,13.28,11.5407,11.6862,115.0707,113.6386,8.99,13.83,-3.9769,47.7197,107441200
2013-07-09,180,2012-10-17,2013-07-09,13.53,11.5643,11.7088,116.9979,115.5543,8.99,13.83,-2.1692,50.5006,106067300
2013-07-10,180,2012-10-18,2013-07-10,13.37,11.5875,11.7306,115.3831,113.9753,8.99,13.83,-3.3261,48.7208,104353400
2013-07-11,180,2012-10-19,2013-07-11,13.51,11.6111,11.7531,116.3543,114.9488,8.99,13.83,-2.3138,50.2781,93756500
2013-07-12,180,2012-10-22,2013-07-12,13.78,11.6361,11.7772,118.4242,117.0061,8.99,13.83,-0.3615,53.2814,123958400
2013-07-15,180,2012-10-23,2013-07-15,13.88,11.6608,11.8012,119.0317,117.6149,8.99,13.88,0.0,54.3938,90765200
2013-07-16,180,2012-10-24,2013-07-16,13.92,11.6873,11.8266,119.1041,117.7012,8.99,13.92,0.0,54.8387,146041900
2013-07-17,180,2012-10-25,2013-07-17,14.31,11.7158,11.8543,122.1427,120.7154,8.99,14.31,0.0,59.1769,249674500
2013-07-18,180,2012-10-26,2013-07-18,14.76,11.7467,11.885,125.6518,124.1902,8.99,14.76,0.0,64.1824,221796400
2013-07-19,180,2012-10-31,2013-07-19,14.75,11.7789,11.9163,125.2237,123.7803,8.99,14.76,-0.0678,64.0712,136196600
2013-07-22,180,2012-11-01,2013-07-22,14.92,11.81,11.9474,126.3331,124.8808,8.99,14.92,0.0,65.9622,112416800
2013-07-23,180,2012-11-02,2013-07-23,14.94,11.8378,11.9763,126.2059,124.7466,8.99,14.94,0.0,66.1846,113736000
2013-07-24,180,2012-11-05,2013-07-24,14.71,11.864,12.0033,123.9888,122.5499,8.99,14.94,-1.5395,63.6263,117771100
2013-07-25,180,2012-11-06,2013-07-25,14.83,11.8915,12.0315,124.7109,123.2598,8.99,14.94,-0.7363,64.9611,89243300
2013-07-26,180,2012-11-07,2013-07-26,14.73,11.9173,12.0581,123.6022,122.1584,8.99,14.94,-1.4056,63.8487,73777800
2013-07-29,180,2012-11-08,2013-07-29,14.52,11.9485,12.0875,121.5216,120.1241,8.99,14.94,-2.8112,61.5128,88616700
2013-07-30,180,2012-11-09,2013-07-30,14.52,11.9784,12.116,121.2181,119.8415,8.99,14.94,-2.8112,61.5128,71675200
2013-07-31,180,2012-11-12,2013-07-31,14.6,12.0084,12.1447,121.5814,120.2168,8.99,14.94,-2.2758,62.4027,128182500
2013-08-01,180,2012-11-13,2013-08-01,14.95,12.0402,12.1756,124.1671,122.7864,8.99,14.95,0.0,66.2959,108554200
2013-08-02,180,2012-11-14,2013-08-02,14.84,12.0724,12.2062,122.9254,121.5773,8.99,14.95,-0.7358,65.0723,83367400
2013-08-05,180,2012-11-15,2013-08-05,14.8,12.1078,12.2385,122.235,120.9299,9.09,14.95,-1.0033,62.8163,61711900
2013-08-06,180,2012-11-16,2013-08-06,14.64,12.1419,12.2693,120.5744,119.3219,9.12,14.95,-2.0736,60.5263,84249800
2013-08-07,180,2012-11-19,2013-08-07,14.53,12.1754,12.2994,119.3388,118.136,9.49,14.95,-2.8094,53.1085,128693600
2013-08-08,180,2012-11-20,2013-08-08,14.61,12.2059,12.3278,119.6962,118.5123,9.63,14.95,-2.2742,51.7134,88544100
2013-08-09,180,2012-11-21,2013-08-09,14.45,12.2346,12.3546,118.1073,116.9604,9.66,14.95,-3.3445,49.5859,72897900
2013-08-12,180,2012-11-23,2013-08-12,14.41,12.2621,12.3804,117.5165,116.3938,9.66,14.95,-3.612,49.1718,60867500
2013-08-13,180,2012-11-26,2013-08-13,14.51,12.289,12.406,118.0733,116.9595,9.66,14.95,-2.9431,50.207,75777900
2013-08-14,180,2012-11-27,2013-08-14,14.6,12.3168,12.4324,118.5369,117.4347,9.66,14.95,-2.3411,51.1387,78553700
2013-08-15,180,2012-11-28,2013-08-15,14.32,12.3453,12.4583,115.9956,114.9431,9.76,14.95,-4.214,46.7213,99238900
2013-08-16,180,2012-11-29,2013-08-16,14.42,12.3734,12.4842,116.5404,115.5058,9.8,14.95,-3.5452,47.1429,104959000
2013-08-19,180,2012-11-30,2013-08-19,14.15,12.3999,12.5082,114.1141,113.1256,9.8,14.95,-5.3512,44.3878,98384600
2013-08-20,180,2012-12-03,2013-08-20,14.29,12.4268,12.5328,114.9936,114.0205,9.8,14.95,-4.4147,45.8163,114332500
2013-08-21,180,2012-12-04,2013-08-21,14.34,12.4546,12.5581,115.1386,114.1897,9.91,14.95,-4.0803,44.7023,91680600
2013-08-22,180,2012-12-05,2013-08-22,14.57,12.4824,12.5839,116.724,115.7825,10.46,14.95,-2.5418,39.2925,76348300
2013-08-23,180,2012-12-06,2013-08-23,14.57,12.5058,12.6068,116.5057,115.5728,10.46,14.95,-2.5418,39.2925,67699200
2013-08-26,180,2012-12-07,2013-08-26,14.49,12.529,12.6292,115.652,114.7344,10.51,14.95,-3.0769,37.8687,68938900
2013-08-27,180,2012-12-10,2013-08-27,14.11,12.5492,12.6484,112.4378,111.5552,10.51,14.95,-5.6187,34.2531,122534200
2013-08-28,180,2012-12-11,2013-08-28,14.12,12.57,12.6682,112.3309,111.4605,10.51,14.95,-5.5518,34.3482,96473600
2013-08-29,180,2012-12-12,2013-08-29,14.17,12.5916,12.6885,112.5352,111.6759,10.54,14.95,-5.2174,34.4402,76691500
2013-08-30,180,2012-12-13,2013-08-30,14.12,12.6123,12.708,111.9544,111.1111,10.54,14.95,-5.5518,33.9658,73233400
2013-09-03,180,2012-12-14,2013-09-03,14.25,12.6341,12.7286,112.7896,111.9525,10.58,14.95,-4.6823,34.6881,74628700
2013-09-04,180,2012-12-17,2013-09-04,14.32,12.6561,12.7494,113.1472,112.3191,11.0,14.95,-4.214,30.1818,71132500
2013-09-05,180,2012-12-18,2013-09-05,14.37,12.6751,12.7681,113.3721,112.546,11.03,14.95,-3.8796,30.2811,71229200
2013-09-06,180,2012-12-19,2013-09-06,14.36,12.6915,12.7848,113.1465,112.3211,11.03,14.95,-3.9465,30.1904,75513100
2013-09-09,180,2012-12-20,2013-09-09,14.48,12.7097,12.8031,113.9286,113.098,11.03,14.95,-3.1438,31.2783,53447300
2013-09-10,180,2012-12-21,2013-09-10,14.61,12.7262,12.8202,114.8025,113.9606,11.03,14.95,-2.2742,32.4569,93180300
2013-09-11,180,2012-12-24,2013-09-11,14.65,12.7445,12.8389,114.9514,114.1064,11.03,14.95,-2.0067,32.8196,81098900
2013-09-12,180,2012-12-26,2013-09-12,14.48,12.7624,12.8568,113.458,112.6249,11.03,14.95,-3.1438,31.2783,63355900
2013-09-13,180,2012-12-27,2013-09-13,14.49,12.7784,12.8732,113.3944,112.5592,11.03,14.95,-3.0769,31.369,56793400
2013-09-16,180,2012-12-28,2013-09-16,14.53,12.7951,12.8902,113.5592,112.7211,11.03,14.95,-2.8094,31.7316,65276500
2013-09-17,180,2012-12-31,2013-09-17,14.55,12.8127,12.9079,113.5595,112.7213,11.03,14.95,-2.6756,31.913,73686100
2013-09-18,180,2013-01-02,2013-09-18,14.71,12.8292,12.9252,114.6599,113.809,11.03,14.95,-1.6054,33.3636,127092600
2013-09-19,180,2013-01-03,2013-09-19,14.61,12.8427,12.9395,113.7613,112.9101,11.03,14.95,-2.2742,32.4569,79710700
2013-09-20,180,2013-01-04,2013-09-20,14.44,12.8559,12.9533,112.3224,111.4776,11.03,14.95,-3.4114,30.9157,145174800
2013-09-23,180,2013-01-07,2013-09-23,14.14,12.8667,12.9646,109.8957,109.0666,11.03,14.95,-5.4181,28.1958,127283100
2013-09-24,180,2013-01-08,2013-09-24,14.09,12.8776,12.9757,109.4152,108.5879,11.03,14.95,-5.7525,27.7425,96912800
2013-09-25,180,2013-01-09,2013-09-25,14.14,12.8893,12.9877,109.7033,108.8725,11.03,14.95,-5.4181,28.1958,86546100
2013-09-26,180,2013-01-10,2013-09-26,14.08,12.9045,13.0024,109.109,108.2878,11.03,14.95,-5.8194,27.6519,89352900
2013-09-27,180,2013-01-11,2013-09-27,13.9,12.9165,13.0142,107.6141,106.8067,11.03,14.95,-7.0234,26.0199,79156000
2013-09-30,180,2013-01-14,2013-09-30,13.8,12.9291,13.0262,106.7363,105.9402,11.03,14.95,-7.6923,25.1133,104439900
2013-10-01,180,2013-01-15,2013-10-01,13.9,12.9432,13.0397,107.392,106.5974,11.03,14.95,-7.0234,26.0199,57631000
2013-10-02,180,2013-01-16,2013-10-02,14.06,12.9576,13.0537,108.5075,107.7092,11.03,14.95,-5.9532,27.4705,89186300
2013-10-03,180,2013-01-17,2013-10-03,14.0,12.9702,13.066,107.9397,107.1483,11.03,14.95,-6.3545,26.9266,95269000
2013-10-04,180,2013-01-18,2013-10-04,14.05,12.9866,13.0814,108.1888,107.4045,11.03,14.95,-6.0201,27.3799,63495400
2013-10-07,180,2013-01-22,2013-10-07,13.81,13.0028,13.0962,106.2076,105.4503,11.03,14.95,-7.6254,25.204,64822700
2013-10-08,180,2013-01-23,2013-10-08,13.69,13.017,13.1092,105.1702,104.4303,11.03,14.95,-8.4281,24.116,92746200
2013-10-09,180,2013-01-24,2013-10-09,13.84,13.0314,13.1227,106.2048,105.4664,11.03,14.95,-7.4247,25.476,96012800
2013-10-10,180,2013-01-25,2013-10-10,14.23,13.047,13.1377,109.0675,108.3145,11.03,14.95,-4.8161,29.0118,102305800
2013-10-11,180,2013-01-28,2013-10-11,14.19,13.0617,13.1519,108.638,107.8928,11.03,14.95,-5.0836,28.6491,83422000
2013-10-14,180,2013-01-29,2013-10-14,14.35,13.0783,13.1679,109.7241,108.9772,11.03,14.95,-4.0134,30.0997,78367500
2013-10-15,180,2013-01-30,2013-10-15,14.24,13.0943,13.1832,108.75,108.0165,11.03,14.95,-4.7492,29.1024,102099300
2013-10-16,180,2013-01-31,2013-10-16,14.56,13.1126,13.2008,111.0386,110.2961,11.03,14.95,-2.6087,32.0036,153481000
2013-10-17,180,2013-02-01,2013-10-17,14.66,13.1318,13.2194,111.6373,110.8977,11.03,14.95,-1.9398,32.9102,94090800
2013-10-18,180,2013-02-04,2013-10-18,14.63,13.1482,13.2356,111.2703,110.5351,11.03,14.95,-2.1405,32.6383,96986400
2013-10-21,180,2013-02-05,2013-10-21,14.52,13.1657,13.2525,110.2866,109.5642,11.03,14.95,-2.8763,31.641,91280600
2013-10-22,180,2013-02-06,2013-10-22,14.52,13.1805,13.2672,110.1631,109.4431,11.03,14.95,-2.8763,31.641,102836000
2013-10-23,180,2013-02-07,2013-10-23,14.21,13.1934,13.2798,107.705,107.0044,11.03,14.95,-4.9498,28.8305,108529700
2013-10-24,180,2013-02-08,2013-10-24,14.17,13.2069,13.2928,107.2925,106.5992,11.03,14.95,-5.2174,28.4678,92566100
2013-10-25,180,2013-02-11,2013-10-25,14.26,13.2214,13.3067,107.8558,107.1643,11.03,14.95,-4.6154,29.2838,58592400
2013-10-28,180,2013-02-12,2013-10-28,14.23,13.235,13.3198,107.5179,106.8332,11.03,14.95,-4.8161,29.0118,62328000
2013-10-29,180,2013-02-13,2013-10-29,14.15,13.2457,13.3304,106.8273,106.1484,11.03,14.95,-5.3512,28.2865,79563100
2013-10-30,180,2013-02-14,2013-10-30,14.17,13.257,13.3415,106.887,106.2099,11.03,14.95,-5.2174,28.4678,76624200
2013-10-31,180,2013-02-15,2013-10-31,13.97,13.2676,13.3517,105.2941,104.6307,11.03,14.95,-6.5552,26.6546,105713400
2013-11-01,180,2013-02-19,2013-11-01,14.02,13.2792,13.3628,105.579,104.9183,11.03,14.95,-6.2207,27.1079,75610400
2013-11-04,180,2013-02-20,2013-11-04,14.04,13.2898,13.3731,105.6453,104.9872,11.03,14.95,-6.087,27.2892,53063200
2013-11-05,180,2013-02-21,2013-11-05,13.93,13.3025,13.3849,104.7173,104.0726,11.03,14.95,-6.8227,26.2919,71809700
2013-11-06,180,2013-02-22,2013-11-06,13.96,13.3182,13.399,104.8193,104.1869,11.03,14.95,-6.6221,26.5639,66712900
2013-11-07,180,2013-02-25,2013-11-07,13.8,13.3329,13.4121,103.5033,102.8921,11.03,14.95,-7.6923,25.1133,80775000
2013-11-08,180,2013-02-26,2013-11-08,14.32,13.3535,13.4304,107.2377,106.6239,11.13,14.95,-4.214,28.6613,158227300
2013-11-11,180,2013-02-27,2013-11-11,14.4,13.3738,13.4486,107.6736,107.0747,11.23,14.95,-3.6789,28.228,66357400
2013-11-12,180,2013-02-28,2013-11-12,14.32,13.3923,13.4653,106.9269,106.3472,11.23,14.95,-4.214,27.5156,69498300
2013-11-13,180,2013-03-01,2013-11-13,14.64,13.413,13.4843,109.1477,108.5709,11.34,14.95,-2.0736,29.1005,128018500
2013-11-14,180,2013-03-04,2013-11-14,14.8,13.4337,13.5035,110.171,109.6012,11.41,14.95,-1.0033,29.7108,128999400
2013-11-15,180,2013-03-05,2013-11-15,14.92,13.4544,13.523,110.8934,110.3305,11.44,14.95,-0.2007,30.4196,105475300
2013-11-18,180,2013-03-06,2013-11-18,14.92,13.4741,13.5417,110.7313,110.178,11.44,14.95,-0.2007,30.4196,145554400
2013-11-19,180,2013-03-07,2013-11-19,15.2,13.4923,13.5599,112.6565,112.0949,11.44,15.2,0.0,32.8671,161505600
2013-11-20,180,2013-03-08,2013-11-20,15.14,13.5081,13.5759,112.0813,111.5208,11.44,15.2,-0.3947,32.3427,107174900
2013-11-21,180,2013-03-11,2013-11-21,15.59,13.527,13.5955,115.2506,114.6703,11.44,15.59,0.0,36.2762,142053600
2013-11-22,180,2013-03-12,2013-11-22,15.64,13.5457,13.6149,115.4607,114.8742,11.44,15.64,0.0,36.7133,110331100
2013-11-25,180,2013-03-13,2013-11-25,15.81,13.5662,13.636,116.5399,115.9431,11.44,15.81,0.0,38.1993,153765500
2013-11-26,180,2013-03-14,2013-11-26,15.88,13.5866,13.6572,116.8799,116.2755,11.44,15.88,0.0,38.8112,114833700
2013-11-27,180,2013-03-15,2013-11-27,15.83,13.6065,13.6779,116.3413,115.7342,11.44,15.88,-0.3149,38.3741,75503600
2013-11-29,180,2013-03-18,2013-11-29,15.82,13.6234,13.6959,116.1241,115.5086,11.44,15.88,-0.3778,38.2867,44288400
2013-12-02,180,2013-03-19,2013-12-02,15.73,13.6399,13.7136,115.3233,114.704,11.44,15.88,-0.9446,37.5,92987400
2013-12-03,180,2013-03-20,2013-12-03,15.54,13.6547,13.7293,113.8066,113.1888,11.44,15.88,-2.1411,35.8392,106450300
2013-12-04,180,2013-03-21,2013-12-04,15.63,13.6695,13.7451,114.3418,113.7132,11.44,15.88,-1.5743,36.6259,96678100
2013-12-05,180,2013-03-22,2013-12-05,15.43,13.6849,13.761,112.7523,112.1285,11.44,15.88,-2.8338,34.8776,95230500
2013-12-06,180,2013-03-25,2013-12-06,15.56,13.7009,13.7777,113.5696,112.9364,11.44,15.88,-2.0151,36.014,92203100
2013-12-09,180,2013-03-26,2013-12-09,15.58,13.718,13.7953,113.5731,112.9367,11.44,15.88,-1.8892,36.1888,50167200
2013-12-10,180,2013-03-27,2013-12-10,15.56,13.736,13.8136,113.2789,112.643,11.44,15.88,-2.0151,36.014,67486300
2013-12-11,180,2013-03-28,2013-12-11,15.25,13.753,13.8303,110.8849,110.2649,11.44,15.88,-3.9673,33.3042,117565000
2013-12-12,180,2013-04-01,2013-12-12,15.25,13.7704,13.8474,110.7448,110.1291,11.44,15.88,-3.9673,33.3042,76113900
2013-12-13,180,2013-04-02,2013-12-13,15.18,13.7877,13.8642,110.098,109.4905,11.44,15.88,-4.4081,32.6923,61575600
2013-12-16,180,2013-04-03,2013-12-16,15.24,13.8054,13.8814,110.3918,109.7873,11.44,15.88,-4.0302,33.2168,71467000
2013-12-17,180,2013-04-04,2013-12-17,15.18,13.8253,13.9001,109.7987,109.2078,11.44,15.88,-4.4081,32.6923,74247300
2013-12-18,180,2013-04-05,2013-12-18,15.69,13.8466,13.9209,113.3131,112.7079,11.44,15.88,-1.1965,37.1503,152929300
2013-12-19,180,2013-04-08,2013-12-19,15.75,13.868,13.9419,113.571,112.9685,11.44,15.88,-0.8186,37.6748,97776100
2013-12-20,180,2013-04-09,2013-12-20,15.6,13.887,13.9608,112.3351,111.7416,11.44,15.88,-1.7632,36.3636,131956000
2013-12-23,180,2013-04-10,2013-12-23,15.69,13.9062,13.9799,112.8272,112.2327,11.44,15.88,-1.1965,37.1503,52565800
2013-12-24,180,2013-04-11,2013-12-24,15.7,13.925,13.9987,112.7467,112.1535,11.44,15.88,-1.1335,37.2378,21770400
2013-12-26,180,2013-04-12,2013-12-26,15.65,13.944,14.0174,112.2346,111.6466,11.44,15.88,-1.4484,36.8007,48803600
2013-12-27,180,2013-04-15,2013-12-27,15.67,13.9639,14.0369,112.2182,111.6344,11.44,15.88,-1.3224,36.9755,40049300
2013-12-30,180,2013-04-16,2013-12-30,15.54,13.9846,14.0567,111.1222,110.5525,11.44,15.88,-2.1411,35.8392,56218800
2013-12-31,180,2013-04-17,2013-12-31,15.57,14.0033,14.0749,111.1878,110.6221,11.44,15.88,-1.9521,36.1014,57188900
2014-01-02,180,2013-04-18,2014-01-02,16.1,14.0288,14.0994,114.7637,114.1893,11.44,16.1,0.0,40.7343,148709900
2014-01-03,180,2013-04-19,2014-01-03,16.41,14.0578,14.127,116.7321,116.1605,11.66,16.41,0.0,40.7376,129921800
2014-01-06,180,2013-04-22,2014-01-06,16.66,14.0861,14.1548,118.2723,117.6988,11.72,16.66,0.0,42.1502,114431300
2014-01-07,180,2013-04-23,2014-01-07,16.5,14.1134,14.1813,116.9098,116.3501,12.07,16.66,-0.9604,36.7026,110605100
2014-01-08,180,2013-04-24,2014-01-08,16.58,14.1384,14.2064,117.2691,116.7081,12.14,16.66,-0.4802,36.5733,101036400
2014-01-09,180,2013-04-25,2014-01-09,16.83,14.1627,14.2315,118.8333,118.2588,12.14,16.83,0.0,38.6326,100947200
2014-01-10,180,2013-04-26,2014-01-10,16.77,14.1859,14.2556,118.2163,117.6383,12.14,16.83,-0.3565,38.1384,87454100
2014-01-13,180,2013-04-29,2014-01-13,16.43,14.2079,14.2778,115.6402,115.0735,12.14,16.83,-2.3767,35.3377,90025400
2014-01-14,180,2013-04-30,2014-01-14,16.77,14.2316,14.3022,117.8362,117.2545,12.14,16.83,-0.3565,38.1384,97786600
2014-01-15,180,2013-05-01,2014-01-15,17.15,14.2575,14.3291,120.2879,119.6864,12.14,17.15,0.0,41.2685,329333100
2014-01-16,180,2013-05-02,2014-01-16,17.08,14.2844,14.3566,119.5708,118.97,12.19,17.15,-0.4082,40.1148,163613100
2014-01-17,180,2013-05-03,2014-01-17,17.01,14.3108,14.3833,118.8611,118.2619,12.24,17.15,-0.8163,38.9706,96232200
2014-01-21,180,2013-05-06,2014-01-21,17.01,14.3369,14.4098,118.6446,118.0444,12.3,17.15,-0.8163,38.2927,118269200
2014-01-22,180,2013-05-07,2014-01-22,17.15,14.359,14.4336,119.4369,118.8203,12.3,17.15,0.0,39.4309,68114400
2014-01-23,180,2013-05-08,2014-01-23,16.86,14.3799,14.4556,117.2468,116.6334,12.3,17.15,-1.691,37.0732,123765900
2014-01-24,180,2013-05-09,2014-01-24,16.45,14.3983,14.4746,114.2492,113.6473,12.3,17.15,-4.0816,33.7398,112899300
2014-01-27,180,2013-05-10,2014-01-27,16.31,14.417,14.4935,113.1306,112.5332,12.3,17.15,-4.898,32.6016,134872600
2014-01-28,180,2013-05-13,2014-01-28,16.73,14.4367,14.5141,115.8855,115.2671,12.3,17.15,-2.449,36.0163,92891300
2014-01-29,180,2013-05-14,2014-01-29,16.68,14.4565,14.5347,115.3808,114.7601,12.3,17.15,-2.7405,35.6098,130026900
2014-01-30,180,2013-05-15,2014-01-30,16.93,14.475,14.5546,116.9606,116.3205,12.3,17.15,-1.2828,37.6423,91028200
2014-01-31,180,2013-05-16,2014-01-31,16.75,14.4921,14.573,115.5803,114.9386,12.3,17.15,-2.3324,36.1789,139432100
2014-02-03,180,2013-05-17,2014-02-03,16.35,14.5081,14.5896,112.6958,112.066,12.3,17.15,-4.6647,32.9268,159981200
2014-02-04,180,2013-05-20,2014-02-04,16.35,14.5237,14.6058,112.575,111.9416,12.3,17.15,-4.6647,32.9268,125337000
2014-02-05,180,2013-05-21,2014-02-05,16.4,14.539,14.6219,112.8004,112.1606,12.3,17.15,-4.3732,33.3333,110576200
2014-02-06,180,2013-05-22,2014-02-06,16.69,14.556,14.6399,114.6607,114.0032,12.3,17.15,-2.6822,35.6911,110029100
2014-02-07,180,2013-05-23,2014-02-07,16.82,14.5745,14.6594,115.4073,114.7383,12.3,17.15,-1.9242,36.748,122571100
2014-02-10,180,2013-05-24,2014-02-10,16.72,14.5932,14.6789,114.5736,113.9046,12.3,17.15,-2.5073,35.935,95792500
2014-02-11,180,2013-05-28,2014-02-11,16.88,14.6125,14.6992,115.5172,114.8364,12.3,17.15,-1.5743,37.2358,92617500
2014-02-12,180,2013-05-29,2014-02-12,16.75,14.6306,14.7181,114.4861,113.8058,12.3,17.15,-2.3324,36.1789,96948900
2014-02-13,180,2013-05-30,2014-02-13,16.75,14.6478,14.7362,114.3513,113.6655,12.3,17.15,-2.3324,36.1789,95756900
2014-02-14,180,2013-05-31,2014-02-14,16.7,14.6627,14.7522,113.8947,113.2037,12.3,17.15,-2.6239,35.7724,100684300
2014-02-18,180,2013-06-03,2014-02-18,16.47,14.6776,14.7678,112.2118,111.5266,12.3,17.15,-3.965,33.9024,121778600
2014-02-19,180,2013-06-04,2014-02-19,16.2,14.6921,14.7825,110.2636,109.589,12.3,17.15,-5.5394,31.7073,137734500
2014-02-20,180,2013-06-05,2014-02-20,16.3,14.7083,14.7988,110.822,110.1438,12.3,17.15,-4.9563,32.5203,107425900
2014-02-21,180,2013-06-06,2014-02-21,16.29,14.7263,14.8166,110.6182,109.9442,12.3,17.15,-5.0146,32.439,106236900
2014-02-24,180,2013-06-07,2014-02-24,16.53,14.7447,14.8351,112.1078,111.4249,12.3,17.15,-3.6152,34.3903,102909600
2014-02-25,180,2013-06-10,2014-02-25,16.34,14.7611,14.8516,110.6963,110.0221,12.3,17.15,-4.723,32.8455,81457000
2014-02-26,180,2013-06-11,2014-02-26,16.33,14.778,14.8684,110.502,109.8303,12.3,17.15,-4.7813,32.7642,89831600
2014-02-27,180,2013-06-12,2014-02-27,16.49,14.7969,14.8871,111.442,110.767,12.3,17.15,-3.8484,34.065,71314500
2014-02-28,180,2013-06-13,2014-02-28,16.53,14.8165,14.9064,111.5647,110.8921,12.3,17.15,-3.6152,34.3903,126252100
2014-03-03,180,2013-06-14,2014-03-03,16.3,14.834,14.9236,109.8824,109.2233,12.3,17.15,-4.9563,32.5203,87526800
2014-03-04,180,2013-06-17,2014-03-04,16.73,14.8545,14.9439,112.6256,111.9521,12.3,17.15,-2.449,36.0163,100849900
2014-03-05,180,2013-06-18,2014-03-05,17.25,14.8763,14.9663,115.9563,115.2587,12.3,17.25,0.0,40.2439,207180000
2014-03-06,180,2013-06-19,2014-03-06,17.35,14.8981,14.989,116.4577,115.7516,12.3,17.35,0.0,41.0569,138078900
2014-03-07,180,2013-06-20,2014-03-07,17.33,14.9205,15.012,116.1491,115.441,12.3,17.35,-0.1153,40.8943,109547100
2014-03-10,180,2013-06-21,2014-03-10,17.47,14.9457,15.0374,116.89,116.1766,12.3,17.47,0.0,42.0325,81732700
2014-03-11,180,2013-06-24,2014-03-11,17.27,14.9717,15.0629,115.3513,114.6526,12.3,17.47,-1.1448,40.4065,90183400
2014-03-12,180,2013-06-25,2014-03-12,17.28,15.0009,15.0906,115.1932,114.5087,12.67,17.47,-1.0876,36.3852,83309200
2014-03-13,180,2013-06-26,2014-03-13,17.16,15.0268,15.1155,114.1963,113.5259,12.76,17.47,-1.7745,34.4828,100875700
2014-03-14,180,2013-06-27,2014-03-14,16.8,15.0504,15.1379,111.6247,110.9794,12.83,17.47,-3.8351,30.9431,131297200
2014-03-17,180,2013-06-28,2014-03-17,17.11,15.0736,15.1607,113.5094,112.8574,12.83,17.47,-2.0607,33.3593,79942200
2014-03-18,180,2013-07-01,2014-03-18,17.19,15.0984,15.1848,113.853,113.2055,12.83,17.47,-1.6027,33.9829,67402400
2014-03-19,180,2013-07-02,2014-03-19,17.44,15.1238,15.2098,115.3151,114.6627,12.83,17.47,-0.1717,35.9314,105006500
2014-03-20,180,2013-07-03,2014-03-20,17.92,15.1514,15.2377,118.2727,117.6029,12.83,17.92,0.0,39.6726,167048700
2014-03-21,180,2013-07-05,2014-03-21,17.56,15.1783,15.264,115.6918,115.0419,13.06,17.92,-2.0089,34.4563,155721000
2014-03-24,180,2013-07-08,2014-03-24,17.37,15.2026,15.2879,114.2567,113.6189,13.28,17.92,-3.0692,30.7982,118500000
2014-03-25,180,2013-07-09,2014-03-25,17.21,15.2247,15.3098,113.0398,112.4118,13.37,17.92,-3.9621,28.721,98348600
2014-03-26,180,2013-07-10,2014-03-26,17.18,15.245,15.3301,112.6929,112.0674,13.37,17.92,-4.1295,28.4966,97573700
2014-03-27,180,2013-07-11,2014-03-27,17.01,15.2657,15.3503,111.4266,110.8123,13.51,17.92,-5.0781,25.9067,175139500
2014-03-28,180,2013-07-12,2014-03-28,16.98,15.2853,15.3696,111.0873,110.4781,13.69,17.92,-5.2455,24.0321,79909500
2014-03-31,180,2013-07-15,2014-03-31,17.2,15.304,15.3886,112.3888,111.7714,13.69,17.92,-4.0179,25.6392,62115800
2014-04-01,180,2013-07-16,2014-04-01,17.34,15.3228,15.4078,113.1651,112.5406,13.69,17.92,-3.2366,26.6618,57423800
2014-04-02,180,2013-07-17,2014-04-02,17.23,15.3408,15.4262,112.3151,111.6933,13.69,17.92,-3.8504,25.8583,65349000
2014-04-03,180,2013-07-18,2014-04-03,17.15,15.3559,15.4419,111.6833,111.0611,13.69,17.92,-4.2969,25.2739,56534500
2014-04-04,180,2013-07-19,2014-04-04,16.72,15.3663,15.4528,108.8093,108.2002,13.69,17.92,-6.6964,22.1329,110409600
2014-04-07,180,2013-07-22,2014-04-07,16.38,15.3752,15.4619,106.5353,105.9379,13.69,17.92,-8.5938,19.6494,129464900
2014-04-08,180,2013-07-23,2014-04-08,16.44,15.3833,15.4703,106.869,106.2679,13.69,17.92,-8.2589,20.0877,75769700
2014-04-09,180,2013-07-24,2014-04-09,16.62,15.3922,15.4797,107.9766,107.3667,13.69,17.92,-7.2545,21.4025,83096400
2014-04-10,180,2013-07-25,2014-04-10,16.12,15.4001,15.4875,104.6749,104.0839,13.69,17.92,-10.0446,17.7502,98390900
2014-04-11,180,2013-07-26,2014-04-11,15.77,15.4054,15.4927,102.367,101.7897,13.69,17.92,-11.9978,15.1936,133757100
2014-04-14,180,2013-07-29,2014-04-14,16.0,15.4125,15.4998,103.8121,103.2273,13.69,17.92,-10.7143,16.8736,99249400
2014-04-15,180,2013-07-30,2014-04-15,16.39,15.4228,15.5102,106.2709,105.6726,13.69,17.92,-8.538,19.7224,134956600
2014-04-16,180,2013-07-31,2014-04-16,16.13,15.4319,15.5191,104.5235,103.9364,13.69,17.92,-9.9888,17.8232,172948900
2014-04-17,180,2013-08-01,2014-04-17,16.15,15.4406,15.5277,104.5942,104.0075,13.69,17.92,-9.8772,17.9693,104765500
2014-04-21,180,2013-08-02,2014-04-21,16.09,15.4469,15.5341,104.1632,103.5789,13.69,17.92,-10.2121,17.531,51280500
2014-04-22,180,2013-08-05,2014-04-22,16.29,15.4549,15.5421,105.4037,104.812,13.69,17.92,-9.096,18.992,77888900
2014-04-23,180,2013-08-06,2014-04-23,16.37,15.4635,15.5508,105.8624,105.2677,13.69,17.92,-8.6495,19.5763,52425600
2014-04-24,180,2013-08-07,2014-04-24,16.34,15.4729,15.5603,105.6039,105.011,13.69,17.92,-8.817,19.3572,73910900
2014-04-25,180,2013-08-08,2014-04-25,15.95,15.4811,15.5682,103.029,102.4527,13.69,17.92,-10.9933,16.5084,84617700
2014-04-28,180,2013-08-09,2014-04-28,14.95,15.4831,15.5701,96.5566,96.0176,13.69,17.92,-16.5737,9.2038,344935200
2014-04-29,180,2013-08-12,2014-04-29,15.24,15.4879,15.5744,98.3992,97.8526,13.69,17.92,-14.9554,11.3221,155495000
2014-04-30,180,2013-08-13,2014-04-30,15.14,15.4924,15.5785,97.7254,97.1852,13.69,17.92,-15.5134,10.5917,82359700
2014-05-01,180,2013-08-14,2014-05-01,15.09,15.4959,15.5817,97.3805,96.8442,13.69,17.92,-15.7924,10.2264,68368300
2014-05-02,180,2013-08-15,2014-05-02,15.25,15.4998,15.5853,98.3883,97.8484,13.69,17.92,-14.8996,11.3952,73562900
2014-05-05,180,2013-08-16,2014-05-05,15.08,15.5045,15.5896,97.262,96.7314,13.69,17.92,-15.8482,10.1534,51669100
2014-05-06,180,2013-08-19,2014-05-06,14.73,15.5065,15.5913,94.9927,94.4759,13.69,17.92,-17.8013,7.5968,96268300
2014-05-07,180,2013-08-20,2014-05-07,14.8,15.5106,15.5949,95.4186,94.9029,13.69,17.92,-17.4107,8.1081,91733000
2014-05-08,180,2013-08-21,2014-05-08,14.93,15.5146,15.5984,96.2318,95.7147,13.69,17.92,-16.6853,9.0577,65232700
2014-05-09,180,2013-08-22,2014-05-09,14.74,15.5171,15.6007,94.9917,94.4831,13.69,17.92,-17.7455,7.6698,86751600
2014-05-12,180,2013-08-23,2014-05-12,15.07,15.5202,15.6034,97.0993,96.5812,13.69,17.92,-15.904,10.0804,70669900
2014-05-13,180,2013-08-26,2014-05-13,15.03,15.523,15.606,96.824,96.3091,13.69,17.92,-16.1272,9.7882,58469100
2014-05-14,180,2013-08-27,2014-05-14,14.84,15.5252,15.6079,95.5866,95.0798,13.69,17.92,-17.1875,8.4003,52431900
2014-05-15,180,2013-08-28,2014-05-15,14.55,15.5281,15.6104,93.7014,93.2072,13.69,17.92,-18.8058,6.282,104193000
2014-05-16,180,2013-08-29,2014-05-16,14.51,15.5306,15.6126,93.4284,92.938,13.69,17.92,-19.029,5.9898,80476100
2014-05-19,180,2013-08-30,2014-05-19,14.67,15.5338,15.6153,94.439,93.9461,13.69,17.92,-18.1362,7.1585,51034700
2014-05-20,180,2013-09-03,2014-05-20,14.53,15.5365,15.6176,93.5216,93.036,13.69,17.92,-18.9174,6.1359,60108200
2014-05-21,180,2013-09-04,2014-05-21,14.61,15.5388,15.6196,94.0225,93.5363,13.69,17.92,-18.471,6.7202,64808600
2014-05-22,180,2013-09-05,2014-05-22,14.71,15.5413,15.6218,94.6509,94.1634,13.69,17.92,-17.9129,7.4507,51929400
2014-05-23,180,2013-09-06,2014-05-23,14.72,15.5435,15.6237,94.7018,94.2157,13.69,17.92,-17.8571,7.5237,51648900
2014-05-27,180,2013-09-09,2014-05-27,15.22,15.5488,15.6285,97.8853,97.3862,13.69,17.92,-15.067,11.176,125398900
2014-05-28,180,2013-09-10,2014-05-28,15.14,15.5529,15.6322,97.3454,96.8516,13.69,17.92,-15.5134,10.5917,72481700
2014-05-29,180,2013-09-11,2014-05-29,15.15,15.5561,15.6352,97.3892,96.897,13.69,17.92,-15.4576,10.6647,39423000
2014-05-30,180,2013-09-12,2014-05-30,15.14,15.5591,15.6379,97.3063,96.8161,13.69,17.92,-15.5134,10.5917,45787100
2014-06-02,180,2013-09-13,2014-06-02,15.26,15.5639,15.6422,98.0477,97.5565,13.69,17.92,-14.8438,11.4682,46374000
2014-06-03,180,2013-09-16,2014-06-03,15.21,15.5683,15.6462,97.6988,97.212,13.69,17.92,-15.1228,11.103,49025400
2014-06-04,180,2013-09-17,2014-06-04,15.21,15.5724,15.65,97.6728,97.1885,13.69,17.92,-15.1228,11.103,39757300
2014-06-05,180,2013-09-18,2014-06-05,15.43,15.5777,15.6549,99.0519,98.5635,13.69,17.92,-13.8951,12.71,60300500
2014-06-06,180,2013-09-19,2014-06-06,15.59,15.5829,15.6598,100.0458,99.5544,13.69,17.92,-13.0022,13.8787,73930500
2014-06-09,180,2013-09-20,2014-06-09,15.84,15.59,15.6666,101.6034,101.1067,13.69,17.92,-11.6071,15.7049,78647900
2014-06-10,180,2013-09-23,2014-06-10,15.92,15.5987,15.6748,102.0596,101.5641,13.69,17.92,-11.1607,16.2893,49852900
2014-06-11,180,2013-09-24,2014-06-11,15.59,15.6076,15.6829,99.8871,99.4077,13.69,17.92,-13.0022,13.8787,73729300
2014-06-12,180,2013-09-25,2014-06-12,15.42,15.6159,15.6903,98.7454,98.2774,13.69,17.92,-13.9509,12.637,66173200
2014-06-13,180,2013-09-26,2014-06-13,15.44,15.624,15.6975,98.8224,98.3596,13.69,17.92,-13.8393,12.7831,61588100
2014-06-16,180,2013-09-27,2014-06-16,15.28,15.6316,15.7042,97.751,97.299,13.69,17.92,-14.7321,11.6143,55425400
2014-06-17,180,2013-09-30,2014-06-17,15.59,15.6421,15.7136,99.6666,99.2137,13.69,17.92,-13.0022,13.8787,58011600
2014-06-18,180,2013-10-01,2014-06-18,15.65,15.6538,15.7238,99.9757,99.5304,13.69,17.92,-12.6674,14.317,70220300
2014-06-19,180,2013-10-02,2014-06-19,15.55,15.6642,15.733,99.2709,98.8368,13.69,17.92,-13.2254,13.5866,40953900
2014-06-20,180,2013-10-03,2014-06-20,15.45,15.6729,15.7407,98.5776,98.1531,13.69,17.92,-13.7835,12.8561,54765300
2014-06-23,180,2013-10-04,2014-06-23,15.64,15.6832,15.7498,99.7248,99.3026,13.69,17.92,-12.7232,14.244,58492200
2014-06-24,180,2013-10-07,2014-06-24,15.49,15.6922,15.7578,98.7114,98.3003,13.69,17.92,-13.5603,13.1483,73262500
2014-06-25,180,2013-10-08,2014-06-25,15.47,15.7028,15.7671,98.5172,98.116,13.69,17.92,-13.6719,13.0022,71766400
2014-06-26,180,2013-10-09,2014-06-26,15.41,15.714,15.7766,98.0653,97.6762,13.8,17.92,-14.0067,11.6667,68519600
2014-06-27,180,2013-10-10,2014-06-27,15.33,15.7237,15.7849,97.4964,97.1182,13.8,17.92,-14.4531,11.087,58149200
2014-06-30,180,2013-10-11,2014-06-30,15.37,15.7308,15.7912,97.7063,97.3326,13.8,17.92,-14.2299,11.3768,47274500
2014-07-01,180,2013-10-14,2014-07-01,15.6,15.7396,15.7991,99.1132,98.7401,13.8,17.92,-12.9464,13.0435,74193500
2014-07-02,180,2013-10-15,2014-07-02,15.85,15.7487,15.8074,100.6435,100.2696,13.8,17.92,-11.5513,14.8551,87685800
2014-07-03,180,2013-10-16,2014-07-03,16.03,15.7595,15.8173,101.7166,101.3445,13.8,17.92,-10.5469,16.1594,70582300
2014-07-07,180,2013-10-17,2014-07-07,15.94,15.7677,15.825,101.0928,100.7267,13.8,17.92,-11.0491,15.5072,62437100
2014-07-08,180,2013-10-18,2014-07-08,15.58,15.7732,15.8301,98.7748,98.42,13.8,17.92,-13.058,12.8986,73343400
2014-07-09,180,2013-10-21,2014-07-09,15.6,15.7791,15.8355,98.8648,98.5128,13.8,17.92,-12.9464,13.0435,46415800
2014-07-10,180,2013-10-22,2014-07-10,15.44,15.7848,15.8406,97.8156,97.471,13.8,17.92,-13.8393,11.8841,61458500
2014-07-11,180,2013-10-23,2014-07-11,15.38,15.7901,15.8454,97.4026,97.0629,13.8,17.92,-14.1741,11.4493,56849400
2014-07-14,180,2013-10-24,2014-07-14,15.57,15.7987,15.8529,98.5527,98.2152,13.8,17.92,-13.1138,12.8261,59181700
2014-07-15,180,2013-10-25,2014-07-15,15.81,15.8088,15.8621,100.0075,99.6718,13.8,17.92,-11.7746,14.5652,99946700
2014-07-16,180,2013-10-28,2014-07-16,15.51,15.8167,15.869,98.0611,97.7377,13.8,17.92,-13.4487,12.3913,123711700
2014-07-17,180,2013-10-29,2014-07-17,15.2,15.8229,15.8744,96.0633,95.7517,13.8,17.92,-15.1786,10.1449,114839900
2014-07-18,180,2013-10-30,2014-07-18,15.49,15.8314,15.8818,97.8435,97.5328,13.8,17.92,-13.5603,12.2464,74859200
2014-07-21,180,2013-10-31,2014-07-21,15.52,15.84,15.8893,97.98,97.6756,13.8,17.92,-13.3929,12.4638,61802200
2014-07-22,180,2013-11-01,2014-07-22,15.52,15.8499,15.8979,97.9184,97.6227,13.8,17.92,-13.3929,12.4638,58331100
2014-07-23,180,2013-11-04,2014-07-23,15.52,15.8596,15.9063,97.859,97.5715,13.8,17.92,-13.3929,12.4638,47253300
2014-07-24,180,2013-11-05,2014-07-24,15.62,15.8696,15.9151,98.427,98.1461,13.8,17.92,-12.8348,13.1884,46549800
2014-07-25,180,2013-11-06,2014-07-25,15.59,15.8803,15.9243,98.1717,97.9008,13.8,17.92,-13.0022,12.971,35627200
2014-07-28,180,2013-11-07,2014-07-28,15.5,15.8903,15.9328,97.5437,97.2834,13.8,17.92,-13.5045,12.3188,39313000
2014-07-29,180,2013-11-08,2014-07-29,15.34,15.9005,15.9414,96.4748,96.2275,14.32,17.92,-14.3973,7.1229,51480500
2014-07-30,180,2013-11-11,2014-07-30,15.58,15.9085,15.9484,97.9353,97.6901,14.32,17.92,-13.058,8.7989,83243100
2014-07-31,180,2013-11-12,2014-07-31,15.25,15.9139,15.9531,95.8282,95.5926,14.32,17.92,-14.8996,6.4944,70677300
2014-08-01,180,2013-11-13,2014-08-01,14.98,15.9182,15.9568,94.1059,93.8786,14.51,17.92,-16.4063,3.2391,115978900
2014-08-04,180,2013-11-14,2014-08-04,15.05,15.9209,15.9591,94.5301,94.3038,14.51,17.92,-16.0156,3.7216,51954700
2014-08-05,180,2013-11-15,2014-08-05,15.0,15.9221,15.9602,94.2085,93.984,14.51,17.92,-16.2946,3.377,65071500
2014-08-06,180,2013-11-18,2014-08-06,15.2,15.9239,15.9617,95.4542,95.2278,14.51,17.92,-15.1786,4.7553,95977900
2014-08-07,180,2013-11-19,2014-08-07,15.12,15.9251,15.9628,94.9444,94.72,14.51,17.92,-15.625,4.204,80058300
2014-08-08,180,2013-11-20,2014-08-08,15.2,15.9251,15.9628,95.4467,95.2212,14.51,17.92,-15.1786,4.7553,54495000
2014-08-11,180,2013-11-21,2014-08-11,15.22,15.9256,15.9633,95.5694,95.3438,14.51,17.92,-15.067,4.8932,41545100
2014-08-12,180,2013-11-22,2014-08-12,15.21,15.9233,15.9612,95.5202,95.2938,14.51,17.92,-15.1228,4.8243,33674400
2014-08-13,180,2013-11-25,2014-08-13,15.25,15.921,15.959,95.7852,95.5574,14.51,17.92,-14.8996,5.0999,34394600
2014-08-14,180,2013-11-26,2014-08-14,15.32,15.9182,15.9563,96.2421,96.0124,14.51,17.92,-14.5089,5.5824,29934600
2014-08-15,180,2013-11-27,2014-08-15,15.22,15.9143,15.9526,95.637,95.4076,14.51,17.92,-15.067,4.8932,61535500
2014-08-18,180,2013-11-29,2014-08-18,15.45,15.9122,15.9505,97.0955,96.8622,14.51,17.92,-13.7835,6.4783,54968600
2014-08-19,180,2013-12-02,2014-08-19,15.45,15.91,15.9484,97.1085,96.8747,14.51,17.92,-13.7835,6.4783,44825500
2014-08-20,180,2013-12-03,2014-08-20,15.52,15.9088,15.9473,97.5559,97.3207,14.51,17.92,-13.3929,6.9607,57825000
2014-08-21,180,2013-12-04,2014-08-21,16.16,15.9123,15.9507,101.5567,101.312,14.51,17.92,-9.8214,11.3715,177294400
2014-08-22,180,2013-12-05,2014-08-22,16.13,15.9151,15.9535,101.3504,101.1063,14.51,17.92,-9.9888,11.1647,107641800
2014-08-25,180,2013-12-06,2014-08-25,16.29,15.9199,15.9583,102.3248,102.0787,14.51,17.92,-9.096,12.2674,89396500
2014-08-26,180,2013-12-09,2014-08-26,16.33,15.9242,15.9626,102.5485,102.3019,14.51,17.92,-8.8728,12.5431,73323400
2014-08-27,180,2013-12-10,2014-08-27,16.2,15.9276,15.966,101.7101,101.4656,14.51,17.92,-9.5982,11.6471,63061800
2014-08-28,180,2013-12-11,2014-08-28,16.01,15.9302,15.9685,100.5011,100.2599,14.51,17.92,-10.6585,10.3377,62170400
2014-08-29,180,2013-12-12,2014-08-29,16.09,15.935,15.9732,100.9727,100.7314,14.51,17.92,-10.2121,10.889,50106600
2014-09-02,180,2013-12-13,2014-09-02,16.27,15.9408,15.9788,102.0651,101.8222,14.51,17.92,-9.2076,12.1296,59400400
2014-09-03,180,2013-12-16,2014-09-03,16.1,15.9461,15.9839,100.965,100.7261,14.51,17.92,-10.1562,10.958,67418900
2014-09-04,180,2013-12-17,2014-09-04,16.11,15.9511,15.9888,100.996,100.7582,14.51,17.92,-10.1004,11.0269,56378600
2014-09-05,180,2013-12-18,2014-09-05,16.02,15.956,15.9934,100.401,100.166,14.51,17.92,-10.6027,10.4066,80974900
2014-09-08,180,2013-12-19,2014-09-08,16.35,15.9597,15.9971,102.4458,102.206,14.51,17.92,-8.7612,12.6809,99411200
2014-09-09,180,2013-12-20,2014-09-09,16.14,15.9618,15.9993,101.1163,100.8795,14.51,17.92,-9.933,11.2336,82428900
2014-09-10,180,2013-12-23,2014-09-10,16.36,15.966,16.0035,102.4675,102.2276,14.51,17.92,-8.7054,12.7498,75656100
2014-09-11,180,2013-12-24,2014-09-11,16.57,15.9708,16.0084,103.7516,103.5082,14.51,17.92,-7.5335,14.1971,106598100
2014-09-12,180,2013-12-26,2014-09-12,16.79,15.9767,16.0144,105.0906,104.8429,14.51,17.92,-6.3058,15.7133,116306800
2014-09-15,180,2013-12-27,2014-09-15,16.74,15.9826,16.0205,104.7389,104.4911,14.51,17.92,-6.5848,15.3687,87306900
2014-09-16,180,2013-12-30,2014-09-16,16.71,15.9882,16.0263,104.5143,104.2663,14.51,17.92,-6.7522,15.162,65017200
2014-09-17,180,2013-12-31,2014-09-17,16.77,15.9949,16.0331,104.8456,104.596,14.51,17.92,-6.4174,15.5755,82902700
2014-09-18,180,2014-01-02,2014-09-18,17.04,16.0028,16.0413,106.4812,106.226,14.51,17.92,-4.9107,17.4363,111923200
2014-09-19,180,2014-01-03,2014-09-19,16.95,16.0073,16.046,105.8895,105.6338,14.51,17.92,-5.4129,16.816,88455000
2014-09-22,180,2014-01-06,2014-09-22,17.03,16.0104,16.0494,106.3683,106.1096,14.51,17.92,-4.9665,17.3673,109276700
2014-09-23,180,2014-01-07,2014-09-23,17.05,16.0124,16.0516,106.4802,106.2199,14.51,17.92,-4.8549,17.5052,91921900
2014-09-24,180,2014-01-08,2014-09-24,17.18,16.0158,16.0554,107.2692,107.0046,14.51,17.92,-4.1295,18.4011,86396100
2014-09-25,180,2014-01-09,2014-09-25,16.85,16.0172,16.0569,105.1996,104.9394,14.51,17.92,-5.971,16.1268,104522500
2014-09-26,180,2014-01-10,2014-09-26,17.03,16.0182,16.058,106.3168,106.0531,14.51,17.92,-4.9665,17.3673,66785900
2014-09-29,180,2014-01-13,2014-09-29,17.01,16.0194,16.0593,106.184,105.9197,14.51,17.92,-5.0781,17.2295,68038300
2014-09-30,180,2014-01-14,2014-09-30,17.05,16.0225,16.0628,106.4128,106.146,14.51,17.92,-4.8549,17.5052,82217400
2014-10-01,180,2014-01-15,2014-10-01,16.82,16.0228,16.0631,104.9756,104.7123,14.51,17.92,-6.1384,15.9201,91235900
2014-10-02,180,2014-01-16,2014-10-02,16.88,16.0214,16.0616,105.3588,105.0957,14.51,17.92,-5.8036,16.3336,118018800
2014-10-03,180,2014-01-17,2014-10-03,17.29,16.0225,16.0627,107.9111,107.6405,14.51,17.92,-3.5156,19.1592,110840600
2014-10-06,180,2014-01-21,2014-10-06,17.29,16.0238,16.0643,107.9019,107.6301,14.51,17.92,-3.5156,19.1592,66212100
2014-10-07,180,2014-01-22,2014-10-07,16.88,16.0232,16.0636,105.3475,105.0826,14.51,17.92,-5.8036,16.3336,91396300
2014-10-08,180,2014-01-23,2014-10-08,17.12,16.023,16.0634,106.8463,106.5778,14.51,17.92,-4.4643,17.9876,101266800
2014-10-09,180,2014-01-24,2014-10-09,16.59,16.0216,16.0619,103.5474,103.288,14.51,17.92,-7.4219,14.3349,121363100
2014-10-10,180,2014-01-27,2014-10-10,16.48,16.0218,16.0621,102.8599,102.6021,14.51,17.92,-8.0357,13.5768,129552700
2014-10-13,180,2014-01-28,2014-10-13,16.4,16.0223,16.0626,102.3575,102.1008,14.51,17.92,-8.4821,13.0255,92674100
2014-10-14,180,2014-01-29,2014-10-14,16.52,16.0212,16.0614,103.1134,102.8554,14.51,17.92,-7.8125,13.8525,97451900
2014-10-15,180,2014-01-30,2014-10-15,15.76,16.0162,16.0563,98.4003,98.1548,14.51,17.92,-12.0536,8.6147,216591800
2014-10-16,180,2014-01-31,2014-10-16,16.08,16.0118,16.0516,100.4262,100.1772,14.51,17.92,-10.2679,10.8201,148199400
2014-10-17,180,2014-02-03,2014-10-17,16.21,16.0089,16.0486,101.256,101.006,14.51,17.92,-9.5424,11.7161,94339200
2014-10-20,180,2014-02-04,2014-10-20,16.26,16.0084,16.0481,101.5714,101.3207,14.51,17.92,-9.2634,12.0606,76510700
2014-10-21,180,2014-02-05,2014-10-21,16.6,16.0098,16.0494,103.6868,103.4304,14.51,17.92,-7.3661,14.4039,78287300
2014-10-22,180,2014-02-06,2014-10-22,16.4,16.0098,16.0494,102.4375,102.1842,14.51,17.92,-8.4821,13.0255,85199800
2014-10-23,180,2014-02-07,2014-10-23,16.6,16.0093,16.0489,103.6898,103.4336,14.51,17.92,-7.3661,14.4039,68436600
2014-10-24,180,2014-02-10,2014-10-24,16.72,16.0088,16.0484,104.4426,104.1849,14.51,17.92,-6.6964,15.2309,41951400
2014-10-27,180,2014-02-11,2014-10-27,16.59,16.0081,16.0477,103.6349,103.3795,14.51,17.92,-7.4219,14.3349,51500000
2014-10-28,180,2014-02-12,2014-10-28,16.8,16.0077,16.0472,104.9494,104.691,14.51,17.92,-6.25,15.7822,71850800
2014-10-29,180,2014-02-13,2014-10-29,16.99,16.0089,16.0486,106.1283,105.8662,14.51,17.92,-5.1897,17.0917,99875700
2014-10-30,180,2014-02-14,2014-10-30,17.03,16.0103,16.0501,106.3689,106.1052,14.51,17.92,-4.9665,17.3673,72579100
2014-10-31,180,2014-02-18,2014-10-31,17.16,16.0126,16.0527,107.1656,106.8981,14.51,17.92,-4.2411,18.2633,82788900
2014-11-03,180,2014-02-19,2014-11-03,17.27,16.0166,16.0571,107.8256,107.5536,14.51,17.92,-3.6272,19.0214,64050700
2014-11-04,180,2014-02-20,2014-11-04,17.21,16.0218,16.0627,107.4163,107.1425,14.51,17.92,-3.9621,18.6078,53515400
2014-11-05,180,2014-02-21,2014-11-05,17.34,16.027,16.0685,108.1923,107.913,14.51,17.92,-3.2366,19.5038,58608200
2014-11-06,180,2014-02-24,2014-11-06,17.36,16.0324,16.0744,108.2806,107.9975,14.51,17.92,-3.125,19.6416,57339200
2014-11-07,180,2014-02-25,2014-11-07,17.36,16.0366,16.0791,108.2527,107.9665,14.51,17.92,-3.125,19.6416,53907800
2014-11-10,180,2014-02-26,2014-11-10,17.37,16.0417,16.0848,108.28,107.9903,14.51,17.92,-3.0692,19.7106,54261100
2014-11-11,180,2014-02-27,2014-11-11,17.32,16.0467,16.0903,107.9346,107.6426,14.51,17.92,-3.3482,19.366,62236000
2014-11-12,180,2014-02-28,2014-11-12,17.29,16.0508,16.0947,107.7207,107.4265,14.51,17.92,-3.5156,19.1592,48669100
2014-11-13,180,2014-03-03,2014-11-13,17.22,16.0542,16.0986,107.2614,106.9661,14.51,17.92,-3.9063,18.6768,50586300
2014-11-14,180,2014-03-04,2014-11-14,17.14,16.0585,16.1032,106.7345,106.4383,14.51,17.92,-4.3527,18.1254,41144600
2014-11-17,180,2014-03-05,2014-11-17,17.09,16.0603,16.1052,106.4112,106.1146,14.51,17.92,-4.6317,17.7808,43393300
2014-11-18,180,2014-03-06,2014-11-18,17.14,16.0598,16.1046,106.726,106.4291,14.51,17.92,-4.3527,18.1254,39490700
2014-11-19,180,2014-03-07,2014-11-19,17.06,16.0584,16.103,106.2372,105.943,14.51,17.92,-4.7991,17.5741,49441600
2014-11-20,180,2014-03-10,2014-11-20,17.0,16.0568,16.1012,105.8741,105.5824,14.51,17.92,-5.1339,17.1606,49652100
2014-11-21,180,2014-03-11,2014-11-21,17.12,16.0551,16.0992,106.6326,106.3405,14.51,17.92,-4.4643,17.9876,63000000
2014-11-24,180,2014-03-12,2014-11-24,17.18,16.0547,16.0987,107.0092,106.7165,14.51,17.92,-4.1295,18.4011,52785700
2014-11-25,180,2014-03-13,2014-11-25,17.1,16.0538,16.0977,106.5167,106.2262,14.51,17.92,-4.5759,17.8498,44786300
2014-11-26,180,2014-03-14,2014-11-26,17.11,16.0536,16.0974,106.5806,106.2902,14.51,17.92,-4.5201,17.9187,27310300
2014-11-28,180,2014-03-17,2014-11-28,17.04,16.0548,16.0988,106.1366,105.8466,14.51,17.92,-4.9107,17.4363,27834900
2014-12-01,180,2014-03-18,2014-12-01,16.79,16.0532,16.097,104.5899,104.3052,14.51,17.92,-6.3058,15.7133,61173100
2014-12-02,180,2014-03-19,2014-12-02,17.15,16.053,16.0968,106.8337,106.5431,14.51,17.92,-4.2969,18.1943,62945200
2014-12-03,180,2014-03-20,2014-12-03,17.29,16.0523,16.0959,107.7106,107.4184,14.51,17.92,-3.5156,19.1592,70104200
2014-12-04,180,2014-03-21,2014-12-04,17.21,16.049,16.092,107.2342,106.9475,14.51,17.56,-1.9932,18.6078,49412800
2014-12-05,180,2014-03-24,2014-12-05,17.68,16.0495,16.0927,110.159,109.8637,14.51,17.68,0.0,21.847,131824000
2014-12-08,180,2014-03-25,2014-12-08,17.66,16.0509,16.0943,110.0251,109.7284,14.51,17.68,-0.1131,21.7092,101035100
2014-12-09,180,2014-03-26,2014-12-09,17.56,16.0525,16.0962,109.3908,109.0939,14.51,17.68,-0.6787,21.02,95939400
2014-12-10,180,2014-03-27,2014-12-10,17.38,16.0535,16.0973,108.263,107.9682,14.51,17.68,-1.6968,19.7795,103611100
2014-12-11,180,2014-03-28,2014-12-11,17.47,16.0557,16.0999,108.8086,108.5101,14.51,17.68,-1.1878,20.3997,80173200
2014-12-12,180,2014-03-31,2014-12-12,17.13,16.0565,16.1007,106.686,106.3927,14.51,17.68,-3.1109,18.0565,88886700
2014-12-15,180,2014-04-01,2014-12-15,16.85,16.0547,16.0988,104.9535,104.6663,14.51,17.68,-4.6946,16.1268,101305300
2014-12-16,180,2014-04-02,2014-12-16,16.72,16.0517,16.0953,104.1636,103.881,14.51,17.68,-5.4299,15.2309,96112000
2014-12-17,180,2014-04-03,2014-12-17,17.26,16.0518,16.0955,107.5268,107.2349,14.51,17.68,-2.3756,18.9524,92164100
2014-12-18,180,2014-04-04,2014-12-18,17.53,16.0536,16.0976,109.1966,108.8982,14.51,17.68,-0.8484,20.8132,79334000
2014-12-19,180,2014-04-07,2014-12-19,17.62,16.058,16.1026,109.7273,109.4233,14.51,17.68,-0.3394,21.4335,105588200
2014-12-22,180,2014-04-08,2014-12-22,17.71,16.0646,16.11,110.2426,109.9317,14.51,17.71,0.0,22.0537,70969300
2014-12-23,180,2014-04-09,2014-12-23,17.93,16.0718,16.1183,111.5618,111.2402,14.51,17.93,0.0,23.57,94405200
2014-12-24,180,2014-04-10,2014-12-24,17.98,16.0783,16.1258,111.8274,111.4981,14.51,17.98,0.0,23.9145,35091300
2014-12-26,180,2014-04-11,2014-12-26,17.98,16.0876,16.1362,111.7633,111.4267,14.51,17.98,0.0,23.9145,34362500
2014-12-29,180,2014-04-14,2014-12-29,18.11,16.0994,16.1492,112.4889,112.142,14.51,18.11,0.0,24.8105,58370900
2014-12-30,180,2014-04-15,2014-12-30,18.13,16.1099,16.161,112.5392,112.1836,14.51,18.13,0.0,24.9483,41433500
2014-12-31,180,2014-04-16,2014-12-31,17.89,16.1173,16.1693,110.9986,110.6415,14.51,18.13,-1.3238,23.2943,57819600
2015-01-02,180,2014-04-17,2015-01-02,17.9,16.1262,16.1792,110.9997,110.6361,14.51,18.13,-1.2686,23.3632,48951100
2015-01-05,180,2014-04-21,2015-01-05,17.38,16.1325,16.186,107.7328,107.3767,14.51,18.13,-4.1368,19.7795,105605500
2015-01-06,180,2014-04-22,2015-01-06,16.86,16.1366,16.1903,104.4829,104.1366,14.51,18.13,-7.005,16.1957,144912400
2015-01-07,180,2014-04-23,2015-01-07,16.94,16.14,16.1939,104.9565,104.6074,14.51,18.13,-6.5637,16.7471,104603800
2015-01-08,180,2014-04-24,2015-01-08,17.29,16.1447,16.199,107.0938,106.735,14.51,18.13,-4.6332,19.1592,73388500
2015-01-09,180,2014-04-25,2015-01-09,16.98,16.1481,16.2026,105.1519,104.7983,14.51,18.13,-6.3431,17.0227,84144600
2015-01-12,180,2014-04-28,2015-01-12,16.68,16.152,16.2066,103.2687,102.921,14.51,18.13,-7.9978,14.9552,92762500
2015-01-13,180,2014-04-29,2015-01-13,16.45,16.1609,16.2149,101.789,101.4496,14.51,18.13,-9.2664,13.3701,100845400
2015-01-14,180,2014-04-30,2015-01-14,16.04,16.1656,16.2194,99.2228,98.894,14.51,18.13,-11.5278,10.5445,164779800
2015-01-15,180,2014-05-01,2015-01-15,15.2,16.166,16.2197,94.0244,93.7131,14.51,18.13,-16.1611,4.7553,193241300
2015-01-16,180,2014-05-02,2015-01-16,15.38,16.1678,16.2213,95.1272,94.8134,14.51,18.13,-15.1682,5.9959,149802000
2015-01-20,180,2014-05-05,2015-01-20,15.26,16.1679,16.2214,94.3846,94.0733,14.51,18.13,-15.8301,5.1688,123402800
2015-01-21,180,2014-05-06,2015-01-21,15.41,16.17,16.2232,95.3002,94.9873,14.51,18.13,-15.0028,6.2026,101054200
2015-01-22,180,2014-05-07,2015-01-22,16.09,16.1783,16.2308,99.4542,99.1326,14.51,18.13,-11.2521,10.889,183042100
2015-01-23,180,2014-05-08,2015-01-23,15.73,16.1841,16.2359,97.1941,96.8838,14.51,18.13,-13.2377,8.408,103376900
2015-01-26,180,2014-05-09,2015-01-26,15.85,16.1898,16.2411,97.9014,97.5922,14.51,18.13,-12.5758,9.235,69969300
2015-01-27,180,2014-05-12,2015-01-27,15.63,16.1954,16.246,96.5089,96.2083,14.51,18.13,-13.7893,7.7188,86184200
2015-01-28,180,2014-05-13,2015-01-28,15.2,16.1962,16.2467,93.8491,93.5573,14.51,18.13,-16.1611,4.7553,105359800
2015-01-29,180,2014-05-14,2015-01-29,15.43,16.1987,16.2489,95.2544,94.96,14.51,18.13,-14.8924,6.3405,76095800
2015-01-30,180,2014-05-15,2015-01-30,15.15,16.2007,16.2507,93.5142,93.2269,14.51,18.13,-16.4368,4.4108,99844600
2015-02-02,180,2014-05-16,2015-02-02,15.46,16.2066,16.2557,95.393,95.105,14.51,18.13,-14.727,6.5472,101586700
2015-02-03,180,2014-05-19,2015-02-03,15.89,16.2154,16.2634,97.9934,97.7041,14.53,18.13,-12.3552,9.3599,105159400
2015-02-04,180,2014-05-20,2015-02-04,15.79,16.2224,16.2696,97.3343,97.0521,14.53,18.13,-12.9068,8.6717,83848100
2015-02-05,180,2014-05-21,2015-02-05,15.97,16.2315,16.2776,98.3888,98.1102,14.61,18.13,-11.9139,9.3087,92264700
2015-02-06,180,2014-05-22,2015-02-06,16.49,16.243,16.2881,101.5209,101.2398,14.71,18.13,-9.0458,12.1006,160832300
2015-02-09,180,2014-05-23,2015-02-09,16.35,16.253,16.2972,100.5971,100.3242,14.72,18.13,-9.818,11.0734,95532900
2015-02-10,180,2014-05-27,2015-02-10,16.42,16.2633,16.3066,100.9636,100.6954,14.98,18.13,-9.4319,9.6128,100322800
2015-02-11,180,2014-05-28,2015-02-11,16.36,16.27,16.3129,100.5531,100.2885,14.98,18.13,-9.7628,9.2123,99924400
2015-02-12,180,2014-05-29,2015-02-12,16.67,16.2789,16.3214,102.4023,102.1356,14.98,18.13,-8.0529,11.2817,116394100
2015-02-13,180,2014-05-30,2015-02-13,16.61,16.2875,16.3296,101.9802,101.7174,14.98,18.13,-8.3839,10.8812,93632700
2015-02-17,180,2014-06-02,2015-02-17,16.63,16.2962,16.3378,102.0483,101.7883,14.98,18.13,-8.2736,11.0147,93350600
2015-02-18,180,2014-06-03,2015-02-18,16.3,16.3024,16.3436,99.9854,99.7332,14.98,18.13,-10.0938,8.8117,84057400
2015-02-19,180,2014-06-04,2015-02-19,16.21,16.3084,16.3492,99.3968,99.1488,14.98,18.13,-10.5902,8.2109,83604300
2015-02-20,180,2014-06-05,2015-02-20,16.38,16.3153,16.3557,100.3965,100.1488,14.98,18.13,-9.6525,9.3458,89763600
2015-02-23,180,2014-06-06,2015-02-23,16.2,16.3199,16.3599,99.2655,99.0223,14.98,18.13,-10.6453,8.1442,87623700
2015-02-24,180,2014-06-09,2015-02-24,16.38,16.3244,16.3643,100.3403,100.0957,14.98,18.13,-9.6525,9.3458,74109600
2015-02-25,180,2014-06-10,2015-02-25,16.49,16.3281,16.3679,100.9913,100.7457,14.98,18.13,-9.0458,10.0801,57201000
2015-02-26,180,2014-06-11,2015-02-26,16.04,16.3288,16.3686,98.2312,97.9924,14.98,18.13,-11.5278,7.0761,161100700
2015-02-27,180,2014-06-12,2015-02-27,15.81,16.3302,16.3698,96.8148,96.5801,14.98,18.13,-12.7965,5.5407,130448200
2015-03-02,180,2014-06-13,2015-03-02,16.01,16.3337,16.3731,98.0183,97.7823,14.98,18.13,-11.6933,6.8758,71402400
2015-03-03,180,2014-06-16,2015-03-03,16.04,16.3373,16.3764,98.1803,97.9456,14.98,18.13,-11.5278,7.0761,65689800
2015-03-04,180,2014-06-17,2015-03-04,15.84,16.3407,16.3796,96.9358,96.7059,14.98,18.13,-12.631,5.741,78441600
2015-03-05,180,2014-06-18,2015-03-05,16.0,16.3432,16.3818,97.9003,97.6692,14.98,18.13,-11.7485,6.8091,69510000
2015-03-06,180,2014-06-19,2015-03-06,16.22,16.3465,16.385,99.2262,98.993,14.98,18.13,-10.535,8.2777,163207200
2015-03-09,180,2014-06-20,2015-03-09,16.17,16.3501,16.3884,98.8982,98.6671,14.98,18.13,-10.8108,7.9439,72912700
2015-03-10,180,2014-06-23,2015-03-10,15.79,16.3522,16.3903,96.5618,96.3373,14.98,18.13,-12.9068,5.4072,85633600
2015-03-11,180,2014-06-24,2015-03-11,16.11,16.355,16.3929,98.5021,98.274,14.98,18.13,-11.1417,7.5434,85910100
2015-03-12,180,2014-06-25,2015-03-12,16.09,16.3586,16.3963,98.3582,98.132,14.98,18.13,-11.2521,7.4099,126376300
2015-03-13,180,2014-06-26,2015-03-13,16.09,16.3623,16.3997,98.336,98.1114,14.98,18.13,-11.2521,7.4099,88581900
2015-03-16,180,2014-06-27,2015-03-16,16.13,16.3666,16.4037,98.5545,98.3313,14.98,18.13,-11.0314,7.6769,63406500
2015-03-17,180,2014-06-30,2015-03-17,16.09,16.3712,16.4079,98.2825,98.0623,14.98,18.13,-11.2521,7.4099,67315000
2015-03-18,180,2014-07-01,2015-03-18,15.98,16.3749,16.4113,97.5886,97.3717,14.98,18.13,-11.8588,6.6756,86387600
2015-03-19,180,2014-07-02,2015-03-19,15.61,16.3749,16.4114,95.3287,95.1169,14.98,18.13,-13.8996,4.2056,109169200
2015-03-20,180,2014-07-03,2015-03-20,15.84,16.3749,16.4113,96.7336,96.5187,14.98,18.13,-12.631,5.741,99867700
2015-03-23,180,2014-07-07,2015-03-23,15.72,16.373,16.4096,96.0115,95.7975,14.98,18.13,-13.2929,4.9399,73773500
2015-03-24,180,2014-07-08,2015-03-24,15.61,16.3711,16.4078,95.3512,95.1378,14.98,18.13,-13.8996,4.2056,77011000
2015-03-25,180,2014-07-09,2015-03-25,15.41,16.37,16.4068,94.1356,93.9243,14.98,18.13,-15.0028,2.8705,88541500
2015-03-26,180,2014-07-10,2015-03-26,15.42,16.3689,16.4058,94.2031,93.991,14.98,18.13,-14.9476,2.9372,76741500
2015-03-27,180,2014-07-11,2015-03-27,15.31,16.3681,16.4051,93.5357,93.3246,14.98,18.13,-15.5543,2.2029,73140800
2015-03-30,180,2014-07-14,2015-03-30,15.52,16.3689,16.4059,94.8137,94.6002,14.98,18.13,-14.396,3.6048,70835300
2015-03-31,180,2014-07-15,2015-03-31,15.39,16.3678,16.4049,94.0259,93.8135,14.98,18.13,-15.1131,2.737,61381700
2015-04-01,180,2014-07-16,2015-04-01,15.41,16.3654,16.4027,94.1622,93.9481,14.98,18.13,-15.0028,2.8705,73153900
2015-04-02,180,2014-07-17,2015-04-02,15.54,16.3656,16.4028,94.9554,94.7397,14.98,18.13,-14.2857,3.7383,50443500
2015-04-06,180,2014-07-18,2015-04-06,15.51,16.3675,16.4046,94.7608,94.5469,14.98,18.13,-14.4512,3.5381,51189500
2015-04-07,180,2014-07-21,2015-04-07,15.46,16.3673,16.4044,94.4564,94.2431,14.98,18.13,-14.727,3.2043,50057800
2015-04-08,180,2014-07-22,2015-04-08,15.61,16.3679,16.4049,95.3696,95.1546,14.98,18.13,-13.8996,4.2056,71732500
2015-04-09,180,2014-07-23,2015-04-09,15.71,16.3691,16.4059,95.9738,95.758,14.98,18.13,-13.348,4.8732,44935600
2015-04-10,180,2014-07-24,2015-04-10,15.72,16.3703,16.4071,96.0277,95.8124,14.98,18.13,-13.2929,4.9399,43817700
2015-04-13,180,2014-07-25,2015-04-13,15.8,16.3714,16.4081,96.51,96.2942,14.98,18.13,-12.8516,5.474,49191200
2015-04-14,180,2014-07-28,2015-04-14,15.82,16.3727,16.4093,96.624,96.4085,14.98,18.13,-12.7413,5.6075,84385400
2015-04-15,180,2014-07-29,2015-04-15,15.64,16.3736,16.4101,95.5196,95.3071,14.98,18.13,-13.7341,4.4059,124479100
2015-04-16,180,2014-07-30,2015-04-16,15.79,16.3764,16.4126,96.4194,96.2065,14.98,18.13,-12.9068,5.4072,105591000
2015-04-17,180,2014-07-31,2015-04-17,15.56,16.3763,16.4125,95.0156,94.8058,14.98,18.13,-14.1754,3.8718,88994300
2015-04-20,180,2014-08-01,2015-04-20,15.57,16.3783,16.4143,95.065,94.8564,14.98,18.13,-14.1202,3.9386,53649400
2015-04-21,180,2014-08-04,2015-04-21,15.5,16.3816,16.4172,94.6183,94.4134,15.0,18.13,-14.5063,3.3333,64033100
2015-04-22,180,2014-08-05,2015-04-22,15.74,16.3859,16.421,96.0579,95.8529,15.0,18.13,-13.1826,4.9333,73092800
2015-04-23,180,2014-08-06,2015-04-23,15.69,16.3903,16.4248,95.7272,95.5261,15.12,18.13,-13.4584,3.7698,50292200
2015-04-24,180,2014-08-07,2015-04-24,15.64,16.3931,16.4273,95.4061,95.2075,15.12,18.13,-13.7341,3.4392,40766100
2015-04-27,180,2014-08-08,2015-04-27,15.56,16.3959,16.4297,94.9019,94.7064,15.15,18.13,-14.1754,2.7063,73523400
2015-04-28,180,2014-08-11,2015-04-28,15.65,16.3987,16.4322,95.4344,95.2397,15.15,18.13,-13.679,3.3003,58080100
2015-04-29,180,2014-08-12,2015-04-29,15.98,16.4034,16.4364,97.419,97.223,15.15,18.13,-11.8588,5.4785,134499400
2015-04-30,180,2014-08-13,2015-04-30,15.93,16.4078,16.4404,97.0879,96.8952,15.15,18.13,-12.1346,5.1485,78313900
2015-05-01,180,2014-08-14,2015-05-01,16.11,16.4131,16.4452,98.1536,97.9616,15.15,18.13,-11.1417,6.3366,78171400
2015-05-04,180,2014-08-15,2015-05-04,16.44,16.4197,16.4514,100.1236,99.9304,15.15,18.13,-9.3216,8.5149,76592300
2015-05-05,180,2014-08-18,2015-05-05,16.35,16.4265,16.4577,99.5342,99.3455,15.15,18.13,-9.818,7.9208,106148700
2015-05-06,180,2014-08-19,2015-05-06,16.29,16.4315,16.4624,99.1388,98.9528,15.15,18.13,-10.1489,7.5248,96426500
2015-05-07,180,2014-08-20,2015-05-07,16.24,16.4362,16.4668,98.806,98.6228,15.15,18.13,-10.4247,7.1947,73794800
2015-05-08,180,2014-08-21,2015-05-08,16.45,16.4417,16.4719,100.0504,99.8668,15.15,18.13,-9.2664,8.5809,86333700
2015-05-11,180,2014-08-22,2015-05-11,16.49,16.4436,16.4738,100.2824,100.0985,15.15,18.13,-9.0458,8.8449,56246000
2015-05-12,180,2014-08-25,2015-05-12,16.43,16.4453,16.4754,99.9071,99.7242,15.15,18.13,-9.3767,8.4488,59627100
2015-05-13,180,2014-08-26,2015-05-13,16.47,16.4463,16.4764,100.1442,99.9609,15.15,18.13,-9.1561,8.7129,47330600
2015-05-14,180,2014-08-27,2015-05-14,16.52,16.4473,16.4775,100.4418,100.2579,15.15,18.13,-8.8803,9.0429,55395700
2015-05-15,180,2014-08-28,2015-05-15,16.35,16.4482,16.4783,99.403,99.2212,15.15,18.13,-9.818,7.9208,54937800
2015-05-18,180,2014-08-29,2015-05-18,16.51,16.451,16.4811,100.3584,100.1753,15.15,18.13,-8.9355,8.9769,51059900
2015-05-19,180,2014-09-02,2015-05-19,16.77,16.4548,16.4849,101.9154,101.7295,15.15,18.13,-7.5014,10.6931,89115500
2015-05-20,180,2014-09-03,2015-05-20,16.74,16.4574,16.4875,101.717,101.5315,15.15,18.13,-7.6668,10.495,67684000
2015-05-21,180,2014-09-04,2015-05-21,16.73,16.4609,16.491,101.6345,101.4493,15.15,18.13,-7.722,10.429,52056600
2015-05-22,180,2014-09-05,2015-05-22,16.75,16.4645,16.4946,101.734,101.5487,15.15,18.13,-7.6117,10.5611,47032900
2015-05-26,180,2014-09-08,2015-05-26,16.5,16.4672,16.4972,100.1989,100.0168,15.15,18.13,-8.9906,8.9109,100048200
2015-05-27,180,2014-09-09,2015-05-27,16.74,16.4694,16.4994,101.6431,101.4583,15.15,18.13,-7.6668,10.495,70026700
2015-05-28,180,2014-09-10,2015-05-28,16.67,16.4724,16.5023,101.1998,101.016,15.15,18.13,-8.0529,10.033,60970000
2015-05-29,180,2014-09-11,2015-05-29,16.5,16.4731,16.5031,100.163,99.9811,15.15,18.13,-8.9906,8.9109,74266200
2015-06-01,180,2014-09-12,2015-06-01,16.55,16.473,16.503,100.4672,100.2848,15.15,18.13,-8.7148,9.2409,62941600
2015-06-02,180,2014-09-15,2015-06-02,16.72,16.4727,16.5026,101.5015,101.3173,15.15,18.13,-7.7772,10.363,65513200
2015-06-03,180,2014-09-16,2015-06-03,16.93,16.4737,16.5037,102.7701,102.5833,15.15,18.13,-6.6189,11.7492,89614900
2015-06-04,180,2014-09-17,2015-06-04,16.78,16.474,16.5041,101.8572,101.672,15.15,18.13,-7.4462,10.7591,61025500
2015-06-05,180,2014-09-18,2015-06-05,17.19,16.4762,16.5064,104.3321,104.1415,15.15,18.13,-5.1848,13.4654,119087400
2015-06-08,180,2014-09-19,2015-06-08,17.08,16.4764,16.5066,103.6631,103.4737,15.15,18.13,-5.7915,12.7393,69749600
2015-06-09,180,2014-09-22,2015-06-09,17.31,16.4783,16.5086,105.0472,104.8544,15.15,18.13,-4.5229,14.2574,82104900
2015-06-10,180,2014-09-23,2015-06-10,17.59,16.4811,16.5117,106.7282,106.5304,15.15,18.13,-2.9785,16.1056,102643100
2015-06-11,180,2014-09-24,2015-06-11,17.49,16.4833,16.5142,106.1071,105.9091,15.15,18.13,-3.5301,15.4455,77191500
2015-06-12,180,2014-09-25,2015-06-12,17.49,16.4849,16.5159,106.0971,105.898,15.15,18.13,-3.5301,15.4455,53149400
2015-06-15,180,2014-09-26,2015-06-15,17.47,16.4881,16.5193,105.9553,105.7549,15.15,18.13,-3.6404,15.3135,68053400
2015-06-16,180,2014-09-29,2015-06-16,17.55,16.4907,16.5222,106.4235,106.2206,15.15,18.13,-3.1991,15.8416,47291200
2015-06-17,180,2014-09-30,2015-06-17,17.37,16.4926,16.5242,105.3203,105.1184,15.15,18.13,-4.1919,14.6535,88712100
2015-06-18,180,2014-10-01,2015-06-18,17.38,16.4942,16.5261,105.3701,105.1673,15.15,18.13,-4.1368,14.7195,97599900
2015-06-19,180,2014-10-02,2015-06-19,17.17,16.4961,16.528,104.0854,103.8843,15.15,18.13,-5.2951,13.3333,83395400
2015-06-22,180,2014-10-03,2015-06-22,17.47,16.4991,16.5313,105.8846,105.6785,15.15,18.13,-3.6404,15.3135,58477700
2015-06-23,180,2014-10-06,2015-06-23,17.67,16.501,16.5334,107.0846,106.8746,15.15,18.13,-2.5372,16.6337,63865700
2015-06-24,180,2014-10-07,2015-06-24,17.49,16.502,16.5345,105.9873,105.7788,15.15,18.13,-3.5301,15.4455,59079500
2015-06-25,180,2014-10-08,2015-06-25,17.37,16.5045,16.5372,105.244,105.0358,15.15,18.13,-4.1919,14.6535,59772200
2015-06-26,180,2014-10-09,2015-06-26,17.41,16.506,16.5388,105.4769,105.2674,15.15,18.13,-3.9713,14.9175,63080800
2015-06-29,180,2014-10-10,2015-06-29,16.89,16.5076,16.5405,102.3165,102.113,15.15,18.13,-6.8395,11.4851,98604200
2015-06-30,180,2014-10-13,2015-06-30,17.02,16.5105,16.5435,103.0858,102.8803,15.15,18.13,-6.1224,12.3432,89039800
2015-07-01,180,2014-10-14,2015-07-01,17.22,16.5149,16.5481,104.2694,104.0606,15.15,18.13,-5.0193,13.6634,62317400
2015-07-02,180,2014-10-15,2015-07-02,17.03,16.5177,16.5509,103.1018,102.8948,15.15,18.13,-6.0673,12.4092,64736500
2015-07-06,180,2014-10-16,2015-07-06,16.94,16.5244,16.5574,102.5153,102.3105,15.15,18.13,-6.5637,11.8152,58726900
2015-07-07,180,2014-10-17,2015-07-07,16.69,16.5278,16.5608,100.9813,100.78,15.15,18.13,-7.9426,10.165,115450500
2015-07-08,180,2014-10-20,2015-07-08,16.25,16.528,16.5611,98.3178,98.1218,15.15,18.13,-10.3695,7.2607,83033000
2015-07-09,180,2014-10-21,2015-07-09,16.48,16.5293,16.5623,99.7018,99.5032,15.15,18.13,-9.1009,8.7789,81534400
2015-07-10,180,2014-10-22,2015-07-10,16.7,16.5298,16.5628,101.0295,100.8282,15.15,18.13,-7.8875,10.231,72965300
2015-07-13,180,2014-10-23,2015-07-13,17.02,16.5332,16.5663,102.9443,102.7388,15.15,18.13,-6.1224,12.3432,67934300
2015-07-14,180,2014-10-24,2015-07-14,17.13,16.536,16.5692,103.5919,103.3844,15.15,18.13,-5.5157,13.0693,69999800
2015-07-15,180,2014-10-27,2015-07-15,17.68,16.541,16.5746,106.8861,106.6695,15.15,18.13,-2.4821,16.6997,173099900
2015-07-16,180,2014-10-28,2015-07-16,17.95,16.5479,16.5821,108.4729,108.2492,15.15,18.13,-0.9928,18.4819,117054300
2015-07-17,180,2014-10-29,2015-07-17,18.1,16.5544,16.5893,109.3363,109.1063,15.15,18.13,-0.1655,19.4719,96894900
2015-07-20,180,2014-10-30,2015-07-20,18.12,16.56,16.5956,109.4202,109.1855,15.15,18.13,-0.0551,19.604,71980100
2015-07-21,180,2014-10-31,2015-07-21,18.08,16.5652,16.6014,109.1444,108.9062,15.15,18.13,-0.2758,19.3399,63732800
2015-07-22,180,2014-11-03,2015-07-22,18.45,16.5714,16.6086,111.3362,111.087,15.15,18.45,0.0,21.7822,110327000
2015-07-23,180,2014-11-04,2015-07-23,18.18,16.5758,16.6137,109.6777,109.428,15.15,18.45,-1.4634,20.0,103650100
2015-07-24,180,2014-11-05,2015-07-24,17.9,16.5793,16.6175,107.9662,107.7178,15.15,18.45,-2.981,18.1518,86364300
2015-07-27,180,2014-11-06,2015-07-27,17.67,16.5809,16.6193,106.5683,106.322,15.15,18.45,-4.2276,16.6337,93231900
2015-07-28,180,2014-11-07,2015-07-28,17.88,16.5835,16.6222,107.8182,107.5668,15.15,18.45,-3.0894,18.0198,82166800
2015-07-29,180,2014-11-10,2015-07-29,18.16,16.5873,16.6267,109.481,109.2221,15.15,18.45,-1.5718,19.868,96388600
2015-07-30,180,2014-11-11,2015-07-30,18.13,16.591,16.6309,109.2759,109.014,15.15,18.45,-1.7344,19.67,65667900
2015-07-31,180,2014-11-12,2015-07-31,17.88,16.5938,16.634,107.7511,107.4907,15.15,18.45,-3.0894,18.0198,67176900
2015-08-03,180,2014-11-13,2015-08-03,17.77,16.5962,16.6367,107.0727,106.8123,15.15,18.45,-3.6856,17.2937,62376800
2015-08-04,180,2014-11-14,2015-08-04,17.8,16.5991,16.6399,107.2348,106.9719,15.15,18.45,-3.523,17.4917,69741500
2015-08-05,180,2014-11-17,2015-08-05,17.87,16.6027,16.6439,107.6329,107.3664,15.15,18.45,-3.1436,17.9538,65228600
2015-08-06,180,2014-11-18,2015-08-06,17.81,16.6064,16.6479,107.248,106.9802,15.15,18.45,-3.4688,17.5577,47594700
2015-08-07,180,2014-11-19,2015-08-07,17.75,16.6094,16.6513,106.867,106.5981,15.15,18.45,-3.794,17.1617,71020700
2015-08-10,180,2014-11-20,2015-08-10,18.04,16.6143,16.6568,108.5811,108.3043,15.15,18.45,-2.2222,19.0759,65791200
2015-08-11,180,2014-11-21,2015-08-11,17.79,16.6183,16.6612,107.0505,106.7752,15.15,18.45,-3.5772,17.4257,65868600
2015-08-12,180,2014-11-24,2015-08-12,17.52,16.6204,16.6634,105.4128,105.1407,15.15,18.45,-5.0407,15.6436,141600100
2015-08-13,180,2014-11-25,2015-08-13,17.62,16.6226,16.6658,106.0003,105.7253,15.15,18.45,-4.4986,16.3036,67456200
2015-08-14,180,2014-11-26,2015-08-14,17.7,16.6256,16.6692,106.462,106.1841,15.15,18.45,-4.065,16.8317,52710300
2015-08-17,180,2014-11-28,2015-08-17,17.77,16.629,16.6728,106.8616,106.5806,15.15,18.45,-3.6856,17.2937,42310000
2015-08-18,180,2014-12-01,2015-08-18,17.69,16.6323,16.6764,106.3594,106.0778,15.15,18.45,-4.1192,16.7657,50360700
2015-08-19,180,2014-12-02,2015-08-19,17.46,16.6358,16.6802,104.9543,104.6752,15.15,18.45,-5.3659,15.2475,78540500
2015-08-20,180,2014-12-03,2015-08-20,16.72,16.6335,16.6778,100.52,100.2532,15.15,18.45,-9.3767,10.363,149185400
2015-08-21,180,2014-12-04,2015-08-21,16.1,16.6269,16.6712,96.8309,96.5739,15.15,18.45,-12.7371,6.2706,148874300
2015-08-24,180,2014-12-05,2015-08-24,15.29,16.6157,16.6605,92.0212,91.774,15.15,18.45,-17.1274,0.9241,214649500
2015-08-25,180,2014-12-08,2015-08-25,15.26,16.602,16.6471,91.9167,91.6679,15.15,18.45,-17.29,0.7261,194377000
2015-08-26,180,2014-12-09,2015-08-26,16.06,16.5934,16.6382,96.7857,96.5251,15.15,18.45,-12.9539,6.0066,174208500
2015-08-27,180,2014-12-10,2015-08-27,16.44,16.5874,16.6319,99.1113,98.8459,15.15,18.45,-10.8943,8.5149,124185400
2015-08-28,180,2014-12-11,2015-08-28,16.36,16.5819,16.6263,98.6616,98.3985,15.15,18.45,-11.3279,7.9868,75899300
2015-08-31,180,2014-12-12,2015-08-31,16.34,16.5759,16.62,98.5769,98.3153,15.15,18.45,-11.4363,7.8548,66695200
2015-09-01,180,2014-12-15,2015-09-01,15.58,16.567,16.6114,94.0422,93.7911,15.15,18.45,-15.5556,2.8383,119064000
2015-09-02,180,2014-12-16,2015-09-02,15.85,16.5613,16.6058,95.7049,95.4484,15.15,18.45,-14.0921,4.6205,74820400
2015-09-03,180,2014-12-17,2015-09-03,15.94,16.5569,16.6015,96.2743,96.0154,15.15,18.45,-13.6043,5.2145,77175800
2015-09-04,180,2014-12-18,2015-09-04,15.65,16.5478,16.5926,94.5745,94.3194,15.15,18.45,-15.1762,3.3003,104539500
2015-09-08,180,2014-12-19,2015-09-08,16.16,16.5404,16.5849,97.6999,97.4378,15.15,18.45,-12.4119,6.6667,73960200
2015-09-09,180,2014-12-22,2015-09-09,15.9,16.5311,16.5754,96.1823,95.9254,15.15,18.45,-13.8211,4.9505,70466100
2015-09-10,180,2014-12-23,2015-09-10,16.04,16.5222,16.5661,97.0815,96.8242,15.15,18.45,-13.0623,5.8746,71110200
2015-09-11,180,2014-12-24,2015-09-11,16.04,16.5122,16.5556,97.1401,96.8856,15.15,18.45,-13.0623,5.8746,54287700
2015-09-14,180,2014-12-26,2015-09-14,15.96,16.5016,16.5444,96.718,96.4678,15.15,18.45,-13.4959,5.3465,50640900
2015-09-15,180,2014-12-29,2015-09-15,16.31,16.493,16.5351,98.8906,98.6386,15.15,18.45,-11.5989,7.6568,62327100
2015-09-16,180,2014-12-30,2015-09-16,16.33,16.4839,16.5252,99.0665,98.8186,15.15,18.45,-11.4905,7.7888,83776400
2015-09-17,180,2014-12-31,2015-09-17,15.86,16.472,16.5126,96.2848,96.0478,15.15,18.45,-14.0379,4.6865,119088200
2015-09-18,180,2015-01-02,2015-09-18,15.56,16.4594,16.4997,94.5359,94.3049,15.15,18.45,-15.664,2.7063,136531200
2015-09-21,180,2015-01-05,2015-09-21,15.7,16.4476,16.4874,95.4547,95.224,15.15,18.45,-14.9052,3.6304,79096200
2015-09-22,180,2015-01-06,2015-09-22,15.57,16.4375,16.4774,94.7222,94.4931,15.15,18.45,-15.6098,2.7723,92235200
2015-09-23,180,2015-01-07,2015-09-23,15.72,16.4311,16.4711,95.6723,95.4401,15.15,18.45,-14.7968,3.7624,78117500
2015-09-24,180,2015-01-08,2015-09-24,15.55,16.4232,16.4633,94.6833,94.4523,15.15,18.45,-15.7182,2.6403,99520100
2015-09-25,180,2015-01-09,2015-09-25,15.89,16.4155,16.4556,96.7985,96.5631,15.15,18.45,-13.8753,4.8845,88655000
2015-09-28,180,2015-01-12,2015-09-28,15.47,16.4069,16.4472,94.2894,94.0588,15.15,18.45,-16.1518,2.1122,91324300
2015-09-29,180,2015-01-13,2015-09-29,15.35,16.3992,16.4398,93.6023,93.3711,15.15,18.45,-16.8022,1.3201,79829400
2015-09-30,180,2015-01-14,2015-09-30,15.58,16.3941,16.4349,95.0341,94.798,15.15,18.45,-15.5556,2.8383,71347100
2015-10-01,180,2015-01-15,2015-10-01,15.55,16.3912,16.4322,94.8681,94.6311,15.15,18.45,-15.7182,2.6403,71516800
2015-10-02,180,2015-01-16,2015-10-02,15.38,16.3923,16.4332,93.8244,93.5909,15.15,18.45,-16.6396,1.5182,181838400
2015-10-05,180,2015-01-20,2015-10-05,15.69,16.3942,16.4349,95.7043,95.4673,15.15,18.45,-14.9594,3.5644,75315300
2015-10-06,180,2015-01-21,2015-10-06,15.69,16.3969,16.4373,95.6887,95.4534,15.15,18.45,-14.9594,3.5644,67473700
2015-10-07,180,2015-01-22,2015-10-07,15.75,16.399,16.4392,96.0423,95.8075,15.15,18.45,-14.6342,3.9604,66655600
2015-10-08,180,2015-01-23,2015-10-08,15.75,16.397,16.4373,96.0541,95.8185,15.15,18.45,-14.6342,3.9604,79056900
2015-10-09,180,2015-01-26,2015-10-09,15.58,16.3961,16.4365,95.0226,94.789,15.15,18.45,-15.5556,2.8383,76667100
2015-10-12,180,2015-01-27,2015-10-12,15.52,16.3941,16.4347,94.6682,94.4345,15.15,18.45,-15.8808,2.4422,50725800
2015-10-13,180,2015-01-28,2015-10-13,15.52,16.3934,16.4341,94.6721,94.438,15.15,18.45,-15.8808,2.4422,73689800
2015-10-14,180,2015-01-29,2015-10-14,15.64,16.3962,16.4365,95.3881,95.1541,15.15,18.45,-15.2304,3.2343,122272400
2015-10-15,180,2015-01-30,2015-10-15,16.19,16.4007,16.4407,98.7151,98.475,15.15,18.45,-12.2493,6.8647,127028800
2015-10-16,180,2015-02-02,2015-10-16,16.12,16.4067,16.4461,98.2528,98.0171,15.26,18.45,-12.6287,5.6357,66989500
2015-10-19,180,2015-02-03,2015-10-19,16.14,16.4107,16.4499,98.3502,98.1162,15.26,18.45,-12.5203,5.7667,62953500
2015-10-20,180,2015-02-04,2015-10-20,16.2,16.4125,16.4516,98.705,98.4706,15.26,18.45,-12.1951,6.1599,50797800
2015-10-21,180,2015-02-05,2015-10-21,15.9,16.4132,16.4522,96.8733,96.6435,15.26,18.45,-13.8211,4.194,64440400
2015-10-22,180,2015-02-06,2015-10-22,16.16,16.4143,16.4533,98.4507,98.2175,15.26,18.45,-12.4119,5.8978,74116600
2015-10-23,180,2015-02-09,2015-10-23,16.52,16.4145,16.4534,100.6429,100.4045,15.26,18.45,-10.4607,8.2569,82285800
2015-10-26,180,2015-02-10,2015-10-26,16.51,16.4154,16.4543,100.5766,100.3383,15.26,18.45,-10.5149,8.1913,67702800
2015-10-27,180,2015-02-11,2015-10-27,16.4,16.4152,16.4542,99.9071,99.6705,15.26,18.45,-11.1111,7.4705,56159300
2015-10-28,180,2015-02-12,2015-10-28,17.28,16.4201,16.4593,105.2368,104.986,15.26,18.45,-6.3415,13.2372,147720100
2015-10-29,180,2015-02-13,2015-10-29,17.09,16.4223,16.4617,104.0657,103.8169,15.26,18.45,-7.3713,11.9921,95542300
2015-10-30,180,2015-02-17,2015-10-30,16.78,16.4232,16.4626,102.1723,101.9279,15.26,18.45,-9.0515,9.9607,87645800
2015-11-02,180,2015-02-18,2015-11-02,17.06,16.4255,16.465,103.8628,103.6137,15.26,18.45,-7.5339,11.7955,56948200
2015-11-03,180,2015-02-19,2015-11-03,17.18,16.4302,16.4699,104.5634,104.3116,15.26,18.45,-6.8835,12.5819,66127100
2015-11-04,180,2015-02-20,2015-11-04,17.01,16.4346,16.4743,103.5013,103.2515,15.26,18.45,-7.8049,11.4679,78728400
2015-11-05,180,2015-02-23,2015-11-05,17.31,16.4395,16.4795,105.2952,105.0396,15.26,18.45,-6.1789,13.4338,85505500
2015-11-06,180,2015-02-24,2015-11-06,17.95,16.4485,16.4892,109.1283,108.859,15.26,18.45,-2.71,17.6278,158037500
2015-11-09,180,2015-02-25,2015-11-09,17.68,16.4553,16.4964,107.4427,107.1746,15.26,18.45,-4.1734,15.8585,129920700
2015-11-10,180,2015-02-26,2015-11-10,17.85,16.4622,16.504,108.43,108.1556,15.26,18.45,-3.252,16.9725,59905800
2015-11-11,180,2015-02-27,2015-11-11,17.75,16.4713,16.5135,107.7633,107.4878,15.26,18.45,-3.794,16.3172,59235000
2015-11-12,180,2015-03-02,2015-11-12,17.37,16.4799,16.5222,105.4014,105.1315,15.26,18.45,-5.8537,13.827,77850900
2015-11-13,180,2015-03-03,2015-11-13,17.2,16.4864,16.5288,104.3286,104.0609,15.26,18.45,-6.7751,12.713,103574900
2015-11-16,180,2015-03-04,2015-11-16,17.43,16.4939,16.5365,105.6755,105.4032,15.26,18.45,-5.5285,14.2202,70384300
2015-11-17,180,2015-03-05,2015-11-17,17.42,16.5025,16.5453,105.5595,105.2868,15.26,18.45,-5.5827,14.1547,70488600
2015-11-18,180,2015-03-06,2015-11-18,17.84,16.5123,16.5555,108.0406,107.7588,15.26,18.45,-3.3062,16.9069,85708300
2015-11-19,180,2015-03-09,2015-11-19,17.69,16.5201,16.5637,107.0819,106.8,15.26,18.45,-4.1192,15.924,51829700
2015-11-20,180,2015-03-10,2015-11-20,17.65,16.5279,16.5719,106.7889,106.5057,15.26,18.45,-4.336,15.6619,56288300
2015-11-23,180,2015-03-11,2015-11-23,17.47,16.5372,16.5812,105.6407,105.3601,15.26,18.45,-5.3117,14.4823,50362900
2015-11-24,180,2015-03-12,2015-11-24,17.47,16.5445,16.5888,105.5938,105.3122,15.26,18.45,-5.3117,14.4823,58724200
2015-11-25,180,2015-03-13,2015-11-25,17.44,16.5518,16.5963,105.3659,105.0838,15.26,18.45,-5.4743,14.2857,34939000
2015-11-27,180,2015-03-16,2015-11-27,17.48,16.5594,16.604,105.5596,105.2758,15.26,18.45,-5.2575,14.5478,22937500
2015-11-30,180,2015-03-17,2015-11-30,17.43,16.5664,16.6112,105.2128,104.9291,15.26,18.45,-5.5285,14.2202,61893700
2015-12-01,180,2015-03-18,2015-12-01,17.81,16.5756,16.6208,107.4472,107.155,15.26,18.45,-3.4688,16.7103,74351800
2015-12-02,180,2015-03-19,2015-12-02,17.62,16.5845,16.6299,106.244,105.9538,15.26,18.45,-4.4986,15.4653,76919000
2015-12-03,180,2015-03-20,2015-12-03,17.3,16.594,16.6393,104.2543,103.9709,15.26,18.45,-6.2331,13.3683,95810100
2015-12-04,180,2015-03-23,2015-12-04,17.8,16.6047,16.6502,107.1987,106.9058,15.26,18.45,-3.523,16.6448,103021700
2015-12-07,180,2015-03-24,2015-12-07,17.54,16.6148,16.6603,105.5685,105.2804,15.26,18.45,-4.9322,14.941,81633300
2015-12-08,180,2015-03-25,2015-12-08,17.19,16.6238,16.6691,103.4058,103.1252,15.26,18.45,-6.8293,12.6475,84873500
2015-12-09,180,2015-03-26,2015-12-09,17.1,16.6337,16.6784,102.8034,102.5275,15.26,18.45,-7.3171,12.0577,82418100
2015-12-10,180,2015-03-27,2015-12-10,17.2,16.644,16.6883,103.3405,103.066,15.26,18.45,-6.7751,12.713,68395000
2015-12-11,180,2015-03-30,2015-12-11,16.73,16.6525,16.6962,100.4651,100.2023,15.26,18.45,-9.3225,9.633,91503900
2015-12-14,180,2015-03-31,2015-12-14,16.8,16.6601,16.7033,100.8397,100.5787,15.26,18.45,-8.9431,10.0917,121121200
2015-12-15,180,2015-04-01,2015-12-15,17.42,16.6718,16.7146,104.4878,104.2202,15.26,18.45,-5.5827,14.1547,99737200
2015-12-16,180,2015-04-02,2015-12-16,17.75,16.685,16.7276,106.3829,106.112,15.26,18.45,-3.794,16.3172,171576700
2015-12-17,180,2015-04-06,2015-12-17,17.3,16.6951,16.7374,103.6229,103.3614,15.26,18.45,-6.2331,13.3683,97265700
2015-12-18,180,2015-04-07,2015-12-18,16.76,16.7026,16.7443,100.3437,100.0936,15.26,18.45,-9.1599,9.8296,136737800
2015-12-21,180,2015-04-08,2015-12-21,16.97,16.7115,16.7527,101.5467,101.297,15.26,18.45,-8.0217,11.2058,65150300
2015-12-22,180,2015-04-09,2015-12-22,17.08,16.7201,16.7609,102.1526,101.9039,15.26,18.45,-7.4255,11.9266,56173500
2015-12-23,180,2015-04-10,2015-12-23,17.34,16.7294,16.7699,103.65,103.3993,15.26,18.45,-6.0163,13.6304,65770700
2015-12-24,180,2015-04-13,2015-12-24,17.27,16.7383,16.7786,103.1768,102.929,15.26,18.45,-6.3957,13.1717,29369400
2015-12-28,180,2015-04-14,2015-12-28,17.13,16.7459,16.7859,102.2936,102.0497,15.26,18.45,-7.1545,12.2543,41777500
2015-12-29,180,2015-04-15,2015-12-29,17.28,16.7542,16.7941,103.1381,102.8936,15.26,18.45,-6.3415,13.2372,45670400
2015-12-30,180,2015-04-16,2015-12-30,17.05,16.7625,16.8019,101.7152,101.4767,15.26,18.45,-7.5881,11.73,35066400
2015-12-31,180,2015-04-17,2015-12-31,16.83,16.7686,16.8077,100.3662,100.1329,15.26,18.45,-8.7805,10.2883,47153000
2016-01-04,180,2015-04-20,2016-01-04,16.43,16.7739,16.8125,97.9497,97.7249,15.26,18.45,-10.9485,7.6671,114888000
2016-01-05,180,2015-04-21,2016-01-05,16.43,16.7792,16.8173,97.919,97.6971,15.26,18.45,-10.9485,7.6671,66670000
2016-01-06,180,2015-04-22,2016-01-06,16.08,16.7828,16.8205,95.8123,95.5976,15.26,18.45,-12.8455,5.3735,102760800
2016-01-07,180,2015-04-23,2016-01-07,15.5,16.7813,16.8192,92.3649,92.1568,15.26,18.45,-15.9892,1.5727,116255900
2016-01-08,180,2015-04-24,2016-01-08,15.2,16.7781,16.8164,90.5945,90.3877,15.2,18.45,-17.6152,0.0,124782400
2016-01-11,180,2015-04-27,2016-01-11,15.31,16.7759,16.8146,91.2618,91.0518,15.2,18.45,-17.019,0.7237,104611700
2016-01-12,180,2015-04-28,2016-01-12,15.31,16.7743,16.8132,91.2708,91.0593,15.2,18.45,-17.019,0.7237,100023500
2016-01-13,180,2015-04-29,2016-01-13,14.9,16.7692,16.8091,88.8532,88.6427,14.9,18.45,-19.2412,0.0,119413000
2016-01-14,180,2015-04-30,2016-01-14,14.99,16.7628,16.8036,89.4243,89.2073,14.9,18.45,-18.7534,0.604,125920000
2016-01-15,180,2015-05-01,2016-01-15,14.46,16.7528,16.7954,86.3138,86.0951,14.46,18.45,-21.626,0.0,172296100
2016-01-19,180,2015-05-04,2016-01-19,14.24,16.7401,16.785,85.0651,84.8377,14.24,18.45,-22.8184,0.0,185727400
2016-01-20,180,2015-05-05,2016-01-20,13.69,16.7211,16.7697,81.8725,81.6352,13.69,18.45,-25.7995,0.0,250537600
2016-01-21,180,2015-05-06,2016-01-21,13.36,16.6999,16.7531,80.0005,79.7464,13.36,18.45,-27.5881,0.0,188976000
2016-01-22,180,2015-05-07,2016-01-22,13.56,16.6808,16.7379,81.2912,81.0135,13.36,18.45,-26.5041,1.497,169999800
2016-01-25,180,2015-05-08,2016-01-25,12.96,16.6567,16.7197,77.8065,77.5132,12.96,18.45,-29.7561,0.0,186419100
2016-01-26,180,2015-05-11,2016-01-26,13.31,16.6346,16.7023,80.0138,79.6897,12.96,18.45,-27.8591,2.7006,124246900
2016-01-27,180,2015-05-12,2016-01-27,13.36,16.6128,16.6849,80.4198,80.0725,12.96,18.45,-27.5881,3.0864,124095800
2016-01-28,180,2015-05-13,2016-01-28,13.53,16.5928,16.6688,81.5412,81.1697,12.96,18.45,-26.6667,4.3981,110996200
2016-01-29,180,2015-05-14,2016-01-29,14.14,16.5776,16.6558,85.2961,84.8952,12.96,18.45,-23.3604,9.1049,159984100
2016-02-01,180,2015-05-15,2016-02-01,13.96,16.5606,16.6416,84.2963,83.8861,12.96,18.45,-24.336,7.716,105739400
2016-02-02,180,2015-05-18,2016-02-02,13.23,16.5387,16.6243,79.9943,79.5824,12.96,18.45,-28.2927,2.0833,147101200
2016-02-03,180,2015-05-19,2016-02-03,13.03,16.5141,16.6049,78.9021,78.4706,12.96,18.45,-29.3767,0.5401,257664600
2016-02-04,180,2015-05-20,2016-02-04,13.25,16.4902,16.5854,80.3509,79.8896,12.96,18.45,-28.1843,2.2377,179394400
2016-02-05,180,2015-05-21,2016-02-05,12.95,16.4638,16.5643,78.6574,78.18,12.95,18.45,-29.8103,0.0,125842800
2016-02-08,180,2015-05-22,2016-02-08,12.27,16.4311,16.5396,74.6753,74.1858,12.27,18.45,-33.4959,0.0,221363600
2016-02-09,180,2015-05-26,2016-02-09,12.2,16.3978,16.5143,74.4002,73.8755,12.2,18.45,-33.8753,0.0,247349000
2016-02-10,180,2015-05-27,2016-02-10,11.98,16.3637,16.4892,73.2107,72.6538,11.98,18.45,-35.0678,0.0,227530000
2016-02-11,180,2015-05-28,2016-02-11,11.16,16.3194,16.4582,68.3848,67.8083,11.16,18.45,-39.5122,0.0,375088700
2016-02-12,180,2015-05-29,2016-02-12,11.95,16.2844,16.4319,73.383,72.7242,11.16,18.45,-35.2304,7.0789,245388400
2016-02-16,180,2015-06-01,2016-02-16,12.25,16.2535,16.4083,75.3683,74.6572,11.16,18.45,-33.6043,9.767,194306700
2016-02-17,180,2015-06-02,2016-02-17,12.56,16.2254,16.3862,77.4095,76.65,11.16,18.45,-31.9241,12.5448,221859400
2016-02-18,180,2015-06-03,2016-02-18,12.24,16.1934,16.3613,75.5862,74.8108,11.16,18.45,-33.6585,9.6774,161539400
2016-02-19,180,2015-06-04,2016-02-19,12.13,16.1595,16.3346,75.0644,74.2595,11.16,18.45,-34.2547,8.6918,121045600
2016-02-22,180,2015-06-05,2016-02-22,12.54,16.1303,16.3111,77.742,76.8804,11.16,18.45,-32.0325,12.3656,88865500
2016-02-23,180,2015-06-08,2016-02-23,12.16,16.0956,16.2831,75.5487,74.6786,11.16,18.45,-34.0921,8.9606,104498700
2016-02-24,180,2015-06-09,2016-02-24,12.13,16.0613,16.2556,75.5234,74.6204,11.16,18.45,-34.2547,8.6918,159552800
2016-02-25,180,2015-06-10,2016-02-25,12.32,16.0278,16.2279,76.8665,75.9187,11.16,18.45,-33.2249,10.3943,103054600
2016-02-26,180,2015-06-11,2016-02-26,12.7,15.9966,16.2007,79.3918,78.3916,11.16,18.45,-31.1653,13.7993,160314400
2016-02-29,180,2015-06-12,2016-02-29,12.52,15.9644,16.1731,78.4244,77.4124,11.16,18.45,-32.1409,12.1864,123661100
2016-03-01,180,2015-06-15,2016-03-01,13.19,15.9381,16.1492,82.7579,81.6758,11.16,18.45,-28.5095,18.19,153558200
2016-03-02,180,2015-06-16,2016-03-02,13.41,15.9136,16.1267,84.2673,83.1542,11.16,18.45,-27.3171,20.1613,139622500
2016-03-03,180,2015-06-17,2016-03-03,13.5,15.8896,16.1042,84.9611,83.8292,11.16,18.45,-26.8293,20.9677,105082700
2016-03-04,180,2015-06-18,2016-03-04,13.54,15.8668,16.0829,85.3353,84.1889,11.16,18.45,-26.6125,21.3262,171410900
2016-03-07,180,2015-06-19,2016-03-07,13.53,15.844,16.0615,85.3953,84.2387,11.16,18.45,-26.6667,21.2366,97650300
2016-03-08,180,2015-06-22,2016-03-08,13.06,15.8184,16.0387,82.5619,81.4282,11.16,18.45,-29.2141,17.0251,125894800
2016-03-09,180,2015-06-23,2016-03-09,13.14,15.7923,16.0146,83.2053,82.0501,11.16,18.45,-28.7805,17.7419,92253800
2016-03-10,180,2015-06-24,2016-03-10,13.27,15.7663,15.9902,84.1669,82.9885,11.16,18.45,-28.0759,18.9068,123016200
2016-03-11,180,2015-06-25,2016-03-11,13.79,15.7451,15.9696,87.5826,86.3515,11.16,18.45,-25.2575,23.5663,120400600
2016-03-14,180,2015-06-26,2016-03-14,13.64,15.7235,15.9489,86.7492,85.5232,11.16,18.45,-26.0705,22.2222,87746800
2016-03-15,180,2015-06-29,2016-03-15,13.57,15.7012,15.9276,86.4265,85.1983,11.16,18.45,-26.4499,21.595,80404000
2016-03-16,180,2015-06-30,2016-03-16,13.31,15.6794,15.9077,84.8884,83.6703,11.16,18.45,-27.8591,19.2652,149645400
2016-03-17,180,2015-07-01,2016-03-17,13.4,15.6578,15.8876,85.5805,84.3427,11.16,18.45,-27.3713,20.0717,122212300
2016-03-18,180,2015-07-02,2016-03-18,13.79,15.6381,15.8685,88.182,86.9017,11.16,18.45,-25.2575,23.5663,146616200
2016-03-21,180,2015-07-06,2016-03-21,13.84,15.6198,15.8508,88.6058,87.3143,11.16,18.45,-24.9865,24.0143,104695700
2016-03-22,180,2015-07-07,2016-03-22,13.76,15.6013,15.8331,88.1979,86.9065,11.16,18.45,-25.4201,23.2975,83252100
2016-03-23,180,2015-07-08,2016-03-23,13.62,15.583,15.8161,87.4027,86.115,11.16,18.45,-26.1789,22.043,95789700
2016-03-24,180,2015-07-09,2016-03-24,13.68,15.5675,15.8018,87.8756,86.5725,11.16,18.45,-25.8537,22.5806,94836500
2016-03-28,180,2015-07-10,2016-03-28,13.62,15.5503,15.7859,87.5866,86.2796,11.16,18.45,-26.1789,22.043,54498500
2016-03-29,180,2015-07-13,2016-03-29,13.42,15.5307,15.7677,86.4096,85.1109,11.16,18.45,-27.2629,20.2509,101606800
2016-03-30,180,2015-07-14,2016-03-30,13.48,15.51,15.748,86.9114,85.5982,11.16,18.45,-26.9377,20.7885,85897000
2016-03-31,180,2015-07-15,2016-03-31,13.52,15.4892,15.7279,87.2864,85.9616,11.16,18.45,-26.7209,21.147,79592100
2016-04-01,180,2015-07-16,2016-04-01,13.56,15.4664,15.7051,87.6741,86.3416,11.16,18.45,-26.5041,21.5054,73130900
2016-04-04,180,2015-07-17,2016-04-04,13.51,15.4421,15.6804,87.4883,86.1586,11.16,18.45,-26.7751,21.0573,59709600
2016-04-05,180,2015-07-20,2016-04-05,13.19,15.4149,15.6531,85.5667,84.2644,11.16,18.45,-28.5095,18.19,78445900
2016-04-06,180,2015-07-21,2016-04-06,13.27,15.3883,15.6262,86.2344,84.9217,11.16,18.45,-28.0759,18.9068,62558500
2016-04-07,180,2015-07-22,2016-04-07,12.85,15.3587,15.5971,83.6657,82.3871,11.16,18.45,-30.3523,15.1434,105704500
2016-04-08,180,2015-07-23,2016-04-08,12.88,15.3281,15.5662,84.0288,82.7436,11.16,18.18,-29.1529,15.4122,76548100
2016-04-11,180,2015-07-24,2016-04-11,12.97,15.2993,15.5372,84.7752,83.477,11.16,18.16,-28.5793,16.2186,79411500
2016-04-12,180,2015-07-27,2016-04-12,13.27,15.274,15.5115,86.8797,85.5494,11.16,18.16,-26.9273,18.9068,100791600
2016-04-13,180,2015-07-28,2016-04-13,13.79,15.2534,15.4899,90.4062,89.0255,11.16,18.16,-24.0639,23.5663,138647200
2016-04-14,180,2015-07-29,2016-04-14,14.14,15.2343,15.4692,92.817,91.4076,11.16,18.16,-22.1366,26.7025,179383300
2016-04-15,180,2015-07-30,2016-04-15,14.0,15.2132,15.4461,92.0253,90.638,11.16,18.13,-22.7799,25.448,87958700
2016-04-18,180,2015-07-31,2016-04-18,14.17,15.1934,15.4241,93.2641,91.8695,11.16,18.04,-21.4523,26.9713,81998200
2016-04-19,180,2015-08-03,2016-04-19,14.45,15.1764,15.405,95.2135,93.8007,11.16,18.04,-19.9002,29.4803,107153600
2016-04-20,180,2015-08-04,2016-04-20,14.93,15.1627,15.3892,98.4651,97.0159,11.16,18.04,-17.2395,33.7814,115628700
2016-04-21,180,2015-08-05,2016-04-21,14.9,15.1488,15.3731,98.3578,96.9225,11.16,18.04,-17.4058,33.5125,121589000
2016-04-22,180,2015-08-06,2016-04-22,15.11,15.1358,15.3578,99.8298,98.3866,11.16,18.04,-16.2417,35.3943,83456600
2016-04-25,180,2015-08-07,2016-04-25,14.96,15.1222,15.3419,98.9277,97.5105,11.16,18.04,-17.0732,34.0502,70489500
2016-04-26,180,2015-08-10,2016-04-26,15.09,15.1095,15.3272,99.8706,98.4526,11.16,18.04,-16.3526,35.2151,84812400
2016-04-27,180,2015-08-11,2016-04-27,15.02,15.0954,15.3104,99.5004,98.1033,11.16,17.95,-16.3231,34.5878,115789000
2016-04-28,180,2015-08-12,2016-04-28,14.79,15.081,15.2937,98.0704,96.7063,11.16,17.95,-17.6045,32.5269,78639300
2016-04-29,180,2015-08-13,2016-04-29,14.56,15.0664,15.2773,96.6392,95.3049,11.16,17.95,-18.8858,30.4659,122128100
2016-05-02,180,2015-08-14,2016-05-02,14.77,15.0526,15.2614,98.1229,96.7798,11.16,17.95,-17.7159,32.3477,68882800
2016-05-03,180,2015-08-17,2016-05-03,14.36,15.036,15.2429,95.5039,94.2079,11.16,17.95,-20.0,28.6738,110549000
2016-05-04,180,2015-08-18,2016-05-04,14.13,15.0178,15.2227,94.088,92.8221,11.16,17.95,-21.2813,26.6129,99269700
2016-05-05,180,2015-08-19,2016-05-05,14.05,14.9995,15.2024,93.6697,92.4193,11.16,17.95,-21.727,25.8961,73145900
2016-05-06,180,2015-08-20,2016-05-06,14.11,14.9825,15.1838,94.1763,92.9278,11.16,17.95,-21.3928,26.4337,76595100
2016-05-09,180,2015-08-21,2016-05-09,13.99,14.968,15.1687,93.466,92.2296,11.16,17.95,-22.0613,25.3584,55399600
2016-05-10,180,2015-08-24,2016-05-10,14.3,14.9583,15.1587,95.5992,94.3355,11.16,17.95,-20.3343,28.1362,59870500
2016-05-11,180,2015-08-25,2016-05-11,14.2,14.952,15.1526,94.9703,93.7132,11.16,17.95,-20.8914,27.2401,68088900
2016-05-12,180,2015-08-26,2016-05-12,14.14,14.9456,15.1464,94.6098,93.3556,11.16,17.95,-21.2256,26.7025,72567100
2016-05-13,180,2015-08-27,2016-05-13,13.88,14.9335,15.1343,92.9456,91.7123,11.16,17.95,-22.6741,24.3728,86193900
2016-05-16,180,2015-08-28,2016-05-16,13.93,14.9199,15.1203,93.3652,92.1276,11.16,17.95,-22.3955,24.8208,57848600
2016-05-17,180,2015-08-31,2016-05-17,14.01,14.9072,15.1073,93.9812,92.7368,11.16,17.95,-21.9499,25.5376,76273800
2016-05-18,180,2015-09-01,2016-05-18,14.69,14.8988,15.0981,98.5989,97.2969,11.16,17.95,-18.1616,31.6308,150748500
2016-05-19,180,2015-09-02,2016-05-19,14.53,14.893,15.0923,97.5624,96.2744,11.16,17.95,-19.0529,30.1971,106156900
2016-05-20,180,2015-09-03,2016-05-20,14.52,14.8859,15.0849,97.5419,96.2553,11.16,17.95,-19.1086,30.1075,81214000
2016-05-23,180,2015-09-04,2016-05-23,14.47,14.8781,15.0767,97.2572,95.9758,11.16,17.95,-19.3872,29.6595,66303200
2016-05-24,180,2015-09-08,2016-05-24,14.68,14.8729,15.0713,98.7031,97.4035,11.16,17.95,-18.2173,31.5412,96183700
2016-05-25,180,2015-09-09,2016-05-25,14.92,14.8666,15.0644,100.3594,99.0412,11.16,17.95,-16.8802,33.6918,123498700
2016-05-26,180,2015-09-10,2016-05-26,14.7,14.8603,15.0578,98.9215,97.624,11.16,17.95,-18.1059,31.7204,65356600
2016-05-27,180,2015-09-11,2016-05-27,14.88,14.8543,15.0513,100.173,98.8617,11.16,17.95,-17.1031,33.3333,62411300
2016-05-31,180,2015-09-14,2016-05-31,14.79,14.8479,15.0444,99.6104,98.3091,11.16,17.95,-17.6045,32.5269,85635900
2016-06-01,180,2015-09-15,2016-06-01,14.86,14.8422,15.0383,100.1201,98.8145,11.16,17.95,-17.2145,33.1541,62612100
2016-06-02,180,2015-09-16,2016-06-02,14.94,14.8353,15.0307,100.7058,99.3968,11.16,17.95,-16.7688,33.871,64327300
2016-06-03,180,2015-09-17,2016-06-03,14.42,14.8254,15.0201,97.2656,96.005,11.16,17.95,-19.6657,29.2115,148600900
2016-06-06,180,2015-09-18,2016-06-06,14.52,14.8183,15.0126,97.9871,96.7187,11.16,17.95,-19.1086,30.1075,80949300
2016-06-07,180,2015-09-21,2016-06-07,14.35,14.8117,15.0059,96.883,95.6291,11.16,17.95,-20.0557,28.5842,67447100
2016-06-08,180,2015-09-22,2016-06-08,14.43,14.8048,14.9988,97.4681,96.2075,11.16,17.95,-19.61,29.3011,58292900
2016-06-09,180,2015-09-23,2016-06-09,14.19,14.7972,14.9912,95.8962,94.6557,11.16,17.95,-20.9471,27.1505,74814900
2016-06-10,180,2015-09-24,2016-06-10,13.83,14.7867,14.9807,93.5302,92.319,11.16,17.95,-22.9527,23.9247,90725700
2016-06-13,180,2015-09-25,2016-06-13,13.6,14.7755,14.9698,92.0444,90.8494,11.16,17.95,-24.234,21.8638,71925000
2016-06-14,180,2015-09-28,2016-06-14,13.26,14.7604,14.9552,89.8352,88.6647,11.16,17.95,-26.1281,18.8172,85377800
2016-06-15,180,2015-09-29,2016-06-15,13.34,14.7479,14.9434,90.4537,89.2702,11.16,17.95,-25.6825,19.5341,100659100
2016-06-16,180,2015-09-30,2016-06-16,13.31,14.7358,14.9321,90.3241,89.1371,11.16,17.95,-25.8496,19.2652,90152000
2016-06-17,180,2015-10-01,2016-06-17,13.4,14.7232,14.9199,91.0126,89.8127,11.16,17.95,-25.3482,20.0717,89022300
2016-06-20,180,2015-10-02,2016-06-20,13.54,14.7117,14.9088,92.0353,90.819,11.16,17.95,-24.5682,21.3262,89874000
2016-06-21,180,2015-10-05,2016-06-21,13.62,14.7017,14.899,92.6426,91.4155,11.16,17.95,-24.1226,22.043,73810800
2016-06-22,180,2015-10-06,2016-06-22,13.61,14.69,14.8874,92.6483,91.4193,11.16,17.95,-24.1783,21.9534,77980500
2016-06-23,180,2015-10-07,2016-06-23,14.04,14.681,14.8783,95.6339,94.3658,11.16,17.95,-21.7827,25.8065,82494600
2016-06-24,180,2015-10-08,2016-06-24,13.0,14.6649,14.863,88.6469,87.4655,11.16,17.95,-27.5766,16.4875,231499200
2016-06-27,180,2015-10-09,2016-06-27,12.18,14.6427,14.8432,83.1812,82.058,11.16,17.95,-32.1449,9.1398,250847700
2016-06-28,180,2015-10-12,2016-06-28,12.7,14.6254,14.8272,86.8352,85.6536,11.16,17.95,-29.2479,13.7993,150136300
2016-06-29,180,2015-10-13,2016-06-29,13.19,14.6119,14.8142,90.2689,89.0361,11.16,17.95,-26.5181,18.19,118484000
2016-06-30,180,2015-10-14,2016-06-30,13.27,14.5989,14.8017,90.897,89.6517,11.16,17.95,-26.0724,18.9068,125773900
2016-07-01,180,2015-10-15,2016-07-01,13.1,14.5843,14.7876,89.8227,88.5877,11.16,17.95,-27.0195,17.3835,88888100
2016-07-05,180,2015-10-16,2016-07-05,12.74,14.5645,14.7684,87.4727,86.265,11.16,17.95,-29.0251,14.1577,98246500
2016-07-06,180,2015-10-19,2016-07-06,12.86,14.546,14.7503,88.409,87.1845,11.16,17.95,-28.3565,15.233,94983300
2016-07-07,180,2015-10-20,2016-07-07,13.01,14.5285,14.7329,89.5479,88.3055,11.16,17.95,-27.5209,16.5771,101100300
2016-07-08,180,2015-10-21,2016-07-08,13.17,14.5119,14.7161,90.7531,89.4938,11.16,17.95,-26.6295,18.0108,92698900
2016-07-11,180,2015-10-22,2016-07-11,13.21,14.4969,14.7012,91.1227,89.8568,11.16,17.95,-26.4067,18.3692,67267300
2016-07-12,180,2015-10-23,2016-07-12,13.54,14.483,14.6866,93.4891,92.1928,11.16,17.95,-24.5682,21.3262,89070600
2016-07-13,180,2015-10-26,2016-07-13,13.44,14.4668,14.6695,92.9023,91.6187,11.16,17.95,-25.1254,20.4301,74595600
2016-07-14,180,2015-10-27,2016-07-14,13.65,14.4521,14.6536,94.4501,93.1511,11.16,17.95,-23.9554,22.3118,97852100
2016-07-15,180,2015-10-28,2016-07-15,13.66,14.4379,14.6384,94.6121,93.3163,11.16,17.95,-23.8997,22.4014,78652500
2016-07-18,180,2015-10-29,2016-07-18,14.11,14.4229,14.6208,97.8308,96.5065,11.16,17.95,-21.3928,26.4337,187187100
2016-07-19,180,2015-10-30,2016-07-19,14.26,14.4095,14.6051,98.9628,97.6374,11.16,17.95,-20.5571,27.7778,96940100
2016-07-20,180,2015-11-02,2016-07-20,14.4,14.3981,14.5918,100.0132,98.6853,11.16,17.95,-19.7772,29.0323,79277900
2016-07-21,180,2015-11-03,2016-07-21,14.27,14.3849,14.5763,99.2012,97.8984,11.16,17.95,-20.5014,27.8674,65376300
2016-07-22,180,2015-11-04,2016-07-22,14.38,14.3719,14.5608,100.0564,98.7585,11.16,17.95,-19.8886,28.853,46604800
2016-07-25,180,2015-11-05,2016-07-25,14.37,14.3595,14.5461,100.073,98.7893,11.16,17.95,-19.9443,28.7634,46420800
2016-07-26,180,2015-11-06,2016-07-26,14.53,14.3469,14.5307,101.2765,99.9954,11.16,17.95,-19.0529,30.1971,60205600
2016-07-27,180,2015-11-09,2016-07-27,14.63,14.3324,14.5122,102.0763,100.8116,11.16,17.85,-18.0392,31.0932,100986000
2016-07-28,180,2015-11-10,2016-07-28,14.68,14.3192,14.4956,102.5194,101.2724,11.16,17.85,-17.7591,31.5412,72049500
2016-07-29,180,2015-11-11,2016-07-29,14.49,14.3045,14.4769,101.2971,100.0906,11.16,17.84,-18.778,29.8387,63276500
2016-08-01,180,2015-11-12,2016-08-01,14.33,14.2892,14.4579,100.2856,99.1154,11.16,17.84,-19.6749,28.405,61460900
2016-08-02,180,2015-11-13,2016-08-02,14.13,14.2742,14.4399,98.9896,97.8539,11.16,17.84,-20.796,26.6129,83776300
2016-08-03,180,2015-11-16,2016-08-03,14.48,14.2619,14.4248,101.5294,100.3828,11.16,17.84,-18.8341,29.7491,65305400
2016-08-04,180,2015-11-17,2016-08-04,14.48,14.2487,14.4084,101.6234,100.497,11.16,17.84,-18.8341,29.7491,46176600
2016-08-05,180,2015-11-18,2016-08-05,15.05,14.2385,14.3952,105.6994,104.5486,11.16,17.84,-15.639,34.8566,120947800
2016-08-08,180,2015-11-19,2016-08-08,15.13,14.2272,14.3802,106.3456,105.2144,11.16,17.81,-15.0477,35.5735,71960300
2016-08-09,180,2015-11-20,2016-08-09,15.19,14.2167,14.3663,106.8459,105.7337,11.16,17.81,-14.7108,36.1111,49973300
2016-08-10,180,2015-11-23,2016-08-10,14.81,14.2046,14.3505,104.2624,103.202,11.16,17.81,-16.8445,32.7061,79080700
2016-08-11,180,2015-11-24,2016-08-11,14.88,14.1934,14.3361,104.8375,103.7938,11.16,17.81,-16.4514,33.3333,68945400
2016-08-12,180,2015-11-25,2016-08-12,14.91,14.1824,14.3219,105.1303,104.1064,11.16,17.81,-16.283,33.6022,63031300
2016-08-15,180,2015-11-27,2016-08-15,15.02,14.1721,14.3084,105.983,104.973,11.16,17.81,-15.6654,34.5878,48592100
2016-08-16,180,2015-11-30,2016-08-16,15.17,14.1624,14.2956,107.1148,106.1165,11.16,17.81,-14.8231,35.9319,80307500
2016-08-17,180,2015-12-01,2016-08-17,15.15,14.1528,14.2829,107.0463,106.0706,11.16,17.81,-14.9354,35.7527,93407300
2016-08-18,180,2015-12-02,2016-08-18,15.16,14.1418,14.2682,107.1996,106.2501,11.16,17.8,-14.8315,35.8423,62804300
2016-08-19,180,2015-12-03,2016-08-19,15.22,14.1319,14.2549,107.6995,106.7704,11.16,17.8,-14.4944,36.3799,59834800
2016-08-22,180,2015-12-04,2016-08-22,15.18,14.123,14.2431,107.4846,106.5778,11.16,17.8,-14.7191,36.0215,60877100
2016-08-23,180,2015-12-07,2016-08-23,15.35,14.113,14.2295,108.7648,107.8745,11.16,17.75,-13.5211,37.5448,67817900
2016-08-24,180,2015-12-08,2016-08-24,15.4,14.1043,14.2176,109.1868,108.3164,11.16,17.75,-13.2394,37.9928,65484900
2016-08-25,180,2015-12-09,2016-08-25,15.53,14.0974,14.2084,110.1622,109.3016,11.16,17.75,-12.507,39.1577,67714400
2016-08-26,180,2015-12-10,2016-08-26,15.79,14.092,14.2011,112.0491,111.1885,11.16,17.75,-11.0423,41.4875,126886300
2016-08-29,180,2015-12-11,2016-08-29,15.84,14.0865,14.1936,112.4478,111.5999,11.16,17.75,-10.7606,41.9355,120144900
2016-08-30,180,2015-12-14,2016-08-30,16.19,14.0843,14.1906,114.9504,114.09,11.16,17.75,-8.7887,45.0717,121280600
2016-08-31,180,2015-12-15,2016-08-31,16.14,14.0817,14.1869,114.6172,113.767,11.16,17.75,-9.0704,44.6236,127664300
2016-09-01,180,2015-12-16,2016-09-01,15.98,14.076,14.1789,113.5269,112.7028,11.16,17.75,-9.9718,43.19,128812600
2016-09-02,180,2015-12-17,2016-09-02,16.0,14.0692,14.1692,113.7237,112.9212,11.16,17.34,-7.7278,43.3692,100997300
2016-09-06,180,2015-12-18,2016-09-06,15.78,14.0631,14.1607,112.2089,111.435,11.16,17.34,-8.9965,41.3978,96542200
2016-09-07,180,2015-12-21,2016-09-07,15.7,14.0586,14.1548,111.6751,110.9162,11.16,17.34,-9.4579,40.681,63310300
2016-09-08,180,2015-12-22,2016-09-08,15.86,14.0541,14.1487,112.8496,112.0954,11.16,17.34,-8.5352,42.1147,69292700
2016-09-09,180,2015-12-23,2016-09-09,15.74,14.0486,14.1412,112.0393,111.3058,11.16,17.34,-9.2272,41.0394,135182500
2016-09-12,180,2015-12-24,2016-09-12,15.9,14.0429,14.1332,113.2243,112.5009,11.16,17.28,-7.9861,42.4731,109724000
2016-09-13,180,2015-12-28,2016-09-13,15.72,14.0367,14.1246,111.9924,111.2951,11.16,17.28,-9.0278,40.8602,89317600
2016-09-14,180,2015-12-29,2016-09-14,15.63,14.0305,14.1163,111.3999,110.7232,11.16,17.28,-9.5486,40.0538,75528100
2016-09-15,180,2015-12-30,2016-09-15,15.67,14.024,14.1073,111.7367,111.077,11.16,17.05,-8.0938,40.4122,67322600
2016-09-16,180,2015-12-31,2016-09-16,15.49,14.0176,14.0987,110.5041,109.8685,11.16,16.83,-7.962,38.7993,90926200
2016-09-19,180,2016-01-04,2016-09-19,15.59,14.0124,14.0918,111.2584,110.6319,11.16,16.43,-5.1126,39.6953,66186400
2016-09-20,180,2016-01-05,2016-09-20,15.6,14.0089,14.0872,111.3578,110.7391,11.16,16.43,-5.0517,39.7849,68210400
2016-09-21,180,2016-01-06,2016-09-21,15.65,14.0056,14.0828,111.7411,111.1282,11.16,16.19,-3.3354,40.233,95464600
2016-09-22,180,2016-01-07,2016-09-22,15.6,14.0035,14.0802,111.4007,110.7941,11.16,16.19,-3.6442,39.7849,75611300
2016-09-23,180,2016-01-08,2016-09-23,15.52,14.0036,14.0803,110.8287,110.2251,11.16,16.19,-4.1384,39.0681,51604400
2016-09-26,180,2016-01-11,2016-09-26,15.09,14.0031,14.0797,107.7621,107.1758,11.16,16.19,-6.7943,35.2151,94972100
2016-09-27,180,2016-01-12,2016-09-27,15.29,14.003,14.0796,109.191,108.5972,11.16,16.19,-5.559,37.0072,81992600
2016-09-28,180,2016-01-13,2016-09-28,15.38,14.0033,14.0799,109.8312,109.2334,11.16,16.19,-5.0031,37.8136,66076400
2016-09-29,180,2016-01-14,2016-09-29,15.16,14.0046,14.0814,108.2505,107.6598,11.16,16.19,-6.362,35.8423,78997700
2016-09-30,180,2016-01-15,2016-09-30,15.65,14.0076,14.0851,111.7249,111.1107,11.16,16.19,-3.3354,40.233,119428700
2016-10-03,180,2016-01-19,2016-10-03,15.63,14.0133,14.0916,111.5371,110.9175,11.16,16.19,-3.4589,40.0538,69873100
2016-10-04,180,2016-01-20,2016-10-04,15.8,14.0208,14.1002,112.6894,112.055,11.16,16.19,-2.4089,41.5771,98501500
2016-10-05,180,2016-01-21,2016-10-05,16.11,14.0328,14.1137,114.8022,114.1447,11.16,16.19,-0.4941,44.3548,86056900
2016-10-06,180,2016-01-22,2016-10-06,16.22,14.0473,14.1296,115.4671,114.7948,11.16,16.22,0.0,45.3405,75886700
2016-10-07,180,2016-01-25,2016-10-07,16.13,14.0602,14.1438,114.7212,114.0426,11.16,16.22,-0.5549,44.534,99605400
2016-10-10,180,2016-01-26,2016-10-10,16.3,14.0776,14.1624,115.7871,115.0936,11.16,16.3,0.0,46.0573,64158500
2016-10-11,180,2016-01-27,2016-10-11,16.11,14.092,14.1779,114.3205,113.6272,11.16,16.3,-1.1656,44.3548,77374000
2016-10-12,180,2016-01-28,2016-10-12,16.03,14.1057,14.1928,113.6418,112.9448,11.16,16.3,-1.6564,43.638,67165800
2016-10-13,180,2016-01-29,2016-10-13,15.83,14.1176,14.2056,112.1295,111.4353,11.16,16.3,-2.8834,41.8459,78637000
2016-10-14,180,2016-02-01,2016-10-14,16.0,14.1267,14.2159,113.2606,112.5501,11.16,16.3,-1.8405,43.3692,108865700
2016-10-17,180,2016-02-02,2016-10-17,16.05,14.1371,14.2275,113.5314,112.8097,11.16,16.3,-1.5337,43.8172,101795500
2016-10-18,180,2016-02-03,2016-10-18,16.26,14.1527,14.2443,114.8896,114.1507,11.16,16.3,-0.2454,45.6989,71433100
2016-10-19,180,2016-02-04,2016-10-19,16.47,14.1706,14.2634,116.2267,115.47,11.16,16.47,0.0,47.5806,97969000
2016-10-20,180,2016-02-05,2016-10-20,16.56,14.1874,14.2818,116.7231,115.9515,11.16,16.56,0.0,48.3871,88081200
2016-10-21,180,2016-02-08,2016-10-21,16.67,14.2067,14.3025,117.3388,116.5531,11.16,16.67,0.0,49.3728,77954900
2016-10-24,180,2016-02-09,2016-10-24,16.77,14.2313,14.3275,117.8389,117.0476,11.16,16.77,0.0,50.2688,68244800
2016-10-25,180,2016-02-10,2016-10-25,16.72,14.2563,14.3526,117.2818,116.4945,11.16,16.77,-0.2982,49.8208,49350300
2016-10-26,180,2016-02-11,2016-10-26,16.87,14.2836,14.3798,118.1072,117.3175,11.16,16.87,0.0,51.1649,58730400
2016-10-27,180,2016-02-12,2016-10-27,16.91,14.3183,14.4117,118.101,117.335,11.95,16.91,0.0,41.5063,97937300
2016-10-28,180,2016-02-16,2016-10-28,16.68,14.3453,14.438,116.2747,115.5285,12.13,16.91,-1.3601,37.5103,115123600
2016-10-31,180,2016-02-17,2016-10-31,16.5,14.3694,14.4616,114.8272,114.0952,12.13,16.91,-2.4246,36.0264,70387600
2016-11-01,180,2016-02-18,2016-11-01,16.61,14.3917,14.4841,115.4136,114.6774,12.13,16.91,-1.7741,36.9332,88587100
2016-11-02,180,2016-02-19,2016-11-02,16.48,14.4159,14.5077,114.3179,113.5951,12.13,16.91,-2.5429,35.8615,119202000
2016-11-03,180,2016-02-22,2016-11-03,16.48,14.4411,14.5318,114.1186,113.4062,12.13,16.91,-2.5429,35.8615,69690400
2016-11-04,180,2016-02-23,2016-11-04,16.55,14.4635,14.5541,114.4257,113.7136,12.13,16.91,-2.1289,36.4386,82437400
2016-11-07,180,2016-02-24,2016-11-07,17.01,14.4908,14.5811,117.3845,116.6582,12.13,17.01,0.0,40.2308,91581900
2016-11-08,180,2016-02-25,2016-11-08,17.0,14.5184,14.6081,117.0925,116.3737,12.18,17.01,-0.0588,39.5731,95842800
2016-11-09,180,2016-02-26,2016-11-09,17.97,14.5484,14.6395,123.5189,122.7501,12.18,17.97,0.0,47.5369,319516900
2016-11-10,180,2016-02-29,2016-11-10,18.76,14.5784,14.6732,128.6839,127.8524,12.18,18.76,0.0,54.023,304986400
2016-11-11,180,2016-03-01,2016-11-11,19.02,14.6107,14.7093,130.179,129.3061,12.18,19.02,0.0,56.1576,212952500
2016-11-14,180,2016-03-02,2016-11-14,20.08,14.6416,14.7476,137.1437,136.1582,12.18,20.08,0.0,64.8604,320959900
2016-11-15,180,2016-03-03,2016-11-15,20.16,14.6714,14.7851,137.4105,136.3539,12.18,20.16,0.0,65.5172,190293100
2016-11-16,180,2016-03-04,2016-11-16,19.75,14.6995,14.8198,134.3587,133.2679,12.18,20.16,-2.0337,62.1511,126734500
2016-11-17,180,2016-03-07,2016-11-17,20.08,14.7284,14.8561,136.3354,135.1632,12.18,20.16,-0.3968,64.8604,167979200
2016-11-18,180,2016-03-08,2016-11-18,20.0,14.7573,14.8921,135.5265,134.2998,12.18,20.16,-0.7937,64.2036,120620200
2016-11-21,180,2016-03-09,2016-11-21,20.33,14.7905,14.9324,137.4535,136.1465,12.18,20.33,0.0,66.913,117479100
2016-11-22,180,2016-03-10,2016-11-22,20.3,14.8232,14.9722,136.9479,135.5844,12.18,20.33,-0.1476,66.6667,104771800
2016-11-23,180,2016-03-11,2016-11-23,20.56,14.8558,15.0127,138.3967,136.9505,12.18,20.56,0.0,68.8013,110801300
2016-11-25,180,2016-03-14,2016-11-25,20.86,14.886,15.052,140.1313,138.5862,12.18,20.86,0.0,71.2644,62610400
2016-11-28,180,2016-03-15,2016-11-28,20.3,14.9157,15.089,136.0981,134.5351,12.18,20.86,-2.6846,66.6667,108651200
2016-11-29,180,2016-03-16,2016-11-29,20.29,14.9459,15.1263,135.756,134.1369,12.18,20.86,-2.7325,66.5846,114216800
2016-11-30,180,2016-03-17,2016-11-30,21.12,14.9805,15.1697,140.9833,139.2247,12.18,21.12,0.0,73.399,191699600
2016-12-01,180,2016-03-18,2016-12-01,21.5,15.0156,15.2147,143.1841,141.3105,12.18,21.5,0.0,76.5189,199233900
2016-12-02,180,2016-03-21,2016-12-02,21.23,15.0475,15.2561,141.0863,139.1579,12.18,21.5,-1.2558,74.3021,128468700
2016-12-05,180,2016-03-22,2016-12-05,21.84,15.0809,15.3005,144.819,142.7404,12.18,21.84,0.0,79.3103,130377300
2016-12-06,180,2016-03-23,2016-12-06,22.16,15.1158,15.3472,146.6017,144.3915,12.18,22.16,0.0,81.9376,120789200
2016-12-07,180,2016-03-24,2016-12-07,22.57,15.1528,15.3969,148.949,146.5881,12.18,22.57,0.0,85.3038,168005200
2016-12-08,180,2016-03-28,2016-12-08,22.95,15.1906,15.4484,151.0804,148.5592,12.18,22.95,0.0,88.4237,182693900
2016-12-09,180,2016-03-29,2016-12-09,23.09,15.2293,15.501,151.6157,148.9581,12.18,23.09,0.0,89.5731,130590400
2016-12-12,180,2016-03-30,2016-12-12,22.61,15.2684,15.5521,148.0835,145.3827,12.18,23.09,-2.0788,85.6322,136986000
2016-12-13,180,2016-03-31,2016-12-13,22.61,15.3073,15.6028,147.7072,144.9101,12.18,23.09,-2.0788,85.6322,118204100
2016-12-14,180,2016-04-01,2016-12-14,22.67,15.3463,15.6536,147.7232,144.8228,12.18,23.09,-1.819,86.1248,225340900
2016-12-15,180,2016-04-04,2016-12-15,23.16,15.3864,15.7069,150.5228,147.4507,12.18,23.16,0.0,90.1478,162025800
2016-12-16,180,2016-04-05,2016-12-16,22.66,15.4258,15.7578,146.8969,143.802,12.18,23.16,-2.1589,86.0427,147497700
2016-12-19,180,2016-04-06,2016-12-19,22.48,15.4673,15.8094,145.3387,142.194,12.18,23.16,-2.9361,84.5649,97508900
2016-12-20,180,2016-04-07,2016-12-20,22.71,15.5091,15.8618,146.4305,143.1739,12.18,23.16,-1.943,86.4532,83879500
2016-12-21,180,2016-04-08,2016-12-21,22.63,15.5541,15.9162,145.4919,142.1825,12.18,23.16,-2.2884,85.7964,61079100
2016-12-22,180,2016-04-11,2016-12-22,22.54,15.599,15.9698,144.4966,141.1411,12.18,23.16,-2.677,85.0575,67123500
2016-12-23,180,2016-04-12,2016-12-23,22.6,15.6435,16.0233,144.4687,141.0443,12.18,23.16,-2.418,85.5501,38187800
2016-12-27,180,2016-04-13,2016-12-27,22.61,15.686,16.0752,144.1416,140.6513,12.18,23.16,-2.3748,85.6322,39988600
2016-12-28,180,2016-04-14,2016-12-28,22.33,15.724,16.1227,142.0126,138.5007,12.18,23.16,-3.5838,83.3333,52652900
2016-12-29,180,2016-04-15,2016-12-29,22.0,15.7587,16.1663,139.605,136.0853,12.18,23.16,-5.0086,80.624,79188400
2016-12-30,180,2016-04-18,2016-12-30,22.1,15.7949,16.2113,139.9182,136.3244,12.18,23.16,-4.5769,81.445,72605900
2017-01-03,180,2016-04-19,2017-01-03,22.53,15.8313,16.2578,142.3128,138.5798,12.18,23.16,-2.7202,84.9754,99298100
2017-01-04,180,2016-04-20,2017-01-04,22.95,15.8671,16.305,144.639,140.7544,12.18,23.16,-0.9067,88.4237,76875100
2017-01-05,180,2016-04-21,2017-01-05,22.68,15.8992,16.3481,142.6489,138.7321,12.18,23.16,-2.0725,86.2069,86826400
2017-01-06,180,2016-04-22,2017-01-06,22.68,15.9316,16.3913,142.3589,138.3663,12.18,23.16,-2.0725,86.2069,66281500
2017-01-09,180,2016-04-25,2017-01-09,22.55,15.9624,16.4326,141.2693,137.2271,12.18,23.16,-2.6339,85.1396,75901500
2017-01-10,180,2016-04-26,2017-01-10,22.94,15.9954,16.4769,143.4162,139.2248,12.18,23.16,-0.9499,88.3416,100977700
2017-01-11,180,2016-04-27,2017-01-11,23.07,16.0281,16.5213,143.9352,139.6381,12.18,23.16,-0.3886,89.4089,92385600
2017-01-12,180,2016-04-28,2017-01-12,22.92,16.0609,16.5652,142.7071,138.3626,12.18,23.16,-1.0363,88.1773,120474200
2017-01-13,180,2016-04-29,2017-01-13,23.01,16.0956,16.6108,142.9587,138.5241,12.18,23.16,-0.6477,88.9163,161930900
2017-01-17,180,2016-05-02,2017-01-17,22.05,16.1292,16.6524,136.7085,132.413,12.18,23.16,-4.7928,81.0345,152495900
2017-01-18,180,2016-05-03,2017-01-18,22.63,16.1633,16.6961,140.0088,135.5405,12.18,23.16,-2.2884,85.7964,124366000
2017-01-19,180,2016-05-04,2017-01-19,22.53,16.2,16.7415,139.0741,134.5758,12.18,23.16,-2.7202,84.9754,75990800
2017-01-20,180,2016-05-05,2017-01-20,22.64,16.2389,16.7888,139.4185,134.852,12.18,23.16,-2.2453,85.8785,102564900
2017-01-23,180,2016-05-06,2017-01-23,22.56,16.2783,16.8361,138.5893,133.9981,12.18,23.16,-2.5907,85.2217,61385600
2017-01-24,180,2016-05-09,2017-01-24,22.95,16.3186,16.8852,140.6371,135.9181,12.18,23.16,-0.9067,88.4237,98508700
2017-01-25,180,2016-05-10,2017-01-25,23.37,16.3611,16.9373,142.8384,137.9797,12.18,23.37,0.0,91.8719,99753300
2017-01-26,180,2016-05-11,2017-01-26,23.44,16.4018,16.9881,142.9111,137.9793,12.18,23.44,0.0,92.4466,84146400
2017-01-27,180,2016-05-12,2017-01-27,23.36,16.4432,17.0389,142.065,137.0977,12.18,23.44,-0.3413,91.7898,54590200
2017-01-30,180,2016-05-13,2017-01-30,22.95,16.4841,17.0879,139.2254,134.3057,12.18,23.44,-2.0904,88.4237,91561200
2017-01-31,180,2016-05-16,2017-01-31,22.64,16.5262,17.1366,136.9942,132.1152,12.18,23.44,-3.413,85.8785,91044300
2017-02-01,180,2016-05-17,2017-02-01,22.89,16.569,17.1863,138.1496,133.1872,12.18,23.44,-2.3464,87.931,103630900
2017-02-02,180,2016-05-18,2017-02-02,22.72,16.6108,17.2347,136.7782,131.8269,12.18,23.44,-3.0717,86.5353,88679100
2017-02-03,180,2016-05-19,2017-02-03,23.29,16.6495,17.2825,139.8845,134.7606,12.18,23.44,-0.6399,91.2151,116035100
2017-02-06,180,2016-05-20,2017-02-06,23.12,16.6889,17.3302,138.535,133.4086,12.18,23.44,-1.3652,89.8194,92228400
2017-02-07,180,2016-05-23,2017-02-07,22.9,16.728,17.3768,136.8961,131.7851,12.18,23.44,-2.3038,88.0131,87982900
2017-02-08,180,2016-05-24,2017-02-08,22.67,16.767,17.4223,135.2063,130.1203,12.18,23.44,-3.285,86.1248,102264500
2017-02-09,180,2016-05-25,2017-02-09,23.12,16.8059,17.4692,137.5708,132.3471,12.18,23.44,-1.3652,89.8194,102634200
2017-02-10,180,2016-05-26,2017-02-10,23.08,16.8432,17.5146,137.0289,131.7761,12.18,23.44,-1.5358,89.491,90548300
2017-02-13,180,2016-05-27,2017-02-13,23.4,16.8831,17.5629,138.6,133.2355,12.18,23.44,-0.1707,92.1182,105342500
2017-02-14,180,2016-05-31,2017-02-14,24.06,16.9238,17.6139,142.1665,136.5967,12.18,24.06,0.0,97.5369,139711400
2017-02-15,180,2016-06-01,2017-02-15,24.58,16.9668,17.6683,144.8713,139.1194,12.18,24.58,0.0,101.8062,151233300
2017-02-16,180,2016-06-02,2017-02-16,24.58,17.0094,17.7223,144.508,138.6955,12.18,24.58,0.0,101.8062,98144500
2017-02-17,180,2016-06-03,2017-02-17,24.52,17.0516,17.7755,143.799,137.9427,12.18,24.58,-0.2441,101.3136,85789200
2017-02-21,180,2016-06-06,2017-02-21,24.78,17.0985,17.8331,144.9246,138.9554,12.18,24.78,0.0,103.4483,78571500
2017-02-22,180,2016-06-07,2017-02-22,24.79,17.145,17.8901,144.5902,138.5682,12.18,24.79,0.0,103.5304,81531900
2017-02-23,180,2016-06-08,2017-02-23,24.58,17.1925,17.9469,142.9693,136.9592,12.18,24.79,-0.8471,101.8062,85846000
2017-02-24,180,2016-06-09,2017-02-24,24.23,17.2387,18.0014,140.5562,134.6007,12.18,24.79,-2.259,98.9327,97074400
2017-02-27,180,2016-06-10,2017-02-27,24.57,17.288,18.0591,142.1221,136.0536,12.18,24.79,-0.8875,101.7241,69129100
2017-02-28,180,2016-06-13,2017-02-28,24.68,17.3409,18.1193,142.3225,136.2081,12.18,24.79,-0.4437,102.6273,90242000
2017-03-01,180,2016-06-14,2017-03-01,25.5,17.3984,18.1854,146.5651,140.222,12.18,25.5,0.0,109.3596,143947500
2017-03-02,180,2016-06-15,2017-03-02,25.23,17.4588,18.2519,144.5118,138.2318,12.18,25.5,-1.0588,107.1429,99824600
2017-03-03,180,2016-06-16,2017-03-03,25.44,17.5194,18.3192,145.2107,138.871,12.18,25.5,-0.2353,108.867,92456100
2017-03-06,180,2016-06-17,2017-03-06,25.25,17.5802,18.3855,143.6278,137.3365,12.18,25.5,-0.9804,107.3071,75660400
2017-03-07,180,2016-06-20,2017-03-07,25.21,17.6404,18.4511,142.9106,136.6313,12.18,25.5,-1.1373,106.9786,64053700
2017-03-08,180,2016-06-21,2017-03-08,25.26,17.6998,18.5162,142.7132,136.4209,12.18,25.5,-0.9412,107.3892,105314600
2017-03-09,180,2016-06-22,2017-03-09,25.35,17.7592,18.5814,142.7432,136.4268,12.18,25.5,-0.5882,108.1281,78984600
2017-03-10,180,2016-06-23,2017-03-10,25.31,17.8189,18.6464,142.0404,135.7367,12.18,25.5,-0.7451,107.7997,86998800
2017-03-13,180,2016-06-24,2017-03-13,25.3,17.875,18.7089,141.5387,135.2294,12.18,25.5,-0.7843,107.7176,56886200
2017-03-14,180,2016-06-27,2017-03-14,25.32,17.9417,18.7774,141.1241,134.843,12.18,25.5,-0.7059,107.8818,63182700
2017-03-15,180,2016-06-28,2017-03-15,25.18,18.0178,18.8496,139.7508,133.5837,12.7,25.5,-1.2549,98.2677,114662700
2017-03-16,180,2016-06-29,2017-03-16,25.22,18.0886,18.9192,139.4252,133.304,12.74,25.5,-1.098,97.9592,70306200
2017-03-17,180,2016-06-30,2017-03-17,24.86,18.1535,18.984,136.9434,130.9524,12.74,25.5,-2.5098,95.1334,105222400
2017-03-20,180,2016-07-01,2017-03-20,24.44,18.2168,19.0461,134.1622,128.3205,12.74,25.5,-4.1569,91.8367,87287500
2017-03-21,180,2016-07-05,2017-03-21,23.02,18.2776,19.1012,125.9465,120.5162,12.74,25.5,-9.7255,80.6907,259545800
2017-03-22,180,2016-07-06,2017-03-22,22.94,18.3426,19.1578,125.064,119.7421,12.86,25.5,-10.0392,78.3826,167984400
2017-03-23,180,2016-07-07,2017-03-23,23.07,18.4072,19.2146,125.3316,120.0652,13.01,25.5,-9.5294,77.3251,111666800
2017-03-24,180,2016-07-08,2017-03-24,23.12,18.4707,19.2707,125.1716,119.9748,13.17,25.5,-9.3333,75.5505,113499100
2017-03-27,180,2016-07-11,2017-03-27,23.03,18.5325,19.3255,124.2684,119.169,13.21,25.5,-9.6863,74.3376,119513500
2017-03-28,180,2016-07-12,2017-03-28,23.48,18.5959,19.3826,126.2646,121.1399,13.44,25.5,-7.9216,74.7024,95761700
2017-03-29,180,2016-07-13,2017-03-29,23.35,18.6557,19.4371,125.163,120.1314,13.44,25.5,-8.4314,73.7351,67204500
2017-03-30,180,2016-07-14,2017-03-30,23.87,18.7187,19.495,127.5193,122.4417,13.65,25.5,-6.3922,74.8718,79189200
2017-03-31,180,2016-07-15,2017-03-31,23.59,18.779,19.5502,125.6189,120.6636,13.66,25.5,-7.4902,72.694,77158300
2017-04-03,180,2016-07-18,2017-04-03,23.59,18.8396,19.6054,125.215,120.3241,14.11,25.5,-7.4902,67.1864,88076600
2017-04-04,180,2016-07-19,2017-04-04,23.44,18.8954,19.6572,124.0515,119.2437,14.13,25.5,-8.0784,65.8882,75244400
2017-04-05,180,2016-07-20,2017-04-05,23.17,18.949,19.7067,122.2754,117.5741,14.13,25.5,-9.1373,63.9774,97453300
2017-04-06,180,2016-07-21,2017-04-06,23.26,19.0019,19.7559,122.4086,117.7367,14.13,25.5,-8.7843,64.6143,82975200
2017-04-07,180,2016-07-22,2017-04-07,23.16,19.0561,19.8053,121.5362,116.9382,14.13,25.5,-9.1765,63.9066,79519400
2017-04-10,180,2016-07-25,2017-04-10,23.02,19.1089,19.8533,120.4677,115.9503,14.13,25.5,-9.7255,62.9158,63254700
2017-04-11,180,2016-07-26,2017-04-11,22.92,19.1617,19.9008,119.6138,115.1711,14.13,25.5,-10.1176,62.2081,94206700
2017-04-12,180,2016-07-27,2017-04-12,22.65,19.2121,19.9459,117.8943,113.5569,14.13,25.5,-11.1765,60.2972,76556300
2017-04-13,180,2016-07-28,2017-04-13,22.34,19.2606,19.9888,115.988,111.7627,14.13,25.5,-12.3922,58.1033,88061800
2017-04-17,180,2016-07-29,2017-04-17,22.81,19.3108,20.0339,118.1205,113.8568,14.13,25.5,-10.549,61.4296,85053200
2017-04-18,180,2016-08-01,2017-04-18,22.71,19.3627,20.0796,117.2875,113.0998,14.13,25.5,-10.9412,60.7219,146488400
2017-04-19,180,2016-08-02,2017-04-19,22.74,19.4166,20.1263,117.1164,112.9863,14.13,25.5,-10.8235,60.9342,101771800
2017-04-20,180,2016-08-03,2017-04-20,23.07,19.4742,20.176,118.4645,114.3438,14.48,25.5,-9.5294,59.3232,103802600
2017-04-21,180,2016-08-04,2017-04-21,22.71,19.5271,20.2217,116.3001,112.305,14.48,25.5,-10.9412,56.837,127235400
2017-04-24,180,2016-08-05,2017-04-24,23.63,19.5839,20.2726,120.6605,116.5615,14.81,25.5,-7.3333,59.5543,138638900
2017-04-25,180,2016-08-08,2017-04-25,23.98,19.6367,20.3222,122.118,117.9992,14.81,25.5,-5.9608,61.9176,131531100
2017-04-26,180,2016-08-09,2017-04-26,23.89,19.6888,20.3708,121.338,117.2755,14.81,25.5,-6.3137,61.3099,95172200
2017-04-27,180,2016-08-10,2017-04-27,23.65,19.7396,20.4178,119.8096,115.8301,14.81,25.5,-7.2549,59.6894,80024200
2017-04-28,180,2016-08-11,2017-04-28,23.34,19.7932,20.4652,117.9192,114.0471,14.88,25.5,-8.4706,56.8548,69384900
2017-05-01,180,2016-08-12,2017-05-01,23.61,19.8474,20.5137,118.9574,115.0937,14.91,25.5,-7.4118,58.3501,72382900
2017-05-02,180,2016-08-15,2017-05-02,23.53,19.9014,20.5616,118.2331,114.4366,15.02,25.5,-7.7255,56.6578,60262600
2017-05-03,180,2016-08-16,2017-05-03,23.77,19.9554,20.6102,119.1154,115.3311,15.09,25.5,-6.7843,57.5215,64272800
2017-05-04,180,2016-08-17,2017-05-04,23.85,20.0087,20.6584,119.1984,115.4492,15.09,25.5,-6.4706,58.0517,68133400
2017-05-05,180,2016-08-18,2017-05-05,23.74,20.0619,20.7062,118.3337,114.6518,15.09,25.5,-6.902,57.3227,56678800
2017-05-08,180,2016-08-19,2017-05-08,23.96,20.1162,20.7551,119.1078,115.4417,15.09,25.5,-6.0392,58.7806,56016500
2017-05-09,180,2016-08-22,2017-05-09,23.98,20.1703,20.8037,118.8875,115.2678,15.09,25.5,-5.9608,58.9132,61622000
2017-05-10,180,2016-08-23,2017-05-10,24.15,20.2258,20.8536,119.402,115.8076,15.09,25.5,-5.2941,60.0398,48495300
2017-05-11,180,2016-08-24,2017-05-11,24.07,20.2796,20.902,118.6909,115.1564,15.09,25.5,-5.6078,59.5096,68350800
2017-05-12,180,2016-08-25,2017-05-12,24.0,20.3329,20.9498,118.0355,114.5597,15.09,25.5,-5.8824,59.0457,62589000
2017-05-15,180,2016-08-26,2017-05-15,24.06,20.3854,20.9972,118.0254,114.5869,15.09,25.5,-5.6471,59.4433,50688800
2017-05-16,180,2016-08-29,2017-05-16,23.99,20.4355,21.0427,117.3935,114.0062,15.09,25.5,-5.9216,58.9795,55774800
2017-05-17,180,2016-08-30,2017-05-17,22.57,20.4793,21.0801,110.2088,107.0677,15.09,25.5,-11.4902,49.5693,190353300
2017-05-18,180,2016-08-31,2017-05-18,22.74,20.5208,21.1165,110.8141,107.6883,15.09,25.5,-10.8235,50.6958,108444100
2017-05-19,180,2016-09-01,2017-05-19,23.05,20.5644,21.1549,112.0869,108.9583,15.09,25.5,-9.6078,52.7502,89566700
2017-05-22,180,2016-09-02,2017-05-22,23.04,20.6095,21.1941,111.7929,108.7094,15.09,25.5,-9.6471,52.6839,74839400
2017-05-23,180,2016-09-06,2017-05-23,23.39,20.6562,21.2352,113.2345,110.1475,15.09,25.5,-8.2745,55.0033,79020000
2017-05-24,180,2016-09-07,2017-05-24,23.36,20.7051,21.2773,112.8224,109.7885,15.09,25.5,-8.3922,54.8045,58823200
2017-05-25,180,2016-09-08,2017-05-25,23.25,20.7545,21.3192,112.024,109.0565,15.09,25.5,-8.8235,54.0755,60443500
2017-05-26,180,2016-09-09,2017-05-26,23.24,20.8025,21.3602,111.7173,108.8004,15.09,25.5,-8.8627,54.0093,50399500
2017-05-30,180,2016-09-12,2017-05-30,22.91,20.8504,21.4001,109.8779,107.0558,15.09,25.5,-10.1569,51.8224,61307900
2017-05-31,180,2016-09-13,2017-05-31,22.41,20.8946,21.4362,107.2524,104.5427,15.09,25.5,-12.1176,48.5089,138636300
2017-06-01,180,2016-09-14,2017-06-01,22.63,20.9419,21.4746,108.0611,105.3803,15.09,25.5,-11.2549,49.9669,69725100
2017-06-02,180,2016-09-15,2017-06-02,22.45,20.9893,21.5125,106.9591,104.3579,15.09,25.5,-11.9608,48.774,79722300
2017-06-05,180,2016-09-16,2017-06-05,22.41,21.0364,21.5499,106.5296,103.991,15.09,25.5,-12.1176,48.5089,51590300
2017-06-06,180,2016-09-19,2017-06-06,22.23,21.0846,21.5874,105.4322,102.9768,15.09,25.5,-12.8235,47.3161,71735600
2017-06-07,180,2016-09-20,2017-06-07,22.6,21.1339,21.6263,106.9372,104.5022,15.09,25.5,-11.3725,49.7681,66429700
2017-06-08,180,2016-09-21,2017-06-08,22.97,21.185,21.6673,108.4255,106.0124,15.09,25.5,-9.9216,52.22,93685900
2017-06-09,180,2016-09-22,2017-06-09,23.67,21.2392,21.7118,111.445,109.0189,15.09,25.5,-7.1765,56.8588,108254300
2017-06-12,180,2016-09-23,2017-06-12,23.78,21.2946,21.7573,111.6716,109.2968,15.09,25.5,-6.7451,57.5878,85829900
2017-06-13,180,2016-09-26,2017-06-13,23.77,21.3511,21.8031,111.3294,109.0211,15.09,25.5,-6.7843,57.5215,68047300
2017-06-14,180,2016-09-27,2017-06-14,23.76,21.4125,21.8513,110.9633,108.7351,15.16,25.5,-6.8235,56.7282,102352400
2017-06-15,180,2016-09-28,2017-06-15,23.54,21.471,21.8971,109.6361,107.5028,15.16,25.5,-7.6863,55.2771,69707500
2017-06-16,180,2016-09-29,2017-06-16,23.43,21.5284,21.9418,108.833,106.7823,15.16,25.5,-8.1176,54.5515,57745800
2017-06-19,180,2016-09-30,2017-06-19,23.91,21.5907,21.9904,110.742,108.729,15.63,25.5,-6.2353,52.975,58587800
2017-06-20,180,2016-10-03,2017-06-20,23.49,21.6461,22.034,108.5184,106.608,15.63,25.5,-7.8824,50.2879,59693500
2017-06-21,180,2016-10-04,2017-06-21,23.13,21.7002,22.0757,106.5887,104.776,15.8,25.5,-9.2941,46.3924,72432800
2017-06-22,180,2016-10-05,2017-06-22,22.93,21.7518,22.1153,105.4164,103.684,15.83,25.5,-10.0784,44.8515,64763300
2017-06-23,180,2016-10-06,2017-06-23,22.82,21.7999,22.1526,104.6793,103.0129,15.83,25.5,-10.5098,44.1567,85399600
2017-06-26,180,2016-10-07,2017-06-26,22.89,21.8475,22.1896,104.7719,103.1564,15.83,25.5,-10.2353,44.5989,61307800
2017-06-27,180,2016-10-10,2017-06-27,23.27,21.898,22.2293,106.2653,104.6818,15.83,25.5,-8.7451,46.9994,88257800
2017-06-28,180,2016-10-11,2017-06-28,23.88,21.95,22.2714,108.7926,107.2228,15.83,25.5,-6.3529,50.8528,119049300
2017-06-29,180,2016-10-12,2017-06-29,24.32,22.0063,22.317,110.514,108.9752,15.83,25.5,-4.6275,53.6323,150501200
2017-06-30,180,2016-10-13,2017-06-30,24.26,22.0633,22.3627,109.9562,108.4841,15.83,25.5,-4.8627,53.2533,84005200
2017-07-03,180,2016-10-14,2017-07-03,24.68,22.1248,22.4119,111.5492,110.1201,16.0,25.5,-3.2157,54.25,58129700
2017-07-05,180,2016-10-17,2017-07-05,24.92,22.1858,22.4614,112.3242,110.9457,16.05,25.5,-2.2745,55.2648,76172500
2017-07-06,180,2016-10-18,2017-07-06,24.71,22.2456,22.5096,111.0779,109.7756,16.26,25.5,-3.098,51.968,84465400
2017-07-07,180,2016-10-19,2017-07-07,24.83,22.3042,22.5572,111.3245,110.0759,16.47,25.5,-2.6275,50.759,54478800
2017-07-10,180,2016-10-20,2017-07-10,24.89,22.3611,22.6039,111.3095,110.1135,16.48,25.5,-2.3922,51.0315,54632800
2017-07-11,180,2016-10-21,2017-07-11,24.6,22.416,22.6486,109.7429,108.6159,16.48,25.5,-3.5294,49.2718,69410600
2017-07-12,180,2016-10-24,2017-07-12,24.35,22.469,22.6913,108.3717,107.31,16.48,25.5,-4.5098,47.7549,68708700
2017-07-13,180,2016-10-25,2017-07-13,24.62,22.5224,22.7349,109.3133,108.2917,16.48,25.5,-3.451,49.3932,55533400
2017-07-14,180,2016-10-26,2017-07-14,24.21,22.5747,22.7765,107.244,106.2938,16.48,25.5,-5.0588,46.9053,92625400
2017-07-17,180,2016-10-27,2017-07-17,24.02,22.6248,22.8162,106.1669,105.276,16.48,25.5,-5.8039,45.7524,81522000
2017-07-18,180,2016-10-28,2017-07-18,23.9,22.6741,22.8551,105.4068,104.572,16.48,25.5,-6.2745,45.0243,107981400
2017-07-19,180,2016-10-31,2017-07-19,24.06,22.7267,22.8961,105.8667,105.0836,16.48,25.5,-5.6471,45.9951,74140100
2017-07-20,180,2016-11-01,2017-07-20,23.94,22.7809,22.9374,105.0882,104.3711,16.48,25.5,-6.1176,45.267,62793500
2017-07-21,180,2016-11-02,2017-07-21,23.8,22.8334,22.9773,104.2331,103.5803,16.48,25.5,-6.6667,44.4175,65922500
2017-07-24,180,2016-11-03,2017-07-24,23.91,22.8882,23.0186,104.4644,103.8725,16.48,25.5,-6.2353,45.085,51382700
2017-07-25,180,2016-11-04,2017-07-25,24.48,22.946,23.0631,106.6851,106.1438,16.55,25.5,-4.0,47.9154,86154700
2017-07-26,180,2016-11-07,2017-07-26,24.21,23.0021,23.1056,105.2513,104.7797,17.0,25.5,-5.0588,42.4118,65704700
2017-07-27,180,2016-11-08,2017-07-27,24.11,23.0531,23.1451,104.5847,104.1691,17.0,25.5,-5.451,41.8235,62902100
2017-07-28,180,2016-11-09,2017-07-28,24.03,23.104,23.1841,104.0079,103.6486,17.97,25.5,-5.7647,33.7229,50143400
2017-07-31,180,2016-11-10,2017-07-31,24.12,23.1462,23.2183,104.2073,103.8837,18.76,25.5,-5.4118,28.5714,62272000
2017-08-01,180,2016-11-11,2017-08-01,24.45,23.1832,23.2499,105.4645,105.1618,19.02,25.5,-4.1176,28.5489,52782500
2017-08-02,180,2016-11-14,2017-08-02,24.59,23.2188,23.2808,105.9057,105.6234,19.75,25.5,-3.5686,24.5063,55317100
2017-08-03,180,2016-11-15,2017-08-03,24.37,23.2451,23.3047,104.8395,104.5713,19.75,25.5,-4.4314,23.3924,53210600
2017-08-04,180,2016-11-16,2017-08-04,24.97,23.2738,23.3314,107.2882,107.0232,19.75,25.5,-2.0784,26.4304,105206600
2017-08-07,180,2016-11-17,2017-08-07,24.96,23.3056,23.3603,107.0986,106.8478,20.0,25.5,-2.1177,24.8,41860900
2017-08-08,180,2016-11-18,2017-08-08,24.9,23.3347,23.3871,106.7078,106.4689,20.0,25.5,-2.3529,24.5,73399300
2017-08-09,180,2016-11-21,2017-08-09,24.74,23.3638,23.4134,105.8905,105.6658,20.29,25.5,-2.9804,21.932,56910400
2017-08-10,180,2016-11-22,2017-08-10,24.12,23.3872,23.4345,103.1332,102.9252,20.29,25.5,-5.4118,18.8763,78023700
2017-08-11,180,2016-11-23,2017-08-11,23.86,23.4096,23.4543,101.9241,101.7298,20.29,25.5,-6.4314,17.5949,68157400
2017-08-14,180,2016-11-25,2017-08-14,24.42,23.433,23.4757,104.212,104.0224,20.29,25.5,-4.2353,20.3548,54989500
2017-08-15,180,2016-11-28,2017-08-15,24.47,23.4546,23.4958,104.3292,104.1464,20.29,25.5,-4.0392,20.6013,45143200
2017-08-16,180,2016-11-29,2017-08-16,24.19,23.4788,23.5174,103.029,102.8601,20.29,25.5,-5.1373,19.2213,59188900
2017-08-17,180,2016-11-30,2017-08-17,23.64,23.5002,23.536,100.5947,100.4419,21.12,25.5,-7.2941,11.9318,78969300
2017-08-18,180,2016-12-01,2017-08-18,23.62,23.5156,23.5499,100.4438,100.2977,21.23,25.5,-7.3725,11.2577,60461200
2017-08-21,180,2016-12-02,2017-08-21,23.38,23.5271,23.5603,99.3746,99.2346,21.23,25.5,-8.3137,10.1272,70124800
2017-08-22,180,2016-12-05,2017-08-22,23.83,23.5429,23.5748,101.2193,101.0826,21.84,25.5,-6.549,9.1117,59228600
2017-08-23,180,2016-12-06,2017-08-23,23.76,23.5543,23.5854,100.8731,100.7401,22.0,25.5,-6.8235,8.0,39825500
2017-08-24,180,2016-12-07,2017-08-24,23.84,23.5641,23.5948,101.1706,101.0393,22.0,25.5,-6.5098,8.3636,39178700
2017-08-25,180,2016-12-08,2017-08-25,23.77,23.571,23.6014,100.844,100.7142,22.0,25.5,-6.7843,8.0455,43511900
2017-08-28,180,2016-12-09,2017-08-28,23.72,23.5754,23.6057,100.6133,100.4841,22.0,25.5,-6.9804,7.8182,37155000
2017-08-29,180,2016-12-12,2017-08-29,23.58,23.5782,23.6084,100.0077,99.8795,22.0,25.5,-7.5294,7.1818,60897200
2017-08-30,180,2016-12-13,2017-08-30,23.87,23.5854,23.6154,101.2067,101.0779,22.0,25.5,-6.3922,8.5,58412900
2017-08-31,180,2016-12-14,2017-08-31,23.89,23.5927,23.6226,101.26,101.1322,22.0,25.5,-6.3137,8.5909,62362400
2017-09-01,180,2016-12-15,2017-09-01,24.09,23.6008,23.6304,102.0729,101.9448,22.0,25.5,-5.5294,9.5,56233900
2017-09-05,180,2016-12-16,2017-09-05,23.31,23.6016,23.6313,98.7643,98.6405,22.0,25.5,-8.5882,5.9545,108605400
2017-09-06,180,2016-12-19,2017-09-06,23.41,23.606,23.6354,99.1697,99.0462,22.0,25.5,-8.1961,6.4091,64188900
2017-09-07,180,2016-12-20,2017-09-07,22.97,23.609,23.6382,97.2936,97.1734,22.0,25.5,-9.9216,4.4091,103501200
2017-09-08,180,2016-12-21,2017-09-08,22.89,23.61,23.6392,96.9503,96.8308,22.0,25.5,-10.2353,4.0455,68365000
2017-09-11,180,2016-12-22,2017-09-11,23.36,23.6143,23.6432,98.9231,98.8021,22.0,25.5,-8.3922,6.1818,73741000
2017-09-12,180,2016-12-23,2017-09-12,23.95,23.6224,23.6511,101.3868,101.264,22.0,25.5,-6.0784,8.8636,99658500
2017-09-13,180,2016-12-27,2017-09-13,24.33,23.6322,23.6607,102.953,102.8289,22.0,25.5,-4.5882,10.5909,86339800
2017-09-14,180,2016-12-28,2017-09-14,24.24,23.6414,23.6697,102.5321,102.4093,22.0,25.5,-4.9412,10.1818,70051000
2017-09-15,180,2016-12-29,2017-09-15,24.38,23.6531,23.6811,103.0732,102.9512,22.0,25.5,-4.3922,10.8182,85937600
2017-09-18,180,2016-12-30,2017-09-18,24.7,23.6685,23.6961,104.358,104.2365,22.05,25.5,-3.1373,12.0182,68076400
2017-09-19,180,2017-01-03,2017-09-19,24.86,23.6842,23.7114,104.9646,104.8439,22.05,25.5,-2.5098,12.7438,56218100
2017-09-20,180,2017-01-04,2017-09-20,25.06,23.6982,23.7255,105.7466,105.6247,22.05,25.5,-1.7255,13.6508,82289900
2017-09-21,180,2017-01-05,2017-09-21,25.16,23.7101,23.7378,106.1151,105.9914,22.05,25.5,-1.3333,14.1043,57864000
2017-09-22,180,2017-01-06,2017-09-22,25.02,23.723,23.7508,105.4673,105.3439,22.05,25.5,-1.8824,13.4694,61446000
2017-09-25,180,2017-01-09,2017-09-25,24.76,23.7346,23.7623,104.3204,104.1985,22.05,25.5,-2.902,12.2903,62361700
2017-09-26,180,2017-01-10,2017-09-26,24.81,23.7472,23.7749,104.4754,104.3538,22.05,25.5,-2.7059,12.517,53012700
2017-09-27,180,2017-01-11,2017-09-27,25.41,23.7605,23.7886,106.9422,106.8158,22.05,25.5,-0.3529,15.2381,92877400
2017-09-28,180,2017-01-12,2017-09-28,25.45,23.7732,23.8018,107.0532,106.9245,22.05,25.5,-0.1961,15.4195,64991400
2017-09-29,180,2017-01-13,2017-09-29,25.34,23.7863,23.8153,106.5318,106.4023,22.05,25.5,-0.6275,14.9206,66232600
2017-10-02,180,2017-01-17,2017-10-02,25.62,23.8002,23.8298,107.646,107.5125,22.05,25.62,0.0,16.1905,54001400
2017-10-03,180,2017-01-18,2017-10-03,25.86,23.8213,23.8509,108.5584,108.4234,22.23,25.86,0.0,16.3293,55946900
2017-10-04,180,2017-01-19,2017-10-04,25.71,23.838,23.8681,107.8531,107.7172,22.23,25.86,-0.5801,15.6545,53402800
2017-10-05,180,2017-01-20,2017-10-05,26.13,23.8573,23.8881,109.5262,109.3852,22.23,26.13,0.0,17.5439,62636900
2017-10-06,180,2017-01-23,2017-10-06,26.21,23.8763,23.9079,109.7739,109.6291,22.23,26.21,0.0,17.9037,53900600
2017-10-09,180,2017-01-24,2017-10-09,25.85,23.8942,23.9262,108.1851,108.0407,22.23,26.21,-1.3735,16.2843,55172500
2017-10-10,180,2017-01-25,2017-10-10,25.93,23.9101,23.9427,108.4478,108.3001,22.23,26.21,-1.0683,16.6442,46133800
2017-10-11,180,2017-01-26,2017-10-11,25.83,23.9231,23.9564,107.9711,107.8209,22.23,26.21,-1.4498,16.1943,51652300
2017-10-12,180,2017-01-27,2017-10-12,25.45,23.9338,23.9676,106.335,106.1852,22.23,26.21,-2.8996,14.4849,71770000
2017-10-13,180,2017-01-30,2017-10-13,25.83,23.9468,23.9813,107.864,107.709,22.23,26.21,-1.4498,16.1943,104196900
2017-10-16,180,2017-01-31,2017-10-16,26.24,23.9642,23.9996,109.4965,109.3354,22.23,26.24,0.0,18.0387,71927200
2017-10-17,180,2017-02-01,2017-10-17,26.2,23.9834,24.0193,109.2422,109.0788,22.23,26.24,-0.1524,17.8588,48644400
2017-10-18,180,2017-02-02,2017-10-18,26.48,24.0023,24.0393,110.3226,110.1531,22.23,26.48,0.0,19.1183,55382500
2017-10-19,180,2017-02-03,2017-10-19,26.58,24.0228,24.0607,110.6448,110.4705,22.23,26.58,0.0,19.5682,54542700
2017-10-20,180,2017-02-06,2017-10-20,27.17,24.0425,24.0823,113.0082,112.8216,22.23,27.17,0.0,22.2222,83764700
2017-10-23,180,2017-02-07,2017-10-23,27.16,24.0632,24.1047,112.8696,112.675,22.23,27.17,-0.0368,22.1772,69607700
2017-10-24,180,2017-02-08,2017-10-24,27.68,24.0875,24.1313,114.9146,114.7059,22.23,27.68,0.0,24.5164,90346500
2017-10-25,180,2017-02-09,2017-10-25,27.63,24.113,24.1588,114.5855,114.3681,22.23,27.68,-0.1806,24.2915,81265300
2017-10-26,180,2017-02-10,2017-10-26,27.74,24.1363,24.1845,114.9306,114.7016,22.23,27.74,0.0,24.7863,55342500
2017-10-27,180,2017-02-13,2017-10-27,27.8,24.1601,24.2107,115.0656,114.8252,22.23,27.8,0.0,25.0562,58856700
2017-10-30,180,2017-02-14,2017-10-30,27.6,24.1812,24.2341,114.1381,113.8893,22.23,27.8,-0.7194,24.1565,51357600
2017-10-31,180,2017-02-15,2017-10-31,27.39,24.1977,24.2526,113.1927,112.9365,22.23,27.8,-1.4748,23.2119,50311200
2017-11-01,180,2017-02-16,2017-11-01,27.53,24.2119,24.2689,113.7046,113.4372,22.23,27.8,-0.9712,23.8417,46527700
2017-11-02,180,2017-02-17,2017-11-02,27.87,24.2275,24.2872,115.0345,114.7517,22.23,27.87,0.0,25.3711,59692000
2017-11-03,180,2017-02-21,2017-11-03,27.82,24.2433,24.3056,114.7534,114.4594,22.23,27.87,-0.1794,25.1462,37816100
2017-11-06,180,2017-02-22,2017-11-06,27.75,24.2574,24.3221,114.3981,114.094,22.23,27.87,-0.4306,24.8313,37261000
2017-11-07,180,2017-02-23,2017-11-07,27.18,24.269,24.3353,111.9947,111.6895,22.23,27.87,-2.4758,22.2672,68342100
2017-11-08,180,2017-02-24,2017-11-08,26.79,24.28,24.3476,110.3378,110.0313,22.23,27.87,-3.8751,20.5128,83128200
2017-11-09,180,2017-02-27,2017-11-09,26.49,24.2915,24.3602,109.0504,108.7431,22.23,27.87,-4.9516,19.1633,95448600
2017-11-10,180,2017-02-28,2017-11-10,26.51,24.3013,24.3709,109.0888,108.7771,22.23,27.87,-4.8798,19.2533,61105300
2017-11-13,180,2017-03-01,2017-11-13,26.4,24.31,24.3805,108.5975,108.2833,22.23,27.87,-5.2745,18.7584,55902200
2017-11-14,180,2017-03-02,2017-11-14,26.24,24.3136,24.3846,107.9232,107.6089,22.23,27.87,-5.8486,18.0387,61596800
2017-11-15,180,2017-03-03,2017-11-15,26.79,24.3212,24.3933,110.1509,109.8253,22.23,27.87,-3.8751,20.5128,98274900
2017-11-16,180,2017-03-06,2017-11-16,26.76,24.3275,24.4006,109.9988,109.6694,22.23,27.87,-3.9828,20.3779,54565200
2017-11-17,180,2017-03-07,2017-11-17,26.62,24.3342,24.4082,109.3931,109.0616,22.23,27.87,-4.4851,19.7481,48420700
2017-11-20,180,2017-03-08,2017-11-20,26.74,24.3417,24.4167,109.8526,109.5151,22.23,27.87,-4.0545,20.2879,46328800
2017-11-21,180,2017-03-09,2017-11-21,26.73,24.3489,24.4249,109.7791,109.4376,22.23,27.87,-4.0904,20.2429,57749100
2017-11-22,180,2017-03-10,2017-11-22,26.66,24.3553,24.4322,109.463,109.1184,22.23,27.87,-4.3416,19.928,38103200
2017-11-24,180,2017-03-13,2017-11-24,26.59,24.3615,24.4393,109.1474,108.8003,22.23,27.87,-4.5928,19.6131,14273600
2017-11-27,180,2017-03-14,2017-11-27,26.59,24.3679,24.4464,109.1191,108.7684,22.23,27.87,-4.5928,19.6131,44828600
2017-11-28,180,2017-03-15,2017-11-28,27.64,24.3788,24.4593,113.3772,113.0039,22.23,27.87,-0.8253,24.3365,99765000
2017-11-29,180,2017-03-16,2017-11-29,28.28,24.3932,24.4766,115.934,115.5391,22.23,28.28,0.0,27.2155,119728400
2017-11-30,180,2017-03-17,2017-11-30,28.17,24.4069,24.4929,115.4181,115.0127,22.23,28.28,-0.389,26.7206,122131900
2017-12-01,180,2017-03-20,2017-12-01,28.1,24.4223,24.5109,115.0589,114.6427,22.23,28.28,-0.6365,26.4058,137774800
2017-12-04,180,2017-03-21,2017-12-04,29.06,24.4439,24.5366,118.8847,118.4353,22.23,29.06,0.0,30.7242,145661700
2017-12-05,180,2017-03-22,2017-12-05,28.93,24.4733,24.5694,118.2102,117.7479,22.23,29.06,-0.4473,30.1395,91349800
2017-12-06,180,2017-03-23,2017-12-06,28.64,24.5023,24.6011,116.8872,116.4175,22.23,29.06,-1.4453,28.8349,74593800
2017-12-07,180,2017-03-24,2017-12-07,28.78,24.531,24.6328,117.3211,116.8359,22.23,29.06,-0.9635,29.4647,80706100
2017-12-08,180,2017-03-27,2017-12-08,29.05,24.5605,24.6658,118.2792,117.7745,22.23,29.06,-0.0344,30.6793,60991300
2017-12-11,180,2017-03-28,2017-12-11,28.94,24.5903,24.6986,117.6888,117.1726,22.23,29.06,-0.4129,30.1844,54001900
2017-12-12,180,2017-03-29,2017-12-12,29.32,24.6188,24.7311,119.0959,118.5554,22.23,29.32,0.0,31.8938,76017200
2017-12-13,180,2017-03-30,2017-12-13,28.84,24.6463,24.7616,117.0156,116.4709,22.23,29.32,-1.6371,29.7346,79980600
2017-12-14,180,2017-03-31,2017-12-14,28.73,24.6702,24.7886,116.4562,115.9003,22.23,29.32,-2.0123,29.2398,60615800
2017-12-15,180,2017-04-03,2017-12-15,29.04,24.6972,24.8188,117.5844,117.0079,22.23,29.32,-0.955,30.6343,129859400
2017-12-18,180,2017-04-04,2017-12-18,29.48,24.7259,24.8516,119.2273,118.6244,22.23,29.48,0.0,32.6136,70548600
2017-12-19,180,2017-04-05,2017-12-19,29.45,24.7555,24.8849,118.9635,118.3447,22.23,29.48,-0.1018,32.4786,67984100
2017-12-20,180,2017-04-06,2017-12-20,29.48,24.787,24.92,118.9334,118.2986,22.23,29.48,0.0,32.6136,81271200
2017-12-21,180,2017-04-07,2017-12-21,29.82,24.8193,24.9564,120.1484,119.4882,22.23,29.82,0.0,34.143,72953200
2017-12-22,180,2017-04-10,2017-12-22,29.88,24.8526,24.9938,120.2289,119.5498,22.23,29.88,0.0,34.413,54203000
2017-12-26,180,2017-04-11,2017-12-26,29.78,24.8865,25.0313,119.6634,118.9709,22.23,29.88,-0.3347,33.9631,42371200
2017-12-27,180,2017-04-12,2017-12-27,29.73,24.9209,25.0692,119.2974,118.5919,22.23,29.88,-0.502,33.7382,35111800
2017-12-28,180,2017-04-13,2017-12-28,29.8,24.9575,25.1089,119.4029,118.6831,22.23,29.88,-0.2677,34.0531,37914900
2017-12-29,180,2017-04-17,2017-12-29,29.52,24.9952,25.1488,118.1025,117.3815,22.23,29.88,-1.2048,32.7935,40672000
2018-01-02,180,2017-04-18,2018-01-02,29.9,25.0314,25.1882,119.4501,118.7065,22.23,29.9,0.0,34.5029,57121600
2018-01-03,180,2017-04-19,2018-01-03,29.8,25.0679,25.2276,118.8772,118.1248,22.23,29.9,-0.3345,34.0531,57865700
2018-01-04,180,2017-04-20,2018-01-04,30.19,25.1058,25.2689,120.2509,119.4747,22.23,30.19,0.0,35.8075,76512500
2018-01-05,180,2017-04-21,2018-01-05,30.33,25.1422,25.3093,120.6337,119.8375,22.23,30.33,0.0,36.4372,56445200
2018-01-08,180,2017-04-24,2018-01-08,30.12,25.1803,25.3504,119.6172,118.8145,22.23,30.33,-0.6924,35.4926,42914800
2018-01-09,180,2017-04-25,2018-01-09,30.27,25.2131,25.3873,120.0568,119.2327,22.23,30.33,-0.1978,36.1673,69479100
2018-01-10,180,2017-04-26,2018-01-10,30.55,25.2448,25.4238,121.0151,120.1628,22.23,30.55,0.0,37.4269,63532800
2018-01-11,180,2017-04-27,2018-01-11,30.66,25.2775,25.4614,121.2934,120.4174,22.23,30.66,0.0,37.9217,59318300
2018-01-12,180,2017-04-28,2018-01-12,31.19,25.3139,25.5033,123.213,122.2977,22.23,31.19,0.0,40.3059,66371600
2018-01-16,180,2017-05-01,2018-01-16,31.24,25.3525,25.5472,123.2225,122.2834,22.23,31.24,0.0,40.5308,104467900
2018-01-17,180,2017-05-02,2018-01-17,31.18,25.3893,25.5893,122.8077,121.8479,22.23,31.24,-0.1921,40.2609,124382900
2018-01-18,180,2017-05-03,2018-01-18,31.48,25.4278,25.6334,123.8016,122.8083,22.23,31.48,0.0,41.6104,76463800
2018-01-19,180,2017-05-04,2018-01-19,31.72,25.4657,25.6776,124.5597,123.5317,22.23,31.72,0.0,42.6901,66491000
2018-01-22,180,2017-05-05,2018-01-22,31.94,25.504,25.7226,125.2351,124.1712,22.23,31.94,0.0,43.6797,53848800
2018-01-23,180,2017-05-08,2018-01-23,31.92,25.5431,25.768,124.9653,123.8746,22.23,31.94,-0.0626,43.5897,56531400
2018-01-24,180,2017-05-09,2018-01-24,32.09,25.5815,25.8132,125.4423,124.3164,22.23,32.09,0.0,44.3545,81585000
2018-01-25,180,2017-05-10,2018-01-25,32.09,25.6199,25.8582,125.2544,124.0998,22.23,32.09,0.0,44.3545,62265800
2018-01-26,180,2017-05-11,2018-01-26,32.2,25.6577,25.9029,125.4986,124.3102,22.23,32.2,0.0,44.8493,52699900
2018-01-29,180,2017-05-12,2018-01-29,32.28,25.6964,25.9486,125.6209,124.4,22.23,32.28,0.0,45.2092,59126500
2018-01-30,180,2017-05-15,2018-01-30,31.88,25.7342,25.9923,123.8818,122.6515,22.23,32.28,-1.2392,43.4098,60555800
2018-01-31,180,2017-05-16,2018-01-31,32.0,25.7722,26.0364,124.1648,122.9046,22.23,32.28,-0.8674,43.9496,65734100
2018-02-01,180,2017-05-17,2018-02-01,32.5,25.8125,26.0837,125.9078,124.5988,22.23,32.5,0.0,46.1988,62367400
2018-02-02,180,2017-05-18,2018-02-02,31.95,25.8608,26.1358,123.5462,122.246,22.23,32.5,-1.6923,43.7247,96971900
2018-02-05,180,2017-05-19,2018-02-05,30.26,25.9014,26.1776,116.8275,115.595,22.23,32.5,-6.8923,36.1224,155908300
2018-02-06,180,2017-05-22,2018-02-06,31.2,25.9437,26.2229,120.2602,118.98,22.23,32.5,-4.0,40.3509,165878400
2018-02-07,180,2017-05-23,2018-02-07,31.25,25.9865,26.2685,120.2549,118.9638,22.23,32.5,-3.8462,40.5758,101180500
2018-02-08,180,2017-05-24,2018-02-08,29.74,26.0208,26.3038,114.2934,113.0636,22.23,32.5,-8.4923,33.7832,128981300
2018-02-09,180,2017-05-25,2018-02-09,30.33,26.0578,26.3425,116.3951,115.1371,22.23,32.5,-6.6769,36.4372,143071100
2018-02-12,180,2017-05-26,2018-02-12,31.12,26.0989,26.3862,119.2387,117.9403,22.23,32.5,-4.2462,39.991,95055100
2018-02-13,180,2017-05-30,2018-02-13,31.18,26.1404,26.4303,119.2788,117.9705,22.23,32.5,-4.0615,40.2609,76727300
2018-02-14,180,2017-05-31,2018-02-14,32.0,26.1876,26.4808,122.1953,120.8421,22.23,32.5,-1.5385,43.9496,97251500
2018-02-15,180,2017-06-01,2018-02-15,32.21,26.2394,26.5353,122.7542,121.3856,22.23,32.5,-0.8923,44.8943,68117400
2018-02-16,180,2017-06-02,2018-02-16,31.97,26.2889,26.5872,121.6103,120.246,22.23,32.5,-1.6308,43.8147,62137800
2018-02-20,180,2017-06-05,2018-02-20,31.93,26.3398,26.6398,121.2235,119.8581,22.23,32.5,-1.7538,43.6347,58573900
2018-02-21,180,2017-06-06,2018-02-21,31.87,26.3909,26.6924,120.7612,119.3973,22.23,32.5,-1.9385,43.3648,72210300
2018-02-22,180,2017-06-07,2018-02-22,31.69,26.443,26.7449,119.8428,118.4897,22.6,32.5,-2.4923,40.2212,64749700
2018-02-23,180,2017-06-08,2018-02-23,32.03,26.4937,26.7973,120.8967,119.5268,22.82,32.5,-1.4462,40.3593,53626300
2018-02-26,180,2017-06-09,2018-02-26,32.42,26.5433,26.8498,122.1402,120.7456,22.82,32.5,-0.2462,42.0684,61796300
2018-02-27,180,2017-06-12,2018-02-27,32.33,26.5876,26.8979,121.5979,120.1951,22.82,32.5,-0.5231,41.674,69235500
2018-02-28,180,2017-06-13,2018-02-28,32.1,26.6305,26.9442,120.5385,119.1352,22.82,32.5,-1.2308,40.6661,72044000
2018-03-01,180,2017-06-14,2018-03-01,31.48,26.6712,26.987,118.0301,116.6488,22.82,32.5,-3.1385,37.9492,90547100
2018-03-02,180,2017-06-15,2018-03-02,31.63,26.7126,27.0307,118.4085,117.015,22.82,32.5,-2.6769,38.6065,82739100
2018-03-05,180,2017-06-16,2018-03-05,32.13,26.7577,27.0784,120.0776,118.6553,22.82,32.5,-1.1385,40.7976,70543100
2018-03-06,180,2017-06-19,2018-03-06,32.11,26.8037,27.1267,119.797,118.3706,22.82,32.5,-1.2,40.7099,50832600
2018-03-07,180,2017-06-20,2018-03-07,32.18,26.8466,27.1726,119.866,118.4281,22.82,32.5,-0.9846,41.0167,52763900
2018-03-08,180,2017-06-21,2018-03-08,32.2,26.8928,27.221,119.7345,118.291,22.82,32.5,-0.9231,41.1043,53139800
2018-03-09,180,2017-06-22,2018-03-09,32.72,26.9438,27.2743,121.4378,119.9665,22.82,32.72,0.0,43.383,73905800
2018-03-12,180,2017-06-23,2018-03-12,32.84,26.997,27.3293,121.643,120.1639,22.82,32.84,0.0,43.9089,60322800
2018-03-13,180,2017-06-26,2018-03-13,32.36,27.0494,27.3823,119.6328,118.1784,22.89,32.84,-1.4616,41.3718,63347500
2018-03-14,180,2017-06-27,2018-03-14,32.14,27.1006,27.4337,118.595,117.1551,22.89,32.84,-2.1315,40.4107,58011400
2018-03-15,180,2017-06-28,2018-03-15,32.1,27.149,27.4828,118.2365,116.8004,22.89,32.84,-2.2534,40.2359,41964200
2018-03-16,180,2017-06-29,2018-03-16,32.17,27.1932,27.5288,118.3015,116.8593,22.89,32.84,-2.0402,40.5417,83447600
2018-03-19,180,2017-06-30,2018-03-19,31.98,27.2337,27.5714,117.4278,115.9898,22.89,32.84,-2.6188,39.7117,57363200
2018-03-20,180,2017-07-03,2018-03-20,31.98,27.2748,27.6143,117.2511,115.8097,22.89,32.84,-2.6188,39.7117,44784500
2018-03-21,180,2017-07-05,2018-03-21,31.87,27.3126,27.6542,116.6859,115.2446,22.89,32.84,-2.9537,39.2311,64546300
2018-03-22,180,2017-07-06,2018-03-22,30.55,27.3433,27.6855,111.7275,110.3466,22.89,32.84,-6.9732,33.4644,110271900
2018-03-23,180,2017-07-07,2018-03-23,29.17,27.369,27.7103,106.5803,105.2678,22.89,32.84,-11.1754,27.4356,115740200
2018-03-26,180,2017-07-10,2018-03-26,30.44,27.4,27.7414,111.095,109.7275,22.89,32.84,-7.3082,32.9838,83297000
2018-03-27,180,2017-07-11,2018-03-27,29.52,27.4263,27.7672,107.634,106.3126,22.89,32.84,-10.1096,28.9646,85821800
2018-03-28,180,2017-07-12,2018-03-28,29.39,27.454,27.7938,107.0518,105.7431,22.89,32.84,-10.5055,28.3967,79396100
2018-03-29,180,2017-07-13,2018-03-29,29.99,27.4864,27.8251,109.1086,107.7803,22.89,32.84,-8.6784,31.0179,65678300
2018-04-02,180,2017-07-14,2018-04-02,29.31,27.5137,27.8512,106.5288,105.238,22.89,32.84,-10.7491,28.0472,86644200
2018-04-03,180,2017-07-17,2018-04-03,29.59,27.5453,27.8811,107.4231,106.1294,22.89,32.84,-9.8965,29.2704,69698700
2018-04-04,180,2017-07-18,2018-04-04,29.88,27.5798,27.9136,108.3403,107.0445,22.89,32.84,-9.0134,30.5374,66640800
2018-04-05,180,2017-07-19,2018-04-05,30.32,27.6172,27.9493,109.7865,108.4822,22.89,32.84,-7.6736,32.4596,55765500
2018-04-06,180,2017-07-20,2018-04-06,29.63,27.6504,27.9802,107.1594,105.8962,22.89,32.84,-9.7747,29.4452,79687600
2018-04-09,180,2017-07-21,2018-04-09,29.87,27.6857,28.0132,107.8898,106.6284,22.89,32.84,-9.0438,30.4937,65917500
2018-04-10,180,2017-07-24,2018-04-10,30.48,27.7249,28.0503,109.9372,108.662,22.89,32.84,-7.1864,33.1586,60540500
2018-04-11,180,2017-07-25,2018-04-11,29.9,27.7608,28.0836,107.706,106.468,22.89,32.84,-8.9525,30.6247,62211500
2018-04-12,180,2017-07-26,2018-04-12,30.65,27.796,28.1178,110.2676,109.0056,22.89,32.84,-6.6687,33.9013,57989100
2018-04-13,180,2017-07-27,2018-04-13,29.8,27.8293,28.1489,107.0814,105.8656,22.89,32.84,-9.257,30.1879,99254500
2018-04-16,180,2017-07-28,2018-04-16,29.93,27.864,28.1812,107.4144,106.2055,22.89,32.84,-8.8611,30.7558,110588900
2018-04-17,180,2017-07-31,2018-04-17,30.04,27.9,28.2146,107.6702,106.4697,22.89,32.84,-8.5262,31.2364,83475900
2018-04-18,180,2017-08-01,2018-04-18,29.53,27.9329,28.2447,105.7177,104.5507,22.89,32.84,-10.0792,29.0083,79743200
2018-04-19,180,2017-08-02,2018-04-19,30.18,27.9666,28.2765,107.9145,106.7317,22.89,32.84,-8.0999,31.848,80902600
2018-04-20,180,2017-08-03,2018-04-20,30.26,27.9997,28.308,108.0724,106.8956,22.89,32.84,-7.8563,32.1975,65554600
2018-04-23,180,2017-08-04,2018-04-23,30.32,28.0349,28.3411,108.1511,106.9826,22.89,32.84,-7.6736,32.4596,50686300
2018-04-24,180,2017-08-07,2018-04-24,30.19,28.0651,28.3701,107.5712,106.415,22.89,32.84,-8.0694,31.8917,81486800
2018-04-25,180,2017-08-08,2018-04-25,30.14,28.0953,28.3988,107.2778,106.1311,22.89,32.84,-8.2217,31.6732,65893500
2018-04-26,180,2017-08-09,2018-04-26,30.07,28.1256,28.4276,106.9133,105.7776,22.89,32.84,-8.4348,31.3674,45936700
2018-04-27,180,2017-08-10,2018-04-27,30.15,28.1575,28.4576,107.0762,105.9471,22.89,32.84,-8.1912,31.7169,47411200
2018-04-30,180,2017-08-11,2018-04-30,29.92,28.193,28.4898,106.1258,105.0199,22.89,32.84,-8.8916,30.7121,55153900
2018-05-01,180,2017-08-14,2018-05-01,29.95,28.2306,28.5237,106.0904,105.0005,22.89,32.84,-8.8002,30.8432,52871700
2018-05-02,180,2017-08-15,2018-05-02,29.58,28.2623,28.5523,104.6624,103.5992,22.89,32.84,-9.9269,29.2267,68234600
2018-05-03,180,2017-08-16,2018-05-03,29.2,28.2917,28.5786,103.2104,102.1743,22.89,32.84,-11.084,27.5666,110672700
2018-05-04,180,2017-08-17,2018-05-04,29.3,28.3238,28.607,103.4465,102.4225,22.89,32.84,-10.7795,28.0035,58281900
2018-05-07,180,2017-08-18,2018-05-07,29.64,28.362,28.6403,104.5059,103.4904,22.89,32.84,-9.7442,29.4889,46765200
2018-05-08,180,2017-08-21,2018-05-08,29.93,28.402,28.6754,105.38,104.3752,22.89,32.84,-8.8611,30.7558,65119800
2018-05-09,180,2017-08-22,2018-05-09,30.72,28.4478,28.7162,107.9871,106.9781,22.89,32.84,-6.4555,34.2071,72266500
2018-05-10,180,2017-08-23,2018-05-10,30.89,28.491,28.7554,108.4201,107.4233,22.89,32.84,-5.9379,34.9498,54773200
2018-05-11,180,2017-08-24,2018-05-11,30.92,28.535,28.7952,108.358,107.3791,22.89,32.84,-5.8465,35.0808,42024800
2018-05-14,180,2017-08-25,2018-05-14,31.12,28.5795,28.8356,108.8892,107.9221,22.89,32.84,-5.2375,35.9546,41791600
2018-05-15,180,2017-08-28,2018-05-15,31.22,28.6251,28.877,109.065,108.1137,22.89,32.84,-4.933,36.3914,64433500
2018-05-16,180,2017-08-29,2018-05-16,31.06,28.6706,28.9178,108.3341,107.408,22.89,32.84,-5.4202,35.6924,43590100
2018-05-17,180,2017-08-30,2018-05-17,30.81,28.7161,28.9579,107.2918,106.3957,22.89,32.84,-6.1815,34.6003,45981500
2018-05-18,180,2017-08-31,2018-05-18,30.26,28.7567,28.9934,105.2278,104.3684,22.89,32.84,-7.8563,32.1975,58641700
2018-05-21,180,2017-09-01,2018-05-21,30.55,28.7986,29.0304,106.0814,105.2343,22.89,32.84,-6.9732,33.4644,34983300
2018-05-22,180,2017-09-05,2018-05-22,30.89,28.8408,29.0682,107.1052,106.2672,22.89,32.84,-5.9379,34.9498,61103000
2018-05-23,180,2017-09-06,2018-05-23,30.44,28.8873,29.1078,105.375,104.5767,22.89,32.84,-7.3082,32.9838,73893100
2018-05-24,180,2017-09-07,2018-05-24,30.21,28.932,29.1456,104.4174,103.652,22.89,32.84,-8.0085,31.979,62146200
2018-05-25,180,2017-09-08,2018-05-25,30.16,28.9803,29.1856,104.0707,103.3388,22.89,32.84,-8.1608,31.7606,44166700
2018-05-29,180,2017-09-11,2018-05-29,28.96,29.0231,29.2193,99.7826,99.1126,23.36,32.84,-11.8149,23.9726,135895000
2018-05-30,180,2017-09-12,2018-05-30,29.49,29.0648,29.2533,101.4629,100.809,23.95,32.84,-10.201,23.1315,79435300
2018-05-31,180,2017-09-13,2018-05-31,29.04,29.0992,29.2816,99.7966,99.1749,24.24,32.84,-11.5713,19.802,97509300
2018-06-01,180,2017-09-14,2018-06-01,29.4,29.1326,29.3098,100.918,100.3078,24.24,32.84,-10.475,21.2871,64796600
2018-06-04,180,2017-09-15,2018-06-04,29.4,29.1667,29.3384,100.7997,100.2098,24.38,32.84,-10.475,20.5907,43777000
2018-06-05,180,2017-09-18,2018-06-05,29.12,29.1983,29.3648,99.7317,99.1664,24.7,32.84,-11.3276,17.8947,47690800
2018-06-06,180,2017-09-19,2018-06-06,30.04,29.2325,29.3944,102.7625,102.1962,24.76,32.84,-8.5262,21.3247,74995800
2018-06-07,180,2017-09-20,2018-06-07,30.09,29.2657,29.4235,102.8166,102.2652,24.76,32.84,-8.3739,21.5267,68402700
2018-06-08,180,2017-09-21,2018-06-08,30.01,29.297,29.451,102.4336,101.8981,24.76,32.84,-8.6175,21.2036,49572900
2018-06-11,180,2017-09-22,2018-06-11,30.06,29.328,29.4782,102.496,101.9736,24.76,32.84,-8.4653,21.4055,46732800
2018-06-12,180,2017-09-25,2018-06-12,29.9,29.3592,29.5053,101.8421,101.3376,24.76,32.84,-8.9525,20.7593,49644600
2018-06-13,180,2017-09-26,2018-06-13,29.84,29.3921,29.5336,101.5238,101.0376,24.81,32.84,-9.1352,20.2741,68900200
2018-06-14,180,2017-09-27,2018-06-14,29.5,29.4229,29.5596,100.262,99.7983,25.34,32.84,-10.1705,16.4167,77863200
2018-06-15,180,2017-09-28,2018-06-15,29.28,29.448,29.5811,99.4296,98.9821,25.34,32.84,-10.8404,15.5485,105079500
2018-06-18,180,2017-09-29,2018-06-18,29.4,29.4734,29.6031,99.7509,99.3141,25.34,32.84,-10.475,16.0221,52644100
2018-06-19,180,2017-10-02,2018-06-19,29.26,29.499,29.6248,99.19,98.7685,25.45,32.84,-10.9013,14.9705,65466200
2018-06-20,180,2017-10-03,2018-06-20,29.24,29.5223,29.6449,99.0437,98.634,25.45,32.84,-10.9622,14.8919,52256500
2018-06-21,180,2017-10-04,2018-06-21,29.29,29.5443,29.664,99.1393,98.7392,25.45,32.84,-10.81,15.0884,68322600
2018-06-22,180,2017-10-05,2018-06-22,28.99,29.5656,29.6822,98.053,97.6679,25.45,32.84,-11.7235,13.9096,76079200
2018-06-25,180,2017-10-06,2018-06-25,28.48,29.581,29.6953,96.2781,95.9075,25.45,32.84,-13.2765,11.9057,73616400
2018-06-26,180,2017-10-09,2018-06-26,28.54,29.5961,29.7082,96.4316,96.0677,25.45,32.84,-13.0938,12.1415,56369300
2018-06-27,180,2017-10-10,2018-06-27,28.24,29.6121,29.7215,95.3665,95.0154,25.45,32.84,-14.0073,10.9627,61764400
2018-06-28,180,2017-10-11,2018-06-28,28.67,29.63,29.7367,96.7599,96.4128,25.45,32.84,-12.6979,12.6523,71292100
2018-06-29,180,2017-10-12,2018-06-29,28.19,29.6458,29.7498,95.0892,94.7568,25.45,32.84,-14.1596,10.7662,102307600
2018-07-02,180,2017-10-13,2018-07-02,28.28,29.6651,29.7656,95.331,95.0091,25.83,32.84,-13.8855,9.4851,52534300
2018-07-03,180,2017-10-16,2018-07-03,27.78,29.6783,29.7764,93.6036,93.2954,26.2,32.84,-15.408,6.0305,40599000
2018-07-05,180,2017-10-17,2018-07-05,27.92,29.6896,29.7857,94.0397,93.7362,26.2,32.84,-14.9817,6.5649,44506800
2018-07-06,180,2017-10-18,2018-07-06,28.03,29.7018,29.7959,94.3714,94.0734,26.24,32.84,-14.6468,6.8217,39424900
2018-07-09,180,2017-10-19,2018-07-09,29.05,29.7182,29.8102,97.7517,97.45,26.24,32.84,-11.5408,10.7088,61758900
2018-07-10,180,2017-10-20,2018-07-10,28.83,29.7326,29.8227,96.9643,96.6714,26.24,32.84,-12.2107,9.8704,58858400
2018-07-11,180,2017-10-23,2018-07-11,28.68,29.7421,29.8311,96.429,96.1414,26.24,32.84,-12.6675,9.2988,50218900
2018-07-12,180,2017-10-24,2018-07-12,28.77,29.7522,29.84,96.6986,96.4142,26.24,32.84,-12.3934,9.6418,51700700
2018-07-13,180,2017-10-25,2018-07-13,28.55,29.7576,29.8448,95.9417,95.6614,26.24,32.84,-13.0633,8.8033,75178000
2018-07-16,180,2017-10-26,2018-07-16,29.78,29.7705,29.8568,100.0319,99.7428,26.24,32.84,-9.3179,13.4909,129172000
2018-07-17,180,2017-10-27,2018-07-17,30.01,29.7839,29.8694,100.759,100.4708,26.24,32.84,-8.6175,14.3674,87778900
2018-07-18,180,2017-10-30,2018-07-18,30.13,29.7977,29.8823,101.1153,100.8288,26.24,32.84,-8.2521,14.8247,59109200
2018-07-19,180,2017-10-31,2018-07-19,29.67,29.8101,29.8938,99.5299,99.2512,26.24,32.84,-9.6529,13.0716,59260600
2018-07-20,180,2017-11-01,2018-07-20,30.13,29.8265,29.9091,101.0175,100.7387,26.24,32.84,-8.2521,14.8247,80432700
2018-07-23,180,2017-11-02,2018-07-23,30.75,29.8453,29.9269,103.0312,102.7502,26.24,32.84,-6.3642,17.1875,74080200
2018-07-24,180,2017-11-03,2018-07-24,30.83,29.8624,29.9434,103.2402,102.961,26.24,32.84,-6.1206,17.4924,64761500
2018-07-25,180,2017-11-06,2018-07-25,31.07,29.881,29.9614,103.979,103.6999,26.24,32.84,-5.3898,18.407,57644100
2018-07-26,180,2017-11-07,2018-07-26,30.94,29.8995,29.9792,103.4801,103.205,26.24,32.84,-5.7856,17.9116,46215000
2018-07-27,180,2017-11-08,2018-07-27,31.06,29.9223,30.0007,103.8021,103.5308,26.24,32.84,-5.4202,18.3689,57198900
2018-07-30,180,2017-11-09,2018-07-30,31.31,29.9491,30.0258,104.5439,104.2769,26.24,32.84,-4.659,19.3216,58721000
2018-07-31,180,2017-11-10,2018-07-31,30.88,29.9759,30.0502,103.016,102.7613,26.24,32.84,-5.9683,17.6829,64066000
2018-08-01,180,2017-11-13,2018-08-01,31.25,30.0045,30.0766,104.151,103.9015,26.24,32.84,-4.8417,19.093,69070700
2018-08-02,180,2017-11-14,2018-08-02,31.28,30.0341,30.1037,104.1483,103.9076,26.24,32.84,-4.7503,19.2073,46427200
2018-08-03,180,2017-11-15,2018-08-03,31.51,30.0661,30.1329,104.8025,104.5699,26.59,32.84,-4.0499,18.5032,50153800
2018-08-06,180,2017-11-16,2018-08-06,31.52,30.0942,30.1592,104.7377,104.512,26.59,32.84,-4.0195,18.5408,41261500
2018-08-07,180,2017-11-17,2018-08-07,31.51,30.1226,30.1856,104.6059,104.3875,26.59,32.84,-4.0499,18.5032,43946200
2018-08-08,180,2017-11-20,2018-08-08,31.8,30.1535,30.2144,105.4605,105.2479,26.59,32.84,-3.1669,19.5938,43689600
2018-08-09,180,2017-11-21,2018-08-09,31.6,30.1826,30.2414,104.6963,104.4926,26.59,32.84,-3.7759,18.8417,38219100
2018-08-10,180,2017-11-22,2018-08-10,31.19,30.2096,30.2662,103.2452,103.0524,26.59,32.84,-5.0244,17.2997,55679800
2018-08-13,180,2017-11-24,2018-08-13,30.48,30.2335,30.2874,100.8153,100.6359,26.59,32.84,-7.1864,14.6296,63960600
2018-08-14,180,2017-11-27,2018-08-14,30.79,30.2596,30.3107,101.7529,101.5812,26.59,32.84,-6.2424,15.7954,42521200
2018-08-15,180,2017-11-28,2018-08-15,30.36,30.2834,30.3317,100.2531,100.0934,27.64,32.84,-7.5518,9.8408,59747900
2018-08-16,180,2017-11-29,2018-08-16,30.72,30.3018,30.3488,101.38,101.2232,27.78,32.84,-6.4555,10.5831,44015400
2018-08-17,180,2017-11-30,2018-08-17,30.74,30.3163,30.3624,101.3976,101.2435,27.78,32.84,-6.3946,10.6551,39843500
2018-08-20,180,2017-12-01,2018-08-20,30.87,30.3321,30.3774,101.7732,101.6215,27.78,32.84,-5.9988,11.1231,40011000
2018-08-21,180,2017-12-04,2018-08-21,31.02,30.3493,30.3937,102.21,102.0607,27.78,32.84,-5.542,11.6631,53510600
2018-08-22,180,2017-12-05,2018-08-22,30.98,30.3602,30.4043,102.0415,101.8934,27.78,32.84,-5.6638,11.5191,33062900
2018-08-23,180,2017-12-06,2018-08-23,30.84,30.3712,30.4149,101.5437,101.3975,27.78,32.84,-6.0901,11.0151,38259100
2018-08-24,180,2017-12-07,2018-08-24,30.89,30.3842,30.4274,101.6647,101.5202,27.78,32.84,-5.9379,11.1951,43585000
2018-08-27,180,2017-12-08,2018-08-27,31.31,30.3986,30.4415,102.9981,102.853,27.78,32.84,-4.659,12.707,47729300
2018-08-28,180,2017-12-11,2018-08-28,31.27,30.4112,30.4538,102.8241,102.68,27.78,32.84,-4.7808,12.563,38539000
2018-08-29,180,2017-12-12,2018-08-29,31.14,30.4237,30.4661,102.3544,102.2121,27.78,32.84,-5.1766,12.095,46401800
2018-08-30,180,2017-12-13,2018-08-30,31.01,30.4333,30.4754,101.8951,101.7541,27.78,32.84,-5.5725,11.6271,47358900
2018-08-31,180,2017-12-14,2018-08-31,30.93,30.4453,30.4871,101.5919,101.4529,27.78,32.84,-5.8161,11.3391,49266000
2018-09-04,180,2017-12-15,2018-09-04,31.14,30.4592,30.5004,102.2351,102.0969,27.78,32.84,-5.1766,12.095,44745600
2018-09-05,180,2017-12-18,2018-09-05,31.18,30.4714,30.5123,102.3255,102.1882,27.78,32.84,-5.0548,12.239,48516700
2018-09-06,180,2017-12-19,2018-09-06,30.85,30.4792,30.5199,101.2167,101.0814,27.78,32.84,-6.0597,11.0511,42666000
2018-09-07,180,2017-12-20,2018-09-07,30.86,30.4872,30.5278,101.2229,101.0883,27.78,32.84,-6.0292,11.0871,49103800
2018-09-10,180,2017-12-21,2018-09-10,30.82,30.4948,30.5352,101.0664,100.9326,27.78,32.84,-6.151,10.9431,34156200
2018-09-11,180,2017-12-22,2018-09-11,30.85,30.5006,30.5409,101.1456,101.0119,27.78,32.84,-6.0597,11.0511,53071000
2018-09-12,180,2017-12-26,2018-09-12,30.43,30.5037,30.544,99.7584,99.6268,27.78,32.84,-7.3386,9.5392,59482300
2018-09-13,180,2017-12-27,2018-09-13,30.14,30.5058,30.546,98.801,98.6709,27.78,32.84,-8.2217,8.4953,59219500
2018-09-14,180,2017-12-28,2018-09-14,30.37,30.5094,30.5496,99.543,99.4123,27.78,32.84,-7.5213,9.3233,33743900
2018-09-17,180,2017-12-29,2018-09-17,30.28,30.5122,30.5522,99.239,99.109,27.78,32.84,-7.7954,8.9993,35026600
2018-09-18,180,2018-01-02,2018-09-18,30.21,30.5162,30.5561,98.9966,98.8675,27.78,32.84,-8.0085,8.7473,49921700
2018-09-19,180,2018-01-03,2018-09-19,31.0,30.5223,30.5622,101.565,101.4326,27.78,32.84,-5.6029,11.5911,92666300
2018-09-20,180,2018-01-04,2018-09-20,31.19,30.5301,30.5699,102.1615,102.0285,27.78,32.84,-5.0244,12.275,83357400
2018-09-21,180,2018-01-05,2018-09-21,31.03,30.5347,30.5746,101.622,101.4896,27.78,32.84,-5.5116,11.6991,85992100
2018-09-24,180,2018-01-08,2018-09-24,30.74,30.537,30.5768,100.6648,100.5336,27.78,32.84,-6.3946,10.6551,45587700
2018-09-25,180,2018-01-09,2018-09-25,30.67,30.5401,30.5799,100.4254,100.2947,27.78,32.84,-6.6078,10.4032,40949900
2018-09-26,180,2018-01-10,2018-09-26,30.13,30.5393,30.5791,98.6598,98.5313,27.78,32.84,-8.2521,8.4593,57882400
2018-09-27,180,2018-01-11,2018-09-27,29.94,30.5358,30.5757,98.0487,97.9208,27.78,32.84,-8.8307,7.7754,45879700
2018-09-28,180,2018-01-12,2018-09-28,29.46,30.529,30.5691,96.4985,96.372,27.78,32.84,-10.2923,6.0475,74707600
2018-10-01,180,2018-01-16,2018-10-01,29.65,30.5203,30.5605,97.1483,97.0207,27.78,32.84,-9.7138,6.7315,53900900
2018-10-02,180,2018-01-17,2018-10-02,29.58,30.511,30.5513,96.9485,96.8208,27.78,32.84,-9.9269,6.4795,42940300
2018-10-03,180,2018-01-18,2018-10-03,30.0,30.5045,30.5447,98.3461,98.2166,27.78,32.84,-8.648,7.9914,61080300
2018-10-04,180,2018-01-19,2018-10-04,30.43,30.4989,30.5389,99.7742,99.6434,27.78,32.84,-7.3386,9.5392,72325700
2018-10-05,180,2018-01-22,2018-10-05,30.23,30.4908,30.5306,99.1446,99.0154,27.78,32.84,-7.9476,8.8193,51931000
2018-10-08,180,2018-01-23,2018-10-08,30.27,30.4819,30.5213,99.3048,99.1765,27.78,32.84,-7.8258,8.9633,47471600
2018-10-09,180,2018-01-24,2018-10-09,29.98,30.4714,30.5106,98.3872,98.2611,27.78,32.84,-8.7089,7.9194,58868600
2018-10-10,180,2018-01-25,2018-10-10,29.24,30.4558,30.4947,96.008,95.8854,27.78,32.84,-10.9622,5.2556,88454400
2018-10-11,180,2018-01-26,2018-10-11,28.36,30.4347,30.474,93.1832,93.0629,27.78,32.84,-13.6419,2.0878,111417300
2018-10-12,180,2018-01-29,2018-10-12,28.46,30.4137,30.4532,93.5763,93.4548,27.78,32.84,-13.3374,2.4478,102279200
2018-10-15,180,2018-01-30,2018-10-15,27.92,30.3889,30.429,91.8758,91.7546,27.78,32.84,-14.9817,0.504,114636100
2018-10-16,180,2018-01-31,2018-10-16,28.53,30.37,30.4104,93.9415,93.8166,27.78,32.84,-13.1242,2.6998,87887800
2018-10-17,180,2018-02-01,2018-10-17,28.9,30.3528,30.3932,95.2136,95.0872,27.78,32.84,-11.9976,4.0317,79068700
2018-10-18,180,2018-02-02,2018-10-18,28.25,30.3291,30.3696,93.1448,93.0208,27.78,32.84,-13.9769,1.6919,77369200
2018-10-19,180,2018-02-05,2018-10-19,28.32,30.3086,30.3494,93.4387,93.3132,27.78,32.84,-13.7637,1.9438,64305400
2018-10-22,180,2018-02-06,2018-10-22,27.38,30.2909,30.3334,90.3901,90.2636,27.38,32.84,-16.6261,0.0,89942900
2018-10-23,180,2018-02-07,2018-10-23,27.02,30.2657,30.3102,89.2761,89.145,27.02,32.84,-17.7223,0.0,102392500
2018-10-24,180,2018-02-08,2018-10-24,26.19,30.2342,30.2821,86.6237,86.4869,26.19,32.84,-20.2497,0.0,86386600
2018-10-25,180,2018-02-09,2018-10-25,26.59,30.214,30.2646,88.0055,87.8586,26.19,32.84,-19.0317,1.5273,73780400
2018-10-26,180,2018-02-12,2018-10-26,26.39,30.1891,30.2427,87.4157,87.2608,26.19,32.84,-19.6407,0.7636,91103500
2018-10-29,180,2018-02-13,2018-10-29,26.61,30.1615,30.2176,88.225,88.0612,26.19,32.84,-18.9708,1.6037,89367000
2018-10-30,180,2018-02-14,2018-10-30,26.78,30.1349,30.1932,88.867,88.6956,26.19,32.84,-18.4531,2.2528,79004800
2018-10-31,180,2018-02-15,2018-10-31,27.5,30.1091,30.1682,91.3344,91.1557,26.19,32.84,-16.2607,5.0019,92296300
2018-11-01,180,2018-02-16,2018-11-01,27.81,30.0844,30.1437,92.4399,92.258,26.19,32.84,-15.3167,6.1856,49827300
2018-11-02,180,2018-02-20,2018-11-02,27.89,30.0614,30.1211,92.7767,92.593,26.19,32.84,-15.0731,6.491,69010200
2018-11-05,180,2018-02-21,2018-11-05,28.06,30.0398,30.0996,93.4096,93.224,26.19,32.84,-14.5554,7.1401,41103100
2018-11-06,180,2018-02-22,2018-11-06,28.21,30.0194,30.0792,93.9727,93.7857,26.19,32.84,-14.0987,7.7129,43514400
2018-11-07,180,2018-02-23,2018-11-07,28.54,30.0019,30.0617,95.1272,94.938,26.19,32.84,-13.0938,8.9729,56679200
2018-11-08,180,2018-02-26,2018-11-08,28.87,29.9849,30.0442,96.2819,96.0919,26.19,32.84,-12.0889,10.2329,49421200
2018-11-09,180,2018-02-27,2018-11-09,28.52,29.9638,30.0225,95.1815,94.9954,26.19,32.84,-13.1547,8.8965,43270600
2018-11-12,180,2018-02-28,2018-11-12,27.75,29.9384,29.9971,92.6905,92.5091,26.19,32.84,-15.4994,5.9565,50307500
2018-11-13,180,2018-03-01,2018-11-13,27.76,29.9141,29.9729,92.799,92.6169,26.19,32.84,-15.4689,5.9947,57423400
2018-11-14,180,2018-03-02,2018-11-14,27.21,29.8894,29.9492,91.0357,90.8538,26.19,32.84,-17.1437,3.8946,69213300
2018-11-15,180,2018-03-05,2018-11-15,27.9,29.8684,29.9285,93.4098,93.2222,26.19,32.84,-15.0426,6.5292,66174800
2018-11-16,180,2018-03-06,2018-11-16,27.75,29.8441,29.9042,92.9833,92.7964,26.19,32.84,-15.4994,5.9565,52456100
2018-11-19,180,2018-03-07,2018-11-19,27.75,29.8199,29.8799,93.0587,92.8717,26.19,32.84,-15.4994,5.9565,46000000
2018-11-20,180,2018-03-08,2018-11-20,27.38,29.793,29.8533,91.9008,91.7152,26.19,32.84,-16.6261,4.5437,92330600
2018-11-21,180,2018-03-09,2018-11-21,27.27,29.7653,29.8259,91.6167,91.4306,26.19,32.84,-16.961,4.1237,40364400
2018-11-23,180,2018-03-12,2018-11-23,26.97,29.7333,29.7939,90.7064,90.5217,26.19,32.84,-17.8745,2.9782,22974100
2018-11-26,180,2018-03-13,2018-11-26,27.56,29.7047,29.7646,92.78,92.5932,26.19,32.36,-14.8331,5.231,53210700
2018-11-27,180,2018-03-14,2018-11-27,27.74,29.6795,29.7389,93.4653,93.2784,26.19,32.17,-13.7706,5.9183,43617100
2018-11-28,180,2018-03-15,2018-11-28,28.43,29.6596,29.7183,95.8543,95.6649,26.19,32.17,-11.6257,8.5529,61388100
2018-11-29,180,2018-03-16,2018-11-29,28.04,29.6376,29.6958,94.6096,94.4242,26.19,32.17,-12.838,7.0638,46824600
2018-11-30,180,2018-03-19,2018-11-30,28.4,29.6175,29.6748,95.8894,95.704,26.19,31.98,-11.1945,8.4383,64284600
2018-12-03,180,2018-03-20,2018-12-03,28.54,29.5991,29.6557,96.4219,96.2378,26.19,31.98,-10.7567,8.9729,59908700
2018-12-04,180,2018-03-21,2018-12-04,26.99,29.571,29.628,91.2719,91.0963,26.19,31.87,-15.3122,3.0546,103565700
2018-12-06,180,2018-03-22,2018-12-06,26.28,29.5386,29.5969,88.9683,88.793,26.19,31.8,-17.3585,0.3436,133294200
2018-12-07,180,2018-03-23,2018-12-07,25.43,29.5067,29.5685,86.1839,86.0037,25.43,31.8,-20.0314,0.0,107477600
2018-12-10,180,2018-03-26,2018-12-10,24.76,29.4772,29.544,83.9972,83.8072,24.76,31.8,-22.1384,0.0,110166900
2018-12-11,180,2018-03-27,2018-12-11,24.58,29.4394,29.5114,83.4935,83.2897,24.58,31.8,-22.7044,0.0,78545000
2018-12-12,180,2018-03-28,2018-12-12,24.52,29.4062,29.4837,83.3838,83.1647,24.52,31.8,-22.8931,0.0,87191800
2018-12-13,180,2018-03-29,2018-12-13,24.4,29.3728,29.4559,83.07,82.8356,24.4,31.8,-23.2704,0.0,64860100
2018-12-14,180,2018-04-02,2018-12-14,24.48,29.3369,29.4253,83.4445,83.1936,24.4,31.8,-23.0189,0.3279,92762600
2018-12-17,180,2018-04-03,2018-12-17,24.47,29.3046,29.3984,83.5021,83.2357,24.4,31.8,-23.0503,0.2869,98602800
2018-12-18,180,2018-04-04,2018-12-18,24.47,29.271,29.37,83.5982,83.3163,24.4,31.8,-23.0503,0.2869,89046300
2018-12-19,180,2018-04-05,2018-12-19,24.18,29.2334,29.3383,82.7135,82.4178,24.18,31.8,-23.9623,0.0,121887600
2018-12-20,180,2018-04-06,2018-12-20,24.11,29.1932,29.3038,82.5878,82.2759,24.11,31.8,-24.1824,0.0,112594000
2018-12-21,180,2018-04-09,2018-12-21,23.37,29.1504,29.2691,80.1703,79.8454,23.37,31.8,-26.5094,0.0,160800400
2018-12-24,180,2018-04-10,2018-12-24,22.73,29.1009,29.2294,78.1076,77.7642,22.73,31.8,-28.522,0.0,64859100
2018-12-26,180,2018-04-11,2018-12-26,24.11,29.0601,29.194,82.9659,82.5855,22.73,31.8,-24.1824,6.0713,100877800
2018-12-27,180,2018-04-12,2018-12-27,24.37,29.0246,29.1633,83.9633,83.564,22.73,31.8,-23.3648,7.2151,91575400
2018-12-28,180,2018-04-13,2018-12-28,24.39,28.9854,29.1285,84.1457,83.7324,22.73,31.8,-23.3019,7.3031,78693800
2018-12-31,180,2018-04-16,2018-12-31,24.64,28.9527,29.0998,85.1044,84.674,22.73,31.8,-22.5157,8.403,56257300
2019-01-02,180,2018-04-17,2019-01-02,24.96,28.9217,29.0722,86.3019,85.8551,22.73,31.8,-21.5094,9.8108,71836300
2019-01-03,180,2018-04-18,2019-01-03,24.56,28.8873,29.0418,85.0202,84.5678,22.73,31.8,-22.7673,8.051,66599600
2019-01-04,180,2018-04-19,2019-01-04,25.58,28.863,29.0198,88.6255,88.1466,22.73,31.8,-19.5597,12.5385,83829100
2019-01-07,180,2018-04-20,2019-01-07,25.56,28.8353,28.9942,88.6412,88.1557,22.73,31.8,-19.6226,12.4505,57016300
2019-01-08,180,2018-04-23,2019-01-08,25.51,28.8069,28.9678,88.555,88.0634,22.73,31.8,-19.7799,12.2305,67339400
2019-01-09,180,2018-04-24,2019-01-09,25.76,28.7801,28.9424,89.5064,89.0042,22.73,31.8,-18.9937,13.3304,69707200
2019-01-10,180,2018-04-25,2019-01-10,25.73,28.7537,28.9177,89.4843,88.9768,22.73,31.8,-19.088,13.1984,65235800
2019-01-11,180,2018-04-26,2019-01-11,26.03,28.7296,28.8948,90.6034,90.0853,22.73,31.8,-18.1446,14.5183,63476000
2019-01-14,180,2018-04-27,2019-01-14,26.37,28.7082,28.8743,91.8552,91.327,22.73,31.8,-17.0755,16.0141,76715400
2019-01-15,180,2018-04-30,2019-01-15,26.55,28.6877,28.8543,92.5485,92.0141,22.73,31.8,-16.5094,16.806,80625500
2019-01-16,180,2018-05-01,2019-01-16,28.45,28.6798,28.8461,99.1989,98.6268,22.73,31.8,-10.5346,25.165,163131700
2019-01-17,180,2018-05-02,2019-01-17,28.99,28.6747,28.8408,101.0995,100.5174,22.73,31.8,-8.8365,27.5407,107428800
2019-01-18,180,2018-05-03,2019-01-18,29.3,28.6732,28.8392,102.1859,101.5977,22.73,31.8,-7.8616,28.9045,97928200
2019-01-22,180,2018-05-04,2019-01-22,29.09,28.6726,28.8386,101.4556,100.8717,22.73,31.8,-8.522,27.9806,84861400
2019-01-23,180,2018-05-07,2019-01-23,28.92,28.6706,28.8365,100.8699,100.2896,22.73,31.8,-9.0566,27.2327,79425900
2019-01-24,180,2018-05-08,2019-01-24,29.08,28.6676,28.8334,101.4384,100.8553,22.73,31.8,-8.5535,27.9366,59492300
2019-01-25,180,2018-05-09,2019-01-25,29.58,28.6658,28.8314,103.1891,102.5963,22.73,31.8,-6.9811,30.1364,72182100
2019-01-28,180,2018-05-10,2019-01-28,29.63,28.6604,28.8254,103.3832,102.7913,22.73,31.8,-6.8239,30.3564,59963800
2019-01-29,180,2018-05-11,2019-01-29,29.39,28.6528,28.8171,102.5728,101.9882,22.73,31.8,-7.5786,29.3005,51451900
2019-01-30,180,2018-05-14,2019-01-30,29.07,28.6434,28.8068,101.4892,100.9138,22.73,31.8,-8.5849,27.8927,66475800
2019-01-31,180,2018-05-15,2019-01-31,28.47,28.6298,28.7921,99.4418,98.8814,22.73,31.8,-10.4717,25.253,100201200
2019-02-01,180,2018-05-16,2019-02-01,28.38,28.6152,28.7763,99.178,98.6229,22.73,31.8,-10.7547,24.857,64244100
2019-02-04,180,2018-05-17,2019-02-04,28.88,28.6042,28.7642,100.9643,100.4027,22.73,31.8,-9.1824,27.0567,55195900
2019-02-05,180,2018-05-18,2019-02-05,28.78,28.5938,28.7529,100.6513,100.0943,22.73,31.8,-9.4968,26.6168,46622600
2019-02-06,180,2018-05-21,2019-02-06,28.73,28.5858,28.7444,100.5045,99.9499,22.73,31.8,-9.6541,26.3968,35606900
2019-02-07,180,2018-05-22,2019-02-07,28.24,28.5736,28.7316,98.8324,98.2891,22.73,31.8,-11.195,24.2411,62289200
2019-02-08,180,2018-05-23,2019-02-08,28.29,28.5601,28.7171,99.0541,98.5127,22.73,31.8,-11.0377,24.4611,50031300
2019-02-11,180,2018-05-24,2019-02-11,28.41,28.5495,28.7058,99.5114,98.9694,22.73,31.8,-10.6604,24.989,47724400
2019-02-12,180,2018-05-25,2019-02-12,28.69,28.5416,28.6974,100.5201,99.9743,22.73,31.8,-9.7799,26.2209,49178100
2019-02-13,180,2018-05-29,2019-02-13,28.7,28.5339,28.6893,100.582,100.0374,22.73,31.8,-9.7484,26.2649,48951200
2019-02-14,180,2018-05-30,2019-02-14,28.39,28.5308,28.6861,99.5065,98.9678,22.73,31.8,-10.7233,24.901,47756600
2019-02-15,180,2018-05-31,2019-02-15,29.11,28.5288,28.684,102.0373,101.4852,22.73,31.8,-8.4591,28.0686,65867000
2019-02-19,180,2018-06-01,2019-02-19,29.13,28.5293,28.6845,102.1056,101.5531,22.73,31.8,-8.3962,28.1566,40841300
2019-02-20,180,2018-06-04,2019-02-20,29.41,28.5293,28.6846,103.0869,102.529,22.73,31.8,-7.5157,29.3885,42806300
2019-02-21,180,2018-06-05,2019-02-21,29.29,28.5288,28.6839,102.6684,102.1129,22.73,31.8,-7.8931,28.8605,42754100
2019-02-22,180,2018-06-06,2019-02-22,29.08,28.5285,28.6837,101.933,101.3815,22.73,31.8,-8.5535,27.9366,47887800
2019-02-25,180,2018-06-07,2019-02-25,29.27,28.5246,28.6794,102.6133,102.0592,22.73,31.8,-7.956,28.7725,61227400
2019-02-26,180,2018-06-08,2019-02-26,29.29,28.5205,28.675,102.6981,102.1447,22.73,31.8,-7.8931,28.8605,53153200
2019-02-27,180,2018-06-11,2019-02-27,29.53,28.518,28.6723,103.5485,102.9913,22.73,31.8,-7.1384,29.9164,48128600
2019-02-28,180,2018-06-12,2019-02-28,29.08,28.513,28.6669,101.9887,101.4411,22.73,31.8,-8.5535,27.9366,62358100
2019-03-01,180,2018-06-13,2019-03-01,29.31,28.5099,28.6636,102.8063,102.2551,22.73,31.8,-7.8302,28.9485,45771500
2019-03-04,180,2018-06-14,2019-03-04,29.03,28.5057,28.6591,101.8393,101.2941,22.73,31.8,-8.7107,27.7167,56893200
2019-03-05,180,2018-06-15,2019-03-05,29.08,28.5035,28.6568,102.0226,101.4769,22.73,31.8,-8.5535,27.9366,39932500
2019-03-06,180,2018-06-18,2019-03-06,28.84,28.5011,28.6543,101.1889,100.648,22.73,31.8,-9.3082,26.8808,41672000
2019-03-07,180,2018-06-19,2019-03-07,28.55,28.4966,28.6496,100.1875,99.6523,22.73,31.8,-10.2201,25.6049,53908600
2019-03-08,180,2018-06-20,2019-03-08,28.65,28.4933,28.6462,100.55,100.0132,22.73,31.8,-9.9057,26.0449,40860700
2019-03-11,180,2018-06-21,2019-03-11,28.94,28.4917,28.6446,101.5735,101.0314,22.73,31.8,-8.9937,27.3207,40709300
2019-03-12,180,2018-06-22,2019-03-12,28.94,28.4898,28.6426,101.5801,101.0383,22.73,31.8,-8.9937,27.3207,34450000
2019-03-13,180,2018-06-25,2019-03-13,29.29,28.4914,28.6443,102.8029,102.2543,22.73,31.8,-7.8931,28.8605,54683300
2019-03-14,180,2018-06-26,2019-03-14,29.46,28.4967,28.6497,103.3804,102.8282,22.73,31.8,-7.3585,29.6084,45219100
2019-03-15,180,2018-06-27,2019-03-15,29.3,28.5008,28.6539,102.8042,102.2547,22.73,31.8,-7.8616,28.9045,82346200
2019-03-18,180,2018-06-28,2019-03-18,29.82,28.5093,28.6627,104.5976,104.0376,22.73,31.8,-6.2264,31.1923,58568600
2019-03-19,180,2018-06-29,2019-03-19,29.65,28.5145,28.6682,103.9823,103.4248,22.73,31.8,-6.761,30.4443,55455100
2019-03-20,180,2018-07-02,2019-03-20,28.64,28.517,28.6707,100.4314,99.893,22.73,31.8,-9.9371,26.0009,81689900
2019-03-21,180,2018-07-03,2019-03-21,28.18,28.5164,28.6701,98.8203,98.2905,22.73,31.8,-11.3836,23.9771,77444400
2019-03-22,180,2018-07-05,2019-03-22,27.01,28.5118,28.6658,94.7328,94.2237,22.73,31.8,-15.0629,18.8297,118851600
2019-03-25,180,2018-07-06,2019-03-25,26.84,28.5053,28.6598,94.158,93.6502,22.73,31.8,-15.5975,18.0818,65568000
2019-03-26,180,2018-07-09,2019-03-26,27.21,28.5004,28.6553,95.4723,94.9563,22.73,31.8,-14.434,19.7096,59878500
2019-03-27,180,2018-07-10,2019-03-27,27.03,28.4888,28.6441,94.8793,94.3651,22.73,31.8,-15.0,18.9177,57621700
2019-03-28,180,2018-07-11,2019-03-28,27.33,28.4802,28.6357,95.9613,95.4402,22.73,31.8,-14.0566,20.2376,45872300
2019-03-29,180,2018-07-12,2019-03-29,27.59,28.474,28.6297,96.8953,96.3686,22.73,31.8,-13.239,21.3814,83446300
2019-04-01,180,2018-07-13,2019-04-01,28.54,28.4728,28.6284,100.2361,99.6913,22.73,31.8,-10.2516,25.5609,91751100
2019-04-02,180,2018-07-16,2019-04-02,28.87,28.4745,28.6302,101.3889,100.8377,22.73,31.8,-9.2138,27.0128,66694000
2019-04-03,180,2018-07-17,2019-04-03,28.84,28.4696,28.6249,101.3011,100.7513,22.73,31.8,-9.3082,26.8808,63110600
2019-04-04,180,2018-07-18,2019-04-04,29.15,28.4652,28.6202,102.4059,101.8513,22.73,31.8,-8.3333,28.2446,53712100
2019-04-05,180,2018-07-19,2019-04-05,29.08,28.4598,28.6143,102.1793,101.6274,22.73,31.8,-8.5535,27.9366,46383400
2019-04-08,180,2018-07-20,2019-04-08,29.17,28.4572,28.6116,102.5049,101.9518,22.73,31.8,-8.2704,28.3326,35272800
2019-04-09,180,2018-07-23,2019-04-09,28.89,28.4508,28.6047,101.5438,100.9975,22.73,31.8,-9.1509,27.1007,40535300
2019-04-10,180,2018-07-24,2019-04-10,29.07,28.4423,28.5953,102.2069,101.6599,22.73,31.8,-8.5849,27.8927,42669700
2019-04-11,180,2018-07-25,2019-04-11,29.07,28.4335,28.5856,102.2386,101.6947,22.73,31.8,-8.5849,27.8927,50440100
2019-04-12,180,2018-07-26,2019-04-12,30.17,28.4292,28.5806,106.1234,105.5613,22.73,31.8,-5.1258,32.7321,100192000
2019-04-15,180,2018-07-27,2019-04-15,29.84,28.4238,28.5744,104.9823,104.429,22.73,31.8,-6.1635,31.2802,57438800
2019-04-16,180,2018-07-30,2019-04-16,29.88,28.4181,28.5679,105.1442,104.593,22.73,31.8,-6.0377,31.4562,105168400
2019-04-17,180,2018-07-31,2019-04-17,30.03,28.412,28.5608,105.6947,105.1442,22.73,31.8,-5.566,32.1162,94831600
2019-04-18,180,2018-08-01,2019-04-18,30.03,28.4079,28.5561,105.71,105.1616,22.73,31.8,-5.566,32.1162,61796600
2019-04-22,180,2018-08-02,2019-04-22,30.05,28.4022,28.5494,105.8017,105.2562,22.73,31.8,-5.5031,32.2041,34763400
2019-04-23,180,2018-08-03,2019-04-23,30.07,28.3964,28.5427,105.8936,105.3511,22.73,31.8,-5.4402,32.2921,41889700
2019-04-24,180,2018-08-06,2019-04-24,30.02,28.3894,28.5344,105.7438,105.2064,22.73,31.8,-5.5975,32.0722,40078100
2019-04-25,180,2018-08-07,2019-04-25,30.08,28.3826,28.5264,105.9806,105.4462,22.73,31.8,-5.4088,32.3361,43243800
2019-04-26,180,2018-08-08,2019-04-26,30.35,28.3771,28.5199,106.9523,106.4168,22.73,31.8,-4.5597,33.524,40627500
2019-04-29,180,2018-08-09,2019-04-29,30.77,28.3724,28.5142,108.4504,107.9111,22.73,31.6,-2.6266,35.3718,68408600
2019-04-30,180,2018-08-10,2019-04-30,30.58,28.3677,28.5086,107.7986,107.266,22.73,31.31,-2.3315,34.5359,47764200
2019-05-01,180,2018-08-13,2019-05-01,30.26,28.3633,28.5034,106.6871,106.1628,22.73,31.31,-3.3536,33.128,56161000
2019-05-02,180,2018-08-14,2019-05-02,30.5,28.3634,28.5035,107.5329,107.0044,22.73,31.31,-2.587,34.1839,40634100
2019-05-03,180,2018-08-15,2019-05-03,30.71,28.363,28.5031,108.2748,107.7428,22.73,31.31,-1.9163,35.1078,35256100
2019-05-06,180,2018-08-16,2019-05-06,30.47,28.3636,28.5037,107.4266,106.8985,22.73,31.31,-2.6828,34.0519,39882000
2019-05-07,180,2018-08-17,2019-05-07,29.92,28.3597,28.4992,105.502,104.9853,22.73,31.31,-4.4395,31.6322,58528400
2019-05-08,180,2018-08-20,2019-05-08,29.8,28.3551,28.494,105.0958,104.5834,22.73,31.31,-4.8227,31.1043,39903400
2019-05-09,180,2018-08-21,2019-05-09,29.71,28.3494,28.4876,104.7993,104.2911,22.73,31.31,-5.1102,30.7083,44173500
2019-05-10,180,2018-08-22,2019-05-10,29.58,28.3424,28.4796,104.3665,103.864,22.73,31.31,-5.5254,30.1364,59649900
2019-05-13,180,2018-08-23,2019-05-13,28.25,28.3285,28.4644,99.7229,99.2468,22.73,31.31,-9.7732,24.2851,72547000
2019-05-14,180,2018-08-24,2019-05-14,28.62,28.3173,28.4521,101.069,100.5903,22.73,31.31,-8.5915,25.9129,52216100
2019-05-15,180,2018-08-27,2019-05-15,28.29,28.3041,28.4376,99.9503,99.4809,22.73,31.31,-9.6455,24.4611,51973200
2019-05-16,180,2018-08-28,2019-05-16,28.59,28.2905,28.4225,101.0585,100.5893,22.73,31.27,-8.5705,25.7809,42791500
2019-05-17,180,2018-08-29,2019-05-17,28.4,28.2762,28.4066,100.4379,99.9769,22.73,31.19,-8.9452,24.945,43772500
2019-05-20,180,2018-08-30,2019-05-20,28.4,28.2624,28.3913,100.4868,100.0305,22.73,31.19,-8.9452,24.945,41717600
2019-05-21,180,2018-08-31,2019-05-21,28.69,28.2509,28.3784,101.5545,101.0979,22.73,31.19,-8.0154,26.2209,39258700
2019-05-22,180,2018-09-04,2019-05-22,28.49,28.2386,28.3649,100.8903,100.4411,22.73,31.19,-8.6566,25.341,29177600
2019-05-23,180,2018-09-05,2019-05-23,27.76,28.2213,28.3461,98.3655,97.9323,22.73,31.19,-10.9971,22.1293,59772900
2019-05-24,180,2018-09-06,2019-05-24,28.18,28.2062,28.3294,99.9072,99.4725,22.73,31.19,-9.6505,23.9771,35524400
2019-05-28,180,2018-09-07,2019-05-28,27.9,28.191,28.3131,98.9677,98.5411,22.73,31.19,-10.5483,22.7453,44273400
2019-05-29,180,2018-09-10,2019-05-29,27.75,28.175,28.2958,98.4916,98.0712,22.73,31.19,-11.0292,22.0853,49818900
2019-05-30,180,2018-09-11,2019-05-30,27.16,28.1557,28.2754,96.4635,96.0551,22.73,31.19,-12.9208,19.4897,58649300
2019-05-31,180,2018-09-12,2019-05-31,26.6,28.1329,28.2518,94.5511,94.1532,22.73,31.19,-14.7163,17.026,68304200
2019-06-03,180,2018-09-13,2019-06-03,26.68,28.1126,28.231,94.9039,94.506,22.73,31.19,-14.4598,17.3779,50109900
2019-06-04,180,2018-09-14,2019-06-04,27.92,28.1011,28.2187,99.3556,98.9416,22.73,31.19,-10.4841,22.8333,58426400
2019-06-05,180,2018-09-17,2019-06-05,27.91,28.0883,28.205,99.3651,98.9541,22.73,31.19,-10.5162,22.7893,44874400
2019-06-06,180,2018-09-18,2019-06-06,27.88,28.0759,28.1917,99.3023,98.8945,22.73,31.19,-10.6124,22.6573,38633600
2019-06-07,180,2018-09-19,2019-06-07,27.53,28.0618,28.1768,98.105,97.7046,22.73,31.19,-11.7345,21.1175,51317200
2019-06-10,180,2018-09-20,2019-06-10,28.07,28.0471,28.1605,100.0818,99.6786,22.73,31.19,-10.0032,23.4932,48305800
2019-06-11,180,2018-09-21,2019-06-11,28.24,28.0324,28.1441,100.7405,100.3407,22.73,31.03,-8.9913,24.2411,38691800
2019-06-12,180,2018-09-24,2019-06-12,27.95,28.0169,28.127,99.7611,99.3707,22.73,30.77,-9.1648,22.9652,33528900
2019-06-13,180,2018-09-25,2019-06-13,27.94,28.0027,28.1114,99.776,99.3901,22.73,30.77,-9.1973,22.9213,33404200
2019-06-14,180,2018-09-26,2019-06-14,28.04,27.9894,28.0968,100.1807,99.7977,22.73,30.77,-8.8723,23.3612,37322100
2019-06-17,180,2018-09-27,2019-06-17,27.93,27.978,28.0846,99.8283,99.4495,22.73,30.77,-9.2298,22.8773,33410100
2019-06-18,180,2018-09-28,2019-06-18,28.62,27.9713,28.0773,102.319,101.933,22.73,30.77,-6.9873,25.9129,60170700
2019-06-19,180,2018-10-01,2019-06-19,28.32,27.9654,28.0709,101.268,100.8872,22.73,30.77,-7.9623,24.593,61953500
2019-06-20,180,2018-10-02,2019-06-20,28.27,27.9583,28.0633,101.1151,100.7366,22.73,30.77,-8.1248,24.3731,60887200
2019-06-21,180,2018-10-03,2019-06-21,28.12,27.9506,28.0552,100.606,100.2311,22.73,30.77,-8.6123,23.7132,69444000
2019-06-24,180,2018-10-04,2019-06-24,27.98,27.9402,28.0439,100.1425,99.772,22.73,30.77,-9.0673,23.0972,40046400
2019-06-25,180,2018-10-05,2019-06-25,27.76,27.9265,28.0291,99.4038,99.0399,22.73,30.77,-9.7823,22.1293,46901300
2019-06-26,180,2018-10-08,2019-06-26,27.91,27.9146,28.0162,99.9836,99.6209,22.73,30.77,-9.2948,22.7893,42312300
2019-06-27,180,2018-10-09,2019-06-27,28.21,27.9041,28.0048,101.0961,100.7328,22.73,30.77,-8.3198,24.1091,35575600
2019-06-28,180,2018-10-10,2019-06-28,29.0,27.8993,27.9993,103.9454,103.5739,22.73,30.77,-5.7524,27.5847,101856900
2019-07-01,180,2018-10-11,2019-07-01,29.42,27.9002,28.0003,105.4474,105.0702,22.73,30.77,-4.3874,29.4325,48029900
2019-07-02,180,2018-10-12,2019-07-02,29.15,27.9043,28.0047,104.4642,104.0896,22.73,30.77,-5.2649,28.2446,32263500
2019-07-03,180,2018-10-15,2019-07-03,29.05,27.9074,28.008,104.0943,103.7204,22.73,30.77,-5.5899,27.8047,26642300
2019-07-05,180,2018-10-16,2019-07-05,29.26,27.9145,28.0154,104.8201,104.4424,22.73,30.77,-4.9074,28.7286,33092000
2019-07-08,180,2018-10-17,2019-07-08,29.2,27.918,28.0192,104.5921,104.2144,22.73,30.77,-5.1024,28.4646,30924400
2019-07-09,180,2018-10-18,2019-07-09,29.35,27.9203,28.0217,105.1208,104.7404,22.73,30.77,-4.6149,29.1245,28750100
2019-07-10,180,2018-10-19,2019-07-10,29.02,27.9243,28.0259,103.9237,103.5469,22.73,30.77,-5.6874,27.6727,40574800
2019-07-11,180,2018-10-22,2019-07-11,29.36,27.9298,28.0317,105.1209,104.7385,22.73,30.77,-4.5824,29.1685,37376800
2019-07-12,180,2018-10-23,2019-07-12,29.45,27.9409,28.0432,105.4011,105.0165,22.73,30.77,-4.2899,29.5645,29632900
2019-07-15,180,2018-10-24,2019-07-15,29.22,27.953,28.0554,104.5327,104.1509,22.73,30.77,-5.0374,28.5526,46462100
2019-07-16,180,2018-10-25,2019-07-16,28.99,27.969,28.071,103.6505,103.2738,22.73,30.77,-5.7849,27.5407,54920400
2019-07-17,180,2018-10-26,2019-07-17,29.19,27.9836,28.0854,104.3112,103.9328,22.73,30.77,-5.1349,28.4206,84958300
2019-07-18,180,2018-10-29,2019-07-18,29.48,28.0009,28.1026,105.2825,104.9013,22.73,30.77,-4.1924,29.6964,49468800
2019-07-19,180,2018-10-30,2019-07-19,29.4,28.0164,28.1181,104.9386,104.5589,22.73,30.77,-4.4524,29.3445,44863200
2019-07-22,180,2018-10-31,2019-07-22,29.57,28.0318,28.1336,105.4875,105.1056,22.73,30.77,-3.8999,30.0924,31224300
2019-07-23,180,2018-11-01,2019-07-23,30.25,28.0462,28.1489,107.8577,107.4643,22.73,30.77,-1.69,33.084,64030300
2019-07-24,180,2018-11-02,2019-07-24,30.67,28.0609,28.1648,109.2981,108.8949,22.73,30.77,-0.325,34.9318,53171900
2019-07-25,180,2018-11-05,2019-07-25,30.34,28.0735,28.1784,108.0733,107.6712,22.73,30.77,-1.3975,33.48,43251900
2019-07-26,180,2018-11-06,2019-07-26,30.77,28.0873,28.1934,109.5513,109.1388,22.73,30.77,0.0,35.3718,46978800
2019-07-29,180,2018-11-07,2019-07-29,30.52,28.0991,28.2063,108.6158,108.2029,22.73,30.77,-0.8125,34.2719,39176700
2019-07-30,180,2018-11-08,2019-07-30,30.89,28.1107,28.2193,109.8868,109.464,22.73,30.89,0.0,35.8997,37598300
2019-07-31,180,2018-11-09,2019-07-31,30.68,28.1197,28.2294,109.1049,108.6811,22.73,30.89,-0.6798,34.9758,60607600
2019-08-01,180,2018-11-12,2019-08-01,29.49,28.1248,28.2348,104.8541,104.4457,22.73,30.89,-4.5322,29.7404,76913400
2019-08-02,180,2018-11-13,2019-08-02,29.38,28.1336,28.2438,104.4304,104.0227,22.73,30.89,-4.8883,29.2565,57492300
2019-08-05,180,2018-11-14,2019-08-05,28.08,28.1354,28.2456,99.8032,99.4137,22.73,30.89,-9.0968,23.5372,96207700
2019-08-06,180,2018-11-15,2019-08-06,28.42,28.1423,28.2523,100.9869,100.5935,22.73,30.89,-7.9961,25.033,65115800
2019-08-07,180,2018-11-16,2019-08-07,27.89,28.1422,28.2523,99.1038,98.7177,22.73,30.89,-9.7119,22.7013,75388500
2019-08-08,180,2018-11-19,2019-08-08,28.38,28.1457,28.2558,100.8323,100.4396,22.73,30.89,-8.1256,24.857,53141900
2019-08-09,180,2018-11-20,2019-08-09,28.33,28.149,28.259,100.6431,100.2512,22.73,30.89,-8.2875,24.637,53499600
2019-08-12,180,2018-11-21,2019-08-12,27.64,28.1505,28.2604,98.1866,97.8045,22.73,30.89,-10.5212,21.6014,55674700
2019-08-13,180,2018-11-23,2019-08-13,27.72,28.1531,28.2629,98.4616,98.0789,22.73,30.89,-10.2622,21.9534,69919200
2019-08-14,180,2018-11-26,2019-08-14,26.42,28.1497,28.2599,93.8553,93.4894,22.73,30.89,-14.4707,16.2341,106591700
2019-08-15,180,2018-11-27,2019-08-15,26.25,28.1417,28.2526,93.2778,92.9118,22.73,30.89,-15.021,15.4861,70192000
2019-08-16,180,2018-11-28,2019-08-16,27.03,28.1376,28.2487,96.0637,95.6859,22.73,30.89,-12.4959,18.9177,70841700
2019-08-19,180,2018-11-29,2019-08-19,27.27,28.131,28.2422,96.9393,96.5576,22.73,30.89,-11.719,19.9736,44964800
2019-08-20,180,2018-11-30,2019-08-20,26.72,28.1233,28.2349,95.0103,94.6347,22.73,30.89,-13.4995,17.5539,47665000
2019-08-21,180,2018-12-03,2019-08-21,26.93,28.1148,28.2267,95.7858,95.406,22.73,30.89,-12.8197,18.4778,47785400
2019-08-22,180,2018-12-04,2019-08-22,27.19,28.1072,28.2192,96.7369,96.3528,22.73,30.89,-11.978,19.6216,49353700
2019-08-23,180,2018-12-06,2019-08-23,26.47,28.104,28.2163,94.1859,93.8109,22.73,30.89,-14.3088,16.454,81880700
2019-08-26,180,2018-12-07,2019-08-26,26.78,28.1071,28.2191,95.2784,94.9002,22.73,30.89,-13.3053,17.8179,41499100
2019-08-27,180,2018-12-10,2019-08-27,26.47,28.1139,28.2249,94.1528,93.7825,22.73,30.89,-14.3088,16.454,52517000
2019-08-28,180,2018-12-11,2019-08-28,26.85,28.1277,28.2365,95.4575,95.0897,22.73,30.89,-13.0787,18.1258,45897900
2019-08-29,180,2018-12-12,2019-08-29,27.33,28.1457,28.2518,97.1019,96.7373,22.73,30.89,-11.5248,20.2376,55432900
2019-08-30,180,2018-12-13,2019-08-30,27.51,28.1652,28.2684,97.6737,97.3172,22.73,30.89,-10.942,21.0295,41326200
2019-09-03,180,2018-12-14,2019-09-03,27.05,28.1829,28.2831,95.9801,95.6401,22.73,30.89,-12.4312,19.0057,50743100
2019-09-04,180,2018-12-17,2019-09-04,27.49,28.2027,28.2998,97.473,97.1384,22.73,30.89,-11.0068,20.9415,40862500
2019-09-05,180,2018-12-18,2019-09-05,28.12,28.2261,28.3201,99.624,99.2934,22.73,30.89,-8.9673,23.7132,63413700
2019-09-06,180,2018-12-19,2019-09-06,27.73,28.2474,28.3382,98.1683,97.8537,22.73,30.89,-10.2298,21.9974,56054100
2019-09-09,180,2018-12-20,2019-09-09,28.63,28.2759,28.3629,101.2522,100.9416,22.73,30.89,-7.3163,25.9569,68629300
2019-09-10,180,2018-12-21,2019-09-10,29.35,28.3089,28.3921,103.6778,103.374,22.73,30.89,-4.9854,29.1245,71066200
2019-09-11,180,2018-12-24,2019-09-11,29.46,28.3483,28.4259,103.9216,103.6379,22.73,30.89,-4.6293,29.6084,53982200
2019-09-12,180,2018-12-26,2019-09-12,29.67,28.3943,28.4644,104.4927,104.2353,24.11,30.89,-3.9495,23.061,72943900
2019-09-13,180,2018-12-27,2019-09-13,30.17,28.4317,28.4981,106.114,105.8667,24.37,30.89,-2.3308,23.7997,79657000
2019-09-16,180,2018-12-28,2019-09-16,30.13,28.467,28.5301,105.842,105.6077,24.39,30.89,-2.4603,23.5342,43391300
2019-09-17,180,2018-12-31,2019-09-17,29.94,28.5012,28.5609,105.0481,104.8285,24.56,30.89,-3.0754,21.9055,48284900
2019-09-18,180,2019-01-02,2019-09-18,30.0,28.534,28.5907,105.1378,104.9291,24.56,30.89,-2.8812,22.1498,66640400
2019-09-19,180,2019-01-03,2019-09-19,29.82,28.5635,28.6177,104.3988,104.2012,24.56,30.89,-3.4639,21.4169,43035700
2019-09-20,180,2019-01-04,2019-09-20,29.59,28.595,28.6457,103.4798,103.2966,25.51,30.89,-4.2085,15.9937,167269000
2019-09-23,180,2019-01-07,2019-09-23,29.52,28.6187,28.6676,103.1494,102.9736,25.51,30.89,-4.4351,15.7193,52048300
2019-09-24,180,2019-01-08,2019-09-24,28.94,28.6395,28.6863,101.0493,100.8843,25.51,30.89,-6.3127,13.4457,64806900
2019-09-25,180,2019-01-09,2019-09-25,29.25,28.6623,28.7071,102.0503,101.8911,25.73,30.89,-5.3092,13.6805,45807700
2019-09-26,180,2019-01-10,2019-09-26,29.13,28.6828,28.7258,101.5589,101.407,25.73,30.89,-5.6976,13.2141,33198100
2019-09-27,180,2019-01-11,2019-09-27,29.35,28.7048,28.7459,102.2478,102.1014,26.03,30.89,-4.9854,12.7545,41336600
2019-09-30,180,2019-01-14,2019-09-30,29.17,28.7237,28.7634,101.5537,101.4136,26.25,30.89,-5.5681,11.1238,39191000
2019-10-01,180,2019-01-15,2019-10-01,28.44,28.7364,28.7749,98.9686,98.8362,26.25,30.89,-7.9314,8.3429,49434400
2019-10-02,180,2019-01-16,2019-10-02,27.84,28.7444,28.7821,96.8537,96.7269,26.25,30.89,-9.8737,6.0571,52293100
2019-10-03,180,2019-01-17,2019-10-03,27.81,28.7407,28.7785,96.7618,96.6346,26.25,30.89,-9.9709,5.9429,53015800
2019-10-04,180,2019-01-18,2019-10-04,28.37,28.7372,28.7751,98.7222,98.5923,26.25,30.89,-8.158,8.0762,42641800
2019-10-07,180,2019-01-22,2019-10-07,28.31,28.7317,28.7696,98.5321,98.4026,26.25,30.89,-8.3522,7.8476,36742400
2019-10-08,180,2019-01-23,2019-10-08,27.63,28.7234,28.7614,96.1933,96.0661,26.25,30.89,-10.5536,5.2571,58201100
2019-10-09,180,2019-01-24,2019-10-09,27.89,28.7176,28.7557,97.1183,96.9894,26.25,30.89,-9.7119,6.2476,37511400
2019-10-10,180,2019-01-25,2019-10-10,28.45,28.7141,28.7522,99.0804,98.9489,26.25,30.89,-7.899,8.381,48239300
2019-10-11,180,2019-01-28,2019-10-11,28.91,28.7105,28.7485,100.6949,100.5618,26.25,30.89,-6.4098,10.1333,70008600
2019-10-14,180,2019-01-29,2019-10-14,29.14,28.7079,28.7458,101.5052,101.3714,26.25,30.89,-5.6653,11.0095,36040100
2019-10-15,180,2019-01-30,2019-10-15,29.73,28.7097,28.7477,103.554,103.4171,26.25,30.89,-3.7553,13.2571,78656000
2019-10-16,180,2019-01-31,2019-10-16,30.17,28.7154,28.7538,105.0655,104.9253,26.25,30.89,-2.3308,14.9333,87131700
2019-10-17,180,2019-02-01,2019-10-17,30.26,28.7249,28.7637,105.344,105.202,26.25,30.89,-2.0395,15.2762,55575900
2019-10-18,180,2019-02-04,2019-10-18,30.35,28.7354,28.7747,105.6188,105.4747,26.25,30.89,-1.7481,15.619,48872900
2019-10-21,180,2019-02-05,2019-10-21,31.02,28.7464,28.7866,107.9092,107.7586,26.25,31.02,0.0,18.1714,61087400
2019-10-22,180,2019-02-06,2019-10-22,31.2,28.7588,28.8,108.4887,108.3333,26.25,31.2,0.0,18.8571,58662100
2019-10-23,180,2019-02-07,2019-10-23,31.42,28.7725,28.8149,109.2017,109.0406,26.25,31.42,0.0,19.6952,47771200
2019-10-24,180,2019-02-08,2019-10-24,31.36,28.7887,28.8323,108.9317,108.767,26.25,31.42,-0.191,19.4667,39491000
2019-10-25,180,2019-02-11,2019-10-25,31.72,28.8063,28.8513,110.1149,109.9429,26.25,31.72,0.0,20.8381,43702000
2019-10-28,180,2019-02-12,2019-10-28,31.84,28.8238,28.8704,110.4644,110.286,26.25,31.84,0.0,21.2952,58790300
2019-10-29,180,2019-02-13,2019-10-29,32.07,28.8407,28.8892,111.1969,111.0105,26.25,32.07,0.0,22.1714,48266600
2019-10-30,180,2019-02-14,2019-10-30,31.62,28.8556,28.9054,109.5801,109.3914,26.25,32.07,-1.4032,20.4571,45262400
2019-10-31,180,2019-02-15,2019-10-31,31.27,28.8706,28.9214,108.3108,108.1207,26.25,32.07,-2.4945,19.1238,49430900
2019-11-01,180,2019-02-19,2019-11-01,31.8,28.8841,28.9363,110.0952,109.8964,26.25,32.07,-0.8419,21.1429,41985300
2019-11-04,180,2019-02-20,2019-11-04,32.4,28.9002,28.9545,112.1101,111.8997,26.25,32.4,0.0,23.4286,54228600
2019-11-05,180,2019-02-21,2019-11-05,32.82,28.9166,28.9734,113.499,113.2761,26.25,32.82,0.0,25.0286,68785600
2019-11-06,180,2019-02-22,2019-11-06,32.79,28.9335,28.9929,113.3289,113.0967,26.25,32.82,-0.0914,24.9143,47524500
2019-11-07,180,2019-02-25,2019-11-07,33.23,28.9535,29.0159,114.7703,114.5232,26.25,33.23,0.0,26.5905,68310700
2019-11-08,180,2019-02-26,2019-11-08,33.26,28.9726,29.0381,114.7982,114.5391,26.25,33.26,0.0,26.7048,38724000
2019-11-11,180,2019-02-27,2019-11-11,33.18,28.9913,29.0597,114.4483,114.1787,26.25,33.26,-0.2405,26.4,27784000
2019-11-12,180,2019-02-28,2019-11-12,33.09,29.0083,29.0795,114.0709,113.7915,26.25,33.26,-0.5111,26.0571,37282200
2019-11-13,180,2019-03-01,2019-11-13,32.79,29.0265,29.1001,112.9658,112.68,26.25,33.26,-1.4131,24.9143,48887800
2019-11-14,180,2019-03-04,2019-11-14,32.7,29.0431,29.1189,112.5915,112.298,26.25,33.26,-1.6837,24.5714,35554600
2019-11-15,180,2019-03-05,2019-11-15,32.93,29.0622,29.1406,113.3088,113.0038,26.25,33.26,-0.9922,25.4476,36398300
2019-11-18,180,2019-03-06,2019-11-18,32.96,29.0812,29.1622,113.3379,113.0231,26.25,33.26,-0.902,25.5619,31133700
2019-11-19,180,2019-03-07,2019-11-19,32.94,29.1015,29.1849,113.1901,112.8664,26.25,33.26,-0.9621,25.4857,33183700
2019-11-20,180,2019-03-08,2019-11-20,32.69,29.1224,29.2079,112.2505,111.9216,26.25,33.26,-1.7138,24.5333,43612200
2019-11-21,180,2019-03-11,2019-11-21,32.84,29.1434,29.2312,112.6843,112.3456,26.25,33.26,-1.2628,25.1048,42787600
2019-11-22,180,2019-03-12,2019-11-22,33.18,29.1642,29.2548,113.7696,113.4174,26.25,33.26,-0.2405,26.4,38783900
2019-11-25,180,2019-03-13,2019-11-25,33.47,29.1863,29.2799,114.677,114.3103,26.25,33.47,0.0,27.5048,50238800
2019-11-26,180,2019-03-14,2019-11-26,33.35,29.206,29.3025,114.1888,113.8128,26.25,33.47,-0.3585,27.0476,50626600
2019-11-27,180,2019-03-15,2019-11-27,33.42,29.2251,29.3245,114.3538,113.9661,26.25,33.47,-0.1494,27.3143,32097700
2019-11-29,180,2019-03-18,2019-11-29,33.32,29.2446,29.3468,113.9354,113.5387,26.25,33.47,-0.4482,26.9333,19503400
2019-12-02,180,2019-03-19,2019-12-02,33.43,29.2619,29.3669,114.2443,113.8357,26.25,33.47,-0.1195,27.3524,47158800
2019-12-03,180,2019-03-20,2019-12-03,32.84,29.2774,29.3846,112.1683,111.7592,26.25,33.47,-1.8823,25.1048,58745100
2019-12-04,180,2019-03-21,2019-12-04,33.15,29.3001,29.4097,113.1396,112.718,26.25,33.47,-0.9561,26.2857,46637900
2019-12-05,180,2019-03-22,2019-12-05,33.09,29.3252,29.4369,112.838,112.4098,26.25,33.47,-1.1353,26.0571,38304500
2019-12-06,180,2019-03-25,2019-12-06,33.67,29.3603,29.4739,114.6789,114.2365,26.25,33.67,0.0,28.2667,50908500
2019-12-09,180,2019-03-26,2019-12-09,33.51,29.3958,29.511,113.9958,113.5509,26.25,33.67,-0.4752,27.6571,32974500
2019-12-10,180,2019-03-27,2019-12-10,33.53,29.4291,29.5461,113.9348,113.4836,26.25,33.67,-0.4158,27.7333,41960100
2019-12-11,180,2019-03-28,2019-12-11,33.64,29.4641,29.5828,114.1728,113.7146,26.25,33.67,-0.0891,28.1524,43107800
2019-12-12,180,2019-03-29,2019-12-12,34.68,29.5016,29.6237,117.5531,117.0686,26.25,34.68,0.0,32.1143,64942500
2019-12-13,180,2019-04-01,2019-12-13,34.44,29.5365,29.6617,116.6016,116.1092,26.25,34.68,-0.692,31.2,48539600
2019-12-16,180,2019-04-02,2019-12-16,34.7,29.5666,29.6959,117.362,116.851,26.25,34.7,0.0,32.1905,50777100
2019-12-17,180,2019-04-03,2019-12-17,35.04,29.5963,29.7302,118.3932,117.8599,26.25,35.04,0.0,33.4857,50840500
2019-12-18,180,2019-04-04,2019-12-18,35.11,29.6265,29.7651,118.5089,117.9571,26.25,35.11,0.0,33.7524,48757900
2019-12-19,180,2019-04-05,2019-12-19,34.95,29.6542,29.7973,117.8583,117.2926,26.25,35.11,-0.4557,33.1429,45409500
2019-12-20,180,2019-04-08,2019-12-20,34.96,29.6825,29.8299,117.7797,117.1977,26.25,35.11,-0.4272,33.1809,109395500
2019-12-23,180,2019-04-09,2019-12-23,35.17,29.7112,29.8633,118.3729,117.7701,26.25,35.17,0.0,33.9809,33995400
2019-12-24,180,2019-04-10,2019-12-24,35.22,29.7417,29.8984,118.4195,117.7988,26.25,35.22,0.0,34.1714,13805400
2019-12-26,180,2019-04-11,2019-12-26,35.52,29.7725,29.9343,119.3049,118.66,26.25,35.52,0.0,35.3143,26992100
2019-12-27,180,2019-04-12,2019-12-27,35.35,29.8026,29.9692,118.6139,117.9546,26.25,35.52,-0.4786,34.6667,28111300
2019-12-30,180,2019-04-15,2019-12-30,35.15,29.8258,29.9968,117.8511,117.179,26.25,35.52,-1.0417,33.9048,30705100
2019-12-31,180,2019-04-16,2019-12-31,35.22,29.8511,30.0267,117.9857,117.2955,26.25,35.52,-0.8446,34.1714,29630100
2020-01-02,180,2019-04-17,2020-01-02,35.64,29.8779,30.0587,119.2855,118.5679,26.25,35.64,0.0,35.7714,37614200
2020-01-03,180,2019-04-18,2020-01-03,34.9,29.901,30.0858,116.7187,116.0017,26.25,35.64,-2.0763,32.9524,50357900
2020-01-06,180,2019-04-22,2020-01-06,34.85,29.9238,30.1126,116.4623,115.7324,26.25,35.64,-2.2166,32.7619,42185000
2020-01-07,180,2019-04-23,2020-01-07,34.62,29.9457,30.1379,115.6092,114.8718,26.25,35.64,-2.862,31.8857,34149000
2020-01-08,180,2019-04-24,2020-01-08,34.97,29.9689,30.1652,116.6875,115.9284,26.25,35.64,-1.8799,33.2191,45311600
2020-01-09,180,2019-04-25,2020-01-09,35.03,29.9927,30.193,116.7949,116.0203,26.25,35.64,-1.7116,33.4476,39861600
2020-01-10,180,2019-04-26,2020-01-10,34.74,30.015,30.2189,115.742,114.9612,26.25,35.64,-2.5252,32.3429,39730400
2020-01-13,180,2019-04-29,2020-01-13,35.06,30.0372,30.2451,116.7219,115.9198,26.25,35.64,-1.6274,33.5619,37956100
2020-01-14,180,2019-04-30,2020-01-14,35.32,30.0582,30.2703,117.5053,116.6819,26.25,35.64,-0.8979,34.5524,66719300
2020-01-15,180,2019-05-01,2020-01-15,34.67,30.0776,30.2931,115.2686,114.4487,26.25,35.64,-2.7217,32.0762,74745500
2020-01-16,180,2019-05-02,2020-01-16,34.72,30.0989,30.3178,115.3529,114.5201,26.25,35.64,-2.5814,32.2667,50368500
2020-01-17,180,2019-05-03,2020-01-17,34.71,30.119,30.3412,115.243,114.3988,26.25,35.64,-2.6094,32.2286,54156100
2020-01-21,180,2019-05-06,2020-01-21,34.26,30.136,30.3609,113.6847,112.8423,26.25,35.64,-3.8721,30.5143,50811000
2020-01-22,180,2019-05-07,2020-01-22,34.36,30.1547,30.3826,113.9456,113.0912,26.25,35.64,-3.5915,30.8952,38879700
2020-01-23,180,2019-05-08,2020-01-23,34.12,30.1755,30.4059,113.0717,112.2151,26.25,35.64,-4.2649,29.9809,45717100
2020-01-24,180,2019-05-09,2020-01-24,33.54,30.1945,30.4267,111.0799,110.2323,26.25,35.64,-5.8923,27.7714,47797200
2020-01-27,180,2019-05-10,2020-01-27,32.85,30.2108,30.4441,108.736,107.9026,26.25,35.64,-7.8283,25.1428,57096200
2020-01-28,180,2019-05-13,2020-01-28,33.24,30.2297,30.4644,109.9582,109.1108,26.25,35.64,-6.734,26.6286,38834600
2020-01-29,180,2019-05-14,2020-01-29,33.01,30.2556,30.4909,109.1037,108.2618,26.25,35.64,-7.3794,25.7524,37414700
2020-01-30,180,2019-05-15,2020-01-30,33.48,30.2814,30.5179,110.5628,109.7061,26.25,35.64,-6.0606,27.5429,50542800
2020-01-31,180,2019-05-16,2020-01-31,32.83,30.3063,30.5431,108.3272,107.4874,26.25,35.64,-7.8844,25.0667,54845300
2020-02-03,180,2019-05-17,2020-02-03,32.97,30.3301,30.5674,108.704,107.8599,26.25,35.64,-7.4916,25.6,48485500
2020-02-04,180,2019-05-20,2020-02-04,33.62,30.358,30.5964,110.745,109.882,26.25,35.64,-5.6678,28.0762,45061600
2020-02-05,180,2019-05-21,2020-02-05,34.71,30.3908,30.6315,114.212,113.3147,26.25,35.64,-2.6094,32.2286,54604800
2020-02-06,180,2019-05-22,2020-02-06,34.67,30.4217,30.6647,113.9646,113.0615,26.25,35.64,-2.7217,32.0762,39511500
2020-02-07,180,2019-05-23,2020-02-07,34.61,30.4537,30.6987,113.648,112.7409,26.25,35.64,-2.89,31.8476,31263000
2020-02-10,180,2019-05-24,2020-02-10,34.69,30.4908,30.7372,113.772,112.8599,26.25,35.64,-2.6655,32.1524,24373800
2020-02-11,180,2019-05-28,2020-02-11,34.77,30.5256,30.7738,113.9045,112.9856,26.25,35.64,-2.4411,32.4571,32476300
2020-02-12,180,2019-05-29,2020-02-12,34.92,30.5629,30.8128,114.2561,113.3294,26.25,35.64,-2.0202,33.0286,36656700
2020-02-13,180,2019-05-30,2020-02-13,34.91,30.6013,30.8526,114.08,113.1509,26.25,35.64,-2.0483,32.9905,31775100
2020-02-14,180,2019-05-31,2020-02-14,34.85,30.6436,30.8953,113.7267,112.8002,26.25,35.64,-2.2166,32.7619,26447700
2020-02-18,180,2019-06-03,2020-02-18,34.27,30.6876,30.9379,111.6738,110.7701,26.25,35.64,-3.844,30.5524,40318000
2020-02-19,180,2019-06-04,2020-02-19,34.72,30.7331,30.9826,112.9727,112.0629,26.25,35.64,-2.5814,32.2667,29632100
2020-02-20,180,2019-06-05,2020-02-20,34.85,30.7705,31.0211,113.2578,112.3428,26.25,35.64,-2.2166,32.7619,42604100
2020-02-21,180,2019-06-06,2020-02-21,34.36,30.8059,31.0569,111.537,110.6355,26.25,35.64,-3.5915,30.8952,46675500
2020-02-24,180,2019-06-07,2020-02-24,32.73,30.834,31.0839,106.1492,105.2957,26.25,35.64,-8.165,24.6857,79159600
2020-02-25,180,2019-06-10,2020-02-25,31.08,30.8559,31.1036,100.7263,99.9241,26.25,35.64,-12.7946,18.4,91586800
2020-02-26,180,2019-06-11,2020-02-26,30.63,30.8717,31.1178,99.2172,98.4323,26.25,35.64,-14.0572,16.6857,80012800
2020-02-27,180,2019-06-12,2020-02-27,29.13,30.8774,31.1228,94.3409,93.597,26.25,35.64,-18.266,10.9714,121148300
2020-02-28,180,2019-06-13,2020-02-28,28.5,30.881,31.1258,92.2896,91.5638,26.25,35.64,-20.0337,8.5714,171198800
2020-03-02,180,2019-06-14,2020-03-02,29.37,30.8903,31.1338,95.0785,94.3348,26.25,35.64,-17.5926,11.8857,147776300
2020-03-03,180,2019-06-17,2020-03-03,27.75,30.8883,31.1322,89.8398,89.1361,26.25,35.64,-22.138,5.7143,138698500
2020-03-04,180,2019-06-18,2020-03-04,28.39,30.8914,31.1347,91.9027,91.1844,26.25,35.64,-20.3423,8.1524,111239800
2020-03-05,180,2019-06-19,2020-03-05,26.78,30.8787,31.1245,86.7266,86.0415,26.25,35.64,-24.8597,2.0191,110878700
2020-03-06,180,2019-06-20,2020-03-06,25.71,30.8597,31.11,83.3126,82.6422,25.71,35.64,-27.862,0.0,119121200
2020-03-09,180,2019-06-21,2020-03-09,21.93,30.8057,31.0748,71.1882,70.5717,21.93,35.64,-38.468,0.0,145196000
2020-03-10,180,2019-06-24,2020-03-10,23.61,30.7699,31.0497,76.7309,76.0393,21.93,35.64,-33.7542,7.6607,134863600
2020-03-11,180,2019-06-25,2020-03-11,22.67,30.7259,31.0202,73.7813,73.0814,21.93,35.64,-36.3917,3.3744,127347000
2020-03-12,180,2019-06-26,2020-03-12,20.51,30.6593,30.9799,66.8965,66.2041,20.51,35.64,-42.4523,0.0,139552600
2020-03-13,180,2019-06-27,2020-03-13,24.16,30.6303,30.9591,78.8762,78.0384,20.51,35.64,-32.211,17.7962,128357400
2020-03-16,180,2019-06-28,2020-03-16,20.44,30.5602,30.9159,66.8844,66.1148,20.44,35.64,-42.6487,0.0,121688800
2020-03-17,180,2019-07-01,2020-03-17,21.98,30.5032,30.8769,72.0581,71.1858,20.44,35.64,-38.3277,7.5342,120065700
2020-03-18,180,2019-07-02,2020-03-18,20.79,30.4304,30.829,68.3199,67.4365,20.44,35.64,-41.6667,1.7123,148272500
2020-03-19,180,2019-07-03,2020-03-19,21.2,30.3644,30.7848,69.8187,68.8651,20.44,35.64,-40.5163,3.7182,122461300
2020-03-20,180,2019-07-05,2020-03-20,19.67,30.2805,30.7327,64.9593,64.0034,19.67,35.64,-44.8092,0.0,150910400
2020-03-23,180,2019-07-08,2020-03-23,18.08,30.1732,30.6706,59.9207,58.9489,18.08,35.64,-49.2705,0.0,181898500
2020-03-24,180,2019-07-09,2020-03-24,21.03,30.1061,30.6252,69.853,68.6689,18.08,35.64,-40.9933,16.3164,147882400
2020-03-25,180,2019-07-10,2020-03-25,21.1,30.0392,30.5794,70.2416,69.0007,18.08,35.64,-40.7969,16.7035,146991300
2020-03-26,180,2019-07-11,2020-03-26,22.72,29.9913,30.5444,75.7552,74.3835,18.08,35.64,-36.2514,25.6637,116111400
2020-03-27,180,2019-07-12,2020-03-27,21.6,29.9303,30.5013,72.1676,70.8167,18.08,35.64,-39.3939,19.469,91522800
2020-03-30,180,2019-07-15,2020-03-30,22.04,29.8736,30.4601,73.7775,72.3569,18.08,35.64,-38.1594,21.9027,80449100
2020-03-31,180,2019-07-16,2020-03-31,21.23,29.8099,30.4157,71.218,69.7994,18.08,35.64,-40.4321,17.4226,95213700
2020-04-01,180,2019-07-17,2020-04-01,19.77,29.7307,30.3645,66.497,65.1089,18.08,35.64,-44.5286,9.3473,83961300
2020-04-02,180,2019-07-18,2020-04-02,20.57,29.6603,30.3166,69.3519,67.8506,18.08,35.64,-42.2839,13.7721,70007400
2020-04-03,180,2019-07-19,2020-04-03,20.03,29.5823,30.2641,67.7093,66.184,18.08,35.64,-43.7991,10.7854,68293500
2020-04-06,180,2019-07-22,2020-04-06,21.39,29.5205,30.2196,72.458,70.7818,18.08,35.64,-39.9832,18.3075,97766200
2020-04-07,180,2019-07-23,2020-04-07,22.14,29.4657,30.1783,75.1382,73.3639,18.08,35.64,-37.8788,22.4557,94560300
2020-04-08,180,2019-07-24,2020-04-08,23.45,29.4195,30.1406,79.709,77.8022,18.08,35.64,-34.2031,29.7013,81212300
2020-04-09,180,2019-07-25,2020-04-09,24.86,29.3829,30.1083,84.6069,82.5687,18.08,35.64,-30.2469,37.5,125275700
2020-04-13,180,2019-07-26,2020-04-13,23.92,29.3406,30.0726,81.5254,79.5408,18.08,35.64,-32.8844,32.3009,83164700
2020-04-14,180,2019-07-29,2020-04-14,23.73,29.2945,30.0335,81.0049,79.0118,18.08,35.64,-33.4175,31.25,88991100
2020-04-15,180,2019-07-30,2020-04-15,22.19,29.236,29.9872,75.8996,73.9982,18.08,35.64,-37.7385,22.7323,99082200
2020-04-16,180,2019-07-31,2020-04-16,21.42,29.1682,29.9346,73.4362,71.556,18.08,35.64,-39.899,18.4735,89213300
2020-04-17,180,2019-08-01,2020-04-17,23.28,29.1193,29.8935,79.947,77.8765,18.08,35.64,-34.6801,28.7611,92800300
2020-04-20,180,2019-08-02,2020-04-20,22.5,29.0698,29.8547,77.4,75.3651,18.08,35.64,-36.8687,24.4469,74446300
2020-04-21,180,2019-08-05,2020-04-21,21.64,29.0127,29.8117,74.588,72.589,18.08,35.64,-39.2817,19.6903,78871300
2020-04-22,180,2019-08-06,2020-04-22,21.8,28.9648,29.7768,75.2637,73.2114,18.08,35.64,-38.8328,20.5752,49669500
2020-04-23,180,2019-08-07,2020-04-23,21.87,28.9158,29.7404,75.6334,73.5364,18.08,35.64,-38.6364,20.9624,50614800
2020-04-24,180,2019-08-08,2020-04-24,22.18,28.873,29.7087,76.8192,74.6583,18.08,35.64,-37.7666,22.677,47633500
2020-04-27,180,2019-08-09,2020-04-27,23.47,28.8389,29.6814,81.3832,79.0731,18.08,35.64,-34.147,29.8119,66916700
2020-04-28,180,2019-08-12,2020-04-28,23.89,28.8086,29.6567,82.9266,80.5551,18.08,35.64,-32.9686,32.135,65504900
2020-04-29,180,2019-08-13,2020-04-29,24.78,28.7894,29.6408,86.0735,83.6009,18.08,35.64,-30.4714,37.0575,73493900
2020-04-30,180,2019-08-14,2020-04-30,24.05,28.764,29.6204,83.6114,81.1939,18.08,35.64,-32.5196,33.0199,55244100
2020-05-01,180,2019-08-15,2020-05-01,23.08,28.7389,29.6019,80.3093,77.968,18.08,35.64,-35.2413,27.6549,51772600
2020-05-04,180,2019-08-16,2020-05-04,22.93,28.7136,29.5834,79.8577,77.5096,18.08,35.64,-35.6622,26.8252,45886100
2020-05-05,180,2019-08-19,2020-05-05,22.66,28.6809,29.5592,79.0071,76.6598,18.08,35.64,-36.4198,25.3319,45691900
2020-05-06,180,2019-08-20,2020-05-06,22.35,28.6441,29.5318,78.0265,75.681,18.08,35.64,-37.2896,23.6173,53874600
2020-05-07,180,2019-08-21,2020-05-07,22.84,28.6152,29.5103,79.8178,77.3968,18.08,35.64,-35.9147,26.3274,51884300
2020-05-08,180,2019-08-22,2020-05-08,23.57,28.5911,29.4916,82.4383,79.921,18.08,35.64,-33.8664,30.365,45181000
2020-05-11,180,2019-08-23,2020-05-11,22.58,28.557,29.466,79.0698,76.6307,18.08,35.64,-36.6442,24.8894,68951800
2020-05-12,180,2019-08-26,2020-05-12,21.87,28.5211,29.4404,76.6801,74.2856,18.08,35.64,-38.6364,20.9624,69588700
2020-05-13,180,2019-08-27,2020-05-13,20.87,28.4734,29.4076,73.2966,70.968,18.08,35.64,-41.4422,15.4314,112113400
2020-05-14,180,2019-08-28,2020-05-14,21.71,28.4361,29.3812,76.3466,73.8909,18.08,35.64,-39.0853,20.0774,88359100
2020-05-15,180,2019-08-29,2020-05-15,21.44,28.394,29.3511,75.509,73.0466,18.08,35.64,-39.8429,18.5841,64484000
2020-05-18,180,2019-08-30,2020-05-18,22.93,28.3625,29.3267,80.8461,78.1882,18.08,35.64,-35.6622,26.8252,86589400
2020-05-19,180,2019-09-03,2020-05-19,22.21,28.3238,29.2972,78.4145,75.8092,18.08,35.64,-37.6824,22.8429,62179000
2020-05-20,180,2019-09-04,2020-05-20,22.91,28.2941,29.2742,80.971,78.26,18.08,35.64,-35.7183,26.7146,59789500
2020-05-21,180,2019-09-05,2020-05-21,22.9,28.2617,29.2487,81.0284,78.294,18.08,35.64,-35.7464,26.6593,57726000
2020-05-22,180,2019-09-06,2020-05-22,22.66,28.2237,29.2184,80.2871,77.5539,18.08,35.64,-36.4198,25.3319,48107000
2020-05-26,180,2019-09-09,2020-05-26,24.28,28.2011,29.1992,86.096,83.1529,18.08,35.64,-31.8743,34.292,119485500
2020-05-27,180,2019-09-10,2020-05-27,25.98,28.1853,29.1845,92.1756,89.0199,18.08,35.64,-27.1044,43.6947,117672700
2020-05-28,180,2019-09-11,2020-05-28,24.86,28.1582,29.1596,88.2869,85.2551,18.08,35.64,-30.2469,37.5,84340800
2020-05-29,180,2019-09-12,2020-05-29,24.12,28.1251,29.1299,85.7596,82.8016,18.08,35.64,-32.3232,33.4071,113811100
2020-06-01,180,2019-09-13,2020-06-01,24.61,28.0947,29.1018,87.5965,84.5653,18.08,35.64,-30.9484,36.1173,58375500
2020-06-02,180,2019-09-16,2020-06-02,24.84,28.0636,29.0722,88.5133,85.4425,18.08,35.64,-30.303,37.3894,71118100
2020-06-03,180,2019-09-17,2020-06-03,25.99,28.0405,29.0492,92.6875,89.469,18.08,35.64,-27.0763,43.75,86744600
2020-06-04,180,2019-09-18,2020-06-04,26.78,28.0232,29.0316,95.5635,92.2443,18.08,35.64,-24.8597,48.1195,94545300
2020-06-05,180,2019-09-19,2020-06-05,28.11,28.0135,29.0211,100.3446,96.8605,18.08,35.64,-21.1279,55.4757,118767900
2020-06-08,180,2019-09-20,2020-06-08,28.54,28.0069,29.014,101.9034,98.3663,18.08,35.64,-19.9214,57.854,79598500
2020-06-09,180,2019-09-23,2020-06-09,28.22,27.9998,29.0064,100.7865,97.2889,18.08,35.64,-20.8193,56.0841,77773400
2020-06-10,180,2019-09-24,2020-06-10,26.6,27.9836,28.9902,95.0557,91.7553,18.08,35.64,-25.3648,47.1239,90415300
2020-06-11,180,2019-09-25,2020-06-11,23.93,27.9521,28.9623,85.6106,82.6246,18.08,35.64,-32.8563,32.3562,149875500
2020-06-12,180,2019-09-26,2020-06-12,24.78,27.9254,28.9375,88.7364,85.6328,18.08,35.64,-30.4714,37.0575,73729700
2020-06-15,180,2019-09-27,2020-06-15,25.15,27.9019,28.9154,90.1373,86.9779,18.08,35.64,-29.4332,39.104,76538900
2020-06-16,180,2019-09-30,2020-06-16,25.8,27.8816,28.8957,92.5341,89.2867,18.08,35.64,-27.6094,42.6991,96796500
2020-06-17,180,2019-10-01,2020-06-17,25.0,27.857,28.8725,89.7442,86.5876,18.08,35.64,-29.8541,38.2743,58349500
2020-06-18,180,2019-10-02,2020-06-18,25.04,27.8364,28.8536,89.9542,86.7829,18.08,35.64,-29.7419,38.4956,53419000
2020-06-19,180,2019-10-03,2020-06-19,25.25,27.8205,28.8392,90.7603,87.5544,18.08,35.64,-29.1526,39.6571,127563600
2020-06-22,180,2019-10-04,2020-06-22,24.62,27.8005,28.8215,88.5595,85.4223,18.08,35.64,-30.9203,36.1726,55484300
2020-06-23,180,2019-10-07,2020-06-23,24.79,27.7787,28.8016,89.2411,86.0716,18.08,35.64,-30.4433,37.1128,46108300
2020-06-24,180,2019-10-08,2020-06-24,23.81,27.7501,28.7766,85.8015,82.7408,18.08,35.64,-33.193,31.6925,75437100
2020-06-25,180,2019-10-09,2020-06-25,24.72,27.7319,28.7604,89.1393,85.9514,18.08,35.64,-30.6397,36.7257,65031900
2020-06-26,180,2019-10-10,2020-06-26,23.15,27.7005,28.7341,83.5724,80.5663,18.08,35.64,-35.0449,28.042,118139200
2020-06-29,180,2019-10-11,2020-06-29,23.39,27.6682,28.706,84.5376,81.4812,18.08,35.64,-34.3715,29.3695,66269200
2020-06-30,180,2019-10-14,2020-06-30,23.75,27.6362,28.6773,85.9379,82.818,18.08,35.64,-33.3614,31.3606,61716200
2020-07-01,180,2019-10-15,2020-07-01,23.26,27.5995,28.6447,84.277,81.2019,18.08,35.64,-34.7362,28.6504,57379900
2020-07-02,180,2019-10-16,2020-07-02,23.29,27.5602,28.6089,84.506,81.4083,18.08,35.64,-34.6521,28.8164,56000200
2020-07-06,180,2019-10-17,2020-07-06,23.66,27.5217,28.5727,85.9684,82.8063,18.08,35.64,-33.6139,30.8628,59589000
2020-07-07,180,2019-10-18,2020-07-07,23.01,27.478,28.5324,83.7397,80.645,18.08,35.64,-35.4377,27.2677,60645800
2020-07-08,180,2019-10-21,2020-07-08,23.1,27.4347,28.4922,84.2,81.0749,18.08,35.64,-35.1852,27.7655,52922600
2020-07-09,180,2019-10-22,2020-07-09,22.77,27.3859,28.4463,83.1449,80.0455,18.08,35.64,-36.1111,25.9403,79385900
2020-07-10,180,2019-10-23,2020-07-10,24.02,27.3461,28.4064,87.8371,84.5583,18.08,35.64,-32.6038,32.854,81142900
2020-07-13,180,2019-10-24,2020-07-13,24.19,27.3066,28.3663,88.5866,85.2773,18.08,35.64,-32.1268,33.7943,73598100
2020-07-14,180,2019-10-25,2020-07-14,24.14,27.2672,28.3262,88.5314,85.2216,18.08,35.64,-32.2671,33.5177,67423100
2020-07-15,180,2019-10-28,2020-07-15,24.6,27.2295,28.2866,90.3431,86.9669,18.08,35.64,-30.9764,36.0619,57384400
2020-07-16,180,2019-10-29,2020-07-16,23.93,27.1868,28.2427,88.0206,84.73,18.08,35.64,-32.8563,32.3562,78067100
2020-07-17,180,2019-10-30,2020-07-17,23.22,27.1381,28.1935,85.5623,82.3594,18.08,35.64,-34.8485,28.4292,66659100
2020-07-20,180,2019-10-31,2020-07-20,23.58,27.0941,28.1488,87.0301,83.769,18.08,35.64,-33.8384,30.4204,61114000
2020-07-21,180,2019-11-01,2020-07-21,24.42,27.0575,28.1108,90.2522,86.8706,18.08,35.64,-31.4815,35.0664,75499300
2020-07-22,180,2019-11-04,2020-07-22,24.31,27.0182,28.0692,89.9765,86.6075,18.08,35.64,-31.7901,34.458,52193700
2020-07-23,180,2019-11-05,2020-07-23,24.54,26.9781,28.0255,90.9625,87.5631,18.08,35.64,-31.1448,35.7301,61047600
2020-07-24,180,2019-11-06,2020-07-24,24.35,26.9354,27.9784,90.4016,87.0313,18.08,35.64,-31.6779,34.6792,50217600
2020-07-27,180,2019-11-07,2020-07-27,24.14,26.8914,27.9304,89.7685,86.4292,18.08,35.64,-32.2671,33.5177,54721300
2020-07-28,180,2019-11-08,2020-07-28,24.36,26.8474,27.8811,90.7349,87.371,18.08,35.64,-31.6498,34.7345,48406500
2020-07-29,180,2019-11-11,2020-07-29,25.27,26.8094,27.8367,94.2579,90.7794,18.08,35.64,-29.0965,39.7677,71393500
2020-07-30,180,2019-11-12,2020-07-30,24.84,26.7691,27.7904,92.7936,89.3834,18.08,35.64,-30.303,37.3894,61755900
2020-07-31,180,2019-11-13,2020-07-31,24.88,26.7294,27.7448,93.0809,89.6745,18.08,35.64,-30.1908,37.6106,61955800
2020-08-03,180,2019-11-14,2020-08-03,24.99,26.6917,27.7014,93.6246,90.2119,18.08,35.64,-29.8822,38.219,58284000
2020-08-04,180,2019-11-15,2020-08-04,25.01,26.6545,27.6587,93.8302,90.4236,18.08,35.64,-29.826,38.3296,37985300
2020-08-05,180,2019-11-18,2020-08-05,25.39,26.619,27.6168,95.383,91.9367,18.08,35.64,-28.7598,40.4314,51322600
2020-08-06,180,2019-11-19,2020-08-06,25.47,26.5839,27.5752,95.8098,92.3655,18.08,35.64,-28.5354,40.8739,51999700
2020-08-07,180,2019-11-20,2020-08-07,26.11,26.5528,27.5373,98.3325,94.8169,18.08,35.64,-26.7396,44.4137,63354500
2020-08-10,180,2019-11-21,2020-08-10,26.56,26.5252,27.5032,100.1314,96.5705,18.08,35.64,-25.477,46.9026,64051100
2020-08-11,180,2019-11-22,2020-08-11,26.92,26.499,27.4703,101.5887,97.9966,18.08,35.64,-24.4669,48.8938,81441000
2020-08-12,180,2019-11-25,2020-08-12,26.73,26.4707,27.4345,100.9797,97.4321,18.08,35.64,-25.0,47.8429,61971300
2020-08-13,180,2019-11-26,2020-08-13,26.35,26.4393,27.3949,99.6624,96.1856,18.08,35.64,-26.0662,45.7412,55955500
2020-08-14,180,2019-11-27,2020-08-14,26.47,26.409,27.3567,100.2308,96.7587,18.08,35.64,-25.7295,46.4049,50931900
2020-08-17,180,2019-11-29,2020-08-17,25.9,26.3754,27.3149,98.1975,94.8199,18.08,35.64,-27.3288,43.2522,57518700
2020-08-18,180,2019-12-02,2020-08-18,25.53,26.3401,27.2717,96.9246,93.6136,18.08,35.64,-28.367,41.2058,45850100
2020-08-19,180,2019-12-03,2020-08-19,25.5,26.3043,27.2276,96.9424,93.6549,18.08,35.64,-28.4512,41.0398,59856000
2020-08-20,180,2019-12-04,2020-08-20,25.1,26.2682,27.1846,95.5527,92.3317,18.08,35.64,-29.5735,38.8274,49403700
2020-08-21,180,2019-12-05,2020-08-21,24.98,26.2305,27.1392,95.2328,92.0439,18.08,35.64,-29.9102,38.1637,55010700
2020-08-24,180,2019-12-06,2020-08-24,25.69,26.1972,27.0981,98.0638,94.8037,18.08,35.64,-27.9181,42.0907,54579500
2020-08-25,180,2019-12-09,2020-08-25,26.0,26.1639,27.0555,99.3737,96.0988,18.08,35.64,-27.0483,43.8053,57304700
2020-08-26,180,2019-12-10,2020-08-26,25.56,26.1286,27.0113,97.8238,94.6269,18.08,35.64,-28.2828,41.3717,39478000
2020-08-27,180,2019-12-11,2020-08-27,26.05,26.0962,26.9698,99.8231,96.5896,18.08,35.64,-26.908,44.0819,52934800
2020-08-28,180,2019-12-12,2020-08-28,26.3,26.0648,26.929,100.9023,97.6642,18.08,35.64,-26.2065,45.4646,46466400
2020-08-31,180,2019-12-13,2020-08-31,25.74,26.0271,26.8793,98.897,95.7613,18.08,35.64,-27.7778,42.3673,49416200
2020-09-01,180,2019-12-16,2020-09-01,25.71,25.99,26.8308,98.9226,95.8226,18.08,35.64,-27.862,42.2013,46109200
2020-09-02,180,2019-12-17,2020-09-02,26.02,25.954,26.7826,100.2543,97.1526,18.08,35.64,-26.9921,43.9159,57300900
2020-09-03,180,2019-12-18,2020-09-03,25.66,25.915,26.7305,99.016,95.9952,18.08,35.64,-28.0022,41.9248,86192500
2020-09-04,180,2019-12-19,2020-09-04,26.54,25.8807,26.6829,102.5473,99.4645,18.08,35.64,-25.5331,46.792,99621400
2020-09-08,180,2019-12-20,2020-09-08,25.48,25.8412,26.6303,98.6021,95.6806,18.08,35.64,-28.5073,40.9292,74978600
2020-09-09,180,2019-12-23,2020-09-09,25.51,25.802,26.5778,98.8684,95.9824,18.08,35.64,-28.4231,41.0951,53822700
2020-09-10,180,2019-12-24,2020-09-10,25.14,25.7601,26.5221,97.5928,94.789,18.08,35.64,-29.4613,39.0487,56609600
2020-09-11,180,2019-12-26,2020-09-11,25.5,25.7203,26.4681,99.1436,96.3426,18.08,35.64,-28.4512,41.0398,47708300
2020-09-14,180,2019-12-27,2020-09-14,25.75,25.6811,26.4138,100.2684,97.487,18.08,35.64,-27.7497,42.4226,47802400
2020-09-15,180,2019-12-30,2020-09-15,25.28,25.6398,26.3578,98.5966,95.9108,18.08,35.64,-29.0685,39.823,63820200
2020-09-16,180,2019-12-31,2020-09-16,25.6,25.6011,26.3048,99.9956,97.3207,18.08,35.64,-28.1706,41.5929,64598600
2020-09-17,180,2020-01-02,2020-09-17,25.35,25.5609,26.2499,99.1747,96.5716,18.08,35.64,-28.8721,40.2102,48862000
2020-09-18,180,2020-01-03,2020-09-18,25.21,25.5189,26.192,98.7896,96.2508,18.08,35.32,-28.624,39.4358,94055800
2020-09-21,180,2020-01-06,2020-09-21,24.47,25.4748,26.1341,96.0558,93.6326,18.08,35.32,-30.7191,35.3429,75218600
2020-09-22,180,2020-01-07,2020-09-22,23.94,25.4277,26.0734,94.1493,91.8176,18.08,35.32,-32.2197,32.4115,68665300
2020-09-23,180,2020-01-08,2020-09-23,23.26,25.3771,26.0103,91.6573,89.426,18.08,35.32,-34.145,28.6504,59950300
2020-09-24,180,2020-01-09,2020-09-24,23.34,25.3263,25.9457,92.1573,89.957,18.08,35.32,-33.9185,29.0929,53570700
2020-09-25,180,2020-01-10,2020-09-25,23.49,25.2764,25.8816,92.9326,90.7594,18.08,35.32,-33.4938,29.9226,42111300
2020-09-28,180,2020-01-13,2020-09-28,24.09,25.2313,25.8224,95.4767,93.2909,18.08,35.32,-31.795,33.2412,47996900
2020-09-29,180,2020-01-14,2020-09-29,23.77,25.1835,25.7597,94.3873,92.2758,18.08,35.32,-32.701,31.4712,45695200
2020-09-30,180,2020-01-15,2020-09-30,24.09,25.1371,25.6973,95.8346,93.7451,18.08,34.92,-31.0137,33.2412,56226100
2020-10-01,180,2020-01-16,2020-10-01,24.1,25.0927,25.6386,96.0438,93.9989,18.08,34.92,-30.9851,33.2965,44782200
2020-10-02,180,2020-01-17,2020-10-02,24.21,25.0491,25.5802,96.6503,94.6434,18.08,34.92,-30.6701,33.9049,51682100
2020-10-05,180,2020-01-21,2020-10-05,24.62,25.008,25.5242,98.4486,96.4576,18.08,34.92,-29.496,36.1726,44396800
2020-10-06,180,2020-01-22,2020-10-06,24.37,24.9669,25.4692,97.6093,95.6841,18.08,34.92,-30.2119,34.7898,67541100
2020-10-07,180,2020-01-23,2020-10-07,24.88,24.9285,25.4166,99.8053,97.8889,18.08,34.92,-28.7514,37.6106,47648000
2020-10-08,180,2020-01-24,2020-10-08,25.24,24.893,25.3672,101.394,99.4985,18.08,34.92,-27.7205,39.6018,52080600
2020-10-09,180,2020-01-27,2020-10-09,25.36,24.8599,25.3218,102.0116,100.151,18.08,34.92,-27.3769,40.2655,44511500
2020-10-12,180,2020-01-28,2020-10-12,25.68,24.8308,25.2819,103.42,101.5745,18.08,34.92,-26.4605,42.0354,48362900
2020-10-13,180,2020-01-29,2020-10-13,24.95,24.7966,25.2359,100.6187,98.8671,18.08,34.92,-28.551,37.9978,61186900
2020-10-14,180,2020-01-30,2020-10-14,23.62,24.7555,25.1837,95.4131,93.7907,18.08,34.92,-32.3597,30.6416,127409500
2020-10-15,180,2020-01-31,2020-10-15,24.15,24.7163,25.1319,97.7088,96.0931,18.08,34.92,-30.8419,33.573,66832400
2020-10-16,180,2020-02-03,2020-10-16,24.24,24.6797,25.0842,98.2183,96.6347,18.08,34.92,-30.5842,34.0708,58357700
2020-10-19,180,2020-02-04,2020-10-19,23.72,24.6398,25.0328,96.2672,94.7558,18.08,34.92,-32.0733,31.1947,51377900
2020-10-20,180,2020-02-05,2020-10-20,24.14,24.6004,24.9801,98.1284,96.6369,18.08,34.92,-30.8706,33.5177,62476400
2020-10-21,180,2020-02-06,2020-10-21,24.05,24.5576,24.9209,97.9332,96.5054,18.08,34.92,-31.1283,33.0199,41564900
2020-10-22,180,2020-02-07,2020-10-22,24.87,24.5195,24.8664,101.4293,100.0143,18.08,34.92,-28.7801,37.5553,55402000
2020-10-23,180,2020-02-10,2020-10-23,24.9,24.482,24.8125,101.7075,100.3526,18.08,34.92,-28.6942,37.7212,51007400
2020-10-26,180,2020-02-11,2020-10-26,24.54,24.4423,24.7561,100.3996,99.127,18.08,34.92,-29.7251,35.7301,59450200
2020-10-27,180,2020-02-12,2020-10-27,23.85,24.3987,24.6954,97.7511,96.5765,18.08,34.92,-31.701,31.9137,55009300
2020-10-28,180,2020-02-13,2020-10-28,23.47,24.3526,24.6318,96.3758,95.2832,18.08,34.91,-32.77,29.8119,81942500
2020-10-29,180,2020-02-14,2020-10-29,23.54,24.3071,24.5687,96.8442,95.8131,18.08,34.85,-32.4534,30.1991,57490400
2020-10-30,180,2020-02-18,2020-10-30,23.7,24.2629,24.5067,97.6802,96.7082,18.08,34.85,-31.9943,31.0841,66453400
2020-11-02,180,2020-02-19,2020-11-02,24.08,24.2225,24.4501,99.4116,98.4863,18.08,34.85,-30.9039,33.1858,59756400
2020-11-03,180,2020-02-20,2020-11-03,24.69,24.1845,24.3944,102.0904,101.2118,18.08,34.85,-29.1535,36.5597,65106200
2020-11-04,180,2020-02-21,2020-11-04,23.68,24.1406,24.3323,98.0922,97.3191,18.08,34.36,-31.0827,30.9735,88845500
2020-11-05,180,2020-02-24,2020-11-05,24.61,24.1033,24.2782,102.1023,101.3668,18.08,32.73,-24.809,36.1173,74722600
2020-11-06,180,2020-02-25,2020-11-06,24.31,24.0692,24.2314,101.0005,100.3244,18.08,31.08,-21.7825,34.458,55454500
2020-11-09,180,2020-02-26,2020-11-09,27.76,24.0568,24.2129,115.3936,114.6494,18.08,30.63,-9.3699,53.5398,178378800
2020-11-10,180,2020-02-27,2020-11-10,27.66,24.0455,24.1964,115.0318,114.3143,18.08,29.37,-5.8223,52.9867,77694600
2020-11-11,180,2020-02-28,2020-11-11,27.34,24.0383,24.1865,113.7351,113.0383,18.08,29.37,-6.9118,51.2168,48360900
2020-11-12,180,2020-03-02,2020-11-12,26.69,24.0307,24.1764,111.0664,110.3967,18.08,29.37,-9.125,47.6217,67912600
2020-11-13,180,2020-03-03,2020-11-13,27.0,24.0211,24.1633,112.4012,111.7398,18.08,28.54,-5.3959,49.3363,52421000
2020-11-16,180,2020-03-04,2020-11-16,27.58,24.0204,24.1623,114.8192,114.1446,18.08,28.54,-3.3637,52.5442,57396700
2020-11-17,180,2020-03-05,2020-11-17,27.55,24.0169,24.1577,114.7107,114.0425,18.08,28.54,-3.4688,52.3783,46402300
2020-11-18,180,2020-03-06,2020-11-18,26.98,24.0178,24.1588,112.3332,111.6778,18.08,28.54,-5.466,49.2257,54416700
2020-11-19,180,2020-03-09,2020-11-19,26.98,24.0237,24.1658,112.3058,111.6452,18.08,28.54,-5.466,49.2257,46423000
2020-11-20,180,2020-03-10,2020-11-20,26.81,24.0503,24.1929,111.4745,110.8174,18.08,28.54,-6.0617,48.2854,40538000
2020-11-23,180,2020-03-11,2020-11-23,27.39,24.0691,24.2139,113.7972,113.1166,18.08,28.54,-4.0294,51.4934,45421200
2020-11-24,180,2020-03-12,2020-11-24,28.98,24.1001,24.249,120.2485,119.5101,18.08,28.98,0.0,60.2876,80387800
2020-11-25,180,2020-03-13,2020-11-25,29.03,24.1463,24.2963,120.2252,119.4831,18.08,29.03,0.0,60.5642,57249900
2020-11-27,180,2020-03-16,2020-11-27,28.99,24.1687,24.3232,119.9485,119.1868,18.08,29.03,-0.1378,60.3429,25971600
2020-11-30,180,2020-03-17,2020-11-30,28.16,24.2123,24.3661,116.3045,115.5706,18.08,29.03,-2.9969,55.7522,63567900
2020-12-01,180,2020-03-18,2020-12-01,28.69,24.247,24.4033,118.3238,117.5659,18.08,29.03,-1.1712,58.6836,50255100
2020-12-02,180,2020-03-19,2020-12-02,29.06,24.2918,24.4493,119.6288,118.8583,18.08,29.06,0.0,60.7301,45257500
2020-12-03,180,2020-03-20,2020-12-03,28.91,24.3331,24.4921,118.8093,118.038,18.08,29.06,-0.5162,59.9004,54013700
2020-12-04,180,2020-03-23,2020-12-04,29.29,24.3882,24.5456,120.0992,119.3291,18.08,29.29,0.0,62.0022,66188200
2020-12-07,180,2020-03-24,2020-12-07,29.09,24.4575,24.6067,118.9408,118.2197,19.77,29.29,-0.6828,47.1421,42197800
2020-12-08,180,2020-03-25,2020-12-08,28.93,24.5008,24.6506,118.078,117.3602,19.77,29.29,-1.2291,46.3328,33869100
2020-12-09,180,2020-03-26,2020-12-09,28.8,24.5431,24.6934,117.3446,116.6304,19.77,29.29,-1.6729,45.6753,54886300
2020-12-10,180,2020-03-27,2020-12-10,29.11,24.5755,24.7289,118.4515,117.7166,19.77,29.29,-0.6145,47.2433,58859600
2020-12-11,180,2020-03-30,2020-12-11,28.57,24.6134,24.7676,116.0749,115.3523,19.77,29.29,-2.4582,44.5119,40538400
2020-12-14,180,2020-03-31,2020-12-14,28.22,24.6469,24.8019,114.4971,113.7814,19.77,29.29,-3.6531,42.7415,40267100
2020-12-15,180,2020-04-01,2020-12-15,28.64,24.6881,24.8431,116.0073,115.2835,19.77,29.29,-2.2192,44.866,43672700
2020-12-16,180,2020-04-02,2020-12-16,28.72,24.7416,24.8928,116.0798,115.3746,20.03,29.29,-1.9461,43.3849,42463200
2020-12-17,180,2020-04-03,2020-12-17,28.83,24.7891,24.9387,116.3013,115.6034,20.03,29.29,-1.5705,43.9341,43182700
2020-12-18,180,2020-04-06,2020-12-18,28.67,24.8405,24.9867,115.4162,114.7409,20.87,29.29,-2.1168,37.3742,82817200
2020-12-21,180,2020-04-07,2020-12-21,29.74,24.8856,25.0331,119.5068,118.8027,20.87,29.74,0.0,42.5012,93397400
2020-12-22,180,2020-04-08,2020-12-22,29.21,24.9233,25.0724,117.1997,116.5027,20.87,29.74,-1.7821,39.9617,39054300
2020-12-23,180,2020-04-09,2020-12-23,30.05,24.9556,25.1091,120.4137,119.6779,20.87,30.05,0.0,43.9866,52537200
2020-12-24,180,2020-04-13,2020-12-24,29.96,24.9794,25.1374,119.939,119.185,20.87,30.05,-0.2995,43.5553,22632300
2020-12-28,180,2020-04-14,2020-12-28,30.13,25.0093,25.1719,120.4754,119.697,20.87,30.13,0.0,44.3699,32861200
2020-12-29,180,2020-04-15,2020-12-29,30.01,25.0399,25.2068,119.8485,119.0553,20.87,30.13,-0.3983,43.7949,33291900
2020-12-30,180,2020-04-16,2020-12-30,29.98,25.0808,25.2501,119.5337,118.7324,20.87,30.13,-0.4978,43.6512,26370100
2020-12-31,180,2020-04-17,2020-12-31,30.31,25.1287,25.2994,120.6189,119.805,20.87,30.31,0.0,45.2324,28716000
2021-01-04,180,2020-04-20,2021-01-04,30.03,25.1627,25.3369,119.3435,118.5226,20.87,30.31,-0.9238,43.8908,51483900
2021-01-05,180,2020-04-21,2021-01-05,30.26,25.2028,25.3801,120.066,119.2275,20.87,30.31,-0.165,44.9928,48507000
2021-01-06,180,2020-04-22,2021-01-06,32.15,25.2562,25.4384,127.2953,126.3835,20.87,32.15,0.0,54.0489,107002800
2021-01-07,180,2020-04-23,2021-01-07,32.86,25.3111,25.4999,129.8246,128.8633,20.87,32.86,0.0,57.4509,74358500
2021-01-08,180,2020-04-24,2021-01-08,32.53,25.3645,25.5591,128.2501,127.2736,20.87,32.86,-1.0043,55.8697,44641400
2021-01-11,180,2020-04-27,2021-01-11,33.07,25.4177,25.6196,130.1063,129.0808,20.87,33.07,0.0,58.4571,51868200
2021-01-12,180,2020-04-28,2021-01-12,33.66,25.4641,25.6762,132.1863,131.0941,20.87,33.66,0.0,61.2841,68166200
2021-01-13,180,2020-04-29,2021-01-13,33.46,25.5073,25.7294,131.1783,130.0458,20.87,33.66,-0.5942,60.3258,43172800
2021-01-14,180,2020-04-30,2021-01-14,33.99,25.5469,25.7806,133.0497,131.8436,20.87,33.99,0.0,62.8654,48483500
2021-01-15,180,2020-05-01,2021-01-15,33.01,25.5878,25.8303,129.0066,127.7955,20.87,33.99,-2.8832,58.1696,57684300
2021-01-19,180,2020-05-04,2021-01-19,32.77,25.6345,25.8842,127.8354,126.6025,20.87,33.99,-3.5893,57.0196,78130200
2021-01-20,180,2020-05-05,2021-01-20,32.34,25.6809,25.9364,125.93,124.6894,20.87,33.99,-4.8544,54.9593,53920000
2021-01-21,180,2020-05-06,2021-01-21,31.77,25.7274,25.9871,123.4871,122.2532,20.87,33.99,-6.5313,52.2281,49626600
2021-01-22,180,2020-05-07,2021-01-22,31.55,25.7755,26.0382,122.4033,121.1683,20.87,33.99,-7.1786,51.1739,45314500
2021-01-25,180,2020-05-08,2021-01-25,31.16,25.8187,26.0844,120.6879,119.4584,20.87,33.99,-8.326,49.3052,48078400
2021-01-26,180,2020-05-11,2021-01-26,30.94,25.8562,26.1253,119.662,118.4291,20.87,33.99,-8.9732,48.2511,36373000
2021-01-27,180,2020-05-12,2021-01-27,29.83,25.8962,26.1656,115.1907,114.0046,20.87,33.99,-12.2389,42.9324,63809200
2021-01-28,180,2020-05-13,2021-01-28,30.32,25.9438,26.2126,116.8682,115.6698,20.87,33.99,-10.7973,45.2803,51223300
2021-01-29,180,2020-05-14,2021-01-29,29.65,25.9969,26.2613,114.052,112.9036,21.44,33.99,-12.7685,38.2929,64019100
2021-02-01,180,2020-05-15,2021-02-01,29.96,26.0446,26.3072,115.0333,113.8853,21.44,33.99,-11.8564,39.7388,40985300
2021-02-02,180,2020-05-18,2021-02-02,31.03,26.0991,26.3604,118.8931,117.7143,22.21,33.99,-8.7084,39.7119,53527000
2021-02-03,180,2020-05-19,2021-02-03,31.58,26.1444,26.4085,120.7909,119.5827,22.21,33.99,-7.0903,42.1882,49404900
2021-02-04,180,2020-05-20,2021-02-04,32.5,26.1986,26.4657,124.0524,122.8006,22.66,33.99,-4.3836,43.4245,51751900
2021-02-05,180,2020-05-21,2021-02-05,32.37,26.2473,26.5182,123.3268,122.067,22.66,33.99,-4.7661,42.8508,42008800
2021-02-08,180,2020-05-22,2021-02-08,33.09,26.2989,26.5748,125.8228,124.5163,22.66,33.99,-2.6478,46.0282,46014100
2021-02-09,180,2020-05-26,2021-02-09,32.95,26.352,26.632,125.0381,123.7233,22.77,33.99,-3.0597,44.708,35868600
2021-02-10,180,2020-05-27,2021-02-10,32.98,26.3939,26.6803,124.9529,123.6116,22.77,33.99,-2.9715,44.8397,45031900
2021-02-11,180,2020-05-28,2021-02-11,32.88,26.4252,26.7187,124.4265,123.06,22.77,33.99,-3.2657,44.4005,29479900
2021-02-12,180,2020-05-29,2021-02-12,33.37,26.4651,26.7659,126.0906,124.6733,22.77,33.99,-1.8241,46.5525,37468300
2021-02-16,180,2020-06-01,2021-02-16,34.27,26.513,26.8223,129.2575,127.7667,22.77,34.27,0.0,50.5051,52802600
2021-02-17,180,2020-06-02,2021-02-17,34.41,26.5582,26.8768,129.5643,128.0287,22.77,34.41,0.0,51.1199,45455300
2021-02-18,180,2020-06-03,2021-02-18,34.19,26.6014,26.9287,128.5269,126.9648,22.77,34.41,-0.6394,50.1537,37541700
2021-02-19,180,2020-06-04,2021-02-19,34.54,26.6389,26.9762,129.6598,128.0387,22.77,34.54,0.0,51.6908,54514100
2021-02-22,180,2020-06-05,2021-02-22,35.15,26.674,27.0227,131.7761,130.0757,22.77,35.15,0.0,54.3698,56783400
2021-02-23,180,2020-06-08,2021-02-23,35.52,26.7034,27.0639,133.0167,131.245,22.77,35.52,0.0,55.9947,67440700
2021-02-24,180,2020-06-09,2021-02-24,36.38,26.7334,27.1074,136.0847,134.2067,22.77,36.38,0.0,59.7716,58139500
2021-02-25,180,2020-06-10,2021-02-25,35.93,26.7636,27.1503,134.2496,132.3375,22.77,36.38,-1.2369,57.7953,74762000
2021-02-26,180,2020-06-11,2021-02-26,34.71,26.7986,27.1953,129.5218,127.6322,22.77,36.38,-4.5904,52.4374,70933300
2021-03-01,180,2020-06-12,2021-03-01,35.79,26.8539,27.2612,133.2765,131.2854,22.77,36.38,-1.6218,57.1805,45901700
2021-03-02,180,2020-06-15,2021-03-02,35.53,26.9029,27.3209,132.0673,130.0467,22.77,36.38,-2.3365,56.0386,41167400
2021-03-03,180,2020-06-16,2021-03-03,36.42,26.9525,27.3836,135.1265,132.9995,22.77,36.42,0.0,59.9473,66047000
2021-03-04,180,2020-06-17,2021-03-04,36.5,26.9984,27.443,135.193,133.003,22.77,36.5,0.0,60.2986,96512800
2021-03-05,180,2020-06-18,2021-03-05,36.93,27.0509,27.5093,136.5205,134.2456,22.77,36.93,0.0,62.1871,74292300
2021-03-08,180,2020-06-19,2021-03-08,37.13,27.1038,27.5764,136.9916,134.6439,22.77,37.13,0.0,63.0654,65335500
2021-03-09,180,2020-06-22,2021-03-09,36.32,27.1532,27.6379,133.7596,131.4135,22.77,37.13,-2.1815,59.5081,63946000
2021-03-10,180,2020-06-23,2021-03-10,37.37,27.2101,27.7088,137.3388,134.867,22.77,37.37,0.0,64.1195,53365600
2021-03-11,180,2020-06-24,2021-03-11,37.24,27.2657,27.7779,136.582,134.0632,22.77,37.37,-0.3479,63.5485,45834000
2021-03-12,180,2020-06-25,2021-03-12,37.94,27.3304,27.8564,138.8197,136.1983,22.77,37.94,0.0,66.6227,46069600
2021-03-15,180,2020-06-26,2021-03-15,37.75,27.3885,27.9288,137.8316,135.165,22.77,37.94,-0.5008,65.7883,50131600
2021-03-16,180,2020-06-29,2021-03-16,37.64,27.458,28.0093,137.0823,134.3838,22.77,37.94,-0.7907,65.3052,50300400
2021-03-17,180,2020-06-30,2021-03-17,37.95,27.5268,28.0902,137.8655,135.1004,22.77,37.95,0.0,66.6667,63796000
2021-03-18,180,2020-07-01,2021-03-18,38.94,27.5962,28.1746,141.1066,138.2095,22.77,38.94,0.0,71.0145,95439700
2021-03-19,180,2020-07-02,2021-03-19,38.53,27.6684,28.2594,139.2562,136.3438,22.77,38.94,-1.0529,69.2139,106252700
2021-03-22,180,2020-07-06,2021-03-22,37.66,27.7383,28.3393,135.769,132.8898,22.77,38.94,-3.2871,65.3931,54701300
2021-03-23,180,2020-07-07,2021-03-23,36.9,27.8033,28.4128,132.7183,129.8709,22.77,38.94,-5.2388,62.0553,49838000
2021-03-24,180,2020-07-08,2021-03-24,36.9,27.8737,28.49,132.3829,129.5191,22.77,38.94,-5.2388,62.0553,43896800
2021-03-25,180,2020-07-09,2021-03-25,37.66,27.9461,28.5709,134.7593,131.8125,22.77,38.94,-3.2871,65.3931,47517900
2021-03-26,180,2020-07-10,2021-03-26,38.68,28.0247,28.6593,138.021,134.965,23.22,38.94,-0.6677,66.5805,66846000
2021-03-29,180,2020-07-13,2021-03-29,38.31,28.0926,28.7387,136.3702,133.3047,23.22,38.94,-1.6179,64.9871,45680000
2021-03-30,180,2020-07-14,2021-03-30,38.99,28.1616,28.8209,138.4509,135.2838,23.22,38.99,0.0,67.9156,56705900
2021-03-31,180,2020-07-15,2021-03-31,38.69,28.2304,28.9017,137.0508,133.8675,23.22,38.99,-0.7694,66.6236,49270000
2021-04-01,180,2020-07-16,2021-04-01,39.49,28.2984,28.9844,139.5483,136.2455,23.22,39.49,0.0,70.0689,65587000
2021-04-05,180,2020-07-17,2021-04-05,39.8,28.3728,29.0726,140.2753,136.8986,23.22,39.8,0.0,71.404,50328500
2021-04-06,180,2020-07-20,2021-04-06,39.69,28.4529,29.1641,139.4936,136.0919,23.26,39.8,-0.2764,70.6363,42590100
2021-04-07,180,2020-07-21,2021-04-07,40.05,28.5316,29.2556,140.3708,136.8968,23.26,40.05,0.0,72.184,43136400
2021-04-08,180,2020-07-22,2021-04-08,39.7,28.603,29.3405,138.7965,135.3079,23.26,40.05,-0.8739,70.6793,45285900
2021-04-09,180,2020-07-23,2021-04-09,39.99,28.6765,29.4276,139.452,135.8928,23.26,40.05,-0.1498,71.9261,45872900
2021-04-12,180,2020-07-24,2021-04-12,40.06,28.7488,29.5138,139.3448,135.733,23.26,40.06,0.0,72.227,45544600
2021-04-13,180,2020-07-27,2021-04-13,39.32,28.8208,29.597,136.4292,132.8513,23.26,40.06,-1.8472,69.0456,46770400
2021-04-14,180,2020-07-28,2021-04-14,39.88,28.8965,29.6844,138.01,134.3465,23.26,40.06,-0.4493,71.4531,52023800
2021-04-15,180,2020-07-29,2021-04-15,38.74,28.9673,29.7643,133.7369,130.1558,23.26,40.06,-3.2951,66.552,118128900
2021-04-16,180,2020-07-30,2021-04-16,39.15,29.0329,29.8414,134.8472,131.1934,23.26,40.06,-2.2716,68.3147,60633400
2021-04-19,180,2020-07-31,2021-04-19,39.17,29.102,29.9211,134.5955,130.9112,23.26,40.06,-2.2217,68.4007,42321100
2021-04-20,180,2020-08-03,2021-04-20,38.08,29.1677,29.9944,130.5554,126.9571,23.26,40.06,-4.9426,63.7145,50834100
2021-04-21,180,2020-08-04,2021-04-21,38.72,29.2349,30.0707,132.4443,128.7634,23.26,40.06,-3.345,66.466,37851800
2021-04-22,180,2020-08-05,2021-04-22,38.36,29.3011,30.1448,130.9164,127.2523,23.26,40.06,-4.2436,64.9183,48093400
2021-04-23,180,2020-08-06,2021-04-23,39.18,29.3674,30.2214,133.4132,129.643,23.26,40.06,-2.1967,68.4437,48674100
2021-04-26,180,2020-08-07,2021-04-26,39.41,29.4341,30.2989,133.8923,130.0708,23.26,40.06,-1.6226,69.4325,34699800
2021-04-27,180,2020-08-10,2021-04-27,39.88,29.4979,30.3754,135.1961,131.2905,23.26,40.06,-0.4493,71.4531,34304800
2021-04-28,180,2020-08-11,2021-04-28,40.03,29.5593,30.4502,135.4228,131.4604,23.26,40.06,-0.0749,72.098,34084400
2021-04-29,180,2020-08-12,2021-04-29,41.11,29.6216,30.5291,138.7837,134.6586,23.26,41.11,0.0,76.7412,44008700
2021-04-30,180,2020-08-13,2021-04-30,40.53,29.6839,30.6057,136.5388,132.4262,23.26,41.11,-1.4109,74.2476,39203400
2021-05-03,180,2020-08-14,2021-05-03,40.56,29.7491,30.6847,136.3403,132.1833,23.26,41.11,-1.3379,74.3766,41940500
2021-05-04,180,2020-08-17,2021-05-04,41.0,29.8151,30.7654,137.5144,133.2666,23.26,41.11,-0.2676,76.2683,53880000
2021-05-05,180,2020-08-18,2021-05-05,41.39,29.8866,30.8514,138.4902,134.159,23.26,41.39,0.0,77.945,37471100
2021-05-06,180,2020-08-19,2021-05-06,42.01,29.963,30.943,140.2061,135.7658,23.26,42.01,0.0,80.6105,39044400
2021-05-07,180,2020-08-20,2021-05-07,42.18,30.0406,31.0357,140.41,135.9081,23.26,42.18,0.0,81.3414,39249200
2021-05-10,180,2020-08-21,2021-05-10,42.05,30.1213,31.1298,139.6021,135.0794,23.26,42.18,-0.3082,80.7825,41271500
2021-05-11,180,2020-08-24,2021-05-11,41.57,30.2021,31.222,137.6396,133.1433,23.26,42.18,-1.4462,78.7188,42964700
2021-05-12,180,2020-08-25,2021-05-12,41.18,30.2764,31.3081,136.0133,131.5316,23.26,42.18,-2.3708,77.0421,47533000
2021-05-13,180,2020-08-26,2021-05-13,41.84,30.3508,31.3961,137.8548,133.2651,23.26,42.18,-0.8061,79.8796,42026100
2021-05-14,180,2020-08-27,2021-05-14,42.36,30.4304,31.4894,139.2029,134.5215,23.26,42.36,0.0,82.1152,30932600
2021-05-17,180,2020-08-28,2021-05-17,42.74,30.5077,31.5821,140.0957,135.3298,23.26,42.74,0.0,83.7489,32656400
2021-05-18,180,2020-08-31,2021-05-18,42.16,30.5818,31.6702,137.8595,133.1219,23.26,42.74,-1.357,81.2554,37880300
2021-05-19,180,2020-09-01,2021-05-19,41.97,30.6601,31.7604,136.888,132.1457,23.26,42.74,-1.8016,80.4385,42672800
2021-05-20,180,2020-09-02,2021-05-20,41.87,30.7387,31.8502,136.2126,131.4593,23.26,42.74,-2.0356,80.0086,36871100
2021-05-21,180,2020-09-03,2021-05-21,42.4,30.8168,31.9412,137.5871,132.7441,23.26,42.74,-0.7955,82.2872,40243800
2021-05-24,180,2020-09-04,2021-05-24,42.63,30.8989,32.0354,137.966,133.0714,23.26,42.74,-0.2574,83.276,31390800
2021-05-25,180,2020-09-08,2021-05-25,42.01,30.9727,32.1214,135.6357,130.7851,23.26,42.74,-1.708,80.6105,52657700
2021-05-26,180,2020-09-09,2021-05-26,42.04,31.0553,32.2134,135.3715,130.5047,23.26,42.74,-1.6378,80.7395,41332800
2021-05-27,180,2020-09-10,2021-05-27,42.55,31.1396,32.3081,136.6426,131.7009,23.26,42.74,-0.4446,82.9321,52981100
2021-05-28,180,2020-09-11,2021-05-28,42.39,31.2271,32.4039,135.7476,130.8176,23.26,42.74,-0.8189,82.2442,38509700
2021-06-01,180,2020-09-14,2021-06-01,42.92,31.3135,32.5007,137.0653,132.0588,23.26,42.92,0.0,84.5228,42890700
2021-06-02,180,2020-09-15,2021-06-02,42.94,31.3985,32.5962,136.7583,131.7333,23.26,42.94,0.0,84.6088,34180500
2021-06-03,180,2020-09-16,2021-06-03,43.25,31.4887,32.696,137.3507,132.2792,23.26,43.25,0.0,85.9415,46981200
2021-06-04,180,2020-09-17,2021-06-04,43.27,31.5769,32.7942,137.0307,131.9442,23.26,43.27,0.0,86.0275,37192600
2021-06-07,180,2020-09-18,2021-06-07,43.12,31.6672,32.8929,136.1663,131.0922,23.26,43.27,-0.3467,85.3826,28401900
2021-06-08,180,2020-09-21,2021-06-08,42.88,31.7585,32.9911,135.019,129.9746,23.26,43.27,-0.9013,84.3508,41871400
2021-06-09,180,2020-09-22,2021-06-09,42.32,31.8554,33.0902,132.8504,127.8928,23.26,43.27,-2.1955,81.9433,42366300
2021-06-10,180,2020-09-23,2021-06-10,41.69,31.956,33.1888,130.4608,125.6145,23.26,43.27,-3.6515,79.2347,40123600
2021-06-11,180,2020-09-24,2021-06-11,41.86,32.0647,33.2922,130.5486,125.7353,23.34,43.27,-3.2586,79.3488,31203600
2021-06-14,180,2020-09-25,2021-06-14,41.36,32.1717,33.3923,128.5603,123.861,23.47,43.27,-4.4141,76.225,36050700
2021-06-15,180,2020-09-28,2021-06-15,41.39,32.2779,33.4917,128.2302,123.5828,23.47,43.27,-4.3448,76.3528,39247900
2021-06-16,180,2020-09-29,2021-06-16,41.62,32.3794,33.5891,128.5385,123.9092,23.47,43.27,-3.8133,77.3328,63859100
2021-06-17,180,2020-09-30,2021-06-17,39.8,32.4784,33.6782,122.543,118.1775,23.47,43.27,-8.0194,69.5782,80728200
2021-06-18,180,2020-10-01,2021-06-18,38.78,32.5708,33.7598,119.0636,114.8704,23.47,43.27,-10.3767,65.2322,102774200
2021-06-21,180,2020-10-02,2021-06-21,39.75,32.6674,33.8467,121.681,117.4412,23.47,43.27,-8.135,69.3652,48119400
2021-06-22,180,2020-10-05,2021-06-22,39.97,32.7642,33.9343,121.9928,117.7865,23.47,43.27,-7.6265,70.3025,44113200
2021-06-23,180,2020-10-06,2021-06-23,40.2,32.8584,34.0208,122.3432,118.1629,23.47,43.27,-7.095,71.2825,32039900
2021-06-24,180,2020-10-07,2021-06-24,40.83,32.9579,34.1123,123.8853,119.693,23.47,43.27,-5.639,73.9668,37161800
2021-06-25,180,2020-10-08,2021-06-25,41.62,33.0557,34.2053,125.9085,121.6771,23.47,43.27,-3.8133,77.3328,53178800
2021-06-28,180,2020-10-09,2021-06-28,41.56,33.1505,34.2959,125.3678,121.1805,23.47,43.27,-3.9519,77.0771,34416500
2021-06-29,180,2020-10-12,2021-06-29,40.89,33.2421,34.3822,123.0065,118.9277,23.47,43.27,-5.5003,74.2224,38519600
2021-06-30,180,2020-10-13,2021-06-30,41.23,33.3326,34.4686,123.6929,119.6161,23.47,43.27,-4.7146,75.6711,29159800
2021-07-01,180,2020-10-14,2021-07-01,41.54,33.4317,34.5608,124.2535,120.1941,23.47,43.27,-3.9981,76.9919,28045100
2021-07-02,180,2020-10-15,2021-07-02,41.15,33.544,34.6582,122.6746,118.731,23.47,43.27,-4.8995,75.3302,28980800
2021-07-06,180,2020-10-16,2021-07-06,40.07,33.6472,34.7466,119.0887,115.3206,23.47,43.27,-7.3954,70.7286,47578700
2021-07-07,180,2020-10-19,2021-07-07,39.75,33.7487,34.8328,117.7822,114.1167,23.47,43.27,-8.135,69.3652,43499900
2021-07-08,180,2020-10-20,2021-07-08,38.78,33.8526,34.9164,114.5553,111.0651,23.47,43.27,-10.3767,65.2322,52793100
2021-07-09,180,2020-10-21,2021-07-09,40.04,33.9577,35.0048,117.9114,114.3844,23.47,43.27,-7.4648,70.6008,43887200
2021-07-12,180,2020-10-22,2021-07-12,40.63,34.0667,35.0969,119.2659,115.7652,23.47,43.27,-6.1012,73.1146,42624500
2021-07-13,180,2020-10-23,2021-07-13,39.86,34.1645,35.1802,116.6707,113.3025,23.47,43.27,-7.8807,69.8338,54338100
2021-07-14,180,2020-10-26,2021-07-14,38.86,34.2583,35.2577,113.4323,110.217,23.47,43.27,-10.1918,65.5731,105651700
2021-07-15,180,2020-10-27,2021-07-15,38.83,34.3564,35.3371,113.0212,109.8845,23.47,43.27,-10.2611,65.4453,54697300
2021-07-16,180,2020-10-28,2021-07-16,37.92,34.4587,35.4153,110.0447,107.0724,23.47,43.27,-12.3642,61.568,60469700
2021-07-19,180,2020-10-29,2021-07-19,36.93,34.5615,35.4901,106.8531,104.0573,23.54,43.27,-14.6522,56.8819,83251500
2021-07-20,180,2020-10-30,2021-07-20,37.69,34.6676,35.5687,108.7182,105.964,23.68,43.27,-12.8958,59.1638,59462900
2021-07-21,180,2020-11-02,2021-07-21,38.46,34.7761,35.6507,110.5933,107.8802,23.68,43.27,-11.1162,62.4155,49907400
2021-07-22,180,2020-11-03,2021-07-22,37.96,34.8784,35.7278,108.8353,106.2479,23.68,43.27,-12.2718,60.304,52715600
2021-07-23,180,2020-11-04,2021-07-23,37.7,34.9731,35.8001,107.7971,105.3071,23.68,43.27,-12.8727,59.2061,48659400
2021-07-26,180,2020-11-05,2021-07-26,38.13,35.0822,35.8803,108.6876,106.2699,24.31,43.27,-11.8789,56.849,32258000
2021-07-27,180,2020-11-06,2021-07-27,37.98,35.1803,35.9546,107.9582,105.6332,24.31,43.27,-12.2256,56.232,39121400
2021-07-28,180,2020-11-09,2021-07-28,38.13,35.2831,36.0314,108.0687,105.8244,26.69,43.27,-11.8789,42.8625,43331100
2021-07-29,180,2020-11-10,2021-07-29,38.68,35.3536,36.0921,109.409,107.1704,26.69,43.27,-10.6078,44.9232,43039100
2021-07-30,180,2020-11-11,2021-07-30,38.36,35.4237,36.1515,108.289,106.109,26.69,43.27,-11.3474,43.7242,46210100
2021-08-02,180,2020-11-12,2021-08-02,37.96,35.4952,36.2105,106.944,104.8315,26.69,43.27,-12.2718,42.2255,49894000
2021-08-03,180,2020-11-13,2021-08-03,38.55,35.5761,36.2764,108.3593,106.2675,26.81,43.27,-10.9083,43.7896,39680600
2021-08-04,180,2020-11-16,2021-08-04,38.27,35.6529,36.339,107.3404,105.3138,26.81,43.27,-11.5554,42.7452,42289800
2021-08-05,180,2020-11-17,2021-08-05,39.02,35.7282,36.4026,109.2135,107.1903,26.81,43.27,-9.822,45.5427,34754500
2021-08-06,180,2020-11-18,2021-08-06,40.15,35.8091,36.4726,112.1222,110.0828,26.81,43.27,-7.2105,49.7576,58022300
2021-08-09,180,2020-11-19,2021-08-09,40.67,35.8982,36.5486,113.2925,111.2765,26.81,43.27,-6.0088,51.6971,56340100
2021-08-10,180,2020-11-20,2021-08-10,41.43,35.991,36.6289,115.112,113.1074,26.81,43.27,-4.2524,54.5319,44987300
2021-08-11,180,2020-11-23,2021-08-11,41.95,36.0882,36.713,116.2431,114.2647,27.39,43.27,-3.0506,53.1581,58458200
2021-08-12,180,2020-11-24,2021-08-12,42.15,36.1809,36.795,116.4979,114.5536,28.16,43.27,-2.5884,49.6804,37400100
2021-08-13,180,2020-11-25,2021-08-13,41.63,36.2573,36.8653,114.8182,112.9247,28.16,43.27,-3.7902,47.8338,41344900
2021-08-16,180,2020-11-27,2021-08-16,41.29,36.3322,36.9334,113.6458,111.7959,28.16,43.27,-4.5759,46.6264,38599100
2021-08-17,180,2020-11-30,2021-08-17,41.09,36.4068,37.0006,112.8635,111.0522,28.16,43.27,-5.0381,45.9162,43526900
2021-08-18,180,2020-12-01,2021-08-18,40.79,36.488,37.0708,111.7903,110.0328,28.22,43.27,-5.7315,44.5429,50342500
2021-08-19,180,2020-12-02,2021-08-19,40.19,36.5619,37.1347,109.9232,108.2277,28.22,43.27,-7.1181,42.4167,51883900
2021-08-20,180,2020-12-03,2021-08-20,40.37,36.6336,37.1975,110.1993,108.5288,28.22,43.27,-6.7021,43.0546,40415000
2021-08-23,180,2020-12-04,2021-08-23,40.91,36.7094,37.2642,111.4428,109.7838,28.22,43.27,-5.4541,44.9681,35364500
2021-08-24,180,2020-12-07,2021-08-24,41.48,36.7847,37.3319,112.7643,111.1114,28.22,43.27,-4.1368,46.988,35579300
2021-08-25,180,2020-12-08,2021-08-25,42.15,36.8649,37.4044,114.3363,112.6871,28.22,43.27,-2.5884,49.3622,51219900
2021-08-26,180,2020-12-09,2021-08-26,42.04,36.9465,37.4773,113.7861,112.1746,28.22,43.27,-2.8426,48.9724,41184500
2021-08-27,180,2020-12-10,2021-08-27,42.49,37.0315,37.5533,114.74,113.1458,28.22,43.27,-1.8026,50.567,46468600
2021-08-30,180,2020-12-11,2021-08-30,41.66,37.1106,37.6231,112.2592,110.73,28.22,43.27,-3.7208,47.6258,44855600
2021-08-31,180,2020-12-14,2021-08-31,41.75,37.1953,37.6963,112.2454,110.7536,28.22,43.27,-3.5128,47.9447,54654600
2021-09-01,180,2020-12-15,2021-09-01,41.19,37.2812,37.7683,110.4845,109.0596,28.64,43.27,-4.807,43.8198,52361900
2021-09-02,180,2020-12-16,2021-09-02,41.02,37.3628,37.8371,109.7884,108.4121,28.67,43.27,-5.1999,43.0764,44538900
2021-09-03,180,2020-12-17,2021-09-03,41.05,37.4441,37.9056,109.6301,108.2953,28.67,43.27,-5.1306,43.181,41812400
2021-09-07,180,2020-12-18,2021-09-07,41.32,37.5259,37.975,110.1105,108.8084,28.67,43.27,-4.5066,44.1228,43748600
2021-09-08,180,2020-12-21,2021-09-08,40.78,37.6071,38.0423,108.4369,107.1965,29.21,43.27,-5.7546,39.6097,36064400
2021-09-09,180,2020-12-22,2021-09-09,40.93,37.6795,38.1044,108.6267,107.4153,29.21,43.27,-5.4079,40.1233,36266400
2021-09-10,180,2020-12-23,2021-09-10,40.27,37.7538,38.1659,106.6647,105.5131,29.65,43.27,-6.9332,35.8179,40514700
2021-09-13,180,2020-12-24,2021-09-13,40.94,37.824,38.2264,108.2381,107.0988,29.65,43.27,-5.3848,38.0776,42036300
2021-09-14,180,2020-12-28,2021-09-14,39.84,37.8899,38.2813,105.1466,104.0718,29.65,43.27,-7.927,34.3676,53820400
2021-09-15,180,2020-12-29,2021-09-15,40.14,37.9561,38.3369,105.7538,104.7033,29.65,43.27,-7.2337,35.3794,52358200
2021-09-16,180,2020-12-30,2021-09-16,40.45,38.025,38.3949,106.3773,105.3526,29.65,43.27,-6.5172,36.425,42922000
2021-09-17,180,2020-12-31,2021-09-17,40.5,38.0948,38.4533,106.3139,105.3225,29.65,43.27,-6.4017,36.5936,92746000
2021-09-20,180,2021-01-04,2021-09-20,39.11,38.1547,38.5022,102.5038,101.5786,29.65,43.27,-9.614,31.9056,67566200
2021-09-21,180,2021-01-05,2021-09-21,39.13,38.2174,38.5528,102.3878,101.4972,29.65,43.27,-9.5678,31.973,38271100
2021-09-22,180,2021-01-06,2021-09-22,40.14,38.2835,38.6077,104.8492,103.969,29.65,43.27,-7.2337,35.3794,46261400
2021-09-23,180,2021-01-07,2021-09-23,41.69,38.3416,38.6607,108.7331,107.8357,29.65,43.27,-3.6515,40.6071,49779800
2021-09-24,180,2021-01-08,2021-09-24,42.14,38.3964,38.7122,109.7499,108.8545,29.65,43.27,-2.6115,42.1248,39042300
2021-09-27,180,2021-01-11,2021-09-27,43.26,38.459,38.7718,112.4835,111.5758,29.65,43.27,-0.0231,45.9022,49755400
2021-09-28,180,2021-01-12,2021-09-28,43.16,38.5171,38.8279,112.054,111.1572,29.65,43.27,-0.2542,45.5649,60781200
2021-09-29,180,2021-01-13,2021-09-29,43.07,38.5707,38.8802,111.6651,110.7763,29.65,43.27,-0.4622,45.2614,44260200
2021-09-30,180,2021-01-14,2021-09-30,42.45,38.6231,38.9301,109.9084,109.0416,29.65,43.27,-1.8951,43.1703,47410800
2021-10-01,180,2021-01-15,2021-10-01,43.08,38.6746,38.9806,111.3909,110.5165,29.65,43.27,-0.4391,45.2951,40987100
2021-10-04,180,2021-01-19,2021-10-04,43.34,38.7347,39.038,111.8894,111.02,29.65,43.34,0.0,46.172,48273400
2021-10-05,180,2021-01-20,2021-10-05,44.22,38.8007,39.1016,113.9671,113.09,29.65,44.22,0.0,49.14,54070700
2021-10-06,180,2021-01-21,2021-10-06,44.24,38.8704,39.1677,113.8142,112.9502,29.65,44.24,0.0,49.2074,47031700
2021-10-07,180,2021-01-22,2021-10-07,44.12,38.9445,39.2363,113.2895,112.4468,29.65,44.24,-0.2713,48.8027,46258800
2021-10-08,180,2021-01-25,2021-10-08,44.34,39.0216,39.3074,113.6292,112.8032,29.65,44.34,0.0,49.5447,39389400
2021-10-11,180,2021-01-26,2021-10-11,43.78,39.1001,39.3775,111.9691,111.1802,29.65,44.34,-1.263,47.656,36283500
2021-10-12,180,2021-01-27,2021-10-12,43.54,39.1797,39.4475,111.1291,110.3746,29.65,44.34,-1.8042,46.8465,36898300
2021-10-13,180,2021-01-28,2021-10-13,43.14,39.2681,39.5214,109.8602,109.1559,29.65,44.34,-2.7064,45.4975,43908000
2021-10-14,180,2021-01-29,2021-10-14,45.07,39.3608,39.6034,114.5049,113.8034,29.65,45.07,0.0,52.0067,82201000
2021-10-15,180,2021-02-01,2021-10-15,46.37,39.4657,39.6963,117.4944,116.812,29.96,46.37,0.0,54.773,64264900
2021-10-18,180,2021-02-02,2021-10-18,46.28,39.5678,39.7869,116.9637,116.3196,31.03,46.37,-0.1941,49.146,49542500
2021-10-19,180,2021-02-03,2021-10-19,46.48,39.6612,39.8728,117.1926,116.5708,31.58,46.48,0.0,47.1818,32515500
2021-10-20,180,2021-02-04,2021-10-20,47.09,39.7526,39.9589,118.4578,117.846,32.37,47.09,0.0,45.4742,40411000
2021-10-21,180,2021-02-05,2021-10-21,46.83,39.8354,40.0386,117.5588,116.9623,32.37,47.09,-0.5521,44.671,36848600
2021-10-22,180,2021-02-08,2021-10-22,47.57,39.9226,40.123,119.1555,118.5604,32.88,47.57,0.0,44.6776,36225600
2021-10-25,180,2021-02-09,2021-10-25,47.51,40.004,40.2031,118.7631,118.1749,32.88,47.57,-0.1261,44.4951,31679500
2021-10-26,180,2021-02-10,2021-10-26,47.96,40.0886,40.2865,119.635,119.0473,32.88,47.96,0.0,45.8637,35674800
2021-10-27,180,2021-02-11,2021-10-27,47.04,40.1697,40.3646,117.1032,116.5377,32.88,47.96,-1.9183,43.0657,45790800
2021-10-28,180,2021-02-12,2021-10-28,47.78,40.2549,40.4474,118.6936,118.1288,33.37,47.96,-0.3753,43.1825,37209600
2021-10-29,180,2021-02-16,2021-10-29,47.78,40.3364,40.5274,118.4537,117.8954,34.19,47.96,-0.3753,39.7485,31756200
2021-11-01,180,2021-02-17,2021-11-01,47.85,40.4114,40.6029,118.4071,117.8488,34.19,47.96,-0.2294,39.9532,36937200
2021-11-02,180,2021-02-18,2021-11-02,47.88,40.4857,40.6777,118.2639,117.7057,34.19,47.96,-0.1668,40.041,36283400
2021-11-03,180,2021-02-19,2021-11-03,48.37,40.564,40.7565,119.2438,118.6805,34.54,48.37,0.0,40.0405,42553000
2021-11-04,180,2021-02-22,2021-11-04,47.33,40.6356,40.8276,116.4742,115.9266,34.71,48.37,-2.1501,36.3584,47646300
2021-11-05,180,2021-02-23,2021-11-05,46.97,40.7014,40.8932,115.4015,114.8601,34.71,48.37,-2.8944,35.3212,38271200
2021-11-08,180,2021-02-24,2021-11-08,47.34,40.7662,40.9589,116.1256,115.5793,34.71,48.37,-2.1294,36.3872,33815500
2021-11-09,180,2021-02-25,2021-11-09,46.88,40.8231,41.0172,114.8369,114.2935,34.71,48.37,-3.0804,35.0619,36900300
2021-11-10,180,2021-02-26,2021-11-10,47.23,40.8849,41.08,115.5195,114.9708,34.71,48.37,-2.3568,36.0703,39385600
2021-11-11,180,2021-03-01,2021-11-11,47.49,40.957,41.151,115.9509,115.4042,35.53,48.37,-1.8193,33.6617,31194800
2021-11-12,180,2021-03-02,2021-11-12,46.91,41.0188,41.2128,114.3622,113.8239,35.53,48.37,-3.0184,32.0293,44268500
2021-11-15,180,2021-03-03,2021-11-15,47.05,41.0833,41.2768,114.5234,113.9866,36.32,48.37,-2.729,29.5429,35335500
2021-11-16,180,2021-03-04,2021-11-16,47.08,41.1417,41.336,114.4338,113.8959,36.32,48.37,-2.6669,29.6256,35120800
2021-11-17,180,2021-03-05,2021-11-17,46.51,41.1972,41.3916,112.896,112.3658,36.32,48.37,-3.8454,28.0562,32963700
2021-11-18,180,2021-03-08,2021-11-18,46.32,41.249,41.4438,112.2935,111.7659,36.32,48.37,-4.2382,27.533,30639000
2021-11-19,180,2021-03-09,2021-11-19,45.4,41.2955,41.4897,109.9394,109.4247,36.32,48.37,-6.1402,25.0,48429500
2021-11-22,180,2021-03-10,2021-11-22,46.28,41.3517,41.5451,111.9181,111.3971,36.9,48.37,-4.3209,25.42,53697100
2021-11-23,180,2021-03-11,2021-11-23,47.5,41.406,41.6013,114.7178,114.179,36.9,48.37,-1.7986,28.7263,49362900
2021-11-24,180,2021-03-12,2021-11-24,47.63,41.4618,41.6591,114.8767,114.3329,36.9,48.37,-1.5299,29.0786,40060000
2021-11-26,180,2021-03-15,2021-11-26,45.76,41.5049,41.7025,110.252,109.7296,36.9,48.37,-5.3959,24.0108,55110100
2021-11-29,180,2021-03-16,2021-11-29,45.59,41.5485,41.7461,109.7271,109.2079,36.9,48.37,-5.7474,23.5501,50231100
2021-11-30,180,2021-03-17,2021-11-30,44.47,41.5877,41.784,106.9306,106.4283,36.9,48.37,-8.0628,20.5149,77193600
2021-12-01,180,2021-03-18,2021-12-01,43.84,41.6218,41.8167,105.3295,104.8384,36.9,48.37,-9.3653,18.8076,60601600
2021-12-02,180,2021-03-19,2021-12-02,44.89,41.6545,41.8498,107.7674,107.2646,36.9,48.37,-7.1945,21.6531,57821400
2021-12-03,180,2021-03-22,2021-12-03,43.87,41.685,41.8794,105.2417,104.7531,36.9,48.37,-9.3033,18.8889,74605300
2021-12-06,180,2021-03-23,2021-12-06,44.15,41.7227,41.9155,105.8176,105.331,36.9,48.37,-8.7244,19.6477,48193100
2021-12-07,180,2021-03-24,2021-12-07,44.71,41.7686,41.9589,107.0422,106.5567,36.9,48.37,-7.5667,21.1653,40740800
2021-12-08,180,2021-03-25,2021-12-08,44.16,41.8118,41.9992,105.6161,105.1448,36.93,48.37,-8.7037,19.5776,50560300
2021-12-09,180,2021-03-26,2021-12-09,44.49,41.8514,42.0372,106.3046,105.8349,36.93,48.37,-8.0215,20.4712,37316700
2021-12-10,180,2021-03-29,2021-12-10,44.52,41.8844,42.0696,106.2924,105.8246,36.93,48.37,-7.9595,20.5524,37700200
2021-12-13,180,2021-03-30,2021-12-13,43.58,41.9152,42.0989,103.9718,103.5182,36.93,48.37,-9.9028,18.007,38653900
2021-12-14,180,2021-03-31,2021-12-14,44.13,41.9444,42.1274,105.2107,104.7536,36.93,48.37,-8.7658,19.4963,47099400
2021-12-15,180,2021-04-01,2021-12-15,43.94,41.9746,42.1566,104.6823,104.2304,36.93,48.37,-9.1586,18.9819,60057100
2021-12-16,180,2021-04-05,2021-12-16,45.0,42.005,42.1872,107.1301,106.6674,36.93,48.37,-6.9671,21.8522,69487200
2021-12-17,180,2021-04-06,2021-12-17,43.88,42.0279,42.2099,104.4068,103.9567,36.93,48.37,-9.2826,18.8194,124242400
2021-12-20,180,2021-04-07,2021-12-20,43.16,42.0478,42.2292,102.6451,102.2042,36.93,48.37,-10.7711,16.8698,56455200
2021-12-21,180,2021-04-08,2021-12-21,44.19,42.0708,42.2522,105.0373,104.5863,36.93,48.37,-8.6417,19.6588,47845600
2021-12-22,180,2021-04-09,2021-12-22,44.28,42.0964,42.2776,105.1871,104.7363,36.93,48.37,-8.4557,19.9025,35715700
2021-12-23,180,2021-04-12,2021-12-23,44.42,42.121,42.3022,105.4581,105.0063,36.93,48.37,-8.1662,20.2816,34053500
2021-12-27,180,2021-04-13,2021-12-27,44.64,42.1462,42.3277,105.9169,105.4629,36.93,48.37,-7.7114,20.8773,33879200
2021-12-28,180,2021-04-14,2021-12-28,44.7,42.1765,42.3576,105.9833,105.5302,36.93,48.37,-7.5873,21.0398,32492400
2021-12-29,180,2021-04-15,2021-12-29,44.63,42.2029,42.3839,105.7511,105.2993,36.93,48.37,-7.7321,20.8503,25294900
2021-12-30,180,2021-04-16,2021-12-30,44.53,42.2361,42.4161,105.4312,104.9837,36.93,48.37,-7.9388,20.5795,23852200
2021-12-31,180,2021-04-19,2021-12-31,44.49,42.2665,42.4458,105.2607,104.8161,36.93,48.37,-8.0215,20.4712,24253900
2022-01-03,180,2021-04-20,2022-01-03,46.18,42.305,42.4847,109.1597,108.6979,36.93,48.37,-4.5276,25.0474,58587900
2022-01-04,180,2021-04-21,2022-01-04,47.99,42.359,42.5398,113.2936,112.8121,36.93,48.37,-0.7856,29.9486,74606700
2022-01-05,180,2021-04-22,2022-01-05,47.18,42.4052,42.5868,111.26,110.7856,36.93,48.37,-2.4602,27.7552,57791600
2022-01-06,180,2021-04-23,2022-01-06,48.13,42.4581,42.6411,113.3587,112.8724,36.93,48.37,-0.4962,30.3276,52040900
2022-01-07,180,2021-04-26,2022-01-07,49.18,42.5102,42.6966,115.69,115.1848,36.93,49.18,0.0,33.1709,59082600
2022-01-10,180,2021-04-27,2022-01-10,48.93,42.5598,42.7495,114.9677,114.4575,36.93,49.18,-0.5083,32.4939,66839500
2022-01-11,180,2021-04-28,2022-01-11,49.21,42.6077,42.8013,115.4956,114.9731,36.93,49.21,0.0,33.2521,40454400
2022-01-12,180,2021-04-29,2022-01-12,48.86,42.6533,42.8504,114.5516,114.0246,36.93,49.21,-0.7112,32.3044,41378000
2022-01-13,180,2021-04-30,2022-01-13,48.76,42.6919,42.8929,114.2138,113.6785,36.93,49.21,-0.9145,32.0336,46337500
2022-01-14,180,2021-05-03,2022-01-14,47.91,42.7304,42.9339,112.1216,111.5902,36.93,49.21,-2.6417,29.7319,72953300
2022-01-18,180,2021-05-04,2022-01-18,46.26,42.7612,42.9656,108.1821,107.6676,36.93,49.21,-5.9947,25.264,65877400
2022-01-19,180,2021-05-05,2022-01-19,46.44,42.7903,42.9958,108.5293,108.0106,36.93,49.21,-5.6289,25.7514,84451800
2022-01-20,180,2021-05-06,2022-01-20,45.75,42.8137,43.02,106.8583,106.3459,36.93,49.21,-7.0311,23.883,46265300
2022-01-21,180,2021-05-07,2022-01-21,44.92,42.8294,43.0362,104.8812,104.3773,36.93,49.21,-8.7177,21.6355,71303600
2022-01-24,180,2021-05-10,2022-01-24,44.55,42.8423,43.0493,103.9861,103.4859,36.93,49.21,-9.4696,20.6336,90672700
2022-01-25,180,2021-05-11,2022-01-25,45.43,42.8603,43.0681,105.9955,105.4841,36.93,49.21,-7.6814,23.0165,73555300
2022-01-26,180,2021-05-12,2022-01-26,45.9,42.8835,43.0922,107.0342,106.5159,36.93,49.21,-6.7263,24.2892,63735800
2022-01-27,180,2021-05-13,2022-01-27,45.47,42.9069,43.116,105.9736,105.4597,36.93,49.21,-7.6001,23.1248,63402400
2022-01-28,180,2021-05-14,2022-01-28,45.87,42.9284,43.1384,106.8523,106.3322,36.93,49.21,-6.7872,24.208,51048300
2022-01-31,180,2021-05-17,2022-01-31,46.14,42.9482,43.1594,107.4317,106.9061,36.93,49.21,-6.2386,24.9391,44793700
2022-02-01,180,2021-05-18,2022-02-01,46.94,42.9697,43.1827,109.2398,108.7009,36.93,49.21,-4.6129,27.1053,40326600
2022-02-02,180,2021-05-19,2022-02-02,46.89,42.9942,43.209,109.0611,108.5191,36.93,49.21,-4.7145,26.9699,41125600
2022-02-03,180,2021-05-20,2022-02-03,46.43,43.0177,43.2338,107.9322,107.3929,36.93,49.21,-5.6493,25.7243,35879900
2022-02-04,180,2021-05-21,2022-02-04,48.28,43.0504,43.2694,112.1477,111.58,36.93,49.21,-1.8899,30.7338,60297100
2022-02-07,180,2021-05-24,2022-02-07,48.51,43.081,43.3033,112.6019,112.0237,36.93,49.21,-1.4225,31.3566,44824800
2022-02-08,180,2021-05-25,2022-02-08,49.38,43.1141,43.3408,114.5334,113.9341,36.93,49.38,0.0,33.7124,49560500
2022-02-09,180,2021-05-26,2022-02-09,49.28,43.1504,43.3812,114.2053,113.5975,36.93,49.38,-0.2025,33.4416,33861100
2022-02-10,180,2021-05-27,2022-02-10,49.05,43.1856,43.4202,113.5796,112.9659,36.93,49.38,-0.6683,32.8188,47082800
2022-02-11,180,2021-05-28,2022-02-11,47.92,43.2129,43.45,110.8929,110.2877,36.93,49.38,-2.9567,29.759,61056000
2022-02-14,180,2021-06-01,2022-02-14,47.42,43.2388,43.4779,109.6699,109.0668,36.93,49.38,-3.9692,28.4051,44791900
2022-02-15,180,2021-06-02,2022-02-15,47.79,43.2635,43.505,110.4626,109.8494,36.93,49.38,-3.2199,29.407,42397600
2022-02-16,180,2021-06-03,2022-02-16,47.68,43.2876,43.5313,110.147,109.5303,36.93,49.38,-3.4427,29.1091,36664600
2022-02-17,180,2021-06-04,2022-02-17,46.07,43.3023,43.547,106.3915,105.7937,36.93,49.38,-6.7031,24.7495,49442400
2022-02-18,180,2021-06-07,2022-02-18,45.96,43.3164,43.5619,106.1029,105.5049,36.93,49.38,-6.9259,24.4517,37856500
2022-02-22,180,2021-06-08,2022-02-22,45.56,43.3294,43.5755,105.148,104.5542,36.93,49.38,-7.7359,23.3685,51905600
2022-02-23,180,2021-06-09,2022-02-23,44.78,43.3397,43.5861,103.3233,102.7393,36.93,49.38,-9.3155,21.2564,45704900
2022-02-24,180,2021-06-10,2022-02-24,43.6,43.3469,43.5932,100.5838,100.0157,36.93,49.38,-11.7051,18.0612,80484800
2022-02-25,180,2021-06-11,2022-02-25,45.02,43.3655,43.6117,103.8153,103.2293,36.93,49.38,-8.8295,21.9063,68530700
2022-02-28,180,2021-06-14,2022-02-28,44.2,43.3787,43.6247,101.8933,101.3188,36.93,49.38,-10.4901,19.6859,69955300
2022-03-01,180,2021-06-15,2022-03-01,42.47,43.3853,43.6308,97.8903,97.3394,36.93,49.38,-13.9935,15.0014,74895600
2022-03-02,180,2021-06-16,2022-03-02,43.16,43.3957,43.6407,99.4569,98.8986,36.93,49.38,-12.5962,16.8698,70834600
2022-03-03,180,2021-06-17,2022-03-03,42.49,43.4008,43.6455,97.9014,97.3525,36.93,49.38,-13.953,15.0555,48733800
2022-03-04,180,2021-06-18,2022-03-04,40.95,43.4082,43.6519,94.337,93.8104,36.93,49.38,-17.0717,10.8855,75572800
2022-03-07,180,2021-06-21,2022-03-07,38.34,43.4051,43.6494,88.3306,87.8362,36.93,49.38,-22.3572,3.818,109779000
2022-03-08,180,2021-06-22,2022-03-08,38.59,43.3972,43.643,88.9228,88.422,36.93,49.38,-21.851,4.495,76553800
2022-03-09,180,2021-06-23,2022-03-09,41.04,43.404,43.6489,94.5535,94.0229,36.93,49.38,-16.8894,11.1292,78207900
2022-03-10,180,2021-06-24,2022-03-10,40.67,43.407,43.6516,93.6945,93.1696,36.93,49.38,-17.6387,10.1273,48804400
2022-03-11,180,2021-06-25,2022-03-11,40.33,43.4038,43.6488,92.918,92.3966,36.93,49.38,-18.3273,9.2066,43946600
2022-03-14,180,2021-06-28,2022-03-14,41.2,43.4013,43.6464,94.9281,94.3949,36.93,49.38,-16.5654,11.5624,54262400
2022-03-15,180,2021-06-29,2022-03-15,41.5,43.4009,43.6461,95.6201,95.0829,36.93,49.38,-15.9579,12.3748,41395300
2022-03-16,180,2021-06-30,2022-03-16,42.8,43.4123,43.6567,98.5895,98.0376,36.93,49.38,-13.3252,15.8949,59477600
2022-03-17,180,2021-07-01,2022-03-17,43.03,43.423,43.6667,99.095,98.5419,36.93,49.38,-12.8595,16.5177,50260200
2022-03-18,180,2021-07-02,2022-03-18,42.9,43.431,43.6743,98.7775,98.2272,36.93,49.38,-13.1227,16.1657,74470600
2022-03-21,180,2021-07-06,2022-03-21,42.84,43.441,43.6837,98.6165,98.0687,36.93,49.38,-13.2442,16.0032,47106400
2022-03-22,180,2021-07-07,2022-03-22,44.18,43.4654,43.7065,101.6442,101.0834,36.93,49.38,-10.5306,19.6317,52360600
2022-03-23,180,2021-07-08,2022-03-23,43.09,43.4858,43.7251,99.0897,98.5476,36.93,49.38,-12.738,16.6802,48539300
2022-03-24,180,2021-07-09,2022-03-24,43.07,43.5128,43.7489,98.9823,98.4482,36.93,49.38,-12.7785,16.626,30360800
2022-03-25,180,2021-07-12,2022-03-25,43.73,43.535,43.7694,100.4479,99.91,36.93,49.38,-11.4419,18.4132,38968100
2022-03-28,180,2021-07-13,2022-03-28,43.55,43.5524,43.7856,99.9945,99.4619,36.93,49.38,-11.8064,17.9258,37428600
2022-03-29,180,2021-07-14,2022-03-29,43.44,43.5742,43.8055,99.692,99.1656,36.93,49.38,-12.0292,17.6279,46355800
2022-03-30,180,2021-07-15,2022-03-30,43.0,43.6003,43.8285,98.6231,98.1097,36.93,49.38,-12.9202,16.4365,36601800
2022-03-31,180,2021-07-16,2022-03-31,41.22,43.6161,43.8418,94.5063,94.0199,36.93,49.38,-16.5249,11.6166,67902500
2022-04-01,180,2021-07-19,2022-04-01,40.9,43.6364,43.8583,93.729,93.2548,36.93,49.38,-17.1729,10.7501,61929200
2022-04-04,180,2021-07-20,2022-04-04,40.83,43.6638,43.88,93.5099,93.0492,37.69,49.38,-17.3147,8.3311,53761700
2022-04-05,180,2021-07-21,2022-04-05,40.14,43.681,43.8936,91.8935,91.4484,37.7,49.38,-18.712,6.4721,51781700
2022-04-06,180,2021-07-22,2022-04-06,39.7,43.6896,43.9005,90.8683,90.4318,37.7,49.38,-19.6031,5.305,54159800
2022-04-07,180,2021-07-23,2022-04-07,39.39,43.6997,43.9084,90.1379,89.7094,37.7,49.38,-20.2309,4.4828,54585000
2022-04-08,180,2021-07-26,2022-04-08,39.67,43.7137,43.9194,90.7496,90.3246,37.96,49.38,-19.6638,4.5047,41018900
2022-04-11,180,2021-07-27,2022-04-11,39.59,43.724,43.9275,90.5453,90.1258,37.96,49.38,-19.8258,4.294,34198700
2022-04-12,180,2021-07-28,2022-04-12,39.17,43.7325,43.9341,89.5673,89.1562,37.96,49.38,-20.6764,3.1876,42855300
2022-04-13,180,2021-07-29,2022-04-13,38.82,43.7374,43.9379,88.7569,88.3519,37.96,49.38,-21.3852,2.2655,45484200
2022-04-14,180,2021-07-30,2022-04-14,37.57,43.7293,43.9318,85.9149,85.519,37.57,49.38,-23.9166,0.0,79032000
2022-04-18,180,2021-08-02,2022-04-18,38.85,43.7328,43.9345,88.8349,88.4271,37.57,49.38,-21.3244,3.407,80080300
2022-04-19,180,2021-08-03,2022-04-19,39.57,43.7442,43.9434,90.4577,90.0476,37.57,49.38,-19.8663,5.3234,53714200
2022-04-20,180,2021-08-04,2022-04-20,39.66,43.7519,43.9496,90.6474,90.2397,37.57,49.38,-19.6841,5.5629,47064300
2022-04-21,180,2021-08-05,2022-04-21,38.91,43.7565,43.9532,88.9239,88.526,37.57,49.38,-21.2029,3.5667,46245900
2022-04-22,180,2021-08-06,2022-04-22,37.56,43.7459,43.9451,85.8595,85.4704,37.56,49.38,-23.9368,0.0,50409800
2022-04-25,180,2021-08-09,2022-04-25,37.29,43.7256,43.9292,85.2819,84.8867,37.29,49.38,-24.4836,0.0,64301100
2022-04-26,180,2021-08-10,2022-04-26,36.45,43.6954,43.9057,83.4184,83.0188,36.45,49.38,-26.1847,0.0,44809900
2022-04-27,180,2021-08-11,2022-04-27,36.25,43.6588,43.8769,83.0302,82.6174,36.25,49.38,-26.5897,0.0,39824900
2022-04-28,180,2021-08-12,2022-04-28,36.81,43.6236,43.8484,84.3809,83.9484,36.25,49.38,-25.4556,1.5448,39567800
2022-04-29,180,2021-08-13,2022-04-29,35.68,43.5782,43.8124,81.8759,81.438,35.68,49.38,-27.744,0.0,47385200
2022-05-02,180,2021-08-16,2022-05-02,36.14,43.5397,43.7819,83.0047,82.5454,35.68,49.38,-26.8125,1.2892,46652200
2022-05-03,180,2021-08-17,2022-05-03,37.13,43.5111,43.7588,85.3345,84.8514,35.68,49.38,-24.8076,4.0639,48926000
2022-05-04,180,2021-08-18,2022-05-04,38.62,43.4948,43.7451,88.7923,88.2841,35.68,49.38,-21.7902,8.2399,57860300
2022-05-05,180,2021-08-19,2022-05-05,37.54,43.4725,43.7271,86.3535,85.8507,35.68,49.38,-23.9773,5.213,48860600
2022-05-06,180,2021-08-20,2022-05-06,37.45,43.4534,43.7118,86.1843,85.6747,35.68,49.38,-24.1596,4.9608,50440100
2022-05-09,180,2021-08-23,2022-05-09,36.37,43.4248,43.6896,83.7539,83.2463,35.68,49.38,-26.3467,1.9339,51242000
2022-05-10,180,2021-08-24,2022-05-10,35.76,43.388,43.661,82.4191,81.9038,35.68,49.38,-27.582,0.2242,60235300
2022-05-11,180,2021-08-25,2022-05-11,35.57,43.3461,43.6282,82.0604,81.5299,35.57,49.38,-27.9668,0.0,54969300
2022-05-12,180,2021-08-26,2022-05-12,35.07,43.2962,43.5888,81.0002,80.4564,35.07,49.38,-28.9793,0.0,61231500
2022-05-13,180,2021-08-27,2022-05-13,35.17,43.2479,43.5507,81.322,80.7565,35.07,49.38,-28.7768,0.2851,49117900
2022-05-16,180,2021-08-30,2022-05-16,34.81,43.194,43.508,80.59,80.0083,34.81,49.38,-29.5059,0.0,39076500
2022-05-17,180,2021-08-31,2022-05-17,35.99,43.1548,43.4765,83.3974,82.7804,34.81,49.38,-27.1162,3.3898,42635600
2022-05-18,180,2021-09-01,2022-05-18,34.88,43.106,43.4383,80.9167,80.2977,34.81,49.38,-29.3641,0.2011,47396900
2022-05-19,180,2021-09-02,2022-05-19,34.45,43.0571,43.4009,80.0101,79.3763,34.45,49.38,-30.2349,0.0,47002700
2022-05-20,180,2021-09-03,2022-05-20,33.86,43.004,43.3611,78.7368,78.0884,33.86,49.38,-31.4297,0.0,62406500
2022-05-23,180,2021-09-07,2022-05-23,35.87,42.9679,43.3323,83.4809,82.7788,33.86,49.38,-27.3593,5.9362,69081900
2022-05-24,180,2021-09-08,2022-05-24,35.65,42.9285,43.3008,83.0451,82.331,33.86,49.38,-27.8048,5.2865,46146700
2022-05-25,180,2021-09-09,2022-05-25,35.84,42.8939,43.2734,83.555,82.8223,33.86,49.38,-27.42,5.8476,49343400
2022-05-26,180,2021-09-10,2022-05-26,36.67,42.8649,43.2497,85.5478,84.7867,33.86,49.38,-25.7392,8.2989,60201200
2022-05-27,180,2021-09-13,2022-05-27,37.02,42.8427,43.2317,86.4092,85.6317,33.86,49.38,-25.0304,9.3325,43365600
2022-05-31,180,2021-09-14,2022-05-31,37.2,42.8176,43.2109,86.8801,86.0894,33.86,49.38,-24.6659,9.8641,71609200
2022-06-01,180,2021-09-15,2022-06-01,36.67,42.7956,43.1933,85.6865,84.8975,33.86,49.38,-25.7392,8.2989,35237900
2022-06-02,180,2021-09-16,2022-06-02,36.7,42.7718,43.1742,85.8042,85.0045,33.86,49.38,-25.6784,8.3875,35341900
2022-06-03,180,2021-09-17,2022-06-03,36.19,42.7423,43.1505,84.6703,83.8692,33.86,49.38,-26.7112,6.8813,25235200
2022-06-06,180,2021-09-20,2022-06-06,36.15,42.7121,43.1263,84.6364,83.8235,33.86,49.38,-26.7922,6.7631,40394000
2022-06-07,180,2021-09-21,2022-06-07,36.35,42.6925,43.111,85.1438,84.3172,33.86,49.38,-26.3872,7.3538,29152200
2022-06-08,180,2021-09-22,2022-06-08,35.89,42.6691,43.093,84.1124,83.285,33.86,49.38,-27.3188,5.9953,33590600
2022-06-09,180,2021-09-23,2022-06-09,34.51,42.628,43.0617,80.9561,80.1408,33.86,49.38,-30.1134,1.9197,49419000
2022-06-10,180,2021-09-24,2022-06-10,33.17,42.5659,43.0144,77.9262,77.1137,33.17,49.38,-32.8271,0.0,49318200
2022-06-13,180,2021-09-27,2022-06-13,32.02,42.4906,42.9582,75.3579,74.5376,32.02,49.38,-35.1559,0.0,61216600
2022-06-14,180,2021-09-28,2022-06-14,31.46,42.4038,42.8926,74.1915,73.346,31.46,49.38,-36.29,0.0,49349800
2022-06-15,180,2021-09-29,2022-06-15,32.05,42.3237,42.8309,75.7259,74.8292,31.46,49.38,-35.0952,1.8754,51540100
2022-06-16,180,2021-09-30,2022-06-16,31.85,42.2425,42.7686,75.3981,74.4706,31.46,49.38,-35.5002,1.2397,61363400
2022-06-17,180,2021-10-01,2022-06-17,31.92,42.1656,42.7101,75.7016,74.7365,31.46,49.38,-35.3584,1.4622,80470300
2022-06-21,180,2021-10-04,2022-06-21,32.85,42.0943,42.6532,78.0391,77.0165,31.46,49.38,-33.4751,4.4183,53537200
2022-06-22,180,2021-10-05,2022-06-22,32.6,42.0196,42.5936,77.5829,76.5374,31.46,49.38,-33.9814,3.6236,38305600
2022-06-23,180,2021-10-06,2022-06-23,32.08,41.9358,42.5261,76.4979,75.436,31.46,49.38,-35.0344,1.9708,44091500
2022-06-24,180,2021-10-07,2022-06-24,32.31,41.8544,42.4598,77.1961,76.0954,31.46,49.38,-34.5687,2.7019,79504700
2022-06-27,180,2021-10-08,2022-06-27,32.35,41.7743,42.3944,77.4399,76.3072,31.46,49.38,-34.4877,2.829,47900300
2022-06-28,180,2021-10-11,2022-06-28,32.26,41.6926,42.3273,77.3758,76.2155,31.46,49.38,-34.6699,2.5429,49863800
2022-06-29,180,2021-10-12,2022-06-29,31.86,41.6102,42.2611,76.5677,75.3885,31.46,49.38,-35.48,1.2715,35149700
2022-06-30,180,2021-10-13,2022-06-30,31.13,41.5224,42.1922,74.9717,73.7815,31.13,49.38,-36.9583,0.0,46312300
2022-07-01,180,2021-10-14,2022-07-01,31.56,41.441,42.1278,76.1564,74.9148,31.13,49.38,-36.0875,1.3813,40236100
2022-07-05,180,2021-10-15,2022-07-05,31.24,41.3475,42.051,75.5547,74.2907,31.13,49.38,-36.7355,0.3534,47411800
2022-07-06,180,2021-10-18,2022-07-06,30.98,41.246,41.9655,75.1102,73.8225,30.98,49.38,-37.2621,0.0,35933700
2022-07-07,180,2021-10-19,2022-07-07,31.86,41.1538,41.8854,77.4169,76.0647,30.98,49.38,-35.48,2.8405,40137900
2022-07-08,180,2021-10-20,2022-07-08,31.79,41.0605,41.8038,77.4224,76.0458,30.98,49.38,-35.6217,2.6146,31153800
2022-07-11,180,2021-10-21,2022-07-11,31.46,40.9619,41.7169,76.8031,75.413,30.98,49.38,-36.29,1.5494,29311900
2022-07-12,180,2021-10-22,2022-07-12,31.36,40.8639,41.631,76.7425,75.3285,30.98,49.38,-36.4925,1.2266,39527000
2022-07-13,180,2021-10-25,2022-07-13,30.84,40.7584,41.5381,75.6653,74.2452,30.84,49.38,-37.5456,0.0,44153700
2022-07-14,180,2021-10-26,2022-07-14,30.13,40.6467,41.4415,74.1266,72.7049,30.13,49.38,-38.9834,0.0,51707800
2022-07-15,180,2021-10-27,2022-07-15,32.25,40.5537,41.3542,79.5243,77.9848,30.13,49.38,-34.6902,7.0362,77801700
2022-07-18,180,2021-10-28,2022-07-18,32.26,40.4649,41.2721,79.7235,78.1642,30.13,49.38,-34.6699,7.0694,56382900
2022-07-19,180,2021-10-29,2022-07-19,33.35,40.3827,41.1919,82.585,80.9624,30.13,49.38,-32.4625,10.687,46874900
2022-07-20,180,2021-11-01,2022-07-20,33.36,40.3009,41.1118,82.7774,81.1445,30.13,49.38,-32.4423,10.7202,35514900
2022-07-21,180,2021-11-02,2022-07-21,33.65,40.2214,41.0329,83.6618,82.0073,30.13,49.38,-31.855,11.6827,31244000
2022-07-22,180,2021-11-03,2022-07-22,33.43,40.1405,40.9527,83.2825,81.6308,30.13,49.38,-32.3005,10.9525,27115400
2022-07-25,180,2021-11-04,2022-07-25,33.73,40.0603,40.8713,84.1981,82.5273,30.13,49.38,-31.693,11.9482,30381000
2022-07-26,180,2021-11-05,2022-07-26,33.05,39.9791,40.792,82.6682,81.0208,30.13,49.38,-33.0701,9.6913,30645700
2022-07-27,180,2021-11-08,2022-07-27,33.59,39.9039,40.7177,84.1772,82.4949,30.13,49.38,-31.9765,11.4836,30344800
2022-07-28,180,2021-11-09,2022-07-28,33.32,39.8254,40.6398,83.6651,81.9886,30.13,49.38,-32.5233,10.5875,40176500
2022-07-29,180,2021-11-10,2022-07-29,33.81,39.7529,40.5672,85.0504,83.3433,30.13,49.38,-31.531,12.2137,48152500
2022-08-01,180,2021-11-11,2022-08-01,33.71,39.6785,40.4921,84.9578,83.2509,30.13,49.38,-31.7335,11.8818,32336700
2022-08-02,180,2021-11-12,2022-08-02,33.04,39.5981,40.4118,83.4383,81.7583,30.13,49.38,-33.0903,9.6582,37884100
2022-08-03,180,2021-11-15,2022-08-03,33.64,39.525,40.3381,85.1107,83.3952,30.13,49.38,-31.8753,11.6495,30065800
2022-08-04,180,2021-11-16,2022-08-04,33.4,39.4498,40.2622,84.6647,82.9562,30.13,49.38,-32.3613,10.853,28404500
2022-08-05,180,2021-11-17,2022-08-05,33.96,39.3789,40.1893,86.239,84.5,30.13,49.38,-31.2272,12.7116,35874500
2022-08-08,180,2021-11-18,2022-08-08,33.49,39.3071,40.117,85.201,83.4808,30.13,49.38,-32.179,11.1517,33454300
2022-08-09,180,2021-11-19,2022-08-09,33.92,39.2394,40.0481,86.4437,84.6981,30.13,49.38,-31.3082,12.5788,40196900
2022-08-10,180,2021-11-22,2022-08-10,35.07,39.184,39.9907,89.5008,87.6953,30.13,49.38,-28.9793,16.3956,61415800
2022-08-11,180,2021-11-23,2022-08-11,35.91,39.1309,39.9331,91.769,89.9254,30.13,49.38,-27.2783,19.1835,50420800
2022-08-12,180,2021-11-24,2022-08-12,36.3,39.0757,39.8709,92.8967,91.0439,30.13,49.38,-26.4885,20.4779,31821700
2022-08-15,180,2021-11-26,2022-08-15,36.25,39.0198,39.8077,92.9014,91.0629,30.13,49.38,-26.5897,20.312,24908000
2022-08-16,180,2021-11-29,2022-08-16,36.64,38.9739,39.757,94.0117,92.1599,30.13,49.38,-25.7999,21.6064,31870200
2022-08-17,180,2021-11-30,2022-08-17,36.41,38.9273,39.706,93.5334,91.699,30.13,49.38,-26.2657,20.843,27125600
2022-08-18,180,2021-12-01,2022-08-18,36.28,38.8846,39.6605,93.3017,91.4764,30.13,49.38,-26.529,20.4116,23138300
2022-08-19,180,2021-12-02,2022-08-19,35.48,38.8395,39.6141,91.3503,89.5642,30.13,49.38,-28.149,17.7564,36485400
2022-08-22,180,2021-12-03,2022-08-22,34.72,38.7849,39.5576,89.5194,87.7708,30.13,49.38,-29.6881,15.234,31210300
2022-08-23,180,2021-12-06,2022-08-23,34.41,38.7326,39.505,88.8399,87.1029,30.13,49.38,-30.3159,14.2051,26588000
2022-08-24,180,2021-12-07,2022-08-24,34.52,38.68,39.4515,89.2451,87.4998,30.13,49.38,-30.0932,14.5702,31389400
2022-08-25,180,2021-12-08,2022-08-25,35.14,38.6294,39.3983,90.9669,89.1916,30.13,49.38,-28.8376,16.6279,40576700
2022-08-26,180,2021-12-09,2022-08-26,34.03,38.5736,39.3421,88.2209,86.4978,30.13,49.38,-31.0855,12.9439,36152600
2022-08-29,180,2021-12-10,2022-08-29,33.9,38.5157,39.2832,88.0161,86.2964,30.13,49.38,-31.3487,12.5125,34931000
2022-08-30,180,2021-12-13,2022-08-30,34.09,38.4591,39.2253,88.6396,86.9082,30.13,49.38,-30.964,13.1431,48194900
2022-08-31,180,2021-12-14,2022-08-31,33.61,38.4033,39.1699,87.5186,85.8057,30.13,49.38,-31.936,11.55,44917600
2022-09-01,180,2021-12-15,2022-09-01,33.47,38.3442,39.1107,87.2882,85.5777,30.13,49.38,-32.2195,11.0853,32848900
2022-09-02,180,2021-12-16,2022-09-02,33.43,38.2859,39.0523,87.3168,85.6032,30.13,49.38,-32.3005,10.9525,44000800
2022-09-06,180,2021-12-17,2022-09-06,33.06,38.2206,38.9859,86.4978,84.7998,30.13,49.38,-33.0498,9.7245,40762400
2022-09-07,180,2021-12-20,2022-09-07,33.57,38.1639,38.9287,87.9627,86.2347,30.13,49.38,-32.017,11.4172,40742600
2022-09-08,180,2021-12-21,2022-09-08,34.65,38.1179,38.8814,90.9021,89.1172,30.13,49.38,-29.8299,15.0017,44361800
2022-09-09,180,2021-12-22,2022-09-09,34.94,38.0696,38.83,91.7792,89.982,30.13,49.38,-29.2426,15.9642,37295100
2022-09-12,180,2021-12-23,2022-09-12,35.27,38.0232,38.7799,92.7591,90.9491,30.13,49.38,-28.5743,17.0594,30534000
2022-09-13,180,2021-12-27,2022-09-13,34.0,37.9679,38.7221,89.5494,87.8053,30.13,49.38,-31.1462,12.8443,40959600
2022-09-14,180,2021-12-28,2022-09-14,33.87,37.9109,38.6622,89.341,87.6049,30.13,49.38,-31.4095,12.4129,32004400
2022-09-15,180,2021-12-29,2022-09-15,34.51,37.8583,38.6056,91.1558,89.3911,30.13,49.38,-30.1134,14.537,44863300
2022-09-16,180,2021-12-30,2022-09-16,34.12,37.8034,38.5472,90.2565,88.5148,30.13,49.38,-30.9032,13.2426,54281800
2022-09-19,180,2021-12-31,2022-09-19,34.69,37.7529,38.4926,91.887,90.1213,30.13,49.38,-29.7489,15.1344,29782000
2022-09-20,180,2022-01-03,2022-09-20,34.17,37.6992,38.4352,90.6385,88.9028,30.13,49.38,-30.8019,13.4086,33591100
2022-09-21,180,2022-01-04,2022-09-21,33.15,37.6321,38.3628,88.0897,86.4118,30.13,49.38,-32.8676,10.0232,51667800
2022-09-22,180,2022-01-05,2022-09-22,32.5,37.5541,38.2768,86.5417,84.9079,30.13,49.38,-34.1839,7.8659,47527500
2022-09-23,180,2022-01-06,2022-09-23,31.73,37.4734,38.1909,84.6733,83.0825,30.13,49.38,-35.7432,5.3103,55316100
2022-09-26,180,2022-01-07,2022-09-26,31.03,37.3843,38.0959,83.0027,81.4522,30.13,49.38,-37.1608,2.9871,40360200
2022-09-27,180,2022-01-10,2022-09-27,30.57,37.2885,37.9926,81.9824,80.4631,30.13,49.38,-38.0923,1.4603,43396600
2022-09-28,180,2022-01-11,2022-09-28,31.07,37.1979,37.8933,83.5261,81.9933,30.13,49.38,-37.0798,3.1198,38372900
2022-09-29,180,2022-01-12,2022-09-29,30.66,37.1037,37.7903,82.6333,81.132,30.13,49.38,-37.9101,1.759,35220900
2022-09-30,180,2022-01-13,2022-09-30,30.2,37.0072,37.6866,81.6057,80.1346,30.13,49.38,-38.8416,0.2323,42294100
2022-10-03,180,2022-01-14,2022-10-03,31.09,36.9187,37.5884,84.212,82.7116,30.13,49.38,-37.0393,3.1862,34591700
2022-10-04,180,2022-01-18,2022-10-04,32.38,36.8431,37.5022,87.8862,86.3417,30.13,49.38,-34.4269,7.4676,39758700
2022-10-05,180,2022-01-19,2022-10-05,31.92,36.77,37.4225,86.8099,85.2963,30.13,49.38,-35.3584,5.9409,35791100
2022-10-06,180,2022-01-20,2022-10-06,31.46,36.6931,37.3393,85.7381,84.2544,30.13,49.38,-36.29,4.4142,40891900
2022-10-07,180,2022-01-21,2022-10-07,30.75,36.6136,37.2559,83.9853,82.5372,30.13,49.38,-37.7278,2.0578,52304600
2022-10-10,180,2022-01-24,2022-10-10,30.66,36.5366,37.1767,83.9158,82.471,30.13,49.38,-37.9101,1.759,37669100
2022-10-11,180,2022-01-25,2022-10-11,29.77,36.4541,37.0946,81.6642,80.2542,29.77,49.38,-39.7124,0.0,58124000
2022-10-12,180,2022-01-26,2022-10-12,29.86,36.3696,37.0081,82.1015,80.685,29.77,49.38,-39.5302,0.3023,36137900
2022-10-13,180,2022-01-27,2022-10-13,31.69,36.298,36.9292,87.3052,85.8129,29.77,49.38,-35.8242,6.4494,67671000
2022-10-14,180,2022-01-28,2022-10-14,31.7,36.2282,36.8527,87.501,86.0182,29.77,49.38,-35.804,6.483,58108500
2022-10-17,180,2022-01-31,2022-10-17,33.62,36.1703,36.7846,92.9491,91.3969,29.77,49.38,-31.9158,12.9325,88896800
2022-10-18,180,2022-02-01,2022-10-18,34.88,36.1196,36.7221,96.5682,94.9838,29.77,49.38,-29.3641,17.1649,81937900
2022-10-19,180,2022-02-02,2022-10-19,33.92,36.0604,36.6497,94.0644,92.5519,29.77,49.38,-31.3082,13.9402,43139900
2022-10-20,180,2022-02-03,2022-10-20,33.7,36.0002,36.5764,93.6106,92.1358,29.77,49.38,-31.7537,13.2012,39549100
2022-10-21,180,2022-02-04,2022-10-21,34.95,35.9493,36.5127,97.2202,95.7202,29.77,49.38,-29.2224,17.4001,54870300
2022-10-24,180,2022-02-07,2022-10-24,35.07,35.8934,36.4393,97.706,96.2423,29.77,49.38,-28.9793,17.8032,33765600
2022-10-25,180,2022-02-08,2022-10-25,35.39,35.8388,36.3664,98.7478,97.3151,29.77,49.38,-28.3313,18.8781,37132300
2022-10-26,180,2022-02-09,2022-10-26,35.7,35.7835,36.2904,99.7667,98.3732,29.77,49.28,-27.5568,19.9194,41104600
2022-10-27,180,2022-02-10,2022-10-27,35.87,35.7296,36.2159,100.3929,99.0449,29.77,49.05,-26.8705,20.4904,35261900
2022-10-28,180,2022-02-11,2022-10-28,36.18,35.6782,36.1444,101.4063,100.0985,29.77,47.92,-24.4992,21.5317,31659100
2022-10-31,180,2022-02-14,2022-10-31,36.04,35.6297,36.0784,101.1517,99.8936,29.77,47.79,-24.5867,21.0615,32565500
2022-11-01,180,2022-02-15,2022-11-01,36.2,35.5836,36.0161,101.7322,100.5107,29.77,47.79,-24.2519,21.5989,29913200
2022-11-02,180,2022-02-16,2022-11-02,36.09,35.536,35.9511,101.5591,100.3865,29.77,47.68,-24.3079,21.2294,57380600
2022-11-03,180,2022-02-17,2022-11-03,35.89,35.4877,35.8856,101.1336,100.0124,29.77,46.07,-22.0968,20.5576,30046500
2022-11-04,180,2022-02-18,2022-11-04,36.79,35.4494,35.834,103.7816,102.6679,29.77,45.96,-19.9521,23.5808,39369400
2022-11-07,180,2022-02-22,2022-11-07,37.01,35.4127,35.7843,104.5104,103.4253,29.77,45.56,-18.7665,24.3198,37533700
2022-11-08,180,2022-02-23,2022-11-08,37.11,35.378,35.7373,104.8958,103.841,29.77,45.02,-17.57,24.6557,32664300
2022-11-09,180,2022-02-24,2022-11-09,36.52,35.3429,35.6914,103.3306,102.3214,29.77,45.02,-18.8805,22.6738,30164400
2022-11-10,180,2022-02-25,2022-11-10,38.13,35.32,35.6611,107.9557,106.9234,29.77,45.02,-15.3043,28.082,45702800
2022-11-11,180,2022-02-28,2022-11-11,38.41,35.2936,35.6243,108.83,107.8196,29.77,44.2,-13.0995,29.0225,35688700
2022-11-14,180,2022-03-01,2022-11-14,37.76,35.2669,35.5886,107.0693,106.1015,29.77,44.18,-14.5315,26.8391,35541400
2022-11-15,180,2022-03-02,2022-11-15,37.7,35.2463,35.5621,106.9615,106.0119,29.77,44.18,-14.6673,26.6376,46082800
2022-11-16,180,2022-03-03,2022-11-16,37.36,35.2215,35.5298,106.0715,105.1511,29.77,44.18,-15.4368,25.4955,23813000
2022-11-17,180,2022-03-04,2022-11-17,37.17,35.1983,35.5003,105.6016,104.7034,29.77,44.18,-15.8669,24.8572,23689700
2022-11-18,180,2022-03-07,2022-11-18,37.19,35.1813,35.4794,105.7095,104.8214,29.77,44.18,-15.8216,24.9244,32041800
2022-11-21,180,2022-03-08,2022-11-21,37.31,35.1764,35.4737,106.0655,105.1766,29.77,44.18,-15.55,25.3275,27935700
2022-11-22,180,2022-03-09,2022-11-22,37.49,35.1712,35.4676,106.5931,105.7022,29.77,44.18,-15.1426,25.9322,23499300
2022-11-23,180,2022-03-10,2022-11-23,37.61,35.1559,35.4485,106.9807,106.0976,29.77,44.18,-14.871,26.3352,18934700
2022-11-25,180,2022-03-11,2022-11-25,37.7,35.1426,35.432,107.2772,106.401,29.77,44.18,-14.6673,26.6376,16118500
2022-11-28,180,2022-03-14,2022-11-28,36.86,35.1266,35.4127,104.9348,104.0869,29.77,44.18,-16.5686,23.8159,35428300
2022-11-29,180,2022-03-15,2022-11-29,37.0,35.1077,35.3894,105.39,104.5511,29.77,44.18,-16.2517,24.2862,27048800
2022-11-30,180,2022-03-16,2022-11-30,37.85,35.0918,35.3691,107.8599,107.0143,29.77,44.18,-14.3278,27.1414,51747900
2022-12-01,180,2022-03-17,2022-12-01,36.55,35.0645,35.3344,104.2365,103.4403,29.77,44.18,-17.2703,22.7746,46213200
2022-12-02,180,2022-03-18,2022-12-02,36.08,35.0339,35.2958,102.9859,102.2219,29.77,44.18,-18.3341,21.1958,42295300
2022-12-05,180,2022-03-21,2022-12-05,34.47,34.9951,35.2489,98.4995,97.7902,29.77,44.18,-21.9783,15.7877,71386600
2022-12-06,180,2022-03-22,2022-12-06,33.0,34.9478,35.1943,94.4265,93.7652,29.77,44.18,-25.3056,10.8498,84085700
2022-12-07,180,2022-03-23,2022-12-07,32.74,34.8942,35.1307,93.8264,93.1948,29.77,43.73,-25.1315,9.9765,49234100
2022-12-08,180,2022-03-24,2022-12-08,32.44,34.8428,35.0716,93.104,92.4966,29.77,43.73,-25.8175,8.9688,45491100
2022-12-09,180,2022-03-25,2022-12-09,32.38,34.7912,35.0122,93.0696,92.4821,29.77,43.73,-25.9547,8.7672,36985500
2022-12-12,180,2022-03-28,2022-12-12,32.73,34.7395,34.9511,94.2154,93.6452,29.77,43.55,-24.845,9.9429,41060500
2022-12-13,180,2022-03-29,2022-12-13,32.75,34.6889,34.8911,94.4107,93.8636,29.77,43.44,-24.6087,10.0101,54804800
2022-12-14,180,2022-03-30,2022-12-14,32.28,34.6357,34.8291,93.1986,92.6812,29.77,43.0,-24.9302,8.4313,48819500
2022-12-15,180,2022-03-31,2022-12-15,31.77,34.581,34.7667,91.8712,91.3806,29.77,41.22,-22.9258,6.7182,49027600
2022-12-16,180,2022-04-01,2022-12-16,31.7,34.5327,34.7138,91.7971,91.3182,29.77,40.9,-22.4939,6.483,61795200
2022-12-19,180,2022-04-04,2022-12-19,32.06,34.4881,34.6647,92.9596,92.4861,29.77,40.83,-21.4793,7.6923,38374100
2022-12-20,180,2022-04-05,2022-12-20,32.19,34.4447,34.6167,93.4541,92.9899,29.77,40.14,-19.8057,8.129,35561100
2022-12-21,180,2022-04-06,2022-12-21,32.68,34.4073,34.5752,94.98,94.5186,29.77,39.7,-17.6826,9.7749,32544000
2022-12-22,180,2022-04-07,2022-12-22,32.39,34.3699,34.5346,94.2394,93.79,29.77,39.67,-18.3514,8.8008,30234400
2022-12-23,180,2022-04-08,2022-12-23,32.47,34.3344,34.4962,94.5698,94.1264,29.77,39.67,-18.1497,9.0695,21378600
2022-12-27,180,2022-04-11,2022-12-27,32.53,34.2982,34.4565,94.8445,94.4089,29.77,39.66,-17.9778,9.2711,22776100
2022-12-28,180,2022-04-12,2022-12-28,32.77,34.2639,34.4186,95.64,95.2101,29.77,39.66,-17.3727,10.0773,30541000
2022-12-29,180,2022-04-13,2022-12-29,33.14,34.2337,34.3851,96.8053,96.3789,29.77,39.66,-16.4397,11.3201,22252900
2022-12-30,180,2022-04-14,2022-12-30,33.12,34.2048,34.3534,96.8285,96.4095,29.77,39.66,-16.4902,11.2529,28198900
2023-01-03,180,2022-04-18,2023-01-03,33.51,34.1839,34.3309,98.0287,97.6089,29.77,39.66,-15.5068,12.563,35221500
2023-01-04,180,2022-04-19,2023-01-04,34.14,34.1608,34.3047,99.939,99.5198,29.77,39.66,-13.9183,14.6792,41998500
2023-01-05,180,2022-04-20,2023-01-05,34.07,34.1344,34.2742,99.8113,99.4043,29.77,39.66,-14.0948,14.4441,34177000
2023-01-06,180,2022-04-21,2023-01-06,34.41,34.1095,34.245,100.881,100.4818,29.77,38.91,-11.5652,15.5862,34068700
2023-01-09,180,2022-04-22,2023-01-09,33.89,34.0849,34.2171,99.4281,99.044,29.77,38.62,-12.2475,13.8394,43818800
2023-01-10,180,2022-04-25,2023-01-10,34.12,34.0676,34.198,100.1538,99.7719,29.77,38.62,-11.652,14.612,35096000
2023-01-11,180,2022-04-26,2023-01-11,34.38,34.053,34.1818,100.9603,100.5797,29.77,38.62,-10.9788,15.4854,36783700
2023-01-12,180,2022-04-27,2023-01-12,34.47,34.0428,34.1708,101.2548,100.8755,29.77,38.62,-10.7457,15.7877,44230400
2023-01-13,180,2022-04-28,2023-01-13,35.23,34.0377,34.1652,103.5029,103.1167,29.77,38.62,-8.7778,18.3406,89667800
2023-01-17,180,2022-04-29,2023-01-17,34.52,34.0261,34.1524,101.4516,101.0762,29.77,38.62,-10.6163,15.9557,56458400
2023-01-18,180,2022-05-02,2023-01-18,33.72,34.0156,34.1416,99.1309,98.7653,29.77,38.62,-12.6877,13.2684,54517800
2023-01-19,180,2022-05-03,2023-01-19,33.23,34.0,34.1254,97.7352,97.3762,29.77,38.62,-13.9565,11.6224,42707100
2023-01-20,180,2022-05-04,2023-01-20,33.85,33.9833,34.1072,99.6078,99.246,29.77,38.62,-12.3511,13.7051,45004400
2023-01-23,180,2022-05-05,2023-01-23,34.32,33.9625,34.0833,101.0527,100.6945,29.77,38.41,-10.6483,15.2838,33683300
2023-01-24,180,2022-05-06,2023-01-24,34.57,33.9478,34.0668,101.8327,101.4772,29.77,38.41,-9.9974,16.1236,26716700
2023-01-25,180,2022-05-09,2023-01-25,34.87,33.9352,34.0524,102.7547,102.4009,29.77,38.41,-9.2164,17.1313,28859700
2023-01-26,180,2022-05-10,2023-01-26,35.34,33.9301,34.0467,104.1554,103.7985,29.77,38.41,-7.9927,18.7101,30035500
2023-01-27,180,2022-05-11,2023-01-27,35.45,33.9285,34.045,104.4844,104.1269,29.77,38.41,-7.7063,19.0796,29964900
2023-01-30,180,2022-05-12,2023-01-30,35.3,33.9271,34.0435,104.0465,103.6909,29.77,38.41,-8.0969,18.5757,27353500
2023-01-31,180,2022-05-13,2023-01-31,35.48,33.9292,34.0458,104.5706,104.2126,29.77,38.41,-7.6282,19.1804,38917400
2023-02-01,180,2022-05-16,2023-02-01,35.92,33.933,34.0499,105.8556,105.4921,29.77,38.41,-6.4827,20.6584,44438700
2023-02-02,180,2022-05-17,2023-02-02,36.13,33.9397,34.0573,106.4534,106.086,29.77,38.41,-5.936,21.3638,33729100
2023-02-03,180,2022-05-18,2023-02-03,36.43,33.9419,34.0597,107.3305,106.9592,29.77,38.41,-5.1549,22.3715,37411700
2023-02-06,180,2022-05-19,2023-02-06,36.37,33.9494,34.068,107.13,106.7571,29.77,38.41,-5.3111,22.17,29463200
2023-02-07,180,2022-05-20,2023-02-07,36.77,33.9611,34.0809,108.2708,107.8904,29.77,38.41,-4.2697,23.5136,44100200
2023-02-08,180,2022-05-23,2023-02-08,36.5,33.9748,34.0956,107.4325,107.0521,29.77,38.41,-4.9727,22.6067,28032800
2023-02-09,180,2022-05-24,2023-02-09,35.72,33.9741,34.0947,105.139,104.767,29.77,38.41,-7.0034,19.9866,35257100
2023-02-10,180,2022-05-25,2023-02-10,35.58,33.9737,34.0943,104.728,104.3575,29.77,38.41,-7.3679,19.5163,32898900
2023-02-13,180,2022-05-26,2023-02-13,35.65,33.9728,34.0933,104.937,104.5661,29.77,38.41,-7.1856,19.7514,29163900
2023-02-14,180,2022-05-27,2023-02-14,35.62,33.9676,34.0874,104.8646,104.496,29.77,38.41,-7.2637,19.6507,33625200
2023-02-15,180,2022-05-31,2023-02-15,35.56,33.9605,34.0793,104.7098,104.3448,29.77,38.41,-7.4199,19.4491,23500100
2023-02-16,180,2022-06-01,2023-02-16,35.28,33.9511,34.0687,103.914,103.5556,29.77,38.41,-8.1489,18.5086,22681100
2023-02-17,180,2022-06-02,2023-02-17,35.35,33.9446,34.0613,104.1402,103.7834,29.77,38.41,-7.9667,18.7437,28562700
2023-02-21,180,2022-06-03,2023-02-21,34.52,33.9336,34.0492,101.728,101.3826,29.77,38.41,-10.1276,15.9557,37068900
2023-02-22,180,2022-06-06,2023-02-22,34.29,33.9238,34.0387,101.0794,100.7384,29.77,38.41,-10.7264,15.1831,38550400
2023-02-23,180,2022-06-07,2023-02-23,34.26,33.9141,34.0282,101.02,100.6813,29.77,38.41,-10.8045,15.0823,28488000
2023-02-24,180,2022-06-08,2023-02-24,34.21,33.9031,34.0163,100.9053,100.5695,29.77,38.41,-10.9347,14.9143,27046600
2023-02-27,180,2022-06-09,2023-02-27,34.21,33.8943,34.0069,100.9313,100.5971,29.77,38.41,-10.9347,14.9143,30137500
2023-02-28,180,2022-06-10,2023-02-28,34.3,33.8932,34.0058,101.2002,100.8652,29.77,38.41,-10.7003,15.2167,32620600
2023-03-01,180,2022-06-13,2023-03-01,34.14,33.8987,34.0112,100.7119,100.3788,29.77,38.41,-11.1169,14.6792,29281600
2023-03-02,180,2022-06-14,2023-03-02,33.49,33.9074,34.0193,98.7689,98.444,29.77,38.41,-12.8092,12.4958,44607200
2023-03-03,180,2022-06-15,2023-03-03,34.16,33.9235,34.0343,100.6972,100.3692,29.77,38.41,-11.0648,14.7464,39109100
2023-03-06,180,2022-06-16,2023-03-06,34.09,33.9354,34.0457,100.4555,100.1302,29.77,38.41,-11.2471,14.5113,36646700
2023-03-07,180,2022-06-17,2023-03-07,33.0,33.9424,34.0521,97.2235,96.9104,29.77,38.41,-14.0849,10.8498,52855300
2023-03-08,180,2022-06-21,2023-03-08,32.56,33.9464,34.0556,95.916,95.6083,29.77,38.41,-15.2304,9.3719,40045600
2023-03-09,180,2022-06-22,2023-03-09,30.54,33.9316,34.0428,90.0045,89.7107,29.77,38.41,-20.4895,2.5865,112457900
2023-03-10,180,2022-06-23,2023-03-10,30.27,33.9165,34.0298,89.2485,88.9514,29.77,38.41,-21.1924,1.6795,165330900
2023-03-13,180,2022-06-24,2023-03-13,28.51,33.8916,34.01,84.1211,83.8283,28.51,38.41,-25.7745,0.0,218403300
2023-03-14,180,2022-06-27,2023-03-14,28.76,33.8672,33.9903,84.9198,84.6124,28.51,38.41,-25.1237,0.8769,154255800
2023-03-15,180,2022-06-28,2023-03-15,28.49,33.8406,33.9688,84.1889,83.871,28.49,38.41,-25.8266,0.0,131104400
2023-03-16,180,2022-06-29,2023-03-16,28.97,33.8182,33.9506,85.6639,85.33,28.49,38.41,-24.5769,1.6848,108348800
2023-03-17,180,2022-06-30,2023-03-17,27.82,33.7893,33.9281,82.3338,81.9969,27.82,38.41,-27.5709,0.0,130665500
2023-03-20,180,2022-07-01,2023-03-20,27.75,33.7645,33.9093,82.187,81.8359,27.75,38.41,-27.7532,0.0,81441200
2023-03-21,180,2022-07-05,2023-03-21,28.59,33.7436,33.8928,84.7271,84.3541,27.75,38.41,-25.5663,3.027,84854800
2023-03-22,180,2022-07-06,2023-03-22,27.64,33.7173,33.8728,81.9758,81.5993,27.64,38.41,-28.0396,0.0,76925900
2023-03-23,180,2022-07-07,2023-03-23,26.97,33.687,33.8506,80.0606,79.6737,26.97,38.41,-29.7839,0.0,105335900
2023-03-24,180,2022-07-08,2023-03-24,27.14,33.6526,33.8243,80.6475,80.2381,26.97,38.41,-29.3413,0.6303,96872700
2023-03-27,180,2022-07-11,2023-03-27,28.49,33.6297,33.806,84.7168,84.275,26.97,38.41,-25.8266,5.6359,102469800
2023-03-28,180,2022-07-12,2023-03-28,28.12,33.606,33.7874,83.6755,83.2262,26.97,38.41,-26.7899,4.264,63416500
2023-03-29,180,2022-07-13,2023-03-29,28.67,33.5872,33.7725,85.3598,84.8916,26.97,38.41,-25.358,6.3033,62666400
2023-03-30,180,2022-07-14,2023-03-30,28.3,33.569,33.7584,84.3039,83.831,26.97,38.41,-26.3213,4.9314,67427100
2023-03-31,180,2022-07-15,2023-03-31,28.6,33.5579,33.7499,85.2258,84.741,26.97,38.41,-25.5402,6.0438,56482100
2023-04-03,180,2022-07-18,2023-04-03,28.59,33.5331,33.7296,85.2591,84.7625,26.97,38.41,-25.5663,6.0067,51996800
2023-04-04,180,2022-07-19,2023-04-04,27.98,33.5035,33.7058,83.5137,83.0125,26.97,38.41,-27.1544,3.7449,56233300
2023-04-05,180,2022-07-20,2023-04-05,27.64,33.4649,33.6741,82.594,82.081,26.97,38.41,-28.0396,2.4842,47799400
2023-04-06,180,2022-07-21,2023-04-06,27.84,33.428,33.6434,83.2836,82.7503,26.97,38.41,-27.5189,3.2258,41216600
2023-04-10,180,2022-07-22,2023-04-10,27.94,33.3903,33.6117,83.677,83.1259,26.97,38.41,-27.2585,3.5966,40572700
2023-04-11,180,2022-07-25,2023-04-11,28.71,33.3599,33.5854,86.0615,85.4835,26.97,38.41,-25.2538,6.4516,58761200
2023-04-12,180,2022-07-26,2023-04-12,28.48,33.3261,33.5563,85.4585,84.8723,26.97,38.41,-25.8526,5.5988,44313300
2023-04-13,180,2022-07-27,2023-04-13,28.56,33.2968,33.5313,85.774,85.1741,26.97,38.41,-25.6444,5.8954,52261400
2023-04-14,180,2022-07-28,2023-04-14,29.52,33.2715,33.5087,88.7245,88.0965,26.97,38.41,-23.145,9.455,81110800
2023-04-17,180,2022-07-29,2023-04-17,30.37,33.2536,33.4923,91.3284,90.6775,26.97,38.41,-20.932,12.6066,83704400
2023-04-18,180,2022-08-01,2023-04-18,30.56,33.2343,33.4743,91.9532,91.294,26.97,38.41,-20.4374,13.3111,114498800
2023-04-19,180,2022-08-02,2023-04-19,30.06,33.2122,33.454,90.5089,89.8547,26.97,38.41,-21.7391,11.4572,65594200
2023-04-20,180,2022-08-03,2023-04-20,29.9,33.1927,33.4366,90.0799,89.4231,26.97,38.41,-22.1557,10.8639,43193800
2023-04-21,180,2022-08-04,2023-04-21,29.87,33.1698,33.4156,90.0518,89.3894,26.97,38.41,-22.2338,10.7527,44759000
2023-04-24,180,2022-08-05,2023-04-24,29.76,33.1474,33.3954,89.7807,89.1141,26.97,38.41,-22.5202,10.3448,28020300
2023-04-25,180,2022-08-08,2023-04-25,28.84,33.1155,33.3669,87.089,86.4328,26.97,38.41,-24.9154,6.9336,49718800
2023-04-26,180,2022-08-09,2023-04-26,28.44,33.0833,33.3389,85.9649,85.3058,26.97,38.41,-25.9568,5.4505,45848400
2023-04-27,180,2022-08-10,2023-04-27,28.89,33.0521,33.3109,87.4075,86.7282,26.97,38.41,-24.7852,7.119,33060100
2023-04-28,180,2022-08-11,2023-04-28,29.28,33.0179,33.2788,88.6792,87.984,26.97,38.41,-23.7698,8.5651,45592500
2023-05-01,180,2022-08-12,2023-05-01,29.04,32.9781,33.2406,88.0586,87.363,26.97,38.41,-24.3947,7.6752,34076800
2023-05-02,180,2022-08-15,2023-05-02,28.16,32.93,33.1954,85.5147,84.8311,26.97,38.41,-26.6858,4.4123,70797700
2023-05-03,180,2022-08-16,2023-05-03,27.86,32.88,33.1488,84.7323,84.0453,26.97,38.41,-27.4668,3.3,51139500
2023-05-04,180,2022-08-17,2023-05-04,26.99,32.8215,33.0952,82.2326,81.5527,26.97,38.41,-29.7318,0.0742,82173800
2023-05-05,180,2022-08-18,2023-05-05,27.71,32.77,33.0468,84.559,83.8507,26.97,38.41,-27.8573,2.7438,50087100
2023-05-08,180,2022-08-19,2023-05-08,27.69,32.7191,32.9991,84.6295,83.9114,26.97,38.41,-27.9094,2.6696,34245500
2023-05-09,180,2022-08-22,2023-05-09,27.66,32.6718,32.9557,84.6603,83.9309,26.97,38.41,-27.9875,2.5584,32188800
2023-05-10,180,2022-08-23,2023-05-10,27.32,32.6256,32.9146,83.738,83.0028,26.97,38.41,-28.8727,1.2977,44446400
2023-05-11,180,2022-08-24,2023-05-11,27.39,32.5816,32.8756,84.0659,83.3142,26.97,38.41,-28.6904,1.5573,34897300
2023-05-12,180,2022-08-25,2023-05-12,27.09,32.5348,32.8343,83.2647,82.5052,26.97,38.41,-29.4715,0.4449,38142000
2023-05-15,180,2022-08-26,2023-05-15,27.65,32.4895,32.7927,85.1044,84.3176,26.97,38.41,-28.0135,2.5213,38722800
2023-05-16,180,2022-08-29,2023-05-16,27.36,32.4476,32.7556,84.3207,83.5277,26.97,38.41,-28.7685,1.4461,33347500
2023-05-17,180,2022-08-30,2023-05-17,28.57,32.4154,32.726,88.1371,87.3006,26.97,38.41,-25.6183,5.9325,61750400
2023-05-18,180,2022-08-31,2023-05-18,28.47,32.3816,32.6948,87.9202,87.0781,26.97,38.41,-25.8787,5.5617,51146100
2023-05-19,180,2022-09-01,2023-05-19,28.11,32.3478,32.6642,86.8994,86.0575,26.97,38.41,-26.8159,4.2269,50062500
2023-05-22,180,2022-09-02,2023-05-22,28.34,32.3163,32.6357,87.6956,86.8374,26.97,38.41,-26.2171,5.0797,36473700
2023-05-23,180,2022-09-06,2023-05-23,28.58,32.2869,32.6088,88.5188,87.6451,26.97,38.41,-25.5923,5.9696,51400400
2023-05-24,180,2022-09-07,2023-05-24,28.1,32.256,32.5812,87.1155,86.246,26.97,38.41,-26.842,4.1898,50606900
2023-05-25,180,2022-09-08,2023-05-25,28.17,32.2231,32.5512,87.4219,86.5405,26.97,38.41,-26.6597,4.4494,40517800
2023-05-26,180,2022-09-09,2023-05-26,28.31,32.1858,32.516,87.958,87.0648,26.97,38.41,-26.2952,4.9685,57879100
2023-05-30,180,2022-09-12,2023-05-30,28.26,32.1469,32.4789,87.9089,87.0104,26.97,38.41,-26.4254,4.7831,41819600
2023-05-31,180,2022-09-13,2023-05-31,27.79,32.1032,32.4373,86.5647,85.6729,26.97,38.41,-27.649,3.0404,61905200
2023-06-01,180,2022-09-14,2023-06-01,27.78,32.0655,32.4028,86.6351,85.7334,26.97,38.41,-27.6751,3.0033,57426100
2023-06-02,180,2022-09-15,2023-06-02,28.71,32.0352,32.3741,89.6201,88.682,26.97,38.41,-25.2538,6.4516,66578100
2023-06-05,180,2022-09-16,2023-06-05,28.54,32.0007,32.3409,89.1855,88.2473,26.97,38.41,-25.6964,5.8213,34757800
2023-06-06,180,2022-09-19,2023-06-06,29.23,31.9728,32.3138,91.4214,90.4568,26.97,38.41,-23.9,8.3797,46297900
2023-06-07,180,2022-09-20,2023-06-07,29.48,31.9439,32.2848,92.2867,91.3122,26.97,38.41,-23.2492,9.3066,44502600
2023-06-08,180,2022-09-21,2023-06-08,29.23,31.9159,32.2574,91.5844,90.6149,26.97,38.41,-23.9,8.3797,41483100
2023-06-09,180,2022-09-22,2023-06-09,29.27,31.8933,32.2358,91.7748,90.7996,26.97,38.41,-23.7959,8.528,32692000
2023-06-12,180,2022-09-23,2023-06-12,29.13,31.8732,32.2171,91.3934,90.4178,26.97,38.41,-24.1604,8.0089,41011300
2023-06-13,180,2022-09-26,2023-06-13,29.4,31.8591,32.2042,92.2813,91.2925,26.97,38.41,-23.4574,9.01,42718800
2023-06-14,180,2022-09-27,2023-06-14,29.12,31.8472,32.1936,91.4366,90.4529,26.97,38.41,-24.1864,7.9718,38322800
2023-06-15,180,2022-09-28,2023-06-15,29.37,31.8397,32.1869,92.2434,91.2483,26.97,38.41,-23.5355,8.8988,42044900
2023-06-16,180,2022-09-29,2023-06-16,29.19,31.828,32.1764,91.7117,90.7185,26.97,38.41,-24.0042,8.2314,53050200
2023-06-20,180,2022-09-30,2023-06-20,28.87,31.8166,32.1665,90.7388,89.7518,26.97,38.41,-24.8373,7.0449,39040900
2023-06-21,180,2022-10-03,2023-06-21,28.57,31.806,32.1574,89.8258,88.8441,26.97,38.41,-25.6183,5.9325,39553400
2023-06-22,180,2022-10-04,2023-06-22,27.96,31.7858,32.1401,87.9639,86.9942,26.97,38.41,-27.2065,3.6707,50742900
2023-06-23,180,2022-10-05,2023-06-23,27.75,31.7569,32.1143,87.3827,86.41,26.97,38.41,-27.7532,2.8921,55181100
2023-06-26,180,2022-10-06,2023-06-26,28.09,31.733,32.0931,88.5199,87.5267,26.97,38.41,-26.868,4.1528,47519300
2023-06-27,180,2022-10-07,2023-06-27,28.24,31.7127,32.0752,89.0495,88.0432,26.97,38.41,-26.4775,4.7089,39081800
2023-06-28,180,2022-10-10,2023-06-28,28.07,31.6954,32.0603,88.5619,87.5538,26.97,38.41,-26.9201,4.0786,37803800
2023-06-29,180,2022-10-11,2023-06-29,28.66,31.6827,32.0492,90.4596,89.4251,26.97,38.41,-25.384,6.2662,68376400
2023-06-30,180,2022-10-12,2023-06-30,28.69,31.6756,32.0432,90.5744,89.5355,26.97,38.41,-25.3059,6.3775,50479000
2023-07-03,180,2022-10-13,2023-07-03,29.2,31.6714,32.0395,92.1968,91.1375,26.97,38.41,-23.9781,8.2685,30995800
2023-07-05,180,2022-10-14,2023-07-05,29.08,31.6556,32.025,91.8636,90.8041,26.97,38.41,-24.2905,7.8235,37492000
2023-07-06,180,2022-10-17,2023-07-06,28.28,31.6344,32.006,89.3964,88.3584,26.97,38.41,-26.3733,4.8573,52098000
2023-07-07,180,2022-10-18,2023-07-07,28.53,31.6049,31.9777,90.2708,89.2184,26.97,38.41,-25.7225,5.7842,34288000
2023-07-10,180,2022-10-19,2023-07-10,28.66,31.5704,31.9432,90.7812,89.7218,26.97,38.41,-25.384,6.2662,36086000
2023-07-11,180,2022-10-20,2023-07-11,29.02,31.5429,31.9159,92.0017,90.9263,26.97,38.41,-24.4468,7.601,40978700
2023-07-12,180,2022-10-21,2023-07-12,29.36,31.5187,31.8918,93.1512,92.0612,26.97,38.41,-23.5616,8.8617,41855500
2023-07-13,180,2022-10-24,2023-07-13,29.67,31.4906,31.8625,94.2186,93.1189,26.97,38.41,-22.7545,10.0111,39589000
2023-07-14,180,2022-10-25,2023-07-14,29.11,31.4585,31.8294,92.5347,91.4564,26.97,38.41,-24.2124,7.9348,58720300
2023-07-17,180,2022-10-26,2023-07-17,29.4,31.4268,31.7961,93.5506,92.4641,26.97,38.41,-23.4574,9.01,49477200
2023-07-18,180,2022-10-27,2023-07-18,30.7,31.4018,31.7683,97.765,96.6371,26.97,38.41,-20.0729,13.8302,98253800
2023-07-19,180,2022-10-28,2023-07-19,31.53,31.3808,31.7442,100.4754,99.3252,26.97,38.41,-17.912,16.9077,70619800
2023-07-20,180,2022-10-31,2023-07-20,31.69,31.3594,31.7193,101.0542,99.9077,26.97,38.41,-17.4954,17.5009,42128800
2023-07-21,180,2022-11-01,2023-07-21,31.98,31.3402,31.6967,102.0416,100.8937,26.97,38.41,-16.7404,18.5762,70872400
2023-07-24,180,2022-11-02,2023-07-24,32.65,31.3238,31.677,104.2339,103.0716,26.97,38.41,-14.9961,21.0604,64548600
2023-07-25,180,2022-11-03,2023-07-25,32.15,31.3053,31.6551,102.6983,101.5634,26.97,38.41,-16.2978,19.2065,51208800
2023-07-26,180,2022-11-04,2023-07-26,32.41,31.289,31.6358,103.5827,102.4473,26.97,38.41,-15.6209,20.1706,41814600
2023-07-27,180,2022-11-07,2023-07-27,31.95,31.2666,31.6089,102.1856,101.0792,26.97,38.41,-16.8185,18.465,45529500
2023-07-28,180,2022-11-08,2023-07-28,31.9,31.2431,31.5805,102.1024,101.0117,26.97,38.41,-16.9487,18.2796,33296500
2023-07-31,180,2022-11-09,2023-07-31,32.0,31.2198,31.5521,102.499,101.4195,26.97,38.41,-16.6884,18.6504,29093400
2023-08-01,180,2022-11-10,2023-08-01,31.62,31.1969,31.5249,101.3563,100.3017,26.97,38.41,-17.6777,17.2414,32712000
2023-08-02,180,2022-11-11,2023-08-02,31.19,31.1653,31.4863,100.0791,99.0589,26.97,38.41,-18.7972,15.647,38855100
2023-08-03,180,2022-11-14,2023-08-03,31.41,31.1341,31.4474,100.8863,99.8809,26.97,37.85,-17.0145,16.4627,27933400
2023-08-04,180,2022-11-15,2023-08-04,31.3,31.1047,31.4116,100.628,99.6449,26.97,37.85,-17.3052,16.0549,30768100
2023-08-07,180,2022-11-16,2023-08-07,31.88,31.0787,31.3792,102.5784,101.5959,26.97,37.85,-15.7728,18.2054,31745200
2023-08-08,180,2022-11-17,2023-08-08,31.27,31.0507,31.3454,100.7062,99.7595,26.97,37.85,-17.3844,15.9436,45951800
2023-08-09,180,2022-11-18,2023-08-09,30.86,31.0213,31.3103,99.4801,98.5617,26.97,37.85,-18.4676,14.4234,30732100
2023-08-10,180,2022-11-21,2023-08-10,30.94,30.9923,31.2756,99.8314,98.9269,26.97,37.85,-18.2563,14.7201,26062600
2023-08-11,180,2022-11-22,2023-08-11,31.29,30.9648,31.2422,101.0503,100.1531,26.97,37.85,-17.3316,16.0178,35720700
2023-08-14,180,2022-11-23,2023-08-14,30.93,30.9347,31.2057,99.9849,99.1164,26.97,37.85,-18.2827,14.683,32563700
2023-08-15,180,2022-11-25,2023-08-15,29.94,30.8985,31.1631,96.8979,96.0751,26.97,37.85,-20.8983,11.0122,43406100
2023-08-16,180,2022-11-28,2023-08-16,29.29,30.8581,31.1164,94.9182,94.1305,26.97,37.85,-22.6156,8.6022,47220400
2023-08-17,180,2022-11-29,2023-08-17,29.28,30.821,31.0743,95.0001,94.2258,26.97,37.85,-22.642,8.5651,37202200
2023-08-18,180,2022-11-30,2023-08-18,29.11,30.7824,31.0304,94.5669,93.8111,26.97,37.85,-23.0911,7.9348,31430400
2023-08-21,180,2022-12-01,2023-08-21,29.15,30.741,30.9821,94.8246,94.0866,26.97,36.77,-20.7234,8.0831,34959000
2023-08-22,180,2022-12-02,2023-08-22,28.44,30.7001,30.9371,92.6382,91.9286,26.97,36.77,-22.6543,5.4505,37564200
2023-08-23,180,2022-12-05,2023-08-23,28.45,30.6612,30.8947,92.7883,92.0871,26.97,36.77,-22.6271,5.4876,44686600
2023-08-24,180,2022-12-06,2023-08-24,28.62,30.6303,30.8622,93.437,92.7349,26.97,36.77,-22.1648,6.1179,31934800
2023-08-25,180,2022-12-07,2023-08-25,28.5,30.6053,30.8372,93.121,92.4209,26.97,36.77,-22.4912,5.673,34253200
2023-08-28,180,2022-12-08,2023-08-28,28.76,30.5834,30.8151,94.0381,93.331,26.97,36.77,-21.7841,6.637,33075200
2023-08-29,180,2022-12-09,2023-08-29,29.17,30.5654,30.7969,95.4347,94.7174,26.97,36.77,-20.669,8.1572,30428200
2023-08-30,180,2022-12-12,2023-08-30,29.04,30.547,30.7783,95.0667,94.3521,26.97,36.77,-21.0226,7.6752,33366400
2023-08-31,180,2022-12-13,2023-08-31,28.67,30.5246,30.7558,93.9243,93.2183,26.97,36.77,-22.0288,6.3033,37243000
2023-09-01,180,2022-12-14,2023-09-01,28.98,30.504,30.7348,95.0039,94.2904,26.97,36.77,-21.1857,7.4527,35228600
2023-09-05,180,2022-12-15,2023-09-05,28.65,30.4837,30.7147,93.9845,93.2779,26.97,36.77,-22.0832,6.2291,46543600
2023-09-06,180,2022-12-16,2023-09-06,28.39,30.4644,30.6959,93.1907,92.488,26.97,36.77,-22.7903,5.2651,45022600
2023-09-07,180,2022-12-19,2023-09-07,28.13,30.4438,30.6761,92.3998,91.7002,26.97,36.77,-23.4974,4.3011,35023600
2023-09-08,180,2022-12-20,2023-09-08,28.36,30.4228,30.6555,93.2194,92.512,26.97,36.77,-22.8719,5.1539,36513900
2023-09-11,180,2022-12-21,2023-09-11,28.48,30.4021,30.6349,93.6779,92.9659,26.97,36.77,-22.5456,5.5988,34168300
2023-09-12,180,2022-12-22,2023-09-12,28.97,30.3819,30.6143,95.3527,94.629,26.97,36.77,-21.2129,7.4156,42284000
2023-09-13,180,2022-12-23,2023-09-13,28.88,30.3627,30.5948,95.1167,94.3952,26.97,36.77,-21.4577,7.0819,37215700
2023-09-14,180,2022-12-27,2023-09-14,29.2,30.3451,30.5766,96.2265,95.4978,26.97,36.77,-20.5874,8.2685,44634800
2023-09-15,180,2022-12-28,2023-09-15,28.84,30.325,30.5561,95.1032,94.3837,26.97,36.77,-21.5665,6.9336,61661100
2023-09-18,180,2022-12-29,2023-09-18,28.76,30.3032,30.5338,94.9074,94.1906,26.97,36.77,-21.7841,6.637,25752300
2023-09-19,180,2022-12-30,2023-09-19,28.65,30.2791,30.5089,94.6196,93.9071,26.97,36.77,-22.0832,6.2291,34888100
2023-09-20,180,2023-01-03,2023-09-20,28.55,30.2545,30.4835,94.366,93.6572,26.97,36.77,-22.3552,5.8584,26641100
2023-09-21,180,2023-01-04,2023-09-21,28.05,30.225,30.4532,92.8039,92.1086,26.97,36.77,-23.715,4.0044,39906000
2023-09-22,180,2023-01-05,2023-09-22,27.64,30.1901,30.4171,91.5532,90.8701,26.97,36.77,-24.83,2.4842,41284400
2023-09-25,180,2023-01-06,2023-09-25,27.6,30.1553,30.3811,91.5262,90.8459,26.97,36.77,-24.9388,2.3359,32749200
2023-09-26,180,2023-01-09,2023-09-26,27.17,30.1162,30.3409,90.2171,89.5491,26.97,36.77,-26.1082,0.7416,42237400
2023-09-27,180,2023-01-10,2023-09-27,27.27,30.0802,30.3041,90.6577,89.9878,26.97,36.77,-25.8363,1.1124,38296300
2023-09-28,180,2023-01-11,2023-09-28,27.56,30.0451,30.2677,91.7286,91.0543,26.97,36.77,-25.0476,2.1876,36734300
2023-09-29,180,2023-01-12,2023-09-29,27.38,30.0079,30.2288,91.2426,90.5759,26.97,36.77,-25.5371,1.5202,40645900
2023-10-02,180,2023-01-13,2023-10-02,26.7,29.9657,30.1856,89.1018,88.4527,26.7,36.77,-27.3865,0.0,50388600
2023-10-03,180,2023-01-17,2023-10-03,25.91,29.9149,30.1338,86.6124,85.9831,25.91,36.77,-29.5349,0.0,62144500
2023-10-04,180,2023-01-18,2023-10-04,25.94,29.8673,30.0862,86.8508,86.219,25.91,36.77,-29.4534,0.1158,55696400
2023-10-05,180,2023-01-19,2023-10-05,26.06,29.8242,30.0436,87.3788,86.7406,25.91,36.77,-29.127,0.5789,49044100
2023-10-06,180,2023-01-20,2023-10-06,26.07,29.7834,30.0038,87.532,86.8889,25.91,36.77,-29.0998,0.6175,58177300
2023-10-09,180,2023-01-23,2023-10-09,26.31,29.7417,29.9619,88.4616,87.8114,25.91,36.77,-28.4471,1.5438,39953700
2023-10-10,180,2023-01-24,2023-10-10,27.01,29.703,29.9213,90.9335,90.27,25.91,36.77,-26.5434,4.2455,51960100
2023-10-11,180,2023-01-25,2023-10-11,27.02,29.6635,29.8794,91.0885,90.4302,25.91,36.77,-26.5162,4.2841,38508200
2023-10-12,180,2023-01-26,2023-10-12,26.9,29.622,29.8351,90.8109,90.1622,25.91,36.77,-26.8425,3.8209,44249800
2023-10-13,180,2023-01-27,2023-10-13,26.76,29.5778,29.7874,90.4732,89.8365,25.91,36.77,-27.2233,3.2806,55089700
2023-10-16,180,2023-01-30,2023-10-16,26.99,29.5349,29.7404,91.3834,90.7518,25.91,36.77,-26.5978,4.1683,56817500
2023-10-17,180,2023-01-31,2023-10-17,27.62,29.4968,29.6978,93.6373,93.0036,25.91,36.77,-24.8844,6.5998,95344200
2023-10-18,180,2023-02-01,2023-10-18,27.31,29.4561,29.6524,92.7143,92.1005,25.91,36.77,-25.7275,5.4033,68371100
2023-10-19,180,2023-02-02,2023-10-19,26.96,29.4116,29.6026,91.6647,91.073,25.91,36.77,-26.6794,4.0525,58611000
2023-10-20,180,2023-02-03,2023-10-20,26.31,29.362,29.5481,89.6056,89.0414,25.91,36.77,-28.4471,1.5438,62058400
2023-10-23,180,2023-02-06,2023-10-23,25.57,29.3063,29.4877,87.251,86.7141,25.57,36.77,-30.4596,0.0,59857200
2023-10-24,180,2023-02-07,2023-10-24,25.47,29.2502,29.4272,87.0763,86.5527,25.47,36.77,-30.7316,0.0,55975700
2023-10-25,180,2023-02-08,2023-10-25,25.55,29.1936,29.3648,87.5193,87.0088,25.47,36.5,-30.0,0.3141,45522400
2023-10-26,180,2023-02-09,2023-10-26,26.12,29.1421,29.3072,89.6298,89.125,25.47,35.72,-26.8757,2.552,60921000
2023-10-27,180,2023-02-10,2023-10-27,25.17,29.0868,29.2486,86.534,86.0555,25.17,35.65,-29.3969,0.0,64709300
2023-10-30,180,2023-02-13,2023-10-30,25.69,29.0361,29.1936,88.4761,87.9987,25.17,35.65,-27.9383,2.066,41891900
2023-10-31,180,2023-02-14,2023-10-31,26.34,28.9897,29.1419,90.8598,90.3854,25.17,35.62,-26.0528,4.6484,50106700
2023-11-01,180,2023-02-15,2023-11-01,26.4,28.944,29.0907,91.2106,90.7508,25.17,35.56,-25.7593,4.8868,44046300
2023-11-02,180,2023-02-16,2023-11-02,27.62,28.9064,29.0466,95.5497,95.0887,25.17,35.35,-21.867,9.7338,63278300
2023-11-03,180,2023-02-17,2023-11-03,28.42,28.8747,29.0084,98.4252,97.9715,25.17,35.35,-19.604,12.9122,62613600
2023-11-06,180,2023-02-21,2023-11-06,28.33,28.8423,28.9694,98.2239,97.7927,25.17,34.52,-17.9316,12.5546,45548000
2023-11-07,180,2023-02-22,2023-11-07,28.16,28.8121,28.9341,97.7368,97.3246,25.17,34.3,-17.9009,11.8792,33081900
2023-11-08,180,2023-02-23,2023-11-08,27.89,28.7812,28.8986,96.9034,96.51,25.17,34.3,-18.688,10.8065,31896000
2023-11-09,180,2023-02-24,2023-11-09,27.53,28.7484,28.8612,95.7617,95.3877,25.17,34.3,-19.7376,9.3762,32267900
2023-11-10,180,2023-02-27,2023-11-10,27.68,28.7168,28.8249,96.3895,96.0281,25.17,34.3,-19.3003,9.9722,32858500
2023-11-13,180,2023-02-28,2023-11-13,27.7,28.6854,28.7887,96.5649,96.2182,25.17,34.3,-19.242,10.0517,28521800
2023-11-14,180,2023-03-01,2023-11-14,29.22,28.6622,28.7605,101.946,101.5977,25.17,34.16,-14.4614,16.0906,66676300
2023-11-15,180,2023-03-02,2023-11-15,29.62,28.6418,28.7354,103.4152,103.0785,25.17,34.16,-13.2904,17.6798,46968900
2023-11-16,180,2023-03-03,2023-11-16,29.54,28.6236,28.7134,103.2014,102.8786,25.17,34.16,-13.5246,17.3619,36952800
2023-11-17,180,2023-03-06,2023-11-17,29.98,28.6051,28.6902,104.8065,104.4955,25.17,34.09,-12.0563,19.1101,38493300
2023-11-20,180,2023-03-07,2023-11-20,30.01,28.587,28.6676,104.9779,104.6828,25.17,33.0,-9.0606,19.2292,46783400
2023-11-21,180,2023-03-08,2023-11-21,29.66,28.5715,28.649,103.8098,103.5289,25.17,32.65,-9.1577,17.8387,41611900
2023-11-22,180,2023-03-09,2023-11-22,29.63,28.5577,28.6327,103.7548,103.483,25.17,32.65,-9.2496,17.7195,41422700
2023-11-24,180,2023-03-10,2023-11-24,29.73,28.5537,28.6282,104.1197,103.8486,25.17,32.65,-8.9433,18.1168,15815600
2023-11-27,180,2023-03-13,2023-11-27,29.56,28.5501,28.6243,103.5374,103.269,25.17,32.65,-9.464,17.4414,42039500
2023-11-28,180,2023-03-14,2023-11-28,29.53,28.5556,28.6299,103.4124,103.1438,25.17,32.65,-9.5559,17.3222,29705800
2023-11-29,180,2023-03-15,2023-11-29,30.31,28.5636,28.6386,106.114,105.8363,25.17,32.65,-7.1669,20.4211,57954900
2023-11-30,180,2023-03-16,2023-11-30,30.49,28.5741,28.6497,106.7052,106.4236,25.17,32.65,-6.6156,21.1363,52547700
2023-12-01,180,2023-03-17,2023-12-01,30.96,28.5841,28.6607,108.3118,108.0224,25.17,32.65,-5.1761,23.0036,46133300
2023-12-04,180,2023-03-20,2023-12-04,30.82,28.6,28.6774,107.7622,107.4714,25.17,32.65,-5.6049,22.4474,37811300
2023-12-05,180,2023-03-21,2023-12-05,30.58,28.6152,28.6931,106.8663,106.5761,25.17,32.65,-6.34,21.4938,45723100
2023-12-06,180,2023-03-22,2023-12-06,30.53,28.6253,28.7039,106.6539,106.3619,25.17,32.65,-6.4931,21.2952,49803100
2023-12-07,180,2023-03-23,2023-12-07,30.66,28.6415,28.7207,107.0474,106.7524,25.17,32.65,-6.095,21.8117,32699600
2023-12-08,180,2023-03-24,2023-12-08,30.96,28.6633,28.7428,108.0126,107.7138,25.17,32.65,-5.1761,23.0036,34794300
2023-12-11,180,2023-03-27,2023-12-11,30.85,28.6836,28.7634,107.5529,107.2542,25.17,32.65,-5.513,22.5665,32254000
2023-12-12,180,2023-03-28,2023-12-12,30.74,28.6953,28.7759,107.1255,106.8253,25.17,32.65,-5.8499,22.1295,34566700
2023-12-13,180,2023-03-29,2023-12-13,32.04,28.7152,28.7977,111.5784,111.2588,25.17,32.65,-1.8683,27.2944,60311100
2023-12-14,180,2023-03-30,2023-12-14,33.94,28.7401,28.827,118.093,117.7368,25.17,33.94,0.0,34.8431,107190000
2023-12-15,180,2023-03-31,2023-12-15,33.6,28.7657,28.8564,116.8059,116.4385,25.17,33.94,-1.0018,33.4922,83771800
2023-12-18,180,2023-04-03,2023-12-18,33.43,28.7889,28.8833,116.1211,115.7417,25.17,33.94,-1.5026,32.8168,40694700
2023-12-19,180,2023-04-04,2023-12-19,33.51,28.8126,28.9106,116.3034,115.909,25.17,33.94,-1.2669,33.1347,44534800
2023-12-20,180,2023-04-05,2023-12-20,32.98,28.8376,28.9384,114.3647,113.9663,25.17,33.94,-2.8285,31.029,44711400
2023-12-21,180,2023-04-06,2023-12-21,33.2,28.8656,28.9693,115.0158,114.6042,25.17,33.94,-2.1803,31.9031,32325700
2023-12-22,180,2023-04-10,2023-12-22,33.43,28.8934,29.0003,115.701,115.2745,25.17,33.94,-1.5026,32.8168,37265900
2023-12-26,180,2023-04-11,2023-12-26,33.86,28.9225,29.0332,117.0716,116.625,25.17,33.94,-0.2357,34.5252,24845400
2023-12-27,180,2023-04-12,2023-12-27,33.84,28.947,29.0617,116.9031,116.4418,25.17,33.94,-0.2946,34.4458,24498600
2023-12-28,180,2023-04-13,2023-12-28,33.88,28.9731,29.0917,116.936,116.4592,25.17,33.94,-0.1768,34.6047,21799600
2023-12-29,180,2023-04-14,2023-12-29,33.67,28.9979,29.1201,116.1118,115.6246,25.17,33.94,-0.7955,33.7704,28060700
2024-01-02,180,2023-04-17,2024-01-02,33.9,29.0184,29.1444,116.8225,116.3172,25.17,33.94,-0.1178,34.6842,36668600
2024-01-03,180,2023-04-18,2024-01-03,33.53,29.0329,29.162,115.4896,114.9784,25.17,33.94,-1.208,33.2141,45988700
2024-01-04,180,2023-04-19,2024-01-04,33.8,29.0476,29.18,116.3607,115.8328,25.17,33.94,-0.4125,34.2868,39834600
2024-01-05,180,2023-04-20,2024-01-05,34.43,29.0674,29.2043,118.4488,117.8937,25.17,34.43,0.0,36.7898,49242400
2024-01-08,180,2023-04-21,2024-01-08,34.16,29.087,29.2279,117.4408,116.8745,25.17,34.43,-0.7842,35.7171,40253900
2024-01-09,180,2023-04-24,2024-01-09,33.63,29.1046,29.2488,115.5487,114.9789,25.17,34.43,-2.3236,33.6114,39268800
2024-01-10,180,2023-04-25,2024-01-10,33.6,29.1227,29.2702,115.374,114.7926,25.17,34.43,-2.4107,33.4922,34904000
2024-01-11,180,2023-04-26,2024-01-11,33.15,29.1439,29.2941,113.7458,113.1627,25.17,34.43,-3.7177,31.7044,48790600
2024-01-12,180,2023-04-27,2024-01-12,32.8,29.166,29.3183,112.4597,111.8754,25.17,34.43,-4.7342,30.3139,74344300
2024-01-16,180,2023-04-28,2024-01-16,32.12,29.1825,29.3363,110.0661,109.489,25.17,34.43,-6.7093,27.6122,58420800
2024-01-17,180,2023-05-01,2024-01-17,31.8,29.1953,29.3503,108.9217,108.3465,25.17,34.43,-7.6387,26.3409,48811300
2024-01-18,180,2023-05-02,2024-01-18,31.73,29.2091,29.3652,108.6305,108.053,25.17,34.43,-7.842,26.0628,35484400
2024-01-19,180,2023-05-03,2024-01-19,32.22,29.2303,29.3878,110.2279,109.6374,25.17,34.43,-6.4188,28.0095,49493600
2024-01-22,180,2023-05-04,2024-01-22,32.55,29.2549,29.4138,111.2634,110.6622,25.17,34.43,-5.4604,29.3206,43903400
2024-01-23,180,2023-05-05,2024-01-23,32.77,29.286,29.4459,111.8964,111.2887,25.17,34.43,-4.8214,30.1947,30003400
2024-01-24,180,2023-05-08,2024-01-24,32.98,29.3135,29.4752,112.5078,111.8906,25.17,34.43,-4.2114,31.029,36403900
2024-01-25,180,2023-05-09,2024-01-25,33.39,29.343,29.5069,113.7921,113.16,25.17,34.43,-3.0206,32.6579,46204000
2024-01-26,180,2023-05-10,2024-01-26,33.43,29.3729,29.5389,113.8126,113.1726,25.17,34.43,-2.9044,32.8168,30839800
2024-01-29,180,2023-05-11,2024-01-29,33.61,29.4057,29.5739,114.2975,113.6476,25.17,34.43,-2.3816,33.532,30269300
2024-01-30,180,2023-05-12,2024-01-30,34.79,29.4431,29.615,118.1602,117.4743,25.17,34.79,0.0,38.2201,60315700
2024-01-31,180,2023-05-15,2024-01-31,34.01,29.4793,29.6534,115.3691,114.6916,25.17,34.79,-2.242,35.1212,54716000
2024-02-01,180,2023-05-16,2024-02-01,33.55,29.51,29.6862,113.6901,113.0154,25.17,34.79,-3.5642,33.2936,57084800
2024-02-02,180,2023-05-17,2024-02-02,33.47,29.5424,29.7202,113.295,112.6171,25.17,34.79,-3.7942,32.9758,40416000
2024-02-05,180,2023-05-18,2024-02-05,32.99,29.5651,29.7447,111.5842,110.9104,25.17,34.79,-5.1739,31.0687,43573000
2024-02-06,180,2023-05-19,2024-02-06,33.04,29.5887,29.7701,111.6642,110.9838,25.17,34.79,-5.0302,31.2674,27188000
2024-02-07,180,2023-05-22,2024-02-07,33.18,29.6152,29.7983,112.0371,111.3487,25.17,34.79,-4.6278,31.8236,29660100
2024-02-08,180,2023-05-23,2024-02-08,33.12,29.64,29.8248,111.7408,111.0484,25.17,34.79,-4.8002,31.5852,36852200
2024-02-09,180,2023-05-24,2024-02-09,33.07,29.6632,29.8498,111.4849,110.7881,25.17,34.79,-4.944,31.3866,36176000
2024-02-12,180,2023-05-25,2024-02-12,33.62,29.6918,29.8804,113.2299,112.5151,25.17,34.79,-3.363,33.5717,34160400
2024-02-13,180,2023-05-26,2024-02-13,32.75,29.7161,29.9059,110.2094,109.5102,25.17,34.79,-5.8638,30.1152,43801500
2024-02-14,180,2023-05-30,2024-02-14,33.13,29.7414,29.9327,111.3936,110.6818,25.17,34.79,-4.7715,31.625,27833900
2024-02-15,180,2023-05-31,2024-02-15,34.07,29.7711,29.9649,114.44,113.6995,25.17,34.79,-2.0696,35.3596,41683100
2024-02-16,180,2023-06-01,2024-02-16,34.09,29.8038,29.9999,114.3812,113.6335,25.17,34.79,-2.0121,35.439,33290700
2024-02-20,180,2023-06-02,2024-02-20,33.96,29.8362,30.0343,113.8214,113.0708,25.17,34.79,-2.3857,34.9225,30372900
2024-02-21,180,2023-06-05,2024-02-21,33.7,29.8617,30.062,112.8535,112.1017,25.17,34.79,-3.1331,33.8896,37847100
2024-02-22,180,2023-06-06,2024-02-22,33.61,29.8879,30.0902,112.4534,111.6976,25.17,34.79,-3.3918,33.532,42756900
2024-02-23,180,2023-06-07,2024-02-23,33.92,29.9114,30.1162,113.4014,112.6303,25.17,34.79,-2.5007,34.7636,30586000
2024-02-26,180,2023-06-08,2024-02-26,33.61,29.9322,30.1392,112.2872,111.516,25.17,34.79,-3.3918,33.532,31129200
2024-02-27,180,2023-06-09,2024-02-27,34.28,29.9573,30.1672,114.4296,113.6333,25.17,34.79,-1.4659,36.1939,40536300
2024-02-28,180,2023-06-12,2024-02-28,34.31,29.9823,30.1952,114.4341,113.6273,25.17,34.79,-1.3797,36.3131,39548600
2024-02-29,180,2023-06-13,2024-02-29,34.52,30.0091,30.2252,115.0317,114.2095,25.17,34.79,-0.7761,37.1474,43863400
2024-03-01,180,2023-06-14,2024-03-01,34.35,30.0337,30.2527,114.3717,113.5437,25.17,34.79,-1.2647,36.472,38432300
2024-03-04,180,2023-06-15,2024-03-04,35.15,30.0632,30.2862,116.9204,116.0596,25.17,35.15,0.0,39.6504,49136400
2024-03-05,180,2023-06-16,2024-03-05,35.39,30.0923,30.3196,117.6048,116.7231,25.17,35.39,0.0,40.6039,47591600
2024-03-06,180,2023-06-20,2024-03-06,35.42,30.1227,30.3542,117.5859,116.6889,25.17,35.42,0.0,40.7231,49149700
2024-03-07,180,2023-06-21,2024-03-07,35.63,30.1558,30.3918,118.153,117.2357,25.17,35.63,0.0,41.5574,35900700
2024-03-08,180,2023-06-22,2024-03-08,35.6,30.1908,30.4308,117.9168,116.9866,25.17,35.63,-0.0842,41.4382,42769900
2024-03-11,180,2023-06-23,2024-03-11,35.89,30.2309,30.4749,118.7198,117.7691,25.17,35.89,0.0,42.5904,34131500
2024-03-12,180,2023-06-26,2024-03-12,35.96,30.2727,30.5205,118.787,117.8224,25.17,35.96,0.0,42.8685,29260400
2024-03-13,180,2023-06-27,2024-03-13,36.08,30.3129,30.5649,119.0254,118.0439,25.17,36.08,0.0,43.3453,38289600
2024-03-14,180,2023-06-28,2024-03-14,35.69,30.3507,30.6063,117.5922,116.6101,25.17,36.08,-1.0809,41.7958,40178100
2024-03-15,180,2023-06-29,2024-03-15,35.41,30.3885,30.6471,116.5244,115.5413,25.17,36.08,-1.857,40.6834,69646400
2024-03-18,180,2023-06-30,2024-03-18,36.01,30.4251,30.6879,118.3563,117.3427,25.17,36.08,-0.194,43.0671,50617900
2024-03-19,180,2023-07-03,2024-03-19,36.03,30.4616,30.7287,118.2799,117.2521,25.17,36.08,-0.1386,43.1466,46113800
2024-03-20,180,2023-07-05,2024-03-20,36.75,30.4979,30.7706,120.4999,119.4321,25.17,36.75,0.0,46.0072,40519000
2024-03-21,180,2023-07-06,2024-03-21,37.51,30.5379,30.8174,122.8308,121.7168,25.17,37.51,0.0,49.0266,43219500
2024-03-22,180,2023-07-07,2024-03-22,37.05,30.5814,30.8662,121.1522,120.0343,25.17,37.51,-1.2263,47.199,29001100
2024-03-25,180,2023-07-10,2024-03-25,36.86,30.6226,30.9124,120.3687,119.24,25.17,37.51,-1.7329,46.4442,30480200
2024-03-26,180,2023-07-11,2024-03-26,37.09,30.6639,30.9593,120.9564,119.8025,25.17,37.51,-1.1197,47.358,33673400
2024-03-27,180,2023-07-12,2024-03-27,37.81,30.7058,31.0081,123.1362,121.9358,25.17,37.81,0.0,50.2185,36350200
2024-03-28,180,2023-07-13,2024-03-28,37.92,30.7462,31.0557,123.3324,122.1033,25.17,37.92,0.0,50.6555,42262500
2024-04-01,180,2023-07-14,2024-04-01,37.52,30.7833,31.0993,121.8845,120.6459,25.17,37.92,-1.0548,49.0663,33908000
2024-04-02,180,2023-07-17,2024-04-02,37.3,30.823,31.1448,121.0135,119.7633,25.17,37.92,-1.635,48.1923,34806800
2024-04-03,180,2023-07-18,2024-04-03,37.44,30.8616,31.1894,121.3158,120.0406,25.17,37.92,-1.2658,48.7485,33338500
2024-04-04,180,2023-07-19,2024-04-04,36.92,30.8907,31.224,119.5183,118.2424,25.17,37.92,-2.6371,46.6826,42888200
2024-04-05,180,2023-07-20,2024-04-05,37.11,30.916,31.255,120.035,118.733,25.17,37.92,-2.1361,47.4374,30823500
2024-04-08,180,2023-07-21,2024-04-08,37.5,30.942,31.2873,121.1946,119.857,25.17,37.92,-1.1076,48.9869,29470300
2024-04-09,180,2023-07-24,2024-04-09,37.73,30.9673,31.3192,121.8381,120.4691,25.17,37.92,-0.501,49.9007,30967300
2024-04-10,180,2023-07-25,2024-04-10,36.65,30.9851,31.3414,118.2825,116.9378,25.17,37.92,-3.3491,45.6099,37610700
2024-04-11,180,2023-07-26,2024-04-11,36.35,31.0043,31.3648,117.2417,115.8943,25.17,37.92,-4.1403,44.4179,38604000
2024-04-12,180,2023-07-27,2024-04-12,35.79,31.0199,31.3836,115.3776,114.0406,25.17,37.92,-5.6171,42.1931,47126100
2024-04-15,180,2023-07-28,2024-04-15,35.95,31.0385,31.4058,115.8238,114.4694,25.17,37.92,-5.1951,42.8288,44392000
2024-04-16,180,2023-07-31,2024-04-16,34.68,31.052,31.4212,111.6837,110.3713,25.17,37.92,-8.5443,37.7831,95566100
2024-04-17,180,2023-08-01,2024-04-17,35.23,31.0673,31.4392,113.3988,112.0577,25.17,37.92,-7.0939,39.9682,65951400
2024-04-18,180,2023-08-02,2024-04-18,35.77,31.087,31.4622,115.0641,113.6919,25.17,37.92,-5.6698,42.1136,44506200
2024-04-19,180,2023-08-03,2024-04-19,36.97,31.114,31.4943,118.8213,117.3862,25.17,37.92,-2.5053,46.8812,56273700
2024-04-22,180,2023-08-04,2024-04-22,37.73,31.1427,31.5294,121.1521,119.6659,25.17,37.92,-0.501,49.9007,43867100
2024-04-23,180,2023-08-07,2024-04-23,38.37,31.1744,31.5687,123.0817,121.5444,25.17,38.37,0.0,52.4434,39180300
2024-04-24,180,2023-08-08,2024-04-24,38.32,31.2029,31.6045,122.8091,121.2486,25.17,38.37,-0.1303,52.2447,28670600
2024-04-25,180,2023-08-09,2024-04-25,37.91,31.2332,31.6414,121.3771,119.8114,25.17,38.37,-1.1989,50.6158,41116000
2024-04-26,180,2023-08-10,2024-04-26,37.83,31.2656,31.6801,120.9955,119.4125,25.17,38.37,-1.4073,50.298,28668700
2024-04-29,180,2023-08-11,2024-04-29,37.55,31.2966,31.7168,119.9813,118.3914,25.17,38.37,-2.1371,49.1855,26438800
2024-04-30,180,2023-08-14,2024-04-30,37.01,31.3235,31.7486,118.1543,116.572,25.17,38.37,-3.5444,47.0401,30283800
2024-05-01,180,2023-08-15,2024-05-01,36.95,31.3522,31.7821,117.8546,116.2606,25.17,38.37,-3.7008,46.8018,32272000
2024-05-02,180,2023-08-16,2024-05-02,36.88,31.3866,31.8206,117.5026,115.8997,25.17,38.37,-3.8832,46.5236,34860300
2024-05-03,180,2023-08-17,2024-05-03,37.25,31.4265,31.8648,118.5304,116.9,25.17,38.37,-2.9189,47.9936,34082700
2024-05-06,180,2023-08-18,2024-05-06,37.69,31.4684,31.9116,119.7709,118.1077,25.17,38.37,-1.7722,49.7418,28422300
2024-05-07,180,2023-08-21,2024-05-07,37.84,31.5121,31.9601,120.081,118.3978,25.17,38.37,-1.3813,50.3377,29119500
2024-05-08,180,2023-08-22,2024-05-08,37.71,31.5551,32.0076,119.5053,117.8157,25.17,38.37,-1.7201,49.8212,32803300
2024-05-09,180,2023-08-23,2024-05-09,38.28,31.6052,32.0623,121.1195,119.3926,25.17,38.37,-0.2346,52.0858,26855400
2024-05-10,180,2023-08-24,2024-05-10,38.45,31.656,32.1178,121.4621,119.7154,25.17,38.45,0.0,52.7612,27359100
2024-05-13,180,2023-08-25,2024-05-13,38.21,31.7049,32.1711,120.5178,118.7712,25.17,38.45,-0.6242,51.8077,24060600
2024-05-14,180,2023-08-28,2024-05-14,38.49,31.7558,32.2266,121.2062,119.4355,25.17,38.49,0.0,52.9202,27594800
2024-05-15,180,2023-08-29,2024-05-15,38.91,31.8067,32.283,122.3327,120.5278,25.17,38.91,0.0,54.5888,34084400
2024-05-16,180,2023-08-30,2024-05-16,39.22,31.8562,32.3388,123.1159,121.2783,25.17,39.22,0.0,55.8204,32554200
2024-05-17,180,2023-08-31,2024-05-17,39.29,31.9069,32.3958,123.1396,121.2812,25.17,39.29,0.0,56.0985,25537300
2024-05-20,180,2023-09-01,2024-05-20,38.82,31.9585,32.4522,121.4699,119.6222,25.17,39.29,-1.1962,54.2312,28369800
2024-05-21,180,2023-09-05,2024-05-21,39.65,32.0113,32.5114,123.8624,121.9571,25.17,39.65,0.0,57.5288,31799200
2024-05-22,180,2023-09-06,2024-05-22,39.76,32.0669,32.5732,123.9906,122.0637,25.17,39.76,0.0,57.9658,42837600
2024-05-23,180,2023-09-07,2024-05-23,39.17,32.1224,32.6331,121.9398,120.0317,25.17,39.76,-1.4839,55.6218,39033900
2024-05-24,180,2023-09-08,2024-05-24,39.7,32.1819,32.6973,123.3612,121.4166,25.17,39.76,-0.1509,57.7275,22166300
2024-05-28,180,2023-09-11,2024-05-28,39.32,32.2386,32.7582,121.9657,120.0309,25.17,39.76,-1.1066,56.2177,31217900
2024-05-29,180,2023-09-12,2024-05-29,38.72,32.2923,32.8151,119.9049,117.9944,25.17,39.76,-2.6157,53.8339,26677500
2024-05-30,180,2023-09-13,2024-05-30,38.63,32.3424,32.8688,119.4409,117.528,25.17,39.76,-2.842,53.4764,50989100
2024-05-31,180,2023-09-14,2024-05-31,39.99,32.3984,32.9305,123.4322,121.4376,25.17,39.99,0.0,58.8796,58188400
2024-06-03,180,2023-09-15,2024-06-03,39.88,32.4519,32.9898,122.8895,120.8857,25.17,39.99,-0.2751,58.4426,31898600
2024-06-04,180,2023-09-18,2024-06-04,39.68,32.5074,33.0501,122.0644,120.0603,25.17,39.99,-0.7752,57.648,26974200
2024-06-05,180,2023-09-19,2024-06-05,39.96,32.5648,33.1123,122.7094,120.6803,25.17,39.99,-0.075,58.7604,34140300
2024-06-06,180,2023-09-20,2024-06-06,39.7,32.6221,33.1737,121.6967,119.6732,25.17,39.99,-0.7252,57.7275,38676400
2024-06-07,180,2023-09-21,2024-06-07,39.78,32.6807,33.2361,121.7234,119.6893,25.17,39.99,-0.5251,58.0453,25928700
2024-06-10,180,2023-09-22,2024-06-10,39.67,32.7427,33.3006,121.1566,119.1269,25.17,39.99,-0.8002,57.6083,37176200
2024-06-11,180,2023-09-25,2024-06-11,38.86,32.8051,33.3629,118.4573,116.4765,25.17,39.99,-2.8257,54.3902,44629000
2024-06-12,180,2023-09-26,2024-06-12,39.41,32.8701,33.4286,119.8961,117.8932,25.17,39.99,-1.4504,56.5753,38964700
2024-06-13,180,2023-09-27,2024-06-13,39.26,32.9383,33.4957,119.1926,117.209,25.17,39.99,-1.8255,55.9793,40018700
2024-06-14,180,2023-09-28,2024-06-14,39.24,33.0058,33.5622,118.888,116.9172,25.17,39.99,-1.8755,55.8999,32347900
2024-06-17,180,2023-09-29,2024-06-17,39.51,33.0724,33.6286,119.4652,117.4892,25.17,39.99,-1.2003,56.9726,26135400
2024-06-18,180,2023-10-02,2024-06-18,39.99,33.1425,33.6987,120.6607,118.6694,25.17,39.99,0.0,58.8796,30804500
2024-06-20,180,2023-10-03,2024-06-20,39.99,33.2187,33.7725,120.3841,118.41,25.17,39.99,0.0,58.8796,29383300
2024-06-21,180,2023-10-04,2024-06-21,39.49,33.3002,33.8479,118.5878,116.6688,25.17,39.99,-1.2503,56.8931,72244900
2024-06-24,180,2023-10-05,2024-06-24,40.02,33.384,33.9262,119.8778,117.962,25.17,40.02,0.0,58.9988,31064900
2024-06-25,180,2023-10-06,2024-06-25,39.38,33.4646,34.0002,117.6768,115.823,25.17,40.02,-1.5992,56.4561,30596000
2024-06-26,180,2023-10-09,2024-06-26,39.0,33.5439,34.072,116.2657,114.4635,25.17,40.02,-2.5487,54.9464,44310200
2024-06-27,180,2023-10-10,2024-06-27,39.25,33.6224,34.1439,116.7377,114.9547,25.17,40.02,-1.924,55.9396,29464200
2024-06-28,180,2023-10-11,2024-06-28,39.77,33.6971,34.2148,118.0219,116.2363,25.17,40.02,-0.6247,58.0056,52028200
2024-07-01,180,2023-10-12,2024-07-01,40.01,33.7731,34.2869,118.467,116.6916,25.17,40.02,-0.025,58.9591,26770500
2024-07-02,180,2023-10-13,2024-07-02,40.93,33.8541,34.3649,120.9013,119.1041,25.17,40.93,0.0,62.6142,35626100
2024-07-03,180,2023-10-16,2024-07-03,40.9,33.9365,34.4434,120.5192,118.7454,25.17,40.93,-0.0733,62.495,17100700
2024-07-05,180,2023-10-17,2024-07-05,40.41,34.0154,34.518,118.799,117.0694,25.17,40.93,-1.2705,60.5483,23489000
2024-07-08,180,2023-10-18,2024-07-08,40.62,34.0901,34.5902,119.1549,117.432,25.17,40.93,-0.7574,61.3826,26728500
2024-07-09,180,2023-10-19,2024-07-09,41.42,34.1708,34.6686,121.2146,119.4741,25.17,41.42,0.0,64.561,34697200
2024-07-10,180,2023-10-20,2024-07-10,41.74,34.2562,34.7507,121.8465,120.1126,25.17,41.74,0.0,65.8323,25333400
2024-07-11,180,2023-10-23,2024-07-11,41.81,34.3483,34.8368,121.7236,120.0167,25.17,41.81,0.0,66.1105,33824600
2024-07-12,180,2023-10-24,2024-07-12,41.59,34.4473,34.9258,120.735,119.0809,25.17,41.81,-0.5262,65.2364,31856600
2024-07-15,180,2023-10-25,2024-07-15,41.89,34.5491,35.0171,121.2477,119.6274,25.17,41.89,0.0,66.4283,36648100
2024-07-16,180,2023-10-26,2024-07-16,44.13,34.6587,35.1203,127.3273,125.6539,25.17,44.13,0.0,75.3278,75953300
2024-07-17,180,2023-10-27,2024-07-17,43.98,34.7628,35.2195,126.5146,124.874,25.17,44.13,-0.3399,74.7318,65713600
2024-07-18,180,2023-10-30,2024-07-18,43.01,34.8738,35.3186,123.3305,121.7772,25.69,44.13,-2.538,67.4192,48549200
2024-07-19,180,2023-10-31,2024-07-19,42.9,34.9796,35.4142,122.6429,121.1378,26.34,44.13,-2.7872,62.8702,43903000
2024-07-22,180,2023-11-01,2024-07-22,42.3,35.0772,35.5029,120.591,119.1452,26.4,44.13,-4.1468,60.2273,42838300
2024-07-23,180,2023-11-02,2024-07-23,42.41,35.1753,35.5918,120.5677,119.1565,27.53,44.13,-3.8976,54.0501,36705100
2024-07-24,180,2023-11-03,2024-07-24,42.19,35.2614,35.6728,119.6492,118.2695,27.53,44.13,-4.3961,53.251,36567200
2024-07-25,180,2023-11-06,2024-07-25,41.68,35.3389,35.7464,117.9436,116.599,27.53,44.13,-5.5518,51.3985,41593900
2024-07-26,180,2023-11-07,2024-07-26,41.67,35.4175,35.8206,117.6537,116.3298,27.53,44.13,-5.5744,51.3621,52049300
2024-07-29,180,2023-11-08,2024-07-29,41.09,35.4955,35.8924,115.761,114.4811,27.53,44.13,-6.8887,49.2554,37133100
2024-07-30,180,2023-11-09,2024-07-30,41.28,35.5771,35.9668,116.0296,114.7726,27.53,44.13,-6.4582,49.9455,44163200
2024-07-31,180,2023-11-10,2024-07-31,40.31,35.6583,36.0378,113.0452,111.8548,27.68,44.13,-8.6562,45.6286,50851600
2024-08-01,180,2023-11-13,2024-08-01,39.5,35.7348,36.1034,110.5364,109.4078,27.7,44.13,-10.4917,42.5993,60107800
2024-08-02,180,2023-11-14,2024-08-02,37.58,35.8023,36.1583,104.9654,103.9318,29.22,44.13,-14.8425,28.6106,76728000
2024-08-05,180,2023-11-15,2024-08-05,36.65,35.8518,36.1996,102.2265,101.2442,29.53,44.13,-16.9499,24.1111,76075200
2024-08-06,180,2023-11-16,2024-08-06,36.92,35.8995,36.2402,102.8427,101.8759,29.53,44.13,-16.3381,25.0254,40614100
2024-08-07,180,2023-11-17,2024-08-07,37.3,35.95,36.2833,103.7552,102.8022,29.53,44.13,-15.477,26.3122,44952400
2024-08-08,180,2023-11-20,2024-08-08,38.21,36.0016,36.329,106.134,105.1777,29.53,44.13,-13.4149,29.3938,36557800
2024-08-09,180,2023-11-21,2024-08-09,38.28,36.0536,36.3749,106.1754,105.2373,29.53,44.13,-13.2563,29.6309,26411200
2024-08-12,180,2023-11-22,2024-08-12,38.17,36.1079,36.4222,105.7109,104.7987,29.53,44.13,-13.5056,29.2584,33040600
2024-08-13,180,2023-11-24,2024-08-13,38.46,36.1641,36.4713,106.3485,105.4528,29.53,44.13,-12.8484,30.2404,21553500
2024-08-14,180,2023-11-27,2024-08-14,38.81,36.2214,36.5217,107.1466,106.2655,29.53,44.13,-12.0553,31.4257,25658900
2024-08-15,180,2023-11-28,2024-08-15,39.03,36.2813,36.5743,107.576,106.7142,29.53,44.13,-11.5568,32.1707,37379800
2024-08-16,180,2023-11-29,2024-08-16,39.34,36.3432,36.6288,108.2459,107.4017,30.31,44.13,-10.8543,29.7922,26886600
2024-08-19,180,2023-11-30,2024-08-19,39.67,36.4004,36.6808,108.9823,108.1491,30.49,44.13,-10.1065,30.1082,27268900
2024-08-20,180,2023-12-01,2024-08-20,38.69,36.4516,36.7264,106.1406,105.3466,30.53,44.13,-12.3272,26.7278,44440800
2024-08-21,180,2023-12-04,2024-08-21,38.75,36.4996,36.7697,106.1654,105.3858,30.53,44.13,-12.1913,26.9243,33751100
2024-08-22,180,2023-12-05,2024-08-22,39.24,36.5512,36.8164,107.3561,106.5828,30.53,44.13,-11.0809,28.5293,35421600
2024-08-23,180,2023-12-06,2024-08-23,39.77,36.6074,36.8675,108.6392,107.8728,30.53,44.13,-9.8799,30.2653,45616600
2024-08-26,180,2023-12-07,2024-08-26,39.92,36.6649,36.9197,108.8781,108.1266,30.66,44.13,-9.54,30.2022,44659500
2024-08-27,180,2023-12-08,2024-08-27,39.67,36.7203,36.9697,108.033,107.304,30.74,44.13,-10.1065,29.0501,32323900
2024-08-28,180,2023-12-11,2024-08-28,39.95,36.7748,37.0197,108.6342,107.9156,30.74,44.13,-9.472,29.961,40700500
2024-08-29,180,2023-12-12,2024-08-29,40.17,36.8314,37.0714,109.0646,108.3583,30.74,44.13,-8.9735,30.6766,34810800
2024-08-30,180,2023-12-13,2024-08-30,40.75,36.8917,37.1271,110.4584,109.7582,31.73,44.13,-7.6592,28.4274,49098200
2024-09-03,180,2023-12-14,2024-09-03,40.7,36.942,37.1752,110.1727,109.4817,31.73,44.13,-7.7725,28.2698,48489300
2024-09-04,180,2023-12-15,2024-09-04,40.5,36.9782,37.2116,109.524,108.837,31.73,44.13,-8.2257,27.6395,39629600
2024-09-05,180,2023-12-18,2024-09-05,40.14,37.0151,37.2479,108.4423,107.7643,31.73,44.13,-9.0415,26.5049,34214500
2024-09-06,180,2023-12-19,2024-09-06,38.76,37.0464,37.2776,104.6255,103.9768,31.73,44.13,-12.1686,22.1557,47007600
2024-09-09,180,2023-12-20,2024-09-09,39.47,37.0808,37.3107,106.4432,105.7874,31.73,44.13,-10.5597,24.3933,37610200
2024-09-10,180,2023-12-21,2024-09-10,39.28,37.118,37.3457,105.8247,105.1795,31.73,44.13,-10.9903,23.7945,53983900
2024-09-11,180,2023-12-22,2024-09-11,39.0,37.1523,37.3779,104.9733,104.3398,31.73,44.13,-11.6247,22.9121,41190000
2024-09-12,180,2023-12-26,2024-09-12,38.78,37.184,37.4076,104.2922,103.6687,31.73,44.13,-12.1233,22.2187,39921600
2024-09-13,180,2023-12-27,2024-09-13,38.65,37.2121,37.4342,103.864,103.2478,31.73,44.13,-12.4179,21.809,31887300
2024-09-16,180,2023-12-28,2024-09-16,39.1,37.2427,37.4634,104.9869,104.3684,31.73,44.13,-11.3981,23.2272,26336400
2024-09-17,180,2023-12-29,2024-09-17,39.55,37.2754,37.4949,106.1022,105.4809,31.73,44.13,-10.3784,24.6454,27769400
2024-09-18,180,2024-01-02,2024-09-18,39.62,37.3098,37.528,106.1918,105.5745,31.73,44.13,-10.2198,24.8661,42527800
2024-09-19,180,2024-01-03,2024-09-19,40.87,37.3488,37.5667,109.4279,108.7931,31.73,44.13,-7.3873,28.8055,57977800
2024-09-20,180,2024-01-04,2024-09-20,40.27,37.3875,37.6042,107.7098,107.0892,31.73,44.13,-8.7469,26.9146,70725000
2024-09-23,180,2024-01-05,2024-09-23,39.87,37.4225,37.6379,106.5401,105.9305,31.73,44.13,-9.6533,25.654,31714800
2024-09-24,180,2024-01-08,2024-09-24,39.45,37.4513,37.6658,105.3368,104.737,31.73,44.13,-10.605,24.3303,32534900
2024-09-25,180,2024-01-09,2024-09-25,39.25,37.4809,37.6941,104.72,104.1278,31.73,44.13,-11.0582,23.7,28866000
2024-09-26,180,2024-01-10,2024-09-26,39.52,37.5155,37.7268,105.3431,104.7532,31.73,44.13,-10.4464,24.5509,39601400
2024-09-27,180,2024-01-11,2024-09-27,39.4,37.5498,37.759,104.9273,104.346,31.73,44.13,-10.7183,24.1727,27861100
2024-09-30,180,2024-01-12,2024-09-30,39.68,37.5887,37.7953,105.5636,104.9867,31.73,44.13,-10.0838,25.0552,35055200
2024-10-01,180,2024-01-16,2024-10-01,39.22,37.6279,37.8309,104.2311,103.6717,31.73,44.13,-11.1262,23.6054,26291200
2024-10-02,180,2024-01-17,2024-10-02,39.23,37.6724,37.8704,104.1347,103.59,31.73,44.13,-11.1036,23.6369,23302700
2024-10-03,180,2024-01-18,2024-10-03,39.25,37.7195,37.9118,104.0576,103.5297,31.73,44.13,-11.0582,23.7,26030200
2024-10-04,180,2024-01-19,2024-10-04,40.11,37.7716,37.9584,106.1909,105.6683,32.22,44.13,-9.1094,24.4879,34209900
2024-10-07,180,2024-01-22,2024-10-07,39.96,37.8193,38.0014,105.6603,105.154,32.55,44.13,-9.4494,22.765,27177500
2024-10-08,180,2024-01-23,2024-10-08,39.93,37.8645,38.0424,105.455,104.9619,32.75,44.13,-9.5173,21.9237,26023600
2024-10-09,180,2024-01-24,2024-10-09,40.19,37.9094,38.0836,106.0159,105.531,32.75,44.13,-8.9282,22.7176,27421000
2024-10-10,180,2024-01-25,2024-10-10,39.97,37.9518,38.1224,105.3178,104.8464,32.75,44.13,-9.4267,22.0458,26182300
2024-10-11,180,2024-01-26,2024-10-11,41.95,38.0008,38.17,110.3925,109.9031,32.75,44.13,-4.94,28.0916,50660700
2024-10-14,180,2024-01-29,2024-10-14,41.91,38.0494,38.2171,110.1463,109.6629,32.75,44.13,-5.0306,27.9695,28098900
2024-10-15,180,2024-01-30,2024-10-15,42.14,38.0979,38.2645,110.6098,110.1282,32.75,44.13,-4.5094,28.6718,61490000
2024-10-16,180,2024-01-31,2024-10-16,42.8,38.1413,38.309,112.2143,111.7231,32.75,44.13,-3.0138,30.687,42437800
2024-10-17,180,2024-02-01,2024-10-17,42.6,38.1893,38.3567,111.5496,111.0627,32.75,44.13,-3.467,30.0763,31708600
2024-10-18,180,2024-02-02,2024-10-18,42.32,38.2394,38.4054,110.6712,110.1927,32.75,44.13,-4.1015,29.2214,30593500
2024-10-21,180,2024-02-05,2024-10-21,41.76,38.2877,38.4515,109.0691,108.6043,32.75,44.13,-5.3705,27.5114,26589500
2024-10-22,180,2024-02-06,2024-10-22,42.3,38.3421,38.5032,110.3227,109.8609,32.75,44.13,-4.1468,29.1603,37104400
2024-10-23,180,2024-02-07,2024-10-23,42.34,38.3964,38.5549,110.2706,109.8175,32.75,44.13,-4.0562,29.2824,28569400
2024-10-24,180,2024-02-08,2024-10-24,42.65,38.4513,38.6075,110.9195,110.4708,32.75,44.13,-3.3537,30.229,28392000
2024-10-25,180,2024-02-09,2024-10-25,41.89,38.5033,38.6562,108.7958,108.3655,32.75,44.13,-5.0759,27.9084,27466900
2024-10-28,180,2024-02-12,2024-10-28,42.62,38.5592,38.7093,110.5313,110.1028,32.75,44.13,-3.4217,30.1374,24527600
2024-10-29,180,2024-02-13,2024-10-29,42.53,38.6107,38.7588,110.1507,109.73,32.75,44.13,-3.6257,29.8626,22313500
2024-10-30,180,2024-02-14,2024-10-30,42.31,38.668,38.8119,109.4187,109.013,33.13,44.13,-4.1242,27.709,38100500
2024-10-31,180,2024-02-15,2024-10-31,41.82,38.7201,38.8602,108.0058,107.6166,33.61,44.13,-5.2345,24.4273,28138200
2024-11-01,180,2024-02-16,2024-11-01,41.76,38.7652,38.9029,107.7254,107.3442,33.61,44.13,-5.3705,24.2487,31220000
2024-11-04,180,2024-02-20,2024-11-04,41.33,38.8082,38.9431,106.4982,106.1292,33.61,44.13,-6.3449,22.9694,31110100
2024-11-05,180,2024-02-21,2024-11-05,41.88,38.8548,38.9871,107.7859,107.4201,33.61,44.13,-5.0986,24.6058,30851400
2024-11-06,180,2024-02-22,2024-11-06,45.41,38.9191,39.0522,116.6779,116.2804,33.61,45.41,0.0,35.1086,110086700
2024-11-07,180,2024-02-23,2024-11-07,44.77,38.9816,39.1142,114.849,114.4598,33.61,45.41,-1.4094,33.2044,48339700
2024-11-08,180,2024-02-26,2024-11-08,45.13,39.0435,39.1764,115.5889,115.1968,33.61,45.41,-0.6166,34.2755,38331800
2024-11-11,180,2024-02-27,2024-11-11,46.08,39.1118,39.2457,117.816,117.4141,34.28,46.08,0.0,34.4224,43293500
2024-11-12,180,2024-02-28,2024-11-12,45.86,39.1745,39.3101,117.0658,116.6623,34.31,46.08,-0.4774,33.6637,38155900
2024-11-13,180,2024-02-29,2024-11-13,45.87,39.2373,39.3743,116.9042,116.4974,34.35,46.08,-0.4557,33.5371,36903900
2024-11-14,180,2024-03-01,2024-11-14,45.9,39.2988,39.4375,116.7975,116.3867,34.35,46.08,-0.3906,33.6245,35733100
2024-11-15,180,2024-03-04,2024-11-15,46.75,39.3652,39.5064,118.7599,118.3353,34.68,46.75,0.0,34.8039,40488900
2024-11-18,180,2024-03-05,2024-11-18,46.72,39.4259,39.5707,118.5008,118.0673,34.68,46.75,-0.0642,34.7174,32360300
2024-11-19,180,2024-03-06,2024-11-19,46.41,39.4839,39.6319,117.5415,117.1027,34.68,46.75,-0.7273,33.8235,28534100
2024-11-20,180,2024-03-07,2024-11-20,46.06,39.5405,39.691,116.4882,116.0465,34.68,46.75,-1.4759,32.8143,28021000
2024-11-21,180,2024-03-08,2024-11-21,46.46,39.5974,39.7512,117.3309,116.8771,34.68,46.75,-0.6203,33.9677,45336500
2024-11-22,180,2024-03-11,2024-11-22,47.0,39.6568,39.8145,118.5168,118.0474,34.68,47.0,0.0,35.5248,37996200
2024-11-25,180,2024-03-12,2024-11-25,47.5,39.7164,39.879,119.5979,119.1103,34.68,47.5,0.0,36.9666,42718600
2024-11-26,180,2024-03-13,2024-11-26,47.75,39.7767,39.9445,120.0452,119.5409,34.68,47.75,0.0,37.6874,30301500
2024-11-27,180,2024-03-14,2024-11-27,47.77,39.8364,40.0094,119.9155,119.3968,34.68,47.77,0.0,37.7451,23278400
2024-11-29,180,2024-03-15,2024-11-29,47.51,39.8979,40.0751,119.0788,118.5524,34.68,47.77,-0.5443,36.9954,23262000
2024-12-02,180,2024-03-18,2024-12-02,47.04,39.9598,40.1397,117.7183,117.1906,34.68,47.77,-1.5282,35.6401,35891500
2024-12-03,180,2024-03-19,2024-12-03,46.82,40.0168,40.1998,117.001,116.4683,34.68,47.77,-1.9887,35.0058,38123800
2024-12-04,180,2024-03-20,2024-12-04,46.37,40.0719,40.2572,115.717,115.1843,34.68,47.77,-2.9307,33.7082,24941300
2024-12-05,180,2024-03-21,2024-12-05,47.0,40.1249,40.3142,117.1343,116.5843,34.68,47.77,-1.6119,35.5248,31572100
2024-12-06,180,2024-03-22,2024-12-06,46.75,40.1721,40.3655,116.3744,115.8167,34.68,47.77,-2.1352,34.8039,28931700
2024-12-09,180,2024-03-25,2024-12-09,45.91,40.2188,40.4147,114.1505,113.5972,34.68,47.77,-3.8937,32.3818,34660900
2024-12-10,180,2024-03-26,2024-12-10,45.75,40.2663,40.4641,113.6187,113.0632,34.68,47.77,-4.2286,31.9204,35665800
2024-12-11,180,2024-03-27,2024-12-11,46.08,40.3137,40.5141,114.3036,113.7383,34.68,47.77,-3.5378,32.872,36790500
2024-12-12,180,2024-03-28,2024-12-12,46.08,40.3566,40.56,114.1821,113.6095,34.68,47.77,-3.5378,32.872,24017300
2024-12-13,180,2024-04-01,2024-12-13,45.67,40.3971,40.6031,113.0526,112.4792,34.68,47.77,-4.3961,31.6897,32902300
2024-12-16,180,2024-04-02,2024-12-16,45.47,40.4394,40.6472,112.4398,111.865,34.68,47.77,-4.8147,31.113,27330400
2024-12-17,180,2024-04-03,2024-12-17,45.05,40.4814,40.6903,111.2857,110.7144,34.68,47.77,-5.694,29.902,33054600
2024-12-18,180,2024-04-04,2024-12-18,43.5,40.5153,40.7239,107.3669,106.8168,34.68,47.77,-8.9387,25.4325,41771900
2024-12-19,180,2024-04-05,2024-12-19,43.38,40.5521,40.7598,106.9735,106.4283,34.68,47.77,-9.1899,25.0865,38583600
2024-12-20,180,2024-04-08,2024-12-20,44.17,40.5915,40.7991,108.8159,108.2623,34.68,47.77,-7.5361,27.3645,74222200
2024-12-23,180,2024-04-09,2024-12-23,43.89,40.6271,40.8346,108.0315,107.4825,34.68,47.77,-8.1223,26.5571,35374800
2024-12-24,180,2024-04-10,2024-12-24,44.38,40.6635,40.8715,109.1396,108.5842,34.68,47.77,-7.0965,27.97,12054400
2024-12-26,180,2024-04-11,2024-12-26,44.55,40.708,40.9154,109.438,108.8832,34.68,47.77,-6.7406,28.4602,16077400
2024-12-27,180,2024-04-12,2024-12-27,44.34,40.7537,40.9598,108.8,108.2525,34.68,47.77,-7.1802,27.8547,17972500
2024-12-30,180,2024-04-15,2024-12-30,43.91,40.8014,41.0049,107.6188,107.0848,34.68,47.77,-8.0804,26.6148,16109800
2024-12-31,180,2024-04-16,2024-12-31,43.95,40.8483,41.0493,107.5932,107.0663,34.68,47.77,-7.9966,26.7301,16110400
2025-01-02,180,2024-04-17,2025-01-02,44.29,40.9064,41.1027,108.2716,107.7544,35.23,47.77,-7.2849,25.7167,25610600
2025-01-03,180,2024-04-18,2025-01-03,44.81,40.9629,41.1559,109.3917,108.8786,35.77,47.77,-6.1964,25.2726,23455700
2025-01-06,180,2024-04-19,2025-01-06,45.4,41.0182,41.2094,110.6825,110.1689,36.65,47.77,-4.9613,23.8745,30518500
2025-01-07,180,2024-04-22,2025-01-07,46.08,41.0683,41.2601,112.2034,111.6819,36.65,47.77,-3.5378,25.7299,41111200
2025-01-08,180,2024-04-23,2025-01-08,46.21,41.1139,41.3072,112.3951,111.8692,36.65,47.77,-3.2656,26.0846,40246000
2025-01-10,180,2024-04-24,2025-01-10,45.11,41.1505,41.3446,109.622,109.1073,36.65,47.77,-5.5683,23.0832,40741300
2025-01-13,180,2024-04-25,2025-01-13,45.06,41.1873,41.3821,109.4028,108.8878,36.65,47.77,-5.673,22.9468,34353600
2025-01-14,180,2024-04-26,2025-01-14,45.78,41.23,41.4258,111.0356,110.5109,36.65,47.77,-4.1658,24.9113,36379000
2025-01-15,180,2024-04-29,2025-01-15,47.1,41.2792,41.4773,114.101,113.5561,36.65,47.77,-1.4026,28.5129,57154800
2025-01-16,180,2024-04-30,2025-01-16,46.64,41.3284,41.5278,112.8521,112.3104,36.65,47.77,-2.3655,27.2578,56339300
2025-01-17,180,2024-05-01,2025-01-17,46.53,41.3809,41.5807,112.4431,111.903,36.65,47.77,-2.5958,26.9577,44486100
2025-01-21,180,2024-05-02,2025-01-21,46.66,41.4346,41.6346,112.6112,112.0702,36.65,47.77,-2.3236,27.3124,52089100
2025-01-22,180,2024-05-03,2025-01-22,45.79,41.485,41.6841,110.3773,109.85,36.65,47.77,-4.1449,24.9386,40296200
2025-01-23,180,2024-05-06,2025-01-23,46.39,41.5356,41.7349,111.6873,111.154,36.65,47.77,-2.8888,26.5757,35324100
2025-01-24,180,2024-05-07,2025-01-24,46.52,41.5839,41.7839,111.8701,111.3346,36.65,47.77,-2.6167,26.9304,24655100
2025-01-27,180,2024-05-08,2025-01-27,47.09,41.6339,41.8353,113.105,112.5604,36.65,47.77,-1.4235,28.4857,44260000
2025-01-28,180,2024-05-09,2025-01-28,46.84,41.6837,41.8861,112.3701,111.8272,36.65,47.77,-1.9468,27.8035,27156600
2025-01-29,180,2024-05-10,2025-01-29,46.75,41.7294,41.9331,112.0312,111.4871,36.65,47.77,-2.1352,27.558,23681500
2025-01-30,180,2024-05-13,2025-01-30,46.72,41.774,41.9791,111.8399,111.2936,36.65,47.77,-2.198,27.4761,31199900
2025-01-31,180,2024-05-14,2025-01-31,46.3,41.8184,42.024,110.7168,110.1751,36.65,47.77,-3.0772,26.3301,30388900
2025-02-03,180,2024-05-15,2025-02-03,46.21,41.8606,42.0669,110.3902,109.8489,36.65,47.77,-3.2656,26.0846,36497700
2025-02-04,180,2024-05-16,2025-02-04,46.71,41.9024,42.1102,111.4732,110.9232,36.65,47.77,-2.219,27.4488,32894000
2025-02-05,180,2024-05-17,2025-02-05,47.11,41.9441,42.1541,112.3161,111.7567,36.65,47.77,-1.3816,28.5402,27696600
2025-02-06,180,2024-05-20,2025-02-06,47.74,41.9882,42.201,113.6986,113.1253,36.65,47.77,-0.0628,30.2592,39793400
2025-02-07,180,2024-05-21,2025-02-07,47.4,42.0339,42.2487,112.7661,112.1929,36.65,47.77,-0.7745,29.3315,26504700
2025-02-10,180,2024-05-22,2025-02-10,46.67,42.0712,42.2877,110.931,110.3631,36.65,47.77,-2.3027,27.3397,26725200
2025-02-11,180,2024-05-23,2025-02-11,46.79,42.1084,42.3267,111.118,110.5448,36.65,47.77,-2.0515,27.6671,20314900
2025-02-12,180,2024-05-24,2025-02-12,46.21,42.1467,42.3658,109.6408,109.0737,36.65,47.77,-3.2656,26.0846,29777100
2025-02-13,180,2024-05-28,2025-02-13,46.33,42.1823,42.4027,109.8327,109.262,36.65,47.77,-3.0144,26.412,26815400
2025-02-14,180,2024-05-29,2025-02-14,46.96,42.2233,42.4451,111.2183,110.637,36.65,47.77,-1.6956,28.131,25960500
2025-02-18,180,2024-05-30,2025-02-18,46.53,42.2663,42.4885,110.0878,109.512,36.65,47.77,-2.5958,26.9577,37824100
2025-02-19,180,2024-05-31,2025-02-19,46.01,42.3075,42.5295,108.7514,108.1837,36.65,47.77,-3.6843,25.5389,38967800
2025-02-20,180,2024-06-03,2025-02-20,45.3,42.3367,42.559,106.9994,106.4405,36.65,47.77,-5.1706,23.6016,40001100
2025-02-21,180,2024-06-04,2025-02-21,44.81,42.3642,42.5864,105.7734,105.2214,36.65,47.77,-6.1964,22.2647,43485900
2025-02-24,180,2024-06-05,2025-02-24,44.46,42.3912,42.6129,104.8803,104.3345,36.65,47.77,-6.929,21.3097,35512200
2025-02-25,180,2024-06-06,2025-02-25,43.94,42.4138,42.6351,103.5983,103.0607,36.65,47.77,-8.0176,19.8909,38119000
2025-02-26,180,2024-06-07,2025-02-26,43.94,42.4381,42.6586,103.5389,103.0038,36.65,47.77,-8.0176,19.8909,32251700
2025-02-27,180,2024-06-10,2025-02-27,44.12,42.4629,42.6827,103.9025,103.3674,36.65,47.77,-7.6408,20.382,28477700
2025-02-28,180,2024-06-11,2025-02-28,46.1,42.4982,42.7184,108.4753,107.9159,36.65,47.77,-3.4959,25.7844,62621100
2025-03-03,180,2024-06-12,2025-03-03,45.56,42.5362,42.7557,107.1089,106.559,36.65,47.77,-4.6263,24.311,46946000
2025-03-04,180,2024-06-13,2025-03-04,42.67,42.5557,42.7738,100.2687,99.7574,36.65,47.77,-10.6762,16.4256,78278100
2025-03-05,180,2024-06-14,2025-03-05,42.29,42.574,42.7906,99.3329,98.8301,36.65,47.77,-11.4716,15.3888,52588900
2025-03-06,180,2024-06-17,2025-03-06,41.46,42.5878,42.8029,97.3519,96.8625,36.65,47.77,-13.2091,13.1241,58103500
2025-03-07,180,2024-06-18,2025-03-07,41.4,42.5994,42.8134,97.1844,96.6986,36.65,47.77,-13.3347,12.9604,50651400
2025-03-10,180,2024-06-20,2025-03-10,39.83,42.5984,42.8126,93.5012,93.0335,36.65,47.77,-16.6213,8.6767,77498400
2025-03-11,180,2024-06-21,2025-03-11,39.61,42.596,42.8104,92.99,92.5242,36.65,47.77,-17.0818,8.0764,50608400
2025-03-12,180,2024-06-24,2025-03-12,39.91,42.5987,42.8128,93.6884,93.2198,36.65,47.77,-16.4538,8.8949,42290700
2025-03-13,180,2024-06-25,2025-03-13,39.67,42.5964,42.8108,93.1298,92.6635,36.65,47.77,-16.9563,8.2401,37766100
2025-03-14,180,2024-06-26,2025-03-14,40.89,42.6059,42.8192,95.9726,95.4945,36.65,47.77,-14.4023,11.5689,35979900
2025-03-17,180,2024-06-27,2025-03-17,41.44,42.6211,42.8328,97.2288,96.7483,36.65,47.77,-13.251,13.0696,37242800
2025-03-18,180,2024-06-28,2025-03-18,41.65,42.636,42.8461,97.6875,97.2084,36.65,47.77,-12.8114,13.6426,37644500
2025-03-19,180,2024-07-01,2025-03-19,42.21,42.6506,42.8597,98.9669,98.4842,36.65,47.77,-11.6391,15.1705,42471100
2025-03-20,180,2024-07-02,2025-03-20,42.48,42.6653,42.8734,99.5656,99.0824,36.65,47.77,-11.0739,15.9072,41018100
2025-03-21,180,2024-07-03,2025-03-21,42.47,42.6743,42.8819,99.5213,99.0394,36.65,47.77,-11.0948,15.8799,65011000
2025-03-24,180,2024-07-05,2025-03-24,43.07,42.6868,42.894,100.8978,100.4103,36.65,47.77,-9.8388,17.517,30646100
2025-03-25,180,2024-07-08,2025-03-25,43.28,42.7034,42.9099,101.3503,100.8624,36.65,47.77,-9.3992,18.09,25445300
2025-03-26,180,2024-07-09,2025-03-26,42.82,42.7162,42.9222,100.243,99.762,36.65,47.77,-10.3622,16.8349,30012100
2025-03-27,180,2024-07-10,2025-03-27,42.56,42.7227,42.9285,99.6191,99.1416,36.65,47.77,-10.9064,16.1255,25619200
2025-03-28,180,2024-07-11,2025-03-28,41.25,42.7199,42.9258,96.5593,96.0961,36.65,47.77,-13.6487,12.5512,34253000
2025-03-31,180,2024-07-12,2025-03-31,41.73,42.7194,42.9253,97.684,97.2153,36.65,47.77,-12.6439,13.8608,36390000
2025-04-01,180,2024-07-15,2025-04-01,41.49,42.7188,42.9248,97.1235,96.6575,36.65,47.77,-13.1463,13.206,25578500
2025-04-02,180,2024-07-16,2025-04-02,41.85,42.7186,42.9246,97.9667,97.4966,36.65,47.77,-12.3927,14.1883,28216100
2025-04-03,180,2024-07-17,2025-04-03,37.22,42.676,42.8862,87.2154,86.7879,36.65,47.77,-22.085,1.5552,115497900
2025-04-04,180,2024-07-18,2025-04-04,34.39,42.6119,42.8329,80.7051,80.2888,34.39,47.77,-28.0092,0.0,107761200
2025-04-07,180,2024-07-19,2025-04-07,35.58,42.563,42.7916,83.5938,83.1471,34.39,47.77,-25.5181,3.4603,137329100
2025-04-08,180,2024-07-22,2025-04-08,35.03,42.5103,42.7479,82.4035,81.9456,34.39,47.77,-26.6695,1.861,79116300
2025-04-09,180,2024-07-23,2025-04-09,37.15,42.4775,42.7193,87.4581,86.9631,34.39,47.77,-22.2315,8.0256,161173500
2025-04-10,180,2024-07-24,2025-04-10,35.85,42.4343,42.6828,84.4836,83.9916,34.39,47.77,-24.9529,4.2454,90451800
2025-04-11,180,2024-07-25,2025-04-11,35.95,42.3931,42.6482,84.8014,84.2944,34.39,47.77,-24.7436,4.5362,63671900
2025-04-14,180,2024-07-26,2025-04-14,36.67,42.3604,42.6203,86.5666,86.0387,34.39,47.77,-23.2363,6.6298,46830600
2025-04-15,180,2024-07-29,2025-04-15,37.99,42.3373,42.5999,89.7318,89.1786,34.39,47.77,-20.4731,10.4682,84677800
2025-04-16,180,2024-07-30,2025-04-16,37.33,42.3129,42.579,88.2237,87.6723,34.39,47.77,-21.8547,8.549,52872700
2025-04-17,180,2024-07-31,2025-04-17,37.41,42.288,42.5575,88.4649,87.9046,34.39,47.77,-21.6873,8.7816,47144400
2025-04-21,180,2024-08-01,2025-04-21,36.92,42.2654,42.5387,87.3529,86.7916,34.39,47.77,-22.713,7.3568,34928300
2025-04-22,180,2024-08-02,2025-04-22,38.32,42.2576,42.5321,90.6819,90.0966,34.39,47.77,-19.7823,11.4277,42288900
2025-04-23,180,2024-08-05,2025-04-23,38.75,42.2656,42.5386,91.6821,91.0937,34.39,47.77,-18.8821,12.6781,54428400
2025-04-24,180,2024-08-06,2025-04-24,39.58,42.2857,42.5549,93.6015,93.0093,34.39,47.77,-17.1446,15.0916,42457100
2025-04-25,180,2024-08-07,2025-04-25,39.69,42.3044,42.5703,93.8199,93.2341,34.39,47.77,-16.9144,15.4115,32694200
2025-04-28,180,2024-08-08,2025-04-28,39.78,42.3211,42.5841,93.9957,93.4152,34.39,47.77,-16.726,15.6732,37428000
2025-04-29,180,2024-08-09,2025-04-29,39.99,42.3327,42.5939,94.4661,93.8866,34.39,47.77,-16.2864,16.2838,33792500
2025-04-30,180,2024-08-12,2025-04-30,39.88,42.3431,42.6028,94.183,93.6088,34.39,47.77,-16.5166,15.9639,40994600
2025-05-01,180,2024-08-13,2025-05-01,40.17,42.3561,42.6139,94.8388,94.2649,34.39,47.77,-15.9096,16.8072,33569100
2025-05-02,180,2024-08-14,2025-05-02,41.07,42.3726,42.6284,96.9259,96.3441,34.39,47.77,-14.0255,19.4243,41613000
2025-05-05,180,2024-08-15,2025-05-05,41.12,42.387,42.6413,97.0109,96.4324,34.39,47.77,-13.9209,19.5696,32829200
2025-05-06,180,2024-08-16,2025-05-06,40.84,42.3983,42.6513,96.3245,95.7532,34.39,47.77,-14.507,18.7555,29541800
2025-05-07,180,2024-08-19,2025-05-07,40.93,42.4082,42.6602,96.5143,95.9443,34.39,47.77,-14.3186,19.0172,30925900
2025-05-08,180,2024-08-20,2025-05-08,41.6,42.4199,42.6709,98.0672,97.4903,34.39,47.77,-12.9161,20.9654,41861700
2025-05-09,180,2024-08-21,2025-05-09,41.79,42.4391,42.6881,98.4706,97.8961,34.39,47.77,-12.5183,21.5179,27222800
2025-05-12,180,2024-08-22,2025-05-12,43.36,42.4665,42.7137,102.1039,101.513,34.39,47.77,-9.2317,26.0832,44875100
2025-05-13,180,2024-08-23,2025-05-13,44.28,42.4956,42.7417,104.199,103.599,34.39,47.77,-7.3058,28.7584,43232500
2025-05-14,180,2024-08-26,2025-05-14,44.74,42.5237,42.7693,105.212,104.6077,34.39,47.77,-6.3429,30.096,42419500
2025-05-15,180,2024-08-27,2025-05-15,44.38,42.549,42.7941,104.3033,103.7059,34.39,47.77,-7.0965,29.0491,47379400
2025-05-16,180,2024-08-28,2025-05-16,44.69,42.5775,42.822,104.9616,104.3622,34.39,47.77,-6.4476,29.9506,49488100
2025-05-19,180,2024-08-29,2025-05-19,44.77,42.6046,42.8488,105.0825,104.4837,34.39,47.77,-6.2801,30.1832,37915700
2025-05-20,180,2024-08-30,2025-05-20,44.69,42.63,42.8739,104.8322,104.2359,34.39,47.77,-6.4476,29.9506,33424300
2025-05-21,180,2024-09-03,2025-05-21,43.25,42.6444,42.8878,101.4202,100.8446,34.39,47.77,-9.462,25.7633,55594100
2025-05-22,180,2024-09-04,2025-05-22,43.31,42.6593,42.9023,101.5253,100.9504,34.39,47.77,-9.3364,25.9378,29026200
2025-05-23,180,2024-09-05,2025-05-23,43.2,42.6749,42.9173,101.2304,100.6588,34.39,47.77,-9.5667,25.6179,34875100
2025-05-27,180,2024-09-06,2025-05-27,44.22,42.6982,42.9399,103.5641,102.981,34.39,47.77,-7.4314,28.5839,36322000
2025-05-28,180,2024-09-09,2025-05-28,44.06,42.7297,42.9694,103.1134,102.5381,34.39,47.77,-7.7664,28.1186,35673800
2025-05-29,180,2024-09-10,2025-05-29,44.24,42.7574,42.9959,103.4675,102.8936,34.39,47.77,-7.3896,28.6421,28545100
2025-05-30,180,2024-09-11,2025-05-30,44.13,42.7858,43.0228,103.1416,102.5734,34.39,47.77,-7.6198,28.3222,66537500
2025-06-02,180,2024-09-12,2025-06-02,44.08,42.8159,43.0511,102.9524,102.3901,34.39,47.77,-7.7245,28.1768,28582600
2025-06-03,180,2024-09-13,2025-06-03,44.65,42.8505,43.0837,104.1996,103.6356,34.39,47.77,-6.5313,29.8343,31320200
2025-06-04,180,2024-09-16,2025-06-04,44.36,42.8845,43.1154,103.4408,102.8867,34.39,47.77,-7.1384,28.991,30591700
2025-06-05,180,2024-09-17,2025-06-05,44.38,42.9156,43.1447,103.4124,102.8631,34.39,47.77,-7.0965,29.0491,32020900
2025-06-06,180,2024-09-18,2025-06-06,44.97,42.9468,43.1748,104.711,104.1579,34.39,47.77,-5.8614,30.7648,37013000
2025-06-09,180,2024-09-19,2025-06-09,44.87,42.977,43.204,104.4046,103.8561,34.39,47.77,-6.0708,30.474,32414000
2025-06-10,180,2024-09-20,2025-06-10,45.09,43.0006,43.2274,104.8591,104.3087,34.39,47.77,-5.6102,31.1137,32229100
2025-06-11,180,2024-09-23,2025-06-11,44.73,43.026,43.2522,103.9604,103.4167,34.39,47.77,-6.3638,30.0669,47873500
2025-06-12,180,2024-09-24,2025-06-12,44.62,43.0535,43.2786,103.6385,103.0994,34.39,47.77,-6.5941,29.747,30165400
2025-06-13,180,2024-09-25,2025-06-13,44.09,43.081,43.3044,102.3422,101.8142,34.39,47.77,-7.7036,28.2059,43281700
2025-06-16,180,2024-09-26,2025-06-16,44.41,43.1115,43.3331,103.0119,102.4853,34.39,47.77,-7.0337,29.1364,34103600
2025-06-17,180,2024-09-27,2025-06-17,44.23,43.1394,43.3592,102.5282,102.0083,34.39,47.77,-7.4105,28.613,27489600
2025-06-18,180,2024-09-30,2025-06-18,45.06,43.1723,43.3907,104.3724,103.8472,34.39,47.77,-5.673,31.0265,37684700
2025-06-20,180,2024-10-01,2025-06-20,45.5,43.2058,43.423,105.3101,104.7832,34.39,47.77,-4.7519,32.3059,64591600
2025-06-23,180,2024-10-02,2025-06-23,46.3,43.2462,43.4623,107.0614,106.529,34.39,47.77,-3.0772,34.6322,42683600
2025-06-24,180,2024-10-03,2025-06-24,46.66,43.2884,43.5036,107.7886,107.2555,34.39,47.77,-2.3236,35.679,45437600
2025-06-25,180,2024-10-04,2025-06-25,46.85,43.3315,43.5458,108.1199,107.5878,34.39,47.77,-1.9259,36.2315,33532400
2025-06-26,180,2024-10-07,2025-06-26,47.46,43.3718,43.5867,109.4259,108.8865,34.39,47.77,-0.6489,38.0052,40127000
2025-06-27,180,2024-10-08,2025-06-27,47.12,43.4116,43.6264,108.5424,108.0079,34.39,47.77,-1.3607,37.0166,56705000
2025-06-30,180,2024-10-09,2025-06-30,47.32,43.4526,43.6675,108.9003,108.3643,34.39,47.77,-0.942,37.5981,47921200
2025-07-01,180,2024-10-10,2025-07-01,48.15,43.4958,43.7117,110.7004,110.1535,34.39,48.15,0.0,40.0116,48540900
2025-07-02,180,2024-10-11,2025-07-02,48.71,43.543,43.7603,111.8664,111.311,34.39,48.71,0.0,41.64,48003600
2025-07-03,180,2024-10-14,2025-07-03,48.93,43.5789,43.7991,112.2792,111.7147,34.39,48.93,0.0,42.2797,21620300
2025-07-07,180,2024-10-15,2025-07-07,48.66,43.6138,43.8366,111.5702,111.0032,34.39,48.93,-0.5518,41.4946,35567900
2025-07-08,180,2024-10-16,2025-07-08,47.15,43.6405,43.8644,108.0419,107.4904,34.39,48.93,-3.6378,37.1038,88086500
2025-07-09,180,2024-10-17,2025-07-09,46.84,43.6618,43.8868,107.2791,106.729,34.39,48.93,-4.2714,36.2024,46227900
2025-07-10,180,2024-10-18,2025-07-10,46.97,43.6849,43.9111,107.5199,106.9661,34.39,48.93,-4.0057,36.5804,44225000
2025-07-11,180,2024-10-21,2025-07-11,46.73,43.7086,43.9356,106.9126,106.3602,34.39,48.93,-4.4962,35.8825,31653000
2025-07-14,180,2024-10-22,2025-07-14,47.07,43.7373,43.9651,107.6198,107.0622,34.39,48.93,-3.8013,36.8712,36381200
2025-07-15,180,2024-10-23,2025-07-15,46.15,43.7583,43.9865,105.4658,104.9186,34.39,48.93,-5.6816,34.196,55145000
2025-07-16,180,2024-10-24,2025-07-16,46.03,43.7784,44.007,105.1431,104.597,34.39,48.93,-5.9268,33.847,61296600
2025-07-17,180,2024-10-25,2025-07-17,47.02,43.8016,44.0313,107.3476,106.7877,34.39,48.93,-3.9035,36.7258,56480700
2025-07-18,180,2024-10-28,2025-07-18,47.32,43.8308,44.0614,107.9605,107.3955,34.39,48.93,-3.2904,37.5981,48314200
2025-07-21,180,2024-10-29,2025-07-21,47.48,43.8565,44.0884,108.2622,107.6926,34.39,48.93,-2.9634,38.0634,32199700
2025-07-22,180,2024-10-30,2025-07-22,47.77,43.8841,44.1176,108.855,108.2789,34.39,48.93,-2.3707,38.9067,34749400
2025-07-23,180,2024-10-31,2025-07-23,48.14,43.9147,44.1499,109.6216,109.0375,34.39,48.93,-1.6146,39.9826,31380100
2025-07-24,180,2024-11-01,2025-07-24,48.39,43.9495,44.1864,110.1036,109.5132,34.39,48.93,-1.1036,40.7095,42967600
2025-07-25,180,2024-11-04,2025-07-25,48.45,43.985,44.2236,110.1511,109.5569,34.39,48.93,-0.981,40.884,24461200
2025-07-28,180,2024-11-05,2025-07-28,48.23,44.0223,44.2619,109.5582,108.9649,34.39,48.93,-1.4306,40.2443,20590400
2025-07-29,180,2024-11-06,2025-07-29,47.95,44.0548,44.2957,108.8416,108.2499,34.39,48.93,-2.0029,39.4301,26216500
2025-07-30,180,2024-11-07,2025-07-30,47.96,44.0675,44.3098,108.8331,108.2378,34.39,48.93,-1.9824,39.4591,32265900
2025-07-31,180,2024-11-08,2025-07-31,47.27,44.0802,44.3237,107.2363,106.6472,34.39,48.93,-3.3926,37.4528,40016300
2025-08-01,180,2024-11-11,2025-08-01,45.66,44.083,44.3267,103.5774,103.008,34.39,48.93,-6.683,32.7712,52310400
2025-08-04,180,2024-11-12,2025-08-04,45.85,44.0818,44.3254,104.0111,103.4396,34.39,48.93,-6.2947,33.3236,31038900
2025-08-05,180,2024-11-13,2025-08-05,45.56,44.0803,44.3237,103.3569,102.7892,34.39,48.93,-6.8874,32.4804,36798300
2025-08-06,180,2024-11-14,2025-08-06,45.42,44.0779,44.3212,103.0447,102.4791,34.39,48.93,-7.1735,32.0733,27916800
2025-08-07,180,2024-11-15,2025-08-07,44.92,44.0728,44.3158,101.9223,101.3634,34.39,48.93,-8.1954,30.6194,30609900
2025-08-08,180,2024-11-18,2025-08-08,46.01,44.0691,44.3117,104.4042,103.8327,34.39,48.93,-5.9677,33.7889,37131600
2025-08-11,180,2024-11-19,2025-08-11,46.16,44.0663,44.3086,104.7513,104.1785,34.39,48.93,-5.6611,34.2251,35559400
2025-08-12,180,2024-11-20,2025-08-12,47.5,44.0716,44.3146,107.7791,107.1881,34.39,48.93,-2.9225,38.1216,35481200
2025-08-13,180,2024-11-21,2025-08-13,47.24,44.0775,44.3212,107.1749,106.5856,34.39,48.93,-3.4539,37.3655,29465100
2025-08-14,180,2024-11-22,2025-08-14,47.71,44.0836,44.3281,108.2263,107.6292,34.39,48.93,-2.4934,38.7322,21073800
2025-08-15,180,2024-11-25,2025-08-15,46.94,44.0833,44.3278,106.4803,105.893,34.39,48.93,-4.067,36.4932,26276900
2025-08-18,180,2024-11-26,2025-08-18,47.92,44.0853,44.3301,108.6984,108.0981,34.39,48.93,-2.0642,39.3428,43125100
2025-08-19,180,2024-11-27,2025-08-19,48.08,44.0868,44.3319,109.0575,108.4545,34.39,48.93,-1.7372,39.8081,33783400
2025-08-20,180,2024-11-29,2025-08-20,48.35,44.0895,44.3352,109.6632,109.0556,34.39,48.93,-1.1854,40.5932,30822200
2025-08-21,180,2024-12-02,2025-08-21,48.26,44.0931,44.3393,109.4503,108.8424,34.39,48.93,-1.3693,40.3315,28713200
2025-08-22,180,2024-12-03,2025-08-22,49.48,44.1044,44.3529,112.1884,111.5598,34.39,49.48,0.0,43.879,45078900
2025-08-25,180,2024-12-04,2025-08-25,49.48,44.1168,44.3677,112.1568,111.5227,34.39,49.48,0.0,43.879,34715700
2025-08-26,180,2024-12-05,2025-08-26,50.25,44.1348,44.3892,113.8557,113.2032,34.39,50.25,0.0,46.1181,40609300
2025-08-27,180,2024-12-06,2025-08-27,50.38,44.1503,44.408,114.1103,113.448,34.39,50.38,0.0,46.4961,42428200
2025-08-28,180,2024-12-09,2025-08-28,50.49,44.1674,44.4288,114.315,113.6426,34.39,50.49,0.0,46.8159,32949400
2025-08-29,180,2024-12-10,2025-08-29,50.74,44.1899,44.4556,114.8226,114.1363,34.39,50.74,0.0,47.5429,32496500
2025-09-02,180,2024-12-11,2025-09-02,50.42,44.2119,44.4816,114.0417,113.3503,34.39,50.74,-0.6307,46.6124,52719800
2025-09-03,180,2024-12-12,2025-09-03,50.06,44.2306,44.5037,113.1795,112.4851,34.39,50.74,-1.3402,45.5656,38344200
2025-09-04,180,2024-12-13,2025-09-04,50.62,44.2518,44.5289,114.3908,113.679,34.39,50.74,-0.2365,47.194,34796900
2025-09-05,180,2024-12-16,2025-09-05,49.77,44.2714,44.5517,112.4201,111.713,34.39,50.74,-1.9117,44.7223,40063300
2025-09-08,180,2024-12-17,2025-09-08,49.46,44.2908,44.5738,111.6712,110.962,34.39,50.74,-2.5227,43.8209,48033100
2025-09-09,180,2024-12-18,2025-09-09,50.29,44.316,44.6029,113.4805,112.7504,34.39,50.74,-0.8869,46.2344,40060100
2025-09-10,180,2024-12-19,2025-09-10,50.13,44.3492,44.6398,113.0348,112.2989,34.39,50.74,-1.2022,45.7691,31706300
2025-09-11,180,2024-12-20,2025-09-11,50.75,44.3858,44.6807,114.3384,113.5837,34.39,50.75,0.0,47.572,28055200
2025-09-12,180,2024-12-23,2025-09-12,50.58,44.4172,44.7163,113.8748,113.113,34.39,50.75,-0.335,47.0776,27851100
2025-09-15,180,2024-12-24,2025-09-15,50.59,44.4503,44.7536,113.8125,113.0413,34.39,50.75,-0.3153,47.1067,29043600
2025-09-16,180,2024-12-26,2025-09-16,50.66,44.481,44.7884,113.8914,113.1095,34.39,50.75,-0.1773,47.3103,31624400
2025-09-17,180,2024-12-27,2025-09-17,51.4,44.5139,44.8265,115.4696,114.6643,34.39,51.4,0.0,49.4621,38337900
2025-09-18,180,2024-12-30,2025-09-18,52.13,44.551,44.8698,117.0119,116.1807,34.39,52.13,0.0,51.5848,35246900
2025-09-19,180,2024-12-31,2025-09-19,52.25,44.5911,44.9161,117.1757,116.328,34.39,52.25,0.0,51.9337,98970700
2025-09-22,180,2025-01-02,2025-09-22,51.92,44.6298,44.9604,116.3349,115.4794,34.39,52.25,-0.6316,50.9741,27468000
2025-09-23,180,2025-01-03,2025-09-23,51.7,44.6656,45.0016,115.749,114.8849,34.39,52.25,-1.0526,50.3344,28278200
2025-09-24,180,2025-01-06,2025-09-24,51.7,44.6986,45.0398,115.6636,114.7873,34.39,52.25,-1.0526,50.3344,27010400
2025-09-25,180,2025-01-07,2025-09-25,51.85,44.729,45.0757,115.9203,115.0288,34.39,52.25,-0.7656,50.7706,22957900
2025-09-26,180,2025-01-08,2025-09-26,52.21,44.7574,45.1097,116.6512,115.74,34.39,52.25,-0.0766,51.8174,20025800
2025-09-29,180,2025-01-10,2025-09-29,52.42,44.7859,45.1442,117.0457,116.1167,34.39,52.42,0.0,52.428,23701000
2025-09-30,180,2025-01-13,2025-09-30,51.59,44.817,45.1802,115.1127,114.1871,34.39,52.42,-1.5834,50.0145,29945000
2025-10-01,180,2025-01-14,2025-10-01,50.68,44.8444,45.2114,113.0129,112.0955,34.39,52.42,-3.3193,47.3684,27709100
2025-10-02,180,2025-01-15,2025-10-02,50.48,44.8672,45.2376,112.5099,111.5887,34.39,52.42,-3.7009,46.7869,22757200
2025-10-03,180,2025-01-16,2025-10-03,50.64,44.8838,45.2572,112.8247,111.8937,34.39,52.42,-3.3956,47.2521,24565700
2025-10-06,180,2025-01-17,2025-10-06,50.39,44.9016,45.2781,112.2231,111.2901,34.39,52.42,-3.8726,46.5252,25386300
2025-10-07,180,2025-01-21,2025-10-07,50.29,44.9196,45.2989,111.9555,111.018,34.39,52.42,-4.0633,46.2344,24107300
2025-10-08,180,2025-01-22,2025-10-08,49.84,44.935,45.3166,110.9158,109.9817,34.39,52.42,-4.9218,44.9259,24014200
2025-10-09,180,2025-01-23,2025-10-09,49.79,44.9547,45.3388,110.756,109.8176,34.39,52.42,-5.0172,44.7805,21816900
2025-10-10,180,2025-01-24,2025-10-10,48.65,44.9659,45.3514,108.1931,107.2735,34.39,52.42,-7.1919,41.4656,31831900
2025-10-13,180,2025-01-27,2025-10-13,48.86,44.9775,45.3644,108.6321,107.7056,34.39,52.42,-6.7913,42.0762,34462800
2025-10-14,180,2025-01-28,2025-10-14,50.09,44.9918,45.3811,111.3315,110.3765,34.39,52.42,-4.4449,45.6528,42462600
2025-10-15,180,2025-01-29,2025-10-15,52.28,45.0168,45.4113,116.1345,115.1256,34.39,52.42,-0.2671,52.0209,69992200
2025-10-16,180,2025-01-30,2025-10-16,50.44,45.0344,45.4318,112.0033,111.0236,34.39,52.42,-3.7772,46.6705,49027700
2025-10-17,180,2025-01-31,2025-10-17,51.28,45.0559,45.4571,113.8143,112.8096,34.39,52.42,-2.1747,49.1131,48915400
2025-10-20,180,2025-02-03,2025-10-20,52.04,45.0827,45.489,115.4322,114.4013,34.39,52.42,-0.7249,51.3231,25786000
2025-10-21,180,2025-02-04,2025-10-21,51.52,45.1079,45.5185,114.2149,113.1847,34.39,52.42,-1.7169,49.811,27303400
2025-10-22,180,2025-02-05,2025-10-22,51.1,45.1287,45.5429,113.2316,112.2019,34.39,52.42,-2.5181,48.5897,34955000
2025-10-23,180,2025-02-06,2025-10-23,51.76,45.1503,45.5687,114.6393,113.5867,34.39,52.42,-1.2591,50.5089,26028800
2025-10-24,180,2025-02-07,2025-10-24,52.57,45.1721,45.5956,116.3771,115.2963,34.39,52.57,0.0,52.8642,38923900
2025-10-27,180,2025-02-10,2025-10-27,53.02,45.1975,45.6268,117.3074,116.2037,34.39,53.02,0.0,54.1727,27345800
2025-10-28,180,2025-02-11,2025-10-28,52.87,45.226,45.6612,116.9017,115.7875,34.39,53.02,-0.2829,53.7366,29575200
2025-10-29,180,2025-02-12,2025-10-29,52.58,45.2528,45.6934,116.1917,115.0714,34.39,53.02,-0.8299,52.8933,29158800
2025-10-30,180,2025-02-13,2025-10-30,53.03,45.2845,45.7313,117.1042,115.96,34.39,53.03,0.0,54.2018,37548600
2025-10-31,180,2025-02-14,2025-10-31,53.45,45.3173,45.7708,117.9463,116.7774,34.39,53.45,0.0,55.4231,39295700
2025-11-03,180,2025-02-18,2025-11-03,53.56,45.3472,45.8075,118.1109,116.9241,34.39,53.56,0.0,55.743,31252300
2025-11-04,180,2025-02-19,2025-11-04,53.54,45.3794,45.8464,117.9831,116.7811,34.39,53.56,-0.0373,55.6848,47226600
2025-11-05,180,2025-02-20,2025-11-05,52.45,45.4099,45.8822,115.5034,114.3144,34.39,53.56,-2.0724,52.5153,54353600
2025-11-06,180,2025-02-21,2025-11-06,53.29,45.4479,45.9266,117.2552,116.0329,34.39,53.56,-0.5041,54.9578,55296000
2025-11-07,180,2025-02-24,2025-11-07,53.2,45.4883,45.9732,116.9532,115.7195,34.39,53.56,-0.6721,54.6961,40537700
2025-11-10,180,2025-02-25,2025-11-10,53.42,45.5317,46.023,117.3248,116.0724,34.39,53.56,-0.2614,55.3359,26094600
2025-11-11,180,2025-02-26,2025-11-11,53.63,45.5791,46.0768,117.6635,116.3925,34.39,53.63,0.0,55.9465,22244300
2025-11-12,180,2025-02-27,2025-11-12,54.11,45.6285,46.1333,118.5881,117.2905,34.39,54.11,0.0,57.3423,40536700
2025-11-13,180,2025-02-28,2025-11-13,52.87,45.672,46.1819,115.7603,114.482,34.39,54.11,-2.2916,53.7366,37716100
2025-11-14,180,2025-03-03,2025-11-14,52.61,45.7031,46.2181,115.1126,113.8298,34.39,54.11,-2.7721,52.9805,32363100
2025-11-17,180,2025-03-04,2025-11-17,51.48,45.7324,46.251,112.5679,111.3057,34.39,54.11,-4.8605,49.6947,35546800
2025-11-18,180,2025-03-05,2025-11-18,51.64,45.7798,46.3008,112.801,111.5315,34.39,54.11,-4.5648,50.1599,35189500
2025-11-19,180,2025-03-06,2025-11-19,52.02,45.8313,46.3549,113.5032,112.2212,34.39,54.11,-3.8625,51.2649,28112300
2025-11-20,180,2025-03-07,2025-11-20,51.0,45.884,46.4079,111.1498,109.8951,34.39,54.11,-5.7476,48.2989,36661600
2025-11-21,180,2025-03-10,2025-11-21,51.56,45.9398,46.4643,112.2339,110.9668,34.39,54.11,-4.7126,49.9273,43867200
2025-11-24,180,2025-03-11,2025-11-24,51.93,46.0084,46.5316,112.8706,111.6017,34.39,54.11,-4.0288,51.0032,52852100
2025-11-25,180,2025-03-12,2025-11-25,52.48,46.0814,46.6031,113.8855,112.6106,34.39,54.11,-3.0124,52.6025,41310100
2025-11-26,180,2025-03-13,2025-11-26,52.99,46.1545,46.6757,114.8102,113.528,34.39,54.11,-2.0699,54.0855,32045600
2025-11-28,180,2025-03-14,2025-11-28,53.65,46.2323,46.7534,116.0444,114.751,34.39,54.11,-0.8501,56.0047,18920800
2025-12-01,180,2025-03-17,2025-12-01,53.24,46.2998,46.822,114.9897,113.7072,34.39,54.11,-1.6078,54.8125,30536500
2025-12-02,180,2025-03-18,2025-12-02,53.19,46.3634,46.8873,114.7242,113.4423,34.39,54.11,-1.7002,54.6671,46073500
2025-12-03,180,2025-03-19,2025-12-03,54.09,46.4294,46.9564,116.4995,115.192,34.39,54.11,-0.037,57.2841,37134400
2025-12-04,180,2025-03-20,2025-12-04,54.16,46.4921,47.0228,116.493,115.1782,34.39,54.16,0.0,57.4876,38529600
2025-12-05,180,2025-03-21,2025-12-05,53.95,46.5523,47.0865,115.8913,114.5764,34.39,54.16,-0.3877,56.877,33986500
2025-12-08,180,2025-03-24,2025-12-08,53.9,46.6125,47.15,115.6343,114.316,34.39,54.16,-0.4801,56.7316,34386600
2025-12-09,180,2025-03-25,2025-12-09,53.54,46.6673,47.2082,114.727,113.4126,34.39,54.16,-1.1448,55.6848,47189300
2025-12-10,180,2025-03-26,2025-12-10,54.08,46.7232,47.2682,115.7455,114.411,34.39,54.16,-0.1477,57.255,54424400
2025-12-11,180,2025-03-27,2025-12-11,54.56,46.7842,47.3334,116.6205,115.2675,34.39,54.56,0.0,58.6508,35686900
2025-12-12,180,2025-03-28,2025-12-12,55.14,46.8495,47.4033,117.696,116.3211,34.39,55.14,0.0,60.3373,40539400
2025-12-15,180,2025-03-31,2025-12-15,55.33,46.9249,47.4815,117.9119,116.5296,34.39,55.33,0.0,60.8898,32881300
2025-12-16,180,2025-04-01,2025-12-16,54.81,46.9949,47.5542,116.6296,115.258,34.39,55.33,-0.9398,59.3777,32931900
2025-12-17,180,2025-04-02,2025-12-17,54.55,47.0658,47.6267,115.9015,114.5365,34.39,55.33,-1.4097,58.6217,35304100
2025-12-18,180,2025-04-03,2025-12-18,54.26,47.1332,47.6957,115.1206,113.763,34.39,55.33,-1.9339,57.7784,87452700
2025-12-19,180,2025-04-04,2025-12-19,55.27,47.2417,47.7959,116.994,115.6374,34.39,55.33,-0.1084,60.7153,73001900
2025-12-22,180,2025-04-07,2025-12-22,55.88,47.3808,47.9153,117.9381,116.6224,35.03,55.88,0.0,59.5204,33408800
2025-12-23,180,2025-04-08,2025-12-23,55.97,47.5088,48.0286,117.8097,116.5347,35.03,55.97,0.0,59.7773,22274600
2025-12-24,180,2025-04-09,2025-12-24,56.25,47.6443,48.1465,118.0625,116.8309,35.85,56.25,0.0,56.9038,13634400
2025-12-26,180,2025-04-10,2025-12-26,56.17,47.7595,48.2522,117.6102,116.4093,35.85,56.25,-0.1422,56.6806,15259400
2025-12-29,180,2025-04-11,2025-12-29,55.35,47.8843,48.3605,115.591,114.4529,35.95,56.25,-1.6,53.9638,21040100
2025-12-30,180,2025-04-14,2025-12-30,55.28,48.0086,48.4679,115.1461,114.0549,36.67,56.25,-1.7244,50.7499,17427600
2025-12-31,180,2025-04-15,2025-12-31,55.0,48.1252,48.5697,114.2852,113.2393,36.92,56.25,-2.2222,48.9708,16293000
2026-01-02,180,2025-04-16,2026-01-02,55.95,48.2342,48.6695,115.9966,114.9591,36.92,56.25,-0.5333,51.5439,25503600
2026-01-05,180,2025-04-17,2026-01-05,56.89,48.3535,48.7782,117.6543,116.63,36.92,56.89,0.0,54.0899,36096600
2026-01-06,180,2025-04-21,2026-01-06,57.25,48.4741,48.8884,118.1042,117.1035,36.92,57.25,0.0,55.065,31791900
2026-01-07,180,2025-04-22,2026-01-07,55.64,48.5934,48.9924,114.5012,113.5687,38.32,57.25,-2.8122,45.1983,49695500
2026-01-08,180,2025-04-23,2026-01-08,56.18,48.7025,49.0916,115.3535,114.4391,38.75,57.25,-1.869,44.9806,30933700
2026-01-09,180,2025-04-24,2026-01-09,55.85,48.8068,49.1866,114.4307,113.5472,39.58,57.25,-2.4454,41.1066,30768800
2026-01-12,180,2025-04-25,2026-01-12,55.19,48.9016,49.2733,112.8594,112.0078,39.69,57.25,-3.5983,39.0527,45860600
2026-01-13,180,2025-04-28,2026-01-13,54.54,48.9929,49.3558,111.3223,110.5037,39.78,57.25,-4.7336,37.1041,43542200
2026-01-14,180,2025-04-29,2026-01-14,52.48,49.0741,49.4264,106.9402,106.1781,39.88,57.25,-8.3319,31.5948,84750000
2026-01-15,180,2025-04-30,2026-01-15,52.59,49.1544,49.4964,106.9894,106.2502,39.88,57.25,-8.1397,31.8706,51018300
2026-01-16,180,2025-05-01,2026-01-16,52.97,49.2377,49.5691,107.5801,106.8609,40.17,57.25,-7.476,31.8646,52178400
2026-01-20,180,2025-05-02,2026-01-20,52.1,49.3146,49.6354,105.6481,104.9654,40.84,57.25,-8.9956,27.571,49172700
2026-01-21,180,2025-05-05,2026-01-21,52.07,49.3842,49.6965,105.4385,104.776,40.84,57.25,-9.048,27.4976,36340000
2026-01-22,180,2025-05-06,2026-01-22,52.45,49.4555,49.7594,106.0549,105.4071,40.84,57.25,-8.3843,28.428,31229200
2026-01-23,180,2025-05-07,2026-01-23,51.72,49.5256,49.8199,104.4308,103.814,40.93,57.25,-9.6594,26.3621,34553500
2026-01-26,180,2025-05-08,2026-01-26,52.02,49.5967,49.8815,104.8861,104.2872,41.6,57.25,-9.1354,25.0481,27728400
2026-01-27,180,2025-05-09,2026-01-27,52.17,49.6633,49.9402,105.0473,104.4649,41.79,57.25,-8.8734,24.8385,26494300
2026-01-28,180,2025-05-12,2026-01-28,51.81,49.7268,49.9959,104.1892,103.6285,43.2,57.25,-9.5022,19.9306,35030200
2026-01-29,180,2025-05-13,2026-01-29,53.08,49.7849,50.0499,106.6187,106.0542,43.2,57.25,-7.2838,22.8704,35200500
2026-01-30,180,2025-05-14,2026-01-30,53.2,49.8371,50.0994,106.7478,106.1888,43.2,57.25,-7.0742,23.1481,34549100
2026-02-02,180,2025-05-15,2026-02-02,54.03,49.8902,50.1511,108.2979,107.7345,43.2,57.25,-5.6245,25.0694,34624500
2026-02-03,180,2025-05-16,2026-02-03,54.45,49.9479,50.207,109.0136,108.451,43.2,57.25,-4.8908,26.0417,41208400
2026-02-04,180,2025-05-19,2026-02-04,55.38,50.0078,50.2664,110.7427,110.173,43.2,57.25,-3.2664,28.1944,54522500
2026-02-05,180,2025-05-20,2026-02-05,54.94,50.0653,50.3229,109.7366,109.175,43.2,57.25,-4.0349,27.1759,32959700
2026-02-06,180,2025-05-21,2026-02-06,56.53,50.1307,50.3887,112.7653,112.1879,43.2,57.25,-1.2576,30.8565,42468000
2026-02-09,180,2025-05-22,2026-02-09,56.41,50.2061,50.4618,112.3569,111.7876,43.2,57.25,-1.4672,30.5787,31968400
2026-02-10,180,2025-05-23,2026-02-10,55.39,50.2767,50.5289,110.1703,109.6205,43.2,57.25,-3.2489,28.2176,48304700
2026-02-11,180,2025-05-27,2026-02-11,53.85,50.3411,50.5881,106.9703,106.448,44.06,57.25,-5.9389,22.2197,48973500
2026-02-12,180,2025-05-28,2026-02-12,52.52,50.3914,50.6342,104.224,103.7244,44.06,57.25,-8.262,19.2011,55481600
2026-02-13,180,2025-05-29,2026-02-13,52.55,50.4432,50.6813,104.1765,103.6871,44.08,57.25,-8.2096,19.2151,31772100
2026-02-17,180,2025-05-30,2026-02-17,52.74,50.4948,50.7286,104.4464,103.9651,44.08,57.25,-7.8777,19.6461,35542400
2026-02-18,180,2025-06-02,2026-02-18,53.36,50.5504,50.7798,105.5581,105.0811,44.08,57.25,-6.7948,21.0526,30698900
2026-02-19,180,2025-06-03,2026-02-19,52.77,50.6035,50.8281,104.2814,103.8205,44.09,57.25,-7.8253,19.687,47148600
2026-02-20,180,2025-06-04,2026-02-20,53.06,50.654,50.8748,104.7499,104.2952,44.09,57.25,-7.3188,20.3448,33552000
2026-02-23,180,2025-06-05,2026-02-23,51.07,50.6963,50.9121,100.7372,100.3101,44.09,57.25,-10.7948,15.8313,50602500
2026-02-24,180,2025-06-06,2026-02-24,50.41,50.7348,50.9456,99.3599,98.9487,44.09,57.25,-11.9476,14.3343,53062700
2026-02-25,180,2025-06-09,2026-02-25,51.69,50.7762,50.9829,101.7998,101.3868,44.09,57.25,-9.7118,17.2375,41375000
2026-02-26,180,2025-06-10,2026-02-26,52.3,50.8215,51.0242,102.9091,102.5003,44.09,57.25,-8.6463,18.621,52418500
2026-02-27,180,2025-06-11,2026-02-27,49.83,50.8518,51.0506,97.9906,97.6091,44.09,57.25,-12.9607,13.0188,77728700
2026-03-02,180,2025-06-12,2026-03-02,49.81,50.8846,51.0788,97.8881,97.516,44.09,57.25,-12.9956,12.9735,40595200
2026-03-03,180,2025-06-13,2026-03-03,49.97,50.9191,51.1085,98.136,97.7724,44.09,57.25,-12.7162,13.3364,51242900
2026-03-04,180,2025-06-16,2026-03-04,50.3,50.9595,51.143,98.7058,98.3517,44.23,57.25,-12.1397,13.7237,34208500
2026-03-05,180,2025-06-17,2026-03-05,49.81,50.9948,51.173,97.6767,97.3365,44.23,57.25,-12.9956,12.6159,39073900
2026-03-06,180,2025-06-18,2026-03-06,48.64,51.0244,51.1975,95.327,95.0046,44.92,57.25,-15.0393,8.2814,47016000
2026-03-09,180,2025-06-20,2026-03-09,47.9,51.0434,51.2133,93.8417,93.5304,44.92,57.25,-16.3319,6.634,62752800
2026-03-10,180,2025-06-23,2026-03-10,48.56,51.0635,51.2303,95.0973,94.7877,44.92,57.25,-15.179,8.1033,50271100
2026-03-11,180,2025-06-24,2026-03-11,48.52,51.0778,51.2426,94.9923,94.6868,44.92,57.25,-15.2489,8.0143,42185800
2026-03-12,180,2025-06-25,2026-03-12,47.13,51.0809,51.2452,92.2654,91.9696,44.92,57.25,-17.6769,4.9199,58354500
2026-03-13,180,2025-06-26,2026-03-13,46.72,51.08,51.2445,91.4643,91.1708,44.92,57.25,-18.393,4.0071,45473100
2026-03-16,180,2025-06-27,2026-03-16,47.06,51.0774,51.2423,92.1346,91.8382,44.92,57.25,-17.7991,4.764,38055600
2026-03-17,180,2025-06-30,2026-03-17,47.28,51.0785,51.2432,92.5634,92.266,44.92,57.25,-17.4148,5.2538,33427800
2026-03-18,180,2025-07-01,2026-03-18,46.83,51.0753,51.2404,91.6882,91.3927,44.92,57.25,-18.2009,4.252,40251800
2026-03-19,180,2025-07-02,2026-03-19,47.01,51.068,51.2341,92.0538,91.7553,44.92,57.25,-17.8865,4.6527,38601400
2026-03-20,180,2025-07-03,2026-03-20,47.16,51.0582,51.2255,92.3652,92.0635,44.92,57.25,-17.6245,4.9866,78060900
2026-03-23,180,2025-07-07,2026-03-23,47.52,51.0494,51.2177,93.0863,92.7805,44.92,57.25,-16.9956,5.7881,42333200
2026-03-24,180,2025-07-08,2026-03-24,48.14,51.0462,51.2148,94.3067,93.9963,44.92,57.25,-15.9127,7.1683,39804100
2026-03-25,180,2025-07-09,2026-03-25,48.75,51.0563,51.2237,95.4828,95.1709,44.92,57.25,-14.8472,8.5263,29988300
2026-03-26,180,2025-07-10,2026-03-26,48.24,51.0653,51.2314,94.4674,94.1609,44.92,57.25,-15.738,7.3909,32502600
2026-03-27,180,2025-07-11,2026-03-27,46.97,51.0653,51.2314,91.9803,91.682,44.92,57.25,-17.9563,4.5637,36781900
2026-03-30,180,2025-07-14,2026-03-30,47.23,51.0685,51.2342,92.4835,92.1845,44.92,57.25,-17.5022,5.1425,43375900
2026-03-31,180,2025-07-15,2026-03-31,48.75,51.0792,51.2436,95.4401,95.1339,44.92,57.25,-14.8472,8.5263,49060600
2026-04-01,180,2025-07-16,2026-04-01,49.27,51.0991,51.2609,96.4206,96.1162,44.92,57.25,-13.9389,9.6839,32947000
2026-04-02,180,2025-07-17,2026-04-02,49.38,51.1204,51.2795,96.5954,96.2958,44.92,57.25,-13.7467,9.9288,27548200
2026-04-06,180,2025-07-18,2026-04-06,50.06,51.1392,51.2964,97.8897,97.5897,44.92,57.25,-12.559,11.4426,28507200
2026-04-07,180,2025-07-21,2026-04-07,50.28,51.1573,51.3128,98.2851,97.9872,44.92,57.25,-12.1747,11.9323,28473200
2026-04-08,180,2025-07-22,2026-04-08,51.88,51.1833,51.3373,101.3613,101.0572,44.92,57.25,-9.3799,15.4942,36473500
2026-04-09,180,2025-07-23,2026-04-09,52.71,51.2118,51.3647,102.9254,102.6191,44.92,57.25,-7.9301,17.3419,32008000
2026-04-10,180,2025-07-24,2026-04-10,52.54,51.2372,51.3892,102.5427,102.2394,44.92,57.25,-8.2271,16.9635,25225300
2026-04-13,180,2025-07-25,2026-04-13,53.35,51.2652,51.4167,104.0666,103.76,44.92,57.25,-6.8122,18.7667,27835300
2026-04-14,180,2025-07-28,2026-04-14,53.35,51.2929,51.4439,104.0104,103.7051,44.92,57.25,-6.8122,18.7667,40178500
2026-04-15,180,2025-07-29,2026-04-15,54.32,51.3269,51.4778,105.8314,105.5213,44.92,57.25,-5.1179,20.9261,63838200
2026-04-16,180,2025-07-30,2026-04-16,53.51,51.3587,51.5087,104.1889,103.8854,44.92,57.25,-6.5328,19.1229,35206700
2026-04-17,180,2025-07-31,2026-04-17,53.91,51.3924,51.5417,104.8988,104.5949,44.92,57.25,-5.8341,20.0134,43484700
2026-04-20,180,2025-08-01,2026-04-20,53.95,51.4309,51.5788,104.8981,104.5972,44.92,57.25,-5.7642,20.1024,43999200
2026-04-21,180,2025-08-04,2026-04-21,53.48,51.478,51.6223,103.8891,103.5987,44.92,57.25,-6.5852,19.0561,34266300
2026-04-22,180,2025-08-05,2026-04-22,53.12,51.522,51.6627,103.1017,102.8209,44.92,57.25,-7.214,18.2547,24097600
2026-04-23,180,2025-08-06,2026-04-23,52.47,51.5646,51.7011,101.7558,101.4873,44.92,57.25,-8.3493,16.8077,31956300
2026-04-24,180,2025-08-07,2026-04-24,52.05,51.6061,51.7379,100.8602,100.6033,44.92,57.25,-9.083,15.8727,30265400
2026-04-27,180,2025-08-08,2026-04-27,52.63,51.6544,51.7807,101.8888,101.6401,46.01,57.25,-8.0699,14.3882,28043700
2026-04-28,180,2025-08-11,2026-04-28,52.66,51.6951,51.8177,101.8665,101.6256,46.16,57.25,-8.0175,14.0815,21164100
2026-04-29,180,2025-08-12,2026-04-29,52.88,51.736,51.855,102.2112,101.9767,46.72,57.25,-7.6332,13.1849,26250700
2026-04-30,180,2025-08-13,2026-04-30,53.46,51.7709,51.8881,103.2626,103.0294,46.72,57.25,-6.6201,14.4264,27089200
2026-05-01,180,2025-08-14,2026-05-01,53.24,51.8065,51.9214,102.7671,102.5395,46.72,57.25,-7.0044,13.9555,24825000
2026-05-04,180,2025-08-15,2026-05-04,52.19,51.8333,51.9463,100.6882,100.4691,46.72,57.25,-8.8384,11.708,42929000
2026-05-05,180,2025-08-18,2026-05-05,53.12,51.8703,51.9807,102.4092,102.1918,46.72,57.25,-7.214,13.6986,28458600
2026-05-06,180,2025-08-19,2026-05-06,53.6,51.9034,52.0122,103.2688,103.0527,46.72,57.25,-6.3755,14.726,27541200
2026-05-07,180,2025-08-20,2026-05-07,52.75,51.931,52.0382,101.5771,101.3679,46.72,57.25,-7.8603,12.9067,28682100
2026-05-08,180,2025-08-21,2026-05-08,51.31,51.9489,52.0546,98.7702,98.5696,46.72,57.25,-10.3755,9.8245,36111200
2026-05-11,180,2025-08-22,2026-05-11,50.55,51.9629,52.0673,97.2809,97.0858,46.72,57.25,-11.7031,8.1978,33132200
2026-05-12,180,2025-08-25,2026-05-12,50.78,51.9707,52.0746,97.7089,97.514,46.72,57.25,-11.3013,8.6901,33518800
2026-05-13,180,2025-08-26,2026-05-13,49.84,51.9729,52.0766,95.8962,95.7053,46.72,57.25,-12.9432,6.6781,29838000
2026-05-14,180,2025-08-27,2026-05-14,49.85,51.9705,52.0743,95.9198,95.7285,46.72,57.25,-12.9258,6.6995,37671800
2026-05-15,180,2025-08-28,2026-05-15,49.77,51.9668,52.0709,95.7726,95.5811,46.72,57.25,-13.0655,6.5283,46282300
2026-05-18,180,2025-08-29,2026-05-18,50.69,51.968,52.0721,97.5408,97.3459,46.72,57.25,-11.4585,8.4974,33404100
2026-05-19,180,2025-09-02,2026-05-19,50.7,51.9678,52.0718,97.5604,97.3655,46.72,57.25,-11.441,8.5188,44154600
2026-05-20,180,2025-09-03,2026-05-20,51.23,51.9725,52.0763,98.5714,98.3748,46.72,57.25,-10.5153,9.6533,47739400
2026-05-21,180,2025-09-04,2026-05-21,51.49,51.9808,52.0843,99.0558,98.859,46.72,57.25,-10.0611,10.2098,27461900
2026-05-22,180,2025-09-05,2026-05-22,51.8,51.9876,52.0908,99.6392,99.4417,46.72,57.25,-9.5197,10.8733,26683700
2026-05-26,180,2025-09-08,2026-05-26,52.2,52.0016,52.1043,100.3815,100.1836,46.72,57.25,-8.821,11.7295,27397600
2026-05-27,180,2025-09-09,2026-05-27,51.1,52.0114,52.1134,98.2477,98.0553,46.72,57.25,-10.7424,9.375,48581500
2026-05-28,180,2025-09-10,2026-05-28,50.77,52.0142,52.1161,97.608,97.4171,46.72,57.25,-11.3188,8.6687,48550100
2026-05-29,180,2025-09-11,2026-05-29,51.6,52.0227,52.1243,99.1874,98.9942,46.72,57.25,-9.869,10.4452,57930600
2026-06-01,180,2025-09-12,2026-06-01,51.51,52.0271,52.1285,99.0061,98.8135,46.72,57.25,-10.0262,10.2526,34303700
2026-06-02,180,2025-09-15,2026-06-02,52.48,52.0379,52.1391,100.8496,100.6539,46.72,57.25,-8.3319,12.3288,42126500
2026-06-03,180,2025-09-16,2026-06-03,52.4,52.0481,52.1491,100.676,100.4811,46.72,57.25,-8.4716,12.1575,48065400
2026-06-04,180,2025-09-17,2026-06-04,54.17,52.0674,52.1686,104.0382,103.8364,46.72,57.25,-5.3799,15.9461,51883600
2026-06-05,180,2025-09-18,2026-06-05,53.83,52.0806,52.1821,103.359,103.158,46.72,57.25,-5.9738,15.2183,38829400
2026-06-08,180,2025-09-19,2026-06-08,53.63,52.0887,52.1904,102.9589,102.7583,46.72,57.25,-6.3231,14.7902,30332100
2026-06-09,180,2025-09-22,2026-06-09,54.42,52.1002,52.2025,104.4525,104.2479,46.72,57.25,-4.9432,16.4812,32329000
2026-06-10,180,2025-09-23,2026-06-10,54.54,52.1142,52.2171,104.6548,104.4486,46.72,57.25,-4.7336,16.738,37025500
2026-06-11,180,2025-09-24,2026-06-11,55.16,52.1325,52.2363,105.8073,105.5971,46.72,57.25,-3.6507,18.0651,31746300
2026-06-12,180,2025-09-25,2026-06-12,56.02,52.155,52.2603,107.4105,107.1942,46.72,57.25,-2.1485,19.9058,32989000
2026-06-15,180,2025-09-26,2026-06-15,55.87,52.176,52.2826,107.0799,106.8615,46.72,57.25,-2.4105,19.5848,31666500
2026-06-16,180,2025-09-29,2026-06-16,56.84,52.1996,52.3083,108.8897,108.6634,46.72,57.25,-0.7162,21.661,33409800
2026-06-17,180,2025-09-30,2026-06-17,56.53,52.2206,52.3312,108.2523,108.0236,46.72,57.25,-1.2576,20.9974,40439300
2026-06-18,180,2025-10-01,2026-06-18,56.2,52.2447,52.3568,107.5707,107.3405,46.72,57.25,-1.8341,20.2911,70438800
2026-06-22,180,2025-10-02,2026-06-22,57.37,52.2796,52.3939,109.7368,109.4974,46.72,57.37,0.0,22.7954,38653800
2026-06-23,180,2025-10-03,2026-06-23,57.91,52.3183,52.4352,110.6879,110.441,46.72,57.91,0.0,23.9512,30045700
2026-06-24,180,2025-10-06,2026-06-24,57.73,52.3552,52.4746,110.2661,110.0151,46.72,57.91,-0.3108,23.5659,30324900
2026-06-25,180,2025-10-07,2026-06-25,58.19,52.3957,52.5179,111.0587,110.8002,46.72,58.19,0.0,24.5505,33747400
2026-06-26,180,2025-10-08,2026-06-26,57.88,52.4355,52.5601,110.3832,110.1215,46.72,58.19,-0.5327,23.887,48757600
2026-06-29,180,2025-10-09,2026-06-29,57.88,52.4781,52.6048,110.2936,110.028,46.72,58.19,-0.5327,23.887,28920800
2026-06-30,180,2025-10-10,2026-06-30,56.98,52.5169,52.6447,108.4984,108.235,46.72,58.19,-2.0794,21.9606,41324600
2026-07-01,180,2025-10-13,2026-07-01,58.36,52.5694,52.6987,111.0152,110.7428,46.72,58.36,0.0,24.9144,35288400
2026-07-02,180,2025-10-14,2026-07-02,58.73,52.6222,52.7535,111.6068,111.3291,46.72,58.73,0.0,25.7063,29329700
2026-07-06,180,2025-10-15,2026-07-06,59.9,52.6726,52.808,113.7214,113.4298,46.72,59.9,0.0,28.2106,34645400
2026-07-07,180,2025-10-16,2026-07-07,59.86,52.7099,52.8501,113.5649,113.2637,46.72,59.9,-0.0668,28.125,29306100
2026-07-08,180,2025-10-17,2026-07-08,58.3,52.7512,52.8938,110.5188,110.2209,46.72,59.9,-2.6711,24.786,29802400
2026-07-09,180,2025-10-20,2026-07-09,59.25,52.7918,52.9381,112.2333,111.9233,46.72,59.9,-1.0851,26.8193,29203400
2026-07-10,180,2025-10-21,2026-07-10,59.67,52.8299,52.9804,112.9475,112.6265,46.72,59.9,-0.384,27.7183,21916600
2026-07-13,180,2025-10-22,2026-07-13,59.5,52.8703,53.0248,112.5396,112.2117,46.72,59.9,-0.6678,27.3544,27837800
2026-07-14,180,2025-10-23,2026-07-14,60.62,52.918,53.0777,114.5545,114.21,46.72,60.62,0.0,29.7517,49432700
2026-07-15,180,2025-10-24,2026-07-15,61.59,52.9661,53.1323,116.282,115.9182,46.72,61.59,0.0,31.8279,43361000
2026-07-16,180,2025-10-27,2026-07-16,61.49,53.0091,53.1818,115.999,115.6222,46.72,61.59,-0.1624,31.6139,37351900
2026-07-17,180,2025-10-28,2026-07-17,61.27,53.0488,53.2277,115.4975,115.1093,46.72,61.59,-0.5196,31.143,45045200
2026-07-20,180,2025-10-29,2026-07-20,60.42,53.0857,53.2696,113.8159,113.423,46.72,61.59,-1.8997,29.3236,30741100
2026-07-21,180,2025-10-30,2026-07-21,61.22,53.1278,53.3176,115.2316,114.8214,46.72,61.59,-0.6007,31.036,31631600
2026-07-22,180,2025-10-31,2026-07-22,61.62,53.1691,53.3653,115.8945,115.4682,46.72,61.62,0.0,31.8921,51484900
2026-07-23,180,2025-11-03,2026-07-23,61.28,53.2066,53.4088,115.1736,114.7376,46.72,61.62,-0.5518,31.1644,29253200
2026-07-24,180,2025-11-04,2026-07-24,62.05,53.2468,53.456,116.5327,116.0768,46.72,62.05,0.0,32.8125,29035400
2026-07-27,180,2025-11-05,2026-07-27,62.13,53.2875,53.5037,116.5939,116.1228,46.72,62.13,0.0,32.9837,36899800
2026-07-28,180,2025-11-06,2026-07-28,62.62,53.3364,53.5602,117.4057,116.9151,46.72,62.62,0.0,34.0325,28737900
2026-07-29,180,2025-11-07,2026-07-29,61.07,53.3742,53.6034,114.4185,113.9292,46.72,62.62,-2.4752,30.7149,37919000
2026-07-30,180,2025-11-10,2026-07-30,61.73,53.4154,53.6508,115.566,115.0588,46.72,62.62,-1.4213,32.1276,24844000
2026-07-31,180,2025-11-11,2026-07-31,61.95,53.4563,53.6982,115.8891,115.3669,46.72,62.62,-1.0699,32.5985,27301100
2026-08-03,180,2025-11-12,2026-08-03,62.48,53.4982,53.7474,116.7889,116.2475,46.72,62.62,-0.2236,33.7329,24013700
2026-08-04,180,2025-11-13,2026-08-04,62.9,53.5393,53.7962,117.4837,116.9227,46.72,62.9,0.0,34.6318,28242100
2026-08-05,180,2025-11-14,2026-08-05,63.25,53.5888,53.8539,118.0284,117.4474,46.72,63.25,0.0,35.381,30266000
2026-08-06,180,2025-11-17,2026-08-06,63.0,53.6389,53.9116,117.4521,116.8579,46.72,63.25,-0.3953,34.8459,24482900
2026-08-07,180,2025-11-18,2026-08-07,63.17,53.6964,53.9766,117.6429,117.0323,46.72,63.25,-0.1265,35.2098,22620500
2026-08-10,180,2025-11-19,2026-08-10,63.86,53.7558,54.0444,118.7965,118.162,46.72,63.86,0.0,36.6866,25400400
2026-08-11,180,2025-11-20,2026-08-11,64.0,53.8136,54.111,118.929,118.2754,46.72,64.0,0.0,36.9863,20738600
2026-08-12,180,2025-11-21,2026-08-12,64.81,53.8809,54.1877,120.2837,119.6027,46.72,64.81,0.0,38.72,23141641
