date,window_trading_days,window_start,window_end,close,fixed_amount_dca_cost,moving_avg_180,price_to_dca_pct,price_to_ma_pct,min_close_in_window,max_close_in_window,drawdown_from_window_high_pct,above_window_low_pct,volume
2010-09-20,180,2010-01-04,2010-09-20,12.7197,12.8469,12.9358,99.0098,98.3297,10.9127,15.6844,-18.9023,16.5593,175963860
2010-09-21,180,2010-01-05,2010-09-21,12.8493,12.834,12.92,100.1192,99.4529,10.9127,15.6154,-17.7134,17.7471,178473348
2010-09-22,180,2010-01-06,2010-09-22,12.9129,12.8218,12.905,100.7106,100.0611,10.9127,15.2217,-15.1679,18.3296,101382516
2010-09-23,180,2010-01-07,2010-09-23,12.8498,12.8107,12.8918,100.3054,99.6742,10.9127,15.0656,-14.7072,17.7517,92603304
2010-09-24,180,2010-01-08,2010-09-24,13.1954,12.803,12.8826,103.0655,102.4287,10.9127,15.0656,-12.4132,20.9187,134141724
2010-09-27,180,2010-01-11,2010-09-27,13.2735,12.7948,12.8726,103.7415,103.1145,10.9127,15.0428,-11.7616,21.6341,124171704
2010-09-28,180,2010-01-12,2010-09-28,13.1924,12.7863,12.8623,103.1761,102.5665,10.9127,14.8974,-11.4447,20.8911,146041812
2010-09-29,180,2010-01-13,2010-09-29,13.2055,12.779,12.8536,103.337,102.7374,10.9127,14.8974,-11.3573,21.0104,86801112
2010-09-30,180,2010-01-14,2010-09-30,13.1579,12.7718,12.8451,103.0229,102.4354,10.9127,14.8974,-11.6765,20.5747,129634236
2010-10-01,180,2010-01-15,2010-10-01,13.1537,12.7643,12.8361,103.0501,102.4736,10.9127,14.8974,-11.705,20.5357,88911000
2010-10-04,180,2010-01-19,2010-10-04,13.0718,12.7575,12.8281,102.4642,101.8997,10.9127,14.8974,-12.2543,19.7858,77542380
2010-10-05,180,2010-01-20,2010-10-05,13.4692,12.7518,12.8213,105.6259,105.0538,10.9127,14.8974,-9.5868,23.4274,140143716
2010-10-06,180,2010-01-21,2010-10-06,13.3721,12.7465,12.8149,104.9086,104.3486,10.9127,14.8974,-10.2385,22.5377,110381508
2010-10-07,180,2010-01-22,2010-10-07,13.2635,12.7403,12.8075,104.107,103.5606,10.9127,14.8974,-10.9676,21.5424,95736168
2010-10-08,180,2010-01-25,2010-10-08,13.4222,12.7386,12.8056,105.3661,104.8149,10.9127,14.8974,-9.9026,22.9963,114253632
2010-10-11,180,2010-01-26,2010-10-11,13.4845,12.7385,12.8054,105.8565,105.3028,10.9127,14.8974,-9.4843,23.5673,104946948
2010-10-12,180,2010-01-27,2010-10-12,13.5483,12.7383,12.8053,106.3585,105.8024,10.9127,14.8974,-9.0559,24.1521,149993856
2010-10-13,180,2010-01-28,2010-10-13,13.5961,12.7385,12.8055,106.7325,106.1742,10.9127,14.8974,-8.7351,24.5901,122101776
2010-10-14,180,2010-01-29,2010-10-14,13.5368,12.7393,12.8064,106.26,105.7035,10.9127,14.8974,-9.1332,24.0466,265098636
2010-10-15,180,2010-02-01,2010-10-15,15.0513,12.7474,12.8163,118.0735,117.4385,10.9127,15.0513,0.0,37.9251,592399008
2010-10-18,180,2010-02-02,2010-10-18,15.4582,12.7567,12.8281,121.1773,120.5027,10.9127,15.4582,0.0,41.6539,283644072
2010-10-19,180,2010-02-03,2010-10-19,15.211,12.7653,12.8388,119.1589,118.4769,10.9127,15.4582,-1.5995,39.3882,183332484
2010-10-20,180,2010-02-04,2010-10-20,15.2147,12.7727,12.8481,119.1193,118.42,10.9127,15.4582,-1.5752,39.4226,140862996
2010-10-21,180,2010-02-05,2010-10-21,15.3151,12.7822,12.8599,119.8151,119.0912,10.9127,15.4582,-0.926,40.3421,116703180
2010-10-22,180,2010-02-08,2010-10-22,15.3286,12.7913,12.8712,119.8359,119.0917,10.9127,15.4582,-0.8386,40.466,90153756
2010-10-25,180,2010-02-09,2010-10-25,15.4279,12.8005,12.8828,120.5261,119.7562,10.9127,15.4582,-0.1959,41.3764,126209664
2010-10-26,180,2010-02-10,2010-10-26,15.4805,12.8095,12.8942,120.8516,120.0577,10.9127,15.4805,0.0,41.8579,100415484
2010-10-27,180,2010-02-11,2010-10-27,15.4272,12.8186,12.9056,120.3502,119.5385,10.9127,15.4805,-0.3443,41.3695,89586324
2010-10-28,180,2010-02-12,2010-10-28,15.48,12.8276,12.917,120.677,119.8416,10.9127,15.4805,-0.0032,41.8534,87284628
2010-10-29,180,2010-02-16,2010-10-29,15.3579,12.8366,12.9282,119.641,118.7931,10.9127,15.4805,-0.7921,40.7343,91040868
2010-11-01,180,2010-02-17,2010-11-01,15.3904,12.8447,12.9385,119.8188,118.9505,10.9127,15.4805,-0.582,41.0324,123360516
2010-11-02,180,2010-02-18,2010-11-02,15.4054,12.8533,12.9492,119.8558,118.9676,10.9127,15.4805,-0.485,41.17,79824096
2010-11-03,180,2010-02-19,2010-11-03,15.52,12.8617,12.9599,120.6688,119.7538,10.9127,15.52,0.0,42.2203,135084780
2010-11-04,180,2010-02-22,2010-11-04,15.6224,12.8708,12.9716,121.3788,120.4356,10.9127,15.6224,0.0,43.1582,142689168
2010-11-05,180,2010-02-23,2010-11-05,15.6426,12.8797,12.983,121.4521,120.4857,10.9127,15.6426,0.0,43.344,70557372
2010-11-08,180,2010-02-24,2010-11-08,15.6849,12.8898,12.9957,121.6853,120.6929,10.9127,15.6849,0.0,43.7315,83967948
2010-11-09,180,2010-02-25,2010-11-09,15.6361,12.9001,13.0087,121.2091,120.1974,10.9127,15.6849,-0.3111,43.2843,89398512
2010-11-10,180,2010-02-26,2010-11-10,15.5876,12.911,13.0221,120.731,119.7008,10.9127,15.6849,-0.6206,42.8395,99780120
2010-11-11,180,2010-03-01,2010-11-11,15.4452,12.9213,13.0347,119.5328,118.493,10.9127,15.6849,-1.5285,41.5346,90373536
2010-11-12,180,2010-03-02,2010-11-12,15.0973,12.9295,13.0445,116.7671,115.7372,10.9127,15.6849,-3.7462,38.347,135584280
2010-11-15,180,2010-03-03,2010-11-15,14.9017,12.9357,13.0521,115.1977,114.1708,10.9127,15.6849,-4.9939,36.5538,139016844
2010-11-16,180,2010-03-04,2010-11-16,14.6076,12.9402,13.0574,112.8854,111.8721,10.9127,15.6849,-6.8685,33.8592,132163704
2010-11-17,180,2010-03-05,2010-11-17,14.6034,12.9435,13.0614,112.8235,111.8051,10.9127,15.6849,-6.8957,33.8203,97602300
2010-11-18,180,2010-03-08,2010-11-18,14.9289,12.9471,13.0659,115.307,114.2584,10.9127,15.6849,-4.8199,36.8037,103496400
2010-11-19,180,2010-03-09,2010-11-19,14.7855,12.9503,13.0699,114.1715,113.1268,10.9127,15.6849,-5.7342,35.4897,91808100
2010-11-22,180,2010-03-10,2010-11-22,14.7953,12.9538,13.0742,114.2161,113.1641,10.9127,15.6849,-5.6719,35.5791,87376536
2010-11-23,180,2010-03-11,2010-11-23,14.5898,12.9545,13.0751,112.6237,111.5849,10.9127,15.6849,-6.9818,33.6964,86417496
2010-11-24,180,2010-03-12,2010-11-24,14.8891,12.956,13.077,114.9209,113.8572,10.9127,15.6849,-5.0736,36.4391,95760144
2010-11-26,180,2010-03-15,2010-11-26,14.7648,12.9571,13.0785,113.9509,112.8936,10.9127,15.6849,-5.8666,35.2994,52391556
2010-11-29,180,2010-03-16,2010-11-29,14.5673,12.9593,13.0811,112.4083,111.3614,10.9127,15.6849,-7.1254,33.49,114273612
2010-11-30,180,2010-03-17,2010-11-30,13.9067,12.9582,13.0798,107.3197,106.3217,10.9127,15.6849,-11.3375,27.436,284411304
2010-12-01,180,2010-03-18,2010-12-01,14.1229,12.958,13.0796,108.9895,107.9761,10.9127,15.6849,-9.959,29.4173,150013836
2010-12-02,180,2010-03-19,2010-12-02,14.3098,12.9586,13.0804,110.4268,109.399,10.9127,15.6849,-8.7672,31.1303,101814084
2010-12-03,180,2010-03-22,2010-12-03,14.3393,12.9602,13.0822,110.6417,109.6097,10.9127,15.6849,-8.5789,31.4009,105142752
2010-12-06,180,2010-03-23,2010-12-06,14.4735,12.9626,13.0851,111.6559,110.6104,10.9127,15.6849,-7.7237,32.6301,83668248
2010-12-07,180,2010-03-24,2010-12-07,14.6932,12.967,13.0904,113.3124,112.2441,10.9127,15.6849,-6.3229,34.6435,121566312
2010-12-08,180,2010-03-25,2010-12-08,14.7783,12.9707,13.095,113.9354,112.8543,10.9127,15.6849,-5.7804,35.4232,70205724
2010-12-09,180,2010-03-26,2010-12-09,14.8023,12.974,13.099,114.0924,113.0034,10.9127,15.6849,-5.6273,35.6434,74681244
2010-12-10,180,2010-03-29,2010-12-10,14.8201,12.9773,13.1031,114.2002,113.1036,10.9127,15.6849,-5.514,35.8062,68119812
2010-12-13,180,2010-03-30,2010-12-13,14.8804,12.9809,13.1076,114.6332,113.5252,10.9127,15.6849,-5.1295,36.3588,95844060
2010-12-14,180,2010-03-31,2010-12-14,14.8876,12.984,13.1115,114.6614,113.5466,10.9127,15.6849,-5.0832,36.4253,65666268
2010-12-15,180,2010-04-01,2010-12-15,14.7723,12.9866,13.1147,113.7502,112.639,10.9127,15.6849,-5.8187,35.3682,86621292
2010-12-16,180,2010-04-05,2010-12-16,14.8076,12.9891,13.1179,113.9995,112.8806,10.9127,15.6849,-5.5938,35.6915,63812124
2010-12-17,180,2010-04-06,2010-12-17,14.7848,12.9913,13.1206,113.805,112.6834,10.9127,15.6849,-5.7389,35.4828,123360516
2010-12-20,180,2010-04-07,2010-12-20,14.8914,12.9943,13.1244,114.5993,113.4636,10.9127,15.6849,-5.0593,36.4597,78853068
2010-12-21,180,2010-04-08,2010-12-21,15.0918,12.9987,13.1299,116.1029,114.9428,10.9127,15.6849,-3.7813,38.2966,75104820
2010-12-22,180,2010-04-09,2010-12-22,15.1524,13.0028,13.1352,116.5316,115.3576,10.9127,15.6849,-3.3952,38.8516,48251700
2010-12-23,180,2010-04-12,2010-12-23,15.1209,13.007,13.1404,116.2519,115.0713,10.9127,15.6849,-3.5962,38.5626,44387568
2010-12-27,180,2010-04-13,2010-12-27,15.0746,13.0102,13.1446,115.8672,114.683,10.9127,15.6849,-3.8914,38.1384,48275676
2010-12-28,180,2010-04-14,2010-12-28,14.988,13.0115,13.1462,115.1901,114.0096,10.9127,15.6849,-4.4434,37.3449,42549408
2010-12-29,180,2010-04-15,2010-12-29,15.04,13.0128,13.1479,115.5789,114.3911,10.9127,15.6849,-4.1116,37.8219,40727232
2010-12-30,180,2010-04-16,2010-12-30,14.9865,13.0132,13.1484,115.164,113.9794,10.9127,15.6849,-4.453,37.3312,39540420
2010-12-31,180,2010-04-19,2010-12-31,14.8641,13.0182,13.1545,114.1794,112.9964,10.9127,15.6849,-5.2332,36.2098,61510428
2011-01-03,180,2010-04-20,2011-01-03,15.1239,13.0244,13.162,116.1199,114.9052,10.9127,15.6849,-3.5771,38.5901,94513392
2011-01-04,180,2010-04-21,2011-01-04,15.0681,13.0297,13.1686,115.6443,114.4243,10.9127,15.6849,-3.9329,38.0787,72907020
2011-01-05,180,2010-04-22,2011-01-05,15.242,13.0358,13.1762,116.9243,115.6782,10.9127,15.6849,-2.824,39.6725,101190708
2011-01-06,180,2010-04-23,2011-01-06,15.3529,13.0433,13.1854,117.7072,116.4379,10.9127,15.6849,-2.1172,40.6884,82229688
2011-01-07,180,2010-04-26,2011-01-07,15.4264,13.0513,13.1954,118.1985,116.9078,10.9127,15.6849,-1.6481,41.3626,83963952
2011-01-10,180,2010-04-27,2011-01-10,15.3706,13.0609,13.2069,117.6846,116.3837,10.9127,15.6849,-2.0039,40.8512,63104832
2011-01-11,180,2010-04-28,2011-01-11,15.4157,13.071,13.2189,117.9382,116.618,10.9127,15.6849,-1.7167,41.264,57514428
2011-01-12,180,2010-04-29,2011-01-12,15.4372,13.0812,13.2311,118.0108,116.6732,10.9127,15.6849,-1.5795,41.4612,65242692
2011-01-13,180,2010-04-30,2011-01-13,15.4327,13.091,13.2429,117.8879,116.5355,10.9127,15.6849,-1.6082,41.42,53306640
2011-01-14,180,2010-05-03,2011-01-14,15.6201,13.1024,13.2566,119.2156,117.829,10.9127,15.6849,-0.4132,43.1376,94529376
2011-01-18,180,2010-05-04,2011-01-18,16.0068,13.1147,13.2718,122.0524,120.6077,10.9127,16.0068,0.0,46.6806,144535320
2011-01-19,180,2010-05-05,2011-01-19,15.8096,13.1296,13.2892,120.4112,118.9656,10.9127,16.0068,-1.232,44.8735,136107756
2011-01-20,180,2010-05-06,2011-01-20,15.6849,13.1437,13.3055,119.3345,117.8835,10.9127,16.0068,-2.0105,43.7315,219212568
2011-01-21,180,2010-05-07,2011-01-21,15.3111,13.1579,13.3212,116.3639,114.9376,10.9127,16.0068,-4.3463,40.3055,355819824
2011-01-24,180,2010-05-10,2011-01-24,15.2923,13.173,13.3376,116.0884,114.6556,10.9127,16.0068,-4.4635,40.1335,183784032
2011-01-25,180,2010-05-11,2011-01-25,15.5133,13.1847,13.3512,117.6612,116.1934,10.9127,16.0068,-3.083,42.1584,145726128
2011-01-26,180,2010-05-12,2011-01-26,15.4279,13.1979,13.3662,116.8967,115.4251,10.9127,16.0068,-3.6162,41.3764,81442476
2011-01-27,180,2010-05-13,2011-01-27,15.4352,13.2118,13.3817,116.8292,115.3457,10.9127,16.0068,-3.5708,41.4429,80687232
2011-01-28,180,2010-05-14,2011-01-28,15.0398,13.2231,13.3942,113.7385,112.2858,10.9127,16.0068,-6.041,37.8196,169074756
2011-01-31,180,2010-05-17,2011-01-31,15.024,13.235,13.4071,113.5176,112.0601,10.9127,16.0068,-6.1395,37.6751,112083804
2011-02-01,180,2010-05-18,2011-02-01,15.2913,13.2479,13.4214,115.4243,113.9318,10.9127,16.0068,-4.4698,40.1243,109702188
2011-02-02,180,2010-05-19,2011-02-02,15.3153,13.2624,13.4372,115.479,113.9767,10.9127,16.0068,-4.3197,40.3444,70357572
2011-02-03,180,2010-05-20,2011-02-03,15.269,13.2774,13.4533,114.9999,113.4963,10.9127,16.0068,-4.6089,39.9202,59744196
2011-02-04,180,2010-05-21,2011-02-04,15.2898,13.2958,13.4722,114.9973,113.4912,10.9127,16.0068,-4.4792,40.1105,61969968
2011-02-07,180,2010-05-24,2011-02-07,15.3726,13.3151,13.492,115.4529,113.9388,10.9127,16.0068,-3.9617,40.8696,71912016
2011-02-08,180,2010-05-25,2011-02-08,15.475,13.3339,13.5116,116.0572,114.5307,10.9127,16.0068,-3.3222,41.8075,67728204
2011-02-09,180,2010-05-26,2011-02-09,15.4279,13.3527,13.531,115.5419,114.019,10.9127,16.0068,-3.6162,41.3764,73626300
2011-02-10,180,2010-05-27,2011-02-10,15.4264,13.3717,13.5506,115.366,113.843,10.9127,16.0068,-3.6255,41.3626,93282624
2011-02-11,180,2010-05-28,2011-02-11,15.6281,13.3891,13.5693,116.7226,115.1731,10.9127,16.0068,-2.3654,43.2109,103492404
2011-02-14,180,2010-06-01,2011-02-14,15.7195,13.4077,13.5891,117.2417,115.6773,10.9127,16.0068,-1.7948,44.048,85034880
2011-02-15,180,2010-06-02,2011-02-15,15.6194,13.4266,13.6088,116.3319,114.7742,10.9127,16.0068,-2.4202,43.1307,83596320
2011-02-16,180,2010-06-03,2011-02-16,15.6211,13.4436,13.627,116.1976,114.6338,10.9127,16.0068,-2.4092,43.1467,67292640
2011-02-17,180,2010-06-04,2011-02-17,15.6471,13.4588,13.6436,116.2597,114.6848,10.9127,16.0068,-2.2466,43.3852,59092848
2011-02-18,180,2010-06-07,2011-02-18,15.7678,13.4756,13.6619,117.0096,115.4144,10.9127,16.0068,-1.4931,44.4906,128587284
2011-02-22,180,2010-06-08,2011-02-22,15.2705,13.4926,13.6792,113.1769,111.6331,10.9127,16.0068,-4.5995,39.934,145450404
2011-02-23,180,2010-06-09,2011-02-23,15.2983,13.5099,13.6968,113.2378,111.6925,10.9127,16.0068,-4.426,40.1885,115468416
2011-02-24,180,2010-06-10,2011-02-24,15.2357,13.5288,13.7155,112.6167,111.0838,10.9127,16.0068,-4.8169,39.6152,108359532
2011-02-25,180,2010-06-11,2011-02-25,15.2663,13.5457,13.7326,112.702,111.1677,10.9127,16.0068,-4.6261,39.895,77218704
2011-02-28,180,2010-06-14,2011-02-28,15.3504,13.5627,13.75,113.1807,111.6388,10.9127,16.0068,-4.1008,40.6655,91168740
2011-03-01,180,2010-06-15,2011-03-01,15.034,13.5792,13.7664,110.7133,109.2085,10.9127,16.0068,-6.077,37.7669,132795072
2011-03-02,180,2010-06-16,2011-03-02,15.0348,13.5933,13.7806,110.6041,109.1007,10.9127,16.0068,-6.0723,37.7737,80986932
2011-03-03,180,2010-06-17,2011-03-03,15.2543,13.6079,13.7957,112.0987,110.5725,10.9127,16.0068,-4.7012,39.7849,77734188
2011-03-04,180,2010-06-18,2011-03-04,15.0305,13.6217,13.8097,110.3429,108.8406,10.9127,16.0068,-6.0988,37.7348,120319560
2011-03-07,180,2010-06-21,2011-03-07,14.8063,13.6344,13.8224,108.595,107.1181,10.9127,16.0068,-7.4997,35.68,138369492
2011-03-08,180,2010-06-22,2011-03-08,14.8226,13.6492,13.8368,108.5963,107.124,10.9127,16.0068,-7.398,35.8291,91304604
2011-03-09,180,2010-06-23,2011-03-09,14.8091,13.6644,13.8515,108.3768,106.9129,10.9127,16.0068,-7.4825,35.7053,85953960
2011-03-10,180,2010-06-24,2011-03-10,14.522,13.679,13.8652,106.1629,104.7374,10.9127,16.0068,-9.2757,33.075,124998876
2011-03-11,180,2010-06-25,2011-03-11,14.4322,13.6944,13.8793,105.3873,103.9835,10.9127,16.0068,-9.8369,32.2517,121158720
2011-03-14,180,2010-06-28,2011-03-14,14.264,13.7095,13.8928,104.0449,102.6718,10.9127,16.0068,-10.8876,30.7107,112531356
2011-03-15,180,2010-06-29,2011-03-15,14.2533,13.7246,13.9064,103.8517,102.4943,10.9127,16.0068,-10.9548,30.6121,160063776
2011-03-16,180,2010-06-30,2011-03-16,13.9414,13.7416,13.9207,101.454,100.1492,10.9127,16.0068,-12.9028,27.7547,151788060
2011-03-17,180,2010-07-01,2011-03-17,14.048,13.7612,13.9369,102.0845,100.7978,10.9127,16.0068,-12.2368,28.7316,115856028
2011-03-18,180,2010-07-02,2011-03-18,14.0405,13.782,13.9538,101.8763,100.6219,10.9127,16.0068,-12.2837,28.6628,131812056
2011-03-21,180,2010-07-06,2011-03-21,14.4269,13.8054,13.9732,104.5017,103.247,10.9127,16.0068,-9.8698,32.2035,120715164
2011-03-22,180,2010-07-07,2011-03-22,14.4474,13.8292,13.9929,104.4704,103.2487,11.2618,16.0068,-9.7416,28.2876,75400524
2011-03-23,180,2010-07-08,2011-03-23,14.5686,13.8506,14.0112,105.1834,103.978,11.2618,16.0068,-8.9849,29.3631,72575352
2011-03-24,180,2010-07-09,2011-03-24,14.6869,13.8714,14.0293,105.8794,104.6874,11.2618,16.0068,-8.2454,30.4142,83864052
2011-03-25,180,2010-07-12,2011-03-25,14.508,13.8891,14.0449,104.4561,103.2971,11.2618,16.0068,-9.3632,28.8254,114221664
2011-03-28,180,2010-07-13,2011-03-28,14.3984,13.9047,14.0588,103.5507,102.4158,11.2618,16.0068,-10.048,27.8521,88647264
2011-03-29,180,2010-07-14,2011-03-29,14.5578,13.9186,14.0716,104.5921,103.455,11.2618,16.0068,-9.0521,29.2676,64127808
2011-03-30,180,2010-07-15,2011-03-30,14.5606,13.9323,14.0842,104.5096,103.3821,11.2618,16.0068,-9.0349,29.292,56835108
2011-03-31,180,2010-07-16,2011-03-31,14.6837,13.9461,14.0971,105.289,104.161,11.2618,16.0068,-8.2657,30.3853,81094824
2011-04-01,180,2010-07-19,2011-04-01,14.8098,13.9671,14.1155,106.0336,104.9189,11.2618,16.0068,-7.4778,31.5053,104423472
2011-04-04,180,2010-07-20,2011-04-04,14.7067,13.9863,14.1324,105.1506,104.0639,11.2618,16.0068,-8.1219,30.5898,82097820
2011-04-05,180,2010-07-21,2011-04-05,14.2415,14.0002,14.1445,101.7234,100.6854,11.2618,16.0068,-11.0283,26.4588,241658100
2011-04-06,180,2010-07-22,2011-04-06,14.3689,14.0156,14.158,102.5208,101.4895,11.2618,16.0068,-10.2325,27.5899,106625268
2011-04-07,180,2010-07-23,2011-04-07,14.5145,14.0303,14.1712,103.4509,102.4225,11.2618,16.0068,-9.3226,28.8832,101158740
2011-04-08,180,2010-07-26,2011-04-08,14.4685,14.0439,14.1835,103.0228,102.0094,11.2618,16.0068,-9.6103,28.4743,75995928
2011-04-11,180,2010-07-27,2011-04-11,14.4487,14.0577,14.1958,102.7816,101.7818,11.2618,16.0068,-9.7338,28.2987,74253672
2011-04-12,180,2010-07-28,2011-04-12,14.2795,14.0699,14.2066,101.4903,100.5134,11.2618,16.0068,-10.7906,26.7966,83340576
2011-04-13,180,2010-07-29,2011-04-13,14.4214,14.0843,14.2194,102.3933,101.4209,11.2618,16.0068,-9.9042,28.0565,82693224
2011-04-14,180,2010-07-30,2011-04-14,14.4772,14.099,14.2324,102.6824,101.7204,11.2618,16.0068,-9.5555,28.5521,218033748
2011-04-15,180,2010-08-02,2011-04-15,13.2808,14.1069,14.2388,94.1439,93.2721,11.2618,16.0068,-17.0302,17.9281,561186252
2011-04-18,180,2010-08-03,2011-04-18,13.1842,14.1131,14.2438,93.4178,92.5607,11.2618,16.0068,-17.6336,17.0703,201390408
2011-04-19,180,2010-08-04,2011-04-19,13.0513,14.1186,14.2482,92.4403,91.5995,11.2618,16.0068,-18.4638,15.8904,107256636
2011-04-20,180,2010-08-05,2011-04-20,13.1564,14.1218,14.2509,93.1635,92.3197,11.2618,16.0068,-17.8072,16.8237,122277600
2011-04-21,180,2010-08-06,2011-04-21,13.1406,14.1247,14.2533,93.0333,92.1938,11.2618,16.0068,-17.9057,16.6837,98705196
2011-04-25,180,2010-08-09,2011-04-25,13.1394,14.1289,14.2567,92.9968,92.1626,11.2618,16.0068,-17.9135,16.6726,65166768
2011-04-26,180,2010-08-10,2011-04-26,13.3338,14.1334,14.2606,94.3428,93.5015,11.2618,16.0068,-16.6987,18.3992,139860000
2011-04-27,180,2010-08-11,2011-04-27,13.4575,14.139,14.2653,95.18,94.3371,11.2618,16.0068,-15.9264,19.4969,91844064
2011-04-28,180,2010-08-12,2011-04-28,13.4627,14.1467,14.2717,95.1649,94.3314,11.2618,16.0068,-15.8936,19.5436,79920000
2011-04-29,180,2010-08-13,2011-04-29,13.6161,14.1554,14.279,96.1905,95.3579,11.2618,16.0068,-14.9352,20.9057,168970860
2011-05-02,180,2010-08-16,2011-05-02,13.4775,14.1642,14.2862,95.1514,94.339,11.2618,16.0068,-15.8013,19.6747,85262652
2011-05-03,180,2010-08-17,2011-05-03,13.3606,14.1725,14.2929,94.2711,93.477,11.2618,16.0068,-16.5314,18.637,83176740
2011-05-04,180,2010-08-18,2011-05-04,13.4082,14.1802,14.2992,94.5553,93.7684,11.2618,16.0068,-16.2344,19.0591,84595320
2011-05-05,180,2010-08-19,2011-05-05,13.3701,14.1893,14.3065,94.227,93.455,11.2618,16.0068,-16.472,18.7214,79832088
2011-05-06,180,2010-08-20,2011-05-06,13.3959,14.2013,14.3158,94.3287,93.574,11.2618,16.0068,-16.311,18.9503,82161756
2011-05-09,180,2010-08-23,2011-05-09,13.4555,14.2149,14.3264,94.6571,93.921,11.2618,16.0068,-15.9389,19.4791,77870052
2011-05-10,180,2010-08-24,2011-05-10,13.5801,14.229,14.3373,95.4398,94.7187,11.2618,16.0068,-15.1603,20.5857,81634284
2011-05-11,180,2010-08-25,2011-05-11,13.3996,14.2446,14.349,94.0683,93.3841,11.2618,16.0068,-16.2875,18.9836,93458448
2011-05-12,180,2010-08-26,2011-05-12,13.3896,14.2595,14.3602,93.8997,93.2416,11.2618,16.0068,-16.3501,18.8947,57874068
2011-05-13,180,2010-08-27,2011-05-13,13.252,14.2744,14.3711,92.8377,92.213,11.2618,16.0068,-17.21,17.6725,84263652
2011-05-16,180,2010-08-30,2011-05-16,12.9735,14.2857,14.3794,90.8143,90.2229,11.2618,16.0068,-18.95,15.1993,118209672
2011-05-17,180,2010-08-31,2011-05-17,13.2748,14.3004,14.3902,92.8279,92.2489,11.2618,16.0068,-17.0677,17.8748,132011856
2011-05-18,180,2010-09-01,2011-05-18,13.2585,14.3156,14.4013,92.6157,92.0649,11.5198,16.0068,-17.1693,15.0935,78049872
2011-05-19,180,2010-09-02,2011-05-19,13.2945,14.3288,14.4111,92.7818,92.252,11.5911,16.0068,-16.9442,14.6962,98649252
2011-05-20,180,2010-09-03,2011-05-20,13.1139,14.3403,14.4196,91.4479,90.9448,11.6216,16.0068,-18.073,12.8402,92607300
2011-05-23,180,2010-09-07,2011-05-23,12.9727,14.3493,14.4263,90.4069,89.9243,11.6216,16.0068,-18.9547,11.6258,91908000
2011-05-24,180,2010-09-08,2011-05-24,12.9695,14.3595,14.4338,90.3197,89.8551,11.7763,16.0068,-18.975,10.1322,75924000
2011-05-25,180,2010-09-09,2011-05-25,13.0048,14.3687,14.4406,90.5075,90.057,11.9154,16.0068,-18.7546,9.1423,52011936
2011-05-26,180,2010-09-10,2011-05-26,12.9662,14.3765,14.4464,90.1904,89.7539,11.9154,16.0068,-18.9954,8.8188,84655260
2011-05-27,180,2010-09-13,2011-05-27,13.0355,14.3848,14.4526,90.6203,90.1949,12.0228,16.0068,-18.5623,8.4237,69762168
2011-05-31,180,2010-09-14,2011-05-31,13.2387,14.3932,14.4591,91.9791,91.5597,12.0228,16.0068,-17.2928,10.1139,107384508
2011-06-01,180,2010-09-15,2011-06-01,13.1532,14.4014,14.4654,91.3322,90.9283,12.028,16.0068,-17.8275,9.3542,118117764
2011-06-02,180,2010-09-16,2011-06-02,13.2147,14.41,14.472,91.7049,91.3122,12.0385,16.0068,-17.4429,9.7701,88091820
2011-06-03,180,2010-09-17,2011-06-03,13.0901,14.4177,14.4779,90.7915,90.4146,12.266,16.0068,-18.2215,6.7184,69870060
2011-06-06,180,2010-09-20,2011-06-06,13.0395,14.4233,14.4821,90.4059,90.0387,12.7197,16.0068,-18.5373,2.5144,77606316
2011-06-07,180,2010-09-21,2011-06-07,12.9887,14.4252,14.4836,90.0419,89.6787,12.8493,16.0068,-18.8547,1.0848,76227696
2011-06-08,180,2010-09-22,2011-06-08,12.9922,14.4262,14.4844,90.06,89.6979,12.8498,16.0068,-18.8328,1.1081,66069864
2011-06-09,180,2010-09-23,2011-06-09,12.9312,14.4263,14.4845,89.636,89.2758,12.8498,16.0068,-19.2142,0.6329,67496436
2011-06-10,180,2010-09-24,2011-06-10,12.7505,14.4256,14.484,88.3878,88.0317,12.7505,16.0068,-20.343,0.0,97498404
2011-06-13,180,2010-09-27,2011-06-13,12.6309,14.4217,14.4809,87.5824,87.2247,12.6309,16.0068,-21.0903,0.0,96994908
2011-06-14,180,2010-09-28,2011-06-14,12.722,14.4179,14.4778,88.2371,87.8724,12.6309,16.0068,-20.5212,0.7212,93566340
2011-06-15,180,2010-09-29,2011-06-15,12.5863,14.4137,14.4744,87.3219,86.9557,12.5863,16.0068,-21.3686,0.0,82849068
2011-06-16,180,2010-09-30,2011-06-16,12.5218,14.409,14.4706,86.9027,86.5324,12.5218,16.0068,-21.772,0.0,110169720
2011-06-17,180,2010-10-01,2011-06-17,12.1376,14.4016,14.465,84.2798,83.9107,12.1376,16.0068,-24.1718,0.0,209606184
2011-06-20,180,2010-10-04,2011-06-20,12.1266,14.3942,14.4592,84.2467,83.8676,12.1266,16.0068,-24.2406,0.0,121022856
2011-06-21,180,2010-10-05,2011-06-21,12.3373,14.3889,14.4552,85.7418,85.349,12.1266,16.0068,-22.9242,1.7376,110505384
2011-06-22,180,2010-10-06,2011-06-22,12.1874,14.38,14.448,84.7529,84.3535,12.1266,16.0068,-23.8607,0.5015,96187716
2011-06-23,180,2010-10-07,2011-06-23,12.0175,14.3703,14.4405,83.6276,83.2208,12.0175,16.0068,-24.9222,0.0,191875932
2011-06-24,180,2010-10-08,2011-06-24,11.8839,14.3603,14.4329,82.7554,82.3391,11.8839,16.0068,-25.7571,0.0,152071776
2011-06-27,180,2010-10-11,2011-06-27,12.0821,14.3508,14.4254,84.1911,83.7556,11.8839,16.0068,-24.5189,1.6678,137650212
2011-06-28,180,2010-10-12,2011-06-28,12.3536,14.343,14.4191,86.1297,85.6751,11.8839,16.0068,-22.8226,3.9526,108495396
2011-06-29,180,2010-10-13,2011-06-29,12.4517,14.3356,14.413,86.8586,86.3919,11.8839,16.0068,-22.2097,4.7781,93626280
2011-06-30,180,2010-10-14,2011-06-30,12.6722,14.3295,14.4079,88.4343,87.9529,11.8839,16.0068,-20.8324,6.6333,97038864
2011-07-01,180,2010-10-15,2011-07-01,13.0388,14.3263,14.4051,91.0132,90.5149,11.8839,16.0068,-18.542,9.7182,145322532
2011-07-05,180,2010-10-18,2011-07-05,13.3243,14.3165,14.3955,93.07,92.5587,11.8839,16.0068,-16.7581,12.121,153814032
2011-07-06,180,2010-10-19,2011-07-06,13.3974,14.3051,14.3841,93.6545,93.1404,11.8839,16.0068,-16.3016,12.7358,107716176
2011-07-07,180,2010-10-20,2011-07-07,13.6787,14.2968,14.3756,95.6768,95.1522,11.8839,16.0068,-14.5444,15.1028,157262580
2011-07-08,180,2010-10-21,2011-07-08,13.3131,14.2861,14.365,93.1889,92.677,11.8839,16.0068,-16.8285,12.0262,190617192
2011-07-11,180,2010-10-22,2011-07-11,13.1952,14.2742,14.3532,92.4407,91.9318,11.8839,16.0068,-17.5648,11.0344,113458428
2011-07-12,180,2010-10-25,2011-07-12,13.3636,14.2634,14.3423,93.6918,93.1761,11.8839,16.0068,-16.5127,12.4516,113534352
2011-07-13,180,2010-10-26,2011-07-13,13.47,14.2527,14.3314,94.508,93.9889,11.8839,16.0068,-15.8482,13.3465,111496392
2011-07-14,180,2010-10-27,2011-07-14,13.2367,14.2404,14.319,92.9521,92.4419,11.8839,16.0068,-17.3053,11.3839,265714020
2011-07-15,180,2010-10-28,2011-07-15,14.9555,14.2381,14.3164,105.0384,104.4641,11.8839,16.0068,-6.5679,25.8465,548734716
2011-07-18,180,2010-10-29,2011-07-18,14.8884,14.2352,14.3131,104.5886,104.0195,11.8839,16.0068,-6.9869,25.2822,178553268
2011-07-19,180,2010-11-01,2011-07-19,15.0788,14.2338,14.3115,105.9365,105.3615,11.8839,16.0068,-5.7971,26.8847,118581300
2011-07-20,180,2010-11-02,2011-07-20,14.8986,14.2314,14.3088,104.6884,104.1224,11.8839,16.0068,-6.9228,25.3685,89022888
2011-07-21,180,2010-11-03,2011-07-21,15.1899,14.2304,14.3076,106.743,106.167,11.8839,16.0068,-5.103,27.8197,138641220
2011-07-22,180,2010-11-04,2011-07-22,15.4712,14.2302,14.3073,108.7213,108.135,11.8839,16.0068,-3.3457,30.1866,140986872
2011-07-25,180,2010-11-05,2011-07-25,15.49,14.2295,14.3066,108.858,108.2717,11.8839,16.0068,-3.2284,30.3445,125138736
2011-07-26,180,2010-11-08,2011-07-26,15.5786,14.2292,14.3062,109.4828,108.8937,11.8839,16.0068,-2.675,31.09,93622284
2011-07-27,180,2010-11-09,2011-07-27,15.1957,14.2269,14.3035,106.8093,106.2375,11.8839,16.0068,-5.067,27.8681,157218624
2011-07-28,180,2010-11-10,2011-07-28,15.2888,14.2253,14.3016,107.476,106.9028,11.8839,16.0068,-4.4854,28.6514,124211664
2011-07-29,180,2010-11-11,2011-07-29,15.1074,14.223,14.2989,106.2177,105.6539,11.8839,16.0068,-5.6189,27.1247,165330504
2011-08-01,180,2010-11-12,2011-08-01,15.1844,14.2218,14.2975,106.769,106.2037,11.8839,16.0068,-5.1374,27.7733,158485356
2011-08-02,180,2010-11-15,2011-08-02,14.8248,14.2204,14.296,104.2504,103.6995,11.8839,16.0068,-7.384,24.7473,127895976
2011-08-03,180,2010-11-16,2011-08-03,15.0443,14.2211,14.2967,105.7885,105.2288,11.8839,16.0068,-6.0129,26.5941,152874972
2011-08-04,180,2010-11-17,2011-08-04,14.4525,14.2203,14.2959,101.6326,101.0952,11.8839,16.0068,-9.7103,21.6139,196387416
2011-08-05,180,2010-11-18,2011-08-05,14.4905,14.2197,14.2953,101.9044,101.3657,11.8839,16.0068,-9.4727,21.934,236926836
2011-08-08,180,2010-11-19,2011-08-08,13.6642,14.2127,14.2882,96.1404,95.6323,11.8839,16.0068,-14.635,14.9806,299564136
2011-08-09,180,2010-11-22,2011-08-09,14.3496,14.2104,14.2858,100.9794,100.4466,11.8839,16.0068,-10.3529,20.7484,258529212
2011-08-10,180,2010-11-23,2011-08-10,13.739,14.2046,14.2799,96.7222,96.2118,11.8839,16.0068,-14.1676,15.6103,214569216
2011-08-11,180,2010-11-24,2011-08-11,14.0673,14.2017,14.277,99.0535,98.5311,11.8839,16.0068,-12.1164,18.3731,193030776
2011-08-12,180,2010-11-26,2011-08-12,14.1084,14.1976,14.2727,99.3716,98.8486,11.8839,16.0068,-11.86,18.7184,126045828
2011-08-15,180,2010-11-29,2011-08-15,13.9447,14.1931,14.2681,98.2497,97.7331,11.8839,16.0068,-12.8825,17.3412,285510204
2011-08-16,180,2010-11-30,2011-08-16,13.4885,14.187,14.2621,95.0766,94.5754,11.8839,16.0068,-15.7325,13.5024,277298424
2011-08-17,180,2010-12-01,2011-08-17,13.3421,14.1836,14.259,94.0672,93.5695,11.8839,16.0068,-16.6471,12.2705,163000836
2011-08-18,180,2010-12-02,2011-08-18,12.6346,14.1743,14.2507,89.1379,88.6595,11.8839,16.0068,-21.0669,6.3174,251376372
2011-08-19,180,2010-12-03,2011-08-19,12.2853,14.1614,14.2395,86.7518,86.2761,11.8839,16.0068,-23.2494,3.3777,216183600
2011-08-22,180,2010-12-06,2011-08-22,12.4667,14.1498,14.2291,88.1055,87.6143,11.8839,16.0068,-22.1159,4.9044,196039764
2011-08-23,180,2010-12-07,2011-08-23,12.9835,14.1409,14.2208,91.8149,91.2991,11.8839,16.0068,-18.8875,9.2529,173698128
2011-08-24,180,2010-12-08,2011-08-24,13.0953,14.1317,14.2119,92.6663,92.1433,11.8839,16.0068,-18.1886,10.1942,143636220
2011-08-25,180,2010-12-09,2011-08-25,13.014,14.1216,14.2021,92.1571,91.6342,11.8839,16.0068,-18.6968,9.5098,131588280
2011-08-26,180,2010-12-10,2011-08-26,13.1847,14.1124,14.1932,93.4264,92.8947,11.8839,16.0068,-17.6305,10.9459,143708148
2011-08-29,180,2010-12-13,2011-08-29,13.4905,14.105,14.1858,95.6432,95.0988,11.8839,16.0068,-15.72,13.5192,93338568
2011-08-30,180,2010-12-14,2011-08-30,13.531,14.0976,14.1783,95.981,95.435,11.8839,16.0068,-15.4668,13.8603,119440440
2011-08-31,180,2010-12-15,2011-08-31,13.5375,14.0902,14.1708,96.0775,95.5314,11.8839,16.0068,-15.4261,13.9151,107624268
2011-09-01,180,2010-12-16,2011-09-01,13.3258,14.0821,14.1627,94.6294,94.0908,11.8839,16.0068,-16.7488,12.1336,96523380
2011-09-02,180,2010-12-17,2011-09-02,13.1341,14.0727,14.1534,93.3309,92.7982,11.8839,16.0068,-17.9463,10.5206,95951952
2011-09-06,180,2010-12-20,2011-09-06,13.0676,14.0629,14.1439,92.9224,92.3902,11.8839,16.0068,-18.3622,9.9604,108523368
2011-09-07,180,2010-12-21,2011-09-07,13.3641,14.0545,14.1354,95.0881,94.5435,11.8839,16.0068,-16.5096,12.4558,110121768
2011-09-08,180,2010-12-22,2011-09-08,13.3874,14.0452,14.1259,95.3165,94.7717,11.8839,16.0068,-16.3642,12.6516,95124780
2011-09-09,180,2010-12-23,2011-09-09,13.1344,14.0341,14.1147,93.5891,93.0545,11.8839,16.0068,-17.9448,10.5227,130621248
2011-09-12,180,2010-12-27,2011-09-12,13.2663,14.024,14.1044,94.597,94.0575,11.8839,16.0068,-17.1208,11.6324,106709184
2011-09-13,180,2010-12-28,2011-09-13,13.2513,14.014,14.0943,94.5571,94.0185,11.8839,16.0068,-17.2146,11.5061,94073832
2011-09-14,180,2010-12-29,2011-09-14,13.3151,14.0049,14.085,95.0745,94.5336,11.8839,16.0068,-16.816,12.043,107668224
2011-09-15,180,2010-12-30,2011-09-15,13.5776,13.9971,14.0769,97.0029,96.4531,11.8839,16.0068,-15.176,14.252,118313568
2011-09-16,180,2010-12-31,2011-09-16,13.6807,13.9902,14.0696,97.7879,97.2356,11.8839,16.0068,-14.5318,15.1196,141230628
2011-09-19,180,2011-01-03,2011-09-19,13.6804,13.9838,14.063,97.8304,97.2793,11.8839,16.0068,-14.5334,15.1175,98637264
2011-09-20,180,2011-01-04,2011-09-20,13.6794,13.9762,14.055,97.8763,97.3277,11.8839,16.0068,-14.5397,15.1091,111052836
2011-09-21,180,2011-01-05,2011-09-21,13.4935,13.9678,14.0463,96.604,96.0646,11.8839,16.0068,-15.7013,13.5445,100471428
2011-09-22,180,2011-01-06,2011-09-22,13.0295,13.9558,14.034,93.363,92.8427,11.8839,16.0068,-18.5998,9.6403,175835988
2011-09-23,180,2011-01-07,2011-09-23,13.1509,13.944,14.0217,94.3123,93.7893,11.8839,16.0068,-17.8416,10.6616,110980908
2011-09-26,180,2011-01-10,2011-09-26,13.3106,13.9329,14.01,95.5335,95.0076,11.8839,16.0068,-16.8441,12.0051,105262632
2011-09-27,180,2011-01-11,2011-09-27,13.497,13.9231,13.9996,96.9393,96.41,11.8839,16.0068,-15.6794,13.574,120315564
2011-09-28,180,2011-01-12,2011-09-28,13.2342,13.9116,13.9875,95.1307,94.6149,11.8839,16.0068,-17.321,11.3629,90441468
2011-09-29,180,2011-01-13,2011-09-29,13.2007,13.8998,13.975,94.9702,94.4591,11.8839,16.0068,-17.5305,11.0807,116147736
2011-09-30,180,2011-01-14,2011-09-30,12.8889,13.8861,13.9609,92.8185,92.3213,11.8839,16.0068,-19.4785,8.4569,108835056
2011-10-03,180,2011-01-18,2011-10-03,12.4004,13.8683,13.943,89.4152,88.9362,11.8839,16.0068,-22.5302,4.3464,178797024
2011-10-04,180,2011-01-19,2011-10-04,12.5601,13.85,13.9239,90.686,90.2052,11.8839,15.8096,-20.554,5.6899,166185648
2011-10-05,180,2011-01-20,2011-10-05,12.6301,13.8331,13.9062,91.3037,90.8237,11.8839,15.7678,-19.8991,6.2795,181182636
2011-10-06,180,2011-01-21,2011-10-06,12.8806,13.8184,13.8906,93.2139,92.7289,11.8839,15.7678,-18.3104,8.3874,136835028
2011-10-07,180,2011-01-24,2011-10-07,12.8909,13.8054,13.8772,93.376,92.8927,11.8839,15.7678,-18.2453,8.4737,114121764
2011-10-10,180,2011-01-25,2011-10-10,13.4427,13.7958,13.8669,97.4402,96.9408,11.8839,15.7678,-14.7457,13.117,92795112
2011-10-11,180,2011-01-26,2011-10-11,13.5931,13.7862,13.8562,98.5991,98.1009,11.8839,15.7678,-13.7919,14.3826,114021864
2011-10-12,180,2011-01-27,2011-10-12,13.7262,13.7777,13.8468,99.6261,99.1293,11.8839,15.7678,-12.9476,15.5029,126984888
2011-10-13,180,2011-01-28,2011-10-13,13.9887,13.7707,13.8388,101.5835,101.0838,11.8839,15.7678,-11.2827,17.7118,227276496
2011-10-14,180,2011-01-31,2011-10-14,14.8068,13.7696,13.8375,107.5327,107.0053,11.8839,15.7678,-6.0945,24.5957,340854804
2011-10-17,180,2011-02-01,2011-10-17,14.5748,13.7674,13.835,105.8646,105.3478,11.8839,15.7678,-7.5657,22.6436,160167672
2011-10-18,180,2011-02-02,2011-10-18,14.7775,13.765,13.8321,107.3556,106.835,11.8839,15.7678,-6.2802,24.3493,151879968
2011-10-19,180,2011-02-03,2011-10-19,14.532,13.7613,13.8278,105.6006,105.0932,11.8839,15.7678,-7.8371,22.2835,117142740
2011-10-20,180,2011-02-04,2011-10-20,14.6064,13.7582,13.8241,106.1648,105.6588,11.8839,15.7678,-7.3657,22.9089,135024840
2011-10-21,180,2011-02-07,2011-10-21,14.777,13.7558,13.8212,107.4239,106.9155,11.8839,15.7678,-6.2833,24.3451,135504360
2011-10-24,180,2011-02-08,2011-10-24,14.9254,13.7538,13.8187,108.5189,108.0086,11.8839,15.7678,-5.3422,25.5938,136938924
2011-10-25,180,2011-02-09,2011-10-25,14.5936,13.7497,13.8138,106.1378,105.6447,11.8839,15.7678,-7.4467,22.8016,101518380
2011-10-26,180,2011-02-10,2011-10-26,14.6724,13.7462,13.8096,106.7384,106.2476,11.8839,15.7678,-6.9467,23.4649,114809076
2011-10-27,180,2011-02-11,2011-10-27,14.9817,13.7441,13.8072,109.0045,108.5068,11.8839,15.7678,-4.9851,26.0676,151060788
2011-10-28,180,2011-02-14,2011-10-28,15.0185,13.7414,13.8038,109.2939,108.8,11.8839,15.7678,-4.7518,26.3772,100219680
2011-10-31,180,2011-02-15,2011-10-31,14.8308,13.7374,13.7989,107.9594,107.4787,11.8839,15.7678,-5.9421,24.7978,102209688
2011-11-01,180,2011-02-16,2011-11-01,14.4807,13.7321,13.7925,105.4514,104.9897,11.8839,15.7678,-8.1625,21.8518,124878996
2011-11-02,180,2011-02-17,2011-11-02,14.6351,13.7276,13.7871,106.6109,106.1513,11.8839,15.7678,-7.1832,23.1511,84751164
2011-11-03,180,2011-02-18,2011-11-03,14.9525,13.7245,13.7832,108.947,108.4832,11.8839,15.7678,-5.1708,25.8213,106685208
2011-11-04,180,2011-02-22,2011-11-04,14.9184,13.7207,13.7785,108.729,108.2734,11.8839,15.5786,-4.2376,25.5349,113278608
2011-11-07,180,2011-02-23,2011-11-07,15.2235,13.7205,13.7782,110.954,110.4895,11.8839,15.5786,-2.2795,28.1018,134161704
2011-11-08,180,2011-02-24,2011-11-08,15.3238,13.7206,13.7784,111.6845,111.2167,11.8839,15.5786,-1.6353,28.9463,121054824
2011-11-09,180,2011-02-25,2011-11-09,15.0388,13.7197,13.7773,109.6142,109.1566,11.8839,15.5786,-3.465,26.5478,148291560
2011-11-10,180,2011-02-28,2011-11-10,14.8919,13.718,13.7752,108.5572,108.1067,11.8839,15.5786,-4.4079,25.3117,114621264
2011-11-11,180,2011-03-01,2011-11-11,15.224,13.7175,13.7745,110.9825,110.5231,11.8839,15.5786,-2.2762,28.106,158920920
2011-11-14,180,2011-03-02,2011-11-14,15.3403,13.7188,13.7762,111.8195,111.3541,11.8839,15.5786,-1.5293,29.0852,127420452
2011-11-15,180,2011-03-03,2011-11-15,15.4294,13.7206,13.7784,112.4543,111.983,11.8839,15.5786,-0.9574,29.8349,106932960
2011-11-16,180,2011-03-04,2011-11-16,15.3021,13.7208,13.7786,111.5242,111.0564,11.8839,15.5786,-1.775,28.7631,104235660
2011-11-17,180,2011-03-07,2011-11-17,15.0368,13.7209,13.7787,109.5907,109.1309,11.8839,15.5786,-3.4778,26.5309,139592268
2011-11-18,180,2011-03-08,2011-11-18,14.8869,13.7212,13.7791,108.4952,108.0395,11.8839,15.5786,-4.44,25.2695,131376492
2011-11-21,180,2011-03-09,2011-11-21,14.538,13.7199,13.7775,105.9634,105.5198,11.8839,15.5786,-6.6793,22.3341,119931948
2011-11-22,180,2011-03-10,2011-11-22,14.5145,13.7184,13.7759,105.803,105.3616,11.8839,15.5786,-6.8303,22.1361,96115788
2011-11-23,180,2011-03-11,2011-11-23,14.267,13.7171,13.7745,104.0086,103.5757,11.8839,15.5786,-8.419,20.0535,92938968
2011-11-25,180,2011-03-14,2011-11-25,14.0891,13.7154,13.7726,102.7247,102.2981,11.8839,15.5786,-9.5611,18.5563,62433504
2011-11-28,180,2011-03-15,2011-11-28,14.7195,13.7176,13.7751,107.3031,106.8555,11.8839,15.5786,-5.5147,23.8608,113042844
2011-11-29,180,2011-03-16,2011-11-29,14.5878,13.7193,13.777,106.3305,105.8857,11.8839,15.5786,-6.3596,22.7531,73198728
2011-11-30,180,2011-03-17,2011-11-30,14.9998,13.7246,13.7828,109.2908,108.8291,11.8839,15.5786,-3.7155,26.2193,135744120
2011-12-01,180,2011-03-18,2011-12-01,15.3596,13.731,13.7901,111.8609,111.3811,11.8839,15.5786,-1.4056,29.2474,144679176
2011-12-02,180,2011-03-21,2011-12-02,15.5245,13.7381,13.7984,113.0032,112.5098,11.8839,15.5786,-0.347,30.6351,163264572
2011-12-05,180,2011-03-22,2011-12-05,15.6569,13.7438,13.8052,113.9195,113.413,11.8839,15.6569,0.0,31.7491,127772100
2011-12-06,180,2011-03-23,2011-12-06,15.6099,13.7492,13.8117,113.5325,113.0194,11.8839,15.6569,-0.3005,31.3532,92966940
2011-12-07,180,2011-03-24,2011-12-07,15.6004,13.754,13.8174,113.424,112.9036,11.8839,15.6569,-0.3612,31.2732,90201708
2011-12-08,180,2011-03-25,2011-12-08,15.4167,13.7574,13.8215,112.0609,111.5416,11.8839,15.6569,-1.5344,29.7275,96427476
2011-12-09,180,2011-03-28,2011-12-09,15.7012,13.7629,13.8281,114.0834,113.5457,11.8839,15.7012,0.0,32.1218,110537352
2011-12-12,180,2011-03-29,2011-12-12,15.6504,13.7688,13.835,113.666,113.1215,11.8839,15.7012,-0.3235,31.6943,87268644
2011-12-13,180,2011-03-30,2011-12-13,15.6564,13.7738,13.8411,113.6677,113.115,11.8839,15.7012,-0.2853,31.7449,160966872
2011-12-14,180,2011-03-31,2011-12-14,15.4672,13.7781,13.8462,112.2595,111.7075,11.8839,15.7012,-1.4902,30.1529,155991852
2011-12-15,180,2011-04-01,2011-12-15,15.504,13.7819,13.8507,112.4955,111.9363,11.8839,15.7012,-1.2559,30.4624,96247656
2011-12-16,180,2011-04-04,2011-12-16,15.6647,13.7858,13.8555,113.6292,113.0575,11.8839,15.7012,-0.2327,31.8144,178193628
2011-12-19,180,2011-04-05,2011-12-19,15.5613,13.7897,13.8602,112.8472,112.2731,11.8839,15.7012,-0.891,30.9447,85654260
2011-12-20,180,2011-04-06,2011-12-20,15.775,13.7969,13.8688,114.3372,113.7451,11.8839,15.775,0.0,32.743,95432472
2011-12-21,180,2011-04-07,2011-12-21,15.6612,13.803,13.8759,113.4619,112.8656,11.8839,15.775,-0.7218,31.7849,99816084
2011-12-22,180,2011-04-08,2011-12-22,15.7583,13.8088,13.8828,114.1177,113.5089,11.8839,15.775,-0.1063,32.6019,72819108
2011-12-23,180,2011-04-11,2011-12-23,15.8443,13.8151,13.8905,114.6883,114.0661,11.8839,15.8443,0.0,33.3263,58089852
2011-12-27,180,2011-04-12,2011-12-27,16.0223,13.8223,13.8992,115.9158,115.2745,11.8839,16.0223,0.0,34.8235,64191744
2011-12-28,180,2011-04-13,2011-12-28,16.0085,13.8304,13.9088,115.7489,115.096,11.8839,16.0223,-0.0859,34.7077,85002912
2011-12-29,180,2011-04-14,2011-12-29,16.0761,13.838,13.918,116.1737,115.5054,11.8839,16.0761,0.0,35.2763,62952984
2011-12-30,180,2011-04-15,2011-12-30,16.1637,13.8456,13.9274,116.742,116.0566,11.8839,16.1637,0.0,36.0133,71220708
2012-01-03,180,2011-04-18,2012-01-03,16.6519,13.8619,13.9461,120.1272,119.4016,11.8839,16.6519,0.0,40.1217,146912940
2012-01-04,180,2011-04-19,2012-01-04,16.7237,13.879,13.9658,120.4962,119.7478,11.8839,16.7237,0.0,40.7261,114445440
2012-01-05,180,2011-04-20,2012-01-05,16.4917,13.8962,13.9849,118.6783,117.9253,11.8839,16.7237,-1.3871,38.774,131184684
2012-01-06,180,2011-04-21,2012-01-06,16.2668,13.9118,14.0022,116.928,116.1731,11.8839,16.7237,-2.7324,36.8809,107608284
2012-01-09,180,2011-04-25,2012-01-09,15.5771,13.9246,14.0157,111.8674,111.1401,11.8839,16.7237,-6.8564,31.0773,232671096
2012-01-10,180,2011-04-26,2012-01-10,15.5941,13.9375,14.0294,111.8858,111.1533,11.8839,16.7237,-6.7547,31.2205,175648176
2012-01-11,180,2011-04-27,2012-01-11,15.6647,13.9496,14.0423,112.295,111.5534,11.8839,16.7237,-6.3327,31.8144,95904000
2012-01-12,180,2011-04-28,2012-01-12,15.7568,13.9613,14.0551,112.8603,112.1072,11.8839,16.7237,-5.782,32.5893,74932992
2012-01-13,180,2011-04-29,2012-01-13,15.6404,13.9725,14.0672,111.9369,111.1836,11.8839,16.7237,-6.4778,31.6101,92199708
2012-01-17,180,2011-05-02,2012-01-17,15.7302,13.9832,14.0789,112.4936,111.7289,11.8839,16.7237,-5.9406,32.3661,76295628
2012-01-18,180,2011-05-03,2012-01-18,15.8386,13.9952,14.092,113.1712,112.3939,11.8839,16.7237,-5.2927,33.2779,110357532
2012-01-19,180,2011-05-04,2012-01-19,16.0053,14.0087,14.1067,114.2521,113.4583,11.8839,16.7237,-4.2961,34.6803,251959788
2012-01-20,180,2011-05-05,2012-01-20,14.6644,14.0157,14.1137,104.6286,103.9019,11.8839,16.7237,-12.3137,23.3975,422628948
2012-01-23,180,2011-05-06,2012-01-23,14.6527,14.0228,14.1208,104.4914,103.7662,11.8839,16.7237,-12.384,23.2985,136379484
2012-01-24,180,2011-05-09,2012-01-24,14.5378,14.0292,14.1272,103.6249,102.9065,11.8839,16.7237,-13.0709,22.332,122109768
2012-01-25,180,2011-05-10,2012-01-25,14.2515,14.0338,14.1316,101.5514,100.8484,11.8839,16.7237,-14.7827,19.9229,199308492
2012-01-26,180,2011-05-11,2012-01-26,14.2167,14.0374,14.1351,101.2775,100.5771,11.8839,16.7237,-14.9907,19.6302,128918952
2012-01-27,180,2011-05-12,2012-01-27,14.514,14.0437,14.1413,103.3492,102.6354,11.8839,16.7237,-13.213,22.1319,144555300
2012-01-30,180,2011-05-13,2012-01-30,14.4567,14.0497,14.1473,102.8969,102.1873,11.8839,16.7237,-13.5557,21.6497,93126780
2012-01-31,180,2011-05-16,2012-01-31,14.5173,14.0569,14.1543,103.2749,102.5644,11.8839,16.7237,-13.1936,22.1593,85610304
2012-02-01,180,2011-05-17,2012-02-01,14.5353,14.066,14.163,103.3362,102.6288,11.8839,16.7237,-13.0858,22.3109,92735172
2012-02-02,180,2011-05-18,2012-02-02,14.6424,14.0738,14.1706,104.0404,103.3296,11.8839,16.7237,-12.4454,23.2122,96491412
2012-02-03,180,2011-05-19,2012-02-03,14.9232,14.083,14.1798,105.9657,105.2424,11.8839,16.7237,-10.7664,25.5749,126613260
2012-02-06,180,2011-05-20,2012-02-06,15.2425,14.0936,14.1906,108.1517,107.4124,11.8839,16.7237,-8.8571,28.2619,147036816
2012-02-07,180,2011-05-23,2012-02-07,15.1844,14.1051,14.2021,107.652,106.9166,11.8839,16.7237,-9.2042,27.7733,83600316
2012-02-08,180,2011-05-24,2012-02-08,15.2615,14.1179,14.2149,108.1005,107.3632,11.8839,16.7237,-8.7433,28.4219,73382544
2012-02-09,180,2011-05-25,2012-02-09,15.3018,14.1309,14.2278,108.2859,107.5486,11.8839,16.7237,-8.5024,28.761,90497412
2012-02-10,180,2011-05-26,2012-02-10,15.1629,14.1431,14.2398,107.2109,106.4826,11.8839,16.7237,-9.3329,27.5922,92914992
2012-02-13,180,2011-05-27,2012-02-13,15.3203,14.1563,14.2529,108.223,107.4893,11.8839,16.7237,-8.3917,28.9168,72579348
2012-02-14,180,2011-05-31,2012-02-14,15.2593,14.1687,14.2652,107.6969,106.9682,11.8839,16.7237,-8.7568,28.403,72075852
2012-02-15,180,2011-06-01,2012-02-15,15.1542,14.1794,14.2759,106.8747,106.1522,11.8839,16.7237,-9.3853,27.5185,96938964
2012-02-16,180,2011-06-02,2012-02-16,15.1782,14.1907,14.2871,106.9586,106.2368,11.8839,16.7237,-9.2416,27.7207,101134764
2012-02-17,180,2011-06-03,2012-02-17,15.1311,14.2014,14.2978,106.5465,105.8286,11.8839,16.7237,-9.523,27.3248,97866036
2012-02-21,180,2011-06-06,2012-02-21,15.3654,14.2141,14.3104,108.0993,107.3719,11.8839,16.7237,-8.1223,29.2958,99132768
2012-02-22,180,2011-06-07,2012-02-22,15.2137,14.2264,14.3225,106.9397,106.2226,11.8839,16.7237,-9.0291,28.0197,78601320
2012-02-23,180,2011-06-08,2012-02-23,15.1679,14.2389,14.3346,106.5246,105.8134,11.8839,16.7237,-9.303,27.6343,82117800
2012-02-24,180,2011-06-09,2012-02-24,15.2628,14.2518,14.3472,107.0936,106.3814,11.8839,16.7237,-8.7359,28.4324,77346576
2012-02-27,180,2011-06-10,2012-02-27,15.248,14.2651,14.3601,106.8905,106.1832,11.8839,16.7237,-8.8241,28.3082,72483444
2012-02-28,180,2011-06-13,2012-02-28,15.4752,14.2807,14.3752,108.3647,107.6521,11.8839,16.7237,-7.4654,30.2203,113790096
2012-02-29,180,2011-06-14,2012-02-29,15.4717,14.2972,14.391,108.2152,107.5097,11.8839,16.7237,-7.4864,30.1908,125350524
2012-03-01,180,2011-06-15,2012-03-01,15.5756,14.3136,14.4069,108.817,108.1123,11.8839,16.7237,-6.8654,31.0647,89418492
2012-03-02,180,2011-06-16,2012-03-02,15.5468,14.3308,14.4233,108.4852,107.7895,11.8839,16.7237,-7.0375,30.8225,62869068
2012-03-05,180,2011-06-17,2012-03-05,15.3716,14.3477,14.4391,107.1364,106.4581,11.8839,16.7237,-8.0849,29.3485,63668268
2012-03-06,180,2011-06-20,2012-03-06,15.1391,14.3664,14.4558,105.3787,104.727,11.8839,16.7237,-9.4751,27.3922,126849024
2012-03-07,180,2011-06-21,2012-03-07,15.1852,14.3855,14.4728,105.5591,104.9222,11.8839,16.7237,-9.1997,27.7796,50529420
2012-03-08,180,2011-06-22,2012-03-08,15.1937,14.403,14.4887,105.4896,104.8661,11.8839,16.7237,-9.1489,27.8512,53766180
2012-03-09,180,2011-06-23,2012-03-09,15.0213,14.4209,14.5044,104.1633,103.5635,11.8839,16.7237,-10.1799,26.4004,106717176
2012-03-12,180,2011-06-24,2012-03-12,15.1439,14.4408,14.5218,104.8691,104.284,11.8839,16.7237,-9.4466,27.4322,66693240
2012-03-13,180,2011-06-27,2012-03-13,15.46,14.4633,14.5416,106.8906,106.3151,12.0821,16.7237,-7.5567,27.9577,89742168
2012-03-14,180,2011-06-28,2012-03-14,15.4152,14.4842,14.5602,106.4276,105.8722,12.2853,16.7237,-7.8246,25.4767,117358524
2012-03-15,180,2011-06-29,2012-03-15,15.5438,14.5036,14.5779,107.1722,106.6258,12.2853,16.7237,-7.0554,26.5237,97306596
2012-03-16,180,2011-06-30,2012-03-16,15.6416,14.5227,14.5956,107.7046,107.1668,12.2853,16.7237,-6.4703,27.3201,121897980
2012-03-19,180,2011-07-01,2012-03-19,15.8654,14.5414,14.6133,109.1051,108.5676,12.2853,16.7237,-5.1326,29.1412,86825088
2012-03-20,180,2011-07-05,2012-03-20,15.8531,14.5574,14.629,108.9008,108.3678,12.2853,16.7237,-5.2059,29.0414,61558380
2012-03-21,180,2011-07-06,2012-03-21,16.0155,14.5722,14.6439,109.9043,109.3662,12.2853,16.7237,-4.2348,30.3634,98685216
2012-03-22,180,2011-07-07,2012-03-22,16.1674,14.5873,14.6593,110.8319,110.2876,12.2853,16.7237,-3.3264,31.5999,96311592
2012-03-23,180,2011-07-08,2012-03-23,16.0808,14.6003,14.6727,110.1407,109.5972,12.2853,16.7237,-3.8442,30.8951,77530392
2012-03-26,180,2011-07-11,2012-03-26,16.2495,14.6164,14.689,111.1734,110.6237,12.2853,16.7237,-2.8356,32.268,72695232
2012-03-27,180,2011-07-12,2012-03-27,16.1917,14.633,14.7056,110.6518,110.1054,12.2853,16.7237,-3.1813,31.7974,80207712
2012-03-28,180,2011-07-13,2012-03-28,16.4104,14.6496,14.7226,112.0198,111.4644,12.2853,16.7237,-1.8735,33.5778,101454444
2012-03-29,180,2011-07-14,2012-03-29,16.2265,14.6646,14.7379,110.6505,110.1005,12.2853,16.7237,-2.9733,32.0806,76895028
2012-03-30,180,2011-07-15,2012-03-30,16.047,14.6804,14.7535,109.309,108.7678,12.2853,16.7237,-4.0462,30.6201,92335572
2012-04-02,180,2011-07-18,2012-04-02,16.1892,14.6865,14.7603,110.2315,109.6803,12.2853,16.7237,-3.1963,31.7771,91276632
2012-04-03,180,2011-07-19,2012-04-03,16.0816,14.6925,14.767,109.4542,108.9024,12.2853,16.7237,-3.8397,30.9012,81714204
2012-04-04,180,2011-07-20,2012-04-04,15.8946,14.6966,14.7715,108.1518,107.6035,12.2853,16.7237,-4.9575,29.3795,65038896
2012-04-05,180,2011-07-21,2012-04-05,15.8238,14.7013,14.7766,107.6355,107.0868,12.2853,16.7237,-5.381,28.8031,92655252
2012-04-09,180,2011-07-22,2012-04-09,15.7868,14.7043,14.78,107.3617,106.8121,12.2853,16.7237,-5.6024,28.5016,87220692
2012-04-10,180,2011-07-25,2012-04-10,15.6872,14.7054,14.7812,106.6766,106.1296,12.2853,16.7237,-6.198,27.6909,99180720
2012-04-11,180,2011-07-26,2012-04-11,15.9149,14.7074,14.7835,108.21,107.6531,12.2853,16.7237,-4.8363,29.5445,87872040
2012-04-12,180,2011-07-27,2012-04-12,16.2915,14.7108,14.7875,110.7453,110.1712,12.2853,16.7237,-2.5842,32.6102,230033736
2012-04-13,180,2011-07-28,2012-04-13,15.6306,14.713,14.7899,106.2367,105.6845,12.2853,16.7237,-6.5362,27.2305,326045628
2012-04-16,180,2011-07-29,2012-04-16,15.1669,14.7124,14.7892,103.0894,102.5539,12.2853,16.7237,-9.309,23.456,227456316
2012-04-17,180,2011-08-01,2012-04-17,15.2545,14.7132,14.79,103.6794,103.1404,12.2853,16.7237,-8.7852,24.1689,120835044
2012-04-18,180,2011-08-02,2012-04-18,15.2015,14.7132,14.7901,103.3182,102.7811,12.2853,16.7237,-9.1025,23.7371,106673220
2012-04-19,180,2011-08-03,2012-04-19,14.9975,14.7142,14.7911,101.9255,101.3955,12.2853,16.7237,-10.322,22.0769,131652216
2012-04-20,180,2011-08-04,2012-04-20,14.9164,14.7135,14.7904,101.3792,100.8522,12.2853,16.7237,-10.8069,21.4169,122213664
2012-04-23,180,2011-08-05,2012-04-23,14.955,14.7163,14.7932,101.6218,101.0937,12.2853,16.7237,-10.5764,21.7306,87824088
2012-04-24,180,2011-08-08,2012-04-24,15.0468,14.7194,14.7963,102.2245,101.6933,12.2853,16.7237,-10.0272,22.4782,77086836
2012-04-25,180,2011-08-09,2012-04-25,15.2583,14.7286,14.8051,103.5963,103.0607,12.2853,16.7237,-8.7628,24.1995,72771156
2012-04-26,180,2011-08-10,2012-04-26,15.4022,14.7343,14.811,104.5326,103.9916,12.2853,16.7237,-7.9024,25.3707,83616300
2012-04-27,180,2011-08-11,2012-04-27,15.3899,14.7437,14.8201,104.3826,103.8445,12.2853,16.7237,-7.9757,25.2709,65390544
2012-04-30,180,2011-08-12,2012-04-30,15.1364,14.7498,14.8261,102.621,102.093,12.2853,16.7237,-9.4915,23.2074,96195708
2012-05-01,180,2011-08-15,2012-05-01,15.1259,14.7556,14.8317,102.5096,101.9832,12.2853,16.7237,-9.5544,23.1219,80011908
2012-05-02,180,2011-08-16,2012-05-02,15.1967,14.7627,14.8387,102.9397,102.4127,12.2853,16.7237,-9.1309,23.6984,64395540
2012-05-03,180,2011-08-17,2012-05-03,15.2908,14.7733,14.8487,103.5029,102.9773,12.2853,16.7237,-8.5683,24.4643,74645280
2012-05-04,180,2011-08-18,2012-05-04,14.9392,14.783,14.8576,101.0564,100.5494,12.2853,16.7237,-10.6707,21.6023,88207704
2012-05-07,180,2011-08-19,2012-05-07,15.204,14.7993,14.8718,102.7344,102.2332,12.2853,16.7237,-9.0875,23.7574,79700220
2012-05-08,180,2011-08-22,2012-05-08,15.3351,14.819,14.8888,103.4826,102.9976,12.4004,16.7237,-8.3034,23.6661,106984908
2012-05-09,180,2011-08-23,2012-05-09,15.244,14.8369,14.9042,102.7441,102.2798,12.4004,16.7237,-8.8481,22.9315,93058848
2012-05-10,180,2011-08-24,2012-05-10,15.3569,14.8514,14.9174,103.4032,102.9459,12.4004,16.7237,-8.1732,23.8416,61374564
2012-05-11,180,2011-08-25,2012-05-11,15.1459,14.8641,14.9288,101.8958,101.4543,12.4004,16.7237,-9.4347,22.1404,83892024
2012-05-14,180,2011-08-26,2012-05-14,15.1151,14.8772,14.9405,101.599,101.169,12.4004,16.7237,-9.6187,21.8922,72903024
2012-05-15,180,2011-08-29,2012-05-15,15.293,14.8901,14.9522,102.7061,102.2797,12.4004,16.7237,-8.5548,23.327,83999916
2012-05-16,180,2011-08-30,2012-05-16,15.739,14.9032,14.9647,105.6085,105.1743,12.4004,16.7237,-5.8883,26.9232,193210596
2012-05-17,180,2011-08-31,2012-05-17,15.5918,14.9152,14.9761,104.5365,104.1114,12.4004,16.7237,-6.7681,25.7366,134017848
2012-05-18,180,2011-09-01,2012-05-18,15.025,14.9243,14.9844,100.6752,100.2712,12.4004,16.7237,-10.1574,21.1656,238701060
2012-05-21,180,2011-09-02,2012-05-21,15.3681,14.9366,14.9957,102.8889,102.4833,12.4004,16.7237,-8.1059,23.9324,122892984
2012-05-22,180,2011-09-06,2012-05-22,15.035,14.9485,15.0063,100.5786,100.1916,12.4004,16.7237,-10.0976,21.2464,121953924
2012-05-23,180,2011-09-07,2012-05-23,15.2518,14.9622,15.0184,101.9355,101.5536,12.4004,16.7237,-8.8017,22.994,126996876
2012-05-24,180,2011-09-08,2012-05-24,15.1066,14.9729,15.0281,100.8929,100.5224,12.4004,16.7237,-9.6696,21.8235,75576348
2012-05-25,180,2011-09-09,2012-05-25,14.8031,14.9818,15.036,98.8068,98.4509,12.4004,16.7237,-11.4847,19.3756,143132724
2012-05-29,180,2011-09-12,2012-05-29,14.8734,14.9929,15.0456,99.2026,98.8551,12.4004,16.7237,-11.0642,19.9427,104123772
2012-05-30,180,2011-09-13,2012-05-30,14.7205,15.0022,15.0537,98.1219,97.7863,12.4004,16.7237,-11.9785,18.7096,76191732
2012-05-31,180,2011-09-14,2012-05-31,14.536,15.0106,15.0608,96.8387,96.5154,12.4004,16.7237,-13.0813,17.2223,118613268
2012-06-01,180,2011-09-15,2012-06-01,14.2888,15.017,15.0663,95.1509,94.8397,12.4004,16.7237,-14.5598,15.2285,122193684
2012-06-04,180,2011-09-16,2012-06-04,14.4792,15.0227,15.0713,96.3822,96.0718,12.4004,16.7237,-13.421,16.7642,97210692
2012-06-05,180,2011-09-19,2012-06-05,14.2745,15.0265,15.0746,94.9954,94.6928,12.4004,16.7237,-14.6451,15.1134,93502404
2012-06-06,180,2011-09-20,2012-06-06,14.5288,15.0319,15.0793,96.653,96.3493,12.4004,16.7237,-13.1247,17.1638,83748168
2012-06-07,180,2011-09-21,2012-06-07,14.4702,15.0369,15.0837,96.2313,95.933,12.4004,16.7237,-13.4749,16.6916,70269660
2012-06-08,180,2011-09-22,2012-06-08,14.5258,15.0435,15.0894,96.5583,96.2647,12.4004,16.7237,-13.1427,17.1396,56359584
2012-06-11,180,2011-09-23,2012-06-11,14.2267,15.0517,15.0961,94.5193,94.2414,12.4004,16.7237,-14.9309,14.728,106337556
2012-06-12,180,2011-09-26,2012-06-12,14.1416,15.0584,15.1016,93.9122,93.6436,12.4004,16.7237,-15.4396,14.0418,128839032
2012-06-13,180,2011-09-27,2012-06-13,14.0413,15.0633,15.1056,93.2153,92.9541,12.4004,16.7237,-16.0397,13.2326,78089832
2012-06-14,180,2011-09-28,2012-06-14,13.9902,15.0666,15.1084,92.8561,92.5993,12.4004,16.7237,-16.3449,12.8209,93702204
2012-06-15,180,2011-09-29,2012-06-15,14.1269,15.0726,15.1133,93.7255,93.473,12.4004,16.7237,-15.5279,13.9228,119927952
2012-06-18,180,2011-09-30,2012-06-18,14.2855,15.0799,15.1193,94.7325,94.4851,12.4004,16.7237,-14.5792,15.2022,99776124
2012-06-19,180,2011-10-03,2012-06-19,14.5528,15.0911,15.1286,96.4331,96.194,12.4004,16.7237,-12.9811,17.3575,82964952
2012-06-20,180,2011-10-04,2012-06-20,14.4522,15.1056,15.14,95.6745,95.4572,12.5601,16.7237,-13.5826,15.0648,93774132
2012-06-21,180,2011-10-05,2012-06-21,14.1444,15.1169,15.1488,93.5668,93.3698,12.6301,16.7237,-15.4232,11.9893,80371548
2012-06-22,180,2011-10-06,2012-06-22,14.3013,15.1287,15.1581,94.5312,94.3477,12.8806,16.7237,-14.4849,11.0295,89026884
2012-06-25,180,2011-10-07,2012-06-25,14.0315,15.1368,15.1645,92.6984,92.529,12.8909,16.7237,-16.098,8.8484,63200736
2012-06-26,180,2011-10-10,2012-06-26,14.1311,15.1454,15.1714,93.3029,93.1435,13.4427,16.7237,-15.5025,5.1213,53953992
2012-06-27,180,2011-10-11,2012-06-27,14.2467,15.1508,15.1758,94.0331,93.8779,13.5931,16.7237,-14.8112,4.8087,67624308
2012-06-28,180,2011-10-12,2012-06-28,14.1219,15.1543,15.1788,93.1873,93.037,13.7262,16.7237,-15.5579,2.8824,76759164
2012-06-29,180,2011-10-13,2012-06-29,14.5163,15.1594,15.1832,95.7578,95.6077,13.9887,16.7237,-13.1996,3.7711,100679220
2012-07-02,180,2011-10-14,2012-07-02,14.5263,15.1627,15.1861,95.8025,95.6548,13.9902,16.7237,-13.1397,3.8315,66153780
2012-07-03,180,2011-10-17,2012-07-03,14.7105,15.1622,15.1856,97.0208,96.8711,13.9902,16.7237,-12.0384,5.148,47532420
2012-07-05,180,2011-10-18,2012-07-05,14.9129,15.1642,15.1875,98.3432,98.1921,13.9902,16.7237,-10.8278,6.5951,93742164
2012-07-06,180,2011-10-19,2012-07-06,14.6642,15.1635,15.1869,96.7071,96.5583,13.9902,16.7237,-12.3152,4.8171,86385528
2012-07-09,180,2011-10-20,2012-07-09,14.6649,15.1643,15.1876,96.7069,96.5585,13.9902,16.7237,-12.3107,4.8225,68535396
2012-07-10,180,2011-10-21,2012-07-10,14.5571,15.164,15.1873,95.9976,95.8501,13.9902,16.7237,-12.9556,4.0515,76847076
2012-07-11,180,2011-10-24,2012-07-11,14.294,15.1611,15.1846,94.2813,94.1349,13.9902,16.7237,-14.5283,2.1715,139832028
2012-07-12,180,2011-10-25,2012-07-12,14.2763,15.1572,15.181,94.1882,94.0403,13.9902,16.7237,-14.6346,2.0445,92299608
2012-07-13,180,2011-10-26,2012-07-13,14.4274,15.1562,15.1801,95.1918,95.0417,13.9902,16.7237,-13.7308,3.1249,78960960
2012-07-16,180,2011-10-27,2012-07-16,14.3874,15.1544,15.1785,94.9384,94.7878,13.9902,16.7237,-13.9702,2.8387,58445496
2012-07-17,180,2011-10-28,2012-07-17,14.4327,15.1512,15.1755,95.2576,95.1053,13.9902,16.7237,-13.6993,3.1625,67136796
2012-07-18,180,2011-10-31,2012-07-18,14.5335,15.1484,15.1728,95.9412,95.7869,13.9902,16.7237,-13.0963,3.8834,61866072
2012-07-19,180,2011-11-01,2012-07-19,14.8413,15.1484,15.1728,97.9728,97.8152,13.9902,16.7237,-11.2558,6.0835,186801012
2012-07-20,180,2011-11-02,2012-07-20,15.2858,15.1531,15.1773,100.8758,100.7147,13.9902,16.7237,-8.5982,9.2604,258289452
2012-07-23,180,2011-11-03,2012-07-23,15.4032,15.1574,15.1816,101.6212,101.4595,13.9902,16.7237,-7.8964,10.0993,142325532
2012-07-24,180,2011-11-04,2012-07-24,15.2045,15.1588,15.183,100.3009,100.1415,13.9902,16.7237,-9.0845,8.679,80295624
2012-07-25,180,2011-11-07,2012-07-25,15.215,15.1605,15.1846,100.3592,100.1998,13.9902,16.7237,-9.0217,8.7541,72847080
2012-07-26,180,2011-11-08,2012-07-26,15.3493,15.1612,15.1853,101.241,101.0802,13.9902,16.7237,-8.2181,9.7147,67340592
2012-07-27,180,2011-11-09,2012-07-27,15.8899,15.1642,15.1885,104.7858,104.6181,13.9902,16.7237,-4.9859,13.5784,141846012
2012-07-30,180,2011-11-10,2012-07-30,15.8233,15.1684,15.1928,104.3179,104.15,13.9902,16.7237,-5.384,13.1026,87380532
2012-07-31,180,2011-11-11,2012-07-31,15.8401,15.1735,15.1981,104.393,104.2242,13.9902,16.7237,-5.2837,13.2224,74549376
2012-08-01,180,2011-11-14,2012-08-01,15.8328,15.1767,15.2015,104.323,104.1533,13.9902,16.7237,-5.3271,13.1706,73710216
2012-08-02,180,2011-11-15,2012-08-02,15.7345,15.1788,15.2037,103.6607,103.4914,13.9902,16.7237,-5.9152,12.4676,79028892
2012-08-03,180,2011-11-16,2012-08-03,16.0493,15.182,15.2071,105.7124,105.5381,13.9902,16.7237,-4.0327,14.7178,75808116
2012-08-06,180,2011-11-17,2012-08-06,16.0866,15.1861,15.2115,105.9295,105.753,13.9902,16.7237,-3.8098,14.9844,71224704
2012-08-07,180,2011-11-18,2012-08-07,16.0295,15.1914,15.217,105.5171,105.3398,13.9902,16.7237,-4.151,14.5765,79192728
2012-08-08,180,2011-11-21,2012-08-08,16.0718,15.1978,15.2236,105.7513,105.572,13.9902,16.7237,-3.8981,14.8788,52835112
2012-08-09,180,2011-11-22,2012-08-09,16.0748,15.2062,15.2321,105.7123,105.5325,13.9902,16.7237,-3.8801,14.9003,42769188
2012-08-10,180,2011-11-23,2012-08-10,16.0661,15.2147,15.2407,105.5954,105.4154,13.9902,16.7237,-3.9325,14.8377,57326616
2012-08-13,180,2011-11-25,2012-08-13,16.5168,15.227,15.2532,108.47,108.2838,13.9902,16.7237,-1.2375,18.0592,130585284
2012-08-14,180,2011-11-28,2012-08-14,16.7332,15.2415,15.2679,109.7873,109.5974,13.9902,16.7332,0.0,19.6065,146321532
2012-08-15,180,2011-11-29,2012-08-15,16.7052,15.2519,15.2789,109.5285,109.3348,13.9902,16.7332,-0.1675,19.4061,96331572
2012-08-16,180,2011-11-30,2012-08-16,16.8386,15.2638,15.2914,110.3173,110.1177,13.9902,16.8386,0.0,20.3595,68639292
2012-08-17,180,2011-12-01,2012-08-17,16.9454,15.2737,15.3023,110.9453,110.7382,13.9902,16.9454,0.0,21.1233,87020892
2012-08-20,180,2011-12-02,2012-08-20,16.9054,15.2814,15.3108,110.6272,110.4146,13.9902,16.9454,-0.2363,20.8371,70253676
2012-08-21,180,2011-12-05,2012-08-21,16.7545,15.2875,15.3177,109.5958,109.3802,13.9902,16.9454,-1.1268,19.7585,88799112
2012-08-22,180,2011-12-06,2012-08-22,16.9464,15.2939,15.3248,110.8055,110.5815,13.9902,16.9464,0.0,21.1305,76291632
2012-08-23,180,2011-12-07,2012-08-23,16.9369,15.3004,15.3322,110.6961,110.4664,13.9902,16.9464,-0.0561,21.0625,71296632
2012-08-24,180,2011-12-08,2012-08-24,16.9827,15.3072,15.3399,110.9462,110.7096,13.9902,16.9827,0.0,21.3899,57006936
2012-08-27,180,2011-12-09,2012-08-27,16.7472,15.3139,15.3473,109.3599,109.1219,13.9902,16.9827,-1.3866,19.7067,104443452
2012-08-28,180,2011-12-12,2012-08-28,16.9482,15.32,15.3542,110.628,110.3814,13.9902,16.9827,-0.2034,21.143,82261656
2012-08-29,180,2011-12-13,2012-08-29,17.2175,15.3276,15.3629,112.33,112.0716,13.9902,17.2175,0.0,23.0677,119492388
2012-08-30,180,2011-12-14,2012-08-30,17.0591,15.3344,15.3707,111.2467,110.9842,13.9902,17.2175,-0.92,21.9354,65010924
2012-08-31,180,2011-12-15,2012-08-31,17.1444,15.3427,15.38,111.743,111.4718,13.9902,17.2175,-0.4244,22.5454,84998916
2012-09-04,180,2011-12-16,2012-09-04,17.043,15.3503,15.3886,111.0272,110.7512,13.9902,17.2175,-1.0131,21.8209,75508416
2012-09-05,180,2011-12-19,2012-09-05,17.035,15.3571,15.3962,110.9265,110.6445,13.9902,17.2175,-1.0596,21.7637,68259672
2012-09-06,180,2011-12-20,2012-09-06,17.5025,15.3664,15.407,113.9011,113.6011,13.9902,17.5025,0.0,25.1051,121618260
2012-09-07,180,2011-12-21,2012-09-07,17.6714,15.3753,15.4175,114.9336,114.6191,13.9902,17.6714,0.0,26.3125,129190680
2012-09-10,180,2011-12-22,2012-09-10,17.5368,15.3843,15.4279,113.9915,113.6691,13.9902,17.6714,-0.7619,25.3502,102297600
2012-09-11,180,2011-12-23,2012-09-11,17.3221,15.3918,15.4366,112.5406,112.2141,13.9902,17.6714,-1.9769,23.8154,74877048
2012-09-12,180,2011-12-27,2012-09-12,17.2893,15.3988,15.4446,112.277,111.9436,13.9902,17.6714,-2.1624,23.5811,105586308
2012-09-13,180,2011-12-28,2012-09-13,17.6687,15.4064,15.4538,114.6836,114.3322,13.9902,17.6714,-0.0156,26.2928,106253640
2012-09-14,180,2011-12-29,2012-09-14,17.7598,15.4146,15.4635,115.2141,114.8494,13.9902,17.7598,0.0,26.9439,104635260
2012-09-17,180,2011-12-30,2012-09-17,17.7673,15.4224,15.4729,115.2043,114.8282,13.9902,17.7673,0.0,26.9976,60271668
2012-09-18,180,2012-01-03,2012-09-18,17.975,15.4306,15.483,116.4889,116.0951,13.9902,17.975,0.0,28.4823,82589328
2012-09-19,180,2012-01-04,2012-09-19,18.2057,15.4374,15.4916,117.9323,117.5198,13.9902,18.2057,0.0,30.1315,123808068
2012-09-20,180,2012-01-05,2012-09-20,18.2212,15.4439,15.4999,117.9831,117.5568,13.9902,18.2212,0.0,30.2424,116179704
2012-09-21,180,2012-01-06,2012-09-21,18.3681,15.4521,15.5104,118.871,118.4249,13.9902,18.3681,0.0,31.2924,254109636
2012-09-24,180,2012-01-09,2012-09-24,18.7533,15.463,15.5242,121.2785,120.8004,13.9902,18.7533,0.0,34.0453,142409448
2012-09-25,180,2012-01-10,2012-09-25,18.7477,15.4774,15.5418,121.1299,120.628,13.9902,18.7533,-0.0294,34.0059,242097660
2012-09-26,180,2012-01-11,2012-09-26,18.8554,15.4922,15.5599,121.7089,121.1791,13.9902,18.8554,0.0,34.7751,226689084
2012-09-27,180,2012-01-12,2012-09-27,18.9314,15.5069,15.5781,122.0841,121.5263,13.9902,18.9314,0.0,35.3188,157086756
2012-09-28,180,2012-01-13,2012-09-28,18.8814,15.5209,15.5954,121.6512,121.0701,13.9902,18.9314,-0.2644,34.9611,111228660
2012-10-01,180,2012-01-17,2012-10-01,19.0636,15.5363,15.6144,122.7034,122.0894,13.9902,19.0636,0.0,36.2633,126593280
2012-10-02,180,2012-01-18,2012-10-02,18.9437,15.5508,15.6323,121.8184,121.1832,13.9902,19.0636,-0.6288,35.4065,111496392
2012-10-03,180,2012-01-19,2012-10-03,19.0816,15.5652,15.6503,122.5913,121.9247,13.9902,19.0816,0.0,36.3921,88243668
2012-10-04,180,2012-01-20,2012-10-04,19.2205,15.5793,15.6682,123.372,122.6721,13.9902,19.2205,0.0,37.3848,98069832
2012-10-05,180,2012-01-23,2012-10-05,19.2105,15.6011,15.6934,123.1355,122.411,13.9902,19.2205,-0.0521,37.3133,109326564
2012-10-08,180,2012-01-24,2012-10-08,18.965,15.6221,15.7174,121.3984,120.6624,13.9902,19.2205,-1.3293,35.5585,78265656
2012-10-09,180,2012-01-25,2012-10-09,18.6209,15.6426,15.7401,119.0398,118.3024,13.9902,19.2205,-3.1196,33.099,120007872
2012-10-10,180,2012-01-26,2012-10-10,18.6326,15.665,15.7644,118.9442,118.1944,13.9902,19.2205,-3.0584,33.1831,81514404
2012-10-11,180,2012-01-27,2012-10-11,18.8058,15.6885,15.7899,119.8703,119.1003,13.9902,19.2205,-2.1574,34.4209,95260644
2012-10-12,180,2012-01-30,2012-10-12,18.6374,15.7093,15.8128,118.639,117.8627,13.9902,19.2205,-3.0337,33.2171,96071832
2012-10-15,180,2012-01-31,2012-10-15,18.543,15.7303,15.8355,117.8814,117.0979,13.9902,19.2205,-3.5245,32.5427,120643236
2012-10-16,180,2012-02-01,2012-10-16,18.6361,15.7512,15.8584,118.3156,117.516,13.9902,19.2205,-3.0402,33.2081,82245672
2012-10-17,180,2012-02-02,2012-10-17,18.9062,15.7732,15.8827,119.8628,119.0364,13.9902,19.2205,-1.6353,35.1382,91624284
2012-10-18,180,2012-02-03,2012-10-18,17.3924,15.7881,15.8979,110.1614,109.4002,13.9902,19.2205,-9.5111,24.318,497198304
2012-10-19,180,2012-02-06,2012-10-19,17.0618,15.7997,15.9098,107.9879,107.2407,13.9902,19.2205,-11.231,21.9551,458828712
2012-10-22,180,2012-02-07,2012-10-22,16.9837,15.8091,15.9195,107.4303,106.6851,13.9902,19.2205,-11.6373,21.397,162061776
2012-10-23,180,2012-02-08,2012-10-23,17.0258,15.819,15.9297,107.6288,106.8805,13.9902,19.2205,-11.4185,21.6975,116547336
2012-10-24,180,2012-02-09,2012-10-24,16.9494,15.828,15.9391,107.0849,106.3388,13.9902,19.2205,-11.8156,21.152,99760140
2012-10-25,180,2012-02-10,2012-10-25,16.961,15.837,15.9483,107.0974,106.3495,13.9902,19.2205,-11.7557,21.2342,95947956
2012-10-26,180,2012-02-13,2012-10-26,16.8956,15.8464,15.958,106.6215,105.876,13.9902,19.2205,-12.0956,20.7674,77953968
2012-10-31,180,2012-02-14,2012-10-31,17.0245,15.8555,15.9674,107.373,106.6204,13.9902,19.2205,-11.425,21.6886,61418520
2012-11-01,180,2012-02-15,2012-11-01,17.207,15.8659,15.9782,108.4527,107.6899,13.9902,19.2205,-10.4759,22.9926,81921996
2012-11-02,180,2012-02-16,2012-11-02,17.2152,15.8769,15.9897,108.4292,107.6645,13.9902,19.2205,-10.4329,23.0516,92883024
2012-11-05,180,2012-02-17,2012-11-05,17.0911,15.8873,16.0003,107.5773,106.8172,13.9902,19.2205,-11.0787,22.1644,65370564
2012-11-06,180,2012-02-21,2012-11-06,17.0601,15.8977,16.011,107.3112,106.5519,13.9902,19.2205,-11.2401,21.9426,63248688
2012-11-07,180,2012-02-22,2012-11-07,16.6947,15.905,16.0184,104.9649,104.2219,13.9902,19.2205,-13.1411,19.331,89202708
2012-11-08,180,2012-02-23,2012-11-08,16.3236,15.9113,16.0246,102.591,101.8658,13.9902,19.2205,-15.0719,16.6783,103776120
2012-11-09,180,2012-02-24,2012-11-09,16.5923,15.9193,16.0325,104.228,103.4919,13.9902,19.2205,-13.6736,18.5994,124439436
2012-11-12,180,2012-02-27,2012-11-12,16.6642,15.927,16.0403,104.6282,103.8895,13.9902,19.2205,-13.2999,19.1128,56179764
2012-11-13,180,2012-02-28,2012-11-13,16.4927,15.934,16.0472,103.5065,102.7765,13.9902,19.2205,-14.1918,17.8875,63704232
2012-11-14,180,2012-02-29,2012-11-14,16.3301,15.9388,16.0519,102.455,101.7327,13.9902,19.2205,-15.0381,16.7248,66669264
2012-11-15,180,2012-03-01,2012-11-15,16.1977,15.9429,16.056,101.5984,100.8826,13.9902,19.2205,-15.7268,15.7786,73882044
2012-11-16,180,2012-03-02,2012-11-16,16.1957,15.9463,16.0594,101.5637,100.8485,13.9902,19.2205,-15.7373,15.7642,137390472
2012-11-19,180,2012-03-05,2012-11-19,16.722,15.9527,16.066,104.822,104.0833,13.9902,19.2205,-12.9992,19.526,94633272
2012-11-20,180,2012-03-06,2012-11-20,16.766,15.9604,16.0737,105.0477,104.3071,13.9902,19.2205,-12.77,19.8408,83464452
2012-11-21,180,2012-03-07,2012-11-21,16.6634,15.9689,16.0822,104.3489,103.6142,13.9902,19.2205,-13.3038,19.1074,84403512
2012-11-23,180,2012-03-08,2012-11-23,16.716,15.9775,16.0907,104.622,103.886,13.9902,19.2205,-13.0304,19.483,36863100
2012-11-26,180,2012-03-09,2012-11-26,16.5453,15.9851,16.0982,103.5044,102.7774,13.9902,19.2205,-13.9184,18.2631,88095816
2012-11-27,180,2012-03-12,2012-11-27,16.7845,15.9951,16.108,104.9358,104.2001,13.9902,19.2205,-12.6737,19.9732,100247652
2012-11-28,180,2012-03-13,2012-11-28,17.1089,16.0058,16.1189,106.8913,106.1416,13.9902,19.2205,-10.9863,22.2914,121558320
2012-11-29,180,2012-03-14,2012-11-29,17.3146,16.0157,16.1292,108.1099,107.3492,13.9902,19.2205,-9.916,23.7618,110948940
2012-11-30,180,2012-03-15,2012-11-30,17.4767,16.0266,16.1407,109.0481,108.2777,13.9902,19.2205,-9.0723,24.9209,126417456
2012-12-03,180,2012-03-16,2012-12-03,17.3986,16.0364,16.151,108.4946,107.7252,13.9902,19.2205,-9.4785,24.3628,87612300
2012-12-04,180,2012-03-19,2012-12-04,17.293,16.0451,16.1601,107.7775,107.0105,13.9902,19.2205,-10.028,23.6079,79588332
2012-12-05,180,2012-03-20,2012-12-05,17.2127,16.0522,16.1676,107.2296,106.4641,13.9902,19.2205,-10.4459,23.0337,74421504
2012-12-06,180,2012-03-21,2012-12-06,17.2955,16.0597,16.1756,107.6951,106.9235,13.9902,19.2205,-10.015,23.6258,58433508
2012-12-07,180,2012-03-22,2012-12-07,17.1224,16.0655,16.1818,106.5784,105.8127,13.9902,19.2205,-10.916,22.388,76695228
2012-12-10,180,2012-03-23,2012-12-10,17.1527,16.0706,16.1873,106.733,105.964,13.9902,19.2205,-10.7584,22.6044,54613332
2012-12-11,180,2012-03-26,2012-12-11,17.4394,16.0776,16.1948,108.4706,107.6854,13.9902,19.2205,-9.2663,24.6543,107396496
2012-12-12,180,2012-03-27,2012-12-12,17.4565,16.0837,16.2015,108.5352,107.7459,13.9902,19.2205,-9.1778,24.776,96942960
2012-12-13,180,2012-03-28,2012-12-13,17.5851,16.0907,16.2092,109.2871,108.488,13.9902,19.2205,-8.5086,25.6954,137658204
2012-12-14,180,2012-03-29,2012-12-14,17.5666,16.0965,16.2157,109.1329,108.3308,13.9902,19.2205,-8.6049,25.563,85118796
2012-12-17,180,2012-03-30,2012-12-17,18.0375,16.1054,16.2257,111.9968,111.1663,13.9902,19.2205,-6.1545,28.9294,121294584
2012-12-18,180,2012-04-02,2012-12-18,18.0448,16.1153,16.2368,111.9727,111.135,13.9902,19.2205,-6.1168,28.9813,120075804
2012-12-19,180,2012-04-03,2012-12-19,18.0208,16.1244,16.247,111.7608,110.9175,13.9902,19.2205,-6.2418,28.8096,76667256
2012-12-20,180,2012-04-04,2012-12-20,18.0771,16.1343,16.2581,112.0411,111.1882,13.9902,19.2205,-5.9488,29.2121,66213720
2012-12-21,180,2012-04-05,2012-12-21,17.9087,16.1446,16.2693,110.9268,110.0765,13.9902,19.2205,-6.8251,28.0082,140898960
2012-12-24,180,2012-04-09,2012-12-24,17.7553,16.1545,16.28,109.9088,109.0617,13.9902,19.2205,-7.6232,26.9117,33602364
2012-12-26,180,2012-04-10,2012-12-26,17.7395,16.1646,16.2909,109.7425,108.8923,13.9902,19.2205,-7.7052,26.799,47248704
2012-12-27,180,2012-04-11,2012-12-27,17.6749,16.1751,16.3019,109.2727,108.4225,13.9902,19.2205,-8.0411,26.3375,65830104
2012-12-28,180,2012-04-12,2012-12-28,17.5178,16.1834,16.3108,108.2451,107.3998,13.9902,19.2205,-8.8588,25.2142,56023920
2012-12-31,180,2012-04-13,2012-12-31,17.7022,16.1905,16.3186,109.3367,108.4784,13.9902,19.2205,-7.8992,26.5325,79816104
2013-01-02,180,2012-04-16,2013-01-02,18.0993,16.2033,16.3324,111.7019,110.8189,13.9902,19.2205,-5.833,29.3712,101550348
2013-01-03,180,2012-04-17,2013-01-03,18.1099,16.2189,16.3487,111.659,110.7724,13.9902,19.2205,-5.7783,29.4464,92635272
2013-01-04,180,2012-04-18,2013-01-04,18.4677,16.2356,16.3666,113.7484,112.8381,13.9902,19.2205,-3.9164,32.0043,110429460
2013-01-07,180,2012-04-19,2013-01-07,18.3871,16.2523,16.3843,113.1356,112.2244,13.9902,19.2205,-4.3357,31.4283,66161772
2013-01-08,180,2012-04-20,2013-01-08,18.3509,16.2702,16.4029,112.7881,111.8757,13.9902,19.2205,-4.5244,31.169,66976956
2013-01-09,180,2012-04-23,2013-01-09,18.4715,16.2892,16.4226,113.3971,112.4757,13.9902,19.2205,-3.8969,32.0311,80907012
2013-01-10,180,2012-04-24,2013-01-10,18.5556,16.3083,16.4426,113.7795,112.8502,13.9902,19.2205,-3.4594,32.6321,73354572
2013-01-11,180,2012-04-25,2013-01-11,18.5183,16.3268,16.4619,113.4227,112.4915,13.9902,19.2205,-3.6534,32.3656,51356592
2013-01-14,180,2012-04-26,2013-01-14,18.0993,16.342,16.4777,110.7534,109.8414,13.9902,19.2205,-5.833,29.3712,114441444
2013-01-15,180,2012-04-27,2013-01-15,18.1414,16.3566,16.4929,110.9119,109.995,13.9902,19.2205,-5.6142,29.6718,156950892
2013-01-16,180,2012-04-30,2013-01-16,17.8976,16.3701,16.5069,109.3312,108.4255,13.9902,19.2205,-6.8824,27.9295,80855064
2013-01-17,180,2012-05-01,2013-01-17,17.8008,16.3849,16.5217,108.6418,107.7422,13.9902,19.2205,-7.3862,27.2373,88371540
2013-01-18,180,2012-05-02,2013-01-18,17.6304,16.3989,16.5356,107.5097,106.6209,13.9902,19.2205,-8.2729,26.0191,128942928
2013-01-22,180,2012-05-03,2013-01-22,17.5893,16.4123,16.5489,107.1719,106.2872,13.9902,19.2205,-8.4864,25.7258,151544304
2013-01-23,180,2012-05-04,2013-01-23,18.5561,16.4295,16.567,112.9435,112.0061,13.9902,19.2205,-3.4568,32.6357,236127636
2013-01-24,180,2012-05-07,2013-01-24,18.8741,16.4505,16.5889,114.7331,113.7758,13.9902,19.2205,-1.802,34.9092,135172692
2013-01-25,180,2012-05-08,2013-01-25,18.8606,16.4696,16.6092,114.5174,113.5553,13.9902,19.2205,-1.8723,34.8126,88946964
2013-01-28,180,2012-05-09,2013-01-28,18.787,16.4877,16.6284,113.9456,112.9819,13.9902,19.2205,-2.2551,34.2867,65018916
2013-01-29,180,2012-05-10,2013-01-29,18.8609,16.5067,16.6485,114.2615,113.2889,13.9902,19.2205,-1.871,34.8144,69814116
2013-01-30,180,2012-05-11,2013-01-30,18.8646,16.5251,16.6679,114.1574,113.179,13.9902,19.2205,-1.8514,34.8412,69250680
2013-01-31,180,2012-05-14,2013-01-31,18.9112,16.5451,16.6889,114.3009,113.3161,13.9902,19.2205,-1.6093,35.174,65302632
2013-02-01,180,2012-05-15,2013-02-01,19.4094,16.5674,16.7127,117.1546,116.1356,13.9902,19.4094,0.0,38.7354,149694156
2013-02-04,180,2012-05-16,2013-02-04,18.9945,16.5868,16.7333,114.5157,113.5132,13.9902,19.4094,-2.1377,35.7696,121498380
2013-02-05,180,2012-05-17,2013-02-05,19.1627,16.6042,16.7523,115.4087,114.3882,13.9902,19.4094,-1.2713,36.9717,74753172
2013-02-06,180,2012-05-18,2013-02-06,19.2735,16.623,16.7728,115.9452,114.9097,13.9902,19.4094,-0.7001,37.7641,83040876
2013-02-07,180,2012-05-21,2013-02-07,19.3681,16.6459,16.7969,116.3537,115.3078,13.9902,19.4094,-0.2127,38.4402,113494392
2013-02-08,180,2012-05-22,2013-02-08,19.6539,16.6678,16.8207,117.9156,116.8436,13.9902,19.6539,0.0,40.483,120683196
2013-02-11,180,2012-05-23,2013-02-11,19.5801,16.6916,16.8459,117.3047,116.2302,13.9902,19.6539,-0.3756,39.9553,86625288
2013-02-12,180,2012-05-24,2013-02-12,19.537,16.7139,16.8698,116.8908,115.811,13.9902,19.6539,-0.5946,39.6476,74285640
2013-02-13,180,2012-05-25,2013-02-13,19.5911,16.7375,16.8947,117.0492,115.9602,13.9902,19.6539,-0.3196,40.034,47880072
2013-02-14,180,2012-05-29,2013-02-14,19.7152,16.7637,16.922,117.6065,116.5067,13.9902,19.7152,0.0,40.9212,69342588
2013-02-15,180,2012-05-30,2013-02-15,19.8421,16.79,16.9496,118.1778,117.0655,13.9902,19.8421,0.0,41.8281,109082808
2013-02-19,180,2012-05-31,2013-02-19,20.1914,16.8189,16.98,120.052,118.9134,13.9902,20.1914,0.0,44.3252,117154728
2013-02-20,180,2012-06-01,2013-02-20,19.8313,16.8478,17.0094,117.7085,116.5906,13.9902,20.1914,-1.7835,41.7512,110457432
2013-02-21,180,2012-06-04,2013-02-21,19.9082,16.879,17.0406,117.946,116.8278,13.9902,20.1914,-1.403,42.3003,140115744
2013-02-22,180,2012-06-05,2013-02-22,20.0128,16.9093,17.0713,118.3534,117.2302,13.9902,20.1914,-0.8849,43.048,82073844
2013-02-25,180,2012-06-06,2013-02-25,19.789,16.9404,17.102,116.8157,115.712,13.9902,20.1914,-1.9929,41.4489,92063844
2013-02-26,180,2012-06-07,2013-02-26,19.773,16.9695,17.1311,116.5206,115.4218,13.9902,20.1914,-2.0722,41.3344,88011900
2013-02-27,180,2012-06-08,2013-02-27,20.0145,17.0002,17.1619,117.7309,116.6217,13.9902,20.1914,-0.8762,43.0606,80962956
2013-02-28,180,2012-06-11,2013-02-28,20.0501,17.0307,17.1926,117.7286,116.6203,13.9902,20.1914,-0.7002,43.3146,90541368
2013-03-01,180,2012-06-12,2013-03-01,20.1749,17.0642,17.2256,118.2296,117.1215,13.9902,20.1914,-0.0818,44.2071,86928984
2013-03-04,180,2012-06-13,2013-03-04,20.5581,17.1,17.2613,120.2227,119.0992,13.9902,20.5581,0.0,46.9457,110912976
2013-03-05,180,2012-06-14,2013-03-05,20.986,17.1383,17.2999,122.4505,121.3072,13.9902,20.986,0.0,50.0045,161602236
2013-03-06,180,2012-06-15,2013-03-06,20.8053,17.1766,17.3377,121.1256,120.0002,14.0315,20.986,-0.861,48.2754,114805080
2013-03-07,180,2012-06-18,2013-03-07,20.8358,17.2141,17.375,121.0395,119.9185,14.0315,20.986,-0.7155,48.493,82025892
2013-03-08,180,2012-06-19,2013-03-08,20.8088,17.2503,17.4112,120.6288,119.5136,14.0315,20.986,-0.8443,48.3003,116359524
2013-03-11,180,2012-06-20,2013-03-11,20.8914,17.2848,17.4465,120.8656,119.7457,14.0315,20.986,-0.4508,48.8889,63724212
2013-03-12,180,2012-06-21,2013-03-12,20.711,17.3196,17.4812,119.5811,118.4754,14.0315,20.986,-1.3105,47.603,80251668
2013-03-13,180,2012-06-22,2013-03-13,20.6534,17.3568,17.5174,118.9931,117.9023,14.0315,20.986,-1.5848,47.1928,65586348
2013-03-14,180,2012-06-25,2013-03-14,20.5591,17.3925,17.5522,118.2065,117.1312,14.0315,20.986,-2.0343,46.5204,65981952
2013-03-15,180,2012-06-26,2013-03-15,20.3779,17.4299,17.5874,116.9135,115.8663,14.1219,20.986,-2.8977,44.3001,123864012
2013-03-18,180,2012-06-27,2013-03-18,20.215,17.4659,17.6212,115.7396,114.7195,14.1219,20.986,-3.674,43.1465,73458468
2013-03-19,180,2012-06-28,2013-03-19,20.3033,17.5015,17.6549,116.0092,115.0012,14.1219,20.986,-3.253,43.772,83844072
2013-03-20,180,2012-06-29,2013-03-20,20.3881,17.5386,17.6897,116.2474,115.2545,14.2763,20.986,-2.8488,42.8113,58493448
2013-03-21,180,2012-07-02,2013-03-21,20.3018,17.5722,17.7218,115.5338,114.5583,14.2763,20.986,-3.2602,42.2066,59044896
2013-03-22,180,2012-07-03,2013-03-22,20.278,17.6057,17.7538,115.1785,114.2182,14.2763,20.986,-3.3735,42.04,59468472
2013-03-25,180,2012-07-05,2013-03-25,20.2613,17.6379,17.7846,114.8736,113.9258,14.2763,20.986,-3.4534,41.9226,68411520
2013-03-26,180,2012-07-06,2013-03-26,20.3308,17.6688,17.8147,115.0662,114.1239,14.2763,20.986,-3.1219,42.4099,47628324
2013-03-27,180,2012-07-09,2013-03-27,20.0866,17.7008,17.8448,113.4785,112.5625,14.2763,20.986,-4.2857,40.6991,86441472
2013-03-28,180,2012-07-10,2013-03-28,19.8746,17.732,17.8738,112.0836,111.1943,14.2763,20.986,-5.2957,39.2143,91420488
2013-04-01,180,2012-07-11,2013-04-01,20.0498,17.7649,17.9043,112.8619,111.9832,14.2763,20.986,-4.461,40.4414,72219708
2013-04-02,180,2012-07-12,2013-04-02,20.3463,17.8015,17.9379,114.2959,113.4265,14.2763,20.986,-3.0479,42.5186,81578340
2013-04-03,180,2012-07-13,2013-04-03,20.1752,17.8376,17.9707,113.1048,112.2671,14.3874,20.986,-3.8636,40.2282,69470460
2013-04-04,180,2012-07-16,2013-04-04,19.8966,17.8713,18.0011,111.3328,110.5304,14.3874,20.986,-5.1908,38.2923,97806096
2013-04-05,180,2012-07-17,2013-04-05,19.5958,17.9042,18.03,109.4485,108.6846,14.4327,20.986,-6.6241,35.7741,137218644
2013-04-08,180,2012-07-18,2013-04-08,19.3906,17.9358,18.0575,108.1115,107.3825,14.5335,20.986,-7.602,33.42,113170716
2013-04-09,180,2012-07-19,2013-04-09,19.4607,17.967,18.0849,108.3139,107.6074,14.8413,20.986,-7.2681,31.125,86205708
2013-04-10,180,2012-07-20,2013-04-10,19.7743,17.9972,18.1123,109.8744,109.1758,15.2045,20.986,-5.7739,30.0558,79064856
2013-04-11,180,2012-07-23,2013-04-11,19.7795,18.0239,18.1373,109.7403,109.0545,15.2045,20.986,-5.7489,30.0904,81066852
2013-04-12,180,2012-07-24,2013-04-12,19.771,18.0499,18.1616,109.5356,108.8619,15.2045,20.986,-5.7894,30.0344,65402532
2013-04-15,180,2012-07-25,2013-04-15,19.5678,18.0765,18.1858,108.2503,107.5994,15.215,20.986,-6.7577,28.609,98025876
2013-04-16,180,2012-07-26,2013-04-16,19.8541,18.1044,18.2116,109.6647,109.0192,15.3493,20.986,-5.3935,29.3482,69610320
2013-04-17,180,2012-07-27,2013-04-17,19.5836,18.1301,18.2351,108.0172,107.395,15.7345,20.986,-6.6826,24.4628,81398520
2013-04-18,180,2012-07-30,2013-04-18,19.1669,18.1497,18.2533,105.6044,105.0052,15.7345,20.986,-8.668,21.8147,132767100
2013-04-19,180,2012-07-31,2013-04-19,20.0168,18.174,18.2766,110.1396,109.5213,15.7345,20.986,-4.6184,27.2159,231895872
2013-04-22,180,2012-08-01,2013-04-22,20.0228,18.1982,18.2998,110.026,109.415,15.7345,20.986,-4.5898,27.2541,115220664
2013-04-23,180,2012-08-02,2013-04-23,20.2177,18.2235,18.3242,110.9434,110.3334,15.7345,20.986,-3.6609,28.493,91600308
2013-04-24,180,2012-08-03,2013-04-24,20.3566,18.2501,18.3499,111.5423,110.9359,16.0295,20.986,-2.999,26.9944,73090836
2013-04-25,180,2012-08-06,2013-04-25,20.2477,18.2741,18.3732,110.8005,110.2026,16.0295,20.986,-3.5178,26.3153,79608312
2013-04-26,180,2012-08-07,2013-04-26,20.0556,18.2969,18.3952,109.6117,109.0257,16.0295,20.986,-4.4336,25.1163,99408492
2013-04-29,180,2012-08-08,2013-04-29,20.497,18.3222,18.4201,111.8695,111.2754,16.0661,20.986,-2.3301,27.5794,91939968
2013-04-30,180,2012-08-09,2013-04-30,20.6349,18.3479,18.4454,112.4644,111.87,16.0661,20.986,-1.673,28.4377,92175732
2013-05-01,180,2012-08-10,2013-05-01,20.5313,18.3732,18.4702,111.7457,111.1591,16.0661,20.986,-2.1667,27.7928,58141800
2013-05-02,180,2012-08-13,2013-05-02,20.761,18.3997,18.4963,112.8337,112.2444,16.1957,20.986,-1.072,28.1884,80651268
2013-05-03,180,2012-08-14,2013-05-03,21.1642,18.4247,18.5221,114.8684,114.2645,16.1957,21.1642,0.0,30.6777,100403496
2013-05-06,180,2012-08-15,2013-05-06,21.5603,18.45,18.5489,116.8583,116.235,16.1957,21.5603,0.0,33.1237,85566348
2013-05-07,180,2012-08-16,2013-05-07,21.4522,18.4751,18.5753,116.1144,115.488,16.1957,21.5603,-0.5014,32.4562,78281640
2013-05-08,180,2012-08-17,2013-05-08,21.8626,18.501,18.6032,118.1701,117.5208,16.1957,21.8626,0.0,34.9903,98633268
2013-05-09,180,2012-08-20,2013-05-09,21.8088,18.526,18.6302,117.7199,117.0616,16.1957,21.8626,-0.2461,34.6581,87935976
2013-05-10,180,2012-08-21,2013-05-10,22.0278,18.5523,18.6587,118.7335,118.0566,16.1957,22.0278,0.0,36.0101,75832092
2013-05-13,180,2012-08-22,2013-05-13,21.9602,18.5794,18.6876,118.1967,117.5124,16.1957,22.0278,-0.3067,35.5929,57882060
2013-05-14,180,2012-08-23,2013-05-14,22.1997,18.6062,18.7168,119.3134,118.6087,16.1957,22.1997,0.0,37.0716,63108828
2013-05-15,180,2012-08-24,2013-05-15,22.9202,18.6359,18.75,122.9894,122.2409,16.1957,22.9202,0.0,41.5201,159276564
2013-05-16,180,2012-08-27,2013-05-16,22.6194,18.6642,18.7813,121.1909,120.4355,16.1957,22.9202,-1.3124,39.6628,128255616
2013-05-17,180,2012-08-28,2013-05-17,22.7523,18.6948,18.8147,121.7037,120.9282,16.1957,22.9202,-0.7326,40.4833,111568320
2013-05-20,180,2012-08-29,2013-05-20,22.736,18.724,18.8468,121.4269,120.6356,16.1957,22.9202,-0.8036,40.3829,90817092
2013-05-21,180,2012-08-30,2013-05-21,22.6969,18.7514,18.8773,121.0416,120.2342,16.1957,22.9202,-0.9739,40.1418,79240680
2013-05-22,180,2012-08-31,2013-05-22,22.2578,18.7781,18.9062,118.5302,117.7276,16.1957,22.9202,-2.8901,37.4301,102321576
2013-05-23,180,2012-09-04,2013-05-23,22.0918,18.8038,18.9336,117.4863,116.6804,16.1957,22.9202,-3.614,36.4056,90912996
2013-05-24,180,2012-09-05,2013-05-24,21.8549,18.8292,18.9604,116.0691,115.266,16.1957,22.9202,-4.6479,34.9424,91780128
2013-05-28,180,2012-09-06,2013-05-28,22.0538,18.8555,18.9883,116.962,116.1444,16.1957,22.9202,-3.7799,36.1708,90209700
2013-05-29,180,2012-09-07,2013-05-29,21.7295,18.8775,19.0117,115.1078,114.2951,16.1957,22.9202,-5.1949,34.1682,80455464
2013-05-30,180,2012-09-10,2013-05-30,21.7908,18.8987,19.0346,115.3031,114.4798,16.1957,22.9202,-4.9274,34.5468,84743172
2013-05-31,180,2012-09-11,2013-05-31,21.8023,18.9209,19.0583,115.2289,114.3978,16.1957,22.9202,-4.8772,34.6179,78697224
2013-06-03,180,2012-09-12,2013-06-03,21.7125,18.9441,19.0827,114.6132,113.7808,16.1957,22.9202,-5.2692,34.0632,98928972
2013-06-04,180,2012-09-13,2013-06-04,21.499,18.9667,19.1061,113.3512,112.5243,16.1957,22.9202,-6.2005,32.7451,74669256
2013-06-05,180,2012-09-14,2013-06-05,21.514,18.987,19.1275,113.3094,112.4771,16.1957,22.9202,-6.135,32.8378,84187728
2013-06-06,180,2012-09-17,2013-06-06,21.6376,19.0072,19.149,113.8392,112.9961,16.1957,22.9202,-5.5956,33.6012,103060836
2013-06-07,180,2012-09-18,2013-06-07,22.0153,19.029,19.1726,115.6932,114.8267,16.1957,22.9202,-3.9481,35.9328,106877016
2013-06-10,180,2012-09-19,2013-06-10,22.2778,19.0507,19.1965,116.9397,116.0512,16.1957,22.9202,-2.8027,37.5537,93418488
2013-06-11,180,2012-09-20,2013-06-11,22.0173,19.0698,19.2177,115.4559,114.5677,16.1957,22.9202,-3.9393,35.9452,70233696
2013-06-12,180,2012-09-21,2013-06-12,21.8213,19.0882,19.2377,114.3187,113.4301,16.1957,22.9202,-4.7942,34.7353,88103808
2013-06-13,180,2012-09-24,2013-06-13,21.9469,19.1061,19.2576,114.8685,113.9653,16.1957,22.9202,-4.2461,35.511,82713204
2013-06-14,180,2012-09-25,2013-06-14,21.8979,19.1217,19.275,114.5187,113.6075,16.1957,22.9202,-4.4601,35.2081,89710200
2013-06-17,180,2012-09-26,2013-06-17,22.1784,19.1385,19.2941,115.8841,114.9493,16.1957,22.9202,-3.2362,36.9403,85766148
2013-06-18,180,2012-09-27,2013-06-18,22.538,19.1561,19.3146,117.6546,116.6894,16.1957,22.9202,-1.6672,39.1607,86589324
2013-06-19,180,2012-09-28,2013-06-19,22.5395,19.1734,19.3346,117.5565,116.5762,16.1957,22.9202,-1.6607,39.1699,116519364
2013-06-20,180,2012-10-01,2013-06-20,22.1406,19.1893,19.3527,115.3801,114.4059,16.1957,22.9202,-3.4011,36.7069,134745120
2013-06-21,180,2012-10-02,2013-06-21,22.0453,19.2038,19.3693,114.7964,113.8158,16.1957,22.9202,-3.817,36.1182,159132708
2013-06-24,180,2012-10-03,2013-06-24,21.7665,19.2179,19.385,113.2619,112.2856,16.1957,22.9202,-5.0333,34.3969,120555324
2013-06-25,180,2012-10-04,2013-06-25,21.6767,19.2307,19.3994,112.7189,111.7391,16.1957,22.9202,-5.4253,33.8422,102025872
2013-06-26,180,2012-10-05,2013-06-26,21.8631,19.2437,19.4141,113.612,112.6149,16.1957,22.9202,-4.6119,34.9934,73182744
2013-06-27,180,2012-10-08,2013-06-27,21.9487,19.257,19.4293,113.9775,112.9672,16.1957,22.9202,-4.2385,35.5218,76982940
2013-06-28,180,2012-10-09,2013-06-28,22.0313,19.2722,19.4463,114.3165,113.2929,16.1957,22.9202,-3.8782,36.0317,93878028
2013-07-01,180,2012-10-10,2013-07-01,22.2192,19.2901,19.4663,115.1844,114.142,16.1957,22.9202,-3.0582,37.1921,68923008
2013-07-02,180,2012-10-11,2013-07-02,22.0798,19.3075,19.4854,114.359,113.3145,16.1957,22.9202,-3.6664,36.3315,75584340
2013-07-03,180,2012-10-12,2013-07-03,22.1829,19.3243,19.5042,114.7932,113.7341,16.1957,22.9202,-3.2165,36.9681,41838120
2013-07-05,180,2012-10-15,2013-07-05,22.3596,19.3428,19.5249,115.5965,114.5185,16.1957,22.9202,-2.4457,38.059,68007924
2013-07-08,180,2012-10-16,2013-07-08,22.6499,19.3631,19.5477,116.9743,115.8699,16.1957,22.9202,-1.1792,39.8514,78701220
2013-07-09,180,2012-10-17,2013-07-09,22.6537,19.383,19.57,116.8739,115.7569,16.1957,22.9202,-1.1628,39.8745,79096824
2013-07-10,180,2012-10-18,2013-07-10,22.6724,19.4013,19.5909,116.86,115.7291,16.1957,22.9202,-1.0809,39.9904,68267664
2013-07-11,180,2012-10-19,2013-07-11,23.029,19.4308,19.6223,118.5181,117.3618,16.1957,23.029,0.0,42.1923,103264632
2013-07-12,180,2012-10-22,2013-07-12,23.0981,19.463,19.6558,118.677,117.5129,16.1957,23.0981,0.0,42.6187,102625272
2013-07-15,180,2012-10-23,2013-07-15,23.1404,19.496,19.69,118.6929,117.5236,16.1957,23.1404,0.0,42.8799,78341580
2013-07-16,180,2012-10-24,2013-07-16,23.0133,19.5283,19.7233,117.8454,116.6808,16.1957,23.1404,-0.5494,42.0949,79240680
2013-07-17,180,2012-10-25,2013-07-17,22.9867,19.5612,19.7568,117.5117,116.3485,16.1957,23.1404,-0.664,41.9311,60183756
2013-07-18,180,2012-10-26,2013-07-18,22.7898,19.5933,19.7892,116.314,115.1628,16.1957,23.1404,-1.5151,40.7151,145234620
2013-07-19,180,2012-10-31,2013-07-19,22.4374,19.6246,19.82,114.3334,113.2062,16.1957,23.1404,-3.0378,38.5395,294077628
2013-07-22,180,2012-11-01,2013-07-22,22.7903,19.6564,19.852,115.9433,114.801,16.1957,23.1404,-1.5129,40.7182,116011872
2013-07-23,180,2012-11-02,2013-07-23,22.6176,19.6863,19.8821,114.8901,113.7589,16.1957,23.1404,-2.2591,39.652,81746172
2013-07-24,180,2012-11-05,2013-07-24,22.5951,19.7161,19.912,114.6021,113.475,16.1957,23.1404,-2.3565,39.513,83056860
2013-07-25,180,2012-11-06,2013-07-25,22.2147,19.7453,19.9404,112.5063,111.4055,16.1957,23.1404,-4.0003,37.1643,119923956
2013-07-26,180,2012-11-07,2013-07-26,22.1559,19.7746,19.9687,112.0425,110.953,16.1957,23.1404,-4.2544,36.8012,71036892
2013-07-29,180,2012-11-08,2013-07-29,22.0788,19.8063,19.9986,111.4735,110.4017,16.1957,23.1404,-4.5875,36.3253,75600324
2013-07-30,180,2012-11-09,2013-07-30,22.2953,19.8422,20.0318,112.3632,111.2994,16.1957,23.1404,-3.652,37.6619,70153776
2013-07-31,180,2012-11-12,2013-07-31,22.216,19.8756,20.0631,111.7751,110.7307,16.1957,23.1404,-3.9949,37.172,86853060
2013-08-01,180,2012-11-13,2013-08-01,22.6281,19.9104,20.0962,113.65,112.5991,16.1957,23.1404,-2.2137,39.7169,85450464
2013-08-02,180,2012-11-14,2013-08-02,22.6869,19.9469,20.1306,113.7367,112.6987,16.1957,23.1404,-1.9596,40.08,68487444
2013-08-05,180,2012-11-15,2013-08-05,22.6476,19.9847,20.1657,113.3248,112.3078,16.1957,23.1404,-2.1294,39.8374,52335612
2013-08-06,180,2012-11-16,2013-08-06,22.4367,20.0229,20.2004,112.0552,111.0707,16.1957,23.1404,-3.041,38.5349,60183756
2013-08-07,180,2012-11-19,2013-08-07,22.2885,20.0605,20.2342,111.1063,110.1528,16.5453,23.1404,-3.6812,34.7122,55112832
2013-08-08,180,2012-11-20,2013-08-08,22.3388,20.0942,20.2654,111.1705,110.2313,16.5453,23.1404,-3.4639,35.0163,59460480
2013-08-09,180,2012-11-21,2013-08-09,22.2825,20.1274,20.2961,110.7075,109.7875,16.5453,23.1404,-3.7072,34.6759,52895052
2013-08-12,180,2012-11-23,2013-08-12,22.1599,20.161,20.3266,109.915,109.0193,16.5453,23.1404,-4.2371,33.9348,55024920
2013-08-13,180,2012-11-26,2013-08-13,22.0533,20.1937,20.3563,109.2088,108.3368,16.5453,23.1404,-4.6978,33.2905,56735208
2013-08-14,180,2012-11-27,2013-08-14,21.767,20.2266,20.3853,107.6158,106.7782,16.7845,23.1404,-5.935,29.685,83204712
2013-08-15,180,2012-11-28,2013-08-15,21.513,20.2564,20.4115,106.2035,105.3964,17.1089,23.1404,-7.0326,25.742,74693232
2013-08-16,180,2012-11-29,2013-08-16,21.4442,20.2834,20.4356,105.723,104.9354,17.1224,23.1404,-7.33,25.2408,66936996
2013-08-19,180,2012-11-30,2013-08-19,21.6629,20.3099,20.4598,106.6617,105.8805,17.1224,23.1404,-6.3848,26.5182,72363564
2013-08-20,180,2012-12-03,2013-08-20,21.6572,20.3353,20.483,106.5005,105.7324,17.1224,23.1404,-6.4097,26.4846,49270680
2013-08-21,180,2012-12-04,2013-08-21,21.755,20.3617,20.5072,106.8426,106.0847,17.1224,23.1404,-5.9869,27.056,70221708
2013-08-22,180,2012-12-05,2013-08-22,21.8646,20.3896,20.5326,107.234,106.4873,17.1224,23.1404,-5.5132,27.6962,34761204
2013-08-23,180,2012-12-06,2013-08-23,21.777,20.4178,20.558,106.6572,105.9299,17.1224,23.1404,-5.8917,27.1846,43040916
2013-08-26,180,2012-12-07,2013-08-26,21.6814,20.4449,20.5823,106.0481,105.3401,17.1224,23.1404,-6.3048,26.6263,42057900
2013-08-27,180,2012-12-10,2013-08-27,21.275,20.4714,20.6054,103.9255,103.2498,17.1527,23.1404,-8.0611,24.0334,69294636
2013-08-28,180,2012-12-11,2013-08-28,21.235,20.4975,20.6281,103.5977,102.9422,17.4394,23.1404,-8.2341,21.7641,53142804
2013-08-29,180,2012-12-12,2013-08-29,21.4072,20.5224,20.6501,104.3113,103.6661,17.4565,23.1404,-7.4901,22.6318,59080860
2013-08-30,180,2012-12-13,2013-08-30,21.1937,20.546,20.6709,103.1522,102.5292,17.5178,23.1404,-8.4126,20.984,74389536
2013-09-03,180,2012-12-14,2013-09-03,21.531,20.5705,20.6928,104.6694,104.0508,17.5178,23.1404,-6.9548,22.9097,81822096
2013-09-04,180,2012-12-17,2013-09-04,21.8126,20.5966,20.7164,105.9037,105.2914,17.5178,23.1404,-5.7381,24.5168,81566352
2013-09-05,180,2012-12-18,2013-09-05,22.011,20.6202,20.7385,106.7448,106.1362,17.5178,23.1404,-4.8806,25.6496,51600348
2013-09-06,180,2012-12-19,2013-09-06,22.0115,20.6438,20.7605,106.6252,106.0259,17.5178,23.1404,-4.8784,25.6525,62401536
2013-09-09,180,2012-12-20,2013-09-09,22.2235,20.6687,20.7838,107.5223,106.9267,17.5178,23.1404,-3.9624,26.8625,49334616
2013-09-10,180,2012-12-21,2013-09-10,22.239,20.6933,20.807,107.4695,106.8824,17.5178,23.1404,-3.8954,26.951,51452496
2013-09-11,180,2012-12-24,2013-09-11,22.4272,20.7201,20.8321,108.2387,107.657,17.5178,23.1404,-3.0821,28.0253,64359576
2013-09-12,180,2012-12-26,2013-09-12,22.3488,20.7477,20.8576,107.717,107.1497,17.5178,23.1404,-3.4206,27.5782,43776180
2013-09-13,180,2012-12-27,2013-09-13,22.249,20.7751,20.8826,107.0945,106.543,17.5178,23.1404,-3.8521,27.0082,52962984
2013-09-16,180,2012-12-28,2013-09-16,22.2162,20.8029,20.9079,106.794,106.2577,17.5178,23.1404,-3.9938,26.821,53406540
2013-09-17,180,2012-12-31,2013-09-17,22.1749,20.8317,20.9337,106.4478,105.9291,17.5893,23.1404,-4.1722,26.0703,50325624
2013-09-18,180,2013-01-02,2013-09-18,22.6056,20.8613,20.961,108.3613,107.8461,17.5893,23.1404,-2.311,28.5188,77310612
2013-09-19,180,2013-01-03,2013-09-19,22.4822,20.8874,20.9853,107.6354,107.133,17.5893,23.1404,-2.8442,27.8174,63852084
2013-09-20,180,2013-01-04,2013-09-20,22.6003,20.914,21.0103,108.0631,107.568,17.5893,23.1404,-2.3338,28.4889,173638188
2013-09-23,180,2013-01-07,2013-09-23,22.1847,20.9361,21.0309,105.9638,105.486,17.5893,23.1404,-4.13,26.1258,71024904
2013-09-24,180,2013-01-08,2013-09-24,22.1932,20.9588,21.0521,105.8895,105.4204,17.5893,23.1404,-4.0933,26.1741,59412528
2013-09-25,180,2013-01-09,2013-09-25,21.9527,20.9807,21.0721,104.633,104.1791,17.5893,23.1404,-5.1325,24.8069,65894040
2013-09-26,180,2013-01-10,2013-09-26,21.9762,21.0018,21.0916,104.6397,104.1944,17.5893,23.1404,-5.0309,24.9406,50345604
2013-09-27,180,2013-01-11,2013-09-27,21.9317,21.0222,21.1103,104.3265,103.8908,17.5893,23.1404,-5.2234,24.6874,50301648
2013-09-30,180,2013-01-14,2013-09-30,21.9197,21.0428,21.1292,104.1673,103.7411,17.5893,23.1404,-5.2753,24.6191,68827104
2013-10-01,180,2013-01-15,2013-10-01,22.1972,21.0679,21.152,105.3604,104.9415,17.5893,23.1404,-4.076,26.1969,67324608
2013-10-02,180,2013-01-16,2013-10-02,22.222,21.0929,21.1746,105.353,104.9461,17.5893,23.1404,-3.9689,26.3377,59752188
2013-10-03,180,2013-01-17,2013-10-03,21.9242,21.1183,21.197,103.8162,103.4305,17.5893,23.1404,-5.2558,24.6447,84595320
2013-10-04,180,2013-01-18,2013-10-04,21.8306,21.144,21.2194,103.2473,102.8803,17.5893,23.1404,-5.6603,24.1126,54265680
2013-10-07,180,2013-01-22,2013-10-07,21.6652,21.1702,21.2418,102.3378,101.993,17.5893,23.1404,-6.3751,23.1721,51692256
2013-10-08,180,2013-01-23,2013-10-08,21.3631,21.1953,21.2628,100.7918,100.4718,18.5561,23.1404,-7.6804,15.1275,77670252
2013-10-09,180,2013-01-24,2013-10-09,21.4179,21.2133,21.2787,100.9647,100.6543,18.787,23.1404,-7.4436,14.0037,105945948
2013-10-10,180,2013-01-25,2013-10-10,21.7277,21.2307,21.2945,102.3412,102.0343,18.787,23.1404,-6.1047,15.6528,90121788
2013-10-11,180,2013-01-28,2013-10-11,21.8216,21.2487,21.311,102.696,102.3959,18.787,23.1404,-5.6992,16.1523,56299644
2013-10-14,180,2013-01-29,2013-10-14,21.9247,21.2678,21.3284,103.0884,102.7956,18.8609,23.1404,-5.2536,16.2443,49694256
2013-10-15,180,2013-01-30,2013-10-15,22.0723,21.2872,21.3463,103.688,103.4014,18.8646,23.1404,-4.6156,17.0038,63612324
2013-10-16,180,2013-01-31,2013-10-16,22.4732,21.3087,21.3663,105.4651,105.1806,18.9112,23.1404,-2.8831,18.8358,80223696
2013-10-17,180,2013-02-01,2013-10-17,22.242,21.3287,21.3848,104.2821,104.0084,18.9945,23.1404,-3.8824,17.0971,170093736
2013-10-18,180,2013-02-04,2013-10-18,25.3106,21.3591,21.4176,118.5002,118.1765,18.9945,25.3106,0.0,33.2521,462193344
2013-10-21,180,2013-02-05,2013-10-21,25.1076,21.3916,21.4516,117.3712,117.0433,19.1627,25.3106,-0.8018,31.0236,144986868
2013-10-22,180,2013-02-06,2013-10-22,25.2002,21.4235,21.4851,117.629,117.2915,19.1669,25.3106,-0.436,31.4776,88255656
2013-10-23,180,2013-02-07,2013-10-23,25.8111,21.457,21.5214,120.2919,119.932,19.1669,25.8111,0.0,34.6646,106421472
2013-10-24,180,2013-02-08,2013-10-24,25.6644,21.4895,21.5564,119.4279,119.057,19.1669,25.8111,-0.5682,33.8995,83600316
2013-10-25,180,2013-02-11,2013-10-25,25.4054,21.5191,21.5884,118.06,117.6811,19.1669,25.8111,-1.5716,32.5482,81138780
2013-10-28,180,2013-02-12,2013-10-28,25.4004,21.5492,21.6207,117.8716,117.4819,19.1669,25.8111,-1.591,32.5221,46301652
2013-10-29,180,2013-02-13,2013-10-29,25.9319,21.5818,21.6562,120.1564,119.7436,19.1669,25.9319,0.0,35.2953,64135800
2013-10-30,180,2013-02-14,2013-10-30,25.7863,21.6136,21.6906,119.3058,118.8821,19.1669,25.9319,-0.5617,34.5354,52911036
2013-10-31,180,2013-02-15,2013-10-31,25.7903,21.6447,21.7244,119.1532,118.7159,19.1669,25.9319,-0.5462,34.5563,65534400
2013-11-01,180,2013-02-19,2013-11-01,25.7017,21.6746,21.7569,118.5798,118.1311,19.1669,25.9319,-0.8878,34.0941,51280668
2013-11-04,180,2013-02-20,2013-11-04,25.6784,21.7023,21.7874,118.3215,117.859,19.1669,25.9319,-0.9776,33.9727,45506448
2013-11-05,180,2013-02-21,2013-11-05,25.5636,21.7319,21.8193,117.6316,117.1605,19.1669,25.9319,-1.4205,33.3734,47208744
2013-11-06,180,2013-02-22,2013-11-06,25.5943,21.7612,21.8509,117.6146,117.132,19.1669,25.9319,-1.3018,33.534,36479484
2013-11-07,180,2013-02-25,2013-11-07,25.224,21.7884,21.8798,115.7679,115.2843,19.1669,25.9319,-2.7301,31.6016,67116816
2013-11-08,180,2013-02-26,2013-11-08,25.4262,21.818,21.9111,116.5377,116.0423,19.1669,25.9319,-1.9503,32.6566,51580368
2013-11-11,180,2013-02-27,2013-11-11,25.29,21.8472,21.9418,115.7587,115.2598,19.1669,25.9319,-2.4753,31.9463,44459496
2013-11-12,180,2013-02-28,2013-11-12,25.3198,21.875,21.9712,115.7478,115.2407,19.1669,25.9319,-2.3605,32.1017,48675276
2013-11-13,180,2013-03-01,2013-11-13,25.8376,21.9047,22.0034,117.9544,117.4254,19.1669,25.9319,-0.3638,34.803,63112824
2013-11-14,180,2013-03-04,2013-11-14,25.9067,21.934,22.0352,118.1118,117.5692,19.1669,25.9319,-0.0975,35.1634,46621332
2013-11-15,180,2013-03-05,2013-11-15,25.8649,21.9607,22.0647,117.7779,117.2227,19.1669,25.9319,-0.2586,34.9453,51000948
2013-11-18,180,2013-03-06,2013-11-18,25.8146,21.9846,22.0916,117.421,116.8527,19.1669,25.9319,-0.4526,34.6829,70317612
2013-11-19,180,2013-03-07,2013-11-19,25.6557,22.009,22.1185,116.5687,115.9919,19.1669,25.9319,-1.0654,33.8538,45218736
2013-11-20,180,2013-03-08,2013-11-20,25.5833,22.033,22.1449,116.1135,115.5271,19.1669,25.9319,-1.3443,33.4765,38509452
2013-11-21,180,2013-03-11,2013-11-21,25.8776,22.0585,22.173,117.3139,116.7077,19.1669,25.9319,-0.2094,35.0119,43628328
2013-11-22,180,2013-03-12,2013-11-22,25.8231,22.0832,22.2004,116.9354,116.3179,19.1669,25.9319,-0.4198,34.7273,50117832
2013-11-25,180,2013-03-13,2013-11-25,26.1744,22.1105,22.2308,118.3799,117.7395,19.1669,26.1744,0.0,36.5604,64455480
2013-11-26,180,2013-03-14,2013-11-26,26.4867,22.1395,22.2632,119.6355,118.971,19.1669,26.4867,0.0,38.1899,91360548
2013-11-27,180,2013-03-15,2013-11-27,26.6044,22.1697,22.2968,120.0034,119.3193,19.1669,26.6044,0.0,38.8035,44899056
2013-11-29,180,2013-03-18,2013-11-29,26.5163,22.2007,22.3309,119.4387,118.7426,19.1669,26.6044,-0.3311,38.3439,47664288
2013-12-02,180,2013-03-19,2013-12-02,26.3884,22.2325,22.3652,118.693,117.9887,19.1669,26.6044,-0.8118,37.6767,54873072
2013-12-03,180,2013-03-20,2013-12-03,26.3579,22.2636,22.3988,118.39,117.6753,19.1669,26.6044,-0.9265,37.5175,66976956
2013-12-04,180,2013-03-21,2013-12-04,26.481,22.2947,22.4327,118.777,118.0465,19.1669,26.6044,-0.4637,38.1598,47616336
2013-12-05,180,2013-03-22,2013-12-05,26.46,22.3264,22.4669,118.5142,117.7732,19.1669,26.6044,-0.5427,38.0502,45302652
2013-12-06,180,2013-03-25,2013-12-06,26.7735,22.3596,22.503,119.7407,118.9778,19.1669,26.7735,0.0,39.6861,57094848
2013-12-09,180,2013-03-26,2013-12-09,26.9805,22.3938,22.5403,120.4821,119.6989,19.1669,26.9805,0.0,40.7659,59244696
2013-12-10,180,2013-03-27,2013-12-10,27.1436,22.4282,22.5781,121.0245,120.2209,19.1669,27.1436,0.0,41.6172,74081844
2013-12-11,180,2013-03-28,2013-12-11,26.9592,22.4637,22.6163,120.0121,119.2025,19.1669,27.1436,-0.6795,40.6549,68403528
2013-12-12,180,2013-04-01,2013-12-12,26.7758,22.5002,22.6547,119.0026,118.191,19.1669,27.1436,-1.3553,39.6979,63796140
2013-12-13,180,2013-04-02,2013-12-13,26.5463,22.5345,22.6908,117.8027,116.9917,19.1669,27.1436,-2.2007,38.5006,86409504
2013-12-16,180,2013-04-03,2013-12-16,26.8514,22.5682,22.7269,118.9788,118.1479,19.1669,27.1436,-1.0768,40.0922,64015920
2013-12-17,180,2013-04-04,2013-12-17,26.7733,22.6028,22.7635,118.4512,117.6147,19.1669,27.1436,-1.3645,39.6848,61366572
2013-12-18,180,2013-04-05,2013-12-18,27.1459,22.641,22.8038,119.8973,119.041,19.1669,27.1459,0.0,41.6289,88323588
2013-12-19,180,2013-04-08,2013-12-19,27.1827,22.6816,22.846,119.8447,118.9824,19.1669,27.1827,0.0,41.8208,66561372
2013-12-20,180,2013-04-09,2013-12-20,27.543,22.7253,22.8913,121.1999,120.3212,19.1669,27.543,0.0,43.7009,130333536
2013-12-23,180,2013-04-10,2013-12-23,27.9054,22.77,22.9382,122.5534,121.6549,19.1669,27.9054,0.0,45.5915,68795136
2013-12-24,180,2013-04-11,2013-12-24,27.8238,22.8122,22.9829,121.9689,121.0632,19.1669,27.9054,-0.2923,45.1659,29338632
2013-12-26,180,2013-04-12,2013-12-26,27.9645,22.8551,23.0284,122.3555,121.4349,19.1669,27.9645,0.0,45.8996,53458488
2013-12-27,180,2013-04-15,2013-12-27,27.988,22.8983,23.074,122.2276,121.2966,19.1669,27.988,0.0,46.0224,62725212
2013-12-30,180,2013-04-16,2013-12-30,27.7643,22.9423,23.1196,121.0178,120.09,19.1669,27.988,-0.7994,44.8551,49394556
2013-12-31,180,2013-04-17,2013-12-31,28.0458,22.9854,23.1651,122.0157,121.0694,19.1669,28.0458,0.0,46.324,54261684
2014-01-02,180,2013-04-18,2014-01-02,27.8559,23.03,23.211,120.9547,120.0113,19.1669,28.0458,-0.6772,45.333,72783144
2014-01-03,180,2013-04-19,2014-01-03,27.6527,23.0773,23.2582,119.8264,118.8944,20.0168,28.0458,-1.4018,38.1474,66601332
2014-01-06,180,2013-04-22,2014-01-06,27.961,23.1193,23.3023,120.9419,119.9923,20.0228,28.0458,-0.3025,39.6458,70701228
2014-01-07,180,2013-04-23,2014-01-07,28.5,23.1635,23.3494,123.0383,122.0589,20.0556,28.5,0.0,42.1053,102001896
2014-01-08,180,2013-04-24,2014-01-08,28.5593,23.2067,23.3957,123.0651,122.0706,20.0556,28.5593,0.0,42.401,89610300
2014-01-09,180,2013-04-25,2014-01-09,28.2843,23.2479,23.4398,121.6636,120.6679,20.0556,28.5593,-0.963,41.0297,83296620
2014-01-10,180,2013-04-26,2014-01-10,28.2828,23.2901,23.4844,121.4367,120.4321,20.0556,28.5593,-0.9682,41.0222,85654260
2014-01-13,180,2013-04-29,2014-01-13,28.1026,23.3332,23.5291,120.4402,119.4375,20.497,28.5593,-1.5991,37.106,96659244
2014-01-14,180,2013-04-30,2014-01-14,28.7638,23.3757,23.575,123.0497,122.0094,20.5313,28.7638,0.0,40.0973,99204696
2014-01-15,180,2013-05-01,2014-01-15,28.7442,23.4173,23.6201,122.7478,121.694,20.5313,28.7638,-0.0679,40.0022,77929992
2014-01-16,180,2013-05-02,2014-01-16,28.9344,23.4605,23.6668,123.3326,122.2576,20.761,28.9344,0.0,39.3691,67288644
2014-01-17,180,2013-05-03,2014-01-17,28.792,23.5016,23.7114,122.5108,121.427,21.1642,28.9344,-0.4921,36.0415,107943948
2014-01-21,180,2013-05-06,2014-01-21,29.1216,23.5413,23.7556,123.7043,122.5884,21.1937,29.1216,0.0,37.407,79116804
2014-01-22,180,2013-05-07,2014-01-22,29.1547,23.5786,23.7978,123.6489,122.5099,21.1937,29.1547,0.0,37.5629,62793144
2014-01-23,180,2013-05-08,2014-01-23,29.0315,23.6162,23.8399,122.9304,121.777,21.1937,29.1547,-0.4223,36.9819,77886036
2014-01-24,180,2013-05-09,2014-01-24,28.1239,23.6478,23.8747,118.928,117.7979,21.1937,29.1547,-3.5356,32.6993,155544300
2014-01-27,180,2013-05-10,2014-01-27,27.5583,23.6776,23.9066,116.3899,115.2747,21.1937,29.1547,-5.4754,30.0307,173969856
2014-01-28,180,2013-05-13,2014-01-28,28.1034,23.7082,23.9404,118.5386,117.3889,21.1937,29.1547,-3.6059,32.6024,88319592
2014-01-29,180,2013-05-14,2014-01-29,27.7007,23.7377,23.9723,116.695,115.5531,21.1937,29.1547,-4.987,30.7026,95100804
2014-01-30,180,2013-05-15,2014-01-30,28.4132,23.7686,24.0068,119.5409,118.3547,21.1937,29.1547,-2.5433,34.0642,203452344
2014-01-31,180,2013-05-16,2014-01-31,29.5538,23.7993,24.0437,124.179,122.9173,21.1937,29.5538,0.0,39.4462,222429348
2014-02-03,180,2013-05-17,2014-02-03,28.3641,23.8276,24.0756,119.0391,117.8129,21.1937,29.5538,-4.0255,33.8328,182581236
2014-02-04,180,2013-05-20,2014-02-04,28.4825,23.8555,24.1074,119.396,118.1483,21.1937,29.5538,-3.625,34.3913,112363524
2014-02-05,180,2013-05-21,2014-02-05,28.6086,23.8841,24.14,119.7812,118.5111,21.1937,29.5538,-3.1982,34.9864,95684220
2014-02-06,180,2013-05-22,2014-02-06,29.028,23.9146,24.1752,121.3823,120.0736,21.1937,29.5538,-1.779,36.9654,77786136
2014-02-07,180,2013-05-23,2014-02-07,29.4655,23.9495,24.2152,123.0315,121.6815,21.1937,29.5538,-0.2989,39.0294,105342552
2014-02-10,180,2013-05-24,2014-02-10,29.3526,23.9853,24.2556,122.3777,121.0138,21.1937,29.5538,-0.6808,38.4969,77730192
2014-02-11,180,2013-05-28,2014-02-11,29.7843,24.0243,24.2996,123.9759,122.5709,21.1937,29.7843,0.0,40.5337,81949968
2014-02-12,180,2013-05-29,2014-02-12,29.6969,24.0617,24.3421,123.4198,121.9983,21.1937,29.7843,-0.2932,40.1216,68911020
2014-02-13,180,2013-05-30,2014-02-13,30.0275,24.1027,24.3882,124.5816,123.1232,21.1937,30.0275,0.0,41.6814,73382544
2014-02-14,180,2013-05-31,2014-02-14,30.1001,24.1437,24.4344,124.6708,123.1876,21.1937,30.1001,0.0,42.0239,87380532
2014-02-18,180,2013-06-03,2014-02-18,30.3023,24.1854,24.4816,125.2917,123.7759,21.1937,30.3023,0.0,42.9779,84271644
2014-02-19,180,2013-06-04,2014-02-19,30.0886,24.2271,24.5281,124.1938,122.6698,21.1937,30.3023,-0.7053,41.9695,84059856
2014-02-20,180,2013-06-05,2014-02-20,30.1329,24.2707,24.5761,124.1535,122.6106,21.1937,30.3023,-0.5591,42.1785,67963968
2014-02-21,180,2013-06-06,2014-02-21,30.1249,24.3142,24.6239,123.8981,122.3399,21.1937,30.3023,-0.5855,42.1407,74417508
2014-02-24,180,2013-06-07,2014-02-24,30.3431,24.3579,24.6723,124.5721,122.9846,21.1937,30.3431,0.0,43.1704,66905028
2014-02-25,180,2013-06-10,2014-02-25,30.5305,24.3997,24.7196,125.1267,123.5074,21.1937,30.5305,0.0,44.0548,57490452
2014-02-26,180,2013-06-11,2014-02-26,30.5348,24.4399,24.7655,124.9383,123.2958,21.1937,30.5348,0.0,44.0749,79208712
2014-02-27,180,2013-06-12,2014-02-27,30.5108,24.4819,24.8126,124.6256,122.9646,21.1937,30.5348,-0.0787,43.9615,50349600
2014-02-28,180,2013-06-13,2014-02-28,30.4217,24.5251,24.8604,124.0428,122.3699,21.1937,30.5348,-0.3704,43.5412,92451456
2014-03-03,180,2013-06-14,2014-03-03,30.0973,24.5664,24.9057,122.5141,120.8452,21.1937,30.5348,-1.4326,42.0109,84107808
2014-03-04,180,2013-06-17,2014-03-04,30.4032,24.6094,24.953,123.5431,121.8419,21.1937,30.5348,-0.4311,43.4538,58649292
2014-03-05,180,2013-06-18,2014-03-05,30.487,24.6508,24.9991,123.6756,121.9523,21.1937,30.5348,-0.1565,43.8493,49362588
2014-03-06,180,2013-06-19,2014-03-06,30.5208,24.69,25.0435,123.6159,121.8712,21.1937,30.5348,-0.0459,44.0087,50673276
2014-03-07,180,2013-06-20,2014-03-07,30.4002,24.7289,25.0871,122.9336,121.1782,21.1937,30.5348,-0.4409,43.4396,60543396
2014-03-10,180,2013-06-21,2014-03-10,30.3196,24.7704,25.1326,122.4025,120.6385,21.1937,30.5348,-0.7048,43.0594,48535416
2014-03-11,180,2013-06-24,2014-03-11,30.0298,24.8116,25.1769,121.0314,119.275,21.1937,30.5348,-1.6539,41.6921,68451480
2014-03-12,180,2013-06-25,2014-03-12,30.2127,24.8556,25.2239,121.5531,119.7783,21.1937,30.5348,-1.0548,42.5552,78493428
2014-03-13,180,2013-06-26,2014-03-13,29.7563,24.8986,25.2687,119.5096,117.7592,21.1937,30.5348,-2.5496,40.4015,93730176
2014-03-14,180,2013-06-27,2014-03-14,29.3493,24.9389,25.3103,117.6851,115.958,21.1937,30.5348,-3.8822,38.4815,91664244
2014-03-17,180,2013-06-28,2014-03-17,29.8323,24.9805,25.3541,119.4222,117.6626,21.1937,30.5348,-2.3005,40.7604,86397516
2014-03-18,180,2013-07-01,2014-03-18,30.3118,25.0236,25.4001,121.1328,119.3372,21.1937,30.5348,-0.7302,43.0228,72527400
2014-03-19,180,2013-07-02,2014-03-19,30.0113,25.0643,25.4434,119.737,117.9529,21.1937,30.5348,-1.7145,41.6047,64451484
2014-03-20,180,2013-07-03,2014-03-20,29.959,25.106,25.4872,119.33,117.5451,21.1937,30.5348,-1.8858,41.3579,67320612
2014-03-21,180,2013-07-05,2014-03-21,29.6056,25.1456,25.5284,117.7367,115.9711,21.1937,30.5348,-3.043,39.6906,128211660
2014-03-24,180,2013-07-08,2014-03-24,28.9772,25.1815,25.5652,115.0733,113.3464,21.1937,30.5348,-5.1009,36.7257,121362516
2014-03-25,180,2013-07-09,2014-03-25,28.997,25.2156,25.6005,114.9961,113.2675,21.1937,30.5348,-5.0362,36.819,96311592
2014-03-26,180,2013-07-10,2014-03-26,28.3276,25.2469,25.632,112.2022,110.5165,21.1937,30.5348,-7.2285,33.6604,103096800
2014-03-27,180,2013-07-11,2014-03-27,27.8849,25.2761,25.6609,110.321,108.6667,21.1937,30.5348,-8.6783,31.5716,152735112
2014-03-28,180,2013-07-12,2014-03-28,28.0318,25.3037,25.6887,110.7815,109.1209,21.1937,30.5348,-8.1972,32.2647,90265644
2014-03-31,180,2013-07-15,2014-03-31,27.8906,25.3302,25.7154,110.1085,108.4591,21.1937,30.5348,-8.6594,31.5988,77614308
2014-04-01,180,2013-07-16,2014-04-01,28.4007,25.3587,25.7446,111.9956,110.317,21.1937,30.5348,-6.9892,34.0052,87152760
2014-04-02,180,2013-07-17,2014-04-02,28.4059,25.3882,25.7745,111.8862,110.2092,21.1937,30.5348,-6.972,34.03,83360556
2014-04-03,180,2013-07-18,2014-04-03,28.575,25.4187,25.8056,112.4171,110.7319,21.1937,30.5348,-6.4182,34.8279,80366000
2014-04-04,180,2013-07-19,2014-04-04,27.2625,25.4446,25.8304,107.1446,105.5441,21.1937,30.5348,-10.7166,28.635,107274000
2014-04-07,180,2013-07-22,2014-04-07,27.0315,25.4719,25.856,106.123,104.5465,21.1937,30.5348,-11.4731,27.545,79232000
2014-04-08,180,2013-07-23,2014-04-08,27.8755,25.5007,25.8842,109.3125,107.6931,21.1937,30.5348,-8.709,31.5273,69650000
2014-04-09,180,2013-07-24,2014-04-09,28.352,25.5331,25.9161,111.0402,109.3993,21.1937,30.5348,-7.1485,33.7756,60632000
2014-04-10,180,2013-07-25,2014-04-10,27.3345,25.5609,25.9424,106.9386,105.3661,21.1937,30.5348,-10.4808,28.9747,65890000
2014-04-11,180,2013-07-26,2014-04-11,26.888,25.5894,25.9684,105.075,103.5414,21.1937,30.5348,-11.943,26.8679,63494000
2014-04-14,180,2013-07-29,2014-04-14,27.26,25.6201,25.9967,106.4007,104.8594,21.1937,30.5348,-10.7248,28.6232,50824000
2014-04-15,180,2013-07-30,2014-04-15,27.435,25.6524,26.0265,106.949,105.4119,21.1937,30.5348,-10.1517,29.4489,79956000
2014-04-16,180,2013-07-31,2014-04-16,28.195,25.6868,26.0592,109.7647,108.1958,21.1937,30.5348,-7.6627,33.0349,91644000
2014-04-17,180,2013-08-01,2014-04-17,27.167,25.7169,26.0868,105.6388,104.141,21.1937,30.5348,-11.0293,28.1844,112294000
2014-04-21,180,2013-08-02,2014-04-21,26.9685,25.743,26.1109,104.7604,103.2846,21.1937,30.5348,-11.6794,27.2478,48502000
2014-04-22,180,2013-08-05,2014-04-22,27.275,25.7704,26.1364,105.8386,104.3566,21.1937,30.5348,-10.6756,28.6939,46622000
2014-04-23,180,2013-08-06,2014-04-23,26.8755,25.796,26.1598,104.1847,102.7357,21.1937,30.5348,-11.984,26.809,39114000
2014-04-24,180,2013-08-07,2014-04-24,26.722,25.8225,26.1836,103.4835,102.0561,21.1937,30.5348,-12.4867,26.0847,41348000
2014-04-25,180,2013-08-08,2014-04-25,26.155,25.8471,26.2051,101.1914,99.8087,21.1937,30.5348,-14.3436,23.4094,47400000
2014-04-28,180,2013-08-09,2014-04-28,26.149,25.8713,26.2263,101.0734,99.7053,21.1937,30.5348,-14.3632,23.381,75056000
2014-04-29,180,2013-08-12,2014-04-29,26.8165,25.8995,26.2515,103.5405,102.1523,21.1937,30.5348,-12.1772,26.5306,50704000
2014-04-30,180,2013-08-13,2014-04-30,26.744,25.9284,26.277,103.1456,101.7774,21.1937,30.5348,-12.4146,26.1885,40770000
2014-05-01,180,2013-08-14,2014-05-01,26.9265,25.9591,26.304,103.7267,102.3665,21.1937,30.5348,-11.817,27.0496,40086000
2014-05-02,180,2013-08-15,2014-05-02,26.6935,25.9909,26.3314,102.7034,101.3752,21.1937,30.5348,-12.58,25.9502,35616000
2014-05-05,180,2013-08-16,2014-05-05,26.7665,26.0251,26.3606,102.8486,101.5399,21.1937,30.5348,-12.341,26.2946,24568000
2014-05-06,180,2013-08-19,2014-05-06,26.1285,26.0566,26.3866,100.2758,99.0218,21.1937,30.5348,-14.4304,23.2843,36700000
2014-05-07,180,2013-08-20,2014-05-07,25.9,26.0852,26.4101,99.2902,98.0684,21.1937,30.5348,-15.1787,22.2062,61486000
2014-05-08,180,2013-08-21,2014-05-08,26.0085,26.1144,26.4343,99.5945,98.3891,21.1937,30.5348,-14.8234,22.7181,49040000
2014-05-09,180,2013-08-22,2014-05-09,26.331,26.1447,26.4597,100.7126,99.5134,21.1937,30.5348,-13.7672,24.2398,45224000
2014-05-12,180,2013-08-23,2014-05-12,26.9215,26.1774,26.4878,102.8427,101.6372,21.1937,30.5348,-11.8333,27.026,38968000
2014-05-13,180,2013-08-26,2014-05-13,27.077,26.2116,26.5173,103.3015,102.1108,21.1937,30.5348,-11.3241,27.7597,40240000
2014-05-14,180,2013-08-27,2014-05-14,26.7205,26.2449,26.5453,101.8123,100.6601,21.1937,30.5348,-12.4916,26.0776,25618000
2014-05-15,180,2013-08-28,2014-05-15,26.456,26.2801,26.5741,100.6692,99.5557,21.1937,30.5348,-13.3578,24.8296,36658000
2014-05-16,180,2013-08-29,2014-05-16,26.415,26.3156,26.6028,100.3777,99.2939,21.1937,30.5348,-13.4921,24.6361,38154000
2014-05-19,180,2013-08-30,2014-05-19,26.9415,26.3526,26.6336,102.2347,101.1561,21.1937,30.5348,-11.7678,27.1204,39530000
2014-05-20,180,2013-09-03,2014-05-20,27.0195,26.3919,26.6659,102.378,101.3259,21.3631,30.5348,-11.5124,26.4774,48506000
2014-05-21,180,2013-09-04,2014-05-21,27.485,26.4309,26.699,103.9882,102.9438,21.3631,30.5348,-9.9879,28.6563,31294000
2014-05-22,180,2013-09-05,2014-05-22,27.7725,26.4691,26.7321,104.9241,103.8918,21.3631,30.5348,-9.0464,30.0021,42994000
2014-05-23,180,2013-09-06,2014-05-23,28.19,26.5079,26.7665,106.3455,105.3184,21.3631,30.5348,-7.6791,31.9564,53450000
2014-05-27,180,2013-09-09,2014-05-27,28.7435,26.5495,26.8039,108.2636,107.2364,21.3631,30.5348,-5.8664,34.5473,43716000
2014-05-28,180,2013-09-10,2014-05-28,28.5225,26.5885,26.8389,107.2737,106.2731,21.3631,30.5348,-6.5901,33.5128,31632000
2014-05-29,180,2013-09-11,2014-05-29,28.528,26.6275,26.8738,107.1373,106.1555,21.3631,30.5348,-6.5721,33.5386,28222000
2014-05-30,180,2013-09-12,2014-05-30,28.5825,26.6654,26.908,107.1895,106.2231,21.3631,30.5348,-6.3936,33.7937,37434000
2014-06-02,180,2013-09-13,2014-06-02,28.217,26.7022,26.9406,105.673,104.7379,21.3631,30.5348,-7.5906,32.0828,33210000
2014-06-03,180,2013-09-16,2014-06-03,27.7255,26.7374,26.971,103.6955,102.7974,21.3631,30.5348,-9.2003,29.7821,40626000
2014-06-04,180,2013-09-17,2014-06-04,27.688,26.7728,27.0014,103.4185,102.5428,21.3631,30.5348,-9.3231,29.6066,34582000
2014-06-05,180,2013-09-18,2014-06-05,28.2465,26.8114,27.0351,105.3524,104.4807,21.3631,30.5348,-7.494,32.2209,35868000
2014-06-06,180,2013-09-19,2014-06-06,28.3015,26.847,27.0668,105.4176,104.5617,21.3631,30.5348,-7.3139,32.4784,34804000
2014-06-09,180,2013-09-20,2014-06-09,28.5365,26.8849,27.1004,106.1433,105.2991,21.3631,30.5348,-6.5443,33.5784,30594000
2014-06-10,180,2013-09-23,2014-06-10,28.415,26.9213,27.1327,105.5484,104.7259,21.3631,30.5348,-6.9422,33.0096,29676000
2014-06-11,180,2013-09-24,2014-06-11,28.375,26.9609,27.1671,105.2448,104.4461,21.3631,30.5348,-7.0732,32.8224,22580000
2014-06-12,180,2013-09-25,2014-06-12,27.975,26.9986,27.1992,103.6165,102.8521,21.3631,30.5348,-8.3832,30.95,30930000
2014-06-13,180,2013-09-26,2014-06-13,28.0175,27.0386,27.2329,103.6204,102.8809,21.3631,30.5348,-8.244,31.149,27066000
2014-06-16,180,2013-09-27,2014-06-16,27.615,27.0764,27.2643,101.9892,101.2864,21.3631,30.5348,-9.5622,29.2649,39436000
2014-06-17,180,2013-09-30,2014-06-17,27.531,27.1142,27.2954,101.5372,100.8633,21.3631,30.5348,-9.8373,28.8717,29552000
2014-06-18,180,2013-10-01,2014-06-18,28.033,27.1549,27.3293,103.2337,102.5748,21.3631,30.5348,-8.1932,31.2215,41212000
2014-06-19,180,2013-10-02,2014-06-19,28.2495,27.1945,27.363,103.8795,103.2399,21.3631,30.5348,-7.4842,32.2349,52548000
2014-06-20,180,2013-10-03,2014-06-20,28.326,27.2344,27.3969,104.0082,103.3914,21.3631,30.5348,-7.2337,32.593,63212000
2014-06-23,180,2013-10-04,2014-06-23,28.7145,27.2789,27.4346,105.2626,104.6653,21.3631,30.5348,-5.9613,34.4116,34456000
2014-06-24,180,2013-10-07,2014-06-24,28.627,27.324,27.4723,104.7689,104.203,21.3631,30.5348,-6.2479,34.002,56886000
2014-06-25,180,2013-10-08,2014-06-25,29.2965,27.3739,27.5147,107.0234,106.4756,21.3631,30.5348,-4.0553,37.1359,42294000
2014-06-26,180,2013-10-09,2014-06-26,29.2385,27.4265,27.5585,106.6068,106.0961,21.4179,30.5348,-4.2453,36.5142,40248000
2014-06-27,180,2013-10-10,2014-06-27,29.2845,27.479,27.6022,106.5704,106.0948,21.7277,30.5348,-4.0946,34.7794,40426000
2014-06-30,180,2013-10-11,2014-06-30,29.2335,27.5287,27.6439,106.1929,105.7503,21.8216,30.5348,-4.2616,33.9661,29578000
2014-07-01,180,2013-10-14,2014-07-01,29.5745,27.5793,27.687,107.2342,106.8174,21.9247,30.5348,-3.1449,34.8914,32864000
2014-07-02,180,2013-10-15,2014-07-02,29.539,27.6291,27.7293,106.9126,106.5264,22.0723,30.5348,-3.2611,33.8282,23916000
2014-07-03,180,2013-10-16,2014-07-03,29.654,27.6783,27.7714,107.138,106.7789,22.242,30.5348,-2.8845,33.3244,17978000
2014-07-07,180,2013-10-17,2014-07-07,29.538,27.7237,27.8106,106.5442,106.2111,22.242,30.5348,-3.2644,32.8028,26734000
2014-07-08,180,2013-10-18,2014-07-08,28.92,27.7681,27.8477,104.1483,103.8504,25.1076,30.5348,-5.2883,15.1842,42504000
2014-07-09,180,2013-10-21,2014-07-09,29.168,27.7905,27.8692,104.9567,104.6604,25.1076,30.5348,-4.4762,16.172,27456000
2014-07-10,180,2013-10-22,2014-07-10,29.002,27.8135,27.8908,104.2732,103.9841,25.2002,30.5348,-5.0198,15.0864,28724000
2014-07-11,180,2013-10-23,2014-07-11,29.3325,27.8375,27.9138,105.3704,105.0826,25.224,30.5348,-3.9374,16.2882,30232000
2014-07-14,180,2013-10-24,2014-07-14,29.713,27.8594,27.9354,106.6533,106.3631,25.224,30.5348,-2.6913,17.7967,39032000
2014-07-15,180,2013-10-25,2014-07-15,29.653,27.8821,27.9576,106.3516,106.0642,25.224,30.5348,-2.8878,17.5588,33476000
2014-07-16,180,2013-10-28,2014-07-16,29.531,27.9058,27.9805,105.8238,105.5413,25.224,30.5348,-3.2873,17.0751,28816000
2014-07-17,180,2013-10-29,2014-07-17,29.041,27.9272,28.0007,103.9883,103.7151,25.224,30.5348,-4.8921,15.1325,58706000
2014-07-18,180,2013-10-30,2014-07-18,30.2555,27.9511,28.0248,108.2444,107.9599,25.224,30.5348,-0.9146,19.9474,97432000
2014-07-21,180,2013-10-31,2014-07-21,29.922,27.9744,28.0477,106.9622,106.6824,25.224,30.5348,-2.0068,18.6252,44758000
2014-07-22,180,2013-11-01,2014-07-22,30.1785,27.9989,28.0721,107.7846,107.5034,25.224,30.5348,-1.1668,19.6421,37632000
2014-07-23,180,2013-11-04,2014-07-23,30.2595,28.0245,28.0974,107.9753,107.6949,25.224,30.5348,-0.9015,19.9633,22120000
2014-07-24,180,2013-11-05,2014-07-24,30.1505,28.0497,28.1223,107.4896,107.2121,25.224,30.5348,-1.2585,19.5311,27100000
2014-07-25,180,2013-11-06,2014-07-25,29.904,28.0745,28.1464,106.5165,106.2445,25.224,30.5348,-2.0658,18.5539,27200000
2014-07-28,180,2013-11-07,2014-07-28,29.951,28.0994,28.1706,106.5894,106.32,25.224,30.5348,-1.9119,18.7402,27162000
2014-07-29,180,2013-11-08,2014-07-29,29.6975,28.1256,28.1955,105.5887,105.3272,25.29,30.5348,-2.7421,17.4277,27332000
2014-07-30,180,2013-11-11,2014-07-30,29.772,28.1509,28.2196,105.7586,105.5011,25.29,30.5348,-2.4981,17.7222,24302000
2014-07-31,180,2013-11-12,2014-07-31,28.9775,28.1731,28.2401,102.8553,102.6112,25.3198,30.5348,-5.1,14.4459,46190000
2014-08-01,180,2013-11-13,2014-08-01,28.68,28.1935,28.2588,101.7256,101.4907,25.5833,30.5348,-6.0743,12.1042,44266000
2014-08-04,180,2013-11-14,2014-08-04,29.1135,28.2127,28.277,103.1928,102.9584,25.5833,30.5348,-4.6546,13.7987,30388000
2014-08-05,180,2013-11-15,2014-08-05,28.657,28.2291,28.2922,101.5157,101.2893,25.5833,30.5348,-6.1497,12.0143,32876000
2014-08-06,180,2013-11-18,2014-08-06,28.7245,28.2462,28.3081,101.6934,101.4709,25.5833,30.5348,-5.9286,12.2782,26456000
2014-08-07,180,2013-11-19,2014-08-07,28.5905,28.2629,28.3235,101.1593,100.9425,25.5833,30.5348,-6.3674,11.7544,23260000
2014-08-08,180,2013-11-20,2014-08-08,28.897,28.2823,28.3416,102.1735,101.9598,25.5833,30.5348,-5.3637,12.9524,29866000
2014-08-11,180,2013-11-21,2014-08-11,28.8625,28.302,28.3598,101.9804,101.7727,25.8231,30.5348,-5.4767,11.7702,24068000
2014-08-12,180,2013-11-22,2014-08-12,28.606,28.3184,28.3749,101.0155,100.8144,25.8231,30.5348,-6.3167,10.7769,27890000
2014-08-13,180,2013-11-25,2014-08-13,29.228,28.3385,28.3938,103.1387,102.9378,25.9,30.5348,-4.2797,12.8494,37988000
2014-08-14,180,2013-11-26,2014-08-14,29.2325,28.3564,28.4108,103.0897,102.8921,25.9,30.5348,-4.2649,12.8668,25458000
2014-08-15,180,2013-11-27,2014-08-15,29.1855,28.372,28.4258,102.8673,102.6725,25.9,30.5348,-4.4188,12.6853,34468000
2014-08-18,180,2013-11-29,2014-08-18,29.635,28.3892,28.4427,104.3883,104.1921,25.9,30.5348,-2.9468,14.4208,29320000
2014-08-19,180,2013-12-02,2014-08-19,29.8555,28.4081,28.4612,105.0951,104.8989,25.9,30.5348,-2.2246,15.2722,20864000
2014-08-20,180,2013-12-03,2014-08-20,29.7705,28.4274,28.48,104.7246,104.5312,25.9,30.5348,-2.503,14.944,19346000
2014-08-21,180,2013-12-04,2014-08-21,29.621,28.4462,28.4981,104.13,103.9401,25.9,30.5348,-2.9926,14.3668,22640000
2014-08-22,180,2013-12-05,2014-08-22,29.627,28.4642,28.5156,104.0851,103.8975,25.9,30.5348,-2.9729,14.39,17544000
2014-08-25,180,2013-12-06,2014-08-25,29.5285,28.4819,28.5327,103.6746,103.4902,25.9,30.5348,-3.2955,14.0097,25912000
2014-08-26,180,2013-12-09,2014-08-26,29.406,28.497,28.5473,103.1899,103.0081,25.9,30.5348,-3.6967,13.5367,29434000
2014-08-27,180,2013-12-10,2014-08-27,29.15,28.5094,28.5593,102.2468,102.0682,25.9,30.5348,-4.5351,12.5483,27292000
2014-08-28,180,2013-12-11,2014-08-28,29.016,28.5202,28.5697,101.7385,101.562,25.9,30.5348,-4.9739,12.0309,28116000
2014-08-29,180,2013-12-12,2014-08-29,29.118,28.5326,28.5817,102.0517,101.8763,25.9,30.5348,-4.6399,12.4247,24122000
2014-09-02,180,2013-12-13,2014-09-02,29.4315,28.5479,28.5965,103.0953,102.92,25.9,30.5348,-3.6132,13.6351,31660000
2014-09-03,180,2013-12-16,2014-09-03,29.476,28.5648,28.6128,103.1899,103.017,25.9,30.5348,-3.4675,13.8069,31580000
2014-09-04,180,2013-12-17,2014-09-04,29.657,28.5808,28.6283,103.7655,103.5931,25.9,30.5348,-2.8747,14.5058,32616000
2014-09-05,180,2013-12-18,2014-09-05,29.889,28.5985,28.6457,104.5125,104.3404,25.9,30.5348,-2.1149,15.4015,35982000
2014-09-08,180,2013-12-19,2014-09-08,30.0815,28.6148,28.662,105.1256,104.9527,25.9,30.5348,-1.4845,16.1448,31984000
2014-09-09,180,2013-12-20,2014-09-09,29.5985,28.6285,28.6754,103.3883,103.2192,25.9,30.5348,-3.0663,14.2799,31424000
2014-09-10,180,2013-12-23,2014-09-10,29.671,28.6404,28.6872,103.5986,103.4294,25.9,30.5348,-2.8289,14.5598,23202000
2014-09-11,180,2013-12-24,2014-09-11,29.5555,28.6495,28.6964,103.1625,102.9938,25.9,30.5348,-3.2071,14.1139,30028000
2014-09-12,180,2013-12-26,2014-09-12,29.245,28.6574,28.7043,102.0503,101.8838,25.9,30.5348,-4.224,12.9151,37030000
2014-09-15,180,2013-12-27,2014-09-15,29.082,28.6637,28.7105,101.4593,101.294,25.9,30.5348,-4.7578,12.2857,30908000
2014-09-16,180,2013-12-30,2014-09-16,29.439,28.6717,28.7185,102.676,102.5087,25.9,30.5348,-3.5886,13.6641,31592000
2014-09-17,180,2013-12-31,2014-09-17,29.6645,28.6823,28.7291,103.4244,103.2559,25.9,30.5348,-2.8501,14.5347,34390000
2014-09-18,180,2014-01-02,2014-09-18,29.8635,28.6922,28.7392,104.0823,103.9121,25.9,30.5348,-2.1984,15.3031,29890000
2014-09-19,180,2014-01-03,2014-09-19,30.27,28.7053,28.7526,105.4509,105.2774,25.9,30.5348,-0.8672,16.8726,83832000
2014-09-22,180,2014-01-06,2014-09-22,29.8635,28.7176,28.7649,103.9903,103.8193,25.9,30.5348,-2.1984,15.3031,35644000
2014-09-23,180,2014-01-07,2014-09-23,29.559,28.7264,28.7738,102.8983,102.729,25.9,30.5348,-3.1956,14.1274,28074000
2014-09-24,180,2014-01-08,2014-09-24,29.921,28.7341,28.7817,104.1307,103.9586,25.9,30.5348,-2.0101,15.5251,35160000
2014-09-25,180,2014-01-09,2014-09-25,29.2625,28.7379,28.7856,101.8253,101.6568,25.9,30.5348,-4.1667,12.9826,33420000
2014-09-26,180,2014-01-10,2014-09-26,29.395,28.7441,28.7917,102.2646,102.0953,25.9,30.5348,-3.7327,13.4942,25782000
2014-09-29,180,2014-01-13,2014-09-29,29.3905,28.7502,28.7979,102.2272,102.0578,25.9,30.5348,-3.7475,13.4768,22874000
2014-09-30,180,2014-01-14,2014-09-30,29.4205,28.7575,28.8052,102.3055,102.136,25.9,30.5348,-3.6492,13.5927,31430000
2014-10-01,180,2014-01-15,2014-10-01,28.9815,28.7587,28.8064,100.7747,100.6078,25.9,30.5348,-5.0869,11.8977,28954000
2014-10-02,180,2014-01-16,2014-10-02,29.044,28.7604,28.8081,100.9862,100.8189,25.9,30.5348,-4.8822,12.139,30726000
2014-10-03,180,2014-01-17,2014-10-03,29.3125,28.7624,28.8102,101.9125,101.7435,25.9,30.5348,-4.0029,13.1757,24290000
2014-10-06,180,2014-01-21,2014-10-06,29.389,28.7656,28.8135,102.167,101.9973,25.9,30.5348,-3.7524,13.471,25722000
2014-10-07,180,2014-01-22,2014-10-07,28.705,28.7634,28.8112,99.7971,99.6314,25.9,30.5348,-5.9925,10.8301,30914000
2014-10-08,180,2014-01-23,2014-10-08,29.187,28.7635,28.8114,101.4722,101.3037,25.9,30.5348,-4.4139,12.6911,44158000
2014-10-09,180,2014-01-24,2014-10-09,28.5405,28.7608,28.8086,99.234,99.0692,25.9,30.5348,-6.5312,10.195,48234000
2014-10-10,180,2014-01-27,2014-10-10,27.7595,28.7587,28.8066,96.5257,96.365,25.9,30.5348,-9.0889,7.1795,59574000
2014-10-13,180,2014-01-28,2014-10-13,27.2375,28.7567,28.8048,94.7171,94.5588,25.9,30.5348,-10.7985,5.1641,55116000
2014-10-14,180,2014-01-29,2014-10-14,27.4345,28.7527,28.8011,95.4153,95.255,25.9,30.5348,-10.1533,5.9247,52198000
2014-10-15,180,2014-01-30,2014-10-15,27.0365,28.7486,28.7974,94.0444,93.8851,25.9,30.5348,-11.4567,4.388,76720000
2014-10-16,180,2014-01-31,2014-10-16,26.846,28.7392,28.7887,93.4124,93.2518,25.9,30.5348,-12.0806,3.6525,76100000
2014-10-17,180,2014-02-03,2014-10-17,26.1485,28.719,28.7698,91.0495,90.8887,25.9,30.5348,-14.3649,0.9595,119930000
2014-10-20,180,2014-02-04,2014-10-20,26.619,28.7084,28.7601,92.7219,92.5553,25.9,30.5348,-12.824,2.7761,54964000
2014-10-21,180,2014-02-05,2014-10-21,26.9015,28.699,28.7513,93.7368,93.5661,25.9,30.5348,-11.8988,3.8668,49190000
2014-10-22,180,2014-02-06,2014-10-22,27.1345,28.6903,28.7431,94.5773,94.4034,25.9,30.5348,-11.1358,4.7664,59474000
2014-10-23,180,2014-02-07,2014-10-23,27.6825,28.6826,28.7357,96.5131,96.335,25.9,30.5348,-9.3411,6.8822,43026000
2014-10-24,180,2014-02-10,2014-10-24,27.445,28.6712,28.7244,95.7232,95.5458,25.9,30.5348,-10.1189,5.9653,43508000
2014-10-27,180,2014-02-11,2014-10-27,27.494,28.6607,28.7141,95.9293,95.7508,25.9,30.5348,-9.9584,6.1544,31934000
2014-10-28,180,2014-02-12,2014-10-28,27.947,28.6506,28.7039,97.5441,97.3631,25.9,30.5348,-8.4749,7.9035,34774000
2014-10-29,180,2014-02-13,2014-10-29,27.9225,28.6409,28.694,97.4918,97.3111,25.9,30.5348,-8.5551,7.8089,41066000
2014-10-30,180,2014-02-14,2014-10-30,28.0135,28.63,28.6829,97.8468,97.6663,25.9,30.5348,-8.2571,8.1602,32250000
2014-10-31,180,2014-02-18,2014-10-31,28.3935,28.6209,28.6734,99.2055,99.0239,25.9,30.5348,-7.0126,9.6274,46810000
2014-11-03,180,2014-02-19,2014-11-03,28.1885,28.6096,28.6616,98.528,98.3492,25.9,30.5348,-7.684,8.8359,30834000
2014-11-04,180,2014-02-20,2014-11-04,28.2095,28.5996,28.6512,98.6361,98.4584,25.9,30.5348,-7.6152,8.917,27726000
2014-11-05,180,2014-02-21,2014-11-05,27.7975,28.5869,28.6382,97.2386,97.0643,25.9,30.5348,-8.9645,7.3263,32906000
2014-11-06,180,2014-02-24,2014-11-06,27.5845,28.573,28.6241,96.5404,96.3681,25.9,30.5348,-9.662,6.5039,33014000
2014-11-07,180,2014-02-25,2014-11-07,27.591,28.5581,28.6088,96.6135,96.4423,25.9,30.5348,-9.6408,6.529,31782000
2014-11-10,180,2014-02-26,2014-11-10,27.9115,28.5442,28.5943,97.7834,97.6122,25.9,30.5348,-8.5911,7.7664,26090000
2014-11-11,180,2014-02-27,2014-11-11,28.0645,28.5312,28.5805,98.3644,98.1944,25.9,30.5208,-8.0479,8.3571,21966000
2014-11-12,180,2014-02-28,2014-11-12,27.9125,28.5174,28.5661,97.8789,97.7119,25.9,30.5208,-8.5459,7.7703,21882000
2014-11-13,180,2014-03-03,2014-11-13,27.822,28.5035,28.5517,97.6091,97.4444,25.9,30.5208,-8.8424,7.4209,30220000
2014-11-14,180,2014-03-04,2014-11-14,27.7595,28.4909,28.5387,97.4329,97.2697,25.9,30.5208,-9.0472,7.1795,28502000
2014-11-17,180,2014-03-05,2014-11-17,27.332,28.4742,28.5216,95.9886,95.8291,25.9,30.5208,-10.4479,5.529,33612000
2014-11-18,180,2014-03-06,2014-11-18,27.2255,28.4565,28.5035,95.674,95.5163,25.9,30.5208,-10.7968,5.1178,36440000
2014-11-19,180,2014-03-07,2014-11-19,27.36,28.4395,28.4859,96.2042,96.0474,25.9,30.4002,-10.0004,5.6371,30346000
2014-11-20,180,2014-03-10,2014-11-20,27.188,28.4221,28.4681,95.6581,95.5034,25.9,30.3196,-10.3285,4.973,35016000
2014-11-21,180,2014-03-11,2014-11-21,27.2945,28.4057,28.4513,96.0882,95.9341,25.9,30.3118,-9.9542,5.3842,50120000
2014-11-24,180,2014-03-12,2014-11-24,27.374,28.3912,28.4365,96.4172,96.2635,25.9,30.3118,-9.692,5.6911,33076000
2014-11-25,180,2014-03-13,2014-11-25,27.4615,28.3763,28.4212,96.776,96.6231,25.9,30.3118,-9.4033,6.029,38072000
2014-11-26,180,2014-03-14,2014-11-26,27.3865,28.3633,28.4081,96.556,96.4039,25.9,30.3118,-9.6507,5.7394,29604000
2014-11-28,180,2014-03-17,2014-11-28,27.454,28.3528,28.3976,96.8298,96.6773,25.9,30.3118,-9.428,6.0,24202000
2014-12-01,180,2014-03-18,2014-12-01,26.9825,28.337,28.3817,95.2199,95.07,25.9,30.3118,-10.9835,4.1795,39888000
2014-12-02,180,2014-03-19,2014-12-02,26.9295,28.3186,28.3629,95.0949,94.9461,25.9,30.27,-11.0357,3.9749,41480000
2014-12-03,180,2014-03-20,2014-12-03,26.8485,28.3011,28.3454,94.8674,94.7192,25.9,30.27,-11.3033,3.6622,32476000
2014-12-04,180,2014-03-21,2014-12-04,27.129,28.2856,28.3296,95.911,95.7619,25.9,30.27,-10.3766,4.7452,32598000
2014-12-05,180,2014-03-24,2014-12-05,26.404,28.2674,28.3119,93.4079,93.2613,25.9,30.27,-12.7717,1.9459,61402000
2014-12-08,180,2014-03-25,2014-12-08,26.5365,28.2533,28.2983,93.9235,93.7742,25.9,30.27,-12.334,2.4575,64566000
2014-12-09,180,2014-03-26,2014-12-09,26.8055,28.2408,28.2861,94.9176,94.7656,25.9,30.27,-11.4453,3.4961,43322000
2014-12-10,180,2014-03-27,2014-12-10,26.402,28.2294,28.2754,93.5265,93.3744,25.9,30.27,-12.7783,1.9382,46222000
2014-12-11,180,2014-03-28,2014-12-11,26.6055,28.2218,28.2683,94.2729,94.1178,25.9,30.27,-12.106,2.7239,41426000
2014-12-12,180,2014-03-31,2014-12-12,26.0755,28.21,28.2574,92.4337,92.2783,25.9,30.27,-13.857,0.6776,47314000
2014-12-15,180,2014-04-01,2014-12-15,25.792,28.1971,28.2458,91.4705,91.3127,25.792,30.27,-14.7935,0.0,52352000
2014-12-16,180,2014-04-02,2014-12-16,24.908,28.1753,28.2264,88.4038,88.2437,24.908,30.27,-17.7139,0.0,86998000
2014-12-17,180,2014-04-03,2014-12-17,25.3225,28.1564,28.2093,89.9352,89.7667,24.908,30.27,-16.3446,1.6641,72788000
2014-12-18,180,2014-04-04,2014-12-18,25.731,28.1394,28.1935,91.4413,91.2659,24.908,30.27,-14.995,3.3042,77534000
2014-12-19,180,2014-04-07,2014-12-19,26.002,28.1315,28.1864,92.4301,92.25,24.908,30.27,-14.0998,4.3922,97442000
2014-12-22,180,2014-04-08,2014-12-22,26.615,28.129,28.1841,94.6177,94.4326,24.908,30.27,-12.0747,6.8532,66390000
2014-12-23,180,2014-04-09,2014-12-23,26.9385,28.1235,28.1789,95.7864,95.598,24.908,30.27,-11.0059,8.152,57544000
2014-12-24,180,2014-04-10,2014-12-24,26.8465,28.1148,28.1706,95.4888,95.2998,24.908,30.27,-11.3099,7.7826,14754000
2014-12-26,180,2014-04-11,2014-12-26,27.076,28.1133,28.1691,96.3104,96.1194,24.908,30.27,-10.5517,8.704,22270000
2014-12-29,180,2014-04-14,2014-12-29,26.8655,28.1131,28.169,95.5621,95.3726,24.908,30.27,-11.2471,7.8589,44300000
2014-12-30,180,2014-04-15,2014-12-30,26.764,28.1102,28.1662,95.2111,95.0215,24.908,30.27,-11.5824,7.4514,20972000
2014-12-31,180,2014-04-16,2014-12-31,26.533,28.1047,28.1612,94.4076,94.2182,24.908,30.27,-12.3456,6.524,24648000
2015-01-02,180,2014-04-17,2015-01-02,26.4775,28.0946,28.1517,94.244,94.053,24.908,30.27,-12.5289,6.3012,26480000
2015-01-05,180,2014-04-21,2015-01-05,25.973,28.0872,28.1451,92.4727,92.2826,24.908,30.27,-14.1956,4.2757,41182000
2015-01-06,180,2014-04-22,2015-01-06,25.332,28.0767,28.136,90.2242,90.0342,24.908,30.27,-16.3132,1.7023,54456000
2015-01-07,180,2014-04-23,2015-01-07,25.2575,28.0639,28.1248,90.0,89.8052,24.908,30.27,-16.5593,1.4032,46918000
2015-01-08,180,2014-04-24,2015-01-08,25.3455,28.0541,28.1163,90.3452,90.1453,24.908,30.27,-16.2686,1.7565,73054000
2015-01-09,180,2014-04-25,2015-01-09,25.036,28.0431,28.1069,89.277,89.0742,24.908,30.27,-17.2911,0.5139,42000000
2015-01-12,180,2014-04-28,2015-01-12,24.853,28.0343,28.0997,88.6521,88.4459,24.853,30.27,-17.8956,0.0,57138000
2015-01-13,180,2014-04-29,2015-01-13,25.09,28.0273,28.0938,89.52,89.308,24.853,30.27,-17.1127,0.9536,60958000
2015-01-14,180,2014-04-30,2015-01-14,25.2965,28.0175,28.0853,90.2883,90.0701,24.853,30.27,-16.4305,1.7845,52800000
2015-01-15,180,2014-05-01,2015-01-15,25.2005,28.0075,28.0768,89.9777,89.7557,24.853,30.27,-16.7476,1.3982,51068000
2015-01-16,180,2014-05-02,2015-01-16,25.523,27.9986,28.069,91.1581,90.9296,24.853,30.27,-15.6822,2.6959,49658000
2015-01-20,180,2014-05-05,2015-01-20,25.497,27.991,28.0623,91.0902,90.8585,24.853,30.27,-15.7681,2.5912,46796000
2015-01-21,180,2014-05-06,2015-01-21,26.0195,27.9863,28.0582,92.9723,92.7342,24.853,30.27,-14.042,4.6936,46356000
2015-01-22,180,2014-05-07,2015-01-22,26.865,27.9908,28.0623,95.9778,95.7336,24.853,30.27,-11.2488,8.0956,56068000
2015-01-23,180,2014-05-08,2015-01-23,27.0975,27.9983,28.0689,96.7827,96.5392,24.853,30.27,-10.4807,9.0311,45966000
2015-01-26,180,2014-05-09,2015-01-26,26.836,28.0034,28.0735,95.8311,95.5919,24.853,30.27,-11.3446,7.9789,30932000
2015-01-27,180,2014-05-12,2015-01-27,26.0595,28.0017,28.072,93.0639,92.8309,24.853,30.27,-13.9098,4.8545,39148000
2015-01-28,180,2014-05-13,2015-01-28,25.6215,27.9935,28.0648,91.5266,91.2942,24.853,30.27,-15.3568,3.0922,35822000
2015-01-29,180,2014-05-14,2015-01-29,25.6615,27.9846,28.0569,91.6985,91.4623,24.853,30.27,-15.2246,3.2531,79018000
2015-01-30,180,2014-05-15,2015-01-30,26.8775,27.9856,28.0578,96.0405,95.7934,24.853,30.27,-11.2075,8.1459,121108000
2015-02-02,180,2014-05-16,2015-02-02,26.61,27.9865,28.0586,95.0814,94.8371,24.853,30.27,-12.0912,7.0696,75378000
2015-02-03,180,2014-05-19,2015-02-03,26.665,27.9881,28.06,95.2727,95.0284,24.853,30.27,-11.9095,7.2909,47062000
2015-02-04,180,2014-05-20,2015-02-04,26.305,27.9842,28.0565,93.9995,93.7573,24.853,30.27,-13.0988,5.8423,33896000
2015-02-05,180,2014-05-21,2015-02-05,26.4915,27.981,28.0536,94.6768,94.4319,24.853,30.27,-12.4827,6.5928,33176000
2015-02-06,180,2014-05-22,2015-02-06,26.694,27.9763,28.0492,95.4165,95.1686,24.853,30.27,-11.8137,7.4076,42938000
2015-02-09,180,2014-05-23,2015-02-09,26.464,27.9685,28.0419,94.6206,94.3731,24.853,30.27,-12.5735,6.4821,30314000
2015-02-10,180,2014-05-27,2015-02-10,27.008,27.9618,28.0353,96.5889,96.3356,24.853,30.27,-10.7763,8.671,47430000
2015-02-11,180,2014-05-28,2015-02-11,26.9,27.9515,28.0251,96.2383,95.9854,24.853,30.27,-11.1331,8.2364,38306000
2015-02-12,180,2014-05-29,2015-02-12,27.3005,27.9446,28.0183,97.6949,97.4381,24.853,30.27,-9.81,9.8479,48590000
2015-02-13,180,2014-05-30,2015-02-13,27.558,27.9393,28.0129,98.6353,98.3761,24.853,30.27,-8.9594,10.884,47382000
2015-02-17,180,2014-06-02,2015-02-17,27.2505,27.9319,28.0055,97.5606,97.3041,24.853,30.27,-9.9752,9.6467,39174000
2015-02-18,180,2014-06-03,2015-02-18,27.1325,27.9257,27.9995,97.1595,96.9036,24.853,30.27,-10.365,9.1719,31164000
2015-02-19,180,2014-06-04,2015-02-19,27.3225,27.9234,27.9972,97.8479,97.59,24.853,30.27,-9.7374,9.9364,30834000
2015-02-20,180,2014-06-05,2015-02-20,27.09,27.92,27.9939,97.0273,96.771,24.853,30.27,-10.5055,9.0009,38234000
2015-02-23,180,2014-06-06,2015-02-23,26.75,27.9114,27.9856,95.839,95.5848,24.853,30.27,-11.6287,7.6329,32906000
2015-02-24,180,2014-06-09,2015-02-24,26.9325,27.9036,27.978,96.5197,96.2631,24.853,30.27,-11.0258,8.3672,28406000
2015-02-25,180,2014-06-10,2015-02-25,27.3665,27.8972,27.9715,98.0978,97.8371,24.853,30.27,-9.592,10.1135,40836000
2015-02-26,180,2014-06-11,2015-02-26,27.9645,27.8947,27.969,100.2502,99.9839,24.853,30.27,-7.6165,12.5196,54032000
2015-02-27,180,2014-06-12,2015-02-27,28.1315,27.8934,27.9676,100.8537,100.5859,24.853,30.27,-7.0648,13.1916,68328000
2015-03-02,180,2014-06-13,2015-03-02,28.751,27.8976,27.972,103.0592,102.7851,24.853,30.27,-5.0182,15.6842,50406000
2015-03-03,180,2014-06-16,2015-03-03,28.9395,27.9025,27.9771,103.7166,103.44,24.853,30.27,-4.3954,16.4427,50526000
2015-03-04,180,2014-06-17,2015-03-04,28.9165,27.9095,27.9843,103.608,103.3311,24.853,30.27,-4.4714,16.3501,37964000
2015-03-05,180,2014-06-18,2015-03-05,29.0715,27.9179,27.9929,104.1323,103.8532,24.853,30.27,-3.9594,16.9738,35918000
2015-03-06,180,2014-06-19,2015-03-06,28.645,27.9212,27.9963,102.5925,102.3172,24.853,30.27,-5.3684,15.2577,37592000
2015-03-09,180,2014-06-20,2015-03-09,28.705,27.9236,27.9988,102.7984,102.5223,24.853,30.27,-5.1701,15.4991,23478000
2015-03-10,180,2014-06-23,2015-03-10,27.9925,27.9218,27.9969,100.2533,99.9841,24.853,30.27,-7.524,12.6323,40080000
2015-03-11,180,2014-06-24,2015-03-11,27.7845,27.9167,27.9918,99.5264,99.2595,24.853,30.27,-8.2111,11.7954,40524000
2015-03-12,180,2014-06-25,2015-03-12,28.0585,27.9137,27.9886,100.5189,100.2497,24.853,30.27,-7.3059,12.8978,35602000
2015-03-13,180,2014-06-26,2015-03-13,27.65,27.9049,27.9795,99.0867,98.8224,24.853,30.27,-8.6554,11.2542,35428000
2015-03-16,180,2014-06-27,2015-03-16,28.082,27.8988,27.9731,100.6568,100.3895,24.853,30.27,-7.2283,12.9924,36856000
2015-03-17,180,2014-06-30,2015-03-17,27.8805,27.8913,27.9653,99.9612,99.6969,24.853,30.27,-7.894,12.1816,28892000
2015-03-18,180,2014-07-01,2015-03-18,28.308,27.8865,27.9601,101.5115,101.2442,24.853,30.27,-6.4817,13.9017,35324000
2015-03-19,180,2014-07-02,2015-03-19,28.1835,27.8793,27.9524,101.0912,100.8268,24.853,30.27,-6.893,13.4008,24660000
2015-03-20,180,2014-07-03,2015-03-20,28.2475,27.8726,27.9452,101.345,101.0817,24.853,30.27,-6.6815,13.6583,44320000
2015-03-23,180,2014-07-07,2015-03-23,28.2685,27.8655,27.9375,101.4463,101.1848,24.853,30.27,-6.6122,13.7428,30234000
2015-03-24,180,2014-07-08,2015-03-24,28.877,27.8621,27.9338,103.6424,103.3764,24.853,30.27,-4.6019,16.1912,79156000
2015-03-25,180,2014-07-09,2015-03-25,28.35,27.8591,27.9307,101.7619,101.5013,24.853,30.27,-6.3429,14.0707,53070000
2015-03-26,180,2014-07-10,2015-03-26,28.182,27.854,27.9252,101.1777,100.9196,24.853,30.27,-6.8979,13.3948,49842000
2015-03-27,180,2014-07-11,2015-03-27,27.8775,27.848,27.9189,100.106,99.8516,24.853,30.27,-7.9039,12.1696,34552000
2015-03-30,180,2014-07-14,2015-03-30,28.057,27.8413,27.9119,100.7748,100.52,24.853,30.27,-7.3109,12.8918,24788000
2015-03-31,180,2014-07-15,2015-03-31,27.735,27.831,27.9009,99.6552,99.4055,24.853,30.27,-8.3746,11.5962,34932000
2015-04-01,180,2014-07-16,2015-04-01,27.4745,27.8195,27.8888,98.76,98.5146,24.853,30.27,-9.2352,10.548,38902000
2015-04-02,180,2014-07-17,2015-04-02,27.0655,27.8062,27.8751,97.3362,97.0957,24.853,30.27,-10.5864,8.9023,47760000
2015-04-06,180,2014-07-18,2015-04-06,27.1975,27.7962,27.8648,97.8462,97.6051,24.853,30.27,-10.1503,9.4335,33718000
2015-04-07,180,2014-07-21,2015-04-07,27.243,27.7805,27.8481,98.0652,97.8272,24.853,30.27,-10.0,9.6165,27318000
2015-04-08,180,2014-07-22,2015-04-08,27.442,27.7676,27.8343,98.8275,98.5905,24.853,30.27,-9.3426,10.4172,28386000
2015-04-09,180,2014-07-23,2015-04-09,27.401,27.7532,27.8189,98.731,98.4978,24.853,30.27,-9.478,10.2523,32366000
2015-04-10,180,2014-07-24,2015-04-10,27.427,27.7386,27.8031,98.8767,98.6471,24.853,30.27,-9.3921,10.3569,26104000
2015-04-13,180,2014-07-25,2015-04-13,27.432,27.7245,27.788,98.9448,98.7187,24.853,30.27,-9.3756,10.377,29326000
2015-04-14,180,2014-07-28,2015-04-14,26.989,27.7091,27.7719,97.4011,97.1811,24.853,30.27,-10.8391,8.5945,47206000
2015-04-15,180,2014-07-29,2015-04-15,27.052,27.6939,27.7557,97.6822,97.4645,24.853,30.27,-10.631,8.848,46962000
2015-04-16,180,2014-07-30,2015-04-16,27.176,27.6806,27.7417,98.1772,97.9607,24.853,30.27,-10.2213,9.347,31722000
2015-04-17,180,2014-07-31,2015-04-17,26.637,27.6638,27.7243,96.2885,96.0781,24.853,30.27,-12.002,7.1782,49234000
2015-04-20,180,2014-08-01,2015-04-20,27.2265,27.6543,27.7146,98.453,98.2389,24.853,30.27,-10.0545,9.5502,38508000
2015-04-21,180,2014-08-04,2015-04-21,27.146,27.646,27.7061,98.1916,97.9785,24.853,30.27,-10.3204,9.2262,29128000
2015-04-22,180,2014-08-05,2015-04-22,27.459,27.6372,27.6969,99.3553,99.1411,24.853,30.27,-9.2864,10.4857,31806000
2015-04-23,180,2014-08-06,2015-04-23,27.873,27.633,27.6925,100.8685,100.6517,24.853,30.27,-7.9187,12.1514,78184000
2015-04-24,180,2014-08-07,2015-04-24,28.683,27.6328,27.6923,103.8006,103.5776,24.853,30.27,-5.2428,15.4106,92168000
2015-04-27,180,2014-08-08,2015-04-27,28.306,27.6313,27.6907,102.4418,102.222,24.853,30.27,-6.4883,13.8937,48062000
2015-04-28,180,2014-08-11,2015-04-28,28.2185,27.6278,27.6869,102.1382,101.9199,24.853,30.27,-6.7773,13.5416,37178000
2015-04-29,180,2014-08-12,2015-04-29,28.0695,27.6236,27.6825,101.6141,101.3979,24.853,30.27,-7.2696,12.9421,33622000
2015-04-30,180,2014-08-13,2015-04-30,27.4385,27.6173,27.6761,99.3525,99.1417,24.853,30.27,-9.3541,10.4032,47240000
2015-05-01,180,2014-08-14,2015-05-01,27.558,27.6085,27.6668,99.817,99.6069,24.853,30.27,-8.9594,10.884,36572000
2015-05-04,180,2014-08-15,2015-05-04,27.642,27.6002,27.6579,100.1515,99.9424,24.853,30.27,-8.6819,11.222,35260000
2015-05-05,180,2014-08-18,2015-05-05,27.152,27.5893,27.6466,98.4148,98.2109,24.853,30.27,-10.3006,9.2504,28528000
2015-05-06,180,2014-08-19,2015-05-06,26.754,27.574,27.6306,97.0262,96.8273,24.853,30.27,-11.6155,7.649,39034000
2015-05-07,180,2014-08-20,2015-05-07,27.102,27.5596,27.6153,98.3395,98.1411,24.853,30.27,-10.4658,9.0492,31844000
2015-05-08,180,2014-08-21,2015-05-08,27.4475,27.5476,27.6024,99.6365,99.4387,24.853,30.27,-9.3244,10.4394,28226000
2015-05-11,180,2014-08-22,2015-05-11,27.289,27.5355,27.5895,99.1049,98.9109,24.853,30.27,-9.848,9.8016,21858000
2015-05-12,180,2014-08-25,2015-05-12,26.9365,27.5213,27.5745,97.8752,97.6862,24.853,30.27,-11.0126,8.3833,35282000
2015-05-13,180,2014-08-26,2015-05-13,26.9745,27.5078,27.5603,98.0613,97.8743,24.853,30.27,-10.887,8.5362,24238000
2015-05-14,180,2014-08-27,2015-05-14,27.46,27.4977,27.5495,99.863,99.675,24.853,30.27,-9.2831,10.4897,31736000
2015-05-15,180,2014-08-28,2015-05-15,27.3245,27.488,27.5394,99.405,99.2197,24.853,30.27,-9.7308,9.9445,33440000
2015-05-18,180,2014-08-29,2015-05-18,27.3335,27.4791,27.53,99.47,99.2861,24.853,30.27,-9.701,9.9807,26706000
2015-05-19,180,2014-09-02,2015-05-19,27.464,27.4705,27.5209,99.9765,99.7934,24.853,30.27,-9.2699,10.5058,47126000
2015-05-20,180,2014-09-03,2015-05-20,27.6255,27.4612,27.5108,100.5985,100.4169,24.853,30.27,-8.7364,11.1556,30840000
2015-05-21,180,2014-09-04,2015-05-21,27.8405,27.4528,27.5017,101.4122,101.2318,24.853,30.27,-8.0261,12.0207,34170000
2015-05-22,180,2014-09-05,2015-05-22,27.726,27.443,27.491,101.0313,100.8548,24.853,30.27,-8.4044,11.56,24266000
2015-05-26,180,2014-09-08,2015-05-26,27.3595,27.43,27.477,99.7428,99.5726,24.853,30.27,-9.6151,10.0853,37474000
2015-05-27,180,2014-09-09,2015-05-27,27.7125,27.4182,27.4638,101.0735,100.9056,24.853,30.27,-8.449,11.5056,34844000
2015-05-28,180,2014-09-10,2015-05-28,27.709,27.4085,27.4533,101.0962,100.9314,24.853,30.27,-8.4605,11.4916,23544000
2015-05-29,180,2014-09-11,2015-05-29,27.266,27.3961,27.4399,99.5249,99.3661,24.853,30.27,-9.924,9.7091,43446000
2015-06-01,180,2014-09-12,2015-06-01,27.4605,27.3854,27.4283,100.2743,100.1174,24.853,30.27,-9.2815,10.4917,33210000
2015-06-02,180,2014-09-15,2015-06-02,27.6975,27.3774,27.4197,101.1691,101.0132,24.853,30.27,-8.4985,11.4453,31842000
2015-06-03,180,2014-09-16,2015-06-03,27.7645,27.3706,27.4124,101.439,101.2845,24.853,30.27,-8.2772,11.7149,26710000
2015-06-04,180,2014-09-17,2015-06-04,27.5845,27.3611,27.4021,100.8163,100.6657,24.853,30.27,-8.8718,10.9906,26866000
2015-06-05,180,2014-09-18,2015-06-05,27.4765,27.35,27.3899,100.4626,100.3161,24.853,30.27,-9.2286,10.5561,24396000
2015-06-08,180,2014-09-19,2015-06-08,27.174,27.3362,27.375,99.4066,99.2658,24.853,30.27,-10.2279,9.3389,27336000
2015-06-09,180,2014-09-22,2015-06-09,27.108,27.3202,27.3574,99.2232,99.0883,24.853,29.921,-9.4014,9.0733,30016000
2015-06-10,180,2014-09-23,2015-06-10,27.63,27.309,27.345,101.1754,101.0422,24.853,29.921,-7.6568,11.1737,30316000
2015-06-11,180,2014-09-24,2015-06-11,27.502,27.2985,27.3336,100.7454,100.6162,24.853,29.921,-8.0846,10.6587,25872000
2015-06-12,180,2014-09-25,2015-06-12,27.3735,27.2857,27.3194,100.322,100.198,24.853,29.4205,-6.9577,10.1416,25468000
2015-06-15,180,2014-09-26,2015-06-15,27.15,27.2747,27.3077,99.5429,99.4226,24.853,29.4205,-7.7174,9.2423,27150000
2015-06-16,180,2014-09-29,2015-06-16,27.2435,27.2636,27.2957,99.9264,99.8086,24.853,29.4205,-7.3996,9.6186,32526000
2015-06-17,180,2014-09-30,2015-06-17,27.33,27.253,27.2843,100.2826,100.1676,24.853,29.4205,-7.1056,9.9666,24440000
2015-06-18,180,2014-10-01,2015-06-18,27.809,27.2448,27.2753,102.0707,101.9566,24.853,29.389,-5.3762,11.8939,41192000
2015-06-19,180,2014-10-02,2015-06-19,27.876,27.2392,27.2692,102.3378,102.2253,24.853,29.389,-5.1482,12.1635,59290000
2015-06-22,180,2014-10-03,2015-06-22,27.984,27.2338,27.2633,102.7545,102.6435,24.853,29.389,-4.7807,12.5981,34752000
2015-06-23,180,2014-10-06,2015-06-23,28.1695,27.2281,27.257,103.4574,103.348,24.853,29.389,-4.1495,13.3445,31396000
2015-06-24,180,2014-10-07,2015-06-24,27.9285,27.2208,27.2488,102.5998,102.4943,24.853,29.187,-4.3119,12.3748,28924000
2015-06-25,180,2014-10-08,2015-06-25,27.8975,27.2167,27.2444,102.5016,102.3974,24.853,29.187,-4.4181,12.25,26684000
2015-06-26,180,2014-10-09,2015-06-26,27.653,27.2088,27.2358,101.6324,101.5317,24.853,29.0715,-4.8794,11.2662,43676000
2015-06-29,180,2014-10-10,2015-06-29,27.0625,27.201,27.2276,99.491,99.3936,24.853,29.0715,-6.9106,8.8903,37756000
2015-06-30,180,2014-10-13,2015-06-30,27.002,27.1968,27.2234,99.2837,99.1867,24.853,29.0715,-7.1187,8.6468,34510000
2015-07-01,180,2014-10-14,2015-07-01,27.165,27.1964,27.223,99.8845,99.7869,24.853,29.0715,-6.558,9.3027,30760000
2015-07-02,180,2014-10-15,2015-07-02,27.367,27.196,27.2226,100.6286,100.5303,24.853,29.0715,-5.8631,10.1155,28124000
2015-07-06,180,2014-10-16,2015-07-06,27.281,27.1974,27.224,100.3074,100.2094,24.853,29.0715,-6.159,9.7694,25614000
2015-07-07,180,2014-10-17,2015-07-07,27.5015,27.201,27.2276,101.1046,101.0058,24.853,29.0715,-5.4005,10.6567,33578000
2015-07-08,180,2014-10-20,2015-07-08,27.085,27.2065,27.2328,99.5535,99.4571,24.853,29.0715,-6.8332,8.9808,27662000
2015-07-09,180,2014-10-21,2015-07-09,27.2325,27.21,27.2362,100.0828,99.9863,24.853,29.0715,-6.3258,9.5743,29766000
2015-07-10,180,2014-10-22,2015-07-10,27.8055,27.2149,27.2413,102.17,102.0713,24.853,29.0715,-4.3548,11.8798,43436000
2015-07-13,180,2014-10-23,2015-07-13,28.5865,27.2226,27.2493,105.01,104.9072,24.853,29.0715,-1.6683,15.0223,41792000
2015-07-14,180,2014-10-24,2015-07-14,29.209,27.2304,27.2578,107.2661,107.1583,24.853,29.209,0.0,17.5271,74832000
2015-07-15,180,2014-10-27,2015-07-15,29.198,27.2394,27.2676,107.1902,107.0797,24.853,29.209,-0.0377,17.4828,41466000
2015-07-16,180,2014-10-28,2015-07-16,30.089,27.2524,27.282,110.4088,110.289,24.853,30.089,0.0,21.0679,112642000
2015-07-17,180,2014-10-29,2015-07-17,34.981,27.2821,27.321,128.2197,128.0368,24.853,34.981,0.0,40.7516,257162000
2015-07-20,180,2014-10-30,2015-07-20,34.642,27.3108,27.3584,126.8434,126.623,24.853,34.981,-0.9691,39.3876,102436000
2015-07-21,180,2014-10-31,2015-07-21,34.7675,27.3396,27.3959,127.169,126.9077,24.853,34.981,-0.6103,39.8926,75604000
2015-07-22,180,2014-11-03,2015-07-22,34.755,27.3664,27.4312,126.9988,126.6986,24.853,34.981,-0.6461,39.8423,83100000
2015-07-23,180,2014-11-04,2015-07-23,33.7365,27.3907,27.4621,123.1677,122.8477,24.853,34.981,-3.5576,35.7442,76232000
2015-07-24,180,2014-11-05,2015-07-24,32.7385,27.4112,27.4872,119.4349,119.1044,24.853,34.981,-6.4106,31.7286,82622000
2015-07-27,180,2014-11-06,2015-07-27,32.9135,27.4345,27.5156,119.9711,119.6174,24.853,34.981,-5.9103,32.4327,58382000
2015-07-28,180,2014-11-07,2015-07-28,32.983,27.4594,27.5456,120.1157,119.7395,24.853,34.981,-5.7117,32.7124,34364000
2015-07-29,180,2014-11-10,2015-07-29,33.0715,27.4845,27.5761,120.3277,119.9282,24.853,34.981,-5.4587,33.0684,36756000
2015-07-30,180,2014-11-11,2015-07-30,33.228,27.5086,27.6056,120.7913,120.3668,24.853,34.981,-5.0113,33.6981,39606000
2015-07-31,180,2014-11-12,2015-07-31,32.875,27.5305,27.6323,119.4128,118.9729,24.853,34.981,-6.0204,32.2778,34922000
2015-08-03,180,2014-11-13,2015-08-03,33.236,27.5547,27.6619,120.6181,120.1507,24.853,34.981,-4.9884,33.7303,31348000
2015-08-04,180,2014-11-14,2015-08-04,33.064,27.5788,27.691,119.8892,119.4032,24.853,34.981,-5.4801,33.0383,26188000
2015-08-05,180,2014-11-17,2015-08-05,33.6645,27.6055,27.7238,121.9485,121.428,24.853,34.981,-3.7635,35.4545,36448000
2015-08-06,180,2014-11-18,2015-08-06,33.5075,27.6341,27.7582,121.2542,120.7123,24.853,34.981,-4.2123,34.8228,40660000
2015-08-07,180,2014-11-19,2015-08-07,33.2195,27.6622,27.7915,120.0897,119.5313,24.853,34.981,-5.0356,33.6639,27544000
2015-08-10,180,2014-11-20,2015-08-10,33.157,27.6894,27.8237,119.7461,119.1684,24.853,34.981,-5.2143,33.4125,34458000
2015-08-11,180,2014-11-21,2015-08-11,34.515,27.7227,27.8644,124.5007,123.8679,24.853,34.981,-1.3322,38.8766,109880000
2015-08-12,180,2014-11-24,2015-08-12,34.5735,27.7557,27.9048,124.5636,123.898,24.853,34.981,-1.1649,39.112,58498000
2015-08-13,180,2014-11-25,2015-08-13,34.3255,27.7874,27.9434,123.529,122.8393,24.853,34.981,-1.8739,38.1141,36354000
2015-08-14,180,2014-11-26,2015-08-14,34.4685,27.8192,27.9824,123.9019,123.1794,24.853,34.981,-1.4651,38.6895,27598000
2015-08-17,180,2014-11-28,2015-08-17,34.7055,27.8523,28.023,124.6053,123.8464,24.853,34.981,-0.7876,39.6431,24680000
2015-08-18,180,2014-12-01,2015-08-18,34.4365,27.8842,28.0618,123.4982,122.7166,24.853,34.981,-1.5566,38.5607,27710000
2015-08-19,180,2014-12-02,2015-08-19,34.702,27.9199,28.1047,124.2914,123.474,24.853,34.981,-0.7976,39.629,50194000
2015-08-20,180,2014-12-03,2015-08-20,33.974,27.9532,28.1438,121.5386,120.7156,24.853,34.981,-2.8787,36.6998,57798000
2015-08-21,180,2014-12-04,2015-08-21,32.2015,27.9802,28.1736,115.0869,114.2969,24.853,34.981,-7.9457,29.5679,91880000
2015-08-24,180,2014-12-05,2015-08-24,30.9055,27.9998,28.1945,110.3777,109.6152,24.853,34.981,-11.6506,24.3532,129788000
2015-08-25,180,2014-12-08,2015-08-25,30.6235,28.0225,28.218,109.2818,108.5247,24.853,34.981,-12.4568,23.2185,71430000
2015-08-26,180,2014-12-09,2015-08-26,32.987,28.0547,28.2538,117.5811,116.7523,24.853,34.981,-5.7002,32.7284,87740000
2015-08-27,180,2014-12-10,2015-08-27,33.398,28.0869,28.2905,118.9094,118.054,24.853,34.981,-4.5253,34.3822,58974000
2015-08-28,180,2014-12-11,2015-08-28,32.9845,28.1201,28.327,117.2987,116.4418,24.853,34.981,-5.7074,32.7184,38836000
2015-08-31,180,2014-12-12,2015-08-31,32.391,28.1496,28.3592,115.0673,114.2171,24.853,34.981,-7.404,30.3303,38936000
2015-09-01,180,2014-12-15,2015-09-01,31.478,28.1786,28.3892,111.7088,110.8803,24.853,34.981,-10.014,26.6567,51458000
2015-09-02,180,2014-12-16,2015-09-02,32.2455,28.2129,28.425,114.2935,113.4405,24.853,34.981,-7.82,29.7449,37630000
2015-09-03,180,2014-12-17,2015-09-03,31.8525,28.2517,28.4636,112.7456,111.9061,24.853,34.981,-8.9434,28.1636,34572000
2015-09-04,180,2014-12-18,2015-09-04,31.448,28.2858,28.4976,111.1795,110.353,24.853,34.981,-10.0998,26.536,40478000
2015-09-08,180,2014-12-19,2015-09-08,32.194,28.3205,28.5335,113.6773,112.8286,24.853,34.981,-7.9672,29.5377,39092000
2015-09-09,180,2014-12-22,2015-09-09,32.1705,28.3534,28.5678,113.4625,112.611,24.853,34.981,-8.0344,29.4431,40978000
2015-09-10,180,2014-12-23,2015-09-10,32.554,28.3841,28.6008,114.6911,113.822,24.853,34.981,-6.938,30.9862,27850000
2015-09-11,180,2014-12-24,2015-09-11,32.765,28.4136,28.6332,115.3143,114.4302,24.853,34.981,-6.3349,31.8352,34892000
2015-09-14,180,2014-12-26,2015-09-14,32.6235,28.4433,28.6653,114.6968,113.8084,24.853,34.981,-6.7394,31.2658,29942000
2015-09-15,180,2014-12-29,2015-09-15,33.2535,28.4741,28.6996,116.785,115.8675,24.853,34.981,-4.9384,33.8008,35546000
2015-09-16,180,2014-12-30,2015-09-16,33.276,28.5065,28.7352,116.7314,115.8022,24.853,34.981,-4.8741,33.8913,26252000
2015-09-17,180,2014-12-31,2015-09-17,33.5835,28.5408,28.7731,117.6686,116.7184,24.853,34.981,-3.995,35.1286,47752000
2015-09-18,180,2015-01-02,2015-09-18,33.046,28.5744,28.8093,115.6489,114.7061,24.853,34.981,-5.5316,32.9658,72544000
2015-09-21,180,2015-01-05,2015-09-21,33.349,28.6098,28.8475,116.5651,115.6047,24.853,34.981,-4.6654,34.185,39094000
2015-09-22,180,2015-01-06,2015-09-22,32.66,28.6456,28.8846,114.0138,113.0706,24.853,34.981,-6.635,31.4127,54362000
2015-09-23,180,2015-01-07,2015-09-23,32.6645,28.6861,28.9253,113.8687,112.927,24.853,34.981,-6.6222,31.4308,29160000
2015-09-24,180,2015-01-08,2015-09-24,32.7455,28.7276,28.9669,113.9864,113.0444,24.853,34.981,-6.3906,31.7567,38692000
2015-09-25,180,2015-01-09,2015-09-25,32.0075,28.7653,29.0039,111.2714,110.3557,24.853,34.981,-8.5003,28.7873,48480000
2015-09-28,180,2015-01-12,2015-09-28,31.2125,28.8016,29.0383,108.3706,107.4875,24.853,34.981,-10.773,25.5885,47646000
2015-09-29,180,2015-01-13,2015-09-29,31.1305,28.8391,29.0731,107.9456,107.0765,25.09,34.981,-11.0074,24.0753,42130000
2015-09-30,180,2015-01-14,2015-09-30,31.9185,28.8785,29.1111,110.5268,109.6439,25.2005,34.981,-8.7547,26.6582,52954000
2015-10-01,180,2015-01-15,2015-10-01,32.1,28.9174,29.1489,111.0058,110.1243,25.2005,34.981,-8.2359,27.3784,42506000
2015-10-02,180,2015-01-16,2015-10-02,32.8495,28.9604,29.1914,113.4291,112.5316,25.497,34.981,-6.0933,28.8367,48788000
2015-10-05,180,2015-01-20,2015-10-05,33.584,29.0043,29.2361,115.7898,114.8715,25.497,34.981,-3.9936,31.7175,37960000
2015-10-06,180,2015-01-21,2015-10-06,33.582,29.0485,29.2811,115.6068,114.6885,25.6215,34.981,-3.9993,31.0696,42774000
2015-10-07,180,2015-01-22,2015-10-07,33.5,29.0888,29.3226,115.1648,114.2463,25.6215,34.981,-4.2337,30.7496,44354000
2015-10-08,180,2015-01-23,2015-10-08,33.35,29.1228,29.3587,114.515,113.5951,25.6215,34.981,-4.6625,30.1641,39308000
2015-10-09,180,2015-01-26,2015-10-09,33.562,29.1564,29.3946,115.1104,114.1776,25.6215,34.981,-4.0565,30.9916,32124000
2015-10-12,180,2015-01-27,2015-10-12,33.8215,29.1927,29.4334,115.8558,114.9087,25.6215,34.981,-3.3147,32.0044,26684000
2015-10-13,180,2015-01-28,2015-10-13,34.1585,29.2359,29.4784,116.8376,115.8765,25.6215,34.981,-2.3513,33.3197,42446000
2015-10-14,180,2015-01-29,2015-10-14,34.0205,29.2817,29.525,116.1834,115.226,25.6615,34.981,-2.7458,32.5741,31292000
2015-10-15,180,2015-01-30,2015-10-15,34.651,29.3299,29.575,118.142,117.1633,26.305,34.981,-0.9434,31.7278,47156000
2015-10-16,180,2015-02-02,2015-10-16,34.766,29.3704,29.6188,118.3711,117.3782,26.305,34.981,-0.6146,32.165,36316000
2015-10-19,180,2015-02-03,2015-10-19,34.9975,29.4136,29.6654,118.9842,117.9742,26.305,34.9975,0.0,33.0451,30172000
2015-10-20,180,2015-02-04,2015-10-20,34.0,29.4525,29.7061,115.4401,114.4544,26.305,34.9975,-2.8502,29.253,52434000
2015-10-21,180,2015-02-05,2015-10-21,33.59,29.4923,29.7466,113.8941,112.9204,26.464,34.9975,-4.0217,26.9271,31952000
2015-10-22,180,2015-02-06,2015-10-22,34.057,29.5329,29.7886,115.3189,114.3288,26.464,34.9975,-2.6873,28.6918,88632000
2015-10-23,180,2015-02-09,2015-10-23,35.9665,29.5797,29.8402,121.5916,120.5305,26.464,35.9665,0.0,35.9073,126726000
2015-10-26,180,2015-02-10,2015-10-26,36.556,29.6305,29.8962,123.3727,122.2763,26.637,36.556,0.0,37.2377,48776000
2015-10-27,180,2015-02-11,2015-10-27,36.641,29.6781,29.9497,123.4614,122.3416,26.637,36.641,0.0,37.5568,38778000
2015-10-28,180,2015-02-12,2015-10-28,36.846,29.7273,30.005,123.9467,122.7995,26.637,36.846,0.0,38.3264,39604000
2015-10-29,180,2015-02-13,2015-10-29,37.2425,29.7754,30.0602,125.0782,123.8929,26.637,37.2425,0.0,39.8149,36520000
2015-10-30,180,2015-02-17,2015-10-30,36.8695,29.8206,30.112,123.6378,122.4414,26.637,37.2425,-1.0015,38.4146,39984000
2015-11-02,180,2015-02-18,2015-11-02,37.387,29.8698,30.1683,125.1665,123.9282,26.637,37.387,0.0,40.3574,39914000
2015-11-03,180,2015-02-19,2015-11-03,37.441,29.9202,30.2255,125.1362,123.8721,26.637,37.441,0.0,40.5601,36306000
2015-11-04,180,2015-02-20,2015-11-04,37.7655,29.9706,30.2836,126.0084,124.7063,26.637,37.7655,0.0,41.7784,41840000
2015-11-05,180,2015-02-23,2015-11-05,38.0335,30.0237,30.3444,126.6782,125.3396,26.637,38.0335,0.0,42.7845,45486000
2015-11-06,180,2015-02-24,2015-11-06,38.08,30.0795,30.4073,126.5978,125.2331,26.637,38.08,0.0,42.9591,33544000
2015-11-09,180,2015-02-25,2015-11-09,37.7385,30.133,30.4673,125.2396,123.8654,26.637,38.08,-0.8968,41.677,35538000
2015-11-10,180,2015-02-26,2015-11-10,37.913,30.1844,30.5259,125.6046,124.1993,26.637,38.08,-0.4386,42.3321,29798000
2015-11-11,180,2015-02-27,2015-11-11,38.2625,30.2332,30.5831,126.5579,125.1098,26.637,38.2625,0.0,43.6442,41866000
2015-11-12,180,2015-03-02,2015-11-12,37.8265,30.2795,30.637,124.9243,123.4667,26.637,38.2625,-1.1395,42.0074,35452000
2015-11-13,180,2015-03-03,2015-11-13,37.0035,30.3191,30.6828,122.0468,120.6,26.637,38.2625,-3.2904,38.9177,48188000
2015-11-16,180,2015-03-04,2015-11-16,37.521,30.3595,30.7305,123.5889,122.0969,26.637,38.2625,-1.9379,40.8605,50704000
2015-11-17,180,2015-03-05,2015-11-17,37.299,30.3994,30.7771,122.6966,121.1908,26.637,38.2625,-2.5181,40.027,38864000
2015-11-18,180,2015-03-06,2015-11-18,38.0005,30.4409,30.8267,124.8336,123.2714,26.637,38.2625,-0.6847,42.6606,36266000
2015-11-19,180,2015-03-09,2015-11-19,37.997,30.4852,30.8787,124.6407,123.0527,26.637,38.2625,-0.6939,42.6475,28078000
2015-11-20,180,2015-03-10,2015-11-20,38.85,30.5323,30.935,127.2425,125.5858,26.637,38.85,0.0,45.8498,55478000
2015-11-23,180,2015-03-11,2015-11-23,38.835,30.584,30.9953,126.9781,125.2934,26.637,38.85,-0.0386,45.7934,34648000
2015-11-24,180,2015-03-12,2015-11-24,38.4815,30.6361,31.0547,125.6084,123.9153,26.637,38.85,-0.9485,44.4663,47880000
2015-11-25,180,2015-03-13,2015-11-25,38.463,30.6864,31.1125,125.342,123.6256,26.637,38.85,-0.9961,44.3969,23612000
2015-11-27,180,2015-03-16,2015-11-27,38.5985,30.7402,31.1733,125.5636,123.8191,26.637,38.85,-0.6474,44.9056,14434000
2015-11-30,180,2015-03-17,2015-11-30,38.1425,30.7896,31.2292,123.8812,122.1373,26.637,38.85,-1.8211,43.1937,33586000
2015-12-01,180,2015-03-18,2015-12-01,39.1895,30.8442,31.292,127.0563,125.238,26.637,39.1895,0.0,47.1243,40398000
2015-12-02,180,2015-03-19,2015-12-02,38.8925,30.8951,31.3508,125.8857,124.0557,26.637,39.1895,-0.7578,46.0093,46876000
2015-12-03,180,2015-03-20,2015-12-03,38.41,30.9453,31.4076,124.1224,122.2951,26.637,39.1895,-1.9891,44.1979,41950000
2015-12-04,180,2015-03-23,2015-12-04,38.9605,30.9971,31.4672,125.6906,123.8132,26.637,39.1895,-0.5843,46.2646,49800000
2015-12-07,180,2015-03-24,2015-12-07,38.6495,31.0479,31.5248,124.4833,122.6002,26.637,39.1895,-1.3779,45.0971,36626000
2015-12-08,180,2015-03-25,2015-12-08,38.757,31.0953,31.5797,124.6395,122.7275,26.637,39.1895,-1.1036,45.5006,31082000
2015-12-09,180,2015-03-26,2015-12-09,38.1275,31.144,31.634,122.4234,120.5268,26.637,39.1895,-2.7099,43.1374,46550000
2015-12-10,180,2015-03-27,2015-12-10,38.002,31.1934,31.6886,121.8269,119.9233,26.637,39.1895,-3.0301,42.6662,32458000
2015-12-11,180,2015-03-30,2015-12-11,37.521,31.2434,31.7422,120.0927,118.2055,26.637,39.1895,-4.2575,40.8605,43184000
2015-12-14,180,2015-03-31,2015-12-14,38.127,31.2945,31.7981,121.8329,119.9033,26.637,39.1895,-2.7112,43.1355,53864000
2015-12-15,180,2015-04-01,2015-12-15,38.0045,31.3476,31.8552,121.2358,119.304,26.637,39.1895,-3.0238,42.6756,49386000
2015-12-16,180,2015-04-02,2015-12-16,38.8295,31.4058,31.9183,123.638,121.653,26.637,39.1895,-0.9186,45.7728,53120000
2015-12-17,180,2015-04-06,2015-12-17,38.4915,31.466,31.9817,122.3272,120.3547,26.637,39.1895,-1.7811,44.5039,36510000
2015-12-18,180,2015-04-07,2015-12-18,37.8425,31.523,32.0409,120.0472,118.107,26.637,39.1895,-3.4371,42.0674,67794000
2015-12-21,180,2015-04-08,2015-12-21,38.04,31.5806,32.1009,120.4536,118.5015,26.637,39.1895,-2.9332,42.8089,34848000
2015-12-22,180,2015-04-09,2015-12-22,38.3565,31.6382,32.1615,121.2348,119.2622,26.637,39.1895,-2.1256,43.9971,36338000
2015-12-23,180,2015-04-10,2015-12-23,38.4255,31.6965,32.2227,121.2294,119.2497,26.637,39.1895,-1.9495,44.2561,30594000
2015-12-24,180,2015-04-13,2015-12-24,38.292,31.7544,32.2831,120.5881,118.6132,26.637,39.1895,-2.2902,43.7549,10412000
2015-12-28,180,2015-04-14,2015-12-28,39.112,31.8155,32.348,122.9339,120.9102,26.637,39.1895,-0.1978,46.8334,31156000
2015-12-29,180,2015-04-15,2015-12-29,39.698,31.8823,32.4186,124.5141,122.4544,26.637,39.698,0.0,49.0333,38430000
2015-12-30,180,2015-04-16,2015-12-30,39.515,31.9483,32.4878,123.6842,121.6302,26.637,39.698,-0.461,48.3463,28566000
2015-12-31,180,2015-04-17,2015-12-31,38.9005,32.0113,32.553,121.5211,119.4991,26.637,39.698,-2.0089,46.0394,32752000
2016-01-04,180,2015-04-20,2016-01-04,37.972,32.0752,32.6159,118.3842,116.4216,26.754,39.698,-4.3478,41.9302,67382000
2016-01-05,180,2015-04-21,2016-01-05,38.0765,32.1352,32.6762,118.4886,116.5267,26.754,39.698,-4.0846,42.3208,45216000
2016-01-06,180,2015-04-22,2016-01-06,37.9665,32.1955,32.7363,117.9248,115.9767,26.754,39.698,-4.3617,41.9096,48206000
2016-01-07,180,2015-04-23,2016-01-07,37.05,32.2499,32.7896,114.8841,112.9931,26.754,39.698,-6.6704,38.484,63132000
2016-01-08,180,2015-04-24,2016-01-08,36.5455,32.2992,32.8378,113.1469,111.291,26.754,39.698,-7.9412,36.5983,47506000
2016-01-11,180,2015-04-27,2016-01-11,36.6535,32.3432,32.8821,113.3269,111.4696,26.754,39.698,-7.6692,37.0019,50896000
2016-01-12,180,2015-04-28,2016-01-12,37.267,32.3926,32.9319,115.0478,113.164,26.754,39.698,-6.1237,39.2951,46816000
2016-01-13,180,2015-04-29,2016-01-13,35.9785,32.4372,32.975,110.9173,109.1085,26.754,39.698,-9.3695,34.479,51728000
2016-01-14,180,2015-04-30,2016-01-14,36.5695,32.4857,33.0222,112.5711,110.7422,26.754,39.698,-7.8808,36.688,55558000
2016-01-15,180,2015-05-01,2016-01-15,35.5245,32.5344,33.0671,109.1905,107.4315,26.754,39.698,-10.5131,32.782,76676000
2016-01-19,180,2015-05-04,2016-01-19,35.954,32.5843,33.1138,110.3414,108.5772,26.754,39.698,-9.4312,34.3874,48724000
2016-01-20,180,2015-05-05,2016-01-20,35.928,32.6336,33.1598,110.0951,108.3481,26.754,39.698,-9.4967,34.2902,82440000
2016-01-21,180,2015-05-06,2016-01-21,36.3335,32.6888,33.2108,111.1498,109.4027,26.754,39.698,-8.4752,35.8059,51938000
2016-01-22,180,2015-05-07,2016-01-22,37.273,32.7515,33.2692,113.8055,112.0344,26.9365,39.698,-6.1086,38.3736,47146000
2016-01-25,180,2015-05-08,2016-01-25,36.681,32.809,33.3225,111.8016,110.0789,26.9365,39.698,-7.5999,36.1758,45340000
2016-01-26,180,2015-05-11,2016-01-26,36.6895,32.864,33.3738,111.6404,109.935,26.9365,39.698,-7.5785,36.2074,30940000
2016-01-27,180,2015-05-12,2016-01-27,35.879,32.9167,33.4215,108.9993,107.353,26.9365,39.698,-9.6201,33.1985,42428000
2016-01-28,180,2015-05-13,2016-01-28,37.415,32.9794,33.4797,113.4495,111.7542,26.9745,39.698,-5.7509,38.7051,62104000
2016-01-29,180,2015-05-14,2016-01-29,38.0675,33.0448,33.5414,115.1995,113.4942,27.002,39.698,-4.1073,40.9803,75808000
2016-02-01,180,2015-05-15,2016-02-01,38.5385,33.1085,33.6029,116.4008,114.688,27.002,39.698,-2.9208,42.7246,111522000
2016-02-02,180,2015-05-18,2016-02-02,39.0455,33.1755,33.668,117.6938,115.9721,27.002,39.698,-1.6437,44.6023,135846000
2016-02-03,180,2015-05-19,2016-02-03,37.469,33.2361,33.7243,112.7358,111.1038,27.002,39.698,-5.6149,38.7638,131114000
2016-02-04,180,2015-05-20,2016-02-04,36.5015,33.2915,33.7745,109.642,108.074,27.002,39.698,-8.0521,35.1807,104922000
2016-02-05,180,2015-05-21,2016-02-05,35.188,33.3395,33.8166,105.5444,104.0555,27.002,39.698,-11.3608,30.3163,109556000
2016-02-08,180,2015-05-22,2016-02-08,35.208,33.386,33.8575,105.4574,103.9888,27.002,39.698,-11.3104,30.3903,89410000
2016-02-09,180,2015-05-26,2016-02-09,35.051,33.4327,33.8982,104.8404,103.4008,27.002,39.698,-11.7059,29.8089,84300000
2016-02-10,180,2015-05-27,2016-02-10,35.3425,33.4841,33.9425,105.5502,104.1245,27.002,39.698,-10.9716,30.8884,60314000
2016-02-11,180,2015-05-28,2016-02-11,35.318,33.5325,33.9848,105.3245,103.923,27.002,39.698,-11.0333,30.7977,65004000
2016-02-12,180,2015-05-29,2016-02-12,35.3445,33.5813,34.0272,105.2505,103.8713,27.002,39.698,-10.9665,30.8959,46538000
2016-02-16,180,2015-06-01,2016-02-16,35.882,33.6366,34.0751,106.6755,105.3028,27.002,39.698,-9.6126,32.8864,43444000
2016-02-17,180,2015-06-02,2016-02-17,36.5985,33.6938,34.1258,108.6208,107.2457,27.002,39.698,-7.8077,35.54,49154000
2016-02-18,180,2015-06-03,2016-02-18,35.8755,33.7458,34.1713,106.3109,104.9873,27.002,39.698,-9.629,32.8624,47276000
2016-02-19,180,2015-06-04,2016-02-19,36.1055,33.7985,34.2176,106.8256,105.5173,27.002,39.698,-9.0496,33.7142,34918000
2016-02-22,180,2015-06-05,2016-02-22,36.4525,33.8546,34.2669,107.6737,106.3782,27.002,39.698,-8.1755,34.9993,37516000
2016-02-23,180,2015-06-08,2016-02-23,35.8645,33.9089,34.3135,105.7672,104.5202,27.002,39.698,-9.6567,32.8216,41332000
2016-02-24,180,2015-06-09,2016-02-24,36.045,33.9668,34.3628,106.1182,104.8955,27.002,39.698,-9.202,33.4901,37092000
2016-02-25,180,2015-06-10,2016-02-25,36.456,34.0276,34.4147,107.1366,105.9315,27.002,39.698,-8.1667,35.0122,36146000
2016-02-26,180,2015-06-11,2016-02-26,36.243,34.083,34.4625,106.3375,105.1664,27.002,39.698,-8.7032,34.2234,42474000
2016-02-29,180,2015-06-12,2016-02-29,35.861,34.1378,34.509,105.0478,103.9179,27.002,39.698,-9.6655,32.8087,45068000
2016-03-01,180,2015-06-15,2016-03-01,37.1085,34.2,34.5631,108.5045,107.3646,27.002,39.698,-6.523,37.4287,60112000
2016-03-02,180,2015-06-16,2016-03-02,36.974,34.2637,34.6176,107.9102,106.8068,27.002,39.698,-6.8618,36.9306,36292000
2016-03-03,180,2015-06-17,2016-03-03,36.5795,34.3249,34.6695,106.5685,105.5091,27.002,39.698,-7.8556,35.4696,40534000
2016-03-04,180,2015-06-18,2016-03-04,36.511,34.3852,34.7205,106.1823,105.1569,27.002,39.698,-8.0281,35.2159,48516000
2016-03-07,180,2015-06-19,2016-03-07,35.64,34.4372,34.764,103.4928,102.5198,27.002,39.698,-10.2222,31.9902,61690000
2016-03-08,180,2015-06-22,2016-03-08,35.6765,34.4889,34.8074,103.4433,102.497,27.002,39.698,-10.1302,32.1254,52530000
2016-03-09,180,2015-06-23,2016-03-09,36.2705,34.543,34.8534,105.0011,104.0659,27.002,39.698,-8.6339,34.3252,39544000
2016-03-10,180,2015-06-24,2016-03-10,36.6085,34.5973,34.9003,105.8132,104.8946,27.002,39.698,-7.7825,35.577,44616000
2016-03-11,180,2015-06-25,2016-03-11,37.2435,34.657,34.952,107.4633,106.5561,27.002,39.698,-6.1829,37.9287,35380000
2016-03-14,180,2015-06-26,2016-03-14,37.512,34.7184,35.0054,108.0465,107.1605,27.002,39.698,-5.5066,38.923,32824000
2016-03-15,180,2015-06-29,2016-03-15,37.5285,34.7822,35.0603,107.8957,107.0399,27.002,39.698,-5.465,38.9841,29832000
2016-03-16,180,2015-06-30,2016-03-16,37.868,34.8532,35.1203,108.6499,107.8236,27.002,39.698,-4.6098,40.2415,29306000
2016-03-17,180,2015-07-01,2016-03-17,37.924,34.9254,35.181,108.5859,107.7968,27.085,39.698,-4.4687,40.0185,44564000
2016-03-18,180,2015-07-02,2016-03-18,37.7705,34.9955,35.2399,107.9295,107.181,27.085,39.698,-4.8554,39.4517,56222000
2016-03-21,180,2015-07-06,2016-03-21,38.108,35.0658,35.2996,108.6758,107.9559,27.085,39.698,-4.0052,40.6978,28774000
2016-03-22,180,2015-07-07,2016-03-22,38.0025,35.1365,35.3592,108.1566,107.4757,27.085,39.698,-4.271,40.3083,22096000
2016-03-23,180,2015-07-08,2016-03-23,37.878,35.205,35.4168,107.5927,106.9492,27.085,39.698,-4.5846,39.8486,24678000
2016-03-24,180,2015-07-09,2016-03-24,37.742,35.2769,35.476,106.9878,106.3874,27.2325,39.698,-4.9272,38.5918,31116000
2016-03-28,180,2015-07-10,2016-03-28,37.664,35.3474,35.534,106.5539,105.9943,27.8055,39.698,-5.1237,35.4552,21676000
2016-03-29,180,2015-07-13,2016-03-29,38.2945,35.4159,35.5922,108.128,107.5923,28.5865,39.698,-3.5355,33.9601,40062000
2016-03-30,180,2015-07-14,2016-03-30,38.417,35.4784,35.6469,108.2829,107.7711,29.198,39.698,-3.2269,31.5741,40396000
2016-03-31,180,2015-07-15,2016-03-31,38.145,35.5345,35.6965,107.3462,106.8592,29.198,39.698,-3.912,30.6425,32554000
2016-04-01,180,2015-07-16,2016-04-01,38.4835,35.5926,35.7481,108.1222,107.6519,30.089,39.698,-3.0594,27.8989,31674000
2016-04-04,180,2015-07-17,2016-04-04,38.256,35.6426,35.7935,107.3322,106.8799,30.6235,39.698,-3.6324,24.9237,26924000
2016-04-05,180,2015-07-20,2016-04-05,37.9285,35.6583,35.8098,106.3665,105.9164,30.6235,39.698,-4.4574,23.8542,24478000
2016-04-06,180,2015-07-21,2016-04-06,38.4035,35.6783,35.8307,107.6383,107.1803,30.6235,39.698,-3.2609,25.4053,25312000
2016-04-07,180,2015-07-22,2016-04-07,38.006,35.6956,35.8487,106.4724,106.0177,30.6235,39.698,-4.2622,24.1073,25498000
2016-04-08,180,2015-07-23,2016-04-08,37.9735,35.7129,35.8666,106.3299,105.8742,30.6235,39.698,-4.3441,24.0012,23434000
2016-04-11,180,2015-07-24,2016-04-11,37.877,35.7359,35.8896,105.9915,105.5375,30.6235,39.698,-4.5871,23.6861,31774000
2016-04-12,180,2015-07-27,2016-04-12,38.216,35.767,35.92,106.8472,106.3919,30.6235,39.698,-3.7332,24.793,27388000
2016-04-13,180,2015-07-28,2016-04-13,38.5955,35.7988,35.9516,107.8123,107.354,30.6235,39.698,-2.7772,26.0323,35426000
2016-04-14,180,2015-07-29,2016-04-14,38.7695,35.831,35.9838,108.2009,107.7417,30.6235,39.698,-2.3389,26.6005,26992000
2016-04-15,180,2015-07-30,2016-04-15,39.0,35.8638,36.0167,108.7446,108.2831,30.6235,39.698,-1.7583,27.3532,31712000
2016-04-18,180,2015-07-31,2016-04-18,39.384,35.8975,36.0509,109.7124,109.2456,30.6235,39.698,-0.791,28.6071,33540000
2016-04-19,180,2015-08-03,2016-04-19,38.8125,35.9308,36.0839,108.02,107.5619,30.6235,39.698,-2.2306,26.7409,43952000
2016-04-20,180,2015-08-04,2016-04-20,38.746,35.9615,36.1145,107.7429,107.2866,30.6235,39.698,-2.3981,26.5237,34262000
2016-04-21,180,2015-08-05,2016-04-21,39.0,35.9946,36.1475,108.3494,107.8914,30.6235,39.698,-1.7583,27.3532,77628000
2016-04-22,180,2015-08-06,2016-04-22,36.8885,36.0133,36.1654,102.4301,101.9995,30.6235,39.698,-7.0772,20.4581,140798000
2016-04-25,180,2015-08-07,2016-04-25,37.1105,36.0342,36.1854,102.9868,102.5566,30.6235,39.698,-6.518,21.1831,49442000
2016-04-26,180,2015-08-10,2016-04-26,36.2685,36.0525,36.2023,100.5991,100.1828,30.6235,39.698,-8.639,18.4336,55864000
2016-04-27,180,2015-08-11,2016-04-27,36.073,36.0701,36.2185,100.008,99.5982,30.6235,39.698,-9.1314,17.7952,66262000
2016-04-28,180,2015-08-12,2016-04-28,35.253,36.0745,36.2226,97.7228,97.3231,30.6235,39.698,-11.197,15.1175,62590000
2016-04-29,180,2015-08-13,2016-04-29,35.394,36.0793,36.2272,98.1005,97.7001,30.6235,39.698,-10.8419,15.5779,58278000
2016-05-02,180,2015-08-14,2016-05-02,35.7205,36.0876,36.2349,98.9828,98.5803,30.6235,39.698,-10.0194,16.6441,33476000
2016-05-03,180,2015-08-17,2016-05-03,35.422,36.0932,36.2402,98.1403,97.7422,30.6235,39.698,-10.7713,15.6693,38620000
2016-05-04,180,2015-08-18,2016-05-04,35.5685,36.0983,36.245,98.5324,98.1335,30.6235,39.698,-10.4023,16.1477,34172000
2016-05-05,180,2015-08-19,2016-05-05,35.7355,36.1059,36.2522,98.974,98.5746,30.6235,39.698,-9.9816,16.6931,29668000
2016-05-06,180,2015-08-20,2016-05-06,36.259,36.1149,36.2609,100.399,99.9948,30.6235,39.698,-8.6629,18.4025,39952000
2016-05-09,180,2015-08-21,2016-05-09,36.4565,36.1294,36.2747,100.9053,100.5012,30.6235,39.698,-8.1654,19.0475,38074000
2016-05-10,180,2015-08-24,2016-05-10,36.969,36.1585,36.3012,102.2416,101.8397,30.6235,39.698,-6.8744,20.721,32634000
2016-05-11,180,2015-08-25,2016-05-11,36.5275,36.1947,36.3324,100.9195,100.537,30.6235,39.698,-7.9866,19.2793,29834000
2016-05-12,180,2015-08-26,2016-05-12,36.4035,36.2325,36.3645,100.472,100.1072,31.1305,39.698,-8.2989,16.9384,27094000
2016-05-13,180,2015-08-27,2016-05-13,36.2415,36.2523,36.3826,99.9701,99.6122,31.1305,39.698,-8.707,16.418,25244000
2016-05-16,180,2015-08-28,2016-05-16,36.515,36.271,36.3999,100.6727,100.3162,31.1305,39.698,-8.018,17.2965,22538000
2016-05-17,180,2015-08-31,2016-05-17,36.0095,36.2896,36.4167,99.2281,98.8818,31.1305,39.698,-9.2914,15.6727,33404000
2016-05-18,180,2015-09-01,2016-05-18,36.089,36.3128,36.4373,99.3837,99.0442,31.1305,39.698,-9.0911,15.9281,32536000
2016-05-19,180,2015-09-02,2016-05-19,35.7655,36.3407,36.4611,98.4172,98.0922,31.1305,39.698,-9.906,14.8889,30598000
2016-05-20,180,2015-09-03,2016-05-20,36.0855,36.3649,36.4824,99.2316,98.912,31.1305,39.698,-9.1,15.9169,34798000
2016-05-23,180,2015-09-04,2016-05-23,35.8625,36.3907,36.5047,98.5484,98.2408,31.1305,39.698,-9.6617,15.2005,24816000
2016-05-24,180,2015-09-08,2016-05-24,36.6515,36.424,36.5336,100.6246,100.3227,31.1305,39.698,-7.6742,17.735,37884000
2016-05-25,180,2015-09-09,2016-05-25,36.905,36.4532,36.5598,101.2393,100.9443,31.1305,39.698,-7.0356,18.5493,32216000
2016-05-26,180,2015-09-10,2016-05-26,36.8465,36.4824,36.5858,100.998,100.7127,31.1305,39.698,-7.183,18.3614,27202000
2016-05-27,180,2015-09-11,2016-05-27,37.38,36.5117,36.6126,102.378,102.0961,31.1305,39.698,-5.8391,20.0752,34802000
2016-05-31,180,2015-09-14,2016-05-31,37.4425,36.54,36.6386,102.4699,102.1943,31.1305,39.698,-5.6816,20.2759,42484000
2016-06-01,180,2015-09-15,2016-06-01,37.423,36.5692,36.6652,102.3348,102.0668,31.1305,39.698,-5.7308,20.2133,20788000
2016-06-02,180,2015-09-16,2016-06-02,37.2135,36.593,36.6872,101.6958,101.4345,31.1305,39.698,-6.2585,19.5403,33916000
2016-06-03,180,2015-09-17,2016-06-03,36.793,36.6144,36.7068,100.4879,100.235,31.1305,39.698,-7.3178,18.1895,24608000
2016-06-06,180,2015-09-18,2016-06-06,36.503,36.6321,36.723,99.6476,99.401,31.1305,39.698,-8.0483,17.258,29992000
2016-06-07,180,2015-09-21,2016-06-07,36.5545,36.6538,36.7425,99.7292,99.4884,31.1305,39.698,-7.9185,17.4234,24314000
2016-06-08,180,2015-09-22,2016-06-08,37.1465,36.6767,36.7636,101.281,101.0416,31.1305,39.698,-6.4273,19.3251,32314000
2016-06-09,180,2015-09-23,2016-06-09,37.126,36.7042,36.7884,101.1492,100.9177,31.1305,39.698,-6.4789,19.2592,19180000
2016-06-10,180,2015-09-24,2016-06-10,36.6595,36.7292,36.8106,99.8103,99.5896,31.1305,39.698,-7.654,17.7607,29050000
2016-06-13,180,2015-09-25,2016-06-13,36.594,36.7533,36.832,99.5666,99.354,31.1305,39.698,-7.819,17.5503,23354000
2016-06-14,180,2015-09-28,2016-06-14,36.6625,36.7831,36.8578,99.6722,99.4701,31.1305,39.698,-7.6465,17.7703,26584000
2016-06-15,180,2015-09-29,2016-06-15,36.6095,36.8186,36.8878,99.4321,99.2456,31.1305,39.698,-7.78,17.6001,23234000
2016-06-16,180,2015-09-30,2016-06-16,36.2125,36.8526,36.916,98.2631,98.0943,31.9185,39.698,-8.78,13.453,45002000
2016-06-17,180,2015-10-01,2016-06-17,35.2125,36.8747,36.9343,95.4923,95.3381,32.1,39.698,-11.2991,9.6963,82262000
2016-06-20,180,2015-10-02,2016-06-20,35.3065,36.8961,36.9521,95.6917,95.5466,32.8495,39.698,-11.0623,7.4796,45654000
2016-06-21,180,2015-10-05,2016-06-21,35.444,36.913,36.9666,96.0205,95.8813,33.35,39.698,-10.7159,6.2789,30318000
2016-06-22,180,2015-10-06,2016-06-22,35.5235,36.9253,36.9773,96.2038,96.0683,33.35,39.698,-10.5157,6.5172,29058000
2016-06-23,180,2015-10-07,2016-06-23,35.7435,36.9389,36.9893,96.7638,96.6319,33.35,39.698,-9.9615,7.1769,42500000
2016-06-24,180,2015-10-08,2016-06-24,34.26,36.9439,36.9936,92.7351,92.6107,33.35,39.698,-13.6984,2.7286,95436000
2016-06-27,180,2015-10-09,2016-06-27,34.057,36.9487,36.9975,92.1738,92.0522,33.562,39.698,-14.2098,1.4749,58146000
2016-06-28,180,2015-10-12,2016-06-28,34.563,36.9552,37.0031,93.5267,93.4058,33.59,39.698,-12.9352,2.8967,38246000
2016-06-29,180,2015-10-13,2016-06-29,34.7595,36.9613,37.0083,94.0431,93.9236,33.59,39.698,-12.4402,3.4817,43124000
2016-06-30,180,2015-10-14,2016-06-30,35.1765,36.9677,37.0139,95.1547,95.0359,33.59,39.698,-11.3898,4.7231,42250000
2016-07-01,180,2015-10-15,2016-07-01,35.5125,36.9771,37.0222,96.0393,95.9222,33.59,39.698,-10.5434,5.7234,30984000
2016-07-05,180,2015-10-16,2016-07-05,35.2445,36.9808,37.0255,95.305,95.1898,33.59,39.698,-11.2185,4.9256,28440000
2016-07-06,180,2015-10-19,2016-07-06,35.4485,36.985,37.0293,95.8457,95.731,33.59,39.698,-10.7046,5.5329,28902000
2016-07-07,180,2015-10-20,2016-07-07,35.363,36.9872,37.0313,95.6087,95.4948,33.59,39.698,-10.92,5.2784,21174000
2016-07-08,180,2015-10-21,2016-07-08,35.889,36.999,37.0418,97.0,96.8878,33.59,39.698,-9.5949,6.8443,29946000
2016-07-11,180,2015-10-22,2016-07-11,36.36,37.0162,37.0572,98.2272,98.1186,34.057,39.698,-8.4085,6.7622,28822000
2016-07-12,180,2015-10-23,2016-07-12,36.6255,37.0319,37.0715,98.9025,98.797,34.057,39.698,-7.7397,7.5418,26468000
2016-07-13,180,2015-10-26,2016-07-13,36.474,37.0349,37.0743,98.4856,98.3808,34.057,39.698,-8.1213,7.0969,20436000
2016-07-14,180,2015-10-27,2016-07-14,36.79,37.0362,37.0756,99.3353,99.2297,34.057,39.698,-7.3253,8.0248,21408000
2016-07-15,180,2015-10-28,2016-07-15,36.7815,37.037,37.0764,99.3102,99.2047,34.057,39.698,-7.3467,7.9998,32342000
2016-07-18,180,2015-10-29,2016-07-18,37.66,37.0415,37.0809,101.6699,101.5617,34.057,39.698,-5.1338,10.5793,38698000
2016-07-19,180,2015-10-30,2016-07-19,37.6705,37.0438,37.0833,101.6918,101.5835,34.057,39.698,-5.1073,10.6102,30436000
2016-07-20,180,2015-11-02,2016-07-20,37.854,37.0492,37.0887,102.1724,102.0633,34.057,39.698,-4.6451,11.149,22502000
2016-07-21,180,2015-11-03,2016-07-21,37.7205,37.051,37.0906,101.8071,101.6983,34.057,39.698,-4.9814,10.757,19062000
2016-07-22,180,2015-11-04,2016-07-22,37.964,37.0538,37.0935,102.4565,102.3468,34.057,39.698,-4.368,11.472,20920000
2016-07-25,180,2015-11-05,2016-07-25,37.876,37.0544,37.0941,102.2174,102.1078,34.057,39.698,-4.5897,11.2136,21466000
2016-07-26,180,2015-11-06,2016-07-26,37.8825,37.0536,37.0933,102.2371,102.1277,34.057,39.698,-4.5733,11.2326,23792000
2016-07-27,180,2015-11-09,2016-07-27,38.0985,37.0537,37.0934,102.8198,102.7097,34.057,39.698,-4.0292,11.8669,32172000
2016-07-28,180,2015-11-10,2016-07-28,38.292,37.0566,37.0965,103.3339,103.2228,34.057,39.698,-3.5417,12.435,73464000
2016-07-29,180,2015-11-11,2016-07-29,39.567,37.065,37.1056,106.7503,106.6334,34.057,39.698,-0.33,16.1788,101810000
2016-08-01,180,2015-11-12,2016-08-01,40.047,37.0739,37.1156,108.0194,107.8981,34.057,40.047,0.0,17.5882,60594000
2016-08-02,180,2015-11-13,2016-08-02,40.006,37.0849,37.1277,107.8768,107.7525,34.057,40.047,-0.1024,17.4678,39928000
2016-08-03,180,2015-11-16,2016-08-03,39.946,37.1001,37.144,107.6709,107.5436,34.057,40.047,-0.2522,17.2916,29206000
2016-08-04,180,2015-11-17,2016-08-04,39.8625,37.1121,37.157,107.4111,107.2812,34.057,40.047,-0.4607,17.0464,21520000
2016-08-05,180,2015-11-18,2016-08-05,40.3465,37.1276,37.174,108.6699,108.5343,34.057,40.3465,0.0,18.4676,36146000
2016-08-08,180,2015-11-19,2016-08-08,40.2615,37.1389,37.1865,108.4079,108.2691,34.057,40.3465,-0.2107,18.218,24426000
2016-08-09,180,2015-11-20,2016-08-09,40.374,37.1508,37.1997,108.6761,108.5331,34.057,40.374,0.0,18.5483,32154000
2016-08-10,180,2015-11-23,2016-08-10,40.4245,37.1585,37.2085,108.7895,108.6433,34.057,40.4245,0.0,18.6966,18370000
2016-08-11,180,2015-11-24,2016-08-11,40.41,37.1662,37.2172,108.7279,108.5788,34.057,40.4245,-0.0359,18.654,25646000
2016-08-12,180,2015-11-25,2016-08-12,40.3525,37.1754,37.2276,108.5462,108.394,34.057,40.4245,-0.1781,18.4852,17946000
2016-08-15,180,2015-11-27,2016-08-15,40.298,37.1845,37.2378,108.3731,108.218,34.057,40.4245,-0.3129,18.3252,18596000
2016-08-16,180,2015-11-30,2016-08-16,40.0595,37.1918,37.2459,107.7107,107.5541,34.057,40.4245,-0.9029,17.6249,21158000
2016-08-17,180,2015-12-01,2016-08-17,40.271,37.2024,37.2578,108.2483,108.0876,34.057,40.4245,-0.3797,18.2459,21322000
2016-08-18,180,2015-12-02,2016-08-18,40.1375,37.2071,37.263,107.8761,107.714,34.057,40.4245,-0.71,17.8539,17292000
2016-08-19,180,2015-12-03,2016-08-19,39.9825,37.2124,37.2691,107.4439,107.2806,34.057,40.4245,-1.0934,17.3988,22416000
2016-08-22,180,2015-12-04,2016-08-22,39.8475,37.2197,37.2771,107.0603,106.8955,34.057,40.4245,-1.4274,17.0024,17056000
2016-08-23,180,2015-12-07,2016-08-23,39.8295,37.224,37.2819,106.9996,106.8334,34.057,40.4245,-1.4719,16.9495,18350000
2016-08-24,180,2015-12-08,2016-08-24,39.68,37.2292,37.2876,106.5831,106.416,34.057,40.4245,-1.8417,16.5106,25672000
2016-08-25,180,2015-12-09,2016-08-25,39.565,37.2332,37.2921,106.2627,106.0949,34.057,40.4245,-2.1262,16.1729,24054000
2016-08-26,180,2015-12-10,2016-08-26,39.661,37.241,37.3006,106.4981,106.328,34.057,40.4245,-1.8887,16.4548,24978000
2016-08-29,180,2015-12-11,2016-08-29,39.791,37.2501,37.3106,106.8211,106.6481,34.057,40.4245,-1.5671,16.8365,15474000
2016-08-30,180,2015-12-14,2016-08-30,39.596,37.2609,37.3221,106.2669,106.0927,34.057,40.4245,-2.0495,16.2639,23348000
2016-08-31,180,2015-12-15,2016-08-31,39.4925,37.2679,37.3297,105.9692,105.7939,34.057,40.4245,-2.3055,15.96,21428000
2016-09-01,180,2015-12-16,2016-09-01,39.57,37.2759,37.3384,106.1543,105.9768,34.057,40.4245,-2.1138,16.1876,26070000
2016-09-02,180,2015-12-17,2016-09-02,39.8435,37.281,37.344,106.8735,106.6932,34.057,40.4245,-1.4373,16.9906,26998000
2016-09-06,180,2015-12-18,2016-09-06,40.401,37.2905,37.3546,108.3413,108.1553,34.057,40.4245,-0.0581,18.6276,39790000
2016-09-07,180,2015-12-21,2016-09-07,40.3995,37.3034,37.3688,108.2998,108.1102,34.057,40.4245,-0.0618,18.6232,22906000
2016-09-08,180,2015-12-22,2016-09-08,40.142,37.3141,37.3805,107.5788,107.3876,34.057,40.4245,-0.6988,17.8671,23554000
2016-09-09,180,2015-12-23,2016-09-09,39.424,37.3195,37.3864,105.6391,105.45,34.057,40.4245,-2.475,15.7589,37752000
2016-09-12,180,2015-12-24,2016-09-12,39.941,37.3272,37.3948,107.0025,106.8088,34.057,40.4245,-1.1961,17.2769,37274000
2016-09-13,180,2015-12-28,2016-09-13,39.436,37.333,37.4012,105.633,105.4405,34.057,40.4245,-2.4453,15.7941,36180000
2016-09-14,180,2015-12-29,2016-09-14,39.523,37.3351,37.4035,105.8602,105.6666,34.057,40.4245,-2.2301,16.0496,25842000
2016-09-15,180,2015-12-30,2016-09-15,40.0615,37.3369,37.4055,107.2975,107.1006,34.057,40.4245,-0.898,17.6307,31144000
2016-09-16,180,2015-12-31,2016-09-16,39.8985,37.3387,37.4076,106.8555,106.6587,34.057,40.4245,-1.3012,17.1521,42612000
2016-09-19,180,2016-01-04,2016-09-19,39.7695,37.3431,37.4125,106.4976,106.3001,34.057,40.4245,-1.6203,16.7734,22990000
2016-09-20,180,2016-01-05,2016-09-20,39.989,37.3534,37.4237,107.0559,106.8548,34.057,40.4245,-1.0773,17.4179,20984000
2016-09-21,180,2016-01-06,2016-09-21,40.2515,37.3644,37.4358,107.7269,107.5216,34.057,40.4245,-0.428,18.1886,26970000
2016-09-22,180,2016-01-07,2016-09-22,40.7975,37.3786,37.4515,109.1468,108.9343,34.057,40.7975,0.0,19.7918,35186000
2016-09-23,180,2016-01-08,2016-09-23,40.748,37.3976,37.472,108.9589,108.7425,34.057,40.7975,-0.1213,19.6465,28234000
2016-09-26,180,2016-01-11,2016-09-26,40.1325,37.4166,37.492,107.2585,107.043,34.057,40.7975,-1.63,17.8392,29454000
2016-09-27,180,2016-01-12,2016-09-27,40.5365,37.4369,37.5135,108.2794,108.0584,34.057,40.7975,-0.6397,19.0255,27346000
2016-09-28,180,2016-01-13,2016-09-28,40.503,37.4536,37.5315,108.1417,107.9173,34.057,40.7975,-0.7219,18.9271,29406000
2016-09-29,180,2016-01-14,2016-09-29,40.132,37.4761,37.5546,107.087,106.8631,34.057,40.7975,-1.6312,17.8377,27000000
2016-09-30,180,2016-01-15,2016-09-30,40.203,37.4954,37.5748,107.2213,106.9947,34.057,40.7975,-1.4572,18.0462,33204000
2016-10-03,180,2016-01-19,2016-10-03,40.019,37.5201,37.5997,106.6602,106.4343,34.057,40.7975,-1.9082,17.506,29784000
2016-10-04,180,2016-01-20,2016-10-04,40.1395,37.5428,37.623,106.9167,106.6888,34.057,40.7975,-1.6128,17.8598,25174000
2016-10-05,180,2016-01-21,2016-10-05,40.0615,37.5653,37.6459,106.6451,106.4165,34.057,40.7975,-1.804,17.6307,24276000
2016-10-06,180,2016-01-22,2016-10-06,40.154,37.5858,37.6672,106.8329,106.6021,34.057,40.7975,-1.5773,17.9023,21998000
2016-10-07,180,2016-01-25,2016-10-07,40.0355,37.6003,37.6825,106.4764,106.2442,34.057,40.7975,-1.8678,17.5544,23262000
2016-10-10,180,2016-01-26,2016-10-10,40.7085,37.6215,37.7049,108.2053,107.9661,34.057,40.7975,-0.2182,19.5305,29922000
2016-10-11,180,2016-01-27,2016-10-11,40.4785,37.6416,37.7259,107.5366,107.2962,34.057,40.7975,-0.7819,18.8552,34432000
2016-10-12,180,2016-01-28,2016-10-12,40.5885,37.6671,37.7521,107.7559,107.5132,34.057,40.7975,-0.5123,19.1781,18158000
2016-10-13,180,2016-01-29,2016-10-13,40.204,37.6817,37.7676,106.6937,106.451,34.057,40.7975,-1.4548,18.0492,27380000
2016-10-14,180,2016-02-01,2016-10-14,40.23,37.6928,37.7796,106.7311,106.486,34.057,40.7975,-1.391,18.1255,22238000
2016-10-17,180,2016-02-02,2016-10-17,40.342,37.702,37.7896,107.0023,106.7541,34.057,40.7975,-1.1165,18.4544,21128000
2016-10-18,180,2016-02-03,2016-10-18,41.0745,37.712,37.8009,108.9163,108.6601,34.057,41.0745,0.0,20.6052,45786000
2016-10-19,180,2016-02-04,2016-10-19,41.342,37.7318,37.8224,109.5682,109.3055,34.057,41.342,0.0,21.3906,30002000
2016-10-20,180,2016-02-05,2016-10-20,41.0815,37.7559,37.8479,108.808,108.5438,34.057,41.342,-0.6301,20.6257,27878000
2016-10-21,180,2016-02-08,2016-10-21,41.203,37.7888,37.8813,109.0349,108.7687,34.057,41.342,-0.3362,20.9825,32316000
2016-10-24,180,2016-02-09,2016-10-24,41.787,37.8243,37.9178,110.4765,110.2041,34.057,41.787,0.0,22.6972,28952000
2016-10-25,180,2016-02-10,2016-10-25,41.4275,37.8593,37.9533,109.425,109.154,34.057,41.787,-0.8603,21.6417,37814000
2016-10-26,180,2016-02-11,2016-10-26,41.105,37.8909,37.9853,108.4826,108.213,34.057,41.787,-1.6321,20.6947,35898000
2016-10-27,180,2016-02-12,2016-10-27,40.8675,37.9216,38.0161,107.7685,107.5005,34.057,41.787,-2.2004,19.9974,59470000
2016-10-28,180,2016-02-16,2016-10-28,40.978,37.9527,38.0474,107.9713,107.7025,34.057,41.787,-1.936,20.3218,87098000
2016-10-31,180,2016-02-17,2016-10-31,40.495,37.9781,38.073,106.6273,106.3614,34.057,41.787,-3.0919,18.9036,44854000
2016-11-01,180,2016-02-18,2016-11-01,40.274,37.9981,38.0934,105.9895,105.7242,34.057,41.787,-3.6207,18.2547,47118000
2016-11-02,180,2016-02-19,2016-11-02,39.421,38.0182,38.1131,103.6898,103.4315,34.057,41.787,-5.662,15.7501,47014000
2016-11-03,180,2016-02-22,2016-11-03,39.1095,38.0353,38.1298,102.8242,102.5693,34.057,41.787,-6.4075,14.8354,43504000
2016-11-04,180,2016-02-23,2016-11-04,39.055,38.05,38.1443,102.6413,102.3875,34.057,41.787,-6.5379,14.6754,39412000
2016-11-07,180,2016-02-24,2016-11-07,40.1015,38.0737,38.1678,105.326,105.0662,34.057,41.787,-4.0335,17.7482,39852000
2016-11-08,180,2016-02-25,2016-11-08,40.599,38.0988,38.1931,106.5625,106.2992,34.057,41.787,-2.843,19.209,35382000
2016-11-09,180,2016-02-26,2016-11-09,40.2795,38.1198,38.2144,105.6656,105.4041,34.057,41.787,-3.6076,18.2708,61970000
2016-11-10,180,2016-02-29,2016-11-10,39.0145,38.1356,38.2298,102.3046,102.0527,34.057,41.787,-6.6348,14.5565,118192000
2016-11-11,180,2016-03-01,2016-11-11,38.5875,38.1515,38.2449,101.1427,100.8958,34.057,41.787,-7.6567,13.3027,71852000
2016-11-14,180,2016-03-02,2016-11-14,37.661,38.1547,38.248,98.7059,98.4653,34.057,41.787,-9.8739,10.5823,73766000
2016-11-15,180,2016-03-03,2016-11-15,38.758,38.1648,38.2579,101.5543,101.3072,34.057,41.787,-7.2487,13.8033,58878000
2016-11-16,180,2016-03-04,2016-11-16,38.999,38.1785,38.2713,102.149,101.9013,34.057,41.787,-6.6719,14.511,35968000
2016-11-17,180,2016-03-07,2016-11-17,39.308,38.1943,38.2869,102.9158,102.667,34.057,41.787,-5.9325,15.4183,30674000
2016-11-18,180,2016-03-08,2016-11-18,38.7985,38.2129,38.3044,101.5326,101.2899,34.057,41.787,-7.1517,13.9223,36126000
2016-11-21,180,2016-03-09,2016-11-21,39.24,38.2335,38.3242,102.6325,102.3896,34.057,41.787,-6.0952,15.2186,32616000
2016-11-22,180,2016-03-10,2016-11-22,39.25,38.2505,38.3408,102.613,102.3714,34.057,41.787,-6.0713,15.248,27884000
2016-11-23,180,2016-03-11,2016-11-23,38.95,38.2639,38.3538,101.7932,101.5545,34.057,41.787,-6.7892,14.3671,26260000
2016-11-25,180,2016-03-14,2016-11-25,39.0115,38.2738,38.3636,101.9275,101.6888,34.057,41.787,-6.642,14.5477,12270000
2016-11-28,180,2016-03-15,2016-11-28,39.2895,38.2836,38.3735,102.6275,102.3871,34.057,41.787,-5.9767,15.364,51508000
2016-11-29,180,2016-03-16,2016-11-29,39.472,38.2943,38.3843,103.0755,102.8338,34.057,41.787,-5.54,15.8998,31240000
2016-11-30,180,2016-03-17,2016-11-30,38.794,38.2994,38.3894,101.2914,101.0539,34.057,41.787,-7.1625,13.909,45582000
2016-12-01,180,2016-03-18,2016-12-01,38.2165,38.3011,38.3911,99.7792,99.5453,34.057,41.787,-8.5445,12.2133,57342000
2016-12-02,180,2016-03-21,2016-12-02,38.223,38.3036,38.3936,99.7895,99.5557,34.057,41.787,-8.529,12.2324,34376000
2016-12-05,180,2016-03-22,2016-12-05,38.911,38.308,38.398,101.574,101.3359,34.057,41.787,-6.8825,14.2526,33770000
2016-12-06,180,2016-03-23,2016-12-06,38.809,38.3125,38.4025,101.296,101.0585,34.057,41.787,-7.1266,13.9531,34682000
2016-12-07,180,2016-03-24,2016-12-07,39.5735,38.3217,38.4119,103.2665,103.024,34.057,41.787,-5.2971,16.1979,40588000
2016-12-08,180,2016-03-28,2016-12-08,39.7585,38.3327,38.4231,103.7196,103.4754,34.057,41.787,-4.8544,16.7411,32250000
2016-12-09,180,2016-03-29,2016-12-09,40.4725,38.3477,38.4387,105.5408,105.2909,34.057,41.787,-3.1457,18.8375,38090000
2016-12-12,180,2016-03-30,2016-12-12,40.395,38.3588,38.4504,105.3082,105.0574,34.057,41.787,-3.3312,18.61,32572000
2016-12-13,180,2016-03-31,2016-12-13,40.767,38.3711,38.4635,106.244,105.9889,34.057,41.787,-2.441,19.7023,42564000
2016-12-14,180,2016-04-01,2016-12-14,40.8945,38.3855,38.4787,106.5363,106.2782,34.057,41.787,-2.1358,20.0766,35994000
2016-12-15,180,2016-04-04,2016-12-15,40.7825,38.3975,38.4915,106.2113,105.952,34.057,41.787,-2.4039,19.7478,35394000
2016-12-16,180,2016-04-05,2016-12-16,40.492,38.4093,38.5039,105.4223,105.1633,34.057,41.787,-3.099,18.8948,51978000
2016-12-19,180,2016-04-06,2016-12-19,40.625,38.4237,38.5189,105.7291,105.4677,34.057,41.787,-2.7808,19.2853,25272000
2016-12-20,180,2016-04-07,2016-12-20,40.76,38.436,38.532,106.0463,105.7822,34.057,41.787,-2.4577,19.6817,25438000
2016-12-21,180,2016-04-08,2016-12-21,40.61,38.4499,38.5465,105.618,105.3534,34.057,41.787,-2.8167,19.2413,29192000
2016-12-22,180,2016-04-11,2016-12-22,40.484,38.4633,38.5604,105.2536,104.9885,34.057,41.787,-3.1182,18.8713,22632000
2016-12-23,180,2016-04-12,2016-12-23,40.39,38.4768,38.5744,104.9723,104.7068,34.057,41.787,-3.3431,18.5953,15310000
2016-12-27,180,2016-04-13,2016-12-27,40.4965,38.4889,38.587,105.216,104.9484,34.057,41.787,-3.0883,18.908,19520000
2016-12-28,180,2016-04-14,2016-12-28,40.2285,38.4976,38.5961,104.4962,104.2294,34.057,41.787,-3.7296,18.1211,24296000
2016-12-29,180,2016-04-15,2016-12-29,40.144,38.5049,38.6038,104.257,103.9899,34.057,41.787,-3.9318,17.873,21148000
2016-12-30,180,2016-04-18,2016-12-30,39.6225,38.5082,38.6072,102.8937,102.6298,34.057,41.787,-5.1798,16.3417,34718000
2017-01-03,180,2016-04-19,2017-01-03,40.4005,38.5134,38.6129,104.8997,104.6297,34.057,41.787,-3.318,18.6261,39180000
2017-01-04,180,2016-04-20,2017-01-04,40.3885,38.5217,38.6216,104.846,104.5749,34.057,41.787,-3.3467,18.5909,30306000
2017-01-05,180,2016-04-21,2017-01-05,40.651,38.5317,38.6322,105.5001,105.2257,34.057,41.787,-2.7185,19.3617,26810000
2017-01-06,180,2016-04-22,2017-01-06,41.2605,38.5433,38.6448,107.0497,106.7687,34.057,41.787,-1.26,21.1513,40342000
2017-01-09,180,2016-04-25,2017-01-09,41.359,38.5675,38.6696,107.238,106.9549,34.057,41.787,-1.0242,21.4405,28178000
2017-01-10,180,2016-04-26,2017-01-10,41.3005,38.5901,38.6929,107.0236,106.7393,34.057,41.787,-1.1642,21.2688,23948000
2017-01-11,180,2016-04-27,2017-01-11,41.493,38.6188,38.7219,107.4424,107.1564,34.057,41.787,-0.7036,21.834,26508000
2017-01-12,180,2016-04-28,2017-01-12,41.4765,38.6488,38.7519,107.3164,107.0309,34.057,41.787,-0.743,21.7855,26990000
2017-01-13,180,2016-04-29,2017-01-13,41.547,38.6845,38.7869,107.3997,107.1161,34.057,41.787,-0.5743,21.9925,25804000
2017-01-17,180,2016-05-02,2017-01-17,41.373,38.7185,38.8201,106.856,106.5763,34.057,41.787,-0.9907,21.4816,28818000
2017-01-18,180,2016-05-03,2017-01-18,41.451,38.7507,38.8519,106.9683,106.6897,34.057,41.787,-0.8041,21.7107,20554000
2017-01-19,180,2016-05-04,2017-01-19,41.2185,38.7839,38.8841,106.2774,106.0034,34.057,41.787,-1.3605,21.028,21410000
2017-01-20,180,2016-05-05,2017-01-20,41.4085,38.817,38.9166,106.6761,106.4032,34.057,41.787,-0.9058,21.5859,26124000
2017-01-23,180,2016-05-06,2017-01-23,42.2215,38.853,38.9526,108.6697,108.392,34.057,42.2215,0.0,23.973,49148000
2017-01-24,180,2016-05-09,2017-01-24,42.4765,38.8869,38.9872,109.2308,108.95,34.057,42.4765,0.0,24.7218,33768000
2017-01-25,180,2016-05-10,2017-01-25,42.9225,38.9217,39.0231,110.2792,109.9926,34.057,42.9225,0.0,26.0314,33108000
2017-01-26,180,2016-05-11,2017-01-26,42.849,38.9529,39.0557,110.002,109.7124,34.057,42.9225,-0.1712,25.8155,69866000
2017-01-27,180,2016-05-12,2017-01-27,42.2515,38.9842,39.0875,108.381,108.0945,34.057,42.9225,-1.5633,24.0611,75050000
2017-01-30,180,2016-05-13,2017-01-30,41.1915,39.0112,39.1141,105.5889,105.311,34.057,42.9225,-4.0328,20.9487,70338000
2017-01-31,180,2016-05-16,2017-01-31,41.0095,39.0384,39.1406,105.0493,104.7748,34.057,42.9225,-4.4569,20.4143,40404000
2017-02-01,180,2016-05-17,2017-02-01,40.762,39.0625,39.1642,104.3507,104.0797,34.057,42.9225,-5.0335,19.6876,45020000
2017-02-02,180,2016-05-18,2017-02-02,40.913,39.0908,39.1915,104.6616,104.3926,34.057,42.9225,-4.6817,20.131,33784000
2017-02-03,180,2016-05-19,2017-02-03,41.0065,39.119,39.2188,104.825,104.5583,34.057,42.9225,-4.4639,20.4055,30562000
2017-02-06,180,2016-05-20,2017-02-06,41.081,39.1498,39.2483,104.9329,104.6695,34.057,42.9225,-4.2903,20.6243,27018000
2017-02-07,180,2016-05-23,2017-02-07,41.4615,39.1804,39.2782,105.8221,105.5586,34.057,42.9225,-3.4038,21.7415,33332000
2017-02-08,180,2016-05-24,2017-02-08,41.494,39.2127,39.3095,105.8178,105.5573,34.057,42.9225,-3.3281,21.8369,26044000
2017-02-09,180,2016-05-25,2017-02-09,41.503,39.24,39.3364,105.7672,105.5078,34.057,42.9225,-3.3071,21.8633,23884000
2017-02-10,180,2016-05-26,2017-02-10,41.7425,39.2668,39.3633,106.3047,106.0442,34.057,42.9225,-2.7491,22.5666,28302000
2017-02-13,180,2016-05-27,2017-02-13,41.948,39.2951,39.3916,106.7511,106.4896,34.057,42.9225,-2.2704,23.17,25914000
2017-02-14,180,2016-05-31,2017-02-14,42.0015,39.3204,39.4173,106.8186,106.556,34.057,42.9225,-2.1457,23.3271,27266000
2017-02-15,180,2016-06-01,2017-02-15,41.866,39.3447,39.4419,106.4084,106.146,34.057,42.9225,-2.4614,22.9292,27144000
2017-02-16,180,2016-06-02,2017-02-16,42.1085,39.3702,39.4679,106.9552,106.6905,34.057,42.9225,-1.8964,23.6413,20102000
2017-02-17,180,2016-06-03,2017-02-17,42.3275,39.3982,39.4963,107.4351,107.1682,34.057,42.9225,-1.3862,24.2843,29224000
2017-02-21,180,2016-06-06,2017-02-21,42.4635,39.4295,39.5278,107.6946,107.4268,34.057,42.9225,-1.0694,24.6836,25206000
2017-02-22,180,2016-06-07,2017-02-22,42.568,39.4633,39.5615,107.8674,107.5995,34.057,42.9225,-0.8259,24.9905,24488000
2017-02-23,180,2016-06-08,2017-02-23,42.55,39.4967,39.5948,107.7306,107.4635,34.057,42.9225,-0.8678,24.9376,27734000
2017-02-24,180,2016-06-09,2017-02-24,42.3905,39.5255,39.624,107.2484,106.982,34.057,42.9225,-1.2394,24.4693,26924000
2017-02-27,180,2016-06-10,2017-02-27,42.4835,39.555,39.6537,107.4035,107.1362,34.057,42.9225,-1.0228,24.7424,20206000
2017-02-28,180,2016-06-13,2017-02-28,42.2465,39.5864,39.6848,106.7196,106.4552,34.057,42.9225,-1.5749,24.0464,27662000
2017-03-01,180,2016-06-14,2017-03-01,42.8375,39.6211,39.7195,108.1178,107.8502,34.057,42.9225,-0.198,25.7818,36374000
2017-03-02,180,2016-06-15,2017-03-02,42.4925,39.6538,39.7518,107.1587,106.8944,34.057,42.9225,-1.0018,24.7688,25018000
2017-03-03,180,2016-06-16,2017-03-03,42.454,39.6867,39.7843,106.9729,106.7104,34.057,42.9225,-1.0915,24.6557,20100000
2017-03-06,180,2016-06-17,2017-03-06,42.3635,39.7218,39.8185,106.6505,106.3915,34.057,42.9225,-1.3024,24.39,20958000
2017-03-07,180,2016-06-20,2017-03-07,42.5575,39.7648,39.8593,107.023,106.7693,34.057,42.9225,-0.8504,24.9596,20774000
2017-03-08,180,2016-06-21,2017-03-08,42.682,39.8078,39.9003,107.2201,106.9717,34.057,42.9225,-0.5603,25.3252,20576000
2017-03-09,180,2016-06-22,2017-03-09,42.892,39.851,39.9416,107.6309,107.3867,34.057,42.9225,-0.0711,25.9418,26954000
2017-03-10,180,2016-06-23,2017-03-10,43.0705,39.8946,39.9836,107.9608,107.7205,34.057,43.0705,0.0,26.4659,26732000
2017-03-13,180,2016-06-24,2017-03-13,43.229,39.9375,40.0252,108.2417,108.0046,34.057,43.229,0.0,26.9313,23332000
2017-03-14,180,2016-06-27,2017-03-14,43.2955,39.9915,40.0754,108.2617,108.0352,34.057,43.2955,0.0,27.1266,21234000
2017-03-15,180,2016-06-28,2017-03-15,43.4195,40.0479,40.1274,108.419,108.2042,34.563,43.4195,0.0,25.6242,26658000
2017-03-16,180,2016-06-29,2017-03-16,43.5,40.1009,40.177,108.4764,108.2708,34.7595,43.5,0.0,25.1456,22090000
2017-03-17,180,2016-06-30,2017-03-17,43.6185,40.1532,40.2262,108.6303,108.433,35.1765,43.6185,0.0,23.999,37366000
2017-03-20,180,2016-07-01,2017-03-20,43.3955,40.2014,40.2719,107.9451,107.7563,35.2445,43.6185,-0.5113,23.127,30844000
2017-03-21,180,2016-07-05,2017-03-21,42.507,40.2431,40.3108,105.6256,105.4483,35.2445,43.6185,-2.5482,20.6061,50760000
2017-03-22,180,2016-07-06,2017-03-22,42.49,40.2867,40.351,105.4691,105.301,35.363,43.6185,-2.5872,20.1538,27334000
2017-03-23,180,2016-07-07,2017-03-23,41.9825,40.3263,40.3873,104.107,103.9497,35.363,43.6185,-3.7507,18.7187,65754000
2017-03-24,180,2016-07-08,2017-03-24,41.757,40.3654,40.4228,103.4474,103.3005,35.889,43.6185,-4.2677,16.3504,42114000
2017-03-27,180,2016-07-11,2017-03-27,41.9255,40.4018,40.4564,103.7714,103.6314,36.36,43.6185,-3.8814,15.3066,38692000
2017-03-28,180,2016-07-12,2017-03-28,42.0315,40.4355,40.4879,103.9471,103.8126,36.474,43.6185,-3.6384,15.2369,30384000
2017-03-29,180,2016-07-13,2017-03-29,42.4935,40.4698,40.5205,105.0006,104.8692,36.474,43.6185,-2.5792,16.5035,29146000
2017-03-30,180,2016-07-14,2017-03-30,42.474,40.505,40.5538,104.8611,104.7349,36.7815,43.6185,-2.6239,15.4765,18988000
2017-03-31,180,2016-07-15,2017-03-31,42.39,40.5378,40.5849,104.5691,104.4477,36.7815,43.6185,-2.8165,15.2481,28820000
2017-04-03,180,2016-07-18,2017-04-03,42.8375,40.5729,40.6186,105.5816,105.4629,37.66,43.6185,-1.7905,13.748,39388000
2017-04-04,180,2016-07-19,2017-04-04,42.6285,40.6012,40.6462,104.9931,104.877,37.661,43.6185,-2.2697,13.19,26970000
2017-04-05,180,2016-07-20,2017-04-05,42.4455,40.6286,40.6727,104.472,104.3587,37.661,43.6185,-2.6892,12.7041,37104000
2017-04-06,180,2016-07-21,2017-04-06,42.255,40.6538,40.6971,103.9385,103.8279,37.661,43.6185,-3.126,12.1983,30672000
2017-04-07,180,2016-07-22,2017-04-07,42.105,40.6792,40.7215,103.505,103.3975,37.661,43.6185,-3.4699,11.8,22232000
2017-04-10,180,2016-07-25,2017-04-10,42.085,40.7029,40.7444,103.3955,103.2903,37.661,43.6185,-3.5157,11.7469,20924000
2017-04-11,180,2016-07-26,2017-04-11,41.994,40.7268,40.7673,103.1115,103.0091,37.661,43.6185,-3.7243,11.5053,19486000
2017-04-12,180,2016-07-27,2017-04-12,42.073,40.751,40.7906,103.2441,103.144,37.661,43.6185,-3.5432,11.715,22716000
2017-04-13,180,2016-07-28,2017-04-13,42.009,40.7736,40.8123,103.03,102.9322,37.661,43.6185,-3.69,11.5451,21474000
2017-04-17,180,2016-07-29,2017-04-17,42.7565,40.7988,40.8371,104.7985,104.7002,37.661,43.6185,-1.9762,13.5299,20982000
2017-04-18,180,2016-08-01,2017-04-18,42.6995,40.8159,40.8545,104.6148,104.5161,37.661,43.6185,-2.1069,13.3786,18724000
2017-04-19,180,2016-08-02,2017-04-19,42.8255,40.8309,40.8699,104.885,104.7849,37.661,43.6185,-1.818,13.7131,21606000
2017-04-20,180,2016-08-03,2017-04-20,43.004,40.8471,40.8866,105.2805,105.1788,37.661,43.6185,-1.4088,14.1871,23776000
2017-04-21,180,2016-08-04,2017-04-21,42.9475,40.8633,40.9033,105.1004,104.9977,37.661,43.6185,-1.5383,14.0371,23458000
2017-04-24,180,2016-08-05,2017-04-24,43.9465,40.8849,40.9259,107.4882,107.3805,37.661,43.9465,0.0,16.6897,33930000
2017-04-25,180,2016-08-08,2017-04-25,44.442,40.9062,40.9487,108.6438,108.5309,37.661,44.442,0.0,18.0054,40760000
2017-04-26,180,2016-08-09,2017-04-26,44.457,40.928,40.972,108.6226,108.5058,37.661,44.457,0.0,18.0452,26466000
2017-04-27,180,2016-08-10,2017-04-27,44.572,40.9497,40.9953,108.8458,108.7246,37.661,44.572,0.0,18.3505,46846000
2017-04-28,180,2016-08-11,2017-04-28,46.226,40.9786,41.0276,112.8052,112.6706,37.661,46.226,0.0,22.7424,76918000
2017-05-01,180,2016-08-12,2017-05-01,46.641,41.0095,41.0622,113.7322,113.5863,37.661,46.641,0.0,23.8443,46556000
2017-05-02,180,2016-08-15,2017-05-02,46.8545,41.0416,41.0983,114.1633,114.0059,37.661,46.8545,0.0,24.4112,35026000
2017-05-03,180,2016-08-16,2017-05-03,47.4225,41.0766,41.1379,115.4491,115.277,37.661,47.4225,0.0,25.9194,36496000
2017-05-04,180,2016-08-17,2017-05-04,47.736,41.1142,41.1805,116.1058,115.9189,37.661,47.736,0.0,26.7518,38752000
2017-05-05,180,2016-08-18,2017-05-05,47.514,41.1498,41.2208,115.4659,115.2672,37.661,47.736,-0.4651,26.1623,32310000
2017-05-08,180,2016-08-19,2017-05-08,47.9345,41.188,41.2641,116.3799,116.1652,37.661,47.9345,0.0,27.2789,37534000
2017-05-09,180,2016-08-22,2017-05-09,47.8355,41.2267,41.3077,116.0304,115.8028,37.661,47.9345,-0.2065,27.016,33758000
2017-05-10,180,2016-08-23,2017-05-10,47.742,41.2659,41.3516,115.6935,115.4539,37.661,47.9345,-0.4016,26.7677,22920000
2017-05-11,180,2016-08-24,2017-05-11,47.7945,41.3055,41.3958,115.7097,115.4573,37.661,47.9345,-0.2921,26.9071,20622000
2017-05-12,180,2016-08-25,2017-05-12,47.757,41.346,41.4407,115.5058,115.2418,37.661,47.9345,-0.3703,26.8076,24298000
2017-05-15,180,2016-08-26,2017-05-15,47.961,41.388,41.4873,115.8813,115.604,37.661,47.961,0.0,27.3492,26754000
2017-05-16,180,2016-08-29,2017-05-16,48.2305,41.4307,41.5349,116.4124,116.1203,37.661,48.2305,0.0,28.0648,22030000
2017-05-17,180,2016-08-30,2017-05-17,47.1085,41.468,41.5756,113.6021,113.3081,37.661,48.2305,-2.3263,25.0856,48982000
2017-05-18,180,2016-08-31,2017-05-18,47.525,41.5083,41.6196,114.4953,114.1889,37.661,48.2305,-1.4628,26.1916,36010000
2017-05-19,180,2016-09-01,2017-05-19,47.7325,41.5502,41.6654,114.8792,114.5614,37.661,48.2305,-1.0325,26.7425,27206000
2017-05-22,180,2016-09-02,2017-05-22,48.2035,41.5936,41.7134,115.8916,115.5588,37.661,48.2305,-0.056,27.9932,27748000
2017-05-23,180,2016-09-06,2017-05-23,48.5275,41.6368,41.7616,116.5495,116.2012,37.661,48.5275,0.0,28.8535,30908000
2017-05-24,180,2016-09-07,2017-05-24,48.8805,41.6782,41.8087,117.2807,116.9146,37.661,48.8805,0.0,29.7908,22660000
2017-05-25,180,2016-09-08,2017-05-25,49.593,41.7225,41.8598,118.8638,118.474,37.661,49.593,0.0,31.6826,39082000
2017-05-26,180,2016-09-09,2017-05-26,49.6635,41.7688,41.9127,118.901,118.4927,37.661,49.6635,0.0,31.8698,32728000
2017-05-30,180,2016-09-12,2017-05-30,49.8085,41.8201,41.9704,119.1018,118.6753,37.661,49.8085,0.0,32.2549,30324000
2017-05-31,180,2016-09-13,2017-05-31,49.3545,41.8666,42.0227,117.8853,117.4472,37.661,49.8085,-0.9115,31.0494,34482000
2017-06-01,180,2016-09-14,2017-06-01,49.4145,41.9165,42.0781,117.888,117.4351,37.661,49.8085,-0.791,31.2087,26128000
2017-06-02,180,2016-09-15,2017-06-02,49.806,41.9675,42.1353,118.6775,118.205,37.661,49.8085,-0.005,32.2482,34710000
2017-06-05,180,2016-09-16,2017-06-05,50.194,42.0169,42.1916,119.4615,118.9669,37.661,50.194,0.0,33.2785,27578000
2017-06-06,180,2016-09-19,2017-06-06,49.834,42.066,42.2468,118.4663,117.9594,37.661,50.194,-0.7172,32.3226,31042000
2017-06-07,180,2016-09-20,2017-06-07,50.075,42.1169,42.304,118.8953,118.3694,37.661,50.194,-0.2371,32.9625,27482000
2017-06-08,180,2016-09-21,2017-06-08,50.214,42.1671,42.3608,119.0833,118.5388,37.661,50.214,0.0,33.3316,33758000
2017-06-09,180,2016-09-22,2017-06-09,48.506,42.2089,42.4067,114.9188,114.383,37.661,50.214,-3.4014,28.7964,72958000
2017-06-12,180,2016-09-23,2017-06-12,48.0905,42.2458,42.4472,113.8351,113.2949,37.661,50.214,-4.2289,27.6931,84042000
2017-06-13,180,2016-09-26,2017-06-13,48.525,42.2848,42.4904,114.7576,114.2023,37.661,50.214,-3.3636,28.8468,40108000
2017-06-14,180,2016-09-27,2017-06-14,48.3965,42.3271,42.5363,114.3393,113.7769,37.661,50.214,-3.6195,28.5056,30110000
2017-06-15,180,2016-09-28,2017-06-15,48.009,42.3654,42.5778,113.3214,112.7559,37.661,50.214,-4.3912,27.4767,48552000
2017-06-16,180,2016-09-29,2017-06-16,47.931,42.4035,42.6191,113.0354,112.4637,37.661,50.214,-4.5465,27.2696,51184000
2017-06-19,180,2016-09-30,2017-06-19,48.761,42.4476,42.667,114.8733,114.2826,37.661,50.214,-2.8936,29.4735,29376000
2017-06-20,180,2016-10-03,2017-06-20,48.4495,42.4901,42.7128,114.0255,113.4308,37.661,50.214,-3.514,28.6464,25946000
2017-06-21,180,2016-10-04,2017-06-21,48.9295,42.5358,42.7623,115.0315,114.4219,37.661,50.214,-2.5581,29.9209,23232000
2017-06-22,180,2016-10-05,2017-06-22,48.831,42.5804,42.8106,114.6796,114.0628,37.661,50.214,-2.7542,29.6593,20190000
2017-06-23,180,2016-10-06,2017-06-23,49.3045,42.6276,42.862,115.6634,115.0309,37.661,50.214,-1.8112,30.9166,31280000
2017-06-26,180,2016-10-07,2017-06-26,48.6045,42.6713,42.9089,113.9044,113.2736,37.661,50.214,-3.2053,29.0579,30358000
2017-06-27,180,2016-10-10,2017-06-27,47.4045,42.7106,42.9499,110.9899,110.3717,37.661,50.214,-5.5951,25.8716,48872000
2017-06-28,180,2016-10-11,2017-06-28,48.0505,42.7487,42.9907,112.4022,111.7696,37.661,50.214,-4.3086,27.5869,54912000
2017-06-29,180,2016-10-12,2017-06-29,46.891,42.783,43.0263,109.6019,108.9822,37.661,50.214,-6.6177,24.5081,64134000
2017-06-30,180,2016-10-13,2017-06-30,46.484,42.8148,43.059,108.5699,107.9541,37.661,50.214,-7.4282,23.4274,45754000
2017-07-03,180,2016-10-14,2017-07-03,45.973,42.8466,43.0911,107.2966,106.688,37.661,50.214,-8.4459,22.0706,33896000
2017-07-05,180,2016-10-17,2017-07-05,46.613,42.8814,43.1265,108.7022,108.0843,37.661,50.214,-7.1713,23.7699,41882000
2017-07-06,180,2016-10-18,2017-07-06,46.3845,42.9144,43.1601,108.0861,107.4708,37.661,50.214,-7.6264,23.1632,40298000
2017-07-07,180,2016-10-19,2017-07-07,47.0405,42.946,43.1933,109.534,108.9071,37.661,50.214,-6.32,24.9051,33266000
2017-07-10,180,2016-10-20,2017-07-10,47.55,42.9784,43.2277,110.637,109.9988,37.661,50.214,-5.3053,26.2579,29030000
2017-07-11,180,2016-10-21,2017-07-11,47.6765,43.013,43.2644,110.8421,110.198,37.661,50.214,-5.0534,26.5938,29224000
2017-07-12,180,2016-10-24,2017-07-12,48.383,43.05,43.3043,112.3879,111.728,37.661,50.214,-3.6464,28.4698,32042000
2017-07-13,180,2016-10-25,2017-07-13,48.4425,43.0839,43.3412,112.4376,111.77,37.661,50.214,-3.5279,28.6278,30492000
2017-07-14,180,2016-10-26,2017-07-14,48.8455,43.1217,43.3825,113.2735,112.5928,37.661,50.214,-2.7253,29.6978,21592000
2017-07-17,180,2016-10-27,2017-07-17,48.798,43.1614,43.4252,113.0594,112.3726,37.661,50.214,-2.8199,29.5717,33210000
2017-07-18,180,2016-10-28,2017-07-18,49.3475,43.205,43.4723,114.2172,113.5148,37.661,50.214,-1.7256,31.0308,28266000
2017-07-19,180,2016-10-31,2017-07-19,49.6385,43.2492,43.5204,114.7733,114.058,37.661,50.214,-1.1461,31.8035,28242000
2017-07-20,180,2016-11-01,2017-07-20,49.6095,43.2964,43.5711,114.5812,113.8588,37.661,50.214,-1.2038,31.7265,28368000
2017-07-21,180,2016-11-02,2017-07-21,49.692,43.3454,43.6234,114.6419,113.9114,37.661,50.214,-1.0396,31.9455,29266000
2017-07-24,180,2016-11-03,2017-07-24,49.9155,43.4012,43.6817,115.0096,114.271,37.661,50.214,-0.5945,32.539,79690000
2017-07-25,180,2016-11-04,2017-07-25,48.4515,43.4528,43.7336,111.5037,110.7879,37.661,50.214,-3.51,28.6517,118672000
2017-07-26,180,2016-11-07,2017-07-26,48.2655,43.5041,43.7848,110.9446,110.2336,37.661,50.214,-3.8804,28.1578,44432000
2017-07-27,180,2016-11-08,2017-07-27,47.6255,43.5456,43.8266,109.3693,108.6681,37.661,50.214,-5.1549,26.4584,74358000
2017-07-28,180,2016-11-09,2017-07-28,47.9165,43.5853,43.8672,109.9374,109.2308,37.661,50.214,-4.5754,27.2311,36276000
2017-07-31,180,2016-11-10,2017-07-31,47.275,43.6241,43.9061,108.3691,107.6731,37.661,50.214,-5.8529,25.5277,45670000
2017-08-01,180,2016-11-11,2017-08-01,47.328,43.6717,43.9523,108.3722,107.6805,37.661,50.214,-5.7474,25.6685,28052000
2017-08-02,180,2016-11-14,2017-08-02,47.382,43.7227,44.0011,108.3692,107.6836,37.661,50.214,-5.6399,25.8119,40788000
2017-08-03,180,2016-11-15,2017-08-03,47.015,43.7789,44.0531,107.3919,106.7235,38.2165,50.214,-6.3707,23.0228,22478000
2017-08-04,180,2016-11-16,2017-08-04,47.2895,43.8285,44.1005,107.8966,107.2313,38.2165,50.214,-5.8241,23.7411,25092000
2017-08-07,180,2016-11-17,2017-08-07,47.2875,43.8766,44.1465,107.774,107.1149,38.2165,50.214,-5.8281,23.7358,28916000
2017-08-08,180,2016-11-18,2017-08-08,47.2095,43.9221,44.1904,107.4845,106.832,38.2165,50.214,-5.9834,23.5317,30102000
2017-08-09,180,2016-11-21,2017-08-09,47.004,43.9704,44.236,106.8992,106.2573,38.2165,50.214,-6.3926,22.994,28018000
2017-08-10,180,2016-11-22,2017-08-10,46.1795,44.0116,44.2746,104.9258,104.3026,38.2165,50.214,-8.0346,20.8366,54148000
2017-08-11,180,2016-11-23,2017-08-11,46.5045,44.0544,44.3149,105.5615,104.9411,38.2165,50.214,-7.3874,21.687,32334000
2017-08-14,180,2016-11-25,2017-08-14,46.9465,44.1016,44.3593,106.4508,105.8324,38.2165,50.214,-6.5072,22.8435,23012000
2017-08-15,180,2016-11-28,2017-08-15,46.904,44.1483,44.4031,106.242,105.6322,38.2165,50.214,-6.5918,22.7323,22130000
2017-08-16,180,2016-11-29,2017-08-16,47.2135,44.1946,44.4472,106.831,106.2239,38.2165,50.214,-5.9754,23.5422,26906000
2017-08-17,180,2016-11-30,2017-08-17,46.383,44.2356,44.4856,104.8546,104.2653,38.2165,50.214,-7.6294,21.369,33914000
2017-08-18,180,2016-12-01,2017-08-18,46.309,44.2811,44.5273,104.5797,104.0014,38.2165,50.214,-7.7767,21.1754,26748000
2017-08-21,180,2016-12-02,2017-08-21,46.0435,44.3296,44.5708,103.8663,103.3042,38.223,50.214,-8.3055,20.4602,26024000
2017-08-22,180,2016-12-05,2017-08-22,47.02,44.3831,44.6197,105.9413,105.3796,38.809,50.214,-6.3608,21.1575,35502000
2017-08-23,180,2016-12-06,2017-08-23,47.129,44.4322,44.6653,106.0695,105.5159,38.809,50.214,-6.1437,21.4383,22690000
2017-08-24,180,2016-12-07,2017-08-24,46.8445,44.4807,44.71,105.3142,104.7742,39.5735,50.214,-6.7103,18.3734,25892000
2017-08-25,180,2016-12-08,2017-08-25,46.525,44.5223,44.7486,104.4983,103.9698,39.6225,50.214,-7.3466,17.4207,23746000
2017-08-28,180,2016-12-09,2017-08-28,46.4065,44.562,44.7855,104.1393,103.6195,39.6225,50.214,-7.5825,17.1216,20988000
2017-08-29,180,2016-12-12,2017-08-29,46.7875,44.5988,44.8206,104.9075,104.3884,39.6225,50.214,-6.8238,18.0832,23172000
2017-08-30,180,2016-12-13,2017-08-30,47.1815,44.6382,44.8583,105.6976,105.179,39.6225,50.214,-6.0392,19.0775,22406000
2017-08-31,180,2016-12-14,2017-08-31,47.762,44.678,44.8972,106.9028,106.3809,39.6225,50.214,-4.8831,20.5426,33866000
2017-09-01,180,2016-12-15,2017-09-01,47.5995,44.7162,44.9344,106.448,105.9311,39.6225,50.214,-5.2067,20.1325,20858000
2017-09-05,180,2016-12-16,2017-09-05,47.074,44.7526,44.9694,105.1871,104.6802,39.6225,50.214,-6.2532,18.8062,29148000
2017-09-06,180,2016-12-19,2017-09-06,47.101,44.7912,45.0061,105.1567,104.6548,39.6225,50.214,-6.1995,18.8744,27830000
2017-09-07,180,2016-12-20,2017-09-07,47.4945,44.8309,45.0442,105.9413,105.4397,39.6225,50.214,-5.4158,19.8675,22332000
2017-09-08,180,2016-12-21,2017-09-08,47.0705,44.8677,45.0793,104.9095,104.4171,39.6225,50.214,-6.2602,18.7974,19998000
2017-09-11,180,2016-12-22,2017-09-11,47.1645,44.906,45.1157,105.0294,104.5412,39.6225,50.214,-6.073,19.0346,26748000
2017-09-12,180,2016-12-23,2017-09-12,47.3325,44.9461,45.1538,105.3095,104.8252,39.6225,50.214,-5.7384,19.4586,25696000
2017-09-13,180,2016-12-27,2017-09-13,47.522,44.9878,45.1934,105.633,105.1526,39.6225,50.214,-5.3611,19.9369,21908000
2017-09-14,180,2016-12-28,2017-09-14,47.0065,45.0263,45.2295,104.3978,103.9287,39.6225,50.214,-6.3877,18.6359,28548000
2017-09-15,180,2016-12-29,2017-09-15,46.7645,45.0655,45.2659,103.7701,103.3108,39.6225,50.214,-6.8696,18.0251,39886000
2017-09-18,180,2016-12-30,2017-09-18,46.4875,45.1039,45.3011,103.0677,102.6189,39.6225,50.214,-7.4212,17.326,29474000
2017-09-19,180,2017-01-03,2017-09-19,46.843,45.1479,45.3412,103.7546,103.3122,40.3885,50.214,-6.7133,15.981,24854000
2017-09-20,180,2017-01-04,2017-09-20,47.377,45.1892,45.38,104.8415,104.4007,40.3885,50.214,-5.6498,17.3032,40080000
2017-09-21,180,2017-01-05,2017-09-21,47.3775,45.2307,45.4188,104.7464,104.3125,40.651,50.214,-5.6488,16.5469,27414000
2017-09-22,180,2017-01-06,2017-09-22,47.163,45.2693,45.455,104.1832,103.7576,40.762,50.214,-6.076,15.7033,21496000
2017-09-25,180,2017-01-09,2017-09-25,46.714,45.3015,45.4853,103.1179,102.7014,40.762,50.214,-6.9702,14.6018,37468000
2017-09-26,180,2017-01-10,2017-09-26,46.8715,45.334,45.5159,103.3915,102.9783,40.762,50.214,-6.6565,14.9882,33454000
2017-09-27,180,2017-01-11,2017-09-27,47.995,45.3726,45.5531,105.7798,105.3606,40.762,50.214,-4.4191,17.7445,46692000
2017-09-28,180,2017-01-12,2017-09-28,48.2405,45.4112,45.5906,106.2305,105.8124,40.762,50.214,-3.9302,18.3467,28018000
2017-09-29,180,2017-01-13,2017-09-29,48.686,45.4521,45.6306,107.115,106.6959,40.762,50.214,-3.043,19.4397,40622000
2017-10-02,180,2017-01-17,2017-10-02,48.3735,45.4911,45.6686,106.3362,105.923,40.762,50.214,-3.6653,18.673,30782000
2017-10-03,180,2017-01-18,2017-10-03,48.604,45.5325,45.7087,106.7457,106.3342,40.762,50.214,-3.2063,19.2385,21666000
2017-10-04,180,2017-01-19,2017-10-04,48.339,45.5721,45.747,106.0714,105.666,40.762,50.214,-3.734,18.5884,21156000
2017-10-05,180,2017-01-20,2017-10-05,49.2595,45.6179,45.7917,107.9829,107.5731,40.762,50.214,-1.9009,20.8466,35618000
2017-10-06,180,2017-01-23,2017-10-06,49.682,45.6644,45.8376,108.7981,108.3869,40.762,50.214,-1.0595,21.8831,31060000
2017-10-09,180,2017-01-24,2017-10-09,49.6155,45.7053,45.8787,108.5552,108.1449,40.762,50.214,-1.1919,21.72,25910000
2017-10-10,180,2017-01-25,2017-10-10,49.39,45.7436,45.9171,107.9714,107.5634,40.762,50.214,-1.641,21.1668,23268000
2017-10-11,180,2017-01-26,2017-10-11,50.2825,45.7833,45.958,109.8272,109.4097,40.762,50.2825,0.0,23.3563,36300000
2017-10-12,180,2017-01-27,2017-10-12,50.2825,45.8235,45.9993,109.7308,109.3114,40.762,50.2825,0.0,23.3563,30614000
2017-10-13,180,2017-01-30,2017-10-13,50.3935,45.8681,46.0445,109.866,109.4451,40.762,50.3935,0.0,23.6286,26552000
2017-10-16,180,2017-01-31,2017-10-16,50.4675,45.9204,46.0961,109.9022,109.4833,40.762,50.4675,0.0,23.8102,21420000
2017-10-17,180,2017-02-01,2017-10-17,50.55,45.9743,46.1491,109.9526,109.5363,40.762,50.55,0.0,24.0126,20260000
2017-10-18,180,2017-02-02,2017-10-18,50.637,46.0306,46.2039,110.0073,109.5946,40.913,50.637,0.0,23.7675,25596000
2017-10-19,180,2017-02-03,2017-10-19,50.092,46.0834,46.2549,108.6987,108.2955,41.0065,50.637,-1.0763,22.1562,34284000
2017-10-20,180,2017-02-06,2017-10-20,50.2535,46.1364,46.3063,108.9238,108.5241,41.081,50.637,-0.7573,22.3278,32120000
2017-10-23,180,2017-02-07,2017-10-23,49.277,46.1843,46.3518,106.6964,106.3108,41.4615,50.637,-2.6858,18.85,32786000
2017-10-24,180,2017-02-08,2017-10-24,49.4245,46.2304,46.3961,106.9091,106.5273,41.494,50.637,-2.3945,19.1124,28902000
2017-10-25,180,2017-02-09,2017-10-25,49.573,46.2771,46.441,107.1222,106.7442,41.503,50.637,-2.1012,19.4444,30574000
2017-10-26,180,2017-02-10,2017-10-26,49.571,46.3238,46.4858,107.0098,106.6369,41.7425,50.637,-2.1052,18.7543,47396000
2017-10-27,180,2017-02-13,2017-10-27,51.6835,46.3788,46.541,111.4378,111.0494,41.757,51.6835,0.0,23.7721,103682000
2017-10-30,180,2017-02-14,2017-10-30,51.6565,46.4324,46.5949,111.251,110.8629,41.757,51.6835,-0.0522,23.7074,46804000
2017-10-31,180,2017-02-15,2017-10-31,51.652,46.4857,46.6486,111.1137,110.7258,41.757,51.6835,-0.0609,23.6966,30326000
2017-11-01,180,2017-02-16,2017-11-01,52.13,46.5422,46.7056,112.0058,111.6141,41.757,52.13,0.0,24.8413,43262000
2017-11-02,180,2017-02-17,2017-11-02,52.1485,46.5973,46.7614,111.9131,111.5205,41.757,52.1485,0.0,24.8856,26694000
2017-11-03,180,2017-02-21,2017-11-03,52.4995,46.6526,46.8179,112.5328,112.1356,41.757,52.4995,0.0,25.7262,27770000
2017-11-06,180,2017-02-22,2017-11-06,52.134,46.7055,46.8716,111.6228,111.2273,41.757,52.4995,-0.6962,24.8509,18294000
2017-11-07,180,2017-02-23,2017-11-07,52.6195,46.7599,46.9274,112.5311,112.1295,41.757,52.6195,0.0,26.0136,26104000
2017-11-08,180,2017-02-24,2017-11-08,52.9145,46.8159,46.985,113.0267,112.62,41.757,52.9145,0.0,26.7201,24276000
2017-11-09,180,2017-02-27,2017-11-09,52.386,46.8708,47.0405,111.7668,111.3635,41.757,52.9145,-0.9988,25.4544,35892000
2017-11-10,180,2017-02-28,2017-11-10,52.2075,46.9244,47.0946,111.2588,110.8567,41.757,52.9145,-1.3361,25.0269,19442000
2017-11-13,180,2017-03-01,2017-11-13,52.06,46.979,47.1491,110.8154,110.4157,41.757,52.9145,-1.6149,24.6737,18814000
2017-11-14,180,2017-03-02,2017-11-14,52.082,47.0299,47.2004,110.7424,110.3422,41.757,52.9145,-1.5733,24.7264,21012000
2017-11-15,180,2017-03-03,2017-11-15,51.8205,47.082,47.2523,110.0644,109.6678,41.757,52.9145,-2.0675,24.1001,18106000
2017-11-16,180,2017-03-06,2017-11-16,52.4235,47.1372,47.3077,111.2147,110.814,41.757,52.9145,-0.9279,25.5442,23768000
2017-11-17,180,2017-03-07,2017-11-17,51.7945,47.1903,47.36,109.7566,109.3633,41.757,52.9145,-2.1166,24.0379,26712000
2017-11-20,180,2017-03-08,2017-11-20,51.733,47.2419,47.411,109.5065,109.116,41.757,52.9145,-2.2328,23.8906,17526000
2017-11-21,180,2017-03-09,2017-11-21,52.515,47.2964,47.4656,111.0338,110.6379,41.757,52.9145,-0.755,25.7633,22206000
2017-11-22,180,2017-03-10,2017-11-22,52.596,47.3499,47.5196,111.0794,110.6828,41.757,52.9145,-0.6019,25.9573,14538000
2017-11-24,180,2017-03-13,2017-11-24,52.826,47.4034,47.5738,111.4393,111.0402,41.757,52.9145,-0.1673,26.5081,16492000
2017-11-27,180,2017-03-14,2017-11-27,53.6005,47.4593,47.6314,112.9398,112.5319,41.757,53.6005,0.0,28.3629,35430000
2017-11-28,180,2017-03-15,2017-11-28,53.1645,47.513,47.6862,111.8945,111.4882,41.757,53.6005,-0.8134,27.3188,36424000
2017-11-29,180,2017-03-16,2017-11-29,51.869,47.5601,47.7331,109.0598,108.6645,41.757,53.6005,-3.2304,24.2163,55866000
2017-11-30,180,2017-03-17,2017-11-30,51.8085,47.6065,47.7793,108.8265,108.4329,41.757,53.6005,-3.3433,24.0714,45092000
2017-12-01,180,2017-03-20,2017-12-01,51.2535,47.6496,47.8217,107.5634,107.1762,41.757,53.6005,-4.3787,22.7423,37762000
2017-12-04,180,2017-03-21,2017-12-04,50.5935,47.6909,47.8617,106.0862,105.7077,41.757,53.6005,-5.61,21.1617,38778000
2017-12-05,180,2017-03-22,2017-12-05,50.98,47.7404,47.9088,106.7859,106.4106,41.757,53.6005,-4.8889,22.0873,38998000
2017-12-06,180,2017-03-23,2017-12-06,51.636,47.7932,47.9596,108.0404,107.6656,41.757,53.6005,-3.6651,23.6583,28710000
2017-12-07,180,2017-03-24,2017-12-07,52.2285,47.8526,48.0165,109.1445,108.772,41.757,53.6005,-2.5597,25.0772,30866000
2017-12-08,180,2017-03-27,2017-12-08,52.469,47.9149,48.076,109.5046,109.1376,41.9255,53.6005,-2.111,25.1482,31170000
2017-12-11,180,2017-03-28,2017-12-11,52.5985,47.9767,48.1353,109.6334,109.2722,41.994,53.6005,-1.8694,25.2524,23254000
2017-12-12,180,2017-03-29,2017-12-12,52.4385,48.0372,48.1931,109.1624,108.8091,41.994,53.6005,-2.1679,24.8714,33882000
2017-12-13,180,2017-03-30,2017-12-13,52.5695,48.0951,48.2491,109.3033,108.9543,41.994,53.6005,-1.9235,25.1834,27680000
2017-12-14,180,2017-03-31,2017-12-14,52.8735,48.1546,48.3069,109.7994,109.4533,41.994,53.6005,-1.3563,25.9073,30962000
2017-12-15,180,2017-04-03,2017-12-15,53.6,48.2183,48.3692,111.1612,110.8144,41.994,53.6005,-0.0009,27.6373,63760000
2017-12-18,180,2017-04-04,2017-12-18,54.2545,48.2818,48.4326,112.3705,112.0206,41.994,54.2545,0.0,29.1958,30292000
2017-12-19,180,2017-04-05,2017-12-19,53.989,48.3458,48.4957,111.6725,111.3274,41.994,54.2545,-0.4894,28.5636,26350000
2017-12-20,180,2017-04-06,2017-12-20,53.678,48.4099,48.5581,110.8822,110.5438,41.994,54.2545,-1.0626,27.823,28728000
2017-12-21,180,2017-04-07,2017-12-21,53.5425,48.475,48.6208,110.4539,110.1226,41.994,54.2545,-1.3123,27.5004,25640000
2017-12-22,180,2017-04-10,2017-12-22,53.443,48.5408,48.6838,110.099,109.7757,41.994,54.2545,-1.4957,27.2634,17788000
2017-12-26,180,2017-04-11,2017-12-26,53.2925,48.6063,48.7461,109.641,109.3268,41.994,54.2545,-1.7731,26.905,18376000
2017-12-27,180,2017-04-12,2017-12-27,53.01,48.6714,48.8073,108.9141,108.6109,42.009,54.2545,-2.2938,26.1872,22324000
2017-12-28,180,2017-04-13,2017-12-28,52.7975,48.735,48.8669,108.3359,108.0436,42.009,54.2545,-2.6855,25.6814,19884000
2017-12-29,180,2017-04-17,2017-12-29,52.67,48.7987,48.9261,107.9333,107.6522,42.6995,54.2545,-2.9205,23.3504,23606000
2018-01-02,180,2017-04-18,2018-01-02,53.6605,48.8616,48.9867,109.8214,109.5411,42.6995,54.2545,-1.0948,25.6701,31766000
2018-01-03,180,2017-04-19,2018-01-03,54.576,48.9293,49.0526,111.5405,111.2601,42.8255,54.576,0.0,27.4381,31318000
2018-01-04,180,2017-04-20,2018-01-04,54.788,48.9972,49.1191,111.8186,111.5411,42.9475,54.788,0.0,27.5697,26052000
2018-01-05,180,2017-04-21,2018-01-05,55.5145,49.0672,49.1886,113.1397,112.8605,42.9475,55.5145,0.0,29.2613,30250000
2018-01-08,180,2017-04-24,2018-01-08,55.7105,49.1387,49.2595,113.3741,113.0959,43.9465,55.7105,0.0,26.7689,24644000
2018-01-09,180,2017-04-25,2018-01-09,55.6395,49.2029,49.3245,113.0818,112.803,44.442,55.7105,-0.1274,25.1958,26808000
2018-01-10,180,2017-04-26,2018-01-10,55.507,49.2633,49.3859,112.6742,112.3943,44.457,55.7105,-0.3653,24.8555,20734000
2018-01-11,180,2017-04-27,2018-01-11,55.6025,49.3242,49.4479,112.7287,112.4467,44.572,55.7105,-0.1939,24.7476,22424000
2018-01-12,180,2017-04-28,2018-01-12,56.5325,49.3884,49.5143,114.4651,114.1741,45.973,56.5325,0.0,22.9689,38586000
2018-01-16,180,2017-05-01,2018-01-16,56.535,49.4419,49.5716,114.3463,114.0472,45.973,56.535,0.0,22.9744,36462000
2018-01-17,180,2017-05-02,2018-01-17,56.955,49.4947,49.6289,115.0729,114.7618,45.973,56.955,0.0,23.8879,27830000
2018-01-18,180,2017-05-03,2018-01-18,56.7985,49.5456,49.6841,114.6388,114.3192,45.973,56.955,-0.2748,23.5475,27498000
2018-01-19,180,2017-05-04,2018-01-19,57.175,49.5947,49.7383,115.2845,114.9516,45.973,57.175,0.0,24.3665,30552000
2018-01-22,180,2017-05-05,2018-01-22,58.208,49.6463,49.7965,117.2455,116.8918,45.973,58.208,0.0,26.6134,29550000
2018-01-23,180,2017-05-08,2018-01-23,58.8085,49.7017,49.8592,118.323,117.9491,45.973,58.8085,0.0,27.9196,39138000
2018-01-24,180,2017-05-09,2018-01-24,58.5645,49.7537,49.9183,117.7089,117.3207,45.973,58.8085,-0.4149,27.3889,37128000
2018-01-25,180,2017-05-10,2018-01-25,59.107,49.8086,49.9809,118.6683,118.2592,45.973,59.107,0.0,28.5689,29984000
2018-01-26,180,2017-05-11,2018-01-26,59.378,49.8652,50.0455,119.077,118.6479,45.973,59.378,0.0,29.1584,42170000
2018-01-29,180,2017-05-12,2018-01-29,59.324,49.9214,50.1096,118.8347,118.3885,45.973,59.378,-0.0909,29.041,31494000
2018-01-30,180,2017-05-15,2018-01-30,58.8685,49.9762,50.1713,117.793,117.3349,45.973,59.378,-0.8581,28.0502,37338000
2018-01-31,180,2017-05-16,2018-01-31,59.111,50.0309,50.2333,118.1491,117.673,45.973,59.378,-0.4497,28.5776,36022000
2018-02-01,180,2017-05-17,2018-02-01,59.0795,50.0839,50.2935,117.9612,117.4693,45.973,59.378,-0.5027,28.5091,73514000
2018-02-02,180,2017-05-18,2018-02-02,55.96,50.1307,50.3427,111.6282,111.1581,45.973,59.378,-5.7563,21.7236,117842000
2018-02-05,180,2017-05-19,2018-02-05,53.1195,50.1617,50.3738,105.8966,105.4506,45.973,59.378,-10.5401,15.545,83550000
2018-02-06,180,2017-05-22,2018-02-06,54.2215,50.1967,50.4099,108.018,107.5613,45.973,59.378,-8.6842,17.9421,76630000
2018-02-07,180,2017-05-23,2018-02-07,52.7705,50.2219,50.4352,105.0747,104.6302,45.973,59.378,-11.1279,14.7859,51942000
2018-02-08,180,2017-05-24,2018-02-08,50.3855,50.2325,50.4455,100.3045,99.881,45.973,59.378,-15.1445,9.598,66792000
2018-02-09,180,2017-05-25,2018-02-09,52.3135,50.2513,50.4646,104.1037,103.6637,45.973,59.378,-11.8975,13.7918,98360000
2018-02-12,180,2017-05-26,2018-02-12,52.728,50.2682,50.482,104.8934,104.449,45.973,59.378,-11.1994,14.6934,56240000
2018-02-13,180,2017-05-30,2018-02-13,52.707,50.2845,50.4989,104.8176,104.3725,45.973,59.378,-11.2348,14.6477,31586000
2018-02-14,180,2017-05-31,2018-02-14,53.635,50.3046,50.5202,106.6204,106.1654,45.973,59.378,-9.6719,16.6663,41304000
2018-02-15,180,2017-06-01,2018-02-15,54.568,50.3319,50.5492,108.4164,107.9503,45.973,59.378,-8.1006,18.6958,37396000
2018-02-16,180,2017-06-02,2018-02-16,54.775,50.3597,50.5789,108.7674,108.2961,45.973,59.378,-7.752,19.146,39948000
2018-02-20,180,2017-06-05,2018-02-20,55.1795,50.3873,50.6088,109.5107,109.0314,45.973,59.378,-7.0708,20.0259,33754000
2018-02-21,180,2017-06-06,2018-02-21,55.6875,50.415,50.6393,110.4581,109.9689,45.973,59.378,-6.2153,21.1309,41486000
2018-02-22,180,2017-06-07,2018-02-22,55.495,50.444,50.6708,110.0131,109.5207,45.973,59.378,-6.5395,20.7122,28010000
2018-02-23,180,2017-06-08,2018-02-23,56.4045,50.4757,50.7059,111.7459,111.2385,45.973,59.378,-5.0077,22.6905,25292000
2018-02-26,180,2017-06-09,2018-02-26,57.185,50.5101,50.7447,113.2151,112.6917,45.973,59.378,-3.6933,24.3882,30912000
2018-02-27,180,2017-06-12,2018-02-27,55.8755,50.5486,50.7856,110.5381,110.0223,45.973,59.378,-5.8986,21.5398,42964000
2018-02-28,180,2017-06-13,2018-02-28,55.196,50.5867,50.8251,109.1118,108.5999,45.973,59.378,-7.043,20.0618,49292000
2018-03-01,180,2017-06-14,2018-03-01,53.5705,50.6143,50.8531,105.8407,105.3436,45.973,59.378,-9.7806,16.526,55338000
2018-03-02,180,2017-06-15,2018-03-02,54.207,50.6458,50.8854,107.0316,106.5276,45.973,59.378,-8.7086,17.9105,50162000
2018-03-05,180,2017-06-16,2018-03-05,54.738,50.6823,50.9228,108.0022,107.4922,45.973,59.378,-7.8143,19.0655,28648000
2018-03-06,180,2017-06-19,2018-03-06,55.045,50.7208,50.9623,108.5254,108.0112,45.973,59.378,-7.2973,19.7333,23382000
2018-03-07,180,2017-06-20,2018-03-07,55.752,50.7576,51.0011,109.8397,109.3152,45.973,59.378,-6.1066,21.2712,30748000
2018-03-08,180,2017-06-21,2018-03-08,56.469,50.7996,51.0457,111.1603,110.6244,45.973,59.378,-4.8991,22.8308,33862000
2018-03-09,180,2017-06-22,2018-03-09,58.042,50.8456,51.0963,114.1534,113.5933,45.973,59.378,-2.25,26.2524,42662000
2018-03-12,180,2017-06-23,2018-03-12,58.2965,50.8934,51.1489,114.5462,113.9741,45.973,59.378,-1.8214,26.806,44306000
2018-03-13,180,2017-06-26,2018-03-13,56.9955,50.9329,51.1916,111.9032,111.3375,45.973,59.378,-4.0124,23.976,43140000
2018-03-14,180,2017-06-27,2018-03-14,57.4445,50.9785,51.2407,112.6837,112.1071,45.973,59.378,-3.2563,24.9527,41870000
2018-03-15,180,2017-06-28,2018-03-15,57.5305,51.0322,51.297,112.7338,112.1518,45.973,59.378,-3.1114,25.1398,33382000
2018-03-16,180,2017-06-29,2018-03-16,56.721,51.0783,51.3452,111.0473,110.47,45.973,59.378,-4.4747,23.3789,58656000
2018-03-19,180,2017-06-30,2018-03-19,55.0035,51.1239,51.3902,107.5887,107.031,45.973,59.378,-7.3672,19.6431,63656000
2018-03-20,180,2017-07-03,2018-03-20,54.79,51.1713,51.4364,107.0718,106.52,45.973,59.378,-7.7268,19.1787,54598000
2018-03-21,180,2017-07-05,2018-03-21,54.7,51.2218,51.4849,106.7904,106.2448,46.0435,59.378,-7.8783,18.8007,44898000
2018-03-22,180,2017-07-06,2018-03-22,52.6575,51.2577,51.5184,102.7308,102.211,46.0435,59.378,-11.3182,14.3647,69312000
2018-03-23,180,2017-07-07,2018-03-23,51.3275,51.2881,51.5459,100.0769,99.5763,46.0435,59.378,-13.5581,11.4761,49880000
2018-03-26,180,2017-07-10,2018-03-26,52.7045,51.3215,51.5774,102.6948,102.1853,46.0435,59.378,-11.239,14.4668,65984000
2018-03-27,180,2017-07-11,2018-03-27,50.347,51.3386,51.5929,98.0686,97.5851,46.0435,59.378,-15.2093,9.3466,60816000
2018-03-28,180,2017-07-12,2018-03-28,50.259,51.3544,51.6073,97.8671,97.3875,46.0435,59.378,-15.3575,9.1555,77698000
2018-03-29,180,2017-07-13,2018-03-29,51.857,51.3747,51.6266,100.9389,100.4464,46.0435,59.378,-12.6663,12.6261,69338000
2018-04-02,180,2017-07-14,2018-04-02,50.6315,51.3877,51.6387,98.5284,98.0495,46.0435,59.378,-14.7302,9.9645,65068000
2018-04-03,180,2017-07-17,2018-04-03,50.934,51.4001,51.6503,99.0933,98.6131,46.0435,59.378,-14.2208,10.6215,51322000
2018-04-04,180,2017-07-18,2018-04-04,51.4855,51.4158,51.6652,100.1356,99.6521,46.0435,59.378,-13.292,11.8193,50724000
2018-04-05,180,2017-07-19,2018-04-05,51.632,51.4289,51.6779,100.3948,99.9111,46.0435,59.378,-13.0452,12.1374,35836000
2018-04-06,180,2017-07-20,2018-04-06,50.4975,51.434,51.6827,98.1793,97.7068,46.0435,59.378,-14.9559,9.6735,40134000
2018-04-09,180,2017-07-21,2018-04-09,51.0045,51.4421,51.6905,99.1494,98.6729,46.0435,59.378,-14.102,10.7746,33220000
2018-04-10,180,2017-07-24,2018-04-10,51.825,51.4543,51.7023,100.7205,100.2373,46.0435,59.378,-12.7202,12.5566,36620000
2018-04-11,180,2017-07-25,2018-04-11,51.253,51.4619,51.7097,99.594,99.1167,46.0435,59.378,-13.6835,11.3143,34060000
2018-04-12,180,2017-07-26,2018-04-12,51.8645,51.4819,51.7287,100.7431,100.2625,46.0435,59.378,-12.6537,12.6424,32896000
2018-04-13,180,2017-07-27,2018-04-13,51.802,51.5028,51.7483,100.581,100.1037,46.0435,59.378,-12.7589,12.5066,25410000
2018-04-16,180,2017-07-28,2018-04-16,52.305,51.5305,51.7743,101.503,101.0249,46.0435,59.378,-11.9118,13.5991,29776000
2018-04-17,180,2017-07-31,2018-04-17,53.968,51.565,51.808,104.6601,104.1693,46.0435,59.378,-9.1111,17.2109,54584000
2018-04-18,180,2017-08-01,2018-04-18,53.7695,51.6028,51.844,104.1988,103.7139,46.0435,59.378,-9.4454,16.7798,31126000
2018-04-19,180,2017-08-02,2018-04-19,54.4725,51.6438,51.8837,105.4773,104.9895,46.0435,59.378,-8.2615,18.3066,39884000
2018-04-20,180,2017-08-03,2018-04-20,53.866,51.6815,51.9198,104.2269,103.7486,46.0435,59.378,-9.2829,16.9894,42434000
2018-04-23,180,2017-08-04,2018-04-23,53.6905,51.7208,51.9568,103.8084,103.3367,46.0435,59.378,-9.5785,16.6082,69590000
2018-04-24,180,2017-08-07,2018-04-24,51.132,51.7444,51.9782,98.8165,98.372,46.0435,59.378,-13.8873,11.0515,128220000
2018-04-25,180,2017-08-08,2018-04-25,51.1495,51.7681,51.9996,98.805,98.3651,46.0435,59.378,-13.8578,11.0895,57860000
2018-04-26,180,2017-08-09,2018-04-26,52.1655,51.7981,52.0272,100.7092,100.2659,46.0435,59.378,-12.1468,13.2961,50926000
2018-04-27,180,2017-08-10,2018-04-27,51.5725,51.8262,52.0526,99.5104,99.0777,46.0435,59.378,-13.1454,12.0082,40746000
2018-04-30,180,2017-08-11,2018-04-30,50.929,51.8564,52.0789,98.2116,97.7919,46.0435,59.378,-14.2292,10.6106,34492000
2018-05-01,180,2017-08-14,2018-05-01,52.0375,51.8906,52.1097,100.2832,99.8615,46.0435,59.378,-12.3623,13.0181,35326000
2018-05-02,180,2017-08-15,2018-05-02,51.3025,51.9176,52.1339,98.8152,98.4053,46.0435,59.378,-13.6001,11.4218,34698000
2018-05-03,180,2017-08-16,2018-05-03,51.315,51.9451,52.1584,98.787,98.383,46.0435,59.378,-13.5791,11.449,39282000
2018-05-04,180,2017-08-17,2018-05-04,52.55,51.9774,52.188,101.1017,100.6936,46.0435,59.378,-11.4992,14.1312,36892000
2018-05-07,180,2017-08-18,2018-05-07,52.973,52.0176,52.2247,101.8366,101.4329,46.0435,59.378,-10.7868,15.0499,34400000
2018-05-08,180,2017-08-21,2018-05-08,52.9295,52.0583,52.2614,101.6736,101.2783,46.0435,59.378,-10.8601,14.9554,26030000
2018-05-09,180,2017-08-22,2018-05-09,54.4475,52.1088,52.3081,104.4881,104.0899,46.4065,59.378,-8.3036,17.3273,47160000
2018-05-10,180,2017-08-23,2018-05-10,55.2735,52.1567,52.354,105.9757,105.5765,46.4065,59.378,-6.9125,19.1072,36414000
2018-05-11,180,2017-08-24,2018-05-11,55.169,52.2035,52.3986,105.6806,105.2871,46.4065,59.378,-7.0885,18.882,30504000
2018-05-14,180,2017-08-25,2018-05-14,55.33,52.2531,52.4458,105.8884,105.4994,46.4065,59.378,-6.8173,19.229,39338000
2018-05-15,180,2017-08-28,2018-05-15,54.2435,52.2996,52.4887,103.7169,103.3433,46.4065,59.378,-8.6471,16.8877,35738000
2018-05-16,180,2017-08-29,2018-05-16,54.2045,52.3467,52.532,103.549,103.1838,46.4875,59.378,-8.7128,16.6002,25628000
2018-05-17,180,2017-08-30,2018-05-17,54.063,52.3905,52.5724,103.1923,102.8353,46.4875,59.378,-8.9511,16.2958,25738000
2018-05-18,180,2017-08-31,2018-05-18,53.482,52.4286,52.6074,102.0091,101.6625,46.4875,59.378,-9.9296,15.046,35482000
2018-05-21,180,2017-09-01,2018-05-21,54.2005,52.4667,52.6432,103.3047,102.9583,46.4875,59.378,-8.7196,16.5916,25180000
2018-05-22,180,2017-09-05,2018-05-22,53.7655,52.5035,52.6774,102.4036,102.0655,46.4875,59.378,-9.4522,15.6558,22226000
2018-05-23,180,2017-09-06,2018-05-23,54.298,52.5468,52.7176,103.3326,102.9979,46.4875,59.378,-8.5554,16.8013,23740000
2018-05-24,180,2017-09-07,2018-05-24,54.2725,52.5899,52.7574,103.1994,102.8718,46.4875,59.378,-8.5983,16.7464,20604000
2018-05-25,180,2017-09-08,2018-05-25,54.204,52.63,52.7947,102.9907,102.6694,46.4875,59.378,-8.7137,16.5991,22224000
2018-05-29,180,2017-09-11,2018-05-29,53.4035,52.6688,52.8299,101.395,101.0858,46.4875,59.378,-10.0618,14.8771,36076000
2018-05-30,180,2017-09-12,2018-05-30,53.8735,52.7095,52.8671,102.2083,101.9036,46.4875,59.378,-9.2703,15.8881,28686000
2018-05-31,180,2017-09-13,2018-05-31,55.0,52.755,52.9097,104.2555,103.9506,46.4875,59.378,-7.3731,18.3114,79368000
2018-06-01,180,2017-09-14,2018-06-01,56.75,52.808,52.961,107.4648,107.1543,46.4875,59.378,-4.4259,22.0758,63202000
2018-06-04,180,2017-09-15,2018-06-04,57.652,52.8689,53.0201,109.0471,108.736,46.4875,59.378,-2.9068,24.0161,44754000
2018-06-05,180,2017-09-18,2018-06-05,57.551,52.9312,53.0801,108.7279,108.423,46.4875,59.378,-3.0769,23.7989,32964000
2018-06-06,180,2017-09-19,2018-06-06,57.3475,52.9947,53.1404,108.2137,107.9169,46.714,59.378,-3.4196,22.763,34934000
2018-06-07,180,2017-09-20,2018-06-07,56.721,53.0528,53.1953,106.9143,106.6279,46.714,59.378,-4.4747,21.4218,36108000
2018-06-08,180,2017-09-21,2018-06-08,56.6355,53.1068,53.2467,106.6446,106.3643,46.714,59.378,-4.6187,21.2388,27284000
2018-06-11,180,2017-09-22,2018-06-11,57.045,53.1629,53.3004,107.3023,107.0254,46.714,59.378,-3.9291,22.1154,24796000
2018-06-12,180,2017-09-25,2018-06-12,57.4095,53.2224,53.3573,107.8673,107.5944,46.714,59.378,-3.3152,22.8957,26092000
2018-06-13,180,2017-09-26,2018-06-13,57.2115,53.2842,53.4157,107.3704,107.1062,46.8715,59.378,-3.6487,22.0603,34302000
2018-06-14,180,2017-09-27,2018-06-14,58.0055,53.3489,53.4775,108.7285,108.4671,47.995,59.378,-2.3115,20.8574,35422000
2018-06-15,180,2017-09-28,2018-06-15,57.9635,53.4056,53.5329,108.5344,108.2764,48.2405,59.378,-2.3822,20.1553,44438000
2018-06-18,180,2017-09-29,2018-06-18,59.179,53.4664,53.5937,110.6844,110.4216,48.339,59.378,-0.3351,22.425,33038000
2018-06-19,180,2017-10-02,2018-06-19,58.9345,53.5232,53.6506,110.1102,109.8487,48.339,59.378,-0.7469,21.9192,47282000
2018-06-20,180,2017-10-03,2018-06-20,59.2035,53.5835,53.7108,110.4884,110.2265,48.339,59.378,-0.2939,22.4756,51686000
2018-06-21,180,2017-10-04,2018-06-21,58.472,53.6389,53.7656,109.0104,108.7536,48.339,59.378,-1.5258,20.9624,44966000
2018-06-22,180,2017-10-05,2018-06-22,58.4645,53.6962,53.8219,108.8801,108.626,49.2595,59.378,-1.5384,18.6868,34220000
2018-06-25,180,2017-10-06,2018-06-25,56.964,53.7402,53.8647,105.9988,105.754,49.277,59.378,-4.0655,15.5996,57682000
2018-06-26,180,2017-10-09,2018-06-26,56.631,53.7799,53.9033,105.3014,105.0604,49.277,59.378,-4.6263,14.9238,34688000
2018-06-27,180,2017-10-10,2018-06-27,55.847,53.8161,53.9379,103.7739,103.5395,49.277,59.378,-5.9466,13.3328,34538000
2018-06-28,180,2017-10-11,2018-06-28,56.339,53.8563,53.9765,104.6099,104.3769,49.277,59.378,-5.1181,14.3312,29726000
2018-06-29,180,2017-10-12,2018-06-29,56.4595,53.8914,54.0108,104.7654,104.5337,49.277,59.378,-4.9151,14.5758,31562000
2018-07-02,180,2017-10-13,2018-07-02,57.1055,53.9297,54.0487,105.8887,105.6556,49.277,59.378,-3.8272,15.8867,23216000
2018-07-03,180,2017-10-16,2018-07-03,55.814,53.9609,54.0788,103.4342,103.2086,49.277,59.378,-6.0022,13.2658,16448000
2018-07-05,180,2017-10-17,2018-07-05,57.0645,53.998,54.1155,105.679,105.4495,49.277,59.378,-3.8962,15.8035,28594000
2018-07-06,180,2017-10-18,2018-07-06,57.754,54.038,54.1555,106.8767,106.6448,49.277,59.378,-2.735,17.2028,21820000
2018-07-09,180,2017-10-19,2018-07-09,58.364,54.0804,54.1984,107.9208,107.6858,49.277,59.378,-1.7077,18.4406,21584000
2018-07-10,180,2017-10-20,2018-07-10,58.357,54.1264,54.2443,107.8162,107.5817,49.277,59.378,-1.7195,18.4264,21334000
2018-07-11,180,2017-10-23,2018-07-11,58.573,54.1724,54.2906,108.1233,107.888,49.277,59.378,-1.3557,18.8648,33252000
2018-07-12,180,2017-10-24,2018-07-12,60.063,54.2319,54.3505,110.7521,110.5105,49.4245,60.063,0.0,21.5247,44148000
2018-07-13,180,2017-10-25,2018-07-13,60.221,54.2912,54.4105,110.9221,110.6791,49.571,60.221,0.0,21.4843,32612000
2018-07-16,180,2017-10-26,2018-07-16,59.8255,54.3479,54.4674,110.0787,109.8372,49.571,60.221,-0.6567,20.6865,26784000
2018-07-17,180,2017-10-27,2018-07-17,60.654,54.4085,54.529,111.479,111.2326,50.259,60.654,0.0,20.6829,40162000
2018-07-18,180,2017-10-30,2018-07-18,60.6455,54.4555,54.5788,111.367,111.1155,50.259,60.654,-0.014,20.666,38948000
2018-07-19,180,2017-10-31,2018-07-19,59.955,54.4997,54.6249,110.0098,109.7577,50.259,60.654,-1.1524,19.2921,38338000
2018-07-20,180,2017-11-01,2018-07-20,59.894,54.5437,54.6707,109.8092,109.5542,50.259,60.654,-1.253,19.1707,37938000
2018-07-23,180,2017-11-02,2018-07-23,60.55,54.5878,54.7174,110.9222,110.6594,50.259,60.654,-0.1715,20.4759,65446000
2018-07-24,180,2017-11-03,2018-07-24,62.9075,54.6422,54.7772,115.1263,114.8424,50.259,62.9075,0.0,25.1666,107600000
2018-07-25,180,2017-11-06,2018-07-25,63.797,54.6982,54.84,116.6346,116.333,50.259,63.797,0.0,26.9365,51104000
2018-07-26,180,2017-11-07,2018-07-26,64.275,54.7585,54.9074,117.3791,117.0607,50.259,64.275,0.0,27.8875,54686000
2018-07-27,180,2017-11-08,2018-07-27,62.6445,54.8092,54.9631,114.2956,113.9755,50.259,64.275,-2.5368,24.6434,48362000
2018-07-30,180,2017-11-09,2018-07-30,61.502,54.8533,55.0108,112.121,111.7998,50.259,64.275,-4.3143,22.3701,43896000
2018-07-31,180,2017-11-10,2018-07-31,61.361,54.9,55.0607,111.7687,111.4425,50.259,64.275,-4.5336,22.0896,39382000
2018-08-01,180,2017-11-13,2018-08-01,61.6495,54.9491,55.1132,112.1938,111.8599,50.259,64.275,-4.0848,22.6636,36994000
2018-08-02,180,2017-11-14,2018-08-02,62.0565,55.0011,55.1687,112.8278,112.485,50.259,64.275,-3.4516,23.4734,34704000
2018-08-03,180,2017-11-15,2018-08-03,61.908,55.0524,55.2233,112.453,112.1049,50.259,64.275,-3.6826,23.1779,21264000
2018-08-06,180,2017-11-16,2018-08-06,61.8835,55.1052,55.2792,112.3006,111.9472,50.259,64.275,-3.7207,23.1292,22114000
2018-08-07,180,2017-11-17,2018-08-07,62.792,55.1584,55.3368,113.8393,113.4724,50.259,64.275,-2.3073,24.9368,42506000
2018-08-08,180,2017-11-20,2018-08-08,63.0665,55.2168,55.3994,114.2161,113.8397,50.259,64.275,-1.8802,25.483,34344000
2018-08-09,180,2017-11-21,2018-08-09,63.223,55.2764,55.4632,114.3761,113.9908,50.259,64.275,-1.6367,25.7944,27326000
2018-08-10,180,2017-11-22,2018-08-10,62.6255,55.3286,55.5194,113.1882,112.7993,50.259,64.275,-2.5663,24.6055,26602000
2018-08-13,180,2017-11-24,2018-08-13,62.432,55.3796,55.5741,112.7346,112.3402,50.259,64.275,-2.8674,24.2205,27500000
2018-08-14,180,2017-11-27,2018-08-14,62.907,55.4313,55.6301,113.4863,113.0809,50.259,64.275,-2.1284,25.1656,28080000
2018-08-15,180,2017-11-28,2018-08-15,61.611,55.4728,55.6746,111.0653,110.6627,50.259,64.275,-4.1447,22.587,37052000
2018-08-16,180,2017-11-29,2018-08-16,61.203,55.5151,55.7192,110.2458,109.8418,50.259,64.275,-4.7795,21.7752,32176000
2018-08-17,180,2017-11-30,2018-08-17,60.7925,55.5635,55.7688,109.4108,109.0081,50.259,64.275,-5.4181,20.9584,33092000
2018-08-20,180,2017-12-01,2018-08-20,61.0975,55.6139,55.8204,109.8601,109.4537,50.259,64.275,-4.9436,21.5653,22218000
2018-08-21,180,2017-12-04,2018-08-21,60.8705,55.6669,55.8738,109.3477,108.9428,50.259,64.275,-5.2968,21.1136,23082000
2018-08-22,180,2017-12-05,2018-08-22,61.0875,55.7255,55.9321,109.6222,109.2172,50.259,64.275,-4.9592,21.5454,22296000
2018-08-23,180,2017-12-06,2018-08-23,61.058,55.7814,55.9881,109.4595,109.0553,50.259,64.275,-5.0051,21.4867,24666000
2018-08-24,180,2017-12-07,2018-08-24,61.8375,55.8367,56.0448,110.7471,110.3358,50.259,64.275,-3.7923,23.0377,24454000
2018-08-27,180,2017-12-08,2018-08-27,62.8135,55.8926,56.1036,112.3825,111.9598,50.259,64.275,-2.2738,24.9796,28580000
2018-08-28,180,2017-12-11,2018-08-28,62.293,55.9448,56.1582,111.3472,110.9242,50.259,64.275,-3.0836,23.944,27330000
2018-08-29,180,2017-12-12,2018-08-29,63.2325,56.0005,56.2173,112.9142,112.4788,50.259,64.275,-1.6219,25.8133,36926000
2018-08-30,180,2017-12-13,2018-08-30,62.722,56.055,56.2744,111.8937,111.4575,50.259,64.275,-2.4162,24.7976,30104000
2018-08-31,180,2017-12-14,2018-08-31,61.59,56.1037,56.3245,109.7789,109.3485,50.259,64.275,-4.1774,22.5452,42308000
2018-09-04,180,2017-12-15,2018-09-04,60.5655,56.1457,56.3672,107.872,107.4481,50.259,64.275,-5.7713,20.5068,41458000
2018-09-05,180,2017-12-18,2018-09-05,59.955,56.1804,56.4025,106.7188,106.2984,50.259,64.275,-6.7211,19.2921,53988000
2018-09-06,180,2017-12-19,2018-09-06,59.1995,56.2074,56.43,105.3234,104.9078,50.259,64.275,-7.8965,17.7889,46854000
2018-09-07,180,2017-12-20,2018-09-07,58.8795,56.2344,56.4572,104.7037,104.2905,50.259,64.275,-8.3944,17.1522,32658000
2018-09-10,180,2017-12-21,2018-09-10,58.753,56.2627,56.4854,104.4263,104.0145,50.259,64.275,-8.5912,16.9005,27670000
2018-09-11,180,2017-12-22,2018-09-11,59.4995,56.2956,56.5185,105.6913,105.2744,50.259,64.275,-7.4298,18.3858,29254000
2018-09-12,180,2017-12-26,2018-09-12,58.58,56.3245,56.547,104.0045,103.5952,50.259,64.275,-8.8604,16.5562,35716000
2018-09-13,180,2017-12-27,2018-09-13,59.107,56.357,56.5793,104.8796,104.4675,50.259,64.275,-8.0405,17.6048,40068000
2018-09-14,180,2017-12-28,2018-09-14,58.899,56.3903,56.612,104.4488,104.0397,50.259,64.275,-8.3641,17.1909,24176000
2018-09-17,180,2017-12-29,2018-09-17,57.9915,56.4203,56.6409,102.7848,102.3845,50.259,64.275,-9.776,15.3853,34096000
2018-09-18,180,2018-01-02,2018-09-18,58.3555,56.453,56.6725,103.37,102.9697,50.259,64.275,-9.2097,16.1096,32314000
2018-09-19,180,2018-01-03,2018-09-19,58.7135,56.4815,56.7005,103.9518,103.5502,50.259,64.275,-8.6527,16.8219,25962000
2018-09-20,180,2018-01-04,2018-09-20,59.5785,56.5087,56.7283,105.4324,105.0242,50.259,64.275,-7.3069,18.5429,29244000
2018-09-21,180,2018-01-05,2018-09-21,58.606,56.5298,56.7495,103.6727,103.2713,50.259,64.275,-8.8199,16.608,91222000
2018-09-24,180,2018-01-08,2018-09-24,58.978,56.5486,56.7688,104.2961,103.8916,50.259,64.275,-8.2412,17.3481,31150000
2018-09-25,180,2018-01-09,2018-09-25,59.6945,56.5699,56.7909,105.5234,105.1127,50.259,64.275,-7.1264,18.7738,33152000
2018-09-26,180,2018-01-10,2018-09-26,59.703,56.5917,56.8135,105.4979,105.0859,50.259,64.275,-7.1132,18.7907,37650000
2018-09-27,180,2018-01-11,2018-09-27,60.368,56.6175,56.8405,106.6243,106.206,50.259,64.275,-6.0786,20.1138,36274000
2018-09-28,180,2018-01-12,2018-09-28,60.354,56.6427,56.8669,106.5521,106.132,50.259,64.275,-6.1004,20.086,35612000
2018-10-01,180,2018-01-16,2018-10-01,60.4265,56.663,56.8885,106.6418,106.2191,50.259,64.275,-5.9876,20.2302,33164000
2018-10-02,180,2018-01-17,2018-10-02,60.382,56.6831,56.9099,106.5255,106.101,50.259,64.275,-6.0568,20.1417,40180000
2018-10-03,180,2018-01-18,2018-10-03,60.5765,56.7019,56.93,106.8333,106.4052,50.259,64.275,-5.7542,20.5287,26246000
2018-10-04,180,2018-01-19,2018-10-04,58.8535,56.7129,56.9414,103.7745,103.3579,50.259,64.275,-8.4349,17.1004,46576000
2018-10-05,180,2018-01-22,2018-10-05,58.3915,56.7194,56.9482,102.948,102.5344,50.259,64.275,-9.1536,16.1812,31852000
2018-10-08,180,2018-01-23,2018-10-08,57.796,56.7172,56.9459,101.9021,101.4928,50.259,64.275,-10.0801,14.9963,46190000
2018-10-09,180,2018-01-24,2018-10-09,57.2585,56.709,56.9373,100.969,100.5641,50.259,64.275,-10.9164,13.9269,33690000
2018-10-10,180,2018-01-25,2018-10-10,54.608,56.6869,56.9153,96.3327,95.9461,50.259,64.275,-15.0401,8.6532,58980000
2018-10-11,180,2018-01-26,2018-10-11,54.537,56.6616,56.8899,96.2504,95.8641,50.259,64.275,-15.1505,8.5119,67696000
2018-10-12,180,2018-01-29,2018-10-12,56.027,56.6436,56.8713,98.9114,98.5154,50.259,64.275,-12.8324,11.4766,49370000
2018-10-15,180,2018-01-30,2018-10-15,55.122,56.6207,56.848,97.3531,96.9639,50.259,64.275,-14.2404,9.6759,30074000
2018-10-16,180,2018-01-31,2018-10-16,56.654,56.6089,56.8357,100.0797,99.6804,50.259,64.275,-11.8569,12.7241,38378000
2018-10-17,180,2018-02-01,2018-10-17,56.3795,56.5943,56.8205,99.6204,99.2239,50.259,64.275,-12.2839,12.1779,35652000
2018-10-18,180,2018-02-02,2018-10-18,54.8955,56.5714,56.7972,97.0376,96.6517,50.259,64.275,-14.5928,9.2252,46152000
2018-10-19,180,2018-02-05,2018-10-19,55.259,56.5673,56.7934,97.6871,97.2984,50.259,64.275,-14.0272,9.9485,41286000
2018-10-22,180,2018-02-06,2018-10-22,55.5685,56.5821,56.807,98.2086,97.8199,50.259,64.275,-13.5457,10.5643,27116000
2018-10-23,180,2018-02-07,2018-10-23,55.7455,56.5911,56.8154,98.5058,98.1168,50.259,64.275,-13.2703,10.9165,37686000
2018-10-24,180,2018-02-08,2018-10-24,52.856,56.5916,56.8159,93.399,93.0303,50.259,64.275,-17.7659,5.1672,49286000
2018-10-25,180,2018-02-09,2018-10-25,55.1795,56.6223,56.8425,97.4519,97.0743,50.259,64.275,-14.1509,9.7903,72956000
2018-10-26,180,2018-02-12,2018-10-26,54.1875,56.6341,56.8529,95.68,95.3117,50.259,64.275,-15.6943,7.8165,106438000
2018-10-29,180,2018-02-13,2018-10-29,51.7365,56.6276,56.8474,91.3627,91.0094,50.259,64.275,-19.5076,2.9398,81290000
2018-10-30,180,2018-02-14,2018-10-30,52.4755,56.6261,56.8461,92.6701,92.3114,50.259,64.275,-18.3578,4.4102,59768000
2018-10-31,180,2018-02-15,2018-10-31,54.529,56.6316,56.8511,96.2873,95.9154,50.259,64.275,-15.163,8.496,70916000
2018-11-01,180,2018-02-16,2018-11-01,54.299,56.6299,56.8496,95.8839,95.5134,50.259,64.275,-15.5208,8.0384,40132000
2018-11-02,180,2018-02-20,2018-11-02,53.5745,56.6226,56.843,94.6167,94.25,50.259,64.275,-16.648,6.5968,43438000
2018-11-05,180,2018-02-21,2018-11-05,52.7865,56.608,56.8297,93.2492,92.8855,50.259,64.275,-17.874,5.029,45358000
2018-11-06,180,2018-02-22,2018-11-06,53.4785,56.5948,56.8174,94.4936,94.1235,50.259,64.275,-16.7974,6.4058,28660000
2018-11-07,180,2018-02-23,2018-11-07,55.412,56.5943,56.8169,97.9109,97.5273,50.259,64.275,-13.7892,10.2529,43388000
2018-11-08,180,2018-02-26,2018-11-08,54.7315,56.5847,56.8076,96.7249,96.3453,50.259,64.275,-14.8479,8.8989,33694000
2018-11-09,180,2018-02-27,2018-11-09,53.851,56.5654,56.7891,95.2012,94.8263,50.259,64.275,-16.2178,7.147,34860000
2018-11-12,180,2018-02-28,2018-11-12,52.468,56.5448,56.7702,92.7902,92.4218,50.259,64.275,-18.3695,4.3952,34002000
2018-11-13,180,2018-03-01,2018-11-13,52.3985,56.5276,56.7546,92.6954,92.3246,50.259,64.275,-18.4776,4.2569,25750000
2018-11-14,180,2018-03-02,2018-11-14,52.729,56.5223,56.75,93.2888,92.9146,50.259,64.275,-17.9634,4.9145,34666000
2018-11-15,180,2018-03-05,2018-11-15,53.5525,56.5183,56.7463,94.7525,94.3718,50.259,64.275,-16.6822,6.5531,41584000
2018-11-16,180,2018-03-06,2018-11-16,53.4135,56.5103,56.739,94.52,94.139,50.259,64.275,-16.8985,6.2765,35366000
2018-11-19,180,2018-03-07,2018-11-19,51.371,56.4872,56.7186,90.9426,90.5718,50.259,64.275,-20.0762,2.2125,45684000
2018-11-20,180,2018-03-08,2018-11-20,51.5225,56.4612,56.6951,91.253,90.8765,50.259,64.275,-19.8405,2.514,54458000
2018-11-21,180,2018-03-09,2018-11-21,52.1715,56.4353,56.6712,92.4447,92.06,50.259,64.275,-18.8308,3.8053,29698000
2018-11-23,180,2018-03-12,2018-11-23,51.505,56.3967,56.6349,91.3263,90.9422,50.259,64.275,-19.8678,2.4792,14178000
2018-11-26,180,2018-03-13,2018-11-26,52.797,56.3651,56.6043,93.6696,93.2738,50.259,64.275,-17.8576,5.0498,31558000
2018-11-27,180,2018-03-14,2018-11-27,52.614,56.3393,56.58,93.3877,92.9905,50.259,64.275,-18.1424,4.6857,33048000
2018-11-28,180,2018-03-15,2018-11-28,54.5895,56.3233,56.5641,96.9217,96.5091,50.259,64.275,-15.0688,8.6164,46042000
2018-11-29,180,2018-03-16,2018-11-29,54.729,56.3076,56.5485,97.1965,96.7823,50.259,64.275,-14.8518,8.8939,31004000
2018-11-30,180,2018-03-19,2018-11-30,55.4825,56.3007,56.5417,98.5468,98.1267,50.259,64.275,-13.6795,10.3932,59668000
2018-12-03,180,2018-03-20,2018-12-03,55.818,56.3054,56.5462,99.1344,98.7122,50.259,64.275,-13.1575,11.0607,57532000
2018-12-04,180,2018-03-21,2018-12-04,53.1235,56.2953,56.5369,94.3658,93.9625,50.259,64.275,-17.3497,5.6995,45630000
2018-12-06,180,2018-03-22,2018-12-06,53.904,56.2905,56.5325,95.7604,95.3504,50.259,64.275,-16.1354,7.2524,47436000
2018-12-07,180,2018-03-23,2018-12-07,52.329,56.2884,56.5307,92.9658,92.5674,50.259,64.275,-18.5858,4.1187,42682000
2018-12-10,180,2018-03-26,2018-12-10,52.659,56.2971,56.5381,93.5377,93.139,50.259,64.275,-18.0723,4.7753,33652000
2018-12-11,180,2018-03-27,2018-12-11,53.0825,56.2995,56.5402,94.286,93.8846,50.259,64.275,-17.4135,5.6179,33852000
2018-12-12,180,2018-03-28,2018-12-12,53.6865,56.3212,56.5587,95.322,94.9217,50.259,64.275,-16.4737,6.8197,28960000
2018-12-13,180,2018-03-29,2018-12-13,53.677,56.3436,56.5777,95.2673,94.873,50.4975,64.275,-16.4885,6.2963,24986000
2018-12-14,180,2018-04-02,2018-12-14,52.5855,56.3483,56.5818,93.3223,92.9372,50.4975,64.275,-18.1867,4.1349,36358000
2018-12-17,180,2018-04-03,2018-12-17,51.2825,56.3527,56.5854,91.0027,90.6285,50.4975,64.275,-20.2139,1.5545,49932000
2018-12-18,180,2018-04-04,2018-12-18,52.1705,56.3609,56.5923,92.565,92.1866,50.4975,64.275,-18.8324,3.313,43640000
2018-12-19,180,2018-04-05,2018-12-19,51.773,56.3628,56.5939,91.8567,91.4817,50.4975,64.275,-19.4508,2.5259,58264000
2018-12-20,180,2018-04-06,2018-12-20,51.179,56.3598,56.5913,90.8076,90.4361,50.4975,64.275,-20.375,1.3496,53674000
2018-12-21,180,2018-04-09,2018-12-21,49.5625,56.3532,56.5861,87.9497,87.5877,49.5625,64.275,-22.8899,0.0,104656000
2018-12-24,180,2018-04-10,2018-12-24,49.2335,56.3408,56.5763,87.3852,87.0214,49.2335,64.275,-23.4018,0.0,36360000
2018-12-26,180,2018-04-11,2018-12-26,52.3925,56.3444,56.5795,92.9861,92.5999,49.2335,64.275,-18.487,6.4164,46318000
2018-12-27,180,2018-04-12,2018-12-27,52.645,56.3535,56.5872,93.4191,93.0334,49.2335,64.275,-18.0941,6.9292,45996000
2018-12-28,180,2018-04-13,2018-12-28,52.334,56.3566,56.5898,92.8622,92.4796,49.2335,64.275,-18.578,6.2975,34398000
2018-12-31,180,2018-04-16,2018-12-31,52.248,56.3595,56.5923,92.7049,92.3236,49.2335,64.275,-18.7118,6.1229,33110000
2019-01-02,180,2018-04-17,2019-01-02,52.734,56.3623,56.5947,93.5626,93.1784,49.2335,64.275,-17.9557,7.11,31868000
2019-01-03,180,2018-04-18,2019-01-03,51.2735,56.3451,56.5797,90.9991,90.6217,49.2335,64.275,-20.2279,4.1435,41960000
2019-01-04,180,2018-04-19,2019-01-04,53.9035,56.3459,56.5804,95.6654,95.2688,49.2335,64.275,-16.1361,9.4854,46022000
2019-01-07,180,2018-04-20,2019-01-07,53.796,56.3418,56.5767,95.4815,95.0851,49.2335,64.275,-16.3034,9.2671,47446000
2019-01-08,180,2018-04-23,2019-01-08,54.2685,56.3442,56.5789,96.316,95.9165,49.2335,64.275,-15.5683,10.2268,35414000
2019-01-09,180,2018-04-24,2019-01-09,54.0825,56.3466,56.5811,95.9818,95.5841,49.2335,64.275,-15.8576,9.849,26998000
2019-01-10,180,2018-04-25,2019-01-10,53.9415,56.3646,56.5967,95.701,95.3086,49.2335,64.275,-16.077,9.5626,26598000
2019-01-11,180,2018-04-26,2019-01-11,53.2235,56.3781,56.6082,94.4046,94.0208,49.2335,64.275,-17.1941,8.1042,30864000
2019-01-14,180,2018-04-27,2019-01-14,52.5755,56.3807,56.6105,93.2509,92.8723,49.2335,64.275,-18.2023,6.7881,28490000
2019-01-15,180,2018-04-30,2019-01-15,54.3255,56.398,56.6258,96.3251,95.9377,49.2335,64.275,-15.4796,10.3425,37518000
2019-01-16,180,2018-05-01,2019-01-16,54.4755,56.4206,56.6455,96.5524,96.1692,49.2335,64.275,-15.2462,10.6472,38280000
2019-01-17,180,2018-05-02,2019-01-17,54.956,56.4387,56.6617,97.3729,96.9897,49.2335,64.275,-14.4986,11.6232,24896000
2019-01-18,180,2018-05-03,2019-01-18,55.365,56.464,56.6843,98.0536,97.6726,49.2335,64.275,-13.8623,12.4539,44892000
2019-01-22,180,2018-05-04,2019-01-22,53.9315,56.4808,56.6988,95.4865,95.1193,49.2335,64.275,-16.0926,9.5423,39632000
2019-01-23,180,2018-05-07,2019-01-23,54.2205,56.4912,56.7081,95.9805,95.6133,49.2335,64.275,-15.6429,10.1293,25194000
2019-01-24,180,2018-05-08,2019-01-24,54.2,56.4987,56.7149,95.9313,95.5657,49.2335,64.275,-15.6748,10.0876,29114000
2019-01-25,180,2018-05-09,2019-01-25,55.0755,56.5118,56.7268,97.4584,97.089,49.2335,64.275,-14.3127,11.8659,23260000
2019-01-28,180,2018-05-10,2019-01-28,53.993,56.5091,56.7243,95.5475,95.1849,49.2335,64.275,-15.9969,9.6672,29334000
2019-01-29,180,2018-05-11,2019-01-29,53.503,56.4984,56.7145,94.6982,94.3375,49.2335,64.275,-16.7592,8.6719,19704000
2019-01-30,180,2018-05-14,2019-01-30,54.8995,56.4969,56.713,97.1727,96.8024,49.2335,64.275,-14.5865,11.5084,29452000
2019-01-31,180,2018-05-15,2019-01-31,56.2945,56.5024,56.7183,99.6321,99.2527,49.2335,64.275,-12.4162,14.3419,40232000
2019-02-01,180,2018-05-16,2019-02-01,55.931,56.5122,56.7277,98.9715,98.5956,49.2335,64.275,-12.9817,13.6035,33116000
2019-02-04,180,2018-05-17,2019-02-04,57.071,56.5287,56.7436,100.9594,100.5769,49.2335,64.275,-11.2081,15.919,78408000
2019-02-05,180,2018-05-18,2019-02-05,57.5935,56.5488,56.7632,101.8474,101.4627,49.2335,64.275,-10.3952,16.9803,82296000
2019-02-06,180,2018-05-21,2019-02-06,56.1445,56.5646,56.778,99.2574,98.8842,49.2335,64.275,-12.6496,14.0372,48256000
2019-02-07,180,2018-05-22,2019-02-07,55.2955,56.5711,56.7841,97.7452,97.3785,49.2335,64.275,-13.9704,12.3128,38298000
2019-02-08,180,2018-05-23,2019-02-08,55.119,56.5792,56.7916,97.4192,97.0548,49.2335,64.275,-14.245,11.9543,21766000
2019-02-11,180,2018-05-24,2019-02-11,55.106,56.584,56.7961,97.388,97.0242,49.2335,64.275,-14.2653,11.9278,18498000
2019-02-12,180,2018-05-25,2019-02-12,56.379,56.5962,56.8078,99.6162,99.2451,49.2335,64.275,-12.2847,14.5135,35036000
2019-02-13,180,2018-05-29,2019-02-13,56.4315,56.6092,56.8202,99.6861,99.3159,49.2335,64.275,-12.203,14.6201,28042000
2019-02-14,180,2018-05-30,2019-02-14,56.46,56.6272,56.8372,99.7047,99.3364,49.2335,64.275,-12.1587,14.678,21106000
2019-02-15,180,2018-05-31,2019-02-15,55.9815,56.6397,56.8489,98.8379,98.4742,49.2335,64.275,-12.9032,13.7061,27826000
2019-02-19,180,2018-06-01,2019-02-19,56.3255,56.6473,56.8563,99.4319,99.0665,49.2335,64.275,-12.368,14.4048,21980000
2019-02-20,180,2018-06-04,2019-02-20,56.0295,56.6433,56.8523,98.9164,98.5528,49.2335,64.275,-12.8285,13.8036,24090000
2019-02-21,180,2018-06-05,2019-02-21,55.2105,56.6296,56.8387,97.494,97.1354,49.2335,64.275,-14.1027,12.1401,33272000
2019-02-22,180,2018-06-06,2019-02-22,55.828,56.6201,56.8291,98.6011,98.2384,49.2335,64.275,-13.142,13.3943,29436000
2019-02-25,180,2018-06-07,2019-02-25,55.8665,56.6118,56.8209,98.6834,98.3203,49.2335,64.275,-13.0821,13.4725,26208000
2019-02-26,180,2018-06-08,2019-02-26,56.1005,56.6084,56.8175,99.1029,98.7381,49.2335,64.275,-12.718,13.9478,35026000
2019-02-27,180,2018-06-11,2019-02-27,56.1445,56.6056,56.8147,99.1854,98.8203,49.2335,64.275,-12.6496,14.0372,22092000
2019-02-28,180,2018-06-12,2019-02-28,56.3275,56.6016,56.8107,99.5157,99.1494,49.2335,64.275,-12.3648,14.4089,27422000
2019-03-01,180,2018-06-13,2019-03-01,57.426,56.6017,56.8108,101.4563,101.0828,49.2335,64.275,-10.6558,16.6401,34086000
2019-03-04,180,2018-06-14,2019-03-04,57.671,56.6042,56.8134,101.8847,101.5095,49.2335,64.275,-10.2746,17.1377,35490000
2019-03-05,180,2018-06-15,2019-03-05,58.4595,56.6066,56.8159,103.2733,102.8928,49.2335,64.275,-9.0478,18.7393,40094000
2019-03-06,180,2018-06-18,2019-03-06,58.247,56.6081,56.8175,102.8952,102.516,49.2335,64.275,-9.3785,18.3077,23602000
2019-03-07,180,2018-06-19,2019-03-07,57.5425,56.5995,56.8084,101.666,101.2923,49.2335,64.275,-10.4745,16.8767,30086000
2019-03-08,180,2018-06-20,2019-03-08,57.4985,56.592,56.8004,101.6018,101.229,49.2335,64.275,-10.543,16.7873,23694000
2019-03-11,180,2018-06-21,2019-03-11,58.963,56.5908,56.7991,104.1919,103.8098,49.2335,64.275,-8.2645,19.762,30032000
2019-03-12,180,2018-06-22,2019-03-12,59.8625,56.5978,56.8068,105.7682,105.3791,49.2335,64.275,-6.865,21.589,42220000
2019-03-13,180,2018-06-25,2019-03-13,59.953,56.6054,56.8151,105.9139,105.5231,49.2335,64.275,-6.7242,21.7728,25888000
2019-03-14,180,2018-06-26,2019-03-14,59.6265,56.6193,56.8299,105.3112,104.9211,49.2335,64.275,-7.2322,21.1096,27302000
2019-03-15,180,2018-06-27,2019-03-15,59.515,56.6346,56.8459,105.086,104.6954,49.2335,64.275,-7.4057,20.8831,51886000
2019-03-18,180,2018-06-28,2019-03-18,59.4275,56.6538,56.8658,104.8958,104.5049,49.2335,64.275,-7.5418,20.7054,24442000
2019-03-19,180,2018-06-29,2019-03-19,60.123,56.6737,56.8868,106.0862,105.6888,49.2335,64.275,-6.4597,22.1181,29788000
2019-03-20,180,2018-07-02,2019-03-20,61.3215,56.6988,56.9138,108.1531,107.7445,49.2335,64.275,-4.5951,24.5524,41508000
2019-03-21,180,2018-07-03,2019-03-21,61.8065,56.7226,56.9399,108.9627,108.5469,49.2335,64.275,-3.8405,25.5375,28150000
2019-03-22,180,2018-07-05,2019-03-22,60.3825,56.7469,56.9653,106.4068,105.9987,49.2335,64.275,-6.056,22.6451,34422000
2019-03-25,180,2018-07-06,2019-03-25,59.869,56.7615,56.9809,105.4746,105.0686,49.2335,64.275,-6.8549,21.6022,27576000
2019-03-26,180,2018-07-09,2019-03-26,59.492,56.7706,56.9905,104.7937,104.3893,49.2335,64.275,-7.4415,20.8364,30752000
2019-03-27,180,2018-07-10,2019-03-27,58.9005,56.7734,56.9935,103.7467,103.346,49.2335,64.275,-8.3617,19.635,29428000
2019-03-28,180,2018-07-11,2019-03-28,58.6135,56.7747,56.9949,103.2387,102.8398,49.2335,64.275,-8.8083,19.0521,22402000
2019-03-29,180,2018-07-12,2019-03-29,58.8445,56.7761,56.9965,103.643,103.2424,49.2335,64.275,-8.4489,19.5213,30890000
2019-04-01,180,2018-07-13,2019-04-01,59.949,56.7756,56.9958,105.5894,105.1814,49.2335,64.275,-6.7305,21.7647,27706000
2019-04-02,180,2018-07-16,2019-04-02,60.277,56.7759,56.9961,106.1666,105.7563,49.2335,64.275,-6.2202,22.4309,18288000
2019-04-03,180,2018-07-17,2019-04-03,60.5405,56.7794,57.0001,106.6241,106.2112,49.2335,64.275,-5.8102,22.9661,22180000
2019-04-04,180,2018-07-18,2019-04-04,60.9725,56.7809,57.0019,107.382,106.9658,49.2335,64.275,-5.1381,23.8435,21022000
2019-04-05,180,2018-07-19,2019-04-05,60.5725,56.7806,57.0015,106.6782,106.2648,49.2335,64.275,-5.7604,23.0311,20012000
2019-04-08,180,2018-07-20,2019-04-08,60.414,56.7828,57.004,106.3948,105.982,49.2335,64.275,-6.007,22.7091,21750000
2019-04-09,180,2018-07-23,2019-04-09,60.1345,56.784,57.0054,105.9003,105.4892,49.2335,64.275,-6.4419,22.1414,19668000
2019-04-10,180,2018-07-24,2019-04-10,60.3225,56.7829,57.0041,106.2335,105.8213,49.2335,64.275,-6.1494,22.5233,15510000
2019-04-11,180,2018-07-25,2019-04-11,60.4795,56.7715,56.9906,106.5314,106.1219,49.2335,64.275,-5.9051,22.8422,16998000
2019-04-12,180,2018-07-26,2019-04-12,61.1365,56.7593,56.9758,107.7119,107.3025,49.2335,64.275,-4.8829,24.1766,24312000
2019-04-15,180,2018-07-27,2019-04-15,61.3265,56.7459,56.9594,108.0721,107.667,49.2335,63.2325,-3.0143,24.5625,23796000
2019-04-16,180,2018-07-30,2019-04-16,61.5955,56.741,56.9536,108.5555,108.1503,49.2335,63.2325,-2.5889,25.1089,22622000
2019-04-17,180,2018-07-31,2019-04-17,62.007,56.7434,56.9564,109.2761,108.8674,49.2335,63.2325,-1.9381,25.9447,30366000
2019-04-18,180,2018-08-01,2019-04-18,62.0735,56.7468,56.9604,109.3869,108.9766,49.2335,63.2325,-1.8329,26.0798,24750000
2019-04-22,180,2018-08-02,2019-04-22,62.688,56.7516,56.9661,110.4604,110.0443,49.2335,63.2325,-0.8611,27.3279,19084000
2019-04-23,180,2018-08-03,2019-04-23,63.5295,56.7582,56.9743,111.93,111.5055,49.2335,63.5295,0.0,29.0371,31868000
2019-04-24,180,2018-08-06,2019-04-24,63.0025,56.7633,56.9804,110.9917,110.5687,49.2335,63.5295,-0.8295,27.9667,23396000
2019-04-25,180,2018-08-07,2019-04-25,63.367,56.77,56.9887,111.6205,111.1923,49.2335,63.5295,-0.2558,28.7071,31344000
2019-04-26,180,2018-08-08,2019-04-26,63.871,56.7749,56.9946,112.4987,112.0649,49.2335,63.871,0.0,29.7308,27228000
2019-04-29,180,2018-08-09,2019-04-29,64.81,56.7825,57.0043,114.1373,113.6931,49.2335,64.81,0.0,31.638,72368000
2019-04-30,180,2018-08-10,2019-04-30,59.948,56.767,56.9861,105.6036,105.1975,49.2335,64.81,-7.5019,21.7626,133178000
2019-05-01,180,2018-08-13,2019-05-01,58.666,56.7477,56.9641,103.3803,102.9876,49.2335,64.81,-9.48,19.1587,74340000
2019-05-02,180,2018-08-14,2019-05-02,58.3255,56.7276,56.9413,102.8168,102.4309,49.2335,64.81,-10.0054,18.4671,45098000
2019-05-03,180,2018-08-15,2019-05-03,59.4775,56.7112,56.9223,104.8779,104.489,49.2335,64.81,-8.2279,20.807,41588000
2019-05-06,180,2018-08-16,2019-05-06,59.673,56.7018,56.9115,105.2401,104.8523,49.2335,64.81,-7.9262,21.2041,31774000
2019-05-07,180,2018-08-17,2019-05-07,58.943,56.6906,56.899,103.9732,103.5924,49.2335,64.81,-9.0526,19.7213,36604000
2019-05-08,180,2018-08-20,2019-05-08,58.539,56.6793,56.8864,103.2811,102.905,49.2335,64.81,-9.676,18.9007,25520000
2019-05-09,180,2018-08-21,2019-05-09,58.3985,56.6658,56.8714,103.0578,102.6851,49.2335,64.81,-9.8928,18.6154,29556000
2019-05-10,180,2018-08-22,2019-05-10,58.382,56.6533,56.8576,103.0514,102.6811,49.2335,64.81,-9.9182,18.5819,31650000
2019-05-13,180,2018-08-23,2019-05-13,56.8295,56.6314,56.834,100.3497,99.9922,49.2335,64.81,-12.3137,15.4285,45626000
2019-05-14,180,2018-08-24,2019-05-14,56.243,56.6065,56.8072,99.3579,99.0068,49.2335,64.81,-13.2186,14.2373,40392000
2019-05-15,180,2018-08-27,2019-05-15,58.54,56.5902,56.7889,103.4454,103.0835,49.2335,64.81,-9.6744,18.9028,59302000
2019-05-16,180,2018-08-28,2019-05-16,59.225,56.5731,56.769,104.6876,104.3264,49.2335,64.81,-8.6175,20.2941,35308000
2019-05-17,180,2018-08-29,2019-05-17,58.439,56.5543,56.7475,103.3326,102.9807,49.2335,64.81,-9.8303,18.6976,25362000
2019-05-20,180,2018-08-30,2019-05-20,57.233,56.5248,56.7142,101.2528,100.9147,49.2335,64.81,-11.6911,16.2481,30602000
2019-05-21,180,2018-08-31,2019-05-21,57.722,56.5003,56.6864,102.1622,101.8268,49.2335,64.81,-10.9366,17.2413,20562000
2019-05-22,180,2018-09-04,2019-05-22,57.7925,56.4814,56.6653,102.3213,101.9892,49.2335,64.81,-10.8278,17.3845,18826000
2019-05-23,180,2018-09-05,2019-05-23,57.267,56.4646,56.647,101.4211,101.0945,49.2335,64.81,-11.6386,16.3171,25214000
2019-05-24,180,2018-09-06,2019-05-24,56.9305,56.4489,56.6302,100.8532,100.5303,49.2335,64.81,-12.1578,15.6337,18554000
2019-05-28,180,2018-09-07,2019-05-28,56.978,56.4372,56.6179,100.9582,100.6361,49.2335,64.81,-12.0846,15.7301,20948000
2019-05-29,180,2018-09-10,2019-05-29,55.997,56.4218,56.6019,99.2472,98.9314,49.2335,64.81,-13.5982,13.7376,36230000
2019-05-30,180,2018-09-11,2019-05-30,56.0705,56.4074,56.5869,99.4028,99.0873,49.2335,64.81,-13.4848,13.8869,18088000
2019-05-31,180,2018-09-12,2019-05-31,55.325,56.3849,56.5638,98.1202,97.81,49.2335,64.81,-14.6351,12.3727,31582000
2019-06-03,180,2018-09-13,2019-06-03,51.937,56.3464,56.5269,92.1745,91.8802,49.2335,64.81,-19.8627,5.4912,96890000
2019-06-04,180,2018-09-14,2019-06-04,52.7245,56.3103,56.4914,93.6321,93.3319,49.2335,64.81,-18.6476,7.0907,60512000
2019-06-05,180,2018-09-17,2019-06-05,52.232,56.2722,56.4544,92.8203,92.5208,49.2335,64.81,-19.4075,6.0904,46988000
2019-06-06,180,2018-09-18,2019-06-06,52.388,56.2397,56.4232,93.1512,92.8483,49.2335,64.81,-19.1668,6.4072,29020000
2019-06-07,180,2018-09-19,2019-06-07,53.4185,56.2119,56.3958,95.0306,94.7207,49.2335,64.81,-17.5768,8.5003,43828000
2019-06-10,180,2018-09-20,2019-06-10,54.138,56.1867,56.3704,96.3538,96.0398,49.2335,64.81,-16.4666,9.9617,28510000
2019-06-11,180,2018-09-21,2019-06-11,54.052,56.1566,56.3397,96.2523,95.9395,49.2335,64.81,-16.5993,9.787,33508000
2019-06-12,180,2018-09-24,2019-06-12,53.955,56.1308,56.3138,96.1237,95.8113,49.2335,64.81,-16.749,9.59,23670000
2019-06-13,180,2018-09-25,2019-06-13,54.5505,56.1067,56.2892,97.2263,96.9111,49.2335,64.81,-15.8301,10.7996,20814000
2019-06-14,180,2018-09-26,2019-06-14,54.315,56.0777,56.2594,96.8566,96.5439,49.2335,64.81,-16.1935,10.3212,24582000
2019-06-17,180,2018-09-27,2019-06-17,54.6945,56.051,56.2315,97.58,97.2666,49.2335,64.81,-15.6079,11.092,19770000
2019-06-18,180,2018-09-28,2019-06-18,55.262,56.0243,56.2032,98.6394,98.3254,49.2335,64.81,-14.7323,12.2447,34526000
2019-06-19,180,2018-10-01,2019-06-19,55.2255,55.9974,56.1747,98.6215,98.3103,49.2335,64.81,-14.7886,12.1706,26714000
2019-06-20,180,2018-10-02,2019-06-20,55.66,55.9728,56.1482,99.4412,99.1305,49.2335,64.81,-14.1182,13.0531,24018000
2019-06-21,180,2018-10-03,2019-06-21,56.2685,55.9517,56.1253,100.5662,100.2551,49.2335,64.81,-13.1793,14.2891,50774000
2019-06-24,180,2018-10-04,2019-06-24,55.835,55.9273,56.099,99.8349,99.5294,49.2335,64.81,-13.8482,13.4085,24236000
2019-06-25,180,2018-10-05,2019-06-25,54.379,55.903,56.0741,97.2738,96.977,49.2335,64.81,-16.0947,10.4512,31644000
2019-06-26,180,2018-10-08,2019-06-26,54.016,55.879,56.0498,96.6661,96.3714,49.2335,64.81,-16.6548,9.7139,34698000
2019-06-27,180,2018-10-09,2019-06-27,53.8315,55.8569,56.0278,96.374,96.08,49.2335,64.81,-16.9395,9.3392,24078000
2019-06-28,180,2018-10-10,2019-06-28,54.14,55.8394,56.0105,96.9566,96.6605,49.2335,64.81,-16.4635,9.9658,33672000
2019-07-01,180,2018-10-11,2019-07-01,55.0,55.8417,56.0127,98.4927,98.1921,49.2335,64.81,-15.1366,11.7126,29196000
2019-07-02,180,2018-10-12,2019-07-02,55.63,55.8479,56.0187,99.6098,99.3061,49.2335,64.81,-14.1645,12.9922,20630000
2019-07-03,180,2018-10-15,2019-07-03,56.1495,55.8486,56.0194,100.5388,100.2322,49.2335,64.81,-13.3629,14.0473,20154000
2019-07-05,180,2018-10-16,2019-07-05,56.6335,55.857,56.0278,101.3901,101.0811,49.2335,64.81,-12.6161,15.0304,29794000
2019-07-08,180,2018-10-17,2019-07-08,55.8395,55.8525,56.0233,99.9766,99.672,49.2335,64.81,-13.8412,13.4177,29888000
2019-07-09,180,2018-10-18,2019-07-09,56.2145,55.8516,56.0224,100.6497,100.343,49.2335,64.81,-13.2626,14.1794,29472000
2019-07-10,180,2018-10-19,2019-07-10,57.0455,55.8635,56.0343,102.1158,101.8046,49.2335,64.81,-11.9804,15.8672,30710000
2019-07-11,180,2018-10-22,2019-07-11,57.204,55.8742,56.0451,102.38,102.0678,49.2335,64.81,-11.7358,16.1892,26004000
2019-07-12,180,2018-10-23,2019-07-12,57.267,55.8835,56.0545,102.4757,102.163,49.2335,64.81,-11.6386,16.3171,21878000
2019-07-15,180,2018-10-24,2019-07-15,57.5255,55.8931,56.0644,102.9206,102.606,49.2335,64.81,-11.2398,16.8422,21164000
2019-07-16,180,2018-10-25,2019-07-16,57.673,55.9205,56.0912,103.1338,102.8201,49.2335,64.81,-11.0122,17.1418,25352000
2019-07-17,180,2018-10-26,2019-07-17,57.337,55.9324,56.1032,102.5113,102.1992,49.2335,64.81,-11.5306,16.4593,19538000
2019-07-18,180,2018-10-29,2019-07-18,57.362,55.9501,56.1208,102.5234,102.2116,49.2335,64.81,-11.4921,16.5101,25450000
2019-07-19,180,2018-10-30,2019-07-19,56.5775,55.9789,56.1477,101.0693,100.7654,49.2335,64.81,-12.7025,14.9167,23184000
2019-07-22,180,2018-10-31,2019-07-22,56.9605,56.0051,56.1726,101.706,101.4026,49.2335,64.81,-12.1116,15.6946,28914000
2019-07-23,180,2018-11-01,2019-07-23,57.4025,56.0211,56.1886,102.4659,102.1604,49.2335,64.81,-11.4296,16.5924,20648000
2019-07-24,180,2018-11-02,2019-07-24,56.9865,56.0362,56.2035,101.6959,101.3931,49.2335,64.81,-12.0714,15.7474,27192000
2019-07-25,180,2018-11-05,2019-07-25,56.797,56.0547,56.2214,101.3243,101.0238,49.2335,64.81,-12.3638,15.3625,54762000
2019-07-26,180,2018-11-06,2019-07-26,62.261,56.1051,56.2741,110.9722,110.6389,49.2335,64.81,-3.933,26.4606,121216000
2019-07-29,180,2018-11-07,2019-07-29,62.092,56.1505,56.3219,110.5815,110.2448,49.2335,64.81,-4.1938,26.1174,41382000
2019-07-30,180,2018-11-08,2019-07-30,61.4,56.1813,56.3552,109.289,108.9518,49.2335,64.81,-5.2615,24.7118,28616000
2019-07-31,180,2018-11-09,2019-07-31,60.91,56.2138,56.3895,108.3541,108.0165,49.2335,64.81,-6.0176,23.7166,39960000
2019-08-01,180,2018-11-12,2019-08-01,60.589,56.2501,56.4269,107.7136,107.376,49.2335,64.81,-6.5129,23.0646,35426000
2019-08-02,180,2018-11-13,2019-08-02,59.816,56.2913,56.4678,106.2616,105.9295,49.2335,64.81,-7.7056,21.4945,34910000
2019-08-05,180,2018-11-14,2019-08-05,57.7375,56.3224,56.4974,102.5126,102.1949,49.2335,64.81,-10.9127,17.2728,47840000
2019-08-06,180,2018-11-15,2019-08-06,58.554,56.3556,56.5298,103.9009,103.5808,49.2335,64.81,-9.6528,18.9312,36014000
2019-08-07,180,2018-11-16,2019-08-07,58.7955,56.385,56.5589,104.275,103.9544,49.2335,64.81,-9.2802,19.4217,30686000
2019-08-08,180,2018-11-19,2019-08-08,60.3095,56.4229,56.5972,106.8884,106.5591,49.2335,64.81,-6.9441,22.4969,30116000
2019-08-09,180,2018-11-20,2019-08-09,59.445,56.4697,56.6421,105.2689,104.9485,49.2335,64.81,-8.278,20.741,20418000
2019-08-12,180,2018-11-21,2019-08-12,58.725,56.5119,56.6821,103.9162,103.6041,49.2335,64.81,-9.389,19.2785,22064000
2019-08-13,180,2018-11-23,2019-08-13,59.8365,56.5555,56.7247,105.8014,105.4858,49.2335,64.81,-7.674,21.5361,28434000
2019-08-14,180,2018-11-26,2019-08-14,58.2125,56.5952,56.7619,102.8576,102.5555,49.2335,64.81,-10.1798,18.2376,35430000
2019-08-15,180,2018-11-27,2019-08-15,58.466,56.6279,56.7934,103.2458,102.945,49.2335,64.81,-9.7886,18.7525,28506000
2019-08-16,180,2018-11-28,2019-08-16,58.9605,56.6644,56.8287,104.0521,103.7513,49.2335,64.81,-9.0256,19.7569,24916000
2019-08-19,180,2018-11-29,2019-08-19,60.022,56.694,56.8589,105.8701,105.5631,49.2335,64.81,-7.3877,21.9129,24450000
2019-08-20,180,2018-11-30,2019-08-20,59.1765,56.7185,56.8836,104.3336,104.0309,49.2335,64.81,-8.6923,20.1956,20206000
2019-08-21,180,2018-12-03,2019-08-21,59.579,56.7407,56.9063,105.0022,104.6966,49.2335,64.81,-8.0713,21.0131,14152000
2019-08-22,180,2018-12-04,2019-08-22,59.576,56.7609,56.9272,104.9595,104.6529,49.2335,64.81,-8.0759,21.007,17352000
2019-08-23,180,2018-12-06,2019-08-23,57.679,56.7875,56.9525,101.5698,101.2756,49.2335,64.81,-11.0029,17.154,36254000
2019-08-26,180,2018-12-07,2019-08-26,58.559,56.814,56.9784,103.0715,102.774,49.2335,64.81,-9.6451,18.9414,21166000
2019-08-27,180,2018-12-10,2019-08-27,58.541,56.8504,57.0129,102.9738,102.6803,49.2335,64.81,-9.6729,18.9048,23460000
2019-08-28,180,2018-12-11,2019-08-28,58.6875,56.8854,57.0464,103.1679,102.8768,49.2335,64.81,-9.4468,19.2024,16810000
2019-08-29,180,2018-12-12,2019-08-29,59.712,56.923,57.0832,104.8995,104.6052,49.2335,64.81,-7.8661,21.2833,19636000
2019-08-30,180,2018-12-13,2019-08-30,59.5265,56.9559,57.1157,104.5132,104.221,49.2335,64.81,-8.1523,20.9065,18064000
2019-09-03,180,2018-12-14,2019-09-03,58.4775,56.9835,57.1423,102.6218,102.3366,49.2335,64.81,-9.7709,18.7758,25908000
2019-09-04,180,2018-12-17,2019-09-04,59.1135,57.0214,57.1786,103.6689,103.3839,49.2335,64.81,-8.7895,20.0676,21312000
2019-09-05,180,2018-12-18,2019-09-05,60.6095,57.0757,57.2304,106.1915,105.9043,49.2335,64.81,-6.4812,23.1062,26394000
2019-09-06,180,2018-12-19,2019-09-06,60.316,57.1226,57.2757,105.5905,105.3082,49.2335,64.81,-6.9341,22.5101,18972000
2019-09-09,180,2018-12-20,2019-09-09,60.2635,57.1719,57.3228,105.4075,105.13,49.2335,64.81,-7.0151,22.4034,31854000
2019-09-10,180,2018-12-21,2019-09-10,60.285,57.2256,57.3734,105.3462,105.0748,49.2335,64.81,-6.9819,22.4471,27922000
2019-09-11,180,2018-12-24,2019-09-11,61.0,57.2945,57.437,106.4675,106.2034,49.2335,64.81,-5.8787,23.8994,23522000
2019-09-12,180,2018-12-26,2019-09-12,61.7485,57.3697,57.5065,107.6327,107.3766,51.2735,64.81,-4.7238,20.4297,31644000
2019-09-13,180,2018-12-27,2019-09-13,62.0015,57.4238,57.5599,107.9718,107.7165,51.2735,64.81,-4.3334,20.9231,23676000
2019-09-16,180,2018-12-28,2019-09-16,61.5815,57.4744,57.6095,107.146,106.8946,51.2735,64.81,-4.9815,20.104,28218000
2019-09-17,180,2018-12-31,2019-09-17,61.494,57.5266,57.6604,106.8966,106.6485,51.2735,64.81,-5.1165,19.9333,20806000
2019-09-18,180,2019-01-02,2019-09-18,61.6325,57.5803,57.7126,107.0375,106.7922,51.2735,64.81,-4.9028,20.2034,17440000
2019-09-19,180,2019-01-03,2019-09-19,61.9375,57.6322,57.7637,107.4703,107.2257,51.2735,64.81,-4.4322,20.7983,16554000
2019-09-20,180,2019-01-04,2019-09-20,61.492,57.6921,57.8205,106.5866,106.3499,51.937,64.81,-5.1196,18.3973,37692000
2019-09-23,180,2019-01-07,2019-09-23,61.7345,57.7356,57.864,106.9262,106.689,51.937,64.81,-4.7454,18.8642,20798000
2019-09-24,180,2019-01-08,2019-09-24,60.9165,57.7759,57.9035,105.4358,105.2034,51.937,64.81,-6.0076,17.2892,35804000
2019-09-25,180,2019-01-09,2019-09-25,62.297,57.82,57.9481,107.7431,107.5048,51.937,64.81,-3.8775,19.9472,26798000
2019-09-26,180,2019-01-10,2019-09-26,62.1145,57.8644,57.9927,107.3449,107.1074,51.937,64.81,-4.1591,19.5959,23166000
2019-09-27,180,2019-01-11,2019-09-27,61.2975,57.9058,58.0336,105.8572,105.6241,51.937,64.81,-5.4197,18.0228,34122000
2019-09-30,180,2019-01-14,2019-09-30,61.057,57.9508,58.0771,105.3601,105.1309,51.937,64.81,-5.7908,17.5597,24470000
2019-10-01,180,2019-01-15,2019-10-01,60.3,57.9963,58.12,103.9722,103.7508,51.937,64.81,-6.9588,16.1022,24504000
2019-10-02,180,2019-01-16,2019-10-02,58.896,58.023,58.1454,101.5046,101.2908,51.937,64.81,-9.1251,13.3989,33030000
2019-10-03,180,2019-01-17,2019-10-03,59.4715,58.0518,58.1732,102.4455,102.2318,51.937,64.81,-8.2372,14.507,28368000
2019-10-04,180,2019-01-18,2019-10-04,60.548,58.0833,58.2043,104.2434,104.0267,51.937,64.81,-6.5761,16.5797,24282000
2019-10-07,180,2019-01-22,2019-10-07,60.4125,58.1116,58.2323,103.9595,103.744,51.937,64.81,-6.7852,16.3188,17040000
2019-10-08,180,2019-01-23,2019-10-08,59.5065,58.1442,58.2633,102.343,102.1338,51.937,64.81,-8.1831,14.5744,20086000
2019-10-09,180,2019-01-24,2019-10-09,60.12,58.1782,58.296,103.3376,103.1288,51.937,64.81,-7.2365,15.7556,15948000
2019-10-10,180,2019-01-25,2019-10-10,60.4735,58.2142,58.3309,103.881,103.6732,51.937,64.81,-6.6911,16.4363,12842000
2019-10-11,180,2019-01-28,2019-10-11,60.7855,58.2464,58.3626,104.3593,104.1514,51.937,64.81,-6.2097,17.037,22330000
2019-10-14,180,2019-01-29,2019-10-14,60.8885,58.2859,58.4009,104.4652,104.2595,51.937,64.81,-6.0508,17.2353,13296000
2019-10-15,180,2019-01-30,2019-10-15,62.112,58.3349,58.4488,106.4749,106.2674,51.937,64.81,-4.1629,19.591,27584000
2019-10-16,180,2019-01-31,2019-10-16,62.15,58.3751,58.489,106.4667,106.2592,51.937,64.81,-4.1043,19.6642,22986000
2019-10-17,180,2019-02-01,2019-10-17,62.64,58.4091,58.5243,107.2435,107.0325,51.937,64.81,-3.3482,20.6077,20958000
2019-10-18,180,2019-02-04,2019-10-18,62.2205,58.4434,58.5592,106.4628,106.2522,51.937,64.81,-3.9955,19.8,31624000
2019-10-21,180,2019-02-05,2019-10-21,62.214,58.4709,58.5878,106.4016,106.1893,51.937,64.81,-4.0056,19.7874,18094000
2019-10-22,180,2019-02-06,2019-10-22,62.06,58.4947,58.6126,106.0952,105.8816,51.937,64.81,-4.2432,19.4909,22862000
2019-10-23,180,2019-02-07,2019-10-23,62.8815,58.531,58.6501,107.4329,107.2147,51.937,64.81,-2.9756,21.0726,21282000
2019-10-24,180,2019-02-08,2019-10-24,62.9555,58.5729,58.6926,107.4824,107.2631,51.937,64.81,-2.8614,21.2151,20224000
2019-10-25,180,2019-02-11,2019-10-25,63.215,58.6172,58.7376,107.8438,107.6227,51.937,64.81,-2.461,21.7148,27104000
2019-10-28,180,2019-02-12,2019-10-28,64.449,58.6674,58.7895,109.8548,109.6267,51.937,64.81,-0.557,24.0907,65428000
2019-10-29,180,2019-02-13,2019-10-29,63.033,58.7033,58.8265,107.3756,107.1508,51.937,64.81,-2.7419,21.3643,52654000
2019-10-30,180,2019-02-14,2019-10-30,63.035,58.7388,58.8631,107.314,107.0874,51.937,64.81,-2.7388,21.3682,29204000
2019-10-31,180,2019-02-15,2019-10-31,62.94,58.7738,58.8991,107.0885,106.8606,51.937,64.81,-2.8854,21.1853,31904000
2019-11-01,180,2019-02-19,2019-11-01,63.6125,58.815,58.9415,108.157,107.9247,51.937,64.81,-1.8477,22.4801,28812000
2019-11-04,180,2019-02-20,2019-11-04,64.4805,58.8581,58.9868,109.5524,109.3134,51.937,64.81,-0.5084,24.1514,30632000
2019-11-05,180,2019-02-21,2019-11-05,64.572,58.9036,59.0343,109.6231,109.3805,51.937,64.81,-0.3672,24.3275,25148000
2019-11-06,180,2019-02-22,2019-11-06,64.5505,58.9542,59.0862,109.4927,109.248,51.937,64.81,-0.4004,24.2862,24626000
2019-11-07,180,2019-02-25,2019-11-07,65.347,59.0046,59.1391,110.749,110.4972,51.937,65.347,0.0,25.8197,45140000
2019-11-08,180,2019-02-26,2019-11-08,65.45,59.0553,59.1923,110.8282,110.5718,51.937,65.45,0.0,26.0181,30392000
2019-11-11,180,2019-02-27,2019-11-11,64.914,59.1023,59.2413,109.8333,109.5756,51.937,65.45,-0.8189,24.986,17234000
2019-11-12,180,2019-02-28,2019-11-12,64.8605,59.1488,59.2897,109.6566,109.3959,51.937,65.45,-0.9007,24.883,28852000
2019-11-13,180,2019-03-01,2019-11-13,64.809,59.1939,59.3368,109.4858,109.2222,51.937,65.45,-0.9794,24.7839,20538000
2019-11-14,180,2019-03-04,2019-11-14,65.4575,59.2356,59.3814,110.5037,110.2323,51.937,65.4575,0.0,26.0325,28948000
2019-11-15,180,2019-03-05,2019-11-15,66.677,59.2813,59.4315,112.4757,112.1914,51.937,66.677,0.0,28.3805,39286000
2019-11-18,180,2019-03-06,2019-11-18,65.992,59.3194,59.4733,111.2486,110.9607,51.937,66.677,-1.0273,27.0616,27984000
2019-11-19,180,2019-03-07,2019-11-19,65.6295,59.3572,59.5143,110.5671,110.2751,51.937,66.677,-1.571,26.3637,21864000
2019-11-20,180,2019-03-08,2019-11-20,65.093,59.3967,59.5563,109.5903,109.2966,51.937,66.677,-2.3756,25.3307,28892000
2019-11-21,180,2019-03-11,2019-11-21,65.007,59.4361,59.598,109.373,109.0758,51.937,66.677,-2.5046,25.1651,25546000
2019-11-22,180,2019-03-12,2019-11-22,64.6835,59.4655,59.6298,108.7748,108.4752,51.937,66.677,-2.9898,24.5422,27776000
2019-11-25,180,2019-03-13,2019-11-25,65.282,59.4928,59.6599,109.731,109.4236,51.937,66.677,-2.0922,25.6946,23590000
2019-11-26,180,2019-03-14,2019-11-26,65.65,59.5212,59.6915,110.2968,109.9821,51.937,66.677,-1.5403,26.4031,21910000
2019-11-27,180,2019-03-15,2019-11-27,65.6065,59.5514,59.7248,110.1679,109.8481,51.937,66.677,-1.6055,26.3194,18808000
2019-11-29,180,2019-03-18,2019-11-29,65.2045,59.5803,59.7564,109.4398,109.1172,51.937,66.677,-2.2084,25.5454,12802000
2019-12-02,180,2019-03-19,2019-12-02,64.443,59.6061,59.7842,108.1148,107.7926,51.937,66.677,-3.3505,24.0792,26538000
2019-12-03,180,2019-03-20,2019-12-03,64.737,59.6295,59.8099,108.5654,108.238,51.937,66.677,-2.9096,24.6452,25270000
2019-12-04,180,2019-03-21,2019-12-04,65.947,59.6521,59.8356,110.5527,110.2137,51.937,66.677,-1.0948,26.975,35506000
2019-12-05,180,2019-03-22,2019-12-05,66.348,59.674,59.8608,111.1841,110.8372,51.937,66.677,-0.4934,27.7471,24408000
2019-12-06,180,2019-03-25,2019-12-06,66.9695,59.7062,59.8974,112.165,111.8071,51.937,66.9695,0.0,28.9437,32968000
2019-12-09,180,2019-03-26,2019-12-09,67.1495,59.7421,59.9378,112.3989,112.0319,51.937,67.1495,0.0,29.2903,30842000
2019-12-10,180,2019-03-27,2019-12-10,67.1445,59.7801,59.9803,112.3191,111.9442,51.937,67.1495,-0.0074,29.2807,17606000
2019-12-11,180,2019-03-28,2019-12-11,67.2125,59.8219,60.0265,112.3544,111.9713,51.937,67.2125,0.0,29.4116,20480000
2019-12-12,180,2019-03-29,2019-12-12,67.4245,59.8662,60.0755,112.6253,112.233,51.937,67.4245,0.0,29.8198,29114000
2019-12-13,180,2019-04-01,2019-12-13,67.3435,59.9089,60.1227,112.4097,112.0101,51.937,67.4245,-0.1201,29.6638,33170000
2019-12-16,180,2019-04-02,2019-12-16,68.035,59.9485,60.1676,113.4891,113.0758,51.937,68.035,0.0,30.9953,28128000
2019-12-17,180,2019-04-03,2019-12-17,67.7445,59.985,60.2091,112.9357,112.5154,51.937,68.035,-0.427,30.4359,32948000
2019-12-18,180,2019-04-04,2019-12-18,67.5955,60.0195,60.2483,112.6225,112.1949,51.937,68.035,-0.646,30.149,23330000
2019-12-19,180,2019-04-05,2019-12-19,67.822,60.0527,60.2863,112.9375,112.4998,51.937,68.035,-0.3131,30.5851,28922000
2019-12-20,180,2019-04-08,2019-12-20,67.561,60.0869,60.3252,112.4388,111.9947,51.937,68.035,-0.6967,30.0826,50090000
2019-12-23,180,2019-04-09,2019-12-23,67.5315,60.1219,60.3647,112.3242,111.8725,51.937,68.035,-0.7401,30.0258,19936000
2019-12-24,180,2019-04-10,2019-12-24,67.2215,60.1572,60.4041,111.7431,111.2863,51.937,68.035,-1.1957,29.4289,13468000
2019-12-26,180,2019-04-11,2019-12-26,68.1235,60.1954,60.4474,113.1707,112.6988,51.937,68.1235,0.0,31.1656,23662000
2019-12-27,180,2019-04-12,2019-12-27,67.732,60.231,60.4877,112.4537,111.9765,51.937,68.1235,-0.5747,30.4118,23212000
2019-12-30,180,2019-04-15,2019-12-30,66.9855,60.2598,60.5202,111.1611,110.6829,51.937,68.1235,-1.6705,28.9745,19994000
2019-12-31,180,2019-04-16,2019-12-31,66.9695,60.2875,60.5516,111.0835,110.5991,51.937,68.1235,-1.694,28.9437,19514000
2020-01-02,180,2019-04-17,2020-01-02,68.434,60.3203,60.5895,113.451,112.9469,51.937,68.434,0.0,31.7635,27278000
2020-01-03,180,2019-04-18,2020-01-03,68.076,60.3494,60.6233,112.8031,112.2935,51.937,68.434,-0.5231,31.0742,23408000
2020-01-06,180,2019-04-22,2020-01-06,69.8905,60.3859,60.6667,115.7398,115.2041,51.937,69.8905,0.0,34.5678,46768000
2020-01-07,180,2019-04-23,2020-01-07,69.7555,60.4186,60.706,115.4536,114.9072,51.937,69.8905,-0.1932,34.3079,34330000
2020-01-08,180,2019-04-24,2020-01-08,70.252,60.4492,60.7433,116.2166,115.6539,51.937,70.252,0.0,35.2639,35314000
2020-01-09,180,2019-04-25,2020-01-09,70.9895,60.4855,60.7877,117.3662,116.7827,51.937,70.9895,0.0,36.6839,33200000
2020-01-10,180,2019-04-26,2020-01-10,71.448,60.5218,60.8326,118.0534,117.4502,51.937,71.448,0.0,37.5667,26258000
2020-01-13,180,2019-04-29,2020-01-13,72.0015,60.5578,60.8777,118.8972,118.2723,51.937,72.0015,0.0,38.6324,30730000
2020-01-14,180,2019-04-30,2020-01-14,71.5295,60.5873,60.9151,118.0602,117.425,51.937,72.0015,-0.6555,37.7236,26076000
2020-01-15,180,2019-05-01,2020-01-15,71.96,60.6442,60.9818,118.6594,118.0024,51.937,72.0015,-0.0576,38.5525,21550000
2020-01-16,180,2019-05-02,2020-01-16,72.508,60.7107,61.0587,119.432,118.7513,51.937,72.508,0.0,39.6076,26080000
2020-01-17,180,2019-05-03,2020-01-17,73.976,60.7851,61.1457,121.7009,120.9833,51.937,73.976,0.0,42.4341,52424000
2020-01-21,180,2019-05-06,2020-01-21,74.1125,60.8533,61.227,121.7888,121.0455,51.937,74.1125,0.0,42.6969,48930000
2020-01-22,180,2019-05-07,2020-01-22,74.1935,60.9209,61.3076,121.7867,121.0184,51.937,74.1935,0.0,42.8529,28458000
2020-01-23,180,2019-05-08,2020-01-23,74.2345,60.993,61.3926,121.7099,120.9177,51.937,74.2345,0.0,42.9318,26650000
2020-01-24,180,2019-05-09,2020-01-24,73.3085,61.0642,61.4746,120.0515,119.25,51.937,74.2345,-1.2474,41.1489,29786000
2020-01-27,180,2019-05-10,2020-01-27,71.5865,61.1296,61.5479,117.1061,116.3102,51.937,74.2345,-3.5671,37.8333,34132000
2020-01-28,180,2019-05-13,2020-01-28,72.525,61.1991,61.6265,118.5067,117.6848,51.937,74.2345,-2.3028,39.6403,29724000
2020-01-29,180,2019-05-14,2020-01-29,72.835,61.2796,61.7154,118.8568,118.0176,51.937,74.2345,-1.8852,40.2372,21566000
2020-01-30,180,2019-05-15,2020-01-30,72.7125,61.3637,61.8069,118.4942,117.6447,51.937,74.2345,-2.0503,40.0014,27110000
2020-01-31,180,2019-05-16,2020-01-31,71.639,61.4292,61.8797,116.6205,115.7715,51.937,74.2345,-3.4963,37.9344,43822000
2020-02-03,180,2019-05-17,2020-02-03,74.13,61.5004,61.9625,120.5358,119.6369,51.937,74.2345,-0.1408,42.7306,71636000
2020-02-04,180,2019-05-20,2020-02-04,72.2705,61.5693,62.0393,117.3807,116.4915,51.937,74.2345,-2.6457,39.1503,95880000
2020-02-05,180,2019-05-21,2020-02-05,72.3025,61.6461,62.123,117.2864,116.386,51.937,74.2345,-2.6026,39.2119,36376000
2020-02-06,180,2019-05-22,2020-02-06,73.7985,61.7259,62.2123,119.5585,118.6236,51.937,74.2345,-0.5873,42.0923,37822000
2020-02-07,180,2019-05-23,2020-02-07,73.9555,61.806,62.3021,119.6574,118.7046,51.937,74.2345,-0.3758,42.3946,28360000
2020-02-10,180,2019-05-24,2020-02-10,75.433,61.8954,62.4031,121.8717,120.8803,51.937,75.433,0.0,45.2394,38302000
2020-02-11,180,2019-05-28,2020-02-11,75.503,61.9875,62.5062,121.8036,120.7927,51.937,75.503,0.0,45.3742,34852000
2020-02-12,180,2019-05-29,2020-02-12,75.9315,62.0812,62.6115,122.3101,121.274,51.937,75.9315,0.0,46.1992,31042000
2020-02-13,180,2019-05-30,2020-02-13,75.6695,62.1807,62.7208,121.6929,120.6449,51.937,75.9315,-0.345,45.6948,22914000
2020-02-14,180,2019-05-31,2020-02-14,75.9365,62.2811,62.8312,121.9254,120.858,51.937,75.9365,0.0,46.2089,23198000
2020-02-18,180,2019-06-03,2020-02-18,75.972,62.3871,62.9459,121.7751,120.6941,51.937,75.972,0.0,46.2772,25642000
2020-02-19,180,2019-06-04,2020-02-19,76.2435,62.5202,63.0809,121.9503,120.8662,52.232,76.2435,0.0,45.9709,22746000
2020-02-20,180,2019-06-05,2020-02-20,75.8495,62.646,63.2094,121.0764,119.9972,52.232,76.2435,-0.5168,45.2165,25962000
2020-02-21,180,2019-06-06,2020-02-21,74.173,62.7697,63.3313,118.1669,117.119,52.388,76.2435,-2.7156,41.5839,42520000
2020-02-24,180,2019-06-07,2020-02-24,70.993,62.8794,63.4347,112.9034,111.9151,53.4185,76.2435,-6.8865,32.8996,49560000
2020-02-25,180,2019-06-10,2020-02-25,69.316,62.9738,63.523,110.0711,109.1196,53.8315,76.2435,-9.086,28.7648,51580000
2020-02-26,180,2019-06-11,2020-02-26,69.5235,63.064,63.6085,110.2427,109.2991,53.8315,76.2435,-8.8139,29.1502,49776000
2020-02-27,180,2019-06-12,2020-02-27,65.7475,63.1368,63.6734,104.1349,103.2573,53.8315,76.2435,-13.7664,22.1357,62290000
2020-02-28,180,2019-06-13,2020-02-28,66.9625,63.2167,63.7457,105.9254,105.0463,53.8315,76.2435,-12.1728,24.3928,80198000
2020-03-02,180,2019-06-14,2020-03-02,69.316,63.3035,63.8277,109.4979,108.5986,53.8315,76.2435,-9.086,28.7648,55430000
2020-03-03,180,2019-06-17,2020-03-03,66.886,63.3806,63.8976,105.5307,104.6769,53.8315,76.2435,-12.2732,24.2507,56602000
2020-03-04,180,2019-06-18,2020-03-04,69.08,63.4657,63.9775,108.8462,107.9755,53.8315,76.2435,-9.3956,28.3264,47598000
2020-03-05,180,2019-06-19,2020-03-05,65.738,63.5303,64.0357,103.4751,102.6584,53.8315,76.2435,-13.7789,22.1181,54380000
2020-03-06,180,2019-06-20,2020-03-06,64.787,63.5903,64.0888,101.882,101.0894,53.8315,76.2435,-15.0262,20.3515,64640000
2020-03-09,180,2019-06-21,2020-03-09,60.7895,63.6243,64.1173,95.5444,94.8098,53.8315,76.2435,-20.2693,12.9255,69252000
2020-03-10,180,2019-06-24,2020-03-10,63.7585,63.6713,64.1589,100.1369,99.3759,53.8315,76.2435,-16.3752,18.4409,54872000
2020-03-11,180,2019-06-25,2020-03-11,60.545,63.7027,64.1851,95.043,94.3288,53.8315,76.2435,-20.59,12.4713,54732000
2020-03-12,180,2019-06-26,2020-03-12,55.5775,63.7117,64.1917,87.2329,86.5805,53.8315,76.2435,-27.1053,3.2435,94326000
2020-03-13,180,2019-06-27,2020-03-13,60.7135,63.7577,64.2289,95.2253,94.5267,53.8315,76.2435,-20.3689,12.7843,79400000
2020-03-16,180,2019-06-28,2020-03-16,53.65,63.7563,64.2279,84.1485,83.5306,53.65,76.2435,-29.6333,0.0,96520000
2020-03-17,180,2019-07-01,2020-03-17,55.903,63.7695,64.2377,87.6642,87.0252,53.65,76.2435,-26.6783,4.1994,83194000
2020-03-18,180,2019-07-02,2020-03-18,54.5595,63.7662,64.2353,85.5618,84.937,53.65,76.2435,-28.4405,1.6952,93044000
2020-03-19,180,2019-07-03,2020-03-19,55.5835,63.7658,64.235,87.1682,86.5314,53.65,76.2435,-27.0974,3.6039,74064000
2020-03-20,180,2019-07-05,2020-03-20,53.4105,63.7452,64.2198,83.7875,83.1683,53.4105,76.2435,-29.9475,0.0,82878000
2020-03-23,180,2019-07-08,2020-03-23,52.7065,63.7155,64.198,82.7216,82.0999,52.7065,76.2435,-30.8708,0.0,83672000
2020-03-24,180,2019-07-09,2020-03-24,56.5005,63.7202,64.2017,88.6696,88.0047,52.7065,76.2435,-25.8947,7.1984,72468000
2020-03-25,180,2019-07-10,2020-03-25,55.081,63.712,64.1954,86.4531,85.8021,52.7065,76.2435,-27.7565,4.5051,90324000
2020-03-26,180,2019-07-11,2020-03-26,58.146,63.7195,64.2015,91.2531,90.568,52.7065,76.2435,-23.7364,10.3204,76562000
2020-03-27,180,2019-07-12,2020-03-27,55.513,63.7075,64.1921,87.1374,86.4795,52.7065,76.2435,-27.1899,5.3248,62794000
2020-03-30,180,2019-07-15,2020-03-30,57.3155,63.7078,64.1924,89.9662,89.2871,52.7065,76.2435,-24.8257,8.7446,58736000
2020-03-31,180,2019-07-16,2020-03-31,58.0975,63.7117,64.1955,91.1882,90.5008,52.7065,76.2435,-23.8001,10.2283,65228000
2020-04-01,180,2019-07-17,2020-04-01,55.105,63.6934,64.1813,86.516,85.8584,52.7065,76.2435,-27.725,4.5507,51970000
2020-04-02,180,2019-07-18,2020-04-02,55.8515,63.683,64.173,87.7024,87.0327,52.7065,76.2435,-26.7459,5.967,56410000
2020-04-03,180,2019-07-19,2020-04-03,54.635,63.6634,64.1579,85.8186,85.1571,52.7065,76.2435,-28.3414,3.6589,51374000
2020-04-06,180,2019-07-22,2020-04-06,59.1595,63.6808,64.1722,92.9001,92.1887,52.7065,76.2435,-22.4072,12.2433,63320000
2020-04-07,180,2019-07-23,2020-04-07,59.128,63.6953,64.1843,92.8295,92.1223,52.7065,76.2435,-22.4485,12.1835,61620000
2020-04-08,180,2019-07-24,2020-04-08,60.35,63.7144,64.2006,94.7195,94.0022,52.7065,76.2435,-20.8457,14.502,40334000
2020-04-09,180,2019-07-25,2020-04-09,60.3285,63.7364,64.2192,94.6532,93.9415,52.7065,76.2435,-20.8739,14.4612,54028000
2020-04-13,180,2019-07-26,2020-04-13,60.5205,63.7608,64.2399,94.918,94.2102,52.7065,76.2435,-20.6221,14.8255,38702000
2020-04-14,180,2019-07-29,2020-04-14,63.2615,63.7666,64.2454,99.2079,98.4685,52.7065,76.2435,-17.027,20.026,63358000
2020-04-15,180,2019-07-30,2020-04-15,62.865,63.771,64.2497,98.5792,97.8448,52.7065,76.2435,-17.5471,19.2737,42236000
2020-04-16,180,2019-07-31,2020-04-16,62.8715,63.7797,64.2579,98.5761,97.8424,52.7065,76.2435,-17.5385,19.286,57896000
2020-04-17,180,2019-08-01,2020-04-17,63.95,63.7973,64.2748,100.2393,99.4947,52.7065,76.2435,-16.124,21.3323,51050000
2020-04-20,180,2019-08-02,2020-04-20,63.0575,63.8119,64.2885,98.8177,98.0852,52.7065,76.2435,-17.2946,19.6389,35292000
2020-04-21,180,2019-08-05,2020-04-21,60.608,63.8169,64.2929,94.9718,94.2686,52.7065,76.2435,-20.5073,14.9915,49648000
2020-04-22,180,2019-08-06,2020-04-22,62.9205,63.8492,64.3217,98.5456,97.8216,52.7065,76.2435,-17.4743,19.379,46296000
2020-04-23,180,2019-08-07,2020-04-23,63.5585,63.8796,64.3495,99.4973,98.7708,52.7065,76.2435,-16.6375,20.5895,34202000
2020-04-24,180,2019-08-08,2020-04-24,63.83,63.9101,64.3775,99.8747,99.1496,52.7065,76.2435,-16.2814,21.1046,37402000
2020-04-27,180,2019-08-09,2020-04-27,63.543,63.9292,64.3954,99.3959,98.6762,52.7065,76.2435,-16.6578,20.5601,44186000
2020-04-28,180,2019-08-12,2020-04-28,61.6295,63.9427,64.4076,96.3823,95.6867,52.7065,76.2435,-19.1675,16.9296,80700000
2020-04-29,180,2019-08-13,2020-04-29,67.109,63.9911,64.4542,104.8724,104.119,52.7065,76.2435,-11.9807,27.3259,108358000
2020-04-30,180,2019-08-14,2020-04-30,67.335,64.0335,64.4958,105.1559,104.4021,52.7065,76.2435,-11.6843,27.7546,55842000
2020-05-01,180,2019-08-15,2020-05-01,65.866,64.079,64.5383,102.7888,102.0572,52.7065,76.2435,-13.611,24.9675,48872000
2020-05-04,180,2019-08-16,2020-05-04,66.145,64.1243,64.581,103.1512,102.4218,52.7065,76.2435,-13.2451,25.4968,30806000
2020-05-05,180,2019-08-19,2020-05-05,67.451,64.1731,64.6282,105.1079,104.3678,52.7065,76.2435,-11.5321,27.9747,39666000
2020-05-06,180,2019-08-20,2020-05-06,67.2715,64.2142,64.6684,104.7611,104.0252,52.7065,76.2435,-11.7676,27.6342,31732000
2020-05-07,180,2019-08-21,2020-05-07,68.464,64.2668,64.72,106.5309,105.7849,52.7065,76.2435,-10.2035,29.8967,30652000
2020-05-08,180,2019-08-22,2020-05-08,69.217,64.3204,64.7736,107.6128,106.8599,52.7065,76.2435,-9.2159,31.3254,33326000
2020-05-11,180,2019-08-23,2020-05-11,70.1795,64.3788,64.8325,109.0103,108.2474,52.7065,76.2435,-7.9535,33.1515,32718000
2020-05-12,180,2019-08-26,2020-05-12,68.759,64.4432,64.894,106.6971,105.9558,52.7065,76.2435,-9.8166,30.4564,33918000
2020-05-13,180,2019-08-27,2020-05-13,67.4165,64.495,64.9433,104.5298,103.8083,52.7065,76.2435,-11.5774,27.9093,40368000
2020-05-14,180,2019-08-28,2020-05-14,67.843,64.5492,64.9949,105.1029,104.382,52.7065,76.2435,-11.018,28.7185,36660000
2020-05-15,180,2019-08-29,2020-05-15,68.653,64.6065,65.0503,106.2634,105.5383,52.7065,76.2435,-9.9556,30.2553,41544000
2020-05-18,180,2019-08-30,2020-05-18,69.259,64.66,65.1033,107.1125,106.3832,52.7065,76.2435,-9.1608,31.405,47094000
2020-05-19,180,2019-09-03,2020-05-19,68.72,64.7123,65.1544,106.1931,105.4725,52.7065,76.2435,-9.8677,30.3824,31586000
2020-05-20,180,2019-09-04,2020-05-20,70.458,64.78,65.221,108.7651,108.0297,52.7065,76.2435,-7.5882,33.6799,38262000
2020-05-21,180,2019-09-05,2020-05-21,70.3375,64.843,65.2833,108.4736,107.7419,52.7065,76.2435,-7.7462,33.4513,30894000
2020-05-22,180,2019-09-06,2020-05-22,70.662,64.8979,65.3392,108.8819,108.1465,52.7065,76.2435,-7.3206,34.067,28544000
2020-05-26,180,2019-09-09,2020-05-26,71.0685,64.9566,65.3989,109.4092,108.6692,52.7065,76.2435,-6.7875,34.8382,44590000
2020-05-27,180,2019-09-10,2020-05-27,71.014,65.0155,65.4586,109.2262,108.4868,52.7065,76.2435,-6.8589,34.7348,31684000
2020-05-28,180,2019-09-11,2020-05-28,70.912,65.074,65.5177,108.9714,108.2334,52.7065,76.2435,-6.9927,34.5413,35170000
2020-05-29,180,2019-09-12,2020-05-29,71.676,65.1315,65.577,110.0482,109.3006,52.7065,76.2435,-5.9907,35.9908,37044000
2020-06-01,180,2019-09-13,2020-06-01,71.7435,65.1847,65.6325,110.0619,109.3109,52.7065,76.2435,-5.9021,36.1189,25162000
2020-06-02,180,2019-09-16,2020-06-02,72.1155,65.2381,65.6887,110.542,109.7837,52.7065,76.2435,-5.4142,36.8247,23442000
2020-06-03,180,2019-09-17,2020-06-03,71.9625,65.2936,65.7464,110.2138,109.4547,52.7065,76.2435,-5.6149,36.5344,27732000
2020-06-04,180,2019-09-18,2020-06-04,70.715,65.3438,65.7976,108.2199,107.4735,52.7065,76.2435,-7.2511,34.1675,26982000
2020-06-05,180,2019-09-19,2020-06-05,72.001,65.3993,65.8552,110.0945,109.3323,52.7065,76.2435,-5.5644,36.6074,42642000
2020-06-08,180,2019-09-20,2020-06-08,72.402,65.4548,65.9133,110.6137,109.8442,52.7065,76.2435,-5.0385,37.3683,33878000
2020-06-09,180,2019-09-23,2020-06-09,72.604,65.5141,65.9751,110.822,110.0476,52.7065,76.2435,-4.7735,37.7515,33624000
2020-06-10,180,2019-09-24,2020-06-10,73.235,65.5748,66.039,111.6816,110.8967,52.7065,76.2435,-3.9459,38.9487,31762000
2020-06-11,180,2019-09-25,2020-06-11,70.095,65.6262,66.09,106.8095,106.06,52.7065,76.2435,-8.0643,32.9912,47144000
2020-06-12,180,2019-09-26,2020-06-12,70.646,65.6716,66.1363,107.5746,106.8187,52.7065,76.2435,-7.3416,34.0366,36676000
2020-06-15,180,2019-09-27,2020-06-15,71.037,65.7201,66.1859,108.0902,107.3295,52.7065,76.2435,-6.8288,34.7784,30468000
2020-06-16,180,2019-09-30,2020-06-16,72.3235,65.7798,66.2472,109.9478,109.1722,52.7065,76.2435,-5.1414,37.2193,30648000
2020-06-17,180,2019-10-01,2020-06-17,72.627,65.8426,66.3114,110.3039,109.5241,52.7065,76.2435,-4.7434,37.7951,30610000
2020-06-18,180,2019-10-02,2020-06-18,71.706,65.9062,66.3748,108.8001,108.032,52.7065,76.2435,-5.9513,36.0477,34862000
2020-06-19,180,2019-10-03,2020-06-19,71.232,65.9772,66.4433,107.9645,107.2071,52.7065,76.2435,-6.573,35.1484,52784000
2020-06-22,180,2019-10-04,2020-06-22,72.533,66.0505,66.5159,109.8144,109.0461,52.7065,76.2435,-4.8666,37.6168,29442000
2020-06-23,180,2019-10-07,2020-06-23,73.199,66.1198,66.5862,110.7066,109.9312,52.7065,76.2435,-3.9931,38.8804,37752000
2020-06-24,180,2019-10-08,2020-06-24,71.635,66.1828,66.6485,108.238,107.4817,52.7065,76.2435,-6.0444,35.913,31592000
2020-06-25,180,2019-10-09,2020-06-25,72.055,66.2541,66.7182,108.7555,107.9989,52.7065,76.2435,-5.4936,36.7099,23958000
2020-06-26,180,2019-10-10,2020-06-26,68.127,66.3018,66.7627,102.7528,102.0435,52.7065,76.2435,-10.6455,29.2573,97640000
2020-06-29,180,2019-10-11,2020-06-29,69.8585,66.3561,66.8149,105.2781,104.5553,52.7065,76.2435,-8.3745,32.5425,45074000
2020-06-30,180,2019-10-14,2020-06-30,70.9025,66.4136,66.8711,106.759,106.0286,52.7065,76.2435,-7.0052,34.5232,40286000
2020-07-01,180,2019-10-15,2020-07-01,72.1,66.4763,66.9334,108.4598,107.7191,52.7065,76.2435,-5.4346,36.7953,42182000
2020-07-02,180,2019-10-16,2020-07-02,73.4965,66.5375,66.9966,110.4587,109.7018,52.7065,76.2435,-3.6029,39.4448,57218000
2020-07-06,180,2019-10-17,2020-07-06,74.9825,66.6053,67.0679,112.5773,111.8009,52.7065,76.2435,-1.6539,42.2642,44712000
2020-07-07,180,2019-10-18,2020-07-07,74.496,66.668,67.1338,111.7417,110.9665,52.7065,76.2435,-2.292,41.3412,42364000
2020-07-08,180,2019-10-21,2020-07-08,75.18,66.7365,67.2058,112.652,111.8654,52.7065,76.2435,-1.3949,42.639,31766000
2020-07-09,180,2019-10-22,2020-07-09,75.933,66.8084,67.282,113.6578,112.8579,52.7065,76.2435,-0.4072,44.0676,41836000
2020-07-10,180,2019-10-23,2020-07-10,76.9505,66.8858,67.3647,115.0475,114.2297,52.7065,76.9505,0.0,45.9981,35918000
2020-07-13,180,2019-10-24,2020-07-13,75.6115,66.9524,67.4354,112.9332,112.1243,52.7065,76.9505,-1.7401,43.4576,42954000
2020-07-14,180,2019-10-25,2020-07-14,76.043,67.0206,67.5081,113.4621,112.6427,52.7065,76.9505,-1.1793,44.2763,38108000
2020-07-15,180,2019-10-28,2020-07-15,75.844,67.0864,67.5783,113.0542,112.2313,52.7065,76.9505,-1.4379,43.8988,31026000
2020-07-16,180,2019-10-29,2020-07-16,75.746,67.1443,67.6411,112.8108,111.9823,52.7065,76.9505,-1.5653,43.7128,26484000
2020-07-17,180,2019-10-30,2020-07-17,75.8425,67.2115,67.7122,112.8416,112.0071,52.7065,76.9505,-1.4399,43.8959,34264000
2020-07-20,180,2019-10-31,2020-07-20,78.192,67.2887,67.7964,116.2037,115.3335,52.7065,78.192,0.0,48.3536,30166000
2020-07-21,180,2019-11-01,2020-07-21,77.796,67.3651,67.879,115.484,114.6099,52.7065,78.192,-0.5064,47.6023,27486000
2020-07-22,180,2019-11-04,2020-07-22,78.2425,67.4393,67.9602,116.0191,115.1298,52.7065,78.2425,0.0,48.4494,24482000
2020-07-23,180,2019-11-05,2020-07-23,75.8375,67.4981,68.0233,112.3551,111.4875,52.7065,78.2425,-3.0738,43.8864,33910000
2020-07-24,180,2019-11-06,2020-07-24,75.4105,67.5545,68.0835,111.6292,110.7617,52.7065,78.2425,-3.6195,43.0763,29902000
2020-07-27,180,2019-11-07,2020-07-27,76.4715,67.6157,68.1498,113.0972,112.2109,52.7065,78.2425,-2.2635,45.0893,27124000
2020-07-28,180,2019-11-08,2020-07-28,75.1825,67.6666,68.2044,111.1072,110.2311,52.7065,78.2425,-3.9109,42.6437,30910000
2020-07-29,180,2019-11-11,2020-07-29,76.1755,67.7214,68.264,112.4837,111.5896,52.7065,78.2425,-2.6418,44.5277,22676000
2020-07-30,180,2019-11-12,2020-07-30,76.9185,67.7827,68.3307,113.4781,112.568,52.7065,78.2425,-1.6922,45.9374,36042000
2020-07-31,180,2019-11-13,2020-07-31,74.3975,67.8332,68.3837,109.6771,108.7942,52.7065,78.2425,-4.9142,41.1543,91468000
2020-08-03,180,2019-11-14,2020-08-03,74.138,67.8829,68.4355,109.2146,108.3327,52.7065,78.2425,-5.2459,40.662,45482000
2020-08-04,180,2019-11-15,2020-08-04,73.665,67.9265,68.4811,108.4482,107.5698,52.7065,78.2425,-5.8504,39.7645,37212000
2020-08-05,180,2019-11-18,2020-08-05,73.9545,67.9643,68.5215,108.8137,107.9288,52.7065,78.2425,-5.4804,40.3138,29134000
2020-08-06,180,2019-11-19,2020-08-06,75.2475,68.0122,68.573,110.6383,109.7335,52.7065,78.2425,-3.8278,42.767,33306000
2020-08-07,180,2019-11-20,2020-08-07,74.9185,68.0608,68.6246,110.0759,109.1716,52.7065,78.2425,-4.2483,42.1428,27718000
2020-08-10,180,2019-11-21,2020-08-10,74.841,68.1123,68.6787,109.8788,108.9726,52.7065,78.2425,-4.3474,41.9958,20546000
2020-08-11,180,2019-11-22,2020-08-11,74.027,68.1606,68.7288,108.6067,107.7088,52.7065,78.2425,-5.3877,40.4514,31098000
2020-08-12,180,2019-11-25,2020-08-12,75.362,68.2172,68.7881,110.4736,109.5567,52.7065,78.2425,-3.6815,42.9843,22512000
2020-08-13,180,2019-11-26,2020-08-13,75.8325,68.2724,68.8468,111.0735,110.1468,52.7065,78.2425,-3.0802,43.8769,22388000
2020-08-14,180,2019-11-27,2020-08-14,75.2315,68.3226,68.9,110.1121,109.1894,52.7065,78.2425,-3.8483,42.7367,21942000
2020-08-17,180,2019-11-29,2020-08-17,75.812,68.3759,68.9567,110.8753,109.9415,52.7065,78.2425,-3.1064,43.838,19990000
2020-08-18,180,2019-12-02,2020-08-18,77.789,68.4404,69.0266,113.6595,112.6942,52.7065,78.2425,-0.5796,47.589,28378000
2020-08-19,180,2019-12-03,2020-08-19,77.2305,68.5073,69.0976,112.7332,111.7701,52.7065,78.2425,-1.2934,46.5294,30472000
2020-08-20,180,2019-12-04,2020-08-20,78.8125,68.5793,69.1758,114.9216,113.9307,52.7065,78.8125,0.0,49.5309,26382000
2020-08-21,180,2019-12-05,2020-08-21,78.7785,68.6439,69.2471,114.764,113.7643,52.7065,78.8125,-0.0431,49.4664,34838000
2020-08-24,180,2019-12-06,2020-08-24,79.2575,68.7083,69.3188,115.3537,114.3376,52.7065,79.2575,0.0,50.3752,25638000
2020-08-25,180,2019-12-09,2020-08-25,80.2925,68.7733,69.3929,116.7495,115.7071,52.7065,80.2925,0.0,52.3389,25150000
2020-08-26,180,2019-12-10,2020-08-26,82.2065,68.845,69.4765,119.408,118.3227,52.7065,82.2065,0.0,55.9703,52188000
2020-08-27,180,2019-12-11,2020-08-27,81.426,68.9139,69.5559,118.1561,117.0656,52.7065,82.2065,-0.9494,54.4895,31350000
2020-08-28,180,2019-12-12,2020-08-28,81.9715,68.9846,69.6379,118.8257,117.7111,52.7065,82.2065,-0.2859,55.5245,22418000
2020-08-31,180,2019-12-13,2020-08-31,81.4765,69.0523,69.7159,117.9924,116.8693,52.7065,82.2065,-0.888,54.5853,26422000
2020-09-01,180,2019-12-16,2020-09-01,82.754,69.1257,69.8015,119.7153,118.5561,52.7065,82.754,0.0,57.0091,22652000
2020-09-02,180,2019-12-17,2020-09-02,85.8695,69.2068,69.9006,124.0767,122.8451,52.7065,85.8695,0.0,62.9201,49522000
2020-09-03,180,2019-12-18,2020-09-03,81.4755,69.2731,69.9769,117.615,116.432,52.7065,85.8695,-5.1171,54.5834,63726000
2020-09-04,180,2019-12-19,2020-09-04,79.0605,69.3303,70.0406,114.0346,112.8781,52.7065,85.8695,-7.9295,50.0014,55850000
2020-09-08,180,2019-12-20,2020-09-08,76.18,69.3735,70.087,109.8113,108.6934,52.7065,85.8695,-11.284,44.5362,54032000
2020-09-09,180,2019-12-23,2020-09-09,77.3615,69.4237,70.1415,111.4339,110.2935,52.7065,85.8695,-9.9081,46.7779,39242000
2020-09-10,180,2019-12-24,2020-09-10,76.3025,69.4693,70.1902,109.8363,108.7082,52.7065,85.8695,-11.1413,44.7687,33024000
2020-09-11,180,2019-12-26,2020-09-11,75.788,69.5144,70.2378,109.0249,107.902,52.7065,85.8695,-11.7405,43.7925,30706000
2020-09-14,180,2019-12-27,2020-09-14,75.4415,69.5527,70.2784,108.4667,107.3466,52.7065,85.8695,-12.144,43.1351,42660000
2020-09-15,180,2019-12-30,2020-09-15,76.756,69.5993,70.3286,110.2826,109.1391,52.7065,85.8695,-10.6132,45.6291,23042000
2020-09-16,180,2019-12-31,2020-09-16,75.6045,69.6452,70.3765,108.5567,107.4287,52.7065,85.8695,-11.9542,43.4444,22128000
2020-09-17,180,2020-01-02,2020-09-17,74.352,69.6852,70.4175,106.697,105.5874,52.7065,85.8695,-13.4128,41.068,40008000
2020-09-18,180,2020-01-03,2020-09-18,72.5545,69.7075,70.4404,104.0841,103.0013,52.7065,85.8695,-15.5061,37.6576,63056000
2020-09-21,180,2020-01-06,2020-09-21,71.507,69.7266,70.4594,102.5534,101.4868,52.7065,85.8695,-16.726,35.6702,56908000
2020-09-22,180,2020-01-07,2020-09-22,72.991,69.743,70.4767,104.6571,103.5676,52.7065,85.8695,-14.9978,38.4858,33950000
2020-09-23,180,2020-01-08,2020-09-23,70.4695,69.7469,70.4806,101.036,99.9842,52.7065,85.8695,-17.9342,33.7017,37726000
2020-09-24,180,2020-01-09,2020-09-24,71.143,69.7517,70.4856,101.9946,100.9327,52.7065,85.8695,-17.1499,34.9796,34552000
2020-09-25,180,2020-01-10,2020-09-25,71.953,69.7568,70.4909,103.1483,102.0741,52.7065,85.8695,-16.2066,36.5164,30326000
2020-09-28,180,2020-01-13,2020-09-28,72.933,69.7645,70.4992,104.5416,103.4523,52.7065,85.8695,-15.0653,38.3757,30784000
2020-09-29,180,2020-01-14,2020-09-29,73.301,69.7712,70.5064,105.0591,103.9636,52.7065,85.8695,-14.6367,39.0739,31816000
2020-09-30,180,2020-01-15,2020-09-30,73.28,69.7802,70.5161,105.0154,103.9195,52.7065,85.8695,-14.6612,39.0341,40924000
2020-10-01,180,2020-01-16,2020-10-01,74.395,69.7925,70.5296,106.5945,105.4805,52.7065,85.8695,-13.3627,41.1496,32884000
2020-10-02,180,2020-01-17,2020-10-02,72.78,69.7939,70.5312,104.2784,103.1884,52.7065,85.8695,-15.2435,38.0854,31222000
2020-10-05,180,2020-01-21,2020-10-05,74.1415,69.7948,70.5321,106.2279,105.1174,52.7065,85.8695,-13.6579,40.6686,21602000
2020-10-06,180,2020-01-22,2020-10-06,72.551,69.7869,70.5234,103.9608,102.8751,52.7065,85.8695,-15.5102,37.651,26096000
2020-10-07,180,2020-01-23,2020-10-07,72.957,69.7807,70.5165,104.5518,103.4608,52.7065,85.8695,-15.0374,38.4213,36108000
2020-10-08,180,2020-01-24,2020-10-08,74.1715,69.7804,70.5162,106.2927,105.1837,52.7065,85.8695,-13.623,40.7255,26076000
2020-10-09,180,2020-01-27,2020-10-09,75.5225,69.7912,70.5285,108.212,107.0808,52.7065,85.8695,-12.0497,43.2888,32966000
2020-10-12,180,2020-01-28,2020-10-12,78.2295,69.8233,70.5654,112.0392,110.861,52.7065,85.8695,-8.8972,48.4248,55344000
2020-10-13,180,2020-01-29,2020-10-13,78.3535,69.8511,70.5978,112.1721,110.9858,52.7065,85.8695,-8.7528,48.66,39072000
2020-10-14,180,2020-01-30,2020-10-14,78.172,69.8766,70.6274,111.8716,110.6822,52.7065,85.8695,-8.9642,48.3157,33174000
2020-10-15,180,2020-01-31,2020-10-15,77.7735,69.9008,70.6555,111.2626,110.0742,52.7065,85.8695,-9.4283,47.5596,31210000
2020-10-16,180,2020-02-03,2020-10-16,78.385,69.9335,70.693,112.0851,110.8808,52.7065,85.8695,-8.7161,48.7198,34194000
2020-10-19,180,2020-02-04,2020-10-19,76.4975,69.9448,70.7062,109.3684,108.1907,52.7065,85.8695,-10.9142,45.1386,29734000
2020-10-20,180,2020-02-05,2020-10-20,77.554,69.9704,70.7355,110.8382,109.6394,52.7065,85.8695,-9.6839,47.1431,41670000
2020-10-21,180,2020-02-06,2020-10-21,79.2995,70.0036,70.7744,113.2791,112.0455,52.7065,85.8695,-7.6511,50.4549,60322000
2020-10-22,180,2020-02-07,2020-10-22,80.333,70.0337,70.8107,114.7063,113.4476,52.7065,85.8695,-6.4476,52.4157,30512000
2020-10-23,180,2020-02-10,2020-10-23,81.649,70.0684,70.8534,116.5276,115.2365,52.7065,85.8695,-4.915,54.9126,30548000
2020-10-26,180,2020-02-11,2020-10-26,79.2145,70.0857,70.8744,113.0252,111.7674,52.7065,85.8695,-7.7501,50.2936,35826000
2020-10-27,180,2020-02-12,2020-10-27,79.944,70.1058,70.8991,114.0334,112.7574,52.7065,85.8695,-6.9006,51.6777,25902000
2020-10-28,180,2020-02-13,2020-10-28,75.54,70.1039,70.8969,107.7544,106.549,52.7065,85.8695,-12.0293,43.322,45174000
2020-10-29,180,2020-02-14,2020-10-29,77.844,70.114,70.909,111.025,109.7801,52.7065,85.8695,-9.3462,47.6934,55406000
2020-10-30,180,2020-02-18,2020-10-30,80.8055,70.1356,70.9361,115.2132,113.9131,52.7065,85.8695,-5.8973,53.3122,99878000
2020-11-02,180,2020-02-19,2020-11-02,81.216,70.1589,70.9652,115.7601,114.4448,52.7065,85.8695,-5.4193,54.0911,44228000
2020-11-03,180,2020-02-20,2020-11-03,82.283,70.1852,70.9988,117.2369,115.8936,52.7065,85.8695,-4.1767,56.1155,31432000
2020-11-04,180,2020-02-21,2020-11-04,87.2925,70.2325,71.0623,124.2907,122.8393,52.7065,87.2925,0.0,65.62,71342000
2020-11-05,180,2020-02-24,2020-11-05,88.125,70.2911,71.1398,125.3715,123.8757,52.7065,88.125,0.0,67.1995,39758000
2020-11-06,180,2020-02-25,2020-11-06,87.9865,70.3658,71.2343,125.0415,123.5171,52.7065,88.125,-0.1572,66.9367,28622000
2020-11-09,180,2020-02-26,2020-11-09,88.071,70.4504,71.3384,125.0113,123.4552,52.7065,88.125,-0.0613,67.097,53440000
2020-11-10,180,2020-02-27,2020-11-10,86.886,70.5298,71.4349,123.1905,121.6296,52.7065,88.125,-1.406,64.8487,43022000
2020-11-11,180,2020-02-28,2020-11-11,87.3615,70.6339,71.555,123.682,122.09,52.7065,88.125,-0.8664,65.7509,31838000
2020-11-12,180,2020-03-02,2020-11-12,87.141,70.7299,71.6671,123.2025,121.5914,52.7065,88.125,-1.1166,65.3325,26474000
2020-11-13,180,2020-03-03,2020-11-13,88.613,70.8173,71.7743,125.1289,123.4606,52.7065,88.613,0.0,68.1254,29744000
2020-11-16,180,2020-03-04,2020-11-16,88.7015,70.9199,71.8955,125.0727,123.3756,52.7065,88.7015,0.0,68.2933,25468000
2020-11-17,180,2020-03-05,2020-11-17,88.083,71.0073,72.0011,124.0478,122.3357,52.7065,88.7015,-0.6973,67.1198,21314000
2020-11-18,180,2020-03-06,2020-11-18,87.032,71.1117,72.1194,122.3877,120.6777,52.7065,88.7015,-1.8822,65.1257,20108000
2020-11-19,180,2020-03-09,2020-11-19,87.9285,71.226,72.2479,123.4499,121.7038,52.7065,88.7015,-0.8715,66.8267,20106000
2020-11-20,180,2020-03-10,2020-11-20,86.819,71.3653,72.3925,121.6543,119.9281,52.7065,88.7015,-2.1223,64.7216,27694000
2020-11-23,180,2020-03-11,2020-11-23,86.378,71.4817,72.5182,120.8393,119.1122,52.7065,88.7015,-2.6195,63.8849,22530000
2020-11-24,180,2020-03-12,2020-11-24,88.195,71.629,72.6718,123.1275,121.3607,52.7065,88.7015,-0.571,67.3323,27984000
2020-11-25,180,2020-03-13,2020-11-25,88.2065,71.8192,72.8531,122.8174,121.0745,52.7065,88.7015,-0.5581,67.3541,19600000
2020-11-27,180,2020-03-16,2020-11-27,89.351,71.9708,73.0122,124.1489,122.3782,52.7065,89.351,0.0,69.5256,14790000
2020-11-30,180,2020-03-17,2020-11-30,87.72,72.1797,73.2015,121.5299,119.8337,52.7065,89.351,-1.8254,66.4311,32418000
2020-12-01,180,2020-03-18,2020-12-01,89.768,72.3756,73.3896,124.0308,122.3171,52.7065,89.768,0.0,70.3167,37350000
2020-12-02,180,2020-03-19,2020-12-02,91.2485,72.5907,73.5934,125.7027,123.99,52.7065,91.2485,0.0,73.1257,29424000
2020-12-03,180,2020-03-20,2020-12-03,91.092,72.7966,73.7907,125.1322,123.4465,52.7065,91.2485,-0.1715,72.8288,24728000
2020-12-04,180,2020-03-23,2020-12-04,91.188,73.0257,74.0006,124.8712,123.2261,52.7065,91.2485,-0.0663,73.0109,20544000
2020-12-07,180,2020-03-24,2020-12-07,90.8515,73.2624,74.2125,124.0083,122.4208,54.635,91.2485,-0.4351,66.2881,22288000
2020-12-08,180,2020-03-25,2020-12-08,90.5665,73.4615,74.4017,123.2843,121.7263,54.635,91.2485,-0.7474,65.7665,19936000
2020-12-09,180,2020-03-26,2020-12-09,88.893,73.6691,74.5896,120.6652,119.1762,54.635,91.2485,-2.5814,62.7034,31728000
2020-12-10,180,2020-03-27,2020-12-10,88.3825,73.8469,74.7576,119.6834,118.2255,54.635,91.2485,-3.1409,61.769,28688000
2020-12-11,180,2020-03-30,2020-12-11,88.74,74.0518,74.9422,119.835,118.4113,54.635,91.2485,-2.7491,62.4234,18628000
2020-12-14,180,2020-03-31,2020-12-14,87.613,74.2361,75.1105,118.0194,116.6455,54.635,91.2485,-3.9842,60.3606,33050000
2020-12-15,180,2020-04-01,2020-12-15,88.054,74.4158,75.2769,118.327,116.9735,54.635,91.2485,-3.5009,61.1678,21352000
2020-12-16,180,2020-04-02,2020-12-16,87.8595,74.6246,75.4589,117.7354,116.4336,54.635,91.2485,-3.714,60.8118,24676000
2020-12-17,180,2020-04-03,2020-12-17,87.0255,74.8235,75.6321,116.3077,115.0643,54.635,91.2485,-4.628,59.2853,34880000
2020-12-18,180,2020-04-06,2020-12-18,86.311,75.033,75.808,115.0307,113.8547,59.128,91.2485,-5.411,45.9731,85256000
2020-12-21,180,2020-04-07,2020-12-21,86.728,75.2015,75.9612,115.3275,114.1741,59.128,91.2485,-4.9541,46.6784,33974000
2020-12-22,180,2020-04-08,2020-12-22,86.011,75.3679,76.1105,114.1215,113.008,60.3285,91.2485,-5.7398,42.5711,20370000
2020-12-23,180,2020-04-09,2020-12-23,86.4115,75.5259,76.2553,114.413,113.3186,60.3285,91.2485,-5.3009,43.235,22974000
2020-12-24,180,2020-04-13,2020-12-24,86.708,75.6861,76.4019,114.5627,113.4893,60.5205,91.2485,-4.976,43.2705,9312000
2020-12-28,180,2020-04-14,2020-12-28,88.698,75.8535,76.5584,116.9333,115.8566,60.608,91.2485,-2.7951,46.347,27650000
2020-12-29,180,2020-04-15,2020-12-29,87.888,75.9954,76.6952,115.6492,114.5938,60.608,91.2485,-3.6828,45.0106,19726000
2020-12-30,180,2020-04-16,2020-12-30,86.8125,76.1364,76.8283,114.0223,112.9955,60.608,91.2485,-4.8614,43.236,21026000
2020-12-31,180,2020-04-17,2020-12-31,87.632,76.2814,76.9658,114.8799,113.8583,60.608,91.2485,-3.9633,44.5882,21070000
2021-01-04,180,2020-04-20,2021-01-04,86.3065,76.4126,77.09,112.948,111.9555,60.608,91.2485,-5.416,42.4012,37324000
2021-01-05,180,2020-04-21,2021-01-05,87.0025,76.5544,77.2231,113.6479,112.6639,60.608,91.2485,-4.6532,43.5495,20360000
2021-01-06,180,2020-04-22,2021-01-06,86.144,76.714,77.3649,112.2924,111.3476,61.6295,91.2485,-5.5941,39.7772,46588000
2021-01-07,180,2020-04-23,2021-01-07,88.717,76.8654,77.5082,115.4187,114.4614,61.6295,91.2485,-2.7743,43.9522,41936000
2021-01-08,180,2020-04-24,2021-01-08,89.8915,77.017,77.6545,116.7165,115.7582,61.6295,91.2485,-1.4871,45.8579,35484000
2021-01-11,180,2020-04-27,2021-01-11,87.8145,77.1582,77.7878,113.8109,112.8898,61.6295,91.2485,-3.7633,42.4878,34796000
2021-01-12,180,2020-04-28,2021-01-12,86.8715,77.2983,77.9174,112.3848,111.4918,61.6295,91.2485,-4.7968,40.9577,29528000
2021-01-13,180,2020-04-29,2021-01-13,87.3625,77.4572,78.0604,112.788,111.9166,65.866,91.2485,-4.2587,32.6367,23432000
2021-01-14,180,2020-04-30,2021-01-14,86.546,77.569,78.1683,111.573,110.7175,65.866,91.2485,-5.1535,31.3971,29212000
2021-01-15,180,2020-05-01,2021-01-15,86.381,77.6786,78.2741,111.2031,110.357,65.866,91.2485,-5.3343,31.1466,31444000
2021-01-19,180,2020-05-04,2021-01-19,89.2235,77.812,78.4039,114.6654,113.7998,66.145,91.2485,-2.2192,34.8908,41660000
2021-01-20,180,2020-05-05,2021-01-20,94.0035,77.963,78.5587,120.5745,119.6602,67.2715,94.0035,0.0,39.7375,64152000
2021-01-21,180,2020-05-06,2021-01-21,94.2075,78.1055,78.7073,120.6157,119.6934,67.2715,94.2075,0.0,40.0407,58634000
2021-01-22,180,2020-05-07,2021-01-22,94.628,78.2514,78.8593,120.9282,119.996,67.4165,94.628,0.0,40.3633,32744000
2021-01-25,180,2020-05-08,2021-01-25,94.714,78.3893,79.0051,120.8251,119.8833,67.4165,94.714,0.0,40.4908,50586000
2021-01-26,180,2020-05-11,2021-01-26,95.3975,78.5249,79.1506,121.4869,120.5266,67.4165,95.3975,0.0,41.5047,31462000
2021-01-27,180,2020-05-12,2021-01-27,90.947,78.6366,79.266,115.6549,114.7365,67.4165,95.3975,-4.6652,34.9032,82512000
2021-01-28,180,2020-05-13,2021-01-28,92.66,78.7656,79.3987,117.6401,116.7021,67.4165,95.3975,-2.8696,37.4441,55278000
2021-01-29,180,2020-05-14,2021-01-29,91.368,78.8999,79.5318,115.8024,114.8823,67.843,95.3975,-4.2239,34.6756,44530000
2021-02-01,180,2020-05-15,2021-02-01,94.6535,79.0446,79.6808,119.747,118.7909,68.127,95.3975,-0.7799,38.9368,40252000
2021-02-02,180,2020-05-18,2021-02-02,95.956,79.1887,79.8324,121.1739,120.1967,68.127,95.956,0.0,40.8487,66332000
2021-02-03,180,2020-05-19,2021-02-03,102.944,79.3536,80.0196,129.7282,128.6485,68.127,102.944,0.0,51.106,97882000
2021-02-04,180,2020-05-20,2021-02-04,102.6815,79.5223,80.2083,129.1228,128.0186,68.127,102.944,-0.255,50.7207,48596000
2021-02-05,180,2020-05-21,2021-02-05,104.4415,79.6849,80.3971,131.0681,129.9071,68.127,104.4415,0.0,53.3041,29866000
2021-02-08,180,2020-05-22,2021-02-08,104.226,79.8483,80.5853,130.53,129.3362,68.127,104.4415,-0.2063,52.9878,28828000
2021-02-09,180,2020-05-26,2021-02-09,103.7695,80.0086,80.7693,129.698,128.4765,68.127,104.4415,-0.6434,52.3177,21892000
2021-02-10,180,2020-05-27,2021-02-10,104.324,80.1684,80.954,130.1311,128.8682,68.127,104.4415,-0.1125,53.1316,25102000
2021-02-11,180,2020-05-28,2021-02-11,104.4375,80.3296,81.1397,130.0112,128.7132,68.127,104.4415,-0.0038,53.2983,20480000
2021-02-12,180,2020-05-29,2021-02-12,104.7515,80.4933,81.3277,130.1369,128.8018,68.127,104.7515,0.0,53.7592,18990000
2021-02-16,180,2020-06-01,2021-02-16,105.535,80.6547,81.5158,130.8479,129.4657,68.127,105.535,0.0,54.9092,31004000
2021-02-17,180,2020-06-02,2021-02-17,105.931,80.8176,81.7057,131.0741,129.6494,68.127,105.931,0.0,55.4905,20294000
2021-02-18,180,2020-06-03,2021-02-18,105.2905,80.9765,81.89,130.026,128.5755,68.127,105.931,-0.6046,54.5503,22546000
2021-02-19,180,2020-06-04,2021-02-19,104.4405,81.1342,82.0705,128.7256,127.2571,68.127,105.931,-1.407,53.3027,37938000
2021-02-22,180,2020-06-05,2021-02-22,102.713,81.2956,82.2482,126.345,124.8817,68.127,105.931,-3.0378,50.7669,29466000
2021-02-23,180,2020-06-08,2021-02-23,103.006,81.4494,82.4205,126.4662,124.9762,68.127,105.931,-2.7612,51.197,34658000
2021-02-24,180,2020-06-09,2021-02-24,104.1905,81.605,82.5971,127.6766,126.1431,68.127,105.931,-1.6431,52.9357,22608000
2021-02-25,180,2020-06-10,2021-02-25,100.7975,81.7478,82.7537,123.303,121.8042,68.127,105.931,-4.8461,47.9553,41548000
2021-02-26,180,2020-06-11,2021-02-26,101.0955,81.8878,82.9085,123.4562,121.9362,68.127,105.931,-4.5648,48.3927,40042000
2021-03-01,180,2020-06-12,2021-03-01,103.483,82.0596,83.094,126.1071,124.5373,68.127,105.931,-2.3109,51.8972,26060000
2021-03-02,180,2020-06-15,2021-03-02,103.224,82.2271,83.275,125.5353,123.9556,68.127,105.931,-2.5554,51.517,25564000
2021-03-03,180,2020-06-16,2021-03-03,100.5705,82.3826,83.439,122.0773,120.5317,68.127,105.931,-5.0604,47.6221,33892000
2021-03-04,180,2020-06-17,2021-03-04,101.6965,82.5335,83.6022,123.2185,121.6433,68.127,105.931,-3.9974,49.2749,49216000
2021-03-05,180,2020-06-18,2021-03-05,104.8535,82.6939,83.7813,126.7971,125.1515,68.127,105.931,-1.0172,53.9089,53100000
2021-03-08,180,2020-06-19,2021-03-08,100.375,82.8455,83.9405,121.1592,119.5787,68.127,105.931,-5.2449,47.3351,36868000
2021-03-09,180,2020-06-22,2021-03-09,102.018,83.0074,84.1116,122.9023,121.2889,68.127,105.931,-3.6939,49.7468,33920000
2021-03-10,180,2020-06-23,2021-03-10,101.8095,83.1594,84.2742,122.4269,120.8074,68.127,105.931,-3.8907,49.4408,27100000
2021-03-11,180,2020-06-24,2021-03-11,105.027,83.3188,84.451,126.0544,124.3644,68.127,105.931,-0.8534,54.1635,27702000
2021-03-12,180,2020-06-25,2021-03-12,102.5,83.4812,84.6225,122.7821,121.1262,68.127,105.931,-3.2389,50.4543,33818000
2021-03-15,180,2020-06-26,2021-03-15,102.722,83.642,84.7929,122.8116,121.1446,68.127,105.931,-3.0293,50.7802,26168000
2021-03-16,180,2020-06-29,2021-03-16,104.1945,83.8399,84.9933,124.2779,122.5915,69.8585,105.931,-1.6393,49.1508,31900000
2021-03-17,180,2020-06-30,2021-03-17,104.111,84.0242,85.1836,123.9059,122.2196,70.4695,105.931,-1.7181,47.7391,26382000
2021-03-18,180,2020-07-01,2021-03-18,101.067,84.1896,85.3511,120.0468,118.4132,70.4695,105.931,-4.5917,43.4195,31700000
2021-03-19,180,2020-07-02,2021-03-19,101.348,84.3476,85.5136,120.1552,118.5168,70.4695,105.931,-4.3264,43.8183,46072000
2021-03-22,180,2020-07-06,2021-03-22,101.5345,84.4963,85.6694,120.1644,118.519,70.4695,105.931,-4.1503,44.0829,33536000
2021-03-23,180,2020-07-07,2021-03-23,102.0665,84.6369,85.8199,120.5933,118.9311,70.4695,105.931,-3.6481,44.8378,28510000
2021-03-24,180,2020-07-08,2021-03-24,101.6265,84.7798,85.9706,119.8712,118.2108,70.4695,105.931,-4.0635,44.2135,25218000
2021-03-25,180,2020-07-09,2021-03-25,101.623,84.9182,86.1175,119.6716,118.0051,70.4695,105.931,-4.0668,44.2085,35616000
2021-03-26,180,2020-07-10,2021-03-26,101.2365,85.0503,86.2581,119.0314,117.3647,70.4695,105.931,-4.4317,43.66,27978000
2021-03-29,180,2020-07-13,2021-03-29,102.2895,85.1798,86.3988,120.0865,118.3922,70.4695,105.931,-3.4376,45.1543,26492000
2021-03-30,180,2020-07-14,2021-03-30,102.3235,85.3192,86.5472,119.9302,118.2285,70.4695,105.931,-3.4055,45.2025,27312000
2021-03-31,180,2020-07-15,2021-03-31,103.126,85.4591,86.6977,120.6729,118.9489,70.4695,105.931,-2.648,46.3413,42570000
2021-04-01,180,2020-07-16,2021-04-01,106.489,85.6134,86.8679,124.3836,122.5872,70.4695,106.489,0.0,51.1136,39880000
2021-04-05,180,2020-07-17,2021-04-05,110.948,85.7843,87.0635,129.3337,127.4334,70.4695,110.948,0.0,57.4412,48510000
2021-04-06,180,2020-07-20,2021-04-06,110.463,85.9536,87.2558,128.5147,126.5967,70.4695,110.948,-0.4371,56.7529,35240000
2021-04-07,180,2020-07-21,2021-04-07,111.9515,86.1121,87.4434,130.0066,128.0274,70.4695,111.9515,0.0,58.8652,24134000
2021-04-08,180,2020-07-22,2021-04-08,112.5215,86.2759,87.6363,130.4206,128.396,70.4695,112.5215,0.0,59.674,28664000
2021-04-09,180,2020-07-23,2021-04-09,113.5335,86.4405,87.8324,131.343,129.2616,70.4695,113.5335,0.0,61.1101,26146000
2021-04-12,180,2020-07-24,2021-04-12,112.231,86.6183,88.0346,129.5696,127.4852,70.4695,113.5335,-1.1472,59.2618,25024000
2021-04-13,180,2020-07-27,2021-04-13,112.7215,86.8017,88.2419,129.861,127.7415,70.4695,113.5335,-0.7152,59.9579,25682000
2021-04-14,180,2020-07-28,2021-04-14,112.0955,86.976,88.4398,128.881,126.7478,70.4695,113.5335,-1.2666,59.0695,21002000
2021-04-15,180,2020-07-29,2021-04-15,114.2625,87.1676,88.6569,131.0837,128.8817,70.4695,114.2625,0.0,62.1446,29174000
2021-04-16,180,2020-07-30,2021-04-16,114.1375,87.3523,88.8678,130.6634,128.4352,70.4695,114.2625,-0.1094,61.9672,26282000
2021-04-19,180,2020-07-31,2021-04-19,114.488,87.5335,89.0765,130.7933,128.5277,70.4695,114.488,0.0,62.4646,30290000
2021-04-20,180,2020-08-03,2021-04-20,113.9505,87.7326,89.2962,129.8839,127.6095,70.4695,114.488,-0.4695,61.7019,22288000
2021-04-21,180,2020-08-04,2021-04-21,113.9175,87.9344,89.5172,129.5482,127.2576,70.4695,114.488,-0.4983,61.6551,23204000
2021-04-22,180,2020-08-05,2021-04-22,112.626,88.1366,89.7337,127.7857,125.5114,70.4695,114.488,-1.6264,59.8223,24146000
2021-04-23,180,2020-08-06,2021-04-23,114.9965,88.3454,89.9617,130.1669,127.8283,70.4695,114.9965,0.0,63.1862,29066000
2021-04-26,180,2020-08-07,2021-04-26,115.4965,88.5467,90.1853,130.4357,128.0658,70.4695,115.4965,0.0,63.8957,32038000
2021-04-27,180,2020-08-10,2021-04-27,114.549,88.7483,90.4055,129.0718,126.7058,70.4695,115.4965,-0.8204,62.5512,44386000
2021-04-28,180,2020-08-11,2021-04-28,117.952,88.9625,90.645,132.5862,130.1253,70.4695,117.952,0.0,67.3802,81106000
2021-04-29,180,2020-08-12,2021-04-29,119.638,89.1895,90.8984,134.1391,131.6173,70.4695,119.638,0.0,69.7727,41234000
2021-04-30,180,2020-08-13,2021-04-30,117.675,89.4009,91.1334,131.6263,129.1238,70.4695,119.638,-1.6408,66.9871,44856000
2021-05-03,180,2020-08-14,2021-05-03,117.154,89.6079,91.363,130.7408,128.2291,70.4695,119.638,-2.0763,66.2478,28242000
2021-05-04,180,2020-08-17,2021-05-04,115.3415,89.8145,91.5858,128.4219,125.9381,70.4695,119.638,-3.5913,63.6758,44818000
2021-05-05,180,2020-08-18,2021-05-05,115.7385,90.0189,91.8076,128.5713,126.0663,70.4695,119.638,-3.2594,64.2391,26636000
2021-05-06,180,2020-08-19,2021-05-06,116.8675,90.2129,92.0248,129.5464,126.9957,70.4695,119.638,-2.3157,65.8413,25190000
2021-05-07,180,2020-08-20,2021-05-07,117.5965,90.4143,92.249,130.0641,127.4772,70.4695,119.638,-1.7064,66.8757,28898000
2021-05-10,180,2020-08-21,2021-05-10,114.5875,90.5945,92.4478,126.4839,123.9484,70.4695,119.638,-4.2215,62.6058,30914000
2021-05-11,180,2020-08-24,2021-05-11,113.503,90.7719,92.6407,125.0419,122.5196,70.4695,119.638,-5.128,61.0668,34186000
2021-05-12,180,2020-08-25,2021-05-12,110.0125,90.9337,92.8115,120.981,118.5332,70.4695,119.638,-8.0455,56.1136,46376000
2021-05-13,180,2020-08-26,2021-05-13,111.452,91.0939,92.9846,122.3484,119.8607,70.4695,119.638,-6.8423,58.1564,33204000
2021-05-14,180,2020-08-27,2021-05-14,113.919,91.2503,93.1608,124.8423,122.2821,70.4695,119.638,-4.7803,61.6572,31996000
2021-05-17,180,2020-08-28,2021-05-17,114.446,91.4145,93.3443,125.1945,122.6064,70.4695,119.638,-4.3398,62.405,21598000
2021-05-18,180,2020-08-31,2021-05-18,113.1235,91.5708,93.5173,123.5367,120.9653,70.4695,119.638,-5.4452,60.5283,22204000
2021-05-19,180,2020-09-01,2021-05-19,113.575,91.7326,93.6957,123.8109,121.2169,70.4695,119.638,-5.0678,61.169,23684000
2021-05-20,180,2020-09-02,2021-05-20,115.3475,91.8925,93.8767,125.5243,122.8712,70.4695,119.638,-3.5862,63.6843,32352000
2021-05-21,180,2020-09-03,2021-05-21,114.7065,92.0301,94.0369,124.6402,121.9803,70.4695,119.638,-4.122,62.7747,40632000
2021-05-24,180,2020-09-04,2021-05-24,118.052,92.2094,94.2401,128.026,125.2672,70.4695,119.638,-1.3257,67.5221,31832000
2021-05-25,180,2020-09-08,2021-05-25,118.1435,92.4074,94.4573,127.8506,125.0761,70.4695,119.638,-1.2492,67.652,22440000
2021-05-26,180,2020-09-09,2021-05-26,119.0155,92.6321,94.6952,128.4819,125.6827,70.4695,119.638,-0.5203,68.8894,21572000
2021-05-27,180,2020-09-10,2021-05-27,118.134,92.8453,94.9218,127.2375,124.4541,70.4695,119.638,-1.2571,67.6385,35224000
2021-05-28,180,2020-09-11,2021-05-28,117.8425,93.0671,95.1525,126.6211,123.8459,70.4695,119.638,-1.5008,67.2248,21482000
2021-06-01,180,2020-09-14,2021-06-01,119.059,93.2984,95.3929,127.611,124.809,70.4695,119.638,-0.484,68.9511,23354000
2021-06-02,180,2020-09-15,2021-06-02,118.5295,93.532,95.6323,126.7262,123.9429,70.4695,119.638,-0.9265,68.1997,21158000
2021-06-03,180,2020-09-16,2021-06-03,117.379,93.7516,95.858,125.2021,122.4509,70.4695,119.638,-1.8882,66.5671,18696000
2021-06-04,180,2020-09-17,2021-06-04,119.6785,93.9901,96.1028,127.331,124.5317,70.4695,119.6785,0.0,69.8302,24458000
2021-06-07,180,2020-09-18,2021-06-07,120.115,94.2423,96.3571,127.4534,124.6561,70.4695,120.115,0.0,70.4496,24120000
2021-06-08,180,2020-09-21,2021-06-08,119.922,94.5116,96.6202,126.8859,124.1169,70.4695,120.115,-0.1607,70.1758,24240000
2021-06-09,180,2020-09-22,2021-06-09,120.397,94.7943,96.8918,127.0087,124.2592,70.4695,120.397,0.0,70.8498,17942000
2021-06-10,180,2020-09-23,2021-06-10,121.7565,95.069,97.1628,128.0717,125.3119,70.4695,121.7565,0.0,72.779,25904000
2021-06-11,180,2020-09-24,2021-06-11,121.51,95.3693,97.4463,127.41,124.6943,71.143,121.7565,-0.2025,70.7969,21958000
2021-06-14,180,2020-09-25,2021-06-14,122.4455,95.6678,97.7313,127.9903,125.2879,71.953,122.4455,0.0,70.1743,22098000
2021-06-15,180,2020-09-28,2021-06-15,121.4195,95.9565,98.0062,126.5359,123.8897,72.551,122.4455,-0.8379,67.3574,21562000
2021-06-16,180,2020-09-29,2021-06-16,120.7725,96.2352,98.2719,125.4972,122.8962,72.551,122.4455,-1.3663,66.4657,26472000
2021-06-17,180,2020-09-30,2021-06-17,121.7435,96.5153,98.5411,126.1391,123.546,72.551,122.4455,-0.5733,67.804,25842000
2021-06-18,180,2020-10-01,2021-06-18,120.111,96.7914,98.8012,124.0926,121.5683,72.551,122.4455,-1.9066,65.5539,46116000
2021-06-21,180,2020-10-02,2021-06-21,121.8125,97.0645,99.0647,125.4964,122.9626,72.551,122.4455,-0.517,67.8991,27414000
2021-06-22,180,2020-10-05,2021-06-22,122.3305,97.3567,99.3399,125.6518,123.1433,72.551,122.4455,-0.0939,68.6131,22390000
2021-06-23,180,2020-10-06,2021-06-23,122.127,97.6366,99.6065,125.0833,122.6094,72.551,122.4455,-0.2601,68.3326,19148000
2021-06-24,180,2020-10-07,2021-06-24,122.5,97.9351,99.884,125.0828,122.6422,72.957,122.5,0.0,67.9071,21362000
2021-06-25,180,2020-10-08,2021-06-25,122.5085,98.2314,100.1593,124.7142,122.3136,74.1715,122.5085,0.0,65.1692,34594000
2021-06-28,180,2020-10-09,2021-06-28,122.536,98.5175,100.428,124.3799,122.0138,75.5225,122.536,0.0,62.251,28526000
2021-06-29,180,2020-10-12,2021-06-29,122.2725,98.7913,100.6877,123.7685,121.4374,75.54,122.536,-0.215,61.8646,23108000
2021-06-30,180,2020-10-13,2021-06-30,122.0895,99.0409,100.9314,123.2718,120.9629,75.54,122.536,-0.3644,61.6223,24474000
2021-07-01,180,2020-10-14,2021-07-01,122.4445,99.292,101.1763,123.3176,121.0209,75.54,122.536,-0.0747,62.0923,18110000
2021-07-02,180,2020-10-15,2021-07-02,125.2575,99.5561,101.4379,125.8161,123.4819,75.54,125.2575,0.0,65.8161,25982000
2021-07-06,180,2020-10-16,2021-07-06,126.19,99.8284,101.7069,126.4069,124.0722,75.54,126.19,0.0,67.0506,26404000
2021-07-07,180,2020-10-19,2021-07-07,126.474,100.0977,101.9741,126.3505,124.0257,75.54,126.474,0.0,67.4265,24060000
2021-07-08,180,2020-10-20,2021-07-08,125.044,100.381,102.2438,124.5693,122.2999,75.54,126.474,-1.1307,65.5335,23790000
2021-07-09,180,2020-10-21,2021-07-09,125.5185,100.6576,102.5102,124.6985,122.4448,75.54,126.474,-0.7555,66.1616,18632000
2021-07-12,180,2020-10-22,2021-07-12,126.9755,100.9248,102.7751,125.8119,123.5469,75.54,126.9755,0.0,68.0904,17668000
2021-07-13,180,2020-10-23,2021-07-13,127.3415,101.1856,103.0363,125.8495,123.589,75.54,127.3415,0.0,68.5749,19240000
2021-07-14,180,2020-10-26,2021-07-14,128.237,101.4393,103.2951,126.4175,124.1463,75.54,128.237,0.0,69.7604,23742000
2021-07-15,180,2020-10-27,2021-07-15,127.005,101.7116,103.5606,124.8678,122.6384,75.54,128.237,-0.9607,68.1295,24218000
2021-07-16,180,2020-10-28,2021-07-16,126.97,101.9785,103.8218,124.5066,122.296,75.54,128.237,-0.988,68.0831,20424000
2021-07-19,180,2020-10-29,2021-07-19,124.578,102.2805,104.0943,121.8004,119.6781,77.844,128.237,-2.8533,60.0355,27968000
2021-07-20,180,2020-10-30,2021-07-20,126.2095,102.5674,104.363,123.0503,120.9332,80.8055,128.237,-1.5811,56.1893,26312000
2021-07-21,180,2020-11-02,2021-07-21,127.549,102.8331,104.6227,124.0349,121.9134,81.216,128.237,-0.5365,57.0491,20746000
2021-07-22,180,2020-11-03,2021-07-22,128.4215,103.0997,104.8849,124.5605,122.4404,82.283,128.4215,0.0,56.0729,14302000
2021-07-23,180,2020-11-04,2021-07-23,133.015,103.3742,105.1668,128.6733,126.4801,86.011,133.015,0.0,54.6488,41506000
2021-07-26,180,2020-11-05,2021-07-26,134.035,103.6119,105.4264,129.3626,127.136,86.011,134.035,0.0,55.8347,30572000
2021-07-27,180,2020-11-06,2021-07-27,131.9,103.837,105.6696,127.026,124.823,86.011,134.035,-1.5929,53.3525,54710000
2021-07-28,180,2020-11-09,2021-07-28,136.094,104.0782,105.9369,130.7613,128.467,86.011,136.094,0.0,58.2286,95130000
2021-07-29,180,2020-11-10,2021-07-29,135.7775,104.3189,106.2019,130.1562,127.8484,86.011,136.094,-0.2326,57.8606,31716000
2021-07-30,180,2020-11-11,2021-07-30,134.7265,104.5665,106.4677,128.8429,126.5421,86.011,136.094,-1.0048,56.6387,25576000
2021-08-02,180,2020-11-12,2021-08-02,134.8545,104.812,106.7316,128.6633,126.3492,86.011,136.094,-0.9108,56.7875,21634000
2021-08-03,180,2020-11-13,2021-08-03,135.63,105.063,107.0009,129.094,126.7559,86.011,136.094,-0.3409,57.6891,20762000
2021-08-04,180,2020-11-16,2021-08-04,135.1255,105.3017,107.2593,128.3222,125.9802,86.011,136.094,-0.7116,57.1026,19676000
2021-08-05,180,2020-11-17,2021-08-05,136.2515,105.5447,107.5235,129.0937,126.7179,86.011,136.2515,0.0,58.4117,17870000
2021-08-06,180,2020-11-18,2021-08-06,135.7385,105.7919,107.7883,128.3071,125.9307,86.011,136.2515,-0.3765,57.8153,20488000
2021-08-09,180,2020-11-19,2021-08-09,136.913,106.0528,108.0654,129.0989,126.6946,86.011,136.913,0.0,59.1808,17760000
2021-08-10,180,2020-11-20,2021-08-10,136.807,106.3073,108.3369,128.6901,126.2792,86.011,136.913,-0.0774,59.0576,19414000
2021-08-11,180,2020-11-23,2021-08-11,136.279,106.5704,108.6117,127.8769,125.4736,86.011,136.913,-0.4631,58.4437,15352000
2021-08-12,180,2020-11-24,2021-08-12,137.194,106.8417,108.894,128.4087,125.9886,86.011,137.194,0.0,59.5075,16506000
2021-08-13,180,2020-11-25,2021-08-13,137.7275,107.1009,109.1692,128.596,126.1597,86.011,137.7275,0.0,60.1278,15948000
2021-08-16,180,2020-11-27,2021-08-16,138.3095,107.3633,109.4475,128.8238,126.3706,86.011,138.3095,0.0,60.8044,22384000
2021-08-17,180,2020-11-30,2021-08-17,136.6615,107.612,109.7104,126.9947,124.5657,86.011,138.3095,-1.1915,58.8884,21716000
2021-08-18,180,2020-12-01,2021-08-18,135.449,107.871,109.9755,125.5657,123.1628,86.011,138.3095,-2.0682,57.4787,19258000
2021-08-19,180,2020-12-02,2021-08-19,135.68,108.1153,110.2306,125.4957,123.0874,86.011,138.3095,-1.9012,57.7473,21782000
2021-08-20,180,2020-12-03,2021-08-20,137.4295,108.3549,110.4872,126.8327,124.385,86.011,138.3095,-0.6362,59.7813,31194000
2021-08-23,180,2020-12-04,2021-08-23,140.0415,108.6058,110.7591,128.9448,126.4379,86.011,140.0415,0.0,62.8181,28454000
2021-08-24,180,2020-12-07,2021-08-24,141.2615,108.8611,111.0373,129.763,127.2199,86.011,141.2615,0.0,64.2366,19268000
2021-08-25,180,2020-12-08,2021-08-25,142.079,109.123,111.3219,130.2007,127.629,86.011,142.079,0.0,65.187,15848000
2021-08-26,180,2020-12-09,2021-08-26,141.4405,109.3864,111.6045,129.3036,126.7337,86.011,142.079,-0.4494,64.4447,20610000
2021-08-27,180,2020-12-10,2021-08-27,144.004,109.6733,111.9107,131.3026,128.6776,86.011,144.004,0.0,67.4251,28780000
2021-08-30,180,2020-12-11,2021-08-30,144.5905,109.968,112.223,131.4841,128.8422,86.011,144.5905,0.0,68.107,24434000
2021-08-31,180,2020-12-14,2021-08-31,144.6975,110.2616,112.5338,131.2311,128.5813,86.011,144.6975,0.0,68.2314,22448000
2021-09-01,180,2020-12-15,2021-09-01,145.2155,110.5683,112.8539,131.3356,128.6757,86.011,145.2155,0.0,68.8336,21936000
2021-09-02,180,2020-12-16,2021-09-02,143.287,110.8664,113.1607,129.243,126.6226,86.011,145.2155,-1.328,66.5915,32342000
2021-09-03,180,2020-12-17,2021-09-03,143.7395,111.1694,113.4712,129.2978,126.6749,86.011,145.2155,-1.0164,67.1176,19850000
2021-09-07,180,2020-12-18,2021-09-07,144.2805,111.4833,113.7892,129.4189,126.7963,86.011,145.2155,-0.6439,67.7466,20124000
2021-09-08,180,2020-12-21,2021-09-08,143.691,111.8037,114.108,128.5208,125.9254,86.011,145.2155,-1.0498,67.0612,18344000
2021-09-09,180,2020-12-22,2021-09-09,143.541,112.1215,114.4236,128.0227,125.447,86.011,145.2155,-1.1531,66.8868,15314000
2021-09-10,180,2020-12-23,2021-09-10,140.876,112.4386,114.7285,125.2914,122.7908,86.144,145.2155,-2.9883,63.5355,36840000
2021-09-13,180,2020-12-24,2021-09-13,142.3325,112.7589,115.0391,126.2273,123.7253,86.144,145.2155,-1.9853,65.2263,22094000
2021-09-14,180,2020-12-28,2021-09-14,142.5445,113.0789,115.3493,126.0575,123.5764,86.144,145.2155,-1.8393,65.4723,19674000
2021-09-15,180,2020-12-29,2021-09-15,144.4295,113.3888,115.6589,127.3755,124.8753,86.144,145.2155,-0.5413,67.6606,27408000
2021-09-16,180,2020-12-30,2021-09-16,143.61,113.705,115.9685,126.3005,123.8353,86.144,145.2155,-1.1056,66.7092,26190000
2021-09-17,180,2020-12-31,2021-09-17,140.8,114.0232,116.2684,123.4837,121.0991,86.144,145.2155,-3.0407,63.4473,53384000
2021-09-20,180,2021-01-04,2021-09-20,138.7195,114.3275,116.5523,121.3352,119.0191,86.144,145.2155,-4.4734,61.0321,46518000
2021-09-21,180,2021-01-05,2021-09-21,139.033,114.6475,116.8452,121.27,118.9891,86.144,145.2155,-4.2575,61.396,25332000
2021-09-22,180,2021-01-06,2021-09-22,140.2835,114.9672,117.1412,122.0205,119.7559,86.144,145.2155,-3.3963,62.8477,25056000
2021-09-23,180,2021-01-07,2021-09-23,141.216,115.3005,117.4471,122.4764,120.2379,86.381,145.2155,-2.7542,63.4804,20952000
2021-09-24,180,2021-01-08,2021-09-24,142.215,115.6146,117.7444,123.0079,120.7829,86.381,145.2155,-2.0662,64.6369,22984000
2021-09-27,180,2021-01-11,2021-09-27,141.072,115.9151,118.0287,121.7029,119.5235,86.381,145.2155,-2.8533,63.3137,21882000
2021-09-28,180,2021-01-12,2021-09-28,135.83,116.2163,118.2954,116.8769,114.8227,86.381,145.2155,-6.4632,57.2452,45772000
2021-09-29,180,2021-01-13,2021-09-29,134.3535,116.5224,118.5592,115.3027,113.3218,86.381,145.2155,-7.4799,55.5359,30848000
2021-09-30,180,2021-01-14,2021-09-30,133.676,116.8223,118.8165,114.4268,112.5062,86.381,145.2155,-7.9465,54.7516,37996000
2021-10-01,180,2021-01-15,2021-10-01,136.543,117.144,119.0943,116.56,114.6512,86.381,145.2155,-5.9722,58.0706,35360000
2021-10-04,180,2021-01-19,2021-10-04,133.6595,117.457,119.357,113.7944,111.983,89.2235,145.2155,-7.9578,49.803,51202000
2021-10-05,180,2021-01-20,2021-10-05,136.023,117.7533,119.6169,115.5153,113.7155,90.947,145.2155,-6.3303,49.5629,32404000
2021-10-06,180,2021-01-21,2021-10-06,137.565,118.0133,119.859,116.5673,114.7724,90.947,145.2155,-5.2684,51.2584,24364000
2021-10-07,180,2021-01-22,2021-10-07,139.225,118.2795,120.1091,117.7085,115.9155,90.947,145.2155,-4.1252,53.0837,25110000
2021-10-08,180,2021-01-25,2021-10-08,139.7855,118.5454,120.3599,117.9172,116.1396,90.947,145.2155,-3.7393,53.7,26526000
2021-10-11,180,2021-01-26,2021-10-11,138.914,118.8083,120.6055,116.9228,115.1805,90.947,145.2155,-4.3394,52.7417,17954000
2021-10-12,180,2021-01-27,2021-10-12,136.449,119.0561,120.8336,114.609,112.9231,90.947,145.2155,-6.0369,50.0313,36332000
2021-10-13,180,2021-01-28,2021-10-13,137.582,119.3503,121.0926,115.2758,113.6172,91.368,145.2155,-5.2567,50.5801,19654000
2021-10-14,180,2021-01-29,2021-10-14,141.151,119.6445,121.362,117.9754,116.3057,91.368,145.2155,-2.7989,54.4863,31894000
2021-10-15,180,2021-02-01,2021-10-15,141.368,119.9531,121.6398,117.8527,116.2185,94.6535,145.2155,-2.6495,49.3532,30274000
2021-10-18,180,2021-02-02,2021-10-18,142.778,120.2384,121.9072,118.7457,117.1203,95.956,145.2155,-1.6785,48.7953,20396000
2021-10-19,180,2021-02-03,2021-10-19,143.237,120.5154,122.1698,118.8537,117.2442,100.375,145.2155,-1.3625,42.7019,20164000
2021-10-20,180,2021-02-04,2021-10-20,141.769,120.7304,122.3855,117.4261,115.838,100.375,145.2155,-2.3734,41.2393,23288000
2021-10-21,180,2021-02-05,2021-10-21,141.886,120.9487,122.6033,117.3109,115.7277,100.375,145.2155,-2.2928,41.3559,26292000
2021-10-22,180,2021-02-08,2021-10-22,137.5665,121.1364,122.7874,113.5633,112.0364,100.375,145.2155,-5.2673,37.0526,50588000
2021-10-25,180,2021-02-09,2021-10-25,137.447,121.3257,122.9719,113.2876,111.771,100.375,145.2155,-5.3496,36.9335,34412000
2021-10-26,180,2021-02-10,2021-10-26,139.3085,121.5271,123.1694,114.6317,113.1032,100.375,145.2155,-4.0677,38.788,49236000
2021-10-27,180,2021-02-11,2021-10-27,146.2175,121.7528,123.4021,120.0937,118.4887,100.375,146.2175,0.0,45.6712,85782000
2021-10-28,180,2021-02-12,2021-10-28,145.849,121.9771,123.6322,119.5708,117.9701,100.375,146.2175,-0.252,45.3041,36206000
2021-10-29,180,2021-02-16,2021-10-29,148.046,122.2083,123.8727,121.1423,119.5146,100.375,148.046,0.0,47.4929,43320000
2021-11-01,180,2021-02-17,2021-11-01,143.497,122.4167,124.0836,117.2201,115.6454,100.375,148.046,-3.0727,42.9609,46924000
2021-11-02,180,2021-02-18,2021-11-02,145.4325,122.6305,124.303,118.594,116.9983,100.375,148.046,-1.7653,44.8892,33482000
2021-11-03,180,2021-02-19,2021-11-03,146.598,122.8545,124.5325,119.3265,117.7186,100.375,148.046,-0.9781,46.0503,27494000
2021-11-04,180,2021-02-22,2021-11-04,148.2675,123.0923,124.776,120.4523,118.8269,100.375,148.2675,0.0,47.7136,38412000
2021-11-05,180,2021-02-23,2021-11-05,148.852,123.3469,125.0323,120.6776,119.0508,100.375,148.852,0.0,48.2959,38354000
2021-11-08,180,2021-02-24,2021-11-08,149.031,123.6008,125.288,120.5745,118.9507,100.375,149.031,0.0,48.4742,23052000
2021-11-09,180,2021-02-25,2021-11-09,148.9185,123.8459,125.5365,120.245,118.6256,100.375,149.031,-0.0755,48.3621,19530000
2021-11-10,180,2021-02-26,2021-11-10,145.8935,124.1078,125.7871,117.5538,115.9845,100.375,149.031,-2.1053,45.3484,29970000
2021-11-11,180,2021-03-01,2021-11-11,145.7665,124.3677,126.0352,117.206,115.6554,100.375,149.031,-2.1905,45.2219,16518000
2021-11-12,180,2021-03-02,2021-11-12,148.678,124.6207,126.2863,119.3044,117.7309,100.375,149.031,-0.2369,48.1225,22360000
2021-11-15,180,2021-03-03,2021-11-15,148.452,124.8758,126.5376,118.8797,117.3185,100.375,149.031,-0.3885,47.8974,23508000
2021-11-16,180,2021-03-04,2021-11-16,147.876,125.152,126.8004,118.1571,116.6211,100.375,149.031,-0.775,47.3235,18904000
2021-11-17,180,2021-03-05,2021-11-17,148.047,125.4205,127.0579,118.0405,116.5193,100.375,149.031,-0.6603,47.4939,19594000
2021-11-18,180,2021-03-08,2021-11-18,149.8385,125.6712,127.3078,119.2306,117.6978,100.375,149.8385,0.0,49.2787,35608000
2021-11-19,180,2021-03-09,2021-11-19,148.9265,125.9568,127.5775,118.2361,116.7341,101.067,149.8385,-0.6087,47.3542,33682000
2021-11-22,180,2021-03-10,2021-11-22,146.302,126.2189,127.8236,115.9113,114.4562,101.067,149.8385,-2.3602,44.7574,30594000
2021-11-23,180,2021-03-11,2021-11-23,145.782,126.4816,128.0679,115.2594,113.8318,101.067,149.8385,-2.7073,44.2429,27218000
2021-11-24,180,2021-03-12,2021-11-24,146.12,126.7201,128.2961,115.3093,113.8927,101.067,149.8385,-2.4817,44.5774,18040000
2021-11-26,180,2021-03-15,2021-11-26,142.183,126.9635,128.5166,111.9873,110.6339,101.067,149.8385,-5.1092,40.6819,30470000
2021-11-29,180,2021-03-16,2021-11-29,145.5305,127.2204,128.7544,114.3924,113.0295,101.067,149.8385,-2.8751,43.9941,32596000
2021-11-30,180,2021-03-17,2021-11-30,141.8975,127.4501,128.9639,111.3357,110.0289,101.067,149.8385,-5.2997,40.3994,42068000
2021-12-01,180,2021-03-18,2021-12-01,141.0515,127.6775,129.1691,110.4748,109.1991,101.067,149.8385,-5.8643,39.5624,34020000
2021-12-02,180,2021-03-19,2021-12-02,142.966,127.9407,129.4019,111.744,110.4822,101.2365,149.8385,-4.5866,41.2198,29194000
2021-12-03,180,2021-03-22,2021-12-03,142.0015,128.1981,129.6277,110.7672,109.5456,101.2365,149.8385,-5.2303,40.2671,41230000
2021-12-06,180,2021-03-23,2021-12-06,143.155,128.4601,129.859,111.4393,110.2388,101.2365,149.8385,-4.4605,41.4065,30618000
2021-12-07,180,2021-03-24,2021-12-07,147.2695,128.7364,130.1101,114.3962,113.1884,101.2365,149.8385,-1.7145,45.4707,32240000
2021-12-08,180,2021-03-25,2021-12-08,148.1865,129.0217,130.3688,114.854,113.6672,101.2365,149.8385,-1.1025,46.3765,24270000
2021-12-09,180,2021-03-26,2021-12-09,147.6385,129.3059,130.6244,114.1777,113.0252,101.2365,149.8385,-1.4682,45.8352,23270000
2021-12-10,180,2021-03-29,2021-12-10,148.0015,129.5965,130.8842,114.2018,113.0782,102.2895,149.8385,-1.226,44.6888,24458000
2021-12-13,180,2021-03-30,2021-12-13,145.8265,129.8694,131.1261,112.287,111.2109,102.3235,149.8385,-2.6775,42.5152,27070000
2021-12-14,180,2021-03-31,2021-12-14,143.907,130.1346,131.3571,110.5832,109.554,103.126,149.8385,-3.9586,39.5448,38446000
2021-12-15,180,2021-04-01,2021-12-15,146.441,130.405,131.5977,112.2971,111.2793,106.489,149.8385,-2.2674,37.5175,36370000
2021-12-16,180,2021-04-05,2021-12-16,144.445,130.6385,131.8086,110.5685,109.5869,110.0125,149.8385,-3.5995,31.2987,33650000
2021-12-17,180,2021-04-06,2021-12-17,141.725,130.8243,131.9796,108.3323,107.384,110.0125,149.8385,-5.4148,28.8263,50416000
2021-12-20,180,2021-04-07,2021-12-20,141.607,131.0139,132.1526,108.0854,107.1541,110.0125,149.8385,-5.4936,28.719,27192000
2021-12-21,180,2021-04-08,2021-12-21,143.4725,131.2013,132.3277,109.3529,108.4221,110.0125,149.8385,-4.2486,30.4147,28756000
2021-12-22,180,2021-04-09,2021-12-22,146.415,131.3984,132.516,111.4283,110.4885,110.0125,149.8385,-2.2848,33.0894,26322000
2021-12-23,180,2021-04-12,2021-12-23,146.9165,131.5906,132.7015,111.6466,110.712,110.0125,149.8385,-1.9501,33.5453,26384000
2021-12-27,180,2021-04-13,2021-12-27,147.9065,131.7977,132.8997,112.2224,111.2918,110.0125,149.8385,-1.2894,34.4452,15976000
2021-12-28,180,2021-04-14,2021-12-28,146.687,131.9962,133.0884,111.1297,110.2177,110.0125,149.8385,-2.1033,33.3367,18200000
2021-12-29,180,2021-04-15,2021-12-29,146.655,132.2,133.2804,110.9342,110.0349,110.0125,149.8385,-2.1246,33.3076,17788000
2021-12-30,180,2021-04-16,2021-12-30,146.2005,132.3859,133.4578,110.4351,109.5481,110.0125,149.8385,-2.4279,32.8944,15688000
2021-12-31,180,2021-04-19,2021-12-31,144.852,132.5671,133.6285,109.267,108.3991,110.0125,149.8385,-3.3279,31.6687,18136000
2022-01-03,180,2021-04-20,2022-01-03,144.9915,132.7467,133.7979,109.2242,108.366,110.0125,149.8385,-3.2348,31.7955,28646000
2022-01-04,180,2021-04-21,2022-01-04,144.3995,132.9281,133.9671,108.6298,107.7873,110.0125,149.8385,-3.6299,31.2574,28400000
2022-01-05,180,2021-04-22,2022-01-05,137.775,133.0775,134.0996,103.5299,102.7408,110.0125,149.8385,-8.051,25.2358,54618000
2022-01-06,180,2021-04-23,2022-01-06,137.7475,133.237,134.2392,103.3853,102.6135,110.0125,149.8385,-8.0694,25.2108,37348000
2022-01-07,180,2021-04-26,2022-01-07,137.017,133.375,134.3615,102.7307,101.9764,110.0125,149.8385,-8.5569,24.5468,29760000
2022-01-10,180,2021-04-27,2022-01-10,138.6695,133.5181,134.4903,103.8582,103.1075,110.0125,149.8385,-7.454,26.0489,44408000
2022-01-11,180,2021-04-28,2022-01-11,139.736,133.6742,134.6302,104.5348,103.7925,110.0125,149.8385,-6.7423,27.0183,28730000
2022-01-12,180,2021-04-29,2022-01-12,141.4305,133.814,134.7606,105.6918,104.9494,110.0125,149.8385,-5.6114,28.5586,26108000
2022-01-13,180,2021-04-30,2022-01-13,138.587,133.9278,134.8659,103.4789,102.7591,110.0125,149.8385,-7.5091,25.9739,31436000
2022-01-14,180,2021-05-03,2022-01-14,139.4805,134.0603,134.987,104.0431,103.3288,110.0125,149.8385,-6.9128,26.786,29662000
2022-01-18,180,2021-05-04,2022-01-18,135.998,134.1785,135.0917,101.356,100.6709,110.0125,149.8385,-9.2369,23.6205,34872000
2022-01-19,180,2021-05-05,2022-01-19,135.1165,134.3056,135.2016,100.6038,99.9371,110.0125,149.8385,-9.8252,22.8192,28648000
2022-01-20,180,2021-05-06,2022-01-20,133.3075,134.4198,135.2992,99.1725,98.5279,110.0125,149.8385,-11.0325,21.1749,29908000
2022-01-21,180,2021-05-07,2022-01-21,130.3515,134.5087,135.3741,96.9094,96.2898,110.0125,149.8385,-13.0053,18.4879,55652000
2022-01-24,180,2021-05-10,2022-01-24,130.804,134.595,135.4475,97.1834,96.5718,110.0125,149.8385,-12.7033,18.8992,76622000
2022-01-25,180,2021-05-11,2022-01-25,126.935,134.6805,135.5161,94.249,93.6679,110.0125,149.8385,-15.2855,15.3823,46960000
2022-01-26,180,2021-05-12,2022-01-26,129.233,134.7887,135.6035,95.8782,95.3021,110.0125,149.8385,-13.7518,17.4712,49130000
2022-01-27,180,2021-05-13,2022-01-27,129.005,134.9239,135.709,95.6132,95.06,111.452,149.8385,-13.904,15.7494,31950000
2022-01-28,180,2021-05-14,2022-01-28,133.351,135.0731,135.8306,98.7251,98.1745,113.1235,149.8385,-11.0035,17.8809,34362000
2022-01-31,180,2021-05-17,2022-01-31,135.3035,135.2138,135.9494,100.0663,99.5249,113.1235,149.8385,-9.7004,19.6069,39986000
2022-02-01,180,2021-05-18,2022-02-01,137.644,135.3636,136.0783,101.6847,101.1506,113.1235,149.8385,-8.1384,21.6759,68644000
2022-02-02,180,2021-05-19,2022-02-02,148.0,135.576,136.2721,109.1639,108.6063,113.575,149.8385,-1.227,30.3104,123200000
2022-02-03,180,2021-05-20,2022-02-03,143.09,135.7617,136.436,105.3979,104.877,114.7065,149.8385,-4.5039,24.7445,71518000
2022-02-04,180,2021-05-21,2022-02-04,143.293,135.935,136.5913,105.4129,104.9064,114.7065,149.8385,-4.3684,24.9214,57998000
2022-02-07,180,2021-05-24,2022-02-07,139.201,136.0927,136.7274,102.284,101.8092,117.379,149.8385,-7.0993,18.5911,54974000
2022-02-08,180,2021-05-25,2022-02-08,139.399,136.2263,136.846,102.329,101.8656,117.379,149.8385,-6.9672,18.7597,54284000
2022-02-09,180,2021-05-26,2022-02-09,141.592,136.371,136.9762,103.8285,103.3697,117.379,149.8385,-5.5036,20.628,40144000
2022-02-10,180,2021-05-27,2022-02-10,138.62,136.4939,137.0852,101.5577,101.1196,117.379,149.8385,-7.4871,18.0961,39330000
2022-02-11,180,2021-05-28,2022-02-11,134.2825,136.5993,137.1749,98.3039,97.8915,117.379,149.8385,-10.3818,14.4008,39958000
2022-02-14,180,2021-06-01,2022-02-14,135.526,136.7142,137.2731,99.1309,98.7273,117.379,149.8385,-9.552,15.4602,34302000
2022-02-15,180,2021-06-02,2022-02-15,136.6085,136.8263,137.3706,99.8408,99.4452,117.379,149.8385,-8.8295,16.3824,26680000
2022-02-16,180,2021-06-03,2022-02-16,137.738,136.9488,137.4773,100.5763,100.1896,117.379,149.8385,-8.0757,17.3447,25022000
2022-02-17,180,2021-06-04,2022-02-17,132.539,137.0504,137.5615,96.7082,96.3489,119.6785,149.8385,-11.5454,10.7459,38950000
2022-02-18,180,2021-06-07,2022-02-18,130.403,137.1221,137.6211,95.0999,94.7551,119.922,149.8385,-12.971,8.7399,45620000
2022-02-22,180,2021-06-08,2022-02-22,129.8135,137.1871,137.675,94.6251,94.2898,119.922,149.8385,-13.3644,8.2483,44990000
2022-02-23,180,2021-06-09,2022-02-23,127.588,137.2396,137.7176,92.9674,92.6447,120.111,149.8385,-14.8497,6.2251,32786000
2022-02-24,180,2021-06-10,2022-02-24,132.691,137.3201,137.7859,96.629,96.3023,120.111,149.8385,-11.444,10.4736,54456000
2022-02-25,180,2021-06-11,2022-02-25,134.4595,137.4015,137.8565,97.8589,97.5359,120.111,149.8385,-10.2637,11.946,36406000
2022-02-28,180,2021-06-14,2022-02-28,135.057,137.4881,137.9317,98.2318,97.9158,120.111,149.8385,-9.865,12.4435,38864000
2022-03-01,180,2021-06-15,2022-03-01,134.0615,137.5624,137.9963,97.455,97.1486,120.111,149.8385,-10.5293,11.6147,26496000
2022-03-02,180,2021-06-16,2022-03-02,134.5715,137.6471,138.0693,97.7656,97.4666,120.111,149.8385,-10.189,12.0393,23520000
2022-03-03,180,2021-06-17,2022-03-03,133.8995,137.7326,138.1423,97.217,96.9287,120.111,149.8385,-10.6374,11.4798,24604000
2022-03-04,180,2021-06-18,2022-03-04,131.9065,137.7993,138.1987,95.7236,95.447,120.111,149.8385,-11.9676,9.8205,30430000
2022-03-07,180,2021-06-21,2022-03-07,126.3785,137.8429,138.2335,91.683,91.4239,121.8125,149.8385,-15.6569,3.7484,45112000
2022-03-08,180,2021-06-22,2022-03-08,127.1045,137.879,138.2629,92.1855,91.9296,122.0895,149.8385,-15.1723,4.1076,40428000
2022-03-09,180,2021-06-23,2022-03-09,133.42,137.9508,138.3245,96.7156,96.4543,122.0895,149.8385,-10.9575,9.2805,37026000
2022-03-10,180,2021-06-24,2022-03-10,132.4295,138.0182,138.3818,95.9508,95.6987,122.0895,149.8385,-11.6185,8.4692,27102000
2022-03-11,180,2021-06-25,2022-03-11,129.8705,138.0672,138.4227,94.0632,93.8217,122.0895,149.8385,-13.3263,6.3732,31526000
2022-03-14,180,2021-06-28,2022-03-14,125.951,138.0909,138.4419,91.2088,90.9775,122.0895,149.8385,-15.9422,3.1628,38812000
2022-03-15,180,2021-06-29,2022-03-15,129.198,138.1355,138.4789,93.5299,93.298,122.0895,149.8385,-13.7752,5.8224,30920000
2022-03-16,180,2021-06-30,2022-03-16,133.2805,138.2071,138.54,96.4354,96.2036,122.0895,149.8385,-11.0506,9.1662,35576000
2022-03-17,180,2021-07-01,2022-03-17,133.839,138.2834,138.6053,96.786,96.5612,122.4445,149.8385,-10.6778,9.3058,28264000
2022-03-18,180,2021-07-02,2022-03-18,136.1255,138.3707,138.6813,98.3774,98.1571,124.578,149.8385,-9.1519,9.2693,44566000
2022-03-21,180,2021-07-06,2022-03-21,136.1015,138.4384,138.7415,98.312,98.0971,124.578,149.8385,-9.1679,9.25,26832000
2022-03-22,180,2021-07-07,2022-03-22,139.868,138.521,138.8175,100.9724,100.7567,124.578,149.8385,-6.6542,12.2734,35496000
2022-03-23,180,2021-07-08,2022-03-23,138.2755,138.5929,138.8831,99.771,99.5625,124.578,149.8385,-7.717,10.9951,25154000
2022-03-24,180,2021-07-09,2022-03-24,141.572,138.6926,138.9749,102.0761,101.8687,124.578,149.8385,-5.5169,13.6413,26396000
2022-03-25,180,2021-07-12,2022-03-25,141.673,138.7898,139.0647,102.0774,101.8756,124.578,149.8385,-5.4495,13.7223,24126000
2022-03-28,180,2021-07-13,2022-03-28,141.4555,138.8761,139.1451,101.8573,101.6604,124.578,149.8385,-5.5947,13.5477,35050000
2022-03-29,180,2021-07-14,2022-03-29,142.5055,138.9657,139.2294,102.5472,102.353,124.578,149.8385,-4.8939,14.3906,34318000
2022-03-30,180,2021-07-15,2022-03-30,141.9385,139.0465,139.3055,102.0799,101.8901,124.578,149.8385,-5.2723,13.9354,19884000
2022-03-31,180,2021-07-16,2022-03-31,139.0675,139.1199,139.3725,99.9623,99.7812,124.578,149.8385,-7.1884,11.6309,37524000
2022-04-01,180,2021-07-19,2022-04-01,140.1505,139.1996,139.4457,100.6831,100.5054,124.578,149.8385,-6.4656,12.5002,25942000
2022-04-04,180,2021-07-20,2022-04-04,142.9715,139.3108,139.5479,102.6277,102.4533,125.951,149.8385,-4.5829,13.5136,25942000
2022-04-05,180,2021-07-21,2022-04-05,140.591,139.3983,139.6278,100.8556,100.6898,125.951,149.8385,-6.1716,11.6236,21418000
2022-04-06,180,2021-07-22,2022-04-06,136.548,139.4541,139.6778,97.9161,97.7593,125.951,149.8385,-8.8699,8.4136,32468000
2022-04-07,180,2021-07-23,2022-04-07,135.8885,139.5003,139.7193,97.4109,97.2582,125.951,149.8385,-9.31,7.89,26234000
2022-04-08,180,2021-07-26,2022-04-08,133.2875,139.502,139.7208,95.5452,95.3956,125.951,149.8385,-11.0459,5.8249,25142000
2022-04-11,180,2021-07-27,2022-04-11,128.8235,139.4694,139.6918,92.3669,92.2198,125.951,149.8385,-14.0251,2.2807,36884000
2022-04-12,180,2021-07-28,2022-04-12,127.7145,139.4425,139.6686,91.5893,91.4411,125.951,149.8385,-14.7652,1.4002,32710000
2022-04-13,180,2021-07-29,2022-04-13,129.894,139.4046,139.6341,93.1777,93.0245,125.951,149.8385,-13.3107,3.1306,27928000
2022-04-14,180,2021-07-30,2022-04-14,126.73,139.3479,139.5839,90.945,90.7913,125.951,149.8385,-15.4223,0.6185,31598000
2022-04-18,180,2021-08-02,2022-04-18,127.6765,139.3037,139.5447,91.6533,91.495,125.951,149.8385,-14.7906,1.37,20808000
2022-04-19,180,2021-08-03,2022-04-19,130.009,139.2739,139.5178,93.3477,93.1845,125.951,149.8385,-13.2339,3.2219,26490000
2022-04-20,180,2021-08-04,2022-04-20,128.04,139.2268,139.4756,91.965,91.801,125.951,149.8385,-14.548,1.6586,31696000
2022-04-21,180,2021-08-05,2022-04-21,124.8145,139.161,139.4183,89.6907,89.5252,124.8145,149.8385,-16.7006,0.0,36446000
2022-04-22,180,2021-08-06,2022-04-22,119.6355,139.0514,139.326,86.0369,85.8673,119.6355,149.8385,-20.157,0.0,56884000
2022-04-25,180,2021-08-09,2022-04-25,123.074,138.9701,139.2557,88.5615,88.3799,119.6355,149.8385,-17.8622,2.8741,46128000
2022-04-26,180,2021-08-10,2022-04-26,118.65,138.8495,139.1542,85.4522,85.2651,118.65,149.8385,-20.8147,0.0,73054000
2022-04-27,180,2021-08-11,2022-04-27,114.2945,138.6955,139.0291,82.4068,82.209,114.2945,149.8385,-23.7215,0.0,91820000
2022-04-28,180,2021-08-12,2022-04-28,118.5225,138.5781,138.9305,85.5276,85.3106,114.2945,149.8385,-20.8998,3.6992,48884000
2022-04-29,180,2021-08-13,2022-04-29,114.1095,138.421,138.8022,82.4366,82.2101,114.1095,149.8385,-23.845,0.0,42676000
2022-05-02,180,2021-08-16,2022-05-02,116.583,138.2809,138.6848,84.3088,84.0633,114.1095,149.8385,-22.1942,2.1677,35534000
2022-05-03,180,2021-08-17,2022-05-03,117.334,138.1438,138.5682,84.9361,84.676,114.1095,149.8385,-21.693,2.8258,24968000
2022-05-04,180,2021-08-18,2022-05-04,122.261,138.0525,138.4882,88.5613,88.2826,114.1095,149.8385,-18.4048,7.1436,49916000
2022-05-05,180,2021-08-19,2022-05-05,116.5055,137.9255,138.383,84.4699,84.1906,114.1095,149.8385,-22.246,2.0997,45840000
2022-05-06,180,2021-08-20,2022-05-06,115.7465,137.7915,138.2723,84.0012,83.7091,114.1095,149.8385,-22.7525,1.4346,39710000
2022-05-09,180,2021-08-23,2022-05-09,112.511,137.6217,138.1338,81.7538,81.4507,112.511,149.8385,-24.9118,0.0,40802000
2022-05-10,180,2021-08-24,2022-05-10,114.395,137.4534,137.9913,83.2245,82.9001,112.511,149.8385,-23.6545,1.6745,39900000
2022-05-11,180,2021-08-25,2022-05-11,113.6025,137.2728,137.8377,82.7568,82.4176,112.511,149.8385,-24.1834,0.9701,37534000
2022-05-12,180,2021-08-26,2022-05-12,112.844,137.0821,137.6753,82.3185,81.9639,112.511,149.8385,-24.6896,0.296,53836000
2022-05-13,180,2021-08-27,2022-05-13,116.0505,136.9208,137.5342,84.7574,84.3794,112.511,149.8385,-22.5496,3.1459,35038000
2022-05-16,180,2021-08-30,2022-05-16,114.445,136.7343,137.37,83.6988,83.3115,112.511,149.8385,-23.6211,1.7189,25990000
2022-05-17,180,2021-08-31,2022-05-17,116.473,136.5611,137.2138,85.29,84.8843,112.511,149.8385,-22.2676,3.5214,23054000
2022-05-18,180,2021-09-01,2022-05-18,111.8995,136.3516,137.0316,82.0669,81.6596,111.8995,149.8385,-25.3199,0.0,35126000
2022-05-19,180,2021-09-02,2022-05-19,110.384,136.1275,136.8381,81.0887,80.6676,110.384,149.8385,-26.3313,0.0,34144000
2022-05-20,180,2021-09-03,2022-05-20,108.908,135.9011,136.6471,80.1377,79.7002,108.908,149.8385,-27.3164,0.0,48962000
2022-05-23,180,2021-09-07,2022-05-23,111.488,135.6949,136.4679,82.1608,81.6954,108.908,149.8385,-25.5946,2.369,37184000
2022-05-24,180,2021-09-08,2022-05-24,105.97,135.439,136.2551,78.2418,77.7733,105.97,149.8385,-29.2772,0.0,76780000
2022-05-25,180,2021-09-09,2022-05-25,105.805,135.1856,136.0446,78.2665,77.7723,105.805,149.8385,-29.3873,0.0,40258000
2022-05-26,180,2021-09-10,2022-05-26,107.7925,134.9514,135.846,79.8751,79.3491,105.805,149.8385,-28.0609,1.8785,37948000
2022-05-27,180,2021-09-13,2022-05-27,112.3165,134.769,135.6873,83.34,82.776,105.805,149.8385,-25.0416,6.1542,37914000
2022-05-31,180,2021-09-14,2022-05-31,113.762,134.5912,135.5286,84.5241,83.9395,105.805,149.8385,-24.0769,7.5204,50012000
2022-06-01,180,2021-09-15,2022-06-01,113.892,134.4138,135.3694,84.7324,84.1342,105.805,149.8385,-23.9902,7.6433,36606000
2022-06-02,180,2021-09-16,2022-06-02,117.6225,134.2556,135.2205,87.6109,86.9857,105.805,149.8385,-21.5005,11.1691,37992000
2022-06-03,180,2021-09-17,2022-06-03,114.541,134.0789,135.059,85.4281,84.8081,105.805,149.8385,-23.557,8.2567,26136000
2022-06-06,180,2021-09-20,2022-06-06,116.8205,133.9334,134.9258,87.2228,86.5813,105.805,149.8385,-22.0357,10.4111,33542000
2022-06-07,180,2021-09-21,2022-06-07,117.1495,133.8013,134.8059,87.5548,86.9023,105.805,149.8385,-21.8162,10.7221,31590000
2022-06-08,180,2021-09-22,2022-06-08,117.194,133.6681,134.6846,87.6754,87.0137,105.805,149.8385,-21.7865,10.7641,26108000
2022-06-09,180,2021-09-23,2022-06-09,114.8355,133.5115,134.5432,86.0117,85.3521,105.805,149.8385,-23.3605,8.535,25798000
2022-06-10,180,2021-09-24,2022-06-10,111.1615,133.3222,134.3763,83.3781,82.7241,105.805,149.8385,-25.8125,5.0626,41452000
2022-06-13,180,2021-09-27,2022-06-13,106.3925,133.0888,134.1772,79.941,79.2925,105.805,149.8385,-28.9952,0.5553,47252000
2022-06-14,180,2021-09-28,2022-06-14,106.7155,132.8646,133.9864,80.319,79.6465,105.805,149.8385,-28.7797,0.8605,33706000
2022-06-15,180,2021-09-29,2022-06-15,109.7645,132.6934,133.8416,82.7204,82.0108,105.805,149.8385,-26.7448,3.7423,39698000
2022-06-16,180,2021-09-30,2022-06-16,106.0335,132.4992,133.6842,80.0258,79.3164,105.805,149.8385,-29.2348,0.216,51684000
2022-06-17,180,2021-10-01,2022-06-17,107.1435,132.3188,133.5368,80.9738,80.2352,105.805,149.8385,-28.494,1.2651,51376000
2022-06-21,180,2021-10-04,2022-06-21,111.544,132.1593,133.398,84.4012,83.6175,105.805,149.8385,-25.5572,5.4241,47416000
2022-06-22,180,2021-10-05,2022-06-22,111.4875,132.0151,133.2748,84.4506,83.6524,105.805,149.8385,-25.5949,5.3707,30774000
2022-06-23,180,2021-10-06,2022-06-23,112.242,131.8644,133.1427,85.1192,84.3021,105.805,149.8385,-25.0914,6.0838,28362000
2022-06-24,180,2021-10-07,2022-06-24,117.975,131.7479,133.0338,89.546,88.6805,105.805,149.8385,-21.2652,11.5023,41164000
2022-06-27,180,2021-10-08,2022-06-27,115.8335,131.6082,132.9039,88.0139,87.1559,105.805,149.8385,-22.6944,9.4783,36420000
2022-06-28,180,2021-10-11,2022-06-28,112.0075,131.4377,132.7495,85.2172,84.3751,105.805,149.8385,-25.2479,5.8622,35792000
2022-06-29,180,2021-10-12,2022-06-29,111.7015,131.2696,132.5984,85.0932,84.2405,105.805,149.8385,-25.4521,5.573,24716000
2022-06-30,180,2021-10-13,2022-06-30,108.963,131.0929,132.4457,83.1189,82.27,105.805,149.8385,-27.2797,2.9847,43170000
2022-07-01,180,2021-10-14,2022-07-01,108.7375,130.9091,132.2854,83.0634,82.1992,105.805,149.8385,-27.4302,2.7716,35476000
2022-07-05,180,2021-10-15,2022-07-05,113.263,130.7432,132.1305,86.6301,85.7206,105.805,149.8385,-24.4099,7.0488,39342000
2022-07-06,180,2021-10-18,2022-07-06,114.572,130.5863,131.9816,87.7366,86.8091,105.805,149.8385,-23.5363,8.286,37432000
2022-07-07,180,2021-10-19,2022-07-07,118.783,130.4524,131.8483,91.0547,90.0906,105.805,149.8385,-20.726,12.266,40936000
2022-07-08,180,2021-10-20,2022-07-08,119.3535,130.3204,131.7156,91.5847,90.6145,105.805,149.8385,-20.3452,12.8052,38238000
2022-07-11,180,2021-10-21,2022-07-11,115.6765,130.1705,131.5707,88.8654,87.9197,105.805,149.8385,-22.7992,9.3299,31196000
2022-07-12,180,2021-10-22,2022-07-12,114.0205,130.0085,131.4159,87.7023,86.7631,105.805,149.8385,-23.9044,7.7648,29960000
2022-07-13,180,2021-10-25,2022-07-13,111.3535,129.848,131.2702,85.7568,84.8277,105.805,149.8385,-25.6843,5.2441,43722000
2022-07-14,180,2021-10-26,2022-07-14,110.3675,129.681,131.1198,85.1069,84.173,105.805,149.8385,-26.3424,4.3122,37004000
2022-07-15,180,2021-10-27,2022-07-15,111.7775,129.5161,130.9668,86.304,85.3479,105.805,149.8385,-25.4014,5.6448,46770000
2022-07-18,180,2021-10-28,2022-07-18,109.03,129.2991,130.7602,84.3239,83.3816,105.805,149.8385,-27.235,3.0481,43164600
2022-07-19,180,2021-10-29,2022-07-19,113.81,129.12,130.5823,88.1428,87.1558,105.805,149.8385,-24.0449,7.5658,36530900
2022-07-20,180,2021-11-01,2022-07-20,113.9,128.9327,130.3925,88.3406,87.3516,105.805,149.8385,-23.9848,7.6509,35600400
2022-07-21,180,2021-11-02,2022-07-21,114.34,128.7688,130.2306,88.7948,87.7981,105.805,149.8385,-23.6912,8.0667,32676200
2022-07-22,180,2021-11-03,2022-07-22,107.9,128.5489,130.0221,83.9369,82.9859,105.805,149.8385,-27.9891,1.9801,48901200
2022-07-25,180,2021-11-04,2022-07-25,107.51,128.3216,129.8049,83.7817,82.8243,105.805,149.8385,-28.2494,1.6115,34690900
2022-07-26,180,2021-11-05,2022-07-26,105.02,128.068,129.5646,82.0033,81.0561,105.02,149.8385,-29.9112,0.0,47991000
2022-07-27,180,2021-11-08,2022-07-27,113.06,127.8745,129.3658,88.4148,87.3956,105.02,149.8385,-24.5454,7.6557,59858500
2022-07-28,180,2021-11-09,2022-07-28,114.22,127.689,129.1724,89.4517,88.4245,105.02,149.8385,-23.7713,8.7602,32816600
2022-07-29,180,2021-11-10,2022-07-29,116.32,127.5188,128.9913,91.2179,90.1766,105.02,149.8385,-22.3698,10.7599,37223400
2022-08-01,180,2021-11-11,2022-08-01,114.86,127.3517,128.8189,90.1912,89.1639,105.02,149.8385,-23.3441,9.3696,26034300
2022-08-02,180,2021-11-12,2022-08-02,115.13,127.1874,128.6487,90.52,89.4918,105.02,149.8385,-23.1639,9.6267,20236000
2022-08-03,180,2021-11-15,2022-08-03,118.08,127.031,128.4787,92.9537,91.9063,105.02,149.8385,-21.1952,12.4357,28499000
2022-08-04,180,2021-11-16,2022-08-04,118.19,126.8765,128.3106,93.1535,92.1124,105.02,149.8385,-21.1217,12.5405,21602900
2022-08-05,180,2021-11-17,2022-08-05,117.47,126.7202,128.1416,92.7003,91.672,105.02,149.8385,-21.6023,11.8549,19159500
2022-08-08,180,2021-11-18,2022-08-08,117.3,126.5624,127.9708,92.6815,91.6615,105.02,149.8385,-21.7157,11.693,19138300
2022-08-09,180,2021-11-19,2022-08-09,116.63,126.3936,127.7863,92.2753,91.2695,105.02,148.9265,-21.6862,11.055,19086500
2022-08-10,180,2021-11-22,2022-08-10,119.7,126.2482,127.624,94.8132,93.7912,105.02,148.1865,-19.2234,13.9783,30930400
2022-08-11,180,2021-11-23,2022-08-11,118.84,126.1085,127.4714,94.2363,93.2288,105.02,148.1865,-19.8038,13.1594,24293700
2022-08-12,180,2021-11-24,2022-08-12,121.68,125.9886,127.3375,96.5802,95.5571,105.02,148.1865,-17.8873,15.8636,19096300
2022-08-15,180,2021-11-26,2022-08-15,122.08,125.8699,127.2039,96.9891,95.9719,105.02,148.1865,-17.6173,16.2445,19494800
2022-08-16,180,2021-11-29,2022-08-16,121.7,125.7658,127.0902,96.7672,95.7588,105.02,148.1865,-17.8738,15.8827,19041200
2022-08-17,180,2021-11-30,2022-08-17,119.55,125.6347,126.9458,95.1569,94.174,105.02,148.1865,-19.3246,13.8355,22847000
2022-08-18,180,2021-12-01,2022-08-18,120.17,125.523,126.8251,95.7354,94.7525,105.02,148.1865,-18.9062,14.4258,17987700
2022-08-19,180,2021-12-02,2022-08-19,117.21,125.3969,126.6927,93.4712,92.5152,105.02,148.1865,-20.9037,11.6073,21809500
2022-08-22,180,2021-12-03,2022-08-22,114.24,125.2435,126.5331,91.2143,90.2847,105.02,148.1865,-22.908,8.7793,21456600
2022-08-23,180,2021-12-06,2022-08-23,113.86,125.092,126.3767,91.021,90.0957,105.02,148.1865,-23.1644,8.4174,15870400
2022-08-24,180,2021-12-07,2022-08-24,113.69,124.9348,126.213,90.9995,90.0779,105.02,148.1865,-23.2791,8.2556,17734600
2022-08-25,180,2021-12-08,2022-08-25,116.65,124.7804,126.0429,93.4842,92.5478,105.02,148.1865,-21.2816,11.0741,16956800
2022-08-26,180,2021-12-09,2022-08-26,110.34,124.5805,125.8327,88.5692,87.6879,105.02,148.0015,-25.4467,5.0657,37245700
2022-08-29,180,2021-12-10,2022-08-29,109.42,124.3769,125.6203,87.9746,87.1037,105.02,148.0015,-26.0683,4.1897,21191200
2022-08-30,180,2021-12-13,2022-08-30,108.94,124.169,125.4033,87.7353,86.8717,105.02,148.0,-26.3919,3.7326,27513300
2022-08-31,180,2021-12-14,2022-08-31,108.22,123.9652,125.1944,87.2987,86.4416,105.02,148.0,-26.8784,3.047,28627000
2022-09-01,180,2021-12-15,2022-09-01,109.74,123.7808,125.0046,88.6567,87.7888,105.02,148.0,-25.8514,4.4944,28360900
2022-09-02,180,2021-12-16,2022-09-02,107.85,123.5732,124.7902,87.2762,86.4251,105.02,148.0,-27.1284,2.6947,24160700
2022-09-06,180,2021-12-17,2022-09-06,106.81,123.3666,124.5811,86.5794,85.7353,105.02,148.0,-27.8311,1.7044,25068300
2022-09-07,180,2021-12-20,2022-09-07,109.45,123.1909,124.4018,88.8459,87.981,105.02,148.0,-26.0473,4.2182,23167000
2022-09-08,180,2021-12-21,2022-09-08,108.38,123.0086,124.2172,88.1076,87.2504,105.02,148.0,-26.7703,3.1994,24238300
2022-09-09,180,2021-12-22,2022-09-09,110.65,122.8351,124.0349,90.0801,89.2088,105.02,148.0,-25.2365,5.3609,23197700
2022-09-12,180,2021-12-23,2022-09-12,110.86,122.6517,123.8373,90.386,89.5207,105.02,148.0,-25.0946,5.5608,22966800
2022-09-13,180,2021-12-27,2022-09-13,104.32,122.4199,123.6007,85.2149,84.4008,104.32,148.0,-29.5135,0.0,38172900
2022-09-14,180,2021-12-28,2022-09-14,105.0,122.1903,123.3623,85.9315,85.1151,104.32,148.0,-29.0541,0.6518,26395100
2022-09-15,180,2021-12-29,2022-09-15,102.91,121.9502,123.1191,84.3869,83.5857,102.91,148.0,-30.4662,0.0,34188300
2022-09-16,180,2021-12-30,2022-09-16,102.8,121.7103,122.8755,84.4628,83.6619,102.8,148.0,-30.5405,0.0,42797200
2022-09-19,180,2021-12-31,2022-09-19,103.07,121.4753,122.6359,84.8486,84.0456,102.8,148.0,-30.3581,0.2626,23036800
2022-09-20,180,2022-01-03,2022-09-20,101.14,121.2311,122.393,83.4274,82.6354,101.14,148.0,-31.6622,0.0,26517100
2022-09-21,180,2022-01-04,2022-09-21,99.28,120.9724,122.1391,82.0683,81.2844,99.28,148.0,-32.9189,0.0,31487300
2022-09-22,180,2022-01-05,2022-09-22,100.14,120.7241,121.8932,82.9495,82.1539,99.28,148.0,-32.3378,0.8662,34298600
2022-09-23,180,2022-01-06,2022-09-23,98.74,120.4922,121.6763,81.9472,81.1497,98.74,148.0,-33.2838,0.0,31625400
2022-09-26,180,2022-01-07,2022-09-26,98.17,120.2566,121.4564,81.6338,80.8273,98.17,148.0,-33.6689,0.0,27072700
2022-09-27,180,2022-01-10,2022-09-27,97.5,120.0194,121.2369,81.2369,80.4211,97.5,148.0,-34.1216,0.0,30072800
2022-09-28,180,2022-01-11,2022-09-28,100.05,119.7971,121.0224,83.5162,82.6707,97.5,148.0,-32.3986,2.6154,32466300
2022-09-29,180,2022-01-12,2022-09-29,97.42,119.5497,120.7873,81.4891,80.6542,97.42,148.0,-34.1757,0.0,31047200
2022-09-30,180,2022-01-13,2022-09-30,95.65,119.2816,120.5329,80.1884,79.3559,95.65,148.0,-35.3716,0.0,32941500
2022-10-03,180,2022-01-14,2022-10-03,98.64,119.0511,120.311,82.8552,81.9875,95.65,148.0,-33.3514,3.126,27982000
2022-10-04,180,2022-01-18,2022-10-04,101.64,118.8413,120.1008,85.5258,84.6289,95.65,148.0,-31.3243,6.2624,28850800
2022-10-05,180,2022-01-19,2022-10-05,101.43,118.645,119.9087,85.4903,84.5893,95.65,148.0,-31.4662,6.0429,22176900
2022-10-06,180,2022-01-20,2022-10-06,101.42,118.453,119.7215,85.6205,84.7133,95.65,148.0,-31.473,6.0324,22324000
2022-10-07,180,2022-01-21,2022-10-07,98.68,118.2482,119.5292,83.4516,82.5573,95.65,148.0,-33.3243,3.1678,27502800
2022-10-10,180,2022-01-24,2022-10-10,97.86,118.0506,119.3486,82.8966,81.9951,95.65,148.0,-33.8784,2.3105,18225100
2022-10-11,180,2022-01-25,2022-10-11,97.18,117.8462,119.1618,82.4634,81.553,95.65,148.0,-34.3378,1.5996,26507100
2022-10-12,180,2022-01-26,2022-10-12,97.56,117.6635,118.9986,82.9144,81.9841,95.65,148.0,-34.0811,1.9969,21876400
2022-10-13,180,2022-01-27,2022-10-13,99.06,117.4825,118.831,84.319,83.3621,95.65,148.0,-33.0676,3.5651,34574500
2022-10-14,180,2022-01-28,2022-10-14,96.56,117.2831,118.6508,82.3307,81.3817,95.65,148.0,-34.7568,0.9514,25410700
2022-10-17,180,2022-01-31,2022-10-17,99.97,117.092,118.4653,85.3773,84.3876,95.65,148.0,-32.4527,4.5165,28419200
2022-10-18,180,2022-02-01,2022-10-18,100.77,116.8994,118.2735,86.2023,85.2008,95.65,148.0,-31.9122,5.3528,24060700
2022-10-19,180,2022-02-02,2022-10-19,99.63,116.6894,118.0623,85.3805,84.3877,95.65,148.0,-32.6824,4.161,23811100
2022-10-20,180,2022-02-03,2022-10-20,99.97,116.4443,117.7954,85.8522,84.8675,95.65,143.293,-30.2339,4.5165,25323200
2022-10-21,180,2022-02-04,2022-10-21,101.13,116.2263,117.5623,87.0113,86.0224,95.65,143.293,-29.4243,5.7292,32458700
2022-10-24,180,2022-02-07,2022-10-24,102.52,116.0184,117.3358,88.3653,87.3731,95.65,142.9715,-28.2934,7.1824,27176400
2022-10-25,180,2022-02-08,2022-10-25,104.48,115.8401,117.1429,90.1933,89.1902,95.65,142.9715,-26.9225,9.2316,40611400
2022-10-26,180,2022-02-09,2022-10-26,94.93,115.5901,116.8959,82.1264,81.209,94.93,142.9715,-33.6022,0.0,88114100
2022-10-27,180,2022-02-10,2022-10-27,92.22,115.3102,116.6216,79.9756,79.0763,92.22,142.9715,-35.4976,0.0,60710900
2022-10-28,180,2022-02-11,2022-10-28,96.29,115.0764,116.3864,83.6749,82.733,92.22,142.9715,-32.6509,4.4134,43697300
2022-10-31,180,2022-02-14,2022-10-31,94.51,114.8463,116.1655,82.2926,81.3581,92.22,142.9715,-33.8959,2.4832,31675000
2022-11-01,180,2022-02-15,2022-11-01,90.47,114.5776,115.9151,78.9596,78.0485,90.47,142.9715,-36.7217,0.0,47161400
2022-11-02,180,2022-02-16,2022-11-02,86.97,114.2737,115.6394,76.1067,75.2079,86.97,142.9715,-39.1697,0.0,57038300
2022-11-03,180,2022-02-17,2022-11-03,83.43,113.9319,115.3377,73.228,72.3354,83.43,142.9715,-41.6457,0.0,61288000
2022-11-04,180,2022-02-18,2022-11-04,86.58,113.6438,115.0823,76.1854,75.2331,83.43,142.9715,-39.4425,3.7756,51124900
2022-11-07,180,2022-02-22,2022-11-07,88.49,113.3838,114.8495,78.0447,77.0487,83.43,142.9715,-38.1065,6.065,34078900
2022-11-08,180,2022-02-23,2022-11-08,88.9,113.1311,114.6222,78.5814,77.5592,83.43,142.9715,-37.8198,6.5564,30429000
2022-11-09,180,2022-02-24,2022-11-09,87.32,112.8747,114.3985,77.3601,76.3297,83.43,142.9715,-38.9249,4.6626,31769100
2022-11-10,180,2022-02-25,2022-11-10,93.94,112.6551,114.1832,83.3872,82.2713,83.43,142.9715,-34.2946,12.5974,51620100
2022-11-11,180,2022-02-28,2022-11-11,96.41,112.4485,113.9718,85.737,84.5911,83.43,142.9715,-32.567,15.558,33090500
2022-11-14,180,2022-03-01,2022-11-14,95.7,112.235,113.7532,85.2675,84.1295,83.43,142.9715,-33.0636,14.7069,30179500
2022-11-15,180,2022-03-02,2022-11-15,98.44,112.0465,113.5553,87.8564,86.6891,83.43,142.9715,-31.1471,17.9911,41640800
2022-11-16,180,2022-03-03,2022-11-16,98.85,111.8595,113.3568,88.3698,87.2025,83.43,142.9715,-30.8603,18.4826,29105200
2022-11-17,180,2022-03-04,2022-11-17,98.36,111.6722,113.1594,88.0792,86.9217,83.43,142.9715,-31.2031,17.8952,26052600
2022-11-18,180,2022-03-07,2022-11-18,97.43,111.4867,112.9678,87.3916,86.2458,83.43,142.9715,-31.8535,16.7805,28342300
2022-11-21,180,2022-03-08,2022-11-21,95.6,111.311,112.7968,85.8855,84.7541,83.43,142.9715,-33.1335,14.5871,21647400
2022-11-22,180,2022-03-09,2022-11-22,97.05,111.1436,112.6299,87.3195,86.1672,83.43,142.9715,-32.1193,16.3251,23438500
2022-11-23,180,2022-03-10,2022-11-23,98.46,110.9612,112.4357,88.7337,87.5701,83.43,142.9715,-31.1331,18.0151,18868100
2022-11-25,180,2022-03-11,2022-11-25,97.46,110.7762,112.2414,87.9792,86.8307,83.43,142.9715,-31.8326,16.8165,9701400
2022-11-28,180,2022-03-14,2022-11-28,96.05,110.5917,112.0535,86.851,85.718,83.43,142.9715,-32.8188,15.1265,26237500
2022-11-29,180,2022-03-15,2022-11-29,95.19,110.4176,111.8826,86.2091,85.0803,83.43,142.9715,-33.4203,14.0957,20061700
2022-11-30,180,2022-03-16,2022-11-30,100.99,110.2714,111.7259,91.5831,90.3909,83.43,142.9715,-29.3635,21.0476,43647500
2022-12-01,180,2022-03-17,2022-12-01,100.99,110.1096,111.5465,91.7177,90.5362,83.43,142.9715,-29.3635,21.0476,28687100
2022-12-02,180,2022-03-18,2022-12-02,100.44,109.9425,111.3609,91.3569,90.1932,83.43,142.9715,-29.7482,20.3884,21480700
2022-12-05,180,2022-03-21,2022-12-05,99.48,109.7611,111.1573,90.6332,89.4948,83.43,142.9715,-30.4197,19.2377,24405100
2022-12-06,180,2022-03-22,2022-12-06,96.98,109.563,110.94,88.5153,87.4166,83.43,142.9715,-32.1683,16.2412,24910700
2022-12-07,180,2022-03-23,2022-12-07,94.94,109.3379,110.6904,86.8318,85.7708,83.43,142.9715,-33.5952,13.796,31045400
2022-12-08,180,2022-03-24,2022-12-08,93.71,109.1099,110.4428,85.8859,84.8493,83.43,142.9715,-34.4555,12.3217,32213300
2022-12-09,180,2022-03-25,2022-12-09,92.83,108.8652,110.172,85.2706,84.2591,83.43,142.9715,-35.071,11.2669,28225400
2022-12-12,180,2022-03-28,2022-12-12,93.31,108.6248,109.9033,85.9012,84.9019,83.43,142.9715,-34.7352,11.8423,29420000
2022-12-13,180,2022-03-29,2022-12-13,95.63,108.4032,109.6488,88.2169,87.2148,83.43,142.9715,-33.1125,14.623,40593700
2022-12-14,180,2022-03-30,2022-12-14,95.07,108.1751,109.3852,87.8853,86.913,83.43,142.9715,-33.5042,13.9518,28733600
2022-12-15,180,2022-03-31,2022-12-15,90.86,107.9182,109.1015,84.1934,83.2803,83.43,142.9715,-36.4489,8.9057,40107000
2022-12-16,180,2022-04-01,2022-12-16,90.26,107.6672,108.8303,83.8324,82.9365,83.43,142.9715,-36.8685,8.1865,58011800
2022-12-19,180,2022-04-04,2022-12-19,88.44,107.3992,108.543,82.347,81.4792,83.43,142.9715,-38.1415,6.005,29493000
2022-12-20,180,2022-04-05,2022-12-20,89.02,107.1283,108.2433,83.0966,82.2407,83.43,140.591,-36.6816,6.7002,23453800
2022-12-21,180,2022-04-06,2022-12-21,89.58,106.8706,107.9599,83.821,82.9753,83.43,136.548,-34.3967,7.3715,24745600
2022-12-22,180,2022-04-07,2022-12-22,87.76,106.6129,107.6889,82.3165,81.494,83.43,135.8885,-35.4176,5.19,27658300
2022-12-23,180,2022-04-08,2022-12-23,89.23,106.3705,107.4296,83.886,83.059,83.43,133.2875,-33.0545,6.9519,23003000
2022-12-27,180,2022-04-11,2022-12-27,87.39,106.1234,107.1747,82.3475,81.5398,83.43,130.009,-32.7816,4.7465,20097300
2022-12-28,180,2022-04-12,2022-12-28,86.02,105.8823,106.9369,81.2412,80.44,83.43,130.009,-33.8354,3.1044,19523200
2022-12-29,180,2022-04-13,2022-12-29,88.45,105.6662,106.7187,83.707,82.8814,83.43,130.009,-31.9663,6.017,23333500
2022-12-30,180,2022-04-14,2022-12-30,88.23,105.4412,106.4873,83.677,82.855,83.43,130.009,-32.1355,5.7533,23986300
2023-01-03,180,2022-04-18,2023-01-03,89.12,105.2359,106.2783,84.6859,83.8553,83.43,130.009,-31.4509,6.8201,28131200
2023-01-04,180,2022-04-19,2023-01-04,88.08,105.0197,106.0583,83.87,83.0486,83.43,130.009,-32.2508,5.5735,34854800
2023-01-05,180,2022-04-20,2023-01-05,86.2,104.7807,105.815,82.267,81.463,83.43,128.04,-32.6773,3.3201,27194400
2023-01-06,180,2022-04-21,2023-01-06,87.34,104.5592,105.5888,83.5316,82.7171,83.43,124.8145,-30.0242,4.6866,41381500
2023-01-09,180,2022-04-22,2023-01-09,88.02,104.3562,105.3844,84.3457,83.5228,83.43,123.074,-28.4821,5.5016,29003900
2023-01-10,180,2022-04-25,2023-01-10,88.42,104.178,105.211,84.874,84.0406,83.43,123.074,-28.157,5.9811,30467800
2023-01-11,180,2022-04-26,2023-01-11,91.52,104.0093,105.0357,87.9921,87.1323,83.43,122.261,-25.1438,9.6967,26862000
2023-01-12,180,2022-04-27,2023-01-12,91.13,103.8566,104.8828,87.746,86.8874,83.43,122.261,-25.4627,9.2293,30258100
2023-01-13,180,2022-04-28,2023-01-13,92.12,103.7305,104.7596,88.807,87.9346,83.43,122.261,-24.653,10.4159,26329200
2023-01-17,180,2022-04-29,2023-01-17,91.29,103.5803,104.6083,88.1345,87.2684,83.43,122.261,-25.3319,9.4211,32602400
2023-01-18,180,2022-05-02,2023-01-18,91.12,103.4487,104.4806,88.0823,87.2124,83.43,122.261,-25.4709,9.2173,29116700
2023-01-19,180,2022-05-03,2023-01-19,93.05,103.3199,104.3499,90.0601,89.1712,83.43,122.261,-23.8923,11.5306,37000400
2023-01-20,180,2022-05-04,2023-01-20,98.02,103.2204,104.2426,94.9619,94.0307,83.43,122.261,-19.8273,17.4877,63191100
2023-01-23,180,2022-05-05,2023-01-23,99.79,103.1115,104.1177,96.7788,95.8434,83.43,122.08,-18.2585,19.6093,40005100
2023-01-24,180,2022-05-06,2023-01-24,97.7,103.014,104.0133,94.8415,93.9303,83.43,122.08,-19.9705,17.1042,33078500
2023-01-25,180,2022-05-09,2023-01-25,95.22,102.9043,103.8992,92.5326,91.6465,83.43,122.08,-22.002,14.1316,42330000
2023-01-26,180,2022-05-10,2023-01-26,97.52,102.824,103.8159,94.8417,93.9355,83.43,122.08,-20.118,16.8884,30114000
2023-01-27,180,2022-05-11,2023-01-27,99.37,102.7464,103.7325,96.7138,95.7945,83.43,122.08,-18.6026,19.1058,33879800
2023-01-30,180,2022-05-12,2023-01-30,96.94,102.6577,103.6399,94.4303,93.5354,83.43,122.08,-20.5931,16.1932,27226200
2023-01-31,180,2022-05-13,2023-01-31,98.84,102.5843,103.5621,96.35,95.4403,83.43,122.08,-19.0367,18.4706,29870700
2023-02-01,180,2022-05-16,2023-02-01,100.43,102.506,103.4753,97.9748,97.057,83.43,122.08,-17.7343,20.3764,35531100
2023-02-02,180,2022-05-17,2023-02-02,107.74,102.4743,103.4381,105.1386,104.1589,83.43,122.08,-11.7464,29.1382,69883800
2023-02-03,180,2022-05-18,2023-02-03,104.78,102.4184,103.3731,102.3058,101.361,83.43,122.08,-14.171,25.5903,65309300
2023-02-06,180,2022-05-19,2023-02-06,102.9,102.3729,103.3231,100.5149,99.5905,83.43,122.08,-15.711,23.3369,31999600
2023-02-07,180,2022-05-20,2023-02-07,107.64,102.3594,103.3079,105.1589,104.1934,83.43,122.08,-11.8283,29.0183,49010200
2023-02-08,180,2022-05-23,2023-02-08,99.37,102.3081,103.2549,97.1281,96.2376,83.43,122.08,-18.6026,19.1058,94743500
2023-02-09,180,2022-05-24,2023-02-09,95.01,102.2178,103.1633,92.9486,92.0967,83.43,122.08,-22.174,13.8799,119455000
2023-02-10,180,2022-05-25,2023-02-10,94.57,102.1518,103.1,92.5779,91.7265,83.43,122.08,-22.5344,13.3525,54980700
2023-02-13,180,2022-05-26,2023-02-13,94.61,102.087,103.0378,92.6759,91.8207,83.43,122.08,-22.5016,13.4005,50076100
2023-02-14,180,2022-05-27,2023-02-14,94.68,102.0126,102.965,92.812,91.9536,83.43,122.08,-22.4443,13.4844,54726100
2023-02-15,180,2022-05-31,2023-02-15,96.94,101.9311,102.8795,95.1035,94.2267,83.43,122.08,-20.5931,16.1932,50169000
2023-02-16,180,2022-06-01,2023-02-16,95.51,101.8342,102.7781,93.7897,92.9283,83.43,122.08,-21.7644,14.4792,42462600
2023-02-17,180,2022-06-02,2023-02-17,94.35,101.7295,102.6696,92.7459,91.8968,83.43,122.08,-22.7146,13.0888,34284100
2023-02-21,180,2022-06-03,2023-02-21,91.79,101.5922,102.5261,90.3515,89.5285,83.43,122.08,-24.8116,10.0204,33629300
2023-02-22,180,2022-06-06,2023-02-22,91.65,101.4673,102.3989,90.3247,89.5029,83.43,122.08,-24.9263,9.8526,30884000
2023-02-23,180,2022-06-07,2023-02-23,90.89,101.3278,102.2548,89.699,88.8858,83.43,122.08,-25.5488,8.9416,41206400
2023-02-24,180,2022-06-08,2023-02-24,89.13,101.1749,102.0992,88.0949,87.2975,83.43,122.08,-26.9905,6.8321,36585100
2023-02-27,180,2022-06-09,2023-02-27,89.87,101.0276,101.9474,88.9559,88.1533,83.43,122.08,-26.3843,7.719,27502300
2023-02-28,180,2022-06-10,2023-02-28,90.06,100.892,101.8097,89.2638,88.4591,83.43,122.08,-26.2287,7.9468,30142000
2023-03-01,180,2022-06-13,2023-03-01,90.36,100.775,101.6942,89.6651,88.8547,83.43,122.08,-25.983,8.3064,31111200
2023-03-02,180,2022-06-14,2023-03-02,92.0,100.6921,101.6142,91.3676,90.5385,83.43,122.08,-24.6396,10.2721,32204400
2023-03-03,180,2022-06-15,2023-03-03,93.65,100.6185,101.5416,93.0743,92.2282,83.43,122.08,-23.288,12.2498,35160100
2023-03-06,180,2022-06-16,2023-03-06,95.13,100.5397,101.4603,94.6193,93.7608,83.43,122.08,-22.0757,14.0237,32639300
2023-03-07,180,2022-06-17,2023-03-07,93.86,100.4711,101.3927,93.4199,92.5708,83.43,122.08,-23.116,12.5015,27835500
2023-03-08,180,2022-06-21,2023-03-08,94.25,100.3996,101.321,93.8749,93.0211,83.43,122.08,-22.7965,12.969,34103300
2023-03-09,180,2022-06-22,2023-03-09,92.32,100.2951,101.2142,92.0483,91.2125,83.43,122.08,-24.3775,10.6556,28813500
2023-03-10,180,2022-06-23,2023-03-10,90.63,100.1799,101.0984,90.4673,89.6454,83.43,122.08,-25.7618,8.63,35941000
2023-03-13,180,2022-06-24,2023-03-13,91.11,100.0648,100.981,91.051,90.2249,83.43,122.08,-25.3686,9.2053,37335600
2023-03-14,180,2022-06-27,2023-03-14,93.97,99.9445,100.8476,94.0222,93.1802,83.43,122.08,-23.0259,12.6333,36050200
2023-03-15,180,2022-06-28,2023-03-15,96.11,99.8463,100.738,96.258,95.4059,83.43,122.08,-21.2729,15.1984,50622100
2023-03-16,180,2022-06-29,2023-03-16,100.32,99.7887,100.6731,100.5324,99.6493,83.43,122.08,-17.8244,20.2445,65492000
2023-03-17,180,2022-06-30,2023-03-17,101.62,99.7396,100.6171,101.8853,100.9968,83.43,122.08,-16.7595,21.8027,61028500
2023-03-20,180,2022-07-01,2023-03-20,101.22,99.7008,100.5741,101.5237,100.6422,83.43,122.08,-17.0872,21.3233,32960400
2023-03-21,180,2022-07-05,2023-03-21,104.92,99.6823,100.5529,105.2543,104.3431,83.43,122.08,-14.0564,25.7581,42110300
2023-03-22,180,2022-07-06,2023-03-22,103.37,99.6357,100.4979,103.7479,102.8579,83.43,122.08,-15.326,23.9003,43427400
2023-03-23,180,2022-07-07,2023-03-23,105.6,99.5948,100.4481,106.0296,105.129,83.43,122.08,-13.4993,26.5732,40797800
2023-03-24,180,2022-07-08,2023-03-24,105.44,99.5362,100.3739,105.9314,105.0472,83.43,122.08,-13.6304,26.3814,30393300
2023-03-27,180,2022-07-11,2023-03-27,102.46,99.4602,100.2801,103.0161,102.1738,83.43,122.08,-16.0714,22.8095,31120900
2023-03-28,180,2022-07-12,2023-03-28,101.03,99.3914,100.1987,101.6487,100.8296,83.43,122.08,-17.2428,21.0955,32057900
2023-03-29,180,2022-07-13,2023-03-29,101.39,99.3314,100.1285,102.0724,101.2598,83.43,122.08,-16.9479,21.527,28779600
2023-03-30,180,2022-07-14,2023-03-30,100.89,99.2804,100.0704,101.6213,100.819,83.43,122.08,-17.3575,20.9277,33086200
2023-03-31,180,2022-07-15,2023-03-31,103.73,99.2487,100.0335,104.5153,103.6952,83.43,122.08,-15.0311,24.3318,36863400
2023-04-03,180,2022-07-18,2023-04-03,104.36,99.2139,99.9923,105.1869,104.368,83.43,122.08,-14.5151,25.0869,25035400
2023-04-04,180,2022-07-19,2023-04-04,104.72,99.1932,99.9684,105.5717,104.7531,83.43,122.08,-14.2202,25.5184,24420100
2023-04-05,180,2022-07-20,2023-04-05,104.47,99.1503,99.9165,105.3653,104.5573,83.43,122.08,-14.425,25.2187,28290500
2023-04-06,180,2022-07-21,2023-04-06,108.42,99.1261,99.8861,109.3758,108.5437,83.43,122.08,-11.1894,29.9533,48711500
2023-04-10,180,2022-07-22,2023-04-10,106.44,99.0907,99.8422,107.4168,106.6083,83.43,122.08,-12.8113,27.58,27067400
2023-04-11,180,2022-07-25,2023-04-11,105.35,99.0784,99.828,106.3299,105.5315,83.43,122.08,-13.7041,26.2735,26311800
2023-04-12,180,2022-07-26,2023-04-12,104.64,99.0645,99.8121,105.6281,104.837,83.43,122.08,-14.2857,25.4225,24370300
2023-04-13,180,2022-07-27,2023-04-13,107.43,99.0762,99.8254,108.4317,107.6179,83.43,122.08,-12.0003,28.7666,24843600
2023-04-14,180,2022-07-28,2023-04-14,108.87,99.0576,99.8022,109.9057,109.0858,83.43,122.08,-10.8208,30.4926,26578000
2023-04-17,180,2022-07-29,2023-04-17,105.97,99.0205,99.7563,107.0183,106.2288,83.43,122.08,-13.1963,27.0167,37571200
2023-04-18,180,2022-08-01,2023-04-18,104.5,98.9675,99.6907,105.5902,104.8243,83.43,122.08,-14.4004,25.2547,26596400
2023-04-19,180,2022-08-02,2023-04-19,104.18,98.919,99.6313,105.3185,104.5655,83.43,122.08,-14.6625,24.8711,20905700
2023-04-20,180,2022-08-03,2023-04-20,105.29,98.8749,99.5767,106.4881,105.7376,83.43,122.08,-13.7533,26.2016,27820800
2023-04-21,180,2022-08-04,2023-04-21,105.41,98.8196,99.5063,106.6691,105.933,83.43,122.08,-13.655,26.3454,25800100
2023-04-24,180,2022-08-05,2023-04-24,105.97,98.7667,99.4384,107.2932,106.5685,83.43,122.08,-13.1963,27.0167,23542800
2023-04-25,180,2022-08-08,2023-04-25,103.85,98.7062,99.3627,105.2112,104.5161,83.43,122.08,-14.9328,24.4756,46664100
2023-04-26,180,2022-08-09,2023-04-26,103.71,98.6458,99.2872,105.1337,104.4545,83.43,122.08,-15.0475,24.3078,53347600
2023-04-27,180,2022-08-10,2023-04-27,107.59,98.6069,99.237,109.11,108.4172,83.43,122.08,-11.8693,28.9584,50089200
2023-04-28,180,2022-08-11,2023-04-28,107.34,98.555,99.1683,108.9139,108.2402,83.43,122.08,-12.0741,28.6588,36139800
2023-05-01,180,2022-08-12,2023-05-01,107.2,98.5057,99.1037,108.8262,108.1696,83.43,122.08,-12.1887,28.4909,26681700
2023-05-02,180,2022-08-15,2023-05-02,105.32,98.4369,99.0128,106.9924,106.3701,83.43,122.08,-13.7287,26.2376,30997200
2023-05-03,180,2022-08-16,2023-05-03,105.41,98.3672,98.9202,107.1597,106.5607,83.43,121.7,-13.3854,26.3454,21795400
2023-05-04,180,2022-08-17,2023-05-04,104.69,98.2955,98.8257,106.5054,105.934,83.43,120.17,-12.8817,25.4824,23419500
2023-05-05,180,2022-08-18,2023-05-05,105.57,98.2361,98.748,107.4656,106.9085,83.43,120.17,-12.1495,26.5372,26639300
2023-05-08,180,2022-08-19,2023-05-08,107.77,98.1848,98.6791,109.7624,109.2126,83.43,117.21,-8.0539,29.1742,26511400
2023-05-09,180,2022-08-22,2023-05-09,107.35,98.1428,98.6243,109.3814,108.8474,83.43,116.65,-7.9726,28.6707,36360100
2023-05-10,180,2022-08-23,2023-05-10,111.75,98.1324,98.6105,113.8768,113.3246,83.43,116.65,-4.2006,33.9446,63153400
2023-05-11,180,2022-08-24,2023-05-11,116.57,98.1433,98.6256,118.7753,118.1945,83.43,116.65,-0.0686,39.7219,78900000
2023-05-12,180,2022-08-25,2023-05-12,117.51,98.1586,98.6468,119.7144,119.122,83.43,117.51,0.0,40.8486,41102300
2023-05-15,180,2022-08-26,2023-05-15,116.51,98.1581,98.646,118.6963,118.1092,83.43,117.51,-0.851,39.65,36266800
2023-05-16,180,2022-08-29,2023-05-16,119.51,98.1953,98.6969,121.7064,121.0878,83.43,119.51,0.0,43.2458,45035600
2023-05-17,180,2022-08-30,2023-05-17,120.84,98.2416,98.7604,123.0029,122.3567,83.43,120.84,0.0,44.84,33323600
2023-05-18,180,2022-08-31,2023-05-18,122.83,98.2973,98.8376,124.9577,124.2746,83.43,122.83,0.0,47.2252,35234200
2023-05-19,180,2022-09-01,2023-05-19,122.76,98.3561,98.9183,124.8118,124.1024,83.43,122.83,-0.057,47.1413,41353400
2023-05-22,180,2022-09-02,2023-05-22,125.05,98.4161,99.0034,127.0626,126.3088,83.43,125.05,0.0,49.8861,35253000
2023-05-23,180,2022-09-06,2023-05-23,122.56,98.476,99.0851,124.4567,123.6916,83.43,125.05,-1.9912,46.9016,34046300
2023-05-24,180,2022-09-07,2023-05-24,120.9,98.5348,99.1634,122.6978,121.92,83.43,125.05,-3.3187,44.9119,34182600
2023-05-25,180,2022-09-08,2023-05-25,123.48,98.5908,99.2413,125.2449,124.424,83.43,125.05,-1.2555,48.0043,42317000
2023-05-26,180,2022-09-09,2023-05-26,124.61,98.6558,99.3315,126.3079,125.4486,83.43,125.05,-0.3519,49.3587,35635900
2023-05-30,180,2022-09-12,2023-05-30,123.67,98.7072,99.4038,125.2897,124.4117,83.43,125.05,-1.1036,48.232,35076700
2023-05-31,180,2022-09-13,2023-05-31,122.87,98.755,99.4706,124.419,123.524,83.43,125.05,-1.7433,47.2732,37325800
2023-06-01,180,2022-09-14,2023-06-01,123.72,98.8365,99.5783,125.1764,124.2439,83.43,125.05,-1.0636,48.292,30772700
2023-06-02,180,2022-09-15,2023-06-02,124.67,98.9181,99.6876,126.0335,125.0607,83.43,125.05,-0.3039,49.4307,26980100
2023-06-05,180,2022-09-16,2023-06-05,126.01,99.015,99.8159,127.2635,126.2424,83.43,126.01,0.0,51.0368,32305500
2023-06-06,180,2022-09-19,2023-06-06,127.31,99.1171,99.9521,128.444,127.371,83.43,127.31,0.0,52.595,26638300
2023-06-07,180,2022-09-20,2023-06-07,122.5,99.2012,100.0601,123.4864,122.4265,83.43,127.31,-3.7782,46.8297,52539000
2023-06-08,180,2022-09-21,2023-06-08,122.14,99.2942,100.1767,123.0081,121.9245,83.43,127.31,-4.061,46.3982,29389200
2023-06-09,180,2022-09-22,2023-06-09,122.23,99.3979,100.3042,122.9704,121.8593,83.43,127.31,-3.9903,46.5061,23778300
2023-06-12,180,2022-09-23,2023-06-12,123.64,99.5022,100.4348,124.2585,123.1048,83.43,127.31,-2.8827,48.1961,28306400
2023-06-13,180,2022-09-26,2023-06-13,123.83,99.6152,100.5742,124.3083,123.1231,83.43,127.31,-2.7335,48.4238,22278300
2023-06-14,180,2022-09-27,2023-06-14,123.67,99.7311,100.7158,124.0034,122.791,83.43,127.31,-2.8592,48.232,30592300
2023-06-15,180,2022-09-28,2023-06-15,125.09,99.8563,100.8691,125.27,124.0122,83.43,127.31,-1.7438,49.9341,35246300
2023-06-16,180,2022-09-29,2023-06-16,123.53,99.9617,100.9996,123.5774,122.3075,83.43,127.31,-2.9691,48.0642,45535600
2023-06-20,180,2022-09-30,2023-06-20,123.1,100.0807,101.1422,123.0008,121.7098,83.43,127.31,-3.3069,47.5488,26097500
2023-06-21,180,2022-10-03,2023-06-21,120.55,100.201,101.2806,120.3082,119.0258,83.43,127.31,-5.3099,44.4924,30306300
2023-06-22,180,2022-10-04,2023-06-22,123.15,100.3136,101.4167,122.7649,121.4297,83.43,127.31,-3.2676,47.6088,26952200
2023-06-23,180,2022-10-05,2023-06-23,122.34,100.4068,101.5317,121.8443,120.4944,83.43,127.31,-3.9039,46.6379,34913600
2023-06-26,180,2022-10-06,2023-06-26,118.34,100.4858,101.6257,117.7679,116.447,83.43,127.31,-7.0458,41.8435,33969900
2023-06-27,180,2022-10-07,2023-06-27,118.33,100.5649,101.7196,117.6653,116.3296,83.43,127.31,-7.0536,41.8315,39535900
2023-06-28,180,2022-10-10,2023-06-28,120.18,100.6668,101.8391,119.3839,118.0097,83.43,127.31,-5.6005,44.0489,27091400
2023-06-29,180,2022-10-11,2023-06-29,119.1,100.7695,101.9571,118.1905,116.8139,83.43,127.31,-6.4488,42.7544,24090900
2023-06-30,180,2022-10-12,2023-06-30,119.7,100.8789,102.0822,118.6572,117.2585,83.43,127.31,-5.9775,43.4736,29532200
2023-07-03,180,2022-10-13,2023-07-03,119.9,100.987,102.2063,118.7282,117.3118,83.43,127.31,-5.8204,43.7133,14467900
2023-07-05,180,2022-10-14,2023-07-05,121.75,101.0937,102.3323,120.4329,118.9751,83.43,127.31,-4.3673,45.9307,27584800
2023-07-06,180,2022-10-17,2023-07-06,120.11,101.2091,102.4632,118.6751,117.2226,83.43,127.31,-5.6555,43.965,24745200
2023-07-07,180,2022-10-18,2023-07-07,119.48,101.3021,102.5716,117.9442,116.4845,83.43,127.31,-6.1503,43.2099,21709500
2023-07-10,180,2022-10-19,2023-07-10,116.45,101.3784,102.6587,114.8667,113.4342,83.43,127.31,-8.5304,39.5781,35315200
2023-07-11,180,2022-10-20,2023-07-11,117.14,101.4641,102.7559,115.4497,113.9983,83.43,127.31,-7.9884,40.4051,23078800
2023-07-12,180,2022-10-21,2023-07-12,118.93,101.5554,102.8613,117.1085,115.6217,83.43,127.31,-6.5824,42.5506,30404400
2023-07-13,180,2022-10-24,2023-07-13,124.54,101.662,102.9913,122.504,120.9228,83.43,127.31,-2.1758,49.2748,44297900
2023-07-14,180,2022-10-25,2023-07-14,125.42,101.7644,103.1186,123.2455,121.627,83.43,127.31,-1.4846,50.3296,33283100
2023-07-17,180,2022-10-26,2023-07-17,124.65,101.8535,103.2306,122.3816,120.7491,83.43,127.31,-2.0894,49.4067,25716200
2023-07-18,180,2022-10-27,2023-07-18,123.76,101.9952,103.3908,121.3391,119.7012,83.43,127.31,-2.7885,48.3399,26193600
2023-07-19,180,2022-10-28,2023-07-19,122.03,102.1485,103.5564,119.4633,117.8392,83.43,127.31,-4.1474,46.2663,37224000
2023-07-20,180,2022-10-31,2023-07-20,119.2,102.2643,103.6837,116.5607,114.9651,83.43,127.31,-6.3703,42.8743,37906800
2023-07-21,180,2022-11-01,2023-07-21,120.02,102.3952,103.8254,117.2126,115.5979,83.43,127.31,-5.7262,43.8571,72937900
2023-07-24,180,2022-11-02,2023-07-24,121.53,102.56,103.9979,118.4965,116.8581,83.43,127.31,-4.5401,45.667,29686100
2023-07-25,180,2022-11-03,2023-07-25,122.21,102.7541,104.1937,118.9344,117.2911,83.43,127.31,-4.006,46.4821,52509600
2023-07-26,180,2022-11-04,2023-07-26,129.27,103.004,104.4484,125.5,123.7645,86.02,129.27,0.0,50.279,61682100
2023-07-27,180,2022-11-07,2023-07-27,129.4,103.2298,104.6863,125.3514,123.6074,86.02,129.4,0.0,50.4301,44952100
2023-07-28,180,2022-11-08,2023-07-28,132.58,103.4528,104.9312,128.1551,126.3494,86.02,132.58,0.0,54.127,36591200
2023-07-31,180,2022-11-09,2023-07-31,132.72,103.6741,105.1747,128.0166,126.1901,86.02,132.72,0.0,54.2897,28055500
2023-08-01,180,2022-11-10,2023-08-01,131.55,103.9045,105.4204,126.6067,124.7861,86.02,132.72,-0.8816,52.9296,23166800
2023-08-02,180,2022-11-11,2023-08-02,128.38,104.0761,105.6117,123.3521,121.5585,86.02,132.72,-3.27,49.2444,26273300
2023-08-03,180,2022-11-14,2023-08-03,128.45,104.232,105.7897,123.2347,121.4201,86.02,132.72,-3.2173,49.3257,20089500
2023-08-04,180,2022-11-15,2023-08-04,128.11,104.3918,105.9698,122.7204,120.893,86.02,132.72,-3.4735,48.9305,26147200
2023-08-07,180,2022-11-16,2023-08-07,131.53,104.5467,106.1536,125.8098,123.9053,86.02,132.72,-0.8966,52.9063,22746300
2023-08-08,180,2022-11-17,2023-08-08,131.4,104.6991,106.3344,125.5025,123.5724,86.02,132.72,-0.9946,52.7552,23535200
2023-08-09,180,2022-11-18,2023-08-09,129.66,104.8488,106.5083,123.6638,121.737,86.02,132.72,-2.3056,50.7324,24912900
2023-08-10,180,2022-11-21,2023-08-10,129.69,105.005,106.6876,123.5084,121.5606,86.02,132.72,-2.283,50.7673,20857800
2023-08-11,180,2022-11-22,2023-08-11,129.56,105.1732,106.8762,123.1873,121.2243,86.02,132.72,-2.381,50.6161,19591100
2023-08-14,180,2022-11-23,2023-08-14,131.33,105.3387,107.0667,124.674,122.6619,86.02,132.72,-1.0473,52.6738,24695600
2023-08-15,180,2022-11-25,2023-08-15,129.78,105.49,107.2407,123.0258,121.0175,86.02,132.72,-2.2152,50.8719,19770700
2023-08-16,180,2022-11-28,2023-08-16,128.7,105.6442,107.4142,121.824,119.8165,86.02,132.72,-3.0289,49.6164,25216100
2023-08-17,180,2022-11-29,2023-08-17,129.92,105.8128,107.6024,122.7829,120.7408,86.02,132.72,-2.1097,51.0346,33446300
2023-08-18,180,2022-11-30,2023-08-18,127.46,105.9785,107.7817,120.2697,118.2576,86.02,132.72,-3.9632,48.1748,30504800
2023-08-21,180,2022-12-01,2023-08-21,128.37,106.1104,107.9338,120.9777,118.934,86.02,132.72,-3.2776,49.2327,25248700
2023-08-22,180,2022-12-02,2023-08-22,129.08,106.2454,108.0898,121.4923,119.4192,86.02,132.72,-2.7426,50.0581,22054900
2023-08-23,180,2022-12-05,2023-08-23,132.37,106.3962,108.2672,124.4123,122.2623,86.02,132.72,-0.2637,53.8828,27819700
2023-08-24,180,2022-12-06,2023-08-24,129.78,106.544,108.4356,121.8088,119.684,86.02,132.72,-2.2152,50.8719,28500700
2023-08-25,180,2022-12-07,2023-08-25,129.88,106.709,108.6183,121.7142,119.5747,86.02,132.72,-2.1398,50.9882,26762900
2023-08-28,180,2022-12-08,2023-08-28,131.01,106.8928,108.8187,122.5621,120.3929,86.02,132.72,-1.2884,52.3018,20543300
2023-08-29,180,2022-12-09,2023-08-29,134.57,107.0989,109.0457,125.6503,123.407,86.02,134.57,0.0,56.4404,43075600
2023-08-30,180,2022-12-12,2023-08-30,135.88,107.3168,109.2849,126.6158,124.3356,86.02,135.88,0.0,57.9633,28315800
2023-08-31,180,2022-12-13,2023-08-31,136.17,107.533,109.523,126.6308,124.33,86.02,136.17,0.0,58.3004,30053800
2023-09-01,180,2022-12-14,2023-09-01,135.66,107.7316,109.7454,125.924,123.6134,86.02,136.17,-0.3745,57.7075,21543700
2023-09-05,180,2022-12-15,2023-09-05,135.77,107.9353,109.9715,125.7883,123.4593,86.02,136.17,-0.2937,57.8354,19403100
2023-09-06,180,2022-12-16,2023-09-06,134.46,108.1668,110.2137,124.308,121.9993,86.02,136.17,-1.2558,56.3125,18684500
2023-09-07,180,2022-12-19,2023-09-07,135.26,108.4069,110.4637,124.7706,122.4474,86.02,136.17,-0.6683,57.2425,18844300
2023-09-08,180,2022-12-20,2023-09-08,136.38,108.667,110.7301,125.5026,123.1644,86.02,136.38,0.0,58.5445,23558300
2023-09-11,180,2022-12-21,2023-09-11,136.92,108.9255,110.9962,125.7006,123.3556,86.02,136.92,0.0,59.1723,20763400
2023-09-12,180,2022-12-22,2023-09-12,135.34,109.1748,111.2504,123.9663,121.6535,86.02,136.92,-1.154,57.3355,18405500
2023-09-13,180,2022-12-23,2023-09-13,136.71,109.4457,111.5223,124.9113,122.5853,86.02,136.92,-0.1534,58.9282,20749500
2023-09-14,180,2022-12-27,2023-09-14,138.1,109.7102,111.7938,125.8771,123.531,86.02,138.1,0.0,60.5441,24751000
2023-09-15,180,2022-12-28,2023-09-15,137.4,109.9894,112.0717,124.9211,122.6001,86.02,138.1,-0.5069,59.7303,38919600
2023-09-18,180,2022-12-29,2023-09-18,138.21,110.2853,112.3616,125.3205,123.0047,86.2,138.21,0.0,60.3364,21861300
2023-09-19,180,2022-12-30,2023-09-19,138.04,110.5604,112.6371,124.8548,122.5529,86.2,138.21,-0.123,60.1392,20353700
2023-09-20,180,2023-01-03,2023-09-20,133.74,110.8229,112.8899,120.679,118.4694,86.2,138.21,-3.2342,55.1508,29927500
2023-09-21,180,2023-01-04,2023-09-21,130.44,111.066,113.1195,117.4437,115.3117,86.2,138.21,-5.6219,51.3225,31503900
2023-09-22,180,2023-01-05,2023-09-22,130.25,111.3185,113.3538,117.0066,114.9057,86.2,138.21,-5.7594,51.1021,26397300
2023-09-25,180,2023-01-06,2023-09-25,131.11,111.5927,113.6033,117.4898,115.4104,87.34,138.21,-5.1371,50.1145,20094600
2023-09-26,180,2023-01-09,2023-09-26,128.57,111.8473,113.8323,114.9514,112.9468,88.02,138.21,-6.9749,46.0691,25718700
2023-09-27,180,2023-01-10,2023-09-27,130.54,112.1051,114.0686,116.4443,114.4399,88.42,138.21,-5.5495,47.6363,22746500
2023-09-28,180,2023-01-11,2023-09-28,132.31,112.3676,114.3124,117.7474,115.7442,89.13,138.21,-4.2689,48.4461,22513100
2023-09-29,180,2023-01-12,2023-09-29,130.86,112.5985,114.5309,116.2182,114.2573,89.13,138.21,-5.318,46.8193,30859800
2023-10-02,180,2023-01-13,2023-10-02,134.17,112.847,114.7701,118.8955,116.9033,89.13,138.21,-2.9231,50.5329,22288000
2023-10-03,180,2023-01-17,2023-10-03,132.43,113.0813,114.994,117.1105,115.1625,89.13,138.21,-4.1821,48.5807,22989400
2023-10-04,180,2023-01-18,2023-10-04,135.24,113.3347,115.2382,119.328,117.357,89.13,138.21,-2.1489,51.7334,26752300
2023-10-05,180,2023-01-19,2023-10-05,135.07,113.5901,115.4823,118.91,116.9616,89.13,138.21,-2.2719,51.5427,19832600
2023-10-06,180,2023-01-20,2023-10-06,137.58,113.84,115.7297,120.8538,118.8804,89.13,138.21,-0.4558,54.3588,27597600
2023-10-09,180,2023-01-23,2023-10-09,138.42,114.0548,115.9542,121.3627,119.3748,89.13,138.42,0.0,55.3012,19278100
2023-10-10,180,2023-01-24,2023-10-10,138.06,114.2559,116.1668,120.834,118.8464,89.13,138.42,-0.2601,54.8973,27786600
2023-10-11,180,2023-01-25,2023-10-11,140.55,114.4827,116.4048,122.7697,120.7424,89.13,140.55,0.0,57.691,25884300
2023-10-12,180,2023-01-26,2023-10-12,138.97,114.7239,116.6479,121.1343,119.1363,89.13,140.55,-1.1242,55.9183,24765500
2023-10-13,180,2023-01-27,2023-10-13,137.36,114.9418,116.8692,119.504,117.5331,89.13,140.55,-2.2697,54.112,23420500
2023-10-16,180,2023-01-30,2023-10-16,139.1,115.1531,117.0899,120.7957,118.7976,89.13,140.55,-1.0317,56.0642,28501900
2023-10-17,180,2023-01-31,2023-10-17,139.72,115.3863,117.3276,121.0889,119.0854,89.13,140.55,-0.5905,56.7598,23515800
2023-10-18,180,2023-02-01,2023-10-18,137.96,115.5989,117.5449,119.3437,117.3679,89.13,140.55,-1.8428,54.7852,23375000
2023-10-19,180,2023-02-02,2023-10-19,137.75,115.7995,117.7523,118.9556,116.9829,89.13,140.55,-1.9922,54.5495,26066000
2023-10-20,180,2023-02-03,2023-10-20,135.6,115.9417,117.9071,116.9553,115.0058,89.13,140.55,-3.5219,52.1373,26335700
2023-10-23,180,2023-02-06,2023-10-23,136.5,116.1076,118.0833,117.5634,115.5964,89.13,140.55,-2.8815,53.1471,26317900
2023-10-24,180,2023-02-07,2023-10-24,138.81,116.2962,118.2828,119.359,117.3544,89.13,140.55,-1.238,55.7388,44814300
2023-10-25,180,2023-02-08,2023-10-25,125.61,116.3962,118.3826,107.9159,106.1051,89.13,140.55,-10.6297,40.929,84366200
2023-10-26,180,2023-02-09,2023-10-26,122.28,116.5382,118.5099,104.9269,103.1813,89.13,140.55,-12.9989,37.1929,57061100
2023-10-27,180,2023-02-10,2023-10-27,122.17,116.7151,118.6608,104.6737,102.9574,89.13,140.55,-13.0772,37.0695,44566500
2023-10-30,180,2023-02-13,2023-10-30,124.46,116.9076,118.8268,106.4602,104.7407,89.13,140.55,-11.4479,39.6387,28940100
2023-10-31,180,2023-02-14,2023-10-31,124.08,117.0985,118.9906,105.9621,104.2772,89.13,140.55,-11.7183,39.2124,26292300
2023-11-01,180,2023-02-15,2023-11-01,126.45,117.301,119.1671,107.7996,106.1115,89.13,140.55,-10.032,41.8714,30082400
2023-11-02,180,2023-02-16,2023-11-02,127.49,117.4902,119.3368,108.5111,106.8321,89.13,140.55,-9.2921,43.0383,27124600
2023-11-03,180,2023-02-17,2023-11-03,129.1,117.6995,119.5234,109.6861,108.0123,89.13,140.55,-8.1466,44.8446,26393100
2023-11-06,180,2023-02-21,2023-11-06,130.25,117.9248,119.7228,110.4518,108.7929,89.13,140.55,-7.3284,46.1349,19052700
2023-11-07,180,2023-02-22,2023-11-07,130.97,118.1771,119.9405,110.8252,109.1958,89.13,140.55,-6.8161,46.9427,29757300
2023-11-08,180,2023-02-23,2023-11-08,131.84,118.4357,120.1638,111.3177,109.7169,89.13,140.55,-6.1971,47.9188,26425800
2023-11-09,180,2023-02-24,2023-11-09,130.24,118.6954,120.3824,109.7263,108.1886,89.13,140.55,-7.3355,46.1237,23747800
2023-11-10,180,2023-02-27,2023-11-10,132.59,118.9839,120.6238,111.4352,109.9202,89.87,140.55,-5.6635,47.5353,26913300
2023-11-13,180,2023-02-28,2023-11-13,132.09,119.2643,120.8584,110.754,109.2932,90.06,140.55,-6.0192,46.6689,18324800
2023-11-14,180,2023-03-01,2023-11-14,133.62,119.551,121.1004,111.7682,110.3382,90.36,140.55,-4.9306,47.8752,32395200
2023-11-15,180,2023-03-02,2023-11-15,134.62,119.8406,121.3463,112.3325,110.9387,90.63,140.55,-4.2191,48.538,23861500
2023-11-16,180,2023-03-03,2023-11-16,136.93,120.1259,121.5959,113.9888,112.6107,90.63,140.55,-2.5756,51.0868,28013200
2023-11-17,180,2023-03-06,2023-11-17,135.31,120.39,121.8273,112.393,111.067,90.63,140.55,-3.7282,49.2994,37240600
2023-11-20,180,2023-03-07,2023-11-20,136.25,120.646,122.0558,112.9337,111.6293,90.63,140.55,-3.0594,50.3365,27815500
2023-11-21,180,2023-03-08,2023-11-21,136.97,120.9178,122.2953,113.2753,111.9994,90.63,140.55,-2.5471,51.131,22635300
2023-11-22,180,2023-03-09,2023-11-22,138.49,121.1937,122.5411,114.2716,113.0152,90.63,140.55,-1.4657,52.8081,17813900
2023-11-24,180,2023-03-10,2023-11-24,136.69,121.4813,122.7876,112.5194,111.3224,90.63,140.55,-2.7464,50.822,12514300
2023-11-27,180,2023-03-13,2023-11-27,136.41,121.7857,123.0419,112.0083,110.8647,91.11,140.55,-2.9456,49.7201,23436500
2023-11-28,180,2023-03-14,2023-11-28,137.2,122.0902,123.2979,112.3759,111.2752,93.97,140.55,-2.3835,46.004,18730000
2023-11-29,180,2023-03-15,2023-11-29,134.99,122.3586,123.5258,110.3232,109.2808,96.11,140.55,-3.9559,40.4537,23967200
2023-11-30,180,2023-03-16,2023-11-30,132.53,122.5969,123.7282,108.1022,107.1138,100.32,140.55,-5.7062,32.1073,38988300
2023-12-01,180,2023-03-17,2023-12-01,131.86,122.7963,123.9034,107.3811,106.4216,100.89,140.55,-6.1829,30.6968,31442300
2023-12-04,180,2023-03-20,2023-12-04,129.27,122.9729,124.057,105.1207,104.2021,100.89,140.55,-8.0256,28.1297,36669900
2023-12-05,180,2023-03-21,2023-12-05,130.99,123.1618,124.2224,106.356,105.448,100.89,140.55,-6.8018,29.8345,27384800
2023-12-06,180,2023-03-22,2023-12-06,130.02,123.3171,124.3618,105.4355,104.5498,100.89,140.55,-7.492,28.873,23576200
2023-12-07,180,2023-03-23,2023-12-07,136.93,123.5177,124.5483,110.8586,109.9413,100.89,140.55,-2.5756,35.7221,56767100
2023-12-08,180,2023-03-24,2023-12-08,134.99,123.6927,124.7116,109.1334,108.2418,100.89,140.55,-3.9559,33.7992,32260100
2023-12-11,180,2023-03-27,2023-12-11,133.29,123.8614,124.8663,107.6122,106.7462,100.89,140.55,-5.1654,32.1142,31138000
2023-12-12,180,2023-03-28,2023-12-12,132.52,124.0504,125.0333,106.8276,105.9878,100.89,140.55,-5.7133,31.351,29032800
2023-12-13,180,2023-03-29,2023-12-13,132.57,124.252,125.2085,106.6945,105.8794,100.89,140.55,-5.6777,31.4005,30104800
2023-12-14,180,2023-03-30,2023-12-14,131.94,124.4482,125.3782,106.02,105.2336,100.89,140.55,-6.1259,30.7761,38722400
2023-12-15,180,2023-03-31,2023-12-15,132.6,124.6525,125.5544,106.3758,105.6116,103.71,140.55,-5.6563,27.8565,50847100
2023-12-18,180,2023-04-03,2023-12-18,135.8,124.8493,125.7326,108.7711,108.007,103.71,140.55,-3.3796,30.9421,32258000
2023-12-19,180,2023-04-04,2023-12-19,136.65,125.0457,125.9119,109.2801,108.5282,103.71,140.55,-2.7748,31.7616,25476800
2023-12-20,180,2023-04-05,2023-12-20,138.34,125.2476,126.0987,110.4532,109.7077,103.71,140.55,-1.5724,33.3912,49107200
2023-12-21,180,2023-04-06,2023-12-21,140.42,125.4615,126.2984,111.9227,111.1811,103.71,140.55,-0.0925,35.3968,27488300
2023-12-22,180,2023-04-10,2023-12-22,141.49,125.6503,126.4822,112.6061,111.8656,103.71,141.49,0.0,36.4285,26532200
2023-12-26,180,2023-04-11,2023-12-26,141.52,125.8549,126.6771,112.4469,111.7172,103.71,141.52,0.0,36.4574,16780300
2023-12-27,180,2023-04-12,2023-12-27,140.37,126.0637,126.8716,111.3485,110.6394,103.71,141.52,-0.8126,35.3486,19628600
2023-12-28,180,2023-04-13,2023-12-28,140.23,126.2782,127.0693,111.0485,110.3571,103.71,141.52,-0.9115,35.2136,16045700
2023-12-29,180,2023-04-14,2023-12-29,139.69,126.4689,127.2486,110.454,109.7773,103.71,141.52,-1.2931,34.6929,18733000
2024-01-02,180,2023-04-17,2024-01-02,138.17,126.6422,127.4113,109.1026,108.444,103.71,141.52,-2.3672,33.2273,23711200
2024-01-03,180,2023-04-18,2024-01-03,138.92,126.842,127.5944,109.5221,108.8763,103.71,141.52,-1.8372,33.9504,24212100
2024-01-04,180,2023-04-19,2024-01-04,136.39,127.0423,127.7716,107.358,106.7452,103.71,141.52,-3.6249,31.5109,27137700
2024-01-05,180,2023-04-20,2024-01-05,135.73,127.2426,127.9468,106.6702,106.0831,103.71,141.52,-4.0913,30.8746,22513900
2024-01-08,180,2023-04-21,2024-01-08,138.84,127.4494,128.1332,108.9373,108.356,103.71,141.52,-1.8937,33.8733,21404000
2024-01-09,180,2023-04-24,2024-01-09,140.95,127.6656,128.3307,110.4056,109.8334,103.71,141.52,-0.4028,35.9078,24759600
2024-01-10,180,2023-04-25,2024-01-10,142.28,127.8841,128.5324,111.257,110.6958,103.71,142.28,0.0,37.1902,21320200
2024-01-11,180,2023-04-26,2024-01-11,142.08,128.1199,128.7448,110.8961,110.3579,103.71,142.28,-0.1406,36.9974,24008700
2024-01-12,180,2023-04-27,2024-01-12,142.65,128.3604,128.9611,111.1324,110.6147,104.69,142.65,0.0,36.2594,18785500
2024-01-16,180,2023-04-28,2024-01-16,142.49,128.5691,129.155,110.8275,110.3248,104.69,142.65,-0.1122,36.1066,22670500
2024-01-17,180,2023-05-01,2024-01-17,141.47,128.7759,129.3446,109.8576,109.3745,104.69,142.65,-0.8272,35.1323,20968600
2024-01-18,180,2023-05-02,2024-01-18,143.48,128.9935,129.5462,111.2304,110.7559,104.69,143.48,0.0,37.0522,25746400
2024-01-19,180,2023-05-03,2024-01-19,146.38,129.2402,129.7743,113.262,112.7959,104.69,146.38,0.0,39.8223,34271900
2024-01-22,180,2023-05-04,2024-01-22,145.99,129.4854,129.9997,112.7463,112.3002,104.69,146.38,-0.2664,39.4498,32200400
2024-01-23,180,2023-05-05,2024-01-23,147.04,129.7421,130.235,113.3325,112.9036,105.57,147.04,0.0,39.282,21636100
2024-01-24,180,2023-05-08,2024-01-24,148.7,129.9996,130.4746,114.385,113.9685,107.35,148.7,0.0,38.5189,25233500
2024-01-25,180,2023-05-09,2024-01-25,151.87,130.253,130.7196,116.5961,116.18,107.35,151.87,0.0,41.4718,29149100
2024-01-26,180,2023-05-10,2024-01-26,152.19,130.5123,130.9687,116.6097,116.2033,111.75,152.19,0.0,36.1879,26115500
2024-01-29,180,2023-05-11,2024-01-29,153.51,130.743,131.2007,117.4135,117.0039,116.45,153.51,0.0,31.8248,27784300
2024-01-30,180,2023-05-12,2024-01-30,151.46,130.931,131.3946,115.6793,115.2711,116.45,153.51,-1.3354,30.0644,36331800
2024-01-31,180,2023-05-15,2024-01-31,140.1,131.0618,131.5201,106.8962,106.5237,116.45,153.51,-8.7356,20.3092,71910000
2024-02-01,180,2023-05-16,2024-02-01,141.16,131.2049,131.657,107.5874,107.218,116.45,153.51,-8.0451,21.2194,40466500
2024-02-02,180,2023-05-17,2024-02-02,142.38,131.3336,131.7841,108.4109,108.0404,116.45,153.51,-7.2503,22.2671,62499600
2024-02-05,180,2023-05-18,2024-02-05,143.68,131.4598,131.9109,109.2958,108.922,116.45,153.51,-6.4035,23.3834,38505400
2024-02-06,180,2023-05-19,2024-02-06,144.1,131.5753,132.0291,109.5191,109.1426,116.45,153.51,-6.1299,23.7441,29128200
2024-02-07,180,2023-05-22,2024-02-07,145.54,131.698,132.1557,110.5104,110.1277,116.45,153.51,-5.1918,24.9807,25208900
2024-02-08,180,2023-05-23,2024-02-08,145.91,131.8083,132.2716,110.6987,110.3109,116.45,153.51,-4.9508,25.2984,22563800
2024-02-09,180,2023-05-24,2024-02-09,149.0,131.9482,132.4184,112.9231,112.5221,116.45,153.51,-2.9379,27.9519,26829500
2024-02-12,180,2023-05-25,2024-02-12,147.53,132.0927,132.5664,111.6867,111.2876,116.45,153.51,-3.8955,26.6896,21564100
2024-02-13,180,2023-05-26,2024-02-13,145.14,132.21,132.6867,109.7799,109.3855,116.45,153.51,-5.4524,24.6372,27837700
2024-02-14,180,2023-05-30,2024-02-14,145.94,132.324,132.8052,110.2899,109.8903,116.45,153.51,-4.9313,25.3242,22704200
2024-02-15,180,2023-05-31,2024-02-15,142.77,132.4293,132.9113,107.8085,107.4175,116.45,153.51,-6.9963,22.602,37590700
2024-02-16,180,2023-06-01,2024-02-16,140.52,132.529,133.0094,106.0296,105.6467,116.45,153.51,-8.462,20.6698,31468900
2024-02-20,180,2023-06-02,2024-02-20,141.12,132.6263,133.1061,106.4042,106.0207,116.45,153.51,-8.0711,21.1851,25144700
2024-02-21,180,2023-06-05,2024-02-21,142.55,132.7247,133.2054,107.4028,107.0152,116.45,153.51,-7.1396,22.4131,23223300
2024-02-22,180,2023-06-06,2024-02-22,144.09,132.8222,133.3058,108.4834,108.0898,116.45,153.51,-6.1364,23.7355,27191900
2024-02-23,180,2023-06-07,2024-02-23,143.96,132.9113,133.3983,108.3128,107.9174,116.45,153.51,-6.2211,23.6239,19493800
2024-02-26,180,2023-06-08,2024-02-26,137.57,132.9991,133.4821,103.4368,103.0625,116.45,153.51,-10.3837,18.1365,53641800
2024-02-27,180,2023-06-09,2024-02-27,138.88,133.0962,133.5751,104.3456,103.9715,116.45,153.51,-9.5303,19.2615,33099200
2024-02-28,180,2023-06-12,2024-02-28,136.38,133.1798,133.6537,102.4029,102.0399,116.45,153.51,-11.1589,17.1146,37328600
2024-02-29,180,2023-06-13,2024-02-29,138.46,133.2651,133.736,103.8982,103.5323,116.45,153.51,-9.8039,18.9008,42133000
2024-03-01,180,2023-06-14,2024-03-01,137.14,133.3425,133.8099,102.8479,102.4886,116.45,153.51,-10.6638,17.7673,31151100
2024-03-04,180,2023-06-15,2024-03-04,133.35,133.4005,133.8637,99.9621,99.6162,116.45,153.51,-13.1327,14.5127,55999400
2024-03-05,180,2023-06-16,2024-03-05,132.67,133.4457,133.9058,99.4187,99.0771,116.45,153.51,-13.5757,13.9287,40194800
2024-03-06,180,2023-06-20,2024-03-06,131.4,133.4937,133.9496,98.4316,98.0966,116.45,153.51,-14.403,12.8381,35318600
2024-03-07,180,2023-06-21,2024-03-07,134.38,133.5612,134.0122,100.6131,100.2744,116.45,153.51,-12.4617,15.3972,37738200
2024-03-08,180,2023-06-22,2024-03-08,135.41,133.6515,134.0948,101.3158,100.9808,116.45,153.51,-11.7908,16.2817,39370400
2024-03-11,180,2023-06-23,2024-03-11,137.67,133.7365,134.1754,102.9412,102.6045,116.45,153.51,-10.3185,18.2224,32437800
2024-03-12,180,2023-06-26,2024-03-12,138.5,133.8314,134.2652,103.4885,103.154,116.45,153.51,-9.7779,18.9352,27563400
2024-03-13,180,2023-06-27,2024-03-13,139.79,133.9605,134.3844,104.3516,104.0225,116.45,153.51,-8.9375,20.0429,23347200
2024-03-14,180,2023-06-28,2024-03-14,143.1,134.1065,134.522,106.7062,106.3767,116.45,153.51,-6.7813,22.8854,42753400
2024-03-15,180,2023-06-29,2024-03-15,141.18,134.2303,134.6387,105.1775,104.8584,116.45,153.51,-8.0321,21.2366,49475400
2024-03-18,180,2023-06-30,2024-03-18,147.68,134.3931,134.7974,109.8866,109.557,116.45,153.51,-3.7978,26.8184,69273700
2024-03-19,180,2023-07-03,2024-03-19,147.03,134.5491,134.9493,109.2761,108.952,116.45,153.51,-4.2212,26.2602,24070400
2024-03-20,180,2023-07-05,2024-03-20,148.74,134.712,135.1095,110.4134,110.0885,116.45,153.51,-3.1073,27.7286,21311500
2024-03-21,180,2023-07-06,2024-03-21,147.6,134.8572,135.2531,109.4492,109.1287,116.45,153.51,-3.8499,26.7497,24755600
2024-03-22,180,2023-07-07,2024-03-22,150.77,135.0284,135.4234,111.658,111.3323,116.45,153.51,-1.7849,29.4719,29211800
2024-03-25,180,2023-07-10,2024-03-25,150.07,135.2015,135.5934,110.9973,110.6765,116.45,153.51,-2.2409,28.8708,19229300
2024-03-26,180,2023-07-11,2024-03-26,150.67,135.3998,135.7835,111.2778,110.9634,117.14,153.51,-1.85,28.6239,22149100
2024-03-27,180,2023-07-12,2024-03-27,150.87,135.5945,135.9709,111.2656,110.9576,118.93,153.51,-1.7198,26.8561,22879200
2024-03-28,180,2023-07-13,2024-03-28,150.93,135.7768,136.1487,111.1604,110.8568,119.2,153.51,-1.6807,26.6191,24485400
2024-04-01,180,2023-07-14,2024-04-01,155.49,135.9407,136.3206,114.3808,114.062,119.2,155.49,0.0,30.4446,31730800
2024-04-02,180,2023-07-17,2024-04-02,154.56,136.0952,136.4825,113.5675,113.2453,119.2,155.49,-0.5981,29.6644,24586000
2024-04-03,180,2023-07-18,2024-04-03,154.92,136.2567,136.6507,113.6972,113.3694,119.2,155.49,-0.3666,29.9664,24705000
2024-04-04,180,2023-07-19,2024-04-04,150.53,136.4051,136.7994,110.3551,110.037,119.2,155.49,-3.1899,26.2836,34724700
2024-04-05,180,2023-07-20,2024-04-05,152.5,136.5745,136.9687,111.6606,111.3393,119.2,155.49,-1.923,27.9362,23459200
2024-04-08,180,2023-07-21,2024-04-08,154.85,136.775,137.1667,113.2152,112.8918,120.02,155.49,-0.4116,29.0202,20702000
2024-04-09,180,2023-07-24,2024-04-09,156.6,136.9775,137.3699,114.3253,113.9987,121.53,156.6,0.0,28.8571,31079500
2024-04-10,180,2023-07-25,2024-04-10,156.14,137.1679,137.5622,113.8313,113.505,122.17,156.6,-0.2937,27.8055,22838600
2024-04-11,180,2023-07-26,2024-04-11,159.41,137.3678,137.7689,116.0461,115.7083,122.17,159.41,0.0,30.4821,27166400
2024-04-12,180,2023-07-27,2024-04-12,157.73,137.5143,137.927,114.7008,114.3576,122.17,159.41,-1.0539,29.107,25353700
2024-04-15,180,2023-07-28,2024-04-15,154.86,137.6479,138.0684,112.5044,112.1618,122.17,159.41,-2.8543,26.7578,27136500
2024-04-16,180,2023-07-31,2024-04-16,154.4,137.7602,138.1897,112.0788,111.7305,122.17,159.41,-3.1428,26.3813,20779500
2024-04-17,180,2023-08-01,2024-04-17,155.47,137.8765,138.3161,112.7603,112.402,122.17,159.41,-2.4716,27.2571,21763100
2024-04-18,180,2023-08-02,2024-04-18,156.01,138.0025,138.4519,113.0486,112.6817,122.17,159.41,-2.1329,27.6991,19883000
2024-04-19,180,2023-08-03,2024-04-19,154.09,138.1402,138.5948,111.5461,111.1802,122.17,159.41,-3.3373,26.1275,32615600
2024-04-22,180,2023-08-04,2024-04-22,156.28,138.2873,138.7494,113.0111,112.6347,122.17,159.41,-1.9635,27.9201,26446200
2024-04-23,180,2023-08-07,2024-04-23,158.26,138.4455,138.9169,114.3121,113.9242,122.17,159.41,-0.7214,29.5408,21151600
2024-04-24,180,2023-08-08,2024-04-24,159.13,138.586,139.0702,114.824,114.4242,122.17,159.41,-0.1756,30.2529,22779100
2024-04-25,180,2023-08-09,2024-04-25,156.0,138.7142,139.2069,112.4614,112.0634,122.17,159.41,-2.1391,27.6909,57109700
2024-04-26,180,2023-08-10,2024-04-26,171.95,138.9173,139.4418,123.7787,123.3131,122.17,171.95,0.0,40.7465,64665300
2024-04-29,180,2023-08-11,2024-04-29,166.15,139.0989,139.6444,119.4474,118.9808,122.17,171.95,-3.3731,35.999,45610000
2024-04-30,180,2023-08-14,2024-04-30,162.78,139.2684,139.8289,116.8822,116.4137,122.17,171.95,-5.3329,33.2406,33562900
2024-05-01,180,2023-08-15,2024-05-01,163.86,139.4315,140.0097,117.5201,117.0348,122.17,171.95,-4.7049,34.1246,33493200
2024-05-02,180,2023-08-16,2024-05-02,166.62,139.6158,140.2143,119.3418,118.8324,122.17,171.95,-3.0997,36.3837,24294500
2024-05-03,180,2023-08-17,2024-05-03,167.24,139.8099,140.4284,119.6195,119.0927,122.17,171.95,-2.7392,36.8912,34662400
2024-05-06,180,2023-08-18,2024-05-06,168.1,140.0,140.6406,120.0714,119.5246,122.17,171.95,-2.239,37.5952,21871300
2024-05-07,180,2023-08-21,2024-05-07,171.25,140.2188,140.8838,122.1305,121.554,122.17,171.95,-0.4071,40.1735,28039700
2024-05-08,180,2023-08-22,2024-05-08,169.38,140.4252,141.1117,120.6194,120.0326,122.17,171.95,-1.4946,38.6429,19569100
2024-05-09,180,2023-08-23,2024-05-09,169.96,140.6296,141.3388,120.8565,120.2501,122.17,171.95,-1.1573,39.1176,15346700
2024-05-10,180,2023-08-24,2024-05-10,168.65,140.8084,141.5403,119.7727,119.1533,122.17,171.95,-1.9192,38.0453,29799900
2024-05-13,180,2023-08-25,2024-05-13,169.14,141.0062,141.759,119.9522,119.3152,122.17,171.95,-1.6342,38.4464,31327600
2024-05-14,180,2023-08-28,2024-05-14,170.34,141.2085,141.9838,120.6302,119.9714,122.17,171.95,-0.9363,39.4287,25127100
2024-05-15,180,2023-08-29,2024-05-15,172.51,141.4122,142.2143,121.9909,121.3028,122.17,172.51,0.0,41.2049,26948400
2024-05-16,180,2023-08-30,2024-05-16,174.18,141.6001,142.4344,123.0083,122.2879,122.17,174.18,0.0,42.5718,27867900
2024-05-17,180,2023-08-31,2024-05-17,176.06,141.7875,142.6576,124.1717,123.4144,122.17,176.06,0.0,44.1107,24479300
2024-05-20,180,2023-09-01,2024-05-20,176.92,141.9767,142.884,124.612,123.8207,122.17,176.92,0.0,44.8146,22554400
2024-05-21,180,2023-09-05,2024-05-21,177.85,142.1727,143.1184,125.0943,124.2678,122.17,177.85,0.0,45.5758,16989400
2024-05-22,180,2023-09-06,2024-05-22,176.38,142.3634,143.344,123.8942,123.0467,122.17,177.85,-0.8265,44.3726,17880000
2024-05-23,180,2023-09-07,2024-05-23,173.55,142.5523,143.5612,121.7448,120.8892,122.17,177.85,-2.4178,42.0562,21024900
2024-05-24,180,2023-09-08,2024-05-24,174.99,142.7421,143.7819,122.5918,121.7052,122.17,177.85,-1.6081,43.2348,16579400
2024-05-28,180,2023-09-11,2024-05-28,176.4,142.9306,144.0042,123.4165,122.4964,122.17,177.85,-0.8153,44.389,20572200
2024-05-29,180,2023-09-12,2024-05-29,175.9,143.1145,144.2208,122.9085,121.9658,122.17,177.85,-1.0964,43.9797,23388700
2024-05-30,180,2023-09-13,2024-05-30,172.11,143.2944,144.4251,120.1094,119.1691,122.17,177.85,-3.2274,40.8775,22931500
2024-05-31,180,2023-09-14,2024-05-31,172.5,143.4677,144.6239,120.2361,119.2749,122.17,177.85,-3.0082,41.1967,37638900
2024-06-03,180,2023-09-15,2024-06-03,173.17,143.6356,144.8187,120.562,119.5771,122.17,177.85,-2.6314,41.7451,27459100
2024-06-04,180,2023-09-18,2024-06-04,173.79,143.8105,145.0209,120.8465,119.8379,122.17,177.85,-2.2828,42.2526,26879600
2024-06-05,180,2023-09-19,2024-06-05,175.41,143.987,145.2276,121.8235,120.7829,122.17,177.85,-1.3719,43.5786,22068500
2024-06-06,180,2023-09-20,2024-06-06,176.73,144.1699,145.4425,122.5845,121.5119,122.17,177.85,-0.6297,44.6591,23251000
2024-06-07,180,2023-09-21,2024-06-07,174.46,144.3717,145.6687,120.8409,119.7649,122.17,177.85,-1.9061,42.801,19661400
2024-06-10,180,2023-09-22,2024-06-10,175.01,144.5981,145.9163,121.032,119.9386,122.17,177.85,-1.5969,43.2512,23726700
2024-06-11,180,2023-09-25,2024-06-11,176.62,144.8327,146.1739,121.9476,120.8286,122.17,177.85,-0.6916,44.569,21540600
2024-06-12,180,2023-09-26,2024-06-12,177.79,145.0664,146.4333,122.5577,121.4137,122.17,177.85,-0.0337,45.5267,27864700
2024-06-13,180,2023-09-27,2024-06-13,175.16,145.3087,146.6921,120.5434,119.4066,122.17,177.85,-1.5125,43.374,20913300
2024-06-14,180,2023-09-28,2024-06-14,176.79,145.5441,146.9491,121.4683,120.307,122.17,177.85,-0.596,44.7082,18063600
2024-06-17,180,2023-09-29,2024-06-17,177.24,145.77,147.1987,121.5888,120.4087,122.17,177.85,-0.343,45.0765,19618500
2024-06-18,180,2023-10-02,2024-06-18,175.09,145.9982,147.4444,119.9261,118.7499,122.17,177.85,-1.5519,43.3167,21869900
2024-06-20,180,2023-10-03,2024-06-20,176.3,146.2094,147.6784,120.5805,119.381,122.17,177.85,-0.8715,44.3071,20160100
2024-06-21,180,2023-10-04,2024-06-21,179.63,146.4455,147.9407,122.66,121.4203,122.17,179.63,0.0,47.0328,57759000
2024-06-24,180,2023-10-05,2024-06-24,179.22,146.662,148.185,122.1994,120.9434,122.17,179.63,-0.2282,46.6972,18298000
2024-06-25,180,2023-10-06,2024-06-25,184.03,146.8977,148.457,125.2776,123.9618,122.17,184.03,0.0,50.6344,23130200
2024-06-26,180,2023-10-09,2024-06-26,183.88,147.1175,148.7142,124.9886,123.6465,122.17,184.03,-0.0815,50.5116,19839000
2024-06-27,180,2023-10-10,2024-06-27,185.41,147.3379,148.9753,125.84,124.4569,122.17,185.41,0.0,51.7639,18848900
2024-06-28,180,2023-10-11,2024-06-28,182.15,147.5497,149.2202,123.4499,122.0679,122.17,185.41,-1.7583,49.0955,29156600
2024-07-01,180,2023-10-12,2024-07-01,182.99,147.7495,149.456,123.8515,122.4374,122.17,185.41,-1.3052,49.7831,16006100
2024-07-02,180,2023-10-13,2024-07-02,185.24,147.9678,149.7131,125.1894,123.73,122.17,185.41,-0.0917,51.6248,17372500
2024-07-03,180,2023-10-16,2024-07-03,185.82,148.1991,149.9823,125.3853,123.8946,122.17,185.82,0.0,52.0995,10242100
2024-07-05,180,2023-10-17,2024-07-05,190.6,148.4365,150.2684,128.405,126.8397,122.17,190.6,0.0,56.0121,20967500
2024-07-08,180,2023-10-18,2024-07-08,189.03,148.6654,150.5423,127.1513,125.566,122.17,190.6,-0.8237,54.727,21035900
2024-07-09,180,2023-10-19,2024-07-09,188.98,148.9061,150.8258,126.9122,125.2969,122.17,190.6,-0.85,54.6861,15121400
2024-07-10,180,2023-10-20,2024-07-10,191.18,149.1564,151.1226,128.1741,126.5065,122.17,191.18,0.0,56.4869,15952500
2024-07-11,180,2023-10-23,2024-07-11,185.57,149.4023,151.4002,124.2083,122.5692,122.17,191.18,-2.9344,51.8949,25625800
2024-07-12,180,2023-10-24,2024-07-12,185.07,149.6411,151.6701,123.6759,122.0215,122.17,191.18,-3.1959,51.4856,22898400
2024-07-15,180,2023-10-25,2024-07-15,186.53,149.8707,151.9352,124.4606,122.7695,122.17,191.18,-2.4323,52.6807,16474000
2024-07-16,180,2023-10-26,2024-07-16,183.92,150.1863,152.2591,122.4612,120.7941,122.17,191.18,-3.7975,50.5443,18290700
2024-07-17,180,2023-10-27,2024-07-17,181.02,150.5196,152.5854,120.2634,118.6352,122.17,191.18,-5.3144,48.1706,20734100
2024-07-18,180,2023-10-30,2024-07-18,177.69,150.8422,152.8939,117.7986,116.2179,124.08,191.18,-7.0562,43.206,25315700
2024-07-19,180,2023-10-31,2024-07-19,177.66,151.147,153.1894,117.5412,115.9741,124.08,191.18,-7.0719,43.1818,18881900
2024-07-22,180,2023-11-01,2024-07-22,181.67,151.4719,153.5094,119.9364,118.3446,126.45,191.18,-4.9744,43.6694,24100300
2024-07-23,180,2023-11-02,2024-07-23,181.79,151.7794,153.8168,119.7725,118.186,127.49,191.18,-4.9116,42.5916,36352700
2024-07-24,180,2023-11-03,2024-07-24,172.63,152.0423,154.0676,113.5407,112.0482,129.1,191.18,-9.7029,33.718,49585200
2024-07-25,180,2023-11-06,2024-07-25,167.28,152.2697,154.2797,109.8577,108.4264,129.27,191.18,-12.5013,29.4036,44852000
2024-07-26,180,2023-11-07,2024-07-26,167.0,152.4877,154.4839,109.517,108.1019,129.27,191.18,-12.6478,29.187,41336900
2024-07-29,180,2023-11-08,2024-07-29,169.53,152.7124,154.6981,111.0126,109.5876,129.27,191.18,-11.3244,31.1441,20293800
2024-07-30,180,2023-11-09,2024-07-30,170.29,152.9346,154.9117,111.3483,109.9271,129.27,191.18,-10.9269,31.732,18959700
2024-07-31,180,2023-11-10,2024-07-31,171.54,153.1751,155.1412,111.9894,110.5703,129.27,191.18,-10.273,32.699,25729100
2024-08-01,180,2023-11-13,2024-08-01,170.76,153.3952,155.3532,111.3203,109.9173,129.27,191.18,-10.681,32.0956,24531400
2024-08-02,180,2023-11-14,2024-08-02,166.66,153.6008,155.5453,108.5021,107.1457,129.27,191.18,-12.8256,28.924,29130100
2024-08-05,180,2023-11-15,2024-08-05,159.25,153.7588,155.6877,103.5713,102.2881,129.27,191.18,-16.7015,23.1918,53630700
2024-08-06,180,2023-11-16,2024-08-06,158.29,153.9048,155.8192,102.8493,101.5857,129.27,191.18,-17.2037,22.4491,49004600
2024-08-07,180,2023-11-17,2024-08-07,158.94,154.038,155.9414,103.1823,101.9229,129.27,191.18,-16.8637,22.952,25138600
2024-08-08,180,2023-11-20,2024-08-08,162.03,154.1989,156.0899,105.0786,103.8056,129.27,191.18,-15.2474,25.3423,25578800
2024-08-09,180,2023-11-21,2024-08-09,163.67,154.3615,156.2422,106.0304,104.754,129.27,191.18,-14.3896,26.611,28602300
2024-08-12,180,2023-11-22,2024-08-12,162.29,154.5124,156.3829,105.0336,103.7773,129.27,191.18,-15.1114,25.5434,15895300
2024-08-13,180,2023-11-24,2024-08-13,164.16,154.6623,156.5255,106.1409,104.8775,129.27,191.18,-14.1333,26.99,18551700
2024-08-14,180,2023-11-27,2024-08-14,160.37,154.806,156.6571,103.5942,102.3701,129.27,191.18,-16.1157,24.0582,40591100
2024-08-15,180,2023-11-28,2024-08-15,161.3,154.9567,156.7953,104.0936,102.873,129.27,191.18,-15.6292,24.7776,31524300
2024-08-16,180,2023-11-29,2024-08-16,162.96,155.1106,156.9384,105.0605,103.8369,129.27,191.18,-14.761,26.0617,24208600
2024-08-19,180,2023-11-30,2024-08-19,166.67,155.299,157.1144,107.322,106.0819,129.27,191.18,-12.8204,28.9317,22416200
2024-08-20,180,2023-12-01,2024-08-20,167.18,155.5088,157.3069,107.5051,106.2763,129.27,191.18,-12.5536,29.3262,18341500
2024-08-21,180,2023-12-04,2024-08-21,165.85,155.7179,157.4958,106.5067,105.3044,129.27,191.18,-13.2493,28.2974,22902000
2024-08-22,180,2023-12-05,2024-08-22,163.8,155.9379,157.6876,105.0418,103.8763,130.02,191.18,-14.3216,25.9806,22493300
2024-08-23,180,2023-12-06,2024-08-23,165.62,156.1539,157.88,106.0621,104.9025,130.02,191.18,-13.3696,27.3804,13955700
2024-08-26,180,2023-12-07,2024-08-26,166.16,156.3808,158.0808,106.2535,105.1108,131.4,191.18,-13.0871,26.4536,14190400
2024-08-27,180,2023-12-08,2024-08-27,164.68,156.5482,158.2349,105.1944,104.0731,131.4,191.18,-13.8613,25.3272,11821900
2024-08-28,180,2023-12-11,2024-08-28,162.85,156.7209,158.3897,103.9108,102.816,131.4,191.18,-14.8185,23.9346,16407400
2024-08-29,180,2023-12-12,2024-08-29,161.78,156.9014,158.548,103.1093,102.0385,131.4,191.18,-15.3782,23.1202,19699800
2024-08-30,180,2023-12-13,2024-08-30,163.38,157.0966,158.7194,103.9997,102.9364,131.4,191.18,-14.5413,24.3379,22123800
2024-09-03,180,2023-12-14,2024-09-03,157.36,157.2597,158.8572,100.0638,99.0575,131.4,191.18,-17.6901,19.7565,38945300
2024-09-04,180,2023-12-15,2024-09-04,156.45,157.423,158.9933,99.3819,98.4004,131.4,191.18,-18.1661,19.0639,19353800
2024-09-05,180,2023-12-18,2024-09-05,157.24,157.5859,159.1302,99.7805,98.8122,131.4,191.18,-17.7529,19.6652,18688700
2024-09-06,180,2023-12-19,2024-09-06,150.92,157.6877,159.2142,95.7082,94.7905,131.4,191.18,-21.0587,14.8554,37912100
2024-09-09,180,2023-12-20,2024-09-09,148.71,157.7697,159.2812,94.2576,93.3632,131.4,191.18,-22.2147,13.1735,39260500
2024-09-10,180,2023-12-21,2024-09-10,148.66,157.8392,159.3386,94.1845,93.2982,131.4,191.18,-22.2408,13.1355,31118800
2024-09-11,180,2023-12-22,2024-09-11,151.16,157.9092,159.3982,95.7259,94.8317,131.4,191.18,-20.9331,15.0381,29607700
2024-09-12,180,2023-12-26,2024-09-12,154.69,157.9928,159.4716,97.9095,97.0016,131.4,191.18,-19.0867,17.7245,29621500
2024-09-13,180,2023-12-27,2024-09-13,157.46,158.0921,159.5601,99.6002,98.6838,131.4,191.18,-17.6378,19.8326,29591200
2024-09-16,180,2023-12-28,2024-09-16,158.06,158.2029,159.6584,99.9097,98.9989,131.4,191.18,-17.324,20.2892,18379800
2024-09-17,180,2023-12-29,2024-09-17,159.32,158.3218,159.7644,100.6305,99.7218,131.4,191.18,-16.6649,21.2481,20715600
2024-09-18,180,2024-01-02,2024-09-18,159.81,158.4474,159.8762,100.86,99.9586,131.4,191.18,-16.4086,21.621,23677300
2024-09-19,180,2024-01-03,2024-09-19,162.14,158.5967,160.0094,102.2341,101.3316,131.4,191.18,-15.1899,23.3942,26587700
2024-09-20,180,2024-01-04,2024-09-20,163.59,158.7486,160.1464,103.0497,102.1503,131.4,191.18,-14.4314,24.4977,40896400
2024-09-23,180,2024-01-05,2024-09-23,161.85,158.9102,160.2879,101.85,100.9746,131.4,191.18,-15.3416,23.1735,24150900
2024-09-24,180,2024-01-08,2024-09-24,162.29,159.0796,160.4354,102.0181,101.1559,131.4,191.18,-15.1114,23.5084,23332100
2024-09-25,180,2024-01-09,2024-09-25,161.49,159.2217,160.5613,101.4246,100.5784,131.4,191.18,-15.5299,22.8996,18869200
2024-09-26,180,2024-01-10,2024-09-26,162.73,159.3556,160.6823,102.1176,101.2744,131.4,191.18,-14.8813,23.8432,20319300
2024-09-27,180,2024-01-11,2024-09-27,163.95,159.4867,160.8027,102.7985,101.9573,131.4,191.18,-14.2431,24.7717,21101300
2024-09-30,180,2024-01-12,2024-09-30,165.85,159.6294,160.9347,103.8969,103.0542,131.4,191.18,-13.2493,26.2177,20413900
2024-10-01,180,2024-01-16,2024-10-01,166.99,159.7742,161.0699,104.5163,103.6755,131.4,191.18,-12.653,27.0852,28338100
2024-10-02,180,2024-01-17,2024-10-02,165.86,159.9145,161.1998,103.7179,102.891,131.4,191.18,-13.2441,26.2253,17760200
2024-10-03,180,2024-01-18,2024-10-03,165.86,160.0624,161.3353,103.6221,102.8045,131.4,191.18,-13.2441,26.2253,15073100
2024-10-04,180,2024-01-19,2024-10-04,167.06,160.2025,161.4663,104.2805,103.4643,131.4,191.18,-12.6164,27.1385,19047400
2024-10-07,180,2024-01-22,2024-10-07,162.98,160.3018,161.5585,101.6707,100.8799,131.4,191.18,-14.7505,24.0335,22463100
2024-10-08,180,2024-01-23,2024-10-08,164.38,160.4112,161.6607,102.4741,101.6821,131.4,191.18,-14.0182,25.0989,23072700
2024-10-09,180,2024-01-24,2024-10-09,161.86,160.5003,161.743,100.8472,100.0723,131.4,191.18,-15.3363,23.1811,31181800
2024-10-10,180,2024-01-25,2024-10-10,162.08,160.5798,161.8173,100.9342,100.1623,131.4,191.18,-15.2213,23.3486,14144100
2024-10-11,180,2024-01-26,2024-10-11,163.24,160.6455,161.8805,101.615,100.8398,131.4,191.18,-14.6145,24.2314,15344300
2024-10-14,180,2024-01-29,2024-10-14,164.96,160.7185,161.9514,102.6391,101.8577,131.4,191.18,-13.7148,25.5403,19016100
2024-10-15,180,2024-01-30,2024-10-15,165.46,160.786,162.0178,102.907,102.1246,131.4,191.18,-13.4533,25.9209,20247200
2024-10-16,180,2024-01-31,2024-10-16,165.16,160.8647,162.0939,102.6701,101.8915,131.4,191.18,-13.6102,25.6926,16406000
2024-10-17,180,2024-02-01,2024-10-17,162.93,161.0086,162.2208,101.1933,100.4372,131.4,191.18,-14.7767,23.9954,21453400
2024-10-18,180,2024-02-02,2024-10-18,163.42,161.1477,162.3444,101.4101,100.6625,131.4,191.18,-14.5203,24.3683,19757700
2024-10-21,180,2024-02-05,2024-10-21,164.07,161.2818,162.4649,101.7288,100.9879,131.4,191.18,-14.1803,24.863,20946500
2024-10-22,180,2024-02-06,2024-10-22,165.14,161.4126,162.5842,102.3092,101.572,131.4,191.18,-13.6207,25.6773,16568100
2024-10-23,180,2024-02-07,2024-10-23,162.78,161.528,162.6879,100.7751,100.0566,131.4,191.18,-14.8551,23.8813,18280500
2024-10-24,180,2024-02-08,2024-10-24,162.72,161.6332,162.7834,100.6724,99.9611,131.4,191.18,-14.8865,23.8356,22412500
2024-10-25,180,2024-02-09,2024-10-25,165.27,161.7498,162.8909,102.1763,101.4605,131.4,191.18,-13.5527,25.7763,19828900
2024-10-28,180,2024-02-12,2024-10-28,166.72,161.8535,162.9894,103.0067,102.2889,131.4,191.18,-12.7942,26.8798,32138600
2024-10-29,180,2024-02-13,2024-10-29,169.68,161.9824,163.1124,104.7521,104.0264,131.4,191.18,-11.2459,29.1324,42169000
2024-10-30,180,2024-02-14,2024-10-30,174.46,162.1514,163.2753,107.5908,106.8502,131.4,191.18,-8.7457,32.7702,68890800
2024-10-31,180,2024-02-15,2024-10-31,171.11,162.2987,163.4152,105.429,104.7088,131.4,191.18,-10.498,30.2207,44769000
2024-11-01,180,2024-02-16,2024-11-01,171.29,162.4696,163.5736,105.429,104.7174,131.4,191.18,-10.4038,30.3577,31796500
2024-11-04,180,2024-02-20,2024-11-04,169.24,162.6469,163.7332,104.0536,103.3633,131.4,191.18,-11.4761,28.7976,21492700
2024-11-05,180,2024-02-21,2024-11-05,169.74,162.8227,163.8922,104.2484,103.5681,131.4,191.18,-11.2146,29.1781,18242100
2024-11-06,180,2024-02-22,2024-11-06,176.51,163.0217,164.0808,108.2739,107.575,131.4,191.18,-7.6734,34.3303,33695500
2024-11-07,180,2024-02-23,2024-11-07,180.75,163.2298,164.2845,110.7335,110.0226,131.4,191.18,-5.4556,37.5571,25352900
2024-11-08,180,2024-02-26,2024-11-08,178.35,163.4283,164.4756,109.1304,108.4356,131.4,191.18,-6.7109,35.7306,22006200
2024-11-11,180,2024-02-27,2024-11-11,180.35,163.6845,164.7132,110.1815,109.4933,131.4,191.18,-5.6648,37.2527,17450400
2024-11-12,180,2024-02-28,2024-11-12,181.62,163.9371,164.9507,110.7864,110.1056,131.4,191.18,-5.0005,38.2192,25134900
2024-11-13,180,2024-02-29,2024-11-13,178.88,164.1977,165.1868,108.9419,108.2895,131.4,191.18,-6.4337,36.134,23184000
2024-11-14,180,2024-03-01,2024-11-14,175.58,164.4267,165.393,106.7831,106.1593,131.4,191.18,-8.1598,33.6225,31007500
2024-11-15,180,2024-03-04,2024-11-15,172.49,164.6515,165.5894,104.7607,104.1673,131.4,191.18,-9.7761,31.2709,32504600
2024-11-18,180,2024-03-05,2024-11-18,175.3,164.9222,165.8224,106.2926,105.7155,131.4,191.18,-8.3063,33.4094,20135300
2024-11-19,180,2024-03-06,2024-11-19,178.12,165.2133,166.0749,107.8121,107.2528,131.4,191.18,-6.8313,35.5556,23434900
2024-11-20,180,2024-03-07,2024-11-20,175.98,165.5062,166.3226,106.3283,105.8064,134.38,191.18,-7.9506,30.957,18997100
2024-11-21,180,2024-03-08,2024-11-21,167.63,165.7311,166.5073,101.1458,100.6742,135.41,191.18,-12.3182,23.7944,59734400
2024-11-22,180,2024-03-11,2024-11-22,164.76,165.9321,166.6704,99.2936,98.8538,137.67,191.18,-13.8194,19.6775,38604600
2024-11-25,180,2024-03-12,2024-11-25,167.65,166.131,166.8369,100.9143,100.4873,138.5,191.18,-12.3078,21.0469,33135300
2024-11-26,180,2024-03-13,2024-11-26,169.12,166.3317,167.0071,101.6763,101.2652,139.79,191.18,-11.5389,20.9815,20486700
2024-11-27,180,2024-03-14,2024-11-27,169.23,166.5232,167.1706,101.6255,101.2319,141.18,191.18,-11.4813,19.8683,19266500
2024-11-29,180,2024-03-15,2024-11-29,168.95,166.6881,167.3142,101.357,100.9777,141.18,191.18,-11.6278,19.6699,14257200
2024-12-02,180,2024-03-18,2024-12-02,171.49,166.8816,167.4826,102.7615,102.3927,147.03,191.18,-10.2992,16.6361,23789100
2024-12-03,180,2024-03-19,2024-12-03,171.34,167.0264,167.6141,102.5826,102.2229,147.03,191.18,-10.3777,16.534,22248700
2024-12-04,180,2024-03-20,2024-12-04,174.37,167.1918,167.7659,104.2934,103.9365,147.6,191.18,-8.7928,18.1368,31615100
2024-12-05,180,2024-03-21,2024-12-05,172.64,167.3365,167.8987,103.1694,102.8239,147.6,191.18,-9.6977,16.9648,21356200
2024-12-06,180,2024-03-22,2024-12-06,174.71,167.5002,168.0493,104.3044,103.9635,148.66,191.18,-8.6149,17.5232,21462400
2024-12-09,180,2024-03-25,2024-12-09,175.37,167.6453,168.186,104.6078,104.2715,148.66,191.18,-8.2697,17.9672,25389600
2024-12-10,180,2024-03-26,2024-12-10,185.17,167.8428,168.381,110.3235,109.9708,148.66,191.18,-3.1436,24.5594,54813000
2024-12-11,180,2024-03-27,2024-12-11,195.4,168.0809,168.6295,116.2535,115.8753,148.66,195.4,0.0,31.4409,67894100
2024-12-12,180,2024-03-28,2024-12-12,191.96,168.3039,168.8578,114.0556,113.6815,148.66,195.4,-1.7605,29.1269,34817500
2024-12-13,180,2024-04-01,2024-12-13,189.82,168.5178,169.0738,112.641,112.2705,148.66,195.4,-2.8557,27.6873,25143500
2024-12-16,180,2024-04-02,2024-12-16,196.66,168.7304,169.3026,116.5528,116.1589,148.66,196.66,0.0,32.2884,44934900
2024-12-17,180,2024-04-03,2024-12-17,195.42,168.9447,169.5296,115.671,115.2719,148.66,196.66,-0.6305,31.4543,43504000
2024-12-18,180,2024-04-04,2024-12-18,188.4,169.1268,169.7156,111.3957,111.0093,148.66,196.66,-4.2001,26.7321,34166100
2024-12-19,180,2024-04-05,2024-12-19,188.51,169.3397,169.9266,111.3206,110.9362,148.66,196.66,-4.1442,26.8061,32265200
2024-12-20,180,2024-04-08,2024-12-20,191.41,169.5524,170.1427,112.8914,112.4997,148.66,196.66,-2.6696,28.7569,63462900
2024-12-23,180,2024-04-09,2024-12-23,194.63,169.7634,170.3637,114.6478,114.2438,148.66,196.66,-1.0322,30.9229,25675000
2024-12-24,180,2024-04-10,2024-12-24,196.11,169.9697,170.5832,115.3794,114.9644,148.66,196.66,-0.2797,31.9185,10403300
2024-12-26,180,2024-04-11,2024-12-26,195.6,170.1773,170.8024,114.939,114.5183,148.66,196.66,-0.539,31.5754,12046600
2024-12-27,180,2024-04-12,2024-12-27,192.76,170.3521,170.9877,113.1539,112.7332,148.66,196.66,-1.9831,29.665,18891400
2024-12-30,180,2024-04-15,2024-12-30,191.24,170.5314,171.1739,112.1436,111.7226,148.66,196.66,-2.756,28.6425,14264700
2024-12-31,180,2024-04-16,2024-12-31,189.3,170.7214,171.3652,110.8824,110.4658,148.66,196.66,-3.7425,27.3375,17466900
2025-01-02,180,2024-04-17,2025-01-02,189.43,170.9155,171.5598,110.8325,110.4163,148.66,196.66,-3.6764,27.425,20370800
2025-01-03,180,2024-04-18,2025-01-03,191.79,171.1134,171.7616,112.0835,111.6606,148.66,196.66,-2.4764,29.0125,18596200
2025-01-06,180,2024-04-19,2025-01-06,196.87,171.3301,171.9886,114.9068,114.4669,148.66,196.87,0.0,32.4297,29563600
2025-01-07,180,2024-04-22,2025-01-07,195.49,171.5545,172.2186,113.9521,113.5127,148.66,196.87,-0.701,31.5014,26487200
2025-01-08,180,2024-04-23,2025-01-08,193.95,171.758,172.4279,112.9205,112.4818,148.66,196.87,-1.4832,30.4655,24864800
2025-01-10,180,2024-04-24,2025-01-10,192.04,171.9403,172.6156,111.6899,111.253,148.66,196.87,-2.4534,29.1807,26665200
2025-01-13,180,2024-04-25,2025-01-13,191.01,172.1128,172.7927,110.9796,110.5429,148.66,196.87,-2.9766,28.4878,21823700
2025-01-14,180,2024-04-26,2025-01-14,189.66,172.3002,172.9797,110.0753,109.6429,148.66,196.87,-3.6623,27.5797,17174900
2025-01-15,180,2024-04-29,2025-01-15,195.55,172.416,173.1108,113.4175,112.9624,148.66,196.87,-0.6705,31.5418,21776000
2025-01-16,180,2024-04-30,2025-01-16,192.91,172.554,173.2594,111.7969,111.3417,148.66,196.87,-2.0115,29.7659,17815400
2025-01-17,180,2024-05-01,2025-01-17,196.0,172.7264,173.444,113.4742,113.0048,148.66,196.87,-0.4419,31.8445,27735100
2025-01-21,180,2024-05-02,2025-01-21,198.05,172.9012,173.6339,114.5452,114.0618,148.66,198.05,0.0,33.2235,29971300
2025-01-22,180,2024-05-03,2025-01-22,198.37,173.0609,173.8103,114.6244,114.1302,148.66,198.37,0.0,33.4387,26200600
2025-01-23,180,2024-05-06,2025-01-23,197.98,173.2155,173.9811,114.2969,113.794,148.66,198.37,-0.1966,33.1764,26951400
2025-01-24,180,2024-05-07,2025-01-24,200.21,173.3747,174.1595,115.4782,114.9578,148.66,200.21,0.0,34.6764,23877500
2025-01-27,180,2024-05-08,2025-01-27,191.81,173.4793,174.2737,110.5665,110.0625,148.66,200.21,-4.1956,29.026,41728900
2025-01-28,180,2024-05-09,2025-01-28,195.3,173.6104,174.4177,112.4933,111.9726,148.66,200.21,-2.4524,31.3736,24157900
2025-01-29,180,2024-05-10,2025-01-29,195.41,173.7388,174.5591,112.4734,111.9449,148.66,200.21,-2.3975,31.4476,18218300
2025-01-30,180,2024-05-13,2025-01-30,200.87,173.8985,174.7381,115.5099,114.9549,148.66,200.87,0.0,35.1204,24354700
2025-01-31,180,2024-05-14,2025-01-31,204.02,174.0684,174.9319,117.2068,116.6283,148.66,204.02,0.0,37.2393,32001100
2025-02-03,180,2024-05-15,2025-02-03,201.23,174.2203,175.1035,115.5032,114.9206,148.66,204.02,-1.3675,35.3626,27838300
2025-02-04,180,2024-05-16,2025-02-04,206.38,174.3808,175.2917,118.3502,117.7352,148.66,206.38,0.0,38.8269,43856400
2025-02-05,180,2024-05-17,2025-02-05,191.33,174.4678,175.3869,109.6649,109.0902,148.66,206.38,-7.2924,28.7031,70373900
2025-02-06,180,2024-05-20,2025-02-06,191.6,174.5458,175.4733,109.7706,109.1904,148.66,206.38,-7.1615,28.8847,29297400
2025-02-07,180,2024-05-21,2025-02-07,185.34,174.5892,175.5201,106.1577,105.5948,148.66,206.38,-10.1948,24.6737,49315000
2025-02-10,180,2024-05-22,2025-02-10,186.47,174.6333,175.5679,106.7781,106.2096,148.66,206.38,-9.6473,25.4339,23105600
2025-02-11,180,2024-05-23,2025-02-11,185.32,174.6796,175.6176,106.0914,105.5247,148.66,206.38,-10.2045,24.6603,21239500
2025-02-12,180,2024-05-24,2025-02-12,183.61,174.7331,175.6735,105.0802,104.5178,148.66,206.38,-11.033,23.51,22072600
2025-02-13,180,2024-05-28,2025-02-13,186.14,174.7912,175.7354,106.4928,105.9206,148.66,206.38,-9.8072,25.2119,21402500
2025-02-14,180,2024-05-29,2025-02-14,185.23,174.8371,175.7845,105.9443,105.3733,148.66,206.38,-10.2481,24.5998,20448400
2025-02-18,180,2024-05-30,2025-02-18,183.77,174.8785,175.8282,105.0844,104.5168,148.66,206.38,-10.9555,23.6177,29916700
2025-02-19,180,2024-05-31,2025-02-19,185.27,174.9486,175.9013,105.8997,105.3261,148.66,206.38,-10.2287,24.6267,19549400
2025-02-20,180,2024-06-03,2025-02-20,184.56,175.0131,175.9683,105.455,104.8825,148.66,206.38,-10.5727,24.1491,20441500
2025-02-21,180,2024-06-04,2025-02-21,179.66,175.0486,176.0044,102.6344,102.077,148.66,206.38,-12.947,20.853,35199200
2025-02-24,180,2024-06-05,2025-02-24,179.25,175.0784,176.0347,102.3827,101.8265,148.66,206.38,-13.1457,20.5772,29854200
2025-02-25,180,2024-06-06,2025-02-25,175.42,175.0785,176.0348,100.1951,99.6508,148.66,206.38,-15.0015,18.0008,41913400
2025-02-26,180,2024-06-07,2025-02-26,172.73,175.0561,176.0126,98.6712,98.135,148.66,206.38,-16.3049,16.1913,35431300
2025-02-27,180,2024-06-10,2025-02-27,168.5,175.0216,175.9794,96.2738,95.7498,148.66,206.38,-18.3545,13.3459,39991000
2025-02-28,180,2024-06-11,2025-02-28,170.28,174.9946,175.9532,97.3058,96.7758,148.66,206.38,-17.492,14.5432,48130600
2025-03-03,180,2024-06-12,2025-03-03,167.01,174.9392,175.8998,95.4674,94.9461,148.66,206.38,-19.0765,12.3436,40770500
2025-03-04,180,2024-06-13,2025-03-04,170.92,174.9008,175.8616,97.724,97.1901,148.66,206.38,-17.1819,14.9738,45388000
2025-03-05,180,2024-06-14,2025-03-05,173.02,174.8888,175.8497,98.9314,98.3908,148.66,206.38,-16.1644,16.3864,30954900
2025-03-06,180,2024-06-17,2025-03-06,172.35,174.864,175.8251,98.5623,98.0236,148.66,206.38,-16.489,15.9357,28302000
2025-03-07,180,2024-06-18,2025-03-07,173.86,174.8454,175.8063,99.4364,98.8929,148.66,206.38,-15.7573,16.9514,27385800
2025-03-10,180,2024-06-20,2025-03-10,165.87,174.7915,175.7551,94.8959,94.3757,148.66,206.38,-19.6288,11.5767,43604000
2025-03-11,180,2024-06-21,2025-03-11,164.04,174.7196,175.6869,93.8876,93.3706,148.66,206.38,-20.5156,10.3457,39587400
2025-03-12,180,2024-06-24,2025-03-12,167.11,174.6489,175.6174,95.6834,95.1557,148.66,206.38,-19.028,12.4109,28372400
2025-03-13,180,2024-06-25,2025-03-13,162.76,174.5533,175.5259,93.2437,92.727,148.66,206.38,-21.1358,9.4847,31756200
2025-03-14,180,2024-06-26,2025-03-14,165.49,174.4503,175.4229,94.8637,94.3377,148.66,206.38,-19.813,11.3211,31995900
2025-03-17,180,2024-06-27,2025-03-17,164.29,174.3407,175.3141,94.235,93.7118,148.66,206.38,-20.3944,10.5139,31184300
2025-03-18,180,2024-06-28,2025-03-18,160.67,174.2006,175.1767,92.2327,91.7188,148.66,206.38,-22.1485,8.0788,42074800
2025-03-19,180,2024-07-01,2025-03-19,163.89,174.0976,175.0752,94.1369,93.6112,148.66,206.38,-20.5882,10.2449,34275600
2025-03-20,180,2024-07-02,2025-03-20,162.8,173.9835,174.9631,93.5721,93.0482,148.66,206.38,-21.1164,9.5116,28138500
2025-03-21,180,2024-07-03,2025-03-21,163.99,173.866,174.845,94.3198,93.7916,148.66,206.38,-20.5398,10.3121,36625800
2025-03-24,180,2024-07-05,2025-03-24,167.68,173.7682,174.7442,96.4963,95.9574,148.66,206.38,-18.7518,12.7943,30879100
2025-03-25,180,2024-07-08,2025-03-25,170.56,173.6649,174.6329,98.2121,97.6677,148.66,206.38,-17.3563,14.7316,24174400
2025-03-26,180,2024-07-09,2025-03-26,165.06,173.5363,174.4997,95.1156,94.5904,148.66,206.38,-20.0213,11.0319,28901600
2025-03-27,180,2024-07-10,2025-03-27,162.24,173.3905,174.3512,93.5692,93.0536,148.66,206.38,-21.3877,9.1349,24508300
2025-03-28,180,2024-07-11,2025-03-28,154.33,173.1821,174.1464,89.1143,88.6208,148.66,206.38,-25.2205,3.8141,48669300
2025-03-31,180,2024-07-12,2025-03-31,154.64,173.0027,173.9746,89.3859,88.8865,148.66,206.38,-25.0703,4.0226,54603500
2025-04-01,180,2024-07-15,2025-04-01,157.07,172.8427,173.8191,90.8745,90.3641,148.66,206.38,-23.8928,5.6572,30672900
2025-04-02,180,2024-07-16,2025-04-02,157.04,172.6758,173.6552,90.945,90.4321,148.66,206.38,-23.9074,5.637,25041700
2025-04-03,180,2024-07-17,2025-04-03,150.72,172.4776,173.4708,87.3853,86.885,148.66,206.38,-26.9697,1.3857,46883400
2025-04-04,180,2024-07-18,2025-04-04,145.6,172.2558,173.274,84.5255,84.0288,145.6,206.38,-29.4505,0.0,62259500
2025-04-07,180,2024-07-19,2025-04-07,146.75,172.0604,173.1021,85.2898,84.7766,145.6,206.38,-28.8933,0.7898,76794100
2025-04-08,180,2024-07-22,2025-04-08,144.7,171.8498,172.919,84.2014,83.6808,144.7,206.38,-29.8866,0.0,52200200
2025-04-09,180,2024-07-23,2025-04-09,158.71,171.7193,172.7914,92.4241,91.8506,144.7,206.38,-23.0982,9.6821,70406200
2025-04-10,180,2024-07-24,2025-04-10,152.82,171.5486,172.6305,89.0826,88.5243,144.7,206.38,-25.9521,5.6116,48022000
2025-04-11,180,2024-07-25,2025-04-11,157.14,171.4553,172.5444,91.6507,91.0722,144.7,206.38,-23.8589,8.5971,33636200
2025-04-14,180,2024-07-26,2025-04-14,159.07,171.4049,172.4988,92.8036,92.2151,144.7,206.38,-22.9237,9.9309,30333000
2025-04-15,180,2024-07-29,2025-04-15,156.31,171.3381,172.4394,91.229,90.6463,144.7,206.38,-24.2611,8.0235,27551500
2025-04-16,180,2024-07-30,2025-04-16,153.33,171.2365,172.3494,89.5428,88.9646,144.7,206.38,-25.705,5.9641,28187400
2025-04-17,180,2024-07-31,2025-04-17,151.16,171.1155,172.2432,88.338,87.7597,144.7,206.38,-26.7565,4.4644,33046600
2025-04-21,180,2024-08-01,2025-04-21,147.67,170.9624,172.1106,86.3757,85.7995,144.7,206.38,-28.4475,2.0525,26049100
2025-04-22,180,2024-08-02,2025-04-22,151.47,170.8414,172.0034,88.6612,88.0622,144.7,206.38,-26.6063,4.6786,26971800
2025-04-23,180,2024-08-05,2025-04-23,155.35,170.7706,171.9406,90.97,90.351,144.7,206.38,-24.7262,7.3601,31128800
2025-04-24,180,2024-08-06,2025-04-24,159.28,170.7708,171.9407,93.2712,92.6366,144.7,206.38,-22.822,10.076,45894000
2025-04-25,180,2024-08-07,2025-04-25,161.96,170.794,171.9611,94.8277,94.1841,144.7,206.38,-21.5234,11.9281,56034000
2025-04-28,180,2024-08-08,2025-04-28,160.61,170.8046,171.9704,94.0314,93.394,144.7,206.38,-22.1775,10.9952,29745800
2025-04-29,180,2024-08-09,2025-04-29,160.16,170.7929,171.96,93.7744,93.1379,144.7,206.38,-22.3956,10.6842,26809000
2025-04-30,180,2024-08-12,2025-04-30,158.8,170.7625,171.9329,92.9946,92.3616,144.7,206.38,-23.0546,9.7443,34981100
2025-05-01,180,2024-08-13,2025-05-01,161.3,170.7564,171.9274,94.4621,93.8186,144.7,206.38,-21.8432,11.472,30203200
2025-05-02,180,2024-08-14,2025-05-02,164.03,170.7556,171.9267,96.0613,95.4069,144.7,206.38,-20.5204,13.3587,25715000
2025-05-05,180,2024-08-15,2025-05-05,164.21,170.7792,171.9481,96.1534,95.4998,144.7,206.38,-20.4332,13.4831,21341800
2025-05-06,180,2024-08-16,2025-05-06,163.23,170.7911,171.9588,95.5729,94.9239,144.7,206.38,-20.908,12.8058,21277200
2025-05-07,180,2024-08-19,2025-05-07,151.38,170.7151,171.8944,88.6741,88.0657,144.7,206.38,-26.6499,4.6165,127490100
2025-05-08,180,2024-08-20,2025-05-08,154.28,170.6371,171.8256,90.4141,89.7887,144.7,206.38,-25.2447,6.6206,57498700
2025-05-09,180,2024-08-21,2025-05-09,152.75,170.5457,171.7454,89.5654,88.9398,144.7,206.38,-25.986,5.5632,32435300
2025-05-12,180,2024-08-22,2025-05-12,158.46,170.5003,171.7044,92.9382,92.2865,144.7,206.38,-23.2193,9.5093,44138800
2025-05-13,180,2024-08-23,2025-05-13,159.53,170.4739,171.6807,93.5803,92.9225,144.7,206.38,-22.7008,10.2488,42382100
2025-05-14,180,2024-08-26,2025-05-14,165.37,170.4725,171.6793,97.0069,96.325,144.7,206.38,-19.8711,14.2847,48755900
2025-05-15,180,2024-08-27,2025-05-15,163.96,170.4594,171.6671,96.1871,95.5105,144.7,206.38,-20.5543,13.3103,33146700
2025-05-16,180,2024-08-28,2025-05-16,166.19,170.4683,171.6754,97.4903,96.8048,144.7,206.38,-19.4738,14.8514,42846900
2025-05-19,180,2024-08-29,2025-05-19,166.54,170.4903,171.6959,97.683,96.997,144.7,206.38,-19.3042,15.0933,30426100
2025-05-20,180,2024-08-30,2025-05-20,163.98,170.5037,171.7082,96.1739,95.4992,144.7,206.38,-20.5446,13.3241,46607700
2025-05-21,180,2024-09-03,2025-05-21,168.56,170.5341,171.7369,98.8424,98.1501,144.7,206.38,-18.3254,16.4893,73416000
2025-05-22,180,2024-09-04,2025-05-22,170.87,170.6153,171.812,100.1493,99.4517,144.7,206.38,-17.2061,18.0857,74864400
2025-05-23,180,2024-09-05,2025-05-23,168.47,170.6891,171.8788,98.6999,98.0168,144.7,206.38,-18.369,16.4271,35211400
2025-05-27,180,2024-09-06,2025-05-27,172.9,170.7824,171.9658,101.24,100.5433,144.7,206.38,-16.2225,19.4886,37995700
2025-05-28,180,2024-09-09,2025-05-28,172.36,170.916,172.0849,100.8449,100.1599,144.7,206.38,-16.4842,19.1154,34784000
2025-05-29,180,2024-09-10,2025-05-29,171.86,171.0631,172.2135,100.4658,99.7947,144.7,206.38,-16.7264,18.7699,29317300
2025-05-30,180,2024-09-11,2025-05-30,171.74,171.2102,172.3417,100.3094,99.6509,144.7,206.38,-16.7846,18.6869,52639900
2025-06-02,180,2024-09-12,2025-06-02,169.03,171.3242,172.441,98.6609,98.0219,144.7,206.38,-18.0977,16.8141,38612300
2025-06-03,180,2024-09-13,2025-06-03,166.18,171.3971,172.5048,96.9561,96.3335,144.7,206.38,-19.4786,14.8445,45084900
2025-06-04,180,2024-09-16,2025-06-04,168.05,171.4625,172.5637,98.0098,97.3843,144.7,206.38,-18.5725,16.1368,26900800
2025-06-05,180,2024-09-17,2025-06-05,168.21,171.5248,172.6201,98.0674,97.4452,144.7,206.38,-18.495,16.2474,36379100
2025-06-06,180,2024-09-18,2025-06-06,173.68,171.6097,172.6998,101.2064,100.5676,144.7,206.38,-15.8446,20.0276,35731800
2025-06-09,180,2024-09-19,2025-06-09,176.09,171.7044,172.7903,102.5541,101.9097,144.7,206.38,-14.6768,21.6932,28935900
2025-06-10,180,2024-09-20,2025-06-10,178.6,171.7976,172.8817,103.9596,103.3076,144.7,206.38,-13.4606,23.4278,61766100
2025-06-11,180,2024-09-23,2025-06-11,177.35,171.8754,172.9582,103.1852,102.5392,144.7,206.38,-14.0663,22.5639,31646800
2025-06-12,180,2024-09-24,2025-06-12,175.7,171.9553,173.0351,102.1777,101.5401,144.7,206.38,-14.8658,21.4236,20941900
2025-06-13,180,2024-09-25,2025-06-13,174.67,172.0271,173.1039,101.5363,100.9047,144.7,206.38,-15.3649,20.7118,27663100
2025-06-16,180,2024-09-26,2025-06-16,176.77,172.1151,173.1888,102.7045,102.0678,144.7,206.38,-14.3473,22.1631,27389200
2025-06-17,180,2024-09-27,2025-06-17,175.95,172.1912,173.2622,102.1829,101.5513,144.7,206.38,-14.7446,21.5964,24973000
2025-06-18,180,2024-09-30,2025-06-18,173.32,172.2455,173.3143,100.6238,100.0033,144.7,206.38,-16.019,19.7789,28707500
2025-06-20,180,2024-10-01,2025-06-20,166.64,172.2502,173.3187,96.743,96.1466,144.7,206.38,-19.2557,15.1624,75659900
2025-06-23,180,2024-10-02,2025-06-23,165.19,172.2395,173.3087,95.9072,95.3155,144.7,206.38,-19.9583,14.1603,57671000
2025-06-24,180,2024-10-03,2025-06-24,166.77,172.2449,173.3137,96.8215,96.2244,144.7,206.38,-19.1928,15.2523,40524300
2025-06-25,180,2024-10-04,2025-06-25,170.68,172.2729,173.3405,99.0753,98.4652,144.7,206.38,-17.2982,17.9544,35479000
2025-06-26,180,2024-10-07,2025-06-26,173.54,172.3098,173.3765,100.7139,100.0943,144.7,206.38,-15.9124,19.9309,31796700
2025-06-27,180,2024-10-08,2025-06-27,178.53,172.398,173.4629,103.5569,102.9211,144.7,206.38,-13.4945,23.3794,108140200
2025-06-30,180,2024-10-09,2025-06-30,176.23,172.4656,173.5287,102.1827,101.5567,144.7,206.38,-14.609,21.7899,63378900
2025-07-01,180,2024-10-10,2025-07-01,175.84,172.5468,173.6064,101.9086,101.2866,144.7,206.38,-14.7979,21.5204,35904500
2025-07-02,180,2024-10-11,2025-07-02,178.64,172.6414,173.6984,103.4746,102.8449,144.7,206.38,-13.4412,23.4554,29128900
2025-07-03,180,2024-10-14,2025-07-03,179.53,172.7335,173.7889,103.9347,103.3035,144.7,206.38,-13.01,24.0705,21689700
2025-07-07,180,2024-10-15,2025-07-07,176.79,172.8008,173.8546,102.3086,101.6884,144.7,206.38,-14.3376,22.1769,34175600
2025-07-08,180,2024-10-16,2025-07-08,174.36,172.852,173.9041,100.8724,100.2622,144.7,206.38,-15.5151,20.4976,40442500
2025-07-09,180,2024-10-17,2025-07-09,176.62,172.9172,173.9677,102.1414,101.5246,144.7,206.38,-14.42,22.0594,43025600
2025-07-10,180,2024-10-18,2025-07-10,177.62,173.0016,174.0493,102.6696,102.0515,144.7,206.38,-13.9355,22.7505,29252400
2025-07-11,180,2024-10-21,2025-07-11,180.19,173.0963,174.1425,104.0981,103.4727,144.7,206.38,-12.6902,24.5266,34282900
2025-07-14,180,2024-10-22,2025-07-14,181.56,173.1941,174.2397,104.8304,104.2013,144.7,206.38,-12.0264,25.4734,32536600
2025-07-15,180,2024-10-23,2025-07-15,182.0,173.2876,174.3333,105.0277,104.3977,144.7,206.38,-11.8132,25.7775,33448300
2025-07-16,180,2024-10-24,2025-07-16,182.97,173.4008,174.4455,105.5185,104.8866,144.7,206.38,-11.3432,26.4478,33104200
2025-07-17,180,2024-10-25,2025-07-17,183.58,173.5175,174.5614,105.7991,105.1664,144.7,206.38,-11.0476,26.8694,31992600
2025-07-18,180,2024-10-28,2025-07-18,185.06,173.6258,174.6713,106.5855,105.9475,144.7,206.38,-10.3305,27.8922,34014500
2025-07-21,180,2024-10-29,2025-07-21,190.1,173.7495,174.8012,109.4104,108.7521,144.7,206.38,-7.8884,31.3753,45803100
2025-07-22,180,2024-10-30,2025-07-22,191.34,173.8614,174.9216,110.0532,109.3862,144.7,206.38,-7.2875,32.2322,44660200
2025-07-23,180,2024-10-31,2025-07-23,190.23,173.9413,175.0092,109.3645,108.6972,144.7,206.38,-7.8254,31.4651,58681900
2025-07-24,180,2024-11-01,2025-07-24,192.17,174.049,175.1262,110.4114,109.7323,144.7,206.38,-6.8854,32.8058,74881700
2025-07-25,180,2024-11-04,2025-07-25,193.18,174.1604,175.2478,110.9207,110.2325,144.7,206.38,-6.396,33.5038,39785900
2025-07-28,180,2024-11-05,2025-07-28,192.58,174.2811,175.3774,110.4996,109.8089,144.7,206.38,-6.6867,33.0892,38139500
2025-07-29,180,2024-11-06,2025-07-29,195.75,174.4133,175.5219,112.2334,111.5245,144.7,206.38,-5.1507,35.2799,41389200
2025-07-30,180,2024-11-07,2025-07-30,196.53,174.5109,175.6332,112.6176,111.898,144.7,206.38,-4.7728,35.8189,32445400
2025-07-31,180,2024-11-08,2025-07-31,191.9,174.5653,175.6951,109.9302,109.2233,144.7,206.38,-7.0162,32.6192,51329200
2025-08-01,180,2024-11-11,2025-08-01,189.13,174.6195,175.755,108.3098,107.61,144.7,206.38,-8.3584,30.7049,34832200
2025-08-04,180,2024-11-12,2025-08-04,195.04,174.6902,175.8366,111.6491,110.9212,144.7,206.38,-5.4947,34.7892,31547400
2025-08-05,180,2024-11-13,2025-08-05,194.67,174.7528,175.9091,111.3973,110.6651,144.7,206.38,-5.674,34.5335,31602300
2025-08-06,180,2024-11-14,2025-08-06,196.09,174.8361,176.0047,112.1565,111.4118,144.7,206.38,-4.986,35.5149,21562900
2025-08-07,180,2024-11-15,2025-08-07,196.52,174.9392,176.1211,112.3362,111.5823,144.7,206.38,-4.7776,35.812,26321800
2025-08-08,180,2024-11-18,2025-08-08,201.42,175.0809,176.2818,115.0439,114.2602,144.7,206.38,-2.4033,39.1983,39161800
2025-08-11,180,2024-11-19,2025-08-11,201.0,175.2052,176.4246,114.7226,113.9297,144.7,206.38,-2.6068,38.9081,25832400
2025-08-12,180,2024-11-20,2025-08-12,203.34,175.324,176.5647,115.9795,115.1646,144.7,206.38,-1.473,40.5252,30397900
2025-08-13,180,2024-11-21,2025-08-13,201.96,175.449,176.709,115.1104,114.2896,144.7,206.38,-2.1417,39.5715,28342900
2025-08-14,180,2024-11-22,2025-08-14,202.94,175.6266,176.9052,115.5519,114.7168,144.7,206.38,-1.6668,40.2488,25230400
2025-08-15,180,2024-11-25,2025-08-15,203.9,175.8265,177.1226,115.9666,115.118,144.7,206.38,-1.2017,40.9122,34931400
2025-08-18,180,2024-11-26,2025-08-18,203.5,176.0072,177.3218,115.6203,114.7631,144.7,206.38,-1.3955,40.6358,18526600
2025-08-19,180,2024-11-27,2025-08-19,201.57,176.1712,177.5021,114.4171,113.5593,144.7,206.38,-2.3307,39.302,24240200
2025-08-20,180,2024-11-29,2025-08-20,199.32,176.3251,177.6692,113.0412,112.186,144.7,206.38,-3.4209,37.7471,28955500
2025-08-21,180,2024-12-02,2025-08-21,199.75,176.4829,177.8403,113.1838,112.3199,144.7,206.38,-3.2125,38.0442,19774600
2025-08-22,180,2024-12-03,2025-08-22,206.09,176.6524,178.0326,116.6641,115.7597,144.7,206.38,-0.1405,42.4257,42827000
2025-08-25,180,2024-12-04,2025-08-25,208.49,176.8329,178.2389,117.9023,116.9722,144.7,208.49,0.0,44.0843,29928900
2025-08-26,180,2024-12-05,2025-08-26,207.14,176.9907,178.421,117.0344,116.0962,144.7,208.49,-0.6475,43.1513,28464100
2025-08-27,180,2024-12-06,2025-08-27,207.48,177.1601,178.6146,117.1144,116.1607,144.7,208.49,-0.4844,43.3863,23022900
2025-08-28,180,2024-12-09,2025-08-28,211.64,177.3344,178.8197,119.3451,118.3538,144.7,211.64,0.0,46.2612,32339300
2025-08-29,180,2024-12-10,2025-08-29,212.91,177.5103,179.0283,119.9424,118.9253,144.7,212.91,0.0,47.1389,39728400
2025-09-02,180,2024-12-11,2025-09-02,211.35,177.6274,179.1737,118.985,117.9581,144.7,212.91,-0.7327,46.0608,47523000
2025-09-03,180,2024-12-12,2025-09-03,230.66,177.7647,179.3696,129.7558,128.5948,144.7,230.66,0.0,59.4057,103336100
2025-09-04,180,2024-12-13,2025-09-04,232.3,177.9236,179.5937,130.5616,129.3475,144.7,232.3,0.0,60.5391,51684200
2025-09-05,180,2024-12-16,2025-09-05,235.0,178.1019,179.8447,131.9469,130.6683,144.7,235.0,0.0,62.405,46588900
2025-09-08,180,2024-12-17,2025-09-08,234.04,178.2452,180.0524,131.3023,129.9844,144.7,235.0,-0.4085,61.7415,32474700
2025-09-09,180,2024-12-18,2025-09-09,239.63,178.412,180.298,134.3127,132.9077,144.7,239.63,0.0,65.6047,38061000
2025-09-10,180,2024-12-19,2025-09-10,239.17,178.6114,180.5801,133.9052,132.4454,144.7,239.63,-0.192,65.2868,35141100
2025-09-11,180,2024-12-20,2025-09-11,240.37,178.8145,180.8682,134.4242,132.8979,144.7,240.37,0.0,66.1161,30599300
2025-09-12,180,2024-12-23,2025-09-12,240.8,179.0051,181.1426,134.5213,132.934,144.7,240.8,0.0,66.4133,26771600
2025-09-15,180,2024-12-24,2025-09-15,251.61,179.2124,181.4591,140.3976,138.6593,144.7,251.61,0.0,73.8839,58383800
2025-09-16,180,2024-12-26,2025-09-16,251.16,179.4121,181.7649,139.9906,138.1785,144.7,251.61,-0.1788,73.5729,34109700
2025-09-17,180,2024-12-27,2025-09-17,249.53,179.6099,182.0646,138.9289,137.0558,144.7,251.61,-0.8267,72.4464,34108000
2025-09-18,180,2024-12-30,2025-09-18,252.03,179.8288,182.3938,140.15,138.179,144.7,252.03,0.0,74.1742,31239500
2025-09-19,180,2024-12-31,2025-09-19,254.72,180.0632,182.7465,141.4614,139.3843,144.7,254.72,0.0,76.0332,55571400
2025-09-22,180,2025-01-02,2025-09-22,252.53,180.3018,183.0978,140.0596,137.9208,144.7,254.72,-0.8598,74.5197,32290500
2025-09-23,180,2025-01-03,2025-09-23,251.66,180.5379,183.4435,139.3946,137.1867,144.7,254.72,-1.2013,73.9185,26628000
2025-09-24,180,2025-01-06,2025-09-24,247.14,180.7496,183.751,136.7306,134.4972,144.7,254.72,-2.9758,70.7948,28201000
2025-09-25,180,2025-01-07,2025-09-25,245.79,180.9333,184.0228,135.8457,133.565,144.7,254.72,-3.5058,69.8618,31020400
2025-09-26,180,2025-01-08,2025-09-26,246.54,181.1261,184.3064,136.1151,133.7664,144.7,254.72,-3.2114,70.3801,18503200
2025-09-29,180,2025-01-10,2025-09-29,244.05,181.3192,184.5847,134.5969,132.2157,144.7,254.72,-4.1889,68.6593,32505800
2025-09-30,180,2025-01-13,2025-09-30,243.1,181.5192,184.8684,133.9252,131.499,144.7,254.72,-4.5619,68.0028,34724300
2025-10-01,180,2025-01-14,2025-10-01,244.9,181.7303,185.1678,134.7601,132.2584,144.7,254.72,-3.8552,69.2467,31658200
2025-10-02,180,2025-01-15,2025-10-02,245.69,181.9512,185.4791,135.0307,132.4624,144.7,254.72,-3.5451,69.7927,25483300
2025-10-03,180,2025-01-16,2025-10-03,245.35,182.1423,185.7557,134.7024,132.0821,144.7,254.72,-3.6785,69.5577,30249600
2025-10-06,180,2025-01-17,2025-10-06,250.43,182.362,186.0753,137.3257,134.5853,144.7,254.72,-1.6842,73.0684,28894700
2025-10-07,180,2025-01-21,2025-10-07,245.76,182.5531,186.3517,134.6238,131.8796,144.7,254.72,-3.5176,69.8411,23181300
2025-10-08,180,2025-01-22,2025-10-08,244.62,182.7312,186.6104,133.8687,131.0859,144.7,254.72,-3.9651,69.0532,21307100
2025-10-09,180,2025-01-23,2025-10-09,241.53,182.8985,186.8502,132.0569,129.264,144.7,254.72,-5.1782,66.9178,27892100
2025-10-10,180,2025-01-24,2025-10-10,236.57,183.0517,187.0646,129.2367,126.4643,144.7,254.72,-7.1255,63.49,33180300
2025-10-13,180,2025-01-27,2025-10-13,244.15,183.2192,187.3087,133.2557,130.3463,144.7,254.72,-4.1497,68.7284,24995000
2025-10-14,180,2025-01-28,2025-10-14,245.45,183.432,187.6067,133.8098,130.8322,144.7,254.72,-3.6393,69.6268,22111600
2025-10-15,180,2025-01-29,2025-10-15,251.03,183.6447,187.9163,136.6933,133.586,144.7,254.72,-1.4487,73.4831,27007700
2025-10-16,180,2025-01-30,2025-10-16,251.46,183.8587,188.2277,136.7681,133.5935,144.7,254.72,-1.2798,73.7802,27997200
2025-10-17,180,2025-01-31,2025-10-17,253.3,184.0524,188.519,137.6239,134.3631,144.7,254.72,-0.5575,75.0518,29671600
2025-10-20,180,2025-02-03,2025-10-20,256.55,184.2415,188.8108,139.2466,135.8767,144.7,256.55,0.0,77.2979,22350200
2025-10-21,180,2025-02-04,2025-10-21,250.46,184.4259,189.0843,135.8053,132.4594,144.7,256.55,-2.3738,73.0892,47312100
2025-10-22,180,2025-02-05,2025-10-22,251.69,184.5908,189.3361,136.3502,132.9329,144.7,256.55,-1.8944,73.9392,35029400
2025-10-23,180,2025-02-06,2025-10-23,253.08,184.8325,189.6791,136.9239,133.4253,144.7,256.55,-1.3526,74.8998,19901400
2025-10-24,180,2025-02-07,2025-10-24,259.92,185.0933,190.0587,140.4265,136.7578,144.7,259.92,0.0,79.6268,28655100
2025-10-27,180,2025-02-10,2025-10-27,269.27,185.4139,190.5249,145.2264,141.3306,144.7,269.27,0.0,86.0885,35235200
2025-10-28,180,2025-02-11,2025-10-28,267.47,185.7246,190.9749,144.0143,140.055,144.7,269.27,-0.6685,84.8445,29738600
2025-10-29,180,2025-02-12,2025-10-29,274.57,186.0614,191.4708,147.5696,143.4005,144.7,274.57,0.0,89.7512,43580300
2025-10-30,180,2025-02-13,2025-10-30,281.48,186.4263,192.0145,150.9873,146.5931,144.7,281.48,0.0,94.5266,74876000
2025-10-31,180,2025-02-14,2025-10-31,281.19,186.7776,192.5426,150.5481,146.0404,144.7,281.48,-0.103,94.3262,39267900
2025-11-03,180,2025-02-18,2025-11-03,283.72,187.1415,193.0897,151.6072,146.9369,144.7,283.72,0.0,96.0746,29786000
2025-11-04,180,2025-02-19,2025-11-04,277.54,187.4999,193.6107,148.0214,143.3495,144.7,283.72,-2.1782,91.8037,30078400
2025-11-05,180,2025-02-20,2025-11-05,284.31,187.8679,194.1609,151.3351,146.4301,144.7,284.31,0.0,96.4824,31010300
2025-11-06,180,2025-02-21,2025-11-06,284.75,188.2424,194.7175,151.2677,146.2375,144.7,284.75,0.0,96.7865,37173600
2025-11-07,180,2025-02-24,2025-11-07,278.83,188.6329,195.2684,147.8162,142.7932,144.7,284.75,-2.079,92.6952,34479600
2025-11-10,180,2025-02-25,2025-11-10,290.1,189.0553,195.8843,153.4472,148.0976,144.7,290.1,0.0,100.4838,29557300
2025-11-11,180,2025-02-26,2025-11-11,291.31,189.5067,196.5281,153.7202,148.2282,144.7,291.31,0.0,101.32,19842100
2025-11-12,180,2025-02-27,2025-11-12,286.71,189.967,197.1613,150.9262,145.419,144.7,291.31,-1.5791,98.141,24829900
2025-11-13,180,2025-02-28,2025-11-13,278.57,190.4383,197.7728,146.2784,140.8535,144.7,291.31,-4.3733,92.5156,29494000
2025-11-14,180,2025-03-03,2025-11-14,276.41,190.8937,198.3624,144.7979,139.3459,144.7,291.31,-5.1148,91.0228,31647200
2025-11-17,180,2025-03-04,2025-11-17,285.02,191.3969,199.0181,148.9157,143.2131,144.7,291.31,-2.1592,96.973,52670200
2025-11-18,180,2025-03-05,2025-11-18,284.28,191.8729,199.6478,148.1606,142.3907,144.7,291.31,-2.4132,96.4616,49158700
2025-11-19,180,2025-03-06,2025-11-19,292.81,192.3577,200.3133,152.2216,146.176,144.7,292.81,0.0,102.3566,68198900
2025-11-20,180,2025-03-07,2025-11-20,289.45,192.8414,200.9639,150.0974,144.0309,144.7,292.81,-1.1475,100.0346,62025200
2025-11-21,180,2025-03-10,2025-11-21,299.66,193.3416,201.6628,154.9899,148.5946,144.7,299.66,0.0,107.0905,74137700
2025-11-24,180,2025-03-11,2025-11-24,318.58,193.9436,202.5112,164.2642,157.3148,144.7,318.58,0.0,120.1659,85165100
2025-11-25,180,2025-03-12,2025-11-25,323.44,194.5735,203.3967,166.2303,159.0193,144.7,323.44,0.0,123.5245,88632100
2025-11-26,180,2025-03-13,2025-11-26,319.95,195.1766,204.2458,163.9285,156.6495,144.7,323.44,-1.079,121.1127,51373400
2025-11-28,180,2025-03-14,2025-11-28,320.18,195.818,205.1204,163.509,156.0937,144.7,323.44,-1.0079,121.2716,26018600
2025-12-01,180,2025-03-17,2025-12-01,314.89,196.4306,205.9504,160.306,152.8961,144.7,323.44,-2.6435,117.6158,41183000
2025-12-02,180,2025-03-18,2025-12-02,315.81,197.0586,206.7922,160.262,152.7185,144.7,323.44,-2.359,118.2516,35854700
2025-12-03,180,2025-03-19,2025-12-03,319.63,197.7287,207.6753,161.6508,153.9085,144.7,323.44,-1.178,120.8915,41838300
2025-12-04,180,2025-03-20,2025-12-04,317.62,198.3722,208.5293,160.1132,152.3143,144.7,323.44,-1.7994,119.5024,31240900
2025-12-05,180,2025-03-21,2025-12-05,321.27,199.0368,209.4097,161.4124,153.4169,144.7,323.44,-0.6709,122.0249,28851700
2025-12-08,180,2025-03-24,2025-12-08,313.72,199.6794,210.2416,157.1118,149.2188,144.7,323.44,-3.0052,116.8072,33909400
2025-12-09,180,2025-03-25,2025-12-09,317.08,200.3038,211.0716,158.2995,150.2239,144.7,323.44,-1.9664,119.1292,30194000
2025-12-10,180,2025-03-26,2025-12-10,320.21,200.9164,211.9029,159.3747,151.1116,144.7,323.44,-0.9986,121.2923,33428900
2025-12-11,180,2025-03-27,2025-12-11,312.43,201.5593,212.7217,155.0065,146.8727,144.7,323.44,-3.404,115.9157,42353700
2025-12-12,180,2025-03-28,2025-12-12,309.29,202.2229,213.5386,152.9451,144.8403,144.7,323.44,-4.3748,113.7457,35940200
2025-12-15,180,2025-03-31,2025-12-15,308.22,202.9606,214.3936,151.862,143.7637,144.7,323.44,-4.7057,113.0062,29151900
2025-12-16,180,2025-04-01,2025-12-16,306.57,203.6967,215.2376,150.5032,142.4333,144.7,323.44,-5.2158,111.8659,30585000
2025-12-17,180,2025-04-02,2025-12-17,296.72,204.3897,216.0134,145.1736,137.3618,144.7,323.44,-8.2612,105.0587,43930400
2025-12-18,180,2025-04-03,2025-12-18,302.46,205.1028,216.8213,147.4675,139.4973,144.7,323.44,-6.4865,109.0256,33518000
2025-12-19,180,2025-04-04,2025-12-19,307.16,205.8956,217.6904,149.1824,141.0994,144.7,323.44,-5.0334,112.2737,59943200
2025-12-22,180,2025-04-07,2025-12-22,309.78,206.7564,218.6026,149.8285,141.7092,144.7,323.44,-4.2233,114.0843,26429900
2025-12-23,180,2025-04-08,2025-12-23,314.35,207.6229,219.5337,151.4043,143.1899,144.7,323.44,-2.8104,117.2426,25478700
2025-12-24,180,2025-04-09,2025-12-24,314.09,208.5193,220.4747,150.6287,142.4608,147.67,323.44,-2.8908,112.6972,10097400
2025-12-26,180,2025-04-10,2025-12-26,313.51,209.2735,221.3347,149.8087,141.6452,147.67,323.44,-3.0701,112.3045,10899000
2025-12-29,180,2025-04-11,2025-12-29,313.56,210.0929,222.2277,149.2483,141.0985,147.67,323.44,-3.0547,112.3383,19621800
2025-12-30,180,2025-04-14,2025-12-30,313.85,210.875,223.0983,148.8323,140.6779,147.67,323.44,-2.965,112.5347,17380900
2025-12-31,180,2025-04-15,2025-12-31,313.0,211.6415,223.9535,147.8916,139.7612,147.67,323.44,-3.2278,111.9591,16377700
2026-01-02,180,2025-04-16,2026-01-02,315.15,212.447,224.8359,148.3429,140.1689,147.67,323.44,-2.5631,113.415,32009400
2026-01-05,180,2025-04-17,2026-01-05,316.54,213.2935,225.7427,148.4058,140.2216,147.67,323.44,-2.1333,114.3563,30195600
2026-01-06,180,2025-04-21,2026-01-06,314.34,214.165,226.6492,146.7747,138.6901,147.67,323.44,-2.8135,112.8665,31212100
2026-01-07,180,2025-04-22,2026-01-07,321.98,215.1033,227.6176,149.6862,141.4565,151.38,323.44,-0.4514,112.6965,35104400
2026-01-08,180,2025-04-23,2026-01-08,325.44,216.0143,228.5841,150.6567,142.3721,151.38,325.44,0.0,114.9822,31896100
2026-01-09,180,2025-04-24,2026-01-09,328.57,216.8977,229.5464,151.4862,143.1388,151.38,328.57,0.0,117.0498,26214200
2026-01-12,180,2025-04-25,2026-01-12,331.86,217.7544,230.5052,152.4011,143.9707,151.38,331.86,0.0,119.2231,33923900
2026-01-13,180,2025-04-28,2026-01-13,335.97,218.6,231.4719,153.6916,145.145,151.38,335.97,0.0,121.9382,33517600
2026-01-14,180,2025-04-29,2026-01-14,335.84,219.4659,232.4454,153.026,144.4812,151.38,335.97,-0.0387,121.8523,28525600
2026-01-15,180,2025-04-30,2026-01-15,332.78,220.336,233.4044,151.033,142.5765,151.38,335.97,-0.9495,119.8309,28442400
2026-01-16,180,2025-05-01,2026-01-16,330.0,221.2207,234.3556,149.1723,140.8117,151.38,335.97,-1.7769,117.9944,40341600
2026-01-20,180,2025-05-02,2026-01-20,322.0,222.0651,235.2483,145.0025,136.8766,151.38,335.97,-4.1581,112.7097,35361000
2026-01-21,180,2025-05-05,2026-01-21,328.38,222.9041,236.1614,147.3189,139.049,151.38,335.97,-2.2591,116.9243,35386600
2026-01-22,180,2025-05-06,2026-01-22,330.54,223.7532,237.0854,147.7252,139.4181,151.38,335.97,-1.6162,118.3512,26253600
2026-01-23,180,2025-05-07,2026-01-23,327.93,224.6123,238.0004,145.9982,137.7855,151.38,335.97,-2.3931,116.627,27280000
2026-01-26,180,2025-05-08,2026-01-26,333.26,225.6274,239.0109,147.7037,139.433,152.75,335.97,-0.8066,118.1735,26042100
2026-01-27,180,2025-05-09,2026-01-27,334.55,226.6195,240.0124,147.6263,139.3886,152.75,335.97,-0.4227,119.018,21636200
2026-01-28,180,2025-05-12,2026-01-28,336.01,227.6428,241.0305,147.604,139.4056,158.46,336.01,0.0,112.0472,27434400
2026-01-29,180,2025-05-13,2026-01-29,338.25,228.6127,242.0293,147.9577,139.7558,159.53,338.25,0.0,112.0291,39785600
2026-01-30,180,2025-05-14,2026-01-30,338.0,229.5777,243.0208,147.2268,139.0827,163.96,338.25,-0.0739,106.1478,31024000
2026-02-02,180,2025-05-15,2026-02-02,343.69,230.5001,244.0115,149.1062,140.8499,163.96,343.69,0.0,109.6182,32006100
2026-02-03,180,2025-05-16,2026-02-03,339.71,231.4353,244.9879,146.784,138.664,163.98,343.69,-1.158,107.1655,36506700
2026-02-04,180,2025-05-19,2026-02-04,333.04,232.3358,245.9148,143.3443,135.429,163.98,343.69,-3.0987,103.0979,70618400
2026-02-05,180,2025-05-20,2026-02-05,331.25,233.2346,246.8299,142.0244,134.2017,163.98,343.69,-3.6195,102.0063,88205800
2026-02-06,180,2025-05-21,2026-02-06,322.86,234.1451,247.7126,137.8888,130.3365,165.19,343.69,-6.0607,95.4477,56380500
2026-02-09,180,2025-05-22,2026-02-09,324.32,235.0161,248.5779,137.999,130.4702,165.19,343.69,-5.6359,96.3315,39640100
2026-02-10,180,2025-05-23,2026-02-10,318.58,235.8517,249.3985,135.0764,127.7393,165.19,343.69,-7.306,92.8567,39170000
2026-02-11,180,2025-05-27,2026-02-11,310.96,236.6953,250.1901,131.3757,124.2895,165.19,343.69,-9.5231,88.2438,45406400
2026-02-12,180,2025-05-28,2026-02-12,309.0,237.4908,250.9462,130.1103,123.134,165.19,343.69,-10.0934,87.0573,47761300
2026-02-13,180,2025-05-29,2026-02-13,305.72,238.2865,251.6871,128.2993,121.4683,165.19,343.69,-11.0477,85.0717,38499700
2026-02-17,180,2025-05-30,2026-02-17,302.02,239.0802,252.4102,126.3258,119.6544,165.19,343.69,-12.1243,82.8319,39247600
2026-02-18,180,2025-06-02,2026-02-18,303.33,239.885,253.1413,126.4481,119.8264,165.19,343.69,-11.7431,83.6249,28482100
2026-02-19,180,2025-06-03,2026-02-19,302.85,240.7237,253.8847,125.8082,119.2864,165.19,343.69,-11.8828,83.3343,25834400
2026-02-20,180,2025-06-04,2026-02-20,314.98,241.6423,254.7114,130.3497,123.6615,165.19,343.69,-8.3535,90.6774,53210800
2026-02-23,180,2025-06-05,2026-02-23,311.49,242.5345,255.5083,128.4312,121.9099,165.19,343.69,-9.3689,88.5647,31423000
2026-02-24,180,2025-06-06,2026-02-24,310.9,243.4295,256.301,127.7167,121.3027,165.19,343.69,-9.5406,88.2075,25615600
2026-02-25,180,2025-06-09,2026-02-25,312.9,244.2758,257.0744,128.0929,121.7157,165.19,343.69,-8.9587,89.4182,29963600
2026-02-26,180,2025-06-10,2026-02-26,307.38,245.0825,257.8038,125.419,119.2302,165.19,343.69,-10.5648,86.0766,36431200
2026-02-27,180,2025-06-11,2026-02-27,311.76,245.8832,258.5436,126.7919,120.5831,165.19,343.69,-9.2903,88.7281,44640600
2026-03-02,180,2025-06-12,2026-03-02,306.52,246.6839,259.2612,124.2562,118.2282,165.19,343.69,-10.815,85.556,34790200
2026-03-03,180,2025-06-13,2026-03-03,303.58,247.4971,259.9717,122.66,116.7743,165.19,343.69,-11.6704,83.7762,35497000
2026-03-04,180,2025-06-16,2026-03-04,303.13,248.3255,260.6853,122.0696,116.282,165.19,343.69,-11.8013,83.5038,29536200
2026-03-05,180,2025-06-17,2026-03-05,300.88,249.1275,261.3748,120.7735,115.1144,165.19,343.69,-12.456,82.1418,35752300
2026-03-06,180,2025-06-18,2026-03-06,298.52,249.9347,262.0558,119.4392,113.9147,165.19,343.69,-13.1427,80.7131,25576900
2026-03-09,180,2025-06-20,2026-03-09,306.36,250.8073,262.7949,122.1496,116.5776,165.19,343.69,-10.8615,85.4592,29312100
2026-03-10,180,2025-06-23,2026-03-10,307.04,251.7699,263.5749,121.9526,116.4906,165.19,343.69,-10.6637,85.8708,23239700
2026-03-11,180,2025-06-24,2026-03-11,308.7,252.7649,264.3722,122.1293,116.7672,166.77,343.69,-10.1807,85.1052,24125700
2026-03-12,180,2025-06-25,2026-03-12,303.55,253.7276,265.1321,119.6362,114.4901,170.68,343.69,-11.6791,77.8474,24928300
2026-03-13,180,2025-06-26,2026-03-13,302.28,254.6431,265.8632,118.7073,113.6976,173.54,343.69,-12.0486,74.1846,23693100
2026-03-16,180,2025-06-27,2026-03-16,305.56,255.5432,266.5966,119.5727,114.6151,174.36,343.69,-11.0943,75.2466,23519700
2026-03-17,180,2025-06-30,2026-03-17,310.92,256.4114,267.3321,121.2583,116.3048,174.36,343.69,-9.5348,78.3207,21955200
2026-03-18,180,2025-07-01,2026-03-18,307.69,257.3,268.0624,119.5841,114.783,174.36,343.69,-10.4746,76.4682,20009800
2026-03-19,180,2025-07-02,2026-03-19,307.13,258.1972,268.7918,118.9517,114.2631,174.36,343.69,-10.6375,76.1471,25075800
2026-03-20,180,2025-07-03,2026-03-20,301.0,259.0428,269.4716,116.197,111.7001,174.36,343.69,-12.4211,72.6313,44364100
2026-03-23,180,2025-07-07,2026-03-23,302.06,259.8879,270.1523,116.227,111.811,174.36,343.69,-12.1127,73.2393,29326900
2026-03-24,180,2025-07-08,2026-03-24,290.44,260.7211,270.7837,111.3987,107.259,174.36,343.69,-15.4936,66.5749,36864300
2026-03-25,180,2025-07-09,2026-03-25,290.93,261.5918,271.4313,111.2153,107.1836,176.62,343.69,-15.351,64.7209,29460700
2026-03-26,180,2025-07-10,2026-03-26,280.92,262.3934,272.0108,107.0606,103.2753,177.62,343.69,-18.2635,58.1579,39080600
2026-03-27,180,2025-07-11,2026-03-27,274.34,263.1548,272.5481,104.2504,100.6575,180.19,343.69,-20.1781,52.2504,35890600
2026-03-30,180,2025-07-14,2026-03-30,273.5,263.8853,273.0665,103.6435,100.1588,181.56,343.69,-20.4225,50.6389,35141200
2026-03-31,180,2025-07-15,2026-03-31,287.56,264.6731,273.6554,108.6472,105.0811,182.0,343.69,-16.3316,58.0,43875400
2026-04-01,180,2025-07-16,2026-04-01,297.39,265.5054,274.2964,112.009,108.4192,182.97,343.69,-13.4714,62.5348,37684500
2026-04-02,180,2025-07-17,2026-04-02,295.77,266.3242,274.9231,111.0564,107.5828,183.58,343.69,-13.9428,61.1123,21666500
2026-04-06,180,2025-07-18,2026-04-06,299.99,267.1597,275.5698,112.2886,108.8617,185.06,343.69,-12.715,62.1042,16945500
2026-04-07,180,2025-07-21,2026-04-07,305.46,268.007,276.2387,113.9746,110.5783,189.13,343.69,-11.1234,61.5079,23205400
2026-04-08,180,2025-07-22,2026-04-08,317.32,268.8512,276.9455,118.0281,114.5785,189.13,343.69,-7.6726,67.7788,33547100
2026-04-09,180,2025-07-23,2026-04-09,318.49,269.6917,277.6519,118.0941,114.7084,189.13,343.69,-7.3322,68.3974,23739200
2026-04-10,180,2025-07-24,2026-04-10,317.24,270.5448,278.3575,117.2597,113.9685,189.13,343.69,-7.6959,67.7365,19152600
2026-04-13,180,2025-07-25,2026-04-13,321.31,271.3979,279.0749,118.3907,115.1339,189.13,343.69,-6.5117,69.8884,18866400
2026-04-14,180,2025-07-28,2026-04-14,332.91,272.2899,279.8512,122.2631,118.9596,189.13,343.69,-3.1365,76.0218,27721400
2026-04-15,180,2025-07-29,2026-04-15,337.12,273.2101,280.6542,123.3922,120.1193,189.13,343.69,-1.9116,78.2478,24918800
2026-04-16,180,2025-07-30,2026-04-16,336.02,274.0973,281.4335,122.5915,119.3959,189.13,343.69,-2.2317,77.6661,20541500
2026-04-17,180,2025-07-31,2026-04-17,341.68,275.0025,282.2399,124.2462,121.0601,189.13,343.69,-0.5848,80.6588,25581900
2026-04-20,180,2025-08-01,2026-04-20,337.42,275.95,283.0483,122.2758,119.2093,189.13,343.69,-1.8243,78.4064,18784200
2026-04-21,180,2025-08-04,2026-04-21,332.29,276.917,283.8437,119.9962,117.068,194.67,343.69,-3.3169,70.694,23123800
2026-04-22,180,2025-08-05,2026-04-22,339.32,277.8489,284.6452,122.1239,119.208,194.67,343.69,-1.2715,74.3052,20293000
2026-04-23,180,2025-08-06,2026-04-23,338.89,278.7896,285.4464,121.5576,118.7228,196.09,343.69,-1.3966,72.8237,18650300
2026-04-24,180,2025-08-07,2026-04-24,344.4,279.7412,286.2704,123.1138,120.3058,196.52,344.4,0.0,75.2493,26426100
2026-04-27,180,2025-08-08,2026-04-27,350.34,280.7158,287.1249,124.8024,122.0166,199.32,350.34,0.0,75.7676,28576900
2026-04-28,180,2025-08-11,2026-04-28,349.78,281.6408,287.9492,124.1937,121.4728,199.32,350.34,-0.1598,75.4866,27824100
2026-04-29,180,2025-08-12,2026-04-29,349.94,282.577,288.7766,123.8388,121.1802,199.32,350.34,-0.1142,75.5669,35376300
2026-04-30,180,2025-08-13,2026-04-30,384.8,283.6095,289.7847,135.6795,132.7882,199.32,384.8,0.0,93.0564,72040000
2026-05-01,180,2025-08-14,2026-05-01,385.69,284.6675,290.8054,135.4879,132.6282,199.32,385.69,0.0,93.5029,30105200
2026-05-04,180,2025-08-15,2026-05-04,383.25,285.715,291.8072,134.1372,131.3367,199.32,385.69,-0.6326,92.2787,26298600
2026-05-05,180,2025-08-18,2026-05-05,388.43,286.7756,292.8323,135.4474,132.6459,199.32,388.43,0.0,94.8776,23878600
2026-05-06,180,2025-08-19,2026-05-06,398.04,287.8771,293.9131,138.2673,135.4278,199.32,398.04,0.0,99.699,31308500
2026-05-07,180,2025-08-20,2026-05-07,397.99,289.0088,295.0043,137.7086,134.9099,199.32,398.04,-0.0126,99.6739,24433500
2026-05-08,180,2025-08-21,2026-05-08,400.8,290.1839,296.1237,138.1193,135.3489,199.75,400.8,0.0,100.6508,21461800
2026-05-11,180,2025-08-22,2026-05-11,388.64,291.3267,297.1731,133.4035,130.779,206.09,400.8,-3.0339,88.5778,30753700
2026-05-12,180,2025-08-25,2026-05-12,387.35,292.4012,298.1801,132.4721,129.9047,207.14,400.8,-3.3558,86.9991,26017500
2026-05-13,180,2025-08-26,2026-05-13,402.62,293.5039,299.2586,137.1771,134.5392,207.14,402.62,0.0,94.371,28144600
2026-05-14,180,2025-08-27,2026-05-14,401.07,294.6253,300.3359,136.1288,133.5405,207.48,402.62,-0.385,93.3054,21136700
2026-05-15,180,2025-08-28,2026-05-15,396.78,295.7384,301.3876,134.1659,131.6511,211.35,402.62,-1.4505,87.736,20309700
2026-05-18,180,2025-08-29,2026-05-18,396.94,296.814,302.4171,133.7336,131.2558,211.35,402.62,-1.4108,87.8117,26837200
2026-05-19,180,2025-09-02,2026-05-19,387.66,297.8539,303.3879,130.1511,127.777,211.35,402.62,-3.7157,83.4209,39545700
2026-05-20,180,2025-09-03,2026-05-20,388.91,298.9224,304.3743,130.104,127.7736,230.66,402.62,-3.4052,68.6075,31744400
2026-05-21,180,2025-09-04,2026-05-21,387.66,299.7966,305.2466,129.3077,126.999,232.3,402.62,-3.7157,66.879,24852800
2026-05-22,180,2025-09-05,2026-05-22,382.97,300.6446,306.0836,127.3829,125.1194,234.04,402.62,-4.8805,63.6344,20442100
2026-05-26,180,2025-09-08,2026-05-26,388.88,301.4926,306.9385,128.9849,126.6964,234.04,402.62,-3.4126,66.1596,27747400
2026-05-27,180,2025-09-09,2026-05-27,388.83,302.354,307.7984,128.6009,126.3262,236.57,402.62,-3.4251,64.3615,23087300
2026-05-28,180,2025-09-10,2026-05-28,390.13,303.1738,308.6346,128.682,126.4052,236.57,402.62,-3.1022,64.911,24357500
2026-05-29,180,2025-09-11,2026-05-29,380.34,303.9683,309.4188,125.1249,122.9208,236.57,402.62,-5.5338,60.7727,44415800
2026-06-01,180,2025-09-12,2026-06-01,376.37,304.742,310.1744,123.5045,121.3414,236.57,402.62,-6.5198,59.0946,28672100
2026-06-02,180,2025-09-15,2026-06-02,361.85,305.4604,310.8469,118.4605,116.4078,236.57,402.62,-10.1262,52.9568,50412300
2026-06-03,180,2025-09-16,2026-06-03,358.99,306.0779,311.4434,117.2871,115.2665,236.57,402.62,-10.8365,51.7479,55441600
2026-06-04,180,2025-09-17,2026-06-04,372.19,306.7532,312.1158,121.3321,119.2474,236.57,402.62,-7.558,57.3276,44055500
2026-06-05,180,2025-09-18,2026-06-05,368.53,307.4312,312.7769,119.874,117.8252,236.57,402.62,-8.467,55.7805,37471200
2026-06-08,180,2025-09-19,2026-06-08,363.31,308.0707,313.3952,117.9307,115.9271,236.57,402.62,-9.7635,53.574,27942500
2026-06-09,180,2025-09-22,2026-06-09,364.26,308.6944,314.0037,118.0002,116.005,236.57,402.62,-9.5276,53.9756,29535100
2026-06-10,180,2025-09-23,2026-06-10,356.38,309.3065,314.5807,115.219,113.2873,236.57,402.62,-11.4848,50.6446,32357100
2026-06-11,180,2025-09-24,2026-06-11,357.77,309.9342,315.1702,115.4342,113.5165,236.57,402.62,-11.1395,51.2322,35538200
2026-06-12,180,2025-09-25,2026-06-12,359.68,310.6113,315.7954,115.7975,113.8965,236.57,402.62,-10.6651,52.0396,24704600
2026-06-15,180,2025-09-26,2026-06-15,369.35,311.3425,316.4818,118.6314,116.705,236.57,402.62,-8.2634,56.1271,27727500
2026-06-16,180,2025-09-29,2026-06-16,373.25,312.0858,317.1858,119.5985,117.6755,236.57,402.62,-7.2947,57.7757,24876100
2026-06-17,180,2025-09-30,2026-06-17,363.79,312.8173,317.851,116.2947,114.453,236.57,402.62,-9.6443,53.7769,24543600
2026-06-18,180,2025-10-01,2026-06-18,368.03,313.5783,318.5451,117.3646,115.5347,236.57,402.62,-8.5912,55.5692,44470100
2026-06-22,180,2025-10-02,2026-06-22,349.68,314.2481,319.1272,111.2751,109.5739,236.57,402.62,-13.1489,47.8125,52814800
2026-06-23,180,2025-10-03,2026-06-23,346.13,314.8974,319.6852,109.9183,108.2722,236.57,402.62,-14.0306,46.3119,34007700
2026-06-24,180,2025-10-06,2026-06-24,345.29,315.5486,320.2404,109.4253,107.8221,236.57,402.62,-14.2392,45.9568,44997300
2026-06-25,180,2025-10-07,2026-06-25,343.71,316.1493,320.7586,108.7176,107.1553,236.57,402.62,-14.6317,45.2889,44491400
2026-06-26,180,2025-10-08,2026-06-26,337.39,316.7641,321.2677,106.5115,105.0184,236.57,402.62,-16.2014,42.6174,114706300
2026-06-29,180,2025-10-09,2026-06-29,353.65,317.4682,321.8734,111.397,109.8724,236.57,402.62,-12.1628,49.4906,34213900
2026-06-30,180,2025-10-10,2026-06-30,357.37,318.2214,322.5169,112.3023,110.8066,236.57,402.62,-11.2389,51.0631,35237200
2026-07-01,180,2025-10-13,2026-07-01,361.21,319.0441,323.2094,113.2163,111.7573,244.15,402.62,-10.2851,47.9459,26736400
2026-07-02,180,2025-10-14,2026-07-02,359.91,319.7908,323.8525,112.5454,111.1339,245.45,402.62,-10.608,46.6327,25974800
2026-07-06,180,2025-10-15,2026-07-06,366.46,320.557,324.5248,114.3198,112.922,250.46,402.62,-8.9812,46.3148,26915800
2026-07-07,180,2025-10-16,2026-07-07,367.03,321.2774,325.1692,114.2409,112.8735,250.46,402.62,-8.8396,46.5424,24045600
2026-07-08,180,2025-10-17,2026-07-08,361.92,321.9749,325.7829,112.4063,111.0924,250.46,402.62,-10.1088,44.5021,22094800
2026-07-09,180,2025-10-20,2026-07-09,358.89,322.6452,326.3695,111.2336,109.9643,250.46,402.62,-10.8614,43.2923,24729100
2026-07-10,180,2025-10-21,2026-07-10,357.18,323.2816,326.9286,110.4857,109.2532,250.46,402.62,-11.2861,42.6096,18146100
2026-07-13,180,2025-10-22,2026-07-13,352.51,323.9541,327.4955,108.8148,107.6381,251.69,402.62,-12.446,40.0572,15901700
2026-07-14,180,2025-10-23,2026-07-14,359.51,324.6503,328.0945,110.7376,109.5751,253.08,402.62,-10.7074,42.0539,18259400
2026-07-15,180,2025-10-24,2026-07-15,370.92,325.387,328.7492,113.9935,112.8277,259.92,402.62,-7.8734,42.7054,28284600
2026-07-16,180,2025-10-27,2026-07-16,354.46,325.9917,329.2744,108.7328,107.6488,267.47,402.62,-11.9617,32.5233,41158500
2026-07-17,180,2025-10-28,2026-07-17,346.77,326.4825,329.7049,106.214,105.1759,267.47,402.62,-13.8716,29.6482,29959300
2026-07-20,180,2025-10-29,2026-07-20,351.99,327.015,330.1745,107.6373,106.6073,273.5,402.62,-12.5751,28.6984,24736600
2026-07-21,180,2025-10-30,2026-07-21,347.15,327.468,330.5777,106.0104,105.0131,273.5,402.62,-13.7773,26.9287,23369800
2026-07-22,180,2025-10-31,2026-07-22,342.09,327.8434,330.9144,104.3455,103.3772,273.5,402.62,-15.034,25.0786,39334100
2026-07-23,180,2025-11-03,2026-07-23,317.69,328.0876,331.1172,96.8309,95.9449,273.5,402.62,-21.0943,16.1572,69419700
2026-07-24,180,2025-11-04,2026-07-24,319.74,328.3252,331.3173,97.3852,96.5057,273.5,402.62,-20.5852,16.9068,31806600
2026-07-27,180,2025-11-05,2026-07-27,326.56,328.6494,331.5897,99.3642,98.4832,273.5,402.62,-18.8913,19.4004,28471600
2026-07-28,180,2025-11-06,2026-07-28,333.71,328.9622,331.8641,101.4433,100.5562,273.5,402.62,-17.1154,22.0146,29511900
2026-07-29,180,2025-11-07,2026-07-29,336.71,329.2883,332.1528,102.2539,101.372,273.5,402.62,-16.3703,23.1115,27501600
2026-07-30,180,2025-11-10,2026-07-30,333.66,329.6437,332.4574,101.2184,100.3617,273.5,402.62,-17.1278,21.9963,30050100
