date,window_trading_days,window_start,window_end,close,fixed_amount_dca_cost,moving_avg_180,price_to_dca_pct,price_to_ma_pct,min_close_in_window,max_close_in_window,drawdown_from_window_high_pct,above_window_low_pct,volume
2013-02-06,180,2012-05-18,2013-02-06,29.05,24.5583,25.4268,118.2898,114.2494,17.73,38.23,-24.0126,63.8466,38375900
2013-02-07,180,2012-05-21,2013-02-07,28.65,24.5291,25.3736,116.8003,112.9126,17.73,34.03,-15.8096,61.5905,34540100
2013-02-08,180,2012-05-22,2013-02-08,28.55,24.5102,25.3432,116.482,112.6536,17.73,33.1,-13.7462,61.0265,37708800
2013-02-11,180,2012-05-23,2013-02-11,28.26,24.4998,25.3279,115.348,111.5764,17.73,33.1,-14.6224,59.3909,37361800
2013-02-12,180,2012-05-24,2013-02-12,27.37,24.4822,25.3022,111.7957,108.1723,17.73,33.1,-17.3112,54.3711,93498700
2013-02-13,180,2012-05-25,2013-02-13,27.91,24.4637,25.2738,114.0875,110.4307,17.73,33.1,-15.6798,57.4168,50164000
2013-02-14,180,2012-05-29,2013-02-14,28.5,24.4512,25.2548,116.5586,112.8497,17.73,33.1,-13.8973,60.7445,35615800
2013-02-15,180,2012-05-30,2013-02-15,28.32,24.4491,25.2519,115.8324,112.1498,17.73,33.1,-14.4411,59.7293,33109300
2013-02-19,180,2012-05-31,2013-02-19,28.93,24.4521,25.2561,118.3128,114.5468,17.73,33.1,-12.5982,63.1698,49396400
2013-02-20,180,2012-06-01,2013-02-20,28.46,24.4476,25.2497,116.4121,112.7141,17.73,33.1,-14.0181,60.5189,42098200
2013-02-21,180,2012-06-04,2013-02-21,27.28,24.4457,25.2473,111.5943,108.0513,17.73,33.1,-17.5831,53.8635,49642300
2013-02-22,180,2012-06-05,2013-02-22,27.13,24.4467,25.2486,110.9759,107.4517,17.73,33.1,-18.0363,53.0175,36350200
2013-02-25,180,2012-06-06,2013-02-25,27.27,24.4533,25.2563,111.5185,107.9729,17.73,33.1,-17.6133,53.8071,34652000
2013-02-26,180,2012-06-07,2013-02-26,27.39,24.456,25.2596,111.9972,108.4342,17.73,33.1,-17.2508,54.4839,31611700
2013-02-27,180,2012-06-08,2013-02-27,26.87,24.4586,25.2627,109.8591,106.3625,17.73,33.1,-18.8217,51.551,44319700
2013-02-28,180,2012-06-11,2013-02-28,27.25,24.4593,25.2635,111.4097,107.8631,17.73,33.1,-17.6737,53.6943,83027800
2013-03-01,180,2012-06-12,2013-03-01,27.78,24.4627,25.2678,113.5607,109.9424,17.73,33.1,-16.0725,56.6836,54064800
2013-03-04,180,2012-06-13,2013-03-04,27.72,24.4641,25.2696,113.309,109.6972,17.73,33.1,-16.2538,56.3452,32400700
2013-03-05,180,2012-06-14,2013-03-05,27.52,24.4652,25.2709,112.4864,108.8998,17.73,33.1,-16.858,55.2171,40622200
2013-03-06,180,2012-06-15,2013-03-06,27.45,24.4616,25.2663,112.2167,108.6428,17.73,33.1,-17.0695,54.8223,33532600
2013-03-07,180,2012-06-18,2013-03-07,28.58,24.456,25.2583,116.8627,113.1508,17.73,33.1,-13.6556,61.1957,74540200
2013-03-08,180,2012-06-19,2013-03-08,27.96,24.443,25.2392,114.3886,110.7802,17.73,33.1,-15.5287,57.6988,44198900
2013-03-11,180,2012-06-20,2013-03-11,28.14,24.4291,25.2182,115.1906,111.586,17.73,33.1,-14.9849,58.714,35642100
2013-03-12,180,2012-06-21,2013-03-12,27.83,24.4149,25.1973,113.9879,110.4484,17.73,33.1,-15.9214,56.9656,27569600
2013-03-13,180,2012-06-22,2013-03-13,27.08,24.3966,25.1708,110.9991,107.5848,17.73,33.1,-18.1873,52.7355,39619500
2013-03-14,180,2012-06-25,2013-03-14,27.04,24.3744,25.1374,110.9361,107.5686,17.73,33.1,-18.3081,52.5099,27646400
2013-03-15,180,2012-06-26,2013-03-15,26.65,24.3535,25.1074,109.4298,106.1441,17.73,33.1,-19.4864,50.3102,31597400
2013-03-18,180,2012-06-27,2013-03-18,26.49,24.3287,25.0707,108.8838,105.6613,17.73,32.47,-18.417,49.4078,26653700
2013-03-19,180,2012-06-28,2013-03-19,26.55,24.3069,25.0391,109.2283,106.0341,17.73,32.47,-18.2322,49.7462,25254200
2013-03-20,180,2012-06-29,2013-03-20,25.86,24.2846,25.0086,106.4871,103.4046,17.73,32.47,-20.3573,45.8545,44006500
2013-03-21,180,2012-07-02,2013-03-21,25.74,24.2627,24.9788,106.0887,103.0475,17.73,32.47,-20.7268,45.1777,24336100
2013-03-22,180,2012-07-03,2013-03-22,25.73,24.2419,24.9508,106.1384,103.123,17.73,32.47,-20.7576,45.1213,18456300
2013-03-25,180,2012-07-05,2013-03-25,25.13,24.2167,24.9171,103.7715,100.8546,17.73,32.47,-22.6055,41.7372,39199000
2013-03-26,180,2012-07-06,2013-03-26,25.21,24.191,24.8823,104.2123,101.3171,17.73,32.47,-22.3591,42.1884,26957200
2013-03-27,180,2012-07-09,2013-03-27,26.09,24.1689,24.8509,107.9488,104.9859,17.73,32.47,-19.6489,47.1517,52297400
2013-03-28,180,2012-07-10,2013-03-28,25.58,24.1429,24.8143,105.9525,103.0856,17.73,32.47,-21.2196,44.2752,28585700
2013-04-01,180,2012-07-11,2013-04-01,25.53,24.119,24.7813,105.8502,103.0211,17.73,32.47,-21.3736,43.9932,22249300
2013-04-02,180,2012-07-12,2013-04-02,25.42,24.0962,24.7505,105.4937,102.705,17.73,32.47,-21.7124,43.3728,35153300
2013-04-03,180,2012-07-13,2013-04-03,26.25,24.0781,24.7252,109.0205,106.1671,17.73,32.47,-19.1561,48.0541,48195200
2013-04-04,180,2012-07-16,2013-04-04,27.07,24.0639,24.7049,112.4921,109.5735,17.73,32.47,-16.6307,52.6791,82016800
2013-04-05,180,2012-07-17,2013-04-05,27.39,24.0603,24.7001,113.8388,110.8902,17.73,32.47,-15.6452,54.4839,64566600
2013-04-08,180,2012-07-18,2013-04-08,26.85,24.0551,24.6932,111.6189,108.7343,17.73,32.47,-17.3083,51.4382,27256000
2013-04-09,180,2012-07-19,2013-04-09,26.59,24.0446,24.6792,110.5862,107.7425,17.73,32.47,-18.109,49.9718,21311100
2013-04-10,180,2012-07-20,2013-04-10,27.57,24.0389,24.6713,114.6893,111.7494,17.73,32.47,-15.0909,55.4992,45949400
2013-04-11,180,2012-07-23,2013-04-11,28.02,24.0359,24.6672,116.5756,113.5923,17.73,32.47,-13.705,58.0372,33368500
2013-04-12,180,2012-07-24,2013-04-12,27.4,24.0304,24.6597,114.0222,111.1126,17.73,32.47,-15.6144,54.5403,28697400
2013-04-15,180,2012-07-25,2013-04-15,26.52,24.0222,24.6489,110.3979,107.5908,17.73,32.47,-18.3246,49.577,30275400
2013-04-16,180,2012-07-26,2013-04-16,26.92,24.0124,24.6355,112.1088,109.2732,17.73,32.47,-17.0927,51.8331,27365900
2013-04-17,180,2012-07-27,2013-04-17,26.63,24.0114,24.6343,110.9056,108.1014,17.73,32.47,-17.9858,50.1974,26440600
2013-04-18,180,2012-07-30,2013-04-18,25.69,24.0218,24.6453,106.9444,104.239,17.73,32.47,-20.8808,44.8957,39059000
2013-04-19,180,2012-07-31,2013-04-19,25.73,24.0357,24.6596,107.049,104.3407,17.73,32.47,-20.7576,45.1213,20380900
2013-04-22,180,2012-08-01,2013-04-22,25.97,24.06,24.6833,107.9385,105.2129,17.73,32.47,-20.0185,46.4749,25687600
2013-04-23,180,2012-08-02,2013-04-23,25.98,24.0903,24.7116,107.8444,105.1328,17.73,32.47,-19.9877,46.5313,25191500
2013-04-24,180,2012-08-03,2013-04-24,26.11,24.1277,24.7453,108.2158,105.5148,17.73,32.47,-19.5873,47.2645,19729900
2013-04-25,180,2012-08-06,2013-04-25,26.14,24.1574,24.7734,108.2071,105.5164,17.73,32.47,-19.4949,47.4337,17150000
2013-04-26,180,2012-08-07,2013-04-26,26.85,24.1846,24.8008,111.0212,108.2627,17.73,32.47,-17.3083,51.4382,33018000
2013-04-29,180,2012-08-08,2013-04-29,26.98,24.221,24.8356,111.3909,108.6346,17.73,32.47,-16.9079,52.1715,29201100
2013-04-30,180,2012-08-09,2013-04-30,27.77,24.261,24.8747,114.4635,111.6394,17.73,32.47,-14.4749,56.6272,36245700
2013-05-01,180,2012-08-10,2013-05-01,27.43,24.2975,24.9104,112.8923,110.1147,17.73,32.47,-15.522,54.7095,64567600
2013-05-02,180,2012-08-13,2013-05-02,28.97,24.3347,24.9502,119.048,116.1114,17.73,32.47,-10.7792,63.3954,104257000
2013-05-03,180,2012-08-14,2013-05-03,28.31,24.3709,24.9874,116.1633,113.2969,17.73,32.47,-12.8118,59.6729,58506400
2013-05-06,180,2012-08-15,2013-05-06,27.57,24.4132,25.0274,112.9309,110.1593,17.73,32.47,-15.0909,55.4992,43939400
2013-05-07,180,2012-08-16,2013-05-07,26.89,24.4463,25.059,109.9964,107.3068,17.73,32.47,-17.1851,51.6638,41259100
2013-05-08,180,2012-08-17,2013-05-08,27.12,24.491,25.0993,110.7345,108.0509,17.73,32.47,-16.4767,52.9611,34654900
2013-05-09,180,2012-08-20,2013-05-09,27.04,24.5428,25.1437,110.1748,107.542,17.73,32.47,-16.7231,52.5099,33457200
2013-05-10,180,2012-08-21,2013-05-10,26.68,24.5847,25.1807,108.5228,105.9541,17.73,32.47,-17.8318,50.4794,30847100
2013-05-13,180,2012-08-22,2013-05-13,26.82,24.6348,25.2233,108.8702,106.3304,17.73,32.47,-17.4007,51.269,29068800
2013-05-14,180,2012-08-23,2013-05-14,27.07,24.6838,25.2657,109.6669,107.1414,17.73,32.47,-16.6307,52.6791,24930300
2013-05-15,180,2012-08-24,2013-05-15,26.6,24.7308,25.3054,107.5582,105.1157,17.73,32.47,-18.0782,50.0282,30299800
2013-05-16,180,2012-08-27,2013-05-16,26.13,24.7759,25.3428,105.4654,103.1063,17.73,32.47,-19.5257,47.3773,35499100
2013-05-17,180,2012-08-28,2013-05-17,26.25,24.8241,25.3822,105.7438,103.4188,17.73,32.47,-19.1561,48.0541,29462700
2013-05-20,180,2012-08-29,2013-05-20,25.76,24.8683,25.4179,103.5855,101.3459,17.73,32.47,-20.6652,45.2905,42402900
2013-05-21,180,2012-08-30,2013-05-21,25.66,24.9144,25.4543,102.9926,100.808,17.73,32.47,-20.9732,44.7265,26261300
2013-05-22,180,2012-08-31,2013-05-22,25.16,24.9581,25.4881,100.8091,98.7129,17.73,32.47,-22.5131,41.9064,45314500
2013-05-23,180,2012-09-04,2013-05-23,25.06,25.0117,25.5269,100.1931,98.1708,17.73,32.47,-22.8211,41.3424,37663100
2013-05-24,180,2012-09-05,2013-05-24,24.31,25.0649,25.5635,96.9883,95.0965,18.58,32.47,-25.1309,30.8396,58727900
2013-05-28,180,2012-09-06,2013-05-28,24.1,25.108,25.5942,95.9854,94.1621,18.81,32.47,-25.7776,28.1233,50079700
2013-05-29,180,2012-09-07,2013-05-29,23.32,25.1426,25.6184,92.7511,91.0284,18.81,32.47,-28.1799,23.9766,64237800
2013-05-30,180,2012-09-10,2013-05-30,24.55,25.1846,25.6493,97.4801,95.714,18.81,32.47,-24.3918,30.5157,60733200
2013-05-31,180,2012-09-11,2013-05-31,24.35,25.2273,25.6801,96.5224,94.8205,18.98,32.47,-25.0077,28.2929,35925000
2013-06-03,180,2012-09-12,2013-06-03,23.85,25.2611,25.7047,94.414,92.7847,18.98,32.47,-26.5476,25.6586,35733800
2013-06-04,180,2012-09-13,2013-06-04,23.52,25.2797,25.7191,93.0389,91.4497,18.98,32.47,-27.5639,23.9199,34760800
2013-06-05,180,2012-09-14,2013-06-05,22.9,25.2962,25.7312,90.5276,88.9969,18.98,32.47,-29.4734,20.6533,53819700
2013-06-06,180,2012-09-17,2013-06-06,22.97,25.303,25.7366,90.7798,89.2503,18.98,32.47,-29.2578,21.0221,31260700
2013-06-07,180,2012-09-18,2013-06-07,23.29,25.3155,25.7464,91.9988,90.4591,18.98,32.47,-28.2723,22.7081,38699200
2013-06-10,180,2012-09-19,2013-06-10,24.33,25.332,25.7601,96.0445,94.4484,18.98,32.47,-25.0693,28.1876,58393000
2013-06-11,180,2012-09-20,2013-06-11,24.03,25.3367,25.7642,94.8426,93.2689,18.98,32.47,-25.9932,26.607,29885900
2013-06-12,180,2012-09-21,2013-06-12,23.77,25.3446,25.7708,93.7873,92.2363,18.98,32.47,-26.794,25.2371,26445800
2013-06-13,180,2012-09-24,2013-06-13,23.73,25.3503,25.7756,93.6084,92.0638,18.98,32.47,-26.9172,25.0263,31189300
2013-06-14,180,2012-09-25,2013-06-14,23.63,25.371,25.7914,93.138,91.6197,18.98,32.47,-27.2251,24.4995,30677100
2013-06-17,180,2012-09-26,2013-06-17,24.02,25.3984,25.8122,94.5728,93.0569,18.98,32.47,-26.024,26.5543,33664500
2013-06-18,180,2012-09-27,2013-06-18,24.21,25.4242,25.8321,95.2241,93.7206,18.98,32.47,-25.4389,27.5553,36709100
2013-06-19,180,2012-09-28,2013-06-19,24.31,25.4533,25.8543,95.5083,94.027,18.98,32.47,-25.1309,28.0822,31790600
2013-06-20,180,2012-10-01,2013-06-20,23.9,25.4689,25.8667,93.8401,92.3967,18.98,32.47,-26.3936,25.922,42765600
2013-06-21,180,2012-10-02,2013-06-21,24.53,25.4858,25.8808,96.2495,94.7806,18.98,32.47,-24.4533,29.2413,45833900
2013-06-24,180,2012-10-03,2013-06-24,23.94,25.4971,25.8901,93.8929,92.4677,18.98,32.47,-26.2704,26.1328,40626000
2013-06-25,180,2012-10-04,2013-06-25,24.25,25.5137,25.9036,95.0471,93.6165,18.98,32.47,-25.3157,27.7661,24713200
2013-06-26,180,2012-10-05,2013-06-26,24.16,25.5287,25.9158,94.6384,93.2249,18.98,32.47,-25.5929,27.2919,29890300
2013-06-27,180,2012-10-08,2013-06-27,24.66,25.5551,25.9367,96.4974,95.0778,18.98,32.47,-24.053,29.9262,34694100
2013-06-28,180,2012-10-09,2013-06-28,24.88,25.5872,25.9616,97.2362,95.834,18.98,32.47,-23.3754,31.0853,96778900
2013-07-01,180,2012-10-10,2013-07-01,24.81,25.6204,25.987,96.8369,95.4708,18.98,32.47,-23.591,30.7165,20582200
2013-07-02,180,2012-10-11,2013-07-02,24.41,25.6567,26.0135,95.1407,93.8359,18.98,32.47,-24.8229,28.6091,18394100
2013-07-03,180,2012-10-12,2013-07-03,24.52,25.6928,26.04,95.4353,94.1628,18.98,32.47,-24.4841,29.1886,10404400
2013-07-05,180,2012-10-15,2013-07-05,24.37,25.7303,26.0669,94.7134,93.4901,18.98,32.47,-24.9461,28.3983,20229500
2013-07-08,180,2012-10-16,2013-07-08,24.71,25.7699,26.0958,95.8871,94.6896,18.98,32.47,-23.899,30.1897,27064600
2013-07-09,180,2012-10-17,2013-07-09,25.48,25.8146,26.1291,98.704,97.5158,18.98,32.47,-21.5276,34.2466,30387900
2013-07-10,180,2012-10-18,2013-07-10,25.8,25.8574,26.162,99.7781,98.6163,18.98,32.47,-20.542,35.9326,26721800
2013-07-11,180,2012-10-19,2013-07-11,25.81,25.9093,26.1999,99.6169,98.5117,19.0,32.47,-20.5112,35.8421,26777400
2013-07-12,180,2012-10-22,2013-07-12,25.91,25.9617,26.2383,99.8008,98.7487,19.21,32.47,-20.2033,34.8777,16537900
2013-07-15,180,2012-10-23,2013-07-15,26.28,26.0131,26.277,101.0258,100.0114,19.21,32.47,-19.0638,36.8038,24234000
2013-07-16,180,2012-10-24,2013-07-16,26.32,26.0632,26.3149,100.9853,100.0194,19.21,32.47,-18.9406,37.012,30817600
2013-07-17,180,2012-10-25,2013-07-17,26.65,26.0841,26.3339,102.1697,101.2004,19.21,32.47,-17.9242,38.7298,21518500
2013-07-18,180,2012-10-26,2013-07-18,26.18,26.1072,26.354,100.2787,99.3398,19.21,32.47,-19.3717,36.2832,24806900
2013-07-19,180,2012-10-31,2013-07-19,25.88,26.1336,26.3759,99.0298,98.1199,19.21,32.47,-20.2957,34.7215,46539700
2013-07-22,180,2012-11-01,2013-07-22,26.05,26.1677,26.4033,99.5503,98.6618,19.21,32.47,-19.7721,35.6065,27526300
2013-07-23,180,2012-11-02,2013-07-23,26.13,26.2015,26.4307,99.7271,98.8624,19.21,32.47,-19.5257,36.0229,28221600
2013-07-24,180,2012-11-05,2013-07-24,26.51,26.2377,26.4603,101.0376,100.1879,19.21,32.47,-18.3554,38.001,82635600
2013-07-25,180,2012-11-06,2013-07-25,34.36,26.3066,26.5331,130.6136,129.4986,19.21,34.36,0.0,78.8652,365457900
2013-07-26,180,2012-11-07,2013-07-26,34.01,26.3753,26.6044,128.9462,127.8358,19.21,34.36,-1.0186,77.0432,136028900
2013-07-29,180,2012-11-08,2013-07-29,35.43,26.4553,26.6876,133.924,132.7585,19.21,35.43,0.0,84.4352,124718800
2013-07-30,180,2012-11-09,2013-07-30,37.63,26.5468,26.7856,141.7497,140.4862,19.21,37.63,0.0,95.8876,173582800
2013-07-31,180,2012-11-12,2013-07-31,36.8,26.6446,26.8833,138.1144,136.8881,19.86,37.63,-2.2057,85.2971,154828700
2013-08-01,180,2012-11-13,2013-08-01,37.49,26.7362,26.9801,140.2218,138.9545,19.86,37.63,-0.372,88.7714,106066500
2013-08-02,180,2012-11-14,2013-08-02,38.05,26.8321,27.0811,141.8075,140.5038,22.17,38.05,0.0,71.6283,73058500
2013-08-05,180,2012-11-15,2013-08-05,39.19,26.9092,27.1746,145.638,144.2155,22.17,39.19,0.0,76.7704,79994800
2013-08-06,180,2012-11-16,2013-08-06,38.55,26.9865,27.2656,142.8492,141.3869,22.9,39.19,-1.6331,68.3406,63950800
2013-08-07,180,2012-11-19,2013-08-07,38.87,27.0543,27.3507,143.6739,142.1172,22.9,39.19,-0.8165,69.738,68854800
2013-08-08,180,2012-11-20,2013-08-08,38.54,27.1264,27.4374,142.0756,140.465,22.9,39.19,-1.6586,68.2969,41301000
2013-08-09,180,2012-11-21,2013-08-09,38.5,27.1974,27.523,141.5577,139.883,22.9,39.19,-1.7607,68.1223,43532300
2013-08-12,180,2012-11-23,2013-08-12,38.22,27.259,27.6002,140.2107,138.4772,22.9,39.19,-2.4751,66.8996,31161000
2013-08-13,180,2012-11-26,2013-08-13,37.02,27.3196,27.6726,135.5071,133.7788,22.9,39.19,-5.5371,61.6594,65379200
2013-08-14,180,2012-11-27,2013-08-14,36.65,27.3664,27.7321,133.9234,132.1575,22.9,39.19,-6.4812,60.0437,48423900
2013-08-15,180,2012-11-28,2013-08-15,36.56,27.4118,27.7899,133.3734,131.5586,22.9,39.19,-6.7109,59.6507,56521100
2013-08-16,180,2012-11-29,2013-08-16,37.08,27.4576,27.8494,135.0444,133.1445,22.9,39.19,-5.384,61.9214,45840800
2013-08-19,180,2012-11-30,2013-08-19,37.81,27.5002,27.9077,137.4897,135.4822,22.9,39.19,-3.5213,65.1092,57609600
2013-08-20,180,2012-12-03,2013-08-20,38.41,27.541,27.9656,139.465,137.3475,22.9,39.19,-1.9903,67.7293,57995200
2013-08-21,180,2012-12-04,2013-08-21,38.32,27.5869,28.0282,138.9064,136.7193,22.9,39.19,-2.22,67.3362,46116900
2013-08-22,180,2012-12-05,2013-08-22,38.55,27.6313,28.0898,139.5158,137.2383,22.9,39.19,-1.6331,68.3406,21931200
2013-08-23,180,2012-12-06,2013-08-23,40.55,27.6798,28.1612,146.4966,143.9926,22.9,40.55,0.0,77.0742,86442300
2013-08-26,180,2012-12-07,2013-08-26,41.34,27.7348,28.241,149.0546,146.3829,22.9,41.34,0.0,80.524,94162400
2013-08-27,180,2012-12-10,2013-08-27,39.64,27.7825,28.3085,142.6796,140.0286,22.9,41.34,-4.1122,73.1004,72695100
2013-08-28,180,2012-12-11,2013-08-28,40.55,27.8309,28.3791,145.7014,142.8868,22.9,41.34,-1.911,77.0742,57918200
2013-08-29,180,2012-12-12,2013-08-29,41.28,27.8805,28.453,148.0603,145.0814,22.9,41.34,-0.1451,80.262,58303400
2013-08-30,180,2012-12-13,2013-08-30,41.29,27.9326,28.5292,147.82,144.7291,22.9,41.34,-0.1209,80.3057,67735100
2013-09-03,180,2012-12-14,2013-09-03,41.87,27.9827,28.6049,149.6283,146.3736,22.9,41.87,0.0,82.8384,48774900
2013-09-04,180,2012-12-17,2013-09-04,41.78,28.0409,28.6881,148.9964,145.6355,22.9,41.87,-0.215,82.4454,42581900
2013-09-05,180,2012-12-18,2013-09-05,42.66,28.102,28.7764,151.8043,148.2463,22.9,42.66,0.0,86.2882,50035400
2013-09-06,180,2012-12-19,2013-09-06,43.95,28.1606,28.8667,156.0691,152.2517,22.9,43.95,0.0,91.9214,117535700
2013-09-09,180,2012-12-20,2013-09-09,44.04,28.2214,28.9591,156.0517,152.0768,22.9,44.04,0.0,92.3144,75794700
2013-09-10,180,2012-12-21,2013-09-10,43.6,28.2818,29.0493,154.1628,150.0898,22.9,44.04,-0.9991,90.393,54540300
2013-09-11,180,2012-12-24,2013-09-11,45.04,28.3525,29.1536,158.8571,154.492,22.9,45.04,0.0,96.6812,72328300
2013-09-12,180,2012-12-26,2013-09-12,44.75,28.4187,29.2526,157.4666,152.9778,22.9,45.04,-0.6439,95.4148,68072300
2013-09-13,180,2012-12-27,2013-09-13,44.31,28.4869,29.3515,155.5454,150.9633,22.9,45.04,-1.6208,93.4935,52765300
2013-09-16,180,2012-12-28,2013-09-16,42.51,28.554,29.4429,148.8756,144.3809,22.9,45.04,-5.6172,85.6332,70424200
2013-09-17,180,2012-12-31,2013-09-17,45.07,28.6286,29.5494,157.4302,152.5243,22.9,45.07,0.0,96.8122,91934600
2013-09-18,180,2013-01-02,2013-09-18,45.23,28.6991,29.6528,157.6007,152.5321,22.9,45.23,0.0,97.5109,79317000
2013-09-19,180,2013-01-03,2013-09-19,45.98,28.7632,29.7527,159.8573,154.5408,22.9,45.98,0.0,100.786,63972400
2013-09-20,180,2013-01-04,2013-09-20,47.49,28.832,29.8622,164.7126,159.0304,22.9,47.49,0.0,107.3799,115508400
2013-09-23,180,2013-01-07,2013-09-23,47.19,28.8949,29.9646,163.3161,157.4858,22.9,47.49,-0.6317,106.0699,75177000
2013-09-24,180,2013-01-08,2013-09-24,48.45,28.957,30.0703,167.3173,161.1223,22.9,48.45,0.0,111.5721,136716100
2013-09-25,180,2013-01-09,2013-09-25,49.46,29.0232,30.1837,170.4153,163.8635,22.9,49.46,0.0,115.9825,87879700
2013-09-26,180,2013-01-10,2013-09-26,50.39,29.0835,30.2937,173.26,166.3384,22.9,50.39,0.0,120.0437,98220100
2013-09-27,180,2013-01-11,2013-09-27,51.24,29.142,30.4044,175.8287,168.528,22.9,51.24,0.0,123.7555,81410500
2013-09-30,180,2013-01-14,2013-09-30,50.23,29.1969,30.5073,172.0387,164.6492,22.9,51.24,-1.9711,119.345,100095000
2013-10-01,180,2013-01-15,2013-10-01,50.42,29.2561,30.6154,172.34,164.6881,22.9,51.24,-1.6003,120.1747,98114000
2013-10-02,180,2013-01-16,2013-10-02,50.28,29.3197,30.7276,171.489,163.6316,22.9,51.24,-1.8735,119.5633,62834000
2013-10-03,180,2013-01-17,2013-10-03,49.18,29.3827,30.8349,167.3775,159.4944,22.9,51.24,-4.0203,114.7598,82045000
2013-10-04,180,2013-01-18,2013-10-04,51.04,29.448,30.9511,173.3225,164.9055,22.9,51.24,-0.3903,122.8821,74447000
2013-10-07,180,2013-01-22,2013-10-07,50.52,29.5152,31.0669,171.166,162.6166,22.9,51.24,-1.4052,120.6114,57204000
2013-10-08,180,2013-01-23,2013-10-08,47.14,29.5701,31.1581,159.4176,151.2929,22.9,51.24,-8.0016,105.8515,136081000
2013-10-09,180,2013-01-24,2013-10-09,46.77,29.624,31.2467,157.8788,149.6797,22.9,51.24,-8.7237,104.2358,147297000
2013-10-10,180,2013-01-25,2013-10-10,49.05,29.6816,31.3466,165.254,156.4765,22.9,51.24,-4.274,114.1921,99774000
2013-10-11,180,2013-01-28,2013-10-11,49.11,29.7372,31.4442,165.1467,156.1816,22.9,51.24,-4.1569,114.4542,58428000
2013-10-14,180,2013-01-29,2013-10-14,49.51,29.7894,31.5388,166.2003,156.9811,22.9,51.24,-3.3763,116.2009,68781000
2013-10-15,180,2013-01-30,2013-10-15,49.5,29.85,31.6428,165.8291,156.4338,22.9,51.24,-3.3958,116.1572,81167000
2013-10-16,180,2013-01-31,2013-10-16,51.14,29.9118,31.7533,170.9694,161.054,22.9,51.24,-0.1952,123.3188,64678000
2013-10-17,180,2013-02-01,2013-10-17,52.21,29.9772,31.8713,174.1658,163.8152,22.9,52.21,0.0,127.9913,71522000
2013-10-18,180,2013-02-04,2013-10-18,54.22,30.0532,32.0073,180.4133,169.3987,22.9,54.22,0.0,136.7686,88260000
2013-10-21,180,2013-02-05,2013-10-21,53.85,30.1388,32.1503,178.6734,167.4944,22.9,54.22,-0.6824,135.1528,58235000
2013-10-22,180,2013-02-06,2013-10-22,52.68,30.2194,32.2839,174.3251,163.1774,22.9,54.22,-2.8403,130.0437,83204000
2013-10-23,180,2013-02-07,2013-10-23,51.9,30.2965,32.4108,171.307,160.1316,22.9,54.22,-4.2789,126.6376,57207000
2013-10-24,180,2013-02-08,2013-10-24,52.45,30.3775,32.5431,172.6608,161.1711,22.9,54.22,-3.2645,129.0393,46775000
2013-10-25,180,2013-02-11,2013-10-25,51.95,30.4586,32.6731,170.5595,158.9995,22.9,54.22,-4.1866,126.8559,45085000
2013-10-28,180,2013-02-12,2013-10-28,50.23,30.5386,32.7951,164.4806,153.1631,22.9,54.22,-7.3589,119.345,73472000
2013-10-29,180,2013-02-13,2013-10-29,49.4,30.6232,32.9175,161.3156,150.0722,22.9,54.22,-8.8897,115.7205,102143000
2013-10-30,180,2013-02-14,2013-10-30,49.01,30.7038,33.0347,159.622,148.359,22.9,54.22,-9.609,114.0175,127073000
2013-10-31,180,2013-02-15,2013-10-31,50.21,30.7834,33.1553,163.1072,151.4387,22.9,54.22,-7.3958,119.2576,248809000
2013-11-01,180,2013-02-19,2013-11-01,49.75,30.8637,33.2744,161.1925,149.5144,22.9,54.22,-8.2442,117.2489,95033000
2013-11-04,180,2013-02-20,2013-11-04,48.22,30.9371,33.3816,155.8647,144.451,22.9,54.22,-11.066,110.5677,80371000
2013-11-05,180,2013-02-21,2013-11-05,50.11,31.018,33.5018,161.5513,149.5739,22.9,54.22,-7.5802,118.821,76835000
2013-11-06,180,2013-02-22,2013-11-06,49.12,31.1054,33.6232,157.9148,146.0897,22.9,54.22,-9.4061,114.4978,67889000
2013-11-07,180,2013-02-25,2013-11-07,47.56,31.1907,33.7367,152.4813,140.9742,22.9,54.22,-12.2833,107.6856,97128000
2013-11-08,180,2013-02-26,2013-11-08,47.53,31.2754,33.8492,151.9723,140.4168,22.9,54.22,-12.3386,107.5546,70731000
2013-11-11,180,2013-02-27,2013-11-11,46.2,31.3564,33.9537,147.3383,136.0676,22.9,54.22,-14.7916,101.7467,80910000
2013-11-12,180,2013-02-28,2013-11-12,46.61,31.4427,34.0634,148.2377,136.8331,22.9,54.22,-14.0354,103.5371,68196000
2013-11-13,180,2013-03-01,2013-11-13,48.71,31.5318,34.1826,154.479,142.4994,22.9,54.22,-10.1623,112.7074,79245000
2013-11-14,180,2013-03-04,2013-11-14,48.99,31.6181,34.3004,154.9428,142.8261,22.9,54.22,-9.6459,113.9301,75117000
2013-11-15,180,2013-03-05,2013-11-15,49.01,31.7054,34.4187,154.5794,142.3934,22.9,54.22,-9.609,114.0175,42453000
2013-11-18,180,2013-03-06,2013-11-18,45.83,31.7867,34.5204,144.1799,132.7619,22.9,54.22,-15.474,100.131,85910000
2013-11-19,180,2013-03-07,2013-11-19,46.36,31.8703,34.6255,145.4646,133.8898,22.9,54.22,-14.4965,102.4454,75602000
2013-11-20,180,2013-03-08,2013-11-20,46.43,31.9464,34.7247,145.3372,133.709,22.9,54.22,-14.3674,102.7511,53933000
2013-11-21,180,2013-03-11,2013-11-21,46.7,32.028,34.8288,145.81,134.0845,22.9,54.22,-13.8694,103.9301,34886000
2013-11-22,180,2013-03-12,2013-11-22,46.23,32.1074,34.9293,143.9854,132.3532,22.9,54.22,-14.7363,101.8777,40545000
2013-11-25,180,2013-03-13,2013-11-25,44.82,32.1856,35.0237,139.2547,127.9706,22.9,54.22,-17.3368,95.7205,82565000
2013-11-26,180,2013-03-14,2013-11-26,45.89,32.273,35.1282,142.1933,130.6359,22.9,54.22,-15.3633,100.393,82016000
2013-11-27,180,2013-03-15,2013-11-27,46.49,32.3627,35.2362,143.6528,131.9381,22.9,54.22,-14.2567,103.0131,44993000
2013-11-29,180,2013-03-18,2013-11-29,47.01,32.4576,35.3493,144.8352,132.9869,22.9,54.22,-13.2977,105.2838,22953900
2013-12-02,180,2013-03-19,2013-12-02,47.06,32.5544,35.4636,144.5578,132.6994,22.9,54.22,-13.2055,105.5022,50774000
2013-12-03,180,2013-03-20,2013-12-03,46.73,32.6505,35.5757,143.1219,131.3536,22.9,54.22,-13.8141,104.0611,32086000
2013-12-04,180,2013-03-21,2013-12-04,48.62,32.7581,35.7022,148.4215,136.1822,22.9,54.22,-10.3283,112.3144,60890000
2013-12-05,180,2013-03-22,2013-12-05,48.34,32.8667,35.8277,147.079,134.9235,22.9,54.22,-10.8447,111.0917,43855000
2013-12-06,180,2013-03-25,2013-12-06,47.94,32.9751,35.9511,145.3824,133.3478,22.9,54.22,-11.5824,109.345,42938000
2013-12-09,180,2013-03-26,2013-12-09,48.84,33.0922,36.0828,147.5876,135.3552,22.9,54.22,-9.9225,113.2751,36056000
2013-12-10,180,2013-03-27,2013-12-10,50.25,33.2129,36.2219,151.2966,138.7281,22.9,54.22,-7.322,119.4323,68479000
2013-12-11,180,2013-03-28,2013-12-11,49.38,33.3241,36.3513,148.1812,135.841,22.9,54.22,-8.9266,115.6332,65776000
2013-12-12,180,2013-04-01,2013-12-12,51.83,33.4467,36.4972,154.9631,142.011,22.9,54.22,-4.408,126.3319,92723000
2013-12-13,180,2013-04-02,2013-12-13,53.32,33.574,36.6516,158.8132,145.4781,22.9,54.22,-1.6599,132.8384,82641000
2013-12-16,180,2013-04-03,2013-12-16,53.81,33.7045,36.8093,159.6522,146.186,22.9,54.22,-0.7562,134.9782,85119000
2013-12-17,180,2013-04-04,2013-12-17,54.86,33.8304,36.9682,162.162,148.3977,22.9,54.86,0.0,139.5633,78751000
2013-12-18,180,2013-04-05,2013-12-18,55.57,33.9513,37.1266,163.6758,149.6772,22.9,55.57,0.0,142.6638,76003000
2013-12-19,180,2013-04-08,2013-12-19,55.05,34.0691,37.2802,161.5832,147.6654,22.9,55.57,-0.9358,140.393,89753200
2013-12-20,180,2013-04-09,2013-12-20,55.12,34.1928,37.4373,161.2037,147.2329,22.9,55.57,-0.8098,140.6987,239824000
2013-12-23,180,2013-04-10,2013-12-23,57.77,34.3251,37.6105,168.3024,153.6007,22.9,57.77,0.0,152.2707,98297000
2013-12-24,180,2013-04-11,2013-12-24,57.96,34.45,37.7793,168.2436,153.4172,22.9,57.96,0.0,153.1004,46617800
2013-12-26,180,2013-04-12,2013-12-26,57.73,34.5716,37.9444,166.9869,152.1437,22.9,57.96,-0.3968,152.0961,55101000
2013-12-27,180,2013-04-15,2013-12-27,55.44,34.6946,38.1002,159.7944,145.5112,22.9,57.96,-4.3478,142.0961,60466000
2013-12-30,180,2013-04-16,2013-12-30,53.71,34.8227,38.2512,154.2385,140.4138,22.9,57.96,-7.3326,134.5415,68307000
2013-12-31,180,2013-04-17,2013-12-31,54.65,34.9501,38.4053,156.3656,142.2982,22.9,57.96,-5.7108,138.6463,43076200
2014-01-02,180,2013-04-18,2014-01-02,54.71,35.0814,38.5613,155.9514,141.8781,22.9,57.96,-5.6073,138.9083,43195500
2014-01-03,180,2013-04-19,2014-01-03,54.56,35.2228,38.7217,154.8995,140.903,22.9,57.96,-5.8661,138.2533,38246200
2014-01-06,180,2013-04-22,2014-01-06,57.2,35.3708,38.8965,161.7152,147.0569,22.9,57.96,-1.3112,149.7817,68852600
2014-01-07,180,2013-04-23,2014-01-07,57.92,35.5191,39.074,163.0673,148.2316,22.9,57.96,-0.069,152.9258,77207400
2014-01-08,180,2013-04-24,2014-01-08,58.23,35.6691,39.2532,163.2504,148.3447,22.9,58.23,0.0,154.2795,56682400
2014-01-09,180,2013-04-25,2014-01-09,57.22,35.8169,39.426,159.7569,145.1327,22.9,58.23,-1.7345,149.869,92253300
2014-01-10,180,2013-04-26,2014-01-10,57.94,35.9672,39.6027,161.0913,146.3033,22.9,58.23,-0.498,153.0131,42449500
2014-01-13,180,2013-04-29,2014-01-13,55.91,36.1069,39.7641,154.846,140.6042,22.9,58.23,-3.9842,144.1485,63010900
2014-01-14,180,2013-04-30,2014-01-14,57.74,36.2504,39.935,159.2809,144.585,22.9,58.23,-0.8415,152.1397,37503600
2014-01-15,180,2013-05-01,2014-01-15,57.6,36.3871,40.1007,158.2979,143.6383,22.9,58.23,-1.0819,151.5284,33663400
2014-01-16,180,2013-05-02,2014-01-16,57.19,36.5272,40.2661,156.5684,142.0303,22.9,58.23,-1.786,149.738,34541800
2014-01-17,180,2013-05-03,2014-01-17,56.3,36.6518,40.4179,153.6077,139.2948,22.9,58.23,-3.3144,145.8515,40849200
2014-01-21,180,2013-05-06,2014-01-21,58.51,36.7884,40.5857,159.0448,144.1642,22.9,58.51,0.0,155.5022,48669200
2014-01-22,180,2013-05-07,2014-01-22,57.51,36.9309,40.752,155.7232,141.1219,22.9,58.51,-1.7091,151.1354,61352900
2014-01-23,180,2013-05-08,2014-01-23,56.63,37.0795,40.9172,152.726,138.4014,22.9,58.51,-3.2131,147.2926,47951800
2014-01-24,180,2013-05-09,2014-01-24,54.45,37.2214,41.0691,146.2869,132.5816,22.9,58.51,-6.939,137.7729,55200700
2014-01-27,180,2013-05-10,2014-01-27,53.55,37.3628,41.2163,143.3242,129.9242,22.9,58.51,-8.4772,133.8428,73924100
2014-01-28,180,2013-05-13,2014-01-28,55.14,37.5135,41.3744,146.9872,133.2707,22.9,58.51,-5.7597,140.786,48191200
2014-01-29,180,2013-05-14,2014-01-29,53.53,37.6595,41.5228,142.1421,128.917,22.9,58.51,-8.5114,133.7555,92995600
2014-01-30,180,2013-05-15,2014-01-30,61.08,37.8223,41.7118,161.4922,146.4335,22.9,61.08,0.0,166.7249,150178900
2014-01-31,180,2013-05-16,2014-01-31,62.57,37.9948,41.9116,164.6804,149.2904,22.9,62.57,0.0,173.2314,87794600
2014-02-03,180,2013-05-17,2014-02-03,61.48,38.1721,42.108,161.06,146.0055,22.9,62.57,-1.742,168.4716,74866600
2014-02-04,180,2013-05-20,2014-02-04,62.75,38.3523,42.3108,163.6146,148.3074,22.9,62.75,0.0,174.0175,45985500
2014-02-05,180,2013-05-21,2014-02-05,62.19,38.5391,42.5132,161.3687,146.2841,22.9,62.75,-0.8924,171.572,51685100
2014-02-06,180,2013-05-22,2014-02-06,62.16,38.7288,42.7159,160.5006,145.5194,22.9,62.75,-0.9402,171.441,42086500
2014-02-07,180,2013-05-23,2014-02-07,64.32,38.9315,42.9335,165.2132,149.8131,22.9,64.32,0.0,180.8734,60704300
2014-02-10,180,2013-05-24,2014-02-10,63.55,39.1361,43.1473,162.3821,147.286,22.9,64.32,-1.1971,177.5109,43666100
2014-02-11,180,2013-05-28,2014-02-11,64.85,39.3561,43.3726,164.7774,149.5185,22.9,64.85,0.0,183.1878,45675600
2014-02-12,180,2013-05-29,2014-02-12,64.45,39.581,43.5967,162.8308,147.8322,22.9,64.85,-0.6168,181.441,47282100
2014-02-13,180,2013-05-30,2014-02-13,67.33,39.8264,43.8412,169.0586,153.5769,22.9,67.33,0.0,194.0175,61911700
2014-02-14,180,2013-05-31,2014-02-14,67.09,40.0553,44.0776,167.4933,152.209,22.9,67.33,-0.3565,192.9694,36694900
2014-02-18,180,2013-06-03,2014-02-18,67.3,40.2903,44.3162,167.0377,151.8633,22.9,67.33,-0.0446,193.8865,43809900
2014-02-19,180,2013-06-04,2014-02-19,68.06,40.5374,44.5618,167.8942,152.7318,22.9,68.06,0.0,197.2052,62087100
2014-02-20,180,2013-06-05,2014-02-20,69.63,40.7961,44.8179,170.678,155.3619,22.9,69.63,0.0,204.0611,130928900
2014-02-21,180,2013-06-06,2014-02-21,68.59,41.0669,45.0718,167.0203,152.1795,22.97,69.63,-1.4936,198.6069,70932400
2014-02-24,180,2013-06-07,2014-02-24,70.78,41.3442,45.3374,171.1967,156.1184,23.29,70.78,0.0,203.9072,76620300
2014-02-25,180,2013-06-10,2014-02-25,69.85,41.6178,45.5961,167.8367,153.1931,23.63,70.78,-1.3139,195.5988,52077000
2014-02-26,180,2013-06-11,2014-02-26,69.26,41.876,45.8457,165.3931,151.0721,23.63,70.78,-2.1475,193.102,55322700
2014-02-27,180,2013-06-12,2014-02-27,68.94,42.1418,46.0952,163.5906,149.5602,23.63,70.78,-2.5996,191.7478,41653700
2014-02-28,180,2013-06-13,2014-02-28,68.46,42.4145,46.3434,161.4071,147.7232,23.63,70.78,-3.2778,189.7165,66783700
2014-03-03,180,2013-06-14,2014-03-03,67.41,42.6892,46.5861,157.909,144.6998,23.63,70.78,-4.7612,185.273,56824100
2014-03-04,180,2013-06-17,2014-03-04,68.8,42.9723,46.8371,160.1031,146.8922,23.9,70.78,-2.7974,187.8661,42013500
2014-03-05,180,2013-06-18,2014-03-05,71.57,43.258,47.1012,165.4493,151.9493,23.9,71.57,0.0,199.4561,74567700
2014-03-06,180,2013-06-19,2014-03-06,70.84,43.5425,47.3603,162.6917,149.5768,23.9,71.57,-1.02,196.4017,46026500
2014-03-07,180,2013-06-20,2014-03-07,69.8,43.8267,47.613,159.2637,146.5986,23.9,71.57,-2.4731,192.0502,38927000
2014-03-10,180,2013-06-21,2014-03-10,72.03,44.1271,47.8804,163.2331,150.4374,23.94,72.03,0.0,200.8772,59871600
2014-03-11,180,2013-06-24,2014-03-11,70.1,44.4156,48.1336,157.8273,145.6364,23.94,72.03,-2.6794,192.8154,59408300
2014-03-12,180,2013-06-25,2014-03-12,70.88,44.7209,48.3943,158.4941,146.4634,24.16,72.03,-1.5966,193.3775,46340500
2014-03-13,180,2013-06-26,2014-03-13,68.83,45.0196,48.642,152.8889,141.5032,24.16,72.03,-4.4426,184.8924,57091000
2014-03-14,180,2013-06-27,2014-03-14,67.72,45.3214,48.884,149.4216,138.532,24.37,72.03,-5.9836,177.8826,48227000
2014-03-17,180,2013-06-28,2014-03-17,68.74,45.6201,49.1289,150.6791,139.9177,24.37,72.03,-4.5675,182.0681,52197000
2014-03-18,180,2013-07-01,2014-03-18,69.19,45.9197,49.3751,150.6761,140.1315,24.37,72.03,-3.9428,183.9146,40827000
2014-03-19,180,2013-07-02,2014-03-19,68.24,46.2222,49.6163,147.6348,137.5354,24.37,72.03,-5.2617,180.0164,43981000
2014-03-20,180,2013-07-03,2014-03-20,66.97,46.5333,49.8528,143.9186,134.3355,24.37,72.03,-7.0248,174.8051,44439000
2014-03-21,180,2013-07-05,2014-03-21,67.24,46.8471,50.0901,143.5309,134.2381,24.37,72.03,-6.65,175.913,59999900
2014-03-24,180,2013-07-08,2014-03-24,64.1,47.1592,50.3108,135.9225,127.4079,24.71,72.03,-11.0093,159.4091,85696000
2014-03-25,180,2013-07-09,2014-03-25,64.89,47.4709,50.5341,136.6943,128.4085,25.48,72.03,-9.9125,154.6703,68786000
2014-03-26,180,2013-07-10,2014-03-26,60.39,47.7566,50.728,126.4536,119.0467,25.8,72.03,-16.1599,134.0698,97503900
2014-03-27,180,2013-07-11,2014-03-27,60.97,48.0416,50.9234,126.9108,119.7289,25.81,72.03,-15.3547,136.2263,112650000
2014-03-28,180,2013-07-12,2014-03-28,60.01,48.3264,51.1134,124.1764,117.4056,25.88,72.03,-16.6875,131.8779,67052000
2014-03-31,180,2013-07-15,2014-03-31,60.24,48.6135,51.3041,123.9162,117.4175,25.88,72.03,-16.3682,132.7666,53011000
2014-04-01,180,2013-07-16,2014-04-01,62.62,48.9052,51.506,128.0438,121.5781,25.88,72.03,-13.064,141.9629,59291000
2014-04-02,180,2013-07-17,2014-04-02,62.72,49.1999,51.7082,127.4799,121.296,25.88,72.03,-12.9252,142.3493,66277000
2014-04-03,180,2013-07-18,2014-04-03,59.49,49.48,51.8907,120.2303,114.6449,25.88,72.03,-17.4094,129.8686,83859000
2014-04-04,180,2013-07-19,2014-04-04,56.75,49.7615,52.0605,114.044,109.0078,25.88,72.03,-21.2134,119.2813,125214400
2014-04-07,180,2013-07-22,2014-04-07,56.95,50.0532,52.2331,113.7789,109.0305,26.05,72.03,-20.9357,118.6181,108488000
2014-04-08,180,2013-07-23,2014-04-08,58.19,50.3501,52.4117,115.5709,111.0249,26.13,72.03,-19.2142,122.6942,78836000
2014-04-09,180,2013-07-24,2014-04-09,62.41,50.6654,52.6132,123.1808,118.6204,26.51,72.03,-13.3555,135.4206,100215000
2014-04-10,180,2013-07-25,2014-04-10,59.16,50.964,52.7946,116.082,112.0569,34.01,72.03,-17.8676,73.9488,114988000
2014-04-11,180,2013-07-26,2014-04-11,58.53,51.138,52.9289,114.455,110.5823,34.01,72.03,-18.7422,72.0964,91452000
2014-04-14,180,2013-07-29,2014-04-14,58.89,51.3191,53.0671,114.7525,110.9727,35.43,72.03,-18.2424,66.2151,72325000
2014-04-15,180,2013-07-30,2014-04-15,59.09,51.485,53.1986,114.7713,111.0744,36.56,72.03,-17.9647,61.6247,108623000
2014-04-16,180,2013-07-31,2014-04-16,59.72,51.6302,53.3213,115.6688,112.0003,36.56,72.03,-17.0901,63.3479,78774000
2014-04-17,180,2013-08-01,2014-04-17,58.94,51.7818,53.4443,113.8238,110.2831,36.56,72.03,-18.173,61.2144,88040000
2014-04-21,180,2013-08-02,2014-04-21,61.24,51.9363,53.5762,117.9136,114.3044,36.56,72.03,-14.9799,67.5055,60364000
2014-04-22,180,2013-08-05,2014-04-22,63.03,52.0929,53.715,120.9954,117.3415,36.56,72.03,-12.4948,72.4015,60631000
2014-04-23,180,2013-08-06,2014-04-23,61.36,52.2323,53.8382,117.4753,113.9712,36.56,72.03,-14.8133,67.8337,95908700
2014-04-24,180,2013-08-07,2014-04-24,60.87,52.3768,53.9622,116.2155,112.8013,36.56,72.03,-15.4935,66.4934,138769000
2014-04-25,180,2013-08-08,2014-04-25,57.71,52.5051,54.0668,109.913,106.7383,36.56,72.03,-19.8806,57.8501,92502000
2014-04-28,180,2013-08-09,2014-04-28,56.14,52.63,54.1646,106.6692,103.647,36.56,72.03,-22.0603,53.5558,107758000
2014-04-29,180,2013-08-12,2014-04-29,58.15,52.7654,54.2738,110.2047,107.142,36.56,72.03,-19.2697,59.0536,75557000
2014-04-30,180,2013-08-13,2014-04-30,59.78,52.9118,54.3936,112.9805,109.9027,36.56,72.03,-17.0068,63.512,76093000
2014-05-01,180,2013-08-14,2014-05-01,61.15,53.0781,54.5276,115.2076,112.145,36.56,72.03,-15.1048,67.2593,82429000
2014-05-02,180,2013-08-15,2014-05-02,60.46,53.2468,54.6599,113.5467,110.6113,36.56,72.03,-16.0628,65.372,54189000
2014-05-05,180,2013-08-16,2014-05-05,61.22,53.4209,54.7969,114.5993,111.7217,37.08,72.03,-15.0076,65.1025,46057000
2014-05-06,180,2013-08-19,2014-05-06,58.53,53.5781,54.9161,109.2424,106.5809,37.81,72.03,-18.7422,54.8003,55901000
2014-05-07,180,2013-08-20,2014-05-07,57.39,53.7224,55.0248,106.827,104.2984,38.32,72.03,-20.3249,49.7651,78587000
2014-05-08,180,2013-08-21,2014-05-08,56.76,53.8577,55.1268,105.3889,102.9627,38.32,72.03,-21.1995,48.1211,61251000
2014-05-09,180,2013-08-22,2014-05-09,57.24,53.997,55.2319,106.0058,103.6358,38.55,72.03,-20.5331,48.4825,52584000
2014-05-12,180,2013-08-23,2014-05-12,59.83,54.1469,55.3501,110.4957,108.0937,39.64,72.03,-16.9374,50.9334,48575000
2014-05-13,180,2013-08-26,2014-05-13,59.83,54.2767,55.4572,110.2316,107.885,39.64,72.03,-16.9374,50.9334,48525000
2014-05-14,180,2013-08-27,2014-05-14,59.23,54.3965,55.5566,108.8857,106.612,39.64,72.03,-17.7704,49.4198,47429000
2014-05-15,180,2013-08-28,2014-05-15,57.92,54.5277,55.6582,106.2212,104.0638,40.55,72.03,-19.5891,42.836,56814000
2014-05-16,180,2013-08-29,2014-05-16,58.02,54.6506,55.7552,106.1653,104.062,41.28,72.03,-19.4502,40.5523,47933000
2014-05-19,180,2013-08-30,2014-05-19,59.21,54.7726,55.8548,108.1015,106.0069,41.29,72.03,-17.7981,43.4003,43034000
2014-05-20,180,2013-09-03,2014-05-20,58.56,54.8919,55.9508,106.6824,104.6634,41.78,72.03,-18.7005,40.1628,53931000
2014-05-21,180,2013-09-04,2014-05-21,60.49,55.0153,56.0542,109.9513,107.9134,41.78,72.03,-16.0211,44.7822,58992000
2014-05-22,180,2013-09-05,2014-05-22,60.52,55.1402,56.1583,109.7566,107.7667,42.51,72.03,-15.9795,42.3665,54200000
2014-05-23,180,2013-09-06,2014-05-23,61.35,55.2611,56.2622,111.0185,109.0431,42.51,72.03,-14.8272,44.319,38294000
2014-05-27,180,2013-09-09,2014-05-27,63.48,55.3801,56.3707,114.6261,112.6118,42.51,72.03,-11.8701,49.3296,55682000
2014-05-28,180,2013-09-10,2014-05-28,63.51,55.4989,56.4788,114.4346,112.4492,42.51,72.03,-11.8284,49.4001,47795000
2014-05-29,180,2013-09-11,2014-05-29,63.83,55.6236,56.5912,114.7534,112.7913,42.51,72.03,-11.3841,50.1529,42700000
2014-05-30,180,2013-09-12,2014-05-30,63.3,55.7339,56.6927,113.5754,111.6547,42.51,72.03,-12.12,48.9061,45253500
2014-06-02,180,2013-09-13,2014-06-02,63.08,55.8462,56.7945,112.9531,111.0671,42.51,72.03,-12.4254,48.3886,35996000
2014-06-03,180,2013-09-16,2014-06-03,62.87,55.9619,56.8976,112.3443,110.4967,42.51,72.03,-12.7169,47.8946,32217000
2014-06-04,180,2013-09-17,2014-06-04,63.34,56.0968,57.0133,112.912,111.0968,44.82,72.03,-12.0644,41.3208,36514000
2014-06-05,180,2013-09-18,2014-06-05,63.19,56.2082,57.114,112.4212,110.6384,44.82,72.03,-12.2727,40.9862,47352000
2014-06-06,180,2013-09-19,2014-06-06,62.5,56.3157,57.2099,110.9815,109.2467,44.82,72.03,-13.2306,39.4467,42442000
2014-06-09,180,2013-09-20,2014-06-09,62.88,56.4189,57.3038,111.4521,109.7309,44.82,72.03,-12.703,40.2945,37617000
2014-06-10,180,2013-09-23,2014-06-10,65.77,56.5225,57.4054,116.3606,114.5711,44.82,72.03,-8.6908,46.7425,69338000
2014-06-11,180,2013-09-24,2014-06-11,65.78,56.629,57.5087,116.1595,114.3828,44.82,72.03,-8.6769,46.7648,44242000
2014-06-12,180,2013-09-25,2014-06-12,64.29,56.7198,57.5967,113.3467,111.621,44.82,72.03,-10.7455,43.4404,55730000
2014-06-13,180,2013-09-26,2014-06-13,64.5,56.8042,57.6802,113.548,111.8234,44.82,72.03,-10.454,43.909,29419000
2014-06-16,180,2013-09-27,2014-06-16,64.19,56.8808,57.7569,112.8501,111.1383,44.82,72.03,-10.8843,43.2173,31046000
2014-06-17,180,2013-09-30,2014-06-17,64.4,56.9525,57.83,113.0766,111.3609,44.82,72.03,-10.5928,43.6859,27715000
2014-06-18,180,2013-10-01,2014-06-18,65.6,57.0367,57.9154,115.0137,113.2687,44.82,72.03,-8.9268,46.3632,35570000
2014-06-19,180,2013-10-02,2014-06-19,64.34,57.1144,57.9927,112.6512,110.9449,44.82,72.03,-10.6761,43.552,34245000
2014-06-20,180,2013-10-03,2014-06-20,64.5,57.1939,58.0717,112.7742,111.0695,44.82,72.03,-10.454,43.909,46466000
2014-06-23,180,2013-10-04,2014-06-23,65.37,57.2856,58.1617,114.1124,112.3936,44.82,72.03,-9.2461,45.8501,34560000
2014-06-24,180,2013-10-07,2014-06-24,65.72,57.3655,58.2432,114.5636,112.8372,44.82,72.03,-8.7602,46.631,57335000
2014-06-25,180,2013-10-08,2014-06-25,67.44,57.4564,58.3372,117.3759,115.6037,44.82,72.03,-6.3723,50.4685,44308000
2014-06-26,180,2013-10-09,2014-06-26,67.13,57.5725,58.4483,116.6008,114.8537,44.82,72.03,-6.8027,49.7769,47714000
2014-06-27,180,2013-10-10,2014-06-27,67.6,57.6941,58.564,117.1697,115.4293,44.82,72.03,-6.1502,50.8255,46461000
2014-06-30,180,2013-10-11,2014-06-30,67.29,57.7965,58.6653,116.4258,114.7015,44.82,72.03,-6.5806,50.1339,27102800
2014-07-01,180,2013-10-14,2014-07-01,68.06,57.9019,58.7706,117.5437,115.8062,44.82,72.03,-5.5116,51.8518,33243000
2014-07-02,180,2013-10-15,2014-07-02,66.45,57.9979,58.8647,114.573,112.8859,44.82,72.03,-7.7468,48.2597,41895000
2014-07-03,180,2013-10-16,2014-07-03,66.29,58.0937,58.958,114.1087,112.436,44.82,72.03,-7.9689,47.9027,25203200
2014-07-07,180,2013-10-17,2014-07-07,65.29,58.1733,59.0366,112.2336,110.5924,44.82,72.03,-9.3572,45.6716,28745000
2014-07-08,180,2013-10-18,2014-07-08,62.76,58.2339,59.0952,107.7723,106.2015,44.82,72.03,-12.8696,40.0268,68926000
2014-07-09,180,2013-10-21,2014-07-09,64.97,58.2914,59.1549,111.4572,109.8302,44.82,72.03,-9.8015,44.9576,51432000
2014-07-10,180,2013-10-22,2014-07-10,64.87,58.351,59.2162,111.172,109.5478,44.82,72.03,-9.9403,44.7345,44422000
2014-07-11,180,2013-10-23,2014-07-11,66.34,58.4251,59.2921,113.5471,111.8868,44.82,72.03,-7.8995,48.0143,39212000
2014-07-14,180,2013-10-24,2014-07-14,67.9,58.5113,59.3809,116.046,114.3465,44.82,72.03,-5.7337,51.4949,38537000
2014-07-15,180,2013-10-25,2014-07-15,67.17,58.5909,59.4627,114.6424,112.9615,44.82,72.03,-6.7472,49.8661,44213200
2014-07-16,180,2013-10-28,2014-07-16,67.66,58.6762,59.55,115.3107,113.6188,44.82,72.03,-6.0669,50.9594,29541600
2014-07-17,180,2013-10-29,2014-07-17,66.41,58.7692,59.6399,113.0014,111.3517,44.82,72.03,-7.8023,48.1705,38188000
2014-07-18,180,2013-10-30,2014-07-18,68.42,58.8773,59.7456,116.2077,114.519,44.82,72.03,-5.0118,52.6551,42456000
2014-07-21,180,2013-10-31,2014-07-21,69.4,58.993,59.8588,117.641,115.9394,44.82,72.03,-3.6513,54.8416,49539000
2014-07-22,180,2013-11-01,2014-07-22,69.27,59.0992,59.9647,117.2098,115.5179,44.82,72.03,-3.8317,54.5515,40398000
2014-07-23,180,2013-11-04,2014-07-23,71.29,59.2172,60.0844,120.3872,118.6498,44.82,72.03,-1.0273,59.0585,78435000
2014-07-24,180,2013-11-05,2014-07-24,74.98,59.3618,60.2331,126.3102,124.4831,44.82,74.98,0.0,67.2914,124168000
2014-07-25,180,2013-11-06,2014-07-25,75.19,59.4924,60.3724,126.3859,124.5437,44.82,75.19,0.0,67.7599,45917000
2014-07-28,180,2013-11-07,2014-07-28,74.92,59.6306,60.5157,125.6403,123.8025,44.82,75.19,-0.3591,67.1575,41725000
2014-07-29,180,2013-11-08,2014-07-29,73.71,59.7783,60.661,123.3056,121.5113,44.82,75.19,-1.9684,64.4578,41324000
2014-07-30,180,2013-11-11,2014-07-30,74.68,59.9305,60.8118,124.611,122.805,44.82,75.19,-0.6783,66.622,36853000
2014-07-31,180,2013-11-12,2014-07-31,72.65,60.0882,60.9588,120.9057,119.1789,44.82,75.19,-3.3781,62.0928,43992000
2014-08-01,180,2013-11-13,2014-08-01,72.36,60.2417,61.1018,120.1161,118.4253,44.82,75.19,-3.7638,61.4458,43535000
2014-08-04,180,2013-11-14,2014-08-04,73.51,60.3817,61.2396,121.7422,120.0367,44.82,75.19,-2.2343,64.0116,30777000
2014-08-05,180,2013-11-15,2014-08-05,72.69,60.5168,61.3713,120.1154,118.443,44.82,75.19,-3.3249,62.1821,34986000
2014-08-06,180,2013-11-18,2014-08-06,72.47,60.6515,61.5016,119.486,117.8343,44.82,75.19,-3.6175,61.6912,30986000
2014-08-07,180,2013-11-19,2014-08-07,73.17,60.8186,61.6535,120.3087,118.6794,44.82,75.19,-2.6865,63.253,38141000
2014-08-08,180,2013-11-20,2014-08-08,73.06,60.981,61.8018,119.8079,118.2166,44.82,75.19,-2.8328,63.0076,27202000
2014-08-11,180,2013-11-21,2014-08-11,73.44,61.1451,61.9519,120.1078,118.5436,44.82,75.19,-2.3274,63.8554,24591000
2014-08-12,180,2013-11-22,2014-08-12,72.83,61.3051,62.0971,118.7993,117.2841,44.82,75.19,-3.1387,62.4944,27419000
2014-08-13,180,2013-11-25,2014-08-13,73.77,61.4741,62.2501,120.0017,118.5059,44.82,75.19,-1.8886,64.5917,29266000
2014-08-14,180,2013-11-26,2014-08-14,74.3,61.6605,62.4138,120.4984,119.0441,45.89,75.19,-1.1837,61.9089,22207000
2014-08-15,180,2013-11-27,2014-08-15,73.63,61.8344,62.5679,119.076,117.6801,46.49,75.19,-2.0748,58.3781,38846600
2014-08-18,180,2013-11-29,2014-08-18,74.59,62.0071,62.7241,120.2928,118.9177,46.73,75.19,-0.798,59.6191,23974000
2014-08-19,180,2013-12-02,2014-08-19,75.29,62.1782,62.8812,121.0875,119.7338,46.73,75.29,0.0,61.1171,26679000
2014-08-20,180,2013-12-03,2014-08-20,74.81,62.348,63.0353,119.9879,118.6795,46.73,75.29,-0.6375,60.0899,22917000
2014-08-21,180,2013-12-04,2014-08-21,74.57,62.521,63.19,119.272,118.0092,47.94,75.29,-0.9563,55.5486,20102000
2014-08-22,180,2013-12-05,2014-08-22,74.57,62.6768,63.3342,118.9755,117.7406,47.94,75.29,-0.9563,55.5486,20897000
2014-08-25,180,2013-12-06,2014-08-25,75.02,62.8378,63.4824,119.3868,118.1745,47.94,75.29,-0.3586,56.4873,19734000
2014-08-26,180,2013-12-09,2014-08-26,75.96,63.007,63.6381,120.558,119.3625,48.84,75.96,0.0,55.5283,23993000
2014-08-27,180,2013-12-10,2014-08-27,74.63,63.1635,63.7813,118.1538,117.0092,49.38,75.96,-1.7509,51.1341,36323000
2014-08-28,180,2013-12-11,2014-08-28,73.86,63.3048,63.9125,116.6737,115.5642,49.38,75.96,-2.7646,49.5747,21947000
2014-08-29,180,2013-12-12,2014-08-29,74.82,63.4584,64.0538,117.9039,116.808,51.83,75.96,-1.5008,44.3565,26241000
2014-09-02,180,2013-12-13,2014-09-02,76.68,63.5986,64.1919,120.5686,119.4543,53.32,76.68,0.0,43.811,34979000
2014-09-03,180,2013-12-16,2014-09-03,75.83,63.724,64.3169,118.9976,117.9005,53.53,76.68,-1.1085,41.6589,32389000
2014-09-04,180,2013-12-17,2014-09-04,75.95,63.8464,64.4399,118.9573,117.8617,53.53,76.68,-0.952,41.8831,26676000
2014-09-05,180,2013-12-18,2014-09-05,77.26,63.9663,64.5644,120.7823,119.6635,53.53,77.26,0.0,44.3303,29476000
2014-09-08,180,2013-12-19,2014-09-08,77.89,64.0838,64.6884,121.544,120.408,53.53,77.89,0.0,45.5072,28183000
2014-09-09,180,2013-12-20,2014-09-09,76.67,64.2009,64.8085,119.4221,118.3024,53.53,77.89,-1.5663,43.2281,28882000
2014-09-10,180,2013-12-23,2014-09-10,77.43,64.3208,64.9324,120.381,119.247,53.53,77.89,-0.5906,44.6479,29909000
2014-09-11,180,2013-12-24,2014-09-11,77.92,64.4238,65.0444,120.949,119.7951,53.53,77.92,0.0,45.5632,32219000
2014-09-12,180,2013-12-26,2014-09-12,77.48,64.5242,65.1528,120.079,118.9204,53.53,77.92,-0.5647,44.7413,26676800
2014-09-15,180,2013-12-27,2014-09-15,74.58,64.6149,65.2464,115.4224,114.3051,53.53,77.92,-4.2864,39.3238,49679000
2014-09-16,180,2013-12-30,2014-09-16,76.08,64.7286,65.3611,117.537,116.3995,53.53,77.92,-2.3614,42.1259,37742000
2014-09-17,180,2013-12-31,2014-09-17,76.43,64.8577,65.4873,117.8427,116.7096,53.53,77.92,-1.9122,42.7798,28693000
2014-09-18,180,2014-01-02,2014-09-18,77.0,64.982,65.6115,118.4943,117.3575,53.53,77.92,-1.1807,43.8446,23031000
2014-09-19,180,2014-01-03,2014-09-19,77.91,65.1099,65.7404,119.6591,118.5116,53.53,77.92,-0.0128,45.5446,76671000
2014-09-22,180,2014-01-06,2014-09-22,76.8,65.2352,65.8639,117.7279,116.604,53.53,77.92,-1.4374,43.471,31961000
2014-09-23,180,2014-01-07,2014-09-23,78.29,65.3467,65.9811,119.8071,118.6552,53.53,78.29,0.0,46.2544,36814000
2014-09-24,180,2014-01-08,2014-09-24,78.54,65.4544,66.0957,119.9919,118.8278,53.53,78.54,0.0,46.7215,30680000
2014-09-25,180,2014-01-09,2014-09-25,77.22,65.5551,66.2012,117.794,116.6445,53.53,78.54,-1.6807,44.2556,37533000
2014-09-26,180,2014-01-10,2014-09-26,78.79,65.6695,66.321,119.9795,118.801,53.53,78.79,0.0,47.1885,28872000
2014-09-29,180,2014-01-13,2014-09-29,79.0,65.78,66.438,120.0974,118.9079,53.53,79.0,0.0,47.5808,34031000
2014-09-30,180,2014-01-14,2014-09-30,79.04,65.906,66.5665,119.9284,118.7384,53.53,79.04,0.0,47.6555,35899000
2014-10-01,180,2014-01-15,2014-10-01,76.55,66.0089,66.671,115.9693,114.8175,53.53,79.04,-3.1503,43.0039,55090000
2014-10-02,180,2014-01-16,2014-10-02,77.08,66.1153,66.7792,116.5843,115.4251,53.53,79.04,-2.4798,43.994,36488000
2014-10-03,180,2014-01-17,2014-10-03,77.44,66.2265,66.8917,116.9321,115.7692,53.53,79.04,-2.0243,44.6665,23340000
2014-10-06,180,2014-01-21,2014-10-06,77.56,66.3453,67.0098,116.9035,115.7442,53.53,79.04,-1.8725,44.8907,25729000
2014-10-07,180,2014-01-22,2014-10-07,76.29,66.4429,67.1086,114.8204,113.6814,53.53,79.04,-3.4793,42.5182,25317000
2014-10-08,180,2014-01-23,2014-10-08,77.52,66.5531,67.2198,116.4784,115.3232,53.53,79.04,-1.9231,44.816,32976000
2014-10-09,180,2014-01-24,2014-10-09,75.91,66.6637,67.3269,113.8701,112.7484,53.53,79.04,-3.96,41.8083,32487000
2014-10-10,180,2014-01-27,2014-10-10,72.91,66.7787,67.4294,109.1816,108.1278,53.53,79.04,-7.7556,36.204,52146000
2014-10-13,180,2014-01-28,2014-10-13,72.99,66.9021,67.5374,109.0997,108.0734,53.53,79.04,-7.6544,36.3534,43938000
2014-10-14,180,2014-01-29,2014-10-14,73.59,67.0154,67.6399,109.8106,108.7967,53.53,79.04,-6.8952,37.4743,50299000
2014-10-15,180,2014-01-30,2014-10-15,73.21,67.1409,67.7493,109.0393,108.0602,56.14,79.04,-7.376,30.4061,61528000
2014-10-16,180,2014-01-31,2014-10-16,72.63,67.2062,67.8134,108.0704,107.1027,56.14,79.04,-8.1098,29.373,53529000
2014-10-17,180,2014-02-03,2014-10-17,75.95,67.2769,67.8878,112.8916,111.8758,56.14,79.04,-3.9094,35.2868,76342000
2014-10-20,180,2014-02-04,2014-10-20,76.95,67.3592,67.9737,114.2382,113.2055,56.14,79.04,-2.6442,37.068,34701000
2014-10-21,180,2014-02-05,2014-10-21,78.69,67.4407,68.0623,116.6803,115.6147,56.14,79.04,-0.4428,40.1674,32252000
2014-10-22,180,2014-02-06,2014-10-22,78.37,67.5247,68.1522,116.0613,114.9927,56.14,79.04,-0.8477,39.5974,41862000
2014-10-23,180,2014-02-07,2014-10-23,80.04,67.6158,68.2515,118.3746,117.2721,56.14,80.04,0.0,42.5721,35056000
2014-10-24,180,2014-02-10,2014-10-24,80.67,67.696,68.3423,119.1651,118.0381,56.14,80.67,0.0,43.6943,32248000
2014-10-27,180,2014-02-11,2014-10-27,80.28,67.7796,68.4353,118.4428,117.3079,56.14,80.67,-0.4834,42.9996,30169000
2014-10-28,180,2014-02-12,2014-10-28,80.77,67.8572,68.5237,119.0293,117.8716,56.14,80.77,0.0,43.8725,74212000
2014-10-29,180,2014-02-13,2014-10-29,75.86,67.917,68.5871,111.6952,110.6039,56.14,80.77,-6.079,35.1265,106120000
2014-10-30,180,2014-02-14,2014-10-30,74.11,67.9518,68.6248,109.0626,107.9931,56.14,80.77,-8.2456,32.0093,83270000
2014-10-31,180,2014-02-18,2014-10-31,74.99,67.9921,68.6687,110.2922,109.2056,56.14,80.77,-7.1561,33.5768,44544000
2014-11-03,180,2014-02-19,2014-11-03,73.88,68.0261,68.7052,108.6053,107.5319,56.14,80.77,-8.5304,31.5996,40727000
2014-11-04,180,2014-02-20,2014-11-04,75.76,68.0645,68.748,111.3061,110.1996,56.14,80.77,-6.2028,34.9483,39326000
2014-11-05,180,2014-02-21,2014-11-05,74.83,68.0902,68.7769,109.8983,108.8011,56.14,80.77,-7.3542,33.2918,35913000
2014-11-06,180,2014-02-24,2014-11-06,75.26,68.1235,68.8139,110.4758,109.3674,56.14,80.77,-6.8218,34.0577,21383000
2014-11-07,180,2014-02-25,2014-11-07,75.6,68.1468,68.8407,110.937,109.8187,56.14,80.77,-6.4009,34.6633,20774000
2014-11-10,180,2014-02-26,2014-11-10,75.0,68.1721,68.8693,110.0156,108.9019,56.14,80.77,-7.1437,33.5946,21575100
2014-11-11,180,2014-02-27,2014-11-11,74.61,68.1989,68.8991,109.4006,108.2889,56.14,80.77,-7.6266,32.8999,18715700
2014-11-12,180,2014-02-28,2014-11-12,74.72,68.2279,68.9312,109.5153,108.398,56.14,80.77,-7.4904,33.0958,26536600
2014-11-13,180,2014-03-03,2014-11-13,74.25,68.2574,68.9633,108.7795,107.6659,56.14,80.77,-8.0723,32.2586,26448500
2014-11-14,180,2014-03-04,2014-11-14,74.88,68.2957,69.0048,109.6409,108.5141,56.14,80.77,-7.2923,33.3808,19476900
2014-11-17,180,2014-03-05,2014-11-17,74.24,68.3233,69.0351,108.6599,107.5396,56.14,80.77,-8.0847,32.2408,28701200
2014-11-18,180,2014-03-06,2014-11-18,74.34,68.3368,69.0504,108.7847,107.6604,56.14,80.77,-7.9609,32.4189,20690500
2014-11-19,180,2014-03-07,2014-11-19,73.33,68.3492,69.0643,107.2872,106.1765,56.14,80.77,-9.2113,30.6199,25441200
2014-11-20,180,2014-03-10,2014-11-20,73.6,68.3684,69.0854,107.652,106.5348,56.14,80.77,-8.8771,31.1008,19154900
2014-11-21,180,2014-03-11,2014-11-21,73.75,68.3768,69.0949,107.8581,106.7372,56.14,80.77,-8.6913,31.368,23060400
2014-11-24,180,2014-03-12,2014-11-24,74.01,68.3964,69.1167,108.2074,107.0798,56.14,80.77,-8.3694,31.8311,22103800
2014-11-25,180,2014-03-13,2014-11-25,75.63,68.4195,69.1431,110.5387,109.3819,56.14,80.77,-6.3637,34.7168,32250200
2014-11-26,180,2014-03-14,2014-11-26,77.62,68.4623,69.1919,113.3763,112.1808,56.14,80.77,-3.9,38.2615,32695300
2014-11-28,180,2014-03-17,2014-11-28,77.7,68.5117,69.2473,113.4113,112.2065,56.14,80.77,-3.8009,38.404,15992000
2014-12-01,180,2014-03-18,2014-12-01,75.1,68.5438,69.2827,109.5649,108.3965,56.14,80.77,-7.0199,33.7727,31789900
2014-12-02,180,2014-03-19,2014-12-02,75.46,68.5752,69.3175,110.0398,108.8614,56.14,80.77,-6.5742,34.414,16773900
2014-12-03,180,2014-03-20,2014-12-03,74.88,68.6092,69.3544,109.1399,107.9672,56.14,80.77,-7.2923,33.3808,16689900
2014-12-04,180,2014-03-21,2014-12-04,75.24,68.6521,69.4003,109.596,108.4145,56.14,80.77,-6.8466,34.0221,14362800
2014-12-05,180,2014-03-24,2014-12-05,76.36,68.6987,69.451,111.1521,109.948,56.14,80.77,-5.4599,36.0171,24306400
2014-12-08,180,2014-03-25,2014-12-08,76.52,68.7651,69.52,111.2773,110.069,56.14,80.77,-5.2619,36.3021,25733900
2014-12-09,180,2014-03-26,2014-12-09,76.84,68.8281,69.5864,111.6404,110.4239,56.14,80.77,-4.8657,36.8721,25358600
2014-12-10,180,2014-03-27,2014-12-10,76.18,68.9186,69.6741,110.5362,109.3376,56.14,80.77,-5.6828,35.6965,32210500
2014-12-11,180,2014-03-28,2014-12-11,77.73,69.012,69.7672,112.6325,111.4134,56.14,80.77,-3.7638,38.4574,33462100
2014-12-12,180,2014-03-31,2014-12-12,77.83,69.1131,69.8662,112.6125,111.3986,56.14,80.77,-3.64,38.6356,28091600
2014-12-15,180,2014-04-01,2014-12-15,76.99,69.2091,69.9593,111.2426,110.0497,56.14,80.77,-4.68,37.1393,29396500
2014-12-16,180,2014-04-02,2014-12-16,74.69,69.2778,70.0263,107.8123,106.6599,56.14,80.77,-7.5275,33.0424,31554600
2014-12-17,180,2014-04-03,2014-12-17,76.11,69.3527,70.1007,109.7434,108.5723,56.14,80.77,-5.7695,35.5718,29203900
2014-12-18,180,2014-04-04,2014-12-18,78.4,69.4612,70.2058,112.8687,111.6717,56.14,80.77,-2.9343,39.6509,34222100
2014-12-19,180,2014-04-07,2014-12-19,79.88,69.5983,70.3343,114.773,113.5719,56.14,80.77,-1.1019,42.2871,43335000
2014-12-22,180,2014-04-08,2014-12-22,81.45,69.7407,70.4704,116.7898,115.5805,56.14,81.45,0.0,45.0837,31395800
2014-12-23,180,2014-04-09,2014-12-23,80.61,69.8701,70.5949,115.3713,114.1866,56.14,81.45,-1.0313,43.5875,19865800
2014-12-24,180,2014-04-10,2014-12-24,80.77,69.969,70.6969,115.4368,114.2482,56.14,81.45,-0.8349,43.8725,7685500
2014-12-26,180,2014-04-11,2014-12-26,80.78,70.0923,70.8171,115.2481,114.0686,56.14,81.45,-0.8226,43.8903,10647400
2014-12-29,180,2014-04-14,2014-12-29,80.02,70.2177,70.9364,113.9598,112.8052,56.14,81.45,-1.7557,42.5365,14134700
2014-12-30,180,2014-04-15,2014-12-30,79.22,70.3373,71.0494,112.6287,111.4999,56.14,81.45,-2.7379,41.1115,14370800
2014-12-31,180,2014-04-16,2014-12-31,78.02,70.4503,71.1546,110.7447,109.6486,56.14,81.45,-4.2112,38.974,19935400
2015-01-02,180,2014-04-17,2015-01-02,78.45,70.5607,71.2586,111.1808,110.092,56.14,81.45,-3.6832,39.7399,18177500
2015-01-05,180,2014-04-21,2015-01-05,77.19,70.6719,71.36,109.2231,108.1698,56.14,81.45,-5.2302,37.4956,26452200
2015-01-06,180,2014-04-22,2015-01-06,76.15,70.7607,71.4428,107.6162,106.5887,56.14,81.45,-6.5071,35.643,27399300
2015-01-07,180,2014-04-23,2015-01-07,76.15,70.8368,71.5157,107.5006,106.4801,56.14,81.45,-6.5071,35.643,22045300
2015-01-08,180,2014-04-24,2015-01-08,78.18,70.9347,71.6092,110.2141,109.176,56.14,81.45,-4.0147,39.259,23961000
2015-01-09,180,2014-04-25,2015-01-09,77.74,71.0345,71.7029,109.4398,108.4196,56.14,81.45,-4.5549,38.4752,21157000
2015-01-12,180,2014-04-28,2015-01-12,76.72,71.1551,71.8085,107.8209,106.8397,56.14,81.45,-5.8072,36.6584,19190200
2015-01-13,180,2014-04-29,2015-01-13,76.45,71.2884,71.9213,107.2404,106.2967,56.76,81.45,-6.1387,34.6899,25179600
2015-01-14,180,2014-04-30,2015-01-14,76.28,71.404,72.0221,106.8288,105.912,56.76,81.45,-6.3475,34.3904,25918600
2015-01-15,180,2014-05-01,2015-01-15,74.05,71.4954,72.1013,103.5731,102.7027,56.76,81.45,-9.0853,30.4616,34134000
2015-01-16,180,2014-05-02,2015-01-16,75.18,71.5822,72.1793,105.0261,104.1573,56.76,81.45,-7.698,32.4524,21791500
2015-01-20,180,2014-05-05,2015-01-20,76.24,71.6798,72.2669,106.3619,105.4977,56.76,81.45,-6.3966,34.3199,22821600
2015-01-21,180,2014-05-06,2015-01-21,76.74,71.7742,72.3532,106.9186,106.0631,56.76,81.45,-5.7827,35.2008,25096700
2015-01-22,180,2014-05-07,2015-01-22,77.65,71.8948,72.4594,108.005,107.1635,56.76,81.45,-4.6654,36.8041,19519500
2015-01-23,180,2014-05-08,2015-01-23,77.83,72.0265,72.5729,108.0575,107.2438,56.76,81.45,-4.4444,37.1212,16746500
2015-01-26,180,2014-05-09,2015-01-26,77.5,72.1626,72.6882,107.3964,106.6198,57.24,81.45,-4.8496,35.3948,19260800
2015-01-27,180,2014-05-12,2015-01-27,75.78,72.2865,72.7912,104.8329,104.106,57.92,81.45,-6.9613,30.8356,20110000
2015-01-28,180,2014-05-13,2015-01-28,76.24,72.391,72.8823,105.3169,104.607,57.92,81.45,-6.3966,31.6298,53306400
2015-01-29,180,2014-05-14,2015-01-29,78.0,72.5046,72.9833,107.5794,106.8738,57.92,81.45,-4.2357,34.6685,61293500
2015-01-30,180,2014-05-15,2015-01-30,75.91,72.6131,73.0759,104.5404,103.8782,57.92,81.45,-6.8017,31.0601,42649500
2015-02-02,180,2014-05-16,2015-02-02,74.99,72.7284,73.1708,103.1097,102.4863,58.02,81.45,-7.9312,29.2485,41955300
2015-02-03,180,2014-05-19,2015-02-03,75.4,72.8453,73.2673,103.507,102.9108,58.56,81.45,-7.4279,28.7568,26957700
2015-02-04,180,2014-05-20,2015-02-04,75.63,72.9536,73.3586,103.6687,103.0964,58.56,81.45,-7.1455,29.1496,20277400
2015-02-05,180,2014-05-21,2015-02-05,75.61,73.0676,73.4533,103.4795,102.9362,60.49,81.45,-7.17,24.9959,15062600
2015-02-06,180,2014-05-22,2015-02-06,74.47,73.1598,73.5309,101.7909,101.2771,60.52,81.45,-8.5697,23.0502,21211000
2015-02-09,180,2014-05-23,2015-02-09,74.44,73.2518,73.6083,101.6221,101.1299,61.35,81.45,-8.6065,21.3366,16194300
2015-02-10,180,2014-05-27,2015-02-10,75.19,73.3413,73.6852,102.5206,102.0423,62.5,81.45,-7.6857,20.304,15811300
2015-02-11,180,2014-05-28,2015-02-11,76.51,73.4216,73.7576,104.2064,103.7317,62.5,81.45,-6.0651,22.416,20877400
2015-02-12,180,2014-05-29,2015-02-12,76.23,73.5004,73.8282,103.7138,103.2532,62.5,81.45,-6.4088,21.968,17235000
2015-02-13,180,2014-05-30,2015-02-13,75.74,73.5744,73.8944,102.9435,102.4976,62.5,81.45,-7.0104,21.184,18621900
2015-02-17,180,2014-06-02,2015-02-17,75.6,73.6517,73.9627,102.6452,102.2137,62.5,81.45,-7.1823,20.96,25254400
2015-02-18,180,2014-06-03,2015-02-18,76.71,73.7367,74.0384,104.0323,103.6083,62.5,81.45,-5.8195,22.736,22426400
2015-02-19,180,2014-06-04,2015-02-19,79.42,73.837,74.1304,107.5613,107.1355,62.5,81.45,-2.4923,27.072,45851200
2015-02-20,180,2014-06-05,2015-02-20,79.9,73.9362,74.2224,108.0661,107.6495,62.5,81.45,-1.903,27.84,36931700
2015-02-23,180,2014-06-06,2015-02-23,78.84,74.0318,74.3093,106.4948,106.097,62.5,81.45,-3.2044,26.144,24139100
2015-02-24,180,2014-06-09,2015-02-24,78.45,74.1309,74.3979,105.8263,105.4465,62.76,81.45,-3.6832,25.0,18897100
2015-02-25,180,2014-06-10,2015-02-25,79.56,74.2329,74.4906,107.1762,106.8054,62.76,81.45,-2.3204,26.7686,25593800
2015-02-26,180,2014-06-11,2015-02-26,80.41,74.3177,74.5719,108.1976,107.8288,62.76,81.45,-1.2768,28.123,31111900
2015-02-27,180,2014-06-12,2015-02-27,78.97,74.3957,74.6452,106.1486,105.7938,62.76,81.45,-3.0448,25.8286,30739200
2015-03-02,180,2014-06-13,2015-03-02,79.75,74.4885,74.7311,107.0635,106.7159,62.76,81.45,-2.0872,27.0714,21662500
2015-03-03,180,2014-06-16,2015-03-03,79.6,74.5793,74.815,106.732,106.3958,62.76,81.45,-2.2713,26.8324,18635000
2015-03-04,180,2014-06-17,2015-03-04,80.9,74.6789,74.9078,108.3305,107.9994,62.76,81.45,-0.6753,28.9038,28126700
2015-03-05,180,2014-06-18,2015-03-05,81.21,74.7786,75.0012,108.6006,108.2782,62.76,81.45,-0.2947,29.3977,27825700
2015-03-06,180,2014-06-19,2015-03-06,80.01,74.864,75.0813,106.8738,106.5645,62.76,81.45,-1.7679,27.4857,24488600
2015-03-09,180,2014-06-20,2015-03-09,79.44,74.9561,75.1652,105.9821,105.6873,62.76,81.45,-2.4678,26.5774,18925100
2015-03-10,180,2014-06-23,2015-03-10,77.55,75.0376,75.2377,103.3482,103.0734,62.76,81.45,-4.7882,23.566,23067100
2015-03-11,180,2014-06-24,2015-03-11,77.57,75.1129,75.3054,103.2712,103.0072,62.76,81.45,-4.7637,23.5978,20215700
2015-03-12,180,2014-06-25,2015-03-12,78.93,75.1928,75.3788,104.9701,104.7111,62.76,81.45,-3.0939,25.7648,16093300
2015-03-13,180,2014-06-26,2015-03-13,78.05,75.2562,75.4378,103.7124,103.4628,62.76,81.45,-4.1743,24.3627,18557300
2015-03-16,180,2014-06-27,2015-03-16,78.07,75.3219,75.4986,103.6484,103.406,62.76,81.45,-4.1498,24.3945,19305400
2015-03-17,180,2014-06-30,2015-03-17,79.36,75.3911,75.5639,105.2644,105.0237,62.76,81.45,-2.566,26.45,22170000
2015-03-18,180,2014-07-01,2015-03-18,80.91,75.4702,75.6396,107.2079,106.9678,62.76,81.45,-0.663,28.9197,36912400
2015-03-19,180,2014-07-02,2015-03-19,82.75,75.5528,75.7212,109.526,109.2825,62.76,82.75,0.0,31.8515,42099500
2015-03-20,180,2014-07-03,2015-03-20,83.8,75.6517,75.8176,110.7707,110.5285,62.76,83.8,0.0,33.5245,44466300
2015-03-23,180,2014-07-07,2015-03-23,84.43,75.7549,75.9183,111.4515,111.2116,62.76,84.43,0.0,34.5284,27357300
2015-03-24,180,2014-07-08,2015-03-24,85.31,75.8697,76.0296,112.4428,112.2064,62.76,85.31,0.0,35.9305,32576500
2015-03-25,180,2014-07-09,2015-03-25,82.92,75.9938,76.1416,109.1142,108.9024,64.87,85.31,-2.8015,27.8249,37436100
2015-03-26,180,2014-07-10,2015-03-26,83.01,76.1013,76.2418,109.0784,108.8773,64.87,85.31,-2.696,27.9636,32794800
2015-03-27,180,2014-07-11,2015-03-27,83.3,76.2112,76.3442,109.3016,109.1112,66.34,85.31,-2.3561,25.5653,18372600
2015-03-30,180,2014-07-14,2015-03-30,83.2,76.3098,76.4378,109.0292,108.8466,66.41,85.31,-2.4733,25.2823,24527700
2015-03-31,180,2014-07-15,2015-03-31,82.22,76.3929,76.5174,107.6278,107.4527,66.41,85.31,-3.6221,23.8066,19734300
2015-04-01,180,2014-07-16,2015-04-01,81.67,76.4787,76.5979,106.7879,106.6217,66.41,85.31,-4.2668,22.9785,22058200
2015-04-02,180,2014-07-17,2015-04-02,81.56,76.5607,76.6752,106.5299,106.3708,66.41,85.31,-4.3957,22.8128,19664100
2015-04-06,180,2014-07-18,2015-04-06,82.44,76.6561,76.7642,107.5452,107.3938,68.42,85.31,-3.3642,20.4911,19062900
2015-04-07,180,2014-07-21,2015-04-07,82.32,76.7368,76.8414,107.2758,107.1297,69.27,85.31,-3.5049,18.8393,17467000
2015-04-08,180,2014-07-22,2015-04-08,82.28,76.8106,76.913,107.1206,106.978,69.27,85.31,-3.5518,18.7816,18966700
2015-04-09,180,2014-07-23,2015-04-09,82.17,76.885,76.9847,106.8739,106.7355,71.29,85.31,-3.6807,15.2616,15927300
2015-04-10,180,2014-07-24,2015-04-10,82.04,76.9454,77.0444,106.6211,106.4841,72.36,85.31,-3.8331,13.3776,12529700
2015-04-13,180,2014-07-25,2015-04-13,83.01,76.9879,77.089,107.8222,107.6807,72.36,85.31,-2.696,14.7181,26883100
2015-04-14,180,2014-07-28,2015-04-14,83.52,77.0316,77.1353,108.4231,108.2773,72.36,85.31,-2.0982,15.4229,19634200
2015-04-15,180,2014-07-29,2015-04-15,82.71,77.073,77.1786,107.3138,107.1671,72.36,85.31,-3.0477,14.3035,22390900
2015-04-16,180,2014-07-30,2015-04-16,82.31,77.1198,77.2263,106.73,106.5828,72.36,85.31,-3.5166,13.7507,13769700
2015-04-17,180,2014-07-31,2015-04-17,80.78,77.1533,77.2602,104.7007,104.5557,72.36,85.31,-5.31,11.6363,24215000
2015-04-20,180,2014-08-01,2015-04-20,83.09,77.2105,77.3182,107.6149,107.465,72.36,85.31,-2.6023,14.8286,28796800
2015-04-21,180,2014-08-04,2015-04-21,83.62,77.2722,77.3808,108.2149,108.063,72.47,85.31,-1.981,15.3857,27171900
2015-04-22,180,2014-08-05,2015-04-22,84.63,77.3315,77.4426,109.4379,109.281,72.47,85.31,-0.7971,16.7794,45548000
2015-04-23,180,2014-08-06,2015-04-23,82.41,77.3855,77.4966,106.4929,106.3402,72.47,85.31,-3.3994,13.716,73728100
2015-04-24,180,2014-08-07,2015-04-24,81.53,77.4365,77.5469,105.2863,105.1364,72.63,85.31,-4.4309,12.2539,29660400
2015-04-27,180,2014-08-08,2015-04-27,81.91,77.4851,77.5954,105.7106,105.5603,72.63,85.31,-3.9855,12.7771,25446000
2015-04-28,180,2014-08-11,2015-04-28,80.68,77.5283,77.6378,104.0653,103.9185,72.63,85.31,-5.4273,11.0836,23775300
2015-04-29,180,2014-08-12,2015-04-29,80.47,77.568,77.6768,103.7412,103.5959,72.63,85.31,-5.6734,10.7944,26430300
2015-04-30,180,2014-08-13,2015-04-30,78.77,77.6026,77.7098,101.5043,101.3643,72.63,85.31,-7.6662,8.4538,28999000
2015-05-01,180,2014-08-14,2015-05-01,78.99,77.6326,77.7388,101.7485,101.6094,72.63,85.31,-7.4083,8.7567,24136400
2015-05-04,180,2014-08-15,2015-05-04,78.81,77.6584,77.7639,101.4829,101.3452,72.63,85.31,-7.6193,8.5089,14692000
2015-05-05,180,2014-08-18,2015-05-05,77.56,77.6815,77.7857,99.8436,99.7098,72.63,85.31,-9.0845,6.7878,22311300
2015-05-06,180,2014-08-19,2015-05-06,78.1,77.7017,77.8052,100.5126,100.3789,72.63,85.31,-8.4515,7.5313,28663000
2015-05-07,180,2014-08-20,2015-05-07,78.43,77.7195,77.8227,100.9142,100.7804,72.63,85.31,-8.0647,7.9857,19749400
2015-05-08,180,2014-08-21,2015-05-08,78.51,77.7407,77.8432,100.9896,100.8566,72.63,85.31,-7.9709,8.0958,19943600
2015-05-11,180,2014-08-22,2015-05-11,78.01,77.7605,77.8623,100.3208,100.1897,72.63,85.31,-8.557,7.4074,18874100
2015-05-12,180,2014-08-25,2015-05-12,77.46,77.7773,77.8784,99.592,99.4628,72.63,85.31,-9.2017,6.6501,21285300
2015-05-13,180,2014-08-26,2015-05-13,78.44,77.7969,77.8974,100.8267,100.6966,72.63,85.31,-8.053,7.9995,21512300
2015-05-14,180,2014-08-27,2015-05-14,81.37,77.8263,77.9274,104.5533,104.4176,72.63,85.31,-4.6184,12.0336,49438000
2015-05-15,180,2014-08-28,2015-05-15,80.42,77.8588,77.9596,103.2896,103.156,72.63,85.31,-5.732,10.7256,27069900
2015-05-18,180,2014-08-29,2015-05-18,80.88,77.8984,77.9986,103.8276,103.6942,72.63,85.31,-5.1928,11.3589,21613700
2015-05-19,180,2014-09-02,2015-05-19,80.63,77.9309,78.0309,103.4635,103.3309,72.63,85.31,-5.4859,11.0147,17955400
2015-05-20,180,2014-09-03,2015-05-20,80.55,77.952,78.0524,103.3328,103.1999,72.63,85.31,-5.5796,10.9046,23056900
2015-05-21,180,2014-09-04,2015-05-21,80.48,77.9777,78.0782,103.2089,103.0761,72.63,85.31,-5.6617,10.8082,13402700
2015-05-22,180,2014-09-05,2015-05-22,80.54,78.0031,78.1037,103.2523,103.1193,72.63,85.31,-5.5914,10.8908,19567900
2015-05-26,180,2014-09-08,2015-05-26,79.33,78.0145,78.1152,101.6862,101.5551,72.63,85.31,-7.0097,9.2248,16321300
2015-05-27,180,2014-09-09,2015-05-27,80.55,78.0289,78.13,103.231,103.0974,72.63,85.31,-5.5796,10.9046,14160900
2015-05-28,180,2014-09-10,2015-05-28,80.15,78.048,78.1493,102.6932,102.5601,72.63,85.31,-6.0485,10.3539,11982000
2015-05-29,180,2014-09-11,2015-05-29,79.19,78.0577,78.1591,101.4506,101.319,72.63,85.31,-7.1738,9.0321,16134600
2015-06-01,180,2014-09-12,2015-06-01,80.29,78.0706,78.1723,102.8429,102.709,72.63,85.31,-5.8844,10.5466,18119000
2015-06-02,180,2014-09-15,2015-06-02,80.44,78.0866,78.1887,103.0138,102.8793,72.63,85.31,-5.7086,10.7531,18923300
2015-06-03,180,2014-09-16,2015-06-03,82.44,78.13,78.2324,105.5165,105.3784,72.63,85.31,-3.3642,13.5068,31775000
2015-06-04,180,2014-09-17,2015-06-04,82.05,78.1624,78.2656,104.9737,104.8354,72.63,85.31,-3.8214,12.9699,20863900
2015-06-05,180,2014-09-18,2015-06-05,82.14,78.1933,78.2973,105.0474,104.9079,72.63,85.31,-3.7159,13.0938,16143100
2015-06-08,180,2014-09-19,2015-06-08,80.67,78.2134,78.3177,103.1409,103.0036,72.63,85.31,-5.439,11.0698,16915500
2015-06-09,180,2014-09-22,2015-06-09,80.67,78.2283,78.333,103.1213,102.9834,72.63,85.31,-5.439,11.0698,16497500
2015-06-10,180,2014-09-23,2015-06-10,82.16,78.2572,78.3628,104.9872,104.8457,72.63,85.31,-3.6924,13.1213,21531200
2015-06-11,180,2014-09-24,2015-06-11,81.83,78.276,78.3824,104.5404,104.3984,72.63,85.31,-4.0792,12.6669,18656800
2015-06-12,180,2014-09-25,2015-06-12,81.53,78.2919,78.3991,104.1359,103.9936,72.63,85.31,-4.4309,12.2539,11417900
2015-06-15,180,2014-09-26,2015-06-15,80.71,78.311,78.4184,103.0635,102.9222,72.63,85.31,-5.3921,11.1249,18805100
2015-06-16,180,2014-09-29,2015-06-16,81.06,78.3231,78.4311,103.4944,103.3519,72.63,85.31,-4.9818,11.6068,13693700
2015-06-17,180,2014-09-30,2015-06-17,81.79,78.3378,78.4466,104.4068,104.2621,72.63,85.31,-4.1261,12.6119,18350300
2015-06-18,180,2014-10-01,2015-06-18,82.91,78.3579,78.4681,105.8093,105.6608,72.63,85.31,-2.8133,14.1539,26782600
2015-06-19,180,2014-10-02,2015-06-19,82.51,78.3901,78.5012,105.2556,105.1067,72.63,85.31,-3.2821,13.6032,23353200
2015-06-22,180,2014-10-03,2015-06-22,84.74,78.4302,78.5437,108.0451,107.889,72.63,85.31,-0.6682,16.6736,29383100
2015-06-23,180,2014-10-06,2015-06-23,87.88,78.4826,78.6017,111.9738,111.8042,72.63,87.88,0.0,20.9968,50667900
2015-06-24,180,2014-10-07,2015-06-24,88.86,78.5388,78.6645,113.1415,112.9607,72.63,88.86,0.0,22.3461,41370200
2015-06-25,180,2014-10-08,2015-06-25,87.98,78.5985,78.7294,111.9359,111.7498,72.63,88.86,-0.9903,21.1345,27302000
2015-06-26,180,2014-10-09,2015-06-26,88.01,78.6513,78.7877,111.8989,111.7052,72.63,88.86,-0.9566,21.1758,38214600
2015-06-29,180,2014-10-10,2015-06-29,85.8,78.7036,78.8427,109.0167,108.8243,72.63,88.86,-3.4436,18.133,35957900
2015-06-30,180,2014-10-13,2015-06-30,85.77,78.7744,78.9141,108.8806,108.6878,72.63,88.86,-3.4774,18.0917,23016500
2015-07-01,180,2014-10-14,2015-07-01,86.91,78.8501,78.9914,110.2218,110.0246,72.63,88.86,-2.1945,19.6613,25260000
2015-07-02,180,2014-10-15,2015-07-02,87.29,78.9238,79.0676,110.6003,110.3993,72.63,88.86,-1.7668,20.1845,16908800
2015-07-06,180,2014-10-16,2015-07-06,87.55,79.0013,79.1472,110.8209,110.6166,72.63,88.86,-1.4742,20.5425,24635900
2015-07-07,180,2014-10-17,2015-07-07,87.22,79.0813,79.2283,110.2916,110.087,73.33,88.86,-1.8456,18.9418,33059900
2015-07-08,180,2014-10-20,2015-07-08,85.65,79.1331,79.2822,108.2353,108.0319,73.33,88.86,-3.6124,16.8008,24399300
2015-07-09,180,2014-10-21,2015-07-09,85.88,79.1802,79.3318,108.4615,108.2542,73.33,88.86,-3.3536,17.1144,23307400
2015-07-10,180,2014-10-22,2015-07-10,87.95,79.2268,79.3832,111.0104,110.7917,73.33,88.86,-1.0241,19.9373,23245900
2015-07-13,180,2014-10-23,2015-07-13,90.1,79.2848,79.4484,113.641,113.407,73.33,90.1,0.0,22.8692,29976700
2015-07-14,180,2014-10-24,2015-07-14,89.68,79.3317,79.5019,113.0444,112.8023,73.33,90.1,-0.4661,22.2965,26627800
2015-07-15,180,2014-10-27,2015-07-15,89.76,79.3756,79.5524,113.0826,112.8312,73.33,90.1,-0.3774,22.4056,30886600
2015-07-16,180,2014-10-28,2015-07-16,90.85,79.4264,79.6112,114.3827,114.1172,73.33,90.85,0.0,23.892,21804100
2015-07-17,180,2014-10-29,2015-07-17,94.97,79.4913,79.6901,119.4722,119.1742,73.33,94.97,0.0,29.5104,54001600
2015-07-20,180,2014-10-30,2015-07-20,97.91,79.5956,79.8126,123.0092,122.6749,73.33,97.91,0.0,33.5197,54860500
2015-07-21,180,2014-10-31,2015-07-21,98.39,79.713,79.9474,123.4303,123.0683,73.33,98.39,0.0,34.1743,39453300
2015-07-22,180,2014-11-03,2015-07-22,97.04,79.8201,80.0699,121.5733,121.194,73.33,98.39,-1.3721,32.3333,28299500
2015-07-23,180,2014-11-04,2015-07-23,95.44,79.9285,80.1897,119.4067,119.0177,73.33,98.39,-2.9983,30.1514,29418800
2015-07-24,180,2014-11-05,2015-07-24,96.95,80.031,80.3074,121.1405,120.7235,73.33,98.39,-1.4636,32.2105,33444900
2015-07-27,180,2014-11-06,2015-07-27,94.17,80.1288,80.4149,117.5233,117.1052,73.33,98.39,-4.2891,28.4195,38585400
2015-07-28,180,2014-11-07,2015-07-28,95.29,80.2286,80.5262,118.7732,118.3342,73.33,98.39,-3.1507,29.9468,35236000
2015-07-29,180,2014-11-10,2015-07-29,96.99,80.333,80.645,120.7349,120.2678,73.33,98.39,-1.4229,32.2651,64648300
2015-07-30,180,2014-11-11,2015-07-30,95.21,80.4346,80.7573,118.3694,117.8965,73.33,98.39,-3.232,29.8377,86211300
2015-07-31,180,2014-11-12,2015-07-31,94.01,80.5341,80.8651,116.7331,116.2554,73.33,98.39,-4.4517,28.2013,46509000
2015-08-03,180,2014-11-13,2015-08-03,94.14,80.6337,80.9729,116.7501,116.2611,73.33,98.39,-4.3195,28.3786,29343100
2015-08-04,180,2014-11-14,2015-08-04,94.06,80.7363,81.083,116.5027,116.0046,73.33,98.39,-4.4009,28.2695,20136000
2015-08-05,180,2014-11-17,2015-08-05,96.44,80.8446,81.2028,119.2906,118.7644,73.33,98.39,-1.9819,31.5151,29813200
2015-08-06,180,2014-11-18,2015-08-06,95.12,80.9521,81.3188,117.5016,116.9718,73.33,98.39,-3.3235,29.715,42271300
2015-08-07,180,2014-11-19,2015-08-07,94.3,81.0559,81.4297,116.3395,115.8055,73.33,98.39,-4.1569,28.5968,23199100
2015-08-10,180,2014-11-20,2015-08-10,94.15,81.1661,81.5453,115.9967,115.4573,73.6,98.39,-4.3094,27.9212,21624200
2015-08-11,180,2014-11-21,2015-08-11,93.62,81.2726,81.6566,115.1926,114.6509,73.75,98.39,-4.848,26.9424,22491000
2015-08-12,180,2014-11-24,2015-08-12,94.19,81.3807,81.7701,115.74,115.1888,74.01,98.39,-4.2687,27.2666,27050500
2015-08-13,180,2014-11-25,2015-08-13,93.43,81.4842,81.878,114.6603,114.1088,74.05,98.39,-5.0412,26.1715,17451800
2015-08-14,180,2014-11-26,2015-08-14,94.42,81.5814,81.9824,115.7372,115.1711,74.05,98.39,-4.035,27.5084,15929700
2015-08-17,180,2014-11-28,2015-08-17,93.93,81.6642,82.073,115.0199,114.4469,74.05,98.39,-4.533,26.8467,18313500
2015-08-18,180,2014-12-01,2015-08-18,95.17,81.7518,82.1701,116.4134,115.8208,74.05,98.39,-3.2727,28.5213,22278800
2015-08-19,180,2014-12-02,2015-08-19,95.31,81.8568,82.2823,116.4351,115.8329,74.05,98.39,-3.1304,28.7103,23251300
2015-08-20,180,2014-12-03,2015-08-20,90.56,81.9391,82.3662,110.5211,109.948,74.05,98.39,-7.9581,22.2957,44598200
2015-08-21,180,2014-12-04,2015-08-21,86.06,82.0039,82.4283,104.9463,104.4058,74.05,98.39,-12.5318,16.2188,62778700
2015-08-24,180,2014-12-05,2015-08-24,82.09,82.0453,82.4664,100.0545,99.5436,74.05,98.39,-16.5667,10.8575,83710700
2015-08-25,180,2014-12-08,2015-08-25,83.0,82.0845,82.5033,101.1153,100.6021,74.05,98.39,-15.6418,12.0864,52021200
2015-08-26,180,2014-12-09,2015-08-26,87.19,82.1444,82.5626,106.1423,105.6048,74.05,98.39,-11.3833,17.7448,45124300
2015-08-27,180,2014-12-10,2015-08-27,89.73,82.2146,82.6342,109.1413,108.587,74.05,98.39,-8.8017,21.1749,42431400
2015-08-28,180,2014-12-11,2015-08-28,91.01,82.295,82.7166,110.59,110.0263,74.05,98.39,-7.5008,22.9034,33215900
2015-08-31,180,2014-12-12,2015-08-31,89.43,82.3583,82.7816,108.5865,108.0313,74.05,98.39,-9.1066,20.7697,32850700
2015-09-01,180,2014-12-15,2015-09-01,87.23,82.4105,82.8338,105.8481,105.3073,74.05,98.39,-11.3426,17.7988,36097400
2015-09-02,180,2014-12-16,2015-09-02,89.89,82.4809,82.9054,108.9828,108.4247,74.05,98.39,-8.6391,21.3909,27190500
2015-09-03,180,2014-12-17,2015-09-03,88.15,82.5583,82.9802,106.7731,106.2301,74.05,98.39,-10.4076,19.0412,27048200
2015-09-04,180,2014-12-18,2015-09-04,88.26,82.6268,83.0477,106.8176,106.2762,74.05,98.39,-10.2958,19.1897,27328700
2015-09-08,180,2014-12-19,2015-09-08,89.53,82.687,83.1096,108.2758,107.7253,74.05,98.39,-9.005,20.9048,27012500
2015-09-09,180,2014-12-22,2015-09-09,90.44,82.7426,83.1682,109.3029,108.7435,74.05,98.39,-8.0801,22.1337,32551100
2015-09-10,180,2014-12-23,2015-09-10,91.98,82.7961,83.2267,111.0923,110.5174,74.05,98.39,-6.5149,24.2134,26437400
2015-09-11,180,2014-12-24,2015-09-11,92.05,82.8548,83.2903,111.098,110.5171,74.05,98.39,-6.4437,24.3079,21185000
2015-09-14,180,2014-12-26,2015-09-14,92.31,82.9139,83.3544,111.3324,110.744,74.05,98.39,-6.1795,24.659,20127900
2015-09-15,180,2014-12-29,2015-09-15,92.9,82.9756,83.4217,111.9606,111.3619,74.05,98.39,-5.5798,25.4558,18859400
2015-09-16,180,2014-12-30,2015-09-16,93.45,83.0444,83.4963,112.5302,111.9211,74.05,98.39,-5.0208,26.1985,16321200
2015-09-17,180,2014-12-31,2015-09-17,94.34,83.1219,83.5803,113.4959,112.8734,74.05,98.39,-4.1163,27.4004,27841800
2015-09-18,180,2015-01-02,2015-09-18,94.4,83.2074,83.6713,113.4514,112.8224,74.05,98.39,-4.0553,27.4814,62300000
2015-09-21,180,2015-01-05,2015-09-21,95.55,83.2952,83.7663,114.7124,114.0673,74.05,98.39,-2.8865,29.0344,28790000
2015-09-22,180,2015-01-06,2015-09-22,92.96,83.38,83.8539,111.4895,110.8594,74.05,98.39,-5.5189,25.5368,36888900
2015-09-23,180,2015-01-07,2015-09-23,93.97,83.4763,83.9529,112.5708,111.9318,74.05,98.39,-4.4923,26.9007,21701400
2015-09-24,180,2015-01-08,2015-09-24,94.41,83.5748,84.0544,112.9647,112.3201,74.05,98.39,-4.0451,27.4949,29106000
2015-09-25,180,2015-01-09,2015-09-25,92.77,83.6529,84.1354,110.8987,110.2627,74.05,98.39,-5.712,25.2802,28961600
2015-09-28,180,2015-01-12,2015-09-28,89.21,83.7173,84.1992,106.5611,105.9512,74.05,98.39,-9.3302,20.4726,41199900
2015-09-29,180,2015-01-13,2015-09-29,86.67,83.7756,84.2544,103.455,102.867,74.05,98.39,-11.9118,17.0425,42281800
2015-09-30,180,2015-01-14,2015-09-30,89.9,83.8519,84.3292,107.2128,106.6061,74.05,98.39,-8.6289,21.4045,36169100
2015-10-01,180,2015-01-15,2015-10-01,90.95,83.9346,84.4107,108.3582,107.747,74.05,98.39,-7.5617,22.8224,29283700
2015-10-02,180,2015-01-16,2015-10-02,92.07,84.0382,84.5108,109.5573,108.9447,74.44,98.39,-6.4234,23.6835,37881700
2015-10-05,180,2015-01-20,2015-10-05,94.01,84.1429,84.6154,111.7267,111.1027,74.44,98.39,-4.4517,26.2896,27292500
2015-10-06,180,2015-01-21,2015-10-06,92.8,84.235,84.7074,110.168,109.5536,74.44,98.39,-5.6815,24.6642,22172800
2015-10-07,180,2015-01-22,2015-10-07,92.4,84.3222,84.7944,109.5797,108.9695,74.44,98.39,-6.088,24.1268,24129300
2015-10-08,180,2015-01-23,2015-10-08,92.47,84.4038,84.8767,109.5567,108.9462,74.44,98.39,-6.0169,24.2208,27290500
2015-10-09,180,2015-01-26,2015-10-09,93.24,84.4879,84.9623,110.359,109.7427,74.44,98.39,-5.2343,25.2552,20012900
2015-10-12,180,2015-01-27,2015-10-12,94.26,84.579,85.0554,111.4461,110.8218,74.44,98.39,-4.1976,26.6255,18449600
2015-10-13,180,2015-01-28,2015-10-13,94.12,84.6813,85.1573,111.1461,110.5248,74.44,98.39,-4.3399,26.4374,19480300
2015-10-14,180,2015-01-29,2015-10-14,94.07,84.7805,85.2564,110.9572,110.3378,74.44,98.39,-4.3907,26.3702,19253400
2015-10-15,180,2015-01-30,2015-10-15,95.96,84.8764,85.3562,113.0585,112.423,74.44,98.39,-2.4698,28.9092,27557500
2015-10-16,180,2015-02-02,2015-10-16,97.54,84.9935,85.4763,114.7618,114.1135,74.44,98.39,-0.8639,31.0317,25412900
2015-10-19,180,2015-02-03,2015-10-19,98.47,85.1213,85.6068,115.682,115.0259,74.44,98.47,0.0,32.281,23729900
2015-10-20,180,2015-02-04,2015-10-20,97.0,85.2403,85.7268,113.7959,113.1502,74.44,98.47,-1.4928,30.3063,30881800
2015-10-21,180,2015-02-05,2015-10-21,97.11,85.3585,85.8461,113.7672,113.121,74.44,98.47,-1.3811,30.4541,21917800
2015-10-22,180,2015-02-06,2015-10-22,99.67,85.488,85.9798,116.5895,115.9226,74.44,99.67,0.0,33.8931,26392100
2015-10-23,180,2015-02-09,2015-10-23,102.19,85.6361,86.1338,119.3305,118.641,74.44,102.19,0.0,37.2783,42809700
2015-10-26,180,2015-02-10,2015-10-26,103.77,85.7911,86.2967,120.9566,120.2479,75.19,103.77,0.0,38.0104,25961200
2015-10-27,180,2015-02-11,2015-10-27,103.7,85.9409,86.4551,120.6644,119.9466,75.6,103.77,-0.0675,37.1693,23795500
2015-10-28,180,2015-02-12,2015-10-28,104.2,86.0836,86.6089,121.0451,120.3109,75.6,104.2,0.0,37.8307,24081500
2015-10-29,180,2015-02-13,2015-10-29,104.88,86.2314,86.7681,121.6262,120.8739,75.6,104.88,0.0,38.7302,20316700
2015-10-30,180,2015-02-17,2015-10-30,101.97,86.3719,86.9138,118.0592,117.3231,75.6,104.88,-2.7746,34.881,33487100
2015-11-02,180,2015-02-18,2015-11-02,103.31,86.5192,87.0678,119.407,118.6547,76.71,104.88,-1.4969,34.6761,24003900
2015-11-03,180,2015-02-19,2015-11-03,102.58,86.6561,87.2115,118.3759,117.6221,77.46,104.88,-2.193,32.4296,21242300
2015-11-04,180,2015-02-20,2015-11-04,103.94,86.7802,87.3477,119.7738,118.9957,77.46,104.88,-0.8963,34.1854,43469300
2015-11-05,180,2015-02-23,2015-11-05,108.76,86.9194,87.5081,125.1274,124.2857,77.46,108.76,0.0,40.408,63232900
2015-11-06,180,2015-02-24,2015-11-06,107.1,87.0601,87.6651,123.0184,122.1695,77.46,108.76,-1.5263,38.2649,35084300
2015-11-09,180,2015-02-25,2015-11-09,106.49,87.2017,87.8208,122.1192,121.2582,77.46,108.76,-2.0872,37.4774,26383500
2015-11-10,180,2015-02-26,2015-11-10,107.91,87.3414,87.9783,123.5497,122.6552,77.46,108.76,-0.7815,39.3106,25031700
2015-11-11,180,2015-02-27,2015-11-11,109.01,87.4799,88.1372,124.6115,123.6821,77.46,109.01,0.0,40.7307,25057100
2015-11-12,180,2015-03-02,2015-11-12,108.02,87.6249,88.2986,123.2754,122.3349,77.46,109.01,-0.9082,39.4526,20924700
2015-11-13,180,2015-03-03,2015-11-13,103.95,87.7496,88.4331,118.462,117.5465,77.46,109.01,-4.6418,34.1983,30278400
2015-11-16,180,2015-03-04,2015-11-16,104.04,87.876,88.5688,118.394,117.468,77.46,109.01,-4.5592,34.3145,49309200
2015-11-17,180,2015-03-05,2015-11-17,105.13,87.9984,88.7034,119.468,118.5185,77.46,109.01,-3.5593,35.7217,26807200
2015-11-18,180,2015-03-06,2015-11-18,107.77,88.1292,88.851,122.2864,121.2929,77.46,109.01,-1.1375,39.1299,23836500
2015-11-19,180,2015-03-09,2015-11-19,106.26,88.2626,88.9968,120.3907,119.3975,77.46,109.01,-2.5227,37.1805,25520600
2015-11-20,180,2015-03-10,2015-11-20,107.32,88.4044,89.1517,121.3967,120.3791,77.46,109.01,-1.5503,38.5489,22129600
2015-11-23,180,2015-03-11,2015-11-23,106.95,88.5586,89.3151,120.7676,119.7446,77.46,109.01,-1.8897,38.0713,19897200
2015-11-24,180,2015-03-12,2015-11-24,105.74,88.7084,89.4716,119.1995,118.1828,77.46,109.01,-2.9997,36.5092,23577300
2015-11-25,180,2015-03-13,2015-11-25,105.41,88.8478,89.6187,118.6411,117.6206,77.46,109.01,-3.3024,36.0831,15150800
2015-11-27,180,2015-03-16,2015-11-27,105.45,88.994,89.7709,118.4911,117.4657,77.46,109.01,-3.2658,36.1348,5913100
2015-11-30,180,2015-03-17,2015-11-30,104.24,89.1358,89.9163,116.9452,115.9301,77.46,109.01,-4.3757,34.5727,20383200
2015-12-01,180,2015-03-18,2015-12-01,107.12,89.2801,90.0705,119.9819,118.9291,77.46,109.01,-1.7338,38.2907,22781900
2015-12-02,180,2015-03-19,2015-12-02,106.07,89.4101,90.2103,118.6331,117.5808,77.46,109.01,-2.697,36.9352,24429100
2015-12-03,180,2015-03-20,2015-12-03,104.38,89.5215,90.3304,116.5977,115.5535,77.46,109.01,-4.2473,34.7534,23236500
2015-12-04,180,2015-03-23,2015-12-04,106.18,89.6336,90.4548,118.46,117.3846,77.46,109.01,-2.5961,37.0772,21224700
2015-12-07,180,2015-03-24,2015-12-07,105.61,89.7398,90.5724,117.6847,116.6028,77.46,109.01,-3.119,36.3413,15474900
2015-12-08,180,2015-03-25,2015-12-08,106.49,89.8442,90.6901,118.5274,117.4218,77.46,109.01,-2.3117,37.4774,20401800
2015-12-09,180,2015-03-26,2015-12-09,104.6,89.9564,90.8106,116.2785,115.1848,77.46,109.01,-4.0455,35.0374,23517300
2015-12-10,180,2015-03-27,2015-12-10,105.42,90.0717,90.9351,117.0401,115.9289,77.46,109.01,-3.2933,36.096,17454300
2015-12-11,180,2015-03-30,2015-12-11,102.12,90.1715,91.0396,113.2508,112.171,77.46,109.01,-6.3205,31.8358,26427700
2015-12-14,180,2015-03-31,2015-12-14,104.66,90.283,91.1588,115.9244,114.8106,77.46,109.01,-3.9905,35.1149,24648100
2015-12-15,180,2015-04-01,2015-12-15,104.55,90.4008,91.2829,115.6517,114.5341,77.46,109.01,-4.0914,34.9729,21764300
2015-12-16,180,2015-04-02,2015-12-16,106.79,90.5317,91.4224,117.9586,116.8094,77.46,109.01,-2.0365,37.8647,22680500
2015-12-17,180,2015-04-06,2015-12-17,106.22,90.6615,91.5594,117.161,116.0121,77.46,109.01,-2.5594,37.1288,21675700
2015-12-18,180,2015-04-07,2015-12-18,104.04,90.7767,91.6794,114.6109,113.4824,77.46,109.01,-4.5592,34.3145,35994200
2015-12-21,180,2015-04-08,2015-12-21,104.77,90.896,91.8042,115.2636,114.1234,77.46,109.01,-3.8896,35.2569,16138800
2015-12-22,180,2015-04-09,2015-12-22,105.51,91.019,91.9332,115.9209,114.7681,77.46,109.01,-3.2107,36.2122,14597100
2015-12-23,180,2015-04-10,2015-12-23,104.63,91.1394,92.058,114.8022,113.6566,77.46,109.01,-4.018,35.0762,19599700
2015-12-24,180,2015-04-13,2015-12-24,105.02,91.2626,92.1857,115.0745,113.9223,77.46,109.01,-3.6602,35.5797,6501800
2015-12-28,180,2015-04-14,2015-12-28,105.93,91.3834,92.313,115.9182,114.7509,77.46,109.01,-2.8254,36.7545,13069700
2015-12-29,180,2015-04-15,2015-12-29,107.26,91.5065,92.4449,117.2157,116.0259,77.46,109.01,-1.6054,38.4715,17179900
2015-12-30,180,2015-04-16,2015-12-30,106.22,91.6312,92.5755,115.9213,114.7388,77.46,109.01,-2.5594,37.1288,13115000
2015-12-31,180,2015-04-17,2015-12-31,104.66,91.7523,92.6997,114.0679,112.9022,77.46,109.01,-3.9905,35.1149,18391100
2016-01-04,180,2015-04-20,2016-01-04,102.22,91.8739,92.8188,111.2611,110.1286,77.46,109.01,-6.2288,31.9649,37912400
2016-01-05,180,2015-04-21,2016-01-05,102.73,91.982,92.9279,111.6849,110.5481,77.46,109.01,-5.7609,32.6233,23258200
2016-01-06,180,2015-04-22,2016-01-06,102.97,92.0877,93.0354,111.8173,110.6783,77.46,109.01,-5.5408,32.9331,25096200
2016-01-07,180,2015-04-23,2016-01-07,97.92,92.1633,93.1092,106.2462,105.1668,77.46,109.01,-10.1734,26.4136,45172900
2016-01-08,180,2015-04-24,2016-01-08,97.33,92.2512,93.1921,105.5054,104.4402,77.46,109.01,-10.7146,25.652,35402300
2016-01-11,180,2015-04-27,2016-01-11,97.51,92.3463,93.2809,105.5916,104.5337,77.46,109.01,-10.5495,25.8843,29932400
2016-01-12,180,2015-04-28,2016-01-12,99.37,92.4481,93.3779,107.4874,106.4171,77.46,109.01,-8.8432,28.2856,28395400
2016-01-13,180,2015-04-29,2016-01-13,95.44,92.5392,93.4599,103.1347,102.1187,77.46,109.01,-12.4484,23.212,33410600
2016-01-14,180,2015-04-30,2016-01-14,98.37,92.6469,93.5593,106.1773,105.1418,77.46,109.01,-9.7606,26.9946,48658600
2016-01-15,180,2015-05-01,2016-01-15,94.97,92.7503,93.6493,102.3932,101.4102,77.46,109.01,-12.8796,22.6052,46132800
2016-01-19,180,2015-05-04,2016-01-19,95.26,92.8537,93.7397,102.5915,101.6218,77.46,109.01,-12.6135,22.9796,30998300
2016-01-20,180,2015-05-05,2016-01-20,94.35,92.9539,93.8261,101.5019,100.5584,77.46,109.01,-13.4483,21.8048,59051400
2016-01-21,180,2015-05-06,2016-01-21,94.16,93.0632,93.9183,101.1786,100.2574,77.46,109.01,-13.6226,21.5595,30518900
2016-01-22,180,2015-05-07,2016-01-22,97.94,93.1881,94.0285,105.0992,104.1599,77.46,109.01,-10.155,26.4395,30495400
2016-01-25,180,2015-05-08,2016-01-25,97.01,93.3061,94.1317,103.9696,103.0577,77.46,109.01,-11.0082,25.2388,32482000
2016-01-26,180,2015-05-11,2016-01-26,97.34,93.4254,94.2363,104.19,103.2935,77.46,109.01,-10.7054,25.6649,26877100
2016-01-27,180,2015-05-12,2016-01-27,94.45,93.5337,94.3277,100.9796,100.1297,77.46,109.01,-13.3566,21.9339,58699400
2016-01-28,180,2015-05-13,2016-01-28,109.11,93.7161,94.5035,116.4261,115.456,78.44,109.11,0.0,39.0999,107475300
2016-01-29,180,2015-05-14,2016-01-29,112.21,93.9037,94.6911,119.4948,118.5011,79.19,112.21,0.0,41.6972,62739500
2016-02-01,180,2015-05-15,2016-02-01,115.09,94.0804,94.8784,122.3315,121.3026,79.19,115.09,0.0,45.334,46132700
2016-02-02,180,2015-05-18,2016-02-02,114.61,94.2632,95.0684,121.5851,120.5553,79.19,115.09,-0.4171,44.7279,59778600
2016-02-03,180,2015-05-19,2016-02-03,112.69,94.4358,95.2451,119.3298,118.3158,79.19,115.09,-2.0853,42.3033,56919300
2016-02-04,180,2015-05-20,2016-02-04,110.49,94.6021,95.411,116.7944,115.8043,79.19,115.09,-3.9969,39.5252,38890200
2016-02-05,180,2015-05-21,2016-02-05,104.07,94.7418,95.5417,109.8459,108.9263,79.19,115.09,-9.5751,31.4181,76894700
2016-02-08,180,2015-05-22,2016-02-08,99.75,94.8617,95.6487,105.1531,104.2879,79.19,115.09,-13.3287,25.9629,71229700
2016-02-09,180,2015-05-26,2016-02-09,99.54,94.9803,95.7543,104.8007,103.9536,79.19,115.09,-13.5112,25.6977,62709000
2016-02-10,180,2015-05-27,2016-02-10,101.0,95.1161,95.8747,106.1861,105.3459,79.19,115.09,-12.2426,27.5414,45179400
2016-02-11,180,2015-05-28,2016-02-11,101.91,95.247,95.9933,106.9955,106.1636,79.19,115.09,-11.4519,28.6905,43670600
2016-02-12,180,2015-05-29,2016-02-12,102.01,95.382,96.1148,106.9489,106.1335,79.19,115.09,-11.365,28.8168,36176800
2016-02-16,180,2015-06-01,2016-02-16,101.61,95.523,96.2393,106.3723,105.5805,80.29,115.09,-11.7126,26.5537,45687200
2016-02-17,180,2015-06-02,2016-02-17,105.2,95.6727,96.3777,109.9582,109.1539,80.44,115.09,-8.5933,30.7807,44073400
2016-02-18,180,2015-06-03,2016-02-18,103.47,95.8136,96.5057,107.9909,107.2165,80.67,115.09,-10.0964,28.2633,29593500
2016-02-19,180,2015-06-04,2016-02-19,104.57,95.9448,96.6286,108.9898,108.2185,80.67,115.09,-9.1407,29.6269,32404500
2016-02-22,180,2015-06-05,2016-02-22,107.16,96.091,96.7681,111.5193,110.739,80.67,115.09,-6.8903,32.8375,35709700
2016-02-23,180,2015-06-08,2016-02-23,105.46,96.2293,96.8977,109.5924,108.8365,80.67,115.09,-8.3674,30.7301,25319300
2016-02-24,180,2015-06-09,2016-02-24,106.88,96.386,97.0433,110.8875,110.1364,80.67,115.09,-7.1335,32.4904,34412400
2016-02-25,180,2015-06-10,2016-02-25,108.07,96.5485,97.1955,111.9334,111.1883,80.71,115.09,-6.0996,33.8991,29906300
2016-02-26,180,2015-06-11,2016-02-26,107.92,96.6991,97.3386,111.6039,110.8707,80.71,115.09,-6.2299,33.7133,26686200
2016-02-29,180,2015-06-12,2016-02-29,106.92,96.8483,97.478,110.3994,109.6863,80.71,115.09,-7.0988,32.4743,32779000
2016-03-01,180,2015-06-15,2016-03-01,109.82,97.0133,97.6352,113.201,112.48,80.71,115.09,-4.579,36.0674,26817300
2016-03-02,180,2015-06-16,2016-03-02,109.95,97.1859,97.7976,113.1337,112.4261,81.06,115.09,-4.4661,35.6403,25670200
2016-03-03,180,2015-06-17,2016-03-03,109.58,97.3546,97.9561,112.5576,111.8665,81.79,115.09,-4.7876,33.9773,21353100
2016-03-04,180,2015-06-18,2016-03-04,108.39,97.5129,98.1038,111.1546,110.485,82.09,115.09,-5.8215,32.038,24938900
2016-03-07,180,2015-06-19,2016-03-07,105.73,97.6506,98.2306,108.2738,107.6345,82.09,115.09,-8.1328,28.7977,31436400
2016-03-08,180,2015-06-22,2016-03-08,105.93,97.7927,98.3607,108.3209,107.6954,82.09,115.09,-7.959,29.0413,25617000
2016-03-09,180,2015-06-23,2016-03-09,107.51,97.9257,98.4872,109.7873,109.1614,82.09,115.09,-6.5861,30.966,20493300
2016-03-10,180,2015-06-24,2016-03-10,107.32,98.0356,98.5952,109.4704,108.8491,82.09,115.09,-6.7512,30.7346,24854300
2016-03-11,180,2015-06-25,2016-03-11,109.41,98.1486,98.7094,111.4738,110.8405,82.09,115.09,-4.9353,33.2806,20697600
2016-03-14,180,2015-06-26,2016-03-14,109.89,98.2701,98.8311,111.8245,111.1897,82.09,115.09,-4.5182,33.8653,17249400
2016-03-15,180,2015-06-29,2016-03-15,110.67,98.395,98.957,112.4752,111.8365,82.09,115.09,-3.8405,34.8155,17618500
2016-03-16,180,2015-06-30,2016-03-16,112.18,98.5427,99.1036,113.839,113.1947,82.09,115.09,-2.5285,36.6549,24744800
2016-03-17,180,2015-07-01,2016-03-17,111.02,98.6859,99.2438,112.4983,111.8659,82.09,115.09,-3.5364,35.2418,24241200
2016-03-18,180,2015-07-02,2016-03-18,111.45,98.8232,99.3802,112.7771,112.1451,82.09,115.09,-3.1627,35.7656,36256900
2016-03-21,180,2015-07-06,2016-03-21,111.85,98.9599,99.5166,113.0256,112.3933,82.09,115.09,-2.8152,36.2529,18448000
2016-03-22,180,2015-07-07,2016-03-22,112.25,99.0968,99.6538,113.2731,112.6399,82.09,115.09,-2.4676,36.7402,19001100
2016-03-23,180,2015-07-08,2016-03-23,112.54,99.2377,99.7945,113.4044,112.7717,82.09,115.09,-2.2157,37.0934,18562000
2016-03-24,180,2015-07-09,2016-03-24,113.05,99.3928,99.9467,113.7406,113.1103,82.09,115.09,-1.7725,37.7147,17839100
2016-03-28,180,2015-07-10,2016-03-28,113.69,99.5494,100.1012,114.2046,113.575,82.09,115.09,-1.2164,38.4943,21351800
2016-03-29,180,2015-07-13,2016-03-29,116.14,99.7016,100.2578,116.4877,115.8413,82.09,116.14,0.0,41.4789,29825300
2016-03-30,180,2015-07-14,2016-03-30,114.7,99.8332,100.3945,114.8917,114.2493,82.09,116.14,-1.2399,39.7247,33235200
2016-03-31,180,2015-07-15,2016-03-31,114.1,99.9655,100.5302,114.1394,113.4983,82.09,116.14,-1.7565,38.9938,21207500
2016-04-01,180,2015-07-16,2016-04-01,116.06,100.1059,100.6763,115.9373,115.2804,82.09,116.14,-0.0689,41.3814,24760500
2016-04-04,180,2015-07-17,2016-04-04,112.55,100.2241,100.7968,112.2983,111.6603,82.09,116.14,-3.0911,37.1056,48487900
2016-04-05,180,2015-07-20,2016-04-05,112.22,100.3146,100.8927,111.8681,111.2271,82.09,116.14,-3.3752,36.7036,22962400
2016-04-06,180,2015-07-21,2016-04-06,113.71,100.394,100.9804,113.2638,112.606,82.09,116.14,-2.0923,38.5187,20814600
2016-04-07,180,2015-07-22,2016-04-07,113.64,100.4704,101.0652,113.108,112.4423,82.09,116.14,-2.1526,38.4334,20714500
2016-04-08,180,2015-07-23,2016-04-08,110.63,100.5414,101.1407,110.0342,109.3823,82.09,116.14,-4.7443,34.7667,48497800
2016-04-11,180,2015-07-24,2016-04-11,108.99,100.6146,101.2159,108.3242,107.6807,82.09,116.14,-6.1564,32.7689,39762300
2016-04-12,180,2015-07-27,2016-04-12,110.61,100.6863,101.2918,109.856,109.1993,82.09,116.14,-4.7615,34.7424,26248100
2016-04-13,180,2015-07-28,2016-04-13,110.51,100.7748,101.3826,109.6603,109.0029,82.09,116.14,-4.8476,34.6205,88227400
2016-04-14,180,2015-07-29,2016-04-14,110.84,100.858,101.469,109.8971,109.2353,82.09,116.14,-4.5635,35.0225,28473300
2016-04-15,180,2015-07-30,2016-04-15,109.64,100.9252,101.5393,108.6349,107.9779,82.09,116.14,-5.5967,33.5607,20922800
2016-04-18,180,2015-07-31,2016-04-18,110.45,101.0073,101.6239,109.3485,108.685,82.09,116.14,-4.8993,34.5475,21167200
2016-04-19,180,2015-08-03,2016-04-19,112.29,101.1056,101.7255,111.0621,110.3853,82.09,116.14,-3.315,36.7889,30210500
2016-04-20,180,2015-08-04,2016-04-20,112.42,101.2037,101.8271,111.0828,110.4029,82.09,116.14,-3.203,36.9473,21027900
2016-04-21,180,2015-08-05,2016-04-21,113.44,101.3072,101.9347,111.9762,111.2869,82.09,116.14,-2.3248,38.1898,20875200
2016-04-22,180,2015-08-06,2016-04-22,110.56,101.3828,102.0132,109.0521,108.3782,82.09,116.14,-4.8045,34.6815,38458200
2016-04-25,180,2015-08-07,2016-04-25,110.1,101.4645,102.0964,108.5108,107.8393,82.09,116.14,-5.2006,34.1211,21017900
2016-04-26,180,2015-08-10,2016-04-26,108.76,101.5452,102.1767,107.105,106.443,82.09,116.14,-6.3544,32.4887,22521500
2016-04-27,180,2015-08-11,2016-04-27,108.89,101.6276,102.2586,107.146,106.4849,82.09,116.14,-6.2425,32.6471,52213100
2016-04-28,180,2015-08-12,2016-04-28,116.73,101.7491,102.387,114.7233,114.0086,82.09,116.73,0.0,42.1976,87110100
2016-04-29,180,2015-08-13,2016-04-29,117.58,101.8707,102.5169,115.4208,114.6932,82.09,117.58,0.0,43.233,37140600
2016-05-02,180,2015-08-14,2016-05-02,118.57,102.0017,102.6566,116.2431,115.5016,82.09,118.57,0.0,44.439,28095200
2016-05-03,180,2015-08-17,2016-05-03,117.43,102.1218,102.7844,114.9901,114.2488,82.09,118.57,-0.9615,43.0503,24117500
2016-05-04,180,2015-08-18,2016-05-04,118.06,102.2481,102.9185,115.4643,114.7121,82.09,118.57,-0.4301,43.8178,23448400
2016-05-05,180,2015-08-19,2016-05-05,117.81,102.3655,103.0443,115.0876,114.3295,82.09,118.57,-0.641,43.5132,22056700
2016-05-06,180,2015-08-20,2016-05-06,119.49,102.4892,103.1786,116.5878,115.8089,82.09,119.49,0.0,45.5598,26395600
2016-05-09,180,2015-08-21,2016-05-09,119.24,102.6445,103.3379,116.168,115.3884,82.09,119.49,-0.2092,45.2552,21138100
2016-05-10,180,2015-08-24,2016-05-10,120.5,102.8392,103.5293,117.1732,116.3922,82.09,120.5,0.0,46.7901,23220000
2016-05-11,180,2015-08-25,2016-05-11,119.52,103.0639,103.7372,115.9669,115.2142,83.0,120.5,-0.8133,44.0,22038400
2016-05-12,180,2015-08-26,2016-05-12,120.28,103.2847,103.9443,116.4548,115.7158,86.67,120.5,-0.1826,38.7793,22035500
2016-05-13,180,2015-08-27,2016-05-13,119.81,103.4701,104.1256,115.7919,115.063,86.67,120.5,-0.5726,38.237,18124300
2016-05-16,180,2015-08-28,2016-05-16,118.67,103.632,104.2863,114.511,113.7925,86.67,120.5,-1.5187,36.9217,31247800
2016-05-17,180,2015-08-31,2016-05-17,117.35,103.7794,104.4327,113.0764,112.3691,86.67,120.5,-2.6141,35.3986,21328600
2016-05-18,180,2015-09-01,2016-05-18,117.65,103.9401,104.5894,113.1902,112.4875,86.67,120.5,-2.3651,35.7448,21642300
2016-05-19,180,2015-09-02,2016-05-19,116.81,104.1146,104.7538,112.1937,111.5091,86.67,120.5,-3.0622,34.7756,20544100
2016-05-20,180,2015-09-03,2016-05-20,117.35,104.2716,104.9063,112.5426,111.8617,86.67,120.5,-2.6141,35.3986,18944800
2016-05-23,180,2015-09-04,2016-05-23,115.97,104.4363,105.0609,111.0438,110.3836,86.67,120.5,-3.7593,33.8064,20441000
2016-05-24,180,2015-09-08,2016-05-24,117.7,104.6083,105.2244,112.515,111.8561,86.67,120.5,-2.3237,35.8025,20183600
2016-05-25,180,2015-09-09,2016-05-25,117.89,104.7719,105.382,112.5207,111.8692,86.67,120.5,-2.166,36.0217,20019800
2016-05-26,180,2015-09-10,2016-05-26,119.47,104.936,105.5433,113.8504,113.1953,86.67,120.5,-0.8548,37.8447,18481300
2016-05-27,180,2015-09-11,2016-05-27,119.38,105.0889,105.6955,113.5991,112.9471,86.67,120.5,-0.9295,37.7409,13493600
2016-05-31,180,2015-09-14,2016-05-31,118.81,105.2392,105.8442,112.8952,112.2499,86.67,120.5,-1.4025,37.0832,23547600
2016-06-01,180,2015-09-15,2016-06-01,118.78,105.3879,105.9912,112.7074,112.0659,86.67,120.5,-1.4274,37.0486,15029500
2016-06-02,180,2015-09-16,2016-06-02,118.93,105.5335,106.1358,112.6941,112.0545,86.67,120.5,-1.3029,37.2216,13228300
2016-06-03,180,2015-09-17,2016-06-03,118.47,105.6735,106.2748,112.1094,111.4751,86.67,120.5,-1.6846,36.6909,14135100
2016-06-06,180,2015-09-18,2016-06-06,118.79,105.8091,106.4107,112.2683,111.6335,86.67,120.5,-1.4191,37.0601,12744700
2016-06-07,180,2015-09-21,2016-06-07,117.76,105.9399,106.5404,111.1573,110.5308,86.67,120.5,-2.2739,35.8717,17103000
2016-06-08,180,2015-09-22,2016-06-08,118.39,106.066,106.6673,111.6192,110.9899,86.67,120.5,-1.751,36.5986,14505600
2016-06-09,180,2015-09-23,2016-06-09,118.56,106.2113,106.8096,111.6265,111.0013,86.67,120.5,-1.61,36.7947,13859200
2016-06-10,180,2015-09-24,2016-06-10,116.62,106.341,106.9354,109.6661,109.0565,86.67,120.5,-3.2199,34.5564,18510800
2016-06-13,180,2015-09-25,2016-06-13,113.95,106.4553,107.0439,107.0403,106.4516,86.67,120.5,-5.4357,31.4757,31718200
2016-06-14,180,2015-09-28,2016-06-14,114.94,106.5863,107.1671,107.8375,107.2531,86.67,120.5,-4.6141,32.618,17618500
2016-06-15,180,2015-09-29,2016-06-15,114.6,106.7433,107.3082,107.3604,106.7952,86.67,120.5,-4.8963,32.2257,19819400
2016-06-16,180,2015-09-30,2016-06-16,114.39,106.9206,107.4622,106.986,106.4468,89.9,120.5,-5.0705,27.2414,19236300
2016-06-17,180,2015-10-01,2016-06-17,113.02,107.0653,107.5906,105.5617,105.0463,90.95,120.5,-6.2075,24.2661,24644300
2016-06-20,180,2015-10-02,2016-06-20,113.37,107.2039,107.7152,105.7517,105.2498,92.07,120.5,-5.917,23.1346,20785400
2016-06-21,180,2015-10-05,2016-06-21,114.38,107.3394,107.8391,106.5592,106.0654,92.4,120.5,-5.0788,23.7879,19166300
2016-06-22,180,2015-10-06,2016-06-22,113.91,107.4585,107.9497,106.0038,105.5214,92.4,120.5,-5.4689,23.2792,14846300
2016-06-23,180,2015-10-07,2016-06-23,115.08,107.5925,108.0734,106.9592,106.4831,92.4,120.5,-4.4979,24.5455,16176900
2016-06-24,180,2015-10-08,2016-06-24,112.08,107.7148,108.1828,104.0525,103.6024,92.47,120.5,-6.9876,21.2069,40643100
2016-06-27,180,2015-10-09,2016-06-27,108.97,107.8205,108.2744,101.0662,100.6424,93.24,120.5,-9.5685,16.8704,36130400
2016-06-28,180,2015-10-12,2016-06-28,112.7,107.9402,108.3826,104.4097,103.9835,94.07,120.5,-6.473,19.8044,26813800
2016-06-29,180,2015-10-13,2016-06-29,114.16,108.06,108.4931,105.645,105.2233,94.07,120.5,-5.2614,21.3564,20968300
2016-06-30,180,2015-10-14,2016-06-30,114.28,108.1818,108.6051,105.637,105.2252,94.07,120.5,-5.1618,21.484,23192700
2016-07-01,180,2015-10-15,2016-07-01,114.19,108.3037,108.7169,105.435,105.0343,94.16,120.5,-5.2365,21.2723,14980000
2016-07-05,180,2015-10-16,2016-07-05,114.2,108.4123,108.8182,105.3386,104.9457,94.16,120.5,-5.2282,21.2829,14207000
2016-07-06,180,2015-10-19,2016-07-06,116.7,108.5223,108.9247,107.5355,107.1383,94.16,120.5,-3.1535,23.938,24337600
2016-07-07,180,2015-10-20,2016-07-07,115.85,108.6221,109.0212,106.6542,106.2637,94.16,120.5,-3.8589,23.0353,16630200
2016-07-08,180,2015-10-21,2016-07-08,117.24,108.7388,109.1337,107.818,107.4279,94.16,120.5,-2.7054,24.5115,18142600
2016-07-11,180,2015-10-22,2016-07-11,117.87,108.8581,109.249,108.2786,107.8912,94.16,120.5,-2.1826,25.1805,17711600
2016-07-12,180,2015-10-23,2016-07-12,117.93,108.9605,109.3504,108.2319,107.8459,94.16,120.5,-2.1328,25.2443,15217700
2016-07-13,180,2015-10-26,2016-07-13,116.78,109.0412,109.4315,107.0972,106.7152,94.16,120.5,-3.0871,24.0229,16207700
2016-07-14,180,2015-10-27,2016-07-14,117.29,109.1146,109.5066,107.4925,107.1077,94.16,120.5,-2.6639,24.5646,14579700
2016-07-15,180,2015-10-28,2016-07-15,116.86,109.1865,109.5797,107.0279,106.6438,94.16,120.5,-3.0207,24.1079,16646000
2016-07-18,180,2015-10-29,2016-07-18,119.37,109.2673,109.664,109.2458,108.8507,94.16,120.5,-0.9378,26.7736,20868400
2016-07-19,180,2015-10-30,2016-07-19,120.61,109.3499,109.7514,110.2974,109.8938,94.16,120.61,0.0,28.0905,21541300
2016-07-20,180,2015-11-02,2016-07-20,121.92,109.4566,109.8622,111.3866,110.9754,94.16,121.92,0.0,29.4817,20046500
2016-07-21,180,2015-11-03,2016-07-21,120.61,109.5491,109.9583,110.0968,109.687,94.16,121.92,-1.0745,28.0905,17801700
2016-07-22,180,2015-11-04,2016-07-22,121.0,109.6481,110.0607,110.353,109.9394,94.16,121.92,-0.7546,28.5047,18422400
2016-07-25,180,2015-11-05,2016-07-25,121.63,109.7416,110.1589,110.8331,110.4132,94.16,121.92,-0.2379,29.1737,18487400
2016-07-26,180,2015-11-06,2016-07-26,121.22,109.8049,110.2282,110.3958,109.9719,94.16,121.92,-0.5741,28.7383,17612000
2016-07-27,180,2015-11-09,2016-07-27,123.34,109.8873,110.3184,112.2423,111.8037,94.16,123.34,0.0,30.9898,52654200
2016-07-28,180,2015-11-10,2016-07-28,125.0,109.9807,110.4212,113.6563,113.2029,94.16,125.0,0.0,32.7528,78955800
2016-07-29,180,2015-11-11,2016-07-29,123.94,110.0613,110.5103,112.61,112.1525,94.16,125.0,-0.848,31.627,35058800
2016-08-01,180,2015-11-12,2016-08-01,124.31,110.1373,110.5953,112.8682,112.4008,94.16,125.0,-0.552,32.02,25006900
2016-08-02,180,2015-11-13,2016-08-02,123.09,110.2137,110.679,111.683,111.2135,94.16,125.0,-1.528,30.7243,23968400
2016-08-03,180,2015-11-16,2016-08-03,122.51,110.3122,110.7821,111.0575,110.5864,94.16,125.0,-1.992,30.1083,18525300
2016-08-04,180,2015-11-17,2016-08-04,124.36,110.4185,110.895,112.6261,112.1421,94.16,125.0,-0.512,32.0731,21066000
2016-08-05,180,2015-11-18,2016-08-05,125.15,110.5216,111.0062,113.2358,112.7414,94.16,125.15,0.0,32.9121,20184000
2016-08-08,180,2015-11-19,2016-08-08,125.26,110.6096,111.1034,113.2451,112.7418,94.16,125.26,0.0,33.0289,15233900
2016-08-09,180,2015-11-20,2016-08-09,125.06,110.7059,111.2078,112.966,112.4561,94.16,125.26,-0.1597,32.8165,19621000
2016-08-10,180,2015-11-23,2016-08-10,124.88,110.7951,111.3054,112.7125,112.1958,94.16,125.26,-0.3034,32.6253,10670100
2016-08-11,180,2015-11-24,2016-08-11,124.9,110.8869,111.4051,112.6373,112.1133,94.16,125.26,-0.2874,32.6466,11729500
2016-08-12,180,2015-11-25,2016-08-12,124.88,110.986,111.5114,112.5187,111.9885,94.16,125.26,-0.3034,32.6253,12159000
2016-08-15,180,2015-11-27,2016-08-15,123.9,111.0829,111.6142,111.5383,111.0074,94.16,125.26,-1.0857,31.5845,19295100
2016-08-16,180,2015-11-30,2016-08-16,123.3,111.1771,111.7133,110.9041,110.3718,94.16,125.26,-1.5647,30.9473,14222400
2016-08-17,180,2015-12-01,2016-08-17,124.37,111.2838,111.8252,111.7593,111.2183,94.16,125.26,-0.7105,32.0837,13794200
2016-08-18,180,2015-12-02,2016-08-18,123.91,111.3709,111.9184,111.2588,110.7146,94.16,125.26,-1.0778,31.5952,12400800
2016-08-19,180,2015-12-03,2016-08-19,123.56,111.463,112.0156,110.853,110.3061,94.16,125.26,-1.3572,31.2234,11688300
2016-08-22,180,2015-12-04,2016-08-22,124.15,111.5684,112.1254,111.2771,110.7242,94.16,125.26,-0.8862,31.85,14386400
2016-08-23,180,2015-12-07,2016-08-23,124.37,111.6637,112.2265,111.3791,110.8205,94.16,125.26,-0.7105,32.0837,13309500
2016-08-24,180,2015-12-08,2016-08-24,123.48,111.7587,112.3258,110.488,109.9302,94.16,125.26,-1.421,31.1385,12243700
2016-08-25,180,2015-12-09,2016-08-25,123.89,111.8503,112.4224,110.7641,110.2004,94.16,125.26,-1.0937,31.5739,10730800
2016-08-26,180,2015-12-10,2016-08-26,124.96,111.9587,112.5356,111.6126,111.0405,94.16,125.26,-0.2395,32.7103,17504800
2016-08-29,180,2015-12-11,2016-08-29,126.54,112.069,112.6529,112.9125,112.3273,94.16,126.54,0.0,34.3883,15925900
2016-08-30,180,2015-12-14,2016-08-30,125.84,112.198,112.7847,112.1589,111.5754,94.16,126.54,-0.5532,33.6448,17804300
2016-08-31,180,2015-12-15,2016-08-31,126.12,112.3118,112.9039,112.2945,111.7056,94.16,126.54,-0.3319,33.9422,14200600
2016-09-01,180,2015-12-16,2016-09-01,126.17,112.4268,113.024,112.2242,111.6312,94.16,126.54,-0.2924,33.9953,13536100
2016-09-02,180,2015-12-17,2016-09-02,126.51,112.5294,113.1336,112.424,111.8236,94.16,126.54,-0.0237,34.3564,12118800
2016-09-06,180,2015-12-18,2016-09-06,129.73,112.6495,113.2642,115.1625,114.5375,94.16,129.73,0.0,37.7761,26278400
2016-09-07,180,2015-12-21,2016-09-07,131.05,112.7893,113.4142,116.1901,115.5499,94.16,131.05,0.0,39.178,27990800
2016-09-08,180,2015-12-22,2016-09-08,130.27,112.9215,113.5559,115.3633,114.7188,94.16,131.05,-0.5952,38.3496,15676600
2016-09-09,180,2015-12-23,2016-09-09,127.1,113.0357,113.6758,112.4423,111.8092,94.16,131.05,-3.0141,34.983,27100700
2016-09-12,180,2015-12-24,2016-09-12,128.69,113.1627,113.8095,113.7212,113.0749,94.16,131.05,-1.8008,36.6716,21252800
2016-09-13,180,2015-12-28,2016-09-13,127.21,113.281,113.9328,112.296,111.6536,94.16,131.05,-2.9302,35.0998,18016200
2016-09-14,180,2015-12-29,2016-09-14,127.77,113.3961,114.0541,112.6758,112.0258,94.16,131.05,-2.5029,35.6946,15691100
2016-09-15,180,2015-12-30,2016-09-15,128.35,113.5057,114.1713,113.078,112.4188,94.16,131.05,-2.0603,36.3105,15077200
2016-09-16,180,2015-12-31,2016-09-16,129.07,113.6251,114.2982,113.5929,112.9239,94.16,131.05,-1.5109,37.0752,24119200
2016-09-19,180,2016-01-04,2016-09-19,128.65,113.753,114.4315,113.0959,112.4253,94.16,131.05,-1.8314,36.6291,14958800
2016-09-20,180,2016-01-05,2016-09-20,128.64,113.8977,114.5783,112.9435,112.2726,94.16,131.05,-1.839,36.6185,11083800
2016-09-21,180,2016-01-06,2016-09-21,129.94,114.0448,114.7294,113.9377,113.2578,94.16,131.05,-0.847,37.9991,14068300
2016-09-22,180,2016-01-07,2016-09-22,130.08,114.1912,114.8801,113.9142,113.2311,94.16,131.05,-0.7402,38.1478,15538300
2016-09-23,180,2016-01-08,2016-09-23,127.96,114.3651,115.0469,111.8872,111.2242,94.16,131.05,-2.3579,35.8963,28326300
2016-09-26,180,2016-01-11,2016-09-26,127.31,114.5412,115.2135,111.1478,110.4992,94.16,131.05,-2.8539,35.206,15064900
2016-09-27,180,2016-01-12,2016-09-27,128.69,114.7226,115.3867,112.1749,111.5293,94.16,131.05,-1.8008,36.6716,15637100
2016-09-28,180,2016-01-13,2016-09-28,129.23,114.8929,115.5526,112.4787,111.8365,94.16,131.05,-1.3888,37.2451,12047600
2016-09-29,180,2016-01-14,2016-09-29,128.09,115.0891,115.734,111.2964,110.6762,94.16,131.05,-2.2587,36.0344,14532200
2016-09-30,180,2016-01-15,2016-09-30,128.27,115.2637,115.9001,111.2839,110.6729,94.16,131.05,-2.1213,36.2256,18402900
2016-10-03,180,2016-01-19,2016-10-03,128.77,115.4681,116.0879,111.52,110.9246,94.16,131.05,-1.7398,36.7566,13156900
2016-10-04,180,2016-01-20,2016-10-04,128.19,115.6682,116.2708,110.8257,110.2512,94.16,131.05,-2.1824,36.1406,14307500
2016-10-05,180,2016-01-21,2016-10-05,128.47,115.8778,116.4604,110.8668,110.3122,94.16,131.05,-1.9687,36.438,12386800
2016-10-06,180,2016-01-22,2016-10-06,128.74,116.091,116.6525,110.8958,110.362,94.45,131.05,-1.7627,36.3049,11682700
2016-10-07,180,2016-01-25,2016-10-07,128.99,116.2753,116.825,110.935,110.413,94.45,131.05,-1.5719,36.5696,12804400
2016-10-10,180,2016-01-26,2016-10-10,130.24,116.4732,117.0096,111.8198,111.3071,94.45,131.05,-0.6181,37.8931,15138700
2016-10-11,180,2016-01-27,2016-10-11,128.88,116.6629,117.1848,110.4721,109.9801,94.45,131.05,-1.6559,36.4532,17537900
2016-10-12,180,2016-01-28,2016-10-12,129.05,116.878,117.3771,110.4143,109.9448,99.54,131.05,-1.5261,29.6464,11073000
2016-10-13,180,2016-01-29,2016-10-13,127.82,116.9799,117.481,109.2666,108.8006,99.54,131.05,-2.4647,28.4107,17139300
2016-10-14,180,2016-02-01,2016-10-14,127.88,117.063,117.5681,109.2404,108.771,99.54,131.05,-2.4189,28.471,13345300
2016-10-17,180,2016-02-02,2016-10-17,127.54,117.1276,117.6372,108.8898,108.4181,99.54,131.05,-2.6784,28.1294,11351700
2016-10-18,180,2016-02-03,2016-10-18,128.57,117.1998,117.7148,109.7015,109.2216,99.54,131.05,-1.8924,29.1642,13504000
2016-10-19,180,2016-02-04,2016-10-19,130.11,117.2906,117.8116,110.9296,110.4391,99.54,131.05,-0.7173,30.7113,16752300
2016-10-20,180,2016-02-05,2016-10-20,130.0,117.3945,117.9199,110.7378,110.2443,99.54,131.05,-0.8012,30.6008,13167500
2016-10-21,180,2016-02-08,2016-10-21,132.07,117.5506,118.0755,112.3516,111.8522,99.54,132.07,0.0,32.6803,19088800
2016-10-24,180,2016-02-09,2016-10-24,133.28,117.7446,118.2618,113.1942,112.6991,99.54,133.28,0.0,33.8959,17470200
2016-10-25,180,2016-02-10,2016-10-25,132.29,117.9364,118.4437,112.1706,111.6902,101.0,133.28,-0.7428,30.9802,13336800
2016-10-26,180,2016-02-11,2016-10-26,131.04,118.1121,118.6106,110.9455,110.4791,101.61,133.28,-1.6807,28.9637,13084700
2016-10-27,180,2016-02-12,2016-10-27,129.69,118.2752,118.7649,109.651,109.1989,101.61,133.28,-2.6936,27.6351,16741400
2016-10-28,180,2016-02-16,2016-10-28,131.29,118.4454,118.9276,110.8443,110.3949,101.61,133.28,-1.4931,29.2097,24545500
2016-10-31,180,2016-02-17,2016-10-31,130.99,118.6177,119.0908,110.4304,109.9917,103.47,133.28,-1.7182,26.5971,15669000
2016-11-01,180,2016-02-18,2016-11-01,129.5,118.7573,119.2258,109.046,108.6174,103.47,133.28,-2.8361,25.157,22077800
2016-11-02,180,2016-02-19,2016-11-02,127.17,118.8985,119.3575,106.9567,106.5455,104.57,133.28,-4.5843,21.6123,39640900
2016-11-03,180,2016-02-22,2016-11-03,120.0,118.9952,119.4432,100.8444,100.4661,105.46,133.28,-9.964,13.7872,63766300
2016-11-04,180,2016-02-23,2016-11-04,120.75,119.0779,119.5187,101.4042,101.0302,105.46,133.28,-9.4013,14.4984,30545500
2016-11-07,180,2016-02-24,2016-11-07,122.15,119.18,119.6114,102.492,102.1223,105.73,133.28,-8.3508,15.5301,23008900
2016-11-08,180,2016-02-25,2016-11-08,124.22,119.2832,119.7078,104.1387,103.7694,105.73,133.28,-6.7977,17.4879,19460800
2016-11-09,180,2016-02-26,2016-11-09,123.18,119.373,119.7917,103.1892,102.8285,105.73,133.28,-7.578,16.5043,31916000
2016-11-10,180,2016-02-29,2016-11-10,120.8,119.4512,119.8633,101.1291,100.7815,105.73,133.28,-9.3637,14.2533,67846700
2016-11-11,180,2016-03-01,2016-11-11,119.02,119.5267,119.9305,99.5761,99.2408,105.73,133.28,-10.6993,12.5697,32840100
2016-11-14,180,2016-03-02,2016-11-14,115.08,119.5597,119.9597,96.2532,95.9322,105.73,133.28,-13.6555,8.8433,51377000
2016-11-15,180,2016-03-03,2016-11-15,117.2,119.6044,120.0,97.9897,97.6667,105.73,133.28,-12.0648,10.8484,34681400
2016-11-16,180,2016-03-04,2016-11-16,116.34,119.6465,120.0376,97.2364,96.9197,105.73,133.28,-12.7101,10.035,32397900
2016-11-17,180,2016-03-07,2016-11-17,117.79,119.7051,120.0898,98.4001,98.085,105.73,133.28,-11.6221,11.4064,18597800
2016-11-18,180,2016-03-08,2016-11-18,117.02,119.7778,120.1525,97.6976,97.3929,105.93,133.28,-12.1999,10.4692,22879300
2016-11-21,180,2016-03-09,2016-11-21,121.77,119.8758,120.2405,101.5802,101.272,107.32,133.28,-8.636,13.4644,35415400
2016-11-22,180,2016-03-10,2016-11-22,121.47,119.9612,120.3181,101.2578,100.9574,107.32,133.28,-8.861,13.1849,26089200
2016-11-23,180,2016-03-11,2016-11-23,120.84,120.0446,120.3932,100.6626,100.3711,108.76,133.28,-9.3337,11.107,15672100
2016-11-25,180,2016-03-14,2016-11-25,120.38,120.1113,120.4541,100.2237,99.9385,108.76,133.28,-9.6789,10.6841,8658600
2016-11-28,180,2016-03-15,2016-11-28,120.41,120.1751,120.5126,100.1955,99.9149,108.76,133.28,-9.6564,10.7117,18101300
2016-11-29,180,2016-03-16,2016-11-29,120.87,120.2363,120.5692,100.5271,100.2495,108.76,133.28,-9.3112,11.1346,18891000
2016-11-30,180,2016-03-17,2016-11-30,118.42,120.274,120.6039,98.4585,98.1892,108.76,133.28,-11.1495,8.8819,30188900
2016-12-01,180,2016-03-18,2016-12-01,115.1,120.2997,120.6266,95.6777,95.4185,108.76,133.28,-13.6405,5.8293,43277000
2016-12-02,180,2016-03-21,2016-12-02,115.4,120.3244,120.6485,95.9074,95.6498,108.76,133.28,-13.4154,6.1052,25070400
2016-12-05,180,2016-03-22,2016-12-05,117.43,120.3585,120.6795,97.5668,97.3073,108.76,133.28,-11.8923,7.9717,20201500
2016-12-06,180,2016-03-23,2016-12-06,117.31,120.3895,120.7076,97.4421,97.1853,108.76,133.28,-11.9823,7.8613,19131200
2016-12-07,180,2016-03-24,2016-12-07,117.95,120.4223,120.7377,97.947,97.6911,108.76,133.28,-11.5021,8.4498,21913700
2016-12-08,180,2016-03-28,2016-12-08,118.91,120.4574,120.7702,98.7154,98.4597,108.76,133.28,-10.7818,9.3325,22442800
2016-12-09,180,2016-03-29,2016-12-09,119.68,120.4929,120.8035,99.3253,99.07,108.76,133.28,-10.2041,10.0405,17464700
2016-12-12,180,2016-03-30,2016-12-12,117.77,120.5025,120.8126,97.7324,97.4816,108.76,133.28,-11.6372,8.2843,17805500
2016-12-13,180,2016-03-31,2016-12-13,120.31,120.5354,120.8437,99.813,99.5583,108.76,133.28,-9.7314,10.6197,29768000
2016-12-14,180,2016-04-01,2016-12-14,120.21,120.5713,120.8777,99.7003,99.4477,108.76,133.28,-9.8064,10.5278,25913100
2016-12-15,180,2016-04-04,2016-12-15,120.57,120.5974,120.9027,99.9773,99.7248,108.76,133.28,-9.5363,10.8588,20139600
2016-12-16,180,2016-04-05,2016-12-16,119.87,120.6412,120.9434,99.3607,99.1125,108.76,133.28,-10.0615,10.2152,25324300
2016-12-19,180,2016-04-06,2016-12-19,119.24,120.6836,120.9824,98.8038,98.5598,108.76,133.28,-10.5342,9.6359,15918100
2016-12-20,180,2016-04-07,2016-12-20,119.09,120.7158,121.0123,98.6532,98.4115,108.76,133.28,-10.6468,9.498,13684400
2016-12-21,180,2016-04-08,2016-12-21,119.04,120.7481,121.0423,98.5854,98.3458,108.76,133.28,-10.6843,9.452,10767600
2016-12-22,180,2016-04-11,2016-12-22,117.4,120.7904,121.0799,97.1932,96.9608,108.76,133.28,-11.9148,7.9441,16258600
2016-12-23,180,2016-04-12,2016-12-23,117.27,120.8429,121.1259,97.0434,96.8166,108.76,133.28,-12.0123,7.8246,10890000
2016-12-27,180,2016-04-13,2016-12-27,118.01,120.8889,121.167,97.6186,97.3945,108.76,133.28,-11.4571,8.505,12051500
2016-12-28,180,2016-04-14,2016-12-28,116.92,120.9292,121.2026,96.6847,96.4666,108.76,133.28,-12.2749,7.5028,12087400
2016-12-29,180,2016-04-15,2016-12-29,116.35,120.9639,121.2332,96.1857,95.972,108.76,133.28,-12.7026,6.9787,9934900
2016-12-30,180,2016-04-18,2016-12-30,115.05,120.9988,121.2633,95.0836,94.8762,108.76,133.28,-13.678,5.7834,18684100
2017-01-03,180,2016-04-19,2017-01-03,116.86,121.0392,121.2989,96.5472,96.3405,108.76,133.28,-12.3199,7.4476,20663900
2017-01-04,180,2016-04-20,2017-01-04,118.69,121.0783,121.3344,98.0275,97.8205,108.76,133.28,-10.9469,9.1302,19630900
2017-01-05,180,2016-04-21,2017-01-05,120.67,121.1278,121.3803,99.622,99.4148,108.76,133.28,-9.4613,10.9507,19492200
2017-01-06,180,2016-04-22,2017-01-06,123.41,121.1859,121.4357,101.8353,101.6258,108.76,133.28,-7.4055,13.47,28545300
2017-01-09,180,2016-04-25,2017-01-09,124.9,121.2707,121.5153,102.9927,102.7854,108.76,133.28,-6.2875,14.84,22880400
2017-01-10,180,2016-04-26,2017-01-10,124.35,121.3558,121.5945,102.4673,102.2661,108.76,133.28,-6.7002,14.3343,17324600
2017-01-11,180,2016-04-27,2017-01-11,126.09,121.4593,121.6908,103.8126,103.6151,108.89,133.28,-5.3947,15.7958,18356500
2017-01-12,180,2016-04-28,2017-01-12,126.62,121.5648,121.7893,104.1585,103.9665,108.97,133.28,-4.997,16.1971,18653900
2017-01-13,180,2016-04-29,2017-01-13,128.34,121.6284,121.8538,105.5181,105.323,108.97,133.28,-3.7065,17.7755,24884300
2017-01-17,180,2016-05-02,2017-01-17,127.87,121.6847,121.9109,105.0831,104.888,108.97,133.28,-4.0591,17.3442,15294500
2017-01-18,180,2016-05-03,2017-01-18,127.92,121.7354,121.9629,105.0803,104.8844,108.97,133.28,-4.0216,17.3901,13145900
2017-01-19,180,2016-05-04,2017-01-19,127.55,121.7911,122.0191,104.7285,104.5328,108.97,133.28,-4.2992,17.0506,12195500
2017-01-20,180,2016-05-05,2017-01-20,127.04,121.8404,122.069,104.2675,104.0723,108.97,133.28,-4.6819,16.5825,19097200
2017-01-23,180,2016-05-06,2017-01-23,128.93,121.9009,122.1308,105.7663,105.5672,108.97,133.28,-3.2638,18.317,16593600
2017-01-24,180,2016-05-09,2017-01-24,129.37,121.9536,122.1857,106.0813,105.8798,108.97,133.28,-2.9337,18.7207,15162700
2017-01-25,180,2016-05-10,2017-01-25,131.48,122.0182,122.2537,107.7544,107.5469,108.97,133.28,-1.3505,20.6571,18731300
2017-01-26,180,2016-05-11,2017-01-26,132.78,122.0817,122.3219,108.7632,108.5497,108.97,133.28,-0.3752,21.85,20020100
2017-01-27,180,2016-05-12,2017-01-27,132.18,122.1481,122.3922,108.2129,107.9971,108.97,133.28,-0.8253,21.2994,19539500
2017-01-30,180,2016-05-13,2017-01-30,130.98,122.2044,122.4517,107.1811,106.9646,108.97,133.28,-1.7257,20.1982,18956100
2017-01-31,180,2016-05-16,2017-01-31,130.32,122.2603,122.5101,106.5923,106.3749,108.97,133.28,-2.2209,19.5926,19790500
2017-02-01,180,2016-05-17,2017-02-01,133.23,122.3368,122.5909,108.9043,108.6785,108.97,133.28,-0.0375,22.263,50139800
2017-02-02,180,2016-05-18,2017-02-02,130.84,122.4099,122.6659,106.8868,106.6637,108.97,133.28,-1.8307,20.0697,54366400
2017-02-03,180,2016-05-19,2017-02-03,130.98,122.482,122.7399,106.9382,106.7134,108.97,133.28,-1.7257,20.1982,24804900
2017-02-06,180,2016-05-20,2017-02-06,132.06,122.5644,122.8247,107.7474,107.5191,108.97,133.28,-0.9154,21.1893,17058500
2017-02-07,180,2016-05-23,2017-02-07,131.84,122.6426,122.9052,107.4993,107.2697,108.97,133.28,-1.0804,20.9874,14596400
2017-02-08,180,2016-05-24,2017-02-08,134.2,122.7406,123.0064,109.3363,109.1,108.97,134.2,0.0,23.1532,22390600
2017-02-09,180,2016-05-25,2017-02-09,134.14,122.8278,123.0978,109.2098,108.9703,108.97,134.2,-0.0447,23.0981,16470600
2017-02-10,180,2016-05-26,2017-02-10,134.19,122.9142,123.1883,109.1737,108.9308,108.97,134.2,-0.0074,23.144,15061900
2017-02-13,180,2016-05-27,2017-02-13,134.05,122.9907,123.2693,108.992,108.7456,108.97,134.2,-0.1118,23.0155,13526200
2017-02-14,180,2016-05-31,2017-02-14,133.85,123.0668,123.3497,108.7621,108.5126,108.97,134.2,-0.2608,22.832,14364900
2017-02-15,180,2016-06-01,2017-02-15,133.44,123.1445,123.431,108.3605,108.109,108.97,134.2,-0.5663,22.4557,13226500
2017-02-16,180,2016-06-02,2017-02-16,133.84,123.2244,123.5147,108.6149,108.3596,108.97,134.2,-0.2683,22.8228,12831100
2017-02-17,180,2016-06-03,2017-02-17,133.53,123.302,123.5958,108.2951,108.0377,108.97,134.2,-0.4993,22.5383,12276500
2017-02-21,180,2016-06-06,2017-02-21,133.72,123.3833,123.6805,108.3777,108.1173,108.97,134.2,-0.3577,22.7127,14759100
2017-02-22,180,2016-06-07,2017-02-22,136.12,123.474,123.7768,110.2418,109.9722,108.97,136.12,0.0,24.9151,27360100
2017-02-23,180,2016-06-08,2017-02-23,135.36,123.5676,123.8746,109.5432,109.2718,108.97,136.12,-0.5583,24.2177,18422500
2017-02-24,180,2016-06-09,2017-02-24,135.44,123.6579,123.9693,109.528,109.2529,108.97,136.12,-0.4996,24.2911,12625700
2017-02-27,180,2016-06-10,2017-02-27,136.41,123.7517,124.0684,110.2288,109.9474,108.97,136.41,0.0,25.1812,14306700
2017-02-28,180,2016-06-13,2017-02-28,135.54,123.8537,124.1736,109.4356,109.1537,108.97,136.41,-0.6378,24.3829,16112100
2017-03-01,180,2016-06-14,2017-03-01,137.42,123.9815,124.3039,110.8391,110.5516,108.97,137.42,0.0,26.1081,16257000
2017-03-02,180,2016-06-15,2017-03-02,136.76,124.1002,124.4252,110.2013,109.9135,108.97,137.42,-0.4803,25.5024,12294800
2017-03-03,180,2016-06-16,2017-03-03,137.17,124.2231,124.5506,110.4223,110.132,108.97,137.42,-0.1819,25.8787,11160600
2017-03-06,180,2016-06-17,2017-03-06,137.42,124.3489,124.6785,110.5117,110.2195,108.97,137.42,0.0,26.1081,12748200
2017-03-07,180,2016-06-20,2017-03-07,137.3,124.4834,124.8134,110.2958,110.0042,108.97,137.42,-0.0873,25.998,13527100
2017-03-08,180,2016-06-21,2017-03-08,137.72,124.6178,124.9487,110.5139,110.2213,108.97,137.72,0.0,26.3834,10184500
2017-03-09,180,2016-06-22,2017-03-09,138.24,124.7482,125.0812,110.8153,110.5202,108.97,138.24,0.0,26.8606,15535300
2017-03-10,180,2016-06-23,2017-03-10,138.79,124.8844,125.2194,111.1348,110.8374,108.97,138.79,0.0,27.3653,16314100
2017-03-13,180,2016-06-24,2017-03-13,139.6,125.0167,125.3557,111.665,111.3631,108.97,139.6,0.0,28.1087,10955500
2017-03-14,180,2016-06-27,2017-03-14,139.32,125.1684,125.507,111.3061,111.0058,108.97,139.6,-0.2006,27.8517,12944000
2017-03-15,180,2016-06-28,2017-03-15,139.72,125.3444,125.6778,111.4688,111.1731,112.7,139.72,0.0,23.9752,19344800
2017-03-16,180,2016-06-29,2017-03-16,139.99,125.4956,125.8294,111.5497,111.2538,114.16,139.99,0.0,22.6261,13612900
2017-03-17,180,2016-06-30,2017-03-17,139.84,125.6365,125.9721,111.3052,111.0087,114.19,139.99,-0.1072,22.4626,20592800
2017-03-20,180,2016-07-01,2017-03-20,139.94,125.7774,126.1147,111.2601,110.9625,114.19,139.99,-0.0357,22.5501,12099500
2017-03-21,180,2016-07-05,2017-03-21,138.51,125.9127,126.2498,110.0048,109.7111,114.2,139.99,-1.0572,21.2872,29894800
2017-03-22,180,2016-07-06,2017-03-22,139.59,126.0531,126.3908,110.739,110.4431,115.05,139.99,-0.2857,21.3298,17055400
2017-03-23,180,2016-07-07,2017-03-23,139.53,126.177,126.5177,110.5828,110.285,115.05,139.99,-0.3286,21.2777,13022800
2017-03-24,180,2016-07-08,2017-03-24,140.34,126.3104,126.6537,111.1073,110.8061,115.05,140.34,0.0,21.9817,16664700
2017-03-27,180,2016-07-11,2017-03-27,140.32,126.4348,126.7819,110.9821,110.6782,115.05,140.34,-0.0142,21.9644,12800500
2017-03-28,180,2016-07-12,2017-03-28,141.76,126.5619,126.9147,112.0084,111.6971,115.05,141.76,0.0,23.216,14679400
2017-03-29,180,2016-07-13,2017-03-29,142.65,126.6928,127.052,112.5952,112.2769,115.05,142.65,0.0,23.9896,16527600
2017-03-30,180,2016-07-14,2017-03-30,142.41,126.8304,127.1944,112.2838,111.9625,115.05,142.65,-0.1682,23.781,12404000
2017-03-31,180,2016-07-15,2017-03-31,142.05,126.9633,127.3319,111.8827,111.5588,115.05,142.65,-0.4206,23.4681,11478300
2017-04-03,180,2016-07-18,2017-04-03,142.28,127.1004,127.4732,111.943,111.6156,115.05,142.65,-0.2594,23.668,13564000
2017-04-04,180,2016-07-19,2017-04-04,141.73,127.2191,127.5974,111.4062,111.0759,115.05,142.65,-0.6449,23.1899,12948600
2017-04-05,180,2016-07-20,2017-04-05,141.85,127.3309,127.7154,111.4027,111.0673,115.05,142.65,-0.5608,23.2942,17158100
2017-04-06,180,2016-07-21,2017-04-06,141.17,127.4317,127.8223,110.7809,110.4424,115.05,142.65,-1.0375,22.7032,15103400
2017-04-07,180,2016-07-22,2017-04-07,140.78,127.5389,127.9344,110.382,110.0408,115.05,142.65,-1.3109,22.3642,11818300
2017-04-10,180,2016-07-25,2017-04-10,141.04,127.6451,128.0457,110.4938,110.1481,115.05,142.65,-1.1286,22.5902,9039400
2017-04-11,180,2016-07-26,2017-04-11,139.92,127.7425,128.1473,109.5328,109.1868,115.05,142.65,-1.9138,21.6167,16638100
2017-04-12,180,2016-07-27,2017-04-12,139.58,127.841,128.2493,109.1825,108.8349,115.05,142.65,-2.1521,21.3212,11612500
2017-04-13,180,2016-07-28,2017-04-13,139.39,127.9258,128.3385,108.9616,108.6112,115.05,142.65,-2.2853,21.156,10965600
2017-04-17,180,2016-07-29,2017-04-17,141.42,128.0103,128.4297,110.4755,110.1147,115.05,142.65,-0.8622,22.9205,11519700
2017-04-18,180,2016-08-01,2017-04-18,140.96,128.099,128.5243,110.0399,109.6758,115.05,142.65,-1.1847,22.5206,14807500
2017-04-19,180,2016-08-02,2017-04-19,142.27,128.1917,128.6241,110.9823,110.6092,115.05,142.65,-0.2664,23.6593,15563900
2017-04-20,180,2016-08-03,2017-04-20,143.8,128.2986,128.7391,112.0823,111.6988,115.05,143.8,0.0,24.9891,15968200
2017-04-21,180,2016-08-04,2017-04-21,143.68,128.4087,128.8567,111.8928,111.5037,115.05,143.8,-0.0835,24.8848,12382000
2017-04-24,180,2016-08-05,2017-04-24,145.47,128.5156,128.974,113.1925,112.7902,115.05,145.47,0.0,26.4407,14407200
2017-04-25,180,2016-08-08,2017-04-25,146.49,128.6225,129.0926,113.8914,113.4767,115.05,146.49,0.0,27.3273,17767500
2017-04-26,180,2016-08-09,2017-04-26,146.56,128.7293,129.2109,113.8514,113.427,115.05,146.56,0.0,27.3881,12395000
2017-04-27,180,2016-08-10,2017-04-27,147.7,128.8422,129.3367,114.6364,114.1981,115.05,147.7,0.0,28.379,11275100
2017-04-28,180,2016-08-11,2017-04-28,150.25,128.967,129.4776,116.5027,116.0432,115.05,150.25,0.0,30.5954,30652200
2017-05-01,180,2016-08-12,2017-05-01,152.46,129.1009,129.6307,118.0937,117.611,115.05,152.46,0.0,32.5163,25218300
2017-05-02,180,2016-08-15,2017-05-02,152.78,129.2364,129.7857,118.2174,117.7171,115.05,152.78,0.0,32.7944,21870400
2017-05-03,180,2016-08-16,2017-05-03,151.8,129.3742,129.9407,117.334,116.8225,115.05,152.78,-0.6414,31.9426,29782500
2017-05-04,180,2016-08-17,2017-05-04,150.85,129.5121,130.0938,116.4756,115.9548,115.05,152.78,-1.2632,31.1169,36225500
2017-05-05,180,2016-08-18,2017-05-05,150.24,129.6412,130.2375,115.889,115.3585,115.05,152.78,-1.6625,30.5867,17148500
2017-05-08,180,2016-08-19,2017-05-08,151.06,129.7768,130.3883,116.3998,115.8539,115.05,152.78,-1.1258,31.2994,15827500
2017-05-09,180,2016-08-22,2017-05-09,150.48,129.9124,130.5379,115.8319,115.2769,115.05,152.78,-1.5054,30.7953,17453900
2017-05-10,180,2016-08-23,2017-05-10,150.29,130.0439,130.6831,115.5686,115.0034,115.05,152.78,-1.6298,30.6302,12080700
2017-05-11,180,2016-08-24,2017-05-11,150.04,130.1733,130.8257,115.2617,114.6869,115.05,152.78,-1.7934,30.4129,11841900
2017-05-12,180,2016-08-25,2017-05-12,150.33,130.3096,130.9749,115.3637,114.7777,115.05,152.78,-1.6036,30.6649,9598200
2017-05-15,180,2016-08-26,2017-05-15,150.19,130.4431,131.121,115.1383,114.5431,115.05,152.78,-1.6952,30.5432,15064700
2017-05-16,180,2016-08-29,2017-05-16,149.78,130.5686,131.2589,114.7137,114.1104,115.05,152.78,-1.9636,30.1869,14550800
2017-05-17,180,2016-08-30,2017-05-17,144.85,130.6632,131.3606,110.8575,110.269,115.05,152.78,-5.1905,25.9018,28300100
2017-05-18,180,2016-08-31,2017-05-18,147.66,130.7747,131.4818,112.9117,112.3045,115.05,152.78,-3.3512,28.3442,23031600
2017-05-19,180,2016-09-01,2017-05-19,148.06,130.8864,131.6037,113.121,112.5044,115.05,152.78,-3.0894,28.6919,16187900
2017-05-22,180,2016-09-02,2017-05-22,148.24,130.9988,131.7263,113.1613,112.5363,115.05,152.78,-2.9716,28.8483,12586700
2017-05-23,180,2016-09-06,2017-05-23,148.07,131.1087,131.8461,112.9369,112.3052,115.05,152.78,-3.0829,28.7006,12817800
2017-05-24,180,2016-09-07,2017-05-24,150.04,131.2084,131.9589,114.3524,113.702,115.05,152.78,-1.7934,30.4129,17862400
2017-05-25,180,2016-09-08,2017-05-25,151.96,131.3089,132.0751,115.7271,115.0557,115.05,152.78,-0.5367,32.0817,19891400
2017-05-26,180,2016-09-09,2017-05-26,152.13,131.4146,132.1966,115.7634,115.0786,115.05,152.78,-0.4254,32.2295,14996200
2017-05-30,180,2016-09-12,2017-05-30,152.38,131.54,132.337,115.8431,115.1454,115.05,152.78,-0.2618,32.4468,13226000
2017-05-31,180,2016-09-13,2017-05-31,151.46,131.6524,132.4635,115.0454,114.3409,115.05,152.78,-0.864,31.6471,18023900
2017-06-01,180,2016-09-14,2017-06-01,151.53,131.774,132.5986,114.9924,114.2772,115.05,152.78,-0.8182,31.7079,14530600
2017-06-02,180,2016-09-15,2017-06-02,153.61,131.9011,132.7422,116.4585,115.7206,115.05,153.61,0.0,33.5159,16854400
2017-06-05,180,2016-09-16,2017-06-05,153.63,132.0251,132.8826,116.3642,115.6133,115.05,153.63,0.0,33.5332,12520400
2017-06-06,180,2016-09-19,2017-06-06,152.81,132.1418,133.0145,115.6409,114.8822,115.05,153.63,-0.5338,32.8205,13457100
2017-06-07,180,2016-09-20,2017-06-07,153.12,132.2624,133.1504,115.7698,114.9977,115.05,153.63,-0.332,33.09,12066700
2017-06-08,180,2016-09-21,2017-06-08,154.71,132.3898,133.2953,116.8594,116.0656,115.05,154.71,0.0,34.472,17799400
2017-06-09,180,2016-09-22,2017-06-09,149.6,132.4884,133.4045,112.9156,112.1401,115.05,154.71,-3.303,30.0304,35577700
2017-06-12,180,2016-09-23,2017-06-12,148.44,132.5812,133.5065,111.9616,111.1856,115.05,154.71,-4.0527,29.0222,33170200
2017-06-13,180,2016-09-26,2017-06-13,150.68,132.6964,133.6327,113.5525,112.7568,115.05,154.71,-2.6049,30.9691,20483400
2017-06-14,180,2016-09-27,2017-06-14,150.25,132.8138,133.7602,113.1283,112.3279,115.05,154.71,-2.8828,30.5954,20808800
2017-06-15,180,2016-09-28,2017-06-15,149.8,132.9212,133.8774,112.6984,111.8934,115.05,154.71,-3.1737,30.2043,18994200
2017-06-16,180,2016-09-29,2017-06-16,150.64,133.0292,133.9964,113.2383,112.4209,115.05,154.71,-2.6307,30.9344,22882400
2017-06-19,180,2016-09-30,2017-06-19,152.87,133.1538,134.1341,114.8071,113.9681,115.05,154.71,-1.1893,32.8727,19026500
2017-06-20,180,2016-10-03,2017-06-20,152.25,133.2748,134.2673,114.2376,113.3932,115.05,154.71,-1.5901,32.3338,14743900
2017-06-21,180,2016-10-04,2017-06-21,153.91,133.4001,134.4069,115.3747,114.5105,115.05,154.71,-0.5171,33.7766,15039800
2017-06-22,180,2016-10-05,2017-06-22,153.4,133.527,134.547,114.8832,114.0122,115.05,154.71,-0.8468,33.3333,13005500
2017-06-23,180,2016-10-06,2017-06-23,155.07,133.6594,134.6948,116.0188,115.127,115.05,155.07,0.0,34.7849,18027000
2017-06-26,180,2016-10-07,2017-06-26,153.59,133.7842,134.8328,114.8043,113.9114,115.05,155.07,-0.9544,33.4985,18049700
2017-06-27,180,2016-10-10,2017-06-27,150.58,133.8948,134.9528,112.4614,111.5798,115.05,155.07,-2.8955,30.8822,19360800
2017-06-28,180,2016-10-11,2017-06-28,153.24,134.0097,135.0806,114.3499,113.4434,115.05,155.07,-1.1801,33.1943,16719100
2017-06-29,180,2016-10-12,2017-06-29,151.04,134.1234,135.2037,112.6127,111.7129,115.05,155.07,-2.5988,31.282,23973500
2017-06-30,180,2016-10-13,2017-06-30,150.98,134.236,135.3255,112.4736,111.568,115.05,155.07,-2.6375,31.2299,17666000
2017-07-03,180,2016-10-14,2017-07-03,148.43,134.3448,135.44,110.4844,109.591,115.05,155.07,-4.2819,29.0135,13862700
2017-07-05,180,2016-10-17,2017-07-05,150.34,134.462,135.5648,111.8085,110.899,115.05,155.07,-3.0502,30.6736,14334300
2017-07-06,180,2016-10-18,2017-07-06,148.82,134.5747,135.683,110.5854,109.6821,115.05,155.07,-4.0304,29.3525,14951800
2017-07-07,180,2016-10-19,2017-07-07,151.44,134.693,135.8101,112.4334,111.5087,115.05,155.07,-2.3409,31.6297,13615900
2017-07-10,180,2016-10-20,2017-07-10,153.5,134.8112,135.94,113.863,112.9175,115.05,155.07,-1.0125,33.4202,13378700
2017-07-11,180,2016-10-21,2017-07-11,155.27,134.9377,136.0804,115.0679,114.1017,115.05,155.27,0.0,34.9587,13667700
2017-07-12,180,2016-10-24,2017-07-12,158.9,135.0671,136.2294,117.6452,116.6414,115.05,158.9,0.0,38.1139,22739400
2017-07-13,180,2016-10-25,2017-07-13,159.26,135.1913,136.3738,117.8034,116.782,115.05,159.26,0.0,38.4268,13929200
2017-07-14,180,2016-10-26,2017-07-14,159.97,135.3242,136.5276,118.2124,117.1705,115.05,159.97,0.0,39.0439,16371200
2017-07-17,180,2016-10-27,2017-07-17,159.73,135.4638,136.6869,117.9134,116.8583,115.05,159.97,-0.15,38.8353,12858800
2017-07-18,180,2016-10-28,2017-07-18,162.86,135.6241,136.8712,120.0819,118.9878,115.05,162.86,0.0,41.5558,23722900
2017-07-19,180,2016-10-31,2017-07-19,164.14,135.7801,137.0537,120.8867,119.7633,115.05,164.14,0.0,42.6684,26273600
2017-07-20,180,2016-11-01,2017-07-20,164.53,135.9397,137.2401,121.0316,119.8848,115.05,164.53,0.0,43.0074,18523100
2017-07-21,180,2016-11-02,2017-07-21,164.43,136.1083,137.4341,120.8082,119.6428,115.05,164.53,-0.0608,42.9205,14744000
2017-07-24,180,2016-11-03,2017-07-24,166.0,136.2978,137.6498,121.7921,120.5959,115.05,166.0,0.0,44.2851,17367000
2017-07-25,180,2016-11-04,2017-07-25,165.28,136.5339,137.9014,121.0542,119.8538,115.05,166.0,-0.4337,43.6593,15383200
2017-07-26,180,2016-11-07,2017-07-26,165.61,136.7666,138.1506,121.0895,119.8764,115.05,166.0,-0.2349,43.9461,35236900
2017-07-27,180,2016-11-08,2017-07-27,170.44,137.0081,138.4189,124.4014,123.1335,115.05,170.44,0.0,48.1443,68910700
2017-07-28,180,2016-11-09,2017-07-28,172.45,137.2433,138.6868,125.6528,124.3449,115.05,172.45,0.0,49.8913,24557600
2017-07-31,180,2016-11-10,2017-07-31,169.25,137.4749,138.9428,123.1134,121.8127,115.05,172.45,-1.8556,47.1099,25478900
2017-08-01,180,2016-11-11,2017-08-01,169.86,137.7264,139.2153,123.3315,122.0124,115.05,172.45,-1.5019,47.6402,14385000
2017-08-02,180,2016-11-14,2017-08-02,169.3,137.9898,139.4947,122.6902,121.3666,115.05,172.45,-1.8266,47.1534,17433800
2017-08-03,180,2016-11-15,2017-08-03,168.59,138.2822,139.7919,121.9173,120.6007,115.05,172.45,-2.2383,46.5363,10793800
2017-08-04,180,2016-11-16,2017-08-04,169.62,138.5629,140.0832,122.4137,121.0852,115.05,172.45,-1.6411,47.4315,10777700
2017-08-07,180,2016-11-17,2017-08-07,171.98,138.8602,140.3923,123.8512,122.4996,115.05,172.45,-0.2725,49.4828,12787800
2017-08-08,180,2016-11-18,2017-08-08,171.23,139.1446,140.6892,123.059,121.708,115.05,172.45,-0.7075,48.8309,14393500
2017-08-09,180,2016-11-21,2017-08-09,171.18,139.436,140.9901,122.766,121.4128,115.05,172.45,-0.7364,48.7875,10815000
2017-08-10,180,2016-11-22,2017-08-10,167.4,139.6782,141.2436,119.8469,118.5187,115.05,172.45,-2.9284,45.5019,20832700
2017-08-11,180,2016-11-23,2017-08-11,168.08,139.9261,141.5025,120.1206,118.7824,115.05,172.45,-2.5341,46.093,13791200
2017-08-14,180,2016-11-25,2017-08-14,170.75,140.1897,141.7798,121.7992,120.4333,115.05,172.45,-0.9858,48.4137,12954200
2017-08-15,180,2016-11-28,2017-08-15,171.0,140.4587,142.061,121.744,120.3708,115.05,172.45,-0.8408,48.631,8729200
2017-08-16,180,2016-11-29,2017-08-16,170.0,140.7247,142.3365,120.8032,119.4353,115.05,172.45,-1.4207,47.7618,15779900
2017-08-17,180,2016-11-30,2017-08-17,166.91,140.9763,142.5923,118.3958,117.054,115.05,172.45,-3.2125,45.0761,17216000
2017-08-18,180,2016-12-01,2017-08-18,167.41,141.2496,142.8644,118.5207,117.181,115.05,172.45,-2.9226,45.5106,15093600
2017-08-21,180,2016-12-02,2017-08-21,167.78,141.5527,143.1571,118.5283,117.1999,115.05,172.45,-2.708,45.8322,11907500
2017-08-22,180,2016-12-05,2017-08-22,169.64,141.8618,143.4584,119.5812,118.2503,115.05,172.45,-1.6295,47.4489,11391000
2017-08-23,180,2016-12-06,2017-08-23,168.71,142.1517,143.7433,118.683,117.3689,115.05,172.45,-2.1687,46.6406,9856500
2017-08-24,180,2016-12-07,2017-08-24,167.74,142.44,144.0235,117.7618,116.4671,115.05,172.45,-2.7312,45.7975,14030400
2017-08-25,180,2016-12-08,2017-08-25,166.32,142.7185,144.2922,116.5371,115.2661,115.05,172.45,-3.5546,44.5632,12614500
2017-08-28,180,2016-12-09,2017-08-28,167.24,142.994,144.5607,116.9559,115.6884,115.05,172.45,-3.0212,45.3629,8553700
2017-08-29,180,2016-12-12,2017-08-29,168.05,143.2678,144.8294,117.2979,116.033,115.05,172.45,-2.5515,46.0669,11121000
2017-08-30,180,2016-12-13,2017-08-30,169.92,143.5655,145.1192,118.3571,117.09,115.05,172.45,-1.4671,47.6923,11138300
2017-08-31,180,2016-12-14,2017-08-31,171.97,143.852,145.4062,119.5465,118.2687,115.05,172.45,-0.2783,49.4741,17226500
2017-09-01,180,2016-12-15,2017-09-01,172.02,144.1406,145.694,119.3418,118.0694,115.05,172.45,-0.2493,49.5176,11677600
2017-09-05,180,2016-12-16,2017-09-05,170.72,144.4224,145.9726,118.2088,116.9534,115.05,172.45,-1.0032,48.3877,13210900
2017-09-06,180,2016-12-19,2017-09-06,172.09,144.7163,146.2627,118.9154,117.6581,115.05,172.45,-0.2088,49.5784,13906300
2017-09-07,180,2016-12-20,2017-09-07,173.21,145.021,146.5626,119.4379,118.1816,115.05,173.21,0.0,50.5519,18049500
2017-09-08,180,2016-12-21,2017-09-08,170.95,145.3193,146.8507,117.6375,116.4108,115.05,173.21,-1.3048,48.5876,10998500
2017-09-11,180,2016-12-22,2017-09-11,173.51,145.6293,147.1533,119.145,117.9111,115.05,173.51,0.0,50.8127,12372000
2017-09-12,180,2016-12-23,2017-09-12,172.96,145.9524,147.4619,118.5044,117.2913,115.05,173.51,-0.317,50.3346,11186300
2017-09-13,180,2016-12-27,2017-09-13,173.05,146.2784,147.7718,118.3018,117.1062,115.05,173.51,-0.2651,50.4129,9119300
2017-09-14,180,2016-12-28,2017-09-14,170.96,146.5911,148.066,116.6237,115.462,115.05,173.51,-1.4696,48.5963,15615700
2017-09-15,180,2016-12-29,2017-09-15,171.64,146.9173,148.37,116.8276,115.6838,115.05,173.51,-1.0777,49.1873,15660500
2017-09-18,180,2016-12-30,2017-09-18,170.01,147.2434,148.6681,115.4619,114.3554,115.05,173.51,-2.0172,47.7705,12954000
2017-09-19,180,2017-01-03,2017-09-19,172.52,147.5929,148.9874,116.8891,115.795,116.86,173.51,-0.5706,47.6296,13168600
2017-09-20,180,2017-01-04,2017-09-20,172.17,147.9264,149.2947,116.389,115.3223,118.69,173.51,-0.7723,45.0586,12264100
2017-09-21,180,2017-01-05,2017-09-21,171.11,148.2408,149.5859,115.427,114.3891,120.67,173.51,-1.3832,41.8,11161400
2017-09-22,180,2017-01-06,2017-09-22,170.54,148.5373,149.8629,114.8129,113.7973,123.41,173.51,-1.7117,38.1898,12097100
2017-09-25,180,2017-01-09,2017-09-25,162.87,148.7783,150.0822,109.4716,108.5206,124.35,173.51,-6.1322,30.9771,41251600
2017-09-26,180,2017-01-10,2017-09-26,164.21,149.0144,150.3006,110.1974,109.2544,124.35,173.51,-5.3599,32.0547,23363300
2017-09-27,180,2017-01-11,2017-09-27,167.68,149.2712,150.5413,112.3325,111.3847,126.09,173.51,-3.36,32.9844,19242500
2017-09-28,180,2017-01-12,2017-09-28,168.73,149.5197,150.7782,112.848,111.9061,126.62,173.51,-2.7549,33.257,12178700
2017-09-29,180,2017-01-13,2017-09-29,170.87,149.7741,151.024,114.0851,113.141,127.04,173.51,-1.5215,34.5009,15340400
2017-10-02,180,2017-01-17,2017-10-02,169.47,150.0102,151.2525,112.9723,112.0444,127.04,173.51,-2.3284,33.3989,13392300
2017-10-03,180,2017-01-18,2017-10-03,169.96,150.2527,151.4863,113.1161,112.1949,127.04,173.51,-2.046,33.7846,8190300
2017-10-04,180,2017-01-19,2017-10-04,168.42,150.4888,151.7113,111.9153,111.0135,127.04,173.51,-2.9335,32.5724,12127900
2017-10-05,180,2017-01-20,2017-10-05,171.24,150.7409,151.9541,113.5989,112.692,127.04,173.51,-1.3083,34.7922,14580600
2017-10-06,180,2017-01-23,2017-10-06,172.23,151.0021,152.2051,114.058,113.1565,128.93,173.51,-0.7377,33.5841,13124500
2017-10-09,180,2017-01-24,2017-10-09,172.5,151.2507,152.4472,114.0491,113.154,129.37,173.51,-0.5821,33.3385,14570400
2017-10-10,180,2017-01-25,2017-10-10,171.59,151.4928,152.6817,113.2661,112.3841,130.32,173.51,-1.1066,31.6682,11341100
2017-10-11,180,2017-01-26,2017-10-11,172.74,151.7248,152.9109,113.8509,112.9677,130.32,173.51,-0.4438,32.5506,11283700
2017-10-12,180,2017-01-27,2017-10-12,172.55,151.9471,153.1319,113.5593,112.6806,130.32,173.51,-0.5533,32.4048,10351000
2017-10-13,180,2017-01-30,2017-10-13,173.74,152.1796,153.3628,114.1678,113.2869,130.32,173.74,0.0,33.318,13658300
2017-10-16,180,2017-01-31,2017-10-16,174.52,152.425,153.6047,114.4956,113.6163,130.32,174.52,0.0,33.9165,11498800
2017-10-17,180,2017-02-01,2017-10-17,176.11,152.683,153.8591,115.3436,114.4619,130.84,176.11,0.0,34.5995,15990100
2017-10-18,180,2017-02-02,2017-10-18,176.03,152.9197,154.0968,115.1127,114.2334,130.84,176.11,-0.0454,34.5384,12752400
2017-10-19,180,2017-02-03,2017-10-19,174.56,153.1688,154.3397,113.9658,113.1011,130.98,176.11,-0.8801,33.2723,14048400
2017-10-20,180,2017-02-06,2017-10-20,174.98,153.4194,154.5842,114.0534,113.194,131.84,176.11,-0.6416,32.7215,12602200
2017-10-23,180,2017-02-07,2017-10-23,171.27,153.6464,154.802,111.4702,110.6381,131.84,176.11,-2.7483,29.9075,13852700
2017-10-24,180,2017-02-08,2017-10-24,171.8,153.8782,155.024,111.6468,110.8216,133.44,176.11,-2.4473,28.747,12267900
2017-10-25,180,2017-02-09,2017-10-25,170.6,154.0876,155.2262,110.7162,109.9041,133.44,176.11,-3.1287,27.8477,15868200
2017-10-26,180,2017-02-10,2017-10-26,170.63,154.2982,155.4289,110.5846,109.7801,133.44,176.11,-3.1117,27.8702,11833100
2017-10-27,180,2017-02-13,2017-10-27,177.88,154.5407,155.6717,115.1024,114.2661,133.44,177.88,0.0,33.3034,30285300
2017-10-30,180,2017-02-14,2017-10-30,179.87,154.7932,155.9262,116.2002,115.3558,133.44,179.87,0.0,34.7947,24353200
2017-10-31,180,2017-02-15,2017-10-31,180.06,155.0489,156.1829,116.1311,115.2879,133.44,180.06,0.0,34.937,20174200
2017-11-01,180,2017-02-16,2017-11-01,182.66,155.319,156.4564,117.6031,116.7482,133.53,182.66,0.0,36.7932,40918300
2017-11-02,180,2017-02-17,2017-11-02,178.92,155.5717,156.7068,115.008,114.175,133.53,182.66,-2.0475,33.9924,35529900
2017-11-03,180,2017-02-21,2017-11-03,178.92,155.8276,156.959,114.8192,113.9916,133.72,182.66,-2.0475,33.802,17822100
2017-11-06,180,2017-02-22,2017-11-06,180.17,156.0881,157.2171,115.4284,114.5995,135.36,182.66,-1.3632,33.1043,13312700
2017-11-07,180,2017-02-23,2017-11-07,180.25,156.332,157.4622,115.2995,114.4719,135.36,182.66,-1.3194,33.1634,12928200
2017-11-08,180,2017-02-24,2017-11-08,179.56,156.5793,157.7078,114.6767,113.8561,135.44,182.66,-1.6971,32.5753,10494100
2017-11-09,180,2017-02-27,2017-11-09,179.3,156.8257,157.9514,114.3308,113.5159,135.54,182.66,-1.8395,32.2857,12610300
2017-11-10,180,2017-02-28,2017-11-10,178.46,157.062,158.1851,113.6239,112.8172,135.54,182.66,-2.2994,31.6659,11070200
2017-11-13,180,2017-03-01,2017-11-13,178.77,157.3069,158.4252,113.6441,112.8419,136.76,182.66,-2.1296,30.7181,9523400
2017-11-14,180,2017-03-02,2017-11-14,178.07,157.5356,158.6511,113.0348,112.24,136.76,182.66,-2.5129,30.2062,9585900
2017-11-15,180,2017-03-03,2017-11-15,177.95,157.7693,158.8799,112.7913,112.0028,137.17,182.66,-2.5786,29.7295,10253700
2017-11-16,180,2017-03-06,2017-11-16,179.59,158.0078,159.1156,113.6589,112.8677,137.3,182.66,-1.6807,30.8012,15607600
2017-11-17,180,2017-03-07,2017-11-17,179.0,158.2426,159.3466,113.1174,112.3338,137.3,182.66,-2.0037,30.3714,13018000
2017-11-20,180,2017-03-08,2017-11-20,178.74,158.4779,159.5768,112.7855,112.0088,137.72,182.66,-2.1461,29.7851,10052400
2017-11-21,180,2017-03-09,2017-11-21,181.86,158.7242,159.822,114.5761,113.7891,138.24,182.66,-0.438,31.5538,14504000
2017-11-22,180,2017-03-10,2017-11-22,180.87,158.9632,160.0588,113.7811,113.0022,138.51,182.66,-0.98,30.5826,10376300
2017-11-24,180,2017-03-13,2017-11-24,182.78,159.207,160.3032,114.8065,114.0214,138.51,182.78,0.0,31.9616,9426300
2017-11-27,180,2017-03-14,2017-11-27,183.03,159.4467,160.5445,114.7907,114.0058,138.51,183.03,0.0,32.1421,12344500
2017-11-28,180,2017-03-15,2017-11-28,182.42,159.6866,160.7839,114.2363,113.4566,138.51,183.03,-0.3333,31.7017,14379700
2017-11-29,180,2017-03-16,2017-11-29,175.13,159.8918,160.9807,109.5303,108.7895,138.51,183.03,-4.3162,26.4385,41933500
2017-11-30,180,2017-03-17,2017-11-30,177.18,160.1051,161.1873,110.6648,109.9218,138.51,183.03,-3.1962,27.9186,25307600
2017-12-01,180,2017-03-20,2017-12-01,175.1,160.3104,161.3832,109.2256,108.4995,138.51,183.03,-4.3326,26.4169,20182500
2017-12-04,180,2017-03-21,2017-12-04,171.47,160.4982,161.5583,106.8361,106.135,138.51,183.03,-6.3159,23.7961,24459400
2017-12-05,180,2017-03-22,2017-12-05,172.83,160.7037,161.749,107.5458,106.8507,139.39,183.03,-5.5729,23.9902,20184900
2017-12-06,180,2017-03-23,2017-12-06,176.06,160.9169,161.9516,109.4105,108.7115,139.39,183.03,-3.8081,26.3075,20255800
2017-12-07,180,2017-03-24,2017-12-07,180.14,161.1496,162.1772,111.7843,111.076,139.39,183.03,-1.579,29.2345,20404500
2017-12-08,180,2017-03-27,2017-12-08,179.0,161.372,162.392,110.9239,110.2271,139.39,183.03,-2.2018,28.4167,19883800
2017-12-11,180,2017-03-28,2017-12-11,179.04,161.5952,162.6071,110.7953,110.1059,139.39,183.03,-2.18,28.4454,13168600
2017-12-12,180,2017-03-29,2017-12-12,176.96,161.7991,162.8027,109.3702,108.696,139.39,183.03,-3.3164,26.9532,16854100
2017-12-13,180,2017-03-30,2017-12-13,178.3,162.0032,163.0007,110.0596,109.386,139.39,183.03,-2.5843,27.9145,14615700
2017-12-14,180,2017-03-31,2017-12-14,178.39,162.2099,163.2006,109.9748,109.3072,139.39,183.03,-2.5351,27.9791,13591000
2017-12-15,180,2017-04-03,2017-12-15,180.18,162.428,163.4124,110.9291,110.2609,139.39,183.03,-1.5571,29.2632,28463100
2017-12-18,180,2017-04-04,2017-12-18,180.82,162.6479,163.6266,111.1727,110.5077,139.39,183.03,-1.2074,29.7224,17265400
2017-12-19,180,2017-04-05,2017-12-19,179.51,162.8664,163.8364,110.2192,109.5666,139.39,183.03,-1.9232,28.7825,14920600
2017-12-20,180,2017-04-06,2017-12-20,177.89,163.0771,164.0367,109.0833,108.4453,139.39,183.03,-2.8083,27.6203,11860500
2017-12-21,180,2017-04-07,2017-12-21,177.45,163.2914,164.2382,108.6708,108.0443,139.39,183.03,-3.0487,27.3047,11600700
2017-12-22,180,2017-04-10,2017-12-22,177.2,163.508,164.4406,108.3739,107.7593,139.39,183.03,-3.1853,27.1253,8509500
2017-12-26,180,2017-04-11,2017-12-26,175.99,163.7174,164.6347,107.4962,106.8973,139.39,183.03,-3.8464,26.2573,8897300
2017-12-27,180,2017-04-12,2017-12-27,177.62,163.9435,164.8442,108.3422,107.7502,139.39,183.03,-2.9558,27.4266,9496100
2017-12-28,180,2017-04-13,2017-12-28,177.92,164.1744,165.0572,108.3726,107.793,139.39,183.03,-2.7919,27.6419,12220800
2017-12-29,180,2017-04-17,2017-12-29,176.46,164.4004,165.2631,107.3355,106.7752,140.96,183.03,-3.5896,25.1844,10261500
2018-01-02,180,2017-04-18,2018-01-02,181.42,164.6348,165.4853,110.1954,109.629,140.96,183.03,-0.8796,28.7032,18151900
2018-01-03,180,2017-04-19,2018-01-03,184.67,164.8881,165.7282,111.9972,111.4295,142.27,184.67,0.0,29.8025,16886600
2018-01-04,180,2017-04-20,2018-01-04,184.33,165.1307,165.9618,111.6268,111.0677,143.68,184.67,-0.1841,28.292,13880900
2018-01-05,180,2017-04-21,2018-01-05,186.85,165.3737,166.201,112.9865,112.4241,143.68,186.85,0.0,30.0459,13574500
2018-01-08,180,2017-04-24,2018-01-08,188.28,165.6246,166.4488,113.6788,113.1159,144.85,188.28,0.0,29.9827,17994700
2018-01-09,180,2017-04-25,2018-01-09,187.87,165.8614,166.6843,113.2693,112.71,144.85,188.28,-0.2178,29.6997,12393100
2018-01-10,180,2017-04-26,2018-01-10,187.84,166.0914,166.9141,113.0944,112.537,144.85,188.28,-0.2337,29.679,10529900
2018-01-11,180,2017-04-27,2018-01-11,187.77,166.3212,167.143,112.896,112.3409,144.85,188.28,-0.2709,29.6306,9588600
2018-01-12,180,2017-04-28,2018-01-12,179.37,166.5051,167.3189,107.7264,107.2024,144.85,188.28,-4.7323,23.8315,77551300
2018-01-16,180,2017-05-01,2018-01-16,178.39,166.667,167.4753,107.0338,106.5172,144.85,188.28,-5.2528,23.155,36183800
2018-01-17,180,2017-05-02,2018-01-17,177.6,166.8104,167.6149,106.4682,105.9571,144.85,188.28,-5.6724,22.6096,27992400
2018-01-18,180,2017-05-03,2018-01-18,179.8,166.9626,167.7651,107.6888,107.1737,144.85,188.28,-4.5039,24.1284,23304900
2018-01-19,180,2017-05-04,2018-01-19,181.29,167.1287,167.9289,108.4733,107.9564,144.85,188.28,-3.7126,25.157,26826500
2018-01-22,180,2017-05-05,2018-01-22,185.37,167.3205,168.1207,110.7874,110.2601,144.85,188.28,-1.5456,27.9738,21059500
2018-01-23,180,2017-05-08,2018-01-23,189.35,167.5346,168.3379,113.0215,112.4821,144.85,189.35,0.0,30.7214,25678800
2018-01-24,180,2017-05-09,2018-01-24,186.55,167.7312,168.5351,111.2196,110.6891,144.85,189.35,-1.4787,28.7884,24334500
2018-01-25,180,2017-05-10,2018-01-25,187.48,167.9364,168.7407,111.6375,111.1054,144.85,189.35,-0.9876,29.4304,17377700
2018-01-26,180,2017-05-11,2018-01-26,190.0,168.1546,168.9613,112.9913,112.4518,144.85,190.0,0.0,31.1702,17759200
2018-01-29,180,2017-05-12,2018-01-29,185.98,168.3572,169.1609,110.4675,109.9426,144.85,190.0,-2.1158,28.3949,20453200
2018-01-30,180,2017-05-15,2018-01-30,187.12,168.5634,169.3653,111.0087,110.4831,144.85,190.0,-1.5158,29.1819,20858600
2018-01-31,180,2017-05-16,2018-01-31,186.89,168.77,169.5692,110.7365,110.2146,144.85,190.0,-1.6368,29.0231,43275100
2018-02-01,180,2017-05-17,2018-02-01,193.09,169.0073,169.8098,114.2495,113.7095,144.85,193.09,0.0,33.3034,54211300
2018-02-02,180,2017-05-18,2018-02-02,190.28,169.2693,170.0622,112.4126,111.8885,147.66,193.09,-1.4553,28.8636,26677500
2018-02-05,180,2017-05-19,2018-02-05,181.26,169.4693,170.2489,106.9574,106.4677,148.06,193.09,-6.1267,22.4233,33128200
2018-02-06,180,2017-05-22,2018-02-06,185.31,169.6862,170.4558,109.2074,108.7144,148.07,193.09,-4.0292,25.1503,37758500
2018-02-07,180,2017-05-23,2018-02-07,180.18,169.8777,170.6333,106.0645,105.5949,148.07,193.09,-6.686,21.6857,27601900
2018-02-08,180,2017-05-24,2018-02-08,171.58,170.0262,170.7639,100.9138,100.4779,148.43,193.09,-11.1399,15.5966,38478300
2018-02-09,180,2017-05-25,2018-02-09,176.11,170.1848,170.9087,103.4816,103.0433,148.43,193.09,-8.7938,18.6485,39887600
2018-02-12,180,2017-05-26,2018-02-12,176.41,170.3317,171.0446,103.5685,103.1369,148.43,193.09,-8.6385,18.8506,32092100
2018-02-13,180,2017-05-30,2018-02-13,173.15,170.4604,171.1613,101.5778,101.1619,148.43,193.09,-10.3268,16.6543,21809400
2018-02-14,180,2017-05-31,2018-02-14,179.52,170.6207,171.3121,105.2158,104.7912,148.43,193.09,-7.0278,20.9459,28929700
2018-02-15,180,2017-06-01,2018-02-15,179.96,170.79,171.4704,105.3692,104.951,148.43,193.09,-6.7999,21.2423,20922100
2018-02-16,180,2017-06-02,2018-02-16,177.36,170.9459,171.6139,103.7521,103.3482,148.43,193.09,-8.1465,19.4907,20645300
2018-02-20,180,2017-06-05,2018-02-20,176.01,171.0805,171.7384,102.8814,102.4873,148.43,193.09,-8.8456,18.5812,21204900
2018-02-21,180,2017-06-06,2018-02-21,177.91,171.2251,171.8733,103.9042,103.5123,148.43,193.09,-7.8616,19.8612,23200800
2018-02-22,180,2017-06-07,2018-02-22,178.99,171.3811,172.0187,104.4397,104.0526,148.43,193.09,-7.3023,20.5888,18464200
2018-02-23,180,2017-06-08,2018-02-23,183.29,171.5567,172.1863,106.8393,106.4486,148.43,193.09,-5.0754,23.4858,19007300
2018-02-26,180,2017-06-09,2018-02-26,184.93,171.7296,172.3542,107.6867,107.2965,148.43,193.09,-4.226,24.5907,17599700
2018-02-27,180,2017-06-12,2018-02-27,181.46,171.9221,172.5312,105.5478,105.1752,148.43,193.09,-6.0231,22.2529,15849800
2018-02-28,180,2017-06-13,2018-02-28,178.32,172.1077,172.6972,103.6096,103.2559,148.43,193.09,-7.6493,20.1374,18783000
2018-03-01,180,2017-06-14,2018-03-01,175.94,172.2646,172.8376,102.1336,101.795,148.43,193.09,-8.8819,18.534,23201600
2018-03-02,180,2017-06-15,2018-03-02,176.62,172.4286,172.9841,102.4308,102.1019,148.43,193.09,-8.5297,18.9921,20025900
2018-03-05,180,2017-06-16,2018-03-05,180.4,172.6158,173.1541,104.5095,104.1847,148.43,193.09,-6.5721,21.5388,16189300
2018-03-06,180,2017-06-19,2018-03-06,179.78,172.7941,173.3159,104.0429,103.7296,148.43,193.09,-6.8932,21.1211,15086800
2018-03-07,180,2017-06-20,2018-03-07,183.71,172.9765,173.4873,106.2052,105.8925,148.43,193.09,-4.8578,23.7688,19097300
2018-03-08,180,2017-06-21,2018-03-08,182.34,173.1568,173.6544,105.3034,105.0016,148.43,193.09,-5.5674,22.8458,17225900
2018-03-09,180,2017-06-22,2018-03-09,185.23,173.34,173.8284,106.8593,106.5591,148.43,193.09,-4.0706,24.7928,18526300
2018-03-12,180,2017-06-23,2018-03-12,184.76,173.5249,174.0027,106.4746,106.1823,148.43,193.09,-4.3141,24.4762,15301200
2018-03-13,180,2017-06-26,2018-03-13,181.88,173.6841,174.1516,104.7189,104.4377,148.43,193.09,-5.8056,22.5359,18067500
2018-03-14,180,2017-06-27,2018-03-14,184.19,173.8655,174.3216,105.9382,105.661,148.43,193.09,-4.6092,24.0922,16821700
2018-03-15,180,2017-06-28,2018-03-15,183.86,174.0676,174.5065,105.6256,105.36,148.43,193.09,-4.7802,23.8698,15614300
2018-03-16,180,2017-06-29,2018-03-16,185.09,174.2569,174.6834,106.2168,105.9574,148.43,193.09,-4.1431,24.6985,24403400
2018-03-19,180,2017-06-30,2018-03-19,172.56,174.3963,174.803,98.9471,98.7168,148.43,193.09,-10.6323,16.2568,88140100
2018-03-20,180,2017-07-03,2018-03-20,168.15,174.5106,174.8984,96.3552,96.1415,148.43,193.09,-12.9163,13.2857,129851800
2018-03-21,180,2017-07-05,2018-03-21,169.39,174.6518,175.0148,96.9873,96.7861,148.82,193.09,-12.2741,13.8221,106598800
2018-03-22,180,2017-07-06,2018-03-22,164.89,174.7513,175.0957,94.3569,94.1714,148.82,193.09,-14.6046,10.7983,73743000
2018-03-23,180,2017-07-07,2018-03-23,159.39,174.8269,175.1544,91.1702,90.9997,151.44,193.09,-17.453,5.2496,53609700
2018-03-26,180,2017-07-10,2018-03-26,160.06,174.8873,175.2023,91.5218,91.3573,153.5,193.09,-17.106,4.2736,126116600
2018-03-27,180,2017-07-11,2018-03-27,152.22,174.878,175.1952,87.0435,86.886,152.22,193.09,-21.1663,0.0,79117000
2018-03-28,180,2017-07-12,2018-03-28,153.03,174.862,175.1827,87.5147,87.3545,152.22,193.09,-20.7468,0.5321,60029200
2018-03-29,180,2017-07-13,2018-03-29,159.79,174.868,175.1877,91.3775,91.2108,152.22,193.09,-17.2458,4.9731,59434300
2018-04-02,180,2017-07-14,2018-04-02,155.39,174.8414,175.1662,88.8748,88.7101,152.22,193.09,-19.5246,2.0825,36796000
2018-04-03,180,2017-07-17,2018-04-03,156.11,174.8152,175.1447,89.3,89.132,152.22,193.09,-19.1517,2.5555,42543900
2018-04-04,180,2017-07-18,2018-04-04,155.1,174.7834,175.119,88.7384,88.5683,152.22,193.09,-19.6748,1.892,49885600
2018-04-05,180,2017-07-19,2018-04-05,159.34,174.7604,175.0994,91.1762,90.9997,152.22,193.09,-17.4789,4.6774,41449600
2018-04-06,180,2017-07-20,2018-04-06,157.2,174.7148,175.0609,89.9752,89.7973,152.22,193.09,-18.5872,3.2716,41644800
2018-04-09,180,2017-07-21,2018-04-09,157.93,174.6717,175.0242,90.4153,90.2332,152.22,193.09,-18.2091,3.7511,34915200
2018-04-10,180,2017-07-24,2018-04-10,165.04,174.6755,175.0276,94.4837,94.2937,152.22,193.09,-14.5269,8.422,57889300
2018-04-11,180,2017-07-25,2018-04-11,166.32,174.6775,175.0294,95.2155,95.024,152.22,193.09,-13.864,9.2629,56144600
2018-04-12,180,2017-07-26,2018-04-12,163.87,174.6687,175.0216,93.8176,93.6285,152.22,193.09,-15.1328,7.6534,38263000
2018-04-13,180,2017-07-27,2018-04-13,164.52,174.6619,175.0155,94.1934,94.0031,152.22,193.09,-14.7962,8.0804,19990600
2018-04-16,180,2017-07-28,2018-04-16,164.83,174.6281,174.9843,94.3892,94.197,152.22,193.09,-14.6357,8.2841,18119400
2018-04-17,180,2017-07-31,2018-04-17,168.66,174.606,174.9633,96.5946,96.3974,152.22,193.09,-12.6521,10.8002,22743000
2018-04-18,180,2017-08-01,2018-04-18,166.36,174.5886,174.9472,95.2869,95.0915,152.22,193.09,-13.8433,9.2892,20969600
2018-04-19,180,2017-08-02,2018-04-19,168.1,174.5782,174.9374,96.2892,96.0915,152.22,193.09,-12.9421,10.4323,22235000
2018-04-20,180,2017-08-03,2018-04-20,166.28,174.56,174.9207,95.2566,95.0602,152.22,193.09,-13.8847,9.2366,19119400
2018-04-23,180,2017-08-04,2018-04-23,165.84,174.5434,174.9054,95.0136,94.817,152.22,193.09,-14.1126,8.9476,23088100
2018-04-24,180,2017-08-07,2018-04-24,159.69,174.4813,174.8502,91.5227,91.3296,152.22,193.09,-17.2976,4.9074,35079900
2018-04-25,180,2017-08-08,2018-04-25,159.69,174.4057,174.7819,91.5624,91.3653,152.22,193.09,-17.2976,4.9074,41083600
2018-04-26,180,2017-08-09,2018-04-26,174.16,174.4223,174.7982,99.8496,99.6349,152.22,193.09,-9.8037,14.4134,77556900
2018-04-27,180,2017-08-10,2018-04-27,173.59,174.436,174.8116,99.515,99.3012,152.22,193.09,-10.0989,14.0389,29804700
2018-04-30,180,2017-08-11,2018-04-30,172.0,174.463,174.8372,98.5882,98.3773,152.22,193.09,-10.9224,12.9943,20750500
2018-05-01,180,2017-08-14,2018-05-01,173.86,174.4965,174.8693,99.6353,99.4228,152.22,193.09,-9.9591,14.2163,26025900
2018-05-02,180,2017-08-15,2018-05-02,176.07,174.5264,174.8988,100.8845,100.6696,152.22,193.09,-8.8145,15.6681,30424500
2018-05-03,180,2017-08-16,2018-05-03,174.02,174.5436,174.9156,99.7,99.488,152.22,193.09,-9.8762,14.3214,24026100
2018-05-04,180,2017-08-17,2018-05-04,176.61,174.5808,174.9523,101.1623,100.9475,152.22,193.09,-8.5349,16.0229,17677800
2018-05-07,180,2017-08-18,2018-05-07,177.97,174.6439,175.0138,101.9045,101.6891,152.22,193.09,-7.8305,16.9163,18697200
2018-05-08,180,2017-08-21,2018-05-08,178.92,174.7091,175.0777,102.4103,102.1946,152.22,193.09,-7.3385,17.5404,15577200
2018-05-09,180,2017-08-22,2018-05-09,182.66,174.7914,175.1604,104.5017,104.2816,152.22,193.09,-5.4016,19.9974,23282800
2018-05-10,180,2017-08-23,2018-05-10,185.53,174.8772,175.2487,106.0916,105.8667,152.22,193.09,-3.9153,21.8828,21071400
2018-05-11,180,2017-08-24,2018-05-11,186.99,174.9757,175.3502,106.8663,106.638,152.22,193.09,-3.1591,22.8419,21207800
2018-05-14,180,2017-08-25,2018-05-14,186.64,175.0784,175.4552,106.6037,106.3747,152.22,193.09,-3.3404,22.612,15646700
2018-05-15,180,2017-08-28,2018-05-15,184.32,175.1785,175.5552,105.2184,104.9926,152.22,193.09,-4.5419,21.0879,15429400
2018-05-16,180,2017-08-29,2018-05-16,183.2,175.2673,175.6439,104.5261,104.3019,152.22,193.09,-5.122,20.3521,16975500
2018-05-17,180,2017-08-30,2018-05-17,183.76,175.3542,175.7312,104.7936,104.5688,152.22,193.09,-4.8319,20.72,14840700
2018-05-18,180,2017-08-31,2018-05-18,182.68,175.4244,175.8021,104.136,103.9123,152.22,193.09,-5.3913,20.0105,13130500
2018-05-21,180,2017-09-01,2018-05-21,184.49,175.4919,175.8716,105.1274,104.9004,152.22,193.09,-4.4539,21.1996,13532900
2018-05-22,180,2017-09-05,2018-05-22,183.8,175.5557,175.9371,104.6961,104.4692,152.22,193.09,-4.8112,20.7463,12731400
2018-05-23,180,2017-09-06,2018-05-23,186.9,175.6426,176.0269,106.4093,106.1769,152.22,193.09,-3.2058,22.7828,16628100
2018-05-24,180,2017-09-07,2018-05-24,185.93,175.7167,176.1038,105.8124,105.5798,152.22,193.09,-3.7081,22.1456,12354700
2018-05-25,180,2017-09-08,2018-05-25,184.92,175.7795,176.1689,105.2,104.9675,152.22,193.09,-4.2312,21.4821,10965100
2018-05-29,180,2017-09-11,2018-05-29,185.74,175.8594,176.2511,105.6184,105.3838,152.22,193.09,-3.8065,22.0208,16398900
2018-05-30,180,2017-09-12,2018-05-30,187.67,175.9342,176.3297,106.6706,106.4313,152.22,193.09,-2.807,23.2887,13736900
2018-05-31,180,2017-09-13,2018-05-31,191.78,176.0318,176.4343,108.9462,108.6977,152.22,193.09,-0.6784,25.9887,30782600
2018-06-01,180,2017-09-14,2018-06-01,193.99,176.1393,176.5506,110.1345,109.8778,152.22,193.99,0.0,27.4405,17307200
2018-06-04,180,2017-09-15,2018-06-04,193.28,176.2558,176.6746,109.6588,109.3989,152.22,193.99,-0.366,26.9741,18939800
2018-06-05,180,2017-09-18,2018-06-05,192.94,176.3668,176.7929,109.397,109.1333,152.22,193.99,-0.5413,26.7508,15544300
2018-06-06,180,2017-09-19,2018-06-06,191.34,176.4802,176.9114,108.4201,108.1558,152.22,193.99,-1.3661,25.6996,22558900
2018-06-07,180,2017-09-20,2018-06-07,188.18,176.5637,176.9984,106.5791,106.3173,152.22,193.99,-2.995,23.6237,21503200
2018-06-08,180,2017-09-21,2018-06-08,189.1,176.6538,177.0925,107.0455,106.7804,152.22,193.99,-2.5207,24.2281,12677100
2018-06-11,180,2017-09-22,2018-06-11,191.54,176.762,177.206,108.3604,108.0889,152.22,193.99,-1.263,25.831,12928900
2018-06-12,180,2017-09-25,2018-06-12,192.4,176.8777,177.3274,108.7757,108.4998,152.22,193.99,-0.8196,26.396,11562700
2018-06-13,180,2017-09-26,2018-06-13,192.41,177.0417,177.4916,108.6806,108.4052,152.22,193.99,-0.8145,26.4026,15853800
2018-06-14,180,2017-09-27,2018-06-14,196.81,177.2175,177.6727,111.0556,110.7711,152.22,196.81,0.0,29.2931,19120900
2018-06-15,180,2017-09-28,2018-06-15,195.85,177.3673,177.8292,110.4206,110.1338,152.22,196.81,-0.4878,28.6625,21860900
2018-06-18,180,2017-09-29,2018-06-18,198.31,177.5219,177.9935,111.7101,111.4142,152.22,198.31,0.0,30.2785,16826000
2018-06-19,180,2017-10-02,2018-06-19,197.49,177.6602,178.1414,111.1617,110.8614,152.22,198.31,-0.4135,29.7399,19994000
2018-06-20,180,2017-10-03,2018-06-20,202.0,177.8269,178.3221,113.5936,113.2782,152.22,202.0,0.0,32.7027,28230900
2018-06-21,180,2017-10-04,2018-06-21,201.5,177.9889,178.4973,113.2093,112.8868,152.22,202.0,-0.2475,32.3742,19045700
2018-06-22,180,2017-10-05,2018-06-22,201.74,178.1616,178.6824,113.2343,112.9042,152.22,202.0,-0.1287,32.5319,17420200
2018-06-25,180,2017-10-06,2018-06-25,196.35,178.2934,178.8219,110.1274,109.802,152.22,202.0,-2.797,28.9909,25275100
2018-06-26,180,2017-10-09,2018-06-26,199.0,178.4315,178.9707,111.5274,111.1914,152.22,202.0,-1.4851,30.7318,17897600
2018-06-27,180,2017-10-10,2018-06-27,195.84,178.5538,179.1003,109.6812,109.3465,152.22,202.0,-3.0495,28.6559,18734400
2018-06-28,180,2017-10-11,2018-06-28,196.23,178.6835,179.2372,109.8199,109.4806,152.22,202.0,-2.8564,28.9121,18172400
2018-06-29,180,2017-10-12,2018-06-29,194.32,178.7976,179.3571,108.6816,108.3425,152.22,202.0,-3.802,27.6573,15811600
2018-07-02,180,2017-10-13,2018-07-02,197.36,178.9271,179.4949,110.3019,109.953,152.22,202.0,-2.297,29.6544,13961600
2018-07-03,180,2017-10-16,2018-07-03,192.73,179.028,179.6004,107.6536,107.3104,152.22,202.0,-4.5891,26.6128,13489500
2018-07-05,180,2017-10-17,2018-07-05,198.45,179.1511,179.7334,110.7724,110.4135,152.22,202.0,-1.7574,30.3705,19684200
2018-07-06,180,2017-10-18,2018-07-06,203.23,179.2863,179.8841,113.355,112.9783,152.22,203.23,0.0,33.5107,19740100
2018-07-09,180,2017-10-19,2018-07-09,204.74,179.4287,180.0436,114.1066,113.7169,152.22,204.74,0.0,34.5027,18149400
2018-07-10,180,2017-10-20,2018-07-10,203.54,179.5747,180.2046,113.3456,112.9494,152.22,204.74,-0.5861,33.7144,13190100
2018-07-11,180,2017-10-23,2018-07-11,202.54,179.7141,180.3577,112.7012,112.2991,152.22,204.74,-1.0745,33.0574,12927400
2018-07-12,180,2017-10-24,2018-07-12,206.92,179.8948,180.5557,115.0228,114.6017,152.22,206.92,0.0,35.9348,15454700
2018-07-13,180,2017-10-25,2018-07-13,207.32,180.0743,180.7531,115.1303,114.6979,152.22,207.32,0.0,36.1976,11486800
2018-07-16,180,2017-10-26,2018-07-16,207.23,180.2611,180.9566,114.961,114.5192,152.22,207.32,-0.0434,36.1385,11078200
2018-07-17,180,2017-10-27,2018-07-17,209.99,180.4596,181.1752,116.364,115.9044,152.22,209.99,0.0,37.9517,15349900
2018-07-18,180,2017-10-30,2018-07-18,209.36,180.6127,181.3501,115.9165,115.4452,152.22,209.99,-0.3,37.5378,15334900
2018-07-19,180,2017-10-31,2018-07-19,208.09,180.7494,181.5069,115.1262,114.6458,152.22,209.99,-0.9048,36.7035,11350400
2018-07-20,180,2017-11-01,2018-07-20,209.94,180.893,181.6729,116.0575,115.5593,152.22,209.99,-0.0238,37.9188,16163900
2018-07-23,180,2017-11-02,2018-07-23,210.91,181.0264,181.8298,116.5079,115.9931,152.22,210.91,0.0,38.556,16732000
2018-07-24,180,2017-11-03,2018-07-24,214.67,181.196,182.0284,118.4739,117.9321,152.22,214.67,0.0,41.0261,28468700
2018-07-25,180,2017-11-06,2018-07-25,217.5,181.3771,182.2428,119.9159,119.3463,152.22,217.5,0.0,42.8853,58954200
2018-07-26,180,2017-11-07,2018-07-26,176.26,181.3546,182.2211,97.1908,96.7287,152.22,217.5,-18.9609,15.7929,169803700
2018-07-27,180,2017-11-08,2018-07-27,174.89,181.3235,182.1913,96.4519,95.9925,152.22,217.5,-19.5908,14.8929,60073700
2018-07-30,180,2017-11-09,2018-07-30,171.06,181.273,182.1441,94.366,93.9147,152.22,217.5,-21.3517,12.3768,65280800
2018-07-31,180,2017-11-10,2018-07-31,172.58,181.2333,182.1067,95.2253,94.7686,152.22,217.5,-20.6529,13.3754,40356500
2018-08-01,180,2017-11-13,2018-08-01,171.65,181.1928,182.0689,94.7334,94.2775,152.22,217.5,-21.0805,12.7644,34042100
2018-08-02,180,2017-11-14,2018-08-02,176.37,181.1789,182.0556,97.3458,96.877,152.22,217.5,-18.9103,15.8652,32400000
2018-08-03,180,2017-11-15,2018-08-03,177.78,181.1772,182.0539,98.1249,97.6524,152.22,217.5,-18.2621,16.7915,24763400
2018-08-06,180,2017-11-16,2018-08-06,185.69,181.2199,182.0969,102.4667,101.9732,152.22,217.5,-14.6253,21.9879,49716200
2018-08-07,180,2017-11-17,2018-08-07,183.81,181.2433,182.1204,101.4162,100.9277,152.22,217.5,-15.4897,20.7529,33398600
2018-08-08,180,2017-11-20,2018-08-08,185.18,181.2773,182.1547,102.1529,101.6608,152.22,217.5,-14.8598,21.6529,22205200
2018-08-09,180,2017-11-21,2018-08-09,183.09,181.3016,182.1789,100.9864,100.5001,152.22,217.5,-15.8207,20.2799,19732100
2018-08-10,180,2017-11-22,2018-08-10,180.26,181.2927,182.17,99.4304,98.9515,152.22,217.5,-17.1218,18.4207,21500400
2018-08-13,180,2017-11-24,2018-08-13,180.05,181.2881,182.1654,99.3171,98.8387,152.22,217.5,-17.2184,18.2827,17423300
2018-08-14,180,2017-11-27,2018-08-14,181.11,181.2788,182.1562,99.9069,99.4257,152.22,217.5,-16.731,18.9791,19102000
2018-08-15,180,2017-11-28,2018-08-15,179.53,181.2594,182.1367,99.0459,98.5688,152.22,217.5,-17.4575,17.9411,33020200
2018-08-16,180,2017-11-29,2018-08-16,174.7,181.2152,182.0938,96.4047,95.9395,152.22,217.5,-19.6782,14.7681,31351800
2018-08-17,180,2017-11-30,2018-08-17,173.8,181.2072,182.0864,95.9123,95.4492,152.22,217.5,-20.092,14.1769,24893200
2018-08-20,180,2017-12-01,2018-08-20,172.5,181.1793,182.0604,95.2096,94.7488,152.22,217.5,-20.6897,13.3228,21518000
2018-08-21,180,2017-12-04,2018-08-21,172.62,181.1643,182.0467,95.2837,94.8218,152.22,217.5,-20.6345,13.4017,19578500
2018-08-22,180,2017-12-05,2018-08-22,173.64,181.1776,182.0587,95.8397,95.3758,152.22,217.5,-20.1655,14.0717,16894100
2018-08-23,180,2017-12-06,2018-08-23,172.9,181.178,182.0591,95.431,94.9692,152.22,217.5,-20.5057,13.5856,18053600
2018-08-24,180,2017-12-07,2018-08-24,174.65,181.1697,182.0513,96.4013,95.9345,152.22,217.5,-19.7012,14.7352,14631600
2018-08-27,180,2017-12-08,2018-08-27,177.46,181.1544,182.0364,97.9606,97.486,152.22,217.5,-18.4092,16.5813,17921900
2018-08-28,180,2017-12-11,2018-08-28,176.26,181.1386,182.0212,97.3067,96.8349,152.22,217.5,-18.9609,15.7929,15910700
2018-08-29,180,2017-12-12,2018-08-29,175.9,181.1204,182.0037,97.1177,96.6464,152.22,217.5,-19.1264,15.5564,18494100
2018-08-30,180,2017-12-13,2018-08-30,177.64,181.1243,182.0075,98.0763,97.6004,152.22,217.5,-18.3264,16.6995,24216500
2018-08-31,180,2017-12-14,2018-08-31,175.73,181.1094,181.9932,97.0298,96.5585,152.22,217.5,-19.2046,15.4447,18065200
2018-09-04,180,2017-12-15,2018-09-04,171.16,181.0663,181.9531,94.5289,94.0682,152.22,217.5,-21.3057,12.4425,29809000
2018-09-05,180,2017-12-18,2018-09-05,167.18,180.9877,181.8808,92.3709,91.9173,152.22,217.5,-23.1356,9.8279,31226700
2018-09-06,180,2017-12-19,2018-09-06,162.53,180.8745,181.7792,89.8579,89.4107,152.22,217.5,-25.2736,6.7731,41514800
2018-09-07,180,2017-12-20,2018-09-07,163.04,180.7723,181.6877,90.1908,89.7364,152.22,217.5,-25.0391,7.1081,24300600
2018-09-10,180,2017-12-21,2018-09-10,164.18,180.6871,181.6116,90.8643,90.4017,152.22,217.5,-24.5149,7.857,20197700
2018-09-11,180,2017-12-22,2018-09-11,165.94,180.6162,181.5476,91.8744,91.403,152.22,217.5,-23.7057,9.0133,20457100
2018-09-12,180,2017-12-26,2018-09-12,162.0,180.5203,181.4632,89.7406,89.2743,152.22,217.5,-25.5172,6.4249,24078100
2018-09-13,180,2017-12-27,2018-09-13,161.36,180.4271,181.3819,89.4322,88.9615,152.22,217.5,-25.8115,6.0045,25453800
2018-09-14,180,2017-12-28,2018-09-14,162.32,180.3312,181.2969,90.0122,89.5327,152.22,217.5,-25.3701,6.6351,21770400
2018-09-17,180,2017-12-29,2018-09-17,160.58,180.2216,181.2006,89.1014,88.62,152.22,217.5,-26.1701,5.4921,21005300
2018-09-18,180,2018-01-02,2018-09-18,160.3,180.1186,181.1108,88.9969,88.5094,152.22,217.5,-26.2988,5.3081,22465200
2018-09-19,180,2018-01-03,2018-09-19,163.06,180.0068,181.0088,90.5855,90.084,152.22,217.5,-25.0299,7.1213,19629000
2018-09-20,180,2018-01-04,2018-09-20,166.02,179.8973,180.9052,92.286,91.7718,152.22,217.5,-23.669,9.0658,18936000
2018-09-21,180,2018-01-05,2018-09-21,162.93,179.7693,180.7863,90.6328,90.123,152.22,217.5,-25.0897,7.0359,45994800
2018-09-24,180,2018-01-08,2018-09-24,165.41,179.6448,180.6672,92.0761,91.5551,152.22,217.5,-23.9494,8.6651,19222800
2018-09-25,180,2018-01-09,2018-09-25,164.91,179.51,180.5373,91.8668,91.344,152.22,217.5,-24.1793,8.3366,27622800
2018-09-26,180,2018-01-10,2018-09-26,166.95,179.3907,180.4211,93.065,92.5335,152.22,217.5,-23.2414,9.6768,25252200
2018-09-27,180,2018-01-11,2018-09-27,168.84,179.2836,180.3156,94.1748,93.6358,152.22,217.5,-22.3724,10.9184,27266900
2018-09-28,180,2018-01-12,2018-09-28,164.46,179.1489,180.1861,91.8007,91.2723,152.22,217.5,-24.3862,8.041,34265600
2018-10-01,180,2018-01-16,2018-10-01,162.44,179.0454,180.092,90.7256,90.1983,152.22,217.5,-25.3149,6.714,26407700
2018-10-02,180,2018-01-17,2018-10-02,159.33,178.926,179.9861,89.048,88.5235,152.22,217.5,-26.7448,4.6709,36031000
2018-10-03,180,2018-01-18,2018-10-03,162.43,178.8326,179.9018,90.828,90.2881,152.22,217.5,-25.3195,6.7074,23109500
2018-10-04,180,2018-01-19,2018-10-04,158.85,178.7023,179.7854,88.8908,88.3553,152.22,217.5,-26.9655,4.3555,25739600
2018-10-05,180,2018-01-22,2018-10-05,157.33,178.5534,179.6523,88.1137,87.5747,152.22,217.5,-27.6644,3.357,25744000
2018-10-08,180,2018-01-23,2018-10-08,157.25,178.3827,179.4961,88.1532,87.6064,152.22,217.5,-27.7011,3.3044,24046000
2018-10-09,180,2018-01-24,2018-10-09,157.9,178.197,179.3214,88.6098,88.0542,152.22,217.5,-27.4023,3.7314,18844400
2018-10-10,180,2018-01-25,2018-10-10,151.38,177.9775,179.126,85.0557,84.5103,151.38,217.5,-30.4,0.0,30610000
2018-10-11,180,2018-01-26,2018-10-11,153.35,177.7689,178.9364,86.2637,85.7009,151.38,217.5,-29.4943,1.3014,35338900
2018-10-12,180,2018-01-29,2018-10-12,153.74,177.5512,178.7349,86.5891,86.0156,151.38,217.5,-29.3149,1.559,25293500
2018-10-15,180,2018-01-30,2018-10-15,153.52,177.3523,178.5546,86.5622,85.9793,151.38,217.5,-29.4161,1.4137,15433500
2018-10-16,180,2018-01-31,2018-10-16,158.78,177.1858,178.3972,89.6122,89.0037,151.38,217.5,-26.9977,4.8884,19180100
2018-10-17,180,2018-02-01,2018-10-17,159.42,177.0251,178.2446,90.055,89.4389,151.38,217.5,-26.7034,5.3111,17592000
2018-10-18,180,2018-02-02,2018-10-18,154.92,176.8032,178.0325,87.6228,87.0178,151.38,217.5,-28.7724,2.3385,21675100
2018-10-19,180,2018-02-05,2018-10-19,154.05,176.5889,177.8312,87.2365,86.6271,151.38,217.5,-29.1724,1.7638,19761300
2018-10-22,180,2018-02-06,2018-10-22,154.78,176.4255,177.6841,87.7311,87.1096,151.38,217.5,-28.8368,2.246,15424700
2018-10-23,180,2018-02-07,2018-10-23,154.39,176.2388,177.5123,87.6027,86.9742,151.38,217.5,-29.0161,1.9884,19095000
2018-10-24,180,2018-02-08,2018-10-24,146.04,176.0152,177.3227,82.9701,82.3583,146.04,217.5,-32.8552,0.0,27744600
2018-10-25,180,2018-02-09,2018-10-25,150.95,175.8782,177.2081,85.8264,85.1824,146.04,217.5,-30.5977,3.3621,22105700
2018-10-26,180,2018-02-12,2018-10-26,145.37,175.6721,177.0373,82.7507,82.1126,145.37,217.5,-33.1632,0.0,31303300
2018-10-29,180,2018-02-13,2018-10-29,142.09,175.4377,176.8466,80.9917,80.3465,142.09,217.5,-34.6713,0.0,31336800
2018-10-30,180,2018-02-14,2018-10-30,146.22,175.256,176.697,83.4322,82.7518,142.09,217.5,-32.7724,2.9066,50528300
2018-10-31,180,2018-02-15,2018-10-31,151.79,175.0825,176.5429,86.6963,85.9791,142.09,217.5,-30.2115,6.8267,60101300
2018-11-01,180,2018-02-16,2018-11-01,151.75,174.9068,176.3862,86.7605,86.0328,142.09,217.5,-30.2299,6.7985,25640800
2018-11-02,180,2018-02-20,2018-11-02,150.35,174.7348,176.2362,86.0447,85.3117,142.09,217.5,-30.8736,5.8132,24708700
2018-11-05,180,2018-02-21,2018-11-05,148.68,174.5578,176.0843,85.1752,84.4368,142.09,217.5,-31.6414,4.6379,15971200
2018-11-06,180,2018-02-22,2018-11-06,149.94,174.3805,175.9289,85.9844,85.2276,142.09,217.5,-31.0621,5.5247,16667100
2018-11-07,180,2018-02-23,2018-11-07,151.53,174.2097,175.7764,86.9814,86.2061,142.09,217.5,-30.331,6.6437,21877400
2018-11-08,180,2018-02-26,2018-11-08,147.87,173.9896,175.5796,84.9878,84.2182,142.09,217.5,-32.0138,4.0678,24145800
2018-11-09,180,2018-02-27,2018-11-09,144.96,173.7392,175.3576,83.4354,82.6654,142.09,217.5,-33.3517,2.0199,17326900
2018-11-12,180,2018-02-28,2018-11-12,141.55,173.479,175.1358,81.5949,80.823,141.55,217.5,-34.9195,0.0,18542100
2018-11-13,180,2018-03-01,2018-11-13,142.16,173.2409,174.9349,82.0592,81.2645,141.55,217.5,-34.6391,0.4309,15141700
2018-11-14,180,2018-03-02,2018-11-14,144.22,173.0327,174.7587,83.3484,82.5252,141.55,217.5,-33.692,1.8863,22068400
2018-11-15,180,2018-03-05,2018-11-15,143.85,172.8184,174.5767,83.2377,82.3993,141.55,217.5,-33.8621,1.6249,30320300
2018-11-16,180,2018-03-06,2018-11-16,139.53,172.5494,174.3496,80.8638,80.0289,139.53,217.5,-35.8483,0.0,37250600
2018-11-19,180,2018-03-07,2018-11-19,131.55,172.2127,174.0817,76.3881,75.568,131.55,217.5,-39.5172,0.0,44362700
2018-11-20,180,2018-03-08,2018-11-20,132.43,171.8662,173.7968,77.0541,76.1982,131.55,217.5,-39.1126,0.6689,41939500
2018-11-21,180,2018-03-09,2018-11-21,134.82,171.5495,173.5328,78.5896,77.6914,131.55,217.5,-38.0138,2.4857,25469700
2018-11-23,180,2018-03-12,2018-11-23,131.73,171.1918,173.2356,76.9488,76.041,131.55,217.5,-39.4345,0.1368,11886100
2018-11-26,180,2018-03-13,2018-11-26,136.38,170.8798,172.9668,79.8105,78.8475,131.55,217.5,-37.2965,3.6716,24263600
2018-11-27,180,2018-03-14,2018-11-27,135.0,170.5706,172.7063,79.1461,78.1674,131.55,217.5,-37.931,2.6226,20750300
2018-11-28,180,2018-03-15,2018-11-28,136.76,170.2668,172.4428,80.321,79.3074,131.55,217.5,-37.1218,3.9605,29847500
2018-11-29,180,2018-03-16,2018-11-29,138.68,169.9819,172.1918,81.5852,80.5381,131.55,217.5,-36.2391,5.42,24238700
2018-11-30,180,2018-03-19,2018-11-30,140.61,169.708,171.9447,82.8541,81.7763,131.55,217.5,-35.3517,6.8871,25732600
2018-12-03,180,2018-03-20,2018-12-03,141.09,169.5014,171.7699,83.2382,82.139,131.55,217.5,-35.131,7.252,24819200
2018-12-04,180,2018-03-21,2018-12-04,137.93,169.2937,171.602,81.4738,80.3778,131.55,217.5,-36.5839,4.8499,30307400
2018-12-06,180,2018-03-22,2018-12-06,139.63,169.0936,171.4367,82.5756,81.447,131.55,217.5,-35.8023,6.1422,28218100
2018-12-07,180,2018-03-23,2018-12-07,137.42,168.9012,171.2841,81.3612,80.2293,131.55,217.5,-36.8184,4.4622,21195500
2018-12-10,180,2018-03-26,2018-12-10,141.85,168.7784,171.1866,84.0451,82.8628,131.55,217.5,-34.7816,7.8297,26422200
2018-12-11,180,2018-03-27,2018-12-11,142.08,168.6533,171.0867,84.2438,83.0456,131.55,217.5,-34.6759,8.0046,20300300
2018-12-12,180,2018-03-28,2018-12-12,144.5,168.5979,171.0438,85.7069,84.4813,131.55,217.5,-33.5632,9.8442,23696900
2018-12-13,180,2018-03-29,2018-12-13,145.01,168.5408,170.9993,86.0385,84.8015,131.55,217.5,-33.3287,10.2318,18148600
2018-12-14,180,2018-04-02,2018-12-14,144.06,168.4331,170.9119,85.5295,84.289,131.55,217.5,-33.7655,9.5097,21785800
2018-12-17,180,2018-04-03,2018-12-17,140.19,168.3232,170.8274,83.2862,82.0653,131.55,217.5,-35.5448,6.5678,24334000
2018-12-18,180,2018-04-04,2018-12-18,143.66,168.2358,170.7583,85.392,84.1306,131.55,217.5,-33.9494,9.2056,24709100
2018-12-19,180,2018-04-05,2018-12-19,133.24,168.0697,170.6368,79.2766,78.084,131.55,217.5,-38.7402,1.2847,57404900
2018-12-20,180,2018-04-06,2018-12-20,133.4,167.8784,170.4927,79.4623,78.2438,131.55,217.5,-38.6667,1.4063,40297900
2018-12-21,180,2018-04-09,2018-12-21,124.95,167.6217,170.3136,74.5429,73.3647,124.95,217.5,-42.5517,0.0,56901500
2018-12-24,180,2018-04-10,2018-12-24,124.06,167.3523,170.1254,74.131,72.9227,124.06,217.5,-42.9609,0.0,22066000
2018-12-26,180,2018-04-11,2018-12-26,134.18,167.1357,169.9539,80.282,78.9508,124.06,217.5,-38.308,8.1573,39723400
2018-12-27,180,2018-04-12,2018-12-27,134.52,166.9155,169.7773,80.5917,79.2332,124.06,217.5,-38.1517,8.4314,31202500
2018-12-28,180,2018-04-13,2018-12-28,133.2,166.6983,169.6069,79.9049,78.5345,124.06,217.5,-38.7586,7.3674,22627600
2018-12-31,180,2018-04-16,2018-12-31,131.09,166.4593,169.4212,78.752,77.3752,124.06,217.5,-39.7287,5.6666,24625300
2019-01-02,180,2018-04-17,2019-01-02,135.68,166.2589,169.2592,81.6077,80.1611,124.06,217.5,-37.6184,9.3664,28146200
2019-01-03,180,2018-04-18,2019-01-03,131.74,166.0041,169.0541,79.3595,77.9277,124.06,217.5,-39.4299,6.1906,22717900
2019-01-04,180,2018-04-19,2019-01-04,137.95,165.8148,168.8963,83.1952,81.6773,124.06,217.5,-36.5747,11.1962,29002100
2019-01-07,180,2018-04-20,2019-01-07,138.05,165.6173,168.7293,83.3548,81.8174,124.06,217.5,-36.5287,11.2768,20089300
2019-01-08,180,2018-04-23,2019-01-08,142.53,165.4647,168.5974,86.1392,84.5387,124.06,217.5,-34.469,14.888,26263800
2019-01-09,180,2018-04-24,2019-01-09,144.23,165.3274,168.4773,87.239,85.608,124.06,217.5,-33.6874,16.2583,22205900
2019-01-10,180,2018-04-25,2019-01-10,144.2,165.2253,168.3913,87.2748,85.6339,124.06,217.5,-33.7012,16.2341,16125000
2019-01-11,180,2018-04-26,2019-01-11,143.8,165.1204,168.303,87.088,85.4411,124.06,217.5,-33.8851,15.9117,12908000
2019-01-14,180,2018-04-27,2019-01-14,145.39,164.9485,168.1432,88.1427,86.468,124.06,217.5,-33.154,17.1933,20520300
2019-01-15,180,2018-04-30,2019-01-15,148.95,164.8046,168.0063,90.3798,88.6574,124.06,217.5,-31.5172,20.0629,24069000
2019-01-16,180,2018-05-01,2019-01-16,147.54,164.6593,167.8704,89.6032,87.8892,124.06,217.5,-32.1655,18.9263,18025700
2019-01-17,180,2018-05-02,2019-01-17,148.3,164.5101,167.7284,90.1465,88.4168,124.06,217.5,-31.8161,19.5389,15787900
2019-01-18,180,2018-05-03,2019-01-18,150.04,164.3621,167.5838,91.2863,89.5313,124.06,217.5,-31.0161,20.9415,31029600
2019-01-22,180,2018-05-04,2019-01-22,147.57,164.2076,167.4368,89.8679,88.1347,124.06,217.5,-32.1517,18.9505,22378700
2019-01-23,180,2018-05-07,2019-01-23,144.3,164.0179,167.2573,87.9782,86.2742,124.06,217.5,-33.6552,16.3147,20098400
2019-01-24,180,2018-05-08,2019-01-24,145.83,163.8331,167.0788,89.0113,87.2822,124.06,217.5,-32.9517,17.548,20955500
2019-01-25,180,2018-05-09,2019-01-25,149.01,163.6659,166.9126,91.0452,89.2743,124.06,217.5,-31.4897,20.1112,22237200
2019-01-28,180,2018-05-10,2019-01-28,147.47,163.4718,166.7171,90.2113,88.4552,124.06,217.5,-32.1977,18.8699,15508500
2019-01-29,180,2018-05-11,2019-01-29,144.19,163.2427,166.4874,88.3286,86.6071,124.06,217.5,-33.7057,16.226,17632100
2019-01-30,180,2018-05-14,2019-01-30,150.42,163.0504,166.2843,92.2537,90.4595,124.06,217.5,-30.8414,21.2478,44613200
2019-01-31,180,2018-05-15,2019-01-31,166.69,162.9557,166.1734,102.2916,100.3109,124.06,217.5,-23.3609,34.3624,77233600
2019-02-01,180,2018-05-16,2019-02-01,165.71,162.8659,166.0701,101.7463,99.7832,124.06,217.5,-23.8115,33.5725,30806500
2019-02-04,180,2018-05-17,2019-02-04,169.25,162.7996,165.9926,103.9622,101.9624,124.06,217.5,-22.1839,36.4259,20036000
2019-02-05,180,2018-05-18,2019-02-05,171.16,162.7407,165.9226,105.1735,103.1566,124.06,217.5,-21.3057,37.9655,22557000
2019-02-06,180,2018-05-21,2019-02-06,170.49,162.6831,165.8548,104.7988,102.7947,124.06,217.5,-21.6138,37.4254,13281200
2019-02-07,180,2018-05-22,2019-02-07,166.38,162.5964,165.7542,102.327,100.3775,124.06,217.5,-23.5034,34.1125,17517600
2019-02-08,180,2018-05-23,2019-02-08,167.33,162.5178,165.6627,102.961,101.0064,124.06,217.5,-23.0667,34.8783,12561400
2019-02-11,180,2018-05-24,2019-02-11,165.79,162.4179,165.5454,102.0762,100.1477,124.06,217.5,-23.7747,33.6369,12811200
2019-02-12,180,2018-05-25,2019-02-12,165.04,162.3182,165.4294,101.6768,99.7646,124.06,217.5,-24.1195,33.0324,16292300
2019-02-13,180,2018-05-29,2019-02-13,164.07,162.2176,165.3136,101.1419,99.2478,124.06,217.5,-24.5655,32.2505,14205100
2019-02-14,180,2018-05-30,2019-02-14,163.95,162.1131,165.1925,101.1331,99.2478,124.06,217.5,-24.6207,32.1538,12755200
2019-02-15,180,2018-05-31,2019-02-15,162.5,161.9927,165.0527,100.3132,98.4534,124.06,217.5,-25.2874,30.985,15504400
2019-02-19,180,2018-06-01,2019-02-19,162.29,161.8547,164.8888,100.269,98.4239,124.06,217.5,-25.3839,30.8157,14345400
2019-02-20,180,2018-06-04,2019-02-20,162.56,161.7097,164.7142,100.5258,98.6921,124.06,217.5,-25.2598,31.0334,11770700
2019-02-21,180,2018-06-05,2019-02-21,160.04,161.5538,164.5296,99.063,97.2713,124.06,217.5,-26.4184,29.0021,15607800
2019-02-22,180,2018-06-06,2019-02-22,161.89,161.4098,164.3571,100.2975,98.499,124.06,217.5,-25.5678,30.4933,15858500
2019-02-25,180,2018-06-07,2019-02-25,164.62,161.2871,164.2086,102.0664,100.2505,124.06,217.5,-24.3126,32.6939,18737100
2019-02-26,180,2018-06-08,2019-02-26,164.13,161.1746,164.075,101.8336,100.0335,124.06,217.5,-24.5379,32.2989,13784100
2019-02-27,180,2018-06-11,2019-02-27,162.81,161.0515,163.9289,101.0919,99.3174,124.06,217.5,-25.1448,31.2349,12697500
2019-02-28,180,2018-06-12,2019-02-28,161.45,160.9114,163.7618,100.3347,98.5883,124.06,217.5,-25.7701,30.1386,11114200
2019-03-01,180,2018-06-13,2019-03-01,162.28,160.7728,163.5944,100.9375,99.1965,124.06,217.5,-25.3885,30.8077,11097800
2019-03-04,180,2018-06-14,2019-03-04,167.37,160.6612,163.4553,104.1758,102.3949,124.06,217.5,-23.0483,34.9105,18894700
2019-03-05,180,2018-06-15,2019-03-05,171.26,160.5525,163.3134,106.6691,104.8659,124.06,217.5,-21.2598,38.0461,28187900
2019-03-06,180,2018-06-18,2019-03-06,172.51,160.4537,163.1837,107.5139,105.7152,124.06,217.5,-20.6851,39.0537,21531700
2019-03-07,180,2018-06-19,2019-03-07,169.13,160.3293,163.0216,105.4891,103.747,124.06,217.5,-22.2391,36.3292,18306500
2019-03-08,180,2018-06-20,2019-03-08,169.6,160.2105,162.8667,105.8607,104.1343,124.06,217.5,-22.023,36.7081,13184800
2019-03-11,180,2018-06-21,2019-03-11,172.07,160.0878,162.7004,107.4848,105.7588,124.06,217.5,-20.8874,38.699,18884000
2019-03-12,180,2018-06-22,2019-03-12,171.92,159.9663,162.5361,107.4726,105.7735,124.06,217.5,-20.9563,38.5781,12155300
2019-03-13,180,2018-06-25,2019-03-13,173.37,159.8511,162.3784,108.4572,106.7691,124.06,217.5,-20.2897,39.7469,11973300
2019-03-14,180,2018-06-26,2019-03-14,170.17,159.74,162.233,106.5294,104.8923,124.06,217.5,-21.7609,37.1675,18037400
2019-03-15,180,2018-06-27,2019-03-15,165.98,159.5984,162.0496,103.9986,102.4255,124.06,217.5,-23.6874,33.7901,37135400
2019-03-18,180,2018-06-28,2019-03-18,160.47,159.4393,161.8531,100.6465,99.1455,124.06,217.5,-26.2207,29.3487,37524200
2019-03-19,180,2018-06-29,2019-03-19,161.57,159.285,161.6605,101.4345,99.944,124.06,217.5,-25.7149,30.2354,25611500
2019-03-20,180,2018-07-02,2019-03-20,165.44,159.1585,161.5001,103.9467,102.4396,124.06,217.5,-23.9356,33.3548,20211500
2019-03-21,180,2018-07-03,2019-03-21,166.08,159.0243,161.3263,104.4369,102.9467,124.06,217.5,-23.6414,33.8707,16223000
2019-03-22,180,2018-07-05,2019-03-22,164.34,158.8985,161.1686,103.4245,101.9678,124.06,217.5,-24.4414,32.4682,16389200
2019-03-25,180,2018-07-06,2019-03-25,166.29,158.7619,160.9899,104.7418,103.2922,124.06,217.5,-23.5448,34.04,12631200
2019-03-26,180,2018-07-09,2019-03-26,167.68,158.6159,160.7924,105.7145,104.2835,124.06,217.5,-22.9058,35.1604,15437900
2019-03-27,180,2018-07-10,2019-03-27,165.87,158.4561,160.5764,104.6788,103.2966,124.06,217.5,-23.7379,33.7014,10620300
2019-03-28,180,2018-07-11,2019-03-28,165.55,158.299,160.3654,104.5806,103.233,124.06,217.5,-23.8851,33.4435,10443000
2019-03-29,180,2018-07-12,2019-03-29,166.69,158.1513,160.1662,105.3991,104.0731,124.06,217.5,-23.3609,34.3624,13455500
2019-04-01,180,2018-07-13,2019-04-01,168.7,157.9993,159.9539,106.7726,105.4679,124.06,217.5,-22.4368,35.9826,10381500
2019-04-02,180,2018-07-16,2019-04-02,174.2,157.8723,159.7699,110.3424,109.0318,124.06,217.5,-19.908,40.4159,23946500
2019-04-03,180,2018-07-17,2019-04-03,173.54,157.7426,159.5827,110.0146,108.7461,124.06,217.5,-20.2115,39.8839,27391100
2019-04-04,180,2018-07-18,2019-04-04,176.02,157.6157,159.394,111.6767,110.4308,124.06,217.5,-19.0713,41.883,17847700
2019-04-05,180,2018-07-19,2019-04-05,175.72,157.4896,159.2071,111.5756,110.372,124.06,217.5,-19.2092,41.6411,9594100
2019-04-08,180,2018-07-20,2019-04-08,174.93,157.3642,159.0229,111.1625,110.003,124.06,217.5,-19.5724,41.0043,7297400
2019-04-09,180,2018-07-23,2019-04-09,177.58,157.2448,158.8431,112.9322,111.7958,124.06,217.5,-18.354,43.1404,19751000
2019-04-10,180,2018-07-24,2019-04-10,177.82,157.1237,158.6593,113.172,112.0767,124.06,217.5,-18.2437,43.3339,11701500
2019-04-11,180,2018-07-25,2019-04-11,177.51,156.9901,158.4528,113.0708,112.027,124.06,217.5,-18.3862,43.084,8071000
2019-04-12,180,2018-07-26,2019-04-12,179.1,156.8552,158.2395,114.1817,113.1829,124.06,185.69,-3.5489,44.3656,12329800
2019-04-15,180,2018-07-27,2019-04-15,179.65,156.8699,158.2583,114.5217,113.5169,124.06,185.69,-3.2527,44.809,10834800
2019-04-16,180,2018-07-30,2019-04-16,178.87,156.8873,158.2804,114.0118,113.0083,124.06,185.69,-3.6728,44.1802,11215200
2019-04-17,180,2018-07-31,2019-04-17,178.78,156.9218,158.3233,113.9294,112.9208,124.06,185.69,-3.7213,44.1077,9973700
2019-04-18,180,2018-08-01,2019-04-18,178.28,156.9472,158.355,113.5924,112.5825,124.06,185.69,-3.9905,43.7047,11655600
2019-04-22,180,2018-08-02,2019-04-22,181.44,156.9902,158.4094,115.5741,114.5387,124.06,185.69,-2.2888,46.2518,13389900
2019-04-23,180,2018-08-03,2019-04-23,183.78,157.0215,158.4506,117.0413,115.9857,124.06,185.69,-1.0286,48.138,19954800
2019-04-24,180,2018-08-06,2019-04-24,182.58,157.0417,158.4772,116.2621,115.209,124.06,185.69,-1.6748,47.1707,37289900
2019-04-25,180,2018-08-07,2019-04-25,193.26,157.0707,158.5193,123.0402,121.9158,124.06,193.26,0.0,55.7795,54148800
2019-04-26,180,2018-08-08,2019-04-26,191.49,157.1006,158.5619,121.8901,120.7667,124.06,193.26,-0.9159,54.3527,22075000
2019-04-29,180,2018-08-09,2019-04-29,194.78,157.1371,158.6153,123.9555,122.8003,124.06,194.78,0.0,57.0047,19641300
2019-04-30,180,2018-08-10,2019-04-30,193.4,157.177,158.6726,123.046,121.8862,124.06,194.78,-0.7085,55.8923,23494700
2019-05-01,180,2018-08-13,2019-05-01,193.03,157.2274,158.7435,122.7712,121.5987,124.06,194.78,-0.8984,55.5941,15996600
2019-05-02,180,2018-08-14,2019-05-02,192.53,157.2769,158.8128,122.4147,121.2308,124.06,194.78,-1.1551,55.191,13209500
2019-05-03,180,2018-08-15,2019-05-03,195.47,157.3326,158.8926,124.24,123.0202,124.06,195.47,0.0,57.5609,14575400
2019-05-06,180,2018-08-16,2019-05-06,193.88,157.3893,158.9723,123.185,121.9583,124.06,195.47,-0.8134,56.2792,13994900
2019-05-07,180,2018-08-17,2019-05-07,189.77,157.4519,159.0561,120.5257,119.3101,124.06,195.47,-2.916,52.9663,16253000
2019-05-08,180,2018-08-20,2019-05-08,189.54,157.5178,159.1435,120.3293,119.1001,124.06,195.47,-3.0337,52.7809,12505700
2019-05-09,180,2018-08-21,2019-05-09,188.65,157.5862,159.2332,119.7123,118.474,124.06,195.47,-3.489,52.0635,12967000
2019-05-10,180,2018-08-22,2019-05-10,188.34,157.6529,159.3206,119.4649,118.2145,124.06,195.47,-3.6476,51.8136,12578500
2019-05-13,180,2018-08-23,2019-05-13,181.54,157.6875,159.3644,115.1264,113.915,124.06,195.47,-7.1264,46.3324,16833300
2019-05-14,180,2018-08-24,2019-05-14,180.73,157.7222,159.4079,114.5876,113.3758,124.06,195.47,-7.5408,45.6795,17628100
2019-05-15,180,2018-08-27,2019-05-15,186.27,157.7716,159.4725,118.0631,116.8038,124.06,195.47,-4.7066,50.1451,16746900
2019-05-16,180,2018-08-28,2019-05-16,186.99,157.8113,159.5254,118.4896,117.2164,124.06,195.47,-4.3383,50.7255,12953100
2019-05-17,180,2018-08-29,2019-05-17,185.3,157.8496,159.5757,117.3902,116.1205,124.06,195.47,-5.2028,49.3632,10485400
2019-05-20,180,2018-08-30,2019-05-20,182.72,157.879,159.6136,115.7342,114.4765,124.06,195.47,-6.5227,47.2836,10352000
2019-05-21,180,2018-08-31,2019-05-21,184.82,157.9092,159.6534,117.0419,115.7632,124.06,195.47,-5.4484,48.9763,7502800
2019-05-22,180,2018-09-04,2019-05-22,185.32,157.9501,159.7067,117.3282,116.0377,124.06,195.47,-5.1926,49.3793,9213800
2019-05-23,180,2018-09-05,2019-05-23,180.87,157.9935,159.7607,114.4794,113.2131,124.06,195.47,-7.4692,45.7924,12768800
2019-05-24,180,2018-09-06,2019-05-24,181.06,158.0572,159.8378,114.5535,113.2773,124.06,195.47,-7.372,45.9455,8807700
2019-05-28,180,2018-09-07,2019-05-28,184.31,158.1581,159.9588,116.5353,115.2234,124.06,195.47,-5.7093,48.5652,14843300
2019-05-29,180,2018-09-10,2019-05-29,182.19,158.2478,160.0652,115.1296,113.8224,124.06,195.47,-6.7939,46.8564,12797700
2019-05-30,180,2018-09-11,2019-05-30,183.01,158.335,160.1698,115.584,114.26,124.06,195.47,-6.3744,47.5173,8581500
2019-05-31,180,2018-09-12,2019-05-31,177.47,158.3896,160.2338,112.0465,110.7569,124.06,195.47,-9.2086,43.0518,15226500
2019-06-03,180,2018-09-13,2019-06-03,164.15,158.4008,160.2458,103.6295,102.4364,124.06,195.47,-16.0229,32.315,56059600
2019-06-04,180,2018-09-14,2019-06-04,167.5,158.4325,160.2799,105.7233,104.5047,124.06,195.47,-14.3091,35.0153,46044300
2019-06-05,180,2018-09-17,2019-06-05,168.17,158.4624,160.3124,106.1261,104.9014,124.06,195.47,-13.9663,35.5554,19758300
2019-06-06,180,2018-09-18,2019-06-06,168.33,158.5024,160.3554,106.2003,104.9731,124.06,195.47,-13.8845,35.6844,12446400
2019-06-07,180,2018-09-19,2019-06-07,173.35,158.568,160.4279,109.3222,108.0547,124.06,195.47,-11.3163,39.7308,16917300
2019-06-10,180,2018-09-20,2019-06-10,174.82,158.6256,160.4933,110.2092,108.9267,124.06,195.47,-10.5643,40.9157,14767900
2019-06-11,180,2018-09-21,2019-06-11,178.1,158.6827,160.5604,112.2365,110.924,124.06,195.47,-8.8863,43.5596,15266600
2019-06-12,180,2018-09-24,2019-06-12,175.04,158.7422,160.6277,110.2669,108.9725,124.06,195.47,-10.4517,41.093,17699800
2019-06-13,180,2018-09-25,2019-06-13,177.47,158.7997,160.6947,111.7571,110.4393,124.06,195.47,-9.2086,43.0518,12253600
2019-06-14,180,2018-09-26,2019-06-14,181.33,158.8767,160.7859,114.1326,112.7773,124.06,195.47,-7.2338,46.1632,16773700
2019-06-17,180,2018-09-27,2019-06-17,189.01,158.9748,160.9084,118.8931,117.4643,124.06,195.47,-3.3049,52.3537,29459900
2019-06-18,180,2018-09-28,2019-06-18,188.47,159.0614,161.0175,118.4888,117.0494,124.06,195.47,-3.5811,51.9184,37571400
2019-06-19,180,2018-10-01,2019-06-19,187.48,159.1664,161.1454,117.7886,116.3421,124.06,195.47,-4.0876,51.1204,21417100
2019-06-20,180,2018-10-02,2019-06-20,189.53,159.2904,161.2959,118.984,117.5045,124.06,195.47,-3.0388,52.7729,14635700
2019-06-21,180,2018-10-03,2019-06-21,191.14,159.4377,161.4726,119.8838,118.373,124.06,195.47,-2.2152,54.0706,22751200
2019-06-24,180,2018-10-04,2019-06-24,192.6,159.5741,161.6402,120.6963,119.1535,124.06,195.47,-1.4683,55.2475,15509000
2019-06-25,180,2018-10-05,2019-06-25,188.84,159.7156,161.8068,118.2351,116.7071,124.06,195.47,-3.3918,52.2167,16750300
2019-06-26,180,2018-10-08,2019-06-26,187.66,159.8613,161.9753,117.3892,115.8571,124.06,195.47,-3.9955,51.2655,12808600
2019-06-27,180,2018-10-09,2019-06-27,189.5,160.0151,162.1545,118.4263,116.8639,124.06,195.47,-3.0542,52.7487,11159000
2019-06-28,180,2018-10-10,2019-06-28,193.0,160.1791,162.3495,120.4901,118.8793,124.06,195.47,-1.2636,55.5699,16378900
2019-07-01,180,2018-10-11,2019-07-01,193.0,160.3825,162.5807,120.3374,118.7103,124.06,195.47,-1.2636,55.5699,14181800
2019-07-02,180,2018-10-12,2019-07-02,195.0,160.5817,162.8121,121.4335,119.77,124.06,195.47,-0.2404,57.182,9050000
2019-07-03,180,2018-10-15,2019-07-03,197.2,160.7874,163.0536,122.6464,120.9419,124.06,197.2,0.0,58.9553,10246100
2019-07-05,180,2018-10-16,2019-07-05,196.4,160.9919,163.2918,121.9937,120.2755,124.06,197.2,-0.4057,58.3105,11164100
2019-07-08,180,2018-10-17,2019-07-08,195.76,161.1634,163.4972,121.4668,119.7329,124.06,197.2,-0.7302,57.7946,9723900
2019-07-09,180,2018-10-18,2019-07-09,199.21,161.3444,163.7183,123.4688,121.6785,124.06,199.21,0.0,60.5755,14698600
2019-07-10,180,2018-10-19,2019-07-10,202.73,161.5648,163.9839,125.479,123.628,124.06,202.73,0.0,63.4129,20571700
2019-07-11,180,2018-10-22,2019-07-11,201.23,161.7858,164.246,124.3805,122.5174,124.06,202.73,-0.7399,62.2038,13678500
2019-07-12,180,2018-10-23,2019-07-12,204.87,162.0159,164.5243,126.4506,124.5227,124.06,204.87,0.0,65.1378,15366300
2019-07-15,180,2018-10-24,2019-07-15,203.91,162.2456,164.7994,125.6799,123.7323,124.06,204.87,-0.4686,64.364,16030300
2019-07-16,180,2018-10-25,2019-07-16,203.84,162.53,165.1205,125.4168,123.4492,124.06,204.87,-0.5028,64.3076,12132700
2019-07-17,180,2018-10-26,2019-07-17,201.8,162.7754,165.403,123.9745,122.005,124.06,204.87,-1.4985,62.6632,12083700
2019-07-18,180,2018-10-29,2019-07-18,200.78,163.0553,165.7108,123.1361,121.1629,124.06,204.87,-1.9964,61.841,11937900
2019-07-19,180,2018-10-30,2019-07-19,198.36,163.3507,166.0234,121.432,119.4771,124.06,204.87,-3.1776,59.8904,12098300
2019-07-22,180,2018-10-31,2019-07-22,202.32,163.6323,166.3351,123.6431,121.634,124.06,204.87,-1.2447,63.0824,13589000
2019-07-23,180,2018-11-01,2019-07-23,202.36,163.8776,166.6161,123.4824,121.4529,124.06,204.87,-1.2252,63.1146,14583700
2019-07-24,180,2018-11-02,2019-07-24,204.66,164.1322,166.91,124.6922,122.617,124.06,204.87,-0.1025,64.9686,32532500
2019-07-25,180,2018-11-05,2019-07-25,200.71,164.3823,167.1898,122.0995,120.0492,124.06,204.87,-2.0306,61.7846,39889900
2019-07-26,180,2018-11-06,2019-07-26,199.75,164.6409,167.4735,121.3247,119.2726,124.06,204.87,-2.4991,61.0108,24434000
2019-07-29,180,2018-11-07,2019-07-29,195.94,164.877,167.7291,118.8401,116.8194,124.06,204.87,-4.3589,57.9397,16530800
2019-07-30,180,2018-11-08,2019-07-30,197.04,165.1075,167.9819,119.3404,117.2984,124.06,204.87,-3.8219,58.8264,11903600
2019-07-31,180,2018-11-09,2019-07-31,194.23,165.3523,168.2394,117.4643,115.4485,124.06,204.87,-5.1935,56.5613,14593500
2019-08-01,180,2018-11-12,2019-08-01,192.73,165.6125,168.5048,116.3741,114.3765,124.06,204.87,-5.9257,55.3522,17777000
2019-08-02,180,2018-11-13,2019-08-02,189.02,165.8832,168.7686,113.9476,111.9995,124.06,204.87,-7.7366,52.3618,15297000
2019-08-05,180,2018-11-14,2019-08-05,181.73,166.1177,168.9884,109.3983,107.5399,124.06,204.87,-11.295,46.4856,23086700
2019-08-06,180,2018-11-15,2019-08-06,184.51,166.3502,169.2122,110.9166,109.0406,124.06,204.87,-9.938,48.7264,18035700
2019-08-07,180,2018-11-16,2019-08-07,185.15,166.5889,169.4417,111.1419,109.2706,124.06,204.87,-9.6256,49.2423,15833200
2019-08-08,180,2018-11-19,2019-08-08,190.16,166.8836,169.7229,113.9477,112.0414,124.06,204.87,-7.1802,53.2807,14828900
2019-08-09,180,2018-11-20,2019-08-09,187.85,167.2369,170.0357,112.3257,110.4768,124.06,204.87,-8.3077,51.4187,11058800
2019-08-12,180,2018-11-21,2019-08-12,185.37,167.5726,170.3298,110.6207,108.83,124.06,204.87,-9.5182,49.4196,10930900
2019-08-13,180,2018-11-23,2019-08-13,188.45,167.9026,170.6278,112.2377,110.4451,124.06,204.87,-8.0148,51.9023,13577000
2019-08-14,180,2018-11-26,2019-08-14,179.71,168.2206,170.8943,106.83,105.1586,124.06,204.87,-12.281,44.8573,18903700
2019-08-15,180,2018-11-27,2019-08-15,182.59,168.5129,171.1511,108.3538,106.6835,124.06,204.87,-10.8752,47.1788,12925900
2019-08-16,180,2018-11-28,2019-08-16,183.7,168.8232,171.4216,108.812,107.1627,124.06,204.87,-10.3334,48.0735,12654600
2019-08-19,180,2018-11-29,2019-08-19,186.17,169.1311,171.6961,110.0744,108.4299,124.06,204.87,-9.1277,50.0645,9691200
2019-08-20,180,2018-11-30,2019-08-20,183.81,169.4129,171.9468,108.4982,106.8993,124.06,204.87,-10.2797,48.1622,10083400
2019-08-21,180,2018-12-03,2019-08-21,183.55,169.6786,172.1854,108.1751,106.6002,124.06,204.87,-10.4066,47.9526,8398200
2019-08-22,180,2018-12-04,2019-08-22,182.04,169.934,172.4129,107.1239,105.5838,124.06,204.87,-11.1437,46.7354,10821400
2019-08-23,180,2018-12-06,2019-08-23,177.75,170.195,172.6341,104.4391,102.9634,124.06,204.87,-13.2377,43.2774,17323400
2019-08-26,180,2018-12-07,2019-08-26,180.36,170.4556,172.8604,105.8105,104.3385,124.06,204.87,-11.9637,45.3813,8773600
2019-08-27,180,2018-12-10,2019-08-27,181.3,170.7404,173.1042,106.1846,104.7346,124.06,204.87,-11.5049,46.139,14399600
2019-08-28,180,2018-12-11,2019-08-28,181.76,170.9915,173.3259,106.2977,104.866,124.06,204.87,-11.2803,46.5098,9386100
2019-08-29,180,2018-12-12,2019-08-29,185.57,171.2598,173.5675,108.3558,106.9152,124.06,204.87,-9.4206,49.5809,10128700
2019-08-30,180,2018-12-13,2019-08-30,185.67,171.5102,173.7962,108.2559,106.832,124.06,204.87,-9.3718,49.6615,10774500
2019-09-03,180,2018-12-14,2019-09-03,182.39,171.7415,174.0039,106.2003,104.8195,124.06,204.87,-10.9728,47.0176,9779400
2019-09-04,180,2018-12-17,2019-09-04,187.14,172.0037,174.2432,108.8,107.4016,124.06,204.87,-8.6543,50.8464,11308000
2019-09-05,180,2018-12-18,2019-09-05,190.9,172.3157,174.5249,110.785,109.3826,124.06,204.87,-6.819,53.8772,13876700
2019-09-06,180,2018-12-19,2019-09-06,187.49,172.5846,174.7684,108.6366,107.2791,124.06,204.87,-8.4834,51.1285,15226800
2019-09-09,180,2018-12-20,2019-09-09,188.76,172.9507,175.0769,109.1409,107.8155,124.06,204.87,-7.8635,52.1522,14722400
2019-09-10,180,2018-12-21,2019-09-10,186.17,173.3045,175.3701,107.4236,106.1584,124.06,204.87,-9.1277,50.0645,15455900
2019-09-11,180,2018-12-24,2019-09-11,188.49,173.7558,175.7231,108.4798,107.2654,124.06,204.87,-7.9953,51.9346,11761700
2019-09-12,180,2018-12-26,2019-09-12,187.47,174.2143,176.0753,107.6088,106.4715,131.09,204.87,-8.4932,43.0086,11419800
2019-09-13,180,2018-12-27,2019-09-13,187.19,174.5709,176.3698,107.2286,106.1349,131.09,204.87,-8.6299,42.795,11441100
2019-09-16,180,2018-12-28,2019-09-16,186.22,174.921,176.6571,106.4595,105.4133,131.09,204.87,-9.1033,42.0551,8444800
2019-09-17,180,2018-12-31,2019-09-17,188.08,175.2942,176.9619,107.2939,106.2827,131.09,204.87,-8.1954,43.474,9671100
2019-09-18,180,2019-01-02,2019-09-18,188.14,175.69,177.2789,107.0864,106.1266,131.74,204.87,-8.1662,42.8116,9681900
2019-09-19,180,2019-01-03,2019-09-19,190.14,176.0527,177.5814,108.0017,107.072,131.74,204.87,-7.1899,44.3297,10392700
2019-09-20,180,2019-01-04,2019-09-20,189.93,176.4541,177.9047,107.6371,106.7594,137.95,204.87,-7.2924,37.6803,19934200
2019-09-23,180,2019-01-07,2019-09-23,186.82,176.7827,178.1762,105.6778,104.8513,138.05,204.87,-8.8105,35.3278,13327600
2019-09-24,180,2019-01-08,2019-09-24,181.28,177.0831,178.4164,102.37,101.605,142.53,204.87,-11.5146,27.1873,18546600
2019-09-25,180,2019-01-09,2019-09-25,182.8,177.3528,178.6401,103.0714,102.3286,143.8,204.87,-10.7727,27.121,18068300
2019-09-26,180,2019-01-10,2019-09-26,180.11,177.5945,178.8394,101.4164,100.7104,143.8,204.87,-12.0857,25.2503,16083300
2019-09-27,180,2019-01-11,2019-09-27,177.1,177.8205,179.0222,99.5948,98.9263,143.8,204.87,-13.5549,23.1572,14656200
2019-09-30,180,2019-01-14,2019-09-30,178.08,178.056,179.2127,100.0135,99.368,144.19,204.87,-13.0766,23.5037,10740000
2019-10-01,180,2019-01-15,2019-10-01,175.81,178.2659,179.3817,98.6224,98.0089,144.19,204.87,-14.1846,21.9294,17073000
2019-10-02,180,2019-01-16,2019-10-02,174.6,178.4402,179.5242,97.8479,97.2571,144.19,204.87,-14.7752,21.0902,16151700
2019-10-03,180,2019-01-17,2019-10-03,179.38,178.6532,179.7011,100.4068,99.8213,144.19,204.87,-12.442,24.4053,16086300
2019-10-04,180,2019-01-18,2019-10-04,180.45,178.8665,179.8797,100.8853,100.3171,144.19,204.87,-11.9198,25.1474,10430200
2019-10-07,180,2019-01-22,2019-10-07,179.68,179.0621,180.0443,100.3451,99.7976,144.19,204.87,-12.2956,24.6134,9178300
2019-10-08,180,2019-01-23,2019-10-08,177.75,179.2673,180.212,99.1536,98.6338,144.19,204.87,-13.2377,23.2748,9466900
2019-10-09,180,2019-01-24,2019-10-09,179.85,179.5122,180.4095,100.1882,99.6899,144.19,204.87,-12.2126,24.7313,7556900
2019-10-10,180,2019-01-25,2019-10-10,180.03,179.7457,180.5995,100.1582,99.6847,144.19,204.87,-12.1248,24.8561,8605000
2019-10-11,180,2019-01-28,2019-10-11,184.19,179.9761,180.7949,102.3414,101.8778,144.19,204.87,-10.0942,27.7412,14930500
2019-10-14,180,2019-01-29,2019-10-14,183.28,180.2148,180.9939,101.7008,101.2631,144.19,204.87,-10.5384,27.1101,7006000
2019-10-15,180,2019-01-30,2019-10-15,188.89,180.5114,181.2422,104.6416,104.2196,150.42,204.87,-7.8001,25.5751,15039100
2019-10-16,180,2019-01-31,2019-10-16,189.55,180.7602,181.4596,104.8627,104.4585,160.04,204.87,-7.4779,18.4391,10516900
2019-10-17,180,2019-02-01,2019-10-17,190.39,180.8959,181.5913,105.2484,104.8453,160.04,204.87,-7.0679,18.964,9603000
2019-10-18,180,2019-02-04,2019-10-18,185.85,181.0148,181.7032,102.6711,102.2822,160.04,204.87,-9.2839,16.1272,16874200
2019-10-21,180,2019-02-05,2019-10-21,189.76,181.1312,181.8171,104.7639,104.3686,160.04,204.87,-7.3754,18.5704,8122600
2019-10-22,180,2019-02-06,2019-10-22,182.34,181.1965,181.8792,100.6311,100.2533,160.04,204.87,-10.9972,13.934,19537600
2019-10-23,180,2019-02-07,2019-10-23,186.15,181.2865,181.9662,102.6827,102.2992,160.04,204.87,-9.1375,16.3147,12300400
2019-10-24,180,2019-02-08,2019-10-24,186.38,181.4044,182.0773,102.7428,102.3631,160.04,204.87,-9.0252,16.4584,11413500
2019-10-25,180,2019-02-11,2019-10-25,187.89,181.524,182.1916,103.507,103.1277,160.04,204.87,-8.2882,17.4019,8061200
2019-10-28,180,2019-02-12,2019-10-28,189.4,181.6617,182.3227,104.2597,103.8817,160.04,204.87,-7.5511,18.3454,13657900
2019-10-29,180,2019-02-13,2019-10-29,189.31,181.8043,182.4576,104.1285,103.7556,160.04,204.87,-7.5951,18.2892,13574900
2019-10-30,180,2019-02-14,2019-10-30,188.25,181.9481,182.5919,103.4635,103.0988,160.04,204.87,-8.1125,17.6268,28734600
2019-10-31,180,2019-02-15,2019-10-31,191.65,182.1104,182.7458,105.2383,104.8725,160.04,204.87,-6.4529,19.7513,42286500
2019-11-01,180,2019-02-19,2019-11-01,193.62,182.2928,182.9187,106.2137,105.8503,160.04,204.87,-5.4913,20.9823,21711800
2019-11-04,180,2019-02-20,2019-11-04,194.72,182.4825,183.0988,106.7061,106.3469,160.04,204.87,-4.9544,21.6696,16371300
2019-11-05,180,2019-02-21,2019-11-05,194.32,182.6687,183.2753,106.3784,106.0263,160.04,204.87,-5.1496,21.4197,9942000
2019-11-06,180,2019-02-22,2019-11-06,191.55,182.8594,183.4503,104.7526,104.4152,160.47,204.87,-6.5017,19.3681,10973000
2019-11-07,180,2019-02-25,2019-11-07,190.42,183.0315,183.6088,104.0367,103.7096,160.47,204.87,-7.0533,18.6639,13473000
2019-11-08,180,2019-02-26,2019-11-08,190.84,183.187,183.7545,104.1777,103.856,160.47,204.87,-6.8482,18.9257,10760800
2019-11-11,180,2019-02-27,2019-11-11,189.61,183.3398,183.8961,103.42,103.1072,160.47,204.87,-7.4486,18.1592,8631200
2019-11-12,180,2019-02-28,2019-11-12,194.47,183.5267,184.0719,105.9628,105.6489,160.47,204.87,-5.0764,21.1878,17615500
2019-11-13,180,2019-03-01,2019-11-13,193.19,183.7173,184.2483,105.1561,104.8531,160.47,204.87,-5.7012,20.3901,10860700
2019-11-14,180,2019-03-04,2019-11-14,193.15,183.9021,184.4198,105.0287,104.7339,160.47,204.87,-5.7207,20.3652,9040500
2019-11-15,180,2019-03-05,2019-11-15,195.1,184.0618,184.5738,105.997,105.703,160.47,204.87,-4.7689,21.5804,11524300
2019-11-18,180,2019-03-06,2019-11-18,197.4,184.2075,184.7191,107.1618,106.865,160.47,204.87,-3.6462,23.0136,16167200
2019-11-19,180,2019-03-07,2019-11-19,199.32,184.3546,184.868,108.1177,107.8175,160.47,204.87,-2.709,24.2101,19056800
2019-11-20,180,2019-03-08,2019-11-20,197.51,184.5151,185.0257,107.0427,106.7473,160.47,204.87,-3.5925,23.0822,12355400
2019-11-21,180,2019-03-11,2019-11-21,197.93,184.6749,185.1831,107.1775,106.8834,160.47,204.87,-3.3875,23.3439,12131000
2019-11-22,180,2019-03-12,2019-11-22,198.82,184.8232,185.3317,107.5731,107.2779,160.47,204.87,-2.9531,23.8986,9959800
2019-11-25,180,2019-03-13,2019-11-25,199.79,184.9773,185.4865,108.0078,107.7113,160.47,204.87,-2.4796,24.503,15272300
2019-11-26,180,2019-03-14,2019-11-26,198.97,185.1185,185.6287,107.4825,107.1871,160.47,204.87,-2.8799,23.992,11735500
2019-11-27,180,2019-03-15,2019-11-27,202.0,185.2949,185.8056,109.0154,108.7158,160.47,204.87,-1.4009,25.8802,12736600
2019-11-29,180,2019-03-18,2019-11-29,201.64,185.4984,186.0037,108.7018,108.4065,160.47,204.87,-1.5766,25.6559,7985200
2019-12-02,180,2019-03-19,2019-12-02,199.7,185.7327,186.2216,107.5201,107.2378,161.57,204.87,-2.5236,23.5997,11503400
2019-12-03,180,2019-03-20,2019-12-03,198.82,185.9552,186.4286,106.9182,106.6468,164.15,204.87,-2.9531,21.1209,11595300
2019-12-04,180,2019-03-21,2019-12-04,198.71,186.1498,186.6134,106.7473,106.4822,164.15,204.87,-3.0068,21.0539,8456300
2019-12-05,180,2019-03-22,2019-12-05,199.36,186.3435,186.7983,106.9852,106.7248,164.15,204.87,-2.6895,21.4499,9740400
2019-12-06,180,2019-03-25,2019-12-06,201.05,186.5581,187.0022,107.768,107.5121,164.15,204.87,-1.8646,22.4794,12270600
2019-12-09,180,2019-03-26,2019-12-09,201.34,186.7607,187.1969,107.8064,107.5552,164.15,204.87,-1.723,22.6561,11954800
2019-12-10,180,2019-03-27,2019-12-10,200.87,186.9519,187.3813,107.4448,107.1985,164.15,204.87,-1.9525,22.3698,9475700
2019-12-11,180,2019-03-28,2019-12-11,202.26,187.1627,187.5835,108.0664,107.824,164.15,204.87,-1.274,23.2166,8036800
2019-12-12,180,2019-03-29,2019-12-12,196.75,187.3493,187.7568,105.0177,104.7898,164.15,204.87,-3.9635,19.8599,23734800
2019-12-13,180,2019-04-01,2019-12-13,194.11,187.5147,187.9092,103.5172,103.2999,164.15,204.87,-5.2521,18.2516,18798000
2019-12-16,180,2019-04-02,2019-12-16,197.92,187.6858,188.0715,105.4528,105.2366,164.15,204.87,-3.3924,20.5727,14911500
2019-12-17,180,2019-04-03,2019-12-17,198.39,187.8229,188.2059,105.6261,105.4112,164.15,204.87,-3.163,20.859,10175700
2019-12-18,180,2019-04-04,2019-12-18,202.5,187.9846,188.3668,107.7216,107.503,164.15,204.87,-1.1568,23.3628,23274400
2019-12-19,180,2019-04-05,2019-12-19,206.06,188.1473,188.5337,109.5206,109.2961,164.15,206.06,0.0,25.5315,16514600
2019-12-20,180,2019-04-08,2019-12-20,206.3,188.3134,188.7036,109.5514,109.3249,164.15,206.3,0.0,25.6777,27306900
2019-12-23,180,2019-04-09,2019-12-23,206.18,188.4842,188.8772,109.3885,109.1609,164.15,206.3,-0.0582,25.6046,13348900
2019-12-24,180,2019-04-10,2019-12-24,205.12,188.6336,189.0302,108.7399,108.5118,164.15,206.3,-0.572,24.9589,6046300
2019-12-26,180,2019-04-11,2019-12-26,207.79,188.794,189.1967,110.0617,109.8275,164.15,207.79,0.0,26.5854,9350700
2019-12-27,180,2019-04-12,2019-12-27,208.1,188.9582,189.3666,110.1302,109.8927,164.15,208.1,0.0,26.7743,10284200
2019-12-30,180,2019-04-15,2019-12-30,204.41,189.0954,189.5072,108.0989,107.864,164.15,208.1,-1.7732,24.5264,10524300
2019-12-31,180,2019-04-16,2019-12-31,205.25,189.2334,189.6494,108.4639,108.226,164.15,208.1,-1.3695,25.0381,8953500
2020-01-02,180,2019-04-17,2020-01-02,209.78,189.3974,189.8212,110.7618,110.5145,164.15,209.78,0.0,27.7978,12077100
2020-01-03,180,2019-04-18,2020-01-03,208.67,189.5572,189.9872,110.0828,109.8337,164.15,209.78,-0.5291,27.1215,11188400
2020-01-06,180,2019-04-22,2020-01-06,212.6,189.7382,190.1779,112.0492,111.7901,164.15,212.6,0.0,29.5157,17058900
2020-01-07,180,2019-04-23,2020-01-07,213.06,189.9019,190.3536,112.1948,111.9286,164.15,213.06,0.0,29.7959,14912400
2020-01-08,180,2019-04-24,2020-01-08,215.22,190.0613,190.5282,113.2372,112.9596,164.15,215.22,0.0,31.1118,13475000
2020-01-09,180,2019-04-25,2020-01-09,218.3,190.2413,190.7267,114.749,114.457,164.15,218.3,0.0,32.9881,12642800
2020-01-10,180,2019-04-26,2020-01-10,218.06,190.3597,190.8644,114.5516,114.2486,164.15,218.3,-0.1099,32.8419,12119400
2020-01-13,180,2019-04-29,2020-01-13,221.91,190.5039,191.0334,116.4858,116.1629,164.15,221.91,0.0,35.1873,14463400
2020-01-14,180,2019-04-30,2020-01-14,219.06,190.6187,191.1683,114.9205,114.5901,164.15,221.91,-1.2843,33.4511,13288900
2020-01-15,180,2019-05-01,2020-01-15,221.15,190.7498,191.3225,115.9372,115.5902,164.15,221.91,-0.3425,34.7243,10036500
2020-01-16,180,2019-05-02,2020-01-16,221.77,190.8856,191.4822,116.1795,115.8176,164.15,221.91,-0.0631,35.102,10015300
2020-01-17,180,2019-05-03,2020-01-17,222.14,191.0258,191.6467,116.2879,115.9112,164.15,222.14,0.0,35.3274,15905900
2020-01-21,180,2019-05-06,2020-01-21,221.44,191.1476,191.7909,115.8477,115.459,164.15,222.14,-0.3151,34.901,14275800
2020-01-22,180,2019-05-07,2020-01-22,221.32,191.2775,191.9434,115.7063,115.3048,164.15,222.14,-0.3691,34.8279,12212800
2020-01-23,180,2019-05-08,2020-01-23,219.76,191.4237,192.11,114.8029,114.3928,164.15,222.14,-1.0714,33.8776,11195000
2020-01-24,180,2019-05-09,2020-01-24,217.94,191.5638,192.2678,113.7689,113.3523,164.15,222.14,-1.8907,32.7688,11905800
2020-01-27,180,2019-05-10,2020-01-27,214.87,191.6958,192.4134,112.0891,111.671,164.15,222.14,-3.2727,30.8986,13810700
2020-01-28,180,2019-05-13,2020-01-28,217.79,191.8424,192.5771,113.5254,113.0924,164.15,222.14,-1.9582,32.6774,13413800
2020-01-29,180,2019-05-14,2020-01-29,223.23,192.053,192.8087,116.2335,115.778,164.15,223.23,0.0,35.9915,33181300
2020-01-30,180,2019-05-15,2020-01-30,209.53,192.209,192.9687,109.0116,108.5824,164.15,223.23,-6.1372,27.6455,48775500
2020-01-31,180,2019-05-16,2020-01-31,201.91,192.2944,193.0556,105.0005,104.5865,164.15,223.23,-9.5507,23.0034,31359900
2020-02-03,180,2019-05-17,2020-02-03,204.19,192.387,193.1511,106.1351,105.7152,164.15,223.23,-8.5293,24.3923,15495600
2020-02-04,180,2019-05-20,2020-02-04,209.83,192.5168,193.2874,108.9931,108.5586,164.15,223.23,-6.0028,27.8282,19628900
2020-02-05,180,2019-05-21,2020-02-05,210.11,192.6638,193.4396,109.0553,108.6179,164.15,223.23,-5.8773,27.9988,12538200
2020-02-06,180,2019-05-22,2020-02-06,210.85,192.8016,193.5842,109.3611,108.919,164.15,223.23,-5.5458,28.4496,10567500
2020-02-07,180,2019-05-23,2020-02-07,212.33,192.9435,193.7342,110.0478,109.5986,164.15,223.23,-4.8829,29.3512,12242500
2020-02-10,180,2019-05-24,2020-02-10,213.06,193.1164,193.9131,110.3272,109.874,164.15,223.23,-4.5558,29.7959,11856400
2020-02-11,180,2019-05-28,2020-02-11,207.19,193.2608,194.0582,107.2074,106.7669,164.15,223.23,-7.1854,26.2199,25030800
2020-02-12,180,2019-05-29,2020-02-12,210.76,193.4022,194.2052,108.975,108.5244,164.15,223.23,-5.5862,28.3948,13813700
2020-02-13,180,2019-05-30,2020-02-13,213.14,193.568,194.3771,110.1112,109.6528,164.15,223.23,-4.52,29.8447,15396600
2020-02-14,180,2019-05-31,2020-02-14,214.18,193.7337,194.5503,110.5538,110.0898,164.15,223.23,-4.0541,30.4782,10741700
2020-02-18,180,2019-06-03,2020-02-18,217.8,193.9515,194.7743,112.2961,111.8217,164.15,223.23,-2.4325,32.6835,15609200
2020-02-19,180,2019-06-04,2020-02-19,217.49,194.2642,195.0707,111.9558,111.4929,167.5,223.23,-2.5713,29.8448,12135100
2020-02-20,180,2019-06-05,2020-02-20,214.58,194.5392,195.3322,110.3017,109.8539,168.17,223.23,-3.8749,27.5971,13109200
2020-02-21,180,2019-06-06,2020-02-21,210.18,194.7894,195.5656,107.9011,107.4729,168.33,223.23,-5.846,24.8619,14092300
2020-02-24,180,2019-06-07,2020-02-24,200.72,194.9917,195.7456,102.9377,102.5413,173.35,223.23,-10.0838,15.7889,23080100
2020-02-25,180,2019-06-10,2020-02-25,196.77,195.1369,195.8757,100.8369,100.4566,174.6,223.23,-11.8532,12.6976,21433500
2020-02-26,180,2019-06-11,2020-02-26,197.2,195.2743,196.0,100.9862,100.6122,174.6,223.23,-11.6606,12.9439,16524500
2020-02-27,180,2019-06-12,2020-02-27,189.75,195.3473,196.0647,97.1347,96.7793,174.6,223.23,-14.998,8.677,21682600
2020-02-28,180,2019-06-13,2020-02-28,192.47,195.4571,196.1616,98.4717,98.1181,174.6,223.23,-13.7795,10.2348,32568900
2020-03-02,180,2019-06-14,2020-03-02,196.44,195.5727,196.2669,100.4435,100.0882,174.6,223.23,-12.0011,12.5086,24949000
2020-03-03,180,2019-06-17,2020-03-03,185.89,195.6014,196.2923,95.0351,94.7006,174.6,223.23,-16.7271,6.4662,27984100
2020-03-04,180,2019-06-18,2020-03-04,191.76,195.6175,196.3076,98.028,97.6835,174.6,223.23,-14.0976,9.8282,23062500
2020-03-05,180,2019-06-19,2020-03-05,185.17,195.5974,196.2892,94.6689,94.3353,174.6,223.23,-17.0497,6.0538,19333400
2020-03-06,180,2019-06-20,2020-03-06,181.09,195.5574,196.2537,92.6019,92.2734,174.6,223.23,-18.8774,3.7171,24559600
2020-03-09,180,2019-06-21,2020-03-09,169.5,195.4251,196.1424,86.734,86.4168,169.5,223.23,-24.0693,0.0,29949000
2020-03-10,180,2019-06-24,2020-03-10,178.19,195.3444,196.0705,91.2184,90.8806,169.5,223.23,-20.1765,5.1268,24517800
2020-03-11,180,2019-06-25,2020-03-11,170.24,195.2,195.9463,87.2131,86.881,169.5,223.23,-23.7378,0.4366,20373900
2020-03-12,180,2019-06-26,2020-03-12,154.47,194.9509,195.7553,79.2354,78.9097,154.47,223.23,-30.8023,0.0,43266300
2020-03-13,180,2019-06-27,2020-03-13,170.28,194.8361,195.6588,87.3965,87.0291,154.47,223.23,-23.7199,10.235,35028600
2020-03-16,180,2019-06-28,2020-03-16,146.01,194.5052,195.4172,75.0674,74.7171,146.01,223.23,-34.5921,0.0,39120400
2020-03-17,180,2019-07-01,2020-03-17,149.42,194.1881,195.1751,76.946,76.5569,146.01,223.23,-33.0646,2.3355,34255600
2020-03-18,180,2019-07-02,2020-03-18,146.96,193.8486,194.9193,75.8117,75.3953,146.01,223.23,-34.1666,0.6506,37553100
2020-03-19,180,2019-07-03,2020-03-19,153.13,193.5563,194.6867,79.1139,78.6546,146.01,223.23,-31.4026,4.8764,39862300
2020-03-20,180,2019-07-05,2020-03-20,149.73,193.2223,194.4229,77.4911,77.0125,146.01,223.23,-32.9257,2.5478,32568400
2020-03-23,180,2019-07-08,2020-03-23,148.1,192.8785,194.1546,76.7841,76.2794,146.01,223.23,-33.6559,1.4314,29830800
2020-03-24,180,2019-07-09,2020-03-24,160.98,192.6506,193.9614,83.5606,82.9959,146.01,223.23,-27.886,10.2527,30440400
2020-03-25,180,2019-07-10,2020-03-25,156.21,192.3661,193.7225,81.2045,80.636,146.01,223.23,-30.0228,6.9858,35184300
2020-03-26,180,2019-07-11,2020-03-26,163.34,192.1219,193.5037,85.0189,84.4118,146.01,223.23,-26.8288,11.8691,26556800
2020-03-27,180,2019-07-12,2020-03-27,156.79,191.8335,193.2568,81.7323,81.1304,146.01,223.23,-29.763,7.3831,24879900
2020-03-30,180,2019-07-15,2020-03-30,165.95,191.5997,193.0406,86.6128,85.9664,146.01,223.23,-25.6596,13.6566,22515200
2020-03-31,180,2019-07-16,2020-03-31,166.8,191.3775,192.8344,87.1576,86.4991,146.01,223.23,-25.2789,14.2388,23676300
2020-04-01,180,2019-07-17,2020-04-01,159.6,191.1012,192.5886,83.516,82.8709,146.01,223.23,-28.5042,9.3076,19507600
2020-04-02,180,2019-07-18,2020-04-02,158.19,190.8244,192.3463,82.8982,82.2423,146.01,223.23,-29.1359,8.3419,20886300
2020-04-03,180,2019-07-19,2020-04-03,154.18,190.5204,192.0874,80.9257,80.2655,146.01,223.23,-30.9322,5.5955,25983300
2020-04-06,180,2019-07-22,2020-04-06,165.55,190.3191,191.9052,86.9855,86.2666,146.01,223.23,-25.8388,13.3827,28453600
2020-04-07,180,2019-07-23,2020-04-07,168.83,190.122,191.7191,88.8009,88.0611,146.01,223.23,-24.3695,15.6291,31411900
2020-04-08,180,2019-07-24,2020-04-08,174.28,189.9623,191.5631,91.7445,90.9778,146.01,223.23,-21.9281,19.3617,21664200
2020-04-09,180,2019-07-25,2020-04-09,175.19,189.7976,191.3994,92.3036,91.5311,146.01,223.23,-21.5204,19.9849,23534300
2020-04-13,180,2019-07-26,2020-04-13,174.79,189.6499,191.2554,92.1646,91.3909,146.01,223.23,-21.6996,19.711,19355400
2020-04-14,180,2019-07-29,2020-04-14,178.17,189.5288,191.1355,94.0068,93.2166,146.01,223.23,-20.1855,22.0259,21011800
2020-04-15,180,2019-07-30,2020-04-15,176.97,189.4197,191.0301,93.4275,92.6398,146.01,223.23,-20.723,21.204,17423000
2020-04-16,180,2019-07-31,2020-04-16,176.25,189.3004,190.9146,93.106,92.3188,146.01,223.23,-21.0456,20.7109,23593200
2020-04-17,180,2019-08-01,2020-04-17,179.24,189.2147,190.8313,94.7284,93.9259,146.01,223.23,-19.7061,22.7587,20974800
2020-04-20,180,2019-08-02,2020-04-20,178.24,189.1309,190.7508,94.2416,93.4413,146.01,223.23,-20.1541,22.0738,16110700
2020-04-21,180,2019-08-05,2020-04-21,170.8,189.0188,190.6496,90.3614,89.5884,146.01,223.23,-23.487,16.9783,24850500
2020-04-22,180,2019-08-06,2020-04-22,182.28,189.0221,190.6527,96.4332,95.6084,146.01,223.23,-18.3443,24.8408,33242000
2020-04-23,180,2019-08-07,2020-04-23,185.13,189.0257,190.6561,97.9391,97.1015,146.01,223.23,-17.0676,26.7927,21426600
2020-04-24,180,2019-08-08,2020-04-24,190.07,189.0535,190.6834,100.5377,99.6783,146.01,223.23,-14.8546,30.176,28792000
2020-04-27,180,2019-08-09,2020-04-27,187.5,189.0386,190.6687,99.1861,98.3381,146.01,223.23,-16.0059,28.4159,29197800
2020-04-28,180,2019-08-12,2020-04-28,182.91,189.0101,190.6412,96.7726,95.9446,146.01,223.23,-18.0621,25.2722,21731000
2020-04-29,180,2019-08-13,2020-04-29,194.19,189.0587,190.6902,102.7141,101.8353,146.01,223.23,-13.009,32.9977,45954500
2020-04-30,180,2019-08-14,2020-04-30,204.71,189.1425,190.7806,108.2306,107.3013,146.01,223.23,-8.2964,40.2027,46230100
2020-05-01,180,2019-08-15,2020-05-01,202.27,189.2659,190.9059,106.8708,105.9527,146.01,223.23,-9.3894,38.5316,30415600
2020-05-04,180,2019-08-16,2020-05-04,205.26,189.3864,191.0318,108.3816,107.4481,146.01,223.23,-8.05,40.5794,19250700
2020-05-05,180,2019-08-19,2020-05-05,207.07,189.5089,191.1617,109.2667,108.3219,146.01,223.23,-7.2392,41.8191,21071200
2020-05-06,180,2019-08-20,2020-05-06,208.47,189.6236,191.2856,109.9389,108.9837,146.01,223.23,-6.612,42.7779,21857000
2020-05-07,180,2019-08-21,2020-05-07,211.26,189.7649,191.4381,111.3272,110.3542,146.01,223.23,-5.3622,44.6887,15152000
2020-05-08,180,2019-08-22,2020-05-08,212.35,189.9128,191.5981,111.8145,110.831,146.01,223.23,-4.8739,45.4353,12506000
2020-05-11,180,2019-08-23,2020-05-11,213.18,190.0737,191.7711,112.1565,111.1638,146.01,223.23,-4.5021,46.0037,12911900
2020-05-12,180,2019-08-26,2020-05-12,210.1,190.2478,191.9508,110.4349,109.4551,146.01,223.23,-5.8818,43.8943,14704600
2020-05-13,180,2019-08-27,2020-05-13,205.1,190.3823,192.0882,107.7306,106.7739,146.01,223.23,-8.1217,40.4698,20684600
2020-05-14,180,2019-08-28,2020-05-14,206.81,190.5194,192.2299,108.5506,107.5847,146.01,223.23,-7.3556,41.641,17178900
2020-05-15,180,2019-08-29,2020-05-15,210.88,190.6728,192.3917,110.5979,109.6097,146.01,223.23,-5.5324,44.4285,19383200
2020-05-18,180,2019-08-30,2020-05-18,213.19,190.8139,192.5452,111.7267,110.7221,146.01,223.23,-4.4976,46.0106,20151900
2020-05-19,180,2019-09-03,2020-05-19,216.88,190.9708,192.7186,113.5671,112.5372,146.01,223.23,-2.8446,48.5378,31843200
2020-05-20,180,2019-09-04,2020-05-20,229.97,191.2009,192.9829,120.2766,119.166,146.01,229.97,0.0,57.5029,50162900
2020-05-21,180,2019-09-05,2020-05-21,231.39,191.4087,193.2287,120.8879,119.7493,146.01,231.39,0.0,58.4755,47782600
2020-05-22,180,2019-09-06,2020-05-22,234.91,191.6086,193.4732,122.5989,121.4173,146.01,234.91,0.0,60.8862,33925600
2020-05-26,180,2019-09-09,2020-05-26,232.2,191.8183,193.7216,121.052,119.8627,146.01,234.91,-1.1536,59.0302,33178300
2020-05-27,180,2019-09-10,2020-05-27,229.14,192.0094,193.9459,119.3379,118.1463,146.01,234.91,-2.4563,56.9345,34697600
2020-05-28,180,2019-09-11,2020-05-28,225.46,192.2013,194.1642,117.3041,116.1182,146.01,234.91,-4.0228,54.4141,29377200
2020-05-29,180,2019-09-12,2020-05-29,225.09,192.3785,194.3676,117.0037,115.8064,146.01,234.91,-4.1803,54.1607,23241500
2020-06-01,180,2019-09-13,2020-06-01,231.91,192.5889,194.6144,120.4171,119.1638,146.01,234.91,-1.2771,58.8316,18223800
2020-06-02,180,2019-09-16,2020-06-02,232.72,192.8045,194.8674,120.7026,119.4248,146.01,234.91,-0.9323,59.3863,20919000
2020-06-03,180,2019-09-17,2020-06-03,230.16,193.0164,195.1115,119.2437,117.9633,146.01,234.91,-2.0221,57.633,15380300
2020-06-04,180,2019-09-18,2020-06-04,226.29,193.2024,195.3238,117.1259,115.8538,146.01,234.91,-3.6695,54.9825,17041500
2020-06-05,180,2019-09-19,2020-06-05,230.77,193.4063,195.5606,119.3188,118.0043,146.01,234.91,-1.7624,58.0508,16750400
2020-06-08,180,2019-09-20,2020-06-08,231.4,193.6013,195.7898,119.524,118.188,146.01,234.91,-1.4942,58.4823,15466500
2020-06-09,180,2019-09-23,2020-06-09,238.67,193.8255,196.0606,123.1365,121.7328,146.01,238.67,0.0,63.4614,27462900
2020-06-10,180,2019-09-24,2020-06-10,236.73,194.0613,196.3379,121.9872,120.5728,146.01,238.67,-0.8128,62.1327,20720700
2020-06-11,180,2019-09-25,2020-06-11,224.43,194.2835,196.5776,115.5168,114.1686,146.01,238.67,-5.9664,53.7087,26708200
2020-06-12,180,2019-09-26,2020-06-12,228.58,194.5135,196.8319,117.5137,116.1295,146.01,238.67,-4.2276,56.5509,22091400
2020-06-15,180,2019-09-27,2020-06-15,232.5,194.7768,197.123,119.3674,117.9467,146.01,238.67,-2.5852,59.2357,15340300
2020-06-16,180,2019-09-30,2020-06-16,235.65,195.073,197.4483,120.801,119.3477,146.01,238.67,-1.2653,61.3931,15236700
2020-06-17,180,2019-10-01,2020-06-17,235.53,195.363,197.7674,120.5602,119.0944,146.01,238.67,-1.3156,61.3109,19578100
2020-06-18,180,2019-10-02,2020-06-18,235.94,195.6708,198.1015,120.5801,119.1006,146.01,238.67,-1.1438,61.5917,15782500
2020-06-19,180,2019-10-03,2020-06-19,238.79,195.9988,198.4581,121.8323,120.3226,146.01,238.79,0.0,63.5436,30081300
2020-06-22,180,2019-10-04,2020-06-22,239.22,196.2969,198.7906,121.8664,120.3377,146.01,239.22,0.0,63.8381,18917800
2020-06-23,180,2019-10-07,2020-06-23,242.24,196.6,199.1338,123.2147,121.6468,146.01,242.24,0.0,65.9065,24017900
2020-06-24,180,2019-10-08,2020-06-24,234.02,196.8779,199.4357,118.8656,117.3411,146.01,242.24,-3.3933,60.2767,20834900
2020-06-25,180,2019-10-09,2020-06-25,235.68,197.1761,199.7576,119.5277,117.983,146.01,242.24,-2.7081,61.4136,18704300
2020-06-26,180,2019-10-10,2020-06-26,216.08,197.3777,199.9588,109.4754,108.0622,146.01,242.24,-10.7992,47.9899,76343900
2020-06-29,180,2019-10-11,2020-06-29,220.64,197.5992,200.1844,111.6604,110.2184,146.01,242.24,-8.9168,51.1129,58514300
2020-06-30,180,2019-10-14,2020-06-30,227.07,197.8218,200.4227,114.7851,113.2956,146.01,242.24,-6.2624,55.5168,33927100
2020-07-01,180,2019-10-15,2020-07-01,237.55,198.0932,200.7242,119.9183,118.3465,146.01,242.24,-1.9361,62.6943,43399700
2020-07-02,180,2019-10-16,2020-07-02,233.42,198.3136,200.9716,117.7025,116.1458,146.01,242.24,-3.641,59.8658,30633600
2020-07-06,180,2019-10-17,2020-07-06,240.28,198.5573,201.2534,121.0129,119.3918,146.01,242.24,-0.8091,64.5641,26206200
2020-07-07,180,2019-10-18,2020-07-07,240.86,198.7986,201.5338,121.1578,119.5135,146.01,242.24,-0.5697,64.9613,27887800
2020-07-08,180,2019-10-21,2020-07-08,243.58,199.079,201.8545,122.3534,120.6711,146.01,243.58,0.0,66.8242,29791300
2020-07-09,180,2019-10-22,2020-07-09,244.5,199.3391,202.1586,122.6553,120.9446,146.01,244.5,0.0,67.4543,22174900
2020-07-10,180,2019-10-23,2020-07-10,245.07,199.6495,202.5071,122.7501,121.018,146.01,245.07,0.0,67.8447,22982700
2020-07-13,180,2019-10-24,2020-07-13,239.0,199.9129,202.8007,119.552,117.8497,146.01,245.07,-2.4768,63.6874,24674900
2020-07-14,180,2019-10-25,2020-07-14,239.73,200.1784,203.0971,119.7582,118.0371,146.01,245.07,-2.179,64.1874,23378100
2020-07-15,180,2019-10-28,2020-07-15,240.28,200.4371,203.3882,119.878,118.1386,146.01,245.07,-1.9545,64.5641,19133600
2020-07-16,180,2019-10-29,2020-07-16,240.93,200.6894,203.6744,120.0512,118.2917,146.01,245.07,-1.6893,65.0092,18880700
2020-07-17,180,2019-10-30,2020-07-17,242.03,200.9472,203.9673,120.4446,118.6612,146.01,245.07,-1.2405,65.7626,18152400
2020-07-20,180,2019-10-31,2020-07-20,245.42,201.2252,204.2849,121.9629,120.1361,146.01,245.42,0.0,68.0844,20872200
2020-07-21,180,2019-11-01,2020-07-21,241.75,201.4687,204.5633,119.9938,118.1786,146.01,245.42,-1.4954,65.5709,19364200
2020-07-22,180,2019-11-04,2020-07-22,239.87,201.6935,204.8202,118.9279,117.1125,146.01,245.42,-2.2614,64.2833,15427900
2020-07-23,180,2019-11-05,2020-07-23,232.6,201.8827,205.0307,115.2154,113.4464,146.01,245.42,-5.2237,59.3042,21771800
2020-07-24,180,2019-11-06,2020-07-24,230.71,202.0667,205.2328,114.1752,112.4138,146.01,245.42,-5.9938,58.0097,18325800
2020-07-27,180,2019-11-07,2020-07-27,233.5,202.2797,205.4659,115.4342,113.6442,146.01,245.42,-4.857,59.9206,13163100
2020-07-28,180,2019-11-08,2020-07-28,230.12,202.4858,205.6864,113.6475,111.879,146.01,245.42,-6.2342,57.6056,14170100
2020-07-29,180,2019-11-11,2020-07-29,233.29,202.7033,205.9223,115.0894,113.2903,146.01,245.42,-4.9425,59.7767,13588300
2020-07-30,180,2019-11-12,2020-07-30,234.5,202.934,206.1717,115.5548,113.7402,146.01,245.42,-4.4495,60.6054,20615300
2020-07-31,180,2019-11-13,2020-07-31,253.67,203.2089,206.5006,124.8321,122.8423,146.01,253.67,0.0,73.7347,53005100
2020-08-03,180,2019-11-14,2020-08-03,251.96,203.4863,206.8271,123.8216,121.8216,146.01,253.67,-0.6741,72.5635,23124900
2020-08-04,180,2019-11-15,2020-08-04,249.83,203.7568,207.1419,122.6118,120.6081,146.01,253.67,-1.5138,71.1047,17183500
2020-08-05,180,2019-11-18,2020-08-05,249.12,204.0135,207.4421,122.1096,120.0914,146.01,253.67,-1.7937,70.6185,13050100
2020-08-06,180,2019-11-19,2020-08-06,265.28,204.3137,207.8192,129.8396,127.6494,146.01,265.28,0.0,81.6862,45241600
2020-08-07,180,2019-11-20,2020-08-07,268.44,204.6137,208.2032,131.1936,128.9318,146.01,268.44,0.0,83.8504,72766400
2020-08-10,180,2019-11-21,2020-08-10,263.0,204.9074,208.567,128.3507,126.0986,146.01,268.44,-2.0265,80.1247,30248800
2020-08-11,180,2019-11-22,2020-08-11,256.13,205.1755,208.8903,124.8346,122.6146,146.01,268.44,-4.5858,75.4195,28238300
2020-08-12,180,2019-11-25,2020-08-12,259.89,205.4523,209.2296,126.4965,124.2128,146.01,268.44,-3.1851,77.9947,21415700
2020-08-13,180,2019-11-26,2020-08-13,261.3,205.729,209.5713,127.0118,124.6831,146.01,268.44,-2.6598,78.9603,17374000
2020-08-14,180,2019-11-27,2020-08-14,261.24,206.011,209.9173,126.8087,124.449,146.01,268.44,-2.6822,78.9193,14792700
2020-08-17,180,2019-11-29,2020-08-17,261.16,206.2758,210.2459,126.6072,124.2164,146.01,268.44,-2.712,78.8645,13351100
2020-08-18,180,2019-12-02,2020-08-18,262.34,206.5474,210.5832,127.012,124.5779,146.01,268.44,-2.2724,79.6726,18690400
2020-08-19,180,2019-12-03,2020-08-19,262.59,206.832,210.9326,126.9581,124.49,146.01,268.44,-2.1793,79.8438,23291500
2020-08-20,180,2019-12-04,2020-08-20,269.01,207.1444,211.3225,129.8659,127.2983,146.01,269.01,0.0,84.2408,20299700
2020-08-21,180,2019-12-05,2020-08-21,267.01,207.4517,211.7019,128.7095,126.1254,146.01,269.01,-0.7435,82.871,15538600
2020-08-24,180,2019-12-06,2020-08-24,271.39,207.7705,212.1021,130.6201,127.9525,146.01,271.39,0.0,85.8708,23685600
2020-08-25,180,2019-12-09,2020-08-25,280.82,208.1099,212.5453,134.9383,132.1224,146.01,280.82,0.0,92.3293,42127200
2020-08-26,180,2019-12-10,2020-08-26,303.91,208.514,213.1151,145.7504,142.6037,146.01,303.91,0.0,108.1433,69015200
2020-08-27,180,2019-12-11,2020-08-27,293.22,208.8934,213.6282,140.3682,137.2572,146.01,303.91,-3.5175,100.8219,30301300
2020-08-28,180,2019-12-12,2020-08-28,293.66,209.2672,214.1359,140.3278,137.1372,146.01,303.91,-3.3727,101.1232,17157400
2020-08-31,180,2019-12-13,2020-08-31,293.2,209.6747,214.6718,139.8356,136.5806,146.01,303.91,-3.5241,100.8082,17345100
2020-09-01,180,2019-12-16,2020-09-01,295.44,210.1072,215.2347,140.6139,137.2641,146.01,303.91,-2.787,102.3423,17295900
2020-09-02,180,2019-12-17,2020-09-02,302.5,210.5365,215.8157,143.6806,140.1659,146.01,303.91,-0.464,107.1776,24341400
2020-09-03,180,2019-12-18,2020-09-03,291.12,210.9326,216.3309,138.0157,134.5716,146.01,303.91,-4.2085,99.3836,32294100
2020-09-04,180,2019-12-19,2020-09-04,282.73,211.2795,216.7766,133.818,130.4246,146.01,303.91,-6.9692,93.6374,30333700
2020-09-08,180,2019-12-20,2020-09-08,271.16,211.5689,217.1383,128.1663,124.879,146.01,303.91,-10.7762,85.7133,24864000
2020-09-09,180,2019-12-23,2020-09-09,273.72,211.8662,217.5128,129.1948,125.8409,146.01,303.91,-9.9339,87.4666,22918800
2020-09-10,180,2019-12-24,2020-09-10,268.09,212.1459,217.8568,126.3706,123.0579,146.01,303.91,-11.7864,83.6107,24814700
2020-09-11,180,2019-12-26,2020-09-11,266.61,212.4274,218.1984,125.5064,122.187,146.01,303.91,-12.2734,82.5971,18913900
2020-09-14,180,2019-12-27,2020-09-14,266.15,212.6922,218.5226,125.1338,121.7952,146.01,303.91,-12.4247,82.282,24093800
2020-09-15,180,2019-12-30,2020-09-15,272.42,212.9778,218.8799,127.9101,124.4609,146.01,303.91,-10.3616,86.5763,18478500
2020-09-16,180,2019-12-31,2020-09-16,263.52,213.2547,219.2083,123.5706,120.2144,146.01,303.91,-13.2901,80.4808,29183400
2020-09-17,180,2020-01-02,2020-09-17,254.82,213.4944,219.4837,119.3568,116.0997,146.01,303.91,-16.1528,74.5223,31281400
2020-09-18,180,2020-01-03,2020-09-18,252.53,213.6989,219.7212,118.1709,114.932,146.01,303.91,-16.9063,72.9539,28130800
2020-09-21,180,2020-01-06,2020-09-21,248.15,213.8925,219.9406,116.0162,112.8259,146.01,303.91,-18.3475,69.9541,24709400
2020-09-22,180,2020-01-07,2020-09-22,254.75,214.0905,220.1747,118.9917,115.7036,146.01,303.91,-16.1758,74.4744,30293100
2020-09-23,180,2020-01-08,2020-09-23,249.02,214.2633,220.3745,116.2215,112.9986,146.01,303.91,-18.0613,70.55,19641300
2020-09-24,180,2020-01-09,2020-09-24,249.53,214.4263,220.5651,116.371,113.1321,146.01,303.91,-17.8935,70.8993,20006800
2020-09-25,180,2020-01-10,2020-09-25,254.82,214.5941,220.768,118.7451,115.4243,146.01,303.91,-16.1528,74.5223,18351300
2020-09-28,180,2020-01-13,2020-09-28,256.82,214.7714,220.9833,119.5783,116.2169,146.01,303.91,-15.4947,75.8921,18826300
2020-09-29,180,2020-01-14,2020-09-29,261.79,214.9474,221.2049,121.7926,118.3473,146.01,303.91,-13.8594,79.296,20200200
2020-09-30,180,2020-01-15,2020-09-30,261.9,215.1393,221.4429,121.7351,118.2698,146.01,303.91,-13.8232,79.3713,20142500
2020-10-01,180,2020-01-16,2020-10-01,266.63,215.3378,221.6956,123.8194,120.2685,146.01,303.91,-12.2668,82.6108,20009800
2020-10-02,180,2020-01-17,2020-10-02,259.94,215.5085,221.9076,120.6171,117.1388,146.01,303.91,-14.4681,78.0289,16367600
2020-10-05,180,2020-01-21,2020-10-05,264.65,215.6952,222.1438,122.6963,119.1346,146.01,303.91,-12.9183,81.2547,12822300
2020-10-06,180,2020-01-22,2020-10-06,258.66,215.8633,222.3506,119.8258,116.3298,146.01,303.91,-14.8893,77.1523,18696900
2020-10-07,180,2020-01-23,2020-10-07,258.12,216.0302,222.555,119.4833,115.9803,146.01,303.91,-15.067,76.7824,23133400
2020-10-08,180,2020-01-24,2020-10-08,263.76,216.2272,222.7994,121.9828,118.3845,146.01,303.91,-13.2111,80.6452,16312800
2020-10-09,180,2020-01-27,2020-10-09,264.45,216.437,223.0578,122.1834,118.5567,146.01,303.91,-12.9841,81.1177,14107800
2020-10-12,180,2020-01-28,2020-10-12,275.75,216.7047,223.3961,127.2469,123.4355,146.01,303.91,-9.2659,88.8569,31019300
2020-10-13,180,2020-01-29,2020-10-13,276.14,216.9582,223.7202,127.278,123.431,146.01,303.91,-9.1376,89.124,18063300
2020-10-14,180,2020-01-30,2020-10-14,271.82,217.1678,223.9902,125.1659,121.3535,146.01,303.91,-10.559,86.1653,15577800
2020-10-15,180,2020-01-31,2020-10-15,266.72,217.4362,224.3079,122.6659,118.908,146.01,303.91,-12.2372,82.6724,15416100
2020-10-16,180,2020-02-03,2020-10-16,265.93,217.7499,224.6636,122.1264,118.3681,146.01,303.91,-12.4971,82.1314,16622700
2020-10-19,180,2020-02-04,2020-10-19,261.4,218.0326,224.9814,119.8903,116.1874,146.01,303.91,-13.9877,79.0288,13587000
2020-10-20,180,2020-02-05,2020-10-20,267.56,218.3045,225.3021,122.5628,118.7561,146.01,303.91,-11.9608,83.2477,18763200
2020-10-21,180,2020-02-06,2020-10-21,278.73,218.6151,225.6833,127.498,123.5049,146.01,303.91,-8.2853,90.8979,28998600
2020-10-22,180,2020-02-07,2020-10-22,278.12,218.9201,226.0571,127.0418,123.0309,146.01,303.91,-8.4861,90.4801,16720000
2020-10-23,180,2020-02-10,2020-10-23,284.79,219.2397,226.4596,129.8989,125.7575,146.01,303.91,-6.2913,95.0483,17535200
2020-10-26,180,2020-02-11,2020-10-26,277.11,219.5297,226.8154,126.2289,122.1742,146.01,303.91,-8.8184,89.7884,21322900
2020-10-27,180,2020-02-12,2020-10-27,283.29,219.8774,227.2382,128.84,124.6665,146.01,303.91,-6.7849,94.021,16287200
2020-10-28,180,2020-02-13,2020-10-28,267.67,220.1487,227.5544,121.586,117.629,146.01,303.91,-11.9246,83.3231,23121800
2020-10-29,180,2020-02-14,2020-10-29,280.83,220.4536,227.9304,127.3873,123.2086,146.01,303.91,-7.5944,92.3361,32368100
2020-10-30,180,2020-02-18,2020-10-30,263.11,220.6883,228.2023,119.2224,115.2968,146.01,303.91,-13.425,80.2,47247800
2020-11-02,180,2020-02-19,2020-11-02,261.36,220.8955,228.4443,118.3184,114.4086,146.01,303.91,-14.0009,79.0014,27165700
2020-11-03,180,2020-02-20,2020-11-03,265.3,221.1204,228.7099,119.9799,115.9985,146.01,303.91,-12.7044,81.6999,17961900
2020-11-04,180,2020-02-21,2020-11-04,287.38,221.4415,229.1143,129.7769,125.4308,146.01,303.91,-5.4391,96.8221,35364400
2020-11-05,180,2020-02-24,2020-11-05,294.68,221.8138,229.5838,132.8501,128.354,146.01,303.91,-3.0371,101.8218,23823600
2020-11-06,180,2020-02-25,2020-11-06,293.41,222.2449,230.0987,132.021,127.5148,146.01,303.91,-3.455,100.952,13891000
2020-11-09,180,2020-02-26,2020-11-09,278.77,222.6558,230.5543,125.2022,120.913,146.01,303.91,-8.2722,90.9253,25117700
2020-11-10,180,2020-02-27,2020-11-10,272.43,223.0422,230.9722,122.1428,117.9492,146.01,303.91,-10.3583,86.5831,29067700
2020-11-11,180,2020-02-28,2020-11-11,276.48,223.5,231.4541,123.7047,119.4535,146.01,303.91,-9.0257,89.3569,14957000
2020-11-12,180,2020-03-02,2020-11-12,275.08,223.9339,231.913,122.8398,118.6134,146.01,303.91,-9.4864,88.3981,12899500
2020-11-13,180,2020-03-03,2020-11-13,276.95,224.3469,232.3603,123.4472,119.1899,146.01,303.91,-8.871,89.6788,10391200
2020-11-16,180,2020-03-04,2020-11-16,278.96,224.8499,232.8773,124.065,119.7884,146.01,303.91,-8.2097,91.0554,12970400
2020-11-17,180,2020-03-05,2020-11-17,275.0,225.2941,233.3398,122.0627,117.8539,146.01,303.91,-9.5127,88.3433,15040300
2020-11-18,180,2020-03-06,2020-11-18,271.97,225.7812,233.822,120.4573,116.315,146.01,303.91,-10.5097,86.2681,12152900
2020-11-19,180,2020-03-09,2020-11-19,272.94,226.3087,234.3323,120.6052,116.4756,146.01,303.91,-10.1905,86.9324,12963700
2020-11-20,180,2020-03-10,2020-11-20,269.7,226.9341,234.8889,118.8451,114.8202,146.01,303.91,-11.2566,84.7134,18114700
2020-11-23,180,2020-03-11,2020-11-23,268.43,227.4751,235.3903,118.0041,114.0361,146.01,303.91,-11.6745,83.8436,20990800
2020-11-24,180,2020-03-12,2020-11-24,276.92,228.1275,235.9829,121.3882,117.3475,146.01,303.91,-8.8809,89.6583,16930400
2020-11-25,180,2020-03-13,2020-11-25,275.59,228.9531,236.6558,120.3696,116.4518,146.01,303.91,-9.3186,88.7473,12467000
2020-11-27,180,2020-03-16,2020-11-27,277.81,229.617,237.2532,120.9884,117.0943,146.01,303.91,-8.5881,90.2678,7808400
2020-11-30,180,2020-03-17,2020-11-30,276.97,230.5695,237.9808,120.1243,116.3833,146.96,303.91,-8.8645,88.4662,16693300
2020-12-01,180,2020-03-18,2020-12-01,286.55,231.5193,238.7426,123.7694,120.0247,146.96,303.91,-5.7122,94.985,20738900
2020-12-02,180,2020-03-19,2020-12-02,287.52,232.5142,239.5235,123.657,120.0383,148.1,303.91,-5.393,94.1391,17361600
2020-12-03,180,2020-03-20,2020-12-03,281.85,233.4134,240.2386,120.7514,117.3209,148.1,303.91,-7.2587,90.3106,12921700
2020-12-04,180,2020-03-23,2020-12-04,279.7,234.3565,240.9607,119.3481,116.077,148.1,303.91,-7.9662,88.8589,10880300
2020-12-07,180,2020-03-24,2020-12-07,285.58,235.3526,241.7244,121.3414,118.1428,154.18,303.91,-6.0314,85.2251,13007700
2020-12-08,180,2020-03-25,2020-12-08,283.4,236.1812,242.4046,119.9926,116.912,154.18,303.91,-6.7487,83.8111,10747700
2020-12-09,180,2020-03-26,2020-12-09,277.92,237.0532,243.0807,117.2395,114.3324,154.18,303.91,-8.5519,80.2569,25189700
2020-12-10,180,2020-03-27,2020-12-10,277.12,237.8406,243.7128,116.515,113.7076,154.18,303.91,-8.8151,79.738,20065100
2020-12-11,180,2020-03-30,2020-12-11,273.55,238.6992,244.3615,114.6003,111.9448,154.18,303.91,-9.9898,77.4225,14391400
2020-12-14,180,2020-03-31,2020-12-14,274.19,239.4546,244.9628,114.5061,111.9313,154.18,303.91,-9.7792,77.8376,16376900
2020-12-15,180,2020-04-01,2020-12-15,275.55,240.2106,245.567,114.7118,112.2097,154.18,303.91,-9.3317,78.7197,23979500
2020-12-16,180,2020-04-02,2020-12-16,275.67,241.0593,246.2118,114.3577,111.9646,154.18,303.91,-9.2922,78.7975,15885000
2020-12-17,180,2020-04-03,2020-12-17,274.48,241.9271,246.8579,113.4557,111.1895,154.18,303.91,-9.6838,78.0257,16377800
2020-12-18,180,2020-04-06,2020-12-18,276.4,242.8632,247.5369,113.8089,111.6601,165.55,303.91,-9.052,66.9586,26693200
2020-12-21,180,2020-04-07,2020-12-21,272.79,243.6438,248.1327,111.9626,109.9372,168.83,303.91,-10.2399,61.5767,16553700
2020-12-22,180,2020-04-08,2020-12-22,267.09,244.3646,248.6786,109.2998,107.4037,170.8,303.91,-12.1154,56.3759,17312900
2020-12-23,180,2020-04-09,2020-12-23,268.11,245.0326,249.1998,109.4181,107.5883,170.8,303.91,-11.7798,56.9731,14329000
2020-12-24,180,2020-04-13,2020-12-24,267.4,245.6909,249.7121,108.8359,107.0833,170.8,303.91,-12.0134,56.5574,6702000
2020-12-28,180,2020-04-14,2020-12-28,277.0,246.4009,250.2799,112.4184,110.6761,170.8,303.91,-8.8546,62.178,23299700
2020-12-29,180,2020-04-15,2020-12-29,276.78,247.0773,250.8278,112.0216,110.3466,170.8,303.91,-8.927,62.0492,16383000
2020-12-30,180,2020-04-16,2020-12-30,271.87,247.748,251.355,109.7365,108.1618,170.8,303.91,-10.5426,59.1745,11803800
2020-12-31,180,2020-04-17,2020-12-31,273.16,248.4363,251.8934,109.9517,108.4427,170.8,303.91,-10.1181,59.9297,12900400
2021-01-04,180,2020-04-20,2021-01-04,268.94,249.076,252.3917,107.9751,106.5566,170.8,303.91,-11.5067,57.459,15106100
2021-01-05,180,2020-04-21,2021-01-05,270.97,249.7395,252.9069,108.501,107.1422,170.8,303.91,-10.8387,58.6475,9871600
2021-01-06,180,2020-04-22,2021-01-06,263.31,250.4543,253.4208,105.1329,103.9023,182.28,303.91,-13.3592,44.4536,24354100
2021-01-07,180,2020-04-23,2021-01-07,268.74,251.0709,253.9012,107.0375,105.8443,182.91,303.91,-11.5725,46.9247,15789800
2021-01-08,180,2020-04-24,2021-01-08,267.57,251.6551,254.3592,106.3241,105.1938,182.91,303.91,-11.9575,46.2851,18528300
2021-01-11,180,2020-04-27,2021-01-11,256.84,252.1372,254.7301,101.8652,100.8283,182.91,303.91,-15.4881,40.4188,30412300
2021-01-12,180,2020-04-28,2021-01-12,251.09,252.6152,255.0834,99.3962,98.4345,182.91,303.91,-17.3801,37.2752,26383500
2021-01-13,180,2020-04-29,2021-01-13,251.64,253.1457,255.4652,99.4052,98.5026,194.19,303.91,-17.1992,29.5844,19528900
2021-01-14,180,2020-04-30,2021-01-14,245.64,253.5303,255.7511,96.8878,96.0465,202.27,303.91,-19.1734,21.4416,29739400
2021-01-15,180,2020-05-01,2021-01-15,251.36,253.8544,256.0102,99.0174,98.1836,202.27,303.91,-17.2913,24.2695,24942900
2021-01-19,180,2020-05-04,2021-01-19,261.1,254.2538,256.3371,102.6926,101.8581,205.1,303.91,-14.0864,27.3038,28028500
2021-01-20,180,2020-05-05,2021-01-20,267.48,254.6615,256.6827,105.0335,104.2065,205.1,303.91,-11.9871,30.4144,25199900
2021-01-21,180,2020-05-06,2021-01-21,272.87,255.0818,257.0483,106.9735,106.1552,205.1,303.91,-10.2136,33.0424,20838700
2021-01-22,180,2020-05-07,2021-01-22,274.5,255.4996,257.4151,107.4366,106.6371,205.1,303.91,-9.6772,33.8371,21954000
2021-01-25,180,2020-05-08,2021-01-25,278.01,255.9124,257.7859,108.6348,107.8453,205.1,303.91,-8.5223,35.5485,19087000
2021-01-26,180,2020-05-11,2021-01-26,282.05,256.3365,258.1732,110.0311,109.2484,205.1,303.91,-7.1929,37.5183,19373600
2021-01-27,180,2020-05-12,2021-01-27,272.14,256.708,258.5007,106.0115,105.2763,205.1,303.91,-10.4537,32.6865,35346200
2021-01-28,180,2020-05-13,2021-01-28,265.0,257.0695,258.8057,103.0849,102.3934,205.1,303.91,-12.8031,29.2053,37758800
2021-01-29,180,2020-05-14,2021-01-29,258.33,257.4389,259.1014,100.3461,99.7023,206.81,303.91,-14.9979,24.9117,30389500
2021-02-01,180,2020-05-15,2021-02-01,262.01,257.8146,259.4081,101.6273,101.003,210.88,303.91,-13.787,24.246,22914300
2021-02-02,180,2020-05-18,2021-02-02,267.08,258.1836,259.7203,103.4458,102.8337,213.19,303.91,-12.1187,25.2779,17320800
2021-02-03,180,2020-05-19,2021-02-03,266.65,258.5323,260.0173,103.1399,102.5509,216.08,303.91,-12.2602,23.4034,14223400
2021-02-04,180,2020-05-20,2021-02-04,266.49,258.8514,260.2929,102.951,102.3808,216.08,303.91,-12.3129,23.3293,16060000
2021-02-05,180,2020-05-21,2021-02-05,268.1,259.0818,260.5048,103.4808,102.9156,216.08,303.91,-11.7831,24.0744,12454400
2021-02-08,180,2020-05-22,2021-02-08,266.58,259.2947,260.7003,102.8096,102.2554,216.08,303.91,-12.2832,23.371,13755200
2021-02-09,180,2020-05-26,2021-02-09,269.45,259.4987,260.8922,103.8348,103.2802,216.08,303.91,-11.3389,24.6992,14613400
2021-02-10,180,2020-05-27,2021-02-10,271.87,259.734,261.1126,104.6725,104.1198,216.08,303.91,-10.5426,25.8191,14687200
2021-02-11,180,2020-05-28,2021-02-11,270.39,259.9838,261.3417,104.0026,103.4622,216.08,303.91,-11.0296,25.1342,12828600
2021-02-12,180,2020-05-29,2021-02-12,270.5,260.2614,261.5919,103.934,103.4053,216.08,303.91,-10.9934,25.1851,9097600
2021-02-16,180,2020-06-01,2021-02-16,273.97,260.56,261.8635,105.1466,104.6232,216.08,303.91,-9.8516,26.791,15417200
2021-02-17,180,2020-06-02,2021-02-17,273.57,260.8079,262.0949,104.8933,104.3782,216.08,303.91,-9.9832,26.6059,12763200
2021-02-18,180,2020-06-03,2021-02-18,269.39,261.0292,262.2987,103.203,102.7035,216.08,303.91,-11.3586,24.6714,15249100
2021-02-19,180,2020-06-04,2021-02-19,261.56,261.2268,262.4731,100.1276,99.6521,216.08,303.91,-13.935,21.0478,25622600
2021-02-22,180,2020-06-05,2021-02-22,260.33,261.446,262.6622,99.5731,99.1121,216.08,303.91,-14.3398,20.4785,17434900
2021-02-23,180,2020-06-08,2021-02-23,265.86,261.6634,262.8572,101.6038,101.1424,216.08,303.91,-12.5202,23.0378,21924600
2021-02-24,180,2020-06-09,2021-02-24,264.31,261.8682,263.04,100.9325,100.4828,216.08,303.91,-13.0302,22.3204,15736100
2021-02-25,180,2020-06-10,2021-02-25,254.69,261.9686,263.129,97.2216,96.7928,216.08,303.91,-16.1956,17.8684,19053100
2021-02-26,180,2020-06-11,2021-02-26,257.62,262.0993,263.2451,98.291,97.8632,216.08,303.91,-15.2315,19.2244,26619500
2021-03-01,180,2020-06-12,2021-03-01,264.91,262.3594,263.4699,100.9722,100.5466,216.08,303.91,-12.8327,22.5981,22157300
2021-03-02,180,2020-06-15,2021-03-02,259.0,262.556,263.6389,98.6456,98.2404,216.08,303.91,-14.7774,19.863,15191700
2021-03-03,180,2020-06-16,2021-03-03,255.41,262.7039,263.7662,97.2235,96.832,216.08,303.91,-15.9587,18.2016,15513500
2021-03-04,180,2020-06-17,2021-03-04,257.64,262.8428,263.8884,98.0206,97.6322,216.08,303.91,-15.2249,19.2336,31626500
2021-03-05,180,2020-06-18,2021-03-05,264.28,263.0202,264.0481,100.479,100.0878,216.08,303.91,-13.04,22.3066,26820100
2021-03-08,180,2020-06-19,2021-03-08,255.31,263.1439,264.1557,97.023,96.6513,216.08,303.91,-15.9916,18.1553,18391800
2021-03-09,180,2020-06-22,2021-03-09,265.74,263.3073,264.3054,100.9239,100.5428,216.08,303.91,-12.5596,22.9822,22039700
2021-03-10,180,2020-06-23,2021-03-10,264.9,263.4635,264.4481,100.5452,100.1709,216.08,303.91,-12.836,22.5935,14210300
2021-03-11,180,2020-06-24,2021-03-11,273.88,263.6476,264.6239,103.8811,103.4978,216.08,303.91,-9.8812,26.7494,21834000
2021-03-12,180,2020-06-25,2021-03-12,268.4,263.8591,264.8149,101.721,101.3538,216.08,303.91,-11.6844,24.2133,20600200
2021-03-15,180,2020-06-26,2021-03-15,273.75,264.0875,265.0264,103.6588,103.2916,216.08,303.91,-9.924,26.6892,16844800
2021-03-16,180,2020-06-29,2021-03-16,279.28,264.4939,265.3775,105.5903,105.2388,220.64,303.91,-8.1044,26.5772,22437700
2021-03-17,180,2020-06-30,2021-03-17,284.01,264.8875,265.7296,107.2191,106.8793,227.07,303.91,-6.548,25.076,21315000
2021-03-18,180,2020-07-01,2021-03-18,278.62,265.2055,266.0159,105.0581,104.7381,230.12,303.91,-8.3215,21.076,18728300
2021-03-19,180,2020-07-02,2021-03-19,290.11,265.5039,266.3079,109.2677,108.9378,230.12,303.91,-4.5408,26.069,38930500
2021-03-22,180,2020-07-06,2021-03-22,293.54,265.848,266.6419,110.4165,110.0877,230.12,303.91,-3.4122,27.5595,28273100
2021-03-23,180,2020-07-07,2021-03-23,290.63,266.1314,266.9217,109.2055,108.8821,230.12,303.91,-4.3697,26.295,23000900
2021-03-24,180,2020-07-08,2021-03-24,282.14,266.3706,267.151,105.9201,105.6107,230.12,303.91,-7.1633,22.6056,18675000
2021-03-25,180,2020-07-09,2021-03-25,278.74,266.5749,267.3463,104.5635,104.2618,230.12,303.91,-8.2821,21.1281,24505600
2021-03-26,180,2020-07-10,2021-03-26,283.02,266.7948,267.5603,106.0815,105.778,230.12,303.91,-6.8738,22.988,17629200
2021-03-29,180,2020-07-13,2021-03-29,290.82,267.0489,267.8145,108.9014,108.5901,230.12,303.91,-4.3072,26.3775,21718800
2021-03-30,180,2020-07-14,2021-03-30,288.0,267.3312,268.0867,107.7315,107.4279,230.12,303.91,-5.2351,25.1521,17474500
2021-03-31,180,2020-07-15,2021-03-31,294.53,267.6397,268.3912,110.0472,109.7391,230.12,303.91,-3.0864,27.9897,19498200
2021-04-01,180,2020-07-16,2021-04-01,298.66,267.9639,268.7155,111.4553,111.1436,230.12,303.91,-1.7275,29.7845,17616000
2021-04-05,180,2020-07-17,2021-04-05,308.91,268.3287,269.0932,115.1237,114.7967,230.12,308.91,0.0,34.2387,28237000
2021-04-06,180,2020-07-20,2021-04-06,306.26,268.6758,269.45,113.9887,113.6612,230.12,308.91,-0.8579,33.0871,17335200
2021-04-07,180,2020-07-21,2021-04-07,313.09,269.0295,269.8259,116.3776,116.0341,230.12,313.09,0.0,36.0551,22855200
2021-04-08,180,2020-07-22,2021-04-08,313.02,269.4087,270.2219,116.1878,115.8381,230.12,313.09,-0.0224,36.0247,20894100
2021-04-09,180,2020-07-23,2021-04-09,312.46,269.7998,270.6252,115.8118,115.4586,230.12,313.09,-0.2012,35.7813,15988600
2021-04-12,180,2020-07-24,2021-04-12,311.54,270.241,271.0637,115.2823,114.9324,230.12,313.09,-0.4951,35.3815,10881900
2021-04-13,180,2020-07-27,2021-04-13,309.76,270.6906,271.5029,114.4332,114.0909,230.12,313.09,-1.0636,34.608,14036900
2021-04-14,180,2020-07-28,2021-04-14,302.82,271.0902,271.888,111.7045,111.3767,230.12,313.09,-3.2802,31.5922,17421400
2021-04-15,180,2020-07-29,2021-04-15,307.82,271.5388,272.3197,113.3613,113.0363,233.29,313.09,-1.6832,31.9474,14558300
2021-04-16,180,2020-07-30,2021-04-16,306.18,271.9575,272.7246,112.5838,112.2671,234.5,313.09,-2.207,30.5672,13059200
2021-04-19,180,2020-07-31,2021-04-19,302.24,272.3508,273.1009,110.9745,110.6697,245.64,313.09,-3.4655,23.0418,14553500
2021-04-20,180,2020-08-03,2021-04-20,302.65,272.6139,273.3731,111.0178,110.7095,245.64,313.09,-3.3345,23.2088,16796400
2021-04-21,180,2020-08-04,2021-04-21,301.47,272.8833,273.6481,110.4758,110.167,245.64,313.09,-3.7114,22.7284,14863500
2021-04-22,180,2020-08-05,2021-04-22,296.52,273.1443,273.9075,108.558,108.2555,245.64,313.09,-5.2924,20.7132,16375400
2021-04-23,180,2020-08-06,2021-04-23,301.13,273.432,274.1964,110.1298,109.8227,245.64,313.09,-3.82,22.59,17536800
2021-04-26,180,2020-08-07,2021-04-26,303.04,273.6272,274.4062,110.7492,110.4348,245.64,313.09,-3.2099,23.3675,16172600
2021-04-27,180,2020-08-10,2021-04-27,303.57,273.8066,274.6014,110.8702,110.5493,245.64,313.09,-3.0407,23.5833,15309300
2021-04-28,180,2020-08-11,2021-04-28,307.1,274.0342,274.8464,112.0663,111.7351,245.64,313.09,-1.9132,25.0204,33907200
2021-04-29,180,2020-08-12,2021-04-29,329.51,274.3975,275.2541,120.0849,119.7112,245.64,329.51,0.0,34.1435,56526800
2021-04-30,180,2020-08-13,2021-04-30,325.08,274.7206,275.6162,118.3311,117.9466,245.64,329.51,-1.3444,32.34,26332400
2021-05-03,180,2020-08-14,2021-05-03,322.58,275.0258,275.9567,117.2908,116.8952,245.64,329.51,-2.1031,31.3223,18719500
2021-05-04,180,2020-08-17,2021-05-04,318.36,275.3147,276.274,115.6349,115.2334,245.64,329.51,-3.3838,29.6043,24032600
2021-05-05,180,2020-08-18,2021-05-05,315.02,275.5906,276.5732,114.3072,113.9011,245.64,329.51,-4.3974,28.2446,15577600
2021-05-06,180,2020-08-19,2021-05-06,320.02,275.8808,276.8937,115.9994,115.575,245.64,329.51,-2.88,30.2801,19012200
2021-05-07,180,2020-08-20,2021-05-07,319.08,276.1662,277.2075,115.5391,115.1051,245.64,329.51,-3.1653,29.8974,15916700
2021-05-10,180,2020-08-21,2021-05-10,305.97,276.3566,277.4128,110.7156,110.2941,245.64,329.51,-7.1439,24.5603,24239200
2021-05-11,180,2020-08-24,2021-05-11,306.53,276.5616,277.6324,110.8361,110.4086,245.64,329.51,-6.974,24.7883,18920100
2021-05-12,180,2020-08-25,2021-05-12,302.55,276.723,277.8055,109.3332,108.9071,245.64,329.51,-8.1819,23.168,24645500
2021-05-13,180,2020-08-26,2021-05-13,305.26,276.8443,277.9413,110.2641,109.829,245.64,329.51,-7.3594,24.2713,18079200
2021-05-14,180,2020-08-27,2021-05-14,315.94,276.8977,278.0081,114.0999,113.6442,245.64,329.51,-4.1182,28.6191,19245700
2021-05-17,180,2020-08-28,2021-05-17,315.46,277.0001,278.1317,113.8844,113.4211,245.64,329.51,-4.2639,28.4237,15401300
2021-05-18,180,2020-08-31,2021-05-18,309.96,277.0765,278.2222,111.868,111.4073,245.64,329.51,-5.9331,26.1847,14522400
2021-05-19,180,2020-09-01,2021-05-19,313.59,277.1711,278.3355,113.1395,112.6662,245.64,329.51,-4.8314,27.6624,19106200
2021-05-20,180,2020-09-02,2021-05-20,318.61,277.2762,278.4642,114.9071,114.4168,245.64,329.51,-3.3079,29.7061,17320200
2021-05-21,180,2020-09-03,2021-05-21,316.23,277.3375,278.5405,114.0235,113.5311,245.64,329.51,-4.0302,28.7372,13600900
2021-05-24,180,2020-09-04,2021-05-24,324.63,277.4891,278.7267,116.9884,116.4689,245.64,329.51,-1.481,32.1568,16445400
2021-05-25,180,2020-09-08,2021-05-25,327.79,277.6973,278.977,118.0386,117.4971,245.64,329.51,-0.522,33.4433,16437000
2021-05-26,180,2020-09-09,2021-05-26,327.66,277.97,279.2909,117.876,117.3185,245.64,329.51,-0.5614,33.3903,9686900
2021-05-27,180,2020-09-10,2021-05-27,332.75,278.2485,279.6188,119.5874,119.0013,245.64,332.75,0.0,35.4625,20477700
2021-05-28,180,2020-09-11,2021-05-28,328.73,278.5447,279.9557,118.017,117.4221,245.64,332.75,-1.2081,33.8259,12037400
2021-06-01,180,2020-09-14,2021-06-01,329.13,278.8522,280.3031,118.0303,117.4193,245.64,332.75,-1.0879,33.9888,11765900
2021-06-02,180,2020-09-15,2021-06-02,329.15,279.1632,280.6531,117.9059,117.28,245.64,332.75,-1.0819,33.9969,11654300
2021-06-03,180,2020-09-16,2021-06-03,326.04,279.4248,280.9509,116.6826,116.0487,245.64,332.75,-2.0165,32.7308,12610800
2021-06-04,180,2020-09-17,2021-06-04,330.35,279.7582,281.3222,118.0841,117.4276,245.64,332.75,-0.7213,34.4854,13289400
2021-06-07,180,2020-09-18,2021-06-07,336.58,280.1733,281.7764,120.1328,119.4493,245.64,336.58,0.0,37.0217,20136700
2021-06-08,180,2020-09-21,2021-06-08,333.68,280.5939,282.2273,118.9192,118.231,245.64,336.58,-0.8616,35.8411,14580500
2021-06-09,180,2020-09-22,2021-06-09,330.25,281.0328,282.6834,117.513,116.8268,245.64,336.58,-1.8807,34.4447,13727900
2021-06-10,180,2020-09-23,2021-06-10,332.46,281.436,283.1151,118.1299,117.4293,245.64,336.58,-1.2241,35.3444,13240200
2021-06-11,180,2020-09-24,2021-06-11,331.26,281.8754,283.572,117.52,116.8169,245.64,336.58,-1.5806,34.8559,13587900
2021-06-14,180,2020-09-25,2021-06-14,336.77,282.3343,284.0567,119.2806,118.5573,245.64,336.77,0.0,37.099,12250800
2021-06-15,180,2020-09-28,2021-06-15,336.75,282.7578,284.5118,119.0949,118.3606,245.64,336.77,-0.0059,37.0909,15795200
2021-06-16,180,2020-09-29,2021-06-16,331.08,283.1463,284.9244,116.929,116.1992,245.64,336.77,-1.6896,34.7826,17232200
2021-06-17,180,2020-09-30,2021-06-17,336.51,283.5245,285.3395,118.6881,117.9332,245.64,336.77,-0.0772,36.9932,17794100
2021-06-18,180,2020-10-01,2021-06-18,329.66,283.8755,285.7159,116.1284,115.3803,245.64,336.77,-2.1112,34.2045,23039500
2021-06-21,180,2020-10-02,2021-06-21,332.29,284.2076,286.0807,116.918,116.1525,245.64,336.77,-1.3303,35.2752,11337500
2021-06-22,180,2020-10-05,2021-06-22,339.03,284.6109,286.5201,119.1205,118.3268,245.64,339.03,0.0,38.0191,15345300
2021-06-23,180,2020-10-06,2021-06-23,340.59,284.9906,286.942,119.5092,118.6965,245.64,340.59,0.0,38.6541,14817800
2021-06-24,180,2020-10-07,2021-06-24,343.18,285.4209,287.4116,120.2365,119.4037,245.64,343.18,0.0,39.7085,12329100
2021-06-25,180,2020-10-08,2021-06-25,341.37,285.8491,287.8741,119.4231,118.5831,245.64,343.18,-0.5274,38.9717,14594400
2021-06-28,180,2020-10-09,2021-06-28,355.64,286.2944,288.3845,124.2218,123.3215,245.64,355.64,0.0,44.781,29156100
2021-06-29,180,2020-10-12,2021-06-29,351.89,286.7229,288.8703,122.7282,121.8159,245.64,355.64,-1.0544,43.2544,21417300
2021-06-30,180,2020-10-13,2021-06-30,347.71,287.0661,289.2701,121.1254,120.2026,245.64,355.64,-2.2298,41.5527,15107500
2021-07-01,180,2020-10-14,2021-07-01,354.39,287.4327,289.7048,123.295,122.328,245.64,355.64,-0.3515,44.2721,17137000
2021-07-02,180,2020-10-15,2021-07-02,354.7,287.8278,290.1652,123.2334,122.2407,245.64,355.64,-0.2643,44.3983,11521300
2021-07-06,180,2020-10-16,2021-07-06,352.78,288.2493,290.6433,122.3871,121.379,245.64,355.64,-0.8042,43.6167,13488500
2021-07-07,180,2020-10-19,2021-07-07,350.49,288.6687,291.1131,121.416,120.3965,245.64,355.64,-1.4481,42.6844,14218900
2021-07-08,180,2020-10-20,2021-07-08,345.65,289.101,291.5812,119.5603,118.5433,245.64,355.64,-2.809,40.7141,14406500
2021-07-09,180,2020-10-21,2021-07-09,350.42,289.512,292.0415,121.0382,119.9898,245.64,355.64,-1.4678,42.6559,13018700
2021-07-12,180,2020-10-22,2021-07-12,353.16,289.8645,292.455,121.8362,120.757,245.64,355.64,-0.6973,43.7714,10018600
2021-07-13,180,2020-10-23,2021-07-13,352.09,290.2175,292.8659,121.3193,120.2222,245.64,355.64,-0.9982,43.3358,11456000
2021-07-14,180,2020-10-26,2021-07-14,347.63,290.5148,293.2151,119.66,118.558,245.64,355.64,-2.2523,41.5201,13894200
2021-07-15,180,2020-10-27,2021-07-15,344.46,290.8461,293.5892,118.4338,117.3272,245.64,355.64,-3.1436,40.2296,14781600
2021-07-16,180,2020-10-28,2021-07-16,341.16,291.1277,293.9107,117.1857,116.0761,245.64,355.64,-4.0715,38.8862,11026100
2021-07-19,180,2020-10-29,2021-07-19,336.95,291.4899,294.2956,115.5958,114.4937,245.64,355.64,-5.2553,37.1723,14372300
2021-07-20,180,2020-10-30,2021-07-20,341.66,291.7894,294.6336,117.0913,115.961,245.64,355.64,-3.9309,39.0897,11024300
2021-07-21,180,2020-11-02,2021-07-21,346.23,292.2217,295.0953,118.482,117.3282,245.64,355.64,-2.6459,40.9502,9279700
2021-07-22,180,2020-11-03,2021-07-22,351.19,292.6867,295.5944,119.9884,118.8081,245.64,355.64,-1.2513,42.9694,12385400
2021-07-23,180,2020-11-04,2021-07-23,369.79,293.1945,296.1749,126.1245,124.8553,245.64,369.79,0.0,50.5414,33694300
2021-07-26,180,2020-11-05,2021-07-26,372.46,293.5746,296.6476,126.8707,125.5564,245.64,372.46,0.0,51.6284,14925200
2021-07-27,180,2020-11-06,2021-07-27,367.81,293.898,297.0538,125.1489,123.8193,245.64,372.46,-1.2485,49.7354,15705400
2021-07-28,180,2020-11-09,2021-07-28,373.28,294.2483,297.4976,126.8588,125.4733,245.64,373.28,0.0,51.9622,29676900
2021-07-29,180,2020-11-10,2021-07-29,358.32,294.6319,297.9395,121.6162,120.266,245.64,373.28,-4.0077,45.872,33413200
2021-07-30,180,2020-11-11,2021-07-30,356.3,295.0492,298.4054,120.7595,119.4013,245.64,373.28,-4.5489,45.0497,15976200
2021-08-02,180,2020-11-12,2021-08-02,351.95,295.4248,298.8247,119.1335,117.7781,245.64,373.28,-5.7142,43.2788,13180400
2021-08-03,180,2020-11-13,2021-08-03,351.24,295.8075,299.2478,118.7394,117.3743,245.64,373.28,-5.9044,42.9897,12406100
2021-08-04,180,2020-11-16,2021-08-04,358.92,296.2089,299.7032,121.1713,119.7585,245.64,373.28,-3.847,46.1163,14180600
2021-08-05,180,2020-11-17,2021-08-05,362.97,296.6139,300.1699,122.3712,120.9215,245.64,373.28,-2.762,47.765,10247200
2021-08-06,180,2020-11-18,2021-08-06,363.51,297.0473,300.6617,122.3745,120.9033,245.64,373.28,-2.6173,47.9849,8925000
2021-08-09,180,2020-11-19,2021-08-09,361.61,297.4947,301.1597,121.5517,120.0725,245.64,373.28,-3.1263,47.2114,7798900
2021-08-10,180,2020-11-20,2021-08-10,361.13,297.9353,301.6496,121.2109,119.7184,245.64,373.28,-3.2549,47.016,7469900
2021-08-11,180,2020-11-23,2021-08-11,359.96,298.3945,302.1511,120.6322,119.1325,245.64,373.28,-3.5684,46.5396,8400300
2021-08-12,180,2020-11-24,2021-08-12,362.65,298.8741,302.6745,121.3387,119.8152,245.64,373.28,-2.8477,47.6347,7170700
2021-08-13,180,2020-11-25,2021-08-13,363.18,299.3003,303.1537,121.343,119.8006,245.64,373.28,-2.7057,47.8505,7195700
2021-08-16,180,2020-11-27,2021-08-16,366.56,299.7491,303.6591,122.2889,120.7143,245.64,373.28,-1.8003,49.2265,11222100
2021-08-17,180,2020-11-30,2021-08-17,358.45,300.1539,304.1071,119.4221,117.8697,245.64,373.28,-3.9729,45.9249,12328700
2021-08-18,180,2020-12-01,2021-08-18,355.45,300.5534,304.5431,118.2652,116.7158,245.64,373.28,-4.7766,44.7036,10042400
2021-08-19,180,2020-12-02,2021-08-19,355.12,300.892,304.9241,118.0224,116.4618,245.64,373.28,-4.865,44.5693,12004500
2021-08-20,180,2020-12-03,2021-08-20,359.37,301.2421,305.3232,119.2961,117.7015,245.64,373.28,-3.7264,46.2995,8697700
2021-08-23,180,2020-12-04,2021-08-23,363.35,301.6439,305.776,120.4566,118.8288,245.64,373.28,-2.6602,47.9197,10942000
2021-08-24,180,2020-12-07,2021-08-24,365.51,302.0688,306.2527,121.0023,119.3491,245.64,373.28,-2.0815,48.7991,9235100
2021-08-25,180,2020-12-08,2021-08-25,368.39,302.4683,306.7128,121.7946,120.1091,245.64,373.28,-1.31,49.9715,9684500
2021-08-26,180,2020-12-09,2021-08-26,364.38,302.8674,307.1627,120.3101,118.6277,245.64,373.28,-2.3843,48.339,7888700
2021-08-27,180,2020-12-10,2021-08-27,372.63,303.3342,307.6888,122.8447,121.1061,245.64,373.28,-0.1741,51.6976,11219100
2021-08-30,180,2020-12-11,2021-08-30,380.66,303.8367,308.2641,125.2844,123.485,245.64,380.66,0.0,54.9666,13547300
2021-08-31,180,2020-12-14,2021-08-31,379.38,304.3606,308.852,124.6482,122.8355,245.64,380.66,-0.3363,54.4455,12345400
2021-09-01,180,2020-12-15,2021-09-01,382.05,304.8915,309.4512,125.3069,123.4605,245.64,382.05,0.0,55.5325,11567200
2021-09-02,180,2020-12-16,2021-09-02,375.28,305.3904,310.0053,122.8853,121.056,245.64,382.05,-1.772,52.7764,14832900
2021-09-03,180,2020-12-17,2021-09-03,376.26,305.8937,310.5641,123.0035,121.1537,245.64,382.05,-1.5155,53.1754,7509600
2021-09-07,180,2020-12-18,2021-09-07,382.18,306.4283,311.1624,124.7209,122.8233,245.64,382.18,0.0,55.5854,10793800
2021-09-08,180,2020-12-21,2021-09-08,377.57,306.9348,311.7245,123.0131,121.123,245.64,382.18,-1.2062,53.7087,11067200
2021-09-09,180,2020-12-22,2021-09-09,378.0,307.4698,312.309,122.9389,121.034,245.64,382.18,-1.0937,53.8837,9098900
2021-09-10,180,2020-12-23,2021-09-10,378.69,308.0504,312.929,122.9312,121.0147,245.64,382.18,-0.9132,54.1646,11549600
2021-09-13,180,2020-12-24,2021-09-13,376.51,308.6176,313.5312,121.9989,120.0869,245.64,382.18,-1.4836,53.2772,13026300
2021-09-14,180,2020-12-28,2021-09-14,376.53,309.1921,314.1375,121.7786,119.8615,245.64,382.18,-1.4784,53.2853,8711600
2021-09-15,180,2020-12-29,2021-09-15,373.92,309.6899,314.6759,120.7401,118.827,245.64,382.18,-2.1613,52.2228,17940300
2021-09-16,180,2020-12-30,2021-09-16,373.06,310.1876,315.2108,120.2692,118.3525,245.64,382.18,-2.3863,51.8727,11934200
2021-09-17,180,2020-12-31,2021-09-17,364.72,310.6889,315.7267,117.3907,115.5176,245.64,382.18,-4.5685,48.4774,26299000
2021-09-20,180,2021-01-04,2021-09-20,355.7,311.1451,316.1852,114.3196,112.4974,245.64,382.18,-6.9287,44.8054,19822800
2021-09-21,180,2021-01-05,2021-09-21,357.48,311.6412,316.6771,114.7088,112.8847,245.64,382.18,-6.4629,45.53,11751900
2021-09-22,180,2021-01-06,2021-09-22,343.21,312.0609,317.0784,109.9817,108.2414,245.64,382.18,-10.1968,39.7207,43692900
2021-09-23,180,2021-01-07,2021-09-23,345.96,312.5525,317.5376,110.6886,108.9509,245.64,382.18,-9.4772,40.8403,21806300
2021-09-24,180,2021-01-08,2021-09-24,352.96,313.0352,318.0055,112.7541,110.9918,245.64,382.18,-7.6456,43.6899,18801900
2021-09-27,180,2021-01-11,2021-09-27,353.58,313.5309,318.4833,112.7736,111.0199,245.64,382.18,-7.4834,43.9423,15205800
2021-09-28,180,2021-01-12,2021-09-28,340.65,314.0549,318.9489,108.4683,106.8039,245.64,382.18,-10.8666,38.6786,21710300
2021-09-29,180,2021-01-13,2021-09-29,339.61,314.6247,319.4407,107.9413,106.3139,245.64,382.18,-11.1387,38.2552,14452200
2021-09-30,180,2021-01-14,2021-09-30,339.39,315.1908,319.9282,107.6776,106.0832,245.64,382.18,-11.1963,38.1656,16547100
2021-10-01,180,2021-01-15,2021-10-01,343.01,315.8299,320.4692,108.6059,107.0337,251.36,382.18,-10.2491,36.4617,14905300
2021-10-04,180,2021-01-19,2021-10-04,326.23,316.3367,320.8851,103.1275,101.6657,254.69,382.18,-14.6397,28.0891,42885000
2021-10-05,180,2021-01-20,2021-10-05,332.96,316.7969,321.2843,105.102,103.6341,254.69,382.18,-12.8787,30.7315,35377900
2021-10-06,180,2021-01-21,2021-10-06,333.64,317.2108,321.6519,105.1793,103.727,254.69,382.18,-12.7008,30.9985,26443000
2021-10-07,180,2021-01-22,2021-10-07,329.22,317.5618,321.9649,103.6712,102.2534,254.69,382.18,-13.8573,29.263,28307500
2021-10-08,180,2021-01-25,2021-10-08,330.05,317.9057,322.2736,103.8201,102.413,254.69,382.18,-13.6402,29.5889,15946100
2021-10-11,180,2021-01-26,2021-10-11,325.45,318.2003,322.5371,102.2783,100.9031,254.69,382.18,-14.8438,27.7828,14708200
2021-10-12,180,2021-01-27,2021-10-12,323.77,318.4575,322.7689,101.6682,100.3102,254.69,382.18,-15.2834,27.1232,31658700
2021-10-13,180,2021-01-28,2021-10-13,324.54,318.7922,323.06,101.803,100.4581,254.69,382.18,-15.0819,27.4255,14761500
2021-10-14,180,2021-01-29,2021-10-14,328.53,319.2047,323.4129,102.9214,101.5822,254.69,382.18,-14.0379,28.9921,14302200
2021-10-15,180,2021-02-01,2021-10-15,324.76,319.6536,323.782,101.5975,100.3021,254.69,382.18,-15.0243,27.5119,21596400
2021-10-18,180,2021-02-02,2021-10-18,335.34,320.128,324.1894,104.7518,103.4395,254.69,382.18,-12.256,31.6659,21585000
2021-10-19,180,2021-02-03,2021-10-19,339.99,320.5858,324.5944,106.0527,104.743,254.69,382.18,-11.0393,33.4917,18786300
2021-10-20,180,2021-02-04,2021-10-20,340.78,321.0523,325.0063,106.1447,104.8534,254.69,382.18,-10.8326,33.8019,13639500
2021-10-21,180,2021-02-05,2021-10-21,341.88,321.5268,325.4251,106.3302,105.0564,254.69,382.18,-10.5448,34.2338,16354400
2021-10-22,180,2021-02-08,2021-10-22,324.61,321.9002,325.7391,100.8418,99.6534,254.69,382.18,-15.0636,27.453,35224500
2021-10-25,180,2021-02-09,2021-10-25,328.69,322.3088,326.0841,101.9798,100.7991,254.69,382.18,-13.996,29.0549,38409000
2021-10-26,180,2021-02-10,2021-10-26,315.81,322.6235,326.3417,97.8881,96.7728,254.69,382.18,-17.3662,23.9978,65654000
2021-10-27,180,2021-02-11,2021-10-27,312.22,322.8986,326.5658,96.6929,95.6071,254.69,382.18,-18.3055,22.5882,29971800
2021-10-28,180,2021-02-12,2021-10-28,316.92,323.2134,326.8243,98.0529,96.9695,254.69,382.18,-17.0757,24.4336,50806800
2021-10-29,180,2021-02-16,2021-10-29,323.57,323.5657,327.1192,100.0013,98.915,254.69,382.18,-15.3357,27.0446,37059400
2021-11-01,180,2021-02-17,2021-11-01,329.98,323.9265,327.4303,101.8688,100.7787,254.69,382.18,-13.6585,29.5614,31518900
2021-11-02,180,2021-02-18,2021-11-02,328.08,324.2809,327.7332,101.1715,100.1058,254.69,382.18,-14.1556,28.8154,28353000
2021-11-03,180,2021-02-19,2021-11-03,331.62,324.6884,328.0789,102.1349,101.0793,254.69,382.18,-13.2294,30.2053,20786500
2021-11-04,180,2021-02-22,2021-11-04,335.85,325.1844,328.4916,103.2799,102.2401,254.69,382.18,-12.1226,31.8662,22495300
2021-11-05,180,2021-02-23,2021-11-05,341.13,325.7198,328.9405,104.7311,103.7057,254.69,382.18,-10.741,33.9393,26872800
2021-11-08,180,2021-02-24,2021-11-08,338.62,326.1969,329.3447,103.8085,102.8163,254.69,382.18,-11.3978,32.9538,18342500
2021-11-09,180,2021-02-25,2021-11-09,335.37,326.6715,329.7395,102.6628,101.7076,254.69,382.18,-12.2482,31.6777,17556700
2021-11-10,180,2021-02-26,2021-11-10,327.64,327.1906,330.1448,100.1374,99.2413,255.31,382.18,-14.2708,28.3303,21872600
2021-11-11,180,2021-03-01,2021-11-11,327.74,327.6853,330.5343,100.0167,99.1546,255.31,382.18,-14.2446,28.3694,12376600
2021-11-12,180,2021-03-02,2021-11-12,340.89,328.1879,330.9564,103.8704,103.0015,255.31,382.18,-10.8038,33.52,25414300
2021-11-15,180,2021-03-03,2021-11-15,347.56,328.7777,331.4484,105.7128,104.861,255.31,382.18,-9.0586,36.1325,25076600
2021-11-16,180,2021-03-04,2021-11-16,342.96,329.379,331.9348,104.1232,103.3215,255.31,382.18,-10.2622,34.3308,18181100
2021-11-17,180,2021-03-05,2021-11-17,340.77,329.9507,332.3967,103.2791,102.5191,255.31,382.18,-10.8352,33.473,13602800
2021-11-18,180,2021-03-08,2021-11-18,338.69,330.4542,332.8101,102.4923,101.7668,255.31,382.18,-11.3795,32.6583,17487200
2021-11-19,180,2021-03-09,2021-11-19,345.3,331.0747,333.31,104.2967,103.5972,264.9,382.18,-9.6499,30.3511,26488500
2021-11-22,180,2021-03-10,2021-11-22,341.01,331.5812,333.7282,102.8436,102.182,264.9,382.18,-10.7724,28.7316,27116800
2021-11-23,180,2021-03-11,2021-11-23,337.25,332.0766,334.1301,101.5579,100.9337,268.4,382.18,-11.7562,25.652,17225000
2021-11-24,180,2021-03-12,2021-11-24,341.06,332.5178,334.5033,102.5689,101.9601,268.4,382.18,-10.7593,27.0715,13566200
2021-11-26,180,2021-03-15,2021-11-26,333.12,332.9631,334.8629,100.0471,99.4795,273.75,382.18,-12.8369,21.6877,14750700
2021-11-29,180,2021-03-16,2021-11-29,338.03,333.3915,335.22,101.3913,100.8383,278.62,382.18,-11.5521,21.323,16650900
2021-11-30,180,2021-03-17,2021-11-30,324.46,333.6996,335.471,97.2311,96.7177,278.62,382.18,-15.1028,16.4525,25390000
2021-12-01,180,2021-03-18,2021-12-01,310.6,333.8862,335.6187,93.0257,92.5455,278.62,382.18,-18.7294,11.478,30329600
2021-12-02,180,2021-03-19,2021-12-02,310.39,334.1139,335.7952,92.8995,92.4343,278.74,382.18,-18.7843,11.3547,24396200
2021-12-03,180,2021-03-22,2021-12-03,306.84,334.2305,335.8882,91.8049,91.3518,278.74,382.18,-19.7132,10.0811,27471000
2021-12-06,180,2021-03-23,2021-12-06,317.87,334.3924,336.0233,95.059,94.5976,278.74,382.18,-16.8271,14.0382,21758300
2021-12-07,180,2021-03-24,2021-12-07,322.81,334.6056,336.2021,96.4748,96.0166,278.74,382.18,-15.5346,15.8104,18794000
2021-12-08,180,2021-03-25,2021-12-08,330.56,334.9288,336.4711,98.6956,98.2432,278.74,382.18,-13.5067,18.5908,19937700
2021-12-09,180,2021-03-26,2021-12-09,329.82,335.2755,336.7549,98.3728,97.9407,283.02,382.18,-13.7003,16.5359,16879200
2021-12-10,180,2021-03-29,2021-12-10,329.75,335.5885,337.0145,98.2602,97.8445,288.0,382.18,-13.7187,14.4965,14528000
2021-12-13,180,2021-03-30,2021-12-13,334.49,335.8696,337.2571,99.5893,99.1795,288.0,382.18,-12.4784,16.1424,22948700
2021-12-14,180,2021-03-31,2021-12-14,333.74,336.1681,337.5112,99.2777,98.8826,294.53,382.18,-12.6747,13.3127,20461000
2021-12-15,180,2021-04-01,2021-12-15,341.66,336.4624,337.7731,101.5448,101.1508,296.52,382.18,-10.6023,15.2233,24681300
2021-12-16,180,2021-04-05,2021-12-16,334.9,336.6904,337.9744,99.4682,99.0903,296.52,382.18,-12.3711,12.9435,22635000
2021-12-17,180,2021-04-06,2021-12-17,333.79,336.8424,338.1126,99.0938,98.7215,296.52,382.18,-12.6616,12.5691,40012600
2021-12-20,180,2021-04-07,2021-12-20,325.45,336.9638,338.2192,96.5831,96.2246,296.52,382.18,-14.8438,9.7565,17901800
2021-12-21,180,2021-04-08,2021-12-21,334.2,337.0912,338.3365,99.1423,98.7774,296.52,382.18,-12.5543,12.7074,16116800
2021-12-22,180,2021-04-09,2021-12-22,330.45,337.1976,338.4333,97.9989,97.6411,296.52,382.18,-13.5355,11.4427,16764600
2021-12-23,180,2021-04-12,2021-12-23,335.24,337.335,338.5599,99.379,99.0194,296.52,382.18,-12.2822,13.0581,13987700
2021-12-27,180,2021-04-13,2021-12-27,346.18,337.5382,338.7523,102.5603,102.1927,296.52,382.18,-9.4196,16.7476,17795000
2021-12-28,180,2021-04-14,2021-12-28,346.22,337.7535,338.9549,102.5067,102.1434,296.52,382.18,-9.4092,16.7611,16637600
2021-12-29,180,2021-04-15,2021-12-29,342.94,337.9985,339.1778,101.462,101.1092,296.52,382.18,-10.2674,15.6549,10747000
2021-12-30,180,2021-04-16,2021-12-30,344.36,338.2174,339.3808,101.8162,101.4671,296.52,382.18,-9.8959,16.1338,10593300
2021-12-31,180,2021-04-19,2021-12-31,336.35,338.4037,339.5484,99.3931,99.058,296.52,382.18,-11.9917,13.4325,12870500
2022-01-03,180,2021-04-20,2022-01-03,338.54,338.6296,339.7501,99.9736,99.6438,296.52,382.18,-11.4187,14.1711,14537900
2022-01-04,180,2021-04-21,2022-01-04,336.53,338.8416,339.9383,99.3178,98.9974,296.52,382.18,-11.9446,13.4932,15998000
2022-01-05,180,2021-04-22,2022-01-05,324.17,338.9898,340.0644,95.6282,95.3261,296.52,382.18,-15.1787,9.3248,20564500
2022-01-06,180,2021-04-23,2022-01-06,332.46,339.2227,340.2641,98.0064,97.7065,301.13,382.18,-13.0096,10.4041,27962800
2022-01-07,180,2021-04-26,2022-01-07,331.79,339.419,340.4344,97.7523,97.4608,302.55,382.18,-13.1849,9.6645,14722000
2022-01-10,180,2021-04-27,2022-01-10,328.07,339.5803,340.5734,96.6104,96.3287,302.55,382.18,-14.1582,8.435,24942400
2022-01-11,180,2021-04-28,2022-01-11,334.37,339.7748,340.7446,98.4093,98.1292,302.55,382.18,-12.5098,10.5173,16226800
2022-01-12,180,2021-04-29,2022-01-12,333.26,339.9388,340.8899,98.0353,97.7618,302.55,382.18,-12.8002,10.1504,14104900
2022-01-13,180,2021-04-30,2022-01-13,326.48,339.9207,340.8731,96.0459,95.7776,302.55,382.18,-14.5743,7.9094,14797100
2022-01-14,180,2021-05-03,2022-01-14,331.9,339.9613,340.9109,97.6288,97.3568,302.55,382.18,-13.1561,9.7009,16868500
2022-01-18,180,2021-05-04,2022-01-18,318.15,339.9336,340.8863,93.5918,93.3302,302.55,382.18,-16.7539,5.1562,22645600
2022-01-19,180,2021-05-05,2022-01-19,319.59,339.9413,340.8932,94.0133,93.7508,302.55,382.18,-16.3771,5.6321,20814700
2022-01-20,180,2021-05-06,2022-01-20,316.56,339.9512,340.9017,93.1192,92.8596,302.55,382.18,-17.1699,4.6306,16925000
2022-01-21,180,2021-05-07,2022-01-21,303.17,339.8398,340.8081,89.2097,88.9562,302.55,382.18,-20.6735,0.2049,28710700
2022-01-24,180,2021-05-10,2022-01-24,308.71,339.7722,340.7505,90.8579,90.5971,302.55,382.18,-19.2239,2.036,38878100
2022-01-25,180,2021-05-11,2022-01-25,300.15,339.7316,340.7182,88.3492,88.0933,300.15,382.18,-21.4637,0.0,25108500
2022-01-26,180,2021-05-12,2022-01-26,294.63,339.6471,340.6521,86.7459,86.49,294.63,382.18,-22.9081,0.0,28348800
2022-01-27,180,2021-05-13,2022-01-27,294.64,339.5903,340.6081,86.7634,86.5041,294.63,382.18,-22.9054,0.0034,21629900
2022-01-28,180,2021-05-14,2022-01-28,301.71,339.5656,340.5884,88.8518,88.5849,294.63,382.18,-21.0555,2.403,21871600
2022-01-31,180,2021-05-17,2022-01-31,313.26,339.5482,340.5735,92.2579,91.9801,294.63,382.18,-18.0334,6.3232,21579500
2022-02-01,180,2021-05-18,2022-02-01,319.0,339.5708,340.5932,93.9421,93.6601,294.63,382.18,-16.5315,8.2714,18023800
2022-02-02,180,2021-05-19,2022-02-02,323.0,339.6542,340.6656,95.0967,94.8144,294.63,382.18,-15.4848,9.629,58458300
2022-02-03,180,2021-05-20,2022-02-03,237.76,339.0036,340.2443,70.1349,69.8792,237.76,382.18,-37.7885,0.0,188119900
2022-02-04,180,2021-05-21,2022-02-04,237.09,338.316,339.7914,70.0794,69.7752,237.09,382.18,-37.9638,0.0,89342200
2022-02-07,180,2021-05-24,2022-02-07,224.91,337.5015,339.2841,66.6397,66.2896,224.91,382.18,-41.1508,0.0,88613800
2022-02-08,180,2021-05-25,2022-02-08,220.18,336.5793,338.7038,65.417,65.0066,220.18,382.18,-42.3884,0.0,94729700
2022-02-09,180,2021-05-26,2022-02-09,232.0,335.7884,338.1717,69.0911,68.6042,220.18,382.18,-39.2956,5.3683,86563300
2022-02-10,180,2021-05-27,2022-02-10,228.07,334.9557,337.6184,68.0896,67.5526,220.18,382.18,-40.3239,3.5834,49310400
2022-02-11,180,2021-05-28,2022-02-11,219.55,333.9927,336.9895,65.735,65.1504,219.55,382.18,-42.5532,0.0,46156900
2022-02-14,180,2021-06-01,2022-02-14,217.7,333.0339,336.3727,65.3687,64.7199,217.7,382.18,-43.0373,0.0,38184000
2022-02-15,180,2021-06-02,2022-02-15,221.0,332.1204,335.7719,66.5421,65.8185,217.7,382.18,-42.1738,1.5158,42685500
2022-02-16,180,2021-06-03,2022-02-16,216.54,331.1551,335.1463,65.3893,64.6106,216.54,382.18,-43.3408,0.0,45817500
2022-02-17,180,2021-06-04,2022-02-17,207.71,330.0939,334.4889,62.9245,62.0977,207.71,382.18,-45.6513,0.0,38747500
2022-02-18,180,2021-06-07,2022-02-18,206.16,328.9938,333.799,62.6638,61.7617,206.16,382.18,-46.0568,0.0,37128400
2022-02-22,180,2021-06-08,2022-02-22,202.08,327.809,333.0518,61.6457,60.6753,202.08,382.18,-47.1244,0.0,39852400
2022-02-23,180,2021-06-09,2022-02-23,198.45,326.5943,332.3005,60.7635,59.72,198.45,382.18,-48.0742,0.0,44481400
2022-02-24,180,2021-06-10,2022-02-24,207.6,325.5377,331.6191,63.7714,62.6019,198.45,382.18,-45.68,4.6107,49957200
2022-02-25,180,2021-06-11,2022-02-25,210.48,324.5146,330.9414,64.8599,63.6004,198.45,382.18,-44.9265,6.062,37627600
2022-02-28,180,2021-06-14,2022-02-28,211.03,323.5115,330.2735,65.2311,63.8955,198.45,382.18,-44.7826,6.3391,34239800
2022-03-01,180,2021-06-15,2022-03-01,203.49,322.3846,329.5331,63.1203,61.751,198.45,382.18,-46.7555,2.5397,27094900
2022-03-02,180,2021-06-16,2022-03-02,208.11,321.3282,328.8184,64.7656,63.2903,198.45,382.18,-45.5466,4.8677,29452100
2022-03-03,180,2021-06-17,2022-03-03,202.97,320.2384,328.1067,63.3809,61.861,198.45,382.18,-46.8915,2.2777,27263500
2022-03-04,180,2021-06-18,2022-03-04,200.06,319.0878,327.3486,62.6975,61.1153,198.45,382.18,-47.6529,0.8113,32130900
2022-03-07,180,2021-06-21,2022-03-07,187.47,317.7916,326.5587,58.9915,57.4078,187.47,382.18,-50.9472,0.0,38560600
2022-03-08,180,2021-06-22,2022-03-08,190.29,316.5366,325.7698,60.1163,58.4124,187.47,382.18,-50.2093,1.5042,37508100
2022-03-09,180,2021-06-23,2022-03-09,198.5,315.3785,324.9891,62.9402,61.079,187.47,382.18,-48.0611,5.8836,31894700
2022-03-10,180,2021-06-24,2022-03-10,195.21,314.1748,324.1814,62.1342,60.2163,187.47,382.18,-48.922,4.1287,24853000
2022-03-11,180,2021-06-25,2022-03-11,187.61,312.8554,323.3171,59.967,58.0266,187.47,382.18,-50.9106,0.0747,34694500
2022-03-14,180,2021-06-28,2022-03-14,186.63,311.5402,322.4574,59.9056,57.8774,186.63,382.18,-51.167,0.0,31010500
2022-03-15,180,2021-06-29,2022-03-15,192.03,310.2538,321.5485,61.8945,59.7204,186.63,382.18,-49.754,2.8934,31721700
2022-03-16,180,2021-06-30,2022-03-16,203.63,309.1512,320.7248,65.8674,63.4906,186.63,382.18,-46.7188,9.1089,40640300
2022-03-17,180,2021-07-01,2022-03-17,207.84,308.127,319.9478,67.4527,64.9606,186.63,382.18,-45.6172,11.3647,29499700
2022-03-18,180,2021-07-02,2022-03-18,216.49,307.1819,319.1817,70.4762,67.8266,186.63,382.18,-43.3539,15.9996,52128000
2022-03-21,180,2021-07-06,2022-03-21,211.49,306.1843,318.3861,69.0728,66.4256,186.63,382.18,-44.6622,13.3205,30142300
2022-03-22,180,2021-07-07,2022-03-22,216.65,305.2595,317.6298,70.9724,68.2083,186.63,382.18,-43.3121,16.0853,31998800
2022-03-23,180,2021-07-08,2022-03-23,213.46,304.3142,316.8685,70.1446,67.3655,186.63,382.18,-44.1467,14.376,23717300
2022-03-24,180,2021-07-09,2022-03-24,219.57,303.4619,316.1681,72.355,69.4472,186.63,382.18,-42.548,17.6499,31502300
2022-03-25,180,2021-07-12,2022-03-25,221.82,302.6179,315.4536,73.3004,70.3178,186.63,382.18,-41.9593,18.8555,40039000
2022-03-28,180,2021-07-13,2022-03-28,223.59,301.7853,314.7338,74.0891,71.041,186.63,382.18,-41.4962,19.8039,26224100
2022-03-29,180,2021-07-14,2022-03-29,229.86,301.0231,314.0547,76.3596,73.1911,186.63,382.18,-39.8556,23.1635,31417900
2022-03-30,180,2021-07-15,2022-03-30,227.85,300.2637,313.3893,75.8833,72.7051,186.63,382.18,-40.3815,22.0865,25588000
2022-03-31,180,2021-07-16,2022-03-31,222.36,299.4674,312.7109,74.2518,71.1072,186.63,382.18,-41.818,19.1448,24192300
2022-04-01,180,2021-07-19,2022-04-01,224.85,298.7139,312.0648,75.2727,72.0523,186.63,382.18,-41.1665,20.479,19544800
2022-04-04,180,2021-07-20,2022-04-04,233.89,298.067,311.4922,78.4689,75.0869,186.63,382.18,-38.8011,25.3228,28054800
2022-04-05,180,2021-07-21,2022-04-05,231.84,297.3843,310.8821,77.9597,74.5749,186.63,382.18,-39.3375,24.2244,29727200
2022-04-06,180,2021-07-22,2022-04-06,223.3,296.6051,310.1992,75.2853,71.986,186.63,382.18,-41.572,19.6485,28995100
2022-04-07,180,2021-07-23,2022-04-07,222.95,295.8068,309.4867,75.3701,72.0386,186.63,382.18,-41.6636,19.461,21037200
2022-04-08,180,2021-07-26,2022-04-08,222.33,294.9374,308.6675,75.3821,72.029,186.63,382.18,-41.8258,19.1288,18375700
2022-04-11,180,2021-07-27,2022-04-11,216.46,294.0053,307.8008,73.6245,70.3247,186.63,382.18,-43.3618,15.9835,20516600
2022-04-12,180,2021-07-28,2022-04-12,214.14,293.0713,306.9471,73.0675,69.7645,186.63,382.18,-43.9688,14.7404,20128800
2022-04-13,180,2021-07-29,2022-04-13,214.99,292.1332,306.0677,73.5932,70.2426,186.63,382.18,-43.7464,15.1958,19231800
2022-04-14,180,2021-07-30,2022-04-14,210.18,291.2035,305.2447,72.1763,68.8562,186.63,382.18,-45.005,12.6185,18379500
2022-04-18,180,2021-08-02,2022-04-18,210.77,290.2934,304.4362,72.6058,69.2329,186.63,382.18,-44.8506,12.9347,16580800
2022-04-19,180,2021-08-03,2022-04-19,217.31,289.4716,303.6882,75.0713,71.5569,186.63,382.18,-43.1394,16.4389,20089900
2022-04-20,180,2021-08-04,2022-04-20,200.42,288.4777,302.8503,69.4751,66.1779,186.63,382.18,-47.5587,7.3889,43036500
2022-04-21,180,2021-08-05,2022-04-21,188.07,287.3122,301.9012,65.4584,62.2952,186.63,382.18,-50.7902,0.7716,49954100
2022-04-22,180,2021-08-06,2022-04-22,184.11,286.09,300.9075,64.3539,61.1849,184.11,382.18,-51.8264,0.0,36426800
2022-04-25,180,2021-08-09,2022-04-25,186.99,284.914,299.9268,65.6303,62.3452,184.11,382.18,-51.0728,1.5643,29281100
2022-04-26,180,2021-08-10,2022-04-26,180.95,283.6743,298.9232,63.7879,60.5339,180.95,382.18,-52.6532,0.0,31747400
2022-04-27,180,2021-08-11,2022-04-27,174.95,282.363,297.8888,61.9593,58.73,174.95,382.18,-54.2231,0.0,71062900
2022-04-28,180,2021-08-12,2022-04-28,205.73,281.4435,297.032,73.0982,69.2619,174.95,382.18,-46.1693,17.5936,100890600
2022-04-29,180,2021-08-13,2022-04-29,200.47,280.4652,296.131,71.4777,67.6964,174.95,382.18,-47.5457,14.587,49193400
2022-05-02,180,2021-08-16,2022-05-02,211.13,279.6013,295.2863,75.5111,71.5001,174.95,382.18,-44.7564,20.6802,49915300
2022-05-03,180,2021-08-17,2022-05-03,212.03,278.7404,294.4278,76.0672,72.0143,174.95,382.18,-44.5209,21.1946,41556300
2022-05-04,180,2021-08-18,2022-05-04,223.41,278.0145,293.6776,80.3591,76.0732,174.95,382.18,-41.5432,27.6993,41375900
2022-05-05,180,2021-08-19,2022-05-05,208.28,277.1635,292.8599,75.147,71.1193,174.95,382.18,-45.5021,19.0512,41129200
2022-05-06,180,2021-08-20,2022-05-06,203.77,276.2737,292.0191,73.7566,69.7797,174.95,382.18,-46.6822,16.4733,34747200
2022-05-09,180,2021-08-23,2022-05-09,196.21,275.296,291.1127,71.2724,67.4,174.95,382.18,-48.6603,12.152,36303200
2022-05-10,180,2021-08-24,2022-05-10,197.65,274.3279,290.1921,72.0488,68.1101,174.95,382.18,-48.2835,12.9751,34452500
2022-05-11,180,2021-08-25,2022-05-11,188.74,273.2608,289.2101,69.0695,65.2605,174.95,382.18,-50.6149,7.8823,31153400
2022-05-12,180,2021-08-26,2022-05-12,191.24,272.2216,288.2259,70.2516,66.3507,174.95,382.18,-49.9607,9.3112,38262200
2022-05-13,180,2021-08-27,2022-05-13,198.62,271.282,287.305,73.2153,69.1321,174.95,382.18,-48.0297,13.5296,24549800
2022-05-16,180,2021-08-30,2022-05-16,200.04,270.3386,286.3462,73.9961,69.8595,174.95,382.18,-47.6582,14.3412,27112600
2022-05-17,180,2021-08-31,2022-05-17,202.62,269.4046,285.3571,75.2103,71.0058,174.95,382.18,-46.9831,15.8159,24872700
2022-05-18,180,2021-09-01,2022-05-18,192.24,268.374,284.3174,71.6314,67.6146,174.95,382.18,-49.6991,9.8828,23960000
2022-05-19,180,2021-09-02,2022-05-19,191.29,267.3336,283.2576,71.5548,67.5322,174.95,382.18,-49.9477,9.3398,24446900
2022-05-20,180,2021-09-03,2022-05-20,193.54,266.3438,282.2479,72.6655,68.5709,174.95,382.18,-49.3589,10.6259,31465600
2022-05-23,180,2021-09-07,2022-05-23,196.23,265.3863,281.2478,73.9413,69.7712,174.95,382.18,-48.6551,12.1635,25059200
2022-05-24,180,2021-09-08,2022-05-24,181.28,264.2565,280.1317,68.6,64.7124,174.95,378.69,-52.1297,3.6182,50406300
2022-05-25,180,2021-09-09,2022-05-25,183.83,263.178,279.0553,69.8501,65.8758,174.95,378.69,-51.4563,5.0757,28030200
2022-05-26,180,2021-09-10,2022-05-26,191.63,262.1917,278.0199,73.0877,68.9267,174.95,378.69,-49.3966,9.5342,23056500
2022-05-27,180,2021-09-13,2022-05-27,195.13,261.2464,277.0002,74.6919,70.444,174.95,376.53,-48.1768,11.5347,22562700
2022-05-31,180,2021-09-14,2022-05-31,193.64,260.2988,275.9842,74.3914,70.1634,174.95,376.53,-48.5725,10.6831,26131100
2022-06-01,180,2021-09-15,2022-06-01,188.64,259.3069,274.9404,72.7478,68.6112,174.95,373.92,-49.5507,7.8251,36623500
2022-06-02,180,2021-09-16,2022-06-02,198.86,258.4304,273.9678,76.9492,72.5852,174.95,373.06,-46.6949,13.6668,31951600
2022-06-03,180,2021-09-17,2022-06-03,190.78,257.4836,272.9552,74.094,69.8943,174.95,364.72,-47.6914,9.0483,19465000
2022-06-06,180,2021-09-20,2022-06-06,194.25,256.6004,272.0081,75.7014,71.4133,174.95,357.48,-45.6613,11.0317,30574200
2022-06-07,180,2021-09-21,2022-06-07,195.65,255.7619,271.1189,76.4969,72.1639,174.95,357.48,-45.2697,11.832,18828700
2022-06-08,180,2021-09-22,2022-06-08,196.64,254.9331,270.2254,77.134,72.7689,174.95,353.58,-44.386,12.3978,22267200
2022-06-09,180,2021-09-23,2022-06-09,184.0,254.026,269.3409,72.4335,68.3149,174.95,353.58,-47.9609,5.1729,23501600
2022-06-10,180,2021-09-24,2022-06-10,175.57,253.0243,268.3943,69.3886,65.415,174.95,353.58,-50.345,0.3544,27450800
2022-06-13,180,2021-09-27,2022-06-13,164.26,251.872,267.3459,65.2157,61.441,164.26,353.58,-53.5438,0.0,31749300
2022-06-14,180,2021-09-28,2022-06-14,163.73,250.7215,266.2912,65.3035,61.4853,163.73,347.56,-52.8916,0.0,27244300
2022-06-15,180,2021-09-29,2022-06-15,169.35,249.6888,265.3396,67.8244,63.8239,163.73,347.56,-51.2746,3.4325,30008300
2022-06-16,180,2021-09-30,2022-06-16,160.87,248.5607,264.3466,64.7206,60.8557,160.87,347.56,-53.7145,0.0,26944100
2022-06-17,180,2021-10-01,2022-06-17,163.74,247.4805,263.3707,66.1628,62.1709,160.87,347.56,-52.8887,1.7841,31374200
2022-06-21,180,2021-10-04,2022-06-21,157.05,246.3115,262.3376,63.7607,59.8656,157.05,347.56,-54.8136,0.0,50724900
2022-06-22,180,2021-10-05,2022-06-22,155.85,245.1872,261.3911,63.5637,59.6233,155.85,347.56,-55.1588,0.0,47267800
2022-06-23,180,2021-10-06,2022-06-23,158.75,244.0913,260.4232,65.0371,60.9585,155.85,347.56,-54.3244,1.8608,40499200
2022-06-24,180,2021-10-07,2022-06-24,170.16,243.1419,259.515,69.9838,65.5685,155.85,347.56,-51.0415,9.1819,68736000
2022-06-27,180,2021-10-08,2022-06-27,169.49,242.2053,258.6276,69.9778,65.5344,155.85,347.56,-51.2343,8.752,29174600
2022-06-28,180,2021-10-11,2022-06-28,160.68,241.1689,257.6867,66.6255,62.3548,155.85,347.56,-53.7691,3.0991,27744500
2022-06-29,180,2021-10-12,2022-06-29,163.94,240.1947,256.7894,68.253,63.8422,155.85,347.56,-52.8312,5.1909,28595200
2022-06-30,180,2021-10-13,2022-06-30,161.25,239.2011,255.8865,67.4119,63.0162,155.85,347.56,-53.6051,3.4649,35250600
2022-07-01,180,2021-10-14,2022-07-01,160.03,238.1985,254.9726,67.1835,62.7636,155.85,347.56,-53.9562,2.6821,31423900
2022-07-05,180,2021-10-15,2022-07-05,168.19,237.2873,254.0818,70.8803,66.1952,155.85,347.56,-51.6084,7.9179,28618600
2022-07-06,180,2021-10-18,2022-07-06,169.77,236.4112,253.2207,71.8113,67.0443,155.85,347.56,-51.1538,8.9317,23085900
2022-07-07,180,2021-10-19,2022-07-07,172.19,235.5371,252.3143,73.1053,68.2442,155.85,347.56,-50.4575,10.4844,24083400
2022-07-08,180,2021-10-20,2022-07-08,170.88,234.6434,251.3748,72.8254,67.9782,155.85,347.56,-50.8344,9.6439,19249200
2022-07-11,180,2021-10-21,2022-07-11,162.88,233.6671,250.3865,69.706,65.0514,155.85,347.56,-53.1361,4.5107,21885600
2022-07-12,180,2021-10-22,2022-07-12,163.27,232.7005,249.3942,70.1631,65.4666,155.85,347.56,-53.0239,4.761,16639700
2022-07-13,180,2021-10-25,2022-07-13,163.49,231.7908,248.4991,70.5334,65.791,155.85,347.56,-52.9606,4.9021,16555100
2022-07-14,180,2021-10-26,2022-07-14,158.05,230.8145,247.5511,68.4749,63.8454,155.85,347.56,-54.5258,1.4116,23765200
2022-07-15,180,2021-10-27,2022-07-15,164.7,229.9578,246.7116,71.6218,66.7581,155.85,347.56,-52.6125,5.6785,23342800
2022-07-18,180,2021-10-28,2022-07-18,167.23,229.1449,245.9061,72.98,68.0056,155.85,347.56,-51.8846,7.3019,23574300
2022-07-19,180,2021-10-29,2022-07-19,175.78,228.4082,245.122,76.9587,71.7112,155.85,347.56,-49.4246,12.7879,25933700
2022-07-20,180,2021-11-01,2022-07-20,183.09,227.723,244.3416,80.4003,74.932,155.85,347.56,-47.3213,17.4783,24784300
2022-07-21,180,2021-11-02,2022-07-21,183.17,227.0253,243.5259,80.6826,75.2158,155.85,347.56,-47.2983,17.5297,27195800
2022-07-22,180,2021-11-03,2022-07-22,169.27,226.2095,242.6437,74.8289,69.7607,155.85,347.56,-51.2976,8.6108,42583900
2022-07-25,180,2021-11-04,2022-07-25,166.65,225.364,241.7272,73.947,68.9414,155.85,347.56,-52.0514,6.9297,26166300
2022-07-26,180,2021-11-05,2022-07-26,159.15,224.4351,240.7455,70.9114,66.1072,155.85,347.56,-54.2093,2.1174,28468400
2022-07-27,180,2021-11-08,2022-07-27,169.58,223.6083,239.7924,75.838,70.7195,155.85,347.56,-51.2084,8.8098,43846600
2022-07-28,180,2021-11-09,2022-07-28,160.72,222.7039,238.8041,72.1676,67.302,155.85,347.56,-53.7576,3.1248,73214300
2022-07-29,180,2021-11-10,2022-07-29,159.1,221.7974,237.8248,71.7321,66.898,155.85,347.56,-54.2237,2.0853,42065400
2022-08-01,180,2021-11-11,2022-08-01,159.93,220.9261,236.8931,72.3907,67.5115,155.85,347.56,-53.9849,2.6179,40596700
2022-08-02,180,2021-11-12,2022-08-02,160.19,220.0641,235.9623,72.7924,67.888,155.85,347.56,-53.9101,2.7847,27374500
2022-08-03,180,2021-11-15,2022-08-03,168.8,219.2624,235.0062,76.9854,71.8279,155.85,347.56,-51.4328,8.3093,31721900
2022-08-04,180,2021-11-16,2022-08-04,170.57,218.4679,234.0229,78.0756,72.886,155.85,346.22,-50.7336,9.445,23938200
2022-08-05,180,2021-11-17,2022-08-05,167.11,217.6573,233.046,76.7766,71.7069,155.85,346.22,-51.733,7.2249,25832700
2022-08-08,180,2021-11-18,2022-08-08,170.25,216.8865,232.0987,78.4973,73.3524,155.85,346.22,-50.8261,9.2396,27299100
2022-08-09,180,2021-11-19,2022-08-09,168.53,216.1102,231.1533,77.9834,72.9083,155.85,346.22,-51.3229,8.136,18655100
2022-08-10,180,2021-11-22,2022-08-10,178.34,215.409,230.2258,82.7913,77.4631,155.85,346.22,-48.4894,14.4305,30262100
2022-08-11,180,2021-11-23,2022-08-11,177.49,214.7148,229.3173,82.6631,77.3993,155.85,346.22,-48.7349,13.8851,24079100
2022-08-12,180,2021-11-24,2022-08-12,180.5,214.0573,228.4465,84.3232,79.0119,155.85,346.22,-47.8655,15.8165,21274000
2022-08-15,180,2021-11-26,2022-08-15,180.89,213.3985,227.5567,84.7663,79.4923,155.85,346.22,-47.7529,16.0667,15878700
2022-08-16,180,2021-11-29,2022-08-16,179.47,212.7503,226.7031,84.3571,79.1652,155.85,346.22,-48.163,15.1556,21156700
2022-08-17,180,2021-11-30,2022-08-17,174.85,212.0583,225.7965,82.4538,77.437,155.85,346.22,-49.4974,12.1912,20118100
2022-08-18,180,2021-12-01,2022-08-18,174.66,211.3999,224.9643,82.6207,77.639,155.85,346.22,-49.5523,12.0693,18844500
2022-08-19,180,2021-12-02,2022-08-19,167.96,210.7233,224.1718,79.7064,74.9247,155.85,346.22,-51.4875,7.7703,26240800
2022-08-22,180,2021-12-03,2022-08-22,163.05,210.0075,223.3533,77.6401,73.0009,155.85,346.22,-52.9057,4.6198,19499700
2022-08-23,180,2021-12-06,2022-08-23,161.11,209.2877,222.5437,76.9802,72.3948,155.85,346.22,-53.466,3.375,18111800
2022-08-24,180,2021-12-07,2022-08-24,163.26,208.5652,221.6847,78.2777,73.6451,155.85,346.22,-52.845,4.7546,20891500
2022-08-25,180,2021-12-08,2022-08-25,168.78,207.8842,220.829,81.1894,76.4302,155.85,346.22,-51.2507,8.2964,15550500
2022-08-26,180,2021-12-09,2022-08-26,161.78,207.1293,219.8913,78.1058,73.5727,155.85,346.22,-53.2725,3.8049,24023600
2022-08-29,180,2021-12-10,2022-08-29,159.17,206.3574,218.9433,77.1332,72.6992,155.85,346.22,-54.0263,2.1302,20052700
2022-08-30,180,2021-12-13,2022-08-30,157.16,205.5725,217.9844,76.4499,72.0969,155.85,346.22,-54.6069,0.8406,19567900
2022-08-31,180,2021-12-14,2022-08-31,162.93,204.8361,217.0313,79.5417,75.0721,155.85,346.22,-52.9403,4.5428,40953000
2022-09-01,180,2021-12-15,2022-09-01,165.36,204.1273,216.0959,81.0083,76.5216,155.85,346.22,-52.2385,6.102,30145700
2022-09-02,180,2021-12-16,2022-09-02,160.32,203.3638,215.0884,78.8341,74.5368,155.85,346.22,-53.6942,2.8681,22634200
2022-09-06,180,2021-12-17,2022-09-06,158.54,202.6035,214.1087,78.2514,74.0465,155.85,346.22,-54.2083,1.726,19339800
2022-09-07,180,2021-12-20,2022-09-07,160.39,201.8676,213.1453,79.4531,75.2491,155.85,346.22,-53.674,2.9131,16831200
2022-09-08,180,2021-12-21,2022-09-08,162.06,201.1687,212.2376,80.5593,76.3578,155.85,346.22,-53.1916,3.9846,22530800
2022-09-09,180,2021-12-22,2022-09-09,169.15,200.5144,211.3207,84.358,80.0442,155.85,346.22,-51.1438,8.5338,22086800
2022-09-12,180,2021-12-23,2022-09-12,168.96,199.8704,210.4235,84.5348,80.2952,155.85,346.22,-51.1987,8.4119,23220400
2022-09-13,180,2021-12-27,2022-09-13,153.13,199.0862,209.4118,76.9164,73.1239,153.13,346.22,-55.7709,0.0,44444100
2022-09-14,180,2021-12-28,2022-09-14,151.47,198.2719,208.3301,76.3951,72.7067,151.47,346.22,-56.2504,0.0,43064200
2022-09-15,180,2021-12-29,2022-09-15,149.55,197.4458,207.2374,75.7423,72.1636,149.55,344.36,-56.5716,0.0,34606300
2022-09-16,180,2021-12-30,2022-09-16,146.29,196.6004,206.1449,74.4098,70.9646,146.29,344.36,-57.5183,0.0,40122800
2022-09-19,180,2021-12-31,2022-09-19,148.02,195.7768,205.0542,75.6065,72.1858,146.29,338.54,-56.277,1.1826,22169500
2022-09-20,180,2022-01-03,2022-09-20,146.09,194.9557,203.9972,74.935,71.6137,146.09,338.54,-56.8471,0.0,23217400
2022-09-21,180,2022-01-04,2022-09-21,142.12,194.0975,202.9059,73.2209,70.0423,142.12,336.53,-57.769,0.0,38338600
2022-09-22,180,2022-01-05,2022-09-22,142.82,193.2576,201.8298,73.9014,70.7626,142.12,334.37,-57.2868,0.4925,34418500
2022-09-23,180,2022-01-06,2022-09-23,140.41,192.4235,200.8089,72.9692,69.9222,140.41,334.37,-58.0076,0.0,31710700
2022-09-26,180,2022-01-07,2022-09-26,136.37,191.5379,199.7195,71.1974,68.2808,136.37,334.37,-59.2158,0.0,30497000
2022-09-27,180,2022-01-10,2022-09-27,134.4,190.64,198.6229,70.4994,67.6659,134.4,334.37,-59.805,0.0,30826500
2022-09-28,180,2022-01-11,2022-09-28,141.61,189.833,197.587,74.5971,71.6697,134.4,334.37,-57.6487,5.3646,32658500
2022-09-29,180,2022-01-12,2022-09-29,136.41,188.9681,196.4872,72.1868,69.4244,134.4,333.26,-59.068,1.4955,38985400
2022-09-30,180,2022-01-13,2022-09-30,135.68,188.1052,195.3896,72.1298,69.4408,134.4,331.9,-59.1202,0.9524,33166400
2022-10-03,180,2022-01-14,2022-10-03,138.61,187.2926,194.3458,74.0072,71.3213,134.4,331.9,-58.2374,3.1324,27723100
2022-10-04,180,2022-01-18,2022-10-04,140.28,186.494,193.2813,75.2196,72.5782,134.4,323.0,-56.5697,4.375,34670700
2022-10-05,180,2022-01-19,2022-10-05,138.98,185.7143,192.2859,74.8354,72.2778,134.4,323.0,-56.9721,3.4077,27979300
2022-10-06,180,2022-01-20,2022-10-06,139.07,184.9393,191.283,75.1976,72.7038,134.4,323.0,-56.9443,3.4747,36231100
2022-10-07,180,2022-01-21,2022-10-07,133.45,184.1194,190.2657,72.4802,70.1387,133.45,323.0,-58.6842,0.0,33214800
2022-10-10,180,2022-01-24,2022-10-10,133.79,183.3362,189.3247,72.9752,70.6669,133.45,323.0,-58.5789,0.2548,24024000
2022-10-11,180,2022-01-25,2022-10-11,128.54,182.4923,188.3238,70.4358,68.2548,128.54,323.0,-60.2043,0.0,38481400
2022-10-12,180,2022-01-26,2022-10-12,127.5,181.6614,187.3646,70.1855,68.0491,127.5,323.0,-60.5263,0.0,34605200
2022-10-13,180,2022-01-27,2022-10-13,130.29,180.8799,186.4516,72.0312,69.8787,127.5,323.0,-59.6625,2.1882,34325700
2022-10-14,180,2022-01-28,2022-10-14,126.76,180.0665,185.5189,70.3962,68.3273,126.76,323.0,-60.7554,0.0,23559400
2022-10-17,180,2022-01-31,2022-10-17,134.04,179.3228,184.5874,74.7479,72.616,126.76,323.0,-58.5016,5.7431,29612200
2022-10-18,180,2022-02-01,2022-10-18,132.8,178.5512,183.5849,74.3764,72.3371,126.76,323.0,-58.8854,4.7649,25445000
2022-10-19,180,2022-02-02,2022-10-19,133.23,177.7803,182.5528,74.9408,72.9816,126.76,323.0,-58.7523,5.1041,30691000
2022-10-20,180,2022-02-03,2022-10-20,131.53,176.9925,181.4891,74.3139,72.4727,126.76,237.76,-44.6795,3.763,26356300
2022-10-21,180,2022-02-04,2022-10-21,130.01,176.3879,180.8905,73.7069,71.8722,126.76,237.09,-45.1643,2.5639,46348600
2022-10-24,180,2022-02-07,2022-10-24,129.72,175.7865,180.294,73.794,71.9492,126.76,233.89,-44.538,2.3351,63563400
2022-10-25,180,2022-02-08,2022-10-25,137.51,175.3027,179.8084,78.4414,76.4758,126.76,233.89,-41.2074,8.4806,38433200
2022-10-26,180,2022-02-09,2022-10-26,129.82,174.7647,179.3064,74.2828,72.4012,126.76,233.89,-44.4953,2.414,82791500
2022-10-27,180,2022-02-10,2022-10-27,97.94,173.7693,178.5617,56.3621,54.8494,97.94,233.89,-58.1256,0.0,232316600
2022-10-28,180,2022-02-11,2022-10-28,99.2,172.8189,177.8457,57.4011,55.7787,97.94,233.89,-57.5869,1.2865,95928300
2022-10-31,180,2022-02-14,2022-10-31,93.16,171.7997,177.1436,54.2259,52.5901,93.16,233.89,-60.1693,0.0,121361400
2022-11-01,180,2022-02-15,2022-11-01,95.2,170.8359,176.463,55.726,53.949,93.16,233.89,-59.2971,2.1898,110189600
2022-11-02,180,2022-02-16,2022-11-02,90.54,169.7853,175.7382,53.3262,51.5198,90.54,233.89,-61.2895,0.0,71821100
2022-11-03,180,2022-02-17,2022-11-03,88.91,168.7302,175.0292,52.6936,50.7973,88.91,233.89,-61.9864,0.0,60664000
2022-11-04,180,2022-02-18,2022-11-04,90.79,167.7552,174.3796,54.1205,52.0646,88.91,233.89,-61.1826,2.1145,55638100
2022-11-07,180,2022-02-22,2022-11-07,96.72,166.9015,173.7716,57.9503,55.6593,88.91,233.89,-58.6472,8.7842,81987300
2022-11-08,180,2022-02-23,2022-11-08,96.47,166.0673,173.1849,58.0909,55.7035,88.91,233.89,-58.7541,8.503,52088300
2022-11-09,180,2022-02-24,2022-11-09,101.47,165.3327,172.6461,61.3732,58.7734,88.91,233.89,-56.6164,14.1266,107677300
2022-11-10,180,2022-02-25,2022-11-10,111.87,164.7091,172.1143,67.9197,64.9975,88.91,233.89,-52.1698,25.8239,80671000
2022-11-11,180,2022-02-28,2022-11-11,113.02,164.0939,171.5728,68.8752,65.8729,88.91,233.89,-51.6781,27.1173,59961700
2022-11-14,180,2022-03-01,2022-11-14,114.22,163.4953,171.035,69.8613,66.7817,88.91,233.89,-51.1651,28.467,53395000
2022-11-15,180,2022-03-02,2022-11-15,117.08,162.9584,170.5549,71.8465,68.6465,88.91,233.89,-49.9423,31.6837,50670500
2022-11-16,180,2022-03-03,2022-11-16,113.23,162.3666,170.0278,69.7373,66.595,88.91,233.89,-51.5884,27.3535,33287800
2022-11-17,180,2022-03-04,2022-11-17,111.45,161.7762,169.5194,68.8915,65.7447,88.91,233.89,-52.3494,25.3515,35093800
2022-11-18,180,2022-03-07,2022-11-18,112.05,161.2074,169.0304,69.5068,66.2898,88.91,233.89,-52.0929,26.0263,33357700
2022-11-21,180,2022-03-08,2022-11-21,109.86,160.6651,168.5993,68.3782,65.1604,88.91,233.89,-53.0292,23.5631,24351100
2022-11-22,180,2022-03-09,2022-11-22,111.44,160.1337,168.1612,69.5919,66.2697,88.91,233.89,-52.3537,25.3402,29029000
2022-11-23,180,2022-03-10,2022-11-23,112.24,159.584,167.682,70.3329,66.9362,88.91,233.89,-52.0116,26.24,21343100
2022-11-25,180,2022-03-11,2022-11-25,111.41,159.0407,167.2164,70.0513,66.6262,88.91,233.89,-52.3665,25.3065,12007600
2022-11-28,180,2022-03-14,2022-11-28,108.78,158.4997,166.7785,68.631,65.2242,88.91,233.89,-53.491,22.3484,23309400
2022-11-29,180,2022-03-15,2022-11-29,109.46,157.9743,166.3498,69.2898,65.8011,88.91,233.89,-53.2002,23.1133,23899200
2022-11-30,180,2022-03-16,2022-11-30,118.1,157.5236,165.9391,74.9729,71.1707,88.91,233.89,-49.5062,32.8309,43348600
2022-12-01,180,2022-03-17,2022-12-01,120.44,157.0574,165.4769,76.6854,72.7836,88.91,233.89,-48.5057,35.4628,36551400
2022-12-02,180,2022-03-18,2022-12-02,123.49,156.6083,165.0083,78.8528,74.8387,88.91,233.89,-47.2017,38.8933,39950500
2022-12-05,180,2022-03-21,2022-12-05,122.43,156.1262,164.4857,78.4173,74.432,88.91,233.89,-47.6549,37.701,35474900
2022-12-06,180,2022-03-22,2022-12-06,114.12,155.5818,163.9448,73.3505,69.6088,88.91,233.89,-51.2078,28.3545,43689200
2022-12-07,180,2022-03-23,2022-12-07,113.93,155.0242,163.3741,73.4918,69.7357,88.91,233.89,-51.2891,28.1408,29461100
2022-12-08,180,2022-03-24,2022-12-08,115.33,154.4938,162.8289,74.6502,70.8289,88.91,233.89,-50.6905,29.7154,30619400
2022-12-09,180,2022-03-25,2022-12-09,115.9,153.9555,162.253,75.2815,71.4317,88.91,233.89,-50.4468,30.3565,26033400
2022-12-12,180,2022-03-28,2022-12-12,114.71,153.4032,161.6579,74.7768,70.9585,88.91,233.89,-50.9556,29.0181,24747100
2022-12-13,180,2022-03-29,2022-12-13,120.15,152.9014,161.0833,78.58,74.5887,88.91,233.89,-48.6297,35.1367,44701100
2022-12-14,180,2022-03-30,2022-12-14,121.59,152.3999,160.4818,79.7835,75.7656,88.91,233.89,-48.014,36.7563,36922000
2022-12-15,180,2022-03-31,2022-12-15,116.15,151.8573,159.8612,76.4863,72.6568,88.91,233.89,-50.3399,30.6377,34531000
2022-12-16,180,2022-04-01,2022-12-16,119.43,151.3623,159.2894,78.9034,74.9767,88.91,233.89,-48.9375,34.3268,67064000
2022-12-19,180,2022-04-04,2022-12-19,114.48,150.8186,158.6762,75.9058,72.1469,88.91,233.89,-51.0539,28.7594,29769900
2022-12-20,180,2022-04-05,2022-12-20,117.09,150.2815,158.0273,77.9138,74.0948,88.91,231.84,-49.4953,31.695,28742500
2022-12-21,180,2022-04-06,2022-12-21,119.76,149.7767,157.4047,79.959,76.0841,88.91,223.41,-46.3945,34.698,20392800
2022-12-22,180,2022-04-07,2022-12-22,117.12,149.2725,156.8148,78.4606,74.6868,88.91,223.41,-47.5762,31.7287,23618100
2022-12-23,180,2022-04-08,2022-12-23,118.04,148.7806,156.2319,79.3383,75.5543,88.91,223.41,-47.1644,32.7635,17796600
2022-12-27,180,2022-04-11,2022-12-27,116.88,148.2832,155.6461,78.8221,75.0934,88.91,223.41,-47.6836,31.4588,21392300
2022-12-28,180,2022-04-12,2022-12-28,115.62,147.7927,155.0859,78.2312,74.5522,88.91,223.41,-48.2476,30.0416,19612500
2022-12-29,180,2022-04-13,2022-12-29,120.26,147.3516,154.5643,81.6143,77.8058,88.91,223.41,-46.1707,35.2604,22366200
2022-12-30,180,2022-04-14,2022-12-30,120.34,146.9116,154.0385,81.9132,78.1233,88.91,223.41,-46.1349,35.3503,19583800
2023-01-03,180,2022-04-18,2023-01-03,124.74,146.5219,153.5638,85.134,81.2301,88.91,223.41,-44.1654,40.2992,35528500
2023-01-04,180,2022-04-19,2023-01-04,127.37,146.1523,153.1005,87.1488,83.1937,88.91,223.41,-42.9882,43.2572,32397100
2023-01-05,180,2022-04-20,2023-01-05,126.94,145.7646,152.5984,87.0856,83.1856,88.91,223.41,-43.1807,42.7736,25447100
2023-01-06,180,2022-04-21,2023-01-06,130.02,145.4464,152.2073,89.3938,85.423,88.91,223.41,-41.8021,46.2378,27584500
2023-01-09,180,2022-04-22,2023-01-09,129.47,145.1641,151.8818,89.1887,85.2439,88.91,223.41,-42.0483,45.6192,26649100
2023-01-10,180,2022-04-25,2023-01-10,132.99,144.9201,151.5978,91.7678,87.7256,88.91,223.41,-40.4727,49.5782,28684400
2023-01-11,180,2022-04-26,2023-01-11,132.89,144.6665,151.2972,91.8595,87.8337,88.91,223.41,-40.5174,49.4657,25423000
2023-01-12,180,2022-04-27,2023-01-12,136.71,144.4589,151.0514,94.6359,90.5056,88.91,223.41,-38.8076,53.7622,30757700
2023-01-13,180,2022-04-28,2023-01-13,136.98,144.2754,150.8405,94.9434,90.8112,88.91,223.41,-38.6867,54.0659,22423800
2023-01-17,180,2022-04-29,2023-01-17,135.36,143.9838,150.4496,94.0106,89.9704,88.91,223.41,-39.4118,52.2438,21147600
2023-01-18,180,2022-05-02,2023-01-18,133.02,143.6931,150.0748,92.5723,88.6358,88.91,223.41,-40.4592,49.612,20215500
2023-01-19,180,2022-05-03,2023-01-19,136.15,143.3945,149.6583,94.9479,90.9739,88.91,223.41,-39.0582,53.1324,28625200
2023-01-20,180,2022-05-04,2023-01-20,139.37,143.1141,149.2546,97.3838,93.3773,88.91,223.41,-37.6169,56.754,28688600
2023-01-23,180,2022-05-05,2023-01-23,143.27,142.8298,148.8094,100.3082,96.2775,88.91,208.28,-31.2128,61.1405,27470100
2023-01-24,180,2022-05-06,2023-01-24,143.14,142.5826,148.4475,100.3909,96.4247,88.91,203.77,-29.7541,60.9943,21970200
2023-01-25,180,2022-05-09,2023-01-25,141.5,142.3391,148.1016,99.4105,95.5425,88.91,202.62,-30.1648,59.1497,26622000
2023-01-26,180,2022-05-10,2023-01-26,147.3,142.1489,147.8298,103.6237,99.6416,88.91,202.62,-27.3023,65.6731,25482100
2023-01-27,180,2022-05-11,2023-01-27,151.74,141.9773,147.5748,106.8763,102.8225,88.91,202.62,-25.111,70.667,35771900
2023-01-30,180,2022-05-12,2023-01-30,147.06,141.8093,147.3432,103.7027,99.8078,88.91,202.62,-27.4208,65.4032,28040100
2023-01-31,180,2022-05-13,2023-01-31,148.97,141.6437,147.1084,105.1723,101.2655,88.91,202.62,-26.4781,67.5515,29842100
2023-02-01,180,2022-05-16,2023-02-01,153.12,141.4772,146.8556,108.2295,104.2657,88.91,202.62,-24.43,72.2191,55661000
2023-02-02,180,2022-05-17,2023-02-02,188.77,141.444,146.793,133.4592,128.5961,88.91,202.62,-6.8355,112.3158,150475700
2023-02-03,180,2022-05-18,2023-02-03,186.53,141.3967,146.7036,131.9196,127.1475,88.91,198.86,-6.2003,109.7964,76809700
2023-02-06,180,2022-05-19,2023-02-06,186.06,141.3775,146.6693,131.6051,126.8568,88.91,198.86,-6.4367,109.2678,42483800
2023-02-07,180,2022-05-20,2023-02-07,191.62,141.3785,146.6711,135.5369,130.646,88.91,198.86,-3.6408,115.5213,47080700
2023-02-08,180,2022-05-23,2023-02-08,183.43,141.3469,146.6149,129.7729,125.11,88.91,198.86,-7.7592,106.3097,36139100
2023-02-09,180,2022-05-24,2023-02-09,177.92,141.2887,146.5132,125.9266,121.4361,88.91,198.86,-10.53,100.1125,37118800
2023-02-10,180,2022-05-25,2023-02-10,174.15,141.2636,146.4736,123.2801,118.8951,88.91,198.86,-12.4258,95.8722,33433600
2023-02-13,180,2022-05-26,2023-02-13,179.43,141.2489,146.4492,127.0311,122.5203,88.91,198.86,-9.7707,101.8108,31463200
2023-02-14,180,2022-05-27,2023-02-14,179.48,141.2097,146.3817,127.1017,122.611,88.91,198.86,-9.7456,101.867,24034600
2023-02-15,180,2022-05-31,2023-02-15,177.16,141.1522,146.2818,125.51,121.1087,88.91,198.86,-10.9122,99.2577,25308900
2023-02-16,180,2022-06-01,2023-02-16,172.44,141.0819,146.1641,122.2269,117.977,88.91,198.86,-13.2857,93.9489,25827500
2023-02-17,180,2022-06-02,2023-02-17,172.88,141.0285,146.0765,122.5852,118.349,88.91,198.86,-13.0645,94.4438,24171300
2023-02-21,180,2022-06-03,2023-02-21,172.08,140.9421,145.9277,122.0927,117.9214,88.91,196.64,-12.4898,93.544,34592600
2023-02-22,180,2022-06-06,2023-02-22,171.12,140.8756,145.8185,121.4688,117.3514,88.91,196.64,-12.978,92.4643,22433200
2023-02-23,180,2022-06-07,2023-02-23,172.04,140.8024,145.6951,122.1854,118.0822,88.91,196.64,-12.5102,93.499,20017800
2023-02-24,180,2022-06-08,2023-02-24,170.39,140.719,145.5548,121.0853,117.0625,88.91,196.64,-13.3493,91.6432,19791300
2023-02-27,180,2022-06-09,2023-02-27,169.54,140.6296,145.4042,120.5578,116.5991,88.91,191.62,-11.5228,90.6872,19277000
2023-02-28,180,2022-06-10,2023-02-28,174.94,140.5987,145.3539,124.425,120.3545,88.91,191.62,-8.7047,96.7608,46051100
2023-03-01,180,2022-06-13,2023-03-01,173.42,140.591,145.3419,123.3507,119.3186,88.91,191.62,-9.498,95.0512,30998400
2023-03-02,180,2022-06-14,2023-03-02,174.53,140.6303,145.399,124.1055,120.0352,88.91,191.62,-8.9187,96.2996,17352000
2023-03-03,180,2022-06-15,2023-03-03,185.25,140.7083,145.5186,131.6553,127.3034,88.91,191.62,-3.3243,108.3568,45877700
2023-03-06,180,2022-06-16,2023-03-06,184.9,140.763,145.6049,131.3556,126.9874,88.91,191.62,-3.5069,107.9631,33209400
2023-03-07,180,2022-06-17,2023-03-07,184.51,140.8507,145.7363,130.9969,126.6054,88.91,191.62,-3.7105,107.5244,36701500
2023-03-08,180,2022-06-21,2023-03-08,184.97,140.928,145.8542,131.2514,126.8184,88.91,191.62,-3.4704,108.0418,19432400
2023-03-09,180,2022-06-22,2023-03-09,181.69,141.0233,145.9911,128.8368,124.4528,88.91,191.62,-5.1821,104.3527,26582800
2023-03-10,180,2022-06-23,2023-03-10,179.51,141.1168,146.1226,127.2067,122.8489,88.91,191.62,-6.3198,101.9008,25665000
2023-03-13,180,2022-06-24,2023-03-13,180.9,141.2022,146.2456,128.1141,123.696,88.91,191.62,-5.5944,103.4642,24728000
2023-03-14,180,2022-06-27,2023-03-14,194.02,141.2823,146.3782,137.3279,132.5471,88.91,194.02,0.0,118.2207,41642600
2023-03-15,180,2022-06-28,2023-03-15,197.75,141.3759,146.5352,139.8754,134.9505,88.91,197.75,0.0,122.4159,42123600
2023-03-16,180,2022-06-29,2023-03-16,204.93,141.5252,146.781,144.801,139.6162,88.91,204.93,0.0,130.4915,50447100
2023-03-17,180,2022-06-30,2023-03-17,195.61,141.6352,146.9569,138.1083,133.107,88.91,204.93,-4.5479,120.009,50141100
2023-03-20,180,2022-07-01,2023-03-20,197.81,141.7631,147.1601,139.5356,134.4183,88.91,204.93,-3.4744,122.4834,25186300
2023-03-21,180,2022-07-05,2023-03-21,202.16,141.9086,147.3941,142.4579,137.1561,88.91,204.93,-1.3517,127.376,31827000
2023-03-22,180,2022-07-06,2023-03-22,199.81,142.014,147.5698,140.6974,135.4004,88.91,204.93,-2.4984,124.7329,28477800
2023-03-23,180,2022-07-07,2023-03-23,204.28,142.1255,147.7615,143.7321,138.2498,88.91,204.93,-0.3172,129.7604,27389700
2023-03-24,180,2022-07-08,2023-03-24,206.01,142.2326,147.9494,144.8402,139.2436,88.91,206.01,0.0,131.7062,27716400
2023-03-27,180,2022-07-11,2023-03-27,202.84,142.3363,148.1269,142.5075,136.9366,88.91,206.01,-1.5388,128.1408,18527200
2023-03-28,180,2022-07-12,2023-03-28,200.68,142.4666,148.3369,140.8611,135.2866,88.91,206.01,-2.5873,125.7114,19127300
2023-03-29,180,2022-07-13,2023-03-29,205.35,142.6083,148.5707,143.9959,138.217,88.91,206.01,-0.3204,130.9639,18851100
2023-03-30,180,2022-07-14,2023-03-30,207.84,142.7559,148.8171,145.5912,139.6614,88.91,207.84,0.0,133.7645,22608300
2023-03-31,180,2022-07-15,2023-03-31,211.94,142.9383,149.1165,148.2738,142.1305,88.91,211.94,0.0,138.3759,25440300
2023-04-03,180,2022-07-18,2023-04-03,213.07,143.0949,149.3852,148.9012,142.6312,88.91,213.07,0.0,139.6468,17924600
2023-04-04,180,2022-07-19,2023-04-04,214.72,143.2455,149.6491,149.8965,143.4824,88.91,214.72,0.0,141.5026,21026400
2023-04-05,180,2022-07-20,2023-04-05,211.48,143.3551,149.8474,147.5218,141.1303,88.91,214.72,-1.5089,137.8585,19396600
2023-04-06,180,2022-07-21,2023-04-06,216.1,143.4504,150.0308,150.6444,144.0371,88.91,216.1,0.0,143.0548,26104400
2023-04-10,180,2022-07-22,2023-04-10,214.75,143.5422,150.2062,149.6076,142.9701,88.91,216.1,-0.6247,141.5364,16106100
2023-04-11,180,2022-07-25,2023-04-11,213.85,143.6833,150.4539,148.8343,142.1366,88.91,216.1,-1.0412,140.5241,16710100
2023-04-12,180,2022-07-26,2023-04-12,214.0,143.8358,150.7169,148.7808,141.988,88.91,216.1,-0.9718,140.6928,18972200
2023-04-13,180,2022-07-27,2023-04-13,220.35,144.0366,151.0569,152.9819,145.8721,88.91,220.35,0.0,147.8349,23310400
2023-04-14,180,2022-07-28,2023-04-14,221.49,144.1961,151.3453,153.6033,146.3474,88.91,221.49,0.0,149.1171,21591200
2023-04-17,180,2022-07-29,2023-04-17,218.86,144.3873,151.6683,151.5784,144.3017,88.91,221.49,-1.1874,146.159,15481900
2023-04-18,180,2022-08-01,2023-04-18,217.89,144.584,151.9949,150.7014,143.3535,88.91,221.49,-1.6254,145.068,12281000
2023-04-19,180,2022-08-02,2023-04-19,215.7,144.772,152.3048,148.9929,141.6239,88.91,221.49,-2.6141,142.6049,15898100
2023-04-20,180,2022-08-03,2023-04-20,213.07,144.9526,152.5986,146.9929,139.6278,88.91,221.49,-3.8015,139.6468,16475400
2023-04-21,180,2022-08-04,2023-04-21,212.89,145.0959,152.8435,146.7236,139.2863,88.91,221.49,-3.8828,139.4444,17717200
2023-04-24,180,2022-08-05,2023-04-24,212.79,145.2321,153.0781,146.5172,139.0075,88.91,221.49,-3.9279,139.3319,15750900
2023-04-25,180,2022-08-08,2023-04-25,207.55,145.3689,153.3027,142.7747,135.3857,88.91,221.49,-6.2937,133.4383,19198200
2023-04-26,180,2022-08-09,2023-04-26,209.4,145.4979,153.5202,143.9196,136.399,88.91,221.49,-5.4585,135.519,41992700
2023-04-27,180,2022-08-10,2023-04-27,238.56,145.7031,153.9093,163.7303,155.0004,88.91,238.56,0.0,168.3163,71196500
2023-04-28,180,2022-08-11,2023-04-28,240.32,145.8738,154.2536,164.7451,155.7954,88.91,240.32,0.0,170.2958,39554000
2023-05-01,180,2022-08-12,2023-05-01,243.18,146.054,154.6186,166.5001,157.2774,88.91,243.18,0.0,173.5125,29143900
2023-05-02,180,2022-08-15,2023-05-02,239.24,146.2154,154.9449,163.6217,154.4033,88.91,243.18,-1.6202,169.0811,24350100
2023-05-03,180,2022-08-16,2023-05-03,237.03,146.371,155.2568,161.9378,152.6697,88.91,243.18,-2.529,166.5954,34463900
2023-05-04,180,2022-08-17,2023-05-04,233.52,146.5247,155.5571,159.3725,150.1186,88.91,243.18,-3.9724,162.6476,17889400
2023-05-05,180,2022-08-18,2023-05-05,232.78,146.6947,155.8789,158.6834,149.3339,88.91,243.18,-4.2767,161.8153,27000500
2023-05-08,180,2022-08-19,2023-05-08,233.27,146.8668,156.2045,158.831,149.3363,88.91,243.18,-4.0752,162.3664,16400500
2023-05-09,180,2022-08-22,2023-05-09,233.37,147.0671,156.5679,158.6827,149.0535,88.91,243.18,-4.034,162.4789,16865600
2023-05-10,180,2022-08-23,2023-05-10,233.08,147.2888,156.9569,158.2469,148.4993,88.91,243.18,-4.1533,162.1527,19119000
2023-05-11,180,2022-08-24,2023-05-11,235.79,147.5261,157.3718,159.8293,149.8299,88.91,243.18,-3.0389,165.2007,20449000
2023-05-12,180,2022-08-25,2023-05-12,233.81,147.75,157.7638,158.2471,148.2026,88.91,243.18,-3.8531,162.9738,16161400
2023-05-15,180,2022-08-26,2023-05-15,238.86,147.9611,158.1531,161.4343,151.0309,88.91,243.18,-1.7765,168.6537,20653200
2023-05-16,180,2022-08-29,2023-05-16,238.82,148.204,158.5811,161.1428,150.598,88.91,243.18,-1.7929,168.6087,18163800
2023-05-17,180,2022-08-30,2023-05-17,242.49,148.4679,159.044,163.3283,152.4672,88.91,243.18,-0.2837,172.7365,21193100
2023-05-18,180,2022-08-31,2023-05-18,246.85,148.7515,159.5423,165.9479,154.7239,88.91,246.85,0.0,177.6403,22943300
2023-05-19,180,2022-09-01,2023-05-19,245.64,149.006,160.0018,164.8524,153.5233,88.91,246.85,-0.4902,176.2794,21733600
2023-05-22,180,2022-09-02,2023-05-22,248.32,149.2556,160.4627,166.3723,154.7525,88.91,248.32,0.0,179.2937,27738500
2023-05-23,180,2022-09-06,2023-05-23,246.74,149.5265,160.9428,165.0142,153.3092,88.91,248.32,-0.6363,177.5166,17748100
2023-05-24,180,2022-09-07,2023-05-24,249.21,149.8121,161.4465,166.3484,154.3607,88.91,249.21,0.0,180.2947,17724300
2023-05-25,180,2022-09-08,2023-05-25,252.69,150.0966,161.9593,168.3516,156.0207,88.91,252.69,0.0,184.2087,22371400
2023-05-26,180,2022-09-09,2023-05-26,262.04,150.3919,162.5147,174.2382,161.2408,88.91,262.04,0.0,194.725,25727200
2023-05-30,180,2022-09-12,2023-05-30,262.52,150.6565,163.0334,174.2507,161.0222,88.91,262.52,0.0,195.2648,23816500
2023-05-31,180,2022-09-13,2023-05-31,264.72,150.927,163.5654,175.3961,161.8435,88.91,264.72,0.0,197.7393,25473700
2023-06-01,180,2022-09-14,2023-06-01,272.61,151.2901,164.2292,180.1903,165.9936,88.91,272.61,0.0,206.6134,25609500
2023-06-02,180,2022-09-15,2023-06-02,272.61,151.664,164.9022,179.746,165.3161,88.91,272.61,0.0,206.6134,19416900
2023-06-05,180,2022-09-16,2023-06-05,271.39,152.0486,165.5791,178.489,163.9035,88.91,272.61,-0.4475,205.2413,20742900
2023-06-06,180,2022-09-19,2023-06-06,271.12,152.4539,166.2726,177.8373,163.0575,88.91,272.61,-0.5466,204.9376,19419000
2023-06-07,180,2022-09-20,2023-06-07,263.6,152.8374,166.9147,172.4709,157.925,88.91,272.61,-3.3051,196.4796,26163600
2023-06-08,180,2022-09-21,2023-06-08,264.58,153.2363,167.573,172.6615,157.8894,88.91,272.61,-2.9456,197.5818,20899400
2023-06-09,180,2022-09-22,2023-06-09,264.95,153.663,168.2554,172.4228,157.469,88.91,272.61,-2.8099,197.998,16949800
2023-06-12,180,2022-09-23,2023-06-12,271.05,154.0987,168.9678,175.8937,160.4152,88.91,272.61,-0.5722,204.8588,15442500
2023-06-13,180,2022-09-26,2023-06-13,271.32,154.5534,169.6951,175.551,159.8868,88.91,272.61,-0.4732,205.1625,16164000
2023-06-14,180,2022-09-27,2023-06-14,273.35,155.0426,170.4561,176.3064,160.3639,88.91,273.35,0.0,207.4457,19175100
2023-06-15,180,2022-09-28,2023-06-15,281.83,155.5641,171.2751,181.1664,164.5481,88.91,281.83,0.0,216.9834,25973500
2023-06-16,180,2022-09-29,2023-06-16,281.0,156.0365,172.0495,180.086,163.3251,88.91,281.83,-0.2945,216.0499,43127700
2023-06-20,180,2022-09-30,2023-06-20,284.33,156.5541,172.8713,181.6177,164.475,88.91,284.33,0.0,219.7953,20701600
2023-06-21,180,2022-10-03,2023-06-21,281.64,157.0759,173.6822,179.3018,162.1583,88.91,284.33,-0.9461,216.7698,20556200
2023-06-22,180,2022-10-04,2023-06-22,284.88,157.5853,174.4948,180.7783,163.2599,88.91,284.88,0.0,220.4139,17563100
2023-06-23,180,2022-10-05,2023-06-23,288.73,158.0926,175.3195,182.6335,164.6879,88.91,288.73,0.0,224.7441,51092000
2023-06-26,180,2022-10-06,2023-06-26,278.47,158.5946,176.0944,175.586,158.1367,88.91,288.73,-3.5535,213.2044,24232700
2023-06-27,180,2022-10-07,2023-06-27,287.05,159.1143,176.9166,180.4049,162.2516,88.91,288.73,-0.5819,222.8545,26108300
2023-06-28,180,2022-10-10,2023-06-28,285.29,159.6773,177.7601,178.6667,160.4916,88.91,288.73,-1.1914,220.875,16722100
2023-06-29,180,2022-10-11,2023-06-29,281.53,160.2348,178.5809,175.6984,157.6484,88.91,288.73,-2.4937,216.646,15395700
2023-06-30,180,2022-10-12,2023-06-30,286.98,160.8498,179.4611,178.4149,159.9121,88.91,288.73,-0.6061,222.7758,19694900
2023-07-03,180,2022-10-13,2023-07-03,286.02,161.477,180.3418,177.1273,158.5989,88.91,288.73,-0.9386,221.6961,8629300
2023-07-05,180,2022-10-14,2023-07-05,294.37,162.0992,181.2533,181.5987,162.408,88.91,294.37,0.0,231.0876,33865500
2023-07-06,180,2022-10-17,2023-07-06,291.99,162.7535,182.1713,179.4063,160.2832,88.91,294.37,-0.8085,228.4107,47600500
2023-07-07,180,2022-10-18,2023-07-07,290.53,163.347,183.0407,177.8607,158.7243,88.91,294.37,-1.3045,226.7686,25586000
2023-07-10,180,2022-10-19,2023-07-10,294.1,163.9615,183.9368,179.3714,159.8919,88.91,294.37,-0.0917,230.7839,37058300
2023-07-11,180,2022-10-20,2023-07-11,298.29,164.5841,184.8538,181.2386,161.3654,88.91,298.29,0.0,235.4966,27585900
2023-07-12,180,2022-10-21,2023-07-12,309.34,165.2444,185.8416,187.2015,166.4536,88.91,309.34,0.0,247.9248,36677100
2023-07-13,180,2022-10-24,2023-07-13,313.41,165.9301,186.8605,188.8808,167.7241,88.91,313.41,0.0,252.5025,30281000
2023-07-14,180,2022-10-25,2023-07-14,308.87,166.6168,187.8558,185.3774,164.4187,88.91,313.41,-1.4486,247.3962,23054100
2023-07-17,180,2022-10-26,2023-07-17,310.62,167.2442,188.8175,185.7284,164.5081,88.91,313.41,-0.8902,249.3645,25323100
2023-07-18,180,2022-10-27,2023-07-18,312.05,167.9462,189.8299,185.8035,164.384,88.91,313.41,-0.4339,250.9729,20731900
2023-07-19,180,2022-10-28,2023-07-19,316.01,169.0576,191.0414,186.9245,165.4144,88.91,316.01,0.0,255.4268,21763700
2023-07-20,180,2022-10-31,2023-07-20,302.52,170.1402,192.1709,177.8063,157.4223,88.91,316.01,-4.2689,240.2542,23836900
2023-07-21,180,2022-11-01,2023-07-21,294.26,171.3282,193.2882,171.7522,152.239,88.91,316.01,-6.8827,230.9639,42139300
2023-07-24,180,2022-11-02,2023-07-24,291.61,172.4898,194.3793,169.0593,150.0211,88.91,316.01,-7.7213,227.9833,24915700
2023-07-25,180,2022-11-03,2023-07-25,294.47,173.7634,195.5123,169.466,150.6146,88.91,316.01,-6.8162,231.2001,19585600
2023-07-26,180,2022-11-04,2023-07-26,298.57,175.0984,196.6771,170.5155,151.8072,90.79,316.01,-5.5188,228.8578,47256900
2023-07-27,180,2022-11-07,2023-07-27,311.71,176.4383,197.9044,176.668,157.5053,96.47,316.01,-1.3607,223.116,64229200
2023-07-28,180,2022-11-08,2023-07-28,325.48,177.7041,199.1753,183.1585,163.4139,96.47,325.48,0.0,237.3899,39220300
2023-07-31,180,2022-11-09,2023-07-31,318.6,178.9811,200.4093,178.0076,158.9746,101.47,325.48,-2.1138,213.9844,25799600
2023-08-01,180,2022-11-10,2023-08-01,322.71,180.1916,201.6384,179.0927,160.0439,108.78,325.48,-0.8511,196.663,22817900
2023-08-02,180,2022-11-11,2023-08-02,314.31,181.2362,202.7631,173.4256,155.0134,108.78,325.48,-3.4319,188.941,20461100
2023-08-03,180,2022-11-14,2023-08-03,313.19,182.274,203.8752,171.8237,153.6185,108.78,325.48,-3.776,187.9114,15180200
2023-08-04,180,2022-11-15,2023-08-04,310.73,183.3018,204.9669,169.5183,151.6001,108.78,325.48,-4.5318,185.6499,17612800
2023-08-07,180,2022-11-16,2023-08-07,316.56,184.312,206.0751,171.7523,153.6139,108.78,325.48,-2.7406,191.0094,16236500
2023-08-08,180,2022-11-17,2023-08-08,312.64,185.3812,207.1829,168.6471,150.9005,108.78,325.48,-3.9449,187.4058,15183500
2023-08-09,180,2022-11-18,2023-08-09,305.21,186.4752,208.2594,163.6732,146.5528,108.78,325.48,-6.2277,180.5755,19955800
2023-08-10,180,2022-11-21,2023-08-10,305.74,187.5739,209.3354,162.9971,146.0527,108.78,325.48,-6.0649,181.0627,14358900
2023-08-11,180,2022-11-22,2023-08-11,301.64,188.7119,210.4009,159.8415,143.3644,108.78,325.48,-7.3246,177.2936,14046300
2023-08-14,180,2022-11-23,2023-08-14,306.19,189.8479,211.4828,161.2817,144.7824,108.78,325.48,-5.9266,181.4764,15641900
2023-08-15,180,2022-11-25,2023-08-15,301.95,190.9754,212.5368,158.1093,142.0695,108.78,325.48,-7.2293,177.5786,11623600
2023-08-16,180,2022-11-28,2023-08-16,294.29,192.1124,213.5528,153.1864,137.8067,108.78,325.48,-9.5828,170.5369,18547700
2023-08-17,180,2022-11-29,2023-08-17,285.09,193.2852,214.5323,147.4971,132.8891,109.46,325.48,-12.4094,160.4513,23950100
2023-08-18,180,2022-11-30,2023-08-18,283.25,194.4556,215.4978,145.6631,131.4399,113.93,325.48,-12.9747,148.6176,35347900
2023-08-21,180,2022-12-01,2023-08-21,289.9,195.5155,216.4522,148.2747,133.9326,113.93,325.48,-10.9316,154.4545,20181500
2023-08-22,180,2022-12-02,2023-08-22,287.6,196.5457,217.3809,146.3273,132.3023,113.93,325.48,-11.6382,152.4357,12980200
2023-08-23,180,2022-12-05,2023-08-23,294.24,197.5594,218.3295,148.9375,134.7688,113.93,325.48,-9.5981,158.2638,18287000
2023-08-24,180,2022-12-06,2023-08-24,286.75,198.5796,219.2424,144.4005,130.7913,113.93,325.48,-11.8994,151.6896,18360900
2023-08-25,180,2022-12-07,2023-08-25,285.5,199.7387,220.1945,142.9368,129.6581,113.93,325.48,-12.2834,150.5925,23701400
2023-08-28,180,2022-12-08,2023-08-28,290.26,200.9275,221.1741,144.4601,131.236,114.48,325.48,-10.8209,153.5465,14239300
2023-08-29,180,2022-12-09,2023-08-29,297.99,202.1267,222.1889,147.4273,134.1156,114.48,325.48,-8.446,160.2987,20844500
2023-08-30,180,2022-12-12,2023-08-30,295.1,203.323,223.1844,145.1385,132.2225,114.48,325.48,-9.3339,157.7743,17717000
2023-08-31,180,2022-12-13,2023-08-31,295.89,204.5564,224.191,144.6496,131.9812,114.48,325.48,-9.0912,158.4644,17229900
2023-09-01,180,2022-12-14,2023-09-01,296.38,205.7133,225.1701,144.0743,131.625,114.48,325.48,-8.9406,158.8924,12842300
2023-09-05,180,2022-12-15,2023-09-05,300.15,206.8701,226.1621,145.0911,132.7146,114.48,325.48,-7.7824,162.1855,14956000
2023-09-06,180,2022-12-16,2023-09-06,299.17,208.1299,227.1788,143.742,131.6892,114.48,325.48,-8.0834,161.3295,15418100
2023-09-07,180,2022-12-19,2023-09-07,298.67,209.3463,228.1746,142.668,130.8954,114.48,325.48,-8.2371,160.8927,33748700
2023-09-08,180,2022-12-20,2023-09-08,297.89,210.664,229.1936,141.4053,129.9731,115.62,325.48,-8.4767,157.6457,17548000
2023-09-11,180,2022-12-21,2023-09-11,307.56,211.9761,230.2517,145.0918,133.5755,115.62,325.48,-5.5057,166.0093,19489300
2023-09-12,180,2022-12-22,2023-09-12,301.66,213.2405,231.2623,141.4647,130.4406,115.62,325.48,-7.3184,160.9064,13480400
2023-09-13,180,2022-12-23,2023-09-13,305.06,214.5777,232.3064,142.1676,131.318,115.62,325.48,-6.2738,163.8471,13210900
2023-09-14,180,2022-12-27,2023-09-14,311.72,215.9326,233.3824,144.3598,133.5662,115.62,325.48,-4.2276,169.6073,19343100
2023-09-15,180,2022-12-28,2023-09-15,300.31,217.2949,234.4014,138.2039,128.1178,115.62,325.48,-7.7332,159.7388,28131100
2023-09-18,180,2022-12-29,2023-09-18,302.55,218.7057,235.4399,138.3366,128.5041,120.26,325.48,-7.045,151.5799,14234200
2023-09-19,180,2022-12-30,2023-09-19,305.07,220.0526,236.4667,138.635,129.0118,120.34,325.48,-6.2707,153.5067,15924400
2023-09-20,180,2023-01-03,2023-09-20,299.67,221.3985,237.4629,135.3532,126.1965,124.74,325.48,-7.9298,140.2357,19379500
2023-09-21,180,2023-01-04,2023-09-21,295.73,222.668,238.4129,132.8121,124.0411,126.94,325.48,-9.1403,132.9683,21319600
2023-09-22,180,2023-01-05,2023-09-22,299.08,223.9166,239.3668,133.5676,124.9463,126.94,325.48,-8.1111,135.6074,25369600
2023-09-25,180,2023-01-06,2023-09-25,300.83,225.1922,240.3329,133.5881,125.1722,129.47,325.48,-7.5734,132.355,18987000
2023-09-26,180,2023-01-09,2023-09-26,298.96,226.4234,241.2714,132.0358,123.9102,129.47,325.48,-8.148,130.9106,19417200
2023-09-27,180,2023-01-10,2023-09-27,297.74,227.6735,242.2063,130.775,122.9283,132.89,325.48,-8.5228,124.05,36429800
2023-09-28,180,2023-01-11,2023-09-28,303.96,228.898,243.1561,132.7927,125.0061,132.89,325.48,-6.6118,128.7305,22167100
2023-09-29,180,2023-01-12,2023-09-29,300.21,230.1254,244.0857,130.455,122.9937,133.02,325.48,-7.7639,125.6879,25373700
2023-10-02,180,2023-01-13,2023-10-02,306.82,231.3248,245.0307,132.636,125.217,133.02,325.48,-5.7331,130.657,16265600
2023-10-03,180,2023-01-17,2023-10-03,300.94,232.5133,245.9416,129.4292,122.3624,133.02,325.48,-7.5396,126.2367,17362300
2023-10-04,180,2023-01-18,2023-10-04,305.58,233.7559,246.8873,130.7261,123.7731,133.02,325.48,-6.1141,129.7248,16880500
2023-10-05,180,2023-01-19,2023-10-05,304.79,235.0491,247.8416,129.6708,122.9778,136.15,325.48,-6.3568,123.8634,19130000
2023-10-06,180,2023-01-20,2023-10-06,315.43,236.3374,248.8376,133.4659,126.7614,139.37,325.48,-3.0878,126.3256,21803900
2023-10-09,180,2023-01-23,2023-10-09,318.36,237.5959,249.8319,133.9922,127.4297,141.5,325.48,-2.1875,124.9894,22503700
2023-10-10,180,2023-01-24,2023-10-10,321.84,238.8167,250.824,134.7644,128.3131,141.5,325.48,-1.1184,127.4488,19038000
2023-10-11,180,2023-01-25,2023-10-11,327.82,240.0703,251.85,136.5517,130.1648,141.5,327.82,0.0,131.6749,22036300
2023-10-12,180,2023-01-26,2023-10-12,324.16,241.3522,252.8648,134.31,128.195,147.06,327.82,-1.1165,120.427,20530500
2023-10-13,180,2023-01-27,2023-10-13,314.69,242.5265,253.7947,129.7549,123.9939,147.06,327.82,-4.0052,113.9875,21341000
2023-10-16,180,2023-01-30,2023-10-16,321.15,243.6678,254.7359,131.7983,126.0718,147.06,327.82,-2.0347,118.3803,16536100
2023-10-17,180,2023-01-31,2023-10-17,324.0,244.8989,255.7189,132.2995,126.7016,148.97,327.82,-1.1653,117.4935,16387800
2023-10-18,180,2023-02-01,2023-10-18,316.97,246.0902,256.6522,128.8024,123.5018,153.12,327.82,-3.3097,107.0076,16851000
2023-10-19,180,2023-02-02,2023-10-19,312.81,247.217,257.5394,126.5325,121.461,169.54,327.82,-4.5787,84.5051,18709200
2023-10-20,180,2023-02-03,2023-10-20,308.65,247.9176,258.2054,124.497,119.5366,169.54,327.82,-5.8477,82.0514,22312300
2023-10-23,180,2023-02-06,2023-10-23,314.01,248.663,258.9136,126.2793,121.2798,169.54,327.82,-4.2127,85.2129,17796800
2023-10-24,180,2023-02-07,2023-10-24,312.55,249.4125,259.6163,125.3145,120.3892,169.54,327.82,-4.658,84.3518,19525500
2023-10-25,180,2023-02-08,2023-10-25,299.53,250.0639,260.2158,119.7814,115.1083,169.54,327.82,-8.6297,76.6722,42192500
2023-10-26,180,2023-02-09,2023-10-26,288.35,250.7549,260.7987,114.9928,110.5642,169.54,327.82,-12.0401,70.0779,66684100
2023-10-27,180,2023-02-10,2023-10-27,296.73,251.5435,261.4588,117.9637,113.4902,169.54,327.82,-9.4839,75.0207,29596300
2023-10-30,180,2023-02-13,2023-10-30,302.66,252.4035,262.1727,119.9112,115.443,169.54,327.82,-7.6749,78.5184,28435100
2023-10-31,180,2023-02-14,2023-10-31,301.27,253.2038,262.8496,118.9832,114.6169,169.54,327.82,-8.099,77.6985,19434200
2023-11-01,180,2023-02-15,2023-11-01,311.85,254.049,263.585,122.7519,118.311,169.54,327.82,-4.8716,83.9389,20434600
2023-11-02,180,2023-02-16,2023-11-02,310.87,254.9225,264.3278,121.9469,117.6077,169.54,327.82,-5.1705,83.3609,21631800
2023-11-03,180,2023-02-17,2023-11-03,314.6,255.8721,265.1176,122.9521,118.6643,169.54,327.82,-4.0327,85.5609,16764300
2023-11-06,180,2023-02-21,2023-11-06,315.8,256.8278,265.9116,122.9618,118.7613,169.54,327.82,-3.6667,86.2687,12887700
2023-11-07,180,2023-02-22,2023-11-07,318.82,257.8117,266.7268,123.6639,119.5305,169.54,327.82,-2.7454,88.05,14055600
2023-11-08,180,2023-02-23,2023-11-08,319.78,258.8188,267.5527,123.5536,119.5204,169.54,327.82,-2.4526,88.6163,13609700
2023-11-09,180,2023-02-24,2023-11-09,320.55,259.8249,268.3778,123.3716,119.4398,169.54,327.82,-2.2177,89.0704,16103100
2023-11-10,180,2023-02-27,2023-11-10,328.77,260.8896,269.2577,126.0188,122.1024,169.54,328.77,0.0,93.9188,19096200
2023-11-13,180,2023-02-28,2023-11-13,329.19,261.9757,270.1446,125.6567,121.857,173.42,329.19,0.0,89.8224,16908900
2023-11-14,180,2023-03-01,2023-11-14,336.31,263.0257,271.0411,127.862,124.0808,173.42,336.31,0.0,93.928,17179400
2023-11-15,180,2023-03-02,2023-11-15,332.71,264.0911,271.9261,125.983,122.3531,174.53,336.31,-1.0704,90.632,14531200
2023-11-16,180,2023-03-03,2023-11-16,334.19,265.156,272.8131,126.0352,122.4978,179.51,336.31,-0.6304,86.1679,18932600
2023-11-17,180,2023-03-06,2023-11-17,335.04,266.102,273.6452,125.9066,122.4359,179.51,336.31,-0.3776,86.6414,14494400
2023-11-20,180,2023-03-07,2023-11-20,339.97,267.076,274.5067,127.2933,123.8476,179.51,339.97,0.0,89.3878,16960500
2023-11-21,180,2023-03-08,2023-11-21,336.98,268.0513,275.3538,125.7147,122.3807,179.51,339.97,-0.8795,87.7221,12027900
2023-11-22,180,2023-03-09,2023-11-22,341.49,269.0441,276.2233,126.9271,123.6282,179.51,341.49,0.0,90.2345,10702700
2023-11-24,180,2023-03-10,2023-11-24,338.23,270.0724,277.093,125.2368,122.0637,179.51,341.49,-0.9546,88.4185,5467500
2023-11-27,180,2023-03-13,2023-11-27,334.7,271.1231,277.9552,123.4494,120.4151,180.9,341.49,-1.9883,85.0194,15684500
2023-11-28,180,2023-03-14,2023-11-28,338.99,272.18,278.8334,124.5462,121.5744,194.02,341.49,-0.7321,74.7191,12637200
2023-11-29,180,2023-03-15,2023-11-29,332.2,273.0653,279.6011,121.6559,118.8121,195.61,341.49,-2.7204,69.8277,16024500
2023-11-30,180,2023-03-16,2023-11-30,327.15,273.8963,280.32,119.443,116.7059,195.61,341.49,-4.1992,67.246,23146400
2023-12-01,180,2023-03-17,2023-12-01,324.82,274.6491,280.9861,118.2673,115.6,195.61,341.49,-4.8815,66.0549,15276400
2023-12-04,180,2023-03-20,2023-12-04,320.02,275.4844,281.6772,116.1663,113.6123,197.81,341.49,-6.2872,61.7815,19037100
2023-12-05,180,2023-03-21,2023-12-05,318.29,276.2936,282.3466,115.1999,112.7303,199.81,341.49,-6.7938,59.2963,16952100
2023-12-06,180,2023-03-22,2023-12-06,317.45,277.0576,282.9871,114.5791,112.1783,199.81,341.49,-7.0397,58.8759,11294300
2023-12-07,180,2023-03-23,2023-12-07,326.59,277.8886,283.6914,117.5255,115.1216,200.68,341.49,-4.3632,62.7417,15905100
2023-12-08,180,2023-03-24,2023-12-08,332.75,278.7018,284.4051,119.3928,116.9986,200.68,341.49,-2.5594,65.8112,14087400
2023-12-11,180,2023-03-27,2023-12-11,325.28,279.472,285.0677,116.3909,114.1062,200.68,341.49,-4.7468,62.0889,25802500
2023-12-12,180,2023-03-28,2023-12-12,334.22,280.3154,285.7976,119.23,116.9429,200.68,341.49,-2.1289,66.5438,18485500
2023-12-13,180,2023-03-29,2023-12-13,334.74,281.1893,286.5424,119.0443,116.8204,205.35,341.49,-1.9766,63.0095,16353300
2023-12-14,180,2023-03-30,2023-12-14,333.17,282.0124,287.2525,118.1402,115.9851,207.55,341.49,-2.4364,60.5252,19607300
2023-12-15,180,2023-03-31,2023-12-15,334.92,282.8213,287.9585,118.4211,116.3084,207.55,341.49,-1.9239,61.3683,31776900
2023-12-18,180,2023-04-03,2023-12-18,344.62,283.6309,288.6956,121.503,119.3714,207.55,344.62,0.0,66.0419,18993900
2023-12-19,180,2023-04-04,2023-12-19,350.36,284.4552,289.4583,123.1688,121.0399,207.55,350.36,0.0,68.8075,17729400
2023-12-20,180,2023-04-05,2023-12-20,349.28,285.264,290.2059,122.441,120.3559,207.55,350.36,-0.3083,68.2872,16369900
2023-12-21,180,2023-04-06,2023-12-21,354.09,286.1276,290.9982,123.7525,121.6812,207.55,354.09,0.0,70.6047,15289600
2023-12-22,180,2023-04-10,2023-12-22,353.39,286.9476,291.7609,123.1549,121.1232,207.55,354.09,-0.1977,70.2674,11772800
2023-12-26,180,2023-04-11,2023-12-26,354.83,287.791,292.5391,123.2943,121.2932,207.55,354.83,0.0,70.9612,9898600
2023-12-27,180,2023-04-12,2023-12-27,357.83,288.6594,293.339,123.9627,121.9851,207.55,357.83,0.0,72.4066,13207900
2023-12-28,180,2023-04-13,2023-12-28,358.32,289.5333,294.1408,123.7578,121.8192,207.55,358.32,0.0,72.6427,11798800
2023-12-29,180,2023-04-14,2023-12-29,353.96,290.3333,294.8831,121.9151,120.034,207.55,358.32,-1.2168,70.542,14987100
2024-01-02,180,2023-04-17,2024-01-02,346.29,291.0973,295.5764,118.9602,117.1575,207.55,358.32,-3.3573,66.8465,19042200
2024-01-03,180,2023-04-18,2024-01-03,344.47,291.8837,296.2742,118.0162,116.2673,207.55,358.32,-3.8653,65.9696,15451100
2024-01-04,180,2023-04-19,2024-01-04,347.12,292.6947,296.9922,118.5946,116.8785,207.55,358.32,-3.1257,67.2464,12099900
2024-01-05,180,2023-04-20,2024-01-05,351.95,293.5514,297.7491,119.8938,118.2035,207.55,358.32,-1.7777,69.5736,13920700
2024-01-08,180,2023-04-21,2024-01-08,358.66,294.4663,298.5579,121.8,120.1308,207.55,358.66,0.0,72.8066,13890200
2024-01-09,180,2023-04-24,2024-01-09,357.43,295.3842,299.3609,121.0051,119.3977,207.55,358.66,-0.3429,72.2139,13463900
2024-01-10,180,2023-04-25,2024-01-10,370.47,296.3569,300.2369,125.008,123.3925,207.55,370.47,0.0,78.4967,22117200
2024-01-11,180,2023-04-26,2024-01-11,369.67,297.3915,301.1376,124.3041,122.7578,209.4,370.47,-0.2159,76.5377,17205400
2024-01-12,180,2023-04-27,2024-01-12,374.49,298.4295,302.0548,125.4869,123.9808,232.78,374.49,0.0,60.8772,19310000
2024-01-16,180,2023-04-28,2024-01-16,367.46,299.1589,302.7709,122.8311,121.3657,232.78,374.49,-1.8772,57.8572,15306900
2024-01-17,180,2023-05-01,2024-01-17,368.37,299.8798,303.4823,122.8392,121.3811,232.78,374.49,-1.6342,58.2481,12724800
2024-01-18,180,2023-05-02,2024-01-18,376.13,300.6077,304.2209,125.1232,123.6371,232.78,376.13,0.0,61.5818,16354300
2024-01-19,180,2023-05-03,2024-01-19,383.45,301.399,305.0221,127.2234,125.7122,232.78,383.45,0.0,64.7264,21670800
2024-01-22,180,2023-05-04,2024-01-22,381.78,302.2084,305.8262,126.33,124.8356,232.78,383.45,-0.4355,64.0089,17680500
2024-01-23,180,2023-05-05,2024-01-23,385.2,303.0664,306.6689,127.1009,125.6078,232.78,385.2,0.0,65.4781,15506100
2024-01-24,180,2023-05-08,2024-01-24,390.7,303.955,307.5462,128.5387,127.0378,233.08,390.7,0.0,67.6249,15698500
2024-01-25,180,2023-05-09,2024-01-25,393.18,304.8526,308.4346,128.9738,127.476,233.08,393.18,0.0,68.6889,15091100
2024-01-26,180,2023-05-10,2024-01-26,394.14,305.7577,309.3278,128.906,127.4182,233.08,394.14,0.0,69.1007,13163700
2024-01-29,180,2023-05-11,2024-01-29,401.02,306.6937,310.2608,130.7558,129.2526,233.81,401.02,0.0,71.5153,18742400
2024-01-30,180,2023-05-12,2024-01-30,400.06,307.6065,311.1734,130.0558,128.565,233.81,401.02,-0.2394,71.1047,18614700
2024-01-31,180,2023-05-15,2024-01-31,390.14,308.51,312.0419,126.4594,125.0281,238.82,401.02,-2.7131,63.3615,20180800
2024-02-01,180,2023-05-16,2024-02-01,394.78,309.3868,312.9081,127.6008,126.1648,238.82,401.02,-1.556,65.3044,29727100
2024-02-02,180,2023-05-17,2024-02-02,474.99,310.4979,314.2202,152.9769,151.1647,242.49,474.99,0.0,95.8802,84707600
2024-02-05,180,2023-05-18,2024-02-05,459.41,311.5443,315.4253,147.4622,145.6478,245.64,474.99,-3.2801,87.0257,40832400
2024-02-06,180,2023-05-19,2024-02-06,454.72,312.5461,316.5801,145.4889,143.635,245.64,474.99,-4.2675,85.1164,21655200
2024-02-07,180,2023-05-22,2024-02-07,469.59,313.6033,317.8243,149.7401,147.7515,246.74,474.99,-1.1369,90.3177,23066000
2024-02-08,180,2023-05-23,2024-02-08,470.0,314.6446,319.0558,149.3749,147.3096,246.74,474.99,-1.0505,90.4839,18815100
2024-02-09,180,2023-05-24,2024-02-09,468.11,315.7022,320.2857,148.2758,146.1539,249.21,474.99,-1.4485,87.8376,18413100
2024-02-12,180,2023-05-25,2024-02-12,468.9,316.7467,321.5062,148.0363,145.8448,252.69,474.99,-1.2821,85.5633,19382000
2024-02-13,180,2023-05-26,2024-02-13,460.12,317.7442,322.6586,144.8083,142.6028,262.04,474.99,-3.1306,75.5915,20916600
2024-02-14,180,2023-05-30,2024-02-14,473.28,318.7025,323.8321,148.5021,146.1498,262.52,474.99,-0.36,80.2834,16858400
2024-02-15,180,2023-05-31,2024-02-15,484.03,319.6892,325.0627,151.4064,148.9036,263.6,484.03,0.0,83.6229,24212300
2024-02-16,180,2023-06-01,2024-02-16,473.32,320.6373,326.2216,147.6185,145.0916,263.6,484.03,-2.2127,79.5599,23324600
2024-02-20,180,2023-06-02,2024-02-20,471.75,321.5241,327.3279,146.723,144.1215,263.6,484.03,-2.537,78.9643,18015500
2024-02-21,180,2023-06-05,2024-02-21,468.03,322.4062,328.4136,145.1678,142.5124,263.6,484.03,-3.3056,77.5531,12921800
2024-02-22,180,2023-06-06,2024-02-22,486.13,323.3489,329.6066,150.3422,147.4879,263.6,486.13,0.0,84.4196,21625800
2024-02-23,180,2023-06-07,2024-02-23,484.03,324.294,330.7894,149.2565,146.3257,263.6,486.13,-0.432,83.6229,18374300
2024-02-26,180,2023-06-08,2024-02-26,481.74,325.3008,332.0013,148.0906,145.1018,264.58,486.13,-0.9031,82.0773,12101400
2024-02-27,180,2023-06-09,2024-02-27,487.05,326.3189,333.2373,149.2558,146.1571,264.95,487.05,0.0,83.8271,10809600
2024-02-28,180,2023-06-12,2024-02-28,484.02,327.3326,334.4543,147.8679,144.7193,271.05,487.05,-0.6221,78.5722,12715500
2024-02-29,180,2023-06-13,2024-02-29,490.13,328.3172,335.6714,149.2855,146.0148,271.32,490.13,0.0,80.6465,17732000
2024-03-01,180,2023-06-14,2024-03-01,502.3,329.3353,336.9547,152.5193,149.0705,273.35,502.3,0.0,83.7571,16273600
2024-03-04,180,2023-06-15,2024-03-04,498.19,330.3332,338.2038,150.8144,147.3047,278.47,502.3,-0.8182,78.9026,12324100
2024-03-05,180,2023-06-16,2024-03-05,490.22,331.2501,339.3615,147.9909,144.4536,278.47,502.3,-2.4049,76.0405,15325300
2024-03-06,180,2023-06-20,2024-03-06,496.09,332.1934,340.5564,149.3377,145.6704,278.47,502.3,-1.2363,78.1485,11757900
2024-03-07,180,2023-06-21,2024-03-07,512.19,333.1554,341.8223,153.7391,149.841,278.47,512.19,0.0,83.93,18586400
2024-03-08,180,2023-06-22,2024-03-08,505.95,334.1289,343.0685,151.4236,147.4778,278.47,512.19,-1.2183,81.6892,18597100
2024-03-11,180,2023-06-23,2024-03-11,483.59,335.0259,344.1724,144.3441,140.5081,278.47,512.19,-5.5839,73.6596,20428300
2024-03-12,180,2023-06-26,2024-03-12,499.75,335.9403,345.3448,148.7615,144.7105,278.47,512.19,-2.4288,79.4628,15448200
2024-03-13,180,2023-06-27,2024-03-13,495.57,336.9296,346.5509,147.0842,143.0006,281.53,512.19,-3.2449,76.0274,12090700
2024-03-14,180,2023-06-28,2024-03-14,491.83,337.8468,347.6886,145.5778,141.4571,281.53,512.19,-3.9751,74.699,12620000
2024-03-15,180,2023-06-29,2024-03-15,484.1,338.7621,348.7931,142.9026,138.7929,281.53,512.19,-5.4843,71.9533,29153600
2024-03-18,180,2023-06-30,2024-03-18,496.98,339.7467,349.99,146.2796,141.9983,283.25,512.19,-2.9696,75.4563,11755300
2024-03-19,180,2023-07-03,2024-03-19,496.24,340.6916,351.1526,145.6566,141.3175,283.25,512.19,-3.1141,75.1951,10903100
2024-03-20,180,2023-07-05,2024-03-20,505.52,341.6734,352.372,147.9542,143.462,283.25,512.19,-1.3023,78.4713,11711100
2024-03-21,180,2023-07-06,2024-03-21,507.76,342.6018,353.5575,148.207,143.6145,283.25,512.19,-0.8649,79.2621,9712500
2024-03-22,180,2023-07-07,2024-03-22,509.58,343.5581,354.7663,148.3243,143.6382,283.25,512.19,-0.5096,79.9047,8120600
2024-03-25,180,2023-07-10,2024-03-25,503.02,344.5142,355.9468,146.0085,141.3189,283.25,512.19,-1.7904,77.5887,8380600
2024-03-26,180,2023-07-11,2024-03-26,495.89,345.4289,357.0679,143.5578,138.8784,283.25,512.19,-3.1824,75.0715,11205400
2024-03-27,180,2023-07-12,2024-03-27,493.86,346.3112,358.1544,142.6058,137.8903,283.25,512.19,-3.5788,74.3548,9989700
2024-03-28,180,2023-07-13,2024-03-28,485.58,347.0948,359.1335,139.8984,135.2088,283.25,512.19,-5.1953,71.4316,15212800
2024-04-01,180,2023-07-14,2024-04-01,491.35,347.8699,360.1221,141.2454,136.4399,283.25,512.19,-4.0688,73.4687,9247000
2024-04-02,180,2023-07-17,2024-04-02,497.37,348.6967,361.1693,142.6368,137.711,283.25,512.19,-2.8935,75.594,11081000
2024-04-03,180,2023-07-18,2024-04-03,506.74,349.5404,362.2588,144.9732,139.8834,283.25,512.19,-1.0641,78.902,12099200
2024-04-04,180,2023-07-19,2024-04-04,510.92,350.3892,363.3637,145.815,140.6084,283.25,512.19,-0.248,80.3778,26476300
2024-04-05,180,2023-07-20,2024-04-05,527.34,351.2563,364.5377,150.1297,144.6599,283.25,527.34,0.0,86.1748,19263300
2024-04-08,180,2023-07-21,2024-04-08,519.25,352.2045,365.7418,147.4285,141.9717,283.25,527.34,-1.5341,83.3186,13260600
2024-04-09,180,2023-07-24,2024-04-09,516.9,353.2162,366.9787,146.341,140.8529,283.25,527.34,-1.9797,82.489,10863800
2024-04-10,180,2023-07-25,2024-04-10,519.83,354.2628,368.2466,146.7357,141.1636,283.25,527.34,-1.4241,83.5234,11418500
2024-04-11,180,2023-07-26,2024-04-11,523.16,355.3009,369.5171,147.2442,141.5794,283.25,527.34,-0.7927,84.699,10369500
2024-04-12,180,2023-07-27,2024-04-12,511.9,356.2825,370.7022,143.6781,138.0893,283.25,527.34,-2.9279,80.7237,11984500
2024-04-15,180,2023-07-28,2024-04-15,500.23,357.1371,371.7496,140.0667,134.561,283.25,527.34,-5.1409,76.6037,13512900
2024-04-16,180,2023-07-31,2024-04-16,499.76,357.8979,372.7178,139.6376,134.0854,283.25,527.34,-5.23,76.4378,9847900
2024-04-17,180,2023-08-01,2024-04-17,494.17,358.6933,373.6932,137.7695,132.2395,283.25,527.34,-6.2901,74.4643,12193700
2024-04-18,180,2023-08-02,2024-04-18,501.8,359.4855,374.6881,139.5884,133.9247,283.25,527.34,-4.8432,77.158,14808700
2024-04-19,180,2023-08-03,2024-04-19,481.07,360.2791,375.6146,133.5271,128.0754,283.25,527.34,-8.7742,69.8394,25215400
2024-04-22,180,2023-08-04,2024-04-22,481.73,361.0864,376.5509,133.4113,127.9322,283.25,527.34,-8.6491,70.0724,17271100
2024-04-23,180,2023-08-07,2024-04-23,496.1,361.9596,377.5807,137.0595,131.3891,283.25,527.34,-5.9241,75.1456,15079200
2024-04-24,180,2023-08-08,2024-04-24,493.5,362.7858,378.5637,136.0307,130.3611,283.25,527.34,-6.4171,74.2277,37772700
2024-04-25,180,2023-08-09,2024-04-25,441.38,363.4693,379.2789,121.4353,116.3735,283.25,527.34,-16.3007,55.827,82890700
2024-04-26,180,2023-08-10,2024-04-26,443.29,364.2199,380.0461,121.7095,116.6411,283.25,527.34,-15.9385,56.5013,32691400
2024-04-29,180,2023-08-11,2024-04-29,432.62,364.9282,380.7509,118.5494,113.6228,283.25,527.34,-17.9619,52.7343,21502600
2024-04-30,180,2023-08-14,2024-04-30,430.17,365.6625,381.465,117.6413,112.7679,283.25,527.34,-18.4264,51.8694,18429500
2024-05-01,180,2023-08-15,2024-05-01,439.19,366.3987,382.2039,119.8667,114.9099,283.25,527.34,-16.716,55.0538,20344900
2024-05-02,180,2023-08-16,2024-05-02,441.68,367.1818,382.9802,120.2892,115.3271,283.25,527.34,-16.2438,55.9329,15221300
2024-05-03,180,2023-08-17,2024-05-03,451.96,368.0718,383.8561,122.7913,117.742,283.25,527.34,-14.2944,59.5622,16489100
2024-05-06,180,2023-08-18,2024-05-06,465.68,369.0985,384.8594,126.1669,121.0,283.25,527.34,-11.6927,64.406,15094600
2024-05-07,180,2023-08-21,2024-05-07,468.24,370.1571,385.8871,126.4976,121.3412,285.5,527.34,-11.2072,64.007,13406800
2024-05-08,180,2023-08-22,2024-05-08,472.6,371.175,386.9021,127.3254,122.1498,285.5,527.34,-10.3804,65.5342,11683900
2024-05-09,180,2023-08-23,2024-05-09,475.42,372.2294,387.9456,127.7223,122.5481,285.5,527.34,-9.8456,66.5219,9437700
2024-05-10,180,2023-08-24,2024-05-10,476.2,373.2317,388.9564,127.5883,122.4302,285.5,527.34,-9.6977,66.7951,10750000
2024-05-13,180,2023-08-25,2024-05-13,468.01,374.2799,389.9634,125.0428,120.0138,285.5,527.34,-11.2508,63.9264,14668800
2024-05-14,180,2023-08-28,2024-05-14,471.85,375.3596,390.9987,125.7061,120.6781,288.35,527.34,-10.5226,63.6379,10478600
2024-05-15,180,2023-08-29,2024-05-15,481.54,376.4338,392.0614,127.9216,122.8226,288.35,527.34,-8.6851,66.9984,13100500
2024-05-16,180,2023-08-30,2024-05-16,473.23,377.4147,393.0349,125.3873,120.4041,288.35,527.34,-10.2609,64.1165,16608200
2024-05-17,180,2023-08-31,2024-05-17,471.91,378.4221,394.0172,124.7047,119.7689,288.35,527.34,-10.5112,63.6587,10807300
2024-05-20,180,2023-09-01,2024-05-20,468.84,379.4165,394.9781,123.5687,118.7003,288.35,527.34,-11.0934,62.5941,11745100
2024-05-21,180,2023-09-05,2024-05-21,464.63,380.3962,395.9128,122.1437,117.3567,288.35,527.34,-11.8918,61.134,11742200
2024-05-22,180,2023-09-06,2024-05-22,467.78,381.3584,396.8441,122.6615,117.875,288.35,527.34,-11.2944,62.2265,10078600
2024-05-23,180,2023-09-07,2024-05-23,465.78,382.3269,397.7697,121.8277,117.0979,288.35,527.34,-11.6737,61.5329,11747900
2024-05-24,180,2023-09-08,2024-05-24,478.22,383.3505,398.7672,124.7475,119.9246,288.35,527.34,-9.3147,65.8471,12024300
2024-05-28,180,2023-09-11,2024-05-28,479.92,384.3928,399.7784,124.8514,120.0465,288.35,527.34,-8.9923,66.4366,10175800
2024-05-29,180,2023-09-12,2024-05-29,474.36,385.3336,400.7051,123.1037,118.3813,288.35,527.34,-10.0467,64.5084,9226200
2024-05-30,180,2023-09-13,2024-05-30,467.05,386.3044,401.6239,120.9021,116.2904,288.35,527.34,-11.4329,61.9733,10719600
2024-05-31,180,2023-09-14,2024-05-31,466.83,387.2485,402.5227,120.5505,115.9761,288.35,527.34,-11.4746,61.897,16919800
2024-06-03,180,2023-09-15,2024-06-03,477.49,388.1786,403.4436,123.0078,118.3536,288.35,527.34,-9.4531,65.5939,11279400
2024-06-04,180,2023-09-18,2024-06-04,476.99,389.2138,404.4252,122.5522,117.9427,288.35,527.34,-9.5479,65.4205,7088700
2024-06-05,180,2023-09-19,2024-06-05,495.06,390.2985,405.4947,126.8414,122.0879,288.35,527.34,-6.1213,71.6872,15690500
2024-06-06,180,2023-09-20,2024-06-06,493.76,391.3616,406.5429,126.1647,121.4533,288.35,527.34,-6.3678,71.2363,10667300
2024-06-07,180,2023-09-21,2024-06-07,492.96,392.4781,407.6168,125.6019,120.9371,288.35,527.34,-6.5195,70.9589,9380700
2024-06-10,180,2023-09-22,2024-06-10,502.6,393.6728,408.7661,127.6695,122.9554,288.35,527.34,-4.6915,74.3021,11220900
2024-06-11,180,2023-09-25,2024-06-11,507.47,394.8585,409.9238,128.5195,123.7962,288.35,527.34,-3.768,75.991,9673700
2024-06-12,180,2023-09-26,2024-06-12,508.84,396.0391,411.0794,128.4823,123.7814,288.35,527.34,-3.5082,76.4661,11983200
2024-06-13,180,2023-09-27,2024-06-13,504.1,397.2288,412.2191,126.9042,122.2894,288.35,527.34,-4.407,74.8223,9954600
2024-06-14,180,2023-09-28,2024-06-14,504.16,398.4379,413.3658,126.5342,121.9646,288.35,527.34,-4.3957,74.8431,10243300
2024-06-17,180,2023-09-29,2024-06-17,506.63,399.602,414.4918,126.7836,122.2292,288.35,527.34,-3.9273,75.6997,11266600
2024-06-18,180,2023-10-02,2024-06-18,499.49,400.7844,415.5989,124.6281,120.1856,288.35,527.34,-5.2812,73.2235,13060400
2024-06-20,180,2023-10-03,2024-06-20,501.7,401.9174,416.6816,124.8266,120.4037,288.35,527.34,-4.8621,73.9899,11801200
2024-06-21,180,2023-10-04,2024-06-21,494.78,403.0891,417.7584,122.7471,118.4369,288.35,527.34,-6.1744,71.5901,22359200
2024-06-24,180,2023-10-05,2024-06-24,498.91,404.237,418.8325,123.4202,119.1192,288.35,527.34,-5.3912,73.0224,13525300
2024-06-25,180,2023-10-06,2024-06-25,510.6,405.4412,419.9759,125.9369,121.5784,288.35,527.34,-3.1744,77.0765,12063200
2024-06-26,180,2023-10-09,2024-06-26,513.12,406.5597,421.0742,126.2102,121.8598,288.35,527.34,-2.6966,77.9504,8882300
2024-06-27,180,2023-10-10,2024-06-27,519.56,407.6798,422.1919,127.4432,123.0625,288.35,527.34,-1.4753,80.1838,10121200
2024-06-28,180,2023-10-11,2024-06-28,504.22,408.7201,423.2052,123.3656,119.1432,288.35,527.34,-4.3843,74.8639,15855100
2024-07-01,180,2023-10-12,2024-07-01,504.68,409.7147,424.1877,123.1784,118.9756,288.35,527.34,-4.297,75.0234,10328200
2024-07-02,180,2023-10-13,2024-07-02,509.5,410.7639,425.2174,124.0372,119.8211,288.35,527.34,-3.383,76.695,7739500
2024-07-03,180,2023-10-16,2024-07-03,509.96,411.9076,426.3022,123.8044,119.6241,288.35,527.34,-3.2958,76.8545,6005600
2024-07-05,180,2023-10-17,2024-07-05,539.91,413.1003,427.5176,130.6971,126.2895,288.35,539.91,0.0,87.2412,21354100
2024-07-08,180,2023-10-18,2024-07-08,529.32,414.2385,428.6582,127.7815,123.483,288.35,539.91,-1.9614,83.5686,14917500
2024-07-09,180,2023-10-19,2024-07-09,530.0,415.4509,429.8417,127.5722,123.3012,288.35,539.91,-1.8355,83.8044,8753200
2024-07-10,180,2023-10-20,2024-07-10,534.69,416.7268,431.0744,128.3071,124.0366,288.35,539.91,-0.9668,85.4309,10983300
2024-07-11,180,2023-10-23,2024-07-11,512.7,417.9746,432.208,122.663,118.6234,288.35,539.91,-5.0397,77.8048,16458300
2024-07-12,180,2023-10-24,2024-07-12,498.87,419.1231,433.235,119.0271,115.15,288.35,539.91,-7.6013,73.0085,19750500
2024-07-15,180,2023-10-25,2024-07-15,496.16,420.2818,434.2551,118.0541,114.2554,288.35,539.91,-8.1032,72.0687,12539200
2024-07-16,180,2023-10-26,2024-07-16,489.79,421.5583,435.3121,116.1856,112.5147,288.35,539.91,-9.283,69.8595,14075800
2024-07-17,180,2023-10-27,2024-07-17,461.99,422.8491,436.2767,109.2565,105.8938,296.73,539.91,-14.432,55.6937,28076600
2024-07-18,180,2023-10-30,2024-07-18,475.85,424.113,437.2718,112.1989,108.8225,301.27,539.91,-11.8649,57.948,19267200
2024-07-19,180,2023-10-31,2024-07-19,476.79,425.3222,438.2392,112.1009,108.7967,301.27,539.91,-11.6908,58.26,15149400
2024-07-22,180,2023-11-01,2024-07-22,487.4,426.6,439.2733,114.2522,110.956,310.87,539.91,-9.7257,56.7858,12023100
2024-07-23,180,2023-11-02,2024-07-23,488.69,427.7764,440.2557,114.2396,111.0014,310.87,539.91,-9.4868,57.2008,9455500
2024-07-24,180,2023-11-03,2024-07-24,461.27,428.8454,441.0913,107.5609,104.5747,314.6,539.91,-14.5654,46.6211,17649700
2024-07-25,180,2023-11-06,2024-07-25,453.41,429.8419,441.8624,105.483,102.6134,315.8,539.91,-16.0212,43.5751,18240500
2024-07-26,180,2023-11-07,2024-07-26,465.7,430.8907,442.6952,108.0784,105.1965,317.45,539.91,-13.7449,46.7003,14222400
2024-07-29,180,2023-11-08,2024-07-29,465.71,431.9136,443.5113,107.8248,105.0052,317.45,539.91,-13.743,46.7034,11339600
2024-07-30,180,2023-11-09,2024-07-30,463.19,432.9194,444.308,106.9922,104.2498,317.45,539.91,-14.2098,45.9096,11390400
2024-07-31,180,2023-11-10,2024-07-31,474.83,433.9774,445.1651,109.4135,106.6638,317.45,539.91,-12.0539,49.5763,24285800
2024-08-01,180,2023-11-13,2024-08-01,497.74,435.0604,446.1038,114.4071,111.5749,317.45,539.91,-7.8106,56.7932,43083100
2024-08-02,180,2023-11-14,2024-08-02,488.14,436.1031,446.9869,111.9323,109.2068,317.45,539.91,-9.5886,53.7691,24044700
2024-08-05,180,2023-11-15,2024-08-05,475.73,437.0257,447.7614,108.8563,106.2463,317.45,539.91,-11.8872,49.8598,21396200
2024-08-06,180,2023-11-16,2024-08-06,494.09,438.0699,448.658,112.7879,110.1262,317.45,539.91,-8.4866,55.6434,20955000
2024-08-07,180,2023-11-17,2024-08-07,488.92,439.0818,449.5176,111.3505,108.7655,317.45,539.91,-9.4442,54.0148,20105300
2024-08-08,180,2023-11-20,2024-08-08,509.63,440.1798,450.4876,115.7777,113.1285,317.45,539.91,-5.6083,60.5387,16156800
2024-08-09,180,2023-11-21,2024-08-09,517.77,441.2697,451.4753,117.3364,114.684,317.45,539.91,-4.1007,63.1029,13696600
2024-08-12,180,2023-11-22,2024-08-12,515.95,442.3861,452.4696,116.6289,114.0298,317.45,539.91,-4.4378,62.5295,9767400
2024-08-13,180,2023-11-24,2024-08-13,528.54,443.5157,453.5088,119.1705,116.5446,317.45,539.91,-2.1059,66.4955,13743800
2024-08-14,180,2023-11-27,2024-08-14,526.76,444.6751,454.5562,118.4595,115.8845,317.45,539.91,-2.4356,65.9348,11444200
2024-08-15,180,2023-11-28,2024-08-15,537.33,445.9163,455.6819,120.5002,117.9178,317.45,539.91,-0.4778,69.2645,13482100
2024-08-16,180,2023-11-29,2024-08-16,527.42,447.0836,456.7287,117.969,115.4777,317.45,539.91,-2.3133,66.1427,14776700
2024-08-19,180,2023-11-30,2024-08-19,529.28,448.3317,457.8236,118.0554,115.6078,317.45,539.91,-1.9688,66.7286,9879700
2024-08-20,180,2023-12-01,2024-08-20,526.73,449.6288,458.9324,117.1477,114.7729,317.45,539.91,-2.4411,65.9253,7944400
2024-08-21,180,2023-12-04,2024-08-21,535.16,450.992,460.1009,118.6629,116.3136,317.45,539.91,-0.8798,68.5809,13423300
2024-08-22,180,2023-12-05,2024-08-22,531.93,452.403,461.2782,117.5788,115.3165,317.45,539.91,-1.478,67.5634,15708300
2024-08-23,180,2023-12-06,2024-08-23,528.0,453.8263,462.4433,116.3441,114.1762,317.45,539.91,-2.2059,66.3254,11323900
2024-08-26,180,2023-12-07,2024-08-26,521.12,455.2394,463.5748,114.4716,112.4134,325.28,539.91,-3.4802,60.2066,9584000
2024-08-27,180,2023-12-08,2024-08-27,519.1,456.5506,464.6443,113.7004,111.7199,325.28,539.91,-3.8543,59.5856,6282700
2024-08-28,180,2023-12-11,2024-08-28,516.78,457.7933,465.6667,112.885,110.9764,325.28,539.91,-4.284,58.8724,9106100
2024-08-29,180,2023-12-12,2024-08-29,518.22,459.1298,466.7386,112.87,111.03,333.17,539.91,-4.0173,55.5422,8317400
2024-08-30,180,2023-12-13,2024-08-30,521.31,460.3908,467.7779,113.2321,111.4439,333.17,539.91,-3.445,56.4697,9157500
2024-09-03,180,2023-12-14,2024-09-03,511.76,461.6108,468.7614,110.864,109.1728,333.17,539.91,-5.2138,53.6033,12459100
2024-09-04,180,2023-12-15,2024-09-04,512.74,462.8586,469.759,110.7768,109.1496,334.92,539.91,-5.0323,53.0933,8335200
2024-09-05,180,2023-12-18,2024-09-05,516.86,464.1129,470.7698,111.3651,109.7904,344.47,539.91,-4.2692,50.045,8640900
2024-09-06,180,2023-12-19,2024-09-06,500.27,465.1958,471.6345,107.5397,106.0715,344.47,539.91,-7.342,45.2289,14744500
2024-09-09,180,2023-12-20,2024-09-09,504.79,466.248,472.4924,108.2664,106.8356,344.47,539.91,-6.5048,46.5411,11047800
2024-09-10,180,2023-12-21,2024-09-10,504.79,467.3156,473.3564,108.0191,106.6406,344.47,539.91,-6.5048,46.5411,9899000
2024-09-11,180,2023-12-22,2024-09-11,511.83,468.374,474.2327,109.2781,107.928,344.47,539.91,-5.2009,48.5848,10782500
2024-09-12,180,2023-12-26,2024-09-12,525.6,469.5067,475.1894,111.9473,110.6085,344.47,539.91,-2.6504,52.5822,11970500
2024-09-13,180,2023-12-27,2024-09-13,524.62,470.6264,476.1327,111.4727,110.1836,344.47,539.91,-2.8319,52.2977,10321400
2024-09-16,180,2023-12-28,2024-09-16,533.28,471.7604,477.1074,113.0404,111.7736,344.47,539.91,-1.228,54.8117,9527600
2024-09-17,180,2023-12-29,2024-09-17,536.32,472.9085,478.0963,113.4088,112.1782,344.47,539.91,-0.6649,55.6943,11690800
2024-09-18,180,2024-01-02,2024-09-18,537.95,474.1121,479.1185,113.4647,112.2791,344.47,539.91,-0.363,56.1674,10323500
2024-09-19,180,2024-01-03,2024-09-19,559.1,475.4887,480.3008,117.5843,116.4062,344.47,559.1,0.0,62.3073,15647000
2024-09-20,180,2024-01-04,2024-09-20,561.35,476.9017,481.5057,117.7077,116.5822,347.12,561.35,0.0,61.7164,22066800
2024-09-23,180,2024-01-05,2024-09-23,564.41,478.3071,482.7128,118.0016,116.9246,351.95,564.41,0.0,60.3665,12830700
2024-09-24,180,2024-01-08,2024-09-24,563.33,479.6661,483.8872,117.4421,116.4176,357.43,564.41,-0.1913,57.6057,12993000
2024-09-25,180,2024-01-09,2024-09-25,568.31,480.9844,485.0519,118.1556,117.1648,357.43,568.31,0.0,58.999,16543400
2024-09-26,180,2024-01-10,2024-09-26,567.84,482.3205,486.2208,117.7308,116.7864,367.46,568.31,-0.0827,54.5311,14400800
2024-09-27,180,2024-01-11,2024-09-27,567.36,483.5342,487.3147,117.3361,116.4258,367.46,568.31,-0.1672,54.4005,9398400
2024-09-30,180,2024-01-12,2024-09-30,572.44,484.782,488.4412,118.0819,117.1973,367.46,572.44,0.0,55.7829,12792300
2024-10-01,180,2024-01-16,2024-10-01,576.47,486.0067,489.5633,118.6136,117.7519,367.46,576.47,0.0,56.8797,15259300
2024-10-02,180,2024-01-17,2024-10-02,572.81,487.2903,490.7041,117.5501,116.7323,368.37,576.47,-0.6349,55.4985,6524700
2024-10-03,180,2024-01-18,2024-10-03,582.77,488.6113,491.8952,119.2707,118.4744,376.13,582.77,0.0,54.9385,11581000
2024-10-04,180,2024-01-19,2024-10-04,595.94,489.9155,493.1164,121.6414,120.8518,381.78,595.94,0.0,56.0951,14169500
2024-10-07,180,2024-01-22,2024-10-07,584.78,491.1156,494.2349,119.0718,118.3203,381.78,595.94,-1.8727,53.172,12014200
2024-10-08,180,2024-01-23,2024-10-08,592.89,492.3685,495.4077,120.4159,119.6772,385.2,595.94,-0.5118,53.9174,7857400
2024-10-09,180,2024-01-24,2024-10-09,590.51,493.5872,496.5483,119.6364,118.923,390.14,595.94,-0.9112,51.3585,9529700
2024-10-10,180,2024-01-25,2024-10-10,583.83,494.7358,497.6213,118.0084,117.3242,390.14,595.94,-2.0321,49.6463,7740400
2024-10-11,180,2024-01-26,2024-10-11,589.95,495.892,498.7144,118.9674,118.2941,390.14,595.94,-1.0051,51.2149,8587100
2024-10-14,180,2024-01-29,2024-10-14,590.42,497.047,499.8049,118.7855,118.1301,390.14,595.94,-0.9263,51.3354,8252000
2024-10-15,180,2024-01-30,2024-10-15,586.27,498.1309,500.8341,117.694,117.0587,390.14,595.94,-1.6226,50.2717,9564200
2024-10-16,180,2024-01-31,2024-10-16,576.79,499.1889,501.8159,115.5454,114.9406,390.14,595.94,-3.2134,47.8418,11268400
2024-10-17,180,2024-02-01,2024-10-17,576.93,500.3404,502.8536,115.3075,114.7312,394.78,595.94,-3.1899,46.1396,8701200
2024-10-18,180,2024-02-02,2024-10-18,576.47,501.4532,503.863,114.9599,114.4101,430.17,595.94,-3.2671,34.0098,7694300
2024-10-21,180,2024-02-05,2024-10-21,575.16,501.966,504.4195,114.5815,114.0241,430.17,595.94,-3.4869,33.7053,8171900
2024-10-22,180,2024-02-06,2024-10-22,582.01,502.6086,505.1006,115.7979,115.2266,430.17,595.94,-2.3375,35.2977,8544500
2024-10-23,180,2024-02-07,2024-10-23,563.69,503.206,505.706,112.0197,111.466,430.17,595.94,-5.4116,31.0389,14248400
2024-10-24,180,2024-02-08,2024-10-24,567.78,503.7246,506.2515,112.7164,112.1537,430.17,595.94,-4.7253,31.9897,7184700
2024-10-25,180,2024-02-09,2024-10-25,573.25,504.2654,506.8251,113.6802,113.1061,430.17,595.94,-3.8074,33.2613,11337900
2024-10-28,180,2024-02-12,2024-10-28,578.16,504.8405,507.4365,114.5233,113.9374,430.17,595.94,-2.9835,34.4027,10925100
2024-10-29,180,2024-02-13,2024-10-29,593.28,505.4743,508.1275,117.371,116.7581,430.17,595.94,-0.4463,37.9176,13019100
2024-10-30,180,2024-02-14,2024-10-30,591.8,506.1617,508.8591,116.9192,116.2994,430.17,595.94,-0.6947,37.5735,26864900
2024-10-31,180,2024-02-15,2024-10-31,567.58,506.6618,509.3829,112.0234,111.425,430.17,595.94,-4.7589,31.9432,26838400
2024-11-01,180,2024-02-16,2024-11-01,567.16,507.0941,509.8448,111.8451,111.2417,430.17,595.94,-4.8294,31.8455,15303200
2024-11-04,180,2024-02-20,2024-11-04,560.68,507.5648,510.3301,110.4647,109.8661,430.17,595.94,-5.9167,30.3392,12064600
2024-11-05,180,2024-02-21,2024-11-05,572.43,508.099,510.8894,112.6611,112.0458,430.17,595.94,-3.945,33.0706,9775400
2024-11-06,180,2024-02-22,2024-11-06,572.05,508.6568,511.4673,112.4629,111.8449,430.17,595.94,-4.0088,32.9823,18305400
2024-11-07,180,2024-02-23,2024-11-07,591.7,509.1849,512.0538,116.2053,115.5543,430.17,595.94,-0.7115,37.5503,14653700
2024-11-08,180,2024-02-26,2024-11-08,589.34,509.7172,512.6389,115.621,114.962,430.17,595.94,-1.1075,37.0017,9415700
2024-11-11,180,2024-02-27,2024-11-11,583.17,510.2389,513.2024,114.2935,113.6335,430.17,595.94,-2.1428,35.5673,10209100
2024-11-12,180,2024-02-28,2024-11-12,584.82,510.7358,513.7456,114.5054,113.8346,430.17,595.94,-1.866,35.9509,16287700
2024-11-13,180,2024-02-29,2024-11-13,580.0,511.2317,514.2788,113.4515,112.7793,430.17,595.94,-2.6748,34.8304,10757600
2024-11-14,180,2024-03-01,2024-11-14,577.16,511.6788,514.7623,112.7973,112.1217,430.17,595.94,-3.1513,34.1702,11053700
2024-11-15,180,2024-03-04,2024-11-15,554.08,511.9496,515.0499,108.2294,107.5779,430.17,595.94,-7.0242,28.8049,17712900
2024-11-18,180,2024-03-05,2024-11-18,554.4,512.2461,515.3622,108.2292,107.5748,430.17,595.94,-6.9705,28.8793,14327300
2024-11-19,180,2024-03-06,2024-11-19,561.09,512.622,515.7559,109.4549,108.7898,430.17,595.94,-5.8479,30.4345,9522400
2024-11-20,180,2024-03-07,2024-11-20,565.52,512.9835,516.1417,110.2414,109.5668,430.17,595.94,-5.1045,31.4643,9797300
2024-11-21,180,2024-03-08,2024-11-21,563.09,513.2417,516.4244,109.7125,109.0363,430.17,595.94,-5.5123,30.8994,11154700
2024-11-22,180,2024-03-11,2024-11-22,559.14,513.517,516.7199,108.8844,108.2095,430.17,595.94,-6.1751,29.9812,9164000
2024-11-25,180,2024-03-12,2024-11-25,565.11,513.9544,517.1728,109.9533,109.2691,430.17,595.94,-5.1733,31.369,13599800
2024-11-26,180,2024-03-13,2024-11-26,573.54,514.3324,517.5828,111.5115,110.8113,430.17,595.94,-3.7588,33.3287,10356600
2024-11-27,180,2024-03-14,2024-11-27,569.2,514.7163,517.9918,110.5852,109.8859,430.17,595.94,-4.487,32.3198,7200200
2024-11-29,180,2024-03-15,2024-11-29,574.32,515.1465,518.4501,111.4867,110.7763,430.17,595.94,-3.6279,33.51,7130500
2024-12-02,180,2024-03-18,2024-12-02,592.83,515.7057,519.0542,114.9551,114.2135,430.17,595.94,-0.5219,37.813,12522400
2024-12-03,180,2024-03-19,2024-12-03,613.65,516.2715,519.7023,118.8619,118.0772,430.17,613.65,0.0,42.6529,14907200
2024-12-04,180,2024-03-20,2024-12-04,613.78,516.8436,520.3553,118.7555,117.954,430.17,613.78,0.0,42.6831,14697000
2024-12-05,180,2024-03-21,2024-12-05,608.93,517.3426,520.9298,117.7034,116.8929,430.17,613.78,-0.7902,41.5557,8081200
2024-12-06,180,2024-03-22,2024-12-06,623.77,517.8878,521.5743,120.445,119.5937,430.17,623.77,0.0,45.0055,16935500
2024-12-09,180,2024-03-25,2024-12-09,613.57,518.3839,522.1521,118.3621,117.5079,430.17,623.77,-1.6352,42.6343,11426000
2024-12-10,180,2024-03-26,2024-12-10,619.32,518.9418,522.7982,119.3429,118.4625,430.17,623.77,-0.7134,43.971,10938900
2024-12-11,180,2024-03-27,2024-12-11,632.68,519.5949,523.5581,121.7641,120.8424,430.17,632.68,0.0,47.0767,10837200
2024-12-12,180,2024-03-28,2024-12-12,630.79,520.2551,524.3188,121.2463,120.3066,430.17,632.68,-0.2987,46.6374,7474700
2024-12-13,180,2024-04-01,2024-12-13,620.35,520.9287,525.0676,119.0854,118.1467,430.17,632.68,-1.9489,44.2104,8453300
2024-12-16,180,2024-04-02,2024-12-16,624.24,521.5827,525.8058,119.6819,118.7206,430.17,632.68,-1.334,45.1147,10885600
2024-12-17,180,2024-04-03,2024-12-17,619.44,522.1822,526.484,118.6253,117.656,430.17,632.68,-2.0927,43.9989,12897800
2024-12-18,180,2024-04-04,2024-12-18,597.19,522.6354,526.9865,114.2651,113.3217,430.17,632.68,-5.6095,38.8265,17075500
2024-12-19,180,2024-04-05,2024-12-19,595.57,523.0579,527.4568,113.8631,112.9135,430.17,632.68,-5.8655,38.4499,14958100
2024-12-20,180,2024-04-08,2024-12-20,585.25,523.3432,527.7785,111.8291,110.8893,430.17,632.68,-7.4967,36.0509,48989400
2024-12-23,180,2024-04-09,2024-12-23,599.85,523.7373,528.2263,114.5326,113.5593,430.17,632.68,-5.189,39.4449,10205800
2024-12-24,180,2024-04-10,2024-12-24,607.75,524.1783,528.731,115.9434,114.945,430.17,632.68,-3.9404,41.2813,4726100
2024-12-26,180,2024-04-11,2024-12-26,603.35,524.5851,529.195,115.0147,114.0128,430.17,632.68,-4.6358,40.2585,6081400
2024-12-27,180,2024-04-12,2024-12-27,599.81,524.9588,529.6208,114.2585,113.2527,430.17,632.68,-5.1954,39.4356,8084200
2024-12-30,180,2024-04-15,2024-12-30,591.24,525.3605,530.0616,112.5399,111.5417,430.17,632.68,-6.5499,37.4433,7025900
2024-12-31,180,2024-04-16,2024-12-31,585.51,525.8073,530.5354,111.3545,110.3621,430.17,632.68,-7.4556,36.1113,6019500
2025-01-02,180,2024-04-17,2025-01-02,599.24,526.3181,531.0881,113.8551,112.8325,430.17,632.68,-5.2855,39.3031,12682300
2025-01-03,180,2024-04-18,2025-01-03,604.63,526.8876,531.7017,114.755,113.716,430.17,632.68,-4.4335,40.5561,11436800
2025-01-06,180,2024-04-19,2025-01-06,630.2,527.5146,532.4151,119.4659,118.3663,430.17,632.68,-0.392,46.5002,14560800
2025-01-07,180,2024-04-22,2025-01-07,617.89,528.2271,533.1752,116.9743,115.8887,430.17,632.68,-2.3377,43.6386,12071500
2025-01-08,180,2024-04-23,2025-01-08,610.72,528.9076,533.8918,115.4682,114.3902,430.17,632.68,-3.471,41.9718,10085800
2025-01-10,180,2024-04-24,2025-01-10,615.86,529.5175,534.5571,116.3059,115.2094,430.17,632.68,-2.6585,43.1666,19256600
2025-01-13,180,2024-04-25,2025-01-13,608.33,530.114,535.1951,114.7546,113.6651,430.17,632.68,-3.8487,41.4162,10785000
2025-01-14,180,2024-04-26,2025-01-14,594.25,531.0255,536.0443,111.9061,110.8584,430.17,632.68,-6.0742,38.1431,13598000
2025-01-15,180,2024-04-29,2025-01-15,617.12,532.0228,537.0101,115.995,114.9178,430.17,632.68,-2.4594,43.4596,15524300
2025-01-16,180,2024-04-30,2025-01-16,611.3,533.0874,538.0027,114.6716,113.624,430.17,632.68,-3.3793,42.1066,8355300
2025-01-17,180,2024-05-01,2025-01-17,612.77,534.1833,539.0172,114.7116,113.6828,439.19,632.68,-3.1469,39.5228,17280600
2025-01-21,180,2024-05-02,2025-01-21,616.46,535.2233,540.002,115.1781,114.1588,441.68,632.68,-2.5637,39.5716,11674000
2025-01-22,180,2024-05-03,2025-01-22,623.5,536.2761,541.0121,116.2647,115.247,451.96,632.68,-1.451,37.9547,12274000
2025-01-23,180,2024-05-06,2025-01-23,636.45,537.3028,542.0371,118.4528,117.4182,453.41,636.45,0.0,40.3696,9910200
2025-01-24,180,2024-05-07,2025-01-24,647.49,538.2716,543.0471,120.2906,119.2327,453.41,647.49,0.0,42.8045,19065300
2025-01-27,180,2024-05-08,2025-01-27,659.88,539.2718,544.1118,122.365,121.2766,453.41,659.88,0.0,45.5372,28399200
2025-01-28,180,2024-05-09,2025-01-28,674.33,540.2965,545.2325,124.8074,123.6775,453.41,674.33,0.0,48.7241,20950100
2025-01-29,180,2024-05-10,2025-01-29,676.49,541.3123,546.3496,124.9722,123.82,453.41,676.49,0.0,49.2005,21377800
2025-01-30,180,2024-05-13,2025-01-30,687.0,542.3633,547.5207,126.6679,125.4747,453.41,687.0,0.0,51.5185,29322900
2025-01-31,180,2024-05-14,2025-01-31,689.18,543.4862,548.7494,126.8073,125.591,453.41,689.18,0.0,51.9993,19303900
2025-02-03,180,2024-05-15,2025-02-03,697.46,544.6135,550.0028,128.0651,126.8103,453.41,697.46,0.0,53.8255,21415700
2025-02-04,180,2024-05-16,2025-02-04,704.19,545.6976,551.2397,129.044,127.7466,453.41,704.19,0.0,55.3098,13826300
2025-02-05,180,2024-05-17,2025-02-05,704.87,546.8488,552.5266,128.8967,127.5721,453.41,704.87,0.0,55.4597,17778200
2025-02-06,180,2024-05-20,2025-02-06,711.99,548.0385,553.8604,129.916,128.5504,453.41,711.99,0.0,57.0301,13080700
2025-02-07,180,2024-05-21,2025-02-07,714.52,549.265,555.2253,130.0866,128.6901,453.41,714.52,0.0,57.5881,16427100
2025-02-10,180,2024-05-22,2025-02-10,717.4,550.5389,556.6296,130.3087,128.8828,453.41,717.4,0.0,58.2232,12904300
2025-02-11,180,2024-05-23,2025-02-11,719.8,551.8022,558.0297,130.4453,128.9896,453.41,719.8,0.0,58.7526,12998000
2025-02-12,180,2024-05-24,2025-02-12,725.38,553.105,559.4719,131.1469,129.6544,453.41,725.38,0.0,59.9832,12016500
2025-02-13,180,2024-05-28,2025-02-13,728.56,554.3288,560.8627,131.431,129.8999,453.41,728.56,0.0,60.6846,12569100
2025-02-14,180,2024-05-29,2025-02-14,736.67,555.5714,562.2891,132.5968,131.0127,453.41,736.67,0.0,62.4733,16901200
2025-02-18,180,2024-05-30,2025-02-18,716.37,556.7953,563.6336,128.6595,127.0985,453.41,736.67,-2.7556,57.9961,21938700
2025-02-19,180,2024-05-31,2025-02-19,703.77,558.0384,564.9487,126.115,124.5724,453.41,736.67,-4.466,55.2171,17535500
2025-02-20,180,2024-06-03,2025-02-20,694.84,559.2572,566.2154,124.2434,122.7166,453.41,736.67,-5.6782,53.2476,12587400
2025-02-21,180,2024-06-04,2025-02-21,683.55,560.3563,567.3602,121.9849,120.479,453.41,736.67,-7.2108,50.7576,15660400
2025-02-24,180,2024-06-05,2025-02-24,668.13,561.4046,568.4221,119.0104,117.5412,453.41,736.67,-9.304,47.3567,15677000
2025-02-25,180,2024-06-06,2025-02-25,657.5,562.2797,569.3245,116.9347,115.4877,453.41,736.67,-10.747,45.0122,20579700
2025-02-26,180,2024-06-07,2025-02-26,673.7,563.2315,570.3242,119.6133,118.1258,453.41,736.67,-8.5479,48.5852,14488700
2025-02-27,180,2024-06-10,2025-02-27,658.24,564.1306,571.2424,116.6822,115.2295,453.41,736.67,-10.6466,45.1754,12500000
2025-02-28,180,2024-06-11,2025-02-28,668.2,565.0037,572.1624,118.2647,116.785,453.41,736.67,-9.2945,47.3721,17534200
2025-03-03,180,2024-06-12,2025-03-03,655.05,565.7922,572.9823,115.7757,114.3229,453.41,736.67,-11.0796,44.4719,10843800
2025-03-04,180,2024-06-13,2025-03-04,640.0,566.5094,573.7109,112.9725,111.5544,453.41,736.67,-13.1226,41.1526,21495200
2025-03-05,180,2024-06-14,2025-03-05,656.47,567.3315,574.5574,115.7119,114.2566,453.41,736.67,-10.8868,44.7851,13770000
2025-03-06,180,2024-06-17,2025-03-06,627.93,568.0315,575.2451,110.5449,109.1587,453.41,736.67,-14.761,38.4905,13446500
2025-03-07,180,2024-06-18,2025-03-07,625.66,568.7054,575.9063,110.0148,108.6392,453.41,736.67,-15.0692,37.9899,21375700
2025-03-10,180,2024-06-20,2025-03-10,597.99,569.2985,576.4536,105.0398,103.736,453.41,736.67,-18.8253,31.8873,21999900
2025-03-11,180,2024-06-21,2025-03-11,605.71,569.9155,577.0314,106.2807,104.97,453.41,736.67,-17.7773,33.5899,17401500
2025-03-12,180,2024-06-24,2025-03-12,619.56,570.6509,577.7246,108.5707,107.2414,453.41,736.67,-15.8972,36.6445,15747000
2025-03-13,180,2024-06-25,2025-03-13,590.64,571.2147,578.2342,103.4007,102.1455,453.41,736.67,-19.823,30.2662,16480300
2025-03-14,180,2024-06-26,2025-03-14,607.6,571.782,578.7731,106.2643,104.9807,453.41,736.67,-17.5207,34.0067,12364500
2025-03-17,180,2024-06-27,2025-03-17,604.9,572.3196,579.283,105.6927,104.4222,453.41,736.67,-17.8872,33.4113,15473900
2025-03-18,180,2024-06-28,2025-03-18,582.36,572.6975,579.6319,101.6872,100.4707,453.41,736.67,-20.947,28.44,20297700
2025-03-19,180,2024-07-01,2025-03-19,584.06,573.1919,580.0754,101.8961,100.6869,453.41,736.67,-20.7162,28.815,20537500
2025-03-20,180,2024-07-02,2025-03-20,586.0,573.6943,580.5272,102.145,100.9427,453.41,736.67,-20.4528,29.2428,24336500
2025-03-21,180,2024-07-03,2025-03-21,596.25,574.2169,581.0092,103.8371,102.6232,453.41,736.67,-19.0615,31.5035,25015900
2025-03-24,180,2024-07-05,2025-03-24,618.85,574.8496,581.6141,107.6542,106.4022,453.41,736.67,-15.9936,36.4879,15741300
2025-03-25,180,2024-07-08,2025-03-25,626.31,575.3191,582.0941,108.8631,107.596,453.41,736.67,-14.9809,38.1333,15312500
2025-03-26,180,2024-07-09,2025-03-26,610.98,575.7838,582.5478,106.1127,104.8807,453.41,736.67,-17.0619,34.7522,12609800
2025-03-27,180,2024-07-10,2025-03-27,602.58,576.2026,582.951,104.5778,103.3672,453.41,736.67,-18.2022,32.8996,10436500
2025-03-28,180,2024-07-11,2025-03-28,576.74,576.4543,583.1846,100.0496,98.8949,453.41,736.67,-21.7099,27.2005,17602800
2025-03-31,180,2024-07-12,2025-03-31,576.36,576.8522,583.5383,99.9147,98.7699,453.41,736.67,-21.7614,27.1167,21124700
2025-04-01,180,2024-07-15,2025-04-01,586.0,577.4038,584.0223,101.4888,100.3386,453.41,736.67,-20.4528,29.2428,12836600
2025-04-02,180,2024-07-16,2025-04-02,583.93,577.9654,584.5099,101.032,99.9008,453.41,736.67,-20.7338,28.7863,13470800
2025-04-03,180,2024-07-17,2025-04-03,531.62,578.2637,584.7423,91.9338,90.9153,453.41,736.67,-27.8347,17.2493,34777500
2025-04-04,180,2024-07-18,2025-04-04,504.73,578.6044,584.9798,87.2323,86.2816,453.41,736.67,-31.4849,11.3187,38589800
2025-04-07,180,2024-07-19,2025-04-07,516.25,578.9104,585.2042,89.1761,88.2171,453.41,736.67,-29.9211,13.8594,36606100
2025-04-08,180,2024-07-22,2025-04-08,510.45,579.1681,585.3912,88.135,87.1981,453.41,736.67,-30.7085,12.5802,28034200
2025-04-09,180,2024-07-23,2025-04-09,585.77,579.8108,585.9377,101.0278,99.9714,453.41,736.67,-20.4841,29.1921,39216600
2025-04-10,180,2024-07-24,2025-04-10,546.29,580.2141,586.2577,94.1532,93.1826,453.41,736.67,-25.8433,20.4848,28173500
2025-04-11,180,2024-07-25,2025-04-11,543.57,580.8286,586.7149,93.5853,92.6464,453.41,736.67,-26.2125,19.8849,17642300
2025-04-14,180,2024-07-26,2025-04-14,531.48,581.4365,587.1487,91.4081,90.5188,463.19,736.67,-27.8537,14.7434,14130900
2025-04-15,180,2024-07-29,2025-04-15,521.52,581.8685,587.4588,89.6285,88.7756,463.19,736.67,-29.2057,12.5931,15558700
2025-04-16,180,2024-07-30,2025-04-16,502.31,582.1629,587.6621,86.2834,85.476,463.19,736.67,-31.8134,8.4458,18735100
2025-04-17,180,2024-07-31,2025-04-17,501.48,582.4734,587.8748,86.0949,85.3039,474.83,736.67,-31.9261,5.6125,14593500
2025-04-21,180,2024-08-01,2025-04-21,484.66,582.554,587.9294,83.1957,82.4351,475.73,736.67,-34.2093,1.8771,16166000
2025-04-22,180,2024-08-02,2025-04-22,500.28,582.5732,587.9436,85.8742,85.0898,475.73,736.67,-32.089,5.1605,17399400
2025-04-23,180,2024-08-05,2025-04-23,520.27,582.8118,588.1221,89.269,88.4629,475.73,736.67,-29.3754,9.3625,18173900
2025-04-24,180,2024-08-06,2025-04-24,533.15,583.2393,588.4411,91.4119,90.6038,484.66,736.67,-27.627,10.005,13910000
2025-04-25,180,2024-08-07,2025-04-25,547.27,583.6113,588.7365,93.773,92.9567,484.66,736.67,-25.7103,12.9183,17098900
2025-04-28,180,2024-08-08,2025-04-28,549.74,584.0398,589.0744,94.1272,93.3227,484.66,736.67,-25.375,13.428,15179000
2025-04-29,180,2024-08-09,2025-04-29,554.44,584.3404,589.3233,94.883,94.0808,484.66,736.67,-24.737,14.3977,11835000
2025-04-30,180,2024-08-12,2025-04-30,549.0,584.5489,589.4968,93.9186,93.1303,484.66,736.67,-25.4754,13.2753,29244000
2025-05-01,180,2024-08-13,2025-05-01,572.21,584.9109,589.8094,97.8286,97.0161,484.66,736.67,-22.3248,18.0642,31159000
2025-05-02,180,2024-08-14,2025-05-02,597.02,585.3237,590.1898,101.9983,101.1573,484.66,736.67,-18.9569,23.1833,24739300
2025-05-05,180,2024-08-15,2025-05-05,599.27,585.7612,590.5927,102.3062,101.4693,484.66,736.67,-18.6515,23.6475,13887700
2025-05-06,180,2024-08-16,2025-05-06,587.31,586.0632,590.8703,100.2127,99.3974,484.66,736.67,-20.275,21.1798,10600700
2025-05-07,180,2024-08-19,2025-05-07,596.81,586.4842,591.2558,101.7606,100.9394,484.66,736.67,-18.9854,23.1399,13139100
2025-05-08,180,2024-08-20,2025-05-08,598.01,586.8994,591.6377,101.8931,101.0771,484.66,736.67,-18.8225,23.3875,14622800
2025-05-09,180,2024-08-21,2025-05-09,592.49,587.3029,592.003,100.8832,100.0823,484.66,736.67,-19.5719,22.2486,10427300
2025-05-12,180,2024-08-22,2025-05-12,639.43,587.8874,592.5823,108.7674,107.9057,484.66,736.67,-13.1999,31.9337,21965100
2025-05-13,180,2024-08-23,2025-05-13,656.03,588.571,593.2717,111.4615,110.5783,484.66,736.67,-10.9466,35.3588,18570800
2025-05-14,180,2024-08-26,2025-05-14,659.36,589.2981,594.0015,111.889,111.0031,484.66,736.67,-10.4945,36.0459,12348200
2025-05-15,180,2024-08-27,2025-05-15,643.88,590.0048,594.6835,109.1313,108.2727,484.66,736.67,-12.5959,32.8519,14341800
2025-05-16,180,2024-08-28,2025-05-16,640.34,590.711,595.3571,108.4016,107.5556,484.66,736.67,-13.0764,32.1215,18519000
2025-05-19,180,2024-08-29,2025-05-19,640.43,591.4362,596.044,108.2839,107.4468,484.66,736.67,-13.0642,32.1401,9592400
2025-05-20,180,2024-08-30,2025-05-20,637.1,592.1367,596.7044,107.5934,106.7698,484.66,736.67,-13.5162,31.453,6743500
2025-05-21,180,2024-09-03,2025-05-21,635.5,592.8089,597.3388,107.2015,106.3885,484.66,736.67,-13.7334,31.1228,11464600
2025-05-22,180,2024-09-04,2025-05-22,636.57,593.5578,598.0322,107.2465,106.4441,484.66,736.67,-13.5882,31.3436,8228400
2025-05-23,180,2024-09-05,2025-05-23,627.06,594.2546,598.6673,105.5204,104.7426,484.66,736.67,-14.8791,29.3814,8454100
2025-05-27,180,2024-09-06,2025-05-27,642.32,594.9969,599.3643,107.9535,107.1669,484.66,736.67,-12.8076,32.53,9508400
2025-05-28,180,2024-09-09,2025-05-28,643.58,595.8736,600.1605,108.0061,107.2347,484.66,736.67,-12.6366,32.79,9042900
2025-05-29,180,2024-09-10,2025-05-29,645.05,596.7245,600.9397,108.0985,107.3402,484.66,736.67,-12.437,33.0933,8858800
2025-05-30,180,2024-09-11,2025-05-30,647.49,597.5895,601.7325,108.3503,107.6043,484.66,736.67,-12.1058,33.5967,16241000
2025-06-02,180,2024-09-12,2025-06-02,670.9,598.5099,602.6162,112.0951,111.3312,484.66,736.67,-8.928,38.4269,15766300
2025-06-03,180,2024-09-13,2025-06-03,666.85,599.313,603.4009,111.2691,110.5152,484.66,736.67,-9.4778,37.5913,11585000
2025-06-04,180,2024-09-16,2025-06-04,687.95,600.2174,604.3083,114.6168,113.8409,484.66,736.67,-6.6135,41.9449,14031900
2025-06-05,180,2024-09-17,2025-06-05,684.62,601.0482,605.1491,113.9043,113.1324,484.66,736.67,-7.0656,41.2578,13083100
2025-06-06,180,2024-09-18,2025-06-06,697.71,601.9151,606.0457,115.915,115.125,484.66,736.67,-5.2887,43.9587,11728000
2025-06-09,180,2024-09-19,2025-06-09,694.06,602.7578,606.913,115.1474,114.3591,484.66,736.67,-5.7841,43.2055,12773200
2025-06-10,180,2024-09-20,2025-06-10,702.4,603.4952,607.7091,116.3887,115.5816,484.66,736.67,-4.652,44.9263,10850100
2025-06-11,180,2024-09-23,2025-06-11,694.14,604.1856,608.4468,114.8885,114.0839,484.66,736.67,-5.7733,43.2221,9582500
2025-06-12,180,2024-09-24,2025-06-12,693.36,604.8545,609.1632,114.6325,113.8217,484.66,736.67,-5.8792,43.0611,7322700
2025-06-13,180,2024-09-25,2025-06-13,682.87,605.4868,609.8273,112.7803,111.9776,484.66,736.67,-7.3031,40.8967,9274400
2025-06-16,180,2024-09-26,2025-06-16,702.12,606.1706,610.5707,115.8288,114.994,484.66,736.67,-4.69,44.8686,13720300
2025-06-17,180,2024-09-27,2025-06-17,697.23,606.8385,611.2896,114.8955,114.0589,484.66,736.67,-5.3538,43.8596,10066100
2025-06-18,180,2024-09-30,2025-06-18,695.77,607.5047,612.0029,114.5292,113.6874,484.66,736.67,-5.552,43.5584,10068300
2025-06-20,180,2024-10-01,2025-06-20,682.35,608.0822,612.6136,112.2134,111.3834,484.66,736.67,-7.3737,40.7894,22538600
2025-06-23,180,2024-10-02,2025-06-23,698.53,608.7055,613.2917,114.7566,113.8985,484.66,736.67,-5.1773,44.1278,11080100
2025-06-24,180,2024-10-03,2025-06-24,712.2,609.4096,614.0661,116.8672,115.981,484.66,736.67,-3.3217,46.9484,13823200
2025-06-25,180,2024-10-04,2025-06-25,708.68,610.0393,614.7656,116.1696,115.2765,484.66,736.67,-3.7995,46.2221,9320400
2025-06-26,180,2024-10-07,2025-06-26,726.09,610.6618,615.4886,118.9022,117.9697,484.66,736.67,-1.4362,49.8143,13964800
2025-06-27,180,2024-10-08,2025-06-27,733.63,611.3814,616.3156,119.9955,119.0348,484.66,736.67,-0.4127,51.37,18775700
2025-06-30,180,2024-10-09,2025-06-30,738.09,612.0712,617.1222,120.5889,119.6019,484.66,738.09,0.0,52.2903,15402100
2025-07-01,180,2024-10-10,2025-07-01,719.22,612.7026,617.8373,117.3848,116.4093,484.66,738.09,-2.5566,48.3968,13431200
2025-07-02,180,2024-10-11,2025-07-02,713.57,613.3528,618.5581,116.3392,115.3602,484.66,738.09,-3.3221,47.231,9336700
2025-07-03,180,2024-10-14,2025-07-03,719.01,613.9894,619.2751,117.1046,116.1051,484.66,738.09,-2.5851,48.3535,8601700
2025-07-07,180,2024-10-15,2025-07-07,718.35,614.6218,619.9858,116.8768,115.8656,484.66,738.09,-2.6745,48.2173,9457100
2025-07-08,180,2024-10-16,2025-07-08,720.67,615.2901,620.7324,117.1269,116.0999,484.66,738.09,-2.3602,48.696,7770700
2025-07-09,180,2024-10-17,2025-07-09,732.78,616.0673,621.5991,118.9448,117.8863,484.66,738.09,-0.7194,51.1947,11418000
2025-07-10,180,2024-10-18,2025-07-10,727.24,616.8236,622.4341,117.9008,116.8381,484.66,738.09,-1.47,50.0516,9913600
2025-07-11,180,2024-10-21,2025-07-11,717.51,617.5452,623.2177,116.1874,115.1299,484.66,738.09,-2.7883,48.044,10873900
2025-07-14,180,2024-10-22,2025-07-14,720.92,618.2909,624.0274,116.5988,115.527,484.66,738.09,-2.3263,48.7476,8939400
2025-07-15,180,2024-10-23,2025-07-15,710.39,618.951,624.7407,114.7732,113.7096,484.66,738.09,-3.7529,46.5749,11529500
2025-07-16,180,2024-10-24,2025-07-16,702.91,619.6998,625.5141,113.4275,112.3732,484.66,738.09,-4.7664,45.0316,13067600
2025-07-17,180,2024-10-25,2025-07-17,701.41,620.4165,626.2565,113.0547,112.0004,484.66,738.09,-4.9696,44.7221,11803300
2025-07-18,180,2024-10-28,2025-07-18,704.28,621.1113,626.9844,113.3903,112.3282,484.66,738.09,-4.5807,45.3142,12779800
2025-07-21,180,2024-10-29,2025-07-21,712.97,621.813,627.7334,114.6599,113.5785,484.66,738.09,-3.4034,47.1072,9404400
2025-07-22,180,2024-10-30,2025-07-22,704.81,622.3865,628.353,113.2431,112.1678,484.66,738.09,-4.5089,45.4236,8921100
2025-07-23,180,2024-10-31,2025-07-23,713.58,623.0077,629.0296,114.5379,113.4414,484.66,738.09,-3.3207,47.2331,8771600
2025-07-24,180,2024-11-01,2025-07-24,714.8,623.7911,629.8474,114.5896,113.4878,484.66,738.09,-3.1554,47.4848,10920800
2025-07-25,180,2024-11-04,2025-07-25,712.68,624.5704,630.6559,114.1072,113.0062,484.66,738.09,-3.4427,47.0474,8271700
2025-07-28,180,2024-11-05,2025-07-28,717.63,625.4169,631.5278,114.7443,113.6339,484.66,738.09,-2.772,48.0687,8715700
2025-07-29,180,2024-11-06,2025-07-29,700.0,626.1095,632.2366,111.8015,110.7181,484.66,738.09,-5.1606,44.4311,13267000
2025-07-30,180,2024-11-07,2025-07-30,695.21,626.7846,632.9208,110.9169,109.8416,484.66,738.09,-5.8096,43.4428,27077300
2025-07-31,180,2024-11-08,2025-07-31,773.44,627.6526,633.9304,123.2274,122.0071,484.66,773.44,0.0,59.584,38831100
2025-08-01,180,2024-11-11,2025-08-01,750.01,628.4491,634.8231,119.343,118.1447,484.66,773.44,-3.0293,54.7497,19028700
2025-08-04,180,2024-11-12,2025-08-04,776.37,629.3868,635.8964,123.3534,122.0906,484.66,776.37,0.0,60.1886,15801700
2025-08-05,180,2024-11-13,2025-08-05,763.46,630.2686,636.8888,121.1325,119.8734,484.66,776.37,-1.6629,57.5249,11640300
2025-08-06,180,2024-11-14,2025-08-06,771.99,631.2163,637.9554,122.302,121.01,484.66,776.37,-0.5642,59.2849,9733900
2025-08-07,180,2024-11-15,2025-08-07,761.83,632.1473,638.9814,120.5146,119.2257,484.66,776.37,-1.8728,57.1885,9019700
2025-08-08,180,2024-11-18,2025-08-08,769.3,633.2702,640.1771,121.4805,120.1699,484.66,776.37,-0.9106,58.7298,7320800
2025-08-11,180,2024-11-19,2025-08-11,765.87,634.3818,641.3519,120.727,119.4149,484.66,776.37,-1.3524,58.0221,7612000
2025-08-12,180,2024-11-20,2025-08-12,790.0,635.5385,642.6236,124.304,122.9335,484.66,790.0,0.0,63.0009,14563100
2025-08-13,180,2024-11-21,2025-08-13,780.08,636.6317,643.8156,122.5324,121.1651,484.66,790.0,-1.2557,60.9541,8811800
2025-08-14,180,2024-11-22,2025-08-14,782.13,637.7536,645.0325,122.6383,121.2544,484.66,790.0,-0.9962,61.377,8116200
2025-08-15,180,2024-11-25,2025-08-15,785.23,638.9193,646.2886,122.8997,121.4984,484.66,790.0,-0.6038,62.0167,13375400
2025-08-18,180,2024-11-26,2025-08-18,767.37,639.9788,647.4122,119.9055,118.5288,484.66,790.0,-2.8646,58.3316,16513700
2025-08-19,180,2024-11-27,2025-08-19,751.48,640.9196,648.4008,117.2503,115.8975,484.66,790.0,-4.876,55.053,12286700
2025-08-20,180,2024-11-29,2025-08-20,747.72,641.8783,649.3926,116.4894,115.1414,484.66,790.0,-5.3519,54.2772,11898200
2025-08-21,180,2024-12-02,2025-08-21,739.1,642.7681,650.308,114.987,113.6538,484.66,790.0,-6.443,52.4987,8876300
2025-08-22,180,2024-12-03,2025-08-22,754.79,643.5999,651.2078,117.2763,115.9062,484.66,790.0,-4.457,55.736,10612700
2025-08-25,180,2024-12-04,2025-08-25,753.3,644.2959,651.9836,116.9183,115.5397,484.66,790.0,-4.6456,55.4285,6861200
2025-08-26,180,2024-12-05,2025-08-26,754.1,644.9958,652.7632,116.9155,115.5243,484.66,790.0,-4.5443,55.5936,7601800
2025-08-27,180,2024-12-06,2025-08-27,747.38,645.6997,653.5323,115.7473,114.3601,484.66,790.0,-5.3949,54.2071,8315400
2025-08-28,180,2024-12-09,2025-08-28,751.11,646.3298,654.2398,116.2116,114.8065,484.66,790.0,-4.9228,54.9767,7468000
2025-08-29,180,2024-12-10,2025-08-29,738.7,646.9712,654.9349,114.1782,112.7898,484.66,790.0,-6.4937,52.4161,9070500
2025-09-02,180,2024-12-11,2025-09-02,735.11,647.5631,655.5782,113.5194,112.1315,484.66,790.0,-6.9481,51.6754,9350900
2025-09-03,180,2024-12-12,2025-09-03,737.05,648.085,656.1581,113.7274,112.3281,484.66,790.0,-6.7025,52.0757,7699300
2025-09-04,180,2024-12-13,2025-09-04,748.65,648.6679,656.8128,115.4135,113.9822,484.66,790.0,-5.2342,54.4691,11439100
2025-09-05,180,2024-12-16,2025-09-05,752.45,649.3301,657.5467,115.881,114.4329,484.66,790.0,-4.7532,55.2532,9663400
2025-09-08,180,2024-12-17,2025-09-08,752.3,649.9695,658.2582,115.7439,114.2865,484.66,790.0,-4.7722,55.2222,13087800
2025-09-09,180,2024-12-18,2025-09-09,765.7,650.694,659.0707,117.6744,116.1787,484.66,790.0,-3.0759,57.987,10999000
2025-09-10,180,2024-12-19,2025-09-10,751.98,651.5058,659.9307,115.4218,113.9483,484.66,790.0,-4.8127,55.1562,12478300
2025-09-11,180,2024-12-20,2025-09-11,750.9,652.3259,660.7936,115.1112,113.6361,484.66,790.0,-4.9494,54.9334,7923300
2025-09-12,180,2024-12-23,2025-09-12,755.59,653.2378,661.7399,115.6684,114.1823,484.66,790.0,-4.3557,55.901,8248600
2025-09-15,180,2024-12-24,2025-09-15,764.7,654.0909,662.6558,116.9104,115.3993,484.66,790.0,-3.2025,57.7807,10533800
2025-09-16,180,2024-12-26,2025-09-16,779.0,654.9518,663.6072,118.9401,117.3887,484.66,790.0,-1.3924,60.7312,11782500
2025-09-17,180,2024-12-27,2025-09-17,775.72,655.8306,664.5648,118.2805,116.726,484.66,790.0,-1.8076,60.0545,9400900
2025-09-18,180,2024-12-30,2025-09-18,780.25,656.7532,665.5672,118.8041,117.2308,484.66,790.0,-1.2342,60.9891,10955000
2025-09-19,180,2024-12-31,2025-09-19,778.38,657.7291,666.6069,118.3436,116.7675,484.66,790.0,-1.4709,60.6033,23696800
2025-09-22,180,2025-01-02,2025-09-22,765.16,658.6942,667.6049,116.1632,114.6127,484.66,790.0,-3.1443,57.8756,11706900
2025-09-23,180,2025-01-03,2025-09-23,755.4,659.5268,668.4725,114.5367,113.0039,484.66,790.0,-4.3797,55.8618,10872600
2025-09-24,180,2025-01-06,2025-09-24,760.66,660.3477,669.3393,115.1908,113.6434,484.66,790.0,-3.7139,56.9471,8828200
2025-09-25,180,2025-01-07,2025-09-25,748.91,660.9575,669.9988,113.3068,111.7778,484.66,790.0,-5.2013,54.5228,10591100
2025-09-26,180,2025-01-08,2025-09-26,743.75,661.6229,670.6981,112.413,110.8919,484.66,790.0,-5.8544,53.4581,9696300
2025-09-29,180,2025-01-10,2025-09-29,743.4,662.3344,671.4352,112.2394,110.7181,484.66,790.0,-5.8987,53.3859,9246800
2025-09-30,180,2025-01-13,2025-09-30,734.38,662.9737,672.0936,110.7706,109.2675,484.66,790.0,-7.0405,51.5248,16226800
2025-10-01,180,2025-01-14,2025-10-01,717.34,663.5842,672.6992,108.1008,106.6361,484.66,790.0,-9.1975,48.0089,20419600
2025-10-02,180,2025-01-15,2025-10-02,727.05,664.337,673.437,109.4399,107.9611,484.66,790.0,-7.9684,50.0124,11415300
2025-10-03,180,2025-01-16,2025-10-03,710.56,664.8599,673.9561,106.8736,105.4312,484.66,790.0,-10.0557,46.61,16154300
2025-10-06,180,2025-01-17,2025-10-06,715.66,665.4462,674.5359,107.5459,106.0966,484.66,790.0,-9.4101,47.6623,21654700
2025-10-07,180,2025-01-21,2025-10-07,713.08,666.0115,675.0932,107.0672,105.6269,484.66,790.0,-9.7367,47.1299,12062900
2025-10-08,180,2025-01-22,2025-10-08,717.84,666.5765,675.6564,107.6906,106.2434,484.66,790.0,-9.1342,48.1121,10790600
2025-10-09,180,2025-01-23,2025-10-09,733.51,667.1708,676.2676,109.9434,108.4645,484.66,790.0,-7.1506,51.3453,12717200
2025-10-10,180,2025-01-24,2025-10-10,705.3,667.5503,676.6501,105.655,104.2341,484.66,790.0,-10.7215,45.5247,16980100
2025-10-13,180,2025-01-27,2025-10-13,715.7,667.9149,677.029,107.1544,105.7119,484.66,790.0,-9.4051,47.6705,9251800
2025-10-14,180,2025-01-28,2025-10-14,708.65,668.1735,677.2999,106.0578,104.6287,484.66,790.0,-10.2975,46.2159,8829800
2025-10-15,180,2025-01-29,2025-10-15,717.55,668.3951,677.5401,107.3542,105.9052,484.66,790.0,-9.1709,48.0522,10246800
2025-10-16,180,2025-01-30,2025-10-16,712.07,668.5785,677.7377,106.5051,105.0657,484.66,790.0,-9.8646,46.9216,9017000
2025-10-17,180,2025-01-31,2025-10-17,716.92,668.7294,677.9039,107.2063,105.7554,484.66,790.0,-9.2506,47.9223,12232400
2025-10-20,180,2025-02-03,2025-10-20,732.17,668.9411,678.1428,109.4521,107.9669,484.66,790.0,-7.3203,51.0688,8900200
2025-10-21,180,2025-02-04,2025-10-21,733.27,669.1152,678.3417,109.588,108.0974,484.66,790.0,-7.181,51.2958,7647300
2025-10-22,180,2025-02-05,2025-10-22,733.41,669.256,678.5041,109.5859,108.0922,484.66,790.0,-7.1633,51.3246,8734500
2025-10-23,180,2025-02-06,2025-10-23,734.0,669.3961,678.6659,109.6511,108.1534,484.66,790.0,-7.0886,51.4464,9856000
2025-10-24,180,2025-02-07,2025-10-24,738.36,669.521,678.8124,110.2818,108.7723,484.66,790.0,-6.5367,52.346,9151300
2025-10-27,180,2025-02-10,2025-10-27,750.82,669.6895,679.0141,112.1146,110.575,484.66,790.0,-4.9595,54.9168,11321100
2025-10-28,180,2025-02-11,2025-10-28,751.44,669.8469,679.2032,112.1809,110.6355,484.66,790.0,-4.881,55.0448,12193800
2025-10-29,180,2025-02-12,2025-10-29,751.67,669.9938,679.3802,112.1906,110.6405,484.66,790.0,-4.8519,55.0922,26818600
2025-10-30,180,2025-02-13,2025-10-30,666.47,669.69,679.0529,99.5192,98.147,484.66,790.0,-15.6367,37.5129,88440100
2025-10-31,180,2025-02-14,2025-10-31,648.35,669.2672,678.6073,96.8746,95.5413,484.66,790.0,-17.9304,33.7742,56953200
2025-11-03,180,2025-02-18,2025-11-03,637.71,668.7434,678.0576,95.3594,94.0495,484.66,790.0,-19.2772,31.5788,33003600
2025-11-04,180,2025-02-19,2025-11-04,627.32,668.2515,677.5628,93.8748,92.5848,484.66,790.0,-20.5924,29.4351,27356600
2025-11-05,180,2025-02-20,2025-11-05,635.95,667.8757,677.1861,95.2198,93.9107,484.66,790.0,-19.5,31.2157,20219900
2025-11-06,180,2025-02-21,2025-11-06,618.94,667.4387,676.7644,92.7336,91.4558,484.66,790.0,-21.6532,27.706,23628800
2025-11-07,180,2025-02-24,2025-11-07,621.71,667.0787,676.4208,93.1989,91.9117,484.66,790.0,-21.3025,28.2776,29946800
2025-11-10,180,2025-02-25,2025-11-10,631.76,666.8658,676.2188,94.7357,93.4254,484.66,790.0,-20.0304,30.3512,19245000
2025-11-11,180,2025-02-26,2025-11-11,627.08,666.6836,676.0498,94.0596,92.7565,484.66,790.0,-20.6228,29.3856,13302200
2025-11-12,180,2025-02-27,2025-11-12,609.01,666.2945,675.6904,91.4025,90.1315,484.66,790.0,-22.9101,25.6572,24493300
2025-11-13,180,2025-02-28,2025-11-13,609.89,665.9976,675.4218,91.5754,90.2977,484.66,790.0,-22.7987,25.8387,20973800
2025-11-14,180,2025-03-03,2025-11-14,609.46,665.6423,675.0954,91.5597,90.2776,484.66,790.0,-22.8532,25.75,20724100
2025-11-17,180,2025-03-04,2025-11-17,602.01,665.3114,674.8008,90.4855,89.213,484.66,790.0,-23.7962,24.2129,16501300
2025-11-18,180,2025-03-05,2025-11-18,597.69,665.0395,674.5657,89.8729,88.6037,484.66,790.0,-24.343,23.3215,25500600
2025-11-19,180,2025-03-06,2025-11-19,590.32,664.6204,674.1982,88.8206,87.5588,484.66,790.0,-25.2759,21.8009,24744700
2025-11-20,180,2025-03-07,2025-11-20,589.15,664.3632,673.9828,88.6789,87.4132,484.66,790.0,-25.424,21.5594,20603000
2025-11-21,180,2025-03-10,2025-11-21,594.25,664.1561,673.8083,89.4744,88.1927,484.66,790.0,-24.7785,22.6117,21052600
2025-11-24,180,2025-03-11,2025-11-24,613.05,664.2568,673.8919,92.2911,90.9716,484.66,790.0,-22.3987,26.4907,23554900
2025-11-25,180,2025-03-12,2025-11-25,636.22,664.4509,674.0614,95.7512,94.386,484.66,790.0,-19.4658,31.2714,25213000
2025-11-26,180,2025-03-13,2025-11-26,633.61,664.5387,674.1395,95.3458,93.988,484.66,790.0,-19.7962,30.7329,15209500
2025-11-28,180,2025-03-14,2025-11-28,647.95,664.9063,674.4579,97.4498,96.0698,484.66,790.0,-17.981,33.6917,11033200
2025-12-01,180,2025-03-17,2025-12-01,640.87,665.1162,674.6427,96.3546,94.994,484.66,790.0,-18.8772,32.2308,13029900
2025-12-02,180,2025-03-18,2025-12-02,647.1,665.3813,674.8772,97.2525,95.8841,484.66,790.0,-18.0886,33.5163,11640900
2025-12-03,180,2025-03-19,2025-12-03,639.6,665.7595,675.1952,96.0707,94.7282,484.66,790.0,-19.038,31.9688,11134300
2025-12-04,180,2025-03-20,2025-12-04,661.53,666.2536,675.6256,99.291,97.9137,484.66,790.0,-16.262,36.4936,29874600
2025-12-05,180,2025-03-21,2025-12-05,673.42,666.8004,676.1112,100.9927,99.602,484.66,790.0,-14.757,38.9469,21207900
2025-12-08,180,2025-03-24,2025-12-08,666.8,667.239,676.5032,99.9342,98.5657,484.66,790.0,-15.5949,37.581,13161000
2025-12-09,180,2025-03-25,2025-12-09,656.96,667.4709,676.7149,98.4253,97.0808,484.66,790.0,-16.8405,35.5507,12997100
2025-12-10,180,2025-03-26,2025-12-10,650.13,667.6157,676.8472,97.3809,96.0527,484.66,790.0,-17.7051,34.1415,16910900
2025-12-11,180,2025-03-27,2025-12-11,652.71,667.8749,677.0791,97.7294,96.4009,484.66,790.0,-17.3785,34.6738,13056700
2025-12-12,180,2025-03-28,2025-12-12,644.23,668.1409,677.3104,96.4213,95.1159,484.66,790.0,-18.4519,32.9241,14016900
2025-12-15,180,2025-03-31,2025-12-15,647.51,668.6112,677.7036,96.844,95.5447,484.66,790.0,-18.0367,33.6009,15549100
2025-12-16,180,2025-04-01,2025-12-16,657.15,669.1414,678.1524,98.2079,96.903,484.66,790.0,-16.8165,35.5899,14309100
2025-12-17,180,2025-04-02,2025-12-17,649.5,669.5567,678.5052,97.0045,95.7251,484.66,790.0,-17.7848,34.0115,15598500
2025-12-18,180,2025-04-03,2025-12-18,664.45,670.0739,678.9526,99.1607,97.864,484.66,790.0,-15.8924,37.0961,20260300
2025-12-19,180,2025-04-04,2025-12-19,658.77,670.9808,679.6589,98.1802,96.9266,484.66,790.0,-16.6114,35.9242,49977100
2025-12-22,180,2025-04-07,2025-12-22,661.5,672.1573,680.5299,98.4145,97.2037,484.66,790.0,-16.2658,36.4874,15659400
2025-12-23,180,2025-04-08,2025-12-23,664.94,673.2462,681.3559,98.7662,97.5907,484.66,790.0,-15.8304,37.1972,8486800
2025-12-24,180,2025-04-09,2025-12-24,667.55,674.4092,682.2287,98.9829,97.8484,484.66,790.0,-15.5,37.7357,5627500
2025-12-26,180,2025-04-10,2025-12-26,663.29,674.9137,682.6594,98.2777,97.1627,484.66,790.0,-16.0392,36.8568,7133800
2025-12-29,180,2025-04-11,2025-12-29,658.69,675.7051,683.2838,97.4819,96.4006,484.66,790.0,-16.6215,35.9076,8506500
2025-12-30,180,2025-04-14,2025-12-30,665.95,676.5637,683.9637,98.4312,97.3663,484.66,790.0,-15.7025,37.4056,9187500
2025-12-31,180,2025-04-15,2025-12-31,660.09,677.4973,684.6782,97.4307,96.4088,484.66,790.0,-16.4443,36.1965,7940400
2026-01-02,180,2025-04-16,2026-01-02,650.41,678.4676,685.3943,95.8646,94.8957,484.66,790.0,-17.6696,34.1992,13726500
2026-01-05,180,2025-04-17,2026-01-05,658.79,679.6791,686.2636,96.9266,95.9966,484.66,790.0,-16.6089,35.9283,12213700
2026-01-06,180,2025-04-21,2026-01-06,660.62,680.9141,687.1477,97.0196,96.1394,484.66,790.0,-16.3772,36.3059,11074400
2026-01-07,180,2025-04-22,2026-01-07,648.69,682.2607,688.059,95.0795,94.2783,500.28,790.0,-17.8873,29.6654,12846300
2026-01-08,180,2025-04-23,2026-01-08,646.06,683.4291,688.8689,94.5321,93.7856,520.27,790.0,-18.2203,24.1778,11921700
2026-01-09,180,2025-04-24,2026-01-09,653.06,684.4447,689.6066,95.4146,94.7004,533.15,790.0,-17.3342,22.4909,11634900
2026-01-12,180,2025-04-25,2026-01-12,641.97,685.2732,690.2112,93.6809,93.0107,547.27,790.0,-18.738,17.3041,14797200
2026-01-13,180,2025-04-28,2026-01-13,631.09,685.9069,690.6768,92.0081,91.3727,549.0,790.0,-20.1152,14.9526,18030400
2026-01-14,180,2025-04-29,2026-01-14,615.52,686.4154,691.0423,89.6717,89.0713,549.0,790.0,-22.0861,12.1166,15527900
2026-01-15,180,2025-04-30,2026-01-15,620.8,686.9204,691.4109,90.3744,89.7874,549.0,790.0,-21.4177,13.0783,13076100
2026-01-16,180,2025-05-01,2026-01-16,620.25,687.4694,691.8068,90.2222,89.6565,572.21,790.0,-21.4873,8.3955,17012500
2026-01-20,180,2025-05-02,2026-01-20,604.12,687.7118,691.9841,87.8449,87.3026,587.31,790.0,-23.5291,2.8622,15169600
2026-01-21,180,2025-05-05,2026-01-21,612.96,687.8263,692.0726,89.1155,88.5687,587.31,790.0,-22.4101,4.3674,14494700
2026-01-22,180,2025-05-06,2026-01-22,647.63,688.154,692.3413,94.1112,93.542,587.31,790.0,-18.0215,10.2706,21394700
2026-01-23,180,2025-05-07,2026-01-23,658.76,688.6402,692.7382,95.661,95.0951,589.15,790.0,-16.6127,11.8153,22797700
2026-01-26,180,2025-05-08,2026-01-26,672.36,689.1366,693.1579,97.5656,96.9995,589.15,790.0,-14.8911,14.1237,16327400
2026-01-27,180,2025-05-09,2026-01-27,672.97,689.6283,693.5744,97.5844,97.0292,589.15,790.0,-14.8139,14.2273,13297400
2026-01-28,180,2025-05-12,2026-01-28,668.73,690.1371,693.9979,96.8981,96.3591,589.15,790.0,-15.3506,13.5076,25709600
2026-01-29,180,2025-05-13,2026-01-29,738.31,690.6918,694.5473,106.8943,106.3009,589.15,790.0,-6.543,25.3178,59852900
2026-01-30,180,2025-05-14,2026-01-30,716.5,691.0329,694.8832,103.6854,103.1109,589.15,790.0,-9.3038,21.6159,23744600
2026-02-02,180,2025-05-15,2026-02-02,706.41,691.301,695.1446,102.1856,101.6206,589.15,790.0,-10.581,19.9032,14365200
2026-02-03,180,2025-05-16,2026-02-03,691.7,691.5862,695.4103,100.0165,99.4665,589.15,790.0,-12.443,17.4064,13760700
2026-02-04,180,2025-05-19,2026-02-04,668.99,691.7639,695.5694,96.7078,96.1787,589.15,790.0,-15.3177,13.5517,16882800
2026-02-05,180,2025-05-20,2026-02-05,670.21,691.9484,695.7349,96.8584,96.3312,589.15,790.0,-15.1633,13.7588,17131800
2026-02-06,180,2025-05-21,2026-02-06,661.46,692.1022,695.8702,95.5726,95.0551,589.15,790.0,-16.2709,12.2736,18159300
2026-02-09,180,2025-05-22,2026-02-09,677.22,692.3603,696.102,97.8132,97.2875,589.15,790.0,-14.276,14.9486,14837500
2026-02-10,180,2025-05-23,2026-02-10,670.72,692.5734,696.2917,96.8446,96.3274,589.15,790.0,-15.0987,13.8454,10455800
2026-02-11,180,2025-05-27,2026-02-11,668.69,692.838,696.523,96.5146,96.004,589.15,790.0,-15.3557,13.5008,14323800
2026-02-12,180,2025-05-28,2026-02-12,649.81,692.8859,696.5646,93.7831,93.2878,589.15,790.0,-17.7456,10.2962,14960100
2026-02-13,180,2025-05-29,2026-02-13,639.77,692.8612,696.5434,92.3374,91.8493,589.15,790.0,-19.0165,8.592,12336400
2026-02-17,180,2025-05-30,2026-02-17,639.29,692.8239,696.5114,92.2731,91.7846,589.15,790.0,-19.0772,8.5106,12674700
2026-02-18,180,2025-06-02,2026-02-18,643.22,692.7966,696.4877,92.844,92.3519,589.15,790.0,-18.5798,9.1776,14649200
2026-02-19,180,2025-06-03,2026-02-19,644.78,692.6356,696.3426,93.0908,92.5952,589.15,790.0,-18.3823,9.4424,10035700
2026-02-20,180,2025-06-04,2026-02-20,655.66,692.5674,696.2804,94.6709,94.1661,589.15,790.0,-17.0051,11.2891,14183500
2026-02-23,180,2025-06-05,2026-02-23,637.25,692.2594,695.9988,92.0536,91.5591,589.15,790.0,-19.3354,8.1643,8605900
2026-02-24,180,2025-06-06,2026-02-24,639.3,691.9838,695.747,92.3865,91.8868,589.15,790.0,-19.076,8.5123,10135600
2026-02-25,180,2025-06-09,2026-02-25,653.69,691.7272,695.5024,94.5011,93.9882,589.15,790.0,-17.2544,10.9548,11330700
2026-02-26,180,2025-06-10,2026-02-26,657.01,691.5113,695.2966,95.0107,94.4935,589.15,790.0,-16.8342,11.5183,10637700
2026-02-27,180,2025-06-11,2026-02-27,648.18,691.195,694.9954,93.7767,93.2639,589.15,790.0,-17.9519,10.0195,15703000
2026-03-02,180,2025-06-12,2026-03-02,653.56,690.9577,694.7699,94.5876,94.0685,589.15,790.0,-17.2709,10.9327,9816100
2026-03-03,180,2025-06-13,2026-03-03,655.08,690.7342,694.5573,94.8382,94.3162,589.15,790.0,-17.0785,11.1907,12263800
2026-03-04,180,2025-06-16,2026-03-04,667.73,690.6462,694.4732,96.6819,96.1491,589.15,790.0,-15.4772,13.3379,10810100
2026-03-05,180,2025-06-17,2026-03-05,660.57,690.4089,694.2423,95.6781,95.1498,589.15,790.0,-16.3835,12.1225,13341400
2026-03-06,180,2025-06-18,2026-03-06,644.86,690.1006,693.9514,93.4443,92.9258,589.15,790.0,-18.3722,9.456,13159400
2026-03-09,180,2025-06-20,2026-03-09,647.39,689.8165,693.6826,93.8496,93.3265,589.15,790.0,-18.0519,9.8854,13489700
2026-03-10,180,2025-06-23,2026-03-10,654.07,689.6491,693.5255,94.841,94.3109,589.15,790.0,-17.2063,11.0193,9859300
2026-03-11,180,2025-06-24,2026-03-11,654.86,689.3969,693.2829,94.9903,94.4578,589.15,790.0,-17.1063,11.1533,8977200
2026-03-12,180,2025-06-25,2026-03-12,638.18,688.9672,692.8717,92.6285,92.1065,589.15,790.0,-19.2177,8.3222,11617500
2026-03-13,180,2025-06-26,2026-03-13,613.71,688.3918,692.3441,89.1513,88.6423,589.15,790.0,-22.3152,4.1687,18957600
2026-03-16,180,2025-06-27,2026-03-16,627.45,687.8223,691.7961,91.2227,90.6987,589.15,790.0,-20.5759,6.5009,15134900
2026-03-17,180,2025-06-30,2026-03-17,622.66,687.1844,691.1796,90.6103,90.0866,589.15,790.0,-21.1823,5.6878,10348800
2026-03-18,180,2025-07-01,2026-03-18,615.68,686.4784,690.4995,89.6867,89.1644,589.15,790.0,-22.0658,4.5031,11726300
2026-03-19,180,2025-07-02,2026-03-19,606.7,685.804,689.8744,88.4655,87.9435,589.15,790.0,-23.2025,2.9789,13247700
2026-03-20,180,2025-07-03,2026-03-20,593.66,685.0652,689.2082,86.6574,86.1365,589.15,790.0,-24.8532,0.7655,21214900
2026-03-23,180,2025-07-07,2026-03-23,604.06,684.3758,688.5696,88.2644,87.7268,589.15,790.0,-23.5367,2.5308,13638000
2026-03-24,180,2025-07-08,2026-03-24,592.92,683.6104,687.8728,86.7336,86.1962,589.15,790.0,-24.9468,0.6399,10739700
2026-03-25,180,2025-07-09,2026-03-25,594.89,682.8495,687.174,87.1188,86.5705,589.15,790.0,-24.6975,0.9743,12585000
2026-03-26,180,2025-07-10,2026-03-26,547.54,681.6556,686.1449,80.325,79.7995,547.54,790.0,-30.6911,0.0,35780100
2026-03-27,180,2025-07-11,2026-03-27,525.72,680.2977,685.0253,77.2779,76.7446,525.72,790.0,-33.4532,0.0,30133000
2026-03-30,180,2025-07-14,2026-03-30,536.38,679.0898,684.0191,78.9851,78.4159,525.72,790.0,-32.1038,2.0277,22795200
2026-03-31,180,2025-07-15,2026-03-31,572.13,678.1668,683.1924,84.3642,83.7436,525.72,790.0,-27.5785,8.8279,32898300
2026-04-01,180,2025-07-16,2026-04-01,579.23,677.3533,682.4638,85.5137,84.8734,525.72,790.0,-26.6797,10.1784,23608100
2026-04-02,180,2025-07-17,2026-04-02,574.46,676.5435,681.7502,84.911,84.2625,525.72,790.0,-27.2835,9.2711,13518500
2026-04-06,180,2025-07-18,2026-04-06,573.02,675.7322,681.0369,84.7999,84.1394,525.72,790.0,-27.4658,8.9972,9515700
2026-04-07,180,2025-07-21,2026-04-07,575.05,674.9237,680.3189,85.2022,84.5265,525.72,790.0,-27.2089,9.3833,9580800
2026-04-08,180,2025-07-22,2026-04-08,612.42,674.3414,679.7603,90.8175,90.0935,525.72,790.0,-22.4785,16.4917,32036600
2026-04-09,180,2025-07-23,2026-04-09,628.39,673.9058,679.3358,93.246,92.5007,525.72,790.0,-20.457,19.5294,19012900
2026-04-10,180,2025-07-24,2026-04-10,629.86,673.4362,678.8707,93.5293,92.7806,525.72,790.0,-20.2709,19.809,13294800
2026-04-13,180,2025-07-25,2026-04-13,634.53,672.9906,678.4247,94.2851,93.5299,525.72,790.0,-19.6797,20.6973,9538900
2026-04-14,180,2025-07-28,2026-04-14,662.49,672.7232,678.1459,98.4788,97.6914,525.72,790.0,-16.1405,26.0158,17818000
2026-04-15,180,2025-07-29,2026-04-15,671.58,672.483,677.8901,99.8657,99.0692,525.72,790.0,-14.9899,27.7448,14952600
2026-04-16,180,2025-07-30,2026-04-16,676.87,672.3604,677.7616,100.6707,99.8685,525.72,790.0,-14.3203,28.7511,9544800
2026-04-17,180,2025-07-31,2026-04-17,688.55,672.3255,677.7246,102.4132,101.5973,525.72,790.0,-12.8418,30.9728,16283500
2026-04-20,180,2025-08-01,2026-04-20,670.91,671.8296,677.1549,99.8631,99.0778,525.72,790.0,-15.0747,27.6174,12534000
2026-04-21,180,2025-08-04,2026-04-21,668.84,671.4241,676.704,99.6151,98.8379,525.72,790.0,-15.3367,27.2236,8660100
2026-04-22,180,2025-08-05,2026-04-22,674.72,670.9385,676.1393,100.5636,99.7901,525.72,790.0,-14.5924,28.3421,9215600
2026-04-23,180,2025-08-06,2026-04-23,659.15,670.4205,675.5598,98.3189,97.5709,525.72,790.0,-16.5633,25.3804,11667000
2026-04-24,180,2025-08-07,2026-04-24,675.03,669.9562,675.0211,100.7573,100.0013,525.72,790.0,-14.5532,28.4011,13348300
2026-04-27,180,2025-08-08,2026-04-27,678.62,669.5551,674.5588,101.3539,100.602,525.72,790.0,-14.0987,29.0839,12805200
2026-04-28,180,2025-08-11,2026-04-28,671.34,669.0831,674.0146,100.3373,99.6032,525.72,790.0,-15.0202,27.6992,10606800
2026-04-29,180,2025-08-12,2026-04-29,669.12,668.6139,673.4771,100.0757,99.353,525.72,790.0,-15.3013,27.2769,18947500
2026-04-30,180,2025-08-13,2026-04-30,611.91,667.7001,672.4877,91.6444,90.992,525.72,785.23,-22.0725,16.3947,52765000
2026-05-01,180,2025-08-14,2026-05-01,608.75,666.8077,671.5359,91.2932,90.6504,525.72,785.23,-22.4749,15.7936,21404000
2026-05-04,180,2025-08-15,2026-05-04,610.41,665.9204,670.5819,91.6641,91.0269,525.72,785.23,-22.2635,16.1093,16203900
2026-05-05,180,2025-08-18,2026-05-05,604.96,664.9868,669.5804,90.9732,90.3491,525.72,780.25,-22.4659,15.0727,17171300
2026-05-06,180,2025-08-19,2026-05-06,612.88,664.1808,668.7221,92.2761,91.6494,525.72,780.25,-21.4508,16.5792,19915500
2026-05-07,180,2025-08-20,2026-05-07,616.81,663.4695,667.9739,92.9673,92.3404,525.72,780.25,-20.9471,17.3267,12307400
2026-05-08,180,2025-08-21,2026-05-08,609.63,662.7295,667.2068,91.9878,91.3705,525.72,780.25,-21.8673,15.961,13557000
2026-05-11,180,2025-08-22,2026-05-11,598.86,661.9573,666.4277,90.4681,89.8612,525.72,780.25,-23.2477,13.9124,15940600
2026-05-12,180,2025-08-25,2026-05-12,603.0,661.1464,665.5844,91.2052,90.5971,525.72,780.25,-22.7171,14.6998,11351600
2026-05-13,180,2025-08-26,2026-05-13,616.63,660.4327,664.8251,93.3676,92.7507,525.72,780.25,-20.9702,17.2925,14634400
2026-05-14,180,2025-08-27,2026-05-14,618.43,659.7285,664.0714,93.7401,93.127,525.72,780.25,-20.7395,17.6349,10651200
2026-05-15,180,2025-08-28,2026-05-15,614.23,659.0279,663.3317,93.2024,92.5977,525.72,780.25,-21.2778,16.836,13272600
2026-05-18,180,2025-08-29,2026-05-18,611.21,658.2934,662.5544,92.8477,92.2505,525.72,780.25,-21.6648,16.2615,13772400
2026-05-19,180,2025-09-02,2026-05-19,602.61,657.5583,661.7984,91.6436,91.0564,525.72,780.25,-22.7671,14.6257,11749900
2026-05-20,180,2025-09-03,2026-05-20,605.06,656.8566,661.0759,92.1145,91.5266,525.72,780.25,-22.4531,15.0917,11329700
2026-05-21,180,2025-09-04,2026-05-21,607.38,656.1631,660.3555,92.5654,91.9777,525.72,780.25,-22.1557,15.533,13476100
2026-05-22,180,2025-09-05,2026-05-22,610.26,655.4393,659.5867,93.107,92.5216,525.72,780.25,-21.7866,16.0808,11688600
2026-05-26,180,2025-09-08,2026-05-26,612.34,654.7144,658.8083,93.5278,92.9466,525.72,780.25,-21.52,16.4765,12234200
2026-05-27,180,2025-09-09,2026-05-27,635.26,654.1317,658.1581,97.115,96.5209,525.72,780.25,-18.5825,20.8362,23143600
2026-05-28,180,2025-09-10,2026-05-28,635.29,653.495,657.4336,97.2142,96.6318,525.72,780.25,-18.5787,20.8419,16772400
2026-05-29,180,2025-09-11,2026-05-29,632.51,652.8996,656.7698,96.8771,96.3062,525.72,780.25,-18.935,20.3131,19806500
2026-06-01,180,2025-09-12,2026-06-01,600.47,652.1105,655.9341,92.081,91.5443,525.72,780.25,-23.0413,14.2186,29138800
2026-06-02,180,2025-09-15,2026-06-02,597.63,651.2851,655.0566,91.7617,91.2333,525.72,780.25,-23.4053,13.6784,18252000
2026-06-03,180,2025-09-16,2026-06-03,622.98,650.5848,654.2692,95.7569,95.2177,525.72,780.25,-20.1564,18.5003,23020100
2026-06-04,180,2025-09-17,2026-06-04,627.57,649.8573,653.4279,96.5704,96.0427,525.72,780.25,-19.5681,19.3734,21469200
2026-06-05,180,2025-09-18,2026-06-05,593.0,648.9267,652.4128,91.3817,90.8934,525.72,780.25,-23.9987,12.7977,30091600
2026-06-08,180,2025-09-19,2026-06-08,585.39,647.9301,651.3303,90.3477,89.8761,525.72,778.38,-24.7938,11.3502,19512400
2026-06-09,180,2025-09-22,2026-06-09,584.59,646.9384,650.2537,90.3626,89.9018,525.72,765.16,-23.599,11.198,16977400
2026-06-10,180,2025-09-23,2026-06-10,570.98,645.9066,649.1749,88.3998,87.9547,525.72,760.66,-24.9362,8.6091,17064000
2026-06-11,180,2025-09-24,2026-06-11,568.43,644.899,648.1362,88.1425,87.7022,525.72,760.66,-25.2715,8.1241,17628000
2026-06-12,180,2025-09-25,2026-06-12,566.98,643.863,647.0602,88.0591,87.624,525.72,751.67,-24.5706,7.8483,14326400
2026-06-15,180,2025-09-26,2026-06-15,593.48,643.0586,646.1967,92.2902,91.842,525.72,751.67,-21.0451,12.889,17653300
2026-06-16,180,2025-09-29,2026-06-16,600.21,642.3207,645.3992,93.444,92.9983,525.72,751.67,-20.1498,14.1691,11344400
2026-06-17,180,2025-09-30,2026-06-17,567.58,641.3671,644.4224,88.4953,88.0758,525.72,751.67,-24.4908,7.9624,20478300
2026-06-18,180,2025-10-01,2026-06-18,577.22,640.5209,643.5493,90.1173,89.6932,525.72,751.67,-23.2083,9.7961,28824600
2026-06-22,180,2025-10-02,2026-06-22,563.85,639.6571,642.6966,88.1488,87.7319,525.72,751.67,-24.987,7.2529,15405500
2026-06-23,180,2025-10-03,2026-06-23,562.2,638.7417,641.7808,88.0168,87.6,525.72,751.67,-25.2065,6.9391,13103300
2026-06-24,180,2025-10-06,2026-06-24,557.67,637.8683,640.9314,87.4271,87.0093,525.72,751.67,-25.8092,6.0774,13963600
2026-06-25,180,2025-10-07,2026-06-25,542.87,636.8646,639.9714,85.241,84.8272,525.72,751.67,-27.7781,3.2622,16968600
2026-06-26,180,2025-10-08,2026-06-26,550.25,635.9309,639.0668,86.5267,86.1021,525.72,751.67,-26.7963,4.666,18867700
2026-06-29,180,2025-10-09,2026-06-29,562.6,635.0684,638.2044,88.5889,88.1536,525.72,751.67,-25.1533,7.0151,15011400
2026-06-30,180,2025-10-10,2026-06-30,563.29,634.1467,637.2587,88.8264,88.3927,525.72,751.67,-25.0615,7.1464,18111100
2026-07-01,180,2025-10-13,2026-07-01,612.91,633.6696,636.7454,96.7239,96.2567,525.72,751.67,-18.4602,16.5849,45536300
2026-07-02,180,2025-10-14,2026-07-02,582.9,632.9602,636.0077,92.0911,91.6498,525.72,751.67,-22.4527,10.8765,21705900
2026-07-06,180,2025-10-15,2026-07-06,600.29,632.3938,635.4057,94.9234,94.4735,525.72,751.67,-20.1392,14.1844,17674100
2026-07-07,180,2025-10-16,2026-07-07,615.58,631.8813,634.8392,97.4202,96.9663,525.72,751.67,-18.105,17.0928,18560800
2026-07-08,180,2025-10-17,2026-07-08,603.12,631.3191,634.2339,95.5333,95.0943,525.72,751.67,-19.7627,14.7227,13606500
2026-07-09,180,2025-10-20,2026-07-09,631.48,630.9015,633.7592,100.0917,99.6404,525.72,751.67,-15.9897,20.1172,26579700
2026-07-10,180,2025-10-21,2026-07-10,669.21,630.6174,633.4094,106.1198,105.652,525.72,751.67,-10.9702,27.294,40608900
2026-07-13,180,2025-10-22,2026-07-13,656.73,630.2665,632.9842,104.1988,103.7514,525.72,751.67,-12.6305,24.9201,19840700
2026-07-14,180,2025-10-23,2026-07-14,661.04,629.9372,632.5822,104.9374,104.4987,525.72,751.67,-12.0572,25.7399,16748200
2026-07-15,180,2025-10-24,2026-07-15,681.31,629.705,632.2894,108.1951,107.7529,525.72,751.67,-9.3605,29.5956,19003400
2026-07-16,180,2025-10-27,2026-07-16,664.54,629.3738,631.8793,105.5875,105.1688,525.72,751.67,-11.5915,26.4057,15816000
2026-07-17,180,2025-10-28,2026-07-17,646.01,628.8986,631.2971,102.7209,102.3306,525.72,751.67,-14.0567,22.881,22267900
2026-07-20,180,2025-10-29,2026-07-20,645.85,628.4209,630.7104,102.7735,102.4004,525.72,751.67,-14.078,22.8506,10225200
2026-07-21,180,2025-10-30,2026-07-21,643.81,627.9323,630.1112,102.5286,102.174,525.72,738.31,-12.7995,22.4625,9140500
2026-07-22,180,2025-10-31,2026-07-22,627.17,627.7264,629.8929,99.9114,99.5677,525.72,738.31,-15.0533,19.2973,11019600
2026-07-23,180,2025-11-03,2026-07-23,606.1,627.4911,629.6582,96.591,96.2586,525.72,738.31,-17.9071,15.2895,15494800
2026-07-24,180,2025-11-04,2026-07-24,595.19,627.2462,629.4219,94.8894,94.5614,525.72,738.31,-19.3848,13.2143,11503500
2026-07-27,180,2025-11-05,2026-07-27,593.87,627.05,629.2361,94.7086,94.3795,525.72,738.31,-19.5636,12.9632,11195300
2026-07-28,180,2025-11-06,2026-07-28,593.41,626.8038,628.9998,94.6724,94.3418,525.72,738.31,-19.6259,12.8757,12009300
2026-07-29,180,2025-11-07,2026-07-29,585.61,626.6032,628.8146,93.4579,93.1292,525.72,738.31,-20.6824,11.392,22371100
2026-07-30,180,2025-11-10,2026-07-30,539.03,626.0655,628.3553,86.098,85.7843,525.72,738.31,-26.9914,2.5318,42271500
2026-07-31,180,2025-11-11,2026-07-31,556.71,625.6012,627.9383,88.988,88.6568,525.72,738.31,-24.5967,5.8948,24261500
2026-08-03,180,2025-11-12,2026-08-03,590.24,625.3848,627.7337,94.3803,94.0271,525.72,738.31,-20.0553,12.2727,25938100
2026-08-04,180,2025-11-13,2026-08-04,587.94,625.257,627.6166,94.0317,93.6782,525.72,738.31,-20.3668,11.8352,17959200
2026-08-05,180,2025-11-14,2026-08-05,588.77,625.1293,627.4993,94.1837,93.828,525.72,738.31,-20.2544,11.9931,14897200
2026-08-06,180,2025-11-17,2026-08-06,589.9,625.0112,627.3906,94.3823,94.0244,525.72,738.31,-20.1013,12.208,11811500
2026-08-07,180,2025-11-18,2026-08-07,592.1,624.9509,627.3356,94.7434,94.3833,525.72,738.31,-19.8033,12.6265,11039349
