date,window_trading_days,window_start,window_end,close,fixed_amount_dca_cost,moving_avg_180,price_to_dca_pct,price_to_ma_pct,min_close_in_window,max_close_in_window,drawdown_from_window_high_pct,above_window_low_pct,volume
2010-09-20,180,2010-01-04,2010-09-20,2.0413,1.2444,1.3687,164.0313,149.1404,0.7019,2.1134,-3.4136,190.8407,370090000
2010-09-21,180,2010-01-05,2010-09-21,2.1029,1.2517,1.3761,168.0053,152.8085,0.7019,2.1134,-0.5002,199.6133,324604000
2010-09-22,180,2010-01-06,2010-09-22,2.2419,1.2597,1.3845,177.9736,161.9247,0.7019,2.2419,0.0,219.4179,624449000
2010-09-23,180,2010-01-07,2010-09-23,2.2924,1.2674,1.393,180.8719,164.5666,0.7019,2.2924,0.0,226.6234,819910000
2010-09-24,180,2010-01-08,2010-09-24,2.3173,1.2756,1.4017,181.6689,165.3168,0.7019,2.3173,0.0,230.165,653310000
2010-09-27,180,2010-01-11,2010-09-27,2.357,1.2836,1.4106,183.6182,167.0933,0.7019,2.357,0.0,235.8234,416969000
2010-09-28,180,2010-01-12,2010-09-28,2.3123,1.2918,1.4192,179.0011,162.9276,0.7019,2.357,-1.8971,229.4526,383026000
2010-09-29,180,2010-01-13,2010-09-29,2.4376,1.3004,1.4286,187.4452,170.627,0.7019,2.4376,0.0,247.3031,544845000
2010-09-30,180,2010-01-14,2010-09-30,2.3166,1.3086,1.4372,177.0265,161.1883,0.7019,2.4376,-4.964,230.0631,720027000
2010-10-01,180,2010-01-15,2010-10-01,2.2094,1.3174,1.4454,167.7095,152.8582,0.7019,2.4376,-9.3594,214.7976,589127000
2010-10-04,180,2010-01-19,2010-10-04,2.2341,1.3264,1.4538,168.4357,153.6783,0.7019,2.4376,-8.3455,218.3188,474068000
2010-10-05,180,2010-01-20,2010-10-05,2.2309,1.3354,1.4621,167.0491,152.578,0.7019,2.4376,-8.4803,217.8506,410529000
2010-10-06,180,2010-01-21,2010-10-06,2.1467,1.3444,1.47,159.6747,146.038,0.7019,2.4376,-11.9322,205.862,474873000
2010-10-07,180,2010-01-22,2010-10-07,2.1633,1.3536,1.4779,159.8194,146.3732,0.7019,2.4376,-11.2524,208.2232,287679000
2010-10-08,180,2010-01-25,2010-10-08,2.1377,1.3629,1.4858,156.8522,143.88,0.7019,2.4376,-12.3015,204.5797,243775000
2010-10-11,180,2010-01-26,2010-10-11,2.1956,1.373,1.4941,159.915,146.9533,0.7136,2.4376,-9.9279,207.6878,286223000
2010-10-12,180,2010-01-27,2010-10-12,2.2199,1.383,1.5024,160.5112,147.7512,0.7281,2.4376,-8.9316,204.8655,254492000
2010-10-13,180,2010-01-28,2010-10-13,2.2087,1.3928,1.5107,158.5758,146.2091,0.862,2.4376,-9.3887,156.2313,229607000
2010-10-14,180,2010-01-29,2010-10-14,2.1826,1.3999,1.5178,155.908,143.8006,0.862,2.4376,-10.4612,153.1985,219296000
2010-10-15,180,2010-02-01,2010-10-15,2.2246,1.4073,1.5252,158.074,145.8549,0.862,2.4376,-8.7382,158.0709,240751000
2010-10-18,180,2010-02-02,2010-10-18,2.1857,1.4149,1.5325,154.4757,142.6247,0.862,2.4376,-10.3323,153.5631,199766000
2010-10-19,180,2010-02-03,2010-10-19,2.1333,1.4223,1.5394,149.9846,138.5758,0.862,2.4376,-12.4831,147.481,256277000
2010-10-20,180,2010-02-04,2010-10-20,2.1879,1.4299,1.5467,153.0034,141.4555,0.862,2.4376,-10.2444,153.8117,632821000
2010-10-21,180,2010-02-05,2010-10-21,2.467,1.4386,1.5556,171.4903,158.5892,0.8691,2.467,0.0,183.8428,1117690000
2010-10-22,180,2010-02-08,2010-10-22,2.4014,1.4471,1.5641,165.9528,153.5338,0.87,2.467,-2.6579,176.0263,492989000
2010-10-25,180,2010-02-09,2010-10-25,2.3834,1.4556,1.5725,163.7425,151.5683,0.8784,2.467,-3.3876,171.3286,258643000
2010-10-26,180,2010-02-10,2010-10-26,2.5374,1.4643,1.5817,173.2896,160.4264,0.8784,2.5374,0.0,188.8599,736456000
2010-10-27,180,2010-02-11,2010-10-27,2.55,1.4732,1.591,173.091,160.2802,0.9026,2.55,0.0,182.5263,648312000
2010-10-28,180,2010-02-12,2010-10-28,2.51,1.4818,1.5999,169.3908,156.8867,0.9026,2.55,-1.5686,178.0945,263921000
2010-10-29,180,2010-02-16,2010-10-29,2.4796,1.4904,1.6086,166.3666,154.1407,0.9193,2.55,-2.7619,169.7279,416108000
2010-11-01,180,2010-02-17,2010-11-01,2.391,1.4986,1.6168,159.5459,147.8868,0.9193,2.55,-6.2353,160.0932,345534000
2010-11-02,180,2010-02-18,2010-11-02,2.4516,1.5071,1.6253,162.6653,150.8402,0.9193,2.55,-3.86,166.6821,382032000
2010-11-03,180,2010-02-19,2010-11-03,2.4494,1.5154,1.6336,161.6376,149.937,0.9193,2.55,-3.944,166.4491,273770000
2010-11-04,180,2010-02-22,2010-11-04,2.3974,1.5235,1.6417,157.3629,146.0361,0.9193,2.55,-5.9832,160.7925,412188000
2010-11-05,180,2010-02-23,2010-11-05,2.4014,1.532,1.6498,156.7502,145.5562,0.9193,2.55,-5.8263,161.2276,219940000
2010-11-08,180,2010-02-24,2010-11-08,2.4161,1.5408,1.6581,156.806,145.7136,0.9241,2.55,-5.2493,161.4469,287994000
2010-11-09,180,2010-02-25,2010-11-09,2.4351,1.5498,1.6665,157.1307,146.1197,0.9373,2.55,-4.5042,159.8079,402759000
2010-11-10,180,2010-02-26,2010-11-10,2.5267,1.5588,1.6754,162.0974,150.8153,0.9436,2.55,-0.9132,167.7821,385189000
2010-11-11,180,2010-03-01,2010-11-11,2.502,1.5677,1.684,159.5943,148.5724,0.965,2.55,-1.8824,159.2746,294175000
2010-11-12,180,2010-03-02,2010-11-12,2.4714,1.576,1.6922,156.8209,146.046,0.965,2.55,-3.0812,156.1066,291669000
2010-11-15,180,2010-03-03,2010-11-15,2.4043,1.5843,1.7001,151.7606,141.4195,0.965,2.55,-5.7143,149.1488,319767000
2010-11-16,180,2010-03-04,2010-11-16,2.3629,1.5929,1.7079,148.3408,138.3507,0.9664,2.55,-7.3389,144.4936,273658000
2010-11-17,180,2010-03-05,2010-11-17,2.3811,1.6015,1.7157,148.6828,138.7851,0.9664,2.55,-6.6218,146.3857,188104000
2010-11-18,180,2010-03-08,2010-11-18,2.4047,1.6104,1.7237,149.3278,139.5092,0.9811,2.55,-5.6975,145.0931,177765000
2010-11-19,180,2010-03-09,2010-11-19,2.472,1.6193,1.732,152.6619,142.7269,0.9943,2.55,-3.0588,148.6206,225946000
2010-11-22,180,2010-03-10,2010-11-22,2.6903,1.6285,1.7414,165.2021,154.4922,0.9943,2.6903,0.0,170.5747,718046000
2010-11-23,180,2010-03-11,2010-11-23,2.6816,1.6375,1.7506,163.7595,153.1789,0.9943,2.6903,-0.3239,169.6982,477085000
2010-11-24,180,2010-03-12,2010-11-24,2.6967,1.6467,1.7599,163.7667,153.2271,0.9943,2.6967,0.0,171.2212,282023000
2010-11-26,180,2010-03-15,2010-11-26,2.7414,1.6563,1.7696,165.5143,154.9161,0.9943,2.7414,0.0,175.7184,212926000
2010-11-29,180,2010-03-16,2010-11-29,2.8417,1.6663,1.7799,170.5368,159.6571,1.0064,2.8417,0.0,182.3561,493878000
2010-11-30,180,2010-03-17,2010-11-30,2.9414,1.6764,1.7906,175.4569,164.2686,1.0064,2.9414,0.0,192.2639,831705000
2010-12-01,180,2010-03-18,2010-12-01,2.8591,1.6864,1.8009,169.5362,158.7639,1.0064,2.9414,-2.7975,184.0879,749868000
2010-12-02,180,2010-03-19,2010-12-02,2.7631,1.6965,1.8106,162.876,152.6068,1.0064,2.9414,-6.0612,174.5492,597828000
2010-12-03,180,2010-03-22,2010-12-03,2.6493,1.7064,1.8198,155.2578,145.5847,1.0339,2.9414,-9.932,156.2527,628698000
2010-12-06,180,2010-03-23,2010-12-06,2.7639,1.7161,1.8293,161.053,151.0861,1.0339,2.9414,-6.0369,167.3346,477771000
2010-12-07,180,2010-03-24,2010-12-07,2.7116,1.7258,1.8386,157.1165,147.4802,1.0339,2.9414,-7.8145,162.2772,493052000
2010-12-08,180,2010-03-25,2010-12-08,2.689,1.7357,1.8478,154.9192,145.5248,1.0506,2.9414,-8.5818,155.956,733439000
2010-12-09,180,2010-03-26,2010-12-09,2.7293,1.7456,1.8571,156.3525,146.9632,1.0534,2.9414,-7.2122,159.0859,473354000
2010-12-10,180,2010-03-29,2010-12-10,2.7804,1.7555,1.8667,158.3826,148.9512,1.0534,2.9414,-5.4735,163.9408,475118000
2010-12-13,180,2010-03-30,2010-12-13,2.6257,1.7653,1.8754,148.7433,140.0087,1.0534,2.9414,-10.7334,149.254,500472000
2010-12-14,180,2010-03-31,2010-12-14,2.5493,1.7747,1.8836,143.6485,135.3412,1.0534,2.9414,-13.3317,141.9988,635299000
2010-12-15,180,2010-04-01,2010-12-15,2.55,1.7845,1.8919,142.8995,134.7842,1.0714,2.9414,-13.3074,137.9999,445116000
2010-12-16,180,2010-04-05,2010-12-16,2.595,1.7942,1.9004,144.6312,136.5518,1.139,2.9414,-11.7776,127.8314,340809000
2010-12-17,180,2010-04-06,2010-12-17,2.5717,1.803,1.9083,142.6387,134.7635,1.139,2.9414,-12.5692,125.787,1034075000
2010-12-20,180,2010-04-07,2010-12-20,2.5436,1.8111,1.9158,140.4468,132.7659,1.139,2.9414,-13.526,123.3162,329959000
2010-12-21,180,2010-04-08,2010-12-21,2.6606,1.8203,1.9243,146.165,138.2629,1.169,2.9414,-9.5484,127.5938,405839000
2010-12-22,180,2010-04-09,2010-12-22,2.6479,1.8291,1.9325,144.7637,137.0172,1.1774,2.9414,-9.9806,124.8846,291774000
2010-12-23,180,2010-04-12,2010-12-23,2.6369,1.8379,1.9406,143.4737,135.8779,1.1883,2.9414,-10.3546,121.9042,210147000
2010-12-27,180,2010-04-13,2010-12-27,2.5716,1.8464,1.9483,139.2747,131.991,1.2114,2.9414,-12.5741,112.2758,261891000
2010-12-28,180,2010-04-14,2010-12-28,2.6239,1.8546,1.956,141.4807,134.143,1.2114,2.9414,-10.7965,116.5919,272153000
2010-12-29,180,2010-04-15,2010-12-29,2.5753,1.8625,1.9634,138.2736,131.1665,1.2114,2.9414,-12.4478,112.5825,193991000
2010-12-30,180,2010-04-16,2010-12-30,2.5686,1.8705,1.9708,137.3182,130.3347,1.2114,2.9414,-12.6761,112.0282,147434000
2010-12-31,180,2010-04-19,2010-12-31,2.51,1.8788,1.9779,133.5983,126.9007,1.2114,2.9414,-14.6673,107.1933,215628000
2011-01-03,180,2010-04-20,2011-01-03,2.5487,1.8873,1.9854,135.0457,128.3758,1.2426,2.9414,-13.3512,105.1162,399560000
2011-01-04,180,2010-04-21,2011-01-04,2.591,1.8956,1.9928,136.6846,130.0156,1.2426,2.9414,-11.9136,108.5193,440657000
2011-01-05,180,2010-04-22,2011-01-05,2.5676,1.9039,2.0002,134.8562,128.3658,1.3013,2.9414,-12.7101,97.3103,317996000
2011-01-06,180,2010-04-23,2011-01-06,2.5427,1.9101,2.0064,133.1198,126.7322,1.3013,2.9414,-13.5551,95.4001,319914000
2011-01-07,180,2010-04-26,2011-01-07,2.5614,1.9164,2.0127,133.6563,127.2644,1.3013,2.9414,-12.9189,96.8383,221550000
2011-01-10,180,2010-04-27,2011-01-10,2.684,1.922,2.019,139.6428,132.9365,1.3013,2.9414,-8.7518,106.2575,436744000
2011-01-11,180,2010-04-28,2011-01-11,2.6664,1.9284,2.0257,138.2682,131.6286,1.3013,2.9414,-9.3492,104.9072,325227000
2011-01-12,180,2010-04-29,2011-01-12,2.6986,1.9354,2.0328,139.4346,132.7497,1.3013,2.9414,-8.2565,107.3772,210987000
2011-01-13,180,2010-04-30,2011-01-13,2.7356,1.9419,2.0398,140.8708,134.1074,1.3013,2.9414,-6.9986,110.2206,299033000
2011-01-14,180,2010-05-03,2011-01-14,2.7354,1.9491,2.0472,140.3435,133.6192,1.3013,2.9414,-7.0034,110.2097,195755000
2011-01-18,180,2010-05-04,2011-01-18,2.7669,1.956,2.0545,141.4564,134.6756,1.3013,2.9414,-5.9349,112.6248,185808000
2011-01-19,180,2010-05-05,2011-01-19,2.7267,1.9632,2.0617,138.8925,132.2541,1.3013,2.9414,-7.2997,109.5399,217406000
2011-01-20,180,2010-05-06,2011-01-20,2.6429,1.9704,2.0686,134.1302,127.7601,1.3013,2.9414,-10.1506,103.0958,382312000
2011-01-21,180,2010-05-07,2011-01-21,2.6013,1.9777,2.0754,131.5328,125.3411,1.3013,2.9414,-11.5639,99.9012,249081000
2011-01-24,180,2010-05-10,2011-01-24,2.628,1.9861,2.0827,132.3171,126.1802,1.357,2.9414,-10.6557,93.6625,269717000
2011-01-25,180,2010-05-11,2011-01-25,2.6677,1.9937,2.0898,133.8082,127.6529,1.357,2.9414,-9.3055,96.5891,214641000
2011-01-26,180,2010-05-12,2011-01-26,2.6147,2.0008,2.0964,130.6867,124.7227,1.357,2.9414,-11.1074,92.6834,598416000
2011-01-27,180,2010-05-13,2011-01-27,3.0124,2.0078,2.1046,150.0341,143.1355,1.357,3.0124,0.0,121.9918,1290422000
2011-01-28,180,2010-05-14,2011-01-28,3.114,2.0149,2.1132,154.5476,147.3616,1.357,3.114,0.0,129.4768,628054000
2011-01-31,180,2010-05-17,2011-01-31,3.0583,2.0233,2.1222,151.1554,144.1107,1.357,3.114,-1.7891,125.3711,410641000
2011-02-01,180,2010-05-18,2011-02-01,3.0414,2.0308,2.1306,149.7656,142.7475,1.357,3.114,-2.3305,124.1289,286608000
2011-02-02,180,2010-05-19,2011-02-02,3.018,2.039,2.1393,148.0169,141.0738,1.357,3.114,-3.0829,122.4024,333585000
2011-02-03,180,2010-05-20,2011-02-03,3.0213,2.0474,2.1481,147.5658,140.6489,1.357,3.114,-2.9773,122.6445,212457000
2011-02-04,180,2010-05-21,2011-02-04,3.1439,2.0572,2.158,152.8209,145.6816,1.4003,3.1439,0.0,124.5153,442624000
2011-02-07,180,2010-05-24,2011-02-07,3.1146,2.0663,2.1674,150.7352,143.6981,1.4003,3.1439,-0.9315,122.4239,254324000
2011-02-08,180,2010-05-25,2011-02-08,3.109,2.075,2.1766,149.8314,142.8343,1.4003,3.1439,-1.1087,122.0261,173677000
2011-02-09,180,2010-05-26,2011-02-09,3.1756,2.0834,2.186,152.419,145.2714,1.4003,3.1756,0.0,126.7802,289541000
2011-02-10,180,2010-05-27,2011-02-10,3.1886,2.092,2.1954,152.4154,145.2418,1.4003,3.1886,0.0,127.7086,217567000
2011-02-11,180,2010-05-28,2011-02-11,3.301,2.1003,2.2051,157.1658,149.7016,1.4003,3.301,0.0,135.7376,462994000
2011-02-14,180,2010-06-01,2011-02-14,3.5364,2.1089,2.2159,167.6932,159.5949,1.4003,3.5364,0.0,152.5505,785239000
2011-02-15,180,2010-06-02,2011-02-15,3.4399,2.1178,2.2265,162.4226,154.498,1.4003,3.5364,-2.7308,145.6539,480739000
2011-02-16,180,2010-06-03,2011-02-16,3.396,2.1263,2.2365,159.7152,151.8411,1.4003,3.5364,-3.9709,142.5219,455553000
2011-02-17,180,2010-06-04,2011-02-17,3.3661,2.1346,2.2464,157.6962,149.848,1.4003,3.5364,-4.8152,140.3897,394492000
2011-02-18,180,2010-06-07,2011-02-18,3.3644,2.1432,2.2564,156.9796,149.1093,1.4003,3.5364,-4.8637,140.2673,321132000
2011-02-22,180,2010-06-08,2011-02-22,3.1657,2.1516,2.2653,147.1356,139.7497,1.4003,3.5364,-10.4827,126.0762,553742000
2011-02-23,180,2010-06-09,2011-02-23,3.0171,2.1594,2.2733,139.7224,132.722,1.4003,3.5364,-14.6839,115.4662,689332000
2011-02-24,180,2010-06-10,2011-02-24,3.074,2.1667,2.2812,141.8753,134.7538,1.4003,3.5364,-13.0762,119.5266,316288000
2011-02-25,180,2010-06-11,2011-02-25,3.0349,2.1735,2.2886,139.6297,132.6053,1.4003,3.5364,-14.183,116.7312,294686000
2011-02-28,180,2010-06-14,2011-02-28,2.9524,2.1799,2.2955,135.4415,128.6202,1.4003,3.5364,-16.5138,110.8447,405244000
2011-03-01,180,2010-06-15,2011-03-01,2.9233,2.1854,2.3016,133.7637,127.0088,1.4003,3.5364,-17.3379,108.7635,398391000
2011-03-02,180,2010-06-16,2011-03-02,2.9176,2.1914,2.308,133.139,126.4087,1.4003,3.5364,-17.4995,108.3554,330288000
2011-03-03,180,2010-06-17,2011-03-03,2.9053,2.1972,2.3143,132.2277,125.5367,1.4003,3.5364,-17.8469,107.478,352632000
2011-03-04,180,2010-06-18,2011-03-04,3.0103,2.2032,2.321,136.632,129.6963,1.4003,3.5364,-14.8778,114.9765,441784000
2011-03-07,180,2010-06-21,2011-03-07,2.9629,2.2091,2.3275,134.1234,127.3003,1.4003,3.5364,-16.219,111.5894,371294000
2011-03-08,180,2010-06-22,2011-03-08,2.7921,2.2153,2.3335,126.0384,119.6535,1.4003,3.5364,-21.0463,99.3981,680001000
2011-03-09,180,2010-06-23,2011-03-09,2.757,2.2218,2.3396,124.0868,117.8407,1.4003,3.5364,-22.04,96.8883,502390000
2011-03-10,180,2010-06-24,2011-03-10,2.8574,2.2286,2.3461,128.2189,121.7934,1.4003,3.5364,-19.2002,104.0604,698901000
2011-03-11,180,2010-06-25,2011-03-11,2.922,2.2359,2.3532,130.6859,124.1706,1.4003,3.5364,-17.3743,108.6717,359786000
2011-03-14,180,2010-06-28,2011-03-14,2.8743,2.2427,2.3598,128.16,121.8012,1.4003,3.5364,-18.7235,105.2642,299138000
2011-03-15,180,2010-06-29,2011-03-15,3.1016,2.2504,2.3677,137.8243,130.9943,1.4003,3.5364,-12.2965,121.4955,767368000
2011-03-16,180,2010-06-30,2011-03-16,3.0549,2.2587,2.3758,135.2488,128.5849,1.4003,3.5364,-13.6175,118.1595,595553000
2011-03-17,180,2010-07-01,2011-03-17,3.0557,2.2677,2.3841,134.7485,128.1703,1.4003,3.5364,-13.5932,118.2207,287098000
2011-03-18,180,2010-07-02,2011-03-18,2.9914,2.2764,2.392,131.4085,125.0587,1.4003,3.5364,-15.411,113.6299,383544000
2011-03-21,180,2010-07-06,2011-03-21,3.0406,2.2858,2.4004,133.0185,126.6686,1.4003,3.5364,-14.0214,117.1393,325500000
2011-03-22,180,2010-07-07,2011-03-22,3.1627,2.2956,2.4095,137.7709,131.2617,1.4003,3.5364,-10.5676,125.862,468923000
2011-03-23,180,2010-07-08,2011-03-23,3.2723,2.304,2.4182,142.0256,135.3165,1.4003,3.5364,-7.4692,133.687,578788000
2011-03-24,180,2010-07-09,2011-03-24,3.2733,2.3127,2.4271,141.5364,134.8614,1.4003,3.5364,-7.4409,133.7584,439929000
2011-03-25,180,2010-07-12,2011-03-25,3.2859,2.3214,2.4361,141.5483,134.8833,1.4003,3.5364,-7.0855,134.6561,301924000
2011-03-28,180,2010-07-13,2011-03-28,3.3903,2.3301,2.4454,145.498,138.6373,1.4003,3.5364,-4.1325,142.1138,513436000
2011-03-29,180,2010-07-14,2011-03-29,3.3911,2.3387,2.4547,144.9997,138.1502,1.4003,3.5364,-4.1083,142.175,268247000
2011-03-30,180,2010-07-15,2011-03-30,3.3993,2.3471,2.4638,144.8287,137.9692,1.4003,3.5364,-3.878,142.7566,270375000
2011-03-31,180,2010-07-16,2011-03-31,3.3969,2.3558,2.4731,144.19,137.3544,1.4003,3.5364,-3.9467,142.5831,248227000
2011-04-01,180,2010-07-19,2011-04-01,3.4584,2.3652,2.4829,146.2232,139.2911,1.4003,3.5364,-2.2056,146.9802,377664000
2011-04-04,180,2010-07-20,2011-04-04,3.496,2.3746,2.4929,147.2238,140.2403,1.4003,3.5364,-1.1432,149.6633,240219000
2011-04-05,180,2010-07-21,2011-04-05,3.489,2.3839,2.5027,146.3575,139.4099,1.4003,3.5364,-1.3412,149.1634,265692000
2011-04-06,180,2010-07-22,2011-04-06,3.4281,2.3932,2.5122,143.246,136.4576,1.4003,3.5364,-3.062,144.8173,402472000
2011-04-07,180,2010-07-23,2011-04-07,3.3423,2.4052,2.5226,138.9589,132.4942,1.4003,3.5364,-5.4898,138.686,418502000
2011-04-08,180,2010-07-26,2011-04-08,3.3551,2.4166,2.5327,138.8375,132.4739,1.4003,3.5364,-5.1262,139.6041,386015000
2011-04-11,180,2010-07-27,2011-04-11,3.2594,2.4288,2.5426,134.1992,128.1911,1.4003,3.5364,-7.8328,132.7688,313313000
2011-04-12,180,2010-07-28,2011-04-12,3.3417,2.4411,2.5529,136.8942,130.8969,1.4003,3.5364,-5.506,138.6451,404698000
2011-04-13,180,2010-07-29,2011-04-13,3.4107,2.4546,2.5639,138.954,133.0271,1.4003,3.5364,-3.5549,143.5727,304304000
2011-04-14,180,2010-07-30,2011-04-14,3.3819,2.4686,2.5749,136.9922,131.3377,1.4554,3.5364,-4.3708,132.3615,359485000
2011-04-15,180,2010-08-02,2011-04-15,3.3641,2.4818,2.5855,135.5545,130.1166,1.4554,3.5364,-4.8718,131.1444,219387000
2011-04-18,180,2010-08-03,2011-04-18,3.3333,2.4951,2.5959,133.5943,128.405,1.4916,3.5364,-5.7443,123.4748,217693000
2011-04-19,180,2010-08-04,2011-04-19,3.4507,2.5083,2.6068,137.571,132.3736,1.5447,3.5364,-2.4238,123.3885,360878000
2011-04-20,180,2010-08-05,2011-04-20,3.4919,2.521,2.6176,138.511,133.3983,1.579,3.5364,-1.2604,121.1436,295323000
2011-04-21,180,2010-08-06,2011-04-21,3.6031,2.5336,2.6289,142.2132,137.0609,1.67,3.6031,0.0,115.7571,369425000
2011-04-25,180,2010-08-09,2011-04-25,3.5953,2.5449,2.6394,141.2769,136.2137,1.67,3.6031,-0.2181,115.2866,710514000
2011-04-26,180,2010-08-10,2011-04-26,3.2701,2.5554,2.6483,127.9681,123.4792,1.7326,3.6031,-9.2419,88.7451,1106637000
2011-04-27,180,2010-08-11,2011-04-27,3.3709,2.565,2.6571,131.4162,126.8603,1.7326,3.6031,-6.4468,94.5581,564935000
2011-04-28,180,2010-08-12,2011-04-28,3.3481,2.5744,2.6657,130.0567,125.6007,1.7326,3.6031,-7.0772,93.2471,308518000
2011-04-29,180,2010-08-13,2011-04-29,3.3239,2.5827,2.6736,128.6973,124.3209,1.7326,3.6031,-7.7512,91.8454,214123000
2011-05-02,180,2010-08-16,2011-05-02,3.3884,2.5914,2.6819,130.7568,126.3425,1.7326,3.6031,-5.9591,95.5723,355502000
2011-05-03,180,2010-08-17,2011-05-03,3.3034,2.5992,2.6894,127.096,122.8314,1.7326,3.6031,-8.3181,90.6663,322000000
2011-05-04,180,2010-08-18,2011-05-04,3.2741,2.6075,2.697,125.5673,121.3978,1.7326,3.6031,-9.1309,88.976,335279000
2011-05-05,180,2010-08-19,2011-05-05,3.2901,2.6171,2.7053,125.7185,121.6166,1.7326,3.6031,-8.6869,89.8995,273000000
2011-05-06,180,2010-08-20,2011-05-06,3.2781,2.6263,2.7134,124.8215,120.8143,1.7326,3.6031,-9.0199,89.2068,221228000
2011-05-09,180,2010-08-23,2011-05-09,3.3773,2.6356,2.7218,128.1415,124.0818,1.7326,3.6031,-6.2683,94.9292,288533000
2011-05-10,180,2010-08-24,2011-05-10,3.3947,2.6455,2.7306,128.318,124.3207,1.7326,3.6031,-5.7846,95.9351,268765000
2011-05-11,180,2010-08-25,2011-05-11,3.4381,2.6567,2.7401,129.4126,125.4757,1.7586,3.6031,-4.5793,95.5078,336000000
2011-05-12,180,2010-08-26,2011-05-12,3.511,2.6677,2.7497,131.6117,127.6853,1.7586,3.6031,-2.5573,99.6507,364000000
2011-05-13,180,2010-08-27,2011-05-13,3.5217,2.6785,2.7593,131.4805,127.6303,1.7586,3.6031,-2.2599,100.26,353171000
2011-05-16,180,2010-08-30,2011-05-16,3.387,2.6889,2.7681,125.9621,122.3576,1.7586,3.6031,-5.9987,92.5996,339213000
2011-05-17,180,2010-08-31,2011-05-17,3.3849,2.6999,2.7772,125.3686,121.8823,1.7931,3.6031,-6.0582,88.7667,296562000
2011-05-18,180,2010-09-01,2011-05-18,3.4649,2.7109,2.7864,127.8137,124.3471,1.9273,3.6031,-3.8379,79.7791,309470000
2011-05-19,180,2010-09-02,2011-05-19,3.4676,2.7203,2.795,127.4698,124.0635,1.9714,3.6031,-3.7626,75.8912,237328000
2011-05-20,180,2010-09-03,2011-05-20,3.5129,2.7295,2.8036,128.7002,125.2999,1.9783,3.6031,-2.5058,77.5707,307559000
2011-05-23,180,2010-09-07,2011-05-23,3.5404,2.7388,2.8122,129.2717,125.8936,2.0066,3.6031,-1.7405,76.4418,350000000
2011-05-24,180,2010-09-08,2011-05-24,3.5371,2.7476,2.8206,128.7371,125.4023,2.0066,3.6031,-1.8317,76.278,318024000
2011-05-25,180,2010-09-09,2011-05-25,3.7067,2.7564,2.8296,134.477,130.9959,2.0066,3.7067,0.0,84.7288,556479000
2011-05-26,180,2010-09-10,2011-05-26,3.7679,2.7655,2.839,136.2449,132.7172,2.0066,3.7679,0.0,87.7759,416906000
2011-05-27,180,2010-09-13,2011-05-27,3.7787,2.7746,2.8484,136.1877,132.6607,2.0066,3.7787,0.0,88.317,196273000
2011-05-31,180,2010-09-14,2011-05-31,3.8686,2.7838,2.8582,138.9648,135.352,2.0066,3.8686,0.0,92.7951,336588000
2011-06-01,180,2010-09-15,2011-06-01,3.818,2.7932,2.8677,136.6913,133.1368,2.0066,3.8686,-1.3072,90.2749,416843000
2011-06-02,180,2010-09-16,2011-06-02,3.8814,2.8032,2.8779,138.4631,134.8687,2.0066,3.8814,0.0,93.4359,300412000
2011-06-03,180,2010-09-17,2011-06-03,3.91,2.8138,2.8885,138.9556,135.3642,2.0066,3.91,0.0,94.8598,349349000
2011-06-06,180,2010-09-20,2011-06-06,3.7513,2.8241,2.8982,132.8321,129.4352,2.0413,3.91,-4.0592,83.7707,458990000
2011-06-07,180,2010-09-21,2011-06-07,3.767,2.8341,2.9078,132.9189,129.5488,2.1029,3.91,-3.6573,79.1372,364112000
2011-06-08,180,2010-09-22,2011-06-08,3.7466,2.8434,2.9169,131.7638,128.4429,2.1333,3.91,-4.1798,75.6244,278642000
2011-06-09,180,2010-09-23,2011-06-09,3.751,2.8515,2.9253,131.5456,128.2262,2.1333,3.91,-4.0665,75.832,215915000
2011-06-10,180,2010-09-24,2011-06-10,3.6946,2.859,2.9331,129.2268,125.9617,2.1333,3.91,-5.5097,73.1869,305018000
2011-06-13,180,2010-09-27,2011-06-13,3.6746,2.8662,2.9406,128.2019,124.9586,2.1333,3.91,-6.0212,72.2493,232463000
2011-06-14,180,2010-09-28,2011-06-14,3.7304,2.8734,2.9483,129.827,126.5298,2.1333,3.91,-4.5926,74.8677,213192000
2011-06-15,180,2010-09-29,2011-06-15,3.6731,2.8808,2.9558,127.5063,124.2681,2.1333,3.91,-6.0577,72.1824,222481000
2011-06-16,180,2010-09-30,2011-06-16,3.5614,2.8867,2.9621,123.3722,120.2347,2.1333,3.91,-8.9149,66.9457,393736000
2011-06-17,180,2010-10-01,2011-06-17,3.5096,2.8935,2.9687,121.2897,118.2194,2.1333,3.91,-10.2412,64.5148,285544000
2011-06-20,180,2010-10-04,2011-06-20,3.509,2.9014,2.9759,120.9432,117.9134,2.1333,3.91,-10.2558,64.488,196490000
2011-06-21,180,2010-10-05,2011-06-21,3.6236,2.9094,2.9836,124.5466,121.4484,2.1333,3.91,-7.3255,69.8587,216139000
2011-06-22,180,2010-10-06,2011-06-22,3.5523,2.9173,2.991,121.7673,118.7669,2.1333,3.91,-9.1487,66.5171,218764000
2011-06-23,180,2010-10-07,2011-06-23,3.6531,2.9264,2.9993,124.8347,121.7982,2.1333,3.91,-6.5692,71.2449,367458000
2011-06-24,180,2010-10-08,2011-06-24,3.6709,2.9354,3.0077,125.0529,122.048,2.1333,3.91,-6.1162,72.0752,340634000
2011-06-27,180,2010-10-11,2011-06-27,3.716,2.945,3.0165,126.1806,123.1897,2.1333,3.91,-4.9616,74.1914,231602000
2011-06-28,180,2010-10-12,2011-06-28,3.787,2.9542,3.0253,128.1888,125.1766,2.1333,3.91,-3.1458,77.5196,164906000
2011-06-29,180,2010-10-13,2011-06-29,3.7849,2.9633,3.034,127.7246,124.7472,2.1333,3.91,-3.2006,77.4191,182399000
2011-06-30,180,2010-10-14,2011-06-30,3.7527,2.9724,3.0426,126.2515,123.3391,2.1333,3.91,-4.0227,75.9124,179669000
2011-07-01,180,2010-10-15,2011-07-01,3.8284,2.9821,3.0517,128.3798,125.4506,2.1333,3.91,-2.0862,79.4616,279405000
2011-07-05,180,2010-10-18,2011-07-05,4.1376,2.9924,3.0624,138.2686,135.1101,2.1333,4.1376,0.0,93.9529,629041000
2011-07-06,180,2010-10-19,2011-07-06,4.1566,3.0032,3.0733,138.4026,135.247,2.1333,4.1566,0.0,94.8436,325878000
2011-07-07,180,2010-10-20,2011-07-07,4.1774,3.0148,3.0847,138.5648,135.4252,2.1879,4.1774,0.0,90.937,267701000
2011-07-08,180,2010-10-21,2011-07-08,4.2163,3.0259,3.0959,139.3386,136.1874,2.3629,4.2163,0.0,78.4402,207382000
2011-07-11,180,2010-10-22,2011-07-11,4.1534,3.0343,3.1053,136.8815,133.7523,2.3629,4.2163,-1.4908,75.78,369173000
2011-07-12,180,2010-10-25,2011-07-12,4.161,3.0434,3.1151,136.724,133.5756,2.3629,4.2163,-1.3112,76.1004,363398000
2011-07-13,180,2010-10-26,2011-07-13,4.2676,3.0529,3.1256,139.7866,136.538,2.3629,4.2676,0.0,80.6106,492450000
2011-07-14,180,2010-10-27,2011-07-14,4.0946,3.0607,3.1342,133.7789,130.6414,2.3629,4.2676,-4.0538,73.289,408814000
2011-07-15,180,2010-10-28,2011-07-15,4.099,3.0684,3.1428,133.5862,130.4246,2.3629,4.2676,-3.95,73.4764,284592000
2011-07-18,180,2010-10-29,2011-07-18,3.9857,3.0762,3.151,129.5676,126.49,2.3629,4.2676,-6.6046,68.682,288442000
2011-07-19,180,2010-11-01,2011-07-19,4.1041,3.0846,3.16,133.0534,129.8764,2.3629,4.2676,-3.8295,73.6941,191492000
2011-07-20,180,2010-11-02,2011-07-20,4.02,3.0936,3.1691,129.9471,126.8504,2.3629,4.2676,-5.8012,70.133,199143000
2011-07-21,180,2010-11-03,2011-07-21,3.9401,3.1018,3.1774,127.0284,124.007,2.3629,4.2676,-7.6725,66.7533,226688000
2011-07-22,180,2010-11-04,2011-07-22,3.9511,3.1101,3.1857,127.0424,124.0275,2.3629,4.2676,-7.4147,67.2189,237398000
2011-07-25,180,2010-11-05,2011-07-25,4.0219,3.1192,3.1947,128.9397,125.8906,2.3629,4.2676,-5.7577,70.2116,527086000
2011-07-26,180,2010-11-08,2011-07-26,3.813,3.1275,3.2026,121.9172,119.0608,2.3629,4.2676,-10.6518,61.3724,970179000
2011-07-27,180,2010-11-09,2011-07-27,3.8489,3.1359,3.2105,122.7343,119.8825,2.3629,4.2676,-9.8115,62.89,382291000
2011-07-28,180,2010-11-10,2011-07-28,3.8089,3.144,3.2182,121.1453,118.3552,2.3629,4.2676,-10.7488,61.1971,283192000
2011-07-29,180,2010-11-11,2011-07-29,3.7999,3.1513,3.2252,120.5791,117.8166,2.3629,4.2676,-10.9597,60.8162,233520000
2011-08-01,180,2010-11-12,2011-08-01,3.7626,3.1587,3.2322,119.1161,116.4078,2.3629,4.2676,-11.8334,59.2382,258867000
2011-08-02,180,2010-11-15,2011-08-02,3.6743,3.1661,3.2389,116.0507,113.4418,2.3629,4.2676,-13.9022,55.5018,233562000
2011-08-03,180,2010-11-16,2011-08-03,3.7143,3.1743,3.2462,117.0114,114.4197,2.3629,4.2676,-12.9649,57.1947,249172000
2011-08-04,180,2010-11-17,2011-08-04,3.511,3.1821,3.2526,110.3373,107.9453,2.3811,4.2676,-17.7284,47.4502,332143000
2011-08-05,180,2010-11-18,2011-08-05,3.4444,3.1894,3.2585,107.9972,105.7066,2.4047,4.2676,-19.2883,43.2365,378595000
2011-08-08,180,2010-11-19,2011-08-08,3.2377,3.1954,3.2631,101.3234,99.2218,2.472,4.2676,-24.1322,30.9755,372918000
2011-08-09,180,2010-11-22,2011-08-09,3.3971,3.2017,3.2682,106.1047,103.9439,2.51,4.2676,-20.3963,35.3443,369474000
2011-08-10,180,2010-11-23,2011-08-10,3.3203,3.2057,3.2717,103.5741,101.4836,2.51,4.2676,-22.1973,32.2823,220717000
2011-08-11,180,2010-11-24,2011-08-11,3.4733,3.2106,3.2761,108.1828,106.0175,2.51,4.2676,-18.6121,38.3779,215649000
2011-08-12,180,2010-11-26,2011-08-12,3.4857,3.2154,3.2805,108.4074,106.2546,2.51,4.2676,-18.3209,38.8731,180460000
2011-08-15,180,2010-11-29,2011-08-15,3.5183,3.22,3.2848,109.2629,107.1066,2.51,4.2676,-17.5576,40.1708,231910000
2011-08-16,180,2010-11-30,2011-08-16,3.4149,3.2234,3.288,105.9388,103.8573,2.51,4.2676,-19.9812,36.0501,184471000
2011-08-17,180,2010-12-01,2011-08-17,3.3177,3.2257,3.2901,102.8541,100.8387,2.51,4.2676,-22.2576,32.1798,257971000
2011-08-18,180,2010-12-02,2011-08-18,3.1069,3.2273,3.2915,96.2691,94.3904,2.51,4.2676,-27.1985,23.7792,349839000
2011-08-19,180,2010-12-03,2011-08-19,2.9316,3.2285,3.2924,90.8038,89.0397,2.51,4.2676,-31.3059,16.7957,328706000
2011-08-22,180,2010-12-06,2011-08-22,2.9316,3.2306,3.294,90.7446,88.9973,2.51,4.2676,-31.3059,16.7957,335510000
2011-08-23,180,2010-12-07,2011-08-23,3.1363,3.2331,3.2961,97.0066,95.1523,2.51,4.2676,-26.5089,24.9516,294714000
2011-08-24,180,2010-12-08,2011-08-24,3.0861,3.2357,3.2981,95.3789,93.572,2.51,4.2676,-27.6839,22.9539,308497000
2011-08-25,180,2010-12-09,2011-08-25,3.0833,3.2384,3.3003,95.2091,93.4233,2.51,4.2676,-27.7508,22.8401,260505000
2011-08-26,180,2010-12-10,2011-08-26,3.1699,3.2414,3.3028,97.7927,95.9752,2.51,4.2676,-25.7222,26.2891,256165000
2011-08-29,180,2010-12-13,2011-08-29,3.2149,3.2442,3.3052,99.0942,97.2666,2.51,4.2676,-24.6678,28.082,195160000
2011-08-30,180,2010-12-14,2011-08-30,3.3754,3.2492,3.3094,103.885,101.9962,2.51,4.2676,-20.9051,34.4792,314888000
2011-08-31,180,2010-12-15,2011-08-31,3.3573,3.2547,3.3139,103.1505,101.3106,2.51,4.2676,-21.3303,33.7564,275954000
2011-09-01,180,2010-12-16,2011-09-01,3.3324,3.2602,3.3182,102.2163,100.4288,2.51,4.2676,-21.9127,32.7661,210854000
2011-09-02,180,2010-12-17,2011-09-02,3.0444,3.2635,3.3207,93.2862,91.6804,2.51,4.2676,-28.6613,21.292,556241000
2011-09-06,180,2010-12-20,2011-09-06,3.1253,3.2676,3.3238,95.6442,94.0282,2.51,4.2676,-26.7666,24.5134,281568000
2011-09-07,180,2010-12-21,2011-09-07,3.0857,3.2717,3.3268,94.3148,92.7536,2.51,4.2676,-27.6939,22.9368,296975000
2011-09-08,180,2010-12-22,2011-09-08,3.0171,3.2744,3.3288,92.1444,90.6385,2.51,4.2676,-29.3007,20.2049,275625000
2011-09-09,180,2010-12-23,2011-09-09,2.9139,3.2764,3.3302,88.9342,87.4968,2.51,4.2676,-31.7209,16.0899,318794000
2011-09-12,180,2010-12-27,2011-09-12,3.0007,3.2792,3.3323,91.5086,90.0503,2.51,4.2676,-29.6857,19.5504,318990000
2011-09-13,180,2010-12-28,2011-09-13,2.9821,3.2824,3.3345,90.8535,89.4317,2.51,4.2676,-30.1208,18.8105,219835000
2011-09-14,180,2010-12-29,2011-09-14,2.9816,3.2851,3.3365,90.7604,89.3613,2.51,4.2676,-30.1342,18.7877,182686000
2011-09-15,180,2010-12-30,2011-09-15,2.4179,3.2836,3.3357,73.6346,72.4851,2.4179,4.2676,-43.3435,0.0,1487444000
2011-09-16,180,2010-12-31,2011-09-16,2.217,3.2799,3.3337,67.5937,66.5026,2.217,4.2676,-48.0501,0.0,1249318000
2011-09-19,180,2011-01-03,2011-09-19,2.0536,3.2746,3.3312,62.7119,61.6471,2.0536,4.2676,-51.8796,0.0,1398054000
2011-09-20,180,2011-01-04,2011-09-20,1.8576,3.2659,3.3273,56.8771,55.8277,1.8576,4.2676,-56.4724,0.0,2243430000
2011-09-21,180,2011-01-05,2011-09-21,1.8357,3.2566,3.3231,56.3698,55.2404,1.8357,4.2676,-56.9846,0.0,1584639000
2011-09-22,180,2011-01-06,2011-09-22,1.8361,3.2474,3.3191,56.5413,55.321,1.8357,4.2676,-56.9745,0.0234,1151010000
2011-09-23,180,2011-01-07,2011-09-23,1.848,3.2388,3.3152,57.0582,55.743,1.8357,4.2676,-56.6967,0.6693,744653000
2011-09-26,180,2011-01-10,2011-09-26,1.8889,3.2307,3.3115,58.4655,57.0397,1.8357,4.2676,-55.7393,2.8949,809725000
2011-09-27,180,2011-01-11,2011-09-27,1.8213,3.2205,3.3067,56.5526,55.0789,1.8213,4.2676,-57.3227,0.0,777756000
2011-09-28,180,2011-01-12,2011-09-28,1.8163,3.2104,3.302,56.5745,55.0063,1.8163,4.2676,-57.4398,0.0,560252000
2011-09-29,180,2011-01-13,2011-09-29,1.617,3.1963,3.296,50.5897,49.0602,1.617,4.2676,-62.1096,0.0,1359218000
2011-09-30,180,2011-01-14,2011-09-30,1.6181,3.182,3.2897,50.8524,49.1875,1.617,4.2676,-62.0828,0.0707,768817000
2011-10-03,180,2011-01-18,2011-10-03,1.6179,3.1679,3.2835,51.0704,49.2718,1.617,4.2676,-62.0895,0.053,591465000
2011-10-04,180,2011-01-19,2011-10-04,1.6414,3.1541,3.2773,52.0404,50.0851,1.617,4.2676,-61.5372,1.5108,505120000
2011-10-05,180,2011-01-20,2011-10-05,1.7109,3.1422,3.2716,54.4486,52.2936,1.617,4.2676,-59.9103,5.8044,524188000
2011-10-06,180,2011-01-21,2011-10-06,1.7606,3.1318,3.2667,56.2162,53.8939,1.617,4.2676,-58.7454,8.8788,404971000
2011-10-07,180,2011-01-24,2011-10-07,1.6744,3.1202,3.2616,53.6636,51.3379,1.617,4.2676,-60.7639,3.5516,403935000
2011-10-10,180,2011-01-25,2011-10-10,1.5946,3.107,3.2558,51.3227,48.9756,1.5946,4.2676,-62.6352,0.0,1517446000
2011-10-11,180,2011-01-26,2011-10-11,1.5523,3.0926,3.2496,50.194,47.7678,1.5523,4.2676,-63.626,0.0,1410773000
2011-10-12,180,2011-01-27,2011-10-12,1.6231,3.0802,3.2441,52.6959,50.0331,1.5523,4.2676,-61.9656,4.5647,721882000
2011-10-13,180,2011-01-28,2011-10-13,1.6716,3.0662,3.2367,54.5154,51.6444,1.5523,4.2676,-60.8309,7.6845,691152000
2011-10-14,180,2011-01-31,2011-10-14,1.6577,3.0516,3.2286,54.3233,51.3447,1.5523,4.2676,-61.1556,6.7918,493192000
2011-10-17,180,2011-02-01,2011-10-17,1.6761,3.0377,3.2209,55.1783,52.0392,1.5523,4.2676,-60.7237,7.979,393470000
2011-10-18,180,2011-02-02,2011-10-18,1.5963,3.0225,3.2129,52.8134,49.6837,1.5523,4.2676,-62.595,2.8345,420161000
2011-10-19,180,2011-02-03,2011-10-19,1.5631,3.0069,3.2048,51.9846,48.7749,1.5523,4.2676,-63.3716,0.6994,604569000
2011-10-20,180,2011-02-04,2011-10-20,1.5926,2.9921,3.1969,53.226,49.8165,1.5523,4.2676,-62.682,2.5952,255780000
2011-10-21,180,2011-02-07,2011-10-21,1.672,2.9782,3.1887,56.1408,52.4352,1.5523,4.2676,-60.8208,7.7121,439236000
2011-10-24,180,2011-02-08,2011-10-24,1.6977,2.9651,3.1808,57.2569,53.3734,1.5523,4.2676,-60.2183,9.3686,1204602000
2011-10-25,180,2011-02-09,2011-10-25,1.1053,2.9369,3.1697,37.6348,34.8704,1.1053,4.2676,-74.1003,0.0,3155418000
2011-10-26,180,2011-02-10,2011-10-26,1.1343,2.91,3.1584,38.9793,35.9138,1.1053,4.2676,-73.4208,2.6238,1487339000
2011-10-27,180,2011-02-11,2011-10-27,1.1551,2.8842,3.1471,40.0504,36.7055,1.1053,4.2676,-72.9321,4.5108,711900000
2011-10-28,180,2011-02-14,2011-10-28,1.202,2.86,3.1354,42.0282,38.3365,1.1053,4.2676,-71.8341,8.7501,577696000
2011-10-31,180,2011-02-15,2011-10-31,1.1726,2.8343,3.1223,41.3706,37.5552,1.1053,4.2676,-72.5237,6.0876,396536000
2011-11-01,180,2011-02-16,2011-11-01,1.1441,2.8085,3.1095,40.7384,36.795,1.1053,4.2676,-73.1898,3.5156,330162000
2011-11-02,180,2011-02-17,2011-11-02,1.1913,2.7848,3.0973,42.7776,38.4626,1.1053,4.2676,-72.0852,7.7808,413840000
2011-11-03,180,2011-02-18,2011-11-03,1.3184,2.7651,3.0859,47.6811,42.7245,1.1053,4.2676,-69.1059,19.284,946855000
2011-11-04,180,2011-02-22,2011-11-04,1.286,2.7448,3.0743,46.8515,41.8302,1.1053,4.2676,-69.8658,16.35,844837000
2011-11-07,180,2011-02-23,2011-11-07,1.2976,2.7259,3.064,47.6009,42.3495,1.1053,4.2676,-69.5946,17.3969,474852000
2011-11-08,180,2011-02-24,2011-11-08,1.2924,2.7078,3.0544,47.7299,42.314,1.1053,4.2676,-69.7151,16.9316,319060000
2011-11-09,180,2011-02-25,2011-11-09,1.2579,2.6888,3.0443,46.7813,41.3186,1.1053,4.2676,-70.5252,13.8038,287560000
2011-11-10,180,2011-02-28,2011-11-10,1.216,2.6691,3.0342,45.5576,40.0767,1.1053,4.2676,-71.506,10.0168,396144000
2011-11-11,180,2011-03-01,2011-11-11,1.2536,2.6511,3.0247,47.2849,41.4439,1.1053,4.2676,-70.6257,13.416,381402000
2011-11-14,180,2011-03-02,2011-11-14,1.2246,2.6327,3.0153,46.5138,40.6118,1.1053,4.2676,-71.3052,10.7922,218113000
2011-11-15,180,2011-03-03,2011-11-15,1.2326,2.6148,3.0059,47.1385,41.0044,1.1053,4.2676,-71.1177,11.516,213724000
2011-11-16,180,2011-03-04,2011-11-16,1.1597,2.5953,2.9962,44.686,38.7055,1.1053,4.2676,-72.825,4.9243,345604000
2011-11-17,180,2011-03-07,2011-11-17,1.0923,2.5736,2.9856,42.4418,36.5852,1.0923,4.2676,-74.405,0.0,528234000
2011-11-18,180,2011-03-08,2011-11-18,1.1151,2.5532,2.9753,43.6764,37.4797,1.0923,4.2676,-73.8694,2.0926,347291000
2011-11-21,180,2011-03-09,2011-11-21,1.0639,2.5323,2.9657,42.0116,35.8717,1.0639,4.2676,-75.0711,0.0,444080000
2011-11-22,180,2011-03-10,2011-11-22,1.0064,2.51,2.956,40.0965,34.047,1.0064,4.2676,-76.4168,0.0,1066968000
2011-11-23,180,2011-03-11,2011-11-23,0.9786,2.4867,2.9456,39.3519,33.2219,0.9786,4.2676,-77.0696,0.0,446264000
2011-11-25,180,2011-03-14,2011-11-25,0.9123,2.4611,2.9344,37.0685,31.0894,0.9123,4.2676,-78.6228,0.0,380450000
2011-11-28,180,2011-03-15,2011-11-28,0.9993,2.4393,2.924,40.9659,34.1755,0.9123,4.2676,-76.5842,9.5365,565033000
2011-11-29,180,2011-03-16,2011-11-29,0.9653,2.4159,2.9121,39.9547,33.1473,0.9123,4.2676,-77.3809,5.8096,500815000
2011-11-30,180,2011-03-17,2011-11-30,0.9219,2.3916,2.9003,38.545,31.7853,0.9123,4.2676,-78.3986,1.0491,1083327000
2011-12-01,180,2011-03-18,2011-12-01,0.9596,2.3691,2.8886,40.503,33.219,0.9123,4.2676,-77.5148,5.1831,524027000
2011-12-02,180,2011-03-21,2011-12-02,0.9481,2.3469,2.8773,40.4001,32.9529,0.9123,4.2676,-77.7826,3.9305,397103000
2011-12-05,180,2011-03-22,2011-12-05,1.0017,2.3266,2.8659,43.0553,34.9524,0.9123,4.2676,-76.5273,9.8026,678720000
2011-12-06,180,2011-03-23,2011-12-06,0.9734,2.3054,2.8538,42.2242,34.1102,0.9123,4.2676,-77.1901,6.7022,594706000
2011-12-07,180,2011-03-24,2011-12-07,1.028,2.2859,2.8413,44.9723,36.1805,0.9123,4.2676,-75.9114,12.684,590464000
2011-12-08,180,2011-03-25,2011-12-08,0.9917,2.2656,2.8286,43.7721,35.0598,0.9123,4.2676,-76.7616,8.7065,462161000
2011-12-09,180,2011-03-28,2011-12-09,1.0127,2.2463,2.816,45.0833,35.9628,0.9123,4.2676,-76.2695,11.0084,329091000
2011-12-12,180,2011-03-29,2011-12-12,1.0751,2.2287,2.8031,48.2419,38.3549,0.9123,4.2676,-74.8067,17.8515,934003000
2011-12-13,180,2011-03-30,2011-12-13,1.0301,2.2102,2.79,46.6095,36.9224,0.9123,4.2676,-75.8611,12.9189,726215000
2011-12-14,180,2011-03-31,2011-12-14,1.0149,2.1916,2.7768,46.3076,36.548,0.9123,4.2676,-76.2193,11.2433,371840000
2011-12-15,180,2011-04-01,2011-12-15,0.996,2.1728,2.7634,45.8398,36.042,0.9123,4.2676,-76.6612,9.1763,262472000
2011-12-16,180,2011-04-04,2011-12-16,0.9974,2.1542,2.7498,46.3009,36.2732,0.9123,4.2676,-76.6277,9.3329,325605000
2011-12-19,180,2011-04-05,2011-12-19,0.9593,2.1349,2.7357,44.9334,35.0658,0.9123,4.2676,-77.5215,5.1519,242004000
2011-12-20,180,2011-04-06,2011-12-20,1.02,2.1175,2.722,48.1704,37.473,0.9123,4.2676,-76.0988,11.807,308805000
2011-12-21,180,2011-04-07,2011-12-21,1.0139,2.1003,2.7085,48.2716,37.4318,0.9123,4.2676,-76.2428,11.1337,253869000
2011-12-22,180,2011-04-08,2011-12-22,1.0549,2.0845,2.6958,50.6039,39.1291,0.9123,4.2676,-75.282,15.6279,258608000
2011-12-23,180,2011-04-11,2011-12-23,1.0374,2.0686,2.683,50.1516,38.6673,0.9123,4.2676,-75.6904,13.7175,225561000
2011-12-27,180,2011-04-12,2011-12-27,1.0086,2.0524,2.6705,49.1402,37.7677,0.9123,4.2676,-76.3666,10.5543,219408000
2011-12-28,180,2011-04-13,2011-12-28,0.9886,2.0359,2.6574,48.5569,37.2009,0.9123,4.2676,-76.8353,8.362,235970000
2011-12-29,180,2011-04-14,2011-12-29,0.99,2.0195,2.6439,49.0214,37.4442,0.9123,4.2676,-76.8018,8.5186,261632000
2011-12-30,180,2011-04-15,2011-12-30,0.9899,2.0035,2.6306,49.4073,37.6279,0.9123,4.2676,-76.8051,8.5029,218092000
2012-01-03,180,2011-04-18,2012-01-03,1.032,1.9886,2.6177,51.8959,39.4241,0.9123,4.2676,-75.8176,13.1224,292138000
2012-01-04,180,2011-04-19,2012-01-04,1.1493,1.9761,2.6056,58.1579,44.109,0.9123,4.2676,-73.0693,25.9787,1004899000
2012-01-05,180,2011-04-20,2012-01-05,1.1329,1.9634,2.5927,57.6997,43.6944,0.9123,4.2676,-73.4543,24.1778,865529000
2012-01-06,180,2011-04-21,2012-01-06,1.2327,1.9522,2.5801,63.1451,47.7772,0.9123,4.2676,-71.1144,35.1236,1256108000
2012-01-09,180,2011-04-25,2012-01-09,1.4026,1.943,2.5679,72.1852,54.6193,0.9123,4.2676,-67.1342,53.7425,2140733000
2012-01-10,180,2011-04-26,2012-01-10,1.369,1.9336,2.5555,70.8015,53.57,0.9123,4.2676,-67.9209,50.0626,1463350000
2012-01-11,180,2011-04-27,2012-01-11,1.3164,1.9242,2.5447,68.4145,51.7326,0.9123,4.2676,-69.1527,44.3,871486000
2012-01-12,180,2011-04-28,2012-01-12,1.3164,1.9147,2.5333,68.7531,51.9656,0.9123,4.2676,-69.1527,44.3,612430000
2012-01-13,180,2011-04-29,2012-01-13,1.3483,1.9057,2.5222,70.7487,53.4576,0.9123,4.2676,-68.4062,47.792,888391000
2012-01-17,180,2011-05-02,2012-01-17,1.3531,1.8969,2.5112,71.333,53.8841,0.9123,4.2676,-68.2924,48.3244,588322000
2012-01-18,180,2011-05-03,2012-01-18,1.4077,1.8887,2.5002,74.5345,56.3039,0.9123,4.2676,-67.0137,54.3062,660912000
2012-01-19,180,2011-05-04,2012-01-19,1.478,1.8813,2.4901,78.563,59.3559,0.9123,4.2676,-65.3667,62.0106,787899000
2012-01-20,180,2011-05-05,2012-01-20,1.432,1.8736,2.4798,76.4304,57.7459,0.9123,4.2676,-66.4446,56.9683,538608000
2012-01-23,180,2011-05-06,2012-01-23,1.3423,1.865,2.469,71.971,54.3654,0.9123,4.2676,-68.5468,47.1343,610869000
2012-01-24,180,2011-05-09,2012-01-24,1.3239,1.8564,2.4582,71.3141,53.8558,0.9123,4.2676,-68.9787,45.1143,419293000
2012-01-25,180,2011-05-10,2012-01-25,1.3577,1.848,2.4469,73.4701,55.4864,0.9123,4.2676,-68.1853,48.8255,779534000
2012-01-26,180,2011-05-11,2012-01-26,1.6573,1.8421,2.4373,89.9652,67.9974,0.9123,4.2676,-61.1656,81.663,1589441000
2012-01-27,180,2011-05-12,2012-01-27,1.7684,1.837,2.428,96.2684,72.8347,0.9123,4.2676,-58.5612,93.8459,1022287000
2012-01-30,180,2011-05-13,2012-01-30,1.7919,1.8319,2.4185,97.8158,74.0911,0.9123,4.2676,-58.0123,96.414,1058260000
2012-01-31,180,2011-05-16,2012-01-31,1.7171,1.8263,2.4084,94.0219,71.2973,0.9123,4.2676,-59.763,88.2242,842737000
2012-02-01,180,2011-05-17,2012-02-01,1.7567,1.8213,2.3994,96.456,73.2156,0.9123,4.2676,-58.8357,92.5618,523068000
2012-02-02,180,2011-05-18,2012-02-02,1.7714,1.8163,2.3904,97.5288,74.1058,0.9123,4.2676,-58.4909,94.1747,411264000
2012-02-03,180,2011-05-19,2012-02-03,1.8061,1.8115,2.3812,99.7059,75.8504,0.9123,4.2676,-57.6775,97.9799,467880000
2012-02-06,180,2011-05-20,2012-02-06,1.8464,1.8069,2.3722,102.1896,77.8366,0.9123,4.2676,-56.7335,102.3958,816172000
2012-02-07,180,2011-05-23,2012-02-07,1.8269,1.8021,2.3628,101.3731,77.3169,0.9123,4.2676,-57.1921,100.2505,814352000
2012-02-08,180,2011-05-24,2012-02-08,1.7714,1.797,2.353,98.5749,75.2842,0.9123,4.2676,-58.4909,94.1747,510125000
2012-02-09,180,2011-05-25,2012-02-09,1.7834,1.7921,2.3432,99.5181,76.1093,0.9123,4.2676,-58.2097,95.4901,405146000
2012-02-10,180,2011-05-26,2012-02-10,1.7704,1.7868,2.3325,99.0829,75.9029,0.9123,4.2676,-58.5144,94.0651,339010000
2012-02-13,180,2011-05-27,2012-02-13,1.69,1.781,2.3209,94.888,72.8151,0.9123,4.2676,-60.399,85.2489,525504000
2012-02-14,180,2011-05-31,2012-02-14,1.7581,1.7757,2.3097,99.0111,76.1193,0.9123,4.2676,-58.8023,92.7184,524076000
2012-02-15,180,2011-06-01,2012-02-15,1.7437,1.7702,2.2979,98.5037,75.8824,0.9123,4.2676,-59.1404,91.1368,371266000
2012-02-16,180,2011-06-02,2012-02-16,1.7416,1.7648,2.2864,98.6848,76.1715,0.9123,4.2676,-59.1906,90.9019,405755000
2012-02-17,180,2011-06-03,2012-02-17,1.7407,1.7593,2.2745,98.9426,76.5321,0.9123,4.2676,-59.2107,90.8079,259343000
2012-02-21,180,2011-06-06,2012-02-21,1.6771,1.7535,2.2621,95.6465,74.1415,0.9123,4.2676,-60.7003,83.8396,804909000
2012-02-22,180,2011-06-07,2012-02-22,1.6057,1.7474,2.2502,91.8907,71.3599,0.9123,4.2676,-62.3741,76.0099,931917000
2012-02-23,180,2011-06-08,2012-02-23,1.6141,1.7414,2.2382,92.6905,72.1178,0.9123,4.2676,-62.1765,76.9339,397621000
2012-02-24,180,2011-06-09,2012-02-24,1.5953,1.7354,2.2263,91.9267,71.6579,0.9123,4.2676,-62.6184,74.8669,270893000
2012-02-27,180,2011-06-10,2012-02-27,1.563,1.7292,2.2141,90.3903,70.5931,0.9123,4.2676,-63.375,71.3279,450779000
2012-02-28,180,2011-06-13,2012-02-28,1.6189,1.7234,2.2026,93.9327,73.4987,0.9123,4.2676,-62.0661,77.4506,421967000
2012-02-29,180,2011-06-14,2012-02-29,1.5819,1.7175,2.1909,92.1022,72.2,0.9123,4.2676,-62.9331,73.3949,375690000
2012-03-01,180,2011-06-15,2012-03-01,1.6107,1.7117,2.1792,94.0981,73.9144,0.9123,4.2676,-62.2569,76.558,368760000
2012-03-02,180,2011-06-16,2012-03-02,1.6443,1.7063,2.1679,96.3662,75.8473,0.9123,4.2676,-61.4702,80.238,406532000
2012-03-05,180,2011-06-17,2012-03-05,1.583,1.7006,2.1569,93.0831,73.3924,0.9123,4.2676,-62.9063,73.5201,276052000
2012-03-06,180,2011-06-20,2012-03-06,1.5304,1.6947,2.1459,90.3051,71.3186,0.9123,4.2676,-64.1382,67.7576,322217000
2012-03-07,180,2011-06-21,2012-03-07,1.5027,1.6887,2.1348,88.9874,70.3927,0.9123,4.2676,-64.7876,64.7196,767970000
2012-03-08,180,2011-06-22,2012-03-08,1.5439,1.6828,2.1232,91.7426,72.7136,0.9123,4.2676,-63.8235,69.2295,457527000
2012-03-09,180,2011-06-23,2012-03-09,1.559,1.6772,2.1121,92.9542,73.8117,0.9123,4.2676,-63.4687,70.8894,371672000
2012-03-12,180,2011-06-24,2012-03-12,1.5171,1.6712,2.1003,90.7834,72.2358,0.9123,4.2676,-64.4495,66.3012,345597000
2012-03-13,180,2011-06-27,2012-03-13,1.5193,1.6652,2.0883,91.2372,72.7519,0.9123,4.2676,-64.3993,66.5362,307398000
2012-03-14,180,2011-06-28,2012-03-14,1.5036,1.6591,2.076,90.6243,72.4257,0.9123,4.2676,-64.7675,64.8136,362082000
2012-03-15,180,2011-06-29,2012-03-15,1.5739,1.6535,2.0637,95.1853,76.263,0.9123,4.2676,-63.1205,72.5179,408800000
2012-03-16,180,2011-06-30,2012-03-16,1.5709,1.6478,2.0514,95.3288,76.574,0.9123,4.2676,-63.1908,72.1891,371987000
2012-03-19,180,2011-07-01,2012-03-19,1.6333,1.6426,2.0396,99.4311,80.0768,0.9123,4.2676,-61.728,79.0322,370951000
2012-03-20,180,2011-07-05,2012-03-20,1.6431,1.6374,2.0275,100.3483,81.0425,0.9123,4.2676,-61.497,80.1127,315077000
2012-03-21,180,2011-07-06,2012-03-21,1.7157,1.6324,2.0141,105.1055,85.1871,0.9123,4.2676,-59.7965,88.0676,473214000
2012-03-22,180,2011-07-07,2012-03-22,1.6961,1.6272,2.0004,104.2354,84.7908,0.9123,4.2676,-60.2551,85.9223,427546000
2012-03-23,180,2011-07-08,2012-03-23,1.717,1.6222,1.9867,105.8444,86.424,0.9123,4.2676,-59.7663,88.2085,377342000
2012-03-26,180,2011-07-11,2012-03-26,1.7427,1.6173,1.973,107.7554,88.3293,0.9123,4.2676,-59.1638,91.0272,324282000
2012-03-27,180,2011-07-12,2012-03-27,1.7239,1.6124,1.9595,106.9144,87.9754,0.9123,4.2676,-59.6057,88.9602,243824000
2012-03-28,180,2011-07-13,2012-03-28,1.6973,1.6073,1.9458,105.5954,87.2287,0.9123,4.2676,-60.2283,86.0476,228746000
2012-03-29,180,2011-07-14,2012-03-29,1.6436,1.602,1.9312,102.5952,85.1057,0.9123,4.1041,-59.9534,80.1596,326326000
2012-03-30,180,2011-07-15,2012-03-30,1.6434,1.5968,1.9176,102.9189,85.7027,0.9123,4.1041,-59.9568,80.1441,292705000
2012-04-02,180,2011-07-18,2012-04-02,1.6281,1.5916,1.9039,102.2965,85.5177,0.9123,4.1041,-60.3293,78.4685,266455000
2012-04-03,180,2011-07-19,2012-04-03,1.6137,1.5864,1.8907,101.7206,85.3506,0.9123,4.1041,-60.6809,76.8869,460047000
2012-04-04,180,2011-07-20,2012-04-04,1.5751,1.581,1.8766,99.6316,83.9343,0.9123,4.0219,-60.8354,72.6589,207662000
2012-04-05,180,2011-07-21,2012-04-05,1.5786,1.5756,1.8631,100.1858,84.7293,0.9123,4.0219,-60.7502,73.0347,227633000
2012-04-09,180,2011-07-22,2012-04-09,1.524,1.5701,1.8497,97.0631,82.3939,0.9123,4.0219,-62.1071,67.0529,226373000
2012-04-10,180,2011-07-25,2012-04-10,1.456,1.5642,1.8358,93.083,79.3119,0.9123,4.0219,-63.7978,59.5991,351050000
2012-04-11,180,2011-07-26,2012-04-11,1.4259,1.5581,1.8214,91.5145,78.2849,0.9123,3.8489,-62.9538,56.295,523208000
2012-04-12,180,2011-07-27,2012-04-12,1.4894,1.5526,1.8085,95.9333,82.359,0.9123,3.8489,-61.302,63.2634,338450000
2012-04-13,180,2011-07-28,2012-04-13,1.4881,1.5471,1.7953,96.1912,82.889,0.9123,3.8089,-60.9294,63.1224,276955000
2012-04-16,180,2011-07-29,2012-04-16,1.445,1.5414,1.7822,93.7473,81.079,0.9123,3.7999,-61.9723,58.3933,267274000
2012-04-17,180,2011-08-01,2012-04-17,1.5289,1.5362,1.7696,99.5197,86.3959,0.9123,3.7626,-59.3667,67.5853,311108000
2012-04-18,180,2011-08-02,2012-04-18,1.528,1.5312,1.7572,99.7939,86.9575,0.9123,3.7143,-58.8615,67.4913,235039000
2012-04-19,180,2011-08-03,2012-04-19,1.5299,1.5262,1.7453,100.2394,87.6575,0.9123,3.7143,-58.8115,67.6949,250971000
2012-04-20,180,2011-08-04,2012-04-20,1.5159,1.5212,1.7331,99.6509,87.4674,0.9123,3.5183,-56.9149,66.1603,182756000
2012-04-23,180,2011-08-05,2012-04-23,1.4549,1.516,1.7216,95.9662,84.5046,0.9123,3.5183,-58.6487,59.4738,842744000
2012-04-24,180,2011-08-08,2012-04-24,1.2526,1.5096,1.7095,82.9764,73.2732,0.9123,3.5183,-64.3983,37.3003,1173935000
2012-04-25,180,2011-08-09,2012-04-25,1.2336,1.5032,1.6983,82.0616,72.6348,0.9123,3.5183,-64.9383,35.2176,834288000
2012-04-26,180,2011-08-10,2012-04-26,1.2153,1.4966,1.6862,81.202,72.0725,0.9123,3.5183,-65.458,33.2133,559489000
2012-04-27,180,2011-08-11,2012-04-27,1.1963,1.49,1.6744,80.2879,71.4457,0.9123,3.5183,-65.998,31.1306,360311000
2012-04-30,180,2011-08-12,2012-04-30,1.1449,1.4828,1.6615,77.2087,68.9066,0.9123,3.5183,-67.4598,25.4932,526792000
2012-05-01,180,2011-08-15,2012-05-01,1.1623,1.4758,1.6486,78.7544,70.5033,0.9123,3.5183,-66.9644,27.4037,329833000
2012-05-02,180,2011-08-16,2012-05-02,1.1747,1.469,1.6355,79.9666,71.8245,0.9123,3.4149,-65.5999,28.766,273840000
2012-05-03,180,2011-08-17,2012-05-03,1.0853,1.4615,1.6226,74.2579,66.8859,0.9123,3.3754,-67.8475,18.9634,530159000
2012-05-04,180,2011-08-18,2012-05-04,1.0449,1.4538,1.61,71.8723,64.8993,0.9123,3.3754,-69.0452,14.5317,636664000
2012-05-07,180,2011-08-19,2012-05-07,1.0493,1.4464,1.5985,72.5449,65.6405,0.9123,3.3754,-68.914,15.0172,287000000
2012-05-08,180,2011-08-22,2012-05-08,1.0399,1.4392,1.588,72.2515,65.4811,0.9123,3.3754,-69.1933,13.9837,272034000
2012-05-09,180,2011-08-23,2012-05-09,1.0621,1.4323,1.5776,74.1542,67.3248,0.9123,3.3754,-68.5331,16.4265,261184000
2012-05-10,180,2011-08-24,2012-05-10,1.0346,1.425,1.566,72.6015,66.0661,0.9123,3.3754,-69.3499,13.4042,264243000
2012-05-11,180,2011-08-25,2012-05-11,1.1054,1.4185,1.555,77.9306,71.0905,0.9123,3.3754,-67.2507,21.1713,622398000
2012-05-14,180,2011-08-26,2012-05-14,1.0994,1.412,1.5439,77.8651,71.2094,0.9123,3.3754,-67.4285,20.5136,378497000
2012-05-15,180,2011-08-29,2012-05-15,1.1069,1.4055,1.5325,78.7527,72.2267,0.9123,3.3754,-67.2084,21.3279,313194000
2012-05-16,180,2011-08-30,2012-05-16,1.06,1.3986,1.5205,75.7912,69.7137,0.9123,3.3754,-68.5966,16.1916,366996000
2012-05-17,180,2011-08-31,2012-05-17,1.0281,1.3913,1.5075,73.8997,68.2034,0.9123,3.3573,-69.3758,12.6996,237783000
2012-05-18,180,2011-09-01,2012-05-18,0.9994,1.3838,1.4944,72.226,66.8798,0.9123,3.3324,-70.009,9.5522,294154000
2012-05-21,180,2011-09-02,2012-05-21,1.0249,1.3766,1.4815,74.4484,69.1748,0.9123,3.1253,-67.2076,12.3394,251433000
2012-05-22,180,2011-09-06,2012-05-22,0.9673,1.3692,1.47,70.6453,65.8015,0.9123,3.1253,-69.0497,6.0288,400148000
2012-05-23,180,2011-09-07,2012-05-23,1.0273,1.3624,1.4584,75.4003,70.4416,0.9123,3.0857,-66.7083,12.6057,441000000
2012-05-24,180,2011-09-08,2012-05-24,1.0039,1.3555,1.4468,74.0555,69.3854,0.9123,3.0171,-66.7282,10.0375,207424000
2012-05-25,180,2011-09-09,2012-05-25,1.0031,1.3488,1.4356,74.3737,69.8764,0.9123,3.0007,-66.5699,9.9593,333711000
2012-05-29,180,2011-09-12,2012-05-29,0.992,1.3421,1.4249,73.9139,69.618,0.9123,3.0007,-66.9412,8.7378,319970000
2012-05-30,180,2011-09-13,2012-05-30,0.962,1.3351,1.4136,72.0561,68.0535,0.9123,2.9821,-67.7413,5.4494,328909000
2012-05-31,180,2011-09-14,2012-05-31,0.9063,1.3275,1.4021,68.2697,64.6396,0.9063,2.9816,-69.6037,0.0,538034000
2012-06-01,180,2011-09-15,2012-06-01,0.8993,1.3199,1.3905,68.1304,64.6739,0.8993,2.4179,-62.8065,0.0,355782000
2012-06-04,180,2011-09-16,2012-06-04,0.9286,1.3136,1.3822,70.6912,67.1798,0.8993,2.217,-58.1159,3.2565,352912000
2012-06-05,180,2011-09-19,2012-06-05,0.9261,1.3076,1.375,70.8299,67.3536,0.8993,2.0536,-54.9009,2.9865,240485000
2012-06-06,180,2011-09-20,2012-06-06,0.9411,1.3021,1.3689,72.278,68.7534,0.8993,1.8889,-50.1739,4.6545,306768000
2012-06-07,180,2011-09-21,2012-06-07,0.9234,1.297,1.3637,71.197,67.7161,0.8993,1.8889,-51.1118,2.6847,210455000
2012-06-08,180,2011-09-22,2012-06-08,0.9377,1.2921,1.3587,72.5701,69.0161,0.8993,1.8889,-50.3555,4.2732,220171000
2012-06-11,180,2011-09-23,2012-06-11,0.9,1.2869,1.3535,69.9347,66.4949,0.8993,1.8889,-52.3521,0.0794,229411000
2012-06-12,180,2011-09-26,2012-06-12,0.9003,1.2817,1.3482,70.2418,66.7758,0.8993,1.8889,-52.337,0.1112,207977000
2012-06-13,180,2011-09-27,2012-06-13,0.8976,1.2764,1.3427,70.3215,66.8475,0.8976,1.8464,-51.3888,0.0,179249000
2012-06-14,180,2011-09-28,2012-06-14,0.8951,1.2713,1.3376,70.4138,66.9231,0.8951,1.8464,-51.5203,0.0,261373000
2012-06-15,180,2011-09-29,2012-06-15,0.9399,1.2667,1.3327,74.1992,70.5227,0.8951,1.8464,-49.0987,4.9952,330225000
2012-06-18,180,2011-09-30,2012-06-18,0.9533,1.2628,1.329,75.4874,71.7288,0.8951,1.8464,-48.3714,6.4954,229978000
2012-06-19,180,2011-10-03,2012-06-19,0.9976,1.2594,1.3256,79.2072,75.2562,0.8951,1.8464,-45.973,11.4426,277067000
2012-06-20,180,2011-10-04,2012-06-20,0.9737,1.2559,1.322,77.5342,73.6553,0.8951,1.8464,-47.265,8.7775,266385000
2012-06-21,180,2011-10-05,2012-06-21,0.9406,1.2519,1.3181,75.1323,71.3584,0.8951,1.8464,-49.06,5.0749,176904000
2012-06-22,180,2011-10-06,2012-06-22,0.9694,1.248,1.314,77.6782,73.7784,0.8951,1.8464,-47.4971,8.2988,180747000
2012-06-25,180,2011-10-07,2012-06-25,0.9576,1.2439,1.3095,76.9814,73.1242,0.8951,1.8464,-48.1393,6.9741,307461000
2012-06-26,180,2011-10-10,2012-06-26,0.9543,1.24,1.3055,76.9563,73.0966,0.8951,1.8464,-48.3172,6.6071,156114000
2012-06-27,180,2011-10-11,2012-06-27,0.9499,1.2364,1.3019,76.8237,72.9576,0.8951,1.8464,-48.5571,6.1123,153832000
2012-06-28,180,2011-10-12,2012-06-28,0.9623,1.2331,1.2987,78.0401,74.0988,0.8951,1.8464,-47.8839,7.5008,150906000
2012-06-29,180,2011-10-13,2012-06-29,0.9784,1.2296,1.2951,79.57,75.5502,0.8951,1.8464,-47.0097,9.3042,199913000
2012-07-02,180,2011-10-14,2012-07-02,0.9693,1.226,1.2912,79.0599,75.0704,0.8951,1.8464,-47.5048,8.2828,129927000
2012-07-03,180,2011-10-17,2012-07-03,1.0291,1.2229,1.2877,84.1527,79.9224,0.8951,1.8464,-44.2631,14.9697,252616000
2012-07-05,180,2011-10-18,2012-07-05,1.1674,1.2208,1.2849,95.629,90.861,0.8951,1.8464,-36.7737,30.4182,1044981000
2012-07-06,180,2011-10-19,2012-07-06,1.1699,1.2189,1.2825,95.9763,91.2182,0.8951,1.8464,-36.6422,30.6894,852614000
2012-07-09,180,2011-10-20,2012-07-09,1.1856,1.2172,1.2804,97.3997,92.5949,0.8951,1.8464,-35.7911,32.4449,432628000
2012-07-10,180,2011-10-21,2012-07-10,1.1461,1.2152,1.2779,94.3162,89.6892,0.8951,1.8464,-37.9265,28.0402,352422000
2012-07-11,180,2011-10-24,2012-07-11,1.1663,1.2131,1.2751,96.1418,91.4666,0.8951,1.8464,-36.8356,30.2905,430444000
2012-07-12,180,2011-10-25,2012-07-12,1.2139,1.2112,1.2724,100.2216,95.3985,0.8951,1.8464,-34.2592,35.6048,414477000
2012-07-13,180,2011-10-26,2012-07-13,1.2129,1.2118,1.273,100.085,95.2751,0.8951,1.8464,-34.3134,35.4931,390320000
2012-07-16,180,2011-10-27,2012-07-16,1.1854,1.2121,1.2733,97.7966,93.0998,0.8951,1.8464,-35.7988,32.429,209468000
2012-07-17,180,2011-10-28,2012-07-17,1.1683,1.2122,1.2734,96.376,91.7481,0.8951,1.8464,-36.7273,30.5139,278208000
2012-07-18,180,2011-10-31,2012-07-18,1.161,1.212,1.2731,95.7939,91.1923,0.8951,1.8464,-37.1219,29.6999,215761000
2012-07-19,180,2011-11-01,2012-07-19,1.1874,1.2121,1.2732,97.9675,93.2621,0.8951,1.8464,-35.6905,32.6524,291333000
2012-07-20,180,2011-11-02,2012-07-20,1.1689,1.2122,1.2734,96.4232,91.7936,0.8951,1.8464,-36.6963,30.5777,243698000
2012-07-23,180,2011-11-03,2012-07-23,1.142,1.2119,1.2731,94.2307,89.7037,0.8951,1.8464,-38.1509,27.5774,309652000
2012-07-24,180,2011-11-04,2012-07-24,1.1484,1.211,1.2721,94.8328,90.2757,0.8951,1.8464,-37.8027,28.2956,647003000
2012-07-25,180,2011-11-07,2012-07-25,0.8611,1.2079,1.2698,71.2934,67.8185,0.8611,1.8464,-53.3617,0.0,1734705000
2012-07-26,180,2011-11-08,2012-07-26,0.8144,1.2042,1.2671,67.6328,64.2755,0.8144,1.8464,-55.8917,0.0,797566000
2012-07-27,180,2011-11-09,2012-07-27,0.8417,1.2009,1.2646,70.0924,66.5604,0.8144,1.8464,-54.414,3.3502,380093000
2012-07-30,180,2011-11-10,2012-07-30,0.825,1.1975,1.2622,68.8917,65.363,0.8144,1.8464,-55.3192,1.298,299327000
2012-07-31,180,2011-11-11,2012-07-31,0.8121,1.1943,1.2599,68.0026,64.4589,0.8121,1.8464,-56.0155,0.0,173208000
2012-08-01,180,2011-11-14,2012-08-01,0.7786,1.1904,1.2573,65.4021,61.924,0.7786,1.8464,-57.8337,0.0,338324000
2012-08-02,180,2011-11-15,2012-08-02,0.7696,1.1866,1.2548,64.8525,61.3315,0.7696,1.8464,-58.3211,0.0,239456000
2012-08-03,180,2011-11-16,2012-08-03,0.7701,1.1828,1.2522,65.1091,61.503,0.7696,1.8464,-58.2901,0.0743,372953000
2012-08-06,180,2011-11-17,2012-08-06,0.8113,1.18,1.2503,68.7543,64.889,0.7696,1.8464,-56.0619,5.4206,285278000
2012-08-07,180,2011-11-18,2012-08-07,0.8271,1.1777,1.2488,70.233,66.2353,0.7696,1.8464,-55.2031,7.4811,307699000
2012-08-08,180,2011-11-21,2012-08-08,0.8257,1.1753,1.2472,70.2559,66.2061,0.7696,1.8464,-55.2805,7.2954,181944000
2012-08-09,180,2011-11-22,2012-08-09,0.8273,1.1732,1.2459,70.5132,66.4022,0.7696,1.8464,-55.1954,7.4996,164927000
2012-08-10,180,2011-11-23,2012-08-10,0.8557,1.1719,1.245,73.0194,68.7301,0.7696,1.8464,-53.6557,11.1936,350322000
2012-08-13,180,2011-11-25,2012-08-13,0.8559,1.1708,1.2444,73.1013,68.7793,0.7696,1.8464,-53.648,11.2122,333249000
2012-08-14,180,2011-11-28,2012-08-14,0.8823,1.1705,1.2442,75.3769,70.9127,0.7696,1.8464,-52.2166,14.6465,481194000
2012-08-15,180,2011-11-29,2012-08-15,0.9037,1.1697,1.2437,77.2607,72.6659,0.7696,1.8464,-51.0561,17.4309,308441000
2012-08-16,180,2011-11-30,2012-08-16,0.9187,1.1693,1.2434,78.5699,73.8874,0.7696,1.8464,-50.2437,19.38,176309000
2012-08-17,180,2011-12-01,2012-08-17,0.9099,1.1692,1.2433,77.8197,73.179,0.7696,1.8464,-50.7234,18.2291,224056000
2012-08-20,180,2011-12-02,2012-08-20,0.9177,1.1688,1.2431,78.5159,73.8248,0.7696,1.8464,-50.2979,19.2501,266588000
2012-08-21,180,2011-12-05,2012-08-21,0.9371,1.1687,1.243,80.1846,75.3914,0.7696,1.8464,-49.2457,21.7747,233555000
2012-08-22,180,2011-12-06,2012-08-22,0.9343,1.1682,1.2427,79.9776,75.1842,0.7696,1.8464,-49.4004,21.4035,180306000
2012-08-23,180,2011-12-07,2012-08-23,0.915,1.1677,1.2423,78.36,73.6515,0.7696,1.8464,-50.4449,18.8974,325808000
2012-08-24,180,2011-12-08,2012-08-24,0.9023,1.1667,1.2416,77.3391,72.669,0.7696,1.8464,-51.1335,17.2453,261618000
2012-08-27,180,2011-12-09,2012-08-27,0.8913,1.1658,1.2411,76.4525,71.8153,0.7696,1.8464,-51.7292,15.816,180467000
2012-08-28,180,2011-12-12,2012-08-28,0.8993,1.1649,1.2405,77.2009,72.4967,0.7696,1.8464,-51.2959,16.8555,158592000
2012-08-29,180,2011-12-13,2012-08-29,0.9063,1.1636,1.2395,77.8891,73.1163,0.7696,1.8464,-50.9168,17.7651,156604000
2012-08-30,180,2011-12-14,2012-08-30,0.864,1.1622,1.2386,74.3445,69.7568,0.7696,1.8464,-53.207,12.2703,186795000
2012-08-31,180,2011-12-15,2012-08-31,0.8531,1.1608,1.2377,73.4988,68.9302,0.7696,1.8464,-53.795,10.8596,295603000
2012-09-04,180,2011-12-16,2012-09-04,0.799,1.1589,1.2366,68.9443,64.6128,0.7696,1.8464,-56.7273,3.8241,874167000
2012-09-05,180,2011-12-19,2012-09-05,0.7851,1.1569,1.2354,67.8668,63.5528,0.7696,1.8464,-57.4778,2.0235,385651000
2012-09-06,180,2011-12-20,2012-09-06,0.8093,1.1555,1.2346,70.0406,65.5513,0.7696,1.8464,-56.1702,5.1607,372974000
2012-09-07,180,2011-12-21,2012-09-07,0.8094,1.1536,1.2334,70.1676,65.6251,0.7696,1.8464,-56.1625,5.1792,296177000
2012-09-10,180,2011-12-22,2012-09-10,0.7989,1.1516,1.2322,69.369,64.8307,0.7696,1.8464,-56.735,3.8055,248927000
2012-09-11,180,2011-12-23,2012-09-11,0.8166,1.1496,1.2309,71.0327,66.3396,0.7696,1.8464,-55.7757,6.1073,330400000
2012-09-12,180,2011-12-27,2012-09-12,0.8173,1.1477,1.2297,71.2128,66.4637,0.7696,1.8464,-55.7369,6.2002,220969000
2012-09-13,180,2011-12-28,2012-09-13,0.8286,1.1461,1.2287,72.2952,67.4362,0.7696,1.8464,-55.1258,7.6666,244909000
2012-09-14,180,2011-12-29,2012-09-14,0.8646,1.145,1.228,75.506,70.4057,0.7696,1.8464,-53.176,12.3445,330673000
2012-09-17,180,2011-12-30,2012-09-17,0.8146,1.1435,1.227,71.2378,66.3867,0.7696,1.8464,-55.884,5.8474,362789000
2012-09-18,180,2012-01-03,2012-09-18,0.8009,1.1417,1.226,70.1445,65.3249,0.7696,1.8464,-56.6267,4.0654,302981000
2012-09-19,180,2012-01-04,2012-09-19,0.8149,1.1399,1.2248,71.4876,66.5323,0.7696,1.8464,-55.8685,5.8846,353486000
2012-09-20,180,2012-01-05,2012-09-20,0.8391,1.1375,1.223,73.7682,68.6118,0.7696,1.8464,-54.5532,9.0404,372176000
2012-09-21,180,2012-01-06,2012-09-21,0.8256,1.1352,1.2213,72.7258,67.5964,0.7696,1.8464,-55.2882,7.2768,300748000
2012-09-24,180,2012-01-09,2012-09-24,0.8056,1.1321,1.219,71.1564,66.0873,0.7696,1.8464,-56.3714,4.6779,236614000
2012-09-25,180,2012-01-10,2012-09-25,0.7686,1.1279,1.2154,68.1393,63.2346,0.7686,1.8464,-58.3753,0.0,418586000
2012-09-26,180,2012-01-11,2012-09-26,0.7876,1.1241,1.2122,70.0598,64.9705,0.7686,1.8464,-57.3463,2.4721,366254000
2012-09-27,180,2012-01-12,2012-09-27,0.7936,1.1206,1.2093,70.8142,65.6227,0.7686,1.8464,-57.0213,3.2528,213507000
2012-09-28,180,2012-01-13,2012-09-28,0.7777,1.117,1.2063,69.6265,64.471,0.7686,1.8464,-57.8801,1.1896,159327000
2012-10-01,180,2012-01-17,2012-10-01,0.8007,1.1135,1.2033,71.9113,66.5455,0.7686,1.8464,-56.6345,4.1822,307657000
2012-10-02,180,2012-01-18,2012-10-02,0.8066,1.11,1.2002,72.6617,67.2018,0.7686,1.8464,-56.3172,4.9442,215894000
2012-10-03,180,2012-01-19,2012-10-03,0.894,1.1072,1.1974,80.7406,74.6638,0.7686,1.8464,-51.5822,16.3198,760648000
2012-10-04,180,2012-01-20,2012-10-04,0.9524,1.1047,1.1944,86.2151,79.738,0.7686,1.8464,-48.4178,23.9221,916167000
2012-10-05,180,2012-01-23,2012-10-05,0.9509,1.1023,1.1918,86.2595,79.785,0.7686,1.8464,-48.5029,23.7175,591703000
2012-10-08,180,2012-01-24,2012-10-08,1.0503,1.1009,1.1902,95.4003,88.248,0.7686,1.8464,-43.118,36.6544,922803000
2012-10-09,180,2012-01-25,2012-10-09,0.9361,1.0988,1.188,85.1951,78.8,0.7686,1.8464,-49.2998,21.8031,821450000
2012-10-10,180,2012-01-26,2012-10-10,0.9357,1.0966,1.1857,85.3288,78.9197,0.7686,1.8464,-49.323,21.7472,387429000
2012-10-11,180,2012-01-27,2012-10-11,0.9426,1.0936,1.1817,86.1936,79.7651,0.7686,1.8464,-48.9517,22.6394,220136000
2012-10-12,180,2012-01-30,2012-10-12,0.919,1.0901,1.177,84.305,78.0822,0.7686,1.8464,-50.2283,19.5726,207102000
2012-10-15,180,2012-01-31,2012-10-15,0.9251,1.0866,1.1721,85.1373,78.9271,0.7686,1.8464,-49.8956,20.3718,207452000
2012-10-16,180,2012-02-01,2012-10-16,0.9436,1.0835,1.1679,87.0834,80.7955,0.7686,1.8464,-48.8975,22.7695,293020000
2012-10-17,180,2012-02-02,2012-10-17,0.9789,1.0806,1.1635,90.586,84.1282,0.7686,1.8464,-46.9865,27.3606,264642000
2012-10-18,180,2012-02-03,2012-10-18,0.9623,1.0775,1.159,89.3062,83.0248,0.7686,1.8464,-47.8839,25.2046,267974000
2012-10-19,180,2012-02-06,2012-10-19,0.9283,1.0741,1.1542,86.4208,80.4297,0.7686,1.8464,-49.7253,20.7808,228816000
2012-10-22,180,2012-02-07,2012-10-22,0.9697,1.071,1.1493,90.5415,84.3752,0.7686,1.8269,-46.919,26.171,456785000
2012-10-23,180,2012-02-08,2012-10-23,0.9746,1.068,1.1446,91.2541,85.1487,0.7686,1.7834,-45.3541,26.803,634984000
2012-10-24,180,2012-02-09,2012-10-24,0.8589,1.0642,1.1395,80.7054,75.3725,0.7686,1.7834,-51.8424,11.7473,1000601000
2012-10-25,180,2012-02-10,2012-10-25,0.8787,1.0606,1.1345,82.8532,77.4568,0.7686,1.7704,-50.3672,14.3309,330463000
2012-10-26,180,2012-02-13,2012-10-26,0.994,1.0578,1.1301,93.9671,87.9535,0.7686,1.7581,-43.4631,29.3309,1034334000
2012-10-31,180,2012-02-14,2012-10-31,1.132,1.056,1.127,107.1962,100.4398,0.7686,1.7581,-35.6139,47.2863,1073086000
2012-11-01,180,2012-02-15,2012-11-01,1.1099,1.054,1.1234,105.3042,98.7908,0.7686,1.7437,-36.351,44.4053,626696000
2012-11-02,180,2012-02-16,2012-11-02,1.0986,1.0519,1.1199,104.4389,98.0992,0.7686,1.7427,-36.9621,42.9368,296506000
2012-11-05,180,2012-02-17,2012-11-05,1.1177,1.0499,1.1164,106.4578,100.1185,0.7686,1.7427,-35.8636,45.4276,290164000
2012-11-06,180,2012-02-21,2012-11-06,1.091,1.0478,1.1128,104.1208,98.0426,0.7686,1.7427,-37.3965,41.9518,391027000
2012-11-07,180,2012-02-22,2012-11-07,1.1097,1.046,1.1096,106.0947,100.0076,0.7686,1.7427,-36.3227,44.3867,310996000
2012-11-08,180,2012-02-23,2012-11-08,1.0853,1.0442,1.1067,103.9393,98.0617,0.7686,1.7427,-37.7244,41.2083,333816000
2012-11-09,180,2012-02-24,2012-11-09,1.1129,1.0425,1.104,106.7524,100.8065,0.7686,1.7427,-36.1423,44.7956,232729000
2012-11-12,180,2012-02-27,2012-11-12,1.117,1.0408,1.1013,107.3164,101.426,0.7686,1.7427,-35.9046,45.3347,183302000
2012-11-13,180,2012-02-28,2012-11-13,1.1373,1.0394,1.0989,109.4167,103.4902,0.7686,1.7427,-34.7405,47.9741,271705000
2012-11-14,180,2012-02-29,2012-11-14,1.1397,1.0379,1.0963,109.8147,103.963,0.7686,1.7427,-34.6012,48.29,269108000
2012-11-15,180,2012-03-01,2012-11-15,1.164,1.0365,1.0939,112.3015,106.4036,0.7686,1.7427,-33.2076,51.4499,174006000
2012-11-16,180,2012-03-02,2012-11-16,1.1557,1.035,1.0914,111.659,105.8909,0.7686,1.7427,-33.6831,50.3718,321643000
2012-11-19,180,2012-03-05,2012-11-19,1.1623,1.0335,1.0887,112.4568,106.7549,0.7686,1.7427,-33.306,51.2269,232673000
2012-11-20,180,2012-03-06,2012-11-20,1.1771,1.0322,1.0865,114.0367,108.3439,0.7686,1.7427,-32.4535,53.16,153405000
2012-11-21,180,2012-03-07,2012-11-21,1.1857,1.0311,1.0846,114.9922,109.3255,0.7686,1.7427,-31.9616,54.2751,108899000
2012-11-23,180,2012-03-08,2012-11-23,1.185,1.0301,1.0828,115.0404,109.4378,0.7686,1.7427,-32.0026,54.1822,83965000
2012-11-26,180,2012-03-09,2012-11-26,1.1723,1.0289,1.0807,113.9398,108.4704,0.7686,1.7427,-32.7322,52.528,134841000
2012-11-27,180,2012-03-12,2012-11-27,1.1869,1.0277,1.0787,115.4887,110.0291,0.7686,1.7427,-31.8961,54.4239,155246000
2012-11-28,180,2012-03-13,2012-11-28,1.1747,1.0266,1.0768,114.4325,109.0958,0.7686,1.7427,-32.5928,52.8439,144956000
2012-11-29,180,2012-03-14,2012-11-29,1.1626,1.0254,1.0748,113.38,108.1671,0.7686,1.7427,-33.2896,51.264,114730000
2012-11-30,180,2012-03-15,2012-11-30,1.1673,1.0243,1.0729,113.9641,108.7949,0.7686,1.7427,-33.0191,51.8774,149863000
2012-12-03,180,2012-03-16,2012-12-03,1.0857,1.0226,1.0702,106.1724,101.4486,0.7686,1.7427,-37.6998,41.264,291977000
2012-12-04,180,2012-03-19,2012-12-04,1.2379,1.0216,1.0684,121.1683,115.865,0.7686,1.7427,-28.9696,61.0596,1017576000
2012-12-05,180,2012-03-20,2012-12-05,1.191,1.0203,1.0659,116.7321,111.7361,0.7686,1.7427,-31.6583,54.9629,593579000
2012-12-06,180,2012-03-21,2012-12-06,1.231,1.0191,1.0636,120.7919,115.7374,0.7686,1.7427,-29.3631,60.1674,381038000
2012-12-07,180,2012-03-22,2012-12-07,1.2283,1.0178,1.0609,120.6835,115.777,0.7686,1.7427,-29.5188,59.8143,347802000
2012-12-10,180,2012-03-23,2012-12-10,1.2114,1.0164,1.0582,119.186,114.4787,0.7686,1.7427,-30.4861,57.621,143227000
2012-12-11,180,2012-03-26,2012-12-11,1.2297,1.0151,1.0555,121.1426,116.5047,0.7686,1.7427,-29.4368,60.0001,160286000
2012-12-12,180,2012-03-27,2012-12-12,1.2961,1.014,1.053,127.8291,123.0875,0.7686,1.7239,-24.8115,68.6432,549290000
2012-12-13,180,2012-03-28,2012-12-13,1.3223,1.013,1.0508,130.5368,125.8368,0.7686,1.6973,-22.0941,72.0447,288659000
2012-12-14,180,2012-03-29,2012-12-14,1.3329,1.012,1.0488,131.6996,127.0877,0.7686,1.6436,-18.9048,73.4202,277067000
2012-12-17,180,2012-03-30,2012-12-17,1.3529,1.0113,1.0472,133.7741,129.1936,0.7686,1.6434,-17.6808,76.0224,216608000
2012-12-18,180,2012-04-02,2012-12-18,1.3663,1.0106,1.0456,135.1957,130.6682,0.7686,1.6281,-16.0832,77.7697,293482000
2012-12-19,180,2012-04-03,2012-12-19,1.3426,1.0099,1.044,132.9465,128.5952,0.7686,1.6137,-16.8024,74.6841,306747000
2012-12-20,180,2012-04-04,2012-12-20,1.3357,1.0091,1.0425,132.3632,128.128,0.7686,1.5786,-15.3846,73.7919,166117000
2012-12-21,180,2012-04-05,2012-12-21,1.3049,1.0084,1.041,129.4007,125.3486,0.7686,1.5786,-17.3394,69.777,284305000
2012-12-24,180,2012-04-09,2012-12-24,1.289,1.0076,1.0394,127.9301,124.017,0.7686,1.5299,-15.7438,67.7138,71932000
2012-12-26,180,2012-04-10,2012-12-26,1.295,1.0069,1.0381,128.6091,124.7469,0.7686,1.5299,-15.3516,68.4945,151669000
2012-12-27,180,2012-04-11,2012-12-27,1.2929,1.0064,1.0372,128.4585,124.6493,0.7686,1.5299,-15.4916,68.2157,148981000
2012-12-28,180,2012-04-12,2012-12-28,1.2761,1.006,1.0364,126.8561,123.1366,0.7686,1.5299,-16.5842,66.041,111230000
2012-12-31,180,2012-04-13,2012-12-31,1.3227,1.0055,1.0354,131.5478,127.7445,0.7686,1.5299,-13.54,72.1004,180789000
2013-01-02,180,2012-04-16,2013-01-02,1.3144,1.005,1.0345,130.7886,127.0628,0.7686,1.5299,-14.0816,71.0225,194313000
2013-01-03,180,2012-04-17,2013-01-03,1.3799,1.0048,1.0341,137.3239,133.4342,0.7686,1.5299,-9.8048,79.5354,279125000
2013-01-04,180,2012-04-18,2013-01-04,1.3711,1.0044,1.0332,136.514,132.704,0.7686,1.5299,-10.3744,78.4016,177611000
2013-01-07,180,2012-04-19,2013-01-07,1.4171,1.0041,1.0326,141.1342,137.2378,0.7686,1.5299,-7.3676,84.3867,455504000
2013-01-08,180,2012-04-20,2013-01-08,1.388,1.0037,1.0318,138.2833,134.5183,0.7686,1.5159,-8.4346,80.5949,247149000
2013-01-09,180,2012-04-23,2013-01-09,1.3701,1.0033,1.031,136.5577,132.8919,0.7686,1.4549,-5.8228,78.2715,202230000
2013-01-10,180,2012-04-24,2013-01-10,1.4,1.0032,1.0307,139.5544,135.8279,0.7686,1.4171,-1.2097,82.1562,261177000
2013-01-11,180,2012-04-25,2013-01-11,1.447,1.0038,1.0318,144.1532,140.2409,0.7686,1.447,0.0,88.2715,298515000
2013-01-14,180,2012-04-26,2013-01-14,1.4779,1.0045,1.0332,147.1172,143.0434,0.7686,1.4779,0.0,92.2863,234731000
2013-01-15,180,2012-04-27,2013-01-15,1.4527,1.0053,1.0345,144.5057,140.4305,0.7686,1.4779,-1.7013,89.0149,170681000
2013-01-16,180,2012-04-30,2013-01-16,1.3926,1.006,1.0356,138.432,134.4748,0.7686,1.4779,-5.7709,81.1896,280147000
2013-01-17,180,2012-05-01,2013-01-17,1.3957,1.0068,1.037,138.6227,134.5972,0.7686,1.4779,-5.5583,81.5986,162211000
2013-01-18,180,2012-05-02,2013-01-18,1.4167,1.0077,1.0384,140.5868,136.4364,0.7686,1.4779,-4.1373,84.3309,359996000
2013-01-22,180,2012-05-03,2013-01-22,1.3973,1.0085,1.0396,138.5536,134.4053,0.7686,1.4779,-5.4519,81.8031,227731000
2013-01-23,180,2012-05-04,2013-01-23,1.4751,1.0099,1.0418,146.0743,141.5994,0.7686,1.4779,-0.1836,91.9332,742350000
2013-01-24,180,2012-05-07,2013-01-24,2.098,1.0126,1.0476,207.192,200.2629,0.7686,2.098,0.0,172.9741,1188054000
2013-01-25,180,2012-05-08,2013-01-25,2.4223,1.0157,1.0553,238.4905,229.546,0.7686,2.4223,0.0,215.1675,1914458000
2013-01-28,180,2012-05-09,2013-01-28,2.3159,1.0187,1.0623,227.3301,217.9959,0.7686,2.4223,-4.3937,201.3199,1091048000
2013-01-29,180,2012-05-10,2013-01-29,2.416,1.0218,1.0699,236.4523,225.8237,0.7686,2.4223,-0.2595,214.3496,595420000
2013-01-30,180,2012-05-11,2013-01-30,2.3957,1.025,1.0774,233.736,222.3559,0.7686,2.4223,-1.097,211.7102,480627000
2013-01-31,180,2012-05-14,2013-01-31,2.3606,1.0278,1.0844,229.6765,217.6853,0.7686,2.4223,-2.5478,207.1377,356013000
2013-02-01,180,2012-05-15,2013-02-01,2.3543,1.0306,1.0914,228.4309,215.7189,0.7686,2.4223,-2.8073,206.3199,503580000
2013-02-04,180,2012-05-16,2013-02-04,2.4963,1.0336,1.0991,241.5114,227.1237,0.7686,2.4963,0.0,224.7958,509691000
2013-02-05,180,2012-05-17,2013-02-05,2.4913,1.0368,1.107,240.2775,225.0407,0.7686,2.4963,-0.2003,224.1452,570563000
2013-02-06,180,2012-05-18,2013-02-06,2.6344,1.0404,1.116,253.2153,236.068,0.7686,2.6344,0.0,242.7698,671909000
2013-02-07,180,2012-05-21,2013-02-07,2.5994,1.0441,1.1249,248.9618,231.091,0.7686,2.6344,-1.3286,238.2159,530866000
2013-02-08,180,2012-05-22,2013-02-08,2.5853,1.0477,1.1335,246.7614,228.0759,0.7686,2.6344,-1.8654,236.3757,256578000
2013-02-11,180,2012-05-23,2013-02-11,2.5413,1.0516,1.1423,241.6576,222.4779,0.7686,2.6344,-3.5356,230.6508,293251000
2013-02-12,180,2012-05-24,2013-02-12,2.5421,1.0552,1.1507,240.9199,220.9253,0.7686,2.6344,-3.5031,230.7623,343994000
2013-02-13,180,2012-05-25,2013-02-13,2.661,1.059,1.1599,251.2669,229.419,0.7686,2.661,0.0,246.227,409290000
2013-02-14,180,2012-05-29,2013-02-14,2.6771,1.0629,1.1692,251.8641,228.9748,0.7686,2.6771,0.0,248.3274,319795000
2013-02-15,180,2012-05-30,2013-02-15,2.7073,1.067,1.1787,253.7393,229.681,0.7686,2.7073,0.0,252.2493,266525000
2013-02-19,180,2012-05-31,2013-02-19,2.8064,1.0713,1.189,261.9663,236.0401,0.7686,2.8064,0.0,265.149,341383000
2013-02-20,180,2012-06-01,2013-02-20,2.6731,1.076,1.1988,248.4416,222.9889,0.7686,2.8064,-4.7493,247.8069,349965000
2013-02-21,180,2012-06-04,2013-02-21,2.6736,1.0807,1.2086,247.3853,221.2057,0.7686,2.8064,-4.7341,247.8626,368942000
2013-02-22,180,2012-06-05,2013-02-22,2.5694,1.0852,1.2178,236.7674,210.9978,0.7686,2.8064,-8.4449,234.3125,389711000
2013-02-25,180,2012-06-06,2013-02-25,2.5617,1.0897,1.2268,235.0753,208.8062,0.7686,2.8064,-8.7198,233.3087,521647000
2013-02-26,180,2012-06-07,2013-02-26,2.6299,1.0943,1.2362,240.3316,212.7338,0.7686,2.8064,-6.2917,242.1749,338821000
2013-02-27,180,2012-06-08,2013-02-27,2.6331,1.099,1.2457,239.6033,211.3755,0.7686,2.8064,-6.1746,242.6024,226268000
2013-02-28,180,2012-06-11,2013-02-28,2.6869,1.1036,1.2554,243.4547,214.0179,0.7686,2.8064,-4.2606,249.5913,342937000
2013-03-01,180,2012-06-12,2013-03-01,2.7053,1.1087,1.2655,244.0102,213.778,0.7686,2.8064,-3.604,251.9891,214515000
2013-03-04,180,2012-06-13,2013-03-04,2.5887,1.1136,1.2748,232.4538,203.061,0.7686,2.8064,-7.7577,236.8217,478240000
2013-03-05,180,2012-06-14,2013-03-05,2.5961,1.1187,1.2843,232.0695,202.1475,0.7686,2.8064,-7.493,237.7883,323267000
2013-03-06,180,2012-06-15,2013-03-06,2.6134,1.1238,1.2938,232.5483,201.992,0.7686,2.8064,-6.8771,240.0374,174356000
2013-03-07,180,2012-06-18,2013-03-07,2.5937,1.1286,1.303,229.8164,199.0547,0.7686,2.8064,-7.5796,237.4723,286958000
2013-03-08,180,2012-06-19,2013-03-08,2.6386,1.1334,1.3124,232.8088,201.0526,0.7686,2.8064,-5.9812,243.3087,235130000
2013-03-11,180,2012-06-20,2013-03-11,2.5779,1.1378,1.3212,226.5718,195.121,0.7686,2.8064,-8.1446,235.4091,210154000
2013-03-12,180,2012-06-21,2013-03-12,2.6016,1.1424,1.3302,227.7273,195.5772,0.7686,2.8064,-7.2996,238.4946,211519000
2013-03-13,180,2012-06-22,2013-03-13,2.748,1.1475,1.3402,239.4773,205.0375,0.7686,2.8064,-2.082,257.5467,538986000
2013-03-14,180,2012-06-25,2013-03-14,2.691,1.1523,1.3498,233.5234,199.3618,0.7686,2.8064,-4.113,250.1303,284508000
2013-03-15,180,2012-06-26,2013-03-15,2.6407,1.1573,1.3592,228.1831,194.2904,0.7686,2.8064,-5.9048,243.5875,206675000
2013-03-18,180,2012-06-27,2013-03-18,2.6513,1.1623,1.3686,228.1086,193.7245,0.7686,2.8064,-5.5281,244.9631,180733000
2013-03-19,180,2012-06-28,2013-03-19,2.591,1.1673,1.3777,221.9619,188.0666,0.7686,2.8064,-7.6763,237.1191,198737000
2013-03-20,180,2012-06-29,2013-03-20,2.615,1.1723,1.3869,223.0638,188.5521,0.7686,2.8064,-6.8211,240.2418,111321000
2013-03-21,180,2012-07-02,2013-03-21,2.5999,1.1772,1.3959,220.8514,186.2505,0.7686,2.8064,-7.3607,238.2715,188041000
2013-03-22,180,2012-07-03,2013-03-22,2.59,1.1822,1.4049,219.0851,184.3552,0.7686,2.8064,-7.7119,236.989,141890000
2013-03-25,180,2012-07-05,2013-03-25,2.5827,1.1867,1.4135,217.6302,182.7141,0.7686,2.8064,-7.9715,236.041,150248000
2013-03-26,180,2012-07-06,2013-03-26,2.723,1.1906,1.4222,228.711,191.468,0.7686,2.8064,-2.9728,254.2939,468174000
2013-03-27,180,2012-07-09,2013-03-27,2.7177,1.1944,1.4308,227.5319,189.9478,0.7686,2.8064,-3.1611,253.6061,404754000
2013-03-28,180,2012-07-10,2013-03-28,2.704,1.1982,1.4392,225.6723,187.8815,0.7686,2.8064,-3.6498,251.8218,195881000
2013-04-01,180,2012-07-11,2013-04-01,2.6061,1.2021,1.4473,216.7975,180.0673,0.7686,2.8064,-7.1367,239.0894,229474000
2013-04-02,180,2012-07-12,2013-04-02,2.5241,1.2058,1.4549,209.3294,173.4974,0.7686,2.8064,-10.0585,228.4203,322805000
2013-04-03,180,2012-07-13,2013-04-03,2.4249,1.2092,1.4616,200.5413,165.9057,0.7686,2.8064,-13.5964,215.502,753578000
2013-04-04,180,2012-07-16,2013-04-04,2.3813,1.2125,1.4681,196.4026,162.2043,0.7686,2.8064,-15.1489,209.8329,344603000
2013-04-05,180,2012-07-17,2013-04-05,2.3523,1.2159,1.4746,193.4639,159.5245,0.7686,2.8064,-16.1822,206.0597,325129000
2013-04-08,180,2012-07-18,2013-04-08,2.3294,1.2194,1.481,191.0319,157.2863,0.7686,2.8064,-16.9967,203.0857,317450000
2013-04-09,180,2012-07-19,2013-04-09,2.4194,1.2231,1.488,197.8105,162.5957,0.7686,2.8064,-13.7898,214.7958,340459000
2013-04-10,180,2012-07-20,2013-04-10,2.3724,1.2266,1.4946,193.4134,158.7348,0.7686,2.8064,-15.4645,208.6805,297094000
2013-04-11,180,2012-07-23,2013-04-11,2.4716,1.2304,1.5018,200.8768,164.5713,0.7686,2.8064,-11.9318,221.58,330561000
2013-04-12,180,2012-07-24,2013-04-12,2.4743,1.2344,1.5092,200.4493,163.9441,0.7686,2.8064,-11.8351,221.9333,377979000
2013-04-15,180,2012-07-25,2013-04-15,2.5214,1.2384,1.5169,203.6043,166.2276,0.7686,2.8064,-10.1553,228.0672,465290000
2013-04-16,180,2012-07-26,2013-04-16,2.5121,1.2449,1.526,201.7894,164.62,0.7686,2.8064,-10.4861,226.8589,297115000
2013-04-17,180,2012-07-27,2013-04-17,2.4194,1.252,1.5349,193.2472,157.6235,0.7686,2.8064,-13.7898,214.7958,275457000
2013-04-18,180,2012-07-30,2013-04-18,2.3403,1.2586,1.5433,185.9367,151.6449,0.7686,2.8064,-16.6098,204.4983,231210000
2013-04-19,180,2012-07-31,2013-04-19,2.3339,1.2656,1.5516,184.4099,150.4113,0.7686,2.8064,-16.8389,203.6619,201635000
2013-04-22,180,2012-08-01,2013-04-22,2.491,1.273,1.561,195.6781,159.5795,0.7686,2.8064,-11.2395,224.108,848701000
2013-04-23,180,2012-08-02,2013-04-23,3.0999,1.2817,1.5739,241.8499,196.9573,0.7686,3.0999,0.0,303.3273,1148609000
2013-04-24,180,2012-08-03,2013-04-24,3.096,1.2907,1.5868,239.8695,195.1099,0.7686,3.0999,-0.1244,302.8255,468986000
2013-04-25,180,2012-08-06,2013-04-25,3.0536,1.2998,1.5995,234.935,190.9098,0.7686,3.0999,-1.4932,297.305,292740000
2013-04-26,180,2012-08-07,2013-04-26,3.0793,1.3083,1.6121,235.3604,191.0128,0.7686,3.0999,-0.6636,300.6508,217903000
2013-04-29,180,2012-08-08,2013-04-29,3.0716,1.3168,1.6246,233.2632,189.0718,0.7686,3.0999,-0.9125,299.647,207872000
2013-04-30,180,2012-08-09,2013-04-30,3.0867,1.3254,1.6371,232.892,188.5461,0.7686,3.0999,-0.424,301.6173,250712000
2013-05-01,180,2012-08-10,2013-05-01,3.0416,1.334,1.6494,227.999,184.403,0.7686,3.0999,-1.8803,295.7437,183596000
2013-05-02,180,2012-08-13,2013-05-02,3.0641,1.3424,1.6617,228.2572,184.3999,0.7686,3.0999,-1.1521,298.6805,183288000
2013-05-03,180,2012-08-14,2013-05-03,3.0493,1.3509,1.6739,225.7267,182.1698,0.7686,3.0999,-1.6314,296.7475,154315000
2013-05-06,180,2012-08-15,2013-05-06,3.0099,1.359,1.6857,221.4682,178.5534,0.7686,3.0999,-2.9034,291.6173,317310000
2013-05-07,180,2012-08-16,2013-05-07,2.9464,1.367,1.697,215.5454,173.6219,0.7686,3.0999,-4.9495,283.3646,170793000
2013-05-08,180,2012-08-17,2013-05-08,2.9801,1.3748,1.7085,216.7651,174.4314,0.7686,3.0999,-3.8619,287.7512,176232000
2013-05-09,180,2012-08-20,2013-05-09,3.0916,1.383,1.7206,223.5379,179.6787,0.7686,3.0999,-0.2673,302.2492,361088000
2013-05-10,180,2012-08-21,2013-05-10,3.1099,1.3912,1.7328,223.533,179.4711,0.7686,3.1099,0.0,304.6285,188447000
2013-05-13,180,2012-08-22,2013-05-13,3.2769,1.3995,1.7458,234.1497,187.7007,0.7686,3.2769,0.0,326.3571,413574000
2013-05-14,180,2012-08-23,2013-05-14,3.3424,1.4079,1.7592,237.4033,190.0007,0.7686,3.3424,0.0,334.8888,385357000
2013-05-15,180,2012-08-24,2013-05-15,3.4771,1.4168,1.7734,245.416,196.072,0.7686,3.4771,0.0,352.4166,360297000
2013-05-16,180,2012-08-27,2013-05-16,3.3861,1.426,1.7872,237.4639,189.4664,0.7686,3.4771,-2.6171,340.5765,280532000
2013-05-17,180,2012-08-28,2013-05-17,3.4143,1.4354,1.8012,237.8649,189.5544,0.7686,3.4771,-1.8077,344.2382,201411000
2013-05-20,180,2012-08-29,2013-05-20,3.4221,1.4448,1.8152,236.8537,188.5237,0.7686,3.4771,-1.5818,345.2605,147658000
2013-05-21,180,2012-08-30,2013-05-21,3.387,1.4543,1.829,232.9007,185.1817,0.7686,3.4771,-2.5924,340.688,114912000
2013-05-22,180,2012-08-31,2013-05-22,3.2651,1.4643,1.8424,222.9775,177.2267,0.7686,3.4771,-6.097,324.833,217693000
2013-05-23,180,2012-09-04,2013-05-23,3.2311,1.4747,1.8556,219.1071,174.1326,0.7686,3.4771,-7.0748,320.4092,161980000
2013-05-24,180,2012-09-05,2013-05-24,3.2677,1.4862,1.8693,219.8705,174.8114,0.7686,3.4771,-6.023,325.1675,118083000
2013-05-28,180,2012-09-06,2013-05-28,3.0599,1.4979,1.8819,204.2751,162.5925,0.7686,3.4771,-12.0008,298.1229,395255000
2013-05-29,180,2012-09-07,2013-05-29,3.0763,1.5093,1.8945,203.8156,162.3788,0.7686,3.4771,-11.5283,300.2605,341019000
2013-05-30,180,2012-09-10,2013-05-30,3.1809,1.5211,1.9077,209.1162,166.739,0.7686,3.4771,-8.521,313.8664,240877000
2013-05-31,180,2012-09-11,2013-05-31,3.2321,1.5333,1.9212,210.7957,168.2352,0.7686,3.4771,-7.046,320.5393,254163000
2013-06-03,180,2012-09-12,2013-06-03,3.171,1.5453,1.9343,205.2062,163.9366,0.7686,3.4771,-8.8044,312.5839,212709000
2013-06-04,180,2012-09-13,2013-06-04,3.2187,1.5575,1.9476,206.6615,165.2634,0.7686,3.4771,-7.4322,318.792,230069000
2013-06-05,180,2012-09-14,2013-06-05,3.1923,1.5696,1.9608,203.3798,162.8088,0.7686,3.4771,-8.1923,315.3534,330960000
2013-06-06,180,2012-09-17,2013-06-06,3.1106,1.5811,1.9732,196.7305,157.6381,0.7686,3.4771,-10.5423,304.7214,260694000
2013-06-07,180,2012-09-18,2013-06-07,3.146,1.5939,1.9862,197.3812,158.3939,0.7686,3.4771,-9.5234,309.3311,152992000
2013-06-10,180,2012-09-19,2013-06-10,3.1561,1.6071,1.9993,196.3837,157.8645,0.7686,3.4771,-9.2317,310.6508,138124000
2013-06-11,180,2012-09-20,2013-06-11,3.0637,1.6202,2.0118,189.0993,152.2897,0.7686,3.4771,-11.8899,298.6247,142135000
2013-06-12,180,2012-09-21,2013-06-12,2.9663,1.6327,2.0236,181.6775,146.5858,0.7686,3.4771,-14.6919,285.9482,191086000
2013-06-13,180,2012-09-24,2013-06-13,3.077,1.646,2.0361,186.9434,151.1228,0.7686,3.4771,-11.5078,300.3534,185115000
2013-06-14,180,2012-09-25,2013-06-14,3.057,1.6598,2.0486,184.1756,149.2239,0.7686,3.4771,-12.083,297.7512,124957000
2013-06-17,180,2012-09-26,2013-06-17,3.2747,1.6752,2.0625,195.4808,158.7722,0.7777,3.4771,-5.8217,321.0692,358512000
2013-06-18,180,2012-09-27,2013-06-18,3.269,1.6904,2.0763,193.3893,157.4429,0.7777,3.4771,-5.986,320.3345,174769000
2013-06-19,180,2012-09-28,2013-06-19,3.3187,1.7057,2.0903,194.5625,158.7645,0.7777,3.4771,-4.5563,326.7268,223531000
2013-06-20,180,2012-10-01,2013-06-20,3.1931,1.7216,2.1038,185.4753,151.7829,0.8007,3.4771,-8.1676,298.787,211162000
2013-06-21,180,2012-10-02,2013-06-21,3.0986,1.737,2.1165,178.3878,146.3992,0.8066,3.4771,-10.8874,284.1659,233982000
2013-06-24,180,2012-10-03,2013-06-24,3.08,1.7525,2.1292,175.7527,144.6585,0.8589,3.4771,-11.4215,258.6162,178962000
2013-06-25,180,2012-10-04,2013-06-25,3.0414,1.766,2.1411,172.2173,142.051,0.8589,3.4771,-12.5308,254.1252,209188000
2013-06-26,180,2012-10-05,2013-06-26,3.03,1.7786,2.1526,170.3583,140.7584,0.8589,3.4771,-12.8595,252.7945,188342000
2013-06-27,180,2012-10-08,2013-06-27,3.071,1.7915,2.1644,171.4247,141.8867,0.8589,3.4771,-11.6804,257.5683,183267000
2013-06-28,180,2012-10-09,2013-06-28,3.0156,1.8026,2.1753,167.2911,138.6265,0.8589,3.4771,-13.2745,251.1144,195811000
2013-07-01,180,2012-10-10,2013-07-01,3.204,1.8163,2.1879,176.3985,146.4404,0.8589,3.4771,-7.8554,273.054,245175000
2013-07-02,180,2012-10-11,2013-07-02,3.1637,1.8302,2.2003,172.8577,143.7857,0.8589,3.4771,-9.014,268.3633,177303000
2013-07-03,180,2012-10-12,2013-07-03,3.1559,1.8442,2.2126,171.1239,142.6315,0.8589,3.4771,-9.2399,267.4485,86254000
2013-07-05,180,2012-10-15,2013-07-05,3.2157,1.859,2.2254,172.9811,144.5035,0.8589,3.4771,-7.5185,274.4179,99575000
2013-07-08,180,2012-10-16,2013-07-08,3.33,1.8741,2.2387,177.6847,148.7461,0.8589,3.4771,-4.2317,287.7246,242893000
2013-07-09,180,2012-10-17,2013-07-09,3.534,1.8894,2.2531,187.0447,156.8502,0.8589,3.534,0.0,311.4771,355096000
2013-07-10,180,2012-10-18,2013-07-10,3.4831,1.9041,2.267,182.9317,153.6442,0.8589,3.534,-1.4391,305.5556,225785000
2013-07-11,180,2012-10-19,2013-07-11,3.4881,1.9193,2.2811,181.736,152.9183,0.8589,3.534,-1.2976,306.1378,211463000
2013-07-12,180,2012-10-22,2013-07-12,3.6751,1.936,2.2963,189.835,160.0455,0.8589,3.6751,0.0,327.9109,342384000
2013-07-15,180,2012-10-23,2013-07-15,3.6854,1.9519,2.3114,188.8105,159.4459,0.8589,3.6854,0.0,329.1086,206129000
2013-07-16,180,2012-10-24,2013-07-16,3.7211,1.9681,2.3267,189.0745,159.9352,0.8589,3.7211,0.0,333.2669,333564000
2013-07-17,180,2012-10-25,2013-07-17,3.8274,1.9877,2.3431,192.5547,163.3455,0.8787,3.8274,0.0,335.5716,195104000
2013-07-18,180,2012-10-26,2013-07-18,3.8059,2.0071,2.3594,189.6188,161.3054,0.994,3.8274,-0.5636,282.883,204876000
2013-07-19,180,2012-10-31,2013-07-19,3.7797,2.0238,2.3749,186.7593,159.1534,1.0853,3.8274,-1.2467,248.2689,181202000
2013-07-22,180,2012-11-01,2013-07-22,3.7423,2.038,2.3894,183.6289,156.6211,1.0853,3.8274,-2.2245,244.8203,473137000
2013-07-23,180,2012-11-02,2013-07-23,3.5751,2.0524,2.4031,174.1934,148.7731,1.0853,3.8274,-6.5915,229.4194,768292000
2013-07-24,180,2012-11-05,2013-07-24,3.4471,2.067,2.4161,166.7691,142.6719,1.0853,3.8274,-9.9358,217.6253,334096000
2013-07-25,180,2012-11-06,2013-07-25,3.5249,2.0816,2.4295,169.3324,145.0854,1.0853,3.8274,-7.9054,224.786,196343000
2013-07-26,180,2012-11-07,2013-07-26,3.5187,2.097,2.443,167.801,144.0329,1.0853,3.8274,-8.0659,224.22,178269000
2013-07-29,180,2012-11-08,2013-07-29,3.4994,2.1121,2.4563,165.685,142.4693,1.0853,3.8274,-8.5697,222.443,132153000
2013-07-30,180,2012-11-09,2013-07-30,3.4823,2.1279,2.4696,163.6463,141.0069,1.0857,3.8274,-9.0176,220.737,108906000
2013-07-31,180,2012-11-12,2013-07-31,3.4926,2.1434,2.4828,162.9417,140.6703,1.0857,3.8274,-8.7489,221.6843,131208000
2013-08-01,180,2012-11-13,2013-08-01,3.5589,2.1592,2.4964,164.8197,142.5612,1.0857,3.8274,-7.017,227.7895,141393000
2013-08-02,180,2012-11-14,2013-08-02,3.5169,2.1748,2.5096,161.7121,140.1366,1.0857,3.8274,-8.1144,223.9211,138796000
2013-08-05,180,2012-11-15,2013-08-05,3.6263,2.1907,2.5234,165.5318,143.706,1.0857,3.8274,-5.2553,234.0001,229621000
2013-08-06,180,2012-11-16,2013-08-06,3.6557,2.2064,2.5372,165.6859,144.0818,1.0857,3.8274,-4.4864,236.7106,204134000
2013-08-07,180,2012-11-19,2013-08-07,3.5601,2.2223,2.5506,160.1986,139.5802,1.0857,3.8274,-6.9834,227.908,163289000
2013-08-08,180,2012-11-20,2013-08-08,3.5771,2.2384,2.564,159.8092,139.5129,1.0857,3.8274,-6.5393,229.4738,148001000
2013-08-09,180,2012-11-21,2013-08-09,3.6107,2.2544,2.5775,160.1605,140.0836,1.0857,3.8274,-5.6622,232.5659,123228000
2013-08-12,180,2012-11-23,2013-08-12,3.6657,2.2707,2.5913,161.4382,141.4612,1.0857,3.8274,-4.2252,237.6316,178045000
2013-08-13,180,2012-11-26,2013-08-13,3.7027,2.2872,2.6053,161.8873,142.1219,1.0857,3.8274,-3.2585,241.0395,219408000
2013-08-14,180,2012-11-27,2013-08-14,3.7401,2.3044,2.6196,162.3068,142.7768,1.0857,3.8274,-2.2805,244.4869,173999000
2013-08-15,180,2012-11-28,2013-08-15,3.6201,2.3212,2.6331,155.9603,137.4864,1.0857,3.8274,-5.4158,233.4343,166292000
2013-08-16,180,2012-11-29,2013-08-16,3.6981,2.3387,2.6471,158.1272,139.7049,1.0857,3.8274,-3.3779,240.6185,213542000
2013-08-19,180,2012-11-30,2013-08-19,3.7111,2.3568,2.6613,157.4652,139.4501,1.0857,3.8274,-3.0382,241.8159,154973000
2013-08-20,180,2012-12-03,2013-08-20,3.9041,2.3755,2.6765,164.3517,145.8689,1.0857,3.9041,0.0,259.5922,301406000
2013-08-21,180,2012-12-04,2013-08-21,3.8624,2.3964,2.6919,161.1748,143.4833,1.191,3.9041,-1.0685,224.3013,212583000
2013-08-22,180,2012-12-05,2013-08-22,3.8536,2.414,2.7064,159.6313,142.3856,1.191,3.9041,-1.2953,223.5576,99617000
2013-08-23,180,2012-12-06,2013-08-23,3.9766,2.4332,2.7219,163.4271,146.095,1.2114,3.9766,0.0,228.2546,222852000
2013-08-26,180,2012-12-07,2013-08-26,4.0389,2.452,2.7375,164.7197,147.5378,1.2114,4.0389,0.0,233.3961,310177000
2013-08-27,180,2012-12-10,2013-08-27,3.9434,2.4708,2.7526,159.5997,143.2624,1.2114,4.0389,-2.3627,225.5188,231385000
2013-08-28,180,2012-12-11,2013-08-28,4.048,2.4906,2.7684,162.5311,146.2243,1.2297,4.048,0.0,229.1822,193557000
2013-08-29,180,2012-12-12,2013-08-29,4.1121,2.5104,2.7844,163.8043,147.687,1.2761,4.1121,0.0,222.2321,190596000
2013-08-30,180,2012-12-13,2013-08-30,4.0559,2.5289,2.7997,160.3793,144.8678,1.2761,4.1121,-1.3688,217.8215,151494000
2013-09-03,180,2012-12-14,2013-09-03,4.1286,2.5473,2.8153,162.0756,146.6484,1.2761,4.1286,0.0,223.5195,199696000
2013-09-04,180,2012-12-17,2013-09-04,4.1776,2.5659,2.8311,162.8134,147.5605,1.2761,4.1776,0.0,227.3592,197015000
2013-09-05,180,2012-12-18,2013-09-05,4.2159,2.5844,2.847,163.1299,148.0809,1.2761,4.2159,0.0,230.3593,190722000
2013-09-06,180,2012-12-19,2013-09-06,4.1649,2.6027,2.8625,160.0185,145.495,1.2761,4.2159,-1.2097,226.3629,176988000
2013-09-09,180,2012-12-20,2013-09-09,4.2021,2.622,2.8784,160.2678,145.9874,1.2761,4.2159,-0.3253,229.2846,138404000
2013-09-10,180,2012-12-21,2013-09-10,4.4723,2.6422,2.8959,169.2663,154.4375,1.2761,4.4723,0.0,250.4534,366821000
2013-09-11,180,2012-12-24,2013-09-11,4.4043,2.6632,2.9131,165.3731,151.1903,1.2761,4.4723,-1.5205,245.1248,299404000
2013-09-12,180,2012-12-26,2013-09-12,4.3059,2.6848,2.9298,160.377,146.9659,1.2761,4.4723,-3.7213,237.4118,219478000
2013-09-13,180,2012-12-27,2013-09-13,4.3664,2.7068,2.9469,161.3154,148.1704,1.2761,4.4723,-2.367,242.1583,150297000
2013-09-16,180,2012-12-28,2013-09-16,4.3166,2.729,2.9637,158.1741,145.6482,1.2761,4.4723,-3.4818,238.2514,140553000
2013-09-17,180,2012-12-31,2013-09-17,4.2793,2.7519,2.9804,155.5005,143.5819,1.3144,4.4723,-4.3155,225.5624,182007000
2013-09-18,180,2013-01-02,2013-09-18,4.3846,2.7743,2.9974,158.0403,146.2796,1.3144,4.4723,-1.9613,233.5723,137396000
2013-09-19,180,2013-01-03,2013-09-19,4.3643,2.7973,3.0143,156.0201,144.7844,1.3701,4.4723,-2.4149,218.5278,174496000
2013-09-20,180,2013-01-04,2013-09-20,4.4833,2.8192,3.0316,159.0247,147.8863,1.3701,4.4833,0.0,227.213,307916000
2013-09-23,180,2013-01-07,2013-09-23,4.3149,2.8414,3.0479,151.8577,141.5668,1.3701,4.4833,-3.7568,214.9202,320306000
2013-09-24,180,2013-01-08,2013-09-24,4.3784,2.8629,3.0644,152.9342,142.8814,1.3701,4.4833,-2.3388,219.56,187803000
2013-09-25,180,2013-01-09,2013-09-25,4.3877,2.8856,3.081,152.0579,142.4099,1.3701,4.4833,-2.1317,220.2377,146391000
2013-09-26,180,2013-01-10,2013-09-26,4.4787,2.9092,3.0983,153.9511,144.5532,1.3926,4.4833,-0.102,221.6148,124607000
2013-09-27,180,2013-01-11,2013-09-27,4.4629,2.9324,3.1153,152.1906,143.2546,1.3926,4.4833,-0.4557,220.4761,82992000
2013-09-30,180,2013-01-14,2013-09-30,4.4173,2.9548,3.1318,149.4961,141.0447,1.3926,4.4833,-1.4721,217.2036,125286000
2013-10-01,180,2013-01-15,2013-10-01,4.6374,2.9773,3.1494,155.7588,147.2486,1.3926,4.6374,0.0,233.012,296933000
2013-10-02,180,2013-01-16,2013-10-02,4.7247,3.001,3.1676,157.4392,149.1592,1.3926,4.7247,0.0,239.2799,305837000
2013-10-03,180,2013-01-17,2013-10-03,4.596,3.0262,3.1854,151.8721,144.2851,1.3957,4.7247,-2.7243,229.2938,246134000
2013-10-04,180,2013-01-18,2013-10-04,4.6751,3.052,3.2036,153.182,145.9349,1.3973,4.7247,-1.0492,234.5874,168140000
2013-10-07,180,2013-01-22,2013-10-07,4.5451,3.0774,3.221,147.6957,141.1114,1.3973,4.7247,-3.8007,225.2837,146349000
2013-10-08,180,2013-01-23,2013-10-08,4.3189,3.1031,3.2372,139.1809,133.4137,1.4751,4.7247,-8.5901,192.7755,286783000
2013-10-09,180,2013-01-24,2013-10-09,4.1204,3.1265,3.2519,131.79,126.7088,2.098,4.7247,-12.7899,96.398,419489000
2013-10-10,180,2013-01-25,2013-10-10,4.3427,3.1399,3.2644,138.3053,133.0342,2.3159,4.7247,-8.0851,87.5208,306950000
2013-10-11,180,2013-01-28,2013-10-11,4.2979,3.1498,3.2748,136.4466,131.2412,2.3159,4.7247,-9.0346,85.5839,192003000
2013-10-14,180,2013-01-29,2013-10-14,4.6337,3.1618,3.2877,146.5532,140.9428,2.3294,4.7247,-1.926,98.9206,456596000
2013-10-15,180,2013-01-30,2013-10-15,4.5956,3.1727,3.2998,144.8456,139.2697,2.3294,4.7247,-2.7334,97.2832,268485000
2013-10-16,180,2013-01-31,2013-10-16,4.6126,3.184,3.3121,144.8673,139.2651,2.3294,4.7247,-2.3735,98.0129,188433000
2013-10-17,180,2013-02-01,2013-10-17,4.7157,3.196,3.3252,147.5525,141.819,2.3294,4.7247,-0.1905,102.4408,192724000
2013-10-18,180,2013-02-04,2013-10-18,4.7643,3.2082,3.3386,148.5036,142.7051,2.3294,4.7643,0.0,104.5259,254548000
2013-10-21,180,2013-02-05,2013-10-21,5.0713,3.2199,3.3529,157.4997,151.2526,2.3294,5.0713,0.0,117.7051,650902000
2013-10-22,180,2013-02-06,2013-10-22,4.6074,3.2305,3.3646,142.6218,136.9378,2.3294,5.0713,-9.1467,97.7922,1810998000
2013-10-23,180,2013-02-07,2013-10-23,4.7177,3.2403,3.3762,145.5963,139.7349,2.3294,5.0713,-6.972,102.5266,583765000
2013-10-24,180,2013-02-08,2013-10-24,4.7317,3.2504,3.388,145.5726,139.6596,2.3294,5.0713,-6.696,103.1276,335594000
2013-10-25,180,2013-02-11,2013-10-25,4.6861,3.2606,3.3997,143.7192,137.8397,2.3294,5.0713,-7.5946,101.1713,240625000
2013-10-28,180,2013-02-12,2013-10-28,4.4857,3.2707,3.4105,137.1471,131.5263,2.3294,5.0713,-11.5468,92.5671,342608000
2013-10-29,180,2013-02-13,2013-10-29,4.6757,3.2814,3.4224,142.49,136.6225,2.3294,5.0713,-7.8002,100.7236,309365000
2013-10-30,180,2013-02-14,2013-10-30,4.5449,3.2908,3.4328,138.1089,132.394,2.3294,5.0713,-10.3806,95.1061,216405000
2013-10-31,180,2013-02-15,2013-10-31,4.6069,3.3002,3.4435,139.5925,133.7823,2.3294,5.0713,-9.158,97.7677,184898000
2013-11-01,180,2013-02-19,2013-11-01,4.7039,3.3097,3.4546,142.122,136.1606,2.3294,5.0713,-7.2453,101.9318,220206000
2013-11-04,180,2013-02-20,2013-11-04,4.8229,3.3188,3.4658,145.3182,139.154,2.3294,5.0713,-4.8987,107.0403,219191000
2013-11-05,180,2013-02-21,2013-11-05,4.8786,3.3292,3.4781,146.5386,140.2656,2.3294,5.0713,-3.8001,109.4321,172893000
2013-11-06,180,2013-02-22,2013-11-06,4.7947,3.3394,3.4899,143.579,137.3891,2.3294,5.0713,-5.4537,105.8322,207333000
2013-11-07,180,2013-02-25,2013-11-07,4.6694,3.3503,3.5015,139.3733,133.3534,2.3294,5.0713,-7.9242,100.4538,200074000
2013-11-08,180,2013-02-26,2013-11-08,4.7843,3.3617,3.5139,142.3195,136.1534,2.3294,5.0713,-5.6593,105.3845,194488000
2013-11-11,180,2013-02-27,2013-11-11,4.8273,3.3726,3.5261,143.1345,136.9015,2.3294,5.0713,-4.8114,107.2304,168154000
2013-11-12,180,2013-02-28,2013-11-12,4.7676,3.3833,3.538,140.9135,134.7549,2.3294,5.0713,-5.9889,104.6669,122318000
2013-11-13,180,2013-03-01,2013-11-13,4.7897,3.3938,3.5496,141.1332,134.9352,2.3294,5.0713,-5.5523,105.6175,119679000
2013-11-14,180,2013-03-04,2013-11-14,4.8939,3.4044,3.5618,143.7524,137.3984,2.3294,5.0713,-3.4987,110.0883,201047000
2013-11-15,180,2013-03-05,2013-11-15,4.9966,3.4164,3.5752,146.2528,139.7573,2.3294,5.0713,-1.4733,114.4977,201523000
2013-11-18,180,2013-03-06,2013-11-18,4.8824,3.4281,3.5879,142.4225,136.0812,2.3294,5.0713,-3.724,109.5977,202475000
2013-11-19,180,2013-03-07,2013-11-19,4.8184,3.4396,3.6001,140.0869,133.8405,2.3294,5.0713,-4.9861,106.8502,170576000
2013-11-20,180,2013-03-08,2013-11-20,4.8503,3.4514,3.6127,140.5297,134.2578,2.3294,5.0713,-4.3579,108.2178,194817000
2013-11-21,180,2013-03-11,2013-11-21,4.9786,3.4633,3.6257,143.7539,137.3147,2.3294,5.0713,-1.8282,113.725,159894000
2013-11-22,180,2013-03-12,2013-11-22,4.9693,3.4757,3.639,142.9704,136.5582,2.3294,5.0713,-2.0113,113.3264,142023000
2013-11-25,180,2013-03-13,2013-11-25,5.0034,3.4882,3.6523,143.4398,136.9941,2.3294,5.0713,-1.3381,114.7921,139846000
2013-11-26,180,2013-03-14,2013-11-26,5.0743,3.4995,3.6652,145.0009,138.4443,2.3294,5.0743,0.0,117.8339,146832000
2013-11-27,180,2013-03-15,2013-11-27,5.1784,3.5117,3.679,147.4633,140.755,2.3294,5.1784,0.0,122.3047,168329000
2013-11-29,180,2013-03-18,2013-11-29,5.2257,3.5246,3.6934,148.266,141.488,2.3294,5.2257,0.0,124.3345,83881000
2013-12-02,180,2013-03-19,2013-12-02,5.1989,3.5374,3.7076,146.9702,140.2235,2.3294,5.2257,-0.5139,123.1816,116753000
2013-12-03,180,2013-03-20,2013-12-03,5.1849,3.5508,3.722,146.0182,139.3044,2.3294,5.2257,-0.7818,122.5806,134008000
2013-12-04,180,2013-03-21,2013-12-04,5.0896,3.5639,3.7357,142.809,136.2411,2.3294,5.2257,-2.6053,118.4901,193956000
2013-12-05,180,2013-03-22,2013-12-05,5.1151,3.5773,3.7497,142.9891,136.4153,2.3294,5.2257,-2.1159,119.5878,137935000
2013-12-06,180,2013-03-25,2013-12-06,5.0634,3.5908,3.7634,141.0129,134.5431,2.3294,5.2257,-3.1055,117.3678,120757000
2013-12-09,180,2013-03-26,2013-12-09,5.081,3.6044,3.7773,140.9648,134.5139,2.3294,5.2257,-2.7693,118.1221,117187000
2013-12-10,180,2013-03-27,2013-12-10,5.1871,3.6171,3.791,143.4069,136.8281,2.3294,5.2257,-0.7381,122.6787,140896000
2013-12-11,180,2013-03-28,2013-12-11,5.1997,3.6299,3.8048,143.247,136.6626,2.3294,5.2257,-0.4975,123.2184,200669000
2013-12-12,180,2013-04-01,2013-12-12,5.3333,3.6433,3.8194,146.3866,139.6371,2.3294,5.3333,0.0,128.9525,213185000
2013-12-13,180,2013-04-02,2013-12-13,5.271,3.6576,3.8342,144.1089,137.4735,2.3294,5.3333,-1.1679,126.2786,178549000
2013-12-16,180,2013-04-03,2013-12-16,5.233,3.673,3.8492,142.4738,135.9488,2.3294,5.3333,-1.8804,124.6473,139111000
2013-12-17,180,2013-04-04,2013-12-17,5.3553,3.6899,3.8655,145.1318,138.5397,2.3294,5.3553,0.0,129.8969,184485000
2013-12-18,180,2013-04-05,2013-12-18,5.3749,3.7077,3.8822,144.9638,138.4504,2.3294,5.3749,0.0,130.7371,198814000
2013-12-19,180,2013-04-08,2013-12-19,5.382,3.7261,3.899,144.4409,138.0359,2.3294,5.382,0.0,131.0437,138495000
2013-12-20,180,2013-04-09,2013-12-20,5.3667,3.7449,3.9159,143.3063,137.0507,2.3339,5.382,-0.284,129.9504,188174000
2013-12-23,180,2013-04-10,2013-12-23,5.4369,3.7629,3.9326,144.4864,138.2501,2.3339,5.4369,0.0,132.9559,126245000
2013-12-24,180,2013-04-11,2013-12-24,5.4056,3.7816,3.9495,142.9447,136.8681,2.3339,5.4369,-0.5754,131.6153,55776000
2013-12-26,180,2013-04-12,2013-12-26,5.3847,3.7991,3.9657,141.7383,135.7836,2.3339,5.4369,-0.9591,130.7217,122689000
2013-12-27,180,2013-04-15,2013-12-27,5.25,3.8163,3.9811,137.5691,131.8738,2.3339,5.4369,-3.4369,124.9495,169484000
2013-12-30,180,2013-04-16,2013-12-30,5.2427,3.833,3.9962,136.7786,131.1926,2.3339,5.4369,-3.5709,124.6373,150752000
2013-12-31,180,2013-04-17,2013-12-31,5.2596,3.85,4.0115,136.6108,131.1136,2.3339,5.4369,-3.2608,125.3596,105168000
2014-01-02,180,2013-04-18,2014-01-02,5.1831,3.8683,4.0268,133.9911,128.7157,2.3339,5.4369,-4.6666,122.0849,123256000
2014-01-03,180,2013-04-19,2014-01-03,5.1871,3.8879,4.0426,133.4187,128.3111,2.3339,5.4369,-4.593,122.2562,108171000
2014-01-06,180,2013-04-22,2014-01-06,5.1367,3.9076,4.0582,131.4544,126.5761,2.491,5.4369,-5.5205,106.2109,155015000
2014-01-07,180,2013-04-23,2014-01-07,4.85,3.9242,4.0713,123.5909,119.1263,2.9464,5.4369,-10.794,64.606,361676000
2014-01-08,180,2013-04-24,2014-01-08,4.8713,3.9343,4.0811,123.8159,119.3606,2.9464,5.4369,-10.4025,65.3285,200011000
2014-01-09,180,2013-04-25,2014-01-09,4.815,3.9442,4.0907,122.0768,117.706,2.9464,5.4369,-11.4378,63.4182,170072000
2014-01-10,180,2013-04-26,2014-01-10,4.7449,3.9544,4.1001,119.9907,115.7255,2.9464,5.4369,-12.7279,61.0375,162379000
2014-01-13,180,2013-04-29,2014-01-13,4.8116,3.9645,4.1097,121.3653,117.0779,2.9464,5.4369,-11.5009,63.3018,272370000
2014-01-14,180,2013-04-30,2014-01-14,4.828,3.9749,4.1195,121.462,117.1993,2.9464,5.4369,-11.1987,63.8594,197400000
2014-01-15,180,2013-05-01,2014-01-15,4.7197,3.9848,4.1285,118.4438,114.3189,2.9464,5.4369,-13.1904,60.1842,404320000
2014-01-16,180,2013-05-02,2014-01-16,4.7383,3.9952,4.138,118.6,114.5074,2.9464,5.4369,-12.8488,60.8145,211358000
2014-01-17,180,2013-05-03,2014-01-17,4.7149,4.0053,4.1471,117.7143,113.6892,2.9464,5.4369,-13.2797,60.0194,164171000
2014-01-21,180,2013-05-06,2014-01-21,4.6959,4.0156,4.1563,116.9399,112.9818,2.9464,5.4369,-13.6292,59.3745,252203000
2014-01-22,180,2013-05-07,2014-01-22,4.7676,4.0266,4.1661,118.4013,114.4384,2.9464,5.4369,-12.3102,61.8084,483420000
2014-01-23,180,2013-05-08,2014-01-23,5.5531,4.041,4.1805,137.4193,132.8331,2.9663,5.5531,0.0,87.2086,912800000
2014-01-24,180,2013-05-09,2014-01-24,5.5154,4.0551,4.1946,136.0134,131.488,2.9663,5.5531,-0.6791,85.9372,354669000
2014-01-27,180,2013-05-10,2014-01-27,5.4461,4.0679,4.2077,133.8817,129.4326,2.9663,5.5531,-1.9268,83.6014,325269000
2014-01-28,180,2013-05-13,2014-01-28,5.811,4.0817,4.2227,142.3683,137.613,2.9663,5.811,0.0,95.9015,435904000
2014-01-29,180,2013-05-14,2014-01-29,5.7203,4.0938,4.2363,139.7316,135.0306,2.9663,5.811,-1.5611,92.8434,289681000
2014-01-30,180,2013-05-15,2014-01-30,5.781,4.1056,4.2498,140.8094,136.0288,2.9663,5.811,-0.5163,94.8902,183792000
2014-01-31,180,2013-05-16,2014-01-31,5.8476,4.1165,4.263,142.0521,137.1702,2.9663,5.8476,0.0,97.1344,236250000
2014-02-03,180,2013-05-17,2014-02-03,5.7769,4.128,4.2763,139.9421,135.0905,2.9663,5.8476,-1.2093,94.7505,201453000
2014-02-04,180,2013-05-20,2014-02-04,5.7987,4.1395,4.2895,140.0836,135.1829,2.9663,5.8476,-0.8355,95.4874,180663000
2014-02-05,180,2013-05-21,2014-02-05,5.7774,4.1508,4.3026,139.187,134.2771,2.9663,5.8476,-1.1995,94.7698,167629000
2014-02-06,180,2013-05-22,2014-02-06,5.8273,4.1627,4.3162,139.9879,135.0104,2.9663,5.8476,-0.3469,96.4506,128520000
2014-02-07,180,2013-05-23,2014-02-07,6.1426,4.1766,4.3322,147.0723,141.79,2.9663,6.1426,0.0,107.0795,329210000
2014-02-10,180,2013-05-24,2014-02-10,6.1491,4.1908,4.3484,146.728,141.4126,2.9663,6.1491,0.0,107.3011,138124000
2014-02-11,180,2013-05-28,2014-02-11,6.1999,4.205,4.3647,147.4396,142.0467,2.9663,6.1999,0.0,109.0108,136675000
2014-02-12,180,2013-05-29,2014-02-12,6.1276,4.2212,4.3817,145.1635,139.8445,2.9663,6.1999,-1.1659,106.5738,156730000
2014-02-13,180,2013-05-30,2014-02-13,6.2364,4.2375,4.3993,147.1717,141.7609,2.9663,6.2364,0.0,110.2437,187005000
2014-02-14,180,2013-05-31,2014-02-14,6.2216,4.2529,4.4162,146.29,140.8821,2.9663,6.2364,-0.2382,109.7428,119854000
2014-02-18,180,2013-06-03,2014-02-18,6.2407,4.2679,4.4329,146.223,140.7828,2.9663,6.2407,0.0,110.3881,155078000
2014-02-19,180,2013-06-04,2014-02-19,6.1176,4.2834,4.4492,142.8215,137.4971,2.9663,6.2407,-1.9732,106.2367,160314000
2014-02-20,180,2013-06-05,2014-02-20,6.2136,4.2987,4.4659,144.5458,139.1344,2.9663,6.2407,-0.4349,109.4731,119651000
2014-02-21,180,2013-06-06,2014-02-21,6.1747,4.3143,4.4824,143.1228,137.7533,2.9663,6.2407,-1.0576,108.1631,134834000
2014-02-24,180,2013-06-07,2014-02-24,6.3857,4.3314,4.5006,147.4286,141.8846,2.9663,6.3857,0.0,115.2764,260435000
2014-02-25,180,2013-06-10,2014-02-25,6.4719,4.3485,4.5191,148.8301,143.2107,2.9663,6.4719,0.0,118.1805,187005000
2014-02-26,180,2013-06-11,2014-02-26,6.4113,4.3655,4.5372,146.8642,141.3049,2.9663,6.4719,-0.9359,116.1385,150101000
2014-02-27,180,2013-06-12,2014-02-27,6.4604,4.3837,4.5561,147.374,141.7982,2.9663,6.4719,-0.1766,117.7952,103047000
2014-02-28,180,2013-06-13,2014-02-28,6.3661,4.403,4.575,144.5864,139.1519,3.0156,6.4719,-1.6334,111.109,157514000
2014-03-03,180,2013-06-14,2014-03-03,6.3656,4.4212,4.5932,143.9796,138.586,3.0156,6.4719,-1.6423,111.0901,135282000
2014-03-04,180,2013-06-17,2014-03-04,6.4997,4.4401,4.6124,146.3881,140.9196,3.0156,6.4997,0.0,115.5384,123879000
2014-03-05,180,2013-06-18,2014-03-05,6.4786,4.4567,4.6302,145.3684,139.9213,3.0156,6.4997,-0.3253,114.8373,108689000
2014-03-06,180,2013-06-19,2014-03-06,6.4359,4.4733,4.6477,143.8717,138.4726,3.0156,6.4997,-0.9825,113.4208,118090000
2014-03-07,180,2013-06-20,2014-03-07,6.4053,4.4895,4.6649,142.6716,137.3082,3.0156,6.4997,-1.4528,112.4071,115738000
2014-03-10,180,2013-06-21,2014-03-10,6.285,4.5068,4.6821,139.4544,134.2354,3.0156,6.4997,-3.3034,108.4182,154392000
2014-03-11,180,2013-06-24,2014-03-11,6.2497,4.5253,4.6996,138.1065,132.9845,3.0156,6.4997,-3.8463,107.2481,104482000
2014-03-12,180,2013-06-25,2014-03-12,6.2369,4.5441,4.7171,137.253,132.2175,3.0156,6.4997,-4.0441,106.8218,121345000
2014-03-13,180,2013-06-26,2014-03-13,6.1437,4.5632,4.7344,134.6365,129.7688,3.0156,6.4997,-5.4772,103.733,113904000
2014-03-14,180,2013-06-27,2014-03-14,6.0641,4.5824,4.7512,132.3365,127.6337,3.0156,6.4997,-6.7014,101.0944,149891000
2014-03-17,180,2013-06-28,2014-03-17,6.0389,4.6011,4.7677,131.2478,126.6619,3.0156,6.4997,-7.0904,100.2558,106953000
2014-03-18,180,2013-07-01,2014-03-18,6.0036,4.6206,4.7843,129.9304,125.4849,3.1559,6.4997,-7.6333,90.2358,146881000
2014-03-19,180,2013-07-02,2014-03-19,6.0013,4.6379,4.7998,129.3959,125.031,3.1559,6.4997,-7.6685,90.1634,105315000
2014-03-20,180,2013-07-03,2014-03-20,6.061,4.6561,4.8159,130.1746,125.8531,3.1559,6.4997,-6.7497,92.0556,144949000
2014-03-21,180,2013-07-05,2014-03-21,5.7999,4.6735,4.8306,124.1005,120.0644,3.2157,6.4997,-10.7675,80.3599,267708000
2014-03-24,180,2013-07-08,2014-03-24,5.4129,4.6889,4.8428,115.4402,111.7706,3.33,6.4997,-16.7216,62.5483,424837000
2014-03-25,180,2013-07-09,2014-03-25,5.2977,4.7025,4.8538,112.6563,109.1466,3.4471,6.4997,-18.4931,53.6842,303569000
2014-03-26,180,2013-07-10,2014-03-26,5.3183,4.7142,4.8637,112.8133,109.3471,3.4471,6.4997,-18.1766,54.281,271523000
2014-03-27,180,2013-07-11,2014-03-27,5.2026,4.726,4.8732,110.0844,106.7583,3.4471,6.4997,-19.9569,50.9241,286720000
2014-03-28,180,2013-07-12,2014-03-28,5.1267,4.7374,4.8823,108.2183,105.0055,3.4471,6.4997,-21.124,48.7236,246995000
2014-03-31,180,2013-07-15,2014-03-31,5.029,4.7465,4.8898,105.9511,102.8457,3.4471,6.4997,-22.6274,45.8889,221256000
2014-04-01,180,2013-07-16,2014-04-01,5.2099,4.7565,4.8983,109.5316,106.3601,3.4471,6.4997,-19.8448,51.1355,213388000
2014-04-02,180,2013-07-17,2014-04-02,5.184,4.766,4.9064,108.7696,105.6569,3.4471,6.4997,-20.2426,50.3854,241941000
2014-04-03,180,2013-07-18,2014-04-03,5.067,4.7741,4.9133,106.1348,103.1276,3.4471,6.4997,-22.0427,46.9913,219835000
2014-04-04,180,2013-07-19,2014-04-04,4.8187,4.7811,4.919,100.7862,97.9621,3.4471,6.4997,-25.8627,39.7886,349580000
2014-04-07,180,2013-07-22,2014-04-07,4.8286,4.7884,4.9248,100.8382,98.0463,3.4471,6.4997,-25.711,40.0746,373513000
2014-04-08,180,2013-07-23,2014-04-08,4.9841,4.7969,4.9317,103.9028,101.0637,3.4471,6.4997,-23.3175,44.5876,257614000
2014-04-09,180,2013-07-24,2014-04-09,5.0433,4.8074,4.9398,104.9076,102.0941,3.4471,6.4997,-22.4076,46.3034,205114000
2014-04-10,180,2013-07-25,2014-04-10,4.7819,4.8178,4.9473,99.2544,96.6567,3.4823,6.4997,-26.4297,37.3195,248710000
2014-04-11,180,2013-07-26,2014-04-11,4.6673,4.8268,4.9536,96.6962,94.22,3.4823,6.4997,-28.1924,34.0294,301462000
2014-04-14,180,2013-07-29,2014-04-14,4.7369,4.8362,4.9604,97.9453,95.494,3.4823,6.4997,-27.1221,36.0272,179942000
2014-04-15,180,2013-07-30,2014-04-15,4.661,4.8455,4.9668,96.1924,93.8427,3.4823,6.4997,-28.2892,33.8489,307993000
2014-04-16,180,2013-07-31,2014-04-16,4.7344,4.8554,4.9738,97.508,95.1877,3.4926,6.4997,-27.1594,35.5571,161147000
2014-04-17,180,2013-08-01,2014-04-17,4.9391,4.8664,4.9818,101.4941,99.1434,3.5169,6.4997,-24.0098,40.442,321160000
2014-04-21,180,2013-08-02,2014-04-21,4.9784,4.877,4.9897,102.0798,99.774,3.5169,6.4997,-23.4054,41.559,478926000
2014-04-22,180,2013-08-05,2014-04-22,5.3271,4.8898,4.9998,108.944,106.548,3.5601,6.4997,-18.0403,49.6328,647024000
2014-04-23,180,2013-08-06,2014-04-23,5.05,4.9001,5.0077,103.0581,100.8453,3.5601,6.4997,-22.3043,41.8482,402850000
2014-04-24,180,2013-08-07,2014-04-24,4.9153,4.9095,5.0147,100.1175,98.0182,3.5601,6.4997,-24.3769,38.0643,306390000
2014-04-25,180,2013-08-08,2014-04-25,4.6011,4.918,5.0205,93.5564,91.648,3.5771,6.4997,-29.2101,28.6262,330715000
2014-04-28,180,2013-08-09,2014-04-28,4.4887,4.9257,5.0255,91.1288,89.3185,3.6107,6.4997,-30.9398,24.3165,471233000
2014-04-29,180,2013-08-12,2014-04-29,4.5696,4.9335,5.0308,92.6228,90.8311,3.6201,6.4997,-29.6958,26.2263,231329000
2014-04-30,180,2013-08-13,2014-04-30,4.6006,4.941,5.036,93.1094,91.353,3.6201,6.4997,-29.2189,27.0826,236187000
2014-05-01,180,2013-08-14,2014-05-01,4.8074,4.9495,5.0422,97.1302,95.3444,3.6201,6.4997,-26.0363,32.7967,370013000
2014-05-02,180,2013-08-15,2014-05-02,4.8664,4.9579,5.0484,98.155,96.3949,3.6201,6.4997,-25.1286,34.4264,261947000
2014-05-05,180,2013-08-16,2014-05-05,4.9197,4.9679,5.0557,99.0303,97.3112,3.6981,6.4997,-24.3088,33.032,203308000
2014-05-06,180,2013-08-19,2014-05-06,4.6599,4.9756,5.061,93.6551,92.074,3.7111,6.4997,-28.3067,25.5639,227227000
2014-05-07,180,2013-08-20,2014-05-07,4.5791,4.9826,5.0658,91.9029,90.393,3.8536,6.4997,-29.5485,18.8286,256809000
2014-05-08,180,2013-08-21,2014-05-08,4.5951,4.9879,5.0697,92.1257,90.6402,3.8536,6.4997,-29.3024,19.2438,211687000
2014-05-09,180,2013-08-22,2014-05-09,4.6936,4.9943,5.0743,93.9795,92.4974,3.8536,6.4997,-27.788,21.798,179683000
2014-05-12,180,2013-08-23,2014-05-12,4.935,5.0021,5.0803,98.6577,97.1403,3.9434,6.4997,-24.0736,25.1449,213955000
2014-05-13,180,2013-08-26,2014-05-13,4.9591,5.0091,5.0857,99.0031,97.5108,3.9434,6.4997,-23.7021,25.7571,208320000
2014-05-14,180,2013-08-27,2014-05-14,5.0269,5.0159,5.0912,100.219,98.7357,3.9434,6.4997,-22.6603,27.4743,198919000
2014-05-15,180,2013-08-28,2014-05-15,4.917,5.0229,5.0966,97.8917,96.4754,4.048,6.4997,-24.3505,21.4674,233702000
2014-05-16,180,2013-08-29,2014-05-16,4.9983,5.0295,5.1019,99.3796,97.9688,4.0559,6.4997,-23.0999,23.2362,190722000
2014-05-19,180,2013-08-30,2014-05-19,5.2071,5.0367,5.108,103.3843,101.941,4.0559,6.4997,-19.8866,28.3858,253932000
2014-05-20,180,2013-09-03,2014-05-20,5.3096,5.0449,5.115,105.2462,103.8047,4.1204,6.4997,-18.3107,28.8597,288281000
2014-05-21,180,2013-09-04,2014-05-21,5.58,5.0538,5.123,110.4113,108.92,4.1204,6.4997,-14.1501,35.4228,399399000
2014-05-22,180,2013-09-05,2014-05-22,5.5971,5.0625,5.1309,110.5618,109.0867,4.1204,6.4997,-13.8863,35.8388,332227000
2014-05-23,180,2013-09-06,2014-05-23,5.7479,5.0715,5.1394,113.337,111.8385,4.1204,6.4997,-11.5675,39.4966,221221000
2014-05-27,180,2013-09-09,2014-05-27,5.6973,5.0807,5.1479,112.1354,110.6712,4.1204,6.4997,-12.3456,38.2692,267351000
2014-05-28,180,2013-09-10,2014-05-28,5.732,5.0898,5.1564,112.6164,111.162,4.1204,6.4997,-11.8115,39.1117,198737000
2014-05-29,180,2013-09-11,2014-05-29,5.9314,5.0978,5.1645,116.3533,114.849,4.1204,6.4997,-8.7432,43.9517,228445000
2014-05-30,180,2013-09-12,2014-05-30,5.969,5.1064,5.1732,116.8929,115.3823,4.1204,6.4997,-8.1652,44.8636,292488000
2014-06-02,180,2013-09-13,2014-06-02,6.0294,5.116,5.1828,117.8539,116.3351,4.1204,6.4997,-7.2355,46.3301,204806000
2014-06-03,180,2013-09-16,2014-06-03,5.9653,5.125,5.1917,116.3967,114.9005,4.1204,6.4997,-8.2223,44.7734,171332000
2014-06-04,180,2013-09-17,2014-06-04,6.0459,5.1346,5.2013,117.7463,116.2374,4.1204,6.4997,-6.9827,46.7288,174328000
2014-06-05,180,2013-09-18,2014-06-05,6.1193,5.145,5.2115,118.9375,117.4183,4.1204,6.4997,-5.853,48.5109,189308000
2014-06-06,180,2013-09-19,2014-06-06,6.1447,5.1546,5.2213,119.2087,117.6854,4.1204,6.4997,-5.4618,49.128,157304000
2014-06-09,180,2013-09-20,2014-06-09,6.0441,5.164,5.2306,117.0438,115.5527,4.1204,6.4997,-7.0091,46.6872,166789000
2014-06-10,180,2013-09-23,2014-06-10,6.1184,5.1728,5.2397,118.2797,116.7702,4.1204,6.4997,-5.8662,48.4901,229201000
2014-06-11,180,2013-09-24,2014-06-11,6.1429,5.1831,5.2499,118.5166,117.0096,4.1204,6.4997,-5.4903,49.0829,137459000
2014-06-12,180,2013-09-25,2014-06-12,6.035,5.1925,5.2591,116.2254,114.7539,4.1204,6.4997,-7.1498,46.4653,158032000
2014-06-13,180,2013-09-26,2014-06-13,6.1101,5.2021,5.2686,117.4545,115.9718,4.1204,6.4997,-5.9937,48.289,157787000
2014-06-16,180,2013-09-27,2014-06-16,6.1466,5.2113,5.2779,117.9479,116.4584,4.1204,6.4997,-5.4332,49.1731,125062000
2014-06-17,180,2013-09-30,2014-06-17,6.3379,5.2213,5.2883,121.3851,119.8461,4.1204,6.4997,-2.4902,53.8155,289961000
2014-06-18,180,2013-10-01,2014-06-18,6.4097,5.232,5.2994,122.5107,120.9517,4.1204,6.4997,-1.3847,55.5594,187866000
2014-06-19,180,2013-10-02,2014-06-19,6.3056,5.2407,5.3087,120.3204,118.7788,4.1204,6.4997,-2.9869,53.0319,173082000
2014-06-20,180,2013-10-03,2014-06-20,6.2883,5.2487,5.3174,119.8067,118.2597,4.1204,6.4997,-3.2529,52.6124,132223000
2014-06-23,180,2013-10-04,2014-06-23,6.2789,5.2576,5.3267,119.4236,117.8751,4.1204,6.4997,-3.3979,52.3836,106729000
2014-06-24,180,2013-10-07,2014-06-24,6.2337,5.2659,5.3354,118.3798,116.8377,4.1204,6.4997,-4.0925,51.288,203672000
2014-06-25,180,2013-10-08,2014-06-25,6.3459,5.2755,5.3454,120.2893,118.717,4.1204,6.4997,-2.3671,54.0096,157521000
2014-06-26,180,2013-10-09,2014-06-26,6.2801,5.2867,5.3563,118.7914,117.2486,4.1204,6.4997,-3.3782,52.4148,142373000
2014-06-27,180,2013-10-10,2014-06-27,6.3154,5.2998,5.3685,119.1629,117.6396,4.2979,6.4997,-2.8353,46.9437,155876000
2014-06-30,180,2013-10-11,2014-06-30,6.2943,5.311,5.3793,118.5143,117.0094,4.2979,6.4997,-3.1606,46.4517,105889000
2014-07-01,180,2013-10-14,2014-07-01,6.7586,5.3243,5.393,126.9382,125.3219,4.4857,6.7586,0.0,50.6688,379953000
2014-07-02,180,2013-10-15,2014-07-02,6.6677,5.3347,5.4043,124.9878,123.3787,4.4857,6.7586,-1.3443,48.6433,173096000
2014-07-03,180,2013-10-16,2014-07-03,6.7479,5.3457,5.4162,126.23,124.586,4.4857,6.7586,-0.1585,50.4299,113596000
2014-07-07,180,2013-10-17,2014-07-07,6.5803,5.356,5.4272,122.8583,121.2474,4.4857,6.7586,-2.6379,46.6943,182966000
2014-07-08,180,2013-10-18,2014-07-08,6.3579,5.3647,5.4363,118.5119,116.9523,4.4857,6.7586,-5.929,41.7357,261828000
2014-07-09,180,2013-10-21,2014-07-09,6.3286,5.373,5.445,117.7836,116.2278,4.4857,6.7586,-6.3623,41.0828,210112000
2014-07-10,180,2013-10-22,2014-07-10,6.265,5.3791,5.4516,116.4697,114.9203,4.4857,6.7586,-7.3029,39.6656,243887000
2014-07-11,180,2013-10-23,2014-07-11,6.2851,5.3884,5.4609,116.6419,115.0931,4.4857,6.7586,-7.0049,40.1147,142191000
2014-07-14,180,2013-10-24,2014-07-14,6.4654,5.3977,5.4706,119.7819,118.1843,4.4857,6.7586,-4.3373,44.1338,174335000
2014-07-15,180,2013-10-25,2014-07-15,6.4156,5.4067,5.48,118.6605,117.0727,4.4857,6.7586,-5.075,43.0223,135058000
2014-07-16,180,2013-10-28,2014-07-16,6.3491,5.4158,5.4892,117.2347,115.6655,4.4857,6.7586,-6.0579,41.5414,134386000
2014-07-17,180,2013-10-29,2014-07-17,6.2766,5.4261,5.4992,115.6729,114.1366,4.4887,6.7586,-7.1317,39.83,132664000
2014-07-18,180,2013-10-30,2014-07-18,6.3453,5.4354,5.5085,116.7409,115.1918,4.4887,6.7586,-6.115,41.3609,117607000
2014-07-21,180,2013-10-31,2014-07-21,6.4564,5.4461,5.5191,118.552,116.984,4.4887,6.7586,-4.4705,43.8369,346710000
2014-07-22,180,2013-11-01,2014-07-22,6.1584,5.4551,5.5277,112.8931,111.4105,4.4887,6.7586,-8.8797,37.1981,571746000
2014-07-23,180,2013-11-04,2014-07-23,6.1129,5.4632,5.5355,111.8913,110.4297,4.4887,6.7586,-9.554,36.1828,172676000
2014-07-24,180,2013-11-05,2014-07-24,6.0769,5.4703,5.5425,111.0878,109.6414,4.4887,6.7586,-10.0867,35.3808,186214000
2014-07-25,180,2013-11-06,2014-07-25,6.0266,5.4768,5.5489,110.0379,108.6091,4.4887,6.7586,-10.8307,34.2605,116102000
2014-07-28,180,2013-11-07,2014-07-28,6.0666,5.4841,5.5559,110.6208,109.1909,4.4887,6.7586,-10.2389,35.1516,119609000
2014-07-29,180,2013-11-08,2014-07-29,6.0611,5.4923,5.5637,110.3563,108.9416,4.4887,6.7586,-10.3192,35.0307,92820000
2014-07-30,180,2013-11-11,2014-07-30,6.2051,5.5004,5.5716,112.8131,111.3719,4.4887,6.7586,-8.1885,38.2388,152635000
2014-07-31,180,2013-11-12,2014-07-31,6.0389,5.5074,5.5783,109.6505,108.2565,4.4887,6.7586,-10.6489,34.5342,138201000
2014-08-01,180,2013-11-13,2014-08-01,6.0771,5.515,5.5856,110.1931,108.801,4.4887,6.7586,-10.0824,35.3872,189476000
2014-08-04,180,2013-11-14,2014-08-04,6.0386,5.5223,5.5925,109.3488,107.9763,4.4887,6.7586,-10.6531,34.5279,106869000
2014-08-05,180,2013-11-15,2014-08-05,6.0407,5.5289,5.5989,109.2575,107.8917,4.4887,6.7586,-10.6214,34.5756,106533000
2014-08-06,180,2013-11-18,2014-08-06,6.1471,5.5352,5.6053,111.0545,109.6674,4.4887,6.7586,-9.0467,36.9466,158354000
2014-08-07,180,2013-11-19,2014-08-07,6.4239,5.5436,5.6138,115.8782,114.4292,4.4887,6.7586,-4.9524,43.1113,273133000
2014-08-08,180,2013-11-20,2014-08-08,6.3693,5.5523,5.6224,114.715,113.2833,4.4887,6.7586,-5.7599,41.8956,154952000
2014-08-11,180,2013-11-21,2014-08-11,6.4506,5.561,5.6313,115.9957,114.5479,4.4887,6.7586,-4.5572,43.7064,132468000
2014-08-12,180,2013-11-22,2014-08-12,6.3773,5.5686,5.6391,114.5218,113.0904,4.4887,6.7586,-5.6415,42.0738,108451000
2014-08-13,180,2013-11-25,2014-08-13,6.4504,5.5766,5.6473,115.6697,114.2208,4.4887,6.7586,-4.5593,43.7033,90580000
2014-08-14,180,2013-11-26,2014-08-14,6.441,5.5843,5.6553,115.341,113.8928,4.4887,6.7586,-4.6988,43.4932,66766000
2014-08-15,180,2013-11-27,2014-08-15,6.5584,5.592,5.6636,117.2813,115.8004,4.4887,6.7586,-2.9613,46.1093,220367000
2014-08-18,180,2013-11-29,2014-08-18,6.6571,5.5995,5.6718,118.888,117.3731,4.4887,6.7586,-1.5007,48.3085,134960000
2014-08-19,180,2013-12-02,2014-08-19,6.6879,5.6068,5.6799,119.281,117.746,4.4887,6.7586,-1.0463,48.9927,108976000
2014-08-20,180,2013-12-03,2014-08-20,6.7456,5.6145,5.6885,120.1451,118.5827,4.4887,6.7586,-0.1923,50.2785,121639000
2014-08-21,180,2013-12-04,2014-08-21,6.7436,5.6223,5.6972,119.9425,118.3674,4.4887,6.7586,-0.2219,50.2339,117467000
2014-08-22,180,2013-12-05,2014-08-22,6.8456,5.6312,5.7069,121.565,119.9523,4.4887,6.8456,0.0,52.5063,137354000
2014-08-25,180,2013-12-06,2014-08-25,6.8704,5.64,5.7167,121.8158,120.1826,4.4887,6.8704,0.0,53.0601,134848000
2014-08-26,180,2013-12-09,2014-08-26,6.848,5.6491,5.7266,121.2223,119.5828,4.4887,6.8704,-0.3265,52.5604,101374000
2014-08-27,180,2013-12-10,2014-08-27,6.7814,5.6579,5.736,119.8579,118.2253,4.4887,6.8704,-1.2954,51.0773,103943000
2014-08-28,180,2013-12-11,2014-08-28,6.7887,5.666,5.7449,119.8152,118.169,4.4887,6.8704,-1.1894,51.2396,75845000
2014-08-29,180,2013-12-12,2014-08-29,6.8234,5.6742,5.7539,120.2544,118.5871,4.4887,6.8704,-0.6841,52.013,98385000
2014-09-02,180,2013-12-13,2014-09-02,6.8086,5.6814,5.7621,119.8388,118.1605,4.4887,6.8704,-0.9004,51.682,88067000
2014-09-03,180,2013-12-16,2014-09-03,6.8199,5.6892,5.7707,119.8742,118.1799,4.4887,6.8704,-0.7361,51.9334,162190000
2014-09-04,180,2013-12-17,2014-09-04,6.7524,5.6969,5.7792,118.5277,116.8406,4.4887,6.8704,-1.7175,50.4313,119588000
2014-09-05,180,2013-12-18,2014-09-05,6.7954,5.7041,5.7872,119.1331,117.4221,4.4887,6.8704,-1.0916,51.3892,119532000
2014-09-08,180,2013-12-19,2014-09-08,6.8476,5.7113,5.7954,119.895,118.156,4.4887,6.8704,-0.3327,52.5508,76685000
2014-09-09,180,2013-12-20,2014-09-09,6.843,5.7185,5.8035,119.6642,117.912,4.4887,6.8704,-0.3992,52.449,197379000
2014-09-10,180,2013-12-23,2014-09-10,6.9199,5.7261,5.8121,120.8474,119.0593,4.4887,6.9199,0.0,54.1612,91049000
2014-09-11,180,2013-12-24,2014-09-11,6.8794,5.7331,5.8201,119.994,118.2007,4.4887,6.9199,-0.5842,53.2606,78652000
2014-09-12,180,2013-12-26,2014-09-12,6.8079,5.7401,5.8279,118.6015,116.8146,4.4887,6.9199,-1.6185,51.6661,134253000
2014-09-15,180,2013-12-27,2014-09-15,6.5393,5.7461,5.8343,113.8035,112.0829,4.4887,6.9199,-5.4997,45.6828,206171000
2014-09-16,180,2013-12-30,2014-09-16,6.5273,5.753,5.8414,113.4595,111.7413,4.4887,6.9199,-5.6731,45.4155,268387000
2014-09-17,180,2013-12-31,2014-09-17,6.4933,5.7597,5.8484,112.736,111.0272,4.4887,6.9199,-6.1644,44.658,121331000
2014-09-18,180,2014-01-02,2014-09-18,6.5573,5.7667,5.8556,113.7101,111.9835,4.4887,6.9199,-5.2396,46.0838,106302000
2014-09-19,180,2014-01-03,2014-09-19,6.536,5.7741,5.8631,113.1959,111.4769,4.4887,6.9199,-5.5472,45.6096,119609000
2014-09-22,180,2014-01-06,2014-09-22,6.3254,5.7805,5.8694,109.4272,107.7692,4.4887,6.9199,-8.5902,40.9185,161693000
2014-09-23,180,2014-01-07,2014-09-23,6.3414,5.7874,5.8761,109.5737,107.9187,4.4887,6.9199,-8.359,41.275,114716000
2014-09-24,180,2014-01-08,2014-09-24,6.4366,5.7968,5.8849,111.0359,109.3738,4.4887,6.9199,-6.984,43.3945,95515000
2014-09-25,180,2014-01-09,2014-09-25,6.3356,5.8057,5.8931,109.1266,107.509,4.4887,6.9199,-8.4436,41.1445,98399000
2014-09-26,180,2014-01-10,2014-09-26,6.4107,5.8154,5.9019,110.2368,108.6207,4.4887,6.9199,-7.3577,42.8185,104048000
2014-09-29,180,2014-01-13,2014-09-29,6.4223,5.8258,5.9112,110.2393,108.6452,4.4887,6.9199,-7.1905,43.0763,95165000
2014-09-30,180,2014-01-14,2014-09-30,6.4454,5.8357,5.9203,110.4479,108.8695,4.4887,6.9199,-6.856,43.5919,124726000
2014-10-01,180,2014-01-15,2014-10-01,6.2686,5.8447,5.9283,107.2516,105.7393,4.4887,6.9199,-9.4118,39.6518,154161000
2014-10-02,180,2014-01-16,2014-10-02,6.4283,5.8554,5.9378,109.7831,108.26,4.4887,6.9199,-7.1038,43.21,184506000
2014-10-03,180,2014-01-17,2014-10-03,6.5649,5.8666,5.948,111.9013,110.3714,4.4887,6.9199,-5.1302,46.2525,152901000
2014-10-06,180,2014-01-21,2014-10-06,6.6211,5.8783,5.9586,112.6361,111.1199,4.4887,6.9199,-4.3168,47.5065,137095000
2014-10-07,180,2014-01-22,2014-10-07,6.5179,5.8898,5.9687,110.6635,109.201,4.4887,6.9199,-5.8094,45.2054,137592000
2014-10-08,180,2014-01-23,2014-10-08,6.6694,5.9013,5.9792,113.0153,111.543,4.4887,6.9199,-3.619,48.5822,143325000
2014-10-09,180,2014-01-24,2014-10-09,6.5946,5.9069,5.985,111.6427,110.1844,4.4887,6.9199,-4.7008,46.9145,149282000
2014-10-10,180,2014-01-27,2014-10-10,6.4583,5.912,5.9903,109.2404,107.8129,4.4887,6.9199,-6.6702,43.8783,191107000
2014-10-13,180,2014-01-28,2014-10-13,6.2654,5.9167,5.9948,105.8947,104.514,4.4887,6.9199,-9.4572,39.5818,202167000
2014-10-14,180,2014-01-29,2014-10-14,6.416,5.9198,5.9982,108.3818,106.9657,4.4887,6.9199,-7.2813,42.9363,167475000
2014-10-15,180,2014-01-30,2014-10-15,6.4084,5.9235,6.002,108.187,106.7715,4.4887,6.9199,-7.3907,42.7676,599277000
2014-10-16,180,2014-01-31,2014-10-16,5.1671,5.9195,5.9986,87.2907,86.1392,4.4887,6.9199,-25.3288,15.1141,923048000
2014-10-17,180,2014-02-03,2014-10-17,5.1013,5.9146,5.9944,86.249,85.1002,4.4887,6.9199,-26.2805,13.6469,791609000
2014-10-20,180,2014-02-04,2014-10-20,5.1317,5.9104,5.9909,86.8255,85.659,4.4887,6.9199,-25.8408,14.3248,335293000
2014-10-21,180,2014-02-05,2014-10-21,5.2284,5.9067,5.9877,88.5165,87.3195,4.4887,6.9199,-24.4431,16.4794,193655000
2014-10-22,180,2014-02-06,2014-10-22,5.3521,5.9041,5.9853,90.6519,89.421,4.4887,6.9199,-22.6553,19.2356,321503000
2014-10-23,180,2014-02-07,2014-10-23,5.472,5.9019,5.9834,92.7158,91.4536,4.4887,6.9199,-20.9232,21.9057,199164000
2014-10-24,180,2014-02-10,2014-10-24,5.5003,5.8982,5.9798,93.2532,91.9812,4.4887,6.9199,-20.5145,22.5359,146573000
2014-10-27,180,2014-02-11,2014-10-27,5.42,5.894,5.9757,91.9579,90.7,4.4887,6.9199,-21.6747,20.7473,149443000
2014-10-28,180,2014-02-12,2014-10-28,5.5174,5.8902,5.972,93.672,92.3891,4.4887,6.9199,-20.2667,22.9178,117369000
2014-10-29,180,2014-02-13,2014-10-29,5.4014,5.8859,5.9679,91.7685,90.5078,4.4887,6.9199,-21.9431,20.3336,125076000
2014-10-30,180,2014-02-14,2014-10-30,5.4144,5.8812,5.9633,92.0626,90.7951,4.4887,6.9199,-21.7552,20.6232,105938000
2014-10-31,180,2014-02-18,2014-10-31,5.611,5.8779,5.96,95.4594,94.145,4.4887,6.9199,-18.9145,25.0024,204701000
2014-11-03,180,2014-02-19,2014-11-03,5.5487,5.8741,5.9561,94.4614,93.16,4.4887,6.9199,-19.8146,23.6148,175812000
2014-11-04,180,2014-02-20,2014-11-04,5.4683,5.8703,5.9525,93.1511,91.8653,4.4887,6.9199,-20.9769,21.823,113897000
2014-11-05,180,2014-02-21,2014-11-05,5.434,5.8659,5.9482,92.6368,91.3558,4.4887,6.9199,-21.4724,21.0592,136458000
2014-11-06,180,2014-02-24,2014-11-06,5.4757,5.862,5.9443,93.4108,92.1172,4.4887,6.9199,-20.8695,21.9885,99918000
2014-11-07,180,2014-02-25,2014-11-07,5.488,5.8571,5.9393,93.6985,92.4014,4.4887,6.9199,-20.692,22.2622,93037000
2014-11-10,180,2014-02-26,2014-11-10,5.5324,5.8521,5.9341,94.5377,93.2314,4.4887,6.9199,-20.05,23.252,97111000
2014-11-11,180,2014-02-27,2014-11-11,5.465,5.847,5.9288,93.4674,92.1767,4.4887,6.9199,-21.0244,21.7498,148386000
2014-11-12,180,2014-02-28,2014-11-12,5.4837,5.8417,5.9234,93.8715,92.5771,4.4887,6.9199,-20.7539,22.1667,109585000
2014-11-13,180,2014-03-03,2014-11-13,5.4201,5.8365,5.9181,92.8658,91.5852,4.4887,6.9199,-21.6726,20.7505,104902000
2014-11-14,180,2014-03-04,2014-11-14,5.5149,5.8319,5.9134,94.5628,93.26,4.4887,6.9199,-20.3039,22.8605,109886000
2014-11-17,180,2014-03-05,2014-11-17,5.4449,5.8263,5.9076,93.4527,92.1676,4.4887,6.9199,-21.3155,21.301,92253000
2014-11-18,180,2014-03-06,2014-11-18,5.4433,5.8208,5.9018,93.5145,92.2308,4.4887,6.9199,-21.3382,21.266,79212000
2014-11-19,180,2014-03-07,2014-11-19,5.1871,5.8138,5.8949,89.2218,87.9942,4.4887,6.9199,-25.0397,15.5597,245154000
2014-11-20,180,2014-03-10,2014-11-20,5.2591,5.8074,5.8885,90.5597,89.3121,4.4887,6.9199,-23.9993,17.1637,154252000
2014-11-21,180,2014-03-11,2014-11-21,5.1469,5.8008,5.8822,88.7268,87.4991,4.4887,6.9199,-25.6219,14.6622,178780000
2014-11-24,180,2014-03-12,2014-11-24,5.0924,5.794,5.8758,87.8914,86.6686,4.4887,6.9199,-26.4085,13.4496,178640000
2014-11-25,180,2014-03-13,2014-11-25,4.9856,5.7865,5.8688,86.1586,84.9504,4.4887,6.9199,-27.9527,11.069,281008000
2014-11-26,180,2014-03-14,2014-11-26,5.0166,5.7797,5.8625,86.7962,85.57,4.4887,6.9199,-27.5047,11.7596,100632000
2014-11-28,180,2014-03-17,2014-11-28,4.9513,5.7728,5.8564,85.7686,84.5455,4.4887,6.9199,-28.4481,10.3052,67025000
2014-12-01,180,2014-03-18,2014-12-01,4.883,5.7656,5.8499,84.6921,83.471,4.4887,6.9199,-29.435,8.7839,119644000
2014-12-02,180,2014-03-19,2014-12-02,5.033,5.7597,5.8445,87.3835,86.1145,4.4887,6.9199,-27.2673,12.1257,142716000
2014-12-03,180,2014-03-20,2014-12-03,5.0731,5.7541,5.8394,88.1664,86.878,4.4887,6.9199,-26.6872,13.02,138194000
2014-12-04,180,2014-03-21,2014-12-04,5.0086,5.7477,5.8335,87.1407,85.8582,4.4887,6.9199,-27.6203,11.5814,118538000
2014-12-05,180,2014-03-24,2014-12-05,5.0131,5.7427,5.8292,87.2956,86.001,4.4887,6.9199,-27.5542,11.6833,99302000
2014-12-08,180,2014-03-25,2014-12-08,4.8497,5.7388,5.826,84.5075,83.242,4.4887,6.9199,-29.916,8.0424,136213000
2014-12-09,180,2014-03-26,2014-12-09,4.9111,5.7361,5.8239,85.6185,84.3275,4.4887,6.9199,-29.0283,9.4109,179767000
2014-12-10,180,2014-03-27,2014-12-10,4.776,5.7322,5.8209,83.3191,82.0495,4.4887,6.9199,-30.9812,6.4002,126448000
2014-12-11,180,2014-03-28,2014-12-11,4.7804,5.7291,5.8185,83.4415,82.1587,4.4887,6.9199,-30.9172,6.4989,117691000
2014-12-12,180,2014-03-31,2014-12-12,4.7783,5.7265,5.8166,83.4418,82.1492,4.4887,6.9199,-30.9482,6.4511,135212000
2014-12-15,180,2014-04-01,2014-12-15,4.672,5.7237,5.8146,81.6252,80.3493,4.4887,6.9199,-32.4842,4.0833,120190000
2014-12-16,180,2014-04-02,2014-12-16,4.5206,5.7184,5.8108,79.0531,77.7962,4.4887,6.9199,-34.6725,0.7097,169477000
2014-12-17,180,2014-04-03,2014-12-17,4.7664,5.7153,5.8085,83.3972,82.06,4.4887,6.9199,-31.1195,6.187,201929000
2014-12-18,180,2014-04-04,2014-12-18,4.7774,5.7132,5.8069,83.6214,82.2722,4.4887,6.9199,-30.9606,6.432,156394000
2014-12-19,180,2014-04-07,2014-12-19,4.8589,5.7135,5.8071,85.0421,83.6713,4.4887,6.9199,-29.7839,8.2461,150479000
2014-12-22,180,2014-04-08,2014-12-22,4.8097,5.7133,5.807,84.1841,82.8265,4.4887,6.9199,-30.494,7.1513,79940000
2014-12-23,180,2014-04-09,2014-12-23,4.8061,5.712,5.806,84.1415,82.7791,4.4887,6.9199,-30.5456,7.0717,82915000
2014-12-24,180,2014-04-10,2014-12-24,4.8871,5.7108,5.8051,85.5767,84.1868,4.4887,6.9199,-29.3751,8.8762,54110000
2014-12-26,180,2014-04-11,2014-12-26,4.8579,5.7114,5.8055,85.0551,83.6762,4.4887,6.9199,-29.7983,8.2238,88473000
2014-12-29,180,2014-04-14,2014-12-29,4.8847,5.7132,5.8067,85.4995,84.1213,4.4887,6.9199,-29.4102,8.8221,85883000
2014-12-30,180,2014-04-15,2014-12-30,4.9033,5.7145,5.8077,85.805,84.4277,4.4887,6.9199,-29.1418,9.2359,70112000
2014-12-31,180,2014-04-16,2014-12-31,4.8801,5.7162,5.8089,85.3739,84.0116,4.4887,6.9199,-29.4762,8.7203,86275000
2015-01-02,180,2014-04-17,2015-01-02,4.9849,5.7181,5.8103,87.1764,85.7937,4.4887,6.9199,-27.963,11.0531,134750000
2015-01-05,180,2014-04-21,2015-01-05,4.7311,5.7165,5.8091,82.7628,81.4433,4.4887,6.9199,-31.6295,5.4009,181650000
2015-01-06,180,2014-04-22,2015-01-06,4.6501,5.7139,5.8073,81.3825,80.0741,4.4887,6.9199,-32.8,3.5963,160377000
2015-01-07,180,2014-04-23,2015-01-07,4.6743,5.7092,5.8037,81.8731,80.5401,4.4887,6.9199,-32.4511,4.1342,98497000
2015-01-08,180,2014-04-24,2015-01-08,4.778,5.7071,5.8022,83.7196,82.3486,4.4887,6.9199,-30.9523,6.4447,96019000
2015-01-09,180,2014-04-25,2015-01-09,4.7041,5.7055,5.801,82.4494,81.0921,4.4887,6.9199,-32.0197,4.7993,95781000
2015-01-12,180,2014-04-28,2015-01-12,4.5547,5.7051,5.8007,79.8359,78.5196,4.4887,6.9199,-34.1791,1.4704,129444000
2015-01-13,180,2014-04-29,2015-01-13,4.6256,5.7063,5.8015,81.061,79.7307,4.5206,6.9199,-33.1551,2.3227,187215000
2015-01-14,180,2014-04-30,2015-01-14,4.632,5.7068,5.8018,81.1661,79.8367,4.5206,6.9199,-33.0622,2.4649,198849000
2015-01-15,180,2014-05-01,2015-01-15,4.6251,5.707,5.802,81.0429,79.7167,4.5206,6.9199,-33.1613,2.3132,116690000
2015-01-16,180,2014-05-02,2015-01-16,4.8191,5.7071,5.802,84.4409,83.0594,4.5206,6.9199,-30.3578,6.6047,196966000
2015-01-20,180,2014-05-05,2015-01-20,4.9829,5.708,5.8027,87.2962,85.8715,4.5206,6.9199,-27.9919,10.2263,405510000
2015-01-21,180,2014-05-06,2015-01-21,5.8469,5.7138,5.8078,102.3282,100.6718,4.5206,6.9199,-15.5061,29.3389,669025000
2015-01-22,180,2014-05-07,2015-01-22,6.1206,5.7231,5.816,106.9444,105.2376,4.5206,6.9199,-11.5506,35.3938,333193000
2015-01-23,180,2014-05-08,2015-01-23,6.2494,5.7338,5.8252,108.9933,107.282,4.5206,6.9199,-9.6885,38.2442,267841000
2015-01-26,180,2014-05-09,2015-01-26,6.3794,5.7449,5.8351,111.0449,109.3277,4.5206,6.9199,-7.8098,41.12,212688000
2015-01-27,180,2014-05-12,2015-01-27,6.4881,5.7557,5.8451,112.7248,111.0011,4.5206,6.9199,-6.2388,43.5249,246127000
2015-01-28,180,2014-05-13,2015-01-28,6.3209,5.7639,5.8528,109.6624,107.9969,4.5206,6.9199,-8.6562,39.8243,245329000
2015-01-29,180,2014-05-14,2015-01-29,6.34,5.772,5.8605,109.8398,108.1821,4.5206,6.9199,-8.3796,40.2478,151277000
2015-01-30,180,2014-05-15,2015-01-30,6.3114,5.7795,5.8676,109.2028,107.5636,4.5206,6.9199,-8.7925,39.6157,132153000
2015-02-02,180,2014-05-16,2015-02-02,6.301,5.7878,5.8753,108.866,107.2454,4.5206,6.9199,-8.9432,39.385,129906000
2015-02-03,180,2014-05-19,2015-02-03,6.5274,5.7966,5.8838,112.6082,110.9389,4.5206,6.9199,-5.671,44.3939,164402000
2015-02-04,180,2014-05-20,2015-02-04,6.4101,5.8033,5.8905,110.4565,108.8219,4.5206,6.9199,-7.366,41.7994,124509000
2015-02-05,180,2014-05-21,2015-02-05,6.413,5.8094,5.8966,110.3902,108.7572,4.5206,6.9199,-7.3247,41.8626,142485000
2015-02-06,180,2014-05-22,2015-02-06,6.348,5.8135,5.9009,109.1949,107.577,4.5206,6.9199,-8.264,40.4247,88984000
2015-02-09,180,2014-05-23,2015-02-09,6.3296,5.8173,5.905,108.8052,107.1908,4.5206,6.9199,-8.5303,40.0171,81732000
2015-02-10,180,2014-05-27,2015-02-10,6.485,5.8211,5.9091,111.4058,109.7469,4.5206,6.9199,-6.2842,43.4553,154189000
2015-02-11,180,2014-05-28,2015-02-11,6.4984,5.8251,5.9135,111.5584,109.8914,4.5206,6.9199,-6.0901,43.7524,139531000
2015-02-12,180,2014-05-29,2015-02-12,6.5247,5.8291,5.9179,111.9328,110.2537,4.5206,6.9199,-5.7103,44.3338,84644000
2015-02-13,180,2014-05-30,2015-02-13,6.6586,5.8326,5.9219,114.161,112.4389,4.5206,6.9199,-3.7759,47.2949,129689000
2015-02-17,180,2014-06-02,2015-02-17,6.7137,5.8361,5.9261,115.0371,113.2909,4.5206,6.9199,-2.979,48.5147,111706000
2015-02-18,180,2014-06-03,2015-02-18,6.7866,5.8396,5.9303,116.2157,114.4391,4.5206,6.9199,-1.9261,50.1264,103166000
2015-02-19,180,2014-06-04,2015-02-19,6.78,5.8435,5.9348,116.0273,114.2411,4.5206,6.9199,-2.0211,49.9811,104321000
2015-02-20,180,2014-06-05,2015-02-20,6.8314,5.8471,5.9392,116.8352,115.0231,4.5206,6.9199,-1.2779,51.1187,94220000
2015-02-23,180,2014-06-06,2015-02-23,6.7406,5.8499,5.9426,115.2249,113.4274,4.5206,6.9199,-2.5909,49.1088,90314000
2015-02-24,180,2014-06-09,2015-02-24,6.784,5.8528,5.9462,115.9095,114.09,4.5206,6.9199,-1.9633,50.0695,60753000
2015-02-25,180,2014-06-10,2015-02-25,6.8333,5.8565,5.9506,116.6791,114.8342,4.5206,6.9199,-1.2511,51.1598,68544000
2015-02-26,180,2014-06-11,2015-02-26,6.9004,5.86,5.9549,117.7545,115.8779,4.5206,6.9199,-0.2808,52.6451,108528000
2015-02-27,180,2014-06-12,2015-02-27,6.7844,5.8629,5.9585,115.717,113.8618,4.5206,6.9199,-1.9571,50.079,115164000
2015-03-02,180,2014-06-13,2015-03-02,6.8607,5.8668,5.9631,116.9421,115.0535,4.5206,6.9199,-0.8547,51.7665,101871000
2015-03-03,180,2014-06-16,2015-03-03,6.7816,5.8699,5.9668,115.5321,113.6552,4.5206,6.9199,-1.9984,50.0158,74263000
2015-03-04,180,2014-06-17,2015-03-04,6.711,5.8725,5.9699,114.2788,112.4134,4.5206,6.9199,-3.0182,48.4547,174538000
2015-03-05,180,2014-06-18,2015-03-05,6.6807,5.874,5.9718,113.733,111.8704,4.5206,6.9199,-3.4559,47.7847,112448000
2015-03-06,180,2014-06-19,2015-03-06,6.4874,5.8744,5.9723,110.4358,108.6259,4.5206,6.9199,-6.2491,43.5091,128884000
2015-03-09,180,2014-06-20,2015-03-09,6.3661,5.8747,5.9726,108.3658,106.5891,4.5206,6.9199,-8.0018,40.8261,189707000
2015-03-10,180,2014-06-23,2015-03-10,6.2151,5.8743,5.9722,105.8019,104.068,4.5206,6.9199,-10.1839,37.4858,179473000
2015-03-11,180,2014-06-24,2015-03-11,6.2884,5.8744,5.9723,107.0486,105.2941,4.5206,6.9199,-9.1249,39.107,163632000
2015-03-12,180,2014-06-25,2015-03-12,6.4046,5.8752,5.9732,109.0105,107.2218,4.5206,6.9199,-7.4465,41.6762,146545000
2015-03-13,180,2014-06-26,2015-03-13,6.2629,5.8748,5.9727,106.6057,104.8574,4.5206,6.9199,-9.4944,38.5413,101612000
2015-03-16,180,2014-06-27,2015-03-16,6.0281,5.8735,5.9713,102.6327,100.9513,4.5206,6.9199,-12.8863,33.3491,267960000
2015-03-17,180,2014-06-30,2015-03-17,5.9789,5.8718,5.9695,101.8232,100.1573,4.5206,6.9199,-13.5985,32.2589,184282000
2015-03-18,180,2014-07-01,2015-03-18,6.0446,5.8705,5.9681,102.9644,101.2817,4.5206,6.9199,-12.6489,33.7126,146349000
2015-03-19,180,2014-07-02,2015-03-19,6.0744,5.8674,5.9643,103.5292,101.8468,4.5206,6.9199,-12.2174,34.373,114499000
2015-03-20,180,2014-07-03,2015-03-20,6.1186,5.8648,5.9612,104.3273,102.6394,4.5206,6.9199,-11.5795,35.3495,136416000
2015-03-23,180,2014-07-07,2015-03-23,6.0714,5.8616,5.9575,103.5792,101.9129,4.5206,6.9199,-12.2608,34.3067,76643000
2015-03-24,180,2014-07-08,2015-03-24,6.2611,5.8602,5.9557,106.8426,105.1286,4.5206,6.9199,-9.5192,38.5034,168889000
2015-03-25,180,2014-07-09,2015-03-25,6.025,5.8585,5.9538,102.8421,101.195,4.5206,6.9199,-12.9317,33.2796,216524000
2015-03-26,180,2014-07-10,2015-03-26,5.9751,5.8567,5.9519,102.0221,100.3908,4.5206,6.9199,-13.6522,32.1767,160391000
2015-03-27,180,2014-07-11,2015-03-27,5.9253,5.855,5.95,101.2009,99.5847,4.5206,6.9199,-14.3727,31.0738,158522000
2015-03-30,180,2014-07-14,2015-03-30,6.0367,5.8537,5.9486,103.126,101.4809,4.5206,6.9199,-12.7624,33.5387,132727000
2015-03-31,180,2014-07-15,2015-03-31,5.9527,5.8512,5.9458,101.7351,100.1168,4.5206,6.9199,-13.9763,31.6806,142485000
2015-04-01,180,2014-07-16,2015-04-01,5.9017,5.8486,5.9429,100.908,99.3067,4.5206,6.9199,-14.7134,30.5524,146398000
2015-04-02,180,2014-07-17,2015-04-02,5.9154,5.8464,5.9405,101.1804,99.5779,4.5206,6.9199,-14.5152,30.8558,98644000
2015-04-06,180,2014-07-18,2015-04-06,6.033,5.8452,5.9392,103.213,101.5802,4.5206,6.9199,-12.8161,33.4566,107303000
2015-04-07,180,2014-07-21,2015-04-07,6.0494,5.8437,5.9375,103.52,101.885,4.5206,6.9199,-12.5787,33.82,99771000
2015-04-08,180,2014-07-22,2015-04-08,6.305,5.843,5.9367,107.9064,106.2044,4.5206,6.9199,-8.8854,39.4735,223279000
2015-04-09,180,2014-07-23,2015-04-09,6.2786,5.8436,5.9373,107.4433,105.7473,4.5206,6.9199,-9.2673,38.8889,134554000
2015-04-10,180,2014-07-24,2015-04-10,6.4939,5.8454,5.9395,111.0928,109.3343,4.5206,6.9199,-6.1562,43.6513,223671000
2015-04-13,180,2014-07-25,2015-04-13,6.7811,5.8487,5.9434,115.9431,114.096,4.5206,6.9199,-2.0046,50.0063,444367000
2015-04-14,180,2014-07-28,2015-04-14,6.8387,5.8524,5.9479,116.8525,114.9774,4.5206,6.9199,-1.1726,51.2799,286419000
2015-04-15,180,2014-07-29,2015-04-15,6.7923,5.8558,5.9519,115.9928,114.1195,4.5206,6.9199,-1.8435,50.2528,425285000
2015-04-16,180,2014-07-30,2015-04-16,8.0293,5.8635,5.9628,136.9368,134.6554,4.5206,8.0293,0.0,77.6166,1045009000
2015-04-17,180,2014-07-31,2015-04-17,8.165,5.8709,5.9737,139.0759,136.6818,4.5206,8.165,0.0,80.6188,583065000
2015-04-20,180,2014-08-01,2015-04-20,8.1056,5.879,5.9852,137.8735,135.4266,4.5206,8.165,-0.7279,79.3041,307664000
2015-04-21,180,2014-08-04,2015-04-21,8.0063,5.8866,5.9959,136.0083,133.5287,4.5206,8.165,-1.9438,77.1078,159257000
2015-04-22,180,2014-08-05,2015-04-22,7.9669,5.8943,6.0066,135.1611,132.6341,4.5206,8.165,-2.4267,76.2356,120897000
2015-04-23,180,2014-08-06,2015-04-23,7.9866,5.9021,6.0175,135.3166,132.7235,4.5206,8.165,-2.1853,76.6717,126875000
2015-04-24,180,2014-08-07,2015-04-24,7.9771,5.9094,6.0276,134.9915,132.3432,4.5206,8.165,-2.3008,76.4632,110453000
2015-04-27,180,2014-08-08,2015-04-27,8.0869,5.9156,6.0369,136.7043,133.958,4.5206,8.165,-0.957,78.8902,152467000
2015-04-28,180,2014-08-11,2015-04-28,8.0437,5.9219,6.0462,135.8289,133.0384,4.5206,8.165,-1.4854,77.9358,88263000
2015-04-29,180,2014-08-12,2015-04-29,8.0407,5.9279,6.055,135.6413,132.7947,4.5206,8.165,-1.5222,77.8694,95347000
2015-04-30,180,2014-08-13,2015-04-30,7.95,5.934,6.0637,133.974,131.1074,4.5206,8.165,-2.6332,75.8627,105651000
2015-05-01,180,2014-08-14,2015-05-01,7.9576,5.9397,6.0721,133.9718,131.0513,4.5206,8.165,-2.5405,76.0302,89061000
2015-05-04,180,2014-08-15,2015-05-04,7.9271,5.9454,6.0804,133.3313,130.3729,4.5206,8.165,-2.9131,75.3571,79674000
2015-05-05,180,2014-08-18,2015-05-05,8.0793,5.9511,6.0888,135.7615,132.6907,4.5206,8.165,-1.0498,78.7227,271166000
2015-05-06,180,2014-08-19,2015-05-06,8.0077,5.9561,6.0963,134.4461,131.3534,4.5206,8.165,-1.9263,77.1394,115045000
2015-05-07,180,2014-08-20,2015-05-07,8.0749,5.9611,6.104,135.4582,132.2875,4.5206,8.165,-1.104,78.6247,102207000
2015-05-08,180,2014-08-21,2015-05-08,8.2086,5.9664,6.1121,137.5808,134.2993,4.5206,8.2086,0.0,81.5826,138285000
2015-05-11,180,2014-08-22,2015-05-11,8.4279,5.9722,6.1215,141.1174,137.6762,4.5206,8.4279,0.0,86.4335,238826000
2015-05-12,180,2014-08-25,2015-05-12,8.3377,5.9774,6.1298,139.4869,136.0195,4.5206,8.4279,-1.0696,84.4394,119070000
2015-05-13,180,2014-08-26,2015-05-13,8.2873,5.9824,6.1377,138.5287,135.0234,4.5206,8.4279,-1.6679,83.3239,111559000
2015-05-14,180,2014-08-27,2015-05-14,8.3836,5.9877,6.1462,140.0136,136.4026,4.5206,8.4279,-0.5255,85.4538,88984000
2015-05-15,180,2014-08-28,2015-05-15,8.7607,5.9943,6.1572,146.1501,142.2842,4.5206,8.7607,0.0,93.7966,370531000
2015-05-18,180,2014-08-29,2015-05-18,8.8267,6.0011,6.1685,147.0844,143.093,4.5206,8.8267,0.0,95.2566,148120000
2015-05-19,180,2014-09-02,2015-05-19,8.8069,6.0077,6.1795,146.592,142.5165,4.5206,8.8267,-0.225,94.8174,191016000
2015-05-20,180,2014-09-03,2015-05-20,8.879,6.0146,6.191,147.6239,143.417,4.5206,8.879,0.0,96.4132,127568000
2015-05-21,180,2014-09-04,2015-05-21,8.9003,6.0215,6.2026,147.8083,143.493,4.5206,8.9003,0.0,96.8841,127673000
2015-05-22,180,2014-09-05,2015-05-22,8.8839,6.0287,6.2144,147.3601,142.9552,4.5206,8.9003,-0.1846,96.5207,74662000
2015-05-26,180,2014-09-08,2015-05-26,8.7993,6.0354,6.2256,145.7935,141.3411,4.5206,8.9003,-1.1348,94.6499,96460000
2015-05-27,180,2014-09-09,2015-05-27,8.9857,6.0425,6.2374,148.7089,144.0608,4.5206,8.9857,0.0,98.7739,105063000
2015-05-28,180,2014-09-10,2015-05-28,8.9507,6.0495,6.2492,147.9586,143.2308,4.5206,8.9857,-0.3895,97.9996,78218000
2015-05-29,180,2014-09-11,2015-05-29,8.9151,6.0561,6.2602,147.2104,142.409,4.5206,8.9857,-0.7854,97.2128,127120000
2015-06-01,180,2014-09-12,2015-06-01,8.9003,6.0628,6.2715,146.8019,141.9171,4.5206,8.9857,-0.9507,96.8841,99260000
2015-06-02,180,2014-09-15,2015-06-02,8.913,6.0699,6.2832,146.8398,141.8553,4.5206,8.9857,-0.8092,97.1654,75292000
2015-06-03,180,2014-09-16,2015-06-03,8.8809,6.0781,6.2962,146.1113,141.0517,4.5206,8.9857,-1.1669,96.4543,62377000
2015-06-04,180,2014-09-17,2015-06-04,8.9349,6.0866,6.3095,146.7948,141.6085,4.5206,8.9857,-0.566,97.6489,100744000
2015-06-05,180,2014-09-18,2015-06-05,9.046,6.0956,6.3237,148.4024,143.0485,4.5206,9.046,0.0,100.1075,116242000
2015-06-08,180,2014-09-19,2015-06-08,8.9604,6.104,6.3371,146.795,141.3968,4.5206,9.046,-0.946,98.2145,111489000
2015-06-09,180,2014-09-22,2015-06-09,9.245,6.1133,6.3521,151.2267,145.5417,4.5206,9.245,0.0,104.5096,220248000
2015-06-10,180,2014-09-23,2015-06-10,9.5871,6.1245,6.3703,156.5369,150.4987,4.5206,9.5871,0.0,112.0781,571214000
2015-06-11,180,2014-09-24,2015-06-11,9.5094,6.1355,6.3879,154.9905,148.8674,4.5206,9.5871,-0.8106,110.359,266231000
2015-06-12,180,2014-09-25,2015-06-12,9.4419,6.1459,6.4045,153.6298,147.4243,4.5206,9.5871,-1.5154,108.8643,102788000
2015-06-15,180,2014-09-26,2015-06-15,9.3431,6.1565,6.4213,151.7599,145.5034,4.5206,9.5871,-2.5451,106.6806,190540000
2015-06-16,180,2014-09-29,2015-06-16,9.5273,6.1673,6.4386,154.4808,147.9721,4.5206,9.5871,-0.6243,110.754,160433000
2015-06-17,180,2014-09-30,2015-06-17,9.4271,6.1778,6.4553,152.5971,146.0381,4.5206,9.5871,-1.6689,108.5388,99050000
2015-06-18,180,2014-10-01,2015-06-18,9.4743,6.1883,6.4721,153.0991,146.3868,4.5206,9.5871,-1.1772,109.5816,89628000
2015-06-19,180,2014-10-02,2015-06-19,9.3871,6.1996,6.4894,151.4146,144.6531,4.5206,9.5871,-2.0861,107.6539,198149000
2015-06-22,180,2014-10-03,2015-06-22,9.6414,6.2107,6.5073,155.2385,148.1641,4.5206,9.6414,0.0,113.279,167328000
2015-06-23,180,2014-10-06,2015-06-23,9.7313,6.2214,6.5249,156.4173,149.1417,4.5206,9.7313,0.0,115.2667,156261000
2015-06-24,180,2014-10-07,2015-06-24,9.6944,6.2317,6.5419,155.567,148.1891,4.5206,9.7313,-0.3787,114.4514,771386000
2015-06-25,180,2014-10-08,2015-06-25,9.4891,6.2421,6.5584,152.0195,144.686,4.5206,9.7313,-2.4883,109.9103,416234000
2015-06-26,180,2014-10-09,2015-06-26,9.3089,6.2513,6.5731,148.9114,141.6205,4.5206,9.7313,-4.3409,105.9222,303149000
2015-06-29,180,2014-10-10,2015-06-29,9.2231,6.2607,6.5877,147.3188,140.0054,4.5206,9.7313,-5.2217,104.0261,245756000
2015-06-30,180,2014-10-13,2015-06-30,9.3849,6.2712,6.604,149.6501,142.1095,4.5206,9.7313,-3.56,107.6034,168805000
2015-07-01,180,2014-10-14,2015-07-01,9.3636,6.2828,6.6212,149.036,141.4186,4.5206,9.7313,-3.7787,107.1325,146993000
2015-07-02,180,2014-10-15,2015-07-02,9.4044,6.2936,6.6378,149.4275,141.6804,4.5206,9.7313,-3.3588,108.0363,110530000
2015-07-06,180,2014-10-16,2015-07-06,9.4571,6.3047,6.6547,150.0008,142.1119,4.5206,9.7313,-2.8171,109.2024,118083000
2015-07-07,180,2014-10-17,2015-07-07,9.4091,6.3241,6.6783,148.7834,140.8917,4.5206,9.7313,-3.3104,108.1406,215733000
2015-07-08,180,2014-10-20,2015-07-08,9.3507,6.3439,6.7019,147.3967,139.5235,4.5206,9.7313,-3.9108,106.8481,129906000
2015-07-09,180,2014-10-21,2015-07-09,9.5727,6.3642,6.7266,150.4153,142.3121,4.5206,9.7313,-1.6295,111.759,167314000
2015-07-10,180,2014-10-22,2015-07-10,9.7229,6.3841,6.7515,152.297,144.0097,4.5206,9.7313,-0.0866,115.0803,216363000
2015-07-13,180,2014-10-23,2015-07-13,10.1087,6.4041,6.778,157.8472,149.141,4.5206,10.1087,0.0,123.6159,332052000
2015-07-14,180,2014-10-24,2015-07-14,10.0371,6.4231,6.8033,156.2661,147.5331,4.5206,10.1087,-0.708,122.0326,197365000
2015-07-15,180,2014-10-27,2015-07-15,9.813,6.4415,6.8273,152.3409,143.7323,4.5206,10.1087,-2.9253,117.0743,308986000
2015-07-16,180,2014-10-28,2015-07-16,11.581,6.4642,6.8615,179.1565,168.7822,4.5206,11.581,0.0,156.1845,634610000
2015-07-17,180,2014-10-29,2015-07-17,11.477,6.4861,6.8946,176.9476,166.4633,4.5206,11.581,-0.898,153.8839,251369000
2015-07-20,180,2014-10-30,2015-07-20,11.055,6.5083,6.926,169.8599,159.6154,4.5206,11.581,-4.5419,144.5488,226769000
2015-07-21,180,2014-10-31,2015-07-21,11.251,6.5309,6.9584,172.2725,161.6883,4.5206,11.581,-2.8495,148.8845,140854000
2015-07-22,180,2014-11-03,2015-07-22,11.15,6.552,6.9892,170.1776,159.5314,4.5206,11.581,-3.7216,146.6503,105005000
2015-07-23,180,2014-11-04,2015-07-23,11.01,6.5734,7.0196,167.4941,156.8474,4.5206,11.581,-4.9305,143.5533,83068000
2015-07-24,180,2014-11-05,2015-07-24,10.934,6.5954,7.0499,165.7826,155.0938,4.5206,11.581,-5.5867,141.8721,81251000
2015-07-27,180,2014-11-06,2015-07-27,10.643,6.6172,7.0789,160.8379,150.349,4.5206,11.581,-8.0995,135.4349,113026000
2015-07-28,180,2014-11-07,2015-07-28,10.69,6.639,7.1078,161.0191,150.3974,4.5206,11.581,-7.6936,136.4746,111559000
2015-07-29,180,2014-11-10,2015-07-29,10.708,6.6608,7.1368,160.7618,150.0385,4.5206,11.581,-7.5382,136.8727,66956000
2015-07-30,180,2014-11-11,2015-07-30,11.156,6.6833,7.1681,166.923,155.6345,4.5206,11.581,-3.6698,146.783,142292000
2015-07-31,180,2014-11-12,2015-07-31,11.431,6.7071,7.2012,170.4313,158.737,4.5206,11.581,-1.2952,152.8663,163491000
2015-08-03,180,2014-11-13,2015-08-03,11.256,6.7306,7.2333,167.2373,155.6139,4.5206,11.581,-2.8063,148.9951,101448000
2015-08-04,180,2014-11-14,2015-08-04,12.115,6.7563,7.2705,179.3138,166.6327,4.5206,12.115,0.0,167.9971,296533000
2015-08-05,180,2014-11-17,2015-08-05,12.371,6.7819,7.3086,182.4121,169.267,4.5206,12.371,0.0,173.6601,269465000
2015-08-06,180,2014-11-18,2015-08-06,12.645,6.8087,7.3486,185.7177,172.0742,4.5206,12.645,0.0,179.7213,247167000
2015-08-07,180,2014-11-19,2015-08-07,12.352,6.8353,7.387,180.7092,167.2137,4.5206,12.645,-2.3171,173.2398,173607000
2015-08-10,180,2014-11-20,2015-08-10,12.303,6.8644,7.4265,179.2302,165.6638,4.5206,12.645,-2.7046,172.1559,134246000
2015-08-11,180,2014-11-21,2015-08-11,12.274,6.8929,7.4655,178.0668,164.4105,4.5206,12.645,-2.934,171.5144,115968000
2015-08-12,180,2014-11-24,2015-08-12,12.051,6.9224,7.5038,174.0863,160.5983,4.5206,12.645,-4.6975,166.5814,138225000
2015-08-13,180,2014-11-25,2015-08-13,12.373,6.9533,7.5443,177.9436,164.0054,4.5206,12.645,-2.151,173.7044,152844000
2015-08-14,180,2014-11-26,2015-08-14,12.339,6.9856,7.5851,176.6352,162.6739,4.5206,12.645,-2.4199,172.9522,86677000
2015-08-17,180,2014-11-28,2015-08-17,12.536,7.0182,7.6269,178.6226,164.3658,4.5206,12.645,-0.862,177.3101,92338000
2015-08-18,180,2014-12-01,2015-08-18,12.405,7.0515,7.6683,175.9196,161.7699,4.5206,12.645,-1.898,174.4122,93820000
2015-08-19,180,2014-12-02,2015-08-19,12.206,7.0856,7.709,172.2644,158.3348,4.5206,12.645,-3.4717,170.0101,101153000
2015-08-20,180,2014-12-03,2015-08-20,11.249,7.1164,7.7435,158.072,145.2699,4.5206,12.645,-11.0399,148.8402,280453000
2015-08-21,180,2014-12-04,2015-08-21,10.396,7.1449,7.7731,145.5027,133.7435,4.5206,12.645,-17.7857,129.9709,332283000
2015-08-24,180,2014-12-05,2015-08-24,9.688,7.1723,7.7991,135.0744,124.2197,4.5206,12.645,-23.3847,114.3092,599519000
2015-08-25,180,2014-12-08,2015-08-25,10.152,7.2013,7.8276,140.9743,129.6944,4.5206,12.645,-19.7153,124.5734,376207000
2015-08-26,180,2014-12-09,2015-08-26,11.013,7.2347,7.8619,152.2244,140.0811,4.5206,12.645,-12.9063,143.6197,361646000
2015-08-27,180,2014-12-10,2015-08-27,11.766,7.2694,7.9,161.8571,148.9375,4.5206,12.645,-6.9514,160.2769,370561000
2015-08-28,180,2014-12-11,2015-08-28,11.763,7.3061,7.9388,161.0031,148.1715,4.5206,12.645,-6.9751,160.2105,202402000
2015-08-31,180,2014-12-12,2015-08-31,11.503,7.3425,7.9761,156.6631,144.218,4.5206,12.645,-9.0312,154.459,170056000
2015-09-01,180,2014-12-15,2015-09-01,10.579,7.377,8.0083,143.4044,132.0997,4.5206,12.645,-16.3385,134.0191,359771000
2015-09-02,180,2014-12-16,2015-09-02,10.544,7.4133,8.041,142.2318,131.1285,4.5206,12.645,-16.6153,133.2449,398433000
2015-09-03,180,2014-12-17,2015-09-03,10.106,7.4508,8.072,135.637,125.1982,4.5547,12.645,-20.0791,121.88,295467000
2015-09-04,180,2014-12-18,2015-09-04,9.879,7.4844,8.1004,131.9944,121.9569,4.5547,12.645,-21.8743,116.8962,242120000
2015-09-08,180,2014-12-19,2015-09-08,9.495,7.5169,8.1266,126.3152,116.8384,4.5547,12.645,-24.911,108.4653,434797000
2015-09-09,180,2014-12-22,2015-09-09,9.918,7.55,8.1547,131.364,121.6229,4.5547,12.645,-21.5658,117.7524,355244000
2015-09-10,180,2014-12-23,2015-09-10,9.948,7.5842,8.1833,131.1679,121.5652,4.5547,12.645,-21.3286,118.4111,210319000
2015-09-11,180,2014-12-24,2015-09-11,9.751,7.618,8.2107,127.9988,118.7592,4.5547,12.645,-22.8865,114.0859,173739000
2015-09-14,180,2014-12-26,2015-09-14,9.569,7.6505,8.2367,125.0775,116.1745,4.5547,12.645,-24.3258,110.09,155460000
2015-09-15,180,2014-12-29,2015-09-15,9.916,7.6848,8.2648,129.0347,119.978,4.5547,12.645,-21.5817,117.7085,225911000
2015-09-16,180,2014-12-30,2015-09-16,10.408,7.7206,8.2955,134.8088,125.4652,4.5547,12.645,-17.6908,128.5105,280582000
2015-09-17,180,2014-12-31,2015-09-17,10.421,7.7565,8.3262,134.352,125.1594,4.5547,12.645,-17.588,128.7959,258177000
2015-09-18,180,2015-01-02,2015-09-18,10.262,7.7926,8.3561,131.6894,122.8087,4.5547,12.645,-18.8454,125.305,217150000
2015-09-21,180,2015-01-05,2015-09-21,10.03,7.8268,8.3841,128.15,119.631,4.5547,12.645,-20.6801,120.2114,179006000
2015-09-22,180,2015-01-06,2015-09-22,9.847,7.8643,8.4125,125.2111,117.0515,4.5547,12.645,-22.1273,116.1936,167179000
2015-09-23,180,2015-01-07,2015-09-23,9.807,7.9034,8.4412,124.0864,116.1804,4.5547,12.645,-22.4437,115.3154,102645000
2015-09-24,180,2015-01-08,2015-09-24,10.376,7.9444,8.4729,130.6082,122.4616,4.5547,12.645,-17.9439,127.8079,212745000
2015-09-25,180,2015-01-09,2015-09-25,10.224,7.9837,8.5031,128.0617,120.2383,4.5547,12.645,-19.1459,124.4707,190666000
2015-09-28,180,2015-01-12,2015-09-28,9.947,8.0235,8.5322,123.9729,116.5813,4.5547,12.645,-21.3365,118.3891,170266000
2015-09-29,180,2015-01-13,2015-09-29,9.835,8.0659,8.5616,121.9329,114.8737,4.6251,12.645,-22.2222,112.6421,174059000
2015-09-30,180,2015-01-14,2015-09-30,10.326,8.1093,8.5932,127.3356,120.1641,4.6251,12.645,-18.3393,123.258,170276000
2015-10-01,180,2015-01-15,2015-10-01,10.598,8.1539,8.6264,129.9743,122.8556,4.6251,12.645,-16.1882,129.1389,174269000
2015-10-02,180,2015-01-16,2015-10-02,10.611,8.1992,8.6596,129.4147,122.5339,4.8191,12.645,-16.0854,120.1844,215267000
2015-10-05,180,2015-01-20,2015-10-05,11.125,8.2434,8.6947,134.9566,127.9518,4.9829,12.645,-12.0206,123.2655,211579000
2015-10-06,180,2015-01-21,2015-10-06,10.833,8.2845,8.7272,130.7622,124.1295,5.8469,12.645,-14.3298,85.279,206298000
2015-10-07,180,2015-01-22,2015-10-07,10.81,8.3146,8.7548,130.0129,123.4758,5.9017,12.645,-14.5117,83.1671,123295000
2015-10-08,180,2015-01-23,2015-10-08,11.493,8.344,8.7846,137.7398,130.8313,5.9017,12.645,-9.1103,94.74,428319000
2015-10-09,180,2015-01-26,2015-10-09,11.333,8.3718,8.8128,135.3703,128.5965,5.9017,12.645,-10.3756,92.029,224552000
2015-10-12,180,2015-01-27,2015-10-12,11.345,8.3986,8.8404,135.0812,128.3309,5.9017,12.645,-10.2807,92.2323,126245000
2015-10-13,180,2015-01-28,2015-10-13,10.973,8.4234,8.8653,130.2679,123.7741,5.9017,12.645,-13.2226,85.929,175121000
2015-10-14,180,2015-01-29,2015-10-14,11.023,8.4501,8.8915,130.4482,123.9728,5.9017,12.645,-12.8272,86.7762,332315000
2015-10-15,180,2015-01-30,2015-10-15,10.109,8.4735,8.9124,119.3015,113.4262,5.9017,12.645,-20.0554,71.2892,484843000
2015-10-16,180,2015-02-02,2015-10-16,9.899,8.4965,8.9323,116.5074,110.8221,5.9017,12.645,-21.7161,67.7309,213405000
2015-10-19,180,2015-02-03,2015-10-19,10.169,8.5207,8.9538,119.3442,113.5716,5.9017,12.645,-19.5809,72.3059,299647000
2015-10-20,180,2015-02-04,2015-10-20,9.899,8.5418,8.9726,115.8885,110.3253,5.9017,12.645,-21.7161,67.7309,173456000
2015-10-21,180,2015-02-05,2015-10-21,9.796,8.5637,8.9914,114.3892,108.949,5.9017,12.645,-22.5306,65.9857,137285000
2015-10-22,180,2015-02-06,2015-10-22,9.732,8.5855,9.0098,113.3543,108.0157,5.9017,12.645,-23.0368,64.9012,127868000
2015-10-23,180,2015-02-09,2015-10-23,10.004,8.6091,9.0301,116.2025,110.7849,5.9017,12.645,-20.8857,69.5101,180199000
2015-10-26,180,2015-02-10,2015-10-26,10.304,8.6343,9.0522,119.3384,113.8287,5.9017,12.645,-18.5132,74.5933,122348000
2015-10-27,180,2015-02-11,2015-10-27,10.307,8.658,9.0734,119.0457,113.5954,5.9017,12.645,-18.4895,74.6442,120664000
2015-10-28,180,2015-02-12,2015-10-28,10.58,8.6828,9.0961,121.8499,116.3135,5.9017,12.645,-16.3306,79.27,130940000
2015-10-29,180,2015-02-13,2015-10-29,10.512,8.7072,9.1183,120.7272,115.2852,5.9017,12.645,-16.8683,78.1177,98414000
2015-10-30,180,2015-02-17,2015-10-30,10.838,8.7317,9.1415,124.1225,118.5586,5.9017,12.645,-14.2902,83.6416,155715000
2015-11-02,180,2015-02-18,2015-11-02,10.764,8.7555,9.164,122.9399,117.4599,5.9017,12.645,-14.8754,82.3877,117846000
2015-11-03,180,2015-02-19,2015-11-03,10.974,8.7795,9.1872,124.9956,119.4483,5.9017,12.645,-13.2147,85.946,124841000
2015-11-04,180,2015-02-20,2015-11-04,11.405,8.8052,9.2129,129.5258,123.7934,5.9017,12.645,-9.8062,93.2489,175050000
2015-11-05,180,2015-02-23,2015-11-05,11.35,8.8304,9.238,128.5337,122.8616,5.9017,12.645,-10.2412,92.317,138149000
2015-11-06,180,2015-02-24,2015-11-06,11.406,8.8567,9.264,128.7833,123.1223,5.9017,12.645,-9.7983,93.2659,109366000
2015-11-09,180,2015-02-25,2015-11-09,10.986,8.8814,9.2873,123.6971,118.2906,5.9017,12.645,-13.1198,86.1493,161546000
2015-11-10,180,2015-02-26,2015-11-10,11.27,8.9067,9.3119,126.5341,121.0273,5.9017,12.645,-10.8739,90.9615,111664000
2015-11-11,180,2015-02-27,2015-11-11,11.286,8.9316,9.3363,126.3606,120.8828,5.9017,12.645,-10.7473,91.2326,110392000
2015-11-12,180,2015-03-02,2015-11-12,10.892,8.9563,9.3591,121.613,116.3783,5.9017,12.645,-13.8632,84.5566,175682000
2015-11-13,180,2015-03-03,2015-11-13,10.365,8.9783,9.3786,115.4451,110.5175,5.9017,12.645,-18.0308,75.6269,188194000
2015-11-16,180,2015-03-04,2015-11-16,11.135,9.0042,9.4028,123.6647,118.4223,5.9017,12.645,-11.9415,88.674,198662000
2015-11-17,180,2015-03-05,2015-11-17,11.71,9.0329,9.4306,129.6367,124.1708,5.9017,12.645,-7.3942,98.4169,330163000
2015-11-18,180,2015-03-06,2015-11-18,12.063,9.0633,9.4605,133.0971,127.5096,5.9017,12.645,-4.6026,104.3982,233536000
2015-11-19,180,2015-03-09,2015-11-19,12.022,9.0958,9.4912,132.1707,126.6646,5.9017,12.645,-4.9268,103.7035,192532000
2015-11-20,180,2015-03-10,2015-11-20,12.384,9.131,9.5246,135.6254,130.0206,5.9017,12.645,-2.0641,109.8373,179770000
2015-11-23,180,2015-03-11,2015-11-23,12.503,9.1687,9.5596,136.3666,130.7903,5.9017,12.645,-1.123,111.8537,157270000
2015-11-24,180,2015-03-12,2015-11-24,12.331,9.2052,9.5931,133.9568,128.5397,5.9017,12.645,-2.4832,108.9393,183353000
2015-11-25,180,2015-03-13,2015-11-25,12.416,9.2409,9.6265,134.3588,128.9768,5.9017,12.645,-1.811,110.3796,109807000
2015-11-27,180,2015-03-16,2015-11-27,12.544,9.279,9.6614,135.1867,129.8358,5.9017,12.645,-0.7987,112.5484,66455000
2015-11-30,180,2015-03-17,2015-11-30,12.333,9.3198,9.6965,132.3317,127.1907,5.9017,12.645,-2.4674,108.9732,138940000
2015-12-01,180,2015-03-18,2015-12-01,12.537,9.3622,9.7329,133.9113,128.8106,5.9017,12.645,-0.8541,112.4298,125508000
2015-12-02,180,2015-03-19,2015-12-02,12.893,9.4052,9.7709,137.0844,131.9525,5.9017,12.893,0.0,118.462,241057000
2015-12-03,180,2015-03-20,2015-12-03,12.681,9.4475,9.8076,134.2261,129.2971,5.9017,12.893,-1.6443,114.8698,266473000
2015-12-04,180,2015-03-23,2015-12-04,13.093,9.4909,9.8464,137.9537,132.9725,5.9017,13.093,0.0,121.8508,202504000
2015-12-07,180,2015-03-24,2015-12-07,12.536,9.5336,9.8823,131.4934,126.853,5.9017,13.093,-4.2542,112.4129,233516000
2015-12-08,180,2015-03-25,2015-12-08,12.698,9.5746,9.9181,132.6215,128.029,5.9017,13.093,-3.0169,115.1578,185911000
2015-12-09,180,2015-03-26,2015-12-09,12.42,9.6183,9.9536,129.1283,124.779,5.9017,13.093,-5.1402,110.4473,177888000
2015-12-10,180,2015-03-27,2015-12-10,12.291,9.6627,9.9887,127.1999,123.0492,5.9017,13.093,-6.1254,108.2615,134741000
2015-12-11,180,2015-03-30,2015-12-11,11.891,9.7069,10.0218,122.5009,118.651,5.9017,13.093,-9.1805,101.4838,161053000
2015-12-14,180,2015-03-31,2015-12-14,12.067,9.7504,10.0553,123.7591,120.006,5.9017,13.093,-7.8362,104.466,186793000
2015-12-15,180,2015-04-01,2015-12-15,11.86,9.7948,10.0881,121.0848,117.5637,5.9017,13.093,-9.4172,100.9586,117600000
2015-12-16,180,2015-04-02,2015-12-16,12.264,9.8419,10.1235,124.6106,121.144,5.9154,13.093,-6.3316,107.3222,131810000
2015-12-17,180,2015-04-06,2015-12-17,12.251,9.8891,10.1587,123.8835,120.5963,6.033,13.093,-6.4309,103.0665,172849000
2015-12-18,180,2015-04-07,2015-12-18,11.802,9.9334,10.1907,118.8119,115.811,6.0494,13.093,-9.8602,95.0928,179481000
2015-12-21,180,2015-04-08,2015-12-21,11.663,9.9772,10.2219,116.897,114.0979,6.2786,13.093,-10.9219,85.7588,116700000
2015-12-22,180,2015-04-09,2015-12-22,11.624,10.0175,10.2515,116.0375,113.3885,6.2786,13.093,-11.2197,85.1377,96890000
2015-12-23,180,2015-04-10,2015-12-23,11.816,10.0592,10.2822,117.4641,114.9166,6.4939,13.093,-9.7533,81.9566,93243000
2015-12-24,180,2015-04-13,2015-12-24,11.733,10.098,10.3113,116.1908,113.7873,6.7811,13.093,-10.3872,73.0239,35313000
2015-12-28,180,2015-04-14,2015-12-28,11.711,10.1333,10.3387,115.5691,113.273,6.7923,13.093,-10.5553,72.4162,84243000
2015-12-29,180,2015-04-15,2015-12-29,11.912,10.169,10.3669,117.1405,114.9039,6.7923,13.093,-9.0201,75.3754,81592000
2015-12-30,180,2015-04-16,2015-12-30,11.671,10.2045,10.394,114.3715,112.2857,7.9271,13.093,-10.8608,47.2283,81497000
2015-12-31,180,2015-04-17,2015-12-31,11.438,10.226,10.413,111.8523,109.8439,7.9271,13.093,-12.6403,44.2891,92730000
2016-01-04,180,2015-04-20,2016-01-04,10.996,10.2443,10.4287,107.3374,105.4399,7.9271,13.093,-16.0162,38.7133,207948000
2016-01-05,180,2015-04-21,2016-01-05,10.766,10.2621,10.4435,104.9099,103.0884,7.9271,13.093,-17.7729,35.8119,176646000
2016-01-06,180,2015-04-22,2016-01-06,11.768,10.2856,10.4644,114.4129,112.4578,7.9271,13.093,-10.1199,48.452,330457000
2016-01-07,180,2015-04-23,2016-01-07,11.456,10.3081,10.4838,111.1362,109.2739,7.9271,13.093,-12.5029,44.5161,336367000
2016-01-08,180,2015-04-24,2016-01-08,11.139,10.329,10.5013,107.8417,106.0729,7.9271,13.093,-14.924,40.5172,180671000
2016-01-11,180,2015-04-27,2016-01-11,11.497,10.3518,10.5208,111.0625,109.2786,7.9271,13.093,-12.1897,45.0333,219204000
2016-01-12,180,2015-04-28,2016-01-12,11.658,10.3744,10.5407,112.3724,110.6003,7.9271,13.093,-10.9601,47.0643,151335000
2016-01-13,180,2015-04-29,2016-01-13,10.656,10.3927,10.5552,102.5336,100.9552,7.9271,13.093,-18.613,34.4242,249216000
2016-01-14,180,2015-04-30,2016-01-14,10.706,10.4113,10.57,102.8306,101.2869,7.9271,13.093,-18.2311,35.055,236648000
2016-01-15,180,2015-05-01,2016-01-15,10.404,10.4292,10.5836,99.7584,98.3029,7.9271,13.093,-20.5377,31.2453,197751000
2016-01-19,180,2015-05-04,2016-01-19,10.789,10.4492,10.5993,103.2523,101.7893,7.9271,13.093,-17.5972,36.102,357228000
2016-01-20,180,2015-05-05,2016-01-20,10.774,10.4694,10.6152,102.9092,101.4964,8.0077,13.093,-17.7118,34.5453,530094000
2016-01-21,180,2015-05-06,2016-01-21,10.235,10.4853,10.6271,97.6127,96.3101,8.0077,13.093,-21.8285,27.8143,310275000
2016-01-22,180,2015-05-07,2016-01-22,10.072,10.501,10.6386,95.9149,94.6741,8.0749,13.093,-23.0734,24.7329,268218000
2016-01-25,180,2015-05-08,2016-01-25,9.912,10.5151,10.6488,94.2648,93.0808,8.2086,13.093,-24.2954,20.7518,203211000
2016-01-26,180,2015-05-11,2016-01-26,9.783,10.5271,10.6576,92.9315,91.794,8.2873,13.093,-25.2807,18.0483,220839000
2016-01-27,180,2015-05-12,2016-01-27,9.115,10.5326,10.6614,86.5407,85.4955,8.2873,13.093,-30.3826,9.9878,255562000
2016-01-28,180,2015-05-13,2016-01-28,9.441,10.5413,10.6675,89.5623,88.5024,8.2873,13.093,-27.8928,13.9215,245623000
2016-01-29,180,2015-05-14,2016-01-29,9.184,10.5485,10.6725,87.0641,86.0531,8.3836,13.093,-29.8556,9.5476,204639000
2016-02-01,180,2015-05-15,2016-02-01,9.409,10.5566,10.6782,89.1292,88.1143,8.7607,13.093,-28.1372,7.3999,196845000
2016-02-02,180,2015-05-18,2016-02-02,9.149,10.5596,10.6803,86.6416,85.6621,8.7993,13.093,-30.123,3.9743,219065000
2016-02-03,180,2015-05-19,2016-02-03,9.074,10.5615,10.6817,85.9158,84.9489,8.7993,13.093,-30.6958,3.122,274660000
2016-02-04,180,2015-05-20,2016-02-04,8.971,10.5628,10.6826,84.9302,83.9775,8.7993,13.093,-31.4825,1.9515,191086000
2016-02-05,180,2015-05-21,2016-02-05,8.279,10.5577,10.6793,78.4165,77.5239,8.279,13.093,-36.7677,0.0,259293000
2016-02-08,180,2015-05-22,2016-02-08,8.332,10.553,10.6761,78.9539,78.0432,8.279,13.093,-36.3629,0.6402,250356000
2016-02-09,180,2015-05-26,2016-02-09,8.613,10.5508,10.6746,81.6336,80.6866,8.279,13.093,-34.2168,4.0343,258929000
2016-02-10,180,2015-05-27,2016-02-10,8.845,10.5512,10.6749,83.8296,82.858,8.279,13.093,-32.4448,6.8366,231465000
2016-02-11,180,2015-05-28,2016-02-11,8.635,10.5484,10.6729,81.861,80.9056,8.279,13.093,-34.0487,4.3,218203000
2016-02-12,180,2015-05-29,2016-02-12,8.74,10.5467,10.6718,82.8695,81.8984,8.279,13.093,-33.2468,5.5683,190677000
2016-02-16,180,2015-06-01,2016-02-16,8.905,10.5466,10.6717,84.4346,83.4449,8.279,13.093,-31.9866,7.5613,163566000
2016-02-17,180,2015-06-02,2016-02-17,9.476,10.5508,10.6749,89.8127,88.7689,8.279,13.093,-27.6254,14.4583,183238000
2016-02-18,180,2015-06-03,2016-02-18,9.049,10.5519,10.6757,85.7572,84.7629,8.279,13.093,-30.8867,9.3006,176953000
2016-02-19,180,2015-06-04,2016-02-19,8.923,10.5522,10.6759,84.5604,83.5808,8.279,13.093,-31.8491,7.7787,142592000
2016-02-22,180,2015-06-05,2016-02-22,9.193,10.5542,10.6773,87.1031,86.0983,8.279,13.093,-29.7869,11.04,163218000
2016-02-23,180,2015-06-08,2016-02-23,8.912,10.5531,10.6766,84.4489,83.4724,8.279,13.093,-31.9331,7.6459,127444000
2016-02-24,180,2015-06-09,2016-02-24,9.161,10.5546,10.6777,86.7959,85.7956,8.279,13.093,-30.0313,10.6535,159728000
2016-02-25,180,2015-06-10,2016-02-25,9.453,10.5561,10.6789,89.55,88.5207,8.279,13.093,-27.8011,14.1805,178988000
2016-02-26,180,2015-06-11,2016-02-26,9.479,10.5554,10.6783,89.8025,88.7692,8.279,13.093,-27.6025,14.4945,169752000
2016-02-29,180,2015-06-12,2016-02-29,9.341,10.5542,10.6773,88.505,87.4845,8.279,13.093,-28.6565,12.8276,136631000
2016-03-01,180,2015-06-15,2016-03-01,9.83,10.5568,10.6795,93.1154,92.0457,8.279,13.093,-24.9217,18.7341,170488000
2016-03-02,180,2015-06-16,2016-03-02,9.761,10.5596,10.6818,92.4369,91.3798,8.279,13.093,-25.4487,17.9007,191028000
2016-03-03,180,2015-06-17,2016-03-03,9.793,10.5614,10.6833,92.7245,91.6667,8.279,13.093,-25.2043,18.2872,153209000
2016-03-04,180,2015-06-18,2016-03-04,10.158,10.5661,10.6873,96.1374,95.0471,8.279,13.093,-22.4166,22.696,234146000
2016-03-07,180,2015-06-19,2016-03-07,9.549,10.5666,10.6877,90.3693,89.3453,8.279,13.093,-27.0679,15.34,238552000
2016-03-08,180,2015-06-22,2016-03-08,9.623,10.5683,10.6891,91.0557,90.0266,8.279,13.093,-26.5027,16.2338,147970000
2016-03-09,180,2015-06-23,2016-03-09,9.8,10.5693,10.6899,92.7214,91.675,8.279,13.093,-25.1508,18.3718,122987000
2016-03-10,180,2015-06-24,2016-03-10,9.736,10.5693,10.69,92.1156,91.0761,8.279,13.093,-25.6397,17.5987,170021000
2016-03-11,180,2015-06-25,2016-03-11,9.766,10.5698,10.6904,92.3953,91.3533,8.279,13.093,-25.4105,17.9611,151143000
2016-03-14,180,2015-06-26,2016-03-14,9.813,10.572,10.6922,92.821,91.7775,8.279,13.093,-25.0516,18.5288,112519000
2016-03-15,180,2015-06-29,2016-03-15,9.786,10.5752,10.6948,92.5371,91.5023,8.279,13.093,-25.2578,18.2027,96918000
2016-03-16,180,2015-06-30,2016-03-16,9.935,10.58,10.6988,93.9032,92.8612,8.279,13.093,-24.1198,20.0024,126305000
2016-03-17,180,2015-07-01,2016-03-17,9.972,10.5839,10.702,94.2182,93.1786,8.279,13.093,-23.8372,20.4493,138250000
2016-03-18,180,2015-07-02,2016-03-18,10.112,10.5889,10.7062,95.4965,94.45,8.279,13.093,-22.7679,22.1404,154535000
2016-03-21,180,2015-07-06,2016-03-21,10.106,10.5935,10.7101,95.3984,94.3597,8.279,13.093,-22.8137,22.0679,95785000
2016-03-22,180,2015-07-07,2016-03-22,9.984,10.5969,10.713,94.2158,93.1951,8.279,13.093,-23.7455,20.5943,90699000
2016-03-23,180,2015-07-08,2016-03-23,9.959,10.6006,10.7161,93.9474,92.9352,8.279,13.093,-23.9365,20.2923,83135000
2016-03-24,180,2015-07-09,2016-03-24,9.836,10.6039,10.7188,92.7583,91.7643,8.279,13.093,-24.8759,18.8066,106711000
2016-03-28,180,2015-07-10,2016-03-28,10.121,10.6074,10.7218,95.4141,94.3964,8.279,13.093,-22.6992,22.2491,124322000
2016-03-29,180,2015-07-13,2016-03-29,10.413,10.6117,10.7256,98.1275,97.0851,8.279,13.093,-20.469,25.7761,160089000
2016-03-30,180,2015-07-14,2016-03-30,10.219,10.6124,10.7263,96.2933,95.2709,8.279,13.093,-21.9507,23.4328,147050000
2016-03-31,180,2015-07-15,2016-03-31,10.223,10.6135,10.7273,96.3207,95.299,8.279,13.093,-21.9201,23.4811,97475000
2016-04-01,180,2015-07-16,2016-04-01,10.57,10.6181,10.7315,99.5472,98.4951,8.279,13.093,-19.2698,27.6724,141824000
2016-04-04,180,2015-07-17,2016-04-04,10.435,10.6121,10.7251,98.3308,97.2949,8.279,13.093,-20.3009,26.0418,109404000
2016-04-05,180,2015-07-20,2016-04-05,10.494,10.607,10.7197,98.9343,97.8948,8.279,13.093,-19.8503,26.7544,100609000
2016-04-06,180,2015-07-21,2016-04-06,10.483,10.604,10.7165,98.8594,97.8212,8.279,13.093,-19.9343,26.6216,96058000
2016-04-07,180,2015-07-22,2016-04-07,10.445,10.5997,10.712,98.5408,97.5074,8.279,13.093,-20.2245,26.1626,107749000
2016-04-08,180,2015-07-23,2016-04-08,10.381,10.5955,10.7077,97.9753,96.9486,8.279,13.093,-20.7134,25.3895,78576000
2016-04-11,180,2015-07-24,2016-04-11,10.268,10.5914,10.7036,96.9463,95.9302,8.279,13.093,-21.5764,24.0246,74513000
2016-04-12,180,2015-07-27,2016-04-12,10.698,10.5902,10.7023,101.0182,99.9598,8.279,13.093,-18.2922,29.2185,124370000
2016-04-13,180,2015-07-28,2016-04-13,10.965,10.5919,10.7041,103.5226,102.4374,8.279,13.093,-16.253,32.4435,167017000
2016-04-14,180,2015-07-29,2016-04-14,11.042,10.5938,10.706,104.2313,103.1379,8.279,13.093,-15.6649,33.3736,95537000
2016-04-15,180,2015-07-30,2016-04-15,11.151,10.5961,10.7085,105.2372,104.1321,8.279,13.093,-14.8324,34.6902,117461000
2016-04-18,180,2015-07-31,2016-04-18,10.84,10.5944,10.7068,102.3179,101.2445,8.279,13.093,-17.2077,30.9337,328164000
2016-04-19,180,2015-08-03,2016-04-19,9.434,10.5829,10.6957,89.1438,88.204,8.279,13.093,-27.9462,13.951,557288000
2016-04-20,180,2015-08-04,2016-04-20,9.677,10.5739,10.6869,91.5179,90.5502,8.279,13.093,-26.0903,16.8861,266135000
2016-04-21,180,2015-08-05,2016-04-21,9.498,10.5598,10.6723,89.945,88.9963,8.279,13.093,-27.4574,14.724,199194000
2016-04-22,180,2015-08-06,2016-04-22,9.59,10.5453,10.6569,90.9412,89.9886,8.279,13.093,-26.7548,15.8352,158063000
2016-04-25,180,2015-08-07,2016-04-25,9.356,10.5281,10.6386,88.8667,87.9437,8.279,13.093,-28.542,13.0088,149854000
2016-04-26,180,2015-08-10,2016-04-26,9.243,10.5114,10.6214,87.9332,87.0228,8.279,13.093,-29.405,11.6439,153309000
2016-04-27,180,2015-08-11,2016-04-27,9.104,10.4939,10.6036,86.7553,85.8578,8.279,13.093,-30.4667,9.965,122189000
2016-04-28,180,2015-08-12,2016-04-28,9.028,10.476,10.5855,86.178,85.2861,8.279,13.093,-31.0471,9.047,114749000
2016-04-29,180,2015-08-13,2016-04-29,9.003,10.4589,10.5686,86.0798,85.1862,8.279,13.093,-31.2381,8.745,139680000
2016-05-02,180,2015-08-14,2016-05-02,9.311,10.4428,10.5516,89.1622,88.2425,8.279,13.093,-28.8857,12.4653,125470000
2016-05-03,180,2015-08-17,2016-05-03,9.154,10.4257,10.5339,87.8021,86.9003,8.279,13.093,-30.0848,10.5689,105939000
2016-05-04,180,2015-08-18,2016-05-04,9.079,10.4074,10.5147,87.236,86.3457,8.279,13.093,-30.6576,9.663,73947000
2016-05-05,180,2015-08-19,2016-05-05,8.937,10.3886,10.4954,86.0269,85.1513,8.279,13.093,-31.7422,7.9478,103685000
2016-05-06,180,2015-08-20,2016-05-06,9.084,10.3718,10.4781,87.584,86.6952,8.279,13.093,-30.6194,9.7234,104339000
2016-05-09,180,2015-08-21,2016-05-09,9.054,10.3589,10.4659,87.4031,86.5095,8.279,13.093,-30.8485,9.361,95437000
2016-05-10,180,2015-08-24,2016-05-10,9.289,10.3521,10.4598,89.7309,88.8071,8.279,13.093,-29.0537,12.1995,111759000
2016-05-11,180,2015-08-25,2016-05-11,9.002,10.3474,10.4559,86.9978,86.0946,8.279,13.093,-31.2457,8.7329,116929000
2016-05-12,180,2015-08-26,2016-05-12,8.774,10.3382,10.4483,84.8698,83.9755,8.279,13.093,-32.9871,5.979,204081000
2016-05-13,180,2015-08-27,2016-05-13,8.788,10.3246,10.4359,85.1174,84.2091,8.279,13.093,-32.8802,6.1481,115714000
2016-05-16,180,2015-08-28,2016-05-16,8.912,10.3085,10.4201,86.4532,85.5273,8.279,13.093,-31.9331,7.6459,112478000
2016-05-17,180,2015-08-31,2016-05-17,8.863,10.2921,10.404,86.1148,85.1888,8.279,13.093,-32.3073,7.054,115713000
2016-05-18,180,2015-09-01,2016-05-18,9.05,10.2782,10.3903,88.0503,87.1002,8.279,13.093,-30.8791,9.3127,139118000
2016-05-19,180,2015-09-02,2016-05-19,8.955,10.2682,10.3813,87.2113,86.2608,8.279,13.093,-31.6047,8.1652,114503000
2016-05-20,180,2015-09-03,2016-05-20,9.249,10.2604,10.3741,90.1427,89.1546,8.279,13.093,-29.3592,11.7164,150630000
2016-05-23,180,2015-09-04,2016-05-23,9.489,10.2566,10.3707,92.5157,91.4983,8.279,13.093,-27.5262,14.6153,139923000
2016-05-24,180,2015-09-08,2016-05-24,9.789,10.2561,10.3702,95.4457,94.3956,8.279,13.093,-25.2349,18.2389,212460000
2016-05-25,180,2015-09-09,2016-05-25,10.02,10.2593,10.3731,97.6673,96.596,8.279,13.093,-23.4706,21.0291,151429000
2016-05-26,180,2015-09-10,2016-05-26,10.281,10.2614,10.3751,100.191,99.0929,8.279,13.093,-21.4771,24.1817,178247000
2016-05-27,180,2015-09-11,2016-05-27,10.33,10.2636,10.3772,100.6472,99.5448,8.279,13.093,-21.1029,24.7735,90921000
2016-05-31,180,2015-09-14,2016-05-31,10.257,10.2665,10.3801,99.9071,98.8146,8.279,13.093,-21.6604,23.8918,87257000
2016-06-01,180,2015-09-15,2016-06-01,10.151,10.27,10.3833,98.8408,97.7629,8.279,13.093,-22.47,22.6114,83934000
2016-06-02,180,2015-09-16,2016-06-02,10.125,10.2713,10.3844,98.576,97.5016,8.279,13.093,-22.6686,22.2974,79924000
2016-06-03,180,2015-09-17,2016-06-03,9.959,10.2687,10.3819,96.9838,95.9261,8.279,13.093,-23.9365,20.2923,92240000
2016-06-06,180,2015-09-18,2016-06-06,10.074,10.2668,10.38,98.1222,97.0518,8.279,13.093,-23.0581,21.6814,68281000
2016-06-07,180,2015-09-21,2016-06-07,9.989,10.2652,10.3785,97.309,96.247,8.279,13.093,-23.7073,20.6547,64747000
2016-06-08,180,2015-09-22,2016-06-08,9.786,10.2638,10.3772,95.345,94.3033,8.279,13.093,-25.2578,18.2027,94239000
2016-06-09,180,2015-09-23,2016-06-09,9.709,10.2629,10.3764,94.6026,93.5682,8.279,13.093,-25.8459,17.2726,89238000
2016-06-10,180,2015-09-24,2016-06-10,9.375,10.2602,10.374,91.3726,90.3703,8.279,13.093,-28.3969,13.2383,129079000
2016-06-13,180,2015-09-25,2016-06-13,9.385,10.2542,10.3685,91.5231,90.5147,8.279,13.093,-28.3205,13.3591,134843000
2016-06-14,180,2015-09-28,2016-06-14,9.412,10.2493,10.364,91.8306,90.8146,8.279,13.093,-28.1143,13.6852,94804000
2016-06-15,180,2015-09-29,2016-06-15,9.429,10.2461,10.3611,92.0254,91.0039,8.279,13.093,-27.9844,13.8906,76754000
2016-06-16,180,2015-09-30,2016-06-16,9.544,10.2443,10.3595,93.1642,92.1282,8.279,13.093,-27.1061,15.2796,75508000
2016-06-17,180,2015-10-01,2016-06-17,9.445,10.239,10.3546,92.2452,91.2157,8.279,13.093,-27.8622,14.0838,80468000
2016-06-20,180,2015-10-02,2016-06-20,9.38,10.2319,10.3478,91.6742,90.6472,8.279,13.093,-28.3587,13.2987,90264000
2016-06-21,180,2015-10-05,2016-06-21,9.099,10.2228,10.3394,89.0071,88.0031,8.279,13.093,-30.5048,9.9046,151997000
2016-06-22,180,2015-10-06,2016-06-22,9.001,10.2105,10.3276,88.1545,87.1547,8.279,13.093,-31.2533,8.7209,94547000
2016-06-23,180,2015-10-07,2016-06-23,9.166,10.2008,10.3184,89.856,88.832,8.279,13.093,-29.9931,10.7139,108190000
2016-06-24,180,2015-10-08,2016-06-24,8.844,10.1889,10.3074,86.8004,85.8022,8.279,13.093,-32.4525,6.8245,112486000
2016-06-27,180,2015-10-09,2016-06-27,8.533,10.1715,10.291,83.8911,82.9172,8.279,13.093,-34.8278,3.068,137305000
2016-06-28,180,2015-10-12,2016-06-28,8.797,10.1569,10.2769,86.6109,85.5998,8.279,13.093,-32.8114,6.2568,115456000
2016-06-29,180,2015-10-13,2016-06-29,9.106,10.1445,10.2645,89.7628,88.7139,8.279,13.093,-30.4514,9.9891,116871000
2016-06-30,180,2015-10-14,2016-06-30,9.148,10.1341,10.2543,90.2692,89.2112,8.279,13.093,-30.1306,10.4964,90990000
2016-07-01,180,2015-10-15,2016-07-01,9.667,10.1269,10.2468,95.4589,94.3418,8.279,13.093,-26.1667,16.7653,161672000
2016-07-05,180,2015-10-16,2016-07-05,9.791,10.125,10.245,96.7008,95.5684,8.279,13.093,-25.2196,18.2631,258794000
2016-07-06,180,2015-10-19,2016-07-06,9.46,10.1224,10.2426,93.4563,92.3596,8.279,13.093,-27.7477,14.265,163012000
2016-07-07,180,2015-10-20,2016-07-07,9.51,10.1185,10.2389,93.9863,92.8809,8.279,13.093,-27.3658,14.8689,99135000
2016-07-08,180,2015-10-21,2016-07-08,9.706,10.1174,10.2378,95.9342,94.8051,8.279,13.093,-25.8688,17.2364,83354000
2016-07-11,180,2015-10-22,2016-07-11,9.467,10.1153,10.236,93.5906,92.4871,8.279,13.093,-27.6942,14.3496,132762000
2016-07-12,180,2015-10-23,2016-07-12,9.597,10.1145,10.2353,94.8834,93.764,8.279,13.093,-26.7013,15.9198,116174000
2016-07-13,180,2015-10-26,2016-07-13,9.643,10.1124,10.2333,95.3583,94.2319,8.279,13.093,-26.35,16.4754,87689000
2016-07-14,180,2015-10-27,2016-07-14,9.802,10.1096,10.2305,96.9577,95.8118,8.279,13.093,-25.1356,18.3959,98850000
2016-07-15,180,2015-10-28,2016-07-15,9.839,10.1069,10.2279,97.3489,96.1979,8.279,13.093,-24.853,18.8429,90419000
2016-07-18,180,2015-10-29,2016-07-18,9.881,10.1032,10.224,97.8012,96.6453,8.279,13.093,-24.5322,19.3502,286697000
2016-07-19,180,2015-10-30,2016-07-19,8.584,10.0911,10.2133,85.0655,84.0475,8.279,13.093,-34.4382,3.684,556812000
2016-07-20,180,2015-11-02,2016-07-20,8.791,10.0789,10.2019,87.2217,86.1702,8.279,13.093,-32.8573,6.1843,235251000
2016-07-21,180,2015-11-03,2016-07-21,8.599,10.0657,10.1899,85.4285,84.3877,8.279,13.093,-34.3237,3.8652,160840000
2016-07-22,180,2015-11-04,2016-07-22,8.589,10.0515,10.1766,85.4499,84.3993,8.279,13.093,-34.4001,3.7444,113639000
2016-07-25,180,2015-11-05,2016-07-25,8.766,10.0367,10.162,87.3394,86.2628,8.279,13.093,-33.0482,5.8824,141350000
2016-07-26,180,2015-11-06,2016-07-26,9.141,10.0248,10.1497,91.1838,90.0618,8.279,13.093,-30.1841,10.4119,195776000
2016-07-27,180,2015-11-09,2016-07-27,9.204,10.0131,10.1375,91.9195,90.792,8.279,13.093,-29.7029,11.1728,87275000
2016-07-28,180,2015-11-10,2016-07-28,9.165,10.003,10.1273,91.6221,90.4976,8.279,13.093,-30.0008,10.7018,62277000
2016-07-29,180,2015-11-11,2016-07-29,9.125,9.9915,10.1154,91.3279,90.2087,8.279,13.093,-30.3063,10.2186,69602000
2016-08-01,180,2015-11-12,2016-08-01,9.437,9.9818,10.1052,94.5416,93.388,8.279,13.093,-27.9233,13.9872,106669000
2016-08-02,180,2015-11-13,2016-08-02,9.356,9.9735,10.0966,93.8085,92.6647,8.279,13.093,-28.542,13.0088,98362000
2016-08-03,180,2015-11-16,2016-08-03,9.31,9.9675,10.0908,93.4038,92.2626,8.279,13.093,-28.8933,12.4532,70309000
2016-08-04,180,2015-11-17,2016-08-04,9.344,9.958,10.0808,93.8343,92.691,8.279,13.093,-28.6336,12.8639,60434000
2016-08-05,180,2015-11-18,2016-08-05,9.703,9.9483,10.0697,97.5346,96.3588,8.279,13.093,-25.8917,17.2001,183648000
2016-08-08,180,2015-11-19,2016-08-08,9.511,9.936,10.0555,95.7222,94.5852,8.279,13.093,-27.3581,14.881,101354000
2016-08-09,180,2015-11-20,2016-08-09,9.399,9.9233,10.0409,94.7162,93.607,8.279,13.093,-28.2135,13.5282,91754000
2016-08-10,180,2015-11-23,2016-08-10,9.393,9.9093,10.0243,94.7899,93.7024,8.279,13.093,-28.2594,13.4557,65111000
2016-08-11,180,2015-11-24,2016-08-11,9.589,9.896,10.0081,96.8973,95.8123,8.279,13.093,-26.7624,15.8232,85477000
2016-08-12,180,2015-11-25,2016-08-12,9.659,9.8839,9.9933,97.7251,96.6551,8.279,13.093,-26.2278,16.6687,65929000
2016-08-15,180,2015-11-27,2016-08-15,9.531,9.8706,9.9772,96.5591,95.5275,8.279,13.093,-27.2054,15.1226,73046000
2016-08-16,180,2015-11-30,2016-08-16,9.512,9.8569,9.9604,96.5009,95.4983,8.279,13.093,-27.3505,14.8931,63113000
2016-08-17,180,2015-12-01,2016-08-17,9.637,9.8447,9.9454,97.8905,96.899,8.279,13.093,-26.3958,16.4029,83156000
2016-08-18,180,2015-12-02,2016-08-18,9.616,9.8316,9.9292,97.8066,96.8458,8.279,13.093,-26.5562,16.1493,72526000
2016-08-19,180,2015-12-03,2016-08-19,9.587,9.8173,9.9108,97.6541,96.7327,8.279,13.093,-26.7777,15.799,69429000
2016-08-22,180,2015-12-04,2016-08-22,9.526,9.8033,9.8933,97.171,96.2875,8.279,13.093,-27.2436,15.0622,58305000
2016-08-23,180,2015-12-07,2016-08-23,9.594,9.7885,9.8738,98.0131,97.1657,8.279,12.698,-24.4448,15.8836,52391000
2016-08-24,180,2015-12-08,2016-08-24,9.518,9.775,9.8571,97.3704,96.56,8.279,12.698,-25.0433,14.9656,62765000
2016-08-25,180,2015-12-09,2016-08-25,9.732,9.7623,9.8406,99.6894,98.8964,8.279,12.42,-21.6425,17.5504,108231000
2016-08-26,180,2015-12-10,2016-08-26,9.758,9.7507,9.8258,100.0748,99.3098,8.279,12.291,-20.6086,17.8645,66176000
2016-08-29,180,2015-12-11,2016-08-29,9.73,9.7394,9.8116,99.9034,99.1684,8.279,12.264,-20.6621,17.5263,80084000
2016-08-30,180,2015-12-14,2016-08-30,9.745,9.7297,9.7997,100.1577,99.4422,8.279,12.264,-20.5398,17.7075,60935000
2016-08-31,180,2015-12-15,2016-08-31,9.745,9.7193,9.7868,100.2646,99.5732,8.279,12.264,-20.5398,17.7075,46906000
2016-09-01,180,2015-12-16,2016-09-01,9.738,9.7096,9.775,100.292,99.6217,8.279,12.264,-20.5969,17.6229,41486000
2016-09-02,180,2015-12-17,2016-09-02,9.738,9.6986,9.7609,100.4064,99.7649,8.279,12.251,-20.5126,17.6229,42472000
2016-09-06,180,2015-12-18,2016-09-06,10.009,9.689,9.7485,103.3023,102.6723,8.279,11.912,-15.9755,20.8962,90361000
2016-09-07,180,2015-12-21,2016-09-07,9.915,9.6806,9.738,102.421,101.8176,8.279,11.912,-16.7646,19.7608,64685000
2016-09-08,180,2015-12-22,2016-09-08,9.966,9.673,9.7286,103.0286,102.4405,8.279,11.912,-16.3365,20.3769,52012000
2016-09-09,180,2015-12-23,2016-09-09,9.65,9.6639,9.7176,99.8562,99.3042,8.279,11.912,-18.9893,16.56,73733000
2016-09-12,180,2015-12-24,2016-09-12,9.905,9.6554,9.707,102.5847,102.0398,8.279,11.912,-16.8486,19.6401,77184000
2016-09-13,180,2015-12-28,2016-09-13,9.609,9.6457,9.6952,99.6196,99.111,8.279,11.912,-19.3334,16.0647,117881000
2016-09-14,180,2015-12-29,2016-09-14,9.701,9.6366,9.684,100.6688,100.1753,8.279,11.912,-18.5611,17.176,84810000
2016-09-15,180,2015-12-30,2016-09-15,9.734,9.6269,9.6719,101.1128,100.6418,8.279,11.768,-17.2842,17.5746,52935000
2016-09-16,180,2015-12-31,2016-09-16,9.948,9.6192,9.6624,103.4178,102.9563,8.279,11.768,-15.4657,20.1594,94451000
2016-09-19,180,2016-01-04,2016-09-19,9.806,9.6118,9.6533,102.0208,101.582,8.279,11.768,-16.6723,18.4443,86162000
2016-09-20,180,2016-01-05,2016-09-20,9.825,9.6062,9.6468,102.2777,101.8474,8.279,11.768,-16.5109,18.6738,47368000
2016-09-21,180,2016-01-06,2016-09-21,9.488,9.5998,9.6397,98.8355,98.4265,8.279,11.768,-19.3746,14.6032,200422000
2016-09-22,180,2016-01-07,2016-09-22,9.583,9.5899,9.6275,99.9282,99.5373,8.279,11.658,-17.7989,15.7507,112150000
2016-09-23,180,2016-01-08,2016-09-23,9.594,9.5812,9.6172,100.1332,99.7588,8.279,11.658,-17.7046,15.8836,61795000
2016-09-26,180,2016-01-11,2016-09-26,9.456,9.5731,9.6079,98.7769,98.4195,8.279,11.658,-18.8883,14.2167,67392000
2016-09-27,180,2016-01-12,2016-09-27,9.707,9.5649,9.5979,101.4853,101.1366,8.279,11.658,-16.7353,17.2485,96801000
2016-09-28,180,2016-01-13,2016-09-28,9.748,9.5564,9.5873,102.0049,101.6762,8.279,11.151,-12.5818,17.7437,72351000
2016-09-29,180,2016-01-14,2016-09-29,9.667,9.5515,9.5818,101.2089,100.8892,8.279,11.151,-13.3082,16.7653,62176000
2016-09-30,180,2016-01-15,2016-09-30,9.855,9.5474,9.5771,103.2213,102.902,8.279,11.151,-11.6223,19.0361,98079000
2016-10-03,180,2016-01-19,2016-10-03,10.263,9.5468,9.5763,107.5023,107.171,8.279,11.151,-7.9634,23.9642,153445000
2016-10-04,180,2016-01-20,2016-10-04,10.234,9.5442,9.5732,107.2271,106.9025,8.279,11.151,-8.2235,23.614,121431000
2016-10-05,180,2016-01-21,2016-10-05,10.628,9.5436,9.5724,111.3628,111.0276,8.279,11.151,-4.6902,28.373,129429000
2016-10-06,180,2016-01-22,2016-10-06,10.507,9.5449,9.5739,110.0801,109.7462,8.279,11.151,-5.7753,26.9115,65877000
2016-10-07,180,2016-01-25,2016-10-07,10.482,9.5468,9.5762,109.7956,109.4591,8.279,11.151,-5.9995,26.6095,86595000
2016-10-10,180,2016-01-26,2016-10-10,10.333,9.5489,9.5785,108.2113,107.8768,8.279,11.151,-7.3357,24.8098,66997000
2016-10-11,180,2016-01-27,2016-10-11,10.059,9.5503,9.5801,105.3262,104.9994,8.279,11.151,-9.7928,21.5002,90329000
2016-10-12,180,2016-01-28,2016-10-12,9.95,9.555,9.5847,104.1339,103.8113,8.279,11.151,-10.7703,20.1836,74265000
2016-10-13,180,2016-01-29,2016-10-13,10.023,9.5581,9.5879,104.8637,104.5377,8.279,11.151,-10.1157,21.0653,83193000
2016-10-14,180,2016-02-01,2016-10-14,10.147,9.5634,9.5933,106.1028,105.772,8.279,11.151,-9.0037,22.5631,95311000
2016-10-17,180,2016-02-02,2016-10-17,9.98,9.5665,9.5965,104.3228,103.9968,8.279,11.151,-10.5013,20.546,265895000
2016-10-18,180,2016-02-03,2016-10-18,11.879,9.5792,9.6116,124.0076,123.59,8.279,11.879,0.0,43.4835,421682000
2016-10-19,180,2016-02-04,2016-10-19,12.187,9.5936,9.6289,127.0323,126.5668,8.279,12.187,0.0,47.2038,219817000
2016-10-20,180,2016-02-05,2016-10-20,12.335,9.6092,9.6476,128.3667,127.8556,8.279,12.335,0.0,48.9914,144928000
2016-10-21,180,2016-02-08,2016-10-21,12.75,9.631,9.6724,132.3854,131.8178,8.332,12.75,0.0,53.0245,188324000
2016-10-24,180,2016-02-09,2016-10-24,12.733,9.6524,9.6969,131.9155,131.3102,8.533,12.75,-0.1333,49.2207,159807000
2016-10-25,180,2016-02-10,2016-10-25,12.651,9.6716,9.7193,130.8055,130.1634,8.533,12.75,-0.7765,48.2597,82539000
2016-10-26,180,2016-02-11,2016-10-26,12.697,9.6895,9.7407,131.0392,130.3497,8.533,12.75,-0.4157,48.7988,86024000
2016-10-27,180,2016-02-12,2016-10-27,12.647,9.7087,9.763,130.265,129.54,8.533,12.75,-0.8078,48.2128,69142000
2016-10-28,180,2016-02-16,2016-10-28,12.657,9.7272,9.7848,130.119,129.3541,8.533,12.75,-0.7294,48.33,70773000
2016-10-31,180,2016-02-17,2016-10-31,12.487,9.7442,9.8047,128.1479,127.3576,8.533,12.75,-2.0627,46.3377,65175000
2016-11-01,180,2016-02-18,2016-11-01,12.33,9.7571,9.8205,126.3694,125.5533,8.533,12.75,-3.2941,44.4978,69786000
2016-11-02,180,2016-02-19,2016-11-02,12.234,9.7724,9.8382,125.1899,124.3517,8.533,12.75,-4.0471,43.3728,48165000
2016-11-03,180,2016-02-22,2016-11-03,12.214,9.7884,9.8565,124.7804,123.9182,8.533,12.75,-4.2039,43.1384,50413000
2016-11-04,180,2016-02-23,2016-11-04,12.203,9.8027,9.8732,124.4861,123.5969,8.533,12.75,-4.2902,43.0095,50777000
2016-11-07,180,2016-02-24,2016-11-07,12.458,9.8198,9.8929,126.8664,125.9283,8.533,12.75,-2.2902,45.9979,58271000
2016-11-08,180,2016-02-25,2016-11-08,12.434,9.8352,9.9111,126.4235,125.4552,8.533,12.75,-2.4784,45.7166,46908000
2016-11-09,180,2016-02-26,2016-11-09,12.219,9.8481,9.9265,124.0749,123.095,8.533,12.75,-4.1647,43.197,77057000
2016-11-10,180,2016-02-29,2016-11-10,11.542,9.8583,9.9379,117.0795,116.1408,8.533,12.75,-9.4745,35.2631,197187000
2016-11-11,180,2016-03-01,2016-11-11,11.478,9.869,9.9498,116.3032,115.359,8.533,12.75,-9.9765,34.5131,110803000
2016-11-14,180,2016-03-02,2016-11-14,11.338,9.8764,9.9582,114.7994,113.856,8.533,12.75,-11.0745,32.8724,99324000
2016-11-15,180,2016-03-03,2016-11-15,11.359,9.8842,9.9671,114.9211,113.9653,8.533,12.75,-10.9098,33.1185,74451000
2016-11-16,180,2016-03-04,2016-11-16,11.519,9.8925,9.9767,116.4419,115.4595,8.533,12.75,-9.6549,34.9936,59337000
2016-11-17,180,2016-03-07,2016-11-17,11.503,9.8987,9.9841,116.2066,115.2129,8.533,12.75,-9.7804,34.806,62327000
2016-11-18,180,2016-03-08,2016-11-18,11.521,9.9085,9.9951,116.2738,115.2667,8.533,12.75,-9.6392,35.017,67468000
2016-11-21,180,2016-03-09,2016-11-21,11.796,9.919,10.0072,118.9237,117.8757,8.533,12.75,-7.4824,38.2398,70645000
2016-11-22,180,2016-03-10,2016-11-22,11.804,9.9284,10.0183,118.8907,117.8245,8.533,12.75,-7.4196,38.3335,70072000
2016-11-23,180,2016-03-11,2016-11-23,11.769,9.9382,10.0296,118.4222,117.3429,8.533,12.75,-7.6941,37.9234,45213000
2016-11-25,180,2016-03-14,2016-11-25,11.741,9.9476,10.0406,118.0281,116.9358,8.533,12.75,-7.9137,37.5952,16163000
2016-11-28,180,2016-03-15,2016-11-28,11.693,9.9566,10.051,117.4392,116.3367,8.533,12.75,-8.2902,37.0327,52789000
2016-11-29,180,2016-03-16,2016-11-29,11.751,9.9661,10.0619,117.9101,116.7869,8.533,12.75,-7.8353,37.7124,70823000
2016-11-30,180,2016-03-17,2016-11-30,11.7,9.9745,10.0717,117.2997,116.1668,8.533,12.75,-8.2353,37.1147,77151000
2016-12-01,180,2016-03-18,2016-12-01,11.722,9.9827,10.0814,117.4228,116.273,8.533,12.75,-8.0627,37.3726,86369000
2016-12-02,180,2016-03-21,2016-12-02,12.081,9.9917,10.0924,120.9108,119.7041,8.533,12.75,-5.2471,41.5797,89536000
2016-12-05,180,2016-03-22,2016-12-05,11.916,10.0,10.1024,119.1599,117.9517,8.533,12.75,-6.5412,39.6461,76263000
2016-12-06,180,2016-03-23,2016-12-06,12.457,10.0111,10.1162,124.4323,123.1394,8.533,12.75,-2.298,45.9862,115132000
2016-12-07,180,2016-03-24,2016-12-07,12.539,10.0226,10.1305,125.1075,123.7746,8.533,12.75,-1.6549,46.9471,82047000
2016-12-08,180,2016-03-28,2016-12-08,12.324,10.034,10.1443,122.8218,121.4865,8.533,12.75,-3.3412,44.4275,89877000
2016-12-09,180,2016-03-29,2016-12-09,12.288,10.0438,10.1564,122.3441,120.9881,8.533,12.75,-3.6235,44.0056,47008000
2016-12-12,180,2016-03-30,2016-12-12,12.283,10.052,10.1668,122.1945,120.8153,8.533,12.75,-3.6627,43.947,39176000
2016-12-13,180,2016-03-31,2016-12-13,12.378,10.0616,10.1788,123.0222,121.6062,8.533,12.75,-2.9176,45.0604,55645000
2016-12-14,180,2016-04-01,2016-12-14,12.344,10.0711,10.1905,122.569,121.132,8.533,12.75,-3.1843,44.6619,61103000
2016-12-15,180,2016-04-04,2016-12-15,12.5,10.0793,10.2013,124.0166,122.5339,8.533,12.75,-1.9608,46.4901,73762000
2016-12-16,180,2016-04-05,2016-12-16,12.422,10.088,10.2123,123.1369,121.6376,8.533,12.75,-2.5725,45.576,78680000
2016-12-19,180,2016-04-06,2016-12-19,12.545,10.0968,10.2237,124.2476,122.7052,8.533,12.75,-1.6078,47.0175,48673000
2016-12-20,180,2016-04-07,2016-12-20,12.512,10.1055,10.235,123.8133,122.2476,8.533,12.75,-1.8667,46.6307,39378000
2016-12-21,180,2016-04-08,2016-12-21,12.65,10.115,10.2472,125.0616,123.4482,8.533,12.75,-0.7843,48.248,65148000
2016-12-22,180,2016-04-11,2016-12-22,12.558,10.1245,10.2593,124.0355,122.4059,8.533,12.75,-1.5059,47.1698,41607000
2016-12-23,180,2016-04-12,2016-12-23,12.559,10.1346,10.272,123.9215,122.2639,8.533,12.75,-1.498,47.1815,20104000
2016-12-27,180,2016-04-13,2016-12-27,12.835,10.1435,10.2839,126.5338,124.8066,8.533,12.835,0.0,50.416,52882000
2016-12-28,180,2016-04-14,2016-12-28,12.589,10.1503,10.2929,124.0263,122.3072,8.533,12.835,-1.9166,47.5331,43892000
2016-12-29,180,2016-04-15,2016-12-29,12.533,10.1564,10.3012,123.3996,121.6652,8.533,12.835,-2.3529,46.8768,34451000
2016-12-30,180,2016-04-18,2016-12-30,12.38,10.1615,10.308,121.832,120.1004,8.533,12.835,-3.545,45.0838,44554000
2017-01-03,180,2016-04-19,2017-01-03,12.749,10.1695,10.3186,125.3655,123.553,8.533,12.835,-0.67,49.4082,94379000
2017-01-04,180,2016-04-20,2017-01-04,12.941,10.186,10.3381,127.0469,125.1773,8.533,12.941,0.0,51.6583,78436000
2017-01-05,180,2016-04-21,2017-01-05,13.181,10.2019,10.3576,129.2019,127.2592,8.533,13.181,0.0,54.4709,101855000
2017-01-06,180,2016-04-22,2017-01-06,13.107,10.2186,10.3777,128.2655,126.3003,8.533,13.181,-0.5614,53.6037,106579000
2017-01-09,180,2016-04-25,2017-01-09,13.095,10.2349,10.3971,127.945,125.9483,8.533,13.181,-0.6525,53.463,57718000
2017-01-10,180,2016-04-26,2017-01-10,12.989,10.2523,10.4173,126.6936,124.6868,8.533,13.181,-1.4566,52.2208,59858000
2017-01-11,180,2016-04-27,2017-01-11,13.05,10.2708,10.4385,127.0598,125.0185,8.533,13.181,-0.9939,52.9357,56151000
2017-01-12,180,2016-04-28,2017-01-12,12.918,10.2898,10.4596,125.5418,123.5032,8.533,13.181,-1.9953,51.3887,53889000
2017-01-13,180,2016-04-29,2017-01-13,13.37,10.311,10.4838,129.6673,127.5305,8.533,13.37,0.0,56.6858,105150000
2017-01-17,180,2016-05-02,2017-01-17,13.289,10.3322,10.5076,128.6173,126.4706,8.533,13.37,-0.6058,55.7366,122202000
2017-01-18,180,2016-05-03,2017-01-18,13.326,10.3514,10.5299,128.7358,126.5541,8.533,13.37,-0.3291,56.1702,161686000
2017-01-19,180,2016-05-04,2017-01-19,13.841,10.3735,10.5559,133.4265,131.1207,8.533,13.841,0.0,62.2056,232034000
2017-01-20,180,2016-05-05,2017-01-20,13.86,10.3963,10.5825,133.3171,130.9711,8.533,13.86,0.0,62.4282,94974000
2017-01-23,180,2016-05-06,2017-01-23,13.739,10.4198,10.6092,131.8548,129.5013,8.533,13.86,-0.873,61.0102,74339000
2017-01-24,180,2016-05-09,2017-01-24,14.011,10.4432,10.6365,134.1638,131.7252,8.533,14.011,0.0,64.1978,77547000
2017-01-25,180,2016-05-10,2017-01-25,13.952,10.4667,10.6637,133.2983,130.8358,8.533,14.011,-0.4211,63.5064,72381000
2017-01-26,180,2016-05-11,2017-01-26,13.896,10.4885,10.6893,132.4878,129.9987,8.533,14.011,-0.8208,62.8501,60383000
2017-01-27,180,2016-05-12,2017-01-27,14.245,10.5136,10.7185,135.4917,132.9015,8.533,14.245,0.0,66.9401,83239000
2017-01-30,180,2016-05-13,2017-01-30,14.122,10.5401,10.7482,133.9831,131.3897,8.533,14.245,-0.8635,65.4987,81225000
2017-01-31,180,2016-05-16,2017-01-31,14.071,10.5666,10.7775,133.1653,130.5587,8.533,14.245,-1.2215,64.901,44116000
2017-02-01,180,2016-05-17,2017-02-01,14.078,10.5922,10.8062,132.9095,130.2767,8.533,14.245,-1.1723,64.983,60334000
2017-02-02,180,2016-05-18,2017-02-02,13.92,10.6178,10.8343,131.1008,128.4806,8.533,14.245,-2.2815,63.1314,34624000
2017-02-03,180,2016-05-19,2017-02-03,14.025,10.6424,10.862,131.7843,129.1203,8.533,14.245,-1.5444,64.3619,35126000
2017-02-06,180,2016-05-20,2017-02-06,14.097,10.6681,10.8905,132.1419,129.4428,8.533,14.245,-1.039,65.2057,35521000
2017-02-07,180,2016-05-23,2017-02-07,14.4,10.6926,10.9191,134.6727,131.8785,8.533,14.4,0.0,68.7566,85735000
2017-02-08,180,2016-05-24,2017-02-08,14.474,10.7157,10.9468,135.0729,132.2208,8.533,14.474,0.0,69.6238,68871000
2017-02-09,180,2016-05-25,2017-02-09,14.414,10.7366,10.9725,134.2505,131.3644,8.533,14.474,-0.4145,68.9207,45551000
2017-02-10,180,2016-05-26,2017-02-10,14.482,10.7564,10.9973,134.6365,131.6866,8.533,14.482,0.0,69.7176,61719000
2017-02-13,180,2016-05-27,2017-02-13,14.32,10.774,11.0198,132.9121,129.9484,8.533,14.482,-1.1186,67.8191,47904000
2017-02-14,180,2016-05-31,2017-02-14,14.082,10.7907,11.0406,130.5013,127.5474,8.533,14.482,-2.762,65.0299,83678000
2017-02-15,180,2016-06-01,2017-02-15,14.227,10.8083,11.0627,131.6301,128.6038,8.533,14.482,-1.7608,66.7292,53091000
2017-02-16,180,2016-06-02,2017-02-16,14.201,10.8266,11.0852,131.1678,128.1082,8.533,14.482,-1.9403,66.4245,28475000
2017-02-17,180,2016-06-03,2017-02-17,14.222,10.8451,11.1079,131.137,128.0347,8.533,14.482,-1.7953,66.6706,45881000
2017-02-21,180,2016-06-06,2017-02-21,14.26,10.865,11.1318,131.2475,128.1013,8.533,14.482,-1.5329,67.1159,35715000
2017-02-22,180,2016-06-07,2017-02-22,14.386,10.8845,11.1558,132.1694,128.9557,8.533,14.482,-0.6629,68.5925,34820000
2017-02-23,180,2016-06-08,2017-02-23,14.278,10.9043,11.1796,130.9386,127.7148,8.533,14.482,-1.4086,67.3268,46680000
2017-02-24,180,2016-06-09,2017-02-24,14.325,10.9258,11.2048,131.1119,127.8468,8.533,14.482,-1.0841,67.8777,33027000
2017-02-27,180,2016-06-10,2017-02-27,14.341,10.9479,11.2306,130.9933,127.6963,8.533,14.482,-0.9736,68.0652,39074000
2017-02-28,180,2016-06-13,2017-02-28,14.213,10.9721,11.2574,129.5375,126.2544,8.533,14.482,-1.8575,66.5651,38622000
2017-03-01,180,2016-06-14,2017-03-01,14.265,10.9966,11.2845,129.7225,126.4119,8.533,14.482,-1.4984,67.1745,41706000
2017-03-02,180,2016-06-15,2017-03-02,13.953,11.0198,11.3098,126.6172,123.3712,8.533,14.482,-3.6528,63.5181,61199000
2017-03-03,180,2016-06-16,2017-03-03,13.914,11.0429,11.3347,125.999,122.756,8.533,14.482,-3.9221,63.0611,53998000
2017-03-06,180,2016-06-17,2017-03-06,14.194,11.0662,11.3605,128.2639,124.9415,8.533,14.482,-1.9887,66.3424,71161000
2017-03-07,180,2016-06-20,2017-03-07,14.143,11.0902,11.3866,127.5267,124.2072,8.533,14.482,-2.3408,65.7448,42410000
2017-03-08,180,2016-06-21,2017-03-08,14.032,11.1144,11.4125,126.2503,122.9533,8.533,14.482,-3.1073,64.4439,40855000
2017-03-09,180,2016-06-22,2017-03-09,14.053,11.1411,11.44,126.1368,122.8411,8.533,14.482,-2.9623,64.69,26527000
2017-03-10,180,2016-06-23,2017-03-10,14.089,11.1688,11.4682,126.1459,122.8522,8.533,14.482,-2.7137,65.1119,33185000
2017-03-13,180,2016-06-24,2017-03-13,14.352,11.1962,11.4971,128.1863,124.8319,8.533,14.482,-0.8977,68.1941,49224000
2017-03-14,180,2016-06-27,2017-03-14,14.319,11.2264,11.5275,127.5477,124.2162,8.533,14.482,-1.1255,67.8073,46603000
2017-03-15,180,2016-06-28,2017-03-15,14.525,11.2603,11.5608,128.9925,125.6405,8.584,14.525,0.0,69.2102,59872000
2017-03-16,180,2016-06-29,2017-03-16,14.439,11.2917,11.5921,127.8724,124.5588,8.584,14.525,-0.5921,68.2083,52865000
2017-03-17,180,2016-06-30,2017-03-17,14.511,11.3208,11.6221,128.1803,124.8565,8.584,14.525,-0.0964,69.0471,62813000
2017-03-20,180,2016-07-01,2017-03-20,14.583,11.3499,11.6523,128.4863,125.1509,8.584,14.583,0.0,69.8858,34210000
2017-03-21,180,2016-07-05,2017-03-21,14.242,11.3737,11.6777,125.2189,121.9584,8.584,14.583,-2.3383,65.9133,76698000
2017-03-22,180,2016-07-06,2017-03-22,14.265,11.3968,11.7026,125.1673,121.8959,8.584,14.583,-2.1806,66.1813,64869000
2017-03-23,180,2016-07-07,2017-03-23,14.184,11.4222,11.7289,124.1791,120.9326,8.584,14.583,-2.7361,65.2377,37126000
2017-03-24,180,2016-07-08,2017-03-24,14.202,11.4474,11.7549,124.0626,120.8175,8.584,14.583,-2.6126,65.4473,35466000
2017-03-27,180,2016-07-11,2017-03-27,14.406,11.472,11.781,125.5756,122.2814,8.584,14.583,-1.2137,67.8239,47717000
2017-03-28,180,2016-07-12,2017-03-28,14.517,11.4989,11.8091,126.2468,122.9308,8.584,14.583,-0.4526,69.117,46380000
2017-03-29,180,2016-07-13,2017-03-29,14.647,11.5254,11.8371,127.0851,123.7377,8.584,14.647,0.0,70.6314,38550000
2017-03-30,180,2016-07-14,2017-03-30,14.806,11.5521,11.8658,128.1672,124.7785,8.584,14.806,0.0,72.4837,44611000
2017-03-31,180,2016-07-15,2017-03-31,14.781,11.5776,11.8935,127.6686,124.2781,8.584,14.806,-0.1689,72.1925,38882000
2017-04-03,180,2016-07-18,2017-04-03,14.692,11.6027,11.9204,126.6258,123.2504,8.584,14.806,-0.77,71.1556,46093000
2017-04-04,180,2016-07-19,2017-04-04,14.55,11.627,11.9464,125.1394,121.7942,8.584,14.806,-1.729,69.5014,43689000
2017-04-05,180,2016-07-20,2017-04-05,14.362,11.6623,11.9785,123.1486,119.8983,8.589,14.806,-2.9988,67.2139,46076000
2017-04-06,180,2016-07-21,2017-04-06,14.374,11.6958,12.0095,122.8986,119.6886,8.589,14.806,-2.9177,67.3536,33124000
2017-04-07,180,2016-07-22,2017-04-07,14.311,11.7312,12.0412,121.991,118.85,8.589,14.806,-3.3432,66.6201,30405000
2017-04-10,180,2016-07-25,2017-04-10,14.385,11.7672,12.0734,122.2469,119.1459,8.766,14.806,-2.8434,64.0999,58074000
2017-04-11,180,2016-07-26,2017-04-11,14.435,11.8017,12.1049,122.3125,119.249,9.125,14.806,-2.5057,58.1918,46215000
2017-04-12,180,2016-07-27,2017-04-12,14.383,11.8327,12.1341,121.5533,118.5342,9.125,14.806,-2.8569,57.6219,43870000
2017-04-13,180,2016-07-28,2017-04-13,14.292,11.8628,12.1623,120.4771,117.5105,9.125,14.806,-3.4716,56.6247,36858000
2017-04-17,180,2016-07-29,2017-04-17,14.725,11.8951,12.1932,123.7901,120.764,9.125,14.806,-0.5471,61.3699,163647000
2017-04-18,180,2016-08-01,2017-04-18,14.336,11.9265,12.2222,120.2026,117.2952,9.31,14.806,-3.1744,53.985,196710000
2017-04-19,180,2016-08-02,2017-04-19,13.976,11.9538,12.2474,116.9169,114.1143,9.31,14.806,-5.6058,50.1182,123951000
2017-04-20,180,2016-08-03,2017-04-20,14.118,11.9825,12.2738,117.8221,115.0252,9.31,14.806,-4.6468,51.6434,72482000
2017-04-21,180,2016-08-04,2017-04-21,14.287,12.0124,12.3015,118.9355,116.1405,9.344,14.806,-3.5053,52.9003,68248000
2017-04-24,180,2016-08-05,2017-04-24,14.383,12.0425,12.3295,119.4351,116.6554,9.393,14.806,-2.8569,53.1247,48009000
2017-04-25,180,2016-08-08,2017-04-25,15.216,12.0727,12.3601,126.0366,123.1058,9.393,15.216,0.0,61.993,206742000
2017-04-26,180,2016-08-09,2017-04-26,15.017,12.104,12.3907,124.0666,121.1958,9.393,15.216,-1.3078,59.8744,92741000
2017-04-27,180,2016-08-10,2017-04-27,15.308,12.1375,12.4235,126.1215,123.2179,9.393,15.308,0.0,62.9724,77194000
2017-04-28,180,2016-08-11,2017-04-28,15.22,12.171,12.4559,125.0518,122.1912,9.456,15.308,-0.5749,60.956,63662000
2017-05-01,180,2016-08-12,2017-05-01,15.535,12.2039,12.4889,127.2955,124.3902,9.456,15.535,0.0,64.2872,90316000
2017-05-02,180,2016-08-15,2017-05-02,15.645,12.2368,12.5222,127.8525,124.9383,9.456,15.645,0.0,65.4505,53848000
2017-05-03,180,2016-08-16,2017-05-03,15.559,12.2707,12.5557,126.7984,123.9201,9.456,15.645,-0.5497,64.541,39312000
2017-05-04,180,2016-08-17,2017-05-04,15.725,12.3055,12.5902,127.7883,124.8989,9.456,15.725,0.0,66.2965,55823000
2017-05-05,180,2016-08-18,2017-05-05,15.66,12.3392,12.6236,126.9129,124.0529,9.456,15.725,-0.4134,65.6091,53417000
2017-05-08,180,2016-08-19,2017-05-08,15.638,12.3731,12.6571,126.3867,123.5512,9.456,15.725,-0.5533,65.3765,48188000
2017-05-09,180,2016-08-22,2017-05-09,15.746,12.4079,12.6913,126.9026,124.0691,9.456,15.746,0.0,66.5186,39110000
2017-05-10,180,2016-08-23,2017-05-10,16.028,12.4445,12.7274,128.7961,125.9326,9.456,16.028,0.0,69.5008,68699000
2017-05-11,180,2016-08-24,2017-05-11,15.854,12.48,12.7622,127.0354,124.2261,9.456,16.028,-1.0856,67.6607,56774000
2017-05-12,180,2016-08-25,2017-05-12,16.081,12.5172,12.7987,128.4713,125.6458,9.456,16.081,0.0,70.0613,50929000
2017-05-15,180,2016-08-26,2017-05-15,16.002,12.5523,12.8335,127.4822,124.6892,9.456,16.081,-0.4913,69.2259,49720000
2017-05-16,180,2016-08-29,2017-05-16,15.941,12.5872,12.8679,126.6442,123.8823,9.456,16.081,-0.8706,68.5808,34649000
2017-05-17,180,2016-08-30,2017-05-17,15.32,12.6203,12.8989,121.3915,118.7697,9.456,16.081,-4.7323,62.0135,81845000
2017-05-18,180,2016-08-31,2017-05-18,15.57,12.6544,12.9313,123.0403,120.4057,9.456,16.081,-3.1777,64.6574,68027000
2017-05-19,180,2016-09-01,2017-05-19,15.702,12.6891,12.9644,123.7439,121.1165,9.456,16.081,-2.3568,66.0533,40915000
2017-05-22,180,2016-09-02,2017-05-22,15.716,12.7242,12.9976,123.5131,120.9148,9.456,16.081,-2.2698,66.2014,37441000
2017-05-23,180,2016-09-06,2017-05-23,15.795,12.7597,13.0312,123.7885,121.2088,9.456,16.081,-1.7785,67.0368,33709000
2017-05-24,180,2016-09-07,2017-05-24,15.775,12.7928,13.0633,123.3117,120.7585,9.456,16.081,-1.9029,66.8253,29708000
2017-05-25,180,2016-09-08,2017-05-25,16.305,12.8288,13.0988,127.0966,124.4774,9.456,16.305,0.0,72.4302,85610000
2017-05-26,180,2016-09-09,2017-05-26,16.243,12.8644,13.1336,126.2634,123.6748,9.456,16.305,-0.3803,71.7745,48343000
2017-05-30,180,2016-09-12,2017-05-30,16.322,12.9034,13.1707,126.4934,123.9265,9.456,16.322,0.0,72.61,48286000
2017-05-31,180,2016-09-13,2017-05-31,16.307,12.9402,13.2063,126.018,123.4792,9.456,16.322,-0.0919,72.4513,53289000
2017-06-01,180,2016-09-14,2017-06-01,16.299,12.9801,13.2434,125.5694,123.0723,9.456,16.322,-0.1409,72.3668,38963000
2017-06-02,180,2016-09-15,2017-06-02,16.518,13.02,13.2813,126.8662,124.3703,9.456,16.518,0.0,74.6827,42591000
2017-06-05,180,2016-09-16,2017-06-05,16.506,13.0598,13.3189,126.3876,123.9289,9.456,16.518,-0.0726,74.5558,38752000
2017-06-06,180,2016-09-19,2017-06-06,16.517,13.0978,13.3554,126.1049,123.6726,9.456,16.518,-0.0061,74.6722,43821000
2017-06-07,180,2016-09-20,2017-06-07,16.561,13.1376,13.393,126.0582,123.6546,9.456,16.561,0.0,75.1375,33531000
2017-06-08,180,2016-09-21,2017-06-08,16.588,13.1775,13.4305,125.8813,123.5097,9.456,16.588,0.0,75.423,37191000
2017-06-09,180,2016-09-22,2017-06-09,15.803,13.2183,13.4656,119.5544,117.3582,9.456,16.588,-4.7323,67.1214,102920000
2017-06-12,180,2016-09-23,2017-06-12,15.144,13.2556,13.4965,114.2465,112.2068,9.456,16.588,-8.7051,60.1523,141145000
2017-06-13,180,2016-09-26,2017-06-13,15.272,13.2935,13.5281,114.8833,112.8914,9.456,16.588,-7.9334,61.5059,84847000
2017-06-14,180,2016-09-27,2017-06-14,15.22,13.3329,13.5601,114.1535,112.2413,9.667,16.588,-8.2469,57.4428,64618000
2017-06-15,180,2016-09-28,2017-06-15,15.176,13.3697,13.5905,113.5105,111.6666,9.667,16.588,-8.5122,56.9877,73197000
2017-06-16,180,2016-09-29,2017-06-16,15.238,13.4065,13.621,113.6613,111.8717,9.667,16.588,-8.1384,57.629,69097000
2017-06-19,180,2016-09-30,2017-06-19,15.34,13.4448,13.6525,114.0961,112.3606,9.855,16.588,-7.5235,55.657,65443000
2017-06-20,180,2016-10-03,2017-06-20,15.205,13.4808,13.6822,112.7904,111.1298,9.95,16.588,-8.3373,52.8141,48787000
2017-06-21,180,2016-10-04,2017-06-21,15.503,13.5141,13.7113,114.7173,113.0673,9.95,16.588,-6.5409,55.809,58034000
2017-06-22,180,2016-10-05,2017-06-22,15.489,13.5478,13.7405,114.3285,112.7252,9.95,16.588,-6.6253,55.6683,37692000
2017-06-23,180,2016-10-06,2017-06-23,15.802,13.5793,13.7692,116.3684,114.763,9.95,16.588,-4.7384,58.8141,62508000
2017-06-26,180,2016-10-07,2017-06-26,15.75,13.6118,13.7984,115.7082,114.1439,9.95,16.588,-5.0518,58.2915,60160000
2017-06-27,180,2016-10-10,2017-06-27,15.103,13.6419,13.824,110.7101,109.2517,9.95,16.588,-8.9522,51.7889,74243000
2017-06-28,180,2016-10-11,2017-06-28,15.341,13.6747,13.8519,112.1854,110.7504,9.95,16.588,-7.5175,54.1809,55899000
2017-06-29,180,2016-10-12,2017-06-29,15.009,13.7088,13.8794,109.4842,108.1389,9.95,16.588,-9.5189,50.8442,71425000
2017-06-30,180,2016-10-13,2017-06-30,14.941,13.744,13.9071,108.7095,107.4344,9.98,16.588,-9.9289,49.7094,52133000
2017-07-03,180,2016-10-14,2017-07-03,14.617,13.777,13.9326,106.0975,104.9121,9.98,16.588,-11.8821,46.4629,39082000
2017-07-05,180,2016-10-17,2017-07-05,14.761,13.8095,13.9583,106.8901,105.7511,9.98,16.588,-11.014,47.9058,46278000
2017-07-06,180,2016-10-18,2017-07-06,14.625,13.8433,13.9841,105.6467,104.5834,11.338,16.588,-11.8339,28.991,54865000
2017-07-07,180,2016-10-19,2017-07-07,15.018,13.8621,14.0015,108.3388,107.26,11.338,16.588,-9.4647,32.4572,55613000
2017-07-10,180,2016-10-20,2017-07-10,15.267,13.8798,14.0186,109.9946,108.9053,11.338,16.588,-7.9636,34.6534,53606000
2017-07-11,180,2016-10-21,2017-07-11,15.433,13.8972,14.0358,111.0511,109.9544,11.338,16.588,-6.9629,36.1175,48986000
2017-07-12,180,2016-10-24,2017-07-12,15.875,13.9138,14.0532,114.0954,112.9638,11.338,16.588,-4.2983,40.0159,84818000
2017-07-13,180,2016-10-25,2017-07-13,15.821,13.9303,14.0703,113.5726,112.4423,11.338,16.588,-4.6238,39.5396,67001000
2017-07-14,180,2016-10-26,2017-07-14,16.112,13.9486,14.0896,115.5096,114.3542,11.338,16.588,-2.8695,42.1062,55492000
2017-07-17,180,2016-10-27,2017-07-17,16.17,13.9669,14.1089,115.7734,114.6089,11.338,16.588,-2.5199,42.6177,174967000
2017-07-18,180,2016-10-28,2017-07-18,18.36,13.9937,14.1406,131.2023,129.839,11.338,18.36,0.0,61.9333,415874000
2017-07-19,180,2016-10-31,2017-07-19,18.386,14.0205,14.1724,131.1367,129.7308,11.338,18.386,0.0,62.1626,173443000
2017-07-20,180,2016-11-01,2017-07-20,18.36,14.0485,14.2051,130.6899,129.2498,11.338,18.386,-0.1414,61.9333,79072000
2017-07-21,180,2016-11-02,2017-07-21,18.854,14.0794,14.2413,133.9124,132.3897,11.338,18.854,0.0,66.2904,92774000
2017-07-24,180,2016-11-03,2017-07-24,18.791,14.1108,14.2777,133.1671,131.6106,11.338,18.854,-0.3341,65.7347,87973000
2017-07-25,180,2016-11-04,2017-07-25,18.697,14.1423,14.3137,132.2061,130.6228,11.338,18.854,-0.8327,64.9056,53745000
2017-07-26,180,2016-11-07,2017-07-26,18.908,14.1747,14.351,133.3928,131.754,11.338,18.908,0.0,66.7666,44793000
2017-07-27,180,2016-11-08,2017-07-27,18.268,14.2032,14.3833,128.6187,127.0087,11.338,18.908,-3.3848,61.1219,112210000
2017-07-28,180,2016-11-09,2017-07-28,18.404,14.2325,14.4164,129.3094,127.6599,11.338,18.908,-2.6655,62.3214,62019000
2017-07-31,180,2016-11-10,2017-07-31,18.166,14.2627,14.4495,127.3668,125.7209,11.338,18.908,-3.9243,60.2223,48836000
2017-08-01,180,2016-11-11,2017-08-01,18.203,14.2987,14.4865,127.3056,125.6551,11.338,18.908,-3.7286,60.5486,51127000
2017-08-02,180,2016-11-14,2017-08-02,18.074,14.3349,14.5231,126.0842,124.4498,11.338,18.908,-4.4108,59.4108,57713000
2017-08-03,180,2016-11-15,2017-08-03,17.923,14.372,14.5597,124.7081,123.1,11.359,18.908,-5.2094,57.7868,46277000
2017-08-04,180,2016-11-16,2017-08-04,18.027,14.4094,14.5968,125.1057,123.5001,11.503,18.908,-4.6594,56.7156,44911000
2017-08-07,180,2016-11-17,2017-08-07,18.133,14.446,14.6335,125.5223,123.9143,11.503,18.908,-4.0988,57.6371,46098000
2017-08-08,180,2016-11-18,2017-08-08,17.836,14.4819,14.6687,123.1605,121.5924,11.521,18.908,-5.6696,54.813,61040000
2017-08-09,180,2016-11-21,2017-08-09,17.578,14.5168,14.7023,121.0869,119.5593,11.693,18.908,-7.0341,50.3292,96705000
2017-08-10,180,2016-11-22,2017-08-10,16.914,14.5469,14.7308,116.2719,114.821,11.693,18.908,-10.5458,44.6506,96931000
2017-08-11,180,2016-11-23,2017-08-11,17.14,14.578,14.7604,117.5743,116.1215,11.693,18.908,-9.3505,46.5834,50223000
2017-08-14,180,2016-11-25,2017-08-14,17.1,14.6094,14.79,117.0483,115.6185,11.693,18.908,-9.5621,46.2413,74684000
2017-08-15,180,2016-11-28,2017-08-15,16.85,14.64,14.8184,115.0953,113.7099,11.693,18.908,-10.8843,44.1033,56561000
2017-08-16,180,2016-11-29,2017-08-16,16.998,14.6719,14.8479,115.8542,114.481,11.7,18.908,-10.1016,45.282,70136000
2017-08-17,180,2016-11-30,2017-08-17,16.609,14.7017,14.8749,112.9732,111.6581,11.7,18.908,-12.1589,41.9573,52292000
2017-08-18,180,2016-12-01,2017-08-18,16.654,14.7323,14.9024,113.044,111.7539,11.722,18.908,-11.9209,42.0747,73857000
2017-08-21,180,2016-12-02,2017-08-21,16.676,14.7629,14.9299,112.9586,111.6952,11.916,18.908,-11.8045,39.9463,64807000
2017-08-22,180,2016-12-05,2017-08-22,16.934,14.7917,14.9569,114.483,113.2189,11.916,18.908,-10.44,42.1114,48863000
2017-08-23,180,2016-12-06,2017-08-23,16.906,14.8219,14.9846,114.0611,112.8225,12.283,18.908,-10.5881,37.6374,46323000
2017-08-24,180,2016-12-07,2017-08-24,16.813,14.8473,15.0088,113.2394,112.021,12.283,18.908,-11.08,36.8802,53617000
2017-08-25,180,2016-12-08,2017-08-25,16.595,14.8712,15.0313,111.5914,110.4027,12.283,18.908,-12.2329,35.1054,40640000
2017-08-28,180,2016-12-09,2017-08-28,16.712,14.8974,15.0557,112.1803,111.0011,12.283,18.908,-11.6141,36.058,36573000
2017-08-29,180,2016-12-12,2017-08-29,16.881,14.9248,15.0812,113.1071,111.9339,12.283,18.908,-10.7203,37.4339,46209000
2017-08-30,180,2016-12-13,2017-08-30,17.469,14.9548,15.11,116.8123,115.6119,12.344,18.908,-7.6105,41.5181,80347000
2017-08-31,180,2016-12-14,2017-08-31,17.471,14.9841,15.1383,116.5971,115.4091,12.344,18.908,-7.6,41.5344,69410000
2017-09-01,180,2016-12-15,2017-09-01,17.474,15.0138,15.1668,116.3862,115.212,12.38,18.908,-7.5841,41.147,38130000
2017-09-05,180,2016-12-16,2017-09-05,17.452,15.0423,15.1943,116.0196,114.8586,12.38,18.908,-7.7004,40.9693,45895000
2017-09-06,180,2016-12-19,2017-09-06,17.925,15.0734,15.2249,118.9179,117.7347,12.38,18.908,-5.1989,44.79,87426000
2017-09-07,180,2016-12-20,2017-09-07,17.9,15.1036,15.2547,118.5149,117.3412,12.38,18.908,-5.3311,44.588,60361000
2017-09-08,180,2016-12-21,2017-09-08,17.642,15.1331,15.2832,116.579,115.4342,12.38,18.908,-6.6956,42.504,45908000
2017-09-11,180,2016-12-22,2017-09-11,18.174,15.1637,15.3138,119.8518,118.6769,12.38,18.908,-3.882,46.8013,59794000
2017-09-12,180,2016-12-23,2017-09-12,18.515,15.1965,15.3469,121.8371,120.6429,12.38,18.908,-2.0785,49.5557,66896000
2017-09-13,180,2016-12-27,2017-09-13,18.364,15.2289,15.3792,120.5866,119.4081,12.38,18.908,-2.8771,48.336,43203000
2017-09-14,180,2016-12-28,2017-09-14,18.263,15.2588,15.4093,119.6885,118.519,12.38,18.908,-3.4113,47.5202,45107000
2017-09-15,180,2016-12-29,2017-09-15,18.235,15.2907,15.4407,119.2558,118.0969,12.38,18.908,-3.5593,47.294,55917000
2017-09-18,180,2016-12-30,2017-09-18,18.462,15.324,15.4737,120.4776,119.3125,12.38,18.908,-2.3588,49.1276,53596000
2017-09-19,180,2017-01-03,2017-09-19,18.568,15.3592,15.508,120.8916,119.7315,12.749,18.908,-1.7982,45.6428,49821000
2017-09-20,180,2017-01-04,2017-09-20,18.551,15.3914,15.5403,120.5281,119.3738,12.918,18.908,-1.8881,43.6058,46250000
2017-09-21,180,2017-01-05,2017-09-21,18.878,15.4235,15.5732,122.3978,121.2207,12.918,18.908,-0.1587,46.1372,71481000
2017-09-22,180,2017-01-06,2017-09-22,18.735,15.4533,15.6041,121.2365,120.0646,12.918,18.908,-0.915,45.0302,54643000
2017-09-25,180,2017-01-09,2017-09-25,17.855,15.4802,15.6305,115.3407,114.2319,12.918,18.908,-5.5691,38.218,93672000
2017-09-26,180,2017-01-10,2017-09-26,17.938,15.5077,15.6574,115.6714,114.5657,12.918,18.908,-5.1301,38.8605,56025000
2017-09-27,180,2017-01-11,2017-09-27,18.197,15.5372,15.6863,117.1188,116.0055,12.918,18.908,-3.7603,40.8655,57105000
2017-09-28,180,2017-01-12,2017-09-28,18.07,15.5658,15.7142,116.0877,114.9915,12.918,18.908,-4.432,39.8823,40770000
2017-09-29,180,2017-01-13,2017-09-29,18.135,15.5959,15.7432,116.2809,115.1926,13.289,18.908,-4.0882,36.4663,42279000
2017-10-02,180,2017-01-17,2017-10-02,17.701,15.6206,15.7673,113.3181,112.2643,13.289,18.908,-6.3835,33.2004,73420000
2017-10-03,180,2017-01-18,2017-10-03,17.919,15.647,15.793,114.5202,113.4618,13.326,18.908,-5.2306,34.4665,39569000
2017-10-04,180,2017-01-19,2017-10-04,18.445,15.6754,15.8214,117.6684,116.5825,13.739,18.908,-2.4487,34.2529,92359000
2017-10-05,180,2017-01-20,2017-10-05,19.439,15.7039,15.8525,123.7849,122.6241,13.739,19.439,0.0,41.4877,194127000
2017-10-06,180,2017-01-23,2017-10-06,19.802,15.7336,15.8855,125.8582,124.6543,13.739,19.802,0.0,44.1298,153484000
2017-10-09,180,2017-01-24,2017-10-09,19.687,15.7639,15.9186,124.8868,123.6732,13.896,19.802,-0.5807,41.6739,69717000
2017-10-10,180,2017-01-25,2017-10-10,19.508,15.7917,15.9491,123.5333,122.314,13.896,19.802,-1.4847,40.3857,62338000
2017-10-11,180,2017-01-26,2017-10-11,19.495,15.82,15.9799,123.2303,121.997,13.896,19.802,-1.5503,40.2922,64502000
2017-10-12,180,2017-01-27,2017-10-12,19.586,15.8491,16.0115,123.578,122.3245,13.914,19.802,-1.0908,40.7647,77533000
2017-10-13,180,2017-01-30,2017-10-13,19.949,15.8772,16.0432,125.6459,124.3455,13.914,19.949,0.0,43.3736,120813000
2017-10-16,180,2017-01-31,2017-10-16,20.268,15.9073,16.0774,127.4133,126.0656,13.914,20.268,0.0,45.6662,221054000
2017-10-17,180,2017-02-01,2017-10-17,19.948,15.9368,16.11,125.1696,123.8237,13.914,20.268,-1.5788,43.3664,239001000
2017-10-18,180,2017-02-02,2017-10-18,19.554,15.9649,16.1404,122.4813,121.1493,13.914,20.268,-3.5228,40.5347,111989000
2017-10-19,180,2017-02-03,2017-10-19,19.513,15.9941,16.1715,122.0012,120.6629,13.914,20.268,-3.7251,40.24,70346000
2017-10-20,180,2017-02-06,2017-10-20,19.416,16.0223,16.2014,121.1812,119.8412,13.914,20.268,-4.2037,39.5429,59956000
2017-10-23,180,2017-02-07,2017-10-23,19.247,16.0494,16.2301,119.9235,118.5886,13.914,20.268,-5.0375,38.3283,69800000
2017-10-24,180,2017-02-08,2017-10-24,19.602,16.0758,16.259,121.9347,120.5612,13.914,20.268,-3.286,40.8797,70691000
2017-10-25,180,2017-02-09,2017-10-25,19.377,16.101,16.2862,120.3469,118.9781,13.914,20.268,-4.3961,39.2626,53153000
2017-10-26,180,2017-02-10,2017-10-26,19.521,16.1271,16.3146,121.0444,119.6538,13.914,20.268,-3.6856,40.2975,51858000
2017-10-27,180,2017-02-13,2017-10-27,19.954,16.1545,16.345,123.5194,122.0804,13.914,20.268,-1.5492,43.4095,81286000
2017-10-30,180,2017-02-14,2017-10-30,19.837,16.1828,16.3756,122.5811,121.1374,13.914,20.268,-2.1265,42.5686,54396000
2017-10-31,180,2017-02-15,2017-10-31,19.643,16.2121,16.4065,121.1629,119.7269,13.914,20.268,-3.0837,41.1744,55186000
2017-11-01,180,2017-02-16,2017-11-01,19.8,16.241,16.4375,121.9137,120.4565,13.914,20.268,-2.3091,42.3027,50174000
2017-11-02,180,2017-02-17,2017-11-02,19.932,16.2707,16.4693,122.5023,121.0251,13.914,20.268,-1.6578,43.2514,36063000
2017-11-03,180,2017-02-21,2017-11-03,20.001,16.3007,16.5014,122.7006,121.2078,13.914,20.268,-1.3174,43.7473,36788000
2017-11-06,180,2017-02-22,2017-11-06,20.013,16.3305,16.5334,122.5501,121.046,13.914,20.268,-1.2581,43.8335,58466000
2017-11-07,180,2017-02-23,2017-11-07,19.589,16.3579,16.5623,119.7528,118.2748,13.914,20.268,-3.3501,40.7863,64680000
2017-11-08,180,2017-02-24,2017-11-08,19.644,16.3864,16.5921,119.8802,118.3937,13.914,20.268,-3.0787,41.1815,42374000
2017-11-09,180,2017-02-27,2017-11-09,19.39,16.4136,16.6202,118.1337,116.665,13.914,20.268,-4.332,39.356,59799000
2017-11-10,180,2017-02-28,2017-11-10,19.202,16.4401,16.6472,116.8,115.3465,13.914,20.268,-5.2595,38.0049,66222000
2017-11-13,180,2017-03-01,2017-11-13,19.508,16.4688,16.6767,118.4543,116.9779,13.914,20.268,-3.7498,40.2041,46070000
2017-11-14,180,2017-03-02,2017-11-14,19.571,16.4975,16.7061,118.6302,117.1486,13.914,20.268,-3.4389,40.6569,34505000
2017-11-15,180,2017-03-03,2017-11-15,19.212,16.5272,16.7353,116.2448,114.7989,13.914,20.268,-5.2102,38.0768,42031000
2017-11-16,180,2017-03-06,2017-11-16,19.551,16.5587,16.7667,118.0709,116.6064,13.976,20.268,-3.5376,39.8898,56784000
2017-11-17,180,2017-03-07,2017-11-17,19.32,16.5872,16.7951,116.4752,115.0332,13.976,20.268,-4.6773,38.237,39063000
2017-11-20,180,2017-03-08,2017-11-20,19.41,16.6166,16.8244,116.8109,115.3681,13.976,20.268,-4.2333,38.8809,38275000
2017-11-21,180,2017-03-09,2017-11-21,19.623,16.6478,16.8555,117.8714,116.4192,13.976,20.268,-3.1824,40.405,47873000
2017-11-22,180,2017-03-10,2017-11-22,19.632,16.679,16.8865,117.7049,116.2588,13.976,20.268,-3.138,40.4694,58954000
2017-11-24,180,2017-03-13,2017-11-24,19.575,16.7098,16.9169,117.1468,115.7124,13.976,20.268,-3.4192,40.0615,21605000
2017-11-27,180,2017-03-14,2017-11-27,19.505,16.7384,16.9456,116.5284,115.1038,13.976,20.268,-3.7646,39.5607,32101000
2017-11-28,180,2017-03-15,2017-11-28,19.918,16.769,16.9767,118.7786,117.3257,13.976,20.268,-1.7269,42.5157,69811000
2017-11-29,180,2017-03-16,2017-11-29,18.815,16.7936,17.0005,112.0369,110.6732,13.976,20.268,-7.1689,34.6236,142027000
2017-11-30,180,2017-03-17,2017-11-30,18.758,16.8186,17.0245,111.5313,110.1824,13.976,20.268,-7.4502,34.2158,66301000
2017-12-01,180,2017-03-20,2017-12-01,18.682,16.8428,17.0477,110.9197,109.5868,13.976,20.268,-7.8251,33.672,62195000
2017-12-04,180,2017-03-21,2017-12-04,18.404,16.8653,17.0689,109.1236,107.8218,13.976,20.268,-9.1968,31.6829,90698000
2017-12-05,180,2017-03-22,2017-12-05,18.421,16.8905,17.0921,109.0614,107.7748,13.976,20.268,-9.1129,31.8045,57837000
2017-12-06,180,2017-03-23,2017-12-06,18.53,16.9161,17.1158,109.5406,108.2625,13.976,20.268,-8.5751,32.5844,54901000
2017-12-07,180,2017-03-24,2017-12-07,18.52,16.9424,17.1399,109.3117,108.052,13.976,20.268,-8.6244,32.5129,46595000
2017-12-08,180,2017-03-27,2017-12-08,18.854,16.9701,17.1657,111.1011,109.835,13.976,20.268,-6.9765,34.9027,49873000
2017-12-11,180,2017-03-28,2017-12-11,18.622,16.9953,17.1892,109.5714,108.3357,13.976,20.268,-8.1212,33.2427,52986000
2017-12-12,180,2017-03-29,2017-12-12,18.573,17.0195,17.2117,109.1278,107.9092,13.976,20.268,-8.3629,32.8921,42659000
2017-12-13,180,2017-03-30,2017-12-13,18.786,17.0437,17.2347,110.2223,109.0011,13.976,20.268,-7.312,34.4161,47100000
2017-12-14,180,2017-03-31,2017-12-14,18.956,17.0676,17.2577,111.0641,109.8405,13.976,20.268,-6.4733,35.6325,77928000
2017-12-15,180,2017-04-03,2017-12-15,19.012,17.092,17.2813,111.2331,110.0151,13.976,20.268,-6.197,36.0332,72856000
2017-12-18,180,2017-04-04,2017-12-18,19.042,17.1173,17.3054,111.2442,110.0349,13.976,20.268,-6.0489,36.2479,50110000
2017-12-19,180,2017-04-05,2017-12-19,18.702,17.1422,17.3285,109.0994,107.9263,13.976,20.268,-7.7265,33.8151,70330000
2017-12-20,180,2017-04-06,2017-12-20,18.882,17.1694,17.3536,109.9745,108.8074,13.976,20.268,-6.8384,35.103,65454000
2017-12-21,180,2017-04-07,2017-12-21,18.862,17.1966,17.3785,109.6846,108.5362,13.976,20.268,-6.937,34.9599,47298000
2017-12-22,180,2017-04-10,2017-12-22,18.994,17.2249,17.4045,110.2704,109.1324,13.976,20.268,-6.2858,35.9044,38789000
2017-12-26,180,2017-04-11,2017-12-26,18.776,17.2518,17.4289,108.8352,107.7288,13.976,20.268,-7.3614,34.3446,30457000
2017-12-27,180,2017-04-12,2017-12-27,18.624,17.2776,17.4522,107.7929,106.7142,13.976,20.268,-8.1113,33.257,40021000
2017-12-28,180,2017-04-13,2017-12-28,19.271,17.3069,17.4794,111.3489,110.25,13.976,20.268,-4.9191,37.8864,101074000
2017-12-29,180,2017-04-17,2017-12-29,19.196,17.3367,17.5066,110.7249,109.65,13.976,20.268,-5.2891,37.3497,51876000
2018-01-02,180,2017-04-18,2018-01-02,20.107,17.3671,17.5365,115.7766,114.6579,13.976,20.268,-0.7944,43.8681,109669000
2018-01-03,180,2017-04-19,2018-01-03,20.505,17.4023,17.5708,117.8292,116.6994,13.976,20.505,0.0,46.7158,85914000
2018-01-04,180,2017-04-20,2018-01-04,20.563,17.441,17.6074,117.9007,116.7862,14.118,20.563,0.0,45.6509,60296000
2018-01-05,180,2017-04-21,2018-01-05,20.999,17.4803,17.6456,120.1298,119.0041,14.287,20.999,0.0,46.9798,70332000
2018-01-08,180,2017-04-24,2018-01-08,21.205,17.5191,17.684,121.0392,119.9104,14.383,21.205,0.0,47.431,55802000
2018-01-09,180,2017-04-25,2018-01-09,20.931,17.5563,17.7204,119.2223,118.118,14.617,21.205,-1.2921,43.1963,61259000
2018-01-10,180,2017-04-26,2018-01-10,21.252,17.5883,17.754,120.8303,119.7029,14.617,21.252,0.0,45.3924,59515000
2018-01-11,180,2017-04-27,2018-01-11,21.724,17.6237,17.7912,123.2658,122.1052,14.617,21.724,0.0,48.6215,76595000
2018-01-12,180,2017-04-28,2018-01-12,22.123,17.6585,17.8291,125.2824,124.0838,14.617,22.123,0.0,51.3512,81994000
2018-01-16,180,2017-05-01,2018-01-16,22.153,17.6942,17.8676,125.1993,123.9842,14.617,22.153,0.0,51.5564,135161000
2018-01-17,180,2017-05-02,2018-01-17,21.75,17.7262,17.9021,122.6994,121.494,14.617,22.153,-1.8192,48.7993,91231000
2018-01-18,180,2017-05-03,2018-01-18,22.033,17.7587,17.9376,124.0691,122.8313,14.617,22.153,-0.5417,50.7355,82253000
2018-01-19,180,2017-05-04,2018-01-19,22.046,17.7918,17.9736,123.9107,122.6573,14.617,22.153,-0.483,50.8244,105486000
2018-01-22,180,2017-05-05,2018-01-22,22.758,17.8265,18.0127,127.664,126.344,14.617,22.758,0.0,55.6954,177033000
2018-01-23,180,2017-05-08,2018-01-23,25.029,17.8688,18.0648,140.0711,138.5514,14.617,25.029,0.0,71.2321,277053000
2018-01-24,180,2017-05-09,2018-01-24,26.13,17.9144,18.1231,145.86,144.1809,14.617,26.13,0.0,78.7644,173524000
2018-01-25,180,2017-05-10,2018-01-25,26.97,17.9617,18.1854,150.1529,148.3056,14.617,26.97,0.0,84.5112,153364000
2018-01-26,180,2017-05-11,2018-01-26,27.46,18.0084,18.2489,152.4847,150.4746,14.617,27.46,0.0,87.8634,110218000
2018-01-29,180,2017-05-12,2018-01-29,28.459,18.0588,18.319,157.5904,155.3527,14.617,28.459,0.0,94.698,175297000
2018-01-30,180,2017-05-15,2018-01-30,27.88,18.1066,18.3845,153.9766,151.6494,14.617,28.459,-2.0345,90.7368,124829000
2018-01-31,180,2017-05-16,2018-01-31,27.03,18.1532,18.4458,148.8993,146.5376,14.617,28.459,-5.0213,84.9217,116951000
2018-02-01,180,2017-05-17,2018-02-01,26.507,18.1991,18.5045,145.6501,143.2465,14.617,28.459,-6.859,81.3436,96690000
2018-02-02,180,2017-05-18,2018-02-02,26.743,18.2505,18.5679,146.5326,144.0279,14.617,28.459,-6.0297,82.9582,91236000
2018-02-05,180,2017-05-19,2018-02-05,25.426,18.2967,18.6227,138.9647,136.5324,14.617,28.459,-10.6574,73.9481,118961000
2018-02-06,180,2017-05-22,2018-02-06,26.572,18.3453,18.6831,144.8435,142.225,14.617,28.459,-6.6306,81.7883,125958000
2018-02-07,180,2017-05-23,2018-02-07,26.456,18.3937,18.7427,143.8315,141.1533,14.617,28.459,-7.0382,80.9947,89815000
2018-02-08,180,2017-05-24,2018-02-08,25.01,18.4377,18.7939,135.6461,133.0748,14.617,28.459,-12.1192,71.1021,93067000
2018-02-09,180,2017-05-25,2018-02-09,24.947,18.4818,18.8449,134.9814,132.3807,14.617,28.459,-12.3406,70.6711,169069000
2018-02-12,180,2017-05-26,2018-02-12,25.795,18.5247,18.8976,139.2463,136.4987,14.617,28.459,-9.3608,76.4726,85349000
2018-02-13,180,2017-05-30,2018-02-13,25.827,18.5684,18.9509,139.0912,136.284,14.617,28.459,-9.2484,76.6915,68552000
2018-02-14,180,2017-05-31,2018-02-14,26.6,18.6138,19.008,142.9044,139.9414,14.617,28.459,-6.5322,81.9799,109720000
2018-02-15,180,2017-06-01,2018-02-15,28.027,18.6633,19.0731,150.1715,146.9454,14.617,28.459,-1.518,91.7425,107597000
2018-02-16,180,2017-06-02,2018-02-16,27.852,18.7127,19.1373,148.84,145.5381,14.617,28.459,-2.1329,90.5452,83124000
2018-02-20,180,2017-06-05,2018-02-20,27.855,18.7608,19.2002,148.4747,145.0763,14.617,28.459,-2.1224,90.5658,77690000
2018-02-21,180,2017-06-06,2018-02-21,28.104,18.8098,19.2647,149.4116,145.8836,14.617,28.459,-1.2474,92.2693,93711000
2018-02-22,180,2017-06-07,2018-02-22,27.814,18.8582,19.3274,147.4899,143.9094,14.617,28.459,-2.2664,90.2853,88915000
2018-02-23,180,2017-06-08,2018-02-23,28.593,18.9086,19.3943,151.2171,147.4301,14.617,28.593,0.0,95.6147,73018000
2018-02-26,180,2017-06-09,2018-02-26,29.416,18.9609,19.4655,155.14,151.1183,14.617,29.416,0.0,101.2451,102686000
2018-02-27,180,2017-06-12,2018-02-27,29.061,19.0188,19.5392,152.8016,148.7318,14.617,29.416,-1.2068,98.8165,94165000
2018-02-28,180,2017-06-13,2018-02-28,29.138,19.0827,19.6169,152.6931,148.5349,14.617,29.416,-0.9451,99.3432,76535000
2018-03-01,180,2017-06-14,2018-03-01,29.039,19.1457,19.6934,151.6735,147.4553,14.617,29.416,-1.2816,98.6659,119321000
2018-03-02,180,2017-06-15,2018-03-02,30.105,19.2121,19.7761,156.698,152.229,14.617,30.105,0.0,105.9588,133453000
2018-03-05,180,2017-06-16,2018-03-05,31.5,19.2824,19.8668,163.3615,158.5559,14.617,31.5,0.0,115.5025,189861000
2018-03-06,180,2017-06-19,2018-03-06,32.522,19.3547,19.9628,168.0315,162.9127,14.617,32.522,0.0,122.4943,185258000
2018-03-07,180,2017-06-20,2018-03-07,32.116,19.4258,20.056,165.3262,160.1314,14.617,32.522,-1.2484,119.7168,171322000
2018-03-08,180,2017-06-21,2018-03-08,31.7,19.4978,20.1477,162.5821,157.3383,14.617,32.522,-2.5275,116.8708,113401000
2018-03-09,180,2017-06-22,2018-03-09,33.144,19.5706,20.2457,169.3559,163.709,14.617,33.144,0.0,126.7497,145002000
2018-03-12,180,2017-06-23,2018-03-12,32.13,19.642,20.3381,163.5777,157.9791,14.617,33.144,-3.0594,119.8126,203692000
2018-03-13,180,2017-06-26,2018-03-13,31.588,19.7101,20.4258,160.2634,154.6473,14.617,33.144,-4.6947,116.1045,129172000
2018-03-14,180,2017-06-27,2018-03-14,32.155,19.7802,20.517,162.5614,156.7239,14.617,33.144,-2.984,119.9836,104751000
2018-03-15,180,2017-06-28,2018-03-15,32.109,19.8567,20.6114,161.7033,155.7824,14.617,33.144,-3.1227,119.6689,56429000
2018-03-16,180,2017-06-29,2018-03-16,31.845,19.931,20.7031,159.7761,153.8173,14.617,33.144,-3.9193,117.8628,73337000
2018-03-19,180,2017-06-30,2018-03-19,31.348,20.008,20.7939,156.6777,150.7557,14.617,33.144,-5.4188,114.4626,99252000
2018-03-20,180,2017-07-03,2018-03-20,31.75,20.0871,20.8873,158.0619,152.0063,14.617,33.144,-4.2059,117.2128,59919000
2018-03-21,180,2017-07-05,2018-03-21,31.648,20.1699,20.9819,156.9068,150.8347,14.625,33.144,-4.5136,116.3966,52639000
2018-03-22,180,2017-07-06,2018-03-22,30.67,20.2497,21.0703,151.4592,145.5604,14.625,33.144,-7.4644,109.7094,80633000
2018-03-23,180,2017-07-07,2018-03-23,30.094,20.3301,21.1562,148.0271,142.2465,15.018,33.144,-9.2023,100.3862,95299000
2018-03-26,180,2017-07-10,2018-03-26,32.035,20.4116,21.2508,156.9451,150.7475,15.267,33.144,-3.346,109.8317,119883000
2018-03-27,180,2017-07-11,2018-03-27,30.069,20.4865,21.333,146.7747,140.9506,15.433,33.144,-9.2777,94.8357,120686000
2018-03-28,180,2017-07-12,2018-03-28,28.577,20.5562,21.406,139.0187,133.4998,15.821,33.144,-13.7793,80.627,189729000
2018-03-29,180,2017-07-13,2018-03-29,29.535,20.6249,21.4819,143.201,137.4878,15.821,33.144,-10.8889,86.6823,191455000
2018-04-02,180,2017-07-14,2018-04-02,28.029,20.6901,21.5497,135.4704,130.0666,16.112,33.144,-15.4327,73.9635,134058000
2018-04-03,180,2017-07-17,2018-04-03,28.367,20.7541,21.6178,136.6815,131.2205,16.17,33.144,-14.4129,75.4298,126949000
2018-04-04,180,2017-07-18,2018-04-04,28.894,20.8195,21.6885,138.7836,133.2226,16.595,33.144,-12.8228,74.1127,129140000
2018-04-05,180,2017-07-19,2018-04-05,29.397,20.8688,21.7498,140.8656,135.1597,16.595,33.144,-11.3052,77.1437,106552000
2018-04-06,180,2017-07-20,2018-04-06,28.885,20.9168,21.8081,138.095,132.4505,16.595,33.144,-12.85,74.0585,114448000
2018-04-09,180,2017-07-21,2018-04-09,28.993,20.9654,21.8672,138.2896,132.5866,16.595,33.144,-12.5241,74.7093,98536000
2018-04-10,180,2017-07-24,2018-04-10,29.807,21.0131,21.9281,141.8494,135.9308,16.595,33.144,-10.0682,79.6143,106605000
2018-04-11,180,2017-07-25,2018-04-11,30.367,21.063,21.9924,144.1722,138.0796,16.595,33.144,-8.3786,82.9889,148774000
2018-04-12,180,2017-07-26,2018-04-12,30.925,21.1153,22.0603,146.458,140.1838,16.595,33.144,-6.695,86.3513,102494000
2018-04-13,180,2017-07-27,2018-04-13,31.165,21.1669,22.1284,147.2345,140.837,16.595,33.144,-5.9709,87.7975,120466000
2018-04-16,180,2017-07-28,2018-04-16,30.778,21.2224,22.1979,145.0257,138.6527,16.595,33.144,-7.1385,85.4655,203079000
2018-04-17,180,2017-07-31,2018-04-17,33.606,21.2841,22.2824,157.8924,150.8188,16.595,33.606,0.0,102.5068,338665000
2018-04-18,180,2017-08-01,2018-04-18,33.452,21.3476,22.3673,156.7013,149.5577,16.595,33.606,-0.4582,101.5788,112211000
2018-04-19,180,2017-08-02,2018-04-19,33.27,21.4108,22.451,155.3889,148.1894,16.595,33.606,-0.9998,100.4821,84388000
2018-04-20,180,2017-08-03,2018-04-20,32.777,21.4742,22.5327,152.6344,145.4643,16.595,33.606,-2.4668,97.5113,91587000
2018-04-23,180,2017-08-04,2018-04-23,31.869,21.5369,22.6102,147.9738,140.9499,16.595,33.606,-5.1687,92.0398,89680000
2018-04-24,180,2017-08-07,2018-04-24,30.702,21.5961,22.6806,142.1646,135.367,16.595,33.606,-8.6413,85.0075,138932000
2018-04-25,180,2017-08-08,2018-04-25,30.576,21.6544,22.7497,141.1999,134.4018,16.595,33.606,-9.0162,84.2483,149197000
2018-04-26,180,2017-08-09,2018-04-26,31.398,21.7177,22.825,144.5735,137.5594,16.595,33.606,-6.5702,89.2016,92667000
2018-04-27,180,2017-08-10,2018-04-27,31.176,21.7829,22.9006,143.1215,136.1362,16.595,33.606,-7.2308,87.8638,70744000
2018-04-30,180,2017-08-11,2018-04-30,31.246,21.8546,22.9802,142.9721,135.9692,16.595,33.606,-7.0226,88.2856,60888000
2018-05-01,180,2017-08-14,2018-05-01,31.33,21.925,23.059,142.8965,135.8686,16.595,33.606,-6.7726,88.7918,60366000
2018-05-02,180,2017-08-15,2018-05-02,31.336,21.9961,23.1381,142.4614,135.4301,16.595,33.606,-6.7547,88.828,56971000
2018-05-03,180,2017-08-16,2018-05-03,31.169,22.0697,23.2177,141.2301,134.2468,16.595,33.606,-7.2517,87.8217,61358000
2018-05-04,180,2017-08-17,2018-05-04,32.009,22.1446,23.3011,144.5456,137.3713,16.595,33.606,-4.7521,92.8834,82095000
2018-05-07,180,2017-08-18,2018-05-07,32.626,22.2254,23.3901,146.7961,139.4866,16.595,33.606,-2.9161,96.6014,71178000
2018-05-08,180,2017-08-21,2018-05-08,32.689,22.3065,23.4791,146.5446,139.2257,16.595,33.606,-2.7287,96.981,47357000
2018-05-09,180,2017-08-22,2018-05-09,33.03,22.3889,23.57,147.5285,140.1358,16.595,33.606,-1.714,99.0359,56334000
2018-05-10,180,2017-08-23,2018-05-10,32.96,22.4691,23.659,146.6901,139.3125,16.595,33.606,-1.9223,98.614,53023000
2018-05-11,180,2017-08-24,2018-05-11,32.646,22.5494,23.7465,144.7754,137.4772,16.595,33.606,-2.8566,96.7219,45897000
2018-05-14,180,2017-08-25,2018-05-14,32.853,22.6317,23.8356,145.1633,137.8317,16.595,33.606,-2.2407,97.9693,40898000
2018-05-15,180,2017-08-28,2018-05-15,32.613,22.7163,23.9246,143.5666,136.3159,16.712,33.606,-2.9548,95.1472,47461000
2018-05-16,180,2017-08-29,2018-05-16,32.819,22.8008,24.0141,143.938,136.6658,16.881,33.606,-2.3418,94.4138,36717000
2018-05-17,180,2017-08-30,2018-05-17,32.522,22.8834,24.101,142.1207,134.9407,17.452,33.606,-3.2256,86.3511,49357000
2018-05-18,180,2017-08-31,2018-05-18,32.418,22.9604,24.184,141.1908,134.0473,17.452,33.606,-3.5351,85.7552,35777000
2018-05-21,180,2017-09-01,2018-05-21,33.182,23.0401,24.2713,144.0187,136.713,17.452,33.606,-1.2617,90.1329,66573000
2018-05-22,180,2017-09-05,2018-05-22,33.162,23.1202,24.3584,143.4331,136.1417,17.452,33.606,-1.3212,90.0183,59644000
2018-05-23,180,2017-09-06,2018-05-23,34.472,23.2045,24.453,148.5573,140.9725,17.642,34.472,0.0,95.3973,100491000
2018-05-24,180,2017-09-07,2018-05-24,34.929,23.286,24.5475,149.9998,142.2917,17.642,34.929,0.0,97.9878,147586000
2018-05-25,180,2017-09-08,2018-05-25,35.129,23.3689,24.6432,150.3239,142.5506,17.642,35.129,0.0,99.1214,78174000
2018-05-29,180,2017-09-11,2018-05-29,34.973,23.4544,24.7395,149.1106,141.3652,17.701,35.129,-0.4441,97.5764,97179000
2018-05-30,180,2017-09-12,2018-05-30,35.354,23.5364,24.8349,150.2099,142.3561,17.701,35.354,0.0,99.7288,56855000
2018-05-31,180,2017-09-13,2018-05-31,35.16,23.6154,24.9274,148.8862,141.0497,17.701,35.354,-0.5487,98.6328,69217000
2018-06-01,180,2017-09-14,2018-06-01,35.993,23.6983,25.0253,151.8802,143.8263,17.701,35.993,0.0,103.3388,71123000
2018-06-04,180,2017-09-15,2018-06-04,36.181,23.7832,25.1249,152.1285,144.0047,17.701,36.181,0.0,104.4009,76820000
2018-06-05,180,2017-09-18,2018-06-05,36.58,23.8699,25.2268,153.2472,145.0046,17.701,36.58,0.0,106.655,83580000
2018-06-06,180,2017-09-19,2018-06-06,36.745,23.9555,25.3284,153.3883,145.0746,17.701,36.745,0.0,107.5871,77123000
2018-06-07,180,2017-09-20,2018-06-07,36.14,24.0393,25.426,150.337,142.1381,17.701,36.745,-1.6465,104.1693,82780000
2018-06-08,180,2017-09-21,2018-06-08,36.057,24.1236,25.5232,149.4675,141.2713,17.701,36.745,-1.8724,103.7004,52257000
2018-06-11,180,2017-09-22,2018-06-11,36.145,24.2057,25.6192,149.3241,141.0858,17.701,36.745,-1.6329,104.1975,44324000
2018-06-12,180,2017-09-25,2018-06-12,36.383,24.2903,25.7172,149.784,141.4734,17.701,36.745,-0.9852,105.5421,42910000
2018-06-13,180,2017-09-26,2018-06-13,37.993,24.388,25.8291,155.7856,147.0939,17.701,37.993,0.0,114.6376,182228000
2018-06-14,180,2017-09-27,2018-06-14,39.287,24.4885,25.9477,160.4303,151.4085,17.701,39.287,0.0,121.9479,145983000
2018-06-15,180,2017-09-28,2018-06-15,39.198,24.587,26.0644,159.4257,150.3893,17.701,39.287,-0.2265,121.4451,135881000
2018-06-18,180,2017-09-29,2018-06-18,39.04,24.6872,26.1809,158.1384,149.1166,17.701,39.287,-0.6287,120.5525,68248000
2018-06-19,180,2017-10-02,2018-06-19,40.498,24.7908,26.3051,163.3592,153.9549,17.701,40.498,0.0,128.7893,166971000
2018-06-20,180,2017-10-03,2018-06-20,41.676,24.9022,26.4383,167.3585,157.635,17.919,41.676,0.0,132.5799,164946000
2018-06-21,180,2017-10-04,2018-06-21,41.544,25.012,26.5695,166.0959,156.3595,18.404,41.676,-0.3167,125.7335,183899000
2018-06-22,180,2017-10-05,2018-06-22,41.109,25.1164,26.6955,163.6742,153.9925,18.404,41.676,-1.3605,123.3699,104286000
2018-06-25,180,2017-10-06,2018-06-25,38.448,25.2058,26.8011,152.5362,143.457,18.404,41.676,-7.7455,108.9111,224909000
2018-06-26,180,2017-10-09,2018-06-26,39.939,25.296,26.9129,157.8866,148.4008,18.404,41.676,-4.1679,117.0126,151912000
2018-06-27,180,2017-10-10,2018-06-27,39.039,25.3858,27.0204,153.7826,144.4795,18.404,41.676,-6.3274,112.1224,165414000
2018-06-28,180,2017-10-11,2018-06-28,39.542,25.4792,27.1317,155.1935,145.7407,18.404,41.676,-5.1205,114.8555,122199000
2018-06-29,180,2017-10-12,2018-06-29,39.143,25.5724,27.2409,153.0676,143.692,18.404,41.676,-6.0778,112.6875,92525000
2018-07-02,180,2017-10-13,2018-07-02,39.818,25.667,27.3533,155.1333,145.5693,18.404,41.676,-4.4582,116.3552,81425000
2018-07-03,180,2017-10-16,2018-07-03,39.052,25.757,27.4594,151.6169,142.2171,18.404,41.676,-6.2962,112.193,52803000
2018-07-05,180,2017-10-17,2018-07-05,39.839,25.8467,27.5682,154.1359,144.5109,18.404,41.676,-4.4078,116.4693,84489000
2018-07-06,180,2017-10-18,2018-07-06,40.825,25.9422,27.6841,157.3693,147.4671,18.404,41.676,-2.0419,121.8268,86296000
2018-07-09,180,2017-10-19,2018-07-09,41.897,26.0445,27.8083,160.8667,150.6638,18.404,41.897,0.0,127.6516,111275000
2018-07-10,180,2017-10-20,2018-07-10,41.563,26.1474,27.9308,158.9565,148.8072,18.404,41.897,-0.7972,125.8368,93829000
2018-07-11,180,2017-10-23,2018-07-11,41.865,26.2527,28.0555,159.4692,149.2222,18.404,41.897,-0.0764,127.4777,97139000
2018-07-12,180,2017-10-24,2018-07-12,41.35,26.3595,28.1783,156.8695,146.7442,18.404,41.897,-1.3056,124.6794,127433000
2018-07-13,180,2017-10-25,2018-07-13,39.58,26.4593,28.2893,149.5885,139.9117,18.404,41.897,-5.5302,115.062,157190000
2018-07-16,180,2017-10-26,2018-07-16,40.048,26.5633,28.4041,150.7645,140.9937,18.404,41.897,-4.4132,117.6049,229600000
2018-07-17,180,2017-10-27,2018-07-17,37.948,26.6611,28.5065,142.3345,133.1206,18.404,41.897,-9.4255,106.1943,584104000
2018-07-18,180,2017-10-30,2018-07-18,37.513,26.7541,28.604,140.214,131.1459,18.404,41.897,-10.4638,103.8307,217463000
2018-07-19,180,2017-10-31,2018-07-19,36.423,26.8457,28.6962,135.6754,126.9263,18.404,41.897,-13.0654,97.9081,168787000
2018-07-20,180,2017-11-01,2018-07-20,36.105,26.939,28.7876,134.0252,125.4185,18.404,41.897,-13.8244,96.1802,150967000
2018-07-23,180,2017-11-02,2018-07-23,36.266,27.0317,28.8791,134.1609,125.5787,18.404,41.897,-13.4401,97.055,115052000
2018-07-24,180,2017-11-03,2018-07-24,35.732,27.1221,28.9669,131.745,123.3547,18.404,41.897,-14.7147,94.1534,128515000
2018-07-25,180,2017-11-06,2018-07-25,36.287,27.2141,29.0574,133.339,124.8806,18.404,41.897,-13.39,97.1691,84678000
2018-07-26,180,2017-11-07,2018-07-26,36.309,27.3067,29.1479,132.9674,124.5682,18.404,41.897,-13.3375,97.2886,69937000
2018-07-27,180,2017-11-08,2018-07-27,35.521,27.4019,29.2364,129.6298,121.4958,18.404,41.897,-15.2183,93.007,89495000
2018-07-30,180,2017-11-09,2018-07-30,33.496,27.49,29.3134,121.8481,114.2687,18.404,41.897,-20.0516,82.0039,182607000
2018-07-31,180,2017-11-10,2018-07-31,33.745,27.5824,29.3931,122.3426,114.8058,18.404,41.897,-19.4572,83.3569,140854000
2018-08-01,180,2017-11-13,2018-08-01,33.838,27.6779,29.4744,122.2563,114.8046,18.404,41.897,-19.2353,83.8622,77905000
2018-08-02,180,2017-11-14,2018-08-02,34.45,27.7729,29.5574,124.0419,116.5527,18.404,41.897,-17.7745,87.1876,71313000
2018-08-03,180,2017-11-15,2018-08-03,34.309,27.8672,29.6393,123.1159,115.755,18.404,41.897,-18.1111,86.4214,88484000
2018-08-06,180,2017-11-16,2018-08-06,35.092,27.9692,29.7275,125.4664,118.0454,18.404,41.897,-16.2422,90.6759,81981000
2018-08-07,180,2017-11-17,2018-08-07,35.183,28.0684,29.8144,125.3476,118.0068,18.404,41.897,-16.025,91.1704,79709000
2018-08-08,180,2017-11-20,2018-08-08,34.761,28.1693,29.9002,123.4001,116.2569,18.404,41.897,-17.0322,88.8774,53947000
2018-08-09,180,2017-11-21,2018-08-09,34.936,28.2706,29.9864,123.577,116.5061,18.404,41.897,-16.6146,89.8283,48203000
2018-08-10,180,2017-11-22,2018-08-10,34.587,28.3689,30.0695,121.9188,115.0233,18.404,41.897,-17.4475,87.932,43284000
2018-08-13,180,2017-11-24,2018-08-13,34.131,28.466,30.1501,119.9011,113.2036,18.404,41.897,-18.5359,85.4543,68889000
2018-08-14,180,2017-11-27,2018-08-14,33.749,28.5629,30.2288,118.1569,111.645,18.404,41.897,-19.4477,83.3786,58052000
2018-08-15,180,2017-11-28,2018-08-15,32.64,28.6567,30.3018,113.9001,107.7163,18.404,41.897,-22.0947,77.3528,117845000
2018-08-16,180,2017-11-29,2018-08-16,32.244,28.7445,30.3703,112.1744,106.1695,18.404,41.897,-23.0398,75.201,66897000
2018-08-17,180,2017-11-30,2018-08-17,31.678,28.8439,30.4418,109.8255,104.061,18.404,41.897,-24.3908,72.1256,104079000
2018-08-20,180,2017-12-01,2018-08-20,32.773,28.9497,30.5196,113.2068,107.3834,18.404,41.897,-21.7772,78.0754,135911000
2018-08-21,180,2017-12-04,2018-08-21,33.802,29.0616,30.6036,116.3116,110.451,18.404,41.897,-19.3212,83.6666,147832000
2018-08-22,180,2017-12-05,2018-08-22,34.444,29.1808,30.6927,118.0365,112.222,18.421,41.897,-17.7889,86.9822,89307000
2018-08-23,180,2017-12-06,2018-08-23,33.917,29.2986,30.7788,115.7631,110.1959,18.52,41.897,-19.0467,83.1371,113364000
2018-08-24,180,2017-12-07,2018-08-24,35.882,29.4236,30.8752,121.9497,116.2162,18.52,41.897,-14.3566,93.7473,147291000
2018-08-27,180,2017-12-08,2018-08-27,36.458,29.5519,30.9749,123.3692,117.7019,18.573,41.897,-12.9818,96.2957,174273000
2018-08-28,180,2017-12-11,2018-08-28,36.849,29.6781,31.0748,124.1621,118.5814,18.573,41.897,-12.0486,98.4009,92226000
2018-08-29,180,2017-12-12,2018-08-29,36.804,29.8085,31.1759,123.468,118.0529,18.573,41.897,-12.156,98.1586,81187000
2018-08-30,180,2017-12-13,2018-08-30,37.098,29.9418,31.2788,123.9002,118.6044,18.624,41.897,-11.4543,99.1946,109810000
2018-08-31,180,2017-12-14,2018-08-31,36.768,30.0721,31.3787,122.2663,117.1751,18.624,41.897,-12.2419,97.4227,79434000
2018-09-04,180,2017-12-15,2018-09-04,36.36,30.1995,31.4754,120.3995,115.5189,18.624,41.897,-13.2157,95.232,76052000
2018-09-05,180,2017-12-18,2018-09-05,34.118,30.3179,31.5593,112.5341,108.1077,18.624,41.897,-18.567,83.1937,130928000
2018-09-06,180,2017-12-19,2018-09-06,34.646,30.4392,31.646,113.8204,109.48,18.624,41.897,-17.3067,86.0288,130502000
2018-09-07,180,2017-12-20,2018-09-07,34.868,30.5673,31.7358,114.0695,109.8697,18.624,41.897,-16.7769,87.2208,91058000
2018-09-10,180,2017-12-21,2018-09-10,34.841,30.6938,31.8244,113.5116,109.4787,18.624,41.897,-16.8413,87.0758,57522000
2018-09-11,180,2017-12-22,2018-09-11,35.593,30.8248,31.9174,115.4688,111.516,18.624,41.897,-15.0464,91.1136,61981000
2018-09-12,180,2017-12-26,2018-09-12,36.995,30.9606,32.0174,119.4906,115.5465,18.624,41.897,-11.7001,98.6415,104808000
2018-09-13,180,2017-12-27,2018-09-13,36.815,31.1002,32.1176,118.3755,114.6256,18.624,41.897,-12.1297,97.675,83661000
2018-09-14,180,2017-12-28,2018-09-14,36.456,31.242,32.2167,116.6892,113.1588,19.196,41.897,-12.9866,89.9146,47564000
2018-09-17,180,2017-12-29,2018-09-17,35.035,31.3691,32.3043,111.6864,108.4532,19.196,41.897,-16.3783,82.512,70719000
2018-09-18,180,2018-01-02,2018-09-18,36.765,31.5058,32.4019,116.6929,113.4657,20.107,41.897,-12.2491,82.8468,104140000
2018-09-19,180,2018-01-03,2018-09-19,36.696,31.6302,32.494,116.0155,112.9315,20.505,41.897,-12.4138,78.9612,118768000
2018-09-20,180,2018-01-04,2018-09-20,36.536,31.7496,32.5831,115.0753,112.1318,20.563,41.897,-12.7957,77.6783,67681000
2018-09-21,180,2018-01-05,2018-09-21,36.119,31.8674,32.6695,113.3417,110.5587,20.931,41.897,-13.791,72.5622,119306000
2018-09-24,180,2018-01-08,2018-09-24,36.961,31.9838,32.7582,115.5616,112.8298,20.931,41.897,-11.7813,76.585,93225000
2018-09-25,180,2018-01-09,2018-09-25,36.943,32.0984,32.8456,115.093,112.4747,20.931,41.897,-11.8242,76.499,67998000
2018-09-26,180,2018-01-10,2018-09-26,37.788,32.2209,32.9393,117.2781,114.7202,21.252,41.897,-9.8074,77.8091,137997000
2018-09-27,180,2018-01-11,2018-09-27,38.071,32.3412,33.0327,117.7167,115.2524,21.724,41.897,-9.1319,75.2486,73262000
2018-09-28,180,2018-01-12,2018-09-28,37.413,32.4538,33.1199,115.2809,112.9624,21.75,41.897,-10.7024,72.0138,71149000
2018-10-01,180,2018-01-16,2018-10-01,38.143,32.5652,33.2089,117.128,114.8579,21.75,41.897,-8.9601,75.3701,83766000
2018-10-02,180,2018-01-17,2018-10-02,37.714,32.6753,33.2953,115.4204,113.2712,21.75,41.897,-9.984,73.3977,86387000
2018-10-03,180,2018-01-18,2018-10-03,37.705,32.7911,33.384,114.9853,112.9435,22.033,41.897,-10.0055,71.1297,57986000
2018-10-04,180,2018-01-19,2018-10-04,36.365,32.8983,33.4636,110.5375,108.6704,22.046,41.897,-13.2038,64.9506,90744000
2018-10-05,180,2018-01-22,2018-10-05,35.135,33.0003,33.5363,106.4688,104.7671,22.758,41.897,-16.1396,54.3853,135230000
2018-10-08,180,2018-01-23,2018-10-08,34.91,33.0931,33.6038,105.4904,103.887,24.947,41.897,-16.6766,39.9367,123755000
2018-10-09,180,2018-01-24,2018-10-09,35.571,33.1653,33.6624,107.2538,105.6699,24.947,41.897,-15.0989,42.5863,87550000
2018-10-10,180,2018-01-25,2018-10-10,32.589,33.2117,33.6983,98.1251,96.7083,24.947,41.897,-22.2164,30.6329,171831000
2018-10-11,180,2018-01-26,2018-10-11,32.11,33.2481,33.7268,96.577,95.2061,24.947,41.897,-23.3597,28.7129,160821000
2018-10-12,180,2018-01-29,2018-10-12,33.956,33.2909,33.7629,101.9978,100.5719,24.947,41.897,-18.9536,36.1126,148708000
2018-10-15,180,2018-01-30,2018-10-15,33.313,33.3225,33.7899,99.9715,98.5887,24.947,41.897,-20.4883,33.5351,112150000
2018-10-16,180,2018-01-31,2018-10-16,34.64,33.3657,33.8274,103.8191,102.4021,24.947,41.897,-17.321,38.8544,201564000
2018-10-17,180,2018-02-01,2018-10-17,36.47,33.4251,33.8799,109.1098,107.645,24.947,41.897,-12.9532,46.1899,326109000
2018-10-18,180,2018-02-02,2018-10-18,34.671,33.4803,33.9252,103.5565,102.1983,24.947,41.897,-17.2471,38.9786,184610000
2018-10-19,180,2018-02-05,2018-10-19,33.267,33.526,33.9615,99.2274,97.9551,24.947,41.897,-20.5981,33.3507,167172000
2018-10-22,180,2018-02-06,2018-10-22,32.954,33.5822,34.0033,98.1293,96.9141,24.947,41.897,-21.3452,32.096,170972000
2018-10-23,180,2018-02-07,2018-10-23,33.316,33.63,34.0408,99.0663,97.8709,24.947,41.897,-20.4812,33.5471,149073000
2018-10-24,180,2018-02-08,2018-10-24,30.183,33.6594,34.0615,89.672,88.6133,24.947,41.897,-27.959,20.9885,190393000
2018-10-25,180,2018-02-09,2018-10-25,31.287,33.7099,34.0963,92.8124,91.7606,24.947,41.897,-25.324,25.4139,133469000
2018-10-26,180,2018-02-12,2018-10-26,29.983,33.7525,34.1243,88.832,87.864,25.795,41.897,-28.4364,16.2357,196160000
2018-10-29,180,2018-02-13,2018-10-29,28.484,33.7757,34.1393,84.3329,83.4347,25.827,41.897,-32.0142,10.2877,216988000
2018-10-30,180,2018-02-14,2018-10-30,28.581,33.7993,34.1546,84.5609,83.6814,26.6,41.897,-31.7827,7.4474,236857000
2018-10-31,180,2018-02-15,2018-10-31,30.178,33.8276,34.1744,89.2111,88.3058,27.814,41.897,-27.971,8.4993,203603000
2018-11-01,180,2018-02-16,2018-11-01,31.738,33.8542,34.195,93.7491,92.8146,27.814,41.897,-24.2476,14.108,151215000
2018-11-02,180,2018-02-20,2018-11-02,30.91,33.8768,34.212,91.2424,90.3483,27.814,41.897,-26.2238,11.1311,134046000
2018-11-05,180,2018-02-21,2018-11-05,31.544,33.9036,34.2325,93.0403,92.1463,27.814,41.897,-24.7106,13.4105,102830000
2018-11-06,180,2018-02-22,2018-11-06,31.084,33.9254,34.2491,91.6246,90.7586,27.814,41.897,-25.8085,11.7567,97104000
2018-11-07,180,2018-02-23,2018-11-07,32.75,33.9601,34.2765,96.4368,95.5465,28.029,41.897,-21.8321,16.8433,133283000
2018-11-08,180,2018-02-26,2018-11-08,31.792,33.9826,34.2943,93.5536,92.7035,28.029,41.897,-24.1187,13.4254,110239000
2018-11-09,180,2018-02-27,2018-11-09,30.347,33.9893,34.2995,89.2839,88.4766,28.029,41.897,-27.5676,8.27,134808000
2018-11-12,180,2018-02-28,2018-11-12,29.407,33.9919,34.3014,86.5117,85.7313,28.029,41.897,-29.8112,4.9163,109248000
2018-11-13,180,2018-03-01,2018-11-13,29.44,33.9942,34.3031,86.603,85.8233,28.029,41.897,-29.7324,5.0341,122322000
2018-11-14,180,2018-03-02,2018-11-14,28.673,33.9914,34.301,84.3538,83.5923,28.029,41.897,-31.5631,2.2976,168536000
2018-11-15,180,2018-03-05,2018-11-15,29.006,33.9833,34.2949,85.3537,84.5781,28.029,41.897,-30.7683,3.4857,99671000
2018-11-16,180,2018-03-06,2018-11-16,28.621,33.9628,34.2789,84.2716,83.4945,28.029,41.897,-31.6872,2.1121,90995000
2018-11-19,180,2018-03-07,2018-11-19,27.06,33.9231,34.2486,79.7687,79.0106,27.06,41.897,-35.413,0.0,129938000
2018-11-20,180,2018-03-08,2018-11-20,26.698,33.8827,34.2185,78.7953,78.0222,26.698,41.897,-36.2771,0.0,166938000
2018-11-21,180,2018-03-09,2018-11-21,26.213,33.8407,34.188,77.46,76.6731,26.213,41.897,-37.4347,0.0,110230000
2018-11-23,180,2018-03-12,2018-11-23,25.882,33.7869,34.1476,76.6036,75.7944,25.882,41.897,-38.2247,0.0,52451000
2018-11-26,180,2018-03-13,2018-11-26,26.143,33.7418,34.1144,77.4797,76.6334,25.882,41.897,-37.6017,1.0084,124986000
2018-11-27,180,2018-03-14,2018-11-27,26.663,33.7048,34.087,79.1074,78.2204,25.882,41.897,-36.3606,3.0175,111495000
2018-11-28,180,2018-03-15,2018-11-28,28.265,33.6778,34.0654,83.9276,82.9727,25.882,41.897,-32.5369,9.2072,148013000
2018-11-29,180,2018-03-16,2018-11-29,28.875,33.6559,34.0474,85.7949,84.8081,25.882,41.897,-31.081,11.564,154315000
2018-11-30,180,2018-03-19,2018-11-30,28.613,33.6336,34.0295,85.0728,84.0829,25.882,41.897,-31.7063,10.5517,118601000
2018-12-03,180,2018-03-20,2018-12-03,29.03,33.6176,34.0166,86.3537,85.3406,25.882,41.897,-30.711,12.1629,141174000
2018-12-04,180,2018-03-21,2018-12-04,27.533,33.5873,33.9932,81.9745,80.9956,25.882,41.897,-34.2841,6.379,128006000
2018-12-06,180,2018-03-22,2018-12-06,28.288,33.5638,33.9745,84.2813,83.2624,25.882,41.897,-32.482,9.296,130743000
2018-12-07,180,2018-03-23,2018-12-07,26.514,33.5318,33.9514,79.0711,78.0939,25.882,41.897,-36.7162,2.4419,124667000
2018-12-10,180,2018-03-26,2018-12-10,26.97,33.5078,33.9341,80.4887,79.4776,25.882,41.897,-35.6279,4.2037,96056000
2018-12-11,180,2018-03-27,2018-12-11,26.532,33.4675,33.9035,79.277,78.2574,25.882,41.897,-36.6733,2.5114,98432000
2018-12-12,180,2018-03-28,2018-12-12,27.488,33.4481,33.8892,82.1812,81.1115,25.882,41.897,-34.3915,6.2051,114567000
2018-12-13,180,2018-03-29,2018-12-13,27.602,33.4404,33.8837,82.5409,81.4609,25.882,41.897,-34.1194,6.6455,83793000
2018-12-14,180,2018-04-02,2018-12-14,26.684,33.4179,33.8679,79.8494,78.7884,25.882,41.897,-36.3105,3.0987,99153000
2018-12-17,180,2018-04-03,2018-12-17,26.28,33.4032,33.8582,78.6751,77.6178,25.882,41.897,-37.2747,1.5378,96347000
2018-12-18,180,2018-04-04,2018-12-18,27.094,33.3929,33.8511,81.137,80.0387,25.882,41.897,-35.3319,4.6828,103501000
2018-12-19,180,2018-04-05,2018-12-19,26.677,33.3751,33.8388,79.9308,78.8355,25.882,41.897,-36.3272,3.0716,137884000
2018-12-20,180,2018-04-06,2018-12-20,26.058,33.3482,33.8203,78.1392,77.0485,25.882,41.897,-37.8046,0.68,167929000
2018-12-21,180,2018-04-09,2018-12-21,24.639,33.3113,33.7967,73.9658,72.9036,24.639,41.897,-41.1915,0.0,213976000
2018-12-24,180,2018-04-10,2018-12-24,23.388,33.2605,33.7655,70.3177,69.2659,23.388,41.897,-44.1774,0.0,95476000
2018-12-26,180,2018-04-11,2018-12-26,25.367,33.2244,33.7409,76.3505,75.1818,23.388,41.897,-39.4539,8.4616,144027000
2018-12-27,180,2018-04-12,2018-12-27,25.557,33.1864,33.7141,77.0103,75.805,23.388,41.897,-39.0004,9.274,122352000
2018-12-28,180,2018-04-13,2018-12-28,25.608,33.1454,33.6846,77.2595,76.0229,23.388,41.897,-38.8787,9.492,109928000
2018-12-31,180,2018-04-16,2018-12-31,26.766,33.1133,33.6602,80.8317,79.5183,23.388,41.897,-36.1148,14.4433,135089000
2019-01-02,180,2018-04-17,2019-01-02,26.766,33.0836,33.6379,80.9041,79.571,23.388,41.897,-36.1148,14.4433,116795000
2019-01-03,180,2018-04-18,2019-01-03,27.12,33.0404,33.6018,82.0813,80.7099,23.388,41.897,-35.2698,15.9569,149696000
2019-01-04,180,2018-04-19,2019-01-04,29.757,33.0179,33.5813,90.1238,88.6118,23.388,41.897,-28.9758,27.2319,193301000
2019-01-07,180,2018-04-20,2019-01-07,31.534,33.0079,33.5717,95.5347,93.9304,23.388,41.897,-24.7345,34.8298,186201000
2019-01-08,180,2018-04-23,2019-01-08,32.027,33.0036,33.5675,97.041,95.4107,23.388,41.897,-23.5578,36.9377,153592000
2019-01-09,180,2018-04-24,2019-01-09,31.996,33.0043,33.5682,96.9449,95.3164,23.388,41.897,-23.6318,36.8052,133432000
2019-01-10,180,2018-04-25,2019-01-10,32.466,33.015,33.578,98.337,96.6883,23.388,41.897,-22.51,38.8148,134725000
2019-01-11,180,2018-04-26,2019-01-11,33.759,33.0337,33.5957,102.1956,100.4861,23.388,41.897,-19.4238,44.3432,195004000
2019-01-14,180,2018-04-27,2019-01-14,33.294,33.0447,33.6062,100.7544,99.0709,23.388,41.897,-20.5337,42.355,104996000
2019-01-15,180,2018-04-30,2019-01-15,35.464,33.0683,33.63,107.2448,105.4533,23.388,41.897,-15.3543,51.6333,211812000
2019-01-16,180,2018-05-01,2019-01-16,35.139,33.0898,33.6517,106.1928,104.4198,23.388,41.897,-16.13,50.2437,153855000
2019-01-17,180,2018-05-02,2019-01-17,35.319,33.1118,33.6738,106.666,104.8856,23.388,41.897,-15.7004,51.0133,188712000
2019-01-18,180,2018-05-03,2019-01-18,33.91,33.1265,33.6881,102.3651,100.6586,23.388,41.897,-19.0634,44.9889,266210000
2019-01-22,180,2018-05-04,2019-01-22,32.516,33.1346,33.6956,98.133,96.4992,23.388,41.897,-22.3906,39.0286,179414000
2019-01-23,180,2018-05-07,2019-01-23,32.199,33.1357,33.6967,97.173,95.5554,23.388,41.897,-23.1472,37.6732,134801000
2019-01-24,180,2018-05-08,2019-01-24,32.667,33.136,33.6969,98.5847,96.9436,23.388,41.897,-22.0302,39.6742,111316000
2019-01-25,180,2018-05-09,2019-01-25,33.805,33.1421,33.7031,102.0,100.3023,23.388,41.897,-19.314,44.5399,111529000
2019-01-28,180,2018-05-10,2019-01-28,33.566,33.1451,33.7061,101.2699,99.5844,23.388,41.897,-19.8845,43.5181,86521000
2019-01-29,180,2018-05-11,2019-01-29,32.89,33.1447,33.7057,99.2315,97.58,23.388,41.897,-21.498,40.6277,76552000
2019-01-30,180,2018-05-14,2019-01-30,34.066,33.1525,33.7136,102.7555,101.0453,23.388,41.897,-18.6911,45.6559,92345000
2019-01-31,180,2018-05-15,2019-01-31,33.95,33.1585,33.7197,102.387,100.6831,23.388,41.897,-18.9679,45.1599,85355000
2019-02-01,180,2018-05-16,2019-02-01,33.985,33.1661,33.7273,102.4692,100.7641,23.388,41.897,-18.8844,45.3096,98278000
2019-02-04,180,2018-05-17,2019-02-04,35.134,33.1783,33.7402,105.8944,104.1311,23.388,41.897,-16.142,50.2223,90514000
2019-02-05,180,2018-05-18,2019-02-05,35.581,33.1945,33.7572,107.1894,105.4029,23.388,41.897,-15.0751,52.1336,90466000
2019-02-06,180,2018-05-21,2019-02-06,35.219,33.2095,33.7727,106.0509,104.2824,23.388,41.897,-15.9391,50.5858,67177000
2019-02-07,180,2018-05-22,2019-02-07,34.471,33.2164,33.7799,103.7769,102.046,23.388,41.897,-17.7244,47.3876,78645000
2019-02-08,180,2018-05-23,2019-02-08,34.757,33.2249,33.7887,104.6112,102.8656,23.388,41.897,-17.0418,48.6104,75614000
2019-02-11,180,2018-05-24,2019-02-11,34.573,33.2254,33.7893,104.0558,102.3194,23.388,41.897,-17.481,47.8237,54549000
2019-02-12,180,2018-05-25,2019-02-12,35.997,33.2307,33.7952,108.3247,106.515,23.388,41.897,-14.0821,53.9123,104294000
2019-02-13,180,2018-05-29,2019-02-13,35.177,33.2309,33.7955,105.8563,104.0878,23.388,41.897,-16.0393,50.4062,105591000
2019-02-14,180,2018-05-30,2019-02-14,35.907,33.2355,33.8007,108.0382,106.2316,23.388,41.897,-14.297,53.5275,92953000
2019-02-15,180,2018-05-31,2019-02-15,35.687,33.2371,33.8025,107.371,105.5749,23.388,41.897,-14.8221,52.5868,92300000
2019-02-19,180,2018-06-01,2019-02-19,36.192,33.2421,33.8083,108.8741,107.0507,23.388,41.897,-13.6167,54.746,73966000
2019-02-20,180,2018-06-04,2019-02-20,35.991,33.242,33.8083,108.2695,106.4562,23.388,41.897,-14.0965,53.8866,81107000
2019-02-21,180,2018-06-05,2019-02-21,35.697,33.2397,33.8056,107.3925,105.595,23.388,41.897,-14.7982,52.6295,62279000
2019-02-22,180,2018-06-06,2019-02-22,36.302,33.2385,33.804,109.2168,107.3896,23.388,41.897,-13.3542,55.2163,70882000
2019-02-25,180,2018-06-07,2019-02-25,36.391,33.2368,33.8021,109.49,107.6591,23.388,41.897,-13.1418,55.5969,75693000
2019-02-26,180,2018-06-08,2019-02-26,36.497,33.2385,33.804,109.8034,107.9664,23.388,41.897,-12.8887,56.0501,49446000
2019-02-27,180,2018-06-11,2019-02-27,36.287,33.2396,33.8053,109.168,107.3411,23.388,41.897,-13.39,55.1522,56299000
2019-02-28,180,2018-06-12,2019-02-28,35.81,33.238,33.8035,107.7382,105.9359,23.388,41.897,-14.5285,53.1127,61868000
2019-03-01,180,2018-06-13,2019-03-01,35.732,33.2349,33.7998,107.5134,105.7165,23.388,41.897,-14.7147,52.7792,55265000
2019-03-04,180,2018-06-14,2019-03-04,35.104,33.2216,33.7838,105.6661,103.9078,23.388,41.897,-16.2136,50.0941,74870000
2019-03-05,180,2018-06-15,2019-03-05,35.43,33.2046,33.7624,106.7019,104.9393,23.388,41.897,-15.4355,51.4879,59378000
2019-03-06,180,2018-06-18,2019-03-06,35.961,33.1906,33.7444,108.347,106.5689,23.388,41.897,-14.1681,53.7583,62119000
2019-03-07,180,2018-06-19,2019-03-07,35.26,33.1738,33.7234,106.2887,104.5565,23.388,41.897,-15.8412,50.7611,61513000
2019-03-08,180,2018-06-20,2019-03-08,34.96,33.1499,33.6926,105.4604,103.7616,23.388,41.897,-16.5573,49.4784,68988000
2019-03-11,180,2018-06-21,2019-03-11,35.886,33.1263,33.6604,108.3309,106.6118,23.388,41.897,-14.3471,53.4377,53873000
2019-03-12,180,2018-06-22,2019-03-12,35.627,33.1019,33.6276,107.6282,105.9458,23.388,41.897,-14.9653,52.3303,51646000
2019-03-13,180,2018-06-25,2019-03-13,36.121,33.0815,33.5999,109.188,107.5034,23.388,41.897,-13.7862,54.4424,64441000
2019-03-14,180,2018-06-26,2019-03-14,35.882,33.0702,33.5856,108.5026,106.8374,23.388,41.897,-14.3566,53.4206,52714000
2019-03-15,180,2018-06-27,2019-03-15,36.146,33.0542,33.5645,109.3536,107.6911,23.388,41.897,-13.7265,54.5493,84445000
2019-03-18,180,2018-06-28,2019-03-18,36.344,33.0427,33.5496,109.991,108.3293,23.388,41.897,-13.2539,55.3959,71947000
2019-03-19,180,2018-06-29,2019-03-19,35.878,33.027,33.5292,108.6322,107.0052,23.388,41.897,-14.3662,53.4034,75414000
2019-03-20,180,2018-07-02,2019-03-20,37.522,33.0204,33.5202,113.6329,111.9385,23.388,41.897,-10.4423,60.4327,109172000
2019-03-21,180,2018-07-03,2019-03-21,37.787,33.0122,33.5089,114.4638,112.767,23.388,41.897,-9.8098,61.5658,85440000
2019-03-22,180,2018-07-05,2019-03-22,36.101,32.9995,33.4925,109.3986,107.7882,23.388,41.897,-13.8339,54.3569,86613000
2019-03-25,180,2018-07-06,2019-03-25,36.623,32.9862,33.4747,111.0253,109.4052,23.388,41.897,-12.588,56.5889,84738000
2019-03-26,180,2018-07-09,2019-03-26,35.997,32.9663,33.4478,109.1932,107.6213,23.388,41.897,-14.0821,53.9123,76665000
2019-03-27,180,2018-07-10,2019-03-27,35.337,32.9396,33.4114,107.2782,105.7633,23.388,41.865,-15.593,51.0903,78524000
2019-03-28,180,2018-07-11,2019-03-28,35.461,32.9147,33.3775,107.7362,106.2423,23.388,41.865,-15.2968,51.6205,43610000
2019-03-29,180,2018-07-12,2019-03-29,35.656,32.8897,33.343,108.411,106.937,23.388,41.35,-13.7703,52.4542,47056000
2019-04-01,180,2018-07-13,2019-04-01,36.696,32.8712,33.3171,111.6356,110.1415,23.388,40.048,-8.37,56.901,70361000
2019-04-02,180,2018-07-16,2019-04-02,36.772,32.8597,33.3015,111.9062,110.4213,23.388,40.048,-8.1802,57.2259,51587000
2019-04-03,180,2018-07-17,2019-04-03,36.975,32.8472,33.2845,112.5666,111.0878,23.388,38.143,-3.0622,58.0939,53689000
2019-04-04,180,2018-07-18,2019-04-04,36.788,32.8422,33.278,112.0143,110.5474,23.388,38.143,-3.5524,57.2943,46273000
2019-04-05,180,2018-07-19,2019-04-05,36.549,32.838,33.2727,111.3009,109.8469,23.388,38.143,-4.179,56.2724,39055000
2019-04-08,180,2018-07-20,2019-04-08,36.141,32.8367,33.2711,110.0627,108.6258,23.388,38.143,-5.2487,54.528,46538000
2019-04-09,180,2018-07-23,2019-04-09,36.471,32.8384,33.2731,111.0621,109.611,23.388,38.143,-4.3835,55.9389,54392000
2019-04-10,180,2018-07-24,2019-04-10,36.392,32.839,33.2738,110.8196,109.3712,23.388,38.143,-4.5906,55.6012,45456000
2019-04-11,180,2018-07-25,2019-04-11,36.765,32.8437,33.2796,111.9393,110.4732,23.388,38.143,-3.6127,57.196,65269000
2019-04-12,180,2018-07-26,2019-04-12,35.114,32.8382,33.2731,106.9305,105.5328,23.388,38.143,-7.9412,50.1368,156462000
2019-04-15,180,2018-07-27,2019-04-15,34.887,32.8314,33.2652,106.261,104.8755,23.388,38.143,-8.5363,49.1662,88423000
2019-04-16,180,2018-07-30,2019-04-16,35.946,32.8334,33.2675,109.4799,108.0513,23.388,38.143,-5.7599,53.6942,187402000
2019-04-17,180,2018-07-31,2019-04-17,35.474,32.8434,33.2785,108.0095,106.5973,23.388,38.143,-6.9974,51.6761,180541000
2019-04-18,180,2018-08-01,2019-04-18,36.035,32.8547,33.2912,109.6799,108.2417,23.388,38.143,-5.5266,54.0747,83532000
2019-04-22,180,2018-08-02,2019-04-22,37.734,32.873,33.3129,114.7872,113.2715,23.388,38.143,-1.0723,61.3392,119805000
2019-04-23,180,2018-08-03,2019-04-23,38.189,32.8901,33.3336,116.111,114.5659,23.388,38.189,0.0,63.2846,100898000
2019-04-24,180,2018-08-06,2019-04-24,37.423,32.9047,33.3509,113.7316,112.2097,23.388,38.189,-2.0058,60.0094,65419000
2019-04-25,180,2018-08-07,2019-04-25,36.833,32.9128,33.3606,111.911,110.4086,23.388,38.189,-3.5508,57.4867,62555000
2019-04-26,180,2018-08-08,2019-04-26,37.485,32.9233,33.3734,113.8556,112.32,23.388,38.189,-1.8435,60.2745,56219000
2019-04-29,180,2018-08-09,2019-04-29,37.183,32.9346,33.3869,112.8996,111.3702,23.388,38.189,-2.6343,58.9832,38217000
2019-04-30,180,2018-08-10,2019-04-30,37.054,32.9444,33.3986,112.4743,110.9447,23.388,38.189,-2.9721,58.4317,38701000
2019-05-01,180,2018-08-13,2019-05-01,37.881,32.9596,33.4169,114.9317,113.3587,23.388,38.189,-0.8065,61.9677,92573000
2019-05-02,180,2018-08-14,2019-05-02,37.906,32.9772,33.4379,114.9461,113.3624,23.388,38.189,-0.7411,62.0746,53982000
2019-05-03,180,2018-08-15,2019-05-03,38.503,32.9993,33.4643,116.6781,115.0569,23.388,38.503,0.0,64.6272,51303000
2019-05-06,180,2018-08-16,2019-05-06,37.867,33.0249,33.4933,114.6619,113.0583,23.388,38.503,-1.6518,61.9078,57931000
2019-05-07,180,2018-08-17,2019-05-07,37.046,33.0493,33.52,112.0931,110.519,23.388,38.503,-3.7841,58.3975,69749000
2019-05-08,180,2018-08-20,2019-05-08,36.437,33.0743,33.5465,110.167,108.6165,23.388,38.503,-5.3658,55.7936,65720000
2019-05-09,180,2018-08-21,2019-05-09,36.275,33.0923,33.5659,109.6178,108.0709,23.388,38.503,-5.7866,55.1009,58826000
2019-05-10,180,2018-08-22,2019-05-10,36.104,33.1037,33.5787,109.0632,107.5205,23.388,38.503,-6.2307,54.3698,56571000
2019-05-13,180,2018-08-23,2019-05-13,34.526,33.1042,33.5792,104.2951,102.8197,23.388,38.503,-10.3291,47.6227,80267000
2019-05-14,180,2018-08-24,2019-05-14,34.561,33.1075,33.5827,104.3903,102.913,23.388,38.503,-10.2382,47.7724,53530000
2019-05-15,180,2018-08-27,2019-05-15,35.499,33.1057,33.5806,107.2294,105.7128,23.388,38.503,-7.802,51.783,63401000
2019-05-16,180,2018-08-28,2019-05-16,35.931,33.1032,33.5777,108.5423,107.0086,23.388,38.503,-6.68,53.6301,64415000
2019-05-17,180,2018-08-29,2019-05-17,35.445,33.0967,33.5699,107.0953,105.5857,23.388,38.503,-7.9422,51.5521,47254000
2019-05-20,180,2018-08-30,2019-05-20,34.811,33.0872,33.5588,105.2098,103.7313,23.388,38.503,-9.5889,48.8413,46215000
2019-05-21,180,2018-08-31,2019-05-21,35.427,33.0795,33.5495,107.0966,105.5961,23.388,38.503,-7.989,51.4751,40264000
2019-05-22,180,2018-09-04,2019-05-22,35.973,33.0758,33.5451,108.7592,107.2377,23.388,38.503,-6.5709,53.8096,62294000
2019-05-23,180,2018-09-05,2019-05-23,35.221,33.0704,33.5388,106.503,105.0157,23.388,38.503,-8.524,50.5943,56304000
2019-05-24,180,2018-09-06,2019-05-24,35.439,33.0771,33.5461,107.1407,105.6426,23.388,38.503,-7.9578,51.5264,38310000
2019-05-28,180,2018-09-07,2019-05-28,35.506,33.0813,33.5509,107.3295,105.8273,23.388,38.503,-7.7838,51.8129,47171000
2019-05-29,180,2018-09-10,2019-05-29,34.919,33.0816,33.5512,105.5542,104.0768,23.388,38.503,-9.3084,49.3031,56589000
2019-05-30,180,2018-09-11,2019-05-30,35.185,33.0833,33.5531,106.3528,104.8636,23.388,38.503,-8.6175,50.4404,40080000
2019-05-31,180,2018-09-12,2019-05-31,34.328,33.077,33.5461,103.7821,102.3309,23.388,38.503,-10.8433,46.7761,50234000
2019-06-03,180,2018-09-13,2019-06-03,33.663,33.0607,33.5276,101.8217,100.404,23.388,38.503,-12.5704,43.9328,78496000
2019-06-04,180,2018-09-14,2019-06-04,35.34,33.0538,33.5194,106.9165,105.4316,23.388,38.503,-8.2149,51.1031,78916000
2019-06-05,180,2018-09-17,2019-06-05,35.573,33.0497,33.5145,107.6348,106.1422,23.388,38.503,-7.6098,52.0994,50201000
2019-06-06,180,2018-09-18,2019-06-06,35.713,33.053,33.5182,108.0477,106.548,23.388,38.503,-7.2462,52.698,37100000
2019-06-07,180,2018-09-19,2019-06-07,36.087,33.0499,33.5145,109.1895,107.6759,23.388,38.503,-6.2748,54.2971,47773000
2019-06-10,180,2018-09-20,2019-06-10,35.201,33.0429,33.5062,106.5313,105.0583,23.388,38.503,-8.576,50.5088,78103000
2019-06-11,180,2018-09-21,2019-06-11,35.127,33.0362,33.4983,106.3288,104.8619,23.388,38.503,-8.7681,50.1924,53967000
2019-06-12,180,2018-09-24,2019-06-12,34.556,33.0286,33.4896,104.6244,103.1841,23.388,38.503,-10.2511,47.751,45847000
2019-06-13,180,2018-09-25,2019-06-13,34.343,33.0161,33.4751,104.0189,102.5927,23.388,38.503,-10.8044,46.8403,62093000
2019-06-14,180,2018-09-26,2019-06-14,33.973,33.0018,33.4586,102.9429,101.5374,23.388,38.503,-11.7653,45.2583,50190000
2019-06-17,180,2018-09-27,2019-06-17,35.062,32.9894,33.4435,106.2827,104.8396,23.388,38.503,-8.937,49.9145,53582000
2019-06-18,180,2018-09-28,2019-06-18,35.712,32.9789,33.4304,108.2875,106.8251,23.388,38.503,-7.2488,52.6937,54285000
2019-06-19,180,2018-10-01,2019-06-19,36.352,32.9742,33.4245,110.2439,108.7587,23.388,38.503,-5.5866,55.4301,56672000
2019-06-20,180,2018-10-02,2019-06-20,36.521,32.9671,33.4154,110.78,109.2938,23.388,38.503,-5.1476,56.1527,58995000
2019-06-21,180,2018-10-03,2019-06-21,36.921,32.9637,33.411,112.0051,110.5054,23.388,38.503,-4.1088,57.863,74484000
2019-06-24,180,2018-10-04,2019-06-24,37.104,32.9611,33.4077,112.5691,111.0642,23.388,38.503,-3.6335,58.6455,48302000
2019-06-25,180,2018-10-05,2019-06-25,36.03,32.9596,33.4058,109.3158,107.8554,23.388,38.503,-6.4229,54.0534,57504000
2019-06-26,180,2018-10-08,2019-06-26,36.22,32.9647,33.4119,109.8751,108.4046,23.388,38.503,-5.9294,54.8657,36697000
2019-06-27,180,2018-10-09,2019-06-27,37.002,32.9745,33.4235,112.214,110.7066,23.388,38.503,-3.8984,58.2093,41386000
2019-06-28,180,2018-10-10,2019-06-28,36.732,32.9798,33.4299,111.3771,109.8776,23.388,38.503,-4.5996,57.0549,45927000
2019-07-01,180,2018-10-11,2019-07-01,37.46,33.004,33.457,113.5015,111.9646,23.388,38.503,-2.7089,60.1676,49926000
2019-07-02,180,2018-10-12,2019-07-02,37.543,33.0313,33.4872,113.659,112.1115,23.388,38.503,-2.4933,60.5225,36250000
2019-07-03,180,2018-10-15,2019-07-03,38.172,33.051,33.5106,115.4942,113.9102,23.388,38.503,-0.8597,63.2119,37990000
2019-07-05,180,2018-10-16,2019-07-05,38.055,33.0737,33.537,115.0612,113.4719,23.388,38.503,-1.1635,62.7116,37322000
2019-07-08,180,2018-10-17,2019-07-08,37.616,33.0876,33.5535,113.6861,112.1076,23.388,38.503,-2.3037,60.8346,31134000
2019-07-09,180,2018-10-18,2019-07-09,37.993,33.0943,33.5619,114.8023,113.2026,23.388,38.503,-1.3246,62.4466,69328000
2019-07-10,180,2018-10-19,2019-07-10,38.1,33.1101,33.581,115.0707,113.457,23.388,38.503,-1.0467,62.904,58788000
2019-07-11,180,2018-10-22,2019-07-11,37.95,33.1327,33.607,114.5394,112.9229,23.388,38.503,-1.4362,62.2627,43363000
2019-07-12,180,2018-10-23,2019-07-12,37.325,33.1544,33.6313,112.5794,110.9829,23.388,38.503,-3.0595,59.5904,66369000
2019-07-15,180,2018-10-24,2019-07-15,36.66,33.1711,33.6499,110.5178,108.9454,23.388,38.503,-4.7866,56.747,79447000
2019-07-16,180,2018-10-25,2019-07-16,36.599,33.2067,33.6855,110.2159,108.6491,23.388,38.503,-4.9451,56.4862,58632000
2019-07-17,180,2018-10-26,2019-07-17,36.244,33.2335,33.7131,109.0588,107.5073,23.388,38.503,-5.8671,54.9684,136395000
2019-07-18,180,2018-10-29,2019-07-18,32.521,33.2494,33.7272,97.8092,96.4238,23.388,38.503,-15.5364,39.0499,312871000
2019-07-19,180,2018-10-30,2019-07-19,31.51,33.2702,33.744,94.7095,93.3797,23.388,38.503,-18.1622,34.7272,163025000
2019-07-22,180,2018-10-31,2019-07-22,31.062,33.2873,33.7578,93.3147,92.0144,23.388,38.503,-19.3258,32.8117,177180000
2019-07-23,180,2018-11-01,2019-07-23,30.73,33.291,33.7608,92.3072,91.0227,23.388,38.503,-20.188,31.3922,91711000
2019-07-24,180,2018-11-02,2019-07-24,31.794,33.2914,33.7611,95.5023,94.1734,23.388,38.503,-17.4246,35.9415,119618000
2019-07-25,180,2018-11-05,2019-07-25,32.646,33.302,33.7708,98.0303,96.6694,23.388,38.503,-15.2118,39.5844,107985000
2019-07-26,180,2018-11-06,2019-07-26,33.578,33.3138,33.7821,100.7931,99.3959,23.388,38.503,-12.7912,43.5693,108475000
2019-07-29,180,2018-11-07,2019-07-29,33.27,33.3268,33.7942,99.8295,98.4488,23.388,38.503,-13.5911,42.2524,57828000
2019-07-30,180,2018-11-08,2019-07-30,32.593,33.3259,33.7933,97.8008,96.448,23.388,38.503,-15.3495,39.3578,60293000
2019-07-31,180,2018-11-09,2019-07-31,32.299,33.329,33.7962,96.9097,95.57,23.388,38.503,-16.113,38.1007,62595000
2019-08-01,180,2018-11-12,2019-08-01,31.95,33.3392,33.8051,95.8332,94.5125,23.388,38.503,-17.0194,36.6085,65632000
2019-08-02,180,2018-11-13,2019-08-02,31.883,33.3555,33.8188,95.5855,94.2759,23.388,38.503,-17.1935,36.322,62803000
2019-08-05,180,2018-11-14,2019-08-05,30.763,33.3645,33.8262,92.2027,90.9444,23.388,38.503,-20.1023,31.5333,86925000
2019-08-06,180,2018-11-15,2019-08-06,31.01,33.3808,33.8392,92.8978,91.6394,23.388,38.503,-19.4608,32.5894,61791000
2019-08-07,180,2018-11-16,2019-08-07,30.429,33.3908,33.8471,91.13,89.9015,23.388,38.503,-20.9698,30.1052,93224000
2019-08-08,180,2018-11-19,2019-08-08,31.59,33.4111,33.8636,94.5494,93.2861,23.388,38.503,-17.9544,35.0693,59059000
2019-08-09,180,2018-11-20,2019-08-09,30.893,33.4396,33.8849,92.3845,91.1705,23.388,38.503,-19.7647,32.0891,53491000
2019-08-12,180,2018-11-21,2019-08-12,31.083,33.4724,33.9092,92.8615,91.6654,23.388,38.503,-19.2712,32.9015,65317000
2019-08-13,180,2018-11-23,2019-08-13,31.228,33.5106,33.9371,93.1884,92.0174,23.388,38.503,-18.8946,33.5215,52894000
2019-08-14,180,2018-11-26,2019-08-14,29.911,33.5431,33.9595,89.1718,88.0786,23.388,38.503,-22.3151,27.8904,73558000
2019-08-15,180,2018-11-27,2019-08-15,29.576,33.5709,33.9785,88.1001,87.0432,23.388,38.503,-23.1852,26.458,96292000
2019-08-16,180,2018-11-28,2019-08-16,30.28,33.599,33.9986,90.1218,89.0624,23.388,38.503,-21.3568,29.4681,69058000
2019-08-19,180,2018-11-29,2019-08-19,30.938,33.6181,34.0135,92.0277,90.9581,23.388,38.503,-19.6478,32.2815,49422000
2019-08-20,180,2018-11-30,2019-08-20,29.899,33.6256,34.0192,88.9174,87.8887,23.388,38.503,-22.3463,27.8391,73499000
2019-08-21,180,2018-12-03,2019-08-21,29.781,33.6342,34.0257,88.5438,87.5251,23.388,38.503,-22.6528,27.3345,56854000
2019-08-22,180,2018-12-04,2019-08-22,29.693,33.639,34.0293,88.2695,87.2571,23.388,38.503,-22.8813,26.9583,49742000
2019-08-23,180,2018-12-06,2019-08-23,29.144,33.6517,34.0383,86.6049,85.6212,23.388,38.503,-24.3072,24.6109,63249000
2019-08-26,180,2018-12-07,2019-08-26,29.498,33.6608,34.045,87.6331,86.6441,23.388,38.503,-23.3878,26.1245,46957000
2019-08-27,180,2018-12-10,2019-08-27,29.103,33.6819,34.0594,86.4054,85.4478,23.388,38.503,-24.4137,24.4356,63094000
2019-08-28,180,2018-12-11,2019-08-28,29.177,33.6996,34.0717,86.5796,85.6342,23.388,38.503,-24.2215,24.752,39557000
2019-08-29,180,2018-12-12,2019-08-29,29.678,33.7248,34.0891,88.0004,87.06,23.388,38.503,-22.9203,26.8941,43885000
2019-08-30,180,2018-12-13,2019-08-30,29.375,33.7396,34.0996,87.0638,86.1447,23.388,38.503,-23.7072,25.5986,44464000
2019-09-03,180,2018-12-14,2019-09-03,28.929,33.7501,34.107,85.7152,84.8184,23.388,38.503,-24.8656,23.6916,36828000
2019-09-04,180,2018-12-17,2019-09-04,29.152,33.7702,34.1207,86.3246,85.4379,23.388,38.503,-24.2864,24.6451,46525000
2019-09-05,180,2018-12-18,2019-09-05,29.325,33.7953,34.1376,86.7725,85.9023,23.388,38.503,-23.8371,25.3848,89668000
2019-09-06,180,2018-12-19,2019-09-06,29.017,33.8108,34.1483,85.8217,84.9735,23.388,38.503,-24.637,24.0679,51666000
2019-09-09,180,2018-12-20,2019-09-09,29.434,33.8331,34.1636,86.9976,86.156,23.388,38.503,-23.554,25.8509,82327000
2019-09-10,180,2018-12-21,2019-09-10,28.799,33.8563,34.1788,85.0623,84.2597,23.388,38.503,-25.2032,23.1358,123202000
2019-09-11,180,2018-12-24,2019-09-11,28.827,33.8939,34.2021,85.0506,84.2843,23.388,38.503,-25.1305,23.2555,74059000
2019-09-12,180,2018-12-26,2019-09-12,28.886,33.946,34.2327,85.0941,84.3814,25.367,38.503,-24.9773,13.8723,50109000
2019-09-13,180,2018-12-27,2019-09-13,29.415,33.9807,34.2551,86.5638,85.8703,25.557,38.503,-23.6033,15.0957,65831000
2019-09-16,180,2018-12-28,2019-09-16,29.429,34.0138,34.2767,86.5208,85.8573,25.608,38.503,-23.567,14.9211,53074000
2019-09-17,180,2018-12-31,2019-09-17,29.86,34.0496,34.3003,87.6957,87.0547,26.766,38.503,-22.4476,11.5594,47771000
2019-09-18,180,2019-01-02,2019-09-18,29.156,34.0693,34.3136,85.5785,84.9693,26.766,38.503,-24.276,8.9292,78111000
2019-09-19,180,2019-01-03,2019-09-19,28.66,34.0852,34.3241,84.0834,83.4983,27.12,38.503,-25.5642,5.6785,84613000
2019-09-20,180,2019-01-04,2019-09-20,27.075,34.0848,34.3238,79.4342,78.8811,27.075,38.503,-29.6808,0.0,238328000
2019-09-23,180,2019-01-07,2019-09-23,26.592,34.059,34.3062,78.0762,77.5136,26.592,38.503,-30.9353,0.0,134786000
2019-09-24,180,2019-01-08,2019-09-24,25.459,34.0103,34.2725,74.8567,74.2841,25.459,38.503,-33.8779,0.0,163382000
2019-09-25,180,2019-01-09,2019-09-25,26.475,33.9683,34.2416,77.9403,77.3181,25.459,38.503,-31.2391,3.9907,116438000
2019-09-26,180,2019-01-10,2019-09-26,26.331,33.9253,34.2102,77.6147,76.9683,25.459,38.503,-31.6131,3.4251,76840000
2019-09-27,180,2019-01-11,2019-09-27,26.308,33.8792,34.176,77.6523,76.9781,25.459,38.503,-31.6729,3.3348,73283000
2019-09-30,180,2019-01-14,2019-09-30,26.762,33.8299,34.1371,79.1075,78.3957,25.459,38.503,-30.4937,5.118,67272000
2019-10-01,180,2019-01-15,2019-10-01,26.958,33.7851,34.1019,79.7926,79.0513,25.459,38.503,-29.9847,5.8879,86503000
2019-10-02,180,2019-01-16,2019-10-02,26.803,33.7274,34.0538,79.4695,78.7079,25.459,38.503,-30.3872,5.2791,76591000
2019-10-03,180,2019-01-17,2019-10-03,26.815,33.6717,34.0075,79.6367,78.8502,25.459,38.503,-30.3561,5.3262,89510000
2019-10-04,180,2019-01-18,2019-10-04,27.279,33.6192,33.9629,81.1412,80.3201,25.459,38.503,-29.151,7.1487,98904000
2019-10-07,180,2019-01-22,2019-10-07,27.446,33.5756,33.9269,81.7438,80.8973,25.459,38.503,-28.7172,7.8047,65256000
2019-10-08,180,2019-01-23,2019-10-08,27.072,33.5369,33.8967,80.7229,79.8662,25.459,38.503,-29.6886,6.3357,62764000
2019-10-09,180,2019-01-24,2019-10-09,26.753,33.4975,33.8665,79.8657,78.9956,25.459,38.503,-30.5171,5.0827,67944000
2019-10-10,180,2019-01-25,2019-10-10,28.048,33.4661,33.8408,83.8102,82.8822,25.459,38.503,-27.1537,10.1693,108091000
2019-10-11,180,2019-01-28,2019-10-11,28.293,33.4303,33.8102,84.6329,83.6819,25.459,38.503,-26.5174,11.1316,87861000
2019-10-14,180,2019-01-29,2019-10-14,28.553,33.3978,33.7823,85.4936,84.5205,25.459,38.503,-25.8421,12.1529,55132000
2019-10-15,180,2019-01-30,2019-10-15,28.425,33.3683,33.7575,85.1857,84.2035,25.459,38.503,-26.1746,11.6501,76856000
2019-10-16,180,2019-01-31,2019-10-16,28.628,33.3338,33.7273,85.8828,84.8808,25.459,38.503,-25.6473,12.4475,161759000
2019-10-17,180,2019-02-01,2019-10-17,29.335,33.3052,33.7017,88.0793,87.0432,25.459,38.503,-23.8111,15.2245,382589000
2019-10-18,180,2019-02-04,2019-10-18,27.53,33.2628,33.6658,82.7652,81.7744,25.459,38.503,-28.4991,8.1347,234299000
2019-10-21,180,2019-02-05,2019-10-21,27.805,33.2167,33.6251,83.7079,82.6912,25.459,38.503,-27.7848,9.2148,125992000
2019-10-22,180,2019-02-06,2019-10-22,26.669,33.1592,33.5756,80.4271,79.4298,25.459,38.503,-30.7353,4.7527,118024000
2019-10-23,180,2019-02-07,2019-10-23,27.127,33.1076,33.5306,81.9359,80.9022,25.459,38.503,-29.5457,6.5517,71335000
2019-10-24,180,2019-02-08,2019-10-24,27.15,33.06,33.4899,82.1234,81.0691,25.459,38.503,-29.486,6.6421,48274000
2019-10-25,180,2019-02-11,2019-10-25,27.682,33.0154,33.4506,83.8457,82.7548,25.459,38.503,-28.1043,8.7317,47478000
2019-10-28,180,2019-02-12,2019-10-28,28.186,32.9758,33.4152,85.4749,84.3509,25.459,38.503,-26.7953,10.7113,62484000
2019-10-29,180,2019-02-13,2019-10-29,28.121,32.9288,33.3714,85.3993,84.2668,25.459,38.503,-26.9641,10.456,43562000
2019-10-30,180,2019-02-14,2019-10-30,29.145,32.8934,33.3379,88.6043,87.4231,25.459,38.503,-24.3046,14.4782,93456000
2019-10-31,180,2019-02-15,2019-10-31,28.741,32.8518,33.2981,87.4869,86.3143,25.459,38.503,-25.3539,12.8913,50900000
2019-11-01,180,2019-02-19,2019-11-01,28.681,32.8108,33.2592,87.4134,86.2349,25.459,38.503,-25.5097,12.6556,55943000
2019-11-04,180,2019-02-20,2019-11-04,29.286,32.7718,33.2208,89.3633,88.1556,25.459,38.503,-23.9384,15.032,55662000
2019-11-05,180,2019-02-21,2019-11-05,28.803,32.7305,33.1809,88.0004,86.8061,25.459,38.503,-25.1928,13.1348,40624000
2019-11-06,180,2019-02-22,2019-11-06,28.859,32.6911,33.1429,88.2779,87.0745,25.459,38.503,-25.0474,13.3548,34383000
2019-11-07,180,2019-02-25,2019-11-07,28.957,32.6496,33.1021,88.6901,87.4779,25.459,38.503,-24.7929,13.7397,59285000
2019-11-08,180,2019-02-26,2019-11-08,29.157,32.6093,33.0619,89.4131,88.1892,25.459,38.503,-24.2734,14.5253,45090000
2019-11-11,180,2019-02-27,2019-11-11,29.418,32.5704,33.0225,90.3213,89.0846,25.459,38.503,-23.5956,15.5505,39443000
2019-11-12,180,2019-02-28,2019-11-12,29.201,32.531,32.9832,89.7635,88.533,25.459,38.503,-24.1592,14.6981,57728000
2019-11-13,180,2019-03-01,2019-11-13,28.311,32.4876,32.9415,87.144,85.9432,25.459,38.503,-26.4707,11.2023,91589000
2019-11-14,180,2019-03-04,2019-11-14,28.962,32.4493,32.9039,89.2531,88.0199,25.459,38.503,-24.7799,13.7594,65290000
2019-11-15,180,2019-03-05,2019-11-15,29.503,32.4177,32.8728,91.0089,89.749,25.459,38.503,-23.3748,15.8844,63338000
2019-11-18,180,2019-03-06,2019-11-18,30.257,32.3895,32.844,93.416,92.1232,25.459,38.503,-21.4165,18.846,86166000
2019-11-19,180,2019-03-07,2019-11-19,30.26,32.359,32.8124,93.5133,92.2213,25.459,38.503,-21.4087,18.8578,59180000
2019-11-20,180,2019-03-08,2019-11-20,30.516,32.3334,32.786,94.3792,93.0763,25.459,38.503,-20.7438,19.8633,51118000
2019-11-21,180,2019-03-11,2019-11-21,31.169,32.3132,32.765,96.459,95.1291,25.459,38.503,-19.0479,22.4282,74884000
2019-11-22,180,2019-03-12,2019-11-22,31.048,32.288,32.7381,96.1594,94.8376,25.459,38.503,-19.3621,21.9529,59701000
2019-11-25,180,2019-03-13,2019-11-25,31.555,32.2671,32.7155,97.7932,96.4529,25.459,38.503,-18.0453,23.9444,78739000
2019-11-26,180,2019-03-14,2019-11-26,31.249,32.2421,32.6884,96.9198,95.5966,25.459,38.503,-18.8401,22.7425,53210000
2019-11-27,180,2019-03-15,2019-11-27,31.593,32.2203,32.6646,98.0531,96.7195,25.459,38.503,-17.9466,24.0936,40969000
2019-11-29,180,2019-03-18,2019-11-29,31.466,32.1966,32.6386,97.7309,96.4074,25.459,38.503,-18.2765,23.5948,24117000
2019-12-02,180,2019-03-19,2019-12-02,30.999,32.1693,32.6089,96.3621,95.0631,25.459,38.503,-19.4894,21.7605,62188000
2019-12-03,180,2019-03-20,2019-12-03,30.616,32.1418,32.5796,95.253,93.9728,25.459,38.503,-20.4841,20.2561,49928000
2019-12-04,180,2019-03-21,2019-12-04,30.432,32.1062,32.5402,94.7855,93.5211,25.459,38.503,-20.962,19.5334,35121000
2019-12-05,180,2019-03-22,2019-12-05,30.286,32.0687,32.4986,94.4411,93.1918,25.459,38.503,-21.3412,18.9599,46155000
2019-12-06,180,2019-03-25,2019-12-06,30.735,32.0411,32.4688,95.9238,94.6602,25.459,38.503,-20.175,20.7235,44578000
2019-12-09,180,2019-03-26,2019-12-09,30.25,32.0083,32.4334,94.5067,93.2682,25.459,38.503,-21.4347,18.8185,57484000
2019-12-10,180,2019-03-27,2019-12-10,29.312,31.9723,32.3962,91.6794,90.4797,25.459,38.503,-23.8709,15.1341,104761000
2019-12-11,180,2019-03-28,2019-12-11,29.893,31.943,32.366,93.5822,92.3593,25.459,38.503,-22.3619,17.4162,55898000
2019-12-12,180,2019-03-29,2019-12-12,29.844,31.913,32.3348,93.5168,92.2969,25.459,38.503,-22.4892,17.2238,47666000
2019-12-13,180,2019-04-01,2019-12-13,29.85,31.8821,32.3025,93.6261,92.4077,25.459,38.503,-22.4736,17.2473,38797000
2019-12-16,180,2019-04-02,2019-12-16,30.421,31.8504,32.2677,95.5121,94.2771,25.459,38.503,-20.9906,19.4902,46589000
2019-12-17,180,2019-04-03,2019-12-17,31.548,31.8251,32.2386,99.1294,97.8577,25.459,38.503,-18.0635,23.9169,104271000
2019-12-18,180,2019-04-04,2019-12-18,32.08,31.8019,32.2114,100.8746,99.592,25.459,38.503,-16.6818,26.0065,112074000
2019-12-19,180,2019-04-05,2019-12-19,33.222,31.7855,32.1916,104.5194,103.2007,25.459,38.503,-13.7158,30.4922,98223000
2019-12-20,180,2019-04-08,2019-12-20,33.69,31.7725,32.1757,106.0352,104.7062,25.459,38.503,-12.5003,32.3304,99149000
2019-12-23,180,2019-04-09,2019-12-23,33.31,31.7593,32.16,104.8828,103.5758,25.459,38.503,-13.4873,30.8378,57653000
2019-12-24,180,2019-04-10,2019-12-24,33.32,31.7447,32.1425,104.9622,103.6633,25.459,38.503,-13.4613,30.8771,20193000
2019-12-26,180,2019-04-11,2019-12-26,33.263,31.7303,32.1251,104.8304,103.542,25.459,38.503,-13.6093,30.6532,35899000
2019-12-27,180,2019-04-12,2019-12-27,32.909,31.7125,32.1037,103.7731,102.5084,25.459,38.503,-14.5287,29.2627,50361000
2019-12-30,180,2019-04-15,2019-12-30,32.331,31.6988,32.0882,101.9945,100.7565,25.459,38.503,-16.0299,26.9924,43115000
2019-12-31,180,2019-04-16,2019-12-31,32.357,31.6863,32.0742,102.1168,100.8817,25.459,38.503,-15.9624,27.0945,37133000
2020-01-02,180,2019-04-17,2020-01-02,32.981,31.6723,32.0577,104.1319,102.8801,25.459,38.503,-14.3417,29.5455,44858000
2020-01-03,180,2019-04-18,2020-01-03,32.59,31.6584,32.0417,102.9426,101.7112,25.459,38.503,-15.3572,28.0097,38069000
2020-01-06,180,2019-04-22,2020-01-06,33.583,31.6472,32.0281,106.117,104.8549,25.459,38.503,-12.7782,31.9101,56631000
2020-01-07,180,2019-04-23,2020-01-07,33.075,31.6264,32.0022,104.5804,103.3523,25.459,38.503,-14.0976,29.9148,47032000
2020-01-08,180,2019-04-24,2020-01-08,33.926,31.6081,31.9785,107.3332,106.09,25.459,38.503,-11.8874,33.2574,71045000
2020-01-09,180,2019-04-25,2020-01-09,33.566,31.5911,31.9571,106.2515,105.0346,25.459,38.503,-12.8224,31.8434,47093000
2020-01-10,180,2019-04-26,2020-01-10,32.905,31.5731,31.9353,104.2184,103.0366,25.459,38.503,-14.5391,29.247,47183000
2020-01-13,180,2019-04-29,2020-01-13,33.892,31.5575,31.9153,107.3977,106.1936,25.459,38.503,-11.9757,33.1238,62900000
2020-01-14,180,2019-04-30,2020-01-14,33.869,31.5429,31.8969,107.3743,106.1828,25.459,38.503,-12.0354,33.0335,71994000
2020-01-15,180,2019-05-01,2020-01-15,33.907,31.5291,31.8794,107.542,106.3602,25.459,38.503,-11.9367,33.1828,51580000
2020-01-16,180,2019-05-02,2020-01-16,33.862,31.5118,31.8571,107.4582,106.2935,25.459,38.503,-12.0536,33.006,50160000
2020-01-17,180,2019-05-03,2020-01-17,33.967,31.4949,31.8352,107.8491,106.6964,25.459,38.503,-11.7809,33.4184,60665000
2020-01-21,180,2019-05-06,2020-01-21,33.811,31.4751,31.8091,107.4215,106.2934,25.459,38.172,-11.4246,32.8057,143503000
2020-01-22,180,2019-05-07,2020-01-22,32.6,31.4516,31.7799,103.6513,102.5807,25.459,38.172,-14.5971,28.049,217300000
2020-01-23,180,2019-05-08,2020-01-23,34.96,31.4428,31.7683,111.1862,110.0469,25.459,38.172,-8.4145,37.3188,182003000
2020-01-24,180,2019-05-09,2020-01-24,35.316,31.438,31.762,112.3355,111.1893,25.459,38.172,-7.4819,38.7172,179397000
2020-01-27,180,2019-05-10,2020-01-27,34.288,31.4292,31.751,109.096,107.9903,25.459,38.172,-10.175,34.6793,77095000
2020-01-28,180,2019-05-13,2020-01-28,34.852,31.4237,31.7441,110.9098,109.7907,25.459,38.172,-8.6975,36.8946,68216000
2020-01-29,180,2019-05-14,2020-01-29,34.316,31.4228,31.7429,109.2074,108.1061,25.459,38.172,-10.1016,34.7893,76435000
2020-01-30,180,2019-05-15,2020-01-30,34.774,31.4237,31.7441,110.6615,109.5449,25.459,38.172,-8.9018,36.5882,53281000
2020-01-31,180,2019-05-16,2020-01-31,34.509,31.4193,31.7386,109.8337,108.7289,25.459,38.172,-9.596,35.5473,52300000
2020-02-03,180,2019-05-17,2020-02-03,35.8,31.4188,31.7378,113.9447,112.7991,25.459,38.172,-6.214,40.6182,66706000
2020-02-04,180,2019-05-20,2020-02-04,36.901,31.4249,31.7459,117.4261,116.2385,25.459,38.172,-3.3297,44.9429,71615000
2020-02-05,180,2019-05-21,2020-02-05,36.967,31.4341,31.7579,117.6018,116.4025,25.459,38.172,-3.1568,45.2021,64370000
2020-02-06,180,2019-05-22,2020-02-06,36.695,31.4394,31.7649,116.7166,115.5204,25.459,38.172,-3.8693,44.1337,39204000
2020-02-07,180,2019-05-23,2020-02-07,36.677,31.4423,31.7689,116.6484,115.4495,25.459,38.172,-3.9165,44.063,43852000
2020-02-10,180,2019-05-24,2020-02-10,37.107,31.4503,31.7793,117.9863,116.7645,25.459,38.172,-2.79,45.752,52941000
2020-02-11,180,2019-05-28,2020-02-11,37.369,31.4583,31.7901,118.7891,117.5493,25.459,38.172,-2.1036,46.7811,47729000
2020-02-12,180,2019-05-29,2020-02-12,38.001,31.4684,31.8039,120.759,119.4853,25.459,38.172,-0.448,49.2635,46248000
2020-02-13,180,2019-05-30,2020-02-13,38.14,31.4818,31.8218,121.1495,119.8549,25.459,38.172,-0.0838,49.8095,44854000
2020-02-14,180,2019-05-31,2020-02-14,38.04,31.4935,31.8377,120.7868,119.4811,25.459,38.172,-0.3458,49.4167,37363000
2020-02-18,180,2019-06-03,2020-02-18,38.778,31.5119,31.8624,123.0581,121.7046,25.459,38.778,0.0,52.3155,51739000
2020-02-19,180,2019-06-04,2020-02-19,38.619,31.533,31.8899,122.4718,121.1009,25.459,38.778,-0.41,51.691,48964000
2020-02-20,180,2019-06-05,2020-02-20,38.6,31.5462,31.908,122.3602,120.9726,25.459,38.778,-0.459,51.6163,40794000
2020-02-21,180,2019-06-06,2020-02-21,38.007,31.5561,31.9216,120.4425,119.0637,25.459,38.778,-1.9882,49.2871,39301000
2020-02-24,180,2019-06-07,2020-02-24,36.87,31.561,31.928,116.8214,115.4786,25.459,38.778,-4.9203,44.8211,69364000
2020-02-25,180,2019-06-10,2020-02-25,36.009,31.5607,31.9276,114.0945,112.7834,25.459,38.778,-7.1406,41.4392,64812000
2020-02-26,180,2019-06-11,2020-02-26,37.924,31.572,31.9427,120.1192,118.7251,25.459,38.778,-2.2023,48.9611,89341000
2020-02-27,180,2019-06-12,2020-02-27,37.171,31.5806,31.954,117.7019,116.3264,25.459,38.778,-4.1441,46.0034,109677000
2020-02-28,180,2019-06-13,2020-02-28,36.903,31.5908,31.9671,116.8155,115.4406,25.459,38.778,-4.8352,44.9507,111686000
2020-03-02,180,2019-06-14,2020-03-02,38.105,31.6068,31.988,120.5595,119.1229,25.459,38.778,-1.7355,49.672,69979000
2020-03-03,180,2019-06-17,2020-03-03,36.877,31.6197,32.0041,116.6268,115.2258,25.459,38.778,-4.9023,44.8486,83646000
2020-03-04,180,2019-06-18,2020-03-04,38.379,31.6334,32.0225,121.3245,119.8499,25.459,38.778,-1.0289,50.7483,54873000
2020-03-05,180,2019-06-19,2020-03-05,37.278,31.6399,32.0312,117.8196,116.3801,25.459,38.778,-3.8682,46.4237,87470000
2020-03-06,180,2019-06-20,2020-03-06,36.897,31.6422,32.0343,116.6071,115.1798,25.459,38.778,-4.8507,44.9271,81472000
2020-03-09,180,2019-06-21,2020-03-09,34.649,31.6339,32.0239,109.5311,108.1974,25.459,38.778,-10.6478,36.0972,74055000
2020-03-10,180,2019-06-24,2020-03-10,36.413,31.6318,32.021,115.1151,113.7158,25.459,38.778,-6.0988,43.026,76044000
2020-03-11,180,2019-06-25,2020-03-11,34.992,31.6228,32.0093,110.6544,109.3182,25.459,38.778,-9.7633,37.4445,60360000
2020-03-12,180,2019-06-26,2020-03-12,31.525,31.6008,31.9843,99.7602,98.564,25.459,38.778,-18.7039,23.8265,120716000
2020-03-13,180,2019-06-27,2020-03-13,33.63,31.589,31.9699,106.4612,105.1927,25.459,38.778,-13.2756,32.0947,94582000
2020-03-16,180,2019-06-28,2020-03-16,29.884,31.5533,31.9304,94.7095,93.5912,25.459,38.778,-22.9357,17.3809,105599000
2020-03-17,180,2019-07-01,2020-03-17,31.975,31.5309,31.9039,101.4083,100.2228,25.459,38.778,-17.5435,25.5941,100139000
2020-03-18,180,2019-07-02,2020-03-18,31.547,31.5033,31.8711,100.1386,98.9832,25.459,38.778,-18.6472,23.913,125936000
2020-03-19,180,2019-07-03,2020-03-19,33.203,31.4841,31.847,105.4594,104.258,25.459,38.778,-14.3767,30.4175,106160000
2020-03-20,180,2019-07-05,2020-03-20,33.283,31.463,31.8198,105.7847,104.5984,25.459,38.778,-14.1704,30.7318,108538000
2020-03-23,180,2019-07-08,2020-03-23,36.027,31.4548,31.8085,114.5356,113.262,25.459,38.778,-7.0942,41.5099,134494000
2020-03-24,180,2019-07-09,2020-03-24,35.732,31.4471,31.7981,113.6256,112.3716,25.459,38.778,-7.855,40.3511,116387000
2020-03-25,180,2019-07-10,2020-03-25,34.239,31.4313,31.7772,108.9328,107.747,25.459,38.778,-11.7051,34.4868,87672000
2020-03-26,180,2019-07-11,2020-03-26,36.299,31.4241,31.7672,115.5131,114.2656,25.459,38.778,-6.3928,42.5783,72296000
2020-03-27,180,2019-07-12,2020-03-27,35.712,31.4151,31.7548,113.6779,112.4618,25.459,38.778,-7.9065,40.2726,79488000
2020-03-30,180,2019-07-15,2020-03-30,37.096,31.4142,31.7535,118.0868,116.8249,25.459,38.778,-4.3375,45.7088,86220000
2020-03-31,180,2019-07-16,2020-03-31,37.55,31.4177,31.7584,119.5185,118.2362,25.459,38.778,-3.1667,47.492,93665000
2020-04-01,180,2019-07-17,2020-04-01,36.408,31.4169,31.7574,115.8865,114.6442,25.459,38.778,-6.1117,43.0064,66725000
2020-04-02,180,2019-07-18,2020-04-02,37.008,31.4201,31.7616,117.7846,116.5179,25.459,38.778,-4.5644,45.3631,45925000
2020-04-03,180,2019-07-19,2020-04-03,36.176,31.4371,31.7819,115.0742,113.8257,25.459,38.778,-6.71,42.0951,48608000
2020-04-06,180,2019-07-22,2020-04-06,37.996,31.4669,31.818,120.7492,119.4168,25.459,38.778,-2.0166,49.2439,81839000
2020-04-07,180,2019-07-23,2020-04-07,37.228,31.4962,31.8522,118.1982,116.8772,25.459,38.778,-3.9971,46.2273,70464000
2020-04-08,180,2019-07-24,2020-04-08,37.112,31.5271,31.8877,117.7145,116.3835,25.459,38.778,-4.2963,45.7716,69089000
2020-04-09,180,2019-07-25,2020-04-09,37.072,31.5519,31.917,117.4954,116.1512,25.459,38.778,-4.3994,45.6145,77113000
2020-04-13,180,2019-07-26,2020-04-13,39.672,31.5819,31.956,125.6163,124.1456,25.459,39.672,0.0,55.827,116929000
2020-04-14,180,2019-07-29,2020-04-14,41.355,31.613,31.9992,130.8166,129.2374,25.459,41.355,0.0,62.4376,115810000
2020-04-15,180,2019-07-30,2020-04-15,42.675,31.6498,32.0515,134.8351,133.1451,25.459,42.675,0.0,67.6224,135612000
2020-04-16,180,2019-07-31,2020-04-16,43.917,31.6939,32.1144,138.5662,136.7517,25.459,43.917,0.0,72.5009,161287000
2020-04-17,180,2019-08-01,2020-04-17,42.296,31.7348,32.1699,133.2797,131.4768,25.459,43.917,-3.6911,66.1338,126163000
2020-04-20,180,2019-08-02,2020-04-20,43.749,31.7821,32.2355,137.6532,135.7169,25.459,43.917,-0.3825,71.841,126558000
2020-04-21,180,2019-08-05,2020-04-21,43.383,31.8288,32.2994,136.3012,134.3153,25.459,43.917,-1.2159,70.4034,231776000
2020-04-22,180,2019-08-06,2020-04-22,42.142,31.8783,32.3626,132.1967,130.2182,25.459,43.917,-4.0417,65.5289,210848000
2020-04-23,180,2019-08-07,2020-04-23,42.67,31.9281,32.4274,133.6441,131.5863,25.459,43.917,-2.8395,67.6028,139523000
2020-04-24,180,2019-08-08,2020-04-24,42.499,31.981,32.4944,132.8882,130.7886,25.459,43.917,-3.2288,66.9311,86589000
2020-04-27,180,2019-08-09,2020-04-27,42.138,32.0261,32.553,131.5739,129.4442,25.459,43.917,-4.0508,65.5132,62775000
2020-04-28,180,2019-08-12,2020-04-28,40.383,32.0695,32.6058,125.9233,123.8524,25.459,43.917,-8.047,58.6197,101012000
2020-04-29,180,2019-08-13,2020-04-29,41.189,32.1147,32.6619,128.256,126.1072,25.459,43.917,-6.2117,61.7856,96931000
2020-04-30,180,2019-08-14,2020-04-30,41.985,32.1618,32.7217,130.5432,128.3095,25.459,43.917,-4.3992,64.9122,79540000
2020-05-01,180,2019-08-15,2020-05-01,41.527,32.2156,32.7862,128.9034,126.66,25.459,43.917,-5.4421,63.1132,82999000
2020-05-04,180,2019-08-16,2020-05-04,42.815,32.276,32.8597,132.6528,130.2962,25.459,43.917,-2.5093,68.1724,77991000
2020-05-05,180,2019-08-19,2020-05-05,42.468,32.3309,32.9275,131.3541,128.9744,25.459,43.917,-3.2994,66.8094,62863000
2020-05-06,180,2019-08-20,2020-05-06,43.426,32.385,32.9968,134.0929,131.6066,25.459,43.917,-1.118,70.5723,66607000
2020-05-07,180,2019-08-21,2020-05-07,43.653,32.4465,33.0732,134.5383,131.9889,25.459,43.917,-0.6011,71.4639,56419000
2020-05-08,180,2019-08-22,2020-05-08,43.555,32.5087,33.1498,133.9793,131.3886,25.459,43.917,-0.8243,71.079,50493000
2020-05-11,180,2019-08-23,2020-05-11,44.052,32.5733,33.2295,135.2395,132.5688,25.459,44.052,0.0,73.0311,54860000
2020-05-12,180,2019-08-26,2020-05-12,43.182,32.6392,33.3075,132.301,129.6464,25.459,44.052,-1.9749,69.6139,45982000
2020-05-13,180,2019-08-27,2020-05-13,43.827,32.7049,33.3871,134.0073,131.2691,25.459,44.052,-0.5108,72.1474,70146000
2020-05-14,180,2019-08-28,2020-05-14,44.195,32.7748,33.471,134.8444,132.0398,25.459,44.195,0.0,73.5928,90075000
2020-05-15,180,2019-08-29,2020-05-15,45.419,32.8481,33.5612,138.2697,135.3318,25.459,45.419,0.0,78.4006,72440000
2020-05-18,180,2019-08-30,2020-05-18,45.258,32.9178,33.6478,137.4879,134.5052,25.459,45.419,-0.3545,77.7682,77735000
2020-05-19,180,2019-09-03,2020-05-19,45.104,32.9894,33.7351,136.7226,133.7003,25.459,45.419,-0.6935,77.1633,48105000
2020-05-20,180,2019-09-04,2020-05-20,44.767,33.0635,33.8231,135.3969,132.3561,25.459,45.419,-1.4355,75.8396,56073000
2020-05-21,180,2019-09-05,2020-05-21,43.625,33.1328,33.9035,131.6671,128.6739,25.459,45.419,-3.9499,71.3539,91173000
2020-05-22,180,2019-09-06,2020-05-22,42.932,33.1988,33.9791,129.3178,126.3481,25.459,45.419,-5.4757,68.6319,54223000
2020-05-26,180,2019-09-09,2020-05-26,41.477,33.2624,34.0484,124.6965,121.8179,25.459,45.419,-8.6792,62.9169,78811000
2020-05-27,180,2019-09-10,2020-05-27,41.989,33.3249,34.1181,125.9988,123.0695,25.459,45.419,-7.5519,64.9279,104463000
2020-05-28,180,2019-09-11,2020-05-28,41.344,33.39,34.1878,123.8214,120.932,25.459,45.419,-8.972,62.3944,56551000
2020-05-29,180,2019-09-12,2020-05-29,41.973,33.4575,34.2608,125.4518,122.5101,25.459,45.419,-7.5871,64.8651,52549000
2020-06-01,180,2019-09-13,2020-06-01,42.592,33.5269,34.337,127.0383,124.0412,25.459,45.419,-6.2243,67.2964,37437000
2020-06-02,180,2019-09-16,2020-06-02,42.731,33.5932,34.411,127.2014,124.1785,25.459,45.419,-5.9182,67.8424,34948000
2020-06-03,180,2019-09-17,2020-06-03,42.197,33.6578,34.4819,125.3708,122.3744,25.459,45.419,-7.0939,65.7449,43160000
2020-06-04,180,2019-09-18,2020-06-04,41.433,33.7167,34.5462,122.8855,119.9351,25.459,45.419,-8.7761,62.744,54105000
2020-06-05,180,2019-09-19,2020-06-05,41.96,33.783,34.6173,124.2046,121.211,25.459,45.419,-7.6158,64.814,50996000
2020-06-08,180,2019-09-20,2020-06-08,41.949,33.8532,34.6911,123.9144,120.9213,25.459,45.419,-7.64,64.7708,58515000
2020-06-09,180,2019-09-23,2020-06-09,43.405,33.9419,34.7819,127.8803,124.792,25.459,45.419,-4.4343,70.4898,67970000
2020-06-10,180,2019-09-24,2020-06-10,43.448,34.0355,34.8755,127.6548,124.5802,25.459,45.419,-4.3396,70.6587,48969000
2020-06-11,180,2019-09-25,2020-06-11,42.556,34.1374,34.9705,124.6609,121.6911,26.308,45.419,-6.3035,61.7607,74629000
2020-06-12,180,2019-09-26,2020-06-12,41.807,34.2273,35.0557,122.1451,119.2589,26.308,45.419,-7.9526,58.9136,64611000
2020-06-15,180,2019-09-27,2020-06-15,42.55,34.3218,35.1458,123.9737,121.0672,26.308,45.419,-6.3167,61.7379,44679000
2020-06-16,180,2019-09-30,2020-06-16,43.613,34.4208,35.2419,126.7054,123.7532,26.669,45.419,-3.9763,63.5344,55079000
2020-06-17,180,2019-10-01,2020-06-17,44.777,34.52,35.342,129.7131,126.6963,26.669,45.419,-1.4135,67.8991,65296000
2020-06-18,180,2019-10-02,2020-06-18,44.987,34.6187,35.4422,129.9499,126.9307,26.669,45.419,-0.9511,68.6865,42776000
2020-06-19,180,2019-10-03,2020-06-19,45.372,34.7207,35.5453,130.6772,127.6455,26.669,45.419,-0.1035,70.1301,59345000
2020-06-22,180,2019-10-04,2020-06-22,46.804,34.8277,35.6564,134.3874,131.264,26.669,46.804,0.0,75.4996,62721000
2020-06-23,180,2019-10-07,2020-06-23,46.626,34.9305,35.7639,133.4822,130.3718,26.669,46.804,-0.3803,74.8322,59484000
2020-06-24,180,2019-10-08,2020-06-24,45.785,35.0297,35.8657,130.7034,127.6566,26.669,46.804,-2.1772,71.6787,48262000
2020-06-25,180,2019-10-09,2020-06-25,46.591,35.1355,35.9742,132.6037,129.5123,26.669,46.804,-0.4551,74.701,41345000
2020-06-26,180,2019-10-10,2020-06-26,44.34,35.2375,36.0719,125.8319,122.9212,26.669,46.804,-5.2645,66.2604,68047000
2020-06-29,180,2019-10-11,2020-06-29,44.724,35.3294,36.1645,126.5913,123.6681,26.669,46.804,-4.4441,67.7003,48440000
2020-06-30,180,2019-10-14,2020-06-30,45.504,35.4224,36.2601,128.4612,125.4931,26.669,46.804,-2.7775,70.6251,41985000
2020-07-01,180,2019-10-15,2020-07-01,48.564,35.5233,36.3713,136.7104,133.5228,26.669,48.564,0.0,82.0991,97059000
2020-07-02,180,2019-10-16,2020-07-02,47.689,35.6232,36.4783,133.8708,130.7324,26.669,48.564,-1.8017,78.8181,63515000
2020-07-06,180,2019-10-17,2020-07-06,49.381,35.727,36.5936,138.2177,134.9442,26.669,49.381,0.0,85.1625,78390000
2020-07-07,180,2019-10-18,2020-07-07,49.316,35.8252,36.7046,137.6574,134.359,26.669,49.381,-0.1316,84.9188,56699000
2020-07-08,180,2019-10-21,2020-07-08,50.278,35.9427,36.831,139.8836,136.5099,26.669,50.278,0.0,88.526,56917000
2020-07-09,180,2019-10-22,2020-07-09,50.776,36.0599,36.9586,140.8102,137.386,26.669,50.776,0.0,90.3933,58405000
2020-07-10,180,2019-10-23,2020-07-10,54.873,36.1997,37.1153,151.5843,147.8446,27.127,54.873,0.0,102.2819,216056000
2020-07-13,180,2019-10-24,2020-07-13,52.55,36.33,37.2566,144.6465,141.049,27.15,54.873,-4.2334,93.5543,183990000
2020-07-14,180,2019-10-25,2020-07-14,52.488,36.4608,37.3973,143.9573,140.3523,27.682,54.873,-4.3464,89.6106,150833000
2020-07-15,180,2019-10-28,2020-07-15,52.326,36.5869,37.5342,143.0184,139.4087,28.121,54.873,-4.6416,86.0745,100667000
2020-07-16,180,2019-10-29,2020-07-16,52.739,36.7101,37.6706,143.6633,140.0002,28.121,54.873,-3.889,87.5431,244990000
2020-07-17,180,2019-10-30,2020-07-17,49.299,36.8249,37.7883,133.8742,130.461,28.311,54.873,-10.158,74.1337,249914000
2020-07-20,180,2019-10-31,2020-07-20,50.241,36.9337,37.9055,136.0301,132.5428,28.311,54.873,-8.4413,77.4611,119403000
2020-07-21,180,2019-11-01,2020-07-21,49.01,37.0431,38.0181,132.3053,128.9122,28.311,54.873,-10.6847,73.1129,91137000
2020-07-22,180,2019-11-04,2020-07-22,48.982,37.1536,38.1309,131.8365,128.4575,28.311,54.873,-10.7357,73.014,69541000
2020-07-23,180,2019-11-05,2020-07-23,47.758,37.2552,38.2335,128.1917,124.9113,28.311,54.873,-12.9663,68.6906,77220000
2020-07-24,180,2019-11-06,2020-07-24,48.045,37.3627,38.3404,128.5909,125.3116,28.311,54.873,-12.4433,69.7043,77462000
2020-07-27,180,2019-11-07,2020-07-27,49.565,37.4753,38.4554,132.2605,128.8894,28.311,54.873,-9.6732,75.0733,78631000
2020-07-28,180,2019-11-08,2020-07-28,48.851,37.5853,38.566,129.9736,126.6687,28.311,54.873,-10.9744,72.5513,59867000
2020-07-29,180,2019-11-11,2020-07-29,48.448,37.6928,38.6731,128.5338,125.2756,28.311,54.873,-11.7089,71.1278,66118000
2020-07-30,180,2019-11-12,2020-07-30,48.58,37.7989,38.7796,128.5221,125.2721,28.311,54.873,-11.4683,71.5941,66086000
2020-07-31,180,2019-11-13,2020-07-31,48.888,37.9087,38.889,128.9624,125.7117,28.311,54.873,-10.907,72.682,59163000
2020-08-03,180,2019-11-14,2020-08-03,49.862,38.031,39.0087,131.1088,127.8228,28.962,54.873,-9.132,72.1635,58731000
2020-08-04,180,2019-11-15,2020-08-04,50.964,38.1512,39.1309,133.5844,130.2397,29.312,54.873,-7.1237,73.8674,56080000
2020-08-05,180,2019-11-18,2020-08-05,50.211,38.2645,39.246,131.2207,127.9392,29.312,54.873,-8.496,71.2984,43082000
2020-08-06,180,2019-11-19,2020-08-06,50.908,38.3739,39.3607,132.6631,129.3371,29.312,54.873,-7.2258,73.6763,37259000
2020-08-07,180,2019-11-20,2020-08-07,49.473,38.4792,39.4674,128.5708,125.3514,29.312,54.873,-9.8409,68.7807,59103000
2020-08-10,180,2019-11-21,2020-08-10,48.338,38.5788,39.5665,125.2967,122.1691,29.312,54.873,-11.9093,64.9086,46912000
2020-08-11,180,2019-11-22,2020-08-11,46.693,38.6672,39.6527,120.756,117.7549,29.312,54.873,-14.9071,59.2965,73292000
2020-08-12,180,2019-11-25,2020-08-12,47.547,38.7603,39.7444,122.6694,119.6321,29.312,54.873,-13.3508,62.21,54392000
2020-08-13,180,2019-11-26,2020-08-13,48.133,38.8516,39.8365,123.8894,120.8265,29.312,54.873,-12.2829,64.2092,30089000
2020-08-14,180,2019-11-27,2020-08-14,48.268,38.9464,39.931,123.9343,120.8785,29.312,54.873,-12.0369,64.6698,29435000
2020-08-17,180,2019-11-29,2020-08-17,48.235,39.0387,40.0235,123.5569,120.5168,29.312,54.873,-12.097,64.5572,24235000
2020-08-18,180,2019-12-02,2020-08-18,49.187,39.1359,40.1219,125.6826,122.5938,29.312,54.873,-10.3621,67.805,35055000
2020-08-19,180,2019-12-03,2020-08-19,48.453,39.235,40.2189,123.4943,120.4733,29.312,54.873,-11.6997,65.3009,31562000
2020-08-20,180,2019-12-04,2020-08-20,49.79,39.3429,40.3254,126.5541,123.4706,29.312,54.873,-9.2632,69.8622,51325000
2020-08-21,180,2019-12-05,2020-08-21,49.231,39.4511,40.4298,124.79,121.769,29.312,54.873,-10.2819,67.9551,39213000
2020-08-24,180,2019-12-06,2020-08-24,48.881,39.56,40.5331,123.5618,120.5951,29.312,54.873,-10.9198,66.7611,47622000
2020-08-25,180,2019-12-09,2020-08-25,49.058,39.6659,40.6349,123.678,120.7286,29.312,54.873,-10.5972,67.3649,57277000
2020-08-26,180,2019-12-10,2020-08-26,54.753,39.7957,40.7711,137.5854,134.2937,29.312,54.873,-0.2187,86.7938,203737000
2020-08-27,180,2019-12-11,2020-08-27,52.627,39.9291,40.9006,131.8012,128.6705,29.844,54.873,-4.0931,76.3403,90629000
2020-08-28,180,2019-12-12,2020-08-28,52.389,40.0567,41.0256,130.7871,127.6984,29.844,54.873,-4.5268,75.5428,44175000
2020-08-31,180,2019-12-13,2020-08-31,52.956,40.1875,41.154,131.7723,128.6777,29.85,54.873,-3.4935,77.407,49414000
2020-09-01,180,2019-12-16,2020-09-01,55.655,40.3274,41.2973,138.0081,134.7666,29.884,55.655,0.0,86.2368,95727000
2020-09-02,180,2019-12-17,2020-09-02,55.284,40.4614,41.4355,136.634,133.4219,29.884,55.655,-0.6666,84.9953,58869000
2020-09-03,180,2019-12-18,2020-09-03,52.575,40.577,41.5523,129.5685,126.5273,29.884,55.655,-5.5341,75.9303,90711000
2020-09-04,180,2019-12-19,2020-09-04,51.605,40.6852,41.6608,126.8398,123.8696,29.884,55.655,-7.277,72.6844,82701000
2020-09-08,180,2019-12-20,2020-09-08,50.702,40.7808,41.7579,124.328,121.419,29.884,55.655,-8.8995,69.6627,55727000
2020-09-09,180,2019-12-23,2020-09-09,50.019,40.8706,41.8486,122.384,119.5238,29.884,55.655,-10.1267,67.3772,68481000
2020-09-10,180,2019-12-24,2020-09-10,48.067,40.9563,41.9306,117.3618,114.6348,29.884,55.655,-13.634,60.8453,62402000
2020-09-11,180,2019-12-26,2020-09-11,48.203,41.0428,42.0132,117.4457,114.7329,29.884,55.655,-13.3896,61.3004,50352000
2020-09-14,180,2019-12-27,2020-09-14,47.626,41.1278,42.093,115.8,113.1446,29.884,55.655,-14.4264,59.3696,73591000
2020-09-15,180,2019-12-30,2020-09-15,49.599,41.2241,42.1858,120.3154,117.5728,29.884,55.655,-10.8813,65.9717,53370000
2020-09-16,180,2019-12-31,2020-09-16,48.386,41.3213,42.275,117.0971,114.4555,29.884,55.655,-13.0608,61.9127,43949000
2020-09-17,180,2020-01-02,2020-09-17,47.02,41.4129,42.3564,113.5396,111.0103,29.884,55.655,-15.5152,57.3417,53793000
2020-09-18,180,2020-01-03,2020-09-18,46.996,41.4992,42.4343,113.2455,110.7501,29.884,55.655,-15.5584,57.2614,67177000
2020-09-21,180,2020-01-06,2020-09-21,48.735,41.5967,42.524,117.1607,114.6059,29.884,55.655,-12.4337,63.0806,54575000
2020-09-22,180,2020-01-07,2020-09-22,49.117,41.6874,42.6103,117.8221,115.2703,29.884,55.655,-11.7474,64.3589,34823000
2020-09-23,180,2020-01-08,2020-09-23,47.061,41.7744,42.688,112.6552,110.2442,29.884,55.655,-15.4416,57.4789,37264000
2020-09-24,180,2020-01-09,2020-09-24,47.308,41.8553,42.7623,113.0274,110.6301,29.884,55.655,-14.9978,58.3054,37272000
2020-09-25,180,2020-01-10,2020-09-25,48.288,41.9439,42.8441,115.1251,112.7063,29.884,55.655,-13.2369,61.5848,37694000
2020-09-28,180,2020-01-13,2020-09-28,49.065,42.042,42.9339,116.7047,114.2804,29.884,55.655,-11.8408,64.1848,47735000
2020-09-29,180,2020-01-14,2020-09-29,49.348,42.1329,43.0198,117.1245,114.7101,29.884,55.655,-11.3323,65.1318,35415000
2020-09-30,180,2020-01-15,2020-09-30,50.003,42.2271,43.1094,118.4145,115.991,29.884,55.655,-10.1554,67.3236,46341000
2020-10-01,180,2020-01-16,2020-10-01,52.751,42.3317,43.2141,124.6134,122.069,29.884,55.655,-5.2179,76.5192,81537000
2020-10-02,180,2020-01-17,2020-10-02,50.306,42.428,43.3054,118.5678,116.1656,29.884,55.655,-9.611,68.3376,60712000
2020-10-05,180,2020-01-21,2020-10-05,52.065,42.5306,43.406,122.4176,119.9489,29.884,55.655,-6.4505,74.2237,40881000
2020-10-06,180,2020-01-22,2020-10-06,50.587,42.6294,43.4992,118.6669,116.2942,29.884,55.655,-9.1061,69.2779,41990000
2020-10-07,180,2020-01-23,2020-10-07,53.466,42.7506,43.6151,125.0648,122.586,29.884,55.655,-3.9332,78.9118,79887000
2020-10-08,180,2020-01-24,2020-10-08,53.179,42.8504,43.7163,124.104,121.6457,29.884,55.655,-4.4488,77.9514,53865000
2020-10-09,180,2020-01-27,2020-10-09,53.944,42.9503,43.8198,125.5962,123.1042,29.884,55.655,-3.0743,80.5113,47813000
2020-10-12,180,2020-01-28,2020-10-12,53.981,43.0597,43.9292,125.3633,122.8818,29.884,55.655,-3.0078,80.6351,53911000
2020-10-13,180,2020-01-29,2020-10-13,55.409,43.1696,44.0434,128.3519,125.8054,29.884,55.655,-0.442,85.4136,56025000
2020-10-14,180,2020-01-30,2020-10-14,54.145,43.2804,44.1536,125.1029,122.6288,29.884,55.655,-2.7131,81.1839,94990000
2020-10-15,180,2020-01-31,2020-10-15,54.194,43.3879,44.2615,124.9059,122.4406,29.884,55.655,-2.6251,81.3479,51131000
2020-10-16,180,2020-02-03,2020-10-16,53.079,43.4942,44.3646,122.0371,119.6426,29.884,55.655,-4.6285,77.6168,63474000
2020-10-19,180,2020-02-04,2020-10-19,53.072,43.5899,44.4606,121.7529,119.3686,29.884,55.655,-4.6411,77.5934,75675000
2020-10-20,180,2020-02-05,2020-10-20,52.542,43.6752,44.5475,120.3016,117.9461,29.884,55.655,-5.5934,75.8198,100472000
2020-10-21,180,2020-02-06,2020-10-21,48.905,43.7453,44.6138,111.7948,109.6185,29.884,55.655,-12.1283,63.6494,174057000
2020-10-22,180,2020-02-07,2020-10-22,48.523,43.8161,44.6795,110.7425,108.6023,29.884,55.655,-12.8147,62.3712,69979000
2020-10-23,180,2020-02-10,2020-10-23,48.828,43.8886,44.747,111.2545,109.1201,29.884,55.655,-12.2666,63.3918,49279000
2020-10-26,180,2020-02-11,2020-10-26,48.824,43.9579,44.8121,111.07,108.9527,29.884,55.655,-12.2738,63.3784,61861000
2020-10-27,180,2020-02-12,2020-10-27,48.893,44.0257,44.8761,111.0556,108.951,29.884,55.655,-12.1498,63.6093,36272000
2020-10-28,180,2020-02-13,2020-10-28,48.624,44.0877,44.9352,110.2893,108.2093,29.884,55.655,-12.6332,62.7091,59927000
2020-10-29,180,2020-02-14,2020-10-29,50.421,44.1567,45.0034,114.1864,112.0382,29.884,55.655,-9.4044,68.7224,111207000
2020-10-30,180,2020-02-18,2020-10-30,47.574,44.2139,45.0563,107.5997,105.5878,29.884,55.655,-14.5198,59.1956,78079000
2020-11-02,180,2020-02-19,2020-11-02,48.412,44.2697,45.1099,109.357,107.3202,29.884,55.655,-13.0141,61.9997,44082000
2020-11-03,180,2020-02-20,2020-11-03,48.722,44.3282,45.166,109.9119,107.8732,29.884,55.655,-12.4571,63.0371,36902000
2020-11-04,180,2020-02-21,2020-11-04,49.695,44.3915,45.2276,111.9472,109.8775,29.884,55.655,-10.7088,66.293,51373000
2020-11-05,180,2020-02-24,2020-11-05,51.376,44.4665,45.3019,115.5385,113.408,29.884,55.655,-7.6884,71.9181,53728000
2020-11-06,180,2020-02-25,2020-11-06,51.473,44.5512,45.383,115.5367,113.419,29.884,55.655,-7.5141,72.2427,42363000
2020-11-09,180,2020-02-26,2020-11-09,47.05,44.6232,45.4444,105.4384,103.5332,29.884,55.655,-15.4613,57.4421,104197000
2020-11-10,180,2020-02-27,2020-11-10,48.024,44.6846,45.5005,107.4732,105.5461,29.884,55.655,-13.7113,60.7014,83061000
2020-11-11,180,2020-02-28,2020-11-11,49.076,44.7571,45.5666,109.6495,107.7016,29.884,55.655,-11.821,64.2217,54605000
2020-11-12,180,2020-03-02,2020-11-12,48.677,44.8302,45.632,108.5808,106.6729,29.884,55.655,-12.538,62.8865,50637000
2020-11-13,180,2020-03-03,2020-11-13,48.284,44.8921,45.6886,107.5557,105.6807,29.884,55.655,-13.2441,61.5714,30027000
2020-11-16,180,2020-03-04,2020-11-16,47.91,44.9621,45.7499,106.5564,104.7216,29.884,55.655,-13.9161,60.3199,39536000
2020-11-17,180,2020-03-05,2020-11-17,48.063,45.0211,45.8037,106.7565,104.9326,29.884,55.655,-13.6412,60.8319,36981000
2020-11-18,180,2020-03-06,2020-11-18,48.179,45.0896,45.8642,106.8517,105.047,29.884,55.655,-13.4328,61.22,36292000
2020-11-19,180,2020-03-09,2020-11-19,48.467,45.1628,45.9285,107.3162,105.527,29.884,55.655,-12.9153,62.1838,22547000
2020-11-20,180,2020-03-10,2020-11-20,48.824,45.2579,46.0073,107.8794,106.1224,29.884,55.655,-12.2738,63.3784,42534000
2020-11-23,180,2020-03-11,2020-11-23,47.662,45.3318,46.0698,105.1403,103.4561,29.884,55.655,-14.3617,59.49,54166000
2020-11-24,180,2020-03-12,2020-11-24,48.288,45.4218,46.1436,106.3101,104.6472,29.884,55.655,-13.2369,61.5848,35505000
2020-11-25,180,2020-03-13,2020-11-25,48.5,45.5494,46.2379,106.4777,104.8922,29.884,55.655,-12.856,62.2942,35986000
2020-11-27,180,2020-03-16,2020-11-27,49.136,45.6578,46.3241,107.6179,106.0701,29.884,55.655,-11.7132,64.4224,28058000
2020-11-30,180,2020-03-17,2020-11-30,49.07,45.8099,46.4307,107.1166,105.6844,31.547,55.655,-11.8318,55.5457,35309000
2020-12-01,180,2020-03-18,2020-12-01,50.458,45.9438,46.5334,109.8254,108.434,31.547,55.655,-9.3379,59.9455,50527000
2020-12-02,180,2020-03-19,2020-12-02,50.338,46.083,46.6377,109.2333,107.934,33.203,55.655,-9.5535,51.6068,30284000
2020-12-03,180,2020-03-20,2020-12-03,49.752,46.2015,46.7297,107.6848,106.4676,33.283,55.655,-10.6064,49.4817,28261000
2020-12-04,180,2020-03-23,2020-12-04,49.831,46.3201,46.8216,107.5796,106.4273,34.239,55.655,-10.4645,45.5387,36662000
2020-12-07,180,2020-03-24,2020-12-07,51.578,46.4201,46.908,111.1113,109.9556,34.239,55.655,-7.3255,50.6411,42893000
2020-12-08,180,2020-03-25,2020-12-08,51.266,46.5218,46.9943,110.1977,109.0898,34.239,55.655,-7.8861,49.7298,42290000
2020-12-09,180,2020-03-26,2020-12-09,49.36,46.6297,47.0783,105.8553,104.8466,35.712,55.655,-11.3108,38.2168,41788000
2020-12-10,180,2020-03-27,2020-12-10,50.109,46.7216,47.155,107.2503,106.2643,35.712,55.655,-9.965,40.3142,30182000
2020-12-11,180,2020-03-30,2020-12-11,50.322,46.8204,47.2362,107.4789,106.5327,36.176,55.655,-9.5822,39.1033,32109000
2020-12-14,180,2020-03-31,2020-12-14,52.242,46.9157,47.3204,111.3528,110.4007,36.176,55.655,-6.1324,44.4107,57704000
2020-12-15,180,2020-04-01,2020-12-15,51.978,47.0063,47.4005,110.5766,109.657,36.176,55.655,-6.6068,43.6809,33949000
2020-12-16,180,2020-04-02,2020-12-16,52.483,47.1098,47.4898,111.4057,110.5142,36.176,55.655,-5.6994,45.0769,36824000
2020-12-17,180,2020-04-03,2020-12-17,53.29,47.2118,47.5803,112.8743,112.0002,36.176,55.655,-4.2494,47.3076,31934000
2020-12-18,180,2020-04-06,2020-12-18,53.445,47.3227,47.6762,112.9374,112.0999,37.072,55.655,-3.9709,44.1654,45027000
2020-12-21,180,2020-04-07,2020-12-21,52.891,47.4151,47.759,111.5489,110.7457,37.072,55.655,-4.9663,42.671,38940000
2020-12-22,180,2020-04-08,2020-12-22,52.733,47.5139,47.8451,110.9843,110.2161,37.072,55.655,-5.2502,42.2448,19066000
2020-12-23,180,2020-04-09,2020-12-23,51.448,47.6083,47.9247,108.0652,107.3516,37.072,55.655,-7.5591,38.7786,23932000
2020-12-24,180,2020-04-13,2020-12-24,51.397,47.7031,48.0043,107.7434,107.0674,39.672,55.655,-7.6507,29.5548,11440000
2020-12-28,180,2020-04-14,2020-12-28,51.912,47.7784,48.0723,108.6516,107.9873,40.383,55.655,-6.7254,28.5491,28919000
2020-12-29,180,2020-04-15,2020-12-29,53.087,47.8463,48.1375,110.9533,110.282,40.383,55.655,-4.6141,31.4588,40224000
2020-12-30,180,2020-04-16,2020-12-30,52.459,47.9019,48.1919,109.5134,108.8545,40.383,55.655,-5.7425,29.9037,18763000
2020-12-31,180,2020-04-17,2020-12-31,54.073,47.9565,48.2483,112.7543,112.0724,40.383,55.655,-2.8425,33.9004,53923000
2021-01-04,180,2020-04-20,2021-01-04,52.286,48.0143,48.3038,108.8968,108.2441,40.383,55.655,-6.0534,29.4753,44444000
2021-01-05,180,2020-04-21,2021-01-05,52.08,48.0612,48.3501,108.3619,107.7144,40.383,55.655,-6.4235,28.9652,31339000
2021-01-06,180,2020-04-22,2021-01-06,50.049,48.1006,48.3871,104.0507,103.4346,40.383,55.655,-10.0728,23.9358,53462000
2021-01-07,180,2020-04-23,2021-01-07,50.889,48.1531,48.4357,105.6817,105.0651,40.383,55.655,-8.5635,26.0159,36864000
2021-01-08,180,2020-04-24,2021-01-08,51.04,48.2026,48.4822,105.8864,105.2758,40.383,55.655,-8.2922,26.3898,29739000
2021-01-11,180,2020-04-27,2021-01-11,49.91,48.2478,48.5234,103.4452,102.8577,40.383,55.655,-10.3225,23.5916,38062000
2021-01-12,180,2020-04-28,2021-01-12,49.425,48.2931,48.5638,102.3439,101.7732,40.383,55.655,-11.194,22.3906,59904000
2021-01-13,180,2020-04-29,2021-01-13,50.779,48.3588,48.6216,105.0046,104.4371,41.189,55.655,-8.7611,23.2829,50321000
2021-01-14,180,2020-04-30,2021-01-14,50.086,48.4149,48.671,103.4516,102.9072,41.344,55.655,-10.0063,21.1445,41774000
2021-01-15,180,2020-05-01,2021-01-15,49.798,48.4636,48.7144,102.7533,102.2243,41.344,55.655,-10.5238,20.4479,58958000
2021-01-19,180,2020-05-04,2021-01-19,50.177,48.5179,48.7625,103.4196,102.9008,41.344,55.655,-9.8428,21.3646,123158000
2021-01-20,180,2020-05-05,2021-01-20,58.634,48.6004,48.8504,120.645,120.0277,41.344,58.634,0.0,41.8198,326375000
2021-01-21,180,2020-05-06,2021-01-21,57.984,48.6832,48.9366,119.1046,118.4881,41.344,58.634,-1.1086,40.2477,118021000
2021-01-22,180,2020-05-07,2021-01-22,56.517,48.7536,49.0093,115.9238,115.3189,41.344,58.634,-3.6105,36.6994,75508000
2021-01-25,180,2020-05-08,2021-01-25,55.678,48.819,49.0761,114.0499,113.4523,41.344,58.634,-5.0414,34.6701,72073000
2021-01-26,180,2020-05-11,2021-01-26,56.193,48.8875,49.1463,114.9436,114.3382,41.344,58.634,-4.1631,35.9157,50238000
2021-01-27,180,2020-05-12,2021-01-27,52.328,48.9352,49.1923,106.9333,106.3744,41.344,58.634,-10.7549,26.5673,86703000
2021-01-28,180,2020-05-13,2021-01-28,53.86,48.9963,49.2516,109.9266,109.3568,41.344,58.634,-8.142,30.2728,59690000
2021-01-29,180,2020-05-14,2021-01-29,53.239,49.0502,49.3039,108.5398,107.9813,41.344,58.634,-9.2011,28.7708,43253000
2021-02-01,180,2020-05-15,2021-02-01,53.904,49.1047,49.3578,109.7735,109.2106,41.344,58.634,-8.067,30.3792,35475000
2021-02-02,180,2020-05-18,2021-02-02,54.816,49.1553,49.4101,111.5159,110.941,41.344,58.634,-6.5116,32.5851,37676000
2021-02-03,180,2020-05-19,2021-02-03,53.945,49.2031,49.4583,109.6373,109.0716,41.344,58.634,-7.9971,30.4784,31723000
2021-02-04,180,2020-05-20,2021-02-04,55.216,49.2578,49.5145,112.0959,111.5148,41.344,58.634,-5.8294,33.5526,51645000
2021-02-05,180,2020-05-21,2021-02-05,55.079,49.3143,49.5718,111.6898,111.1096,41.344,58.634,-6.063,33.2213,23762000
2021-02-08,180,2020-05-22,2021-02-08,54.792,49.3775,49.6338,110.9656,110.3925,41.344,58.634,-6.5525,32.5271,27917000
2021-02-09,180,2020-05-26,2021-02-09,55.907,49.4508,49.7059,113.0558,112.4756,41.344,58.634,-4.6509,35.224,37035000
2021-02-10,180,2020-05-27,2021-02-10,56.359,49.5374,49.7886,113.7705,113.1966,41.344,58.634,-3.88,36.3172,39913000
2021-02-11,180,2020-05-28,2021-02-11,55.759,49.6177,49.8651,112.3771,111.8197,41.344,58.634,-4.9033,34.866,27306000
2021-02-12,180,2020-05-29,2021-02-12,55.652,49.7029,49.9446,111.9692,111.4275,41.433,58.634,-5.0858,34.3181,21971000
2021-02-16,180,2020-06-01,2021-02-16,55.728,49.7838,50.021,111.9401,111.4092,41.433,58.634,-4.9562,34.5015,26241000
2021-02-17,180,2020-06-02,2021-02-17,55.134,49.8574,50.0907,110.5833,110.0684,41.433,58.634,-5.9692,33.0678,20696000
2021-02-18,180,2020-06-03,2021-02-18,54.822,49.9288,50.1578,109.8003,109.299,41.433,58.634,-6.5013,32.3148,24562000
2021-02-19,180,2020-06-04,2021-02-19,54.022,50.0008,50.2235,108.0424,107.5631,41.433,58.634,-7.8657,30.384,28415000
2021-02-22,180,2020-06-05,2021-02-22,53.378,50.0759,50.2899,106.5942,106.1406,41.807,58.634,-8.9641,27.6772,30786000
2021-02-23,180,2020-06-08,2021-02-23,54.615,50.1529,50.3602,108.8969,108.4487,41.807,58.634,-6.8544,30.636,41365000
2021-02-24,180,2020-06-09,2021-02-24,55.341,50.2337,50.4346,110.1671,109.7282,41.807,58.634,-5.6162,32.3726,32450000
2021-02-25,180,2020-06-10,2021-02-25,54.67,50.3003,50.4972,108.6872,108.2635,41.807,58.634,-6.7606,30.7676,42529000
2021-02-26,180,2020-06-11,2021-02-26,53.885,50.3631,50.5552,106.9931,106.5865,41.807,58.634,-8.0994,28.8899,37556000
2021-03-01,180,2020-06-12,2021-03-01,55.064,50.4384,50.6247,109.1708,108.7691,41.807,58.634,-6.0886,31.71,30414000
2021-03-02,180,2020-06-15,2021-03-02,54.782,50.5186,50.6967,108.4393,108.0582,42.55,58.634,-6.5696,28.7474,30422000
2021-03-03,180,2020-06-16,2021-03-03,52.07,50.5796,50.7496,102.9467,102.6017,43.613,58.634,-11.1949,19.391,53624000
2021-03-04,180,2020-06-17,2021-03-04,51.129,50.6275,50.7914,100.9905,100.6647,44.34,58.634,-12.7997,15.3112,50348000
2021-03-05,180,2020-06-18,2021-03-05,51.639,50.6698,50.8295,101.9127,101.5926,44.34,58.634,-11.9299,16.4614,50700000
2021-03-08,180,2020-06-19,2021-03-08,49.333,50.6978,50.8536,97.308,97.0098,44.34,58.634,-15.8628,11.2607,39818000
2021-03-09,180,2020-06-22,2021-03-09,50.644,50.7305,50.8829,99.8294,99.5304,44.34,58.634,-13.6269,14.2174,34700000
2021-03-10,180,2020-06-23,2021-03-10,50.454,50.7527,50.9032,99.4115,99.1175,44.34,58.634,-13.951,13.7889,37715000
2021-03-11,180,2020-06-24,2021-03-11,52.306,50.786,50.9348,102.9929,102.6921,44.34,58.634,-10.7924,17.9657,47145000
2021-03-12,180,2020-06-25,2021-03-12,51.802,50.8224,50.9682,101.9275,101.6359,44.34,58.634,-11.6519,16.829,39817000
2021-03-15,180,2020-06-26,2021-03-15,52.025,50.8546,50.9984,102.3015,102.013,44.34,58.634,-11.2716,17.332,34843000
2021-03-16,180,2020-06-29,2021-03-16,52.403,50.9045,51.0432,102.9438,102.6641,44.724,58.634,-10.6269,17.1698,32389000
2021-03-17,180,2020-06-30,2021-03-17,52.444,50.9519,51.0861,102.9284,102.6581,45.504,58.634,-10.557,15.2514,28174000
2021-03-18,180,2020-07-01,2021-03-18,50.479,50.9832,51.1137,99.0111,98.7582,46.693,58.634,-13.9083,8.1083,40945000
2021-03-19,180,2020-07-02,2021-03-19,51.218,50.9986,51.1285,100.4303,100.1751,46.693,58.634,-12.648,9.691,43864000
2021-03-22,180,2020-07-06,2021-03-22,52.311,51.0254,51.1541,102.5196,102.2615,46.693,58.634,-10.7838,12.0318,33606000
2021-03-23,180,2020-07-07,2021-03-23,53.509,51.048,51.1771,104.821,104.5566,46.693,58.634,-8.7407,14.5975,55835000
2021-03-24,180,2020-07-08,2021-03-24,52.081,51.0636,51.1924,101.9925,101.7358,46.693,58.634,-11.1761,11.5392,41022000
2021-03-25,180,2020-07-09,2021-03-25,50.286,51.0636,51.1925,98.4772,98.2293,46.693,58.634,-14.2375,7.6949,49268000
2021-03-26,180,2020-07-10,2021-03-26,50.805,51.0638,51.1926,99.4932,99.2428,46.693,58.634,-13.3523,8.8065,34678000
2021-03-29,180,2020-07-13,2021-03-29,51.395,51.0459,51.1733,100.6839,100.4332,46.693,58.634,-12.3461,10.07,33300000
2021-03-30,180,2020-07-14,2021-03-30,51.339,51.0394,51.1666,100.587,100.337,46.693,58.634,-12.4416,9.9501,24181000
2021-03-31,180,2020-07-15,2021-03-31,52.166,51.0377,51.1648,102.2107,101.9568,46.693,58.634,-11.0311,11.7212,35031000
2021-04-01,180,2020-07-16,2021-04-01,53.942,51.046,51.1738,105.6733,105.4095,46.693,58.634,-8.0022,15.5248,39386000
2021-04-05,180,2020-07-17,2021-04-05,54.067,51.0527,51.1811,105.9042,105.6385,46.693,58.634,-7.789,15.7925,33559000
2021-04-06,180,2020-07-20,2021-04-06,54.453,51.0806,51.2098,106.6022,106.3332,46.693,58.634,-7.1307,16.6192,34742000
2021-04-07,180,2020-07-21,2021-04-07,54.699,51.1041,51.2345,107.0345,106.7619,46.693,58.634,-6.7111,17.146,21513000
2021-04-08,180,2020-07-22,2021-04-08,55.458,51.1385,51.2704,108.4466,108.1677,46.693,58.634,-5.4167,18.7715,43098000
2021-04-09,180,2020-07-23,2021-04-09,55.531,51.1735,51.3068,108.5151,108.2333,46.693,58.634,-5.2922,18.9279,28940000
2021-04-12,180,2020-07-24,2021-04-12,55.278,51.215,51.3485,107.9332,107.6525,46.693,58.634,-5.7236,18.3861,29441000
2021-04-13,180,2020-07-27,2021-04-13,55.373,51.2552,51.3892,108.034,107.7521,46.693,58.634,-5.5616,18.5895,27203000
2021-04-14,180,2020-07-28,2021-04-14,54.002,51.2794,51.4139,105.3094,105.0339,46.693,58.634,-7.8999,15.6533,37403000
2021-04-15,180,2020-07-29,2021-04-15,54.922,51.3125,51.4476,107.0344,106.7532,46.693,58.634,-6.3308,17.6236,31391000
2021-04-16,180,2020-07-30,2021-04-16,54.654,51.3468,51.4821,106.441,106.1612,46.693,58.634,-6.7879,17.0497,32091000
2021-04-19,180,2020-07-31,2021-04-19,55.444,51.3841,51.5202,107.901,107.616,46.693,58.634,-5.4405,18.7416,42887000
2021-04-20,180,2020-08-03,2021-04-20,54.957,51.4173,51.5539,106.8843,106.601,46.693,58.634,-6.2711,17.6986,112576000
2021-04-21,180,2020-08-04,2021-04-21,50.89,51.4232,51.5597,98.9631,98.7012,46.693,58.634,-13.2074,8.9885,228974000
2021-04-22,180,2020-08-05,2021-04-22,50.878,51.4227,51.5592,98.9407,98.6788,46.693,58.634,-13.2278,8.9628,90611000
2021-04-23,180,2020-08-06,2021-04-23,50.555,51.4247,51.5611,98.3087,98.0487,46.693,58.634,-13.7787,8.271,73077000
2021-04-26,180,2020-08-07,2021-04-26,51.03,51.4254,51.5618,99.2311,98.9687,46.693,58.634,-12.9686,9.2883,43888000
2021-04-27,180,2020-08-10,2021-04-27,50.555,51.4318,51.5678,98.2953,98.036,46.693,58.634,-13.7787,8.271,37613000
2021-04-28,180,2020-08-11,2021-04-28,50.652,51.4457,51.5806,98.4573,98.1996,46.693,58.634,-13.6133,8.4788,31930000
2021-04-29,180,2020-08-12,2021-04-29,50.9,51.4717,51.604,98.8893,98.6357,46.996,58.634,-13.1903,8.3071,51278000
2021-04-30,180,2020-08-13,2021-04-30,51.347,51.4946,51.6251,99.7133,99.4613,46.996,58.634,-12.4279,9.2582,44132000
2021-05-03,180,2020-08-14,2021-05-03,50.911,51.5113,51.6406,98.8346,98.5872,46.996,58.634,-13.1715,8.3305,40919000
2021-05-04,180,2020-08-17,2021-05-04,50.318,51.5238,51.6519,97.6598,97.4174,46.996,58.634,-14.1829,7.0687,43495000
2021-05-05,180,2020-08-18,2021-05-05,49.608,51.5322,51.6596,96.2659,96.0287,46.996,58.634,-15.3938,5.5579,31294000
2021-05-06,180,2020-08-19,2021-05-06,49.955,51.5369,51.6638,96.9306,96.6924,46.996,58.634,-14.802,6.2963,37837000
2021-05-07,180,2020-08-20,2021-05-07,50.384,51.5485,51.6746,97.7409,97.5025,46.996,58.634,-14.0703,7.2091,31328000
2021-05-10,180,2020-08-21,2021-05-10,48.669,51.5417,51.6683,94.4265,94.195,46.996,58.634,-16.9953,3.5599,51316000
2021-05-11,180,2020-08-24,2021-05-11,49.508,51.5434,51.6699,96.0511,95.816,46.996,58.634,-15.5643,5.3451,44010000
2021-05-12,180,2020-08-25,2021-05-12,48.498,51.541,51.6677,94.096,93.8651,46.996,58.634,-17.2869,3.196,41215000
2021-05-13,180,2020-08-26,2021-05-13,48.666,51.5386,51.6656,94.4264,94.1943,46.996,58.634,-17.0004,3.5535,27125000
2021-05-14,180,2020-08-27,2021-05-14,49.337,51.509,51.6355,95.7833,95.5486,46.996,58.634,-15.856,4.9813,28825000
2021-05-17,180,2020-08-28,2021-05-17,48.894,51.4876,51.6147,94.9626,94.7287,46.996,58.634,-16.6115,4.0386,27052000
2021-05-18,180,2020-08-31,2021-05-18,48.628,51.4659,51.5938,94.4859,94.2515,46.996,58.634,-17.0652,3.4726,23505000
2021-05-19,180,2020-09-01,2021-05-19,48.77,51.4421,51.5706,94.8057,94.5694,46.996,58.634,-16.823,3.7748,33499000
2021-05-20,180,2020-09-02,2021-05-20,50.167,51.4132,51.5401,97.5762,97.3359,46.996,58.634,-14.4404,6.7474,37212000
2021-05-21,180,2020-09-03,2021-05-21,49.789,51.3839,51.5096,96.8962,96.6597,46.996,58.634,-15.0851,5.9431,33229000
2021-05-24,180,2020-09-04,2021-05-24,50.29,51.3712,51.4969,97.8953,97.6564,46.996,58.634,-14.2306,7.0091,24126000
2021-05-25,180,2020-09-08,2021-05-25,50.134,51.3629,51.4887,97.6075,97.3689,46.996,58.634,-14.4967,6.6772,26995000
2021-05-26,180,2020-09-09,2021-05-26,50.236,51.3602,51.4861,97.8112,97.5719,46.996,58.634,-14.3227,6.8942,24653000
2021-05-27,180,2020-09-10,2021-05-27,50.386,51.3623,51.4882,98.0992,97.8594,46.996,58.634,-14.0669,7.2134,32538000
2021-05-28,180,2020-09-11,2021-05-28,50.281,51.3757,51.5005,97.8691,97.6321,46.996,58.634,-14.246,6.99,29103000
2021-06-01,180,2020-09-14,2021-06-01,49.908,51.3861,51.5099,97.1235,96.8901,46.996,58.634,-14.8821,6.1963,24826000
2021-06-02,180,2020-09-15,2021-06-02,49.924,51.4003,51.5227,97.1278,96.8971,46.996,58.634,-14.8549,6.2303,22690000
2021-06-03,180,2020-09-16,2021-06-03,48.943,51.3964,51.5191,95.2266,94.9998,46.996,58.634,-16.5279,4.1429,38874000
2021-06-04,180,2020-09-17,2021-06-04,49.474,51.403,51.5251,96.2472,96.0192,46.996,58.634,-15.6223,5.2728,31605000
2021-06-07,180,2020-09-18,2021-06-07,49.466,51.4185,51.5387,96.2028,95.9784,46.996,58.634,-15.636,5.2558,27919000
2021-06-08,180,2020-09-21,2021-06-08,49.239,51.4327,51.5511,95.7348,95.5148,47.05,58.634,-16.0231,4.6525,23740000
2021-06-09,180,2020-09-22,2021-06-09,48.581,51.4318,51.5503,94.4572,94.24,47.05,58.634,-17.1453,3.254,30550000
2021-06-10,180,2020-09-23,2021-06-10,48.727,51.4294,51.5481,94.7455,94.5272,47.05,58.634,-16.8963,3.5643,43829000
2021-06-11,180,2020-09-24,2021-06-11,48.877,51.441,51.5582,95.0157,94.7996,47.05,58.634,-16.6405,3.8831,31240000
2021-06-14,180,2020-09-25,2021-06-14,49.989,51.4576,51.5731,97.1459,96.9284,47.05,58.634,-14.744,6.2465,44002000
2021-06-15,180,2020-09-28,2021-06-15,49.19,51.4632,51.5781,95.5828,95.3699,47.05,58.634,-16.1067,4.5484,31041000
2021-06-16,180,2020-09-29,2021-06-16,49.241,51.4643,51.5791,95.6799,95.467,47.05,58.634,-16.0197,4.6568,35332000
2021-06-17,180,2020-09-30,2021-06-17,49.834,51.4672,51.5818,96.8267,96.6116,47.05,58.634,-15.0084,5.9171,31983000
2021-06-18,180,2020-10-01,2021-06-18,50.077,51.4676,51.5822,97.298,97.0819,47.05,58.634,-14.5939,6.4336,51976000
2021-06-21,180,2020-10-02,2021-06-21,49.7,51.4505,51.5653,96.5977,96.3827,47.05,58.634,-15.2369,5.6323,52773000
2021-06-22,180,2020-10-05,2021-06-22,50.882,51.4538,51.5685,98.8887,98.6688,47.05,58.634,-13.221,8.1445,58093000
2021-06-23,180,2020-10-06,2021-06-23,51.274,51.4495,51.5641,99.6589,99.4375,47.05,58.634,-12.5524,8.9777,39448000
2021-06-24,180,2020-10-07,2021-06-24,51.806,51.4563,51.5708,100.6796,100.456,47.05,58.634,-11.6451,10.1084,33612000
2021-06-25,180,2020-10-08,2021-06-25,52.707,51.4523,51.5666,102.4385,102.2115,47.05,58.634,-10.1085,12.0234,52991000
2021-06-28,180,2020-10-09,2021-06-28,53.303,51.453,51.5673,103.5955,103.3659,47.05,58.634,-9.092,13.2901,28202000
2021-06-29,180,2020-10-12,2021-06-29,53.35,51.45,51.564,103.693,103.4636,47.05,58.634,-9.0118,13.39,23146000
2021-06-30,180,2020-10-13,2021-06-30,52.821,51.444,51.5576,102.6767,102.4505,47.05,58.634,-9.914,12.2657,27734000
2021-07-01,180,2020-10-14,2021-07-01,53.354,51.4338,51.5461,103.7334,103.5072,47.05,58.634,-9.005,13.3985,28054000
2021-07-02,180,2020-10-15,2021-07-02,53.398,51.43,51.542,103.8266,103.6009,47.05,58.634,-8.93,13.492,19755000
2021-07-06,180,2020-10-16,2021-07-06,54.164,51.4298,51.5418,105.3164,105.0875,47.05,58.634,-7.6236,15.1201,27751000
2021-07-07,180,2020-10-19,2021-07-07,53.596,51.4325,51.5447,104.2065,103.9796,47.05,58.634,-8.5923,13.9129,27225000
2021-07-08,180,2020-10-20,2021-07-08,53.076,51.4325,51.5447,103.1955,102.9708,47.05,58.634,-9.4791,12.8077,32690000
2021-07-09,180,2020-10-21,2021-07-09,53.598,51.438,51.5506,104.1992,103.9716,47.05,58.634,-8.5889,13.9171,27772000
2021-07-12,180,2020-10-22,2021-07-12,53.731,51.465,51.5774,104.4029,104.1755,47.05,58.634,-8.362,14.1998,17807000
2021-07-13,180,2020-10-23,2021-07-13,54.068,51.4961,51.6082,104.9943,104.7663,47.05,58.634,-7.7873,14.9161,27516000
2021-07-14,180,2020-10-26,2021-07-14,54.795,51.529,51.6414,106.3381,106.1068,47.05,58.634,-6.5474,16.4612,46595000
2021-07-15,180,2020-10-27,2021-07-15,54.295,51.5595,51.6718,105.3056,105.0767,47.05,58.634,-7.4001,15.3985,57139000
2021-07-16,180,2020-10-28,2021-07-16,53.031,51.5831,51.6947,102.807,102.5849,47.05,58.634,-9.5559,12.712,34421000
2021-07-19,180,2020-10-29,2021-07-19,53.228,51.6094,51.7203,103.1363,102.9151,47.05,58.634,-9.2199,13.1307,38858000
2021-07-20,180,2020-10-30,2021-07-20,53.105,51.6242,51.7352,102.8684,102.6476,47.05,58.634,-9.4297,12.8693,69304000
2021-07-21,180,2020-11-02,2021-07-21,51.363,51.6472,51.7563,99.4498,99.2401,47.05,58.634,-12.4007,9.1668,119068000
2021-07-22,180,2020-11-03,2021-07-22,51.177,51.6637,51.7716,99.0579,98.8514,47.05,58.634,-12.7179,8.7715,43281000
2021-07-23,180,2020-11-04,2021-07-23,51.541,51.6804,51.7873,99.7303,99.5244,47.05,58.634,-12.0971,9.5452,38205000
2021-07-26,180,2020-11-05,2021-07-26,51.649,51.6917,51.7982,99.9174,99.712,47.05,58.634,-11.9129,9.7747,22545000
2021-07-27,180,2020-11-06,2021-07-27,51.891,51.6945,51.801,100.38,100.1737,47.05,58.634,-11.5002,10.2891,27590000
2021-07-28,180,2020-11-09,2021-07-28,51.93,51.6971,51.8036,100.4506,100.2441,47.05,58.634,-11.4336,10.3719,23905000
2021-07-29,180,2020-11-10,2021-07-29,51.425,51.7239,51.8279,99.4221,99.2227,47.662,58.634,-12.2949,7.8952,17360000
2021-07-30,180,2020-11-11,2021-07-30,51.757,51.7463,51.8486,100.0207,99.8233,47.662,58.634,-11.7287,8.5918,25371000
2021-08-02,180,2020-11-12,2021-08-02,51.515,51.7606,51.8622,99.5255,99.3306,47.662,58.634,-12.1414,8.084,20966000
2021-08-03,180,2020-11-13,2021-08-03,51.082,51.775,51.8755,98.6615,98.4703,47.662,58.634,-12.8799,7.1755,25794000
2021-08-04,180,2020-11-16,2021-08-04,51.735,51.7956,51.8947,99.883,99.6923,47.662,58.634,-11.7662,8.5456,20394000
2021-08-05,180,2020-11-17,2021-08-05,52.489,51.8228,51.9201,101.2856,101.0957,47.662,58.634,-10.4803,10.1276,25567000
2021-08-06,180,2020-11-18,2021-08-06,52.055,51.8466,51.9423,100.402,100.217,47.662,58.634,-11.2205,9.217,19198000
2021-08-09,180,2020-11-19,2021-08-09,51.997,51.8693,51.9635,100.2461,100.0644,47.662,58.634,-11.3194,9.0953,13678000
2021-08-10,180,2020-11-20,2021-08-10,51.584,51.888,51.9808,99.4141,99.2366,47.662,58.634,-12.0237,8.2288,19605000
2021-08-11,180,2020-11-23,2021-08-11,51.24,51.9024,51.9943,98.7237,98.5494,47.662,58.634,-12.6104,7.507,16739000
2021-08-12,180,2020-11-24,2021-08-12,51.072,51.9234,52.0132,98.3603,98.1905,48.288,58.634,-12.897,5.7654,16857000
2021-08-13,180,2020-11-25,2021-08-13,51.592,51.9433,52.0316,99.3237,99.1552,48.498,58.634,-12.0101,6.3796,21777000
2021-08-16,180,2020-11-27,2021-08-16,51.792,51.9629,52.0498,99.671,99.5046,48.498,58.634,-11.669,6.792,20328000
2021-08-17,180,2020-11-30,2021-08-17,51.891,51.9791,52.0651,99.8304,99.6655,48.498,58.634,-11.5002,6.9962,23098000
2021-08-18,180,2020-12-01,2021-08-18,52.187,51.9974,52.0825,100.3646,100.2007,48.498,58.634,-10.9953,7.6065,25820000
2021-08-19,180,2020-12-02,2021-08-19,54.371,52.0189,52.1042,104.5217,104.3505,48.498,58.634,-7.2705,12.1098,74973000
2021-08-20,180,2020-12-03,2021-08-20,54.688,52.0426,52.1284,105.0831,104.9102,48.498,58.634,-6.7299,12.7634,37764000
2021-08-23,180,2020-12-04,2021-08-23,55.333,52.0731,52.1594,106.2601,106.0845,48.498,58.634,-5.6298,14.0934,26020000
2021-08-24,180,2020-12-07,2021-08-24,55.341,52.1033,52.19,106.2141,106.0376,48.498,58.634,-5.6162,14.1099,21095000
2021-08-25,180,2020-12-08,2021-08-25,54.758,52.1203,52.2077,105.0609,104.885,48.498,58.634,-6.6105,12.9077,20656000
2021-08-26,180,2020-12-09,2021-08-26,55.012,52.1403,52.2285,105.5076,105.3295,48.498,58.634,-6.1773,13.4315,15955000
2021-08-27,180,2020-12-10,2021-08-27,55.892,52.1761,52.2648,107.1219,106.9401,48.498,58.634,-4.6765,15.246,32526000
2021-08-30,180,2020-12-11,2021-08-30,56.618,52.2108,52.3009,108.4411,108.2543,48.498,58.634,-3.4383,16.743,24348000
2021-08-31,180,2020-12-14,2021-08-31,56.919,52.2457,52.3376,108.9448,108.7536,48.498,58.634,-2.9249,17.3636,24319000
2021-09-01,180,2020-12-15,2021-09-01,58.207,52.2755,52.3707,111.3467,111.1442,48.498,58.634,-0.7282,20.0194,56262000
2021-09-02,180,2020-12-16,2021-09-02,58.855,52.3096,52.4089,112.5127,112.2996,48.498,58.855,0.0,21.3555,61799000
2021-09-03,180,2020-12-17,2021-09-03,59.053,52.3419,52.4454,112.8217,112.599,48.498,59.053,0.0,21.7638,26812000
2021-09-07,180,2020-12-18,2021-09-07,60.671,52.3766,52.4864,115.836,115.5937,48.498,60.671,0.0,25.1,58214000
2021-09-08,180,2020-12-21,2021-09-08,60.605,52.4104,52.5262,115.6355,115.3805,48.498,60.671,-0.1088,24.9639,54245000
2021-09-09,180,2020-12-22,2021-09-09,59.754,52.4435,52.5643,113.9397,113.6779,48.498,60.671,-1.5114,23.2092,29542000
2021-09-10,180,2020-12-23,2021-09-10,59.872,52.4781,52.604,114.0895,113.8165,48.498,60.671,-1.3169,23.4525,39508000
2021-09-13,180,2020-12-24,2021-09-13,58.929,52.5159,52.6455,112.2118,111.9354,48.498,60.671,-2.8712,21.5081,30629000
2021-09-14,180,2020-12-28,2021-09-14,57.776,52.5488,52.681,109.9473,109.6715,48.498,60.671,-4.7716,19.1307,34570000
2021-09-15,180,2020-12-29,2021-09-15,58.287,52.5811,52.7164,110.8515,110.5671,48.498,60.671,-3.9294,20.1843,27556000
2021-09-16,180,2020-12-30,2021-09-16,58.65,52.6086,52.7473,111.4837,111.1905,48.498,60.671,-3.3311,20.9328,18320000
2021-09-17,180,2020-12-31,2021-09-17,58.935,52.6408,52.7833,111.9568,111.6547,48.498,60.671,-2.8613,21.5205,41451000
2021-09-20,180,2021-01-04,2021-09-20,57.543,52.658,52.8026,109.2768,108.9777,48.498,60.671,-5.1557,18.6502,37322000
2021-09-21,180,2021-01-05,2021-09-21,57.314,52.6839,52.8305,108.7885,108.4866,48.498,60.671,-5.5331,18.1781,22509000
2021-09-22,180,2021-01-06,2021-09-22,59.065,52.7189,52.8693,112.0376,111.7189,48.498,60.671,-2.6471,21.7885,40218000
2021-09-23,180,2021-01-07,2021-09-23,59.326,52.7672,52.9208,112.4297,112.1033,48.498,60.671,-2.2169,22.3267,25262000
2021-09-24,180,2021-01-08,2021-09-24,59.239,52.8101,52.9672,112.1737,111.8409,48.498,60.671,-2.3603,22.1473,21262000
2021-09-27,180,2021-01-11,2021-09-27,59.264,52.8522,53.0129,112.1315,111.7916,48.498,60.671,-2.3191,22.1989,25047000
2021-09-28,180,2021-01-12,2021-09-28,58.385,52.8974,53.06,110.374,110.0358,48.498,60.671,-3.7679,20.3864,44311000
2021-09-29,180,2021-01-13,2021-09-29,59.906,52.9525,53.1182,113.1316,112.7786,48.498,60.671,-1.2609,23.5226,62210000
2021-09-30,180,2021-01-14,2021-09-30,61.034,53.0041,53.1752,115.1496,114.7791,48.498,61.034,0.0,25.8485,66126000
2021-10-01,180,2021-01-15,2021-10-01,61.315,53.0612,53.2376,115.5552,115.1724,48.498,61.315,0.0,26.4279,40908000
2021-10-04,180,2021-01-19,2021-10-04,60.335,53.1161,53.2961,113.5908,113.2071,48.498,61.315,-1.5983,24.4072,49959000
2021-10-05,180,2021-01-20,2021-10-05,63.481,53.1817,53.37,119.3663,118.945,48.498,63.481,0.0,30.8941,95343000
2021-10-06,180,2021-01-21,2021-10-06,63.91,53.2038,53.3993,120.123,119.6831,48.498,63.91,0.0,31.7786,45804000
2021-10-07,180,2021-01-22,2021-10-07,63.185,53.2261,53.4282,118.7105,118.2614,48.498,63.91,-1.1344,30.2837,35569000
2021-10-08,180,2021-01-25,2021-10-08,63.266,53.2559,53.4657,118.7963,118.33,48.498,63.91,-1.0077,30.4507,32721000
2021-10-11,180,2021-01-26,2021-10-11,62.704,53.2876,53.5048,117.6709,117.1933,48.498,63.91,-1.887,29.2919,28625000
2021-10-12,180,2021-01-27,2021-10-12,62.494,53.3159,53.5398,117.2146,116.7244,48.498,63.91,-2.2156,28.8589,32273000
2021-10-13,180,2021-01-28,2021-10-13,62.976,53.367,53.5989,118.0056,117.4949,48.498,63.91,-1.4614,29.8528,24203000
2021-10-14,180,2021-01-29,2021-10-14,63.38,53.4111,53.6518,118.6644,118.1321,48.498,63.91,-0.8293,30.6858,26717000
2021-10-15,180,2021-02-01,2021-10-15,62.829,53.4566,53.7051,117.5327,116.9889,48.498,63.91,-1.6914,29.5497,41169000
2021-10-18,180,2021-02-02,2021-10-18,63.797,53.5023,53.7601,119.2415,118.6699,48.498,63.91,-0.1768,31.5456,46691000
2021-10-19,180,2021-02-03,2021-10-19,63.9,53.5436,53.8105,119.342,118.75,48.498,63.91,-0.0156,31.758,76331000
2021-10-20,180,2021-02-04,2021-10-20,62.514,53.5841,53.8581,116.6652,116.0716,48.498,63.91,-2.1843,28.9002,106220000
2021-10-21,180,2021-02-05,2021-10-21,65.316,53.6288,53.9142,121.7927,121.148,48.498,65.316,0.0,34.6777,84371000
2021-10-22,180,2021-02-08,2021-10-22,66.478,53.6786,53.9776,123.8445,123.1586,48.498,66.478,0.0,37.0737,61860000
2021-10-25,180,2021-02-09,2021-10-25,67.166,53.7325,54.0463,125.0007,124.2749,48.498,67.166,0.0,38.4923,38335000
2021-10-26,180,2021-02-10,2021-10-26,66.852,53.7795,54.1071,124.3076,123.5549,48.498,67.166,-0.4675,37.8449,29048000
2021-10-27,180,2021-02-11,2021-10-27,66.292,53.8222,54.1623,123.1684,122.3951,48.498,67.166,-1.3013,36.6902,22769000
2021-10-28,180,2021-02-12,2021-10-28,67.405,53.8722,54.227,125.1203,124.3015,48.498,67.405,0.0,38.9851,28594000
2021-10-29,180,2021-02-16,2021-10-29,69.031,53.9284,54.3013,128.005,127.1258,48.498,69.031,0.0,42.3378,38253000
2021-11-01,180,2021-02-17,2021-11-01,68.117,53.9812,54.3702,126.1866,125.2838,48.498,69.031,-1.324,40.4532,31109000
2021-11-02,180,2021-02-18,2021-11-02,67.772,54.036,54.4404,125.4202,124.4885,48.498,69.031,-1.8238,39.7418,38886000
2021-11-03,180,2021-02-19,2021-11-03,68.829,54.0962,54.5182,127.2343,126.2496,48.498,69.031,-0.2926,41.9213,23349000
2021-11-04,180,2021-02-22,2021-11-04,66.84,54.154,54.5894,123.4257,122.4414,48.498,69.031,-3.1739,37.8201,48650000
2021-11-05,180,2021-02-23,2021-11-05,64.572,54.207,54.6516,119.1212,118.1521,48.498,69.031,-6.4594,33.1436,52835000
2021-11-08,180,2021-02-24,2021-11-08,65.145,54.2553,54.7101,120.0711,119.0731,48.498,69.031,-5.6294,34.3251,28875000
2021-11-09,180,2021-02-25,2021-11-09,65.599,54.3016,54.7671,120.8049,119.7782,48.498,69.031,-4.9717,35.2612,24156000
2021-11-10,180,2021-02-26,2021-11-10,64.691,54.348,54.8227,119.031,118.0003,48.498,69.031,-6.287,33.389,24058000
2021-11-11,180,2021-03-01,2021-11-11,65.758,54.4031,54.8887,120.8718,119.8024,48.498,69.031,-4.7413,35.5891,28683000
2021-11-12,180,2021-03-02,2021-11-12,68.261,54.4609,54.962,125.3395,124.1967,48.498,69.031,-1.1154,40.7501,41984000
2021-11-15,180,2021-03-03,2021-11-15,67.933,54.5192,55.0351,124.6039,123.4358,48.498,69.031,-1.5906,40.0738,28722000
2021-11-16,180,2021-03-04,2021-11-16,68.74,54.5962,55.1277,125.9062,124.6923,48.498,69.031,-0.4215,41.7378,20774000
2021-11-17,180,2021-03-05,2021-11-17,69.169,54.6808,55.2279,126.496,125.2428,48.498,69.169,0.0,42.6224,27328000
2021-11-18,180,2021-03-08,2021-11-18,68.202,54.759,55.3199,124.5493,123.2865,48.498,69.169,-1.398,40.6285,20129000
2021-11-19,180,2021-03-09,2021-11-19,67.88,54.8514,55.423,123.7524,122.4763,48.498,69.169,-1.8636,39.9645,26137000
2021-11-22,180,2021-03-10,2021-11-22,65.92,54.928,55.5078,120.0116,118.758,48.498,69.169,-4.6972,35.9231,27644000
2021-11-23,180,2021-03-11,2021-11-23,65.406,55.0041,55.5909,118.9112,117.6559,48.498,69.169,-5.4403,34.8633,23202000
2021-11-24,180,2021-03-12,2021-11-24,65.829,55.0702,55.666,119.5366,118.257,48.498,69.169,-4.8287,35.7355,18673000
2021-11-26,180,2021-03-15,2021-11-26,66.564,55.1424,55.748,120.7129,119.4015,48.498,69.169,-3.7661,37.251,28725000
2021-11-29,180,2021-03-16,2021-11-29,66.384,55.2127,55.8278,120.2332,118.9085,48.498,69.169,-4.0264,36.8799,25294000
2021-11-30,180,2021-03-17,2021-11-30,64.19,55.2721,55.8933,116.1345,114.8438,48.498,69.169,-7.1983,32.356,56089000
2021-12-01,180,2021-03-18,2021-12-01,61.777,55.3211,55.9451,111.6699,110.4242,48.498,69.169,-10.6869,27.3805,38828000
2021-12-02,180,2021-03-19,2021-12-02,61.647,55.3822,56.0072,111.312,110.0698,48.498,69.169,-10.8748,27.1125,33311000
2021-12-03,180,2021-03-22,2021-12-03,60.213,55.4319,56.0572,108.6252,107.4136,48.498,69.169,-12.948,24.1556,48293000
2021-12-06,180,2021-03-23,2021-12-06,61.269,55.4796,56.1069,110.4351,109.2004,48.498,69.169,-11.4213,26.333,30757000
2021-12-07,180,2021-03-24,2021-12-07,62.558,55.5259,56.1572,112.6645,111.398,48.498,69.169,-9.5577,28.9909,31252000
2021-12-08,180,2021-03-25,2021-12-08,62.808,55.5821,56.2168,113.0003,111.7246,48.498,69.169,-9.1963,29.5064,22203000
2021-12-09,180,2021-03-26,2021-12-09,61.1,55.6426,56.2769,109.8079,108.5703,48.498,69.169,-11.6656,25.9846,23763000
2021-12-10,180,2021-03-29,2021-12-10,61.166,55.7,56.3344,109.8132,108.5766,48.498,69.169,-11.5702,26.1207,27488000
2021-12-13,180,2021-03-30,2021-12-13,60.456,55.7503,56.3848,108.4406,107.2204,48.498,69.169,-12.5967,24.6567,25179000
2021-12-14,180,2021-03-31,2021-12-14,59.799,55.798,56.4318,107.1706,105.9669,48.498,69.169,-13.5465,23.302,29845000
2021-12-15,180,2021-04-01,2021-12-15,60.504,55.8437,56.4781,108.3453,107.1283,48.498,69.169,-12.5273,24.7557,28662000
2021-12-16,180,2021-04-05,2021-12-16,59.106,55.8718,56.5068,105.7887,104.5998,48.498,69.169,-14.5484,21.8731,31432000
2021-12-17,180,2021-04-06,2021-12-17,58.673,55.897,56.5324,104.9664,103.7865,48.498,69.169,-15.1744,20.9802,43869000
2021-12-20,180,2021-04-07,2021-12-20,59.374,55.9234,56.5597,106.1703,104.9758,48.498,69.169,-14.161,22.4257,33584000
2021-12-21,180,2021-04-08,2021-12-21,60.492,55.9538,56.5919,108.1106,106.8916,48.498,69.169,-12.5446,24.7309,23194000
2021-12-22,180,2021-04-09,2021-12-22,61.424,55.9843,56.625,109.7165,108.475,48.498,69.169,-11.1972,26.6526,23357000
2021-12-23,180,2021-04-12,2021-12-23,61.409,56.0143,56.6577,109.6309,108.386,48.498,69.169,-11.2189,26.6217,16211000
2021-12-27,180,2021-04-13,2021-12-27,61.312,56.0454,56.6912,109.3971,108.1508,48.498,69.169,-11.3591,26.4217,20615000
2021-12-28,180,2021-04-14,2021-12-28,61.071,56.0748,56.7229,108.9099,107.6656,48.498,69.169,-11.7076,25.9248,18828000
2021-12-29,180,2021-04-15,2021-12-29,61.054,56.1122,56.7621,108.807,107.5613,48.498,69.169,-11.7321,25.8897,12872000
2021-12-30,180,2021-04-16,2021-12-30,61.209,56.1449,56.797,109.0197,107.768,48.498,69.169,-11.508,26.2093,16251000
2021-12-31,180,2021-04-19,2021-12-31,60.244,56.1747,56.828,107.2441,106.011,48.498,69.169,-12.9032,24.2196,19959000
2022-01-03,180,2021-04-20,2022-01-03,59.737,56.1974,56.8519,106.2985,105.0748,48.498,69.169,-13.6362,23.1741,30675000
2022-01-04,180,2021-04-21,2022-01-04,59.115,56.2199,56.875,105.1497,103.9385,48.498,69.169,-14.5354,21.8916,43931000
2022-01-05,180,2021-04-22,2022-01-05,56.752,56.2555,56.9076,100.8825,99.7267,48.498,69.169,-17.9517,17.0193,41487000
2022-01-06,180,2021-04-23,2022-01-06,55.329,56.2833,56.9323,98.3044,97.1839,48.498,69.169,-20.009,14.0851,57118000
2022-01-07,180,2021-04-26,2022-01-07,54.106,56.3062,56.952,96.0924,95.0028,48.498,69.169,-21.7771,11.5634,33829000
2022-01-10,180,2021-04-27,2022-01-10,53.985,56.3251,56.9684,95.8454,94.763,48.498,69.169,-21.952,11.3139,44861000
2022-01-11,180,2021-04-28,2022-01-11,54.084,56.3479,56.988,95.9824,94.9041,48.498,69.169,-21.8089,11.518,30778000
2022-01-12,180,2021-04-29,2022-01-12,53.722,56.3678,57.0051,95.3062,94.2407,48.498,69.169,-22.3323,10.7716,37874000
2022-01-13,180,2021-04-30,2022-01-13,51.92,56.3746,57.0108,92.0982,91.0705,48.498,69.169,-24.9375,7.056,44751000
2022-01-14,180,2021-05-03,2022-01-14,52.569,56.3826,57.0175,93.2363,92.1979,48.498,69.169,-23.9992,8.3942,78611000
2022-01-18,180,2021-05-04,2022-01-18,51.08,56.3837,57.0185,90.5935,89.585,48.498,69.169,-26.1519,5.3239,48391000
2022-01-19,180,2021-05-05,2022-01-19,51.586,56.3923,57.0255,91.4769,90.4612,48.498,69.169,-25.4203,6.3673,43535000
2022-01-20,180,2021-05-06,2022-01-20,50.825,56.4009,57.0323,90.1138,89.1162,48.498,69.169,-26.5205,4.7981,126590000
2022-01-21,180,2021-05-07,2022-01-21,39.75,56.3102,56.9756,70.5911,69.7667,39.75,69.169,-42.5321,0.0,589043000
2022-01-24,180,2021-05-10,2022-01-24,38.715,56.205,56.9108,68.8818,68.0275,38.715,69.169,-44.0284,0.0,323460000
2022-01-25,180,2021-05-11,2022-01-25,36.642,56.0869,56.8439,65.3308,64.4607,36.642,69.169,-47.0254,0.0,151458000
2022-01-26,180,2021-05-12,2022-01-26,35.97,55.9544,56.7687,64.2845,63.3623,35.97,69.169,-47.9969,0.0,126840000
2022-01-27,180,2021-05-13,2022-01-27,38.67,55.8634,56.7141,69.2225,68.1841,35.97,69.169,-44.0935,7.5062,243247000
2022-01-28,180,2021-05-14,2022-01-28,38.436,55.7687,56.6573,68.9204,67.8394,35.97,69.169,-44.4318,6.8557,119666000
2022-01-31,180,2021-05-17,2022-01-31,42.714,55.7144,56.6205,76.6659,75.4391,35.97,69.169,-38.2469,18.749,200475000
2022-02-01,180,2021-05-18,2022-02-01,45.713,55.6899,56.6028,82.0849,80.761,35.97,69.169,-33.9111,27.0865,225681000
2022-02-02,180,2021-05-19,2022-02-02,42.948,55.6431,56.5713,77.1848,75.9184,35.97,69.169,-37.9086,19.3995,143460000
2022-02-03,180,2021-05-20,2022-02-03,40.56,55.5718,56.5257,72.9867,71.755,35.97,69.169,-41.361,12.7606,99052000
2022-02-04,180,2021-05-21,2022-02-04,41.017,55.4956,56.4748,73.9103,72.6288,35.97,69.169,-40.7003,14.0311,77898000
2022-02-07,180,2021-05-24,2022-02-07,40.21,55.4139,56.4216,72.5631,71.267,35.97,69.169,-41.867,11.7876,82329000
2022-02-08,180,2021-05-25,2022-02-08,40.353,55.3305,56.3664,72.9309,71.5905,35.97,69.169,-41.6603,12.1852,68185000
2022-02-09,180,2021-05-26,2022-02-09,41.289,55.2579,56.3173,74.7206,73.315,35.97,69.169,-40.3071,14.7873,77382000
2022-02-10,180,2021-05-27,2022-02-10,40.627,55.1781,56.2639,73.6288,72.2079,35.97,69.169,-41.2642,12.9469,84529000
2022-02-11,180,2021-05-28,2022-02-11,39.131,55.0817,56.2014,71.0417,69.6264,35.97,69.169,-43.427,8.7879,75589000
2022-02-14,180,2021-06-01,2022-02-14,39.657,54.9921,56.1423,72.114,70.6365,35.97,69.169,-42.6665,10.2502,72022000
2022-02-15,180,2021-06-02,2022-02-15,40.746,54.9165,56.0914,74.1963,72.6421,35.97,69.169,-41.0921,13.2777,53923000
2022-02-16,180,2021-06-03,2022-02-16,39.808,54.8313,56.0352,72.6008,71.041,35.97,69.169,-42.4482,10.67,52777000
2022-02-17,180,2021-06-04,2022-02-17,38.667,54.7408,55.9782,70.6365,69.0752,35.97,69.169,-44.0978,7.4979,46692000
2022-02-18,180,2021-06-07,2022-02-18,39.129,54.652,55.9207,71.5967,69.9723,35.97,69.169,-43.4299,8.7823,68017000
2022-02-22,180,2021-06-08,2022-02-22,37.738,54.5479,55.8555,69.1832,67.5636,35.97,69.169,-45.4409,4.9152,66975000
2022-02-23,180,2021-06-09,2022-02-23,36.746,54.434,55.7861,67.5056,65.8694,35.97,69.169,-46.875,2.1573,46143000
2022-02-24,180,2021-06-10,2022-02-24,39.003,54.3509,55.7329,71.7614,69.982,35.97,69.169,-43.612,8.432,70687000
2022-02-25,180,2021-06-11,2022-02-25,39.08,54.2679,55.6793,72.0131,70.1876,35.97,69.169,-43.5007,8.6461,48416000
2022-02-28,180,2021-06-14,2022-02-28,39.452,54.1881,55.627,72.8057,70.9225,35.97,69.169,-42.9629,9.6803,50350000
2022-03-01,180,2021-06-15,2022-03-01,38.624,54.0922,55.5638,71.404,69.5129,35.97,69.169,-44.16,7.3784,32904000
2022-03-02,180,2021-06-16,2022-03-02,38.003,53.9951,55.5017,70.3823,68.4718,35.97,69.169,-45.0578,5.6519,53568000
2022-03-03,180,2021-06-17,2022-03-03,36.807,53.8842,55.4326,68.3076,66.3996,35.97,69.169,-46.7869,2.3269,60768000
2022-03-04,180,2021-06-18,2022-03-04,36.173,53.7623,55.3567,67.2833,65.3453,35.97,69.169,-47.7035,0.5644,53255000
2022-03-07,180,2021-06-21,2022-03-07,35.026,53.6248,55.2731,65.3168,63.369,35.026,69.169,-49.3617,0.0,57084000
2022-03-08,180,2021-06-22,2022-03-08,34.176,53.4792,55.1868,63.9052,61.9278,34.176,69.169,-50.5906,0.0,64287000
2022-03-09,180,2021-06-23,2022-03-09,35.879,53.349,55.1035,67.2534,65.112,34.176,69.169,-48.1285,4.983,65202000
2022-03-10,180,2021-06-24,2022-03-10,35.677,53.2145,55.0168,67.0438,64.8474,34.176,69.169,-48.4205,4.392,48078000
2022-03-11,180,2021-06-25,2022-03-11,34.032,53.0563,54.9181,64.1431,61.9687,34.032,69.169,-50.7988,0.0,48199000
2022-03-14,180,2021-06-28,2022-03-14,33.101,52.8812,54.8092,62.595,60.3932,33.101,69.169,-52.1447,0.0,59078000
2022-03-15,180,2021-06-29,2022-03-15,34.375,52.7212,54.704,65.2015,62.8382,33.101,69.169,-50.3029,3.8488,54606000
2022-03-16,180,2021-06-30,2022-03-16,35.753,52.5791,54.6062,67.9985,65.4742,33.101,69.169,-48.3107,8.0118,69825000
2022-03-17,180,2021-07-01,2022-03-17,37.14,52.4566,54.5191,70.8013,68.1229,33.101,69.169,-46.3054,12.202,58183000
2022-03-18,180,2021-07-02,2022-03-18,38.06,52.3417,54.4342,72.7144,69.9193,33.101,69.169,-44.9753,14.9814,83248000
2022-03-21,180,2021-07-06,2022-03-21,37.459,52.2207,54.3456,71.732,68.9274,33.101,69.169,-45.8442,13.1658,48665000
2022-03-22,180,2021-07-07,2022-03-22,38.292,52.1051,54.2574,73.49,70.5747,33.101,69.169,-44.6399,15.6823,42428000
2022-03-23,180,2021-07-08,2022-03-23,37.449,51.984,54.1677,72.0395,69.1353,33.101,69.169,-45.8587,13.1356,37290000
2022-03-24,180,2021-07-09,2022-03-24,37.571,51.8675,54.0816,72.4365,69.471,33.101,69.169,-45.6823,13.5041,38885000
2022-03-25,180,2021-07-12,2022-03-25,37.385,51.7469,53.9915,72.2459,69.2423,33.101,69.169,-45.9512,12.9422,35745000
2022-03-28,180,2021-07-13,2022-03-28,37.851,51.631,53.9033,73.3106,70.2202,33.101,69.169,-45.2775,14.35,43234000
2022-03-29,180,2021-07-14,2022-03-29,39.182,51.5271,53.8206,76.0415,72.8011,33.101,69.169,-43.3532,18.371,58807000
2022-03-30,180,2021-07-15,2022-03-30,38.147,51.4099,53.7281,74.2016,71.0001,33.101,69.169,-44.8496,15.2442,40233000
2022-03-31,180,2021-07-16,2022-03-31,37.459,51.2887,53.6346,73.0356,69.8411,33.101,69.169,-45.8442,13.1658,41347000
2022-04-01,180,2021-07-19,2022-04-01,37.347,51.1732,53.5474,72.9816,69.7456,33.101,69.169,-46.0062,12.8274,46442000
2022-04-04,180,2021-07-20,2022-04-04,39.15,51.0751,53.4692,76.6518,73.2197,33.101,69.169,-43.3995,18.2744,70018000
2022-04-05,180,2021-07-21,2022-04-05,38.015,50.967,53.3854,74.5875,71.2086,33.101,69.169,-45.0404,14.8455,42345000
2022-04-06,180,2021-07-22,2022-04-06,36.835,50.8564,53.3047,72.4294,69.1027,33.101,69.169,-46.7464,11.2806,43549000
2022-04-07,180,2021-07-23,2022-04-07,36.215,50.7407,53.2216,71.3727,68.0457,33.101,69.169,-47.6427,9.4076,49489000
2022-04-08,180,2021-07-26,2022-04-08,35.588,50.6166,53.1329,70.309,66.9792,33.101,69.169,-48.5492,7.5134,40252000
2022-04-11,180,2021-07-27,2022-04-11,34.8,50.4835,53.0393,68.9334,65.6117,33.101,69.169,-49.6884,5.1328,37771000
2022-04-12,180,2021-07-28,2022-04-12,34.41,50.3453,52.9422,68.348,64.9954,33.101,69.169,-50.2523,3.9546,38243000
2022-04-13,180,2021-07-29,2022-04-13,35.043,50.2149,52.8484,69.786,66.3085,33.101,69.169,-49.3371,5.8669,32310000
2022-04-14,180,2021-07-30,2022-04-14,34.113,50.0771,52.7522,68.121,64.6665,33.101,69.169,-50.6817,3.0573,43438000
2022-04-18,180,2021-08-02,2022-04-18,33.786,49.9343,52.6524,67.6609,64.168,33.101,69.169,-51.1544,2.0694,51050000
2022-04-19,180,2021-08-03,2022-04-19,34.861,49.8062,52.5599,69.9933,66.3263,33.101,69.169,-49.6003,5.3171,209069000
2022-04-20,180,2021-08-04,2022-04-20,22.619,49.469,52.4017,45.7236,43.1646,22.619,69.169,-67.2989,0.0,1333875000
2022-04-21,180,2021-08-05,2022-04-21,21.822,49.1114,52.2355,44.4337,41.7761,21.822,69.169,-68.4512,0.0,535016000
2022-04-22,180,2021-08-06,2022-04-22,21.552,48.7476,52.0637,44.2114,41.3955,21.552,69.169,-68.8415,0.0,375151000
2022-04-25,180,2021-08-09,2022-04-25,20.991,48.3752,51.8911,43.3921,40.452,20.991,69.169,-69.6526,0.0,281520000
2022-04-26,180,2021-08-10,2022-04-26,19.84,47.9733,51.7124,41.3563,38.366,19.84,69.169,-71.3166,0.0,203181000
2022-04-27,180,2021-08-11,2022-04-27,18.854,47.5468,51.5306,39.6535,36.588,18.854,69.169,-72.7421,0.0,222984000
2022-04-28,180,2021-08-12,2022-04-28,19.952,47.1655,51.3568,42.3021,38.8498,18.854,69.169,-71.1547,5.8237,213632000
2022-04-29,180,2021-08-13,2022-04-29,19.036,46.7618,51.1788,40.7085,37.1951,18.854,69.169,-72.479,0.9653,163919000
2022-05-02,180,2021-08-16,2022-05-02,19.946,46.3912,51.003,42.9953,39.1075,18.854,69.169,-71.1634,5.7919,145916000
2022-05-03,180,2021-08-17,2022-05-03,19.987,46.0267,50.8263,43.4248,39.3241,18.854,69.169,-71.1041,6.0093,118394000
2022-05-04,180,2021-08-18,2022-05-04,20.401,45.6792,50.6514,44.6614,40.2773,18.854,69.169,-70.5056,8.2052,122188000
2022-05-05,180,2021-08-19,2022-05-05,18.832,45.2892,50.4661,41.5817,37.3162,18.832,69.169,-72.7739,0.0,139713000
2022-05-06,180,2021-08-20,2022-05-06,18.097,44.8729,50.2645,40.3294,36.0035,18.097,69.169,-73.8365,0.0,171855000
2022-05-09,180,2021-08-23,2022-05-09,17.31,44.4356,50.0569,38.9553,34.5807,17.31,69.169,-74.9743,0.0,140313000
2022-05-10,180,2021-08-24,2022-05-10,17.766,44.0203,49.8482,40.3587,35.6402,17.31,69.169,-74.3151,2.6343,138839000
2022-05-11,180,2021-08-25,2022-05-11,16.637,43.5723,49.6332,38.1825,33.5199,16.637,69.169,-75.9473,0.0,126655000
2022-05-12,180,2021-08-26,2022-05-12,17.431,43.1637,49.4258,40.3835,35.267,16.637,69.169,-74.7994,4.7725,176621000
2022-05-13,180,2021-08-27,2022-05-13,18.764,42.8033,49.2244,43.8378,38.1193,16.637,69.169,-72.8722,12.7848,131363000
2022-05-16,180,2021-08-30,2022-05-16,18.651,42.4427,49.0175,43.9439,38.0497,16.637,69.169,-73.0356,12.1055,161450000
2022-05-17,180,2021-08-31,2022-05-17,19.056,42.0971,48.8088,45.2667,39.0421,16.637,69.169,-72.4501,14.5399,98767000
2022-05-18,180,2021-09-01,2022-05-18,17.719,41.7179,48.5911,42.4733,36.4656,16.637,69.169,-74.383,6.5036,96656000
2022-05-19,180,2021-09-02,2022-05-19,18.348,41.3602,48.3696,44.3615,37.9329,16.637,69.169,-73.4737,10.2843,104485000
2022-05-20,180,2021-09-03,2022-05-20,18.635,41.0146,48.1462,45.4351,38.7051,16.637,69.169,-73.0587,12.0094,104294000
2022-05-23,180,2021-09-07,2022-05-23,18.744,40.677,47.9222,46.0801,39.1134,16.637,69.169,-72.9012,12.6645,96020000
2022-05-24,180,2021-09-08,2022-05-24,18.034,40.3219,47.6854,44.725,37.8187,16.637,69.169,-73.9276,8.397,77064000
2022-05-25,180,2021-09-09,2022-05-25,18.783,39.9928,47.453,46.9659,39.5823,16.637,69.169,-72.8448,12.899,85221000
2022-05-26,180,2021-09-10,2022-05-26,19.14,39.6797,47.2274,48.2362,40.5273,16.637,69.169,-72.3286,15.0448,80499000
2022-05-27,180,2021-09-13,2022-05-27,19.519,39.38,47.0032,49.5658,41.527,16.637,69.169,-71.7807,17.3228,85860000
2022-05-31,180,2021-09-14,2022-05-31,19.744,39.0919,46.7855,50.5066,42.2011,16.637,69.169,-71.4554,18.6752,113985000
2022-06-01,180,2021-09-15,2022-06-01,19.291,38.801,46.5717,49.7178,41.4222,16.637,69.169,-72.1103,15.9524,84162000
2022-06-02,180,2021-09-16,2022-06-02,20.509,38.5384,46.3618,53.217,44.2368,16.637,69.169,-70.3494,23.2734,96231000
2022-06-03,180,2021-09-17,2022-06-03,19.898,38.2664,46.1465,51.9986,43.1192,16.637,69.169,-71.2328,19.6009,71918000
2022-06-06,180,2021-09-20,2022-06-06,19.714,37.9937,45.9286,51.8875,42.9231,16.637,69.169,-71.4988,18.4949,53720000
2022-06-07,180,2021-09-21,2022-06-07,19.861,37.7311,45.7193,52.6382,43.4412,16.637,69.169,-71.2863,19.3785,48395000
2022-06-08,180,2021-09-22,2022-06-08,20.283,37.4809,45.5136,54.1156,44.5647,16.637,69.169,-70.6762,21.915,72441000
2022-06-09,180,2021-09-23,2022-06-09,19.277,37.2101,45.2925,51.8058,42.5611,16.637,69.169,-72.1306,15.8683,69490000
2022-06-10,180,2021-09-24,2022-06-10,18.294,36.9215,45.0646,49.5483,40.5951,16.637,69.169,-73.5517,9.9597,130656000
2022-06-13,180,2021-09-27,2022-06-13,16.969,36.6058,44.8297,46.356,37.8521,16.637,69.169,-75.4673,1.9956,102224000
2022-06-14,180,2021-09-28,2022-06-14,16.754,36.2898,44.5936,46.1672,37.5704,16.637,69.169,-75.7782,0.7033,115553000
2022-06-15,180,2021-09-29,2022-06-15,18.011,36.0111,44.3693,50.0151,40.5934,16.637,69.169,-73.9609,8.2587,123960000
2022-06-16,180,2021-09-30,2022-06-16,17.335,35.7182,44.1328,48.5327,39.2792,16.637,69.169,-74.9382,4.1955,82013000
2022-06-17,180,2021-10-01,2022-06-17,17.551,35.4327,43.8912,49.5333,39.9875,16.637,69.169,-74.6259,5.4938,121334000
2022-06-21,180,2021-10-04,2022-06-21,17.091,35.1408,43.6455,48.6357,39.1587,16.637,69.169,-75.291,2.7289,121776000
2022-06-22,180,2021-10-05,2022-06-22,17.889,34.8731,43.4097,51.2974,41.2097,16.637,69.169,-74.1373,7.5254,119924000
2022-06-23,180,2021-10-06,2022-06-23,18.171,34.6097,43.158,52.5026,42.1035,16.637,69.169,-73.7296,9.2204,95382000
2022-06-24,180,2021-10-07,2022-06-24,19.085,34.3669,42.9089,55.5332,44.4779,16.637,69.169,-72.4082,14.7142,124240000
2022-06-27,180,2021-10-08,2022-06-27,18.914,34.1255,42.663,55.4248,44.3335,16.637,69.169,-72.6554,13.6864,83639000
2022-06-28,180,2021-10-11,2022-06-28,17.96,33.8695,42.4113,53.0271,42.3472,16.637,69.169,-74.0346,7.9522,71854000
2022-06-29,180,2021-10-12,2022-06-29,17.836,33.6157,42.162,53.0585,42.3035,16.637,69.169,-74.2139,7.2068,57668000
2022-06-30,180,2021-10-13,2022-06-30,17.487,33.3591,41.912,52.4204,41.7232,16.637,69.169,-74.7184,5.1091,78947000
2022-07-01,180,2021-10-14,2022-07-01,17.995,33.1155,41.6621,54.3401,43.1927,16.637,69.169,-73.984,8.1625,52016000
2022-07-05,180,2021-10-15,2022-07-05,18.588,32.8855,41.4132,56.5234,44.8842,16.637,69.169,-73.1267,11.7269,73343000
2022-07-06,180,2021-10-18,2022-07-06,18.406,32.6563,41.1664,56.3628,44.7112,16.637,69.169,-73.3898,10.6329,57534000
2022-07-07,180,2021-10-19,2022-07-07,18.927,32.4376,40.9172,58.3489,46.2569,16.637,69.169,-72.6366,13.7645,63345000
2022-07-08,180,2021-10-20,2022-07-08,18.698,32.218,40.666,58.0359,45.9794,16.637,69.169,-72.9677,12.3881,58357000
2022-07-11,180,2021-10-21,2022-07-11,17.734,31.9867,40.4173,55.4417,43.8773,16.637,69.169,-74.3613,6.5937,60388000
2022-07-12,180,2021-10-22,2022-07-12,17.445,31.7497,40.1513,54.9454,43.4481,16.637,69.169,-74.7792,4.8567,68453000
2022-07-13,180,2021-10-25,2022-07-13,17.656,31.5184,39.8801,56.018,44.2727,16.637,69.169,-74.4741,6.1249,127344000
2022-07-14,180,2021-10-26,2022-07-14,17.478,31.2866,39.604,55.8642,44.1319,16.637,69.169,-74.7315,5.055,90395000
2022-07-15,180,2021-10-27,2022-07-15,18.911,31.0817,39.3377,60.8429,48.0735,16.637,69.169,-72.6597,13.6683,163191000
2022-07-18,180,2021-10-28,2022-07-18,19.092,30.8828,39.0755,61.8208,48.8593,16.637,69.169,-72.398,14.7563,163228000
2022-07-19,180,2021-10-29,2022-07-19,20.163,30.6997,38.813,65.6781,51.9491,16.637,69.169,-70.8497,21.1937,281787000
2022-07-20,180,2021-11-01,2022-07-20,21.644,30.5346,38.5498,70.8836,56.1456,16.637,69.169,-68.7085,30.0956,539203000
2022-07-21,180,2021-11-02,2022-07-21,22.388,30.38,38.2957,73.6932,58.4608,16.637,69.169,-67.6329,34.5675,234301000
2022-07-22,180,2021-11-03,2022-07-22,22.044,30.2239,38.0417,72.9357,57.947,16.637,69.169,-68.1302,32.4999,178055000
2022-07-25,180,2021-11-04,2022-07-25,21.851,30.0662,37.7807,72.6763,57.8364,16.637,69.169,-68.4093,31.3398,109352000
2022-07-26,180,2021-11-05,2022-07-26,21.391,29.9074,37.5282,71.5241,56.9998,16.637,69.169,-69.0743,28.5749,95085000
2022-07-27,180,2021-11-08,2022-07-27,22.675,29.7659,37.2954,76.1778,60.7983,16.637,69.169,-67.218,36.2926,105084000
2022-07-28,180,2021-11-09,2022-07-28,22.602,29.6243,37.0591,76.2954,60.9891,16.637,69.169,-67.3235,35.8538,89727000
2022-07-29,180,2021-11-10,2022-07-29,22.49,29.4826,36.8196,76.2824,61.0816,16.637,69.169,-67.4854,35.1806,90649000
2022-08-01,180,2021-11-11,2022-08-01,22.621,29.3444,36.5859,77.088,61.8299,16.637,69.169,-67.296,35.968,55250000
2022-08-02,180,2021-11-12,2022-08-02,22.142,29.2018,36.3435,75.8242,60.9242,16.637,69.169,-67.9885,33.0889,63613000
2022-08-03,180,2021-11-15,2022-08-03,22.673,29.0629,36.0903,78.0136,62.823,16.637,69.169,-67.2209,36.2806,64007000
2022-08-04,180,2021-11-16,2022-08-04,22.991,28.9285,35.8406,79.4753,64.1479,16.637,69.169,-66.7611,38.192,71427000
2022-08-05,180,2021-11-17,2022-08-05,22.678,28.7918,35.5847,78.7656,63.7296,16.637,69.169,-67.2136,36.3106,55397000
2022-08-08,180,2021-11-18,2022-08-08,23.349,28.6617,35.3301,81.4641,66.088,16.637,68.202,-65.7649,40.3438,109821000
2022-08-09,180,2021-11-19,2022-08-09,22.994,28.5307,35.079,80.5938,65.5492,16.637,67.88,-66.1255,38.21,61812000
2022-08-10,180,2021-11-22,2022-08-10,24.411,28.4126,34.8375,85.9161,70.071,16.637,66.564,-63.327,46.7272,92548000
2022-08-11,180,2021-11-23,2022-08-11,24.27,28.2963,34.6061,85.7709,70.1321,16.637,66.564,-63.5389,45.8797,87801000
2022-08-12,180,2021-11-24,2022-08-12,24.93,28.1863,34.3812,88.4472,72.5105,16.637,66.564,-62.5473,49.8467,60985000
2022-08-15,180,2021-11-26,2022-08-15,24.911,28.0766,34.1539,88.7251,72.9374,16.637,66.564,-62.5759,49.7325,65274000
2022-08-16,180,2021-11-29,2022-08-16,24.569,27.9646,33.9206,87.8575,72.4309,16.637,66.384,-62.9896,47.6769,51368000
2022-08-17,180,2021-11-30,2022-08-17,24.115,27.8504,33.6858,86.5877,71.5881,16.637,64.19,-62.4318,44.948,56272000
2022-08-18,180,2021-12-01,2022-08-18,24.517,27.7422,33.4654,88.3745,73.2608,16.637,62.808,-60.9652,47.3643,52804000
2022-08-19,180,2021-12-02,2022-08-19,24.116,27.6345,33.2562,87.2678,72.5159,16.637,62.808,-61.6036,44.954,75047000
2022-08-22,180,2021-12-03,2022-08-22,22.654,27.5165,33.0395,82.3287,68.5664,16.637,62.808,-63.9313,36.1664,86301000
2022-08-23,180,2021-12-06,2022-08-23,22.455,27.3996,32.8298,81.9538,68.3983,16.637,62.808,-64.2482,34.9703,52769000
2022-08-24,180,2021-12-07,2022-08-24,22.961,27.2865,32.6169,84.1479,70.3959,16.637,62.808,-63.4426,38.0117,54263000
2022-08-25,180,2021-12-08,2022-08-25,23.398,27.1763,32.3994,86.0972,72.2174,16.637,62.808,-62.7468,40.6384,37669000
2022-08-26,180,2021-12-09,2022-08-26,22.328,27.0583,32.1745,82.518,69.3966,16.637,61.424,-63.6494,34.2069,53498000
2022-08-29,180,2021-12-10,2022-08-29,22.457,26.9443,31.9598,83.3461,70.2664,16.637,61.424,-63.4394,34.9823,71094000
2022-08-30,180,2021-12-13,2022-08-30,22.065,26.8279,31.7426,82.2464,69.5123,16.637,61.424,-64.0776,32.6261,57404000
2022-08-31,180,2021-12-14,2022-08-31,22.356,26.7157,31.5309,83.6812,70.9018,16.637,61.424,-63.6038,34.3752,86159000
2022-09-01,180,2021-12-15,2022-09-01,23.004,26.61,31.3265,86.4486,73.433,16.637,61.424,-62.5488,38.2701,72929000
2022-09-02,180,2021-12-16,2022-09-02,22.611,26.5015,31.116,85.3197,72.6668,16.637,61.424,-63.1887,35.9079,81649000
2022-09-06,180,2021-12-17,2022-09-06,21.839,26.3893,30.9089,82.7569,70.6559,16.637,61.424,-64.4455,31.2677,74690000
2022-09-07,180,2021-12-20,2022-09-07,22.896,26.2867,30.7102,87.1011,74.5551,16.637,61.424,-62.7247,37.621,81493000
2022-09-08,180,2021-12-21,2022-09-08,22.744,26.183,30.5067,86.8656,74.5542,16.637,61.424,-62.9721,36.7073,67374000
2022-09-09,180,2021-12-22,2022-09-09,23.357,26.0833,30.3004,89.5478,77.0848,16.637,61.424,-61.9741,40.3919,66996000
2022-09-12,180,2021-12-23,2022-09-12,23.653,25.9854,30.0905,91.0243,78.6061,16.637,61.409,-61.4828,42.1711,60474000
2022-09-13,180,2021-12-27,2022-09-13,21.813,25.875,29.8706,84.3016,73.0251,16.637,61.312,-64.423,31.1114,80001000
2022-09-14,180,2021-12-28,2022-09-14,22.412,25.7701,29.6544,86.9691,75.5772,16.637,61.209,-63.3845,34.7118,82303000
2022-09-15,180,2021-12-29,2022-09-15,23.538,25.6741,29.4459,91.6799,79.9363,16.637,61.209,-61.5449,41.4798,194541000
2022-09-16,180,2021-12-30,2022-09-16,24.013,25.5819,29.2401,93.8671,82.1234,16.637,61.209,-60.7688,44.3349,189142000
2022-09-19,180,2021-12-31,2022-09-19,24.363,25.4924,29.0354,95.5697,83.9078,16.637,60.244,-59.5595,46.4387,179124000
2022-09-20,180,2022-01-03,2022-09-20,24.285,25.404,28.8357,95.5953,84.2186,16.637,59.737,-59.3468,45.9698,160374000
2022-09-21,180,2022-01-04,2022-09-21,23.687,25.313,28.6354,93.5766,82.7193,16.637,59.115,-59.9306,42.3754,91668000
2022-09-22,180,2022-01-05,2022-09-22,23.705,25.2233,28.4387,93.9805,83.3548,16.637,56.752,-58.2305,42.4836,100180000
2022-09-23,180,2022-01-06,2022-09-23,22.641,25.1298,28.2492,90.0961,80.1475,16.637,55.329,-59.0793,36.0883,112072000
2022-09-26,180,2022-01-07,2022-09-26,22.407,25.037,28.0663,89.4955,79.836,16.637,54.106,-58.5868,34.6817,82343000
2022-09-27,180,2022-01-10,2022-09-27,22.436,24.9465,27.8903,89.9365,80.4437,16.637,54.084,-58.5164,34.8561,77622000
2022-09-28,180,2022-01-11,2022-09-28,24.52,24.8698,27.7266,98.5936,88.4348,16.637,54.084,-54.6631,47.3823,175797000
2022-09-29,180,2022-01-12,2022-09-29,23.971,24.7902,27.5593,96.6954,86.9796,16.637,53.722,-55.3795,44.0825,189949000
2022-09-30,180,2022-01-13,2022-09-30,23.544,24.709,27.3917,95.2851,85.9531,16.637,52.569,-55.2131,41.5159,118486000
2022-10-03,180,2022-01-14,2022-10-03,23.904,24.6327,27.236,97.0418,87.7661,16.637,52.569,-54.5283,43.6798,86574000
2022-10-04,180,2022-01-18,2022-10-04,24.074,24.557,27.0777,98.0331,88.907,16.637,51.586,-53.3323,44.7016,139259000
2022-10-05,180,2022-01-19,2022-10-05,23.673,24.4813,26.9255,96.6982,87.9205,16.637,51.586,-54.1096,42.2913,108256000
2022-10-06,180,2022-01-20,2022-10-06,24.002,24.4074,26.7722,98.3392,89.6526,16.637,50.825,-52.7752,44.2688,91889000
2022-10-07,180,2022-01-21,2022-10-07,22.475,24.3255,26.6147,92.3927,84.4457,16.637,45.713,-50.8346,35.0905,98061000
2022-10-10,180,2022-01-24,2022-10-10,22.998,24.2654,26.5217,94.7769,86.714,16.637,45.713,-49.6905,38.2341,99911000
2022-10-11,180,2022-01-25,2022-10-11,21.429,24.1974,26.4256,88.5589,81.0917,16.637,45.713,-53.1227,28.8033,152824000
2022-10-12,180,2022-01-26,2022-10-12,22.087,24.1391,26.3448,91.4989,83.8383,16.637,45.713,-51.6833,32.7583,129526000
2022-10-13,180,2022-01-27,2022-10-13,23.251,24.09,26.2741,96.5174,88.494,16.637,45.713,-49.137,39.7548,175050000
2022-10-14,180,2022-01-28,2022-10-14,23.0,24.0333,26.187,95.7006,87.8297,16.637,45.713,-49.6861,38.2461,152934000
2022-10-17,180,2022-01-31,2022-10-17,24.51,23.9859,26.1097,102.1848,93.8732,16.637,45.713,-46.3829,47.3222,210578000
2022-10-18,180,2022-02-01,2022-10-18,24.086,23.9282,26.0062,100.6594,92.6164,16.637,45.713,-47.3104,44.7737,257767000
2022-10-19,180,2022-02-02,2022-10-19,27.238,23.8811,25.9036,114.0567,105.1516,16.637,42.948,-36.5791,63.7194,466853000
2022-10-20,180,2022-02-03,2022-10-20,26.816,23.8368,25.8139,112.4983,103.8819,16.637,41.289,-35.0529,61.1829,172071000
2022-10-21,180,2022-02-04,2022-10-21,28.957,23.8057,25.7495,121.6391,112.4567,16.637,41.289,-29.8675,74.0518,248891000
2022-10-24,180,2022-02-07,2022-10-24,28.245,23.771,25.6785,118.8212,109.9947,16.637,41.289,-31.5919,69.7722,133264000
2022-10-25,180,2022-02-08,2022-10-25,29.102,23.7412,25.6168,122.5799,113.6051,16.637,41.289,-29.5163,74.9234,151007000
2022-10-26,180,2022-02-09,2022-10-26,29.862,23.714,25.5585,125.9255,116.8377,16.637,41.289,-27.6757,79.4915,157141000
2022-10-27,180,2022-02-10,2022-10-27,29.694,23.6845,25.4941,125.3731,116.474,16.637,40.746,-27.1241,78.4817,146126000
2022-10-28,180,2022-02-11,2022-10-28,29.572,23.6559,25.4327,125.0092,116.2756,16.637,40.746,-27.4235,77.7484,99605000
2022-10-31,180,2022-02-14,2022-10-31,29.188,23.6288,25.3774,123.5271,115.0155,16.637,40.746,-28.366,75.4403,75051000
2022-11-01,180,2022-02-15,2022-11-01,28.675,23.5989,25.3164,121.5098,113.2663,16.637,40.746,-29.625,72.3568,69164000
2022-11-02,180,2022-02-16,2022-11-02,27.3,23.5616,25.2417,115.8666,108.1542,16.637,39.808,-31.4208,64.0921,103676000
2022-11-03,180,2022-02-17,2022-11-03,26.906,23.5245,25.1701,114.3745,106.8968,16.637,39.452,-31.8007,61.7239,70574000
2022-11-04,180,2022-02-18,2022-11-04,26.079,23.4862,25.1001,111.0398,103.8999,16.637,39.452,-33.8969,56.753,111247000
2022-11-07,180,2022-02-22,2022-11-07,25.86,23.446,25.0264,110.2958,103.3308,16.637,39.452,-34.452,55.4367,79270000
2022-11-08,180,2022-02-23,2022-11-08,26.346,23.4111,24.9631,112.5363,105.5397,16.637,39.452,-33.2201,58.3579,76838000
2022-11-09,180,2022-02-24,2022-11-09,25.466,23.3745,24.9005,108.948,102.2712,16.637,39.452,-35.4507,53.0685,72660000
2022-11-10,180,2022-02-25,2022-11-10,27.497,23.3419,24.8365,117.8008,110.7119,16.637,39.452,-30.3026,65.2762,96673000
2022-11-11,180,2022-02-28,2022-11-11,29.013,23.3151,24.7806,124.4387,117.0795,16.637,39.452,-26.46,74.3884,95738000
2022-11-14,180,2022-03-01,2022-11-14,29.927,23.2908,24.7277,128.493,121.0263,16.637,39.182,-23.6205,79.8822,179782000
2022-11-15,180,2022-03-02,2022-11-15,31.02,23.2716,24.6854,133.2952,125.6611,16.637,39.182,-20.831,86.4519,146269000
2022-11-16,180,2022-03-03,2022-11-16,30.602,23.2525,24.6443,131.6072,124.1746,16.637,39.182,-21.8978,83.9394,80386000
2022-11-17,180,2022-03-04,2022-11-17,29.528,23.2324,24.6039,127.0983,120.0135,16.637,39.182,-24.6389,77.4839,98382000
2022-11-18,180,2022-03-07,2022-11-18,28.798,23.2112,24.5629,124.0694,117.2418,16.637,39.182,-26.502,73.0961,84001000
2022-11-21,180,2022-03-08,2022-11-21,28.505,23.1917,24.5267,122.9105,116.2203,16.637,39.182,-27.2498,71.335,72565000
2022-11-22,180,2022-03-09,2022-11-22,28.669,23.1749,24.4961,123.7072,117.035,16.637,39.182,-26.8312,72.3207,62451000
2022-11-23,180,2022-03-10,2022-11-23,29.15,23.1557,24.4587,125.8869,119.1804,16.637,39.182,-25.6036,75.2119,59190000
2022-11-25,180,2022-03-11,2022-11-25,28.554,23.1349,24.4191,123.4239,116.9329,16.637,39.182,-27.1247,71.6295,32360000
2022-11-28,180,2022-03-14,2022-11-28,28.117,23.1165,24.3863,121.6315,115.2985,16.637,39.182,-28.24,69.0028,47034000
2022-11-29,180,2022-03-15,2022-11-29,28.096,23.1006,24.3585,121.6247,115.3439,16.637,39.182,-28.2936,68.8766,57869000
2022-11-30,180,2022-03-16,2022-11-30,30.553,23.0898,24.3372,132.3226,125.5401,16.637,39.182,-22.0229,83.6449,160701000
2022-12-01,180,2022-03-17,2022-12-01,31.695,23.0792,24.3147,137.3315,130.3533,16.637,39.182,-19.1083,90.5091,146649000
2022-12-02,180,2022-03-18,2022-12-02,32.041,23.0665,24.2864,138.907,131.93,16.637,39.182,-18.2252,92.5888,126906000
2022-12-05,180,2022-03-21,2022-12-05,31.259,23.0496,24.2486,135.6161,128.9106,16.637,39.182,-20.221,87.8885,84230000
2022-12-06,180,2022-03-22,2022-12-06,30.556,23.0318,24.2102,132.6685,126.2111,16.637,39.182,-22.0152,83.6629,71954000
2022-12-07,180,2022-03-23,2022-12-07,30.842,23.0133,24.1688,134.0184,127.6106,16.637,39.182,-21.2853,85.382,78216000
2022-12-08,180,2022-03-24,2022-12-08,31.026,22.997,24.1332,134.9132,128.5617,16.637,39.182,-20.8157,86.488,72053000
2022-12-09,180,2022-03-25,2022-12-09,32.001,22.9834,24.1022,139.2352,132.772,16.637,39.182,-18.3273,92.3484,143640000
2022-12-12,180,2022-03-28,2022-12-12,31.518,22.9688,24.0696,137.2209,130.9451,16.637,39.182,-19.56,89.4452,101486000
2022-12-13,180,2022-03-29,2022-12-13,32.034,22.9548,24.0373,139.5528,133.2678,16.637,39.182,-18.2431,92.5467,107564000
2022-12-14,180,2022-03-30,2022-12-14,31.783,22.9374,23.9962,138.5643,132.4501,16.637,39.15,-18.8174,91.0381,75433000
2022-12-15,180,2022-03-31,2022-12-15,29.041,22.9134,23.9456,126.7426,121.279,16.637,39.15,-25.8212,74.5567,177246000
2022-12-16,180,2022-04-01,2022-12-16,29.071,22.8909,23.899,126.9979,121.641,16.637,39.15,-25.7446,74.737,140800000
2022-12-19,180,2022-04-04,2022-12-19,28.83,22.8679,23.8517,126.0718,120.8719,16.637,39.15,-26.3602,73.2885,61637000
2022-12-20,180,2022-04-05,2022-12-20,28.819,22.8414,23.7943,126.1703,121.1172,16.637,38.015,-24.1904,73.2223,69181000
2022-12-21,180,2022-04-06,2022-12-21,29.796,22.8203,23.7486,130.5677,125.464,16.637,36.835,-19.1095,79.0948,63762000
2022-12-22,180,2022-04-07,2022-12-22,29.775,22.8017,23.7094,130.5822,125.583,16.637,36.215,-17.7827,78.9686,78562000
2022-12-23,180,2022-04-08,2022-12-23,29.496,22.7836,23.6721,129.4617,124.6024,16.637,35.588,-17.1181,77.2916,42511000
2022-12-27,180,2022-04-11,2022-12-27,28.417,22.7631,23.6322,124.8377,120.2467,16.637,35.043,-18.9082,70.806,57781000
2022-12-28,180,2022-04-12,2022-12-28,27.688,22.7419,23.5927,121.7487,117.3581,16.637,35.043,-20.9885,66.4242,59644000
2022-12-29,180,2022-04-13,2022-12-29,29.112,22.7267,23.5633,128.0958,123.548,16.637,35.043,-16.9249,74.9835,95885000
2022-12-30,180,2022-04-14,2022-12-30,29.488,22.7113,23.5324,129.8384,125.3079,16.637,34.861,-15.4126,77.2435,75669000
2023-01-03,180,2022-04-18,2023-01-03,29.495,22.6982,23.5068,129.9444,125.4744,16.637,34.861,-15.3926,77.2856,67640000
2023-01-04,180,2022-04-19,2023-01-04,30.941,22.6904,23.491,136.3617,131.7144,16.637,34.861,-11.2447,85.9771,93451000
2023-01-05,180,2022-04-20,2023-01-05,30.97,22.6801,23.4694,136.5515,131.9592,16.637,32.041,-3.3426,86.1514,83284000
2023-01-06,180,2022-04-21,2023-01-06,31.555,22.7159,23.519,138.9114,134.1681,16.637,32.041,-1.5168,89.6676,89598000
2023-01-09,180,2022-04-22,2023-01-09,31.517,22.7564,23.5729,138.4973,133.7003,16.637,32.041,-1.6354,89.4392,67666000
2023-01-10,180,2022-04-25,2023-01-10,32.754,22.8021,23.6351,143.6444,138.582,16.637,32.754,0.0,96.8745,130723000
2023-01-11,180,2022-04-26,2023-01-11,32.726,22.8516,23.7003,143.211,138.0826,16.637,32.754,-0.0855,96.7062,95797000
2023-01-12,180,2022-04-27,2023-01-12,33.013,22.9101,23.7735,144.0981,138.8648,16.637,33.013,0.0,98.4312,108562000
2023-01-13,180,2022-04-28,2023-01-13,33.282,22.9773,23.8536,144.8471,139.5259,16.637,33.282,0.0,100.0481,82868000
2023-01-17,180,2022-04-29,2023-01-17,32.622,23.0346,23.924,141.6219,136.3566,16.637,33.282,-1.9831,96.081,92470000
2023-01-18,180,2022-05-02,2023-01-18,32.633,23.0993,23.9996,141.2728,135.9733,16.637,33.282,-1.95,96.1471,78141000
2023-01-19,180,2022-05-03,2023-01-19,31.578,23.1542,24.0642,136.3816,131.224,16.637,33.282,-5.1199,89.8059,180082000
2023-01-20,180,2022-05-04,2023-01-20,34.25,23.2164,24.1434,147.5252,141.8606,16.637,34.25,0.0,105.8665,284303000
2023-01-23,180,2022-05-05,2023-01-23,35.742,23.2795,24.2287,153.5339,147.5195,16.637,35.742,0.0,114.8344,156469000
2023-01-24,180,2022-05-06,2023-01-24,36.383,23.3569,24.3262,155.7696,149.5633,16.637,36.383,0.0,118.6873,117965000
2023-01-25,180,2022-05-09,2023-01-25,36.796,23.4423,24.43,156.9638,150.6178,16.637,36.796,0.0,121.1697,77669000
2023-01-26,180,2022-05-10,2023-01-26,36.487,23.5354,24.5366,155.0302,148.7045,16.637,36.796,-0.8398,119.3124,82568000
2023-01-27,180,2022-05-11,2023-01-27,36.077,23.6237,24.6383,152.7156,146.4264,16.637,36.796,-1.954,116.848,67035000
2023-01-30,180,2022-05-12,2023-01-30,35.311,23.7226,24.7421,148.8495,142.7165,16.754,36.796,-4.0358,110.7616,51276000
2023-01-31,180,2022-05-13,2023-01-31,35.386,23.814,24.8418,148.5934,142.4454,16.754,36.796,-3.8319,111.2093,56607000
2023-02-01,180,2022-05-16,2023-02-01,36.199,23.8951,24.9387,151.4911,145.1521,16.754,36.796,-1.6225,116.0618,80052000
2023-02-02,180,2022-05-17,2023-02-02,36.689,23.979,25.0389,153.0045,146.5281,16.754,36.796,-0.2908,118.9865,78570000
2023-02-03,180,2022-05-18,2023-02-03,36.59,24.0596,25.1363,152.0804,145.5664,16.754,36.796,-0.5598,118.3956,94020000
2023-02-06,180,2022-05-19,2023-02-06,36.148,24.1525,25.2387,149.6655,143.2246,16.754,36.796,-1.7611,115.7574,49949000
2023-02-07,180,2022-05-20,2023-02-07,36.295,24.2402,25.3384,149.7307,143.2412,16.754,36.796,-1.3616,116.6348,62894000
2023-02-08,180,2022-05-23,2023-02-08,36.683,24.3267,25.4386,150.7933,144.2019,16.754,36.796,-0.3071,118.9507,62532000
2023-02-09,180,2022-05-24,2023-02-09,36.25,24.4117,25.5359,148.4945,141.957,16.754,36.796,-1.4839,116.3662,69011000
2023-02-10,180,2022-05-25,2023-02-10,34.736,24.5003,25.6287,141.778,135.5356,16.754,36.796,-5.5984,107.3296,72911000
2023-02-13,180,2022-05-26,2023-02-13,35.857,24.5851,25.7235,145.8485,139.3937,16.754,36.796,-2.5519,114.0205,71344000
2023-02-14,180,2022-05-27,2023-02-14,35.996,24.6675,25.8172,145.9246,139.4265,16.754,36.796,-2.1742,114.8502,46248000
2023-02-15,180,2022-05-31,2023-02-15,36.142,24.7474,25.9095,146.0433,139.493,16.754,36.796,-1.7774,115.7216,39660000
2023-02-16,180,2022-06-01,2023-02-16,35.071,24.823,25.9947,141.2844,134.916,16.754,36.796,-4.688,109.3291,52157000
2023-02-17,180,2022-06-02,2023-02-17,34.796,24.9023,26.0808,139.73,133.416,16.754,36.796,-5.4354,107.6877,52947000
2023-02-21,180,2022-06-03,2023-02-21,33.75,24.9684,26.1544,135.1709,129.0414,16.754,36.796,-8.2781,101.4444,57103000
2023-02-22,180,2022-06-06,2023-02-22,33.488,25.0392,26.2299,133.7421,127.6711,16.754,36.796,-8.9901,99.8806,45462000
2023-02-23,180,2022-06-07,2023-02-23,32.365,25.1085,26.3002,128.9007,123.06,16.754,36.796,-12.0421,93.1778,132387000
2023-02-24,180,2022-06-08,2023-02-24,31.715,25.1746,26.366,125.9803,120.2874,16.754,36.796,-13.8086,89.2981,68307000
2023-02-27,180,2022-06-09,2023-02-27,32.303,25.2393,26.4328,127.9868,122.208,16.754,36.796,-12.2106,92.8077,61426000
2023-02-28,180,2022-06-10,2023-02-28,32.213,25.3133,26.5047,127.2574,121.5371,16.754,36.796,-12.4552,92.2705,36761000
2023-03-01,180,2022-06-13,2023-03-01,31.348,25.3946,26.5772,123.4438,117.9507,16.754,36.796,-14.806,87.1076,49113000
2023-03-02,180,2022-06-14,2023-03-02,31.188,25.4912,26.6562,122.3482,117.001,16.754,36.796,-15.2408,86.1526,49110000
2023-03-03,180,2022-06-15,2023-03-03,31.518,25.5925,26.7382,123.1532,117.8762,17.091,36.796,-14.344,84.4128,59533000
2023-03-06,180,2022-06-16,2023-03-06,31.203,25.6782,26.8115,121.5155,116.3792,17.091,36.796,-15.2,82.5698,56607000
2023-03-07,180,2022-06-17,2023-03-07,30.847,25.7711,26.8866,119.696,114.7302,17.091,36.796,-16.1675,80.4868,45531000
2023-03-08,180,2022-06-21,2023-03-08,31.179,25.8633,26.9623,120.5529,115.6393,17.091,36.796,-15.2652,82.4294,34795000
2023-03-09,180,2022-06-22,2023-03-09,29.778,25.9563,27.0328,114.7236,110.1552,17.445,36.796,-19.0727,70.6965,74434000
2023-03-10,180,2022-06-23,2023-03-10,29.276,26.0379,27.096,112.4359,108.0454,17.445,36.796,-20.437,67.8189,57593000
2023-03-13,180,2022-06-24,2023-03-13,29.351,26.1171,27.1581,112.3822,108.0744,17.445,36.796,-20.2332,68.2488,62924000
2023-03-14,180,2022-06-27,2023-03-14,29.494,26.1874,27.216,112.6267,108.3702,17.445,36.796,-19.8446,69.0685,59567000
2023-03-15,180,2022-06-28,2023-03-15,30.379,26.2636,27.2797,115.6694,111.3614,17.445,36.796,-17.4394,74.1416,92153000
2023-03-16,180,2022-06-29,2023-03-16,31.006,26.3537,27.3521,117.6532,113.3586,17.445,36.796,-15.7354,77.7357,79037000
2023-03-17,180,2022-06-30,2023-03-17,30.35,26.4432,27.4217,114.7742,110.6789,17.445,36.796,-17.5182,73.9754,69188000
2023-03-20,180,2022-07-01,2023-03-20,30.513,26.5384,27.494,114.9768,110.9805,17.445,36.796,-17.0752,74.9097,51134000
2023-03-21,180,2022-07-05,2023-03-21,30.579,26.6282,27.5639,114.837,110.9384,17.445,36.796,-16.8959,75.288,48863000
2023-03-22,180,2022-07-06,2023-03-22,29.39,26.7063,27.6239,110.0489,106.3932,17.445,36.796,-20.1272,68.4723,58080000
2023-03-23,180,2022-07-07,2023-03-23,32.037,26.7982,27.6997,119.549,115.6584,17.445,36.796,-12.9335,83.6457,156533000
2023-03-24,180,2022-07-08,2023-03-24,32.839,26.8878,27.777,122.1334,118.2239,17.445,36.796,-10.7539,88.2431,129917000
2023-03-27,180,2022-07-11,2023-03-27,32.766,26.9804,27.8551,121.4439,117.6301,17.445,36.796,-10.9523,87.8246,86258000
2023-03-28,180,2022-07-12,2023-03-28,32.352,27.0838,27.9363,119.4515,115.8062,17.445,36.796,-12.0774,85.4514,64894000
2023-03-29,180,2022-07-13,2023-03-29,33.203,27.1951,28.0239,122.0918,118.4811,17.478,36.796,-9.7647,89.9702,62873000
2023-03-30,180,2022-07-14,2023-03-30,33.843,27.3069,28.1138,123.9358,120.3786,17.478,36.796,-8.0253,93.632,71315000
2023-03-31,180,2022-07-15,2023-03-31,34.548,27.4245,28.2086,125.975,122.4731,18.911,36.796,-6.1094,82.6873,56102000
2023-04-03,180,2022-07-18,2023-04-03,34.828,27.5258,28.2971,126.5284,123.0799,19.092,36.796,-5.3484,82.422,44137000
2023-04-04,180,2022-07-19,2023-04-04,34.675,27.6253,28.3836,125.5191,122.1655,20.163,36.796,-5.7642,71.9734,32981000
2023-04-05,180,2022-07-20,2023-04-05,34.235,27.712,28.4618,123.5386,120.284,21.391,36.796,-6.96,60.0439,42055000
2023-04-06,180,2022-07-21,2023-04-06,33.933,27.7835,28.5301,122.1334,118.9376,21.391,36.796,-7.7807,58.6321,46605000
2023-04-10,180,2022-07-22,2023-04-10,33.899,27.8487,28.594,121.7254,118.5527,21.391,36.796,-7.8731,58.4732,26579000
2023-04-11,180,2022-07-25,2023-04-11,33.821,27.917,28.6595,121.1485,118.0099,21.391,36.796,-8.0851,58.1085,40448000
2023-04-12,180,2022-07-26,2023-04-12,33.103,27.9845,28.722,118.2905,115.2532,21.391,36.796,-10.0364,54.752,39654000
2023-04-13,180,2022-07-27,2023-04-13,34.619,28.0624,28.7955,123.3643,120.2238,21.429,36.796,-5.9164,61.5521,74064000
2023-04-14,180,2022-07-28,2023-04-14,33.863,28.1263,28.8576,120.3961,117.3451,21.429,36.796,-7.971,58.0242,53505000
2023-04-17,180,2022-07-29,2023-04-17,33.272,28.1888,28.9169,118.0326,115.0608,21.429,36.796,-9.5771,55.2662,61360000
2023-04-18,180,2022-08-01,2023-04-18,33.37,28.253,28.9773,118.1115,115.1589,21.429,36.796,-9.3108,55.7235,179445000
2023-04-19,180,2022-08-02,2023-04-19,32.312,28.3119,29.0312,114.1288,111.301,21.429,36.796,-12.1861,50.7863,221283000
2023-04-20,180,2022-08-03,2023-04-20,32.535,28.3763,29.0889,114.6557,111.8467,21.429,36.796,-11.5801,51.827,99478000
2023-04-21,180,2022-08-04,2023-04-21,32.798,28.4373,29.1452,115.3344,112.5332,21.429,36.796,-10.8653,53.0543,63480000
2023-04-24,180,2022-08-05,2023-04-24,32.902,28.4963,29.2002,115.4607,112.6772,21.429,36.796,-10.5827,53.5396,55866000
2023-04-25,180,2022-08-08,2023-04-25,32.255,28.5555,29.2534,112.9556,110.2606,21.429,36.796,-12.341,50.5203,54266000
2023-04-26,180,2022-08-09,2023-04-26,32.115,28.6085,29.3021,112.2567,109.5995,21.429,36.796,-12.7215,49.867,46232000
2023-04-27,180,2022-08-10,2023-04-27,32.585,28.6669,29.3554,113.6679,111.0017,21.429,36.796,-11.4442,52.0603,56188000
2023-04-28,180,2022-08-11,2023-04-28,32.993,28.7156,29.4031,114.8958,112.2093,21.429,36.796,-10.3354,53.9642,42284000
2023-05-01,180,2022-08-12,2023-05-01,32.412,28.7631,29.4483,112.6861,110.064,21.429,36.796,-11.9143,51.253,53415000
2023-05-02,180,2022-08-15,2023-05-02,31.755,28.8028,29.4862,110.2498,107.6943,21.429,36.796,-13.6999,48.187,43186000
2023-05-03,180,2022-08-16,2023-05-03,31.93,28.8435,29.5252,110.7009,108.1448,21.429,36.796,-13.2243,49.0037,50641000
2023-05-04,180,2022-08-17,2023-05-04,32.078,28.8876,29.567,111.0442,108.4927,21.429,36.796,-12.8221,49.6943,38797000
2023-05-05,180,2022-08-18,2023-05-05,32.276,28.9363,29.6123,111.5416,108.9953,21.429,36.796,-12.2839,50.6183,39906000
2023-05-08,180,2022-08-19,2023-05-08,33.121,28.9857,29.6601,114.2669,111.6686,21.429,36.796,-9.9875,54.5616,54886000
2023-05-09,180,2022-08-22,2023-05-09,33.214,29.0388,29.7106,114.3781,111.7916,21.429,36.796,-9.7348,54.9956,55449000
2023-05-10,180,2022-08-23,2023-05-10,33.542,29.1061,29.7711,115.2406,112.6662,21.429,36.796,-8.8434,56.5262,42899000
2023-05-11,180,2022-08-24,2023-05-11,34.476,29.1793,29.8379,118.1522,115.5443,21.429,36.796,-6.305,60.8848,80335000
2023-05-12,180,2022-08-25,2023-05-12,33.989,29.2463,29.8992,116.2164,113.6787,21.429,36.796,-7.6286,58.6121,60824000
2023-05-15,180,2022-08-26,2023-05-15,33.589,29.3081,29.9558,114.6067,112.1286,21.429,36.796,-8.7156,56.7455,36530000
2023-05-16,180,2022-08-29,2023-05-16,33.375,29.379,30.0172,113.6017,111.1864,21.429,36.796,-9.2972,55.7469,33322000
2023-05-17,180,2022-08-30,2023-05-17,33.996,29.4516,30.0813,115.4299,113.0138,21.429,36.796,-7.6095,58.6448,39588000
2023-05-18,180,2022-08-31,2023-05-18,37.129,29.5405,30.165,125.6885,123.0865,21.429,37.129,0.0,73.2652,209252000
2023-05-19,180,2022-09-01,2023-05-19,36.536,29.6249,30.2437,123.3287,120.8052,21.429,37.129,-1.5971,70.4979,78597000
2023-05-22,180,2022-09-02,2023-05-22,36.301,29.7027,30.3176,122.2143,119.7357,21.429,37.129,-2.2301,69.4013,54064000
2023-05-23,180,2022-09-06,2023-05-23,35.599,29.782,30.3898,119.5317,117.1414,21.429,37.129,-4.1208,66.1253,68661000
2023-05-24,180,2022-09-07,2023-05-24,36.485,29.8729,30.4711,122.1341,119.7363,21.429,37.129,-1.7345,70.2599,79733000
2023-05-25,180,2022-09-08,2023-05-25,35.9,29.9515,30.5434,119.8603,117.5378,21.429,37.129,-3.3101,67.53,62631000
2023-05-26,180,2022-09-09,2023-05-26,37.888,30.0394,30.6275,126.1278,123.7058,21.429,37.888,0.0,76.8071,93604000
2023-05-30,180,2022-09-12,2023-05-30,39.298,30.1267,30.7161,130.4424,127.9395,21.429,39.298,0.0,83.387,108650000
2023-05-31,180,2022-09-13,2023-05-31,39.523,30.2125,30.8042,130.8165,128.3038,21.429,39.523,0.0,84.437,69880000
2023-06-01,180,2022-09-14,2023-06-01,40.313,30.3196,30.907,132.9602,130.4332,21.429,40.313,0.0,88.1236,71601000
2023-06-02,180,2022-09-15,2023-06-02,40.047,30.4203,31.005,131.6457,129.1631,21.429,40.313,-0.6598,86.8823,59024000
2023-06-05,180,2022-09-16,2023-06-05,40.354,30.5116,31.0984,132.258,129.7623,21.429,40.354,0.0,88.3149,72474000
2023-06-06,180,2022-09-19,2023-06-06,39.929,30.5977,31.1868,130.4969,128.0316,21.429,40.354,-1.0532,86.3316,49915000
2023-06-07,180,2022-09-20,2023-06-07,39.977,30.6813,31.2736,130.2977,127.83,21.429,40.354,-0.9342,86.5556,119324000
2023-06-08,180,2022-09-21,2023-06-08,40.937,30.7691,31.3661,133.0457,130.5136,21.429,40.937,0.0,91.0355,59911000
2023-06-09,180,2022-09-22,2023-06-09,42.002,30.8663,31.4678,136.0774,133.476,21.429,42.002,0.0,96.0054,123630000
2023-06-12,180,2022-09-23,2023-06-12,42.397,30.965,31.5717,136.919,134.2881,21.429,42.397,0.0,97.8487,59595000
2023-06-13,180,2022-09-26,2023-06-13,43.573,31.0785,31.688,140.2033,137.5064,21.429,43.573,0.0,103.3366,78205000
2023-06-14,180,2022-09-27,2023-06-14,44.086,31.1967,31.8084,141.3164,138.5986,21.429,44.086,0.0,105.7305,84131000
2023-06-15,180,2022-09-28,2023-06-15,44.527,31.3167,31.9311,142.183,139.447,21.429,44.527,0.0,107.7885,70999000
2023-06-16,180,2022-09-29,2023-06-16,43.196,31.4131,32.0349,137.5097,134.8405,21.429,44.527,-2.9892,101.5773,87537000
2023-06-20,180,2022-09-30,2023-06-20,43.47,31.516,32.1432,137.9301,135.2385,21.429,44.527,-2.3738,102.8559,47560000
2023-06-21,180,2022-10-03,2023-06-21,42.445,31.6207,32.2482,134.2317,131.6196,21.429,44.527,-4.6758,98.0727,51464000
2023-06-22,180,2022-10-04,2023-06-22,42.248,31.7219,32.3501,133.1824,130.596,21.429,44.527,-5.1182,97.1534,48695000
2023-06-23,180,2022-10-05,2023-06-23,42.402,31.8226,32.452,133.2449,130.6608,21.429,44.527,-4.7724,97.872,82986000
2023-06-26,180,2022-10-06,2023-06-26,41.594,31.9253,32.5515,130.2853,127.779,21.429,44.527,-6.587,94.1015,46400000
2023-06-27,180,2022-10-07,2023-06-27,41.708,32.0258,32.6499,130.2325,127.7432,21.429,44.527,-6.331,94.6334,48181000
2023-06-28,180,2022-10-10,2023-06-28,42.984,32.1472,32.7638,133.7099,131.1935,21.429,44.527,-3.4653,100.588,88113000
2023-06-29,180,2022-10-11,2023-06-29,42.824,32.2632,32.874,132.7332,130.2672,21.429,44.527,-3.8246,99.8413,49323000
2023-06-30,180,2022-10-12,2023-06-30,44.049,32.4024,32.9996,135.9437,133.4833,22.087,44.527,-1.0735,99.4341,73464000
2023-07-03,180,2022-10-13,2023-07-03,44.144,32.5349,33.1222,135.6821,133.2763,23.0,44.527,-0.8602,91.9304,37332000
2023-07-05,180,2022-10-14,2023-07-05,44.59,32.6564,33.2407,136.543,134.1427,23.0,44.59,0.0,93.8696,68695000
2023-07-06,180,2022-10-17,2023-07-06,43.884,32.7794,33.3567,133.8767,131.5596,24.086,44.59,-1.5833,82.1971,49388000
2023-07-07,180,2022-10-18,2023-07-07,43.81,32.8871,33.464,133.2135,130.9169,24.086,44.59,-1.7493,81.8899,41651000
2023-07-10,180,2022-10-19,2023-07-10,44.171,33.0009,33.5756,133.8479,131.557,25.466,44.59,-0.9397,73.4509,42517000
2023-07-11,180,2022-10-20,2023-07-11,44.021,33.0858,33.6688,133.051,130.7472,25.466,44.59,-1.2761,72.8619,45692000
2023-07-12,180,2022-10-21,2023-07-12,44.405,33.1759,33.7665,133.8473,131.506,25.466,44.59,-0.4149,74.3697,57317000
2023-07-13,180,2022-10-24,2023-07-13,45.038,33.2514,33.8558,135.4468,133.0287,25.466,45.038,0.0,76.8554,61575000
2023-07-14,180,2022-10-25,2023-07-14,44.191,33.3301,33.9444,132.5859,130.1863,25.466,45.038,-1.8806,73.5294,71959000
2023-07-17,180,2022-10-26,2023-07-17,45.005,33.4052,34.0328,134.7245,132.2401,25.466,45.038,-0.0733,76.7258,68917000
2023-07-18,180,2022-10-27,2023-07-18,47.48,33.4824,34.1307,141.8058,139.1124,25.466,47.48,0.0,86.4447,130418000
2023-07-19,180,2022-10-28,2023-07-19,47.759,33.5619,34.231,142.301,139.5196,25.466,47.759,0.0,87.5402,209965000
2023-07-20,180,2022-10-31,2023-07-20,43.742,33.6306,34.3097,130.0659,127.4915,25.466,47.759,-8.411,71.7663,239897000
2023-07-21,180,2022-11-01,2023-07-21,42.75,33.6991,34.3851,126.8581,124.3271,25.466,47.759,-10.4881,67.8709,173400000
2023-07-24,180,2022-11-02,2023-07-24,42.837,33.772,34.4638,126.8419,124.2957,25.466,47.759,-10.3059,68.2125,82644000
2023-07-25,180,2022-11-03,2023-07-25,42.77,33.8561,34.5497,126.3287,123.7926,25.466,47.759,-10.4462,67.9494,48598000
2023-07-26,180,2022-11-04,2023-07-26,42.267,33.9424,34.6351,124.5258,122.0353,25.466,47.759,-11.4994,65.9742,60092000
2023-07-27,180,2022-11-07,2023-07-27,41.317,34.0331,34.7197,121.4023,119.0016,25.466,47.759,-13.4886,62.2438,65945000
2023-07-28,180,2022-11-08,2023-07-28,42.578,34.1311,34.8126,124.7484,122.3063,25.466,47.759,-10.8482,67.1955,64242000
2023-07-31,180,2022-11-09,2023-07-31,43.897,34.2296,34.9101,128.2428,125.743,25.466,47.759,-8.0864,72.3749,65876000
2023-08-01,180,2022-11-10,2023-08-01,43.862,34.3371,35.0123,127.7392,125.276,27.497,47.759,-8.1597,59.5156,57115000
2023-08-02,180,2022-11-11,2023-08-02,42.97,34.4231,35.0983,124.8289,122.4277,27.688,47.759,-10.0274,55.1936,49122000
2023-08-03,180,2022-11-14,2023-08-03,43.1,34.4975,35.1765,124.9368,122.5249,27.688,47.759,-9.7552,55.6631,62439000
2023-08-04,180,2022-11-15,2023-08-04,43.16,34.5653,35.25,124.865,122.4396,27.688,47.759,-9.6296,55.8798,54418000
2023-08-07,180,2022-11-16,2023-08-07,44.076,34.6288,35.3226,127.2813,124.7814,27.688,47.759,-7.7116,59.1881,47813000
2023-08-08,180,2022-11-17,2023-08-08,43.83,34.6946,35.3961,126.3307,123.8274,27.688,47.759,-8.2267,58.2996,37672000
2023-08-09,180,2022-11-18,2023-08-09,42.89,34.7653,35.4703,123.37,120.9181,27.688,47.759,-10.1949,54.9046,38466000
2023-08-10,180,2022-11-21,2023-08-10,42.998,34.8425,35.5492,123.4067,120.9536,27.688,47.759,-9.9688,55.2947,54676000
2023-08-11,180,2022-11-22,2023-08-11,42.166,34.9193,35.6251,120.7526,118.3605,27.688,47.759,-11.7109,52.2898,39279000
2023-08-14,180,2022-11-23,2023-08-14,42.778,34.9975,35.7035,122.2318,119.8147,27.688,47.759,-10.4294,54.5001,39660000
2023-08-15,180,2022-11-25,2023-08-15,42.37,35.0704,35.7769,120.814,118.4284,27.688,47.759,-11.2837,53.0266,33680000
2023-08-16,180,2022-11-28,2023-08-16,41.545,35.1454,35.8491,118.2088,115.8886,27.688,47.759,-13.0112,50.0469,39670000
2023-08-17,180,2022-11-29,2023-08-17,40.3,35.2194,35.9168,114.4257,112.2039,27.688,47.759,-15.618,45.5504,60315000
2023-08-18,180,2022-11-30,2023-08-18,40.453,35.2944,35.9854,114.6158,112.415,27.688,47.759,-15.2976,46.103,43122000
2023-08-21,180,2022-12-01,2023-08-21,40.829,35.3515,36.0425,115.4942,113.2802,27.688,47.759,-14.5104,47.461,38616000
2023-08-22,180,2022-12-02,2023-08-22,41.317,35.4026,36.0959,116.706,114.4644,27.688,47.759,-13.4886,49.2235,35997000
2023-08-23,180,2022-12-05,2023-08-23,42.755,35.4572,36.1555,120.5821,118.2532,27.688,47.759,-10.4776,54.4171,81747000
2023-08-24,180,2022-12-06,2023-08-24,40.693,35.509,36.2079,114.599,112.3871,27.688,47.759,-14.7951,46.9698,56878000
2023-08-25,180,2022-12-07,2023-08-25,41.603,35.57,36.2693,116.9608,114.706,27.688,47.759,-12.8897,50.2564,53909000
2023-08-28,180,2022-12-08,2023-08-28,41.806,35.6299,36.3302,117.334,115.0724,27.688,47.759,-12.4647,50.9896,29286000
2023-08-29,180,2022-12-09,2023-08-29,42.999,35.6933,36.3967,120.468,118.1399,27.688,47.759,-9.9667,55.2983,44867000
2023-08-30,180,2022-12-12,2023-08-30,43.467,35.7517,36.4604,121.5801,119.2171,27.688,47.759,-8.9868,56.9886,36254000
2023-08-31,180,2022-12-13,2023-08-31,43.368,35.8134,36.5262,121.0943,118.7312,27.688,47.759,-9.1941,56.631,38030000
2023-09-01,180,2022-12-14,2023-09-01,43.988,35.874,36.5926,122.6182,120.21,27.688,47.759,-7.8959,58.8703,47934000
2023-09-05,180,2022-12-15,2023-09-05,44.868,35.9397,36.6653,124.8425,122.3718,27.688,47.759,-6.0533,62.0485,61559000
2023-09-06,180,2022-12-16,2023-09-06,44.576,36.026,36.7516,123.7328,121.2899,27.688,47.759,-6.6647,60.9939,38623000
2023-09-07,180,2022-12-19,2023-09-07,44.314,36.1115,36.8363,122.7143,120.2998,27.688,47.759,-7.2133,60.0477,29227000
2023-09-08,180,2022-12-20,2023-09-08,44.28,36.1994,36.9221,122.3224,119.928,27.688,47.759,-7.2845,59.9249,26975000
2023-09-11,180,2022-12-21,2023-09-11,44.536,36.2888,37.0095,122.7266,120.3368,27.688,47.759,-6.7485,60.8495,29138000
2023-09-12,180,2022-12-22,2023-09-12,43.469,36.3662,37.0854,119.5314,117.2132,27.688,47.759,-8.9826,56.9958,31240000
2023-09-13,180,2022-12-23,2023-09-13,41.224,36.4348,37.149,113.1444,110.9693,27.688,47.759,-13.6833,48.8876,118430000
2023-09-14,180,2022-12-27,2023-09-14,40.049,36.5008,37.2077,109.7207,107.6365,27.688,47.759,-16.1436,44.6439,107090000
2023-09-15,180,2022-12-28,2023-09-15,39.694,36.575,37.2703,108.5277,106.503,27.688,47.759,-16.8869,43.3617,91167000
2023-09-18,180,2022-12-29,2023-09-18,39.44,36.6552,37.3356,107.5974,105.6365,29.112,47.759,-17.4187,35.4768,47047000
2023-09-19,180,2022-12-30,2023-09-19,39.62,36.7233,37.394,107.888,105.9529,29.276,47.759,-17.0418,35.3327,40768000
2023-09-20,180,2023-01-03,2023-09-20,38.63,36.7835,37.4448,105.0199,103.1653,29.276,47.759,-19.1147,31.9511,38666000
2023-09-21,180,2023-01-04,2023-09-21,38.415,36.8428,37.4943,104.2674,102.4555,29.276,47.759,-19.5649,31.2167,55479000
2023-09-22,180,2023-01-05,2023-09-22,37.981,36.888,37.5334,102.963,101.1925,29.276,47.759,-20.4736,29.7343,36928000
2023-09-25,180,2023-01-06,2023-09-25,38.48,36.9357,37.5751,104.181,102.4081,29.276,47.759,-19.4288,31.4387,37573000
2023-09-26,180,2023-01-09,2023-09-26,37.925,36.9761,37.6105,102.5662,100.8361,29.276,47.759,-20.5909,29.543,40894000
2023-09-27,180,2023-01-10,2023-09-27,37.759,37.016,37.6452,102.0073,100.3022,29.276,47.759,-20.9385,28.976,38435000
2023-09-28,180,2023-01-11,2023-09-28,37.636,37.0462,37.6723,101.5922,99.9035,29.276,47.759,-21.196,28.5558,43699000
2023-09-29,180,2023-01-12,2023-09-29,37.76,37.0772,37.7003,101.8414,100.1583,29.276,47.759,-20.9364,28.9794,42053000
2023-10-02,180,2023-01-13,2023-10-02,38.033,37.1078,37.7282,102.4933,100.8079,29.276,47.759,-20.3647,29.9119,31021000
2023-10-03,180,2023-01-17,2023-10-03,37.675,37.1346,37.7526,101.4552,99.7944,29.276,47.759,-21.1143,28.689,88781000
2023-10-04,180,2023-01-18,2023-10-04,37.69,37.1662,37.7808,101.4093,99.7598,29.276,47.759,-21.0829,28.7403,43037000
2023-10-05,180,2023-01-19,2023-10-05,37.259,37.1954,37.8065,100.1709,98.5519,29.276,47.759,-21.9854,27.2681,50348000
2023-10-06,180,2023-01-20,2023-10-06,38.151,37.2374,37.843,102.4534,100.814,29.276,47.759,-20.1177,30.3149,47781000
2023-10-09,180,2023-01-23,2023-10-09,38.595,37.2628,37.8671,103.5752,101.9222,29.276,47.759,-19.188,31.8315,32998000
2023-10-10,180,2023-01-24,2023-10-10,37.332,37.272,37.8759,100.1611,98.5639,29.276,47.759,-21.8325,27.5174,72889000
2023-10-11,180,2023-01-25,2023-10-11,36.593,37.2732,37.8771,98.1751,96.6098,29.276,47.759,-23.3799,24.9932,91514000
2023-10-12,180,2023-01-26,2023-10-12,36.12,37.2693,37.8734,96.9163,95.3705,29.276,47.759,-24.3703,23.3775,73761000
2023-10-13,180,2023-01-27,2023-10-13,35.568,37.2638,37.8682,95.4492,93.9257,29.276,47.759,-25.5261,21.492,63126000
2023-10-16,180,2023-01-30,2023-10-16,36.082,37.2638,37.8683,96.8285,95.2829,29.276,47.759,-24.4498,23.2477,51289000
2023-10-17,180,2023-01-31,2023-10-17,35.572,37.2654,37.8697,95.4558,93.9325,29.276,47.759,-25.5177,21.5057,59084000
2023-10-18,180,2023-02-01,2023-10-18,34.619,37.2606,37.8655,92.9105,91.4263,29.276,47.759,-27.5131,18.2504,114296000
2023-10-19,180,2023-02-02,2023-10-19,40.177,37.2817,37.8876,107.766,106.0427,29.276,47.759,-15.8755,37.2353,280744000
2023-10-20,180,2023-02-03,2023-10-20,40.096,37.2996,37.9065,107.4971,105.7761,29.276,47.759,-16.0451,36.9586,127829000
2023-10-23,180,2023-02-06,2023-10-23,40.684,37.3209,37.9292,109.0114,107.2629,29.276,47.759,-14.814,38.9671,73900000
2023-10-24,180,2023-02-07,2023-10-24,41.373,37.3479,37.9583,110.7773,108.996,29.276,47.759,-13.3713,41.3205,64592000
2023-10-25,180,2023-02-08,2023-10-25,41.125,37.373,37.9851,110.0393,108.2661,29.276,47.759,-13.8906,40.4734,62996000
2023-10-26,180,2023-02-09,2023-10-26,40.354,37.3923,38.0055,107.9207,106.1794,29.276,47.759,-15.5049,37.8399,68497000
2023-10-27,180,2023-02-10,2023-10-27,39.787,37.4113,38.0251,106.3502,104.6334,29.276,47.759,-16.6921,35.9031,49976000
2023-10-30,180,2023-02-13,2023-10-30,41.008,37.4456,38.06,109.5136,107.7457,29.276,47.759,-14.1356,40.0738,53171000
2023-10-31,180,2023-02-14,2023-10-31,41.169,37.4736,38.0895,109.8612,108.0849,29.276,47.759,-13.7984,40.6237,38776000
2023-11-01,180,2023-02-15,2023-11-01,42.019,37.5047,38.123,112.0365,110.2197,29.276,47.759,-12.0187,43.5271,48061000
2023-11-02,180,2023-02-16,2023-11-02,42.471,37.537,38.1581,113.1444,111.3026,29.276,47.759,-11.0723,45.0711,44760000
2023-11-03,180,2023-02-17,2023-11-03,43.236,37.5792,38.2035,115.0531,113.1729,29.276,47.759,-9.4705,47.6841,36671000
2023-11-06,180,2023-02-21,2023-11-06,43.474,37.6242,38.2517,115.5478,113.6525,29.276,47.759,-8.9721,48.4971,30032000
2023-11-07,180,2023-02-22,2023-11-07,43.461,37.6764,38.3056,115.3534,113.4585,29.276,47.759,-8.9994,48.4527,32911000
2023-11-08,180,2023-02-23,2023-11-08,43.665,37.7313,38.3622,115.7261,113.823,29.276,47.759,-8.5722,49.1495,23568000
2023-11-09,180,2023-02-24,2023-11-09,43.515,37.7941,38.4241,115.1371,113.2492,29.276,47.759,-8.8863,48.6371,27355000
2023-11-10,180,2023-02-27,2023-11-10,44.724,37.867,38.4964,118.1081,116.1771,29.276,47.759,-6.3548,52.7668,44406000
2023-11-13,180,2023-02-28,2023-11-13,44.462,37.9345,38.5639,117.2071,115.2942,29.276,47.759,-6.9034,51.8719,28961000
2023-11-14,180,2023-03-01,2023-11-14,44.865,38.0047,38.6342,118.0513,116.1276,29.276,47.759,-6.0596,53.2484,40609000
2023-11-15,180,2023-03-02,2023-11-15,46.194,38.0871,38.7167,121.2851,119.3128,29.276,47.759,-3.2769,57.788,50353000
2023-11-16,180,2023-03-03,2023-11-16,46.695,38.1731,38.8029,122.3243,120.339,29.276,47.759,-2.2279,59.4993,36560000
2023-11-17,180,2023-03-06,2023-11-17,46.591,38.2564,38.8866,121.7862,119.8125,29.276,47.759,-2.4456,59.144,27985000
2023-11-20,180,2023-03-07,2023-11-20,47.447,38.3458,38.9768,123.7345,121.7312,29.276,47.759,-0.6533,62.0679,36176000
2023-11-21,180,2023-03-08,2023-11-21,47.495,38.4389,39.0693,123.5598,121.5659,29.276,47.759,-0.5528,62.2319,29977000
2023-11-22,180,2023-03-09,2023-11-22,47.8,38.5306,39.1617,124.0571,122.0581,29.276,47.8,0.0,63.2737,28416000
2023-11-24,180,2023-03-10,2023-11-24,47.956,38.6359,39.2627,124.1229,122.1415,29.276,47.956,0.0,63.8065,14047000
2023-11-27,180,2023-03-13,2023-11-27,47.917,38.7464,39.3662,123.6682,121.7211,29.351,47.956,-0.0813,63.2551,36259000
2023-11-28,180,2023-03-14,2023-11-28,47.9,38.8568,39.4693,123.2732,121.3602,29.39,47.956,-0.1168,62.9806,28902000
2023-11-29,180,2023-03-15,2023-11-29,47.719,38.9657,39.5705,122.4641,120.5923,29.39,47.956,-0.4942,62.3648,28555000
2023-11-30,180,2023-03-16,2023-11-30,47.397,39.0656,39.6651,121.3265,119.493,29.39,47.956,-1.1657,61.2691,42873000
2023-12-01,180,2023-03-17,2023-12-01,46.574,39.1573,39.7516,118.9409,117.1627,29.39,47.956,-2.8818,58.4689,43415000
2023-12-04,180,2023-03-20,2023-12-04,45.39,39.2505,39.8351,115.6419,113.9447,29.39,47.956,-5.3507,54.4403,51577000
2023-12-05,180,2023-03-21,2023-12-05,45.515,39.3432,39.9185,115.6872,114.0199,29.39,47.956,-5.0901,54.8656,33807000
2023-12-06,180,2023-03-22,2023-12-06,44.673,39.4321,39.9968,113.291,111.6915,29.39,47.956,-6.8459,52.0007,41788000
2023-12-07,180,2023-03-23,2023-12-07,45.2,39.5352,40.0846,114.3286,112.7615,31.755,47.956,-5.7469,42.3398,35067000
2023-12-08,180,2023-03-24,2023-12-08,45.376,39.615,40.1587,114.5425,112.9917,31.755,47.956,-5.3799,42.894,34584000
2023-12-11,180,2023-03-27,2023-12-11,45.989,39.6911,40.2318,115.8674,114.3102,31.755,47.956,-4.1017,44.8244,49297000
2023-12-12,180,2023-03-28,2023-12-12,46.3,39.7693,40.3069,116.4215,114.8685,31.755,47.956,-3.4532,45.8038,33027000
2023-12-13,180,2023-03-29,2023-12-13,47.998,39.858,40.3939,120.4224,118.825,31.755,47.998,0.0,51.151,58202000
2023-12-14,180,2023-03-30,2023-12-14,46.983,39.9361,40.4704,117.6453,116.0922,31.755,47.998,-2.1147,47.9547,51764000
2023-12-15,180,2023-03-31,2023-12-15,47.206,40.0104,40.5447,117.9844,116.4296,31.755,47.998,-1.6501,48.6569,78410000
2023-12-18,180,2023-04-03,2023-12-18,48.612,40.085,40.6228,121.2723,119.6668,31.755,48.612,0.0,53.0846,64107000
2023-12-19,180,2023-04-04,2023-12-19,49.502,40.1611,40.7043,123.2585,121.6136,31.755,49.502,0.0,55.8873,38490000
2023-12-20,180,2023-04-05,2023-12-20,48.927,40.2365,40.7835,121.5984,119.9676,31.755,49.502,-1.1616,54.0765,45637000
2023-12-21,180,2023-04-06,2023-12-21,49.161,40.3165,40.8664,121.9378,120.2968,31.755,49.502,-0.6889,54.8134,27562000
2023-12-22,180,2023-04-10,2023-12-22,48.676,40.3972,40.9483,120.4934,118.8718,31.755,49.502,-1.6686,53.2861,27027000
2023-12-26,180,2023-04-11,2023-12-26,49.119,40.4803,41.0329,121.3406,119.7064,31.755,49.502,-0.7737,54.6812,20345000
2023-12-27,180,2023-04-12,2023-12-27,49.179,40.5645,41.1182,121.2365,119.604,31.755,49.502,-0.6525,54.8701,25613000
2023-12-28,180,2023-04-13,2023-12-28,49.051,40.6545,41.2068,120.6533,119.0362,31.755,49.502,-0.9111,54.467,17105000
2023-12-29,180,2023-04-14,2023-12-29,48.688,40.7313,41.285,119.5347,117.9316,31.755,49.502,-1.6444,53.3239,27406000
2024-01-02,180,2023-04-17,2024-01-02,46.85,40.8069,41.3571,114.8091,113.2816,31.755,49.502,-5.3574,47.5358,50494000
2024-01-03,180,2023-04-18,2024-01-03,47.026,40.8884,41.4335,115.0108,113.4975,31.755,49.502,-5.0018,48.0901,34437000
2024-01-04,180,2023-04-19,2024-01-04,47.467,40.9712,41.5118,115.8546,114.3457,31.755,49.502,-4.1109,49.4788,36365000
2024-01-05,180,2023-04-20,2024-01-05,47.406,41.0633,41.5957,115.4462,113.9685,31.755,49.502,-4.2342,49.2867,26313000
2024-01-08,180,2023-04-21,2024-01-08,48.503,41.1583,41.6844,117.845,116.3577,31.755,49.502,-2.0181,52.7413,36758000
2024-01-09,180,2023-04-24,2024-01-09,48.209,41.2502,41.77,116.8697,115.4153,31.755,49.502,-2.612,51.8155,35268000
2024-01-10,180,2023-04-25,2024-01-10,47.833,41.3401,41.853,115.706,114.2882,31.755,49.502,-3.3716,50.6314,43424000
2024-01-11,180,2023-04-26,2024-01-11,49.223,41.4418,41.9472,118.7761,117.345,31.755,49.502,-0.5636,55.0087,79933000
2024-01-12,180,2023-04-27,2024-01-12,49.216,41.5453,42.0422,118.4634,117.0632,31.755,49.502,-0.5778,54.9866,50037000
2024-01-16,180,2023-04-28,2024-01-16,48.124,41.6406,42.1286,115.57,114.2313,31.755,49.502,-2.7837,51.5478,46790000
2024-01-17,180,2023-05-01,2024-01-17,48.033,41.7322,42.2121,115.0982,113.7896,31.755,49.502,-2.9676,51.2612,48946000
2024-01-18,180,2023-05-02,2024-01-18,48.531,41.8316,42.3017,116.0153,114.7259,31.755,49.502,-1.9615,52.8295,40544000
2024-01-19,180,2023-05-03,2024-01-19,48.295,41.9367,42.3936,115.1617,113.9206,31.93,49.502,-2.4383,51.2527,56724000
2024-01-22,180,2023-05-04,2024-01-22,48.571,42.0418,42.486,115.5303,114.3223,32.078,49.502,-1.8807,51.4153,52123000
2024-01-23,180,2023-05-05,2024-01-23,49.219,42.1486,42.5812,116.7748,115.5885,32.276,49.502,-0.5717,52.4941,155060000
2024-01-24,180,2023-05-08,2024-01-24,54.487,42.2737,42.7046,128.8911,127.5904,33.121,54.487,0.0,64.5089,264328000
2024-01-25,180,2023-05-09,2024-01-25,56.2,42.3971,42.8329,132.5562,131.2077,33.214,56.2,0.0,69.2058,94519000
2024-01-26,180,2023-05-10,2024-01-26,57.042,42.5231,42.9652,134.1436,132.7632,33.375,57.042,0.0,70.9124,127706000
2024-01-29,180,2023-05-11,2024-01-29,57.579,42.6485,43.0988,135.0083,133.5978,33.375,57.579,0.0,72.5213,69054000
2024-01-30,180,2023-05-12,2024-01-30,56.285,42.7624,43.2199,131.6228,130.2293,33.375,57.579,-2.2473,68.6442,61818000
2024-01-31,180,2023-05-15,2024-01-31,56.411,42.8815,43.3445,131.5509,130.1457,33.375,57.579,-2.0285,69.0217,48576000
2024-02-01,180,2023-05-16,2024-02-01,56.751,43.006,43.4732,131.9607,130.5426,33.375,57.579,-1.438,70.0404,31740000
2024-02-02,180,2023-05-17,2024-02-02,56.464,43.1322,43.6014,130.909,129.5003,33.996,57.579,-1.9365,66.0901,40328000
2024-02-05,180,2023-05-18,2024-02-05,56.206,43.2527,43.7248,129.9479,128.5448,34.619,57.579,-2.3845,62.3559,41431000
2024-02-06,180,2023-05-19,2024-02-06,55.588,43.3459,43.8274,128.2429,126.8339,34.619,57.579,-3.4579,60.5708,28403000
2024-02-07,180,2023-05-22,2024-02-07,55.93,43.4452,43.9351,128.737,127.3013,34.619,57.579,-2.8639,61.5587,43736000
2024-02-08,180,2023-05-23,2024-02-08,55.853,43.5465,44.0438,128.2606,126.8125,34.619,57.579,-2.9976,61.3363,31755000
2024-02-09,180,2023-05-24,2024-02-09,56.132,43.655,44.1578,128.5808,127.1168,34.619,57.579,-2.5131,62.1422,30557000
2024-02-12,180,2023-05-25,2024-02-12,55.785,43.7557,44.265,127.4921,126.0249,34.619,57.579,-3.1157,61.1398,36085000
2024-02-13,180,2023-05-26,2024-02-13,55.452,43.8604,44.3737,126.4284,124.966,34.619,57.579,-3.6941,60.1779,35115000
2024-02-14,180,2023-05-30,2024-02-14,57.933,43.9582,44.485,131.7911,130.2303,34.619,57.933,0.0,67.3445,56342000
2024-02-15,180,2023-05-31,2024-02-15,59.346,44.0507,44.5964,134.7221,133.0735,34.619,59.346,0.0,71.4261,52209000
2024-02-16,180,2023-06-01,2024-02-16,58.395,44.139,44.7013,132.298,130.6339,34.619,59.346,-1.6025,68.6791,43257000
2024-02-20,180,2023-06-02,2024-02-20,57.513,44.2194,44.7968,130.0627,128.3864,34.619,59.346,-3.0887,66.1313,31242000
2024-02-21,180,2023-06-05,2024-02-21,57.335,44.3014,44.8929,129.4203,127.7152,34.619,59.346,-3.3886,65.6171,22706000
2024-02-22,180,2023-06-06,2024-02-22,58.847,44.3865,44.9956,132.5787,130.7839,34.619,59.346,-0.8408,69.9847,35266000
2024-02-23,180,2023-06-07,2024-02-23,58.356,44.4732,45.098,131.2161,129.3983,34.619,59.346,-1.6682,68.5664,25689000
2024-02-26,180,2023-06-08,2024-02-26,58.765,44.5612,45.2023,131.8747,130.0043,34.619,59.346,-0.979,69.7478,23937000
2024-02-27,180,2023-06-09,2024-02-27,60.167,44.6475,45.3092,134.76,132.7921,34.619,60.167,0.0,73.7976,44894000
2024-02-28,180,2023-06-12,2024-02-28,59.648,44.7257,45.4072,133.3641,131.3624,34.619,60.167,-0.8626,72.2985,26052000
2024-02-29,180,2023-06-13,2024-02-29,60.292,44.8036,45.5066,134.5695,132.4906,34.619,60.292,0.0,74.1587,35721000
2024-03-01,180,2023-06-14,2024-03-01,61.934,44.8796,45.6086,138.0003,135.7945,34.619,61.934,0.0,78.9018,42703000
2024-03-04,180,2023-06-15,2024-03-04,61.583,44.9518,45.7058,136.9977,134.7377,34.619,61.934,-0.5667,77.8879,30203000
2024-03-05,180,2023-06-16,2024-03-05,59.85,45.0165,45.791,132.9513,130.7026,34.619,61.934,-3.3649,72.8819,38496000
2024-03-06,180,2023-06-20,2024-03-06,59.769,45.0889,45.883,132.5582,130.2638,34.619,61.934,-3.4957,72.648,24696000
2024-03-07,180,2023-06-21,2024-03-07,60.851,45.1632,45.9796,134.7358,132.3435,34.619,61.934,-1.7486,75.7734,27428000
2024-03-08,180,2023-06-22,2024-03-08,60.482,45.243,46.0798,133.6827,131.2549,34.619,61.934,-2.3444,74.7075,27772000
2024-03-11,180,2023-06-23,2024-03-11,60.093,45.323,46.1789,132.5882,130.1307,34.619,61.934,-2.9725,73.5839,25009000
2024-03-12,180,2023-06-26,2024-03-12,61.108,45.4056,46.2829,134.5826,132.0316,34.619,61.934,-1.3337,76.5158,28216000
2024-03-13,180,2023-06-27,2024-03-13,60.945,45.4932,46.3904,133.9651,131.3742,34.619,61.934,-1.5969,76.045,21921000
2024-03-14,180,2023-06-28,2024-03-14,61.301,45.5815,46.4992,134.4867,131.8323,34.619,61.934,-1.0221,77.0733,31205000
2024-03-15,180,2023-06-29,2024-03-15,60.588,45.6596,46.597,132.6949,130.0255,34.619,61.934,-2.1733,75.0137,66716000
2024-03-18,180,2023-06-30,2024-03-18,61.839,45.7429,46.7027,135.1881,132.41,34.619,61.934,-0.1534,78.6274,33442000
2024-03-19,180,2023-07-03,2024-03-19,62.074,45.8197,46.8028,135.4745,132.6288,34.619,62.074,0.0,79.3062,21426000
2024-03-20,180,2023-07-05,2024-03-20,62.769,45.8982,46.9063,136.7569,133.8179,34.619,62.769,0.0,81.3137,26395000
2024-03-21,180,2023-07-06,2024-03-21,62.271,45.9729,47.0045,135.4516,132.4788,34.619,62.769,-0.7934,79.8752,25077000
2024-03-22,180,2023-07-07,2024-03-22,62.801,46.0536,47.1096,136.365,133.3083,34.619,62.801,0.0,81.4062,21357000
2024-03-25,180,2023-07-10,2024-03-25,62.746,46.1349,47.2148,136.0054,132.8948,34.619,62.801,-0.0876,81.2473,18033000
2024-03-26,180,2023-07-11,2024-03-26,62.924,46.2148,47.319,136.1554,132.9784,34.619,62.924,0.0,81.7615,28045000
2024-03-27,180,2023-07-12,2024-03-27,61.353,46.2911,47.4153,132.5373,129.395,34.619,62.924,-2.4967,77.2235,26283000
2024-03-28,180,2023-07-13,2024-03-28,60.733,46.3633,47.506,130.9937,127.8429,34.619,62.924,-3.482,75.4326,37088000
2024-04-01,180,2023-07-14,2024-04-01,61.431,46.4342,47.597,132.297,129.0647,34.619,62.924,-2.3727,77.4488,21159000
2024-04-02,180,2023-07-17,2024-04-02,61.421,46.5103,47.6928,132.0588,128.7847,34.619,62.924,-2.3886,77.4199,20292000
2024-04-03,180,2023-07-18,2024-04-03,63.008,46.5868,47.7928,135.2487,131.8358,34.619,63.008,0.0,82.0041,29312000
2024-04-04,180,2023-07-19,2024-04-04,61.714,46.6454,47.8719,132.3046,128.915,34.619,63.008,-2.0537,78.2663,30643000
2024-04-05,180,2023-07-20,2024-04-05,63.618,46.7086,47.96,136.202,132.6481,34.619,63.618,0.0,83.7661,33788000
2024-04-08,180,2023-07-21,2024-04-08,62.841,46.7929,48.0661,134.2959,130.7388,34.619,63.618,-1.2214,81.5217,21457000
2024-04-09,180,2023-07-24,2024-04-09,61.82,46.8809,48.172,131.8661,128.3318,34.619,63.618,-2.8262,78.5725,21436000
2024-04-10,180,2023-07-25,2024-04-10,61.858,46.9687,48.2777,131.7005,128.1296,34.619,63.618,-2.7665,78.6822,28062000
2024-04-11,180,2023-07-26,2024-04-11,62.878,47.0605,48.3894,133.6109,129.9417,34.619,63.618,-1.1632,81.6286,26627000
2024-04-12,180,2023-07-27,2024-04-12,62.283,47.1543,48.5006,132.0835,128.417,34.619,63.618,-2.0985,79.9099,29593000
2024-04-15,180,2023-07-28,2024-04-15,60.715,47.25,48.6084,128.4974,124.9065,34.619,63.618,-4.5632,75.3806,30854000
2024-04-16,180,2023-07-31,2024-04-16,61.752,47.3406,48.7149,130.442,126.7621,34.619,63.618,-2.9331,78.376,35191000
2024-04-17,180,2023-08-01,2024-04-17,61.369,47.4215,48.812,129.4118,125.7253,34.619,63.618,-3.5352,77.2697,33122000
2024-04-18,180,2023-08-02,2024-04-18,61.056,47.5018,48.9075,128.534,124.8398,34.619,63.618,-4.0272,76.3656,84684000
2024-04-19,180,2023-08-03,2024-04-19,55.504,47.5678,48.9771,116.684,113.3264,34.619,63.618,-12.7542,60.3282,164497000
2024-04-22,180,2023-08-04,2024-04-22,55.46,47.6329,49.0458,116.4322,113.078,34.619,63.618,-12.8234,60.201,85977000
2024-04-23,180,2023-08-07,2024-04-23,57.775,47.7069,49.127,121.1041,117.6034,34.619,63.618,-9.1845,66.8881,49755000
2024-04-24,180,2023-08-08,2024-04-24,55.512,47.7661,49.1905,116.2164,112.851,34.619,63.618,-12.7417,60.3513,53553000
2024-04-25,180,2023-08-09,2024-04-25,56.48,47.8309,49.2608,118.0826,114.6551,34.619,63.618,-11.2201,63.1474,38071000
2024-04-26,180,2023-08-10,2024-04-26,56.123,47.9009,49.3343,117.1648,113.7606,34.619,63.618,-11.7813,62.1162,43326000
2024-04-29,180,2023-08-11,2024-04-29,55.949,47.9696,49.4063,116.6343,113.2427,34.619,63.618,-12.0548,61.6136,25089000
2024-04-30,180,2023-08-14,2024-04-30,55.064,48.0407,49.4779,114.6194,111.2901,34.619,63.618,-13.4459,59.0572,33615000
2024-05-01,180,2023-08-15,2024-05-01,55.171,48.1082,49.5468,114.6812,111.3514,34.619,63.618,-13.2777,59.3663,34732000
2024-05-02,180,2023-08-16,2024-05-02,56.515,48.1842,49.6253,117.2894,113.8833,34.619,63.618,-11.1651,63.2485,30682000
2024-05-03,180,2023-08-17,2024-05-03,57.934,48.2722,49.7164,120.0152,116.529,34.619,63.618,-8.9346,67.3474,33075000
2024-05-06,180,2023-08-18,2024-05-06,59.697,48.3768,49.8242,123.4,119.8154,34.619,63.618,-6.1634,72.44,36863000
2024-05-07,180,2023-08-21,2024-05-07,60.6,48.4839,49.9361,124.9899,121.3551,34.619,63.618,-4.7439,75.0484,36141000
2024-05-08,180,2023-08-22,2024-05-08,60.947,48.5897,50.0478,125.4319,121.7775,34.619,63.618,-4.1985,76.0507,30939000
2024-05-09,180,2023-08-23,2024-05-09,61.209,48.6931,50.1584,125.7036,122.0315,34.619,63.618,-3.7867,76.8075,20654000
2024-05-10,180,2023-08-24,2024-05-10,61.087,48.7857,50.2602,125.2149,121.5415,34.619,63.618,-3.9784,76.4551,26536000
2024-05-13,180,2023-08-25,2024-05-13,61.659,48.8965,50.3767,126.1011,122.3959,34.619,63.618,-3.0793,78.1074,20862000
2024-05-14,180,2023-08-28,2024-05-14,61.366,48.9995,50.4865,125.238,121.5494,34.619,63.618,-3.5399,77.261,27924000
2024-05-15,180,2023-08-29,2024-05-15,61.352,49.1014,50.5951,124.9497,121.2608,34.619,63.618,-3.5619,77.2206,56706000
2024-05-16,180,2023-08-30,2024-05-16,61.052,49.1937,50.6954,124.1054,120.4292,34.619,63.618,-4.0335,76.354,30564000
2024-05-17,180,2023-08-31,2024-05-17,62.11,49.2867,50.7989,126.0178,122.2663,34.619,63.618,-2.3704,79.4102,37827000
2024-05-20,180,2023-09-01,2024-05-20,64.082,49.3875,50.914,129.7536,125.8632,34.619,64.082,0.0,85.1065,38579000
2024-05-21,180,2023-09-05,2024-05-21,65.061,49.4874,51.0311,131.4697,127.4929,34.619,65.061,0.0,87.9344,29202000
2024-05-22,180,2023-09-06,2024-05-22,64.047,49.5784,51.1376,129.1832,125.2444,34.619,65.061,-1.5585,85.0053,21762000
2024-05-23,180,2023-09-07,2024-05-23,63.567,49.6701,51.2431,127.9784,124.0498,34.619,65.061,-2.2963,83.6188,23139000
2024-05-24,180,2023-09-08,2024-05-24,64.675,49.7677,51.3563,129.9538,125.934,34.619,65.061,-0.5933,86.8194,26153000
2024-05-28,180,2023-09-11,2024-05-28,64.9,49.8666,51.4708,130.1472,126.0909,34.619,65.061,-0.2475,87.4693,26095000
2024-05-29,180,2023-09-12,2024-05-29,65.462,49.966,51.5871,131.0132,126.8961,34.619,65.462,0.0,89.0927,36959000
2024-05-30,180,2023-09-13,2024-05-30,64.766,50.0711,51.7054,129.3481,125.2597,34.619,65.462,-1.0632,87.0822,23889000
2024-05-31,180,2023-09-14,2024-05-31,64.162,50.1922,51.8328,127.8327,123.7864,34.619,65.462,-1.9859,85.3375,40710000
2024-06-03,180,2023-09-15,2024-06-03,63.379,50.3212,51.9624,125.949,121.9708,34.619,65.462,-3.182,83.0758,23235000
2024-06-04,180,2023-09-18,2024-06-04,63.162,50.4532,52.0928,125.1893,121.249,34.619,65.462,-3.5135,82.4489,30082000
2024-06-05,180,2023-09-19,2024-06-05,65.027,50.5947,52.235,128.5254,124.4894,34.619,65.462,-0.6645,87.8362,26826000
2024-06-06,180,2023-09-20,2024-06-06,64.852,50.7347,52.3751,127.8257,123.8221,34.619,65.462,-0.9318,87.3307,24667000
2024-06-07,180,2023-09-21,2024-06-07,64.147,50.8824,52.5169,126.0692,122.1455,34.619,65.462,-2.0088,85.2942,18766000
2024-06-10,180,2023-09-22,2024-06-10,64.45,51.0341,52.6615,126.2881,122.3853,34.619,65.462,-1.5459,86.1694,20644000
2024-06-11,180,2023-09-25,2024-06-11,64.855,51.1924,52.8108,126.6886,122.8062,34.619,65.462,-0.9272,87.3393,21674000
2024-06-12,180,2023-09-26,2024-06-12,65.006,51.3473,52.9582,126.6006,122.7496,34.619,65.462,-0.6966,87.7755,20944000
2024-06-13,180,2023-09-27,2024-06-13,65.326,51.5098,53.1104,126.8224,123.0003,34.619,65.462,-0.2078,88.6998,18636000
2024-06-14,180,2023-09-28,2024-06-14,66.938,51.6805,53.2725,129.5226,125.652,34.619,66.938,0.0,93.3563,44471000
2024-06-17,180,2023-09-29,2024-06-17,67.583,51.8558,53.4389,130.3286,126.4678,34.619,67.583,0.0,95.2194,36312000
2024-06-18,180,2023-10-02,2024-06-18,68.567,52.0342,53.6101,131.7729,127.8995,34.619,68.567,0.0,98.0618,29438000
2024-06-20,180,2023-10-03,2024-06-20,67.903,52.2088,53.776,130.0605,126.2701,34.619,68.567,-0.9684,96.1437,25851000
2024-06-21,180,2023-10-04,2024-06-21,68.612,52.3906,53.9479,130.9623,127.182,34.619,68.612,0.0,98.1918,45064000
2024-06-24,180,2023-10-05,2024-06-24,66.902,52.5679,54.1102,127.2678,123.6404,34.619,68.612,-2.4923,93.2523,39163000
2024-06-25,180,2023-10-06,2024-06-25,67.241,52.7523,54.2767,127.4656,123.8855,34.619,68.612,-1.9982,94.2315,22706000
2024-06-26,180,2023-10-09,2024-06-26,67.769,52.93,54.4413,128.0352,124.4809,34.619,68.612,-1.2287,95.7567,35458000
2024-06-27,180,2023-10-10,2024-06-27,68.434,53.1064,54.607,128.8621,125.3208,34.619,68.612,-0.2594,97.6776,24048000
2024-06-28,180,2023-10-11,2024-06-28,67.488,53.2946,54.7746,126.632,123.2104,34.619,68.612,-1.6382,94.945,34124000
2024-07-01,180,2023-10-12,2024-07-01,67.361,53.4923,54.9455,125.9266,122.596,34.619,68.612,-1.8233,94.5781,22128000
2024-07-02,180,2023-10-13,2024-07-02,67.958,53.6993,55.1224,126.5529,123.2857,34.619,68.612,-0.9532,96.3026,24114000
2024-07-03,180,2023-10-16,2024-07-03,68.251,53.9158,55.304,126.5881,123.4107,34.619,68.612,-0.5261,97.149,14035000
2024-07-05,180,2023-10-17,2024-07-05,69.065,54.1304,55.4872,127.59,124.4702,34.619,69.065,0.0,99.5003,26591000
2024-07-08,180,2023-10-18,2024-07-08,68.574,54.3515,55.6705,126.1675,123.1782,34.619,69.065,-0.7109,98.082,19308000
2024-07-09,180,2023-10-19,2024-07-09,68.574,54.5873,55.8592,125.6226,122.7623,39.787,69.065,-0.7109,72.3528,25961000
2024-07-10,180,2023-10-20,2024-07-10,67.765,54.7556,56.0124,123.7591,120.982,39.787,69.065,-1.8823,70.3195,26519000
2024-07-11,180,2023-10-23,2024-07-11,65.275,54.9163,56.1523,118.8628,116.2463,39.787,69.065,-5.4876,64.0611,51066000
2024-07-12,180,2023-10-24,2024-07-12,64.76,55.0698,56.2861,117.5962,115.0551,39.787,69.065,-6.2333,62.7667,33552000
2024-07-15,180,2023-10-25,2024-07-15,65.645,55.2208,56.4209,118.8773,116.3487,39.787,69.065,-4.9519,64.9911,32088000
2024-07-16,180,2023-10-26,2024-07-16,65.632,55.375,56.5571,118.5227,116.0456,39.787,69.065,-4.9707,64.9584,26857000
2024-07-17,180,2023-10-27,2024-07-17,64.746,55.5345,56.6926,116.5869,114.2054,39.787,69.065,-6.2535,62.7316,40173000
2024-07-18,180,2023-10-30,2024-07-18,64.304,55.6992,56.8288,115.4487,113.1539,41.008,69.065,-6.8935,56.8084,75758000
2024-07-19,180,2023-10-31,2024-07-19,63.334,55.8478,56.9528,113.4047,111.2043,41.169,69.065,-8.298,53.8391,98156000
2024-07-22,180,2023-11-01,2024-07-22,64.75,56.0015,57.0838,115.622,113.4297,42.019,69.065,-6.2477,54.097,52191000
2024-07-23,180,2023-11-02,2024-07-23,64.276,56.1454,57.2075,114.4813,112.3559,42.471,69.065,-6.934,51.3409,24636000
2024-07-24,180,2023-11-03,2024-07-24,63.599,56.2827,57.3249,112.9991,110.9449,43.236,69.065,-7.9143,47.0973,48882000
2024-07-25,180,2023-11-06,2024-07-25,63.409,56.4125,57.4369,112.4023,110.3976,43.461,69.065,-8.1894,45.8986,45545000
2024-07-26,180,2023-11-07,2024-07-26,63.137,56.5395,57.5462,111.6689,109.7154,43.461,69.065,-8.5832,45.2728,31207000
2024-07-29,180,2023-11-08,2024-07-29,62.696,56.6651,57.653,110.643,108.7471,43.515,69.065,-9.2218,44.0791,24005000
2024-07-30,180,2023-11-09,2024-07-30,62.258,56.7874,57.7563,109.6335,107.7942,43.515,69.065,-9.8559,43.0725,34966000
2024-07-31,180,2023-11-10,2024-07-31,62.835,56.9143,57.8637,110.4029,108.5915,44.462,69.065,-9.0205,41.3229,31349000
2024-08-01,180,2023-11-13,2024-08-01,62.485,57.0289,57.9623,109.5673,107.8028,44.462,69.065,-9.5273,40.5357,37206000
2024-08-02,180,2023-11-14,2024-08-02,61.364,57.141,58.0562,107.3905,105.6975,44.673,69.065,-11.1504,37.3626,35230000
2024-08-05,180,2023-11-15,2024-08-05,59.855,57.2424,58.1395,104.564,102.9506,44.673,69.065,-13.3353,33.9847,40442000
2024-08-06,180,2023-11-16,2024-08-06,60.957,57.338,58.2215,106.3116,104.6984,44.673,69.065,-11.7397,36.4516,43191000
2024-08-07,180,2023-11-17,2024-08-07,61.148,57.4306,58.3018,106.4728,104.8818,44.673,69.065,-11.4631,36.8791,31878000
2024-08-08,180,2023-11-20,2024-08-08,63.035,57.5334,58.3932,109.5624,107.9492,44.673,69.065,-8.7309,41.1031,32835000
2024-08-09,180,2023-11-21,2024-08-09,63.394,57.6311,58.4818,109.9997,108.3996,44.673,69.065,-8.2111,41.9067,19808000
2024-08-12,180,2023-11-22,2024-08-12,63.314,57.7283,58.5697,109.6758,108.1003,44.673,69.065,-8.3269,41.7277,23317000
2024-08-13,180,2023-11-24,2024-08-13,64.802,57.8301,58.6641,112.0558,110.4628,44.673,69.065,-6.1724,45.0585,26396000
2024-08-14,180,2023-11-27,2024-08-14,66.168,57.937,58.7653,114.2069,112.5971,44.673,69.065,-4.1946,48.1163,40143000
2024-08-15,180,2023-11-28,2024-08-15,66.322,58.0452,58.8675,114.2593,112.6631,44.673,69.065,-3.9716,48.461,32102000
2024-08-16,180,2023-11-29,2024-08-16,67.407,58.1585,58.9759,115.9023,114.2958,44.673,69.065,-2.4006,50.8898,35110000
2024-08-19,180,2023-11-30,2024-08-19,68.853,58.2796,59.0933,118.1426,116.5157,44.673,69.065,-0.307,54.1266,30162000
2024-08-20,180,2023-12-01,2024-08-20,69.854,58.4079,59.2181,119.5969,117.9606,44.673,69.854,0.0,56.3674,48131000
2024-08-21,180,2023-12-04,2024-08-21,69.712,58.5432,59.3466,119.0778,117.4658,44.673,69.854,-0.2033,56.0495,22353000
2024-08-22,180,2023-12-05,2024-08-22,68.896,58.6867,59.4772,117.3963,115.8359,44.673,69.854,-1.3714,54.2229,27294000
2024-08-23,180,2023-12-06,2024-08-23,68.673,58.8288,59.6059,116.7336,115.2118,44.673,69.854,-1.6907,53.7237,23545000
2024-08-26,180,2023-12-07,2024-08-26,68.844,58.9803,59.7402,116.7237,115.2391,45.2,69.854,-1.4459,52.3097,13542000
2024-08-27,180,2023-12-08,2024-08-27,69.572,59.1305,59.8756,117.6584,116.1943,45.376,69.854,-0.4037,53.3233,31649000
2024-08-28,180,2023-12-11,2024-08-28,68.384,59.2749,60.0034,115.3676,113.9669,45.989,69.854,-2.1044,48.6964,24306000
2024-08-29,180,2023-12-12,2024-08-29,69.248,59.4178,60.1326,116.5443,115.1588,46.3,69.854,-0.8675,49.5637,21870000
2024-08-30,180,2023-12-13,2024-08-30,70.135,59.5621,60.265,117.7511,116.3776,46.85,70.135,0.0,49.7012,32667000
2024-09-03,180,2023-12-14,2024-09-03,67.532,59.6811,60.3735,113.1548,111.8569,46.85,70.135,-3.7114,44.1451,31610000
2024-09-04,180,2023-12-15,2024-09-04,67.968,59.8114,60.4901,113.6372,112.3622,46.85,70.135,-3.0898,45.0758,17853000
2024-09-05,180,2023-12-18,2024-09-05,68.362,59.942,60.6077,114.0469,112.7943,46.85,70.135,-2.528,45.9168,18101000
2024-09-06,180,2023-12-19,2024-09-06,66.577,60.053,60.7075,110.8638,109.6686,46.85,70.135,-5.0731,42.1067,29913000
2024-09-09,180,2023-12-20,2024-09-09,67.542,60.1613,60.8077,112.2682,111.0748,46.85,70.135,-3.6972,44.1665,26831000
2024-09-10,180,2023-12-21,2024-09-10,67.362,60.274,60.9101,111.7597,110.5925,46.85,70.135,-3.9538,43.7823,20792000
2024-09-11,180,2023-12-22,2024-09-11,68.147,60.3886,61.0156,112.8475,111.6879,46.85,70.135,-2.8345,45.4579,23919000
2024-09-12,180,2023-12-26,2024-09-12,68.68,60.51,61.1267,113.5018,112.3568,46.85,70.135,-2.0746,46.5955,25821000
2024-09-13,180,2023-12-27,2024-09-13,69.706,60.6326,61.2411,114.9646,113.8223,46.85,70.135,-0.6117,48.7855,22765000
2024-09-16,180,2023-12-28,2024-09-16,69.65,60.7549,61.3548,114.6409,113.52,46.85,70.135,-0.6915,48.666,18437000
2024-09-17,180,2023-12-29,2024-09-17,70.691,60.8832,61.475,116.1093,114.9914,46.85,70.691,0.0,50.888,22986000
2024-09-18,180,2024-01-02,2024-09-18,69.047,61.0081,61.5881,113.1767,112.1109,46.85,70.691,-2.3256,47.3789,29844000
2024-09-19,180,2024-01-03,2024-09-19,70.432,61.1563,61.7191,115.1673,114.1169,47.026,70.691,-0.3664,49.7725,42285000
2024-09-20,180,2024-01-04,2024-09-20,70.103,61.3021,61.8474,114.3567,113.3484,47.406,70.691,-0.8318,47.8779,39981000
2024-09-23,180,2024-01-05,2024-09-23,70.537,61.4462,61.9755,114.7946,113.8143,47.406,70.691,-0.2178,48.7934,32243000
2024-09-24,180,2024-01-08,2024-09-24,72.226,61.5987,62.1134,117.2525,116.2808,47.833,72.226,0.0,50.9962,35657000
2024-09-25,180,2024-01-09,2024-09-25,72.156,61.7415,62.2448,116.868,115.9229,47.833,72.226,-0.0969,50.8498,22598000
2024-09-26,180,2024-01-10,2024-09-26,71.143,61.8834,62.3722,114.963,114.062,47.833,72.226,-1.4995,48.732,28330000
2024-09-27,180,2024-01-11,2024-09-27,70.735,62.0278,62.4995,114.0377,113.177,48.033,72.226,-2.0643,47.2633,23956000
2024-09-30,180,2024-01-12,2024-09-30,70.927,62.1609,62.62,114.1022,113.2657,48.033,72.226,-1.7985,47.6631,17099000
2024-10-01,180,2024-01-16,2024-10-01,70.613,62.2934,62.7389,113.3556,112.5506,48.033,72.226,-2.2333,47.0093,28135000
2024-10-02,180,2024-01-17,2024-10-02,71.109,62.4385,62.8666,113.8865,113.1109,48.033,72.226,-1.5465,48.042,17582000
2024-10-03,180,2024-01-18,2024-10-03,70.68,62.5833,62.9924,112.9374,112.204,48.295,72.226,-2.1405,46.3506,22564000
2024-10-04,180,2024-01-19,2024-10-04,71.97,62.7297,63.1226,114.7304,114.0161,48.295,72.226,-0.3544,49.0216,22290000
2024-10-07,180,2024-01-22,2024-10-07,70.192,62.8712,63.2443,111.6441,110.9855,48.571,72.226,-2.8162,44.5142,33605000
2024-10-08,180,2024-01-23,2024-10-08,72.176,63.0194,63.3754,114.5298,113.8864,49.219,72.226,-0.0692,46.6426,31874000
2024-10-09,180,2024-01-24,2024-10-09,72.743,63.1647,63.5061,115.164,114.5449,54.487,72.743,0.0,33.5052,19811000
2024-10-10,180,2024-01-25,2024-10-10,73.029,63.2682,63.6091,115.4277,114.809,55.064,73.029,0.0,32.6257,27679000
2024-10-11,180,2024-01-26,2024-10-11,72.279,63.3563,63.6985,114.0833,113.4706,55.064,73.029,-1.027,31.2636,22995000
2024-10-14,180,2024-01-29,2024-10-14,71.3,63.4346,63.7777,112.3992,111.7946,55.064,73.029,-2.3675,29.4857,27971000
2024-10-15,180,2024-01-30,2024-10-15,70.598,63.5063,63.85,111.1669,110.5685,55.064,73.029,-3.3288,28.2108,29328000
2024-10-16,180,2024-01-31,2024-10-16,70.2,63.5853,63.9273,110.4029,109.8122,55.064,73.029,-3.8738,27.488,24943000
2024-10-17,180,2024-02-01,2024-10-17,68.765,63.6569,63.9959,108.0244,107.4521,55.064,73.029,-5.8388,24.882,89267000
2024-10-18,180,2024-02-02,2024-10-18,76.389,63.759,64.105,119.8089,119.1622,55.064,76.389,0.0,38.7277,159741000
2024-10-21,180,2024-02-05,2024-10-21,77.207,63.8667,64.2203,120.8877,120.2222,55.064,77.207,0.0,40.2132,60571000
2024-10-22,180,2024-02-06,2024-10-22,76.424,63.9735,64.3326,119.4619,118.7952,55.064,77.207,-1.0142,38.7912,29873000
2024-10-23,180,2024-02-07,2024-10-23,74.929,64.0793,64.44,116.9317,116.2771,55.064,77.207,-2.9505,36.0762,37490000
2024-10-24,180,2024-02-08,2024-10-24,75.455,64.185,64.5485,117.5586,116.8966,55.064,77.207,-2.2692,37.0315,26430000
2024-10-25,180,2024-02-09,2024-10-25,75.468,64.2917,64.6575,117.3838,116.7197,55.064,77.207,-2.2524,37.0551,28195000
2024-10-28,180,2024-02-12,2024-10-28,74.912,64.3944,64.7618,116.3331,115.6731,55.064,77.207,-2.9725,36.0453,28624000
2024-10-29,180,2024-02-13,2024-10-29,75.944,64.5042,64.8738,117.735,117.0642,55.064,77.207,-1.6359,37.9195,36604000
2024-10-30,180,2024-02-14,2024-10-30,75.374,64.6146,64.9845,116.6517,115.9877,55.064,77.207,-2.3741,36.8844,17220000
2024-10-31,180,2024-02-15,2024-10-31,75.603,64.7083,65.0827,116.8367,116.1646,55.064,77.207,-2.0775,37.3002,30577000
2024-11-01,180,2024-02-16,2024-11-01,75.61,64.7927,65.173,116.6952,116.0143,55.064,77.207,-2.0685,37.3129,29968000
2024-11-04,180,2024-02-20,2024-11-04,75.551,64.8835,65.2683,116.441,115.7545,55.064,77.207,-2.1449,37.2058,19022000
2024-11-05,180,2024-02-21,2024-11-05,76.391,64.9842,65.3732,117.5532,116.8537,55.064,77.207,-1.0569,38.7313,22006000
2024-11-06,180,2024-02-22,2024-11-06,78.021,65.0929,65.4881,119.8611,119.1376,55.064,78.021,0.0,41.6915,36908000
2024-11-07,180,2024-02-23,2024-11-07,79.654,65.1975,65.6037,122.1734,121.4169,55.064,79.654,0.0,44.6571,32951000
2024-11-08,180,2024-02-26,2024-11-08,79.504,65.3053,65.7212,121.742,120.9716,55.064,79.654,-0.1883,44.3847,19106000
2024-11-11,180,2024-02-27,2024-11-11,80.544,65.4145,65.8422,123.1286,122.3288,55.064,80.544,0.0,46.2734,23992000
2024-11-12,180,2024-02-28,2024-11-12,81.95,65.5197,65.9632,125.0768,124.2359,55.064,81.95,0.0,48.8268,28141000
2024-11-13,180,2024-02-29,2024-11-13,83.047,65.6326,66.0932,126.5332,125.6513,55.064,83.047,0.0,50.819,27678000
2024-11-14,180,2024-03-01,2024-11-14,83.726,65.7439,66.2234,127.3518,126.4296,55.064,83.726,0.0,52.0522,30382000
2024-11-15,180,2024-03-04,2024-11-15,82.396,65.8403,66.3371,125.1453,124.2081,55.064,83.726,-1.5885,49.6368,36737000
2024-11-18,180,2024-03-05,2024-11-18,84.705,65.9472,66.4655,128.4437,127.442,55.064,84.705,0.0,53.8301,40812000
2024-11-19,180,2024-03-06,2024-11-19,87.132,66.0739,66.6171,131.8706,130.7952,55.064,87.132,0.0,58.2377,38142000
2024-11-20,180,2024-03-07,2024-11-20,88.385,66.2055,66.7761,133.501,132.3603,55.064,88.385,0.0,60.5132,40938000
2024-11-21,180,2024-03-08,2024-11-21,89.748,66.3346,66.9366,135.2959,134.0791,55.064,89.748,0.0,62.9885,45113000
2024-11-22,180,2024-03-11,2024-11-22,89.779,66.4668,67.0994,135.0735,133.8,55.064,89.779,0.0,63.0448,32140000
2024-11-25,180,2024-03-12,2024-11-25,86.559,66.5919,67.2464,129.9843,128.7191,55.064,89.779,-3.5866,57.1971,60142000
2024-11-26,180,2024-03-13,2024-11-26,87.26,66.7129,67.3917,130.7993,129.4818,55.064,89.779,-2.8058,58.4702,31383000
2024-11-27,180,2024-03-14,2024-11-27,87.734,66.837,67.5405,131.2656,129.8983,55.064,89.779,-2.2778,59.331,25782000
2024-11-29,180,2024-03-15,2024-11-29,88.681,66.9623,67.6926,132.4343,131.0054,55.064,89.779,-1.223,61.0508,20272000
2024-12-02,180,2024-03-18,2024-12-02,89.774,67.0962,67.8548,133.799,132.3031,55.064,89.779,-0.0056,63.0357,23890000
2024-12-03,180,2024-03-19,2024-12-03,90.217,67.2237,68.0124,134.2043,132.6478,55.064,90.217,0.0,63.8403,24016000
2024-12-04,180,2024-03-20,2024-12-04,91.106,67.3528,68.1737,135.2669,133.638,55.064,91.106,0.0,65.4548,26896000
2024-12-05,180,2024-03-21,2024-12-05,91.787,67.48,68.3349,136.0211,134.3193,55.064,91.787,0.0,66.6915,28353000
2024-12-06,180,2024-03-22,2024-12-06,93.474,67.6158,68.5083,138.2428,136.4419,55.064,93.474,0.0,69.7552,29554000
2024-12-09,180,2024-03-25,2024-12-09,91.369,67.7425,68.667,134.8769,133.061,55.064,93.474,-2.252,65.9324,33501000
2024-12-10,180,2024-03-26,2024-12-10,91.335,67.87,68.8258,134.5735,132.7045,55.064,93.474,-2.2883,65.8706,23886000
2024-12-11,180,2024-03-27,2024-12-11,93.656,68.0037,68.9966,137.722,135.7401,55.064,93.656,0.0,70.0857,35017000
2024-12-12,180,2024-03-28,2024-12-12,92.555,68.1451,69.1699,135.8204,133.8082,55.064,93.656,-1.1756,68.0862,24862000
2024-12-13,180,2024-04-01,2024-12-13,91.887,68.2895,69.343,134.5552,132.5109,55.064,93.656,-1.8888,66.8731,24858000
2024-12-16,180,2024-04-02,2024-12-16,92.108,68.4302,69.5134,134.6014,132.5039,55.064,93.656,-1.6529,67.2745,26749000
2024-12-17,180,2024-04-03,2024-12-17,91.913,68.571,69.6828,134.0406,131.902,55.064,93.656,-1.8611,66.9203,24595000
2024-12-18,180,2024-04-04,2024-12-18,88.955,68.6922,69.827,129.4981,127.3935,55.064,93.656,-5.0194,61.5484,29382000
2024-12-19,180,2024-04-05,2024-12-19,90.204,68.8266,69.9852,131.0598,128.89,55.064,93.656,-3.6858,63.8167,28155000
2024-12-20,180,2024-04-08,2024-12-20,90.905,68.951,70.1368,131.84,129.6109,55.064,93.656,-2.9373,65.0897,45305000
2024-12-23,180,2024-04-09,2024-12-23,91.145,69.0817,70.2941,131.9379,129.6624,55.064,93.656,-2.6811,65.5256,23394000
2024-12-24,180,2024-04-10,2024-12-24,93.212,69.2265,70.4685,134.6479,132.2747,55.064,93.656,-0.4741,69.2794,23203000
2024-12-26,180,2024-04-11,2024-12-26,92.414,69.3691,70.6382,133.2207,130.8272,55.064,93.656,-1.3261,67.8302,23403000
2024-12-27,180,2024-04-12,2024-12-27,90.755,69.4999,70.7931,130.5829,128.1975,55.064,93.656,-3.0975,64.8173,32262000
2024-12-30,180,2024-04-15,2024-12-30,90.043,69.633,70.9473,129.3108,126.9153,55.064,93.656,-3.8577,63.5243,22030000
2024-12-31,180,2024-04-16,2024-12-31,89.132,69.7748,71.1052,127.7425,125.3523,55.064,93.656,-4.8304,61.8698,18759000
2025-01-02,180,2024-04-17,2025-01-02,88.673,69.908,71.2548,126.8425,124.445,55.064,93.656,-5.3205,61.0362,23123000
2025-01-03,180,2024-04-18,2025-01-03,88.105,70.0425,71.4033,125.7879,123.3907,55.064,93.656,-5.927,60.0047,29673000
2025-01-06,180,2024-04-19,2025-01-06,88.179,70.1801,71.554,125.6468,123.2342,55.064,93.656,-5.848,60.1391,34577000
2025-01-07,180,2024-04-22,2025-01-07,87.919,70.3623,71.7341,124.9519,122.5624,55.064,93.656,-6.1256,59.6669,26498000
2025-01-08,180,2024-04-23,2025-01-08,87.5,70.5444,71.9121,124.0354,121.6764,55.064,93.656,-6.573,58.906,23479000
2025-01-10,180,2024-04-24,2025-01-10,83.769,70.6932,72.0565,118.4966,116.2546,55.064,93.656,-10.5567,52.1302,48033000
2025-01-13,180,2024-04-25,2025-01-13,84.029,70.8633,72.2149,118.579,116.3596,55.064,93.656,-10.2791,52.6024,30245000
2025-01-14,180,2024-04-26,2025-01-14,82.84,71.0208,72.3614,116.6418,114.481,55.064,93.656,-11.5486,50.4431,30377000
2025-01-15,180,2024-04-29,2025-01-15,84.826,71.1902,72.5208,119.154,116.9678,55.064,93.656,-9.4281,54.0498,31814000
2025-01-16,180,2024-04-30,2025-01-16,84.237,71.3596,72.678,118.0458,115.9045,55.064,93.656,-10.057,52.9802,40285000
2025-01-17,180,2024-05-01,2025-01-17,85.81,71.5442,72.8488,119.9399,117.792,55.171,93.656,-8.3775,55.5346,36176000
2025-01-21,180,2024-05-02,2025-01-21,86.968,71.7331,73.0254,121.2383,119.0928,56.515,93.656,-7.141,53.8848,98514000
2025-01-22,180,2024-05-03,2025-01-22,95.399,71.9399,73.2415,132.6094,130.2527,57.934,95.399,0.0,64.6684,142732000
2025-01-23,180,2024-05-06,2025-01-23,98.486,72.1448,73.4667,136.5116,134.0552,59.697,98.486,0.0,64.9765,77521000
2025-01-24,180,2024-05-07,2025-01-24,97.759,72.3339,73.6782,135.1497,132.6838,59.855,98.486,-0.7382,63.3264,45504000
2025-01-27,180,2024-05-08,2025-01-27,97.189,72.5149,73.8815,134.0262,131.5472,59.855,98.486,-1.3169,62.3741,46342000
2025-01-28,180,2024-05-09,2025-01-28,97.183,72.6941,74.0828,133.6876,131.1816,59.855,98.486,-1.323,62.364,34340000
2025-01-29,180,2024-05-10,2025-01-29,97.815,72.874,74.2861,134.2248,131.6733,59.855,98.486,-0.6813,63.4199,29307000
2025-01-30,180,2024-05-13,2025-01-30,97.324,73.0543,74.4875,133.2215,130.6582,59.855,98.486,-1.1799,62.5996,38678000
2025-01-31,180,2024-05-14,2025-01-31,97.676,73.232,74.6876,133.3788,130.7795,59.855,98.486,-0.8224,63.1877,36151000
2025-02-03,180,2024-05-15,2025-02-03,97.894,73.4136,74.8905,133.3458,130.7162,59.855,98.486,-0.6011,63.5519,37242000
2025-02-04,180,2024-05-16,2025-02-04,99.487,73.6012,75.1024,135.1704,132.4686,59.855,99.487,0.0,66.2133,60001000
2025-02-05,180,2024-05-17,2025-02-05,101.111,73.797,75.3249,137.0123,134.2332,59.855,101.111,0.0,68.9266,39934000
2025-02-06,180,2024-05-20,2025-02-06,101.568,73.9867,75.5441,137.2786,134.4486,59.855,101.568,0.0,69.6901,31343000
2025-02-07,180,2024-05-21,2025-02-07,101.393,74.1618,75.7514,136.7186,133.8497,59.855,101.568,-0.1723,69.3977,32129000
2025-02-10,180,2024-05-22,2025-02-10,102.76,74.3345,75.9608,138.24,135.2802,59.855,102.76,0.0,71.6816,32966000
2025-02-11,180,2024-05-23,2025-02-11,100.808,74.5097,76.1651,135.2952,132.3546,59.855,102.76,-1.8996,68.4203,33318000
2025-02-12,180,2024-05-24,2025-02-12,102.731,74.6951,76.3826,137.5338,134.4952,59.855,102.76,-0.0282,71.6331,33890000
2025-02-13,180,2024-05-28,2025-02-13,104.369,74.8778,76.6032,139.3857,136.2463,59.855,104.369,0.0,74.3697,34761000
2025-02-14,180,2024-05-29,2025-02-14,105.86,75.064,76.8307,141.0263,137.7834,59.855,105.86,0.0,76.8607,31454000
2025-02-18,180,2024-05-30,2025-02-18,103.585,75.2404,77.0425,137.672,134.4517,59.855,105.86,-2.1491,73.0599,42293000
2025-02-19,180,2024-05-31,2025-02-19,104.333,75.425,77.2623,138.3268,135.0373,59.855,105.86,-1.4425,74.3096,26000000
2025-02-20,180,2024-06-03,2025-02-20,102.454,75.6096,77.4751,135.504,132.2413,59.855,105.86,-3.2175,71.1703,31118000
2025-02-21,180,2024-06-04,2025-02-21,100.315,75.7945,77.6803,132.3512,129.1383,59.855,105.86,-5.238,67.5967,37387000
2025-02-24,180,2024-06-05,2025-02-24,98.847,75.9774,77.8785,130.1005,126.9246,59.855,105.86,-6.6248,65.1441,44262000
2025-02-25,180,2024-06-06,2025-02-25,97.724,76.1428,78.0602,128.3431,125.1906,59.855,105.86,-7.6856,63.2679,47383000
2025-02-26,180,2024-06-07,2025-02-26,99.006,76.3145,78.2499,129.7342,126.5254,59.855,105.86,-6.4746,65.4097,33972000
2025-02-27,180,2024-06-10,2025-02-27,96.307,76.4833,78.4286,125.919,122.7958,59.855,105.86,-9.0242,60.9005,37666000
2025-02-28,180,2024-06-11,2025-02-28,98.056,76.6565,78.6153,127.9161,124.7289,59.855,105.86,-7.372,63.8226,47174000
2025-03-03,180,2024-06-12,2025-03-03,97.37,76.8249,78.7959,126.7427,123.5724,59.855,105.86,-8.02,62.6765,39074000
2025-03-04,180,2024-06-13,2025-03-04,97.258,76.9926,78.9751,126.3213,123.1502,59.855,105.86,-8.1258,62.4894,43928000
2025-03-05,180,2024-06-14,2025-03-05,99.092,77.1647,79.1627,128.4162,125.1752,59.855,105.86,-6.3933,65.5534,38079000
2025-03-06,180,2024-06-17,2025-03-06,90.636,77.2942,79.2943,117.2611,114.3033,59.855,105.86,-14.3813,51.4259,78526000
2025-03-07,180,2024-06-18,2025-03-07,89.111,77.413,79.4139,115.1111,112.2108,59.855,105.86,-15.8218,48.8781,77375000
2025-03-10,180,2024-06-20,2025-03-10,86.668,77.5146,79.5145,111.8087,108.9965,59.855,105.86,-18.1296,44.7966,69953000
2025-03-11,180,2024-06-21,2025-03-11,89.51,77.6334,79.6345,115.2983,112.401,59.855,105.86,-15.4449,49.5447,73989000
2025-03-12,180,2024-06-24,2025-03-12,91.968,77.7575,79.7643,118.2754,115.2997,59.855,105.86,-13.123,53.6513,68658000
2025-03-13,180,2024-06-25,2025-03-13,89.017,77.8825,79.8872,114.2966,111.4284,59.855,105.86,-15.9106,48.7211,50017000
2025-03-14,180,2024-06-26,2025-03-14,91.8,78.0168,80.0236,117.667,114.7162,59.855,105.86,-13.2817,53.3707,52007000
2025-03-17,180,2024-06-27,2025-03-17,95.002,78.1601,80.1749,121.548,118.4935,59.855,105.86,-10.2569,58.7202,75431000
2025-03-18,180,2024-06-28,2025-03-18,92.998,78.2913,80.3114,118.7846,115.7968,59.855,105.86,-12.15,55.3722,60094000
2025-03-19,180,2024-07-01,2025-03-19,95.949,78.4412,80.4695,122.3196,119.2365,59.855,105.86,-9.3624,60.3024,66624000
2025-03-20,180,2024-07-02,2025-03-20,95.084,78.5895,80.6235,120.9882,117.9359,59.855,105.86,-10.1795,58.8572,44663000
2025-03-21,180,2024-07-03,2025-03-21,96.029,78.7373,80.7794,121.9612,118.878,59.855,105.86,-9.2868,60.4361,59054000
2025-03-24,180,2024-07-05,2025-03-24,97.199,78.8879,80.9403,123.2115,120.0873,59.855,105.86,-8.1816,62.3908,46779000
2025-03-25,180,2024-07-08,2025-03-25,99.728,79.0421,81.1106,126.1707,122.9531,59.855,105.86,-5.7926,66.616,37822000
2025-03-26,180,2024-07-09,2025-03-26,97.065,79.191,81.2689,122.5708,119.4369,59.855,105.86,-8.3081,62.1669,35274000
2025-03-27,180,2024-07-10,2025-03-27,97.672,79.3426,81.4305,123.1015,119.9452,59.855,105.86,-7.7347,63.181,30472000
2025-03-28,180,2024-07-11,2025-03-28,93.385,79.4845,81.5729,117.4883,114.4805,59.855,105.86,-11.7844,56.0187,44227000
2025-03-31,180,2024-07-12,2025-03-31,93.253,79.6461,81.7283,117.0841,114.1012,59.855,105.86,-11.9091,55.7982,46341000
2025-04-01,180,2024-07-15,2025-04-01,92.838,79.8111,81.8843,116.3222,113.377,59.855,105.86,-12.3012,55.1048,35200000
2025-04-02,180,2024-07-16,2025-04-02,93.552,79.9722,82.0393,116.9807,114.0331,59.855,105.86,-11.6267,56.2977,32569000
2025-04-03,180,2024-07-17,2025-04-03,91.705,80.1264,82.1842,114.4504,111.5847,59.855,105.86,-13.3714,53.2119,58646000
2025-04-04,180,2024-07-18,2025-04-04,85.586,80.2608,82.3,106.6349,103.9928,59.855,105.86,-19.1517,42.9889,67988000
2025-04-07,180,2024-07-19,2025-04-07,86.783,80.4052,82.4249,107.9321,105.2874,59.855,105.86,-18.021,44.9887,66568000
2025-04-08,180,2024-07-22,2025-04-08,87.04,80.56,82.5566,108.0438,105.4308,59.855,105.86,-17.7782,45.4181,56254000
2025-04-09,180,2024-07-23,2025-04-09,94.547,80.7358,82.7221,117.1066,114.2947,59.855,105.86,-10.6868,57.9601,74980000
2025-04-10,180,2024-07-24,2025-04-10,92.117,80.9065,82.8768,113.8562,111.1494,59.855,105.86,-12.9822,53.9003,51298000
2025-04-11,180,2024-07-25,2025-04-11,91.829,81.0826,83.0336,113.2536,110.5926,59.855,105.86,-13.2543,53.4191,40736000
2025-04-14,180,2024-07-26,2025-04-14,93.128,81.2669,83.1987,114.5953,111.9344,59.855,105.86,-12.0272,55.5893,40359000
2025-04-15,180,2024-07-29,2025-04-15,97.628,81.4727,83.3903,119.8291,117.0735,59.855,105.86,-7.7763,63.1075,77120000
2025-04-16,180,2024-07-30,2025-04-16,96.163,81.6779,83.5762,117.7344,115.0602,59.855,105.86,-9.1602,60.6599,60661000
2025-04-17,180,2024-07-31,2025-04-17,97.303,81.8929,83.7709,118.8174,116.1536,59.855,105.86,-8.0833,62.5645,88937000
2025-04-21,180,2024-08-01,2025-04-21,98.791,82.1093,83.9707,120.3165,117.6494,59.855,105.86,-6.6777,65.0505,97757000
2025-04-22,180,2024-08-02,2025-04-22,104.034,82.3494,84.2015,126.3325,123.5536,59.855,105.86,-1.7249,73.81,93689000
2025-04-23,180,2024-08-05,2025-04-23,104.959,82.6052,84.4437,127.0611,124.2946,59.855,105.86,-0.8511,75.3554,64719000
2025-04-24,180,2024-08-06,2025-04-24,109.687,82.8939,84.7206,132.3222,129.4692,60.957,109.687,0.0,79.9416,63819000
2025-04-25,180,2024-08-07,2025-04-25,110.153,83.1745,84.9939,132.436,129.6011,61.148,110.153,0.0,80.1416,39500000
2025-04-28,180,2024-08-08,2025-04-28,111.038,83.4579,85.271,133.0467,130.2177,63.035,111.038,0.0,76.1529,38311000
2025-04-29,180,2024-08-09,2025-04-29,112.564,83.7289,85.5462,134.4387,131.5827,63.314,112.564,0.0,77.7869,37773000
2025-04-30,180,2024-08-12,2025-04-30,113.172,84.0,85.8227,134.7286,131.8671,63.314,113.172,0.0,78.7472,42667000
2025-05-01,180,2024-08-13,2025-05-01,113.347,84.2742,86.1007,134.4979,131.6447,64.802,113.347,0.0,74.9128,34995000
2025-05-02,180,2024-08-14,2025-05-02,115.649,84.5427,86.3832,136.7935,133.8791,66.168,115.649,0.0,74.7809,37743000
2025-05-05,180,2024-08-15,2025-05-05,113.406,84.7934,86.6456,133.7438,130.8849,66.322,115.649,-1.9395,70.993,56623000
2025-05-06,180,2024-08-16,2025-05-06,113.769,85.0454,86.9092,133.7745,130.9056,66.577,115.649,-1.6256,70.8833,32567000
2025-05-07,180,2024-08-19,2025-05-07,115.541,85.2944,87.1766,135.4614,132.5367,66.577,115.649,-0.0934,73.5449,43497000
2025-05-08,180,2024-08-20,2025-05-08,114.443,85.5289,87.4299,133.8062,130.8969,66.577,115.649,-1.0428,71.8957,37609000
2025-05-09,180,2024-08-21,2025-05-09,114.022,85.7549,87.6753,132.9627,130.0503,66.577,115.649,-1.4068,71.2633,25696000
2025-05-12,180,2024-08-22,2025-05-12,111.0,85.9734,87.9047,129.1097,126.2732,66.577,115.649,-4.0199,66.7242,64791000
2025-05-13,180,2024-08-23,2025-05-13,113.844,86.2094,88.1544,132.0552,129.1416,66.577,115.649,-1.5608,70.996,39979000
2025-05-14,180,2024-08-26,2025-05-14,115.099,86.4526,88.4123,133.1354,130.1844,66.577,115.649,-0.4756,72.881,39101000
2025-05-15,180,2024-08-27,2025-05-15,117.798,86.704,88.6843,135.8623,132.8285,66.577,117.798,0.0,76.935,44640000
2025-05-16,180,2024-08-28,2025-05-16,119.153,86.9545,88.9597,137.0292,133.9404,66.577,119.153,0.0,78.9702,46984000
2025-05-19,180,2024-08-29,2025-05-19,119.164,87.217,89.2418,136.6293,133.5293,66.577,119.164,0.0,78.9867,28534000
2025-05-20,180,2024-08-30,2025-05-20,119.202,87.4735,89.5193,136.2721,133.1578,66.577,119.202,0.0,79.0438,21331000
2025-05-21,180,2024-09-03,2025-05-21,119.463,87.7245,89.7934,136.1797,133.0421,66.577,119.463,0.0,79.4358,29766000
2025-05-22,180,2024-09-04,2025-05-22,118.797,87.9986,90.0782,134.9988,131.8821,66.577,119.463,-0.5575,78.4355,18616000
2025-05-23,180,2024-09-05,2025-05-23,118.539,88.2694,90.3591,134.2922,131.1865,66.577,119.463,-0.7735,78.048,21865000
2025-05-27,180,2024-09-06,2025-05-27,121.157,88.5462,90.6525,136.8291,133.65,66.577,121.157,0.0,81.9803,29205000
2025-05-28,180,2024-09-09,2025-05-28,120.855,88.841,90.954,136.0351,132.8749,67.362,121.157,-0.2493,79.4112,18559000
2025-05-29,180,2024-09-10,2025-05-29,118.486,89.121,91.237,132.9495,129.8661,67.362,121.157,-2.2046,75.8944,33007000
2025-05-30,180,2024-09-11,2025-05-30,120.723,89.4115,91.5335,135.0195,131.8895,68.147,121.157,-0.3582,77.1509,46968000
2025-06-02,180,2024-09-12,2025-06-02,121.898,89.6998,91.8321,135.8955,132.7401,68.68,121.898,0.0,77.4869,22942000
2025-06-03,180,2024-09-13,2025-06-03,121.794,89.9846,92.1272,135.3499,132.2021,68.765,121.898,-0.0853,77.1163,23638000
2025-06-04,180,2024-09-16,2025-06-04,123.966,90.2679,92.4286,137.3312,134.1208,68.765,123.966,0.0,80.2749,23594000
2025-06-05,180,2024-09-17,2025-06-05,125.052,90.5568,92.7364,138.0924,134.8467,68.765,125.052,0.0,81.8541,28172000
2025-06-06,180,2024-09-18,2025-06-06,124.147,90.8351,93.0334,136.6729,133.4435,68.765,125.052,-0.7237,80.5381,25570000
2025-06-09,180,2024-09-19,2025-06-09,122.446,91.1256,93.33,134.3706,131.1968,68.765,125.052,-2.0839,78.0644,24031000
2025-06-10,180,2024-09-20,2025-06-10,120.362,91.3981,93.6074,131.6898,128.5817,68.765,125.052,-3.7504,75.0338,44544000
2025-06-11,180,2024-09-23,2025-06-11,121.988,91.6806,93.8957,133.0577,129.9187,68.765,125.052,-2.4502,77.3984,23823000
2025-06-12,180,2024-09-24,2025-06-12,121.503,91.9591,94.1788,132.1272,129.0131,68.765,125.052,-2.838,76.6931,20846000
2025-06-13,180,2024-09-25,2025-06-13,121.215,92.2227,94.451,131.4372,128.3364,68.765,125.052,-3.0683,76.2743,22103000
2025-06-16,180,2024-09-26,2025-06-16,122.535,92.4927,94.7309,132.4807,129.3507,68.765,125.052,-2.0128,78.1939,21128000
2025-06-17,180,2024-09-27,2025-06-17,122.067,92.7723,95.0138,131.577,128.473,68.765,125.052,-2.387,77.5133,18921000
2025-06-18,180,2024-09-30,2025-06-18,122.229,93.0579,95.2999,131.3472,128.2573,68.765,125.052,-2.2575,77.7489,22810000
2025-06-20,180,2024-10-01,2025-06-20,123.141,93.3464,95.5899,131.9183,128.8221,68.765,125.052,-1.5282,79.0751,53482000
2025-06-23,180,2024-10-02,2025-06-23,125.354,93.6468,95.894,133.8583,130.7214,68.765,125.354,0.0,82.2933,26673000
2025-06-24,180,2024-10-03,2025-06-24,127.911,93.952,96.2096,136.145,132.9503,68.765,127.911,0.0,86.0118,26633000
2025-06-25,180,2024-10-04,2025-06-25,127.525,94.2623,96.5254,135.2874,132.1155,68.765,127.911,-0.3018,85.4505,21465000
2025-06-26,180,2024-10-07,2025-06-26,130.667,94.5714,96.8515,138.1675,134.9148,68.765,130.667,0.0,90.0196,26059000
2025-06-27,180,2024-10-08,2025-06-27,132.312,94.905,97.1966,139.4153,136.1282,68.765,132.312,0.0,92.4118,40709000
2025-06-30,180,2024-10-09,2025-06-30,133.913,95.2257,97.5396,140.627,137.2909,68.765,133.913,0.0,94.7401,32829000
2025-07-01,180,2024-10-10,2025-07-01,129.36,95.5297,97.8541,135.4133,132.1968,68.765,133.913,-3.4,88.119,49936000
2025-07-02,180,2024-10-11,2025-07-02,128.486,95.8303,98.1622,134.0766,130.8915,68.765,133.913,-4.0526,86.848,30488000
2025-07-03,180,2024-10-14,2025-07-03,129.718,96.1439,98.4813,134.9207,131.7183,68.765,133.913,-3.1326,88.6396,20062000
2025-07-07,180,2024-10-15,2025-07-07,128.962,96.467,98.8017,133.6851,130.5261,68.765,133.913,-3.6972,87.5402,22737000
2025-07-08,180,2024-10-16,2025-07-08,127.531,96.7951,99.118,131.7536,128.6659,68.765,133.913,-4.7658,85.4592,32925000
2025-07-09,180,2024-10-17,2025-07-09,128.828,97.1337,99.4437,132.6296,129.5487,68.765,133.913,-3.7972,87.3453,23845000
2025-07-10,180,2024-10-18,2025-07-10,125.059,97.478,99.7564,128.2946,125.3643,74.912,133.913,-6.6118,66.9412,42308000
2025-07-11,180,2024-10-21,2025-07-11,124.511,97.7458,100.0238,127.3824,124.4814,74.912,133.913,-7.021,66.2097,39572000
2025-07-14,180,2024-10-22,2025-07-14,126.195,98.0134,100.2959,128.7528,125.8226,74.912,133.913,-5.7634,68.4577,27810000
2025-07-15,180,2024-10-23,2025-07-15,126.027,98.2891,100.5715,128.2208,125.3108,74.912,133.913,-5.8889,68.2334,28017000
2025-07-16,180,2024-10-24,2025-07-16,125.031,98.5769,100.8499,126.836,123.9774,74.912,133.913,-6.6327,66.9038,32270000
2025-07-17,180,2024-10-25,2025-07-17,127.417,98.8696,101.1385,128.8738,125.9826,74.912,133.913,-4.8509,70.0889,64699000
2025-07-18,180,2024-10-28,2025-07-18,120.924,99.1408,101.3911,121.972,119.2649,74.912,133.913,-9.6996,61.4214,106933000
2025-07-21,180,2024-10-29,2025-07-21,123.327,99.4278,101.66,124.0367,121.3132,75.374,133.913,-7.9051,63.6201,56276000
2025-07-22,180,2024-10-30,2025-07-22,119.008,99.6902,101.8993,119.3779,116.7898,75.374,133.913,-11.1304,57.89,50630000
2025-07-23,180,2024-10-31,2025-07-23,117.678,99.9542,102.1343,117.7319,115.2189,75.551,133.913,-12.1235,55.7597,45043000
2025-07-24,180,2024-11-01,2025-07-24,118.076,100.219,102.3703,117.818,115.3421,75.551,133.913,-11.8263,56.2865,38456000
2025-07-25,180,2024-11-04,2025-07-25,118.049,100.485,102.606,117.4792,115.0507,75.551,133.913,-11.8465,56.2507,26293000
2025-07-28,180,2024-11-05,2025-07-28,117.46,100.7506,102.8389,116.5849,114.2175,76.391,133.913,-12.2863,53.7616,34470000
2025-07-29,180,2024-11-06,2025-07-29,116.874,101.007,103.0638,115.7088,113.3997,78.021,133.913,-12.7239,49.7981,27525000
2025-07-30,180,2024-11-07,2025-07-30,118.42,101.2554,103.2882,116.9518,114.6501,79.504,133.913,-11.5694,48.9485,29227000
2025-07-31,180,2024-11-08,2025-07-31,115.94,101.4797,103.4898,114.2494,112.0304,79.504,133.913,-13.4214,45.8291,37129000
2025-08-01,180,2024-11-11,2025-08-01,115.86,101.706,103.6918,113.9165,111.735,80.544,133.913,-13.4811,43.8468,38910000
2025-08-04,180,2024-11-12,2025-08-04,117.099,101.9293,103.8949,114.8826,112.7091,81.95,133.913,-12.5559,42.8908,22447000
2025-08-05,180,2024-11-13,2025-08-05,114.787,102.1311,104.0773,112.3918,110.2902,82.396,133.913,-14.2824,39.3114,26607000
2025-08-06,180,2024-11-14,2025-08-06,117.848,102.3376,104.2706,115.1561,113.0213,82.396,133.913,-11.9966,43.0264,33622000
2025-08-07,180,2024-11-15,2025-08-07,118.037,102.54,104.4612,115.1131,112.996,82.396,133.913,-11.8555,43.2557,26283000
2025-08-08,180,2024-11-18,2025-08-08,121.164,102.7673,104.6766,117.9013,115.7508,82.84,133.913,-9.5204,46.2627,38167000
2025-08-11,180,2024-11-19,2025-08-11,121.831,102.9789,104.8829,118.3068,116.1591,82.84,133.913,-9.0223,47.0678,24556000
2025-08-12,180,2024-11-20,2025-08-12,122.528,103.1746,105.0795,118.758,116.605,82.84,133.913,-8.5018,47.9092,22788000
2025-08-13,180,2024-11-21,2025-08-13,120.444,103.353,105.2576,116.5366,114.4278,82.84,133.913,-10.058,45.3935,27624000
2025-08-14,180,2024-11-22,2025-08-14,123.056,103.5323,105.4427,118.8576,116.7042,82.84,133.913,-8.1075,48.5466,39047000
2025-08-15,180,2024-11-25,2025-08-15,123.895,103.7152,105.6322,119.4569,117.289,82.84,133.913,-7.481,49.5594,27678000
2025-08-18,180,2024-11-26,2025-08-18,124.509,103.9261,105.843,119.8053,117.6355,82.84,133.913,-7.0225,50.3006,21111000
2025-08-19,180,2024-11-27,2025-08-19,121.415,104.1199,106.0328,116.6108,114.507,82.84,133.913,-9.3329,46.5657,37077000
2025-08-20,180,2024-11-29,2025-08-20,121.386,104.3105,106.2197,116.3698,114.2782,82.84,133.913,-9.3546,46.5307,24344000
2025-08-21,180,2024-12-02,2025-08-21,120.621,104.4914,106.3972,115.4363,113.3686,82.84,133.913,-9.9258,45.6072,20472000
2025-08-22,180,2024-12-03,2025-08-22,120.465,104.6638,106.5677,115.0971,113.0408,82.84,133.913,-10.0423,45.4189,31281000
2025-08-25,180,2024-12-04,2025-08-25,121.807,104.839,106.7432,116.1848,114.1122,82.84,133.913,-9.0402,47.0389,28120000
2025-08-26,180,2024-12-05,2025-08-26,122.609,105.0115,106.9182,116.7577,114.6755,82.84,133.913,-8.4413,48.007,19857000
2025-08-27,180,2024-12-06,2025-08-27,122.35,105.1785,107.088,116.326,114.2518,82.84,133.913,-8.6347,47.6944,16645000
2025-08-28,180,2024-12-09,2025-08-28,123.145,105.3372,107.2528,116.9056,114.8175,82.84,133.913,-8.041,48.654,19503000
2025-08-29,180,2024-12-10,2025-08-29,120.825,105.5019,107.4165,114.524,112.4827,82.84,133.913,-9.7735,45.8535,32098000
2025-09-02,180,2024-12-11,2025-09-02,121.411,105.6699,107.5836,114.8965,112.8527,82.84,133.913,-9.3359,46.5609,23033000
2025-09-03,180,2024-12-12,2025-09-03,122.618,105.8266,107.7445,115.8669,113.8044,82.84,133.913,-8.4346,48.0179,24715000
2025-09-04,180,2024-12-13,2025-09-04,125.748,106.0043,107.9289,118.6254,116.5101,82.84,133.913,-6.0972,51.7962,30235000
2025-09-05,180,2024-12-16,2025-09-05,124.382,106.1821,108.1094,117.1403,115.052,82.84,133.913,-7.1173,50.1473,23797000
2025-09-08,180,2024-12-17,2025-09-08,124.476,106.3592,108.2892,117.0336,114.9477,82.84,133.913,-7.0471,50.2607,19151000
2025-09-09,180,2024-12-18,2025-09-09,126.325,106.5458,108.4804,118.564,116.4496,82.84,133.913,-5.6664,52.4928,22197000
2025-09-10,180,2024-12-19,2025-09-10,124.771,106.7497,108.6794,116.8818,114.8065,82.84,133.913,-6.8268,50.6169,27010000
2025-09-11,180,2024-12-20,2025-09-11,120.35,106.9258,108.8469,112.5547,110.5682,82.84,133.913,-10.1282,45.2801,56823000
2025-09-12,180,2024-12-23,2025-09-12,118.844,107.0903,109.0021,110.9755,109.0291,82.84,133.913,-11.2528,43.4621,37849000
2025-09-15,180,2024-12-24,2025-09-15,120.226,107.2597,109.1636,112.0887,110.1337,82.84,133.913,-10.2208,45.1304,29093000
2025-09-16,180,2024-12-26,2025-09-16,120.051,107.4132,109.3128,111.7656,109.8234,82.84,133.913,-10.3515,44.9191,24047000
2025-09-17,180,2024-12-27,2025-09-17,122.85,107.5853,109.4818,114.1885,112.2104,82.84,133.913,-8.2613,48.2979,34598000
2025-09-18,180,2024-12-30,2025-09-18,120.778,107.7617,109.6486,112.0788,110.15,82.84,133.913,-9.8086,45.7967,31691000
2025-09-19,180,2024-12-31,2025-09-19,122.697,107.9527,109.83,113.6581,111.7153,82.84,133.913,-8.3756,48.1132,49476000
2025-09-22,180,2025-01-02,2025-09-22,122.737,108.152,110.0167,113.4857,111.5621,82.84,133.913,-8.3457,48.1615,25468000
2025-09-23,180,2025-01-03,2025-09-23,121.847,108.3519,110.201,112.4549,110.5679,82.84,133.913,-9.0103,47.0872,24991000
2025-09-24,180,2025-01-06,2025-09-24,120.395,108.5508,110.3804,110.9112,109.0728,82.84,133.913,-10.0946,45.3344,27731000
2025-09-25,180,2025-01-07,2025-09-25,120.824,108.7517,110.5618,111.1008,109.2819,82.84,133.913,-9.7743,45.8522,19978000
2025-09-26,180,2025-01-08,2025-09-26,121.061,108.9567,110.7459,111.1093,109.3142,82.84,133.913,-9.5973,46.1383,19450000
2025-09-29,180,2025-01-10,2025-09-29,120.641,109.1642,110.93,110.5134,108.7541,82.84,133.913,-9.9109,45.6313,30332000
2025-09-30,180,2025-01-13,2025-09-30,119.892,109.4028,111.1307,109.5877,107.8838,82.84,133.913,-10.4702,44.7272,38303000
2025-10-01,180,2025-01-14,2025-10-01,117.09,109.6267,111.3144,106.8079,105.1886,82.84,133.913,-12.5626,41.3448,41102000
2025-10-02,180,2025-01-15,2025-10-02,116.253,109.8588,111.5,105.8203,104.2628,84.237,133.913,-13.1877,38.007,46855000
2025-10-03,180,2025-01-16,2025-10-03,115.332,110.0683,111.6695,104.7822,103.2798,84.237,133.913,-13.8754,36.9137,31374000
2025-10-06,180,2025-01-17,2025-10-06,116.331,110.2892,111.8478,105.4782,104.0083,85.586,133.913,-13.1294,35.9229,29686000
2025-10-07,180,2025-01-21,2025-10-07,119.106,110.5098,112.0328,107.7787,106.3135,85.586,133.913,-11.0572,39.1653,33091000
2025-10-08,180,2025-01-22,2025-10-08,121.425,110.7316,112.2242,109.657,108.1986,85.586,133.913,-9.3255,41.8748,28514000
2025-10-09,180,2025-01-23,2025-10-09,123.107,110.8926,112.3781,111.0147,109.5471,85.586,133.913,-8.0694,43.8401,28241000
2025-10-10,180,2025-01-24,2025-10-10,122.008,111.0264,112.5088,109.8909,108.4431,85.586,133.913,-8.8901,42.556,42798000
2025-10-13,180,2025-01-27,2025-10-13,121.903,111.1654,112.6429,109.6592,108.2207,85.586,133.913,-8.9685,42.4333,24608000
2025-10-14,180,2025-01-28,2025-10-14,121.535,111.3071,112.7782,109.189,107.7646,85.586,133.913,-9.2433,42.0034,23624000
2025-10-15,180,2025-01-29,2025-10-15,120.329,111.4435,112.9068,107.9731,106.5738,85.586,133.913,-10.1439,40.5943,20252000
2025-10-16,180,2025-01-30,2025-10-16,118.359,111.566,113.0209,106.0887,104.7231,85.586,133.913,-11.615,38.2925,28326000
2025-10-17,180,2025-01-31,2025-10-17,119.936,111.7001,113.1465,107.3732,106.0006,85.586,133.913,-10.4374,40.1351,29571000
2025-10-20,180,2025-02-03,2025-10-20,123.856,111.8503,113.292,110.7337,109.3246,85.586,133.913,-7.5101,44.7153,39862000
2025-10-21,180,2025-02-04,2025-10-21,124.135,112.0006,113.4378,110.8342,109.43,85.586,133.913,-7.3017,45.0412,65082000
2025-10-22,180,2025-02-05,2025-10-22,111.637,112.0769,113.5053,99.6075,98.354,85.586,133.913,-16.6347,30.4384,147890000
2025-10-23,180,2025-02-06,2025-10-23,111.359,112.1405,113.5622,99.3031,98.0599,85.586,133.913,-16.8423,30.1136,68497000
2025-10-24,180,2025-02-07,2025-10-24,109.469,112.1901,113.6061,97.5745,96.3584,85.586,133.913,-18.2536,27.9053,60280000
2025-10-27,180,2025-02-10,2025-10-27,109.456,112.241,113.6509,97.5188,96.309,85.586,133.913,-18.2633,27.8901,46911000
2025-10-28,180,2025-02-11,2025-10-28,110.25,112.2873,113.6925,98.1857,96.9721,85.586,133.913,-17.6704,28.8178,40209000
2025-10-29,180,2025-02-12,2025-10-29,110.041,112.3456,113.7438,97.9487,96.7446,85.586,133.913,-17.8265,28.5736,33995000
2025-10-30,180,2025-02-13,2025-10-30,108.9,112.3843,113.7781,96.8997,95.7126,85.586,133.913,-18.6785,27.2404,41581000
2025-10-31,180,2025-02-14,2025-10-31,111.886,112.4295,113.8198,99.5166,98.301,85.586,133.913,-16.4487,30.7293,68665000
2025-11-03,180,2025-02-18,2025-11-03,110.009,112.4545,113.8429,97.8254,96.6323,85.586,133.913,-17.8504,28.5362,58634000
2025-11-04,180,2025-02-19,2025-11-04,109.296,112.4899,113.8746,97.1607,95.9793,85.586,133.913,-18.3828,27.7031,38718000
2025-11-05,180,2025-02-20,2025-11-05,109.846,112.5238,113.9052,97.6203,96.4363,85.586,133.913,-17.9721,28.3458,35539000
2025-11-06,180,2025-02-21,2025-11-06,109.702,112.5691,113.9455,97.453,96.2759,85.586,133.913,-18.0796,28.1775,36532000
2025-11-07,180,2025-02-24,2025-11-07,110.366,112.6331,114.0013,97.9872,96.8111,85.586,133.913,-17.5838,28.9533,44125000
2025-11-10,180,2025-02-25,2025-11-10,112.007,112.7169,114.0745,99.3702,98.1876,85.586,133.913,-16.3584,30.8707,36929000
2025-11-11,180,2025-02-26,2025-11-11,113.644,112.8182,114.1629,100.732,99.5455,85.586,133.913,-15.1359,32.7834,27966000
2025-11-12,180,2025-02-27,2025-11-12,115.75,112.9216,114.2559,102.5047,101.3077,85.586,133.913,-13.5633,35.2441,39221000
2025-11-13,180,2025-02-28,2025-11-13,115.423,113.0436,114.3621,102.1049,100.9277,85.586,133.913,-13.8075,34.862,40144000
2025-11-14,180,2025-03-03,2025-11-14,111.217,113.1293,114.4352,98.3096,97.1877,85.586,133.913,-16.9483,29.9477,47607000
2025-11-17,180,2025-03-04,2025-11-17,110.29,113.2149,114.507,97.4165,96.3172,85.586,133.913,-17.6406,28.8645,26082700
2025-11-18,180,2025-03-05,2025-11-18,114.09,113.323,114.6005,100.6768,99.5545,85.586,133.913,-14.8029,33.3045,43440600
2025-11-19,180,2025-03-06,2025-11-19,110.0,113.3945,114.6611,97.0065,95.9349,85.586,133.913,-17.8571,28.5257,31868100
2025-11-20,180,2025-03-07,2025-11-20,105.67,113.5067,114.7446,93.0958,92.0914,85.586,133.913,-21.0906,23.4665,36918500
2025-11-21,180,2025-03-10,2025-11-21,104.31,113.6239,114.8291,91.8029,90.8394,85.586,133.913,-22.1061,21.8774,41232700
2025-11-24,180,2025-03-11,2025-11-24,106.97,113.7812,114.9419,94.0138,93.0644,85.586,133.913,-20.1198,24.9854,62918300
2025-11-25,180,2025-03-12,2025-11-25,104.4,113.8959,115.0246,91.6627,90.7632,85.586,133.913,-22.0389,21.9826,35122600
2025-11-26,180,2025-03-13,2025-11-26,106.14,114.0006,115.1033,93.1048,92.2128,85.586,133.913,-20.7396,24.0156,27951000
2025-11-28,180,2025-03-14,2025-11-28,107.58,114.1407,115.2065,94.2521,93.3802,85.586,133.913,-19.6643,25.6981,15021600
2025-12-01,180,2025-03-17,2025-12-01,109.13,114.2661,115.3027,95.5052,94.6465,85.586,133.913,-18.5068,27.5092,24873400
2025-12-02,180,2025-03-18,2025-12-02,109.35,114.3663,115.3824,95.6138,94.7718,85.586,133.913,-18.3425,27.7662,25763000
2025-12-03,180,2025-03-19,2025-12-03,103.96,114.4488,115.4433,90.8354,90.0528,85.586,133.913,-22.3675,21.4685,53593400
2025-12-04,180,2025-03-20,2025-12-04,103.22,114.5022,115.4837,90.1467,89.3806,85.586,133.913,-22.9201,20.6038,51779100
2025-12-05,180,2025-03-21,2025-12-05,100.24,114.5417,115.5124,87.514,86.7786,85.586,133.913,-25.1454,17.122,133363600
2025-12-08,180,2025-03-24,2025-12-08,96.79,114.5476,115.5166,84.4976,83.7888,85.586,133.913,-27.7217,13.0909,100906300
2025-12-09,180,2025-03-25,2025-12-09,96.71,114.5438,115.5139,84.4306,83.7215,85.586,133.913,-27.7815,12.9975,51745600
2025-12-10,180,2025-03-26,2025-12-10,92.71,114.4885,115.4749,80.9775,80.2858,85.586,133.913,-30.7685,8.3238,74129300
2025-12-11,180,2025-03-27,2025-12-11,94.09,114.4648,115.4584,82.1999,81.4926,85.586,133.913,-29.738,9.9362,43949000
2025-12-12,180,2025-03-28,2025-12-12,95.19,114.4454,115.4446,83.175,82.4551,85.586,133.913,-28.9165,11.2215,49323100
2025-12-15,180,2025-03-31,2025-12-15,93.77,114.4486,115.4467,81.932,81.2236,85.586,133.913,-29.9769,9.5623,40016500
2025-12-16,180,2025-04-01,2025-12-16,94.57,114.4595,115.454,82.6231,81.9114,85.586,133.913,-29.3795,10.497,34265000
2025-12-17,180,2025-04-02,2025-12-17,94.79,114.4756,115.4649,82.8037,82.0942,85.586,133.913,-29.2152,10.7541,50472800
2025-12-18,180,2025-04-03,2025-12-18,94.0,114.4793,115.4674,82.1109,81.4083,85.586,133.913,-29.8052,9.831,37244700
2025-12-19,180,2025-04-04,2025-12-19,94.39,114.5019,115.4823,82.4353,81.7355,85.586,133.913,-29.5139,10.2867,78990200
2025-12-22,180,2025-04-07,2025-12-22,93.23,114.5717,115.5248,81.3726,80.7013,86.783,133.913,-30.3802,7.4289,39484800
2025-12-23,180,2025-04-08,2025-12-23,93.5,114.6321,115.5621,81.5653,80.9089,87.04,133.913,-30.1785,7.4219,25896200
2025-12-24,180,2025-04-09,2025-12-24,93.64,114.6913,115.5987,81.6453,81.0043,91.829,133.913,-30.074,1.9721,12427900
2025-12-26,180,2025-04-10,2025-12-26,94.47,114.6906,115.5983,82.3694,81.7226,91.829,133.913,-29.4542,2.876,22068300
2025-12-29,180,2025-04-11,2025-12-29,94.15,114.7078,115.6096,82.0781,81.4379,91.829,133.913,-29.6932,2.5275,24493700
2025-12-30,180,2025-04-14,2025-12-30,93.78,114.7243,115.6205,81.7438,81.1102,92.71,133.913,-29.9695,1.1541,23422000
2025-12-31,180,2025-04-15,2025-12-31,93.76,114.7296,115.624,81.7226,81.0905,92.71,133.913,-29.9844,1.1326,23495200
2026-01-02,180,2025-04-16,2026-01-02,90.99,114.675,115.5871,79.346,78.7199,90.99,133.913,-32.0529,0.0,41155400
2026-01-05,180,2025-04-17,2026-01-05,91.46,114.636,115.561,79.783,79.1444,90.99,133.913,-31.7019,0.5165,39183300
2026-01-06,180,2025-04-21,2026-01-06,90.65,114.5809,115.524,79.1144,78.4685,90.65,133.913,-32.3068,0.0,43331000
2026-01-07,180,2025-04-22,2026-01-07,90.73,114.5154,115.4792,79.2296,78.5683,90.65,133.913,-32.2471,0.0883,36525700
2026-01-08,180,2025-04-23,2026-01-08,90.53,114.411,115.4042,79.127,78.446,90.53,133.913,-32.3964,0.0,40068700
2026-01-09,180,2025-04-24,2026-01-09,89.46,114.2911,115.3181,78.2738,77.5767,89.46,133.913,-33.1954,0.0,55579500
2026-01-12,180,2025-04-25,2026-01-12,89.41,114.1412,115.2054,78.3328,77.6092,89.41,133.913,-33.2328,0.0,36290600
2026-01-13,180,2025-04-28,2026-01-13,90.32,113.9971,115.0953,79.2301,78.4741,89.41,133.913,-32.5532,1.0178,45221100
2026-01-14,180,2025-04-29,2026-01-14,88.55,113.8322,114.9703,77.7899,77.0199,88.55,133.913,-33.875,0.0,49737700
2026-01-15,180,2025-04-30,2026-01-15,88.05,113.6545,114.8341,77.4717,76.6758,88.05,133.913,-34.2484,0.0,36945100
2026-01-16,180,2025-05-01,2026-01-16,88.0,113.4734,114.6943,77.5512,76.7257,88.0,133.913,-34.2857,0.0,48130500
2026-01-20,180,2025-05-02,2026-01-20,87.26,113.285,114.5494,77.027,76.1768,87.26,133.913,-34.8383,0.0,109729700
2026-01-21,180,2025-05-05,2026-01-21,85.36,113.0667,114.3811,75.4953,74.6277,85.36,133.913,-36.2571,0.0,127940700
2026-01-22,180,2025-05-06,2026-01-22,83.54,112.8432,114.2152,74.0319,73.1427,83.54,133.913,-37.6162,0.0,69113300
2026-01-23,180,2025-05-07,2026-01-23,86.12,112.644,114.0616,76.4533,75.5031,83.54,133.913,-35.6896,3.0883,64520400
2026-01-26,180,2025-05-08,2026-01-26,85.7,112.4319,113.8958,76.2239,75.2442,83.54,133.913,-36.0032,2.5856,40941900
2026-01-27,180,2025-05-09,2026-01-27,85.58,112.2253,113.7354,76.2573,75.2448,83.54,133.913,-36.0928,2.4419,37790800
2026-01-28,180,2025-05-12,2026-01-28,84.64,112.0127,113.5722,75.5629,74.5253,83.54,133.913,-36.7948,1.3167,37762600
2026-01-29,180,2025-05-13,2026-01-29,83.16,111.8029,113.4175,74.3809,73.322,83.16,133.913,-37.9,0.0,42278100
2026-01-30,180,2025-05-14,2026-01-30,83.49,111.5815,113.2489,74.8242,73.7226,83.16,133.913,-37.6535,0.3968,45755000
2026-02-02,180,2025-05-15,2026-02-02,82.76,111.3472,113.0692,74.3261,73.1941,82.76,133.913,-38.1987,0.0,41445300
2026-02-03,180,2025-05-16,2026-02-03,79.94,111.071,112.8589,71.972,70.8318,79.94,133.913,-40.3045,0.0,49789000
2026-02-04,180,2025-05-19,2026-02-04,80.16,110.7919,112.6423,72.3519,71.1633,79.94,133.913,-40.1402,0.2752,48963200
2026-02-05,180,2025-05-20,2026-02-05,80.87,110.5216,112.4295,73.1712,71.9295,79.94,133.913,-39.61,1.1634,54805700
2026-02-06,180,2025-05-21,2026-02-06,82.2,110.2659,112.224,74.5471,73.2464,79.94,133.913,-38.6169,2.8271,46154100
2026-02-09,180,2025-05-22,2026-02-09,81.47,110.0028,112.0129,74.0617,72.7327,79.94,133.913,-39.162,1.9139,42200200
2026-02-10,180,2025-05-23,2026-02-10,82.21,109.7516,111.8096,74.9055,73.5268,79.94,133.913,-38.6094,2.8396,43595800
2026-02-11,180,2025-05-27,2026-02-11,79.62,109.4763,111.5934,72.7281,71.3483,79.62,133.913,-40.5435,0.0,40840300
2026-02-12,180,2025-05-28,2026-02-12,75.86,109.1491,111.3418,69.5012,68.1326,75.86,133.913,-43.3513,0.0,73516100
2026-02-13,180,2025-05-29,2026-02-13,76.87,108.8367,111.0974,70.6288,69.1915,75.86,133.913,-42.5971,1.3314,42292100
2026-02-17,180,2025-05-30,2026-02-17,77.0,108.5382,110.8669,70.9427,69.4526,75.86,133.913,-42.5,1.5028,35961500
2026-02-18,180,2025-06-02,2026-02-18,77.99,108.242,110.6295,72.0515,70.4966,75.86,133.913,-41.7607,2.8078,29883100
2026-02-19,180,2025-06-03,2026-02-19,77.0,107.9315,110.3801,71.3415,69.759,75.86,133.913,-42.5,1.5028,30139200
2026-02-20,180,2025-06-04,2026-02-20,78.67,107.6411,110.1405,73.0855,71.4269,75.86,133.913,-41.2529,3.7042,32411300
2026-02-23,180,2025-06-05,2026-02-23,76.02,107.3146,109.8741,70.8385,69.1882,75.86,133.913,-43.2318,0.2109,38363000
2026-02-24,180,2025-06-06,2026-02-24,78.04,107.0072,109.613,72.9297,71.196,75.86,133.913,-41.7234,2.8737,33079100
2026-02-25,180,2025-06-09,2026-02-25,82.7,106.751,109.3827,77.47,75.6061,75.86,133.913,-38.2435,9.0166,69319300
2026-02-26,180,2025-06-10,2026-02-26,84.59,106.5201,109.1724,79.4122,77.483,75.86,133.913,-36.8321,11.508,85642500
2026-02-27,180,2025-06-11,2026-02-27,96.24,106.389,109.0384,90.4604,88.2625,75.86,133.913,-28.1324,26.8653,200767000
2026-03-02,180,2025-06-12,2026-03-02,97.09,106.257,108.9001,91.3728,89.1551,75.86,133.913,-27.4977,27.9858,79915400
2026-03-03,180,2025-06-13,2026-03-03,97.7,106.1314,108.7678,92.0557,89.8244,75.86,133.913,-27.0422,28.7899,59149000
2026-03-04,180,2025-06-16,2026-03-04,98.66,106.0135,108.6425,93.0636,90.8116,75.86,133.913,-26.3253,30.0554,52604300
2026-03-05,180,2025-06-17,2026-03-05,99.17,105.8936,108.5127,93.6506,91.3902,75.86,133.913,-25.9445,30.7277,53403000
2026-03-06,180,2025-06-18,2026-03-06,99.02,105.7749,108.3847,93.6139,91.3598,75.86,133.913,-26.0565,30.5299,41196300
2026-03-09,180,2025-06-20,2026-03-09,98.32,105.6514,108.2518,93.0608,90.8252,75.86,133.913,-26.5792,29.6072,48589000
2026-03-10,180,2025-06-23,2026-03-10,96.94,105.5155,108.1063,91.8728,89.671,75.86,133.913,-27.6097,27.788,41027200
2026-03-11,180,2025-06-24,2026-03-11,94.89,105.3573,107.937,90.0649,87.9124,75.86,133.913,-29.1406,25.0857,33962900
2026-03-12,180,2025-06-25,2026-03-12,94.31,105.1858,107.7504,89.6604,87.5264,75.86,133.913,-29.5737,24.3211,34206900
2026-03-13,180,2025-06-26,2026-03-13,95.31,105.0231,107.5714,90.7514,88.6016,75.86,133.913,-28.8269,25.6393,29876700
2026-03-16,180,2025-06-27,2026-03-16,95.2,104.8487,107.3744,90.7975,88.6618,75.86,133.913,-28.9091,25.4943,34931800
2026-03-17,180,2025-06-30,2026-03-17,94.36,104.6634,107.1635,90.1557,88.0524,75.86,133.913,-29.5363,24.387,26434500
2026-03-18,180,2025-07-01,2026-03-18,94.7,104.4756,106.9457,90.6432,88.5496,75.86,129.718,-26.9955,24.8352,27878300
2026-03-19,180,2025-07-02,2026-03-19,91.74,104.2837,106.7367,87.9716,85.9498,75.86,129.718,-29.2774,20.9333,40169300
2026-03-20,180,2025-07-03,2026-03-20,91.82,104.0962,106.533,88.2068,86.1893,75.86,129.718,-29.2157,21.0388,61678000
2026-03-23,180,2025-07-07,2026-03-23,93.38,103.916,106.3311,89.8611,87.82,75.86,128.962,-27.5911,23.0952,34315900
2026-03-24,180,2025-07-08,2026-03-24,90.92,103.7217,106.1197,87.6577,85.6768,75.86,128.828,-29.4253,19.8524,28938000
2026-03-25,180,2025-07-09,2026-03-25,92.28,103.543,105.9239,89.1224,87.1191,75.86,128.828,-28.3696,21.6451,29545600
2026-03-26,180,2025-07-10,2026-03-26,93.32,103.3674,105.7266,90.28,88.2654,75.86,127.417,-26.7602,23.0161,59522000
2026-03-27,180,2025-07-11,2026-03-27,93.43,103.2069,105.5509,90.5269,88.5165,75.86,127.417,-26.6738,23.1611,44590700
2026-03-30,180,2025-07-14,2026-03-30,92.97,103.0459,105.3757,90.2219,88.2272,75.86,127.417,-27.0349,22.5547,32375100
2026-03-31,180,2025-07-15,2026-03-31,96.15,102.9001,105.2088,93.4402,91.3897,75.86,127.417,-24.5391,26.7466,54270000
2026-04-01,180,2025-07-16,2026-04-01,95.55,102.7514,105.0395,92.9914,90.9658,75.86,127.417,-25.01,25.9557,30439300
2026-04-02,180,2025-07-17,2026-04-02,98.66,102.6262,104.893,96.1353,94.0578,75.86,127.417,-22.5692,30.0554,37068000
2026-04-06,180,2025-07-18,2026-04-06,98.93,102.4941,104.7347,96.5226,94.4577,75.86,126.325,-21.6861,30.4113,37029300
2026-04-07,180,2025-07-21,2026-04-07,98.82,102.3863,104.6119,96.5169,94.4635,75.86,126.325,-21.7732,30.2663,25016700
2026-04-08,180,2025-07-22,2026-04-08,99.39,102.2727,104.4789,97.1814,95.1292,75.86,126.325,-21.322,31.0177,30957600
2026-04-09,180,2025-07-23,2026-04-09,102.05,102.1916,104.3847,99.8615,97.7634,75.86,126.325,-19.2163,34.5241,35087800
2026-04-10,180,2025-07-24,2026-04-10,103.01,102.1214,104.3032,100.8701,98.7601,75.86,126.325,-18.4564,35.7896,25769900
2026-04-13,180,2025-07-25,2026-04-13,103.16,102.0505,104.2203,101.0872,98.9826,75.86,126.325,-18.3376,35.9873,26042800
2026-04-14,180,2025-07-28,2026-04-14,106.28,101.9963,104.155,104.1999,102.0403,75.86,126.325,-15.8678,40.1002,40534900
2026-04-15,180,2025-07-29,2026-04-15,107.71,101.9518,104.1008,105.648,103.467,75.86,126.325,-14.7358,41.9852,38023700
2026-04-16,180,2025-07-30,2026-04-16,107.79,101.9101,104.0503,105.7697,103.5941,75.86,126.325,-14.6725,42.0907,64928300
2026-04-17,180,2025-07-31,2026-04-17,97.31,101.8045,103.933,95.5851,93.6276,75.86,126.325,-22.9685,28.2758,125958700
2026-04-20,180,2025-08-01,2026-04-20,94.83,101.6941,103.8158,93.2502,91.3445,75.86,126.325,-24.9317,25.0066,63298300
2026-04-21,180,2025-08-04,2026-04-21,92.58,101.5696,103.6864,91.1493,89.2884,75.86,126.325,-26.7128,22.0406,61962300
2026-04-22,180,2025-08-05,2026-04-22,93.24,101.4445,103.5539,91.9123,90.0401,75.86,126.325,-26.1904,22.9106,33694300
2026-04-23,180,2025-08-06,2026-04-23,92.82,101.3267,103.4318,91.6046,89.7403,75.86,126.325,-26.5229,22.357,36851700
2026-04-24,180,2025-08-07,2026-04-24,92.44,101.1939,103.2907,91.3494,89.495,75.86,126.325,-26.8237,21.8561,32553200
2026-04-27,180,2025-08-08,2026-04-27,91.37,101.0534,103.1425,90.4175,88.5861,75.86,126.325,-27.6707,20.4456,29707400
2026-04-28,180,2025-08-11,2026-04-28,92.27,100.907,102.982,91.4406,89.5982,75.86,126.325,-26.9582,21.6319,33418100
2026-04-29,180,2025-08-12,2026-04-29,92.12,100.7575,102.817,91.4275,89.5961,75.86,126.325,-27.077,21.4342,26122100
2026-04-30,180,2025-08-13,2026-04-30,93.61,100.6155,102.6563,93.0374,91.1878,75.86,126.325,-25.8975,23.3984,40923000
2026-05-01,180,2025-08-14,2026-05-01,92.06,100.4717,102.4986,91.6278,89.8158,75.86,126.325,-27.1245,21.3551,30406900
2026-05-04,180,2025-08-15,2026-05-04,91.02,100.3116,102.3206,90.7373,88.9557,75.86,126.325,-27.9478,19.9842,25928800
2026-05-05,180,2025-08-18,2026-05-05,87.89,100.1271,102.1206,87.7785,86.0649,75.86,126.325,-30.4255,15.8582,51961300
2026-05-06,180,2025-08-19,2026-05-06,88.27,99.9437,101.9193,88.3197,86.6078,75.86,126.325,-30.1247,16.3591,41932400
2026-05-07,180,2025-08-20,2026-05-07,88.25,99.7723,101.735,88.4514,86.745,75.86,126.325,-30.1405,16.3327,30627600
2026-05-08,180,2025-08-21,2026-05-08,87.49,99.5961,101.5467,87.8448,86.1574,75.86,126.325,-30.7421,15.3309,36215100
2026-05-11,180,2025-08-22,2026-05-11,85.45,99.4084,101.3513,85.9585,84.3107,75.86,126.325,-32.357,12.6417,40556500
2026-05-12,180,2025-08-25,2026-05-12,87.66,99.2381,101.1691,88.333,86.647,75.86,126.325,-30.6076,15.555,43556600
2026-05-13,180,2025-08-26,2026-05-13,87.56,99.0628,100.9788,88.3884,86.7113,75.86,126.325,-30.6867,15.4231,30823500
2026-05-14,180,2025-08-27,2026-05-14,86.94,98.8807,100.7807,87.9242,86.2666,75.86,126.325,-31.1775,14.6059,29408300
2026-05-15,180,2025-08-28,2026-05-15,87.02,98.7007,100.5844,88.1655,86.5144,75.86,126.325,-31.1142,14.7113,32335700
2026-05-18,180,2025-08-29,2026-05-18,89.65,98.5368,100.3983,90.9812,89.2944,75.86,126.325,-29.0323,18.1782,35800500
2026-05-19,180,2025-09-02,2026-05-19,89.33,98.3797,100.2233,90.8013,89.131,75.86,126.325,-29.2856,17.7564,34545700
2026-05-20,180,2025-09-03,2026-05-20,88.09,98.2124,100.0382,89.6933,88.0564,75.86,126.325,-30.2672,16.1218,23463400
2026-05-21,180,2025-09-04,2026-05-21,89.3,98.0496,99.8531,91.0763,89.4314,75.86,126.325,-29.3093,17.7168,28613900
2026-05-22,180,2025-09-05,2026-05-22,88.6,97.8719,99.6467,90.5265,88.9141,75.86,126.325,-29.8634,16.7941,23847200
2026-05-26,180,2025-09-08,2026-05-26,87.68,97.6931,99.4428,89.7504,88.1713,75.86,126.325,-30.5917,15.5813,24014500
2026-05-27,180,2025-09-09,2026-05-27,87.35,97.5124,99.2366,89.5783,88.022,75.86,126.325,-30.853,15.1463,22569500
2026-05-28,180,2025-09-10,2026-05-28,86.36,97.3193,99.0145,88.7388,87.2195,75.86,124.771,-30.7852,13.8413,38803800
2026-05-29,180,2025-09-11,2026-05-29,86.02,97.1297,98.7993,88.562,87.0654,75.86,124.135,-30.7045,13.3931,39793600
2026-06-01,180,2025-09-12,2026-06-01,85.85,96.955,98.6076,88.5463,87.0623,75.86,124.135,-30.8414,13.169,32747200
2026-06-02,180,2025-09-15,2026-06-02,83.33,96.7681,98.4103,86.1131,84.6761,75.86,124.135,-32.8715,9.8471,42947200
2026-06-03,180,2025-09-16,2026-06-03,81.52,96.563,98.1953,84.4215,83.0183,75.86,124.135,-34.3296,7.4611,36714700
2026-06-04,180,2025-09-17,2026-06-04,81.56,96.3598,97.9814,84.6411,83.2403,75.86,124.135,-34.2973,7.5138,39338800
2026-06-05,180,2025-09-18,2026-06-05,82.18,96.1525,97.7555,85.4684,84.0669,75.86,124.135,-33.7979,8.3311,43474100
2026-06-08,180,2025-09-19,2026-06-08,82.64,95.9566,97.5436,86.1223,84.7211,75.86,124.135,-33.4273,8.9375,33056700
2026-06-09,180,2025-09-22,2026-06-09,81.41,95.7456,97.3142,85.0274,83.6568,75.86,124.135,-34.4182,7.3161,34787200
2026-06-10,180,2025-09-23,2026-06-10,82.0,95.5399,97.0879,85.828,84.4595,75.86,124.135,-33.9429,8.0939,36304600
2026-06-11,180,2025-09-24,2026-06-11,81.27,95.3326,96.8625,85.2489,83.9025,75.86,124.135,-34.531,7.1316,33417600
2026-06-12,180,2025-09-25,2026-06-12,80.34,95.124,96.6399,84.4582,83.1333,75.86,124.135,-35.2801,5.9056,35309700
2026-06-15,180,2025-09-26,2026-06-15,81.67,94.9249,96.4224,86.0364,84.7002,75.86,124.135,-34.2087,7.6588,36430800
2026-06-16,180,2025-09-29,2026-06-16,78.72,94.703,96.1872,83.123,81.8404,75.86,124.135,-36.5852,3.7701,65054000
2026-06-17,180,2025-09-30,2026-06-17,76.96,94.4692,95.9445,81.4657,80.213,75.86,124.135,-38.003,1.45,50338800
2026-06-18,180,2025-10-01,2026-06-18,77.38,94.2425,95.7084,82.1073,80.8498,75.86,124.135,-37.6646,2.0037,91920400
2026-06-22,180,2025-10-02,2026-06-22,72.88,93.9876,95.4627,77.5421,76.3439,72.88,124.135,-41.2897,0.0,82203300
2026-06-23,180,2025-10-03,2026-06-23,72.82,93.7365,95.2214,77.6859,76.4744,72.82,124.135,-41.3381,0.0,50806800
2026-06-24,180,2025-10-06,2026-06-24,71.84,93.4809,94.9798,76.8499,75.6371,71.84,124.135,-42.1275,0.0,48001500
2026-06-25,180,2025-10-07,2026-06-25,70.9,93.2143,94.7274,76.0613,74.8463,70.9,124.135,-42.8848,0.0,44446900
2026-06-26,180,2025-10-08,2026-06-26,73.81,92.9662,94.4758,79.3944,78.1258,70.9,124.135,-40.5405,4.1044,74990300
2026-06-29,180,2025-10-09,2026-06-29,73.78,92.7116,94.2111,79.5801,78.3135,70.9,124.135,-40.5647,4.0621,42429600
2026-06-30,180,2025-10-10,2026-06-30,71.4,92.4315,93.9238,77.2464,76.0191,70.9,124.135,-42.482,0.7052,49240900
2026-07-01,180,2025-10-13,2026-07-01,74.19,92.1815,93.6582,80.4826,79.2136,70.9,124.135,-40.2344,4.6403,43841800
2026-07-02,180,2025-10-14,2026-07-02,77.65,91.9613,93.4123,84.4377,83.1261,70.9,124.135,-37.4471,9.5205,55456500
2026-07-06,180,2025-10-15,2026-07-06,76.02,91.7304,93.1595,82.8733,81.602,70.9,124.135,-38.7602,7.2214,45056600
2026-07-07,180,2025-10-16,2026-07-07,76.18,91.5058,92.9142,83.2515,81.9896,70.9,124.135,-38.6313,7.4471,33257300
2026-07-08,180,2025-10-17,2026-07-08,75.59,91.284,92.6766,82.8075,81.5632,70.9,124.135,-39.1066,6.6149,34373500
2026-07-09,180,2025-10-20,2026-07-09,75.47,91.0571,92.4295,82.882,81.6514,70.9,124.135,-39.2033,6.4457,36305700
2026-07-10,180,2025-10-21,2026-07-10,73.37,90.8019,92.1491,80.8022,79.621,70.9,124.135,-40.895,3.4838,46713900
2026-07-13,180,2025-10-22,2026-07-13,73.83,90.5512,91.8696,81.534,80.3639,70.9,115.75,-36.216,4.1326,35101800
2026-07-14,180,2025-10-23,2026-07-14,73.53,90.3402,91.6579,81.3923,80.2222,70.9,115.75,-36.4752,3.7094,33312100
2026-07-15,180,2025-10-24,2026-07-15,73.68,90.1325,91.4486,81.7463,80.5699,70.9,115.75,-36.3456,3.921,32854300
2026-07-16,180,2025-10-27,2026-07-16,74.35,89.9382,91.2535,82.6679,81.4764,70.9,115.75,-35.7667,4.866,77505200
2026-07-17,180,2025-10-28,2026-07-17,68.95,89.6976,91.0284,76.8694,75.7456,68.95,115.75,-40.432,0.0,142029200
2026-07-20,180,2025-10-29,2026-07-20,67.6,89.4426,90.7915,75.5792,74.4563,67.6,115.75,-41.5983,0.0,60669100
2026-07-21,180,2025-10-30,2026-07-21,68.67,89.1999,90.5616,76.9844,75.8268,67.6,115.75,-40.6739,1.5828,56565800
2026-07-22,180,2025-10-31,2026-07-22,68.53,88.9614,90.3374,77.0334,75.8601,67.6,115.75,-40.7948,1.3757,44947300
2026-07-23,180,2025-11-03,2026-07-23,68.89,88.7168,90.0985,77.6515,76.4608,67.6,115.75,-40.4838,1.9083,45029100
2026-07-24,180,2025-11-04,2026-07-24,70.09,88.491,89.8767,79.2058,77.9846,67.6,115.75,-39.4471,3.6834,37593500
2026-07-27,180,2025-11-05,2026-07-27,70.4,88.2717,89.6606,79.7538,78.5183,67.6,115.75,-39.1793,4.142,39090800
2026-07-28,180,2025-11-06,2026-07-28,72.39,88.0682,89.4525,82.1976,80.9256,67.6,115.75,-37.46,7.0858,47160200
2026-07-29,180,2025-11-07,2026-07-29,73.63,87.8762,89.2521,83.7883,82.4966,67.6,115.75,-36.3888,8.9201,43737600
2026-07-30,180,2025-11-10,2026-07-30,73.17,87.6791,89.0455,83.4521,82.1715,67.6,115.75,-36.7862,8.2396,54261000
2026-07-31,180,2025-11-11,2026-07-31,71.71,87.4653,88.8216,81.9868,80.7348,67.6,115.75,-38.0475,6.0799,35847500
2026-08-03,180,2025-11-12,2026-08-03,73.33,87.2602,88.5977,84.036,82.7674,67.6,115.75,-36.6479,8.4763,33922300
2026-08-04,180,2025-11-13,2026-08-04,73.57,87.0512,88.3633,84.5135,83.2585,67.6,115.423,-36.2605,8.8314,42877900
2026-08-05,180,2025-11-14,2026-08-05,74.2,86.849,88.1343,85.4356,84.1897,67.6,114.09,-34.9636,9.7633,28969400
2026-08-06,180,2025-11-17,2026-08-06,73.69,86.6575,87.9258,85.0359,83.8093,67.6,114.09,-35.4106,9.0089,28892700
2026-08-07,180,2025-11-18,2026-08-07,74.14,86.4735,87.725,85.7373,84.5141,67.6,114.09,-35.0162,9.6746,24819000
2026-08-10,180,2025-11-19,2026-08-10,76.29,86.2935,87.515,88.4076,87.1736,67.6,110.0,-30.6455,12.855,26959900
2026-08-11,180,2025-11-20,2026-08-11,74.79,86.1168,87.3194,86.8472,85.6511,67.6,109.35,-31.6049,10.6361,27840500
2026-08-12,180,2025-11-21,2026-08-12,74.21,85.9518,87.1446,86.3391,85.1573,67.6,109.35,-32.1353,9.7781,20773100
2026-08-13,180,2025-11-24,2026-08-13,78.24,85.8209,86.9998,91.1666,89.9313,67.6,109.35,-28.4499,15.7396,41452900
2026-08-14,180,2025-11-25,2026-08-14,78.16,85.6801,86.8397,91.223,90.0049,67.6,109.35,-28.5231,15.6213,26751000
2026-08-17,180,2025-11-26,2026-08-17,76.02,85.5345,86.6821,88.8764,87.6998,67.6,109.35,-30.4801,12.4556,30753000
2026-08-18,180,2025-11-28,2026-08-18,77.77,85.3951,86.5244,91.0708,89.8821,67.6,109.35,-28.8797,15.0444,36151300
2026-08-19,180,2025-12-01,2026-08-19,80.22,85.2668,86.3724,94.0812,92.8768,67.6,109.35,-26.6392,18.6686,31461800
2026-08-20,180,2025-12-02,2026-08-20,80.14,85.1331,86.2114,94.1349,92.9576,67.6,109.35,-26.7124,18.5503,27082482
