date,window_trading_days,window_start,window_end,close,fixed_amount_dca_cost,moving_avg_180,price_to_dca_pct,price_to_ma_pct,min_close_in_window,max_close_in_window,drawdown_from_window_high_pct,above_window_low_pct,volume
2010-09-20,180,2010-01-04,2010-09-20,114.21,111.7508,111.9258,102.2006,102.0408,102.2,121.81,-6.2392,11.7515,214555200
2010-09-21,180,2010-01-05,2010-09-21,113.98,111.7543,111.9294,101.9916,101.8321,102.2,121.81,-6.428,11.5264,268389100
2010-09-22,180,2010-01-06,2010-09-22,113.42,111.7531,111.9282,101.4916,101.3328,102.2,121.81,-6.8878,10.9785,191322400
2010-09-23,180,2010-01-07,2010-09-23,112.5,111.7466,111.9215,100.6742,100.5169,102.2,121.81,-7.643,10.0783,202354300
2010-09-24,180,2010-01-08,2010-09-24,114.82,111.7499,111.925,102.7473,102.5866,102.2,121.81,-5.7384,12.3483,209671800
2010-09-27,180,2010-01-11,2010-09-27,114.27,111.7483,111.9233,102.2566,102.0967,102.2,121.81,-6.19,11.8102,128761800
2010-09-28,180,2010-01-12,2010-09-28,114.67,111.748,111.923,102.6148,102.4544,102.2,121.81,-5.8616,12.2016,209207500
2010-09-29,180,2010-01-13,2010-09-29,114.47,111.7523,111.9275,102.4319,102.2716,102.2,121.81,-6.0258,12.0059,179665800
2010-09-30,180,2010-01-14,2010-09-30,114.13,111.7497,111.9248,102.13,101.9703,102.2,121.81,-6.3049,11.6732,287106700
2010-10-01,180,2010-01-15,2010-10-01,114.61,111.748,111.923,102.5611,102.4008,102.2,121.81,-5.9108,12.1429,174638700
2010-10-04,180,2010-01-19,2010-10-04,113.75,111.7486,111.9236,101.791,101.6318,102.2,121.81,-6.6169,11.3014,166153200
2010-10-05,180,2010-01-20,2010-10-05,116.04,111.7537,111.9291,103.8355,103.6728,102.2,121.81,-4.7369,13.5421,229634100
2010-10-06,180,2010-01-21,2010-10-06,116.03,111.765,111.9409,103.8161,103.6529,102.2,121.81,-4.7451,13.5323,148626600
2010-10-07,180,2010-01-22,2010-10-07,115.89,111.7874,111.9642,103.67,103.5063,102.2,121.81,-4.86,13.3953,164860000
2010-10-08,180,2010-01-25,2010-10-08,116.54,111.8274,112.0049,104.2142,104.049,102.2,121.81,-4.3264,14.0313,177760100
2010-10-11,180,2010-01-26,2010-10-11,116.65,111.8648,112.0432,104.2777,104.1117,102.2,121.81,-4.2361,14.1389,103098300
2010-10-12,180,2010-01-27,2010-10-12,117.01,111.9066,112.0859,104.5604,104.3931,102.2,121.81,-3.9406,14.4912,182210000
2010-10-13,180,2010-01-28,2010-10-13,117.92,111.9501,112.1309,105.3326,105.1628,102.2,121.81,-3.1935,15.3816,194347200
2010-10-14,180,2010-01-29,2010-10-14,117.46,111.9987,112.1803,104.8762,104.7065,102.2,121.81,-3.5711,14.9315,217764300
2010-10-15,180,2010-02-01,2010-10-15,117.7,112.0555,112.2376,105.0372,104.8669,102.2,121.81,-3.3741,15.1663,243705000
2010-10-18,180,2010-02-02,2010-10-18,118.28,112.1054,112.2888,105.5078,105.3355,102.2,121.81,-2.898,15.7339,141204800
2010-10-19,180,2010-02-03,2010-10-19,116.73,112.1398,112.3241,104.0933,103.9225,102.2,121.81,-4.1704,14.2172,280604700
2010-10-20,180,2010-02-04,2010-10-20,117.87,112.1832,112.3687,105.0692,104.8957,102.2,121.81,-3.2345,15.3327,200051800
2010-10-21,180,2010-02-05,2010-10-21,118.13,112.2483,112.4337,105.2399,105.0664,102.2,121.81,-3.0211,15.5871,221585500
2010-10-22,180,2010-02-08,2010-10-22,118.35,112.3131,112.4986,105.375,105.2013,102.2,121.81,-2.8405,15.8023,108212400
2010-10-25,180,2010-02-09,2010-10-25,118.7,112.3846,112.5698,105.6194,105.4457,102.2,121.81,-2.5532,16.1448,151145700
2010-10-26,180,2010-02-10,2010-10-26,118.72,112.448,112.6337,105.5777,105.4037,102.2,121.81,-2.5367,16.1644,158982900
2010-10-27,180,2010-02-11,2010-10-27,118.38,112.5111,112.6968,105.2163,105.0429,102.2,121.81,-2.8159,15.8317,190024000
2010-10-28,180,2010-02-12,2010-10-28,118.4,112.5676,112.7539,105.1813,105.0075,102.2,121.81,-2.7994,15.8513,168576000
2010-10-29,180,2010-02-16,2010-10-29,118.49,112.6251,112.8119,105.2075,105.0332,102.2,121.81,-2.7256,15.9393,144305500
2010-11-01,180,2010-02-17,2010-11-01,118.53,112.6727,112.8608,105.1985,105.0232,102.2,121.81,-2.6927,15.9785,174074800
2010-11-02,180,2010-02-18,2010-11-02,119.47,112.722,112.9119,105.9864,105.8081,102.2,121.81,-1.921,16.8982,158345900
2010-11-03,180,2010-02-19,2010-11-03,119.95,112.77,112.9622,106.3669,106.186,102.2,121.81,-1.527,17.3679,226702800
2010-11-04,180,2010-02-22,2010-11-04,122.26,112.8279,113.0239,108.3598,108.1718,102.2,122.26,0.0,19.6282,215039400
2010-11-05,180,2010-02-23,2010-11-05,122.72,112.8878,113.0882,108.7097,108.5171,102.2,122.72,0.0,20.0783,180654100
2010-11-08,180,2010-02-24,2010-11-08,122.49,112.9546,113.1586,108.4418,108.2463,102.2,122.72,-0.1874,19.8532,156107100
2010-11-09,180,2010-02-25,2010-11-09,121.61,113.0114,113.2186,107.6086,107.4117,102.2,122.72,-0.9045,18.9922,186621600
2010-11-10,180,2010-02-26,2010-11-10,122.1,113.0714,113.2821,107.9848,107.7841,102.2,122.72,-0.5052,19.4716,221387400
2010-11-11,180,2010-03-01,2010-11-11,121.64,113.1289,113.3426,107.5233,107.3206,102.2,122.72,-0.8801,19.0215,158017600
2010-11-12,180,2010-03-02,2010-11-12,120.2,113.1729,113.3888,106.2092,106.007,102.2,122.72,-2.0535,17.6125,239068800
2010-11-15,180,2010-03-03,2010-11-15,120.03,113.2143,113.4323,106.0202,105.8164,102.2,122.72,-2.192,17.4462,163940800
2010-11-16,180,2010-03-04,2010-11-16,118.16,113.2457,113.4648,104.3395,104.138,102.2,122.72,-3.7158,15.6164,299566200
2010-11-17,180,2010-03-05,2010-11-17,118.22,113.2756,113.4958,104.3649,104.1624,102.2,122.72,-3.6669,15.6752,172308900
2010-11-18,180,2010-03-08,2010-11-18,119.96,113.3053,113.5276,105.8732,105.666,102.2,122.72,-2.249,17.3777,197723700
2010-11-19,180,2010-03-09,2010-11-19,120.29,113.3366,113.561,106.1352,105.9255,102.2,122.72,-1.9801,17.7006,156852900
2010-11-22,180,2010-03-10,2010-11-22,120.19,113.3663,113.5928,106.0192,105.8077,102.2,122.72,-2.0616,17.6027,181361000
2010-11-23,180,2010-03-11,2010-11-23,118.45,113.3845,113.6122,104.4675,104.2582,102.2,122.72,-3.4795,15.9002,222309000
2010-11-24,180,2010-03-12,2010-11-24,120.2,113.409,113.6386,105.9881,105.774,102.2,122.72,-2.0535,17.6125,140046100
2010-11-26,180,2010-03-15,2010-11-26,118.8,113.4264,113.6571,104.7375,104.5249,102.2,122.72,-3.1943,16.2427,76007800
2010-11-29,180,2010-03-16,2010-11-29,119.16,113.4455,113.6775,105.0373,104.8229,102.2,122.72,-2.9009,16.5949,223642300
2010-11-30,180,2010-03-17,2010-11-30,118.49,113.4562,113.6891,104.4367,104.2229,102.2,122.72,-3.4469,15.9393,233930700
2010-12-01,180,2010-03-18,2010-12-01,121.01,113.476,113.7108,106.6393,106.4191,102.2,122.72,-1.3934,18.4051,221037200
2010-12-02,180,2010-03-19,2010-12-02,122.56,113.5035,113.7414,107.979,107.7532,102.2,122.72,-0.1304,19.9217,191213600
2010-12-03,180,2010-03-22,2010-12-03,122.89,113.5383,113.7799,108.2366,108.0068,102.2,122.89,0.0,20.2446,151288900
2010-12-06,180,2010-03-23,2010-12-06,122.76,113.5692,113.8142,108.0927,107.86,102.2,122.89,-0.1058,20.1174,103050500
2010-12-07,180,2010-03-24,2010-12-07,122.83,113.5961,113.8443,108.1287,107.893,102.2,122.89,-0.0488,20.1859,206581000
2010-12-08,180,2010-03-25,2010-12-08,123.28,113.6282,113.8801,108.4942,108.2542,102.2,123.28,0.0,20.6262,138019200
2010-12-09,180,2010-03-26,2010-12-09,123.76,113.6635,113.9196,108.8828,108.6381,102.2,123.76,0.0,21.0959,123705100
2010-12-10,180,2010-03-29,2010-12-10,124.48,113.7026,113.9634,109.4786,109.228,102.2,124.48,0.0,21.8004,117571700
2010-12-13,180,2010-03-30,2010-12-13,124.56,113.7382,114.0037,109.5147,109.2596,102.2,124.56,0.0,21.8787,133812700
2010-12-14,180,2010-03-31,2010-12-14,124.67,113.7739,114.0441,109.577,109.3174,102.2,124.67,0.0,21.9863,147249600
2010-12-15,180,2010-04-01,2010-12-15,124.1,113.8091,114.0835,109.0423,108.78,102.2,124.67,-0.4572,21.4286,160823100
2010-12-16,180,2010-04-05,2010-12-16,124.82,113.8434,114.1225,109.6418,109.3737,102.2,124.82,0.0,22.1331,185035200
2010-12-17,180,2010-04-06,2010-12-17,124.3,113.8704,114.1533,109.1591,108.8887,102.2,124.82,-0.4166,21.6243,141075300
2010-12-20,180,2010-04-07,2010-12-20,124.6,113.8975,114.1842,109.3966,109.122,102.2,124.82,-0.1763,21.9178,119085500
2010-12-21,180,2010-04-08,2010-12-21,125.39,113.9316,114.2232,110.0573,109.7763,102.2,125.39,0.0,22.6908,94965500
2010-12-22,180,2010-04-09,2010-12-22,125.78,113.9655,114.2622,110.3668,110.0802,102.2,125.78,0.0,23.0724,78878100
2010-12-23,180,2010-04-12,2010-12-23,125.6,113.9945,114.2958,110.1807,109.8903,102.2,125.78,-0.1431,22.8963,70053700
2010-12-27,180,2010-04-13,2010-12-27,125.65,114.0229,114.3286,110.1972,109.9025,102.2,125.78,-0.1034,22.9452,58126000
2010-12-28,180,2010-04-14,2010-12-28,125.83,114.0516,114.3619,110.3272,110.0279,102.2,125.83,0.0,23.1213,55309100
2010-12-29,180,2010-04-15,2010-12-29,125.92,114.0741,114.3882,110.3844,110.0813,102.2,125.92,0.0,23.2094,58033100
2010-12-30,180,2010-04-16,2010-12-30,125.72,114.0951,114.4128,110.1888,109.8828,102.2,125.92,-0.1588,23.0137,76616900
2010-12-31,180,2010-04-19,2010-12-31,125.75,114.1259,114.4483,110.1854,109.8749,102.2,125.92,-0.135,23.0431,91218900
2011-01-03,180,2010-04-20,2011-01-03,127.05,114.1603,114.4886,111.2909,110.9718,102.2,127.05,0.0,24.3151,138725200
2011-01-04,180,2010-04-21,2011-01-04,126.98,114.1891,114.5224,111.2015,110.8778,102.2,127.05,-0.0551,24.2466,137409700
2011-01-05,180,2010-04-22,2011-01-05,127.64,114.2219,114.5612,111.7474,111.4164,102.2,127.64,0.0,24.8924,133975300
2011-01-06,180,2010-04-23,2011-01-06,127.39,114.2519,114.5966,111.4993,111.1638,102.2,127.64,-0.1959,24.6478,122519000
2011-01-07,180,2010-04-26,2011-01-07,127.14,114.2768,114.6262,111.2562,110.917,102.2,127.64,-0.3917,24.4031,156034600
2011-01-10,180,2010-04-27,2011-01-10,126.98,114.3033,114.6575,111.0904,110.7472,102.2,127.64,-0.5171,24.2466,122401700
2011-01-11,180,2010-04-28,2011-01-11,127.43,114.3464,114.7072,111.4421,111.0915,102.2,127.64,-0.1645,24.6869,110287000
2011-01-12,180,2010-04-29,2011-01-12,128.58,114.3899,114.7583,112.405,112.0442,102.2,128.58,0.0,25.8121,107929200
2011-01-13,180,2010-04-30,2011-01-13,128.37,114.4251,114.8001,112.1869,111.8205,102.2,128.58,-0.1633,25.6067,129048400
2011-01-14,180,2010-05-03,2011-01-14,129.3,114.4748,114.8583,112.9506,112.5735,102.2,129.3,0.0,26.5166,117677900
2011-01-18,180,2010-05-04,2011-01-18,129.52,114.5177,114.9093,113.1005,112.715,102.2,129.52,0.0,26.7319,114401300
2011-01-19,180,2010-05-05,2011-01-19,128.25,114.5696,114.9689,111.9407,111.5519,102.2,129.52,-0.9805,25.4892,151958400
2011-01-20,180,2010-05-06,2011-01-20,128.08,114.6245,115.0314,111.7388,111.3435,102.2,129.52,-1.1118,25.3229,175745700
2011-01-21,180,2010-05-07,2011-01-21,128.37,114.7022,115.1172,111.9159,111.5125,102.2,129.52,-0.8879,25.6067,151462900
2011-01-24,180,2010-05-10,2011-01-24,129.1,114.7931,115.2163,112.4632,112.0501,102.2,129.52,-0.3243,26.3209,113715500
2011-01-25,180,2010-05-11,2011-01-25,129.17,114.8566,115.2886,112.462,112.0406,102.2,129.52,-0.2702,26.3894,167552200
2011-01-26,180,2010-05-12,2011-01-26,129.67,114.9241,115.3654,112.8309,112.3993,102.2,129.67,0.0,26.8787,141281500
2011-01-27,180,2010-05-13,2011-01-27,129.99,114.9844,115.4351,113.0501,112.6087,102.2,129.99,0.0,27.1918,123302700
2011-01-28,180,2010-05-14,2011-01-28,127.72,115.0426,115.5003,111.0197,110.5798,102.2,129.99,-1.7463,24.9707,295637300
2011-01-31,180,2010-05-17,2011-01-31,128.68,115.1169,115.5824,111.782,111.3318,102.2,129.99,-1.0078,25.91,149249200
2011-02-01,180,2010-05-18,2011-02-01,130.74,115.1999,115.6757,113.4897,113.0229,102.2,130.74,0.0,27.9256,167194300
2011-02-02,180,2010-05-19,2011-02-02,130.49,115.2909,115.7762,113.1832,112.7088,102.2,130.74,-0.1912,27.681,118323600
2011-02-03,180,2010-05-20,2011-02-03,130.78,115.3871,115.8819,113.3402,112.8563,102.2,130.78,0.0,27.9648,145886700
2011-02-04,180,2010-05-21,2011-02-04,131.15,115.5111,116.0131,113.5389,113.0476,102.2,131.15,0.0,28.3268,134634800
2011-02-07,180,2010-05-24,2011-02-07,131.97,115.6289,116.1401,114.1324,113.63,102.2,131.97,0.0,29.1292,112439100
2011-02-08,180,2010-05-25,2011-02-08,132.57,115.7583,116.2782,114.5231,114.0111,102.2,132.57,0.0,29.7163,99072800
2011-02-09,180,2010-05-26,2011-02-09,132.27,115.8861,116.414,114.1379,113.6204,102.2,132.57,-0.2263,29.4227,146436700
2011-02-10,180,2010-05-27,2011-02-10,132.32,116.0186,116.5537,114.0507,113.5271,102.2,132.57,-0.1886,29.4716,162708500
2011-02-11,180,2010-05-28,2011-02-11,133.11,116.132,116.6779,114.6195,114.0833,102.2,133.11,0.0,30.2446,137710300
2011-02-14,180,2010-06-01,2011-02-14,133.43,116.2557,116.8116,114.7729,114.2267,102.2,133.43,0.0,30.5577,101690700
2011-02-15,180,2010-06-02,2011-02-15,133.01,116.3896,116.9531,114.28,113.7293,102.2,133.43,-0.3148,30.1468,119575400
2011-02-16,180,2010-06-03,2011-02-16,133.85,116.5096,117.0838,114.8832,114.3199,102.2,133.85,0.0,30.9687,130183500
2011-02-17,180,2010-06-04,2011-02-17,134.25,116.6292,117.2146,115.1084,114.5336,102.2,134.25,0.0,31.3601,109810500
2011-02-18,180,2010-06-07,2011-02-18,134.53,116.7751,117.3685,115.2044,114.6219,102.2,134.53,0.0,31.6341,130002400
2011-02-22,180,2010-06-08,2011-02-22,131.83,116.9187,117.5148,112.7535,112.1816,102.2,134.53,-2.007,28.9922,233116400
2011-02-23,180,2010-06-09,2011-02-23,131.02,117.0515,117.6504,111.9336,111.3639,102.2,134.53,-2.6091,28.1996,227584000
2011-02-24,180,2010-06-10,2011-02-24,130.93,117.1881,117.7886,111.7264,111.1568,102.2,134.53,-2.676,28.1115,260431400
2011-02-25,180,2010-06-11,2011-02-25,132.33,117.3106,117.9174,112.8031,112.2226,102.2,134.53,-1.6353,29.4814,141686900
2011-02-28,180,2010-06-14,2011-02-28,133.15,117.4336,118.0478,113.3832,112.7933,102.2,134.53,-1.0258,30.2838,141585500
2011-03-01,180,2010-06-15,2011-03-01,130.93,117.5482,118.1668,111.3841,110.801,102.2,134.53,-2.676,28.1115,258565500
2011-03-02,180,2010-06-16,2011-03-02,131.21,117.6486,118.2735,111.527,110.9378,102.2,134.53,-2.4678,28.3855,200277400
2011-03-03,180,2010-06-17,2011-03-03,133.47,117.7594,118.393,113.3412,112.7347,102.2,134.53,-0.7879,30.5969,176480100
2011-03-04,180,2010-06-18,2011-03-04,132.47,117.865,118.5059,112.3913,111.7834,102.2,134.53,-1.5313,29.6184,277202300
2011-03-07,180,2010-06-21,2011-03-07,131.43,117.9686,118.6154,111.411,110.8035,102.2,134.53,-2.3043,28.6008,216790400
2011-03-08,180,2010-06-22,2011-03-08,132.58,118.0795,118.733,112.2803,111.6623,102.2,134.53,-1.4495,29.726,174615000
2011-03-09,180,2010-06-23,2011-03-09,132.39,118.2015,118.8598,112.0037,111.3833,102.2,134.53,-1.5907,29.5401,153806000
2011-03-10,180,2010-06-24,2011-03-10,129.94,118.3149,118.9748,109.8256,109.2164,102.2,134.53,-3.4119,27.1429,301291800
2011-03-11,180,2010-06-25,2011-03-11,130.84,118.4446,119.1049,110.4652,109.8527,102.2,134.53,-2.7429,28.0235,225621800
2011-03-14,180,2010-06-28,2011-03-14,130.05,118.5679,119.2282,109.6839,109.0766,102.2,134.53,-3.3301,27.2505,234974100
2011-03-15,180,2010-06-29,2011-03-15,128.56,118.6869,119.345,108.3186,107.7213,102.2,134.53,-4.4377,25.7926,359585400
2011-03-16,180,2010-06-30,2011-03-16,126.18,118.8178,119.4671,106.1962,105.6191,102.2,134.53,-6.2068,23.4638,468670300
2011-03-17,180,2010-07-01,2011-03-17,127.85,118.9643,119.6039,107.4692,106.8945,102.2,134.53,-4.9654,25.0978,254303700
2011-03-18,180,2010-07-02,2011-03-18,127.76,119.1142,119.7428,107.2584,106.6954,102.2,134.53,-5.0323,25.0098,230435400
2011-03-21,180,2010-07-06,2011-03-21,129.74,119.2782,119.8958,108.7709,108.2107,102.87,134.53,-3.5605,26.1203,153992600
2011-03-22,180,2010-07-07,2011-03-22,129.29,119.4354,120.0426,108.251,107.7035,105.23,134.53,-3.895,22.8642,129538600
2011-03-23,180,2010-07-08,2011-03-23,129.66,119.5712,120.1734,108.4375,107.8941,105.23,134.53,-3.62,23.2158,148603100
2011-03-24,180,2010-07-09,2011-03-24,130.9,119.7058,120.3053,109.3514,108.8065,105.23,134.53,-2.6983,24.3942,159129800
2011-03-25,180,2010-07-12,2011-03-25,131.3,119.837,120.4349,109.5655,109.0215,105.23,134.53,-2.4009,24.7743,155642800
2011-03-28,180,2010-07-13,2011-03-28,130.98,119.9666,120.5624,109.1804,108.6408,105.23,134.53,-2.6388,24.4702,109762400
2011-03-29,180,2010-07-14,2011-03-29,131.86,120.0894,120.6858,109.8015,109.2589,105.23,134.53,-1.9847,25.3065,129798800
2011-03-30,180,2010-07-15,2011-03-30,132.77,120.2168,120.8142,110.4421,109.896,105.23,134.53,-1.3083,26.1712,135835000
2011-03-31,180,2010-07-16,2011-03-31,132.59,120.3434,120.9415,110.1763,109.6315,105.23,134.53,-1.4421,26.0002,132537100
2011-04-01,180,2010-07-19,2011-04-01,133.15,120.4937,121.0887,110.5037,109.9607,105.23,134.53,-1.0258,26.5323,153850100
2011-04-04,180,2010-07-20,2011-04-04,133.26,120.6404,121.2329,110.4605,109.9206,105.23,134.53,-0.944,26.6369,100768900
2011-04-05,180,2010-07-21,2011-04-05,133.24,120.7791,121.3705,110.3171,109.7796,105.23,134.53,-0.9589,26.6179,120791500
2011-04-06,180,2010-07-22,2011-04-06,133.66,120.9298,121.5182,110.5269,109.9917,105.23,134.53,-0.6467,27.017,120411600
2011-04-07,180,2010-07-23,2011-04-07,133.32,121.0628,121.6508,110.1247,109.5924,105.23,134.53,-0.8994,26.6939,170731500
2011-04-08,180,2010-07-26,2011-04-08,132.86,121.1875,121.7755,109.6317,109.1024,105.23,134.53,-1.2414,26.2568,147945400
2011-04-11,180,2010-07-27,2011-04-11,132.46,121.303,121.8916,109.1976,108.6703,105.23,134.53,-1.5387,25.8767,121385400
2011-04-12,180,2010-07-28,2011-04-12,131.47,121.4142,122.0023,108.2822,107.7603,105.23,134.53,-2.2746,24.9359,161187400
2011-04-13,180,2010-07-29,2011-04-13,131.46,121.5303,122.1169,108.1706,107.651,105.23,134.53,-2.282,24.9264,162059000
2011-04-14,180,2010-07-30,2011-04-14,131.56,121.6507,122.2351,108.1457,107.6287,105.23,134.53,-2.2077,25.0214,161220400
2011-04-15,180,2010-08-02,2011-04-15,132.04,121.7737,122.356,108.4306,107.9146,105.23,134.53,-1.8509,25.4775,170006700
2011-04-18,180,2010-08-03,2011-04-18,130.56,121.8734,122.4549,107.1276,106.6189,105.23,134.53,-2.951,24.0711,210759300
2011-04-19,180,2010-08-04,2011-04-19,131.31,121.9804,122.5609,107.6484,107.1385,105.23,134.53,-2.3935,24.7838,124258800
2011-04-20,180,2010-08-05,2011-04-20,133.1,122.0912,122.6728,109.0169,108.5,105.23,134.53,-1.063,26.4848,156133800
2011-04-21,180,2010-08-06,2011-04-21,133.78,122.2061,122.7891,109.4708,108.9511,105.23,134.53,-0.5575,27.131,135935400
2011-04-25,180,2010-08-09,2011-04-25,133.64,122.3236,122.9071,109.2512,108.7325,105.23,134.53,-0.6616,26.998,65757100
2011-04-26,180,2010-08-10,2011-04-26,134.79,122.4427,123.0282,110.0842,109.5602,105.23,134.79,0.0,28.0908,146600000
2011-04-27,180,2010-08-11,2011-04-27,135.67,122.57,123.1576,110.6877,110.1597,105.23,135.67,0.0,28.9271,143031000
2011-04-28,180,2010-08-12,2011-04-28,136.11,122.7206,123.3066,110.9104,110.3834,105.23,136.11,0.0,29.3452,124791100
2011-04-29,180,2010-08-13,2011-04-29,136.43,122.8778,123.461,111.029,110.5045,105.23,136.43,0.0,29.6493,115094100
2011-05-02,180,2010-08-16,2011-05-02,136.22,123.0367,123.6161,110.715,110.196,105.23,136.43,-0.1539,29.4498,126278700
2011-05-03,180,2010-08-17,2011-05-03,135.73,123.1941,123.7687,110.1757,109.6643,105.23,136.43,-0.5131,28.9841,138375000
2011-05-04,180,2010-08-18,2011-05-04,134.83,123.3383,123.9089,109.3172,108.8138,105.23,136.43,-1.1728,28.1289,182678500
2011-05-05,180,2010-08-19,2011-05-05,133.61,123.4757,124.0412,108.2075,107.7142,105.23,136.43,-2.067,26.9695,226900000
2011-05-06,180,2010-08-20,2011-05-06,134.2,123.6299,124.1874,108.5498,108.0625,105.23,136.43,-1.6345,27.5302,222787200
2011-05-09,180,2010-08-23,2011-05-09,134.72,123.7894,124.3385,108.83,108.3494,105.23,136.43,-1.2534,28.0243,114104500
2011-05-10,180,2010-08-24,2011-05-10,135.87,123.9578,124.4982,109.6099,109.1341,105.23,136.43,-0.4105,29.1172,114806900
2011-05-11,180,2010-08-25,2011-05-11,134.44,124.132,124.6588,108.304,107.8464,105.23,136.43,-1.4586,27.7582,193564200
2011-05-12,180,2010-08-26,2011-05-12,135.08,124.3066,124.8207,108.6668,108.2192,105.23,136.43,-0.9895,28.3664,171550700
2011-05-13,180,2010-08-27,2011-05-13,134.04,124.4822,124.9808,107.6781,107.2485,105.31,136.43,-1.7518,27.2814,157444900
2011-05-16,180,2010-08-30,2011-05-16,133.19,124.6416,125.1271,106.8584,106.4438,105.31,136.43,-2.3748,26.4742,141675400
2011-05-17,180,2010-08-31,2011-05-17,133.17,124.8133,125.2818,106.6953,106.2963,105.31,136.43,-2.3895,26.4552,192686200
2011-05-18,180,2010-09-01,2011-05-18,134.36,124.9913,125.4432,107.4955,107.1082,108.46,136.43,-1.5173,23.8798,135217900
2011-05-19,180,2010-09-02,2011-05-19,134.68,125.1473,125.5889,107.6172,107.2388,109.47,136.43,-1.2827,23.0291,119489500
2011-05-20,180,2010-09-03,2011-05-20,133.61,125.291,125.723,106.6397,106.2733,109.64,136.43,-2.067,21.8625,182594900
2011-05-23,180,2010-09-07,2011-05-23,132.06,125.4172,125.8406,105.2965,104.9423,109.64,136.43,-3.2031,20.4487,168700000
2011-05-24,180,2010-09-08,2011-05-24,131.95,125.5521,125.9646,105.0958,104.7517,110.41,136.43,-3.2837,19.5091,147199600
2011-05-25,180,2010-09-09,2011-05-25,132.39,125.684,126.0867,105.3356,104.9992,110.92,136.43,-2.9612,19.3563,151050100
2011-05-26,180,2010-09-10,2011-05-26,133.0,125.8154,126.2093,105.7104,105.3805,111.48,136.43,-2.5141,19.3039,164850000
2011-05-27,180,2010-09-13,2011-05-27,133.51,125.9457,126.3317,106.006,105.6821,112.49,136.43,-2.1403,18.6861,120921900
2011-05-31,180,2010-09-14,2011-05-31,134.9,126.0744,126.4549,107.0003,106.6783,112.49,136.43,-1.1215,19.9218,164731200
2011-06-01,180,2010-09-15,2011-06-01,131.87,126.1888,126.5617,104.5022,104.1942,112.49,136.43,-3.3424,17.2282,233094300
2011-06-02,180,2010-09-16,2011-06-02,131.73,126.2996,126.6653,104.2996,103.9985,112.49,136.43,-3.445,17.1037,200466800
2011-06-03,180,2010-09-17,2011-06-03,130.42,126.4041,126.7618,103.177,102.8859,112.49,136.43,-4.4052,15.9392,234690200
2011-06-06,180,2010-09-20,2011-06-06,129.04,126.5054,126.8538,102.0035,101.7234,112.5,136.43,-5.4167,14.7022,179951200
2011-06-07,180,2010-09-21,2011-06-07,128.96,126.5945,126.9357,101.8686,101.5947,112.5,136.43,-5.4753,14.6311,161660500
2011-06-08,180,2010-09-22,2011-06-08,128.42,126.6824,127.0159,101.3716,101.1054,112.5,136.43,-5.8711,14.1511,198696400
2011-06-09,180,2010-09-23,2011-06-09,129.4,126.7796,127.1047,102.0669,101.8058,112.5,136.43,-5.1528,15.0222,160964400
2011-06-10,180,2010-09-24,2011-06-10,127.6,126.8736,127.1886,100.5726,100.3234,113.75,136.43,-6.4722,12.1758,238629400
2011-06-13,180,2010-09-27,2011-06-13,127.7,126.9522,127.2602,100.5891,100.3456,113.75,136.43,-6.3989,12.2637,207599800
2011-06-14,180,2010-09-28,2011-06-14,129.32,127.0434,127.3438,101.792,101.5519,113.75,136.43,-5.2115,13.6879,160570400
2011-06-15,180,2010-09-29,2011-06-15,127.02,127.1195,127.4124,99.9217,99.692,113.75,136.43,-6.8973,11.6659,300958000
2011-06-16,180,2010-09-30,2011-06-16,127.3,127.1986,127.4837,100.0797,99.8559,113.75,136.43,-6.6921,11.9121,308032800
2011-06-17,180,2010-10-01,2011-06-17,127.05,127.2787,127.5554,99.8203,99.6037,113.75,136.43,-6.8753,11.6923,233284900
2011-06-20,180,2010-10-04,2011-06-20,127.7,127.3593,127.6282,100.2675,100.0563,113.75,136.43,-6.3989,12.2637,159479000
2011-06-21,180,2010-10-05,2011-06-21,129.45,127.4554,127.7154,101.5649,101.3582,115.89,136.43,-5.1162,11.7007,193157300
2011-06-22,180,2010-10-06,2011-06-22,128.67,127.5318,127.7856,100.8925,100.6921,115.89,136.43,-5.6879,11.0277,176703000
2011-06-23,180,2010-10-07,2011-06-23,128.3,127.6063,127.8537,100.5436,100.3491,115.89,136.43,-5.9591,10.7084,334286500
2011-06-24,180,2010-10-08,2011-06-24,126.81,127.6736,127.9144,99.3236,99.1366,116.54,136.43,-7.0512,8.8124,226129300
2011-06-27,180,2010-10-11,2011-06-27,127.94,127.7429,127.9777,100.1543,99.9705,116.65,136.43,-6.223,9.6785,168904700
2011-06-28,180,2010-10-12,2011-06-28,129.61,127.8206,128.0497,101.3999,101.2185,116.73,136.43,-4.9989,11.034,165556300
2011-06-29,180,2010-10-13,2011-06-29,130.72,127.902,128.1259,102.2032,102.0247,116.73,136.43,-4.1853,11.9849,244295500
2011-06-30,180,2010-10-14,2011-06-30,131.97,127.9841,128.2039,103.1143,102.9376,116.73,136.43,-3.2691,13.0558,223322700
2011-07-01,180,2010-10-15,2011-07-01,133.92,128.0794,128.2954,104.5601,104.3841,116.73,136.43,-1.8398,14.7263,202385700
2011-07-05,180,2010-10-18,2011-07-05,133.81,128.1727,128.3849,104.3982,104.2257,116.73,136.43,-1.9204,14.6321,165936000
2011-07-06,180,2010-10-19,2011-07-06,133.97,128.2631,128.4721,104.4493,104.2795,116.73,136.43,-1.8031,14.7691,143331600
2011-07-07,180,2010-10-20,2011-07-07,135.36,128.371,128.5756,105.4444,105.2766,117.87,136.43,-0.7843,14.8384,170464200
2011-07-08,180,2010-10-21,2011-07-08,134.4,128.4666,128.6674,104.6186,104.4554,118.13,136.43,-1.4879,13.773,194100500
2011-07-11,180,2010-10-22,2011-07-11,131.97,128.548,128.7443,102.662,102.5055,118.16,136.43,-3.2691,11.6875,195918600
2011-07-12,180,2010-10-25,2011-07-12,131.4,128.6251,128.8168,102.1573,102.0053,118.16,136.43,-3.6869,11.2051,214675700
2011-07-13,180,2010-10-26,2011-07-13,131.84,128.7024,128.8898,102.4379,102.2889,118.16,136.43,-3.3644,11.5775,204062600
2011-07-14,180,2010-10-27,2011-07-14,130.93,128.7747,128.9576,101.6737,101.5295,118.16,136.43,-4.0314,10.8074,226111800
2011-07-15,180,2010-10-28,2011-07-15,131.69,128.8534,129.0316,102.2014,102.0603,118.16,136.43,-3.4743,11.4506,220012800
2011-07-18,180,2010-10-29,2011-07-18,130.61,128.9263,129.0994,101.306,101.1701,118.16,136.43,-4.2659,10.5366,196872100
2011-07-19,180,2010-11-01,2011-07-19,132.73,129.0099,129.1785,102.8836,102.7493,118.16,136.43,-2.712,12.3307,166554900
2011-07-20,180,2010-11-02,2011-07-20,132.65,129.093,129.2569,102.7554,102.625,118.16,136.43,-2.7707,12.263,137145400
2011-07-21,180,2010-11-03,2011-07-21,134.49,129.1796,129.3404,104.1109,103.9814,118.16,136.43,-1.422,13.8202,245246300
2011-07-22,180,2010-11-04,2011-07-22,134.58,129.2637,129.4217,104.1128,103.9857,118.16,136.43,-1.356,13.8964,126019400
2011-07-25,180,2010-11-05,2011-07-25,133.83,129.3294,129.4859,103.48,103.3548,118.16,136.43,-1.9057,13.2617,136653800
2011-07-26,180,2010-11-08,2011-07-26,133.33,129.3896,129.5449,103.0453,102.9219,118.16,136.43,-2.2722,12.8385,131278200
2011-07-27,180,2010-11-09,2011-07-27,130.6,129.4368,129.5899,100.8987,100.7794,118.16,136.43,-4.2732,10.5281,249020100
2011-07-28,180,2010-11-10,2011-07-28,130.22,129.4874,129.6378,100.5657,100.4491,118.16,136.43,-4.5518,10.2065,207939900
2011-07-29,180,2010-11-11,2011-07-29,129.33,129.5301,129.6779,99.8455,99.7317,118.16,136.43,-5.2041,9.4533,307038400
2011-08-01,180,2010-11-12,2011-08-01,128.78,129.5726,129.7176,99.3883,99.2772,118.16,136.43,-5.6073,8.9878,325790900
2011-08-02,180,2010-11-15,2011-08-02,125.49,129.6053,129.747,96.8247,96.719,118.16,136.43,-8.0188,6.2034,346653800
2011-08-03,180,2010-11-16,2011-08-03,126.17,129.6432,129.7811,97.321,97.2175,118.16,136.43,-7.5203,6.7789,370830800
2011-08-04,180,2010-11-17,2011-08-04,120.26,129.657,129.7928,92.7524,92.6554,118.22,136.43,-11.8522,1.7256,520721800
2011-08-05,180,2010-11-18,2011-08-05,120.08,129.6692,129.8031,92.6049,92.5093,118.45,136.43,-11.9842,1.3761,655619200
2011-08-08,180,2010-11-19,2011-08-08,112.26,129.6158,129.7603,86.6098,86.5133,112.26,136.43,-17.716,0.0,702263900
2011-08-09,180,2010-11-22,2011-08-09,117.48,129.5973,129.7447,90.6501,90.547,112.26,136.43,-13.8899,4.6499,717828700
2011-08-10,180,2010-11-23,2011-08-10,112.29,129.5427,129.7008,86.6819,86.5762,112.26,136.43,-17.6941,0.0267,662607400
2011-08-11,180,2010-11-24,2011-08-11,117.33,129.5352,129.6946,90.5777,90.4664,112.26,136.43,-13.9998,4.5163,487979700
2011-08-12,180,2010-11-26,2011-08-12,118.12,129.5215,129.6831,91.1972,91.0836,112.26,136.43,-13.4208,5.22,313731600
2011-08-15,180,2010-11-29,2011-08-15,120.62,129.5333,129.6932,93.1189,93.0041,112.26,136.43,-11.5884,7.447,258810600
2011-08-16,180,2010-11-30,2011-08-16,119.59,129.5362,129.6956,92.3217,92.2082,112.26,136.43,-12.3433,6.5295,294095200
2011-08-17,180,2010-12-01,2011-08-17,119.67,129.5439,129.7021,92.3779,92.2653,112.26,136.43,-12.2847,6.6007,238201100
2011-08-18,180,2010-12-02,2011-08-18,114.51,129.5002,129.666,88.4246,88.3115,112.26,136.43,-16.0668,2.0043,512956300
2011-08-19,180,2010-12-03,2011-08-19,112.64,129.4333,129.6109,87.0255,86.9063,112.26,136.43,-17.4375,0.3385,428281300
2011-08-22,180,2010-12-06,2011-08-22,112.73,129.3651,129.5544,87.141,87.0136,112.26,136.43,-17.3715,0.4187,275090600
2011-08-23,180,2010-12-07,2011-08-23,116.44,129.324,129.5193,90.0375,89.9016,112.26,136.43,-14.6522,3.7235,331136600
2011-08-24,180,2010-12-08,2011-08-24,118.08,129.2935,129.4929,91.3271,91.1864,112.26,136.43,-13.4501,5.1844,246869700
2011-08-25,180,2010-12-09,2011-08-25,116.28,129.2482,129.4541,89.9664,89.8234,112.26,136.43,-14.7695,3.581,312365400
2011-08-26,180,2010-12-10,2011-08-26,117.97,129.2114,129.4219,91.3,91.1515,112.26,136.43,-13.5307,5.0864,314495900
2011-08-29,180,2010-12-13,2011-08-29,121.36,129.1923,129.4046,93.9375,93.7834,112.26,136.43,-11.046,8.1062,190977200
2011-08-30,180,2010-12-14,2011-08-30,121.68,129.1746,129.3886,94.1981,94.0423,112.26,136.43,-10.8114,8.3912,241315700
2011-08-31,180,2010-12-15,2011-08-31,122.22,129.1597,129.3749,94.627,94.4696,112.26,136.43,-10.4156,8.8723,301828400
2011-09-01,180,2010-12-16,2011-09-01,120.94,129.1402,129.3574,93.6501,93.4929,112.26,136.43,-11.3538,7.7321,254585900
2011-09-02,180,2010-12-17,2011-09-02,117.85,129.0963,129.3187,91.2884,91.1315,112.26,136.43,-13.6187,4.9795,255517200
2011-09-06,180,2010-12-20,2011-09-06,116.99,129.0498,129.2781,90.6549,90.4949,112.26,136.43,-14.2491,4.2134,285130500
2011-09-07,180,2010-12-21,2011-09-07,120.29,129.0232,129.2541,93.2313,93.0647,112.26,136.43,-11.8302,7.153,209803200
2011-09-08,180,2010-12-22,2011-09-08,119.04,128.9839,129.2188,92.2906,92.1228,112.26,136.43,-12.7465,6.0396,250568200
2011-09-09,180,2010-12-23,2011-09-09,115.92,128.9214,129.1641,89.9152,89.7463,112.26,136.43,-15.0333,3.2603,380195100
2011-09-12,180,2010-12-27,2011-09-12,116.67,128.8652,129.1144,90.5365,90.3617,112.26,136.43,-14.4836,3.9284,305793500
2011-09-13,180,2010-12-28,2011-09-13,117.74,128.8159,129.0705,91.4018,91.2215,112.26,136.43,-13.6993,4.8815,272514700
2011-09-14,180,2010-12-29,2011-09-14,119.37,128.7762,129.0346,92.6957,92.5101,112.26,136.43,-12.5046,6.3335,319389500
2011-09-15,180,2010-12-30,2011-09-15,121.43,128.7492,129.0097,94.3152,94.1247,112.26,136.43,-10.9946,8.1685,326777200
2011-09-16,180,2010-12-31,2011-09-16,121.52,128.7239,128.9863,94.4036,94.2115,112.26,136.43,-10.9287,8.2487,284528300
2011-09-19,180,2011-01-03,2011-09-19,120.31,128.6908,128.9561,93.4877,93.2953,112.26,136.43,-11.8156,7.1708,241517000
2011-09-20,180,2011-01-04,2011-09-20,120.17,128.6493,128.9179,93.409,93.2144,112.26,136.43,-11.9182,7.0461,218932200
2011-09-21,180,2011-01-05,2011-09-21,116.63,128.5851,128.8604,90.7026,90.5088,112.26,136.43,-14.5129,3.8927,316251300
2011-09-22,180,2011-01-06,2011-09-22,112.86,128.4909,128.7783,87.835,87.639,112.26,136.43,-17.2763,0.5345,513911300
2011-09-23,180,2011-01-07,2011-09-23,113.54,128.4031,128.7013,88.4246,88.2198,112.26,136.43,-16.7778,1.1402,307242500
2011-09-26,180,2011-01-10,2011-09-26,116.24,128.3356,128.6408,90.575,90.3601,112.26,136.43,-14.7988,3.5453,260673700
2011-09-27,180,2011-01-11,2011-09-27,117.54,128.2778,128.5883,91.6293,91.408,112.26,136.43,-13.8459,4.7034,311753900
2011-09-28,180,2011-01-12,2011-09-28,115.14,128.2012,128.5201,89.8119,89.5891,112.26,136.43,-15.6051,2.5655,286696800
2011-09-29,180,2011-01-13,2011-09-29,116.05,128.1246,128.4504,90.5759,90.3461,112.26,136.43,-14.9381,3.3761,298108900
2011-09-30,180,2011-01-14,2011-09-30,113.15,128.0291,128.3659,88.3783,88.1465,112.26,136.43,-17.0637,0.7928,288392300
2011-10-03,180,2011-01-18,2011-10-03,109.93,127.9052,128.2583,85.9465,85.7099,109.93,136.43,-19.4239,0.0,365136800
2011-10-04,180,2011-01-19,2011-10-04,112.34,127.7979,128.1628,87.9044,87.6541,109.93,136.43,-17.6574,2.1923,459177500
2011-10-05,180,2011-01-20,2011-10-05,114.42,127.7125,128.086,89.5919,89.3306,109.93,136.43,-16.1328,4.0844,284108000
2011-10-06,180,2011-01-21,2011-10-06,116.49,127.6421,128.0216,91.263,90.9924,109.93,136.43,-14.6156,5.9674,257800800
2011-10-07,180,2011-01-24,2011-10-07,115.71,127.565,127.9513,90.7067,90.4329,109.93,136.43,-15.1873,5.2579,312657900
2011-10-10,180,2011-01-25,2011-10-10,119.58,127.5093,127.8984,93.7814,93.4961,109.93,136.43,-12.3507,8.7783,230666300
2011-10-11,180,2011-01-26,2011-10-11,119.7,127.454,127.8458,93.9162,93.6284,109.93,136.43,-12.2627,8.8875,209088000
2011-10-12,180,2011-01-27,2011-10-12,120.75,127.4026,127.7962,94.7783,94.4864,109.93,136.43,-11.4931,9.8426,281544900
2011-10-13,180,2011-01-28,2011-10-13,120.51,127.3481,127.7436,94.6304,94.3374,109.93,136.43,-11.669,9.6243,212538800
2011-10-14,180,2011-01-31,2011-10-14,122.57,127.3184,127.7149,96.2704,95.9715,109.93,136.43,-10.1591,11.4982,211397600
2011-10-17,180,2011-02-01,2011-10-17,120.23,127.2693,127.668,94.469,94.174,109.93,136.43,-11.8742,9.3696,202311600
2011-10-18,180,2011-02-02,2011-10-18,122.58,127.2235,127.6227,96.3502,96.0488,109.93,136.43,-10.1517,11.5073,318857900
2011-10-19,180,2011-02-03,2011-10-19,121.13,127.1702,127.5707,95.2503,94.9513,109.93,136.43,-11.2145,10.1883,226601300
2011-10-20,180,2011-02-04,2011-10-20,121.66,127.1188,127.52,95.7058,95.4046,109.93,136.43,-10.8261,10.6704,262075600
2011-10-21,180,2011-02-07,2011-10-21,123.97,127.0791,127.4801,97.5534,97.2465,109.93,136.43,-9.1329,12.7718,278999400
2011-10-24,180,2011-02-08,2011-10-24,125.49,127.044,127.4441,98.7768,98.4667,109.93,136.43,-8.0188,14.1545,203215600
2011-10-25,180,2011-02-09,2011-10-25,123.05,126.9917,127.3912,96.8961,96.5922,109.93,136.43,-9.8072,11.9349,268596800
2011-10-26,180,2011-02-10,2011-10-26,124.3,126.9483,127.3469,97.9139,97.6074,109.93,136.43,-8.891,13.072,289053800
2011-10-27,180,2011-02-11,2011-10-27,128.63,126.9289,127.3264,101.3402,101.0238,109.93,136.43,-5.7172,17.0108,393220200
2011-10-28,180,2011-02-14,2011-10-28,128.6,126.9053,127.3014,101.3354,101.0201,109.93,136.43,-5.7392,16.9835,225906500
2011-10-31,180,2011-02-15,2011-10-31,125.5,126.863,127.2573,98.9256,98.6191,109.93,136.43,-8.0114,14.1636,228146700
2011-11-01,180,2011-02-16,2011-11-01,122.0,126.8023,127.1962,96.2127,95.9148,109.93,136.43,-10.5768,10.9797,416565800
2011-11-02,180,2011-02-17,2011-11-02,123.99,126.7493,127.1414,97.823,97.5213,109.93,136.43,-9.1182,12.79,244717600
2011-11-03,180,2011-02-18,2011-11-03,126.25,126.7072,127.0969,99.6392,99.3336,109.93,136.43,-7.4617,14.8458,291174800
2011-11-04,180,2011-02-22,2011-11-04,125.48,126.6594,127.0467,99.0689,98.7669,109.93,136.43,-8.0261,14.1454,249401600
2011-11-07,180,2011-02-23,2011-11-07,126.26,126.6295,127.0157,99.7082,99.405,109.93,136.43,-7.4544,14.8549,196617200
2011-11-08,180,2011-02-24,2011-11-08,127.88,126.6129,126.9983,101.0008,100.6943,109.93,136.43,-6.2669,16.3286,224426300
2011-11-09,180,2011-02-25,2011-11-09,123.16,126.57,126.9551,97.3059,97.0107,109.93,136.43,-9.7266,12.0349,337982000
2011-11-10,180,2011-02-28,2011-11-10,124.32,126.5266,126.9106,98.256,97.9587,109.93,136.43,-8.8763,13.0901,231866500
2011-11-11,180,2011-03-01,2011-11-11,126.66,126.4924,126.8746,100.1325,99.8309,109.93,136.43,-7.1612,15.2188,189924400
2011-11-14,180,2011-03-02,2011-11-14,125.46,126.4628,126.8442,99.207,98.9088,109.93,136.43,-8.0407,14.1272,159258300
2011-11-15,180,2011-03-03,2011-11-15,126.08,126.4353,126.8157,99.719,99.4199,109.93,136.43,-7.5863,14.6912,184709400
2011-11-16,180,2011-03-04,2011-11-16,124.08,126.3849,126.7635,98.1763,97.8831,109.93,136.43,-9.0523,12.8718,235782500
2011-11-17,180,2011-03-07,2011-11-17,122.11,126.3281,126.7059,96.661,96.3727,109.93,136.43,-10.4962,11.0798,331219600
2011-11-18,180,2011-03-08,2011-11-18,121.98,126.2759,126.6534,96.598,96.3101,109.93,136.43,-10.5915,10.9615,215580400
2011-11-21,180,2011-03-09,2011-11-21,119.66,126.2038,126.5817,94.8149,94.5319,109.93,136.43,-12.292,8.8511,229611600
2011-11-22,180,2011-03-10,2011-11-22,119.19,126.1298,126.5083,94.4979,94.2151,109.93,136.43,-12.6365,8.4235,216494900
2011-11-23,180,2011-03-11,2011-11-23,116.56,126.0518,126.434,92.4699,92.1904,109.93,136.43,-14.5642,6.0311,224329100
2011-11-25,180,2011-03-14,2011-11-25,116.34,125.9678,126.3534,92.357,92.075,109.93,136.43,-14.7255,5.831,99557000
2011-11-28,180,2011-03-15,2011-11-28,119.71,125.9092,126.296,95.0764,94.7853,109.93,136.43,-12.2554,8.8966,210686000
2011-11-29,180,2011-03-16,2011-11-29,120.05,125.8607,126.2487,95.3832,95.0901,109.93,136.43,-12.0062,9.2059,199241500
2011-11-30,180,2011-03-17,2011-11-30,124.99,125.854,126.2421,99.3135,99.0082,109.93,136.43,-8.3852,13.6996,324439500
2011-12-01,180,2011-03-18,2011-12-01,124.97,125.8382,126.2261,99.3101,99.0049,109.93,136.43,-8.3999,13.6814,176954800
2011-12-02,180,2011-03-21,2011-12-02,124.86,125.8222,126.21,99.2353,98.9304,109.93,136.43,-8.4805,13.5814,221109700
2011-12-05,180,2011-03-22,2011-12-05,126.22,125.8033,126.1904,100.3312,100.0234,109.93,136.43,-7.4837,14.8185,225263900
2011-12-06,180,2011-03-23,2011-12-06,126.26,125.787,126.1736,100.3761,100.0685,109.93,136.43,-7.4544,14.8549,178842100
2011-12-07,180,2011-03-24,2011-12-07,126.73,125.7713,126.1573,100.7623,100.4539,109.93,136.43,-7.1099,15.2825,237802500
2011-12-08,180,2011-03-25,2011-12-08,123.95,125.7337,126.1187,98.5814,98.2804,109.93,136.43,-9.1475,12.7536,240862800
2011-12-09,180,2011-03-28,2011-12-09,126.05,125.7058,126.0896,100.2738,99.9686,109.93,136.43,-7.6083,14.6639,209111400
2011-12-12,180,2011-03-29,2011-12-12,124.21,125.6693,126.0519,98.8388,98.5387,109.93,136.43,-8.957,12.9901,215826100
2011-12-13,180,2011-03-30,2011-12-13,123.05,125.6217,126.003,97.9528,97.6564,109.93,136.43,-9.8072,11.9349,245159800
2011-12-14,180,2011-03-31,2011-12-14,121.74,125.5619,125.9417,96.9562,96.6638,109.93,136.43,-10.7674,10.7432,238618800
2011-12-15,180,2011-04-01,2011-12-15,122.18,125.5056,125.8839,97.3502,97.0577,109.93,136.43,-10.4449,11.1435,199109200
2011-12-16,180,2011-04-04,2011-12-16,121.59,125.4432,125.8197,96.9284,96.6383,109.93,136.43,-10.8774,10.6067,220481400
2011-12-19,180,2011-04-05,2011-12-19,120.29,125.3725,125.7476,95.9461,95.6599,109.93,136.43,-11.8302,9.4242,183903000
2011-12-20,180,2011-04-06,2011-12-20,123.93,125.3233,125.6959,98.8883,98.5951,109.93,136.43,-9.1622,12.7354,225418100
2011-12-21,180,2011-04-07,2011-12-21,124.17,125.2734,125.6432,99.1192,98.8275,109.93,136.43,-8.9863,12.9537,194230900
2011-12-22,180,2011-04-08,2011-12-22,125.27,125.2314,125.5984,100.0308,99.7385,109.93,136.43,-8.18,13.9543,119465400
2011-12-23,180,2011-04-11,2011-12-23,126.39,125.1978,125.5625,100.9522,100.659,109.93,136.43,-7.3591,14.9732,92187200
2011-12-27,180,2011-04-12,2011-12-27,126.49,125.1668,125.5293,101.0572,100.7653,109.93,136.43,-7.2858,15.0641,86075700
2011-12-28,180,2011-04-13,2011-12-28,124.83,125.1316,125.4924,99.759,99.4721,109.93,136.43,-8.5025,13.5541,119107100
2011-12-29,180,2011-04-14,2011-12-29,126.12,125.1036,125.4628,100.8125,100.5238,109.93,136.43,-7.557,14.7276,123507200
2011-12-30,180,2011-04-15,2011-12-30,125.5,125.0717,125.4291,100.3425,100.0565,109.93,136.43,-8.0114,14.1636,95599000
2012-01-03,180,2011-04-18,2012-01-03,127.5,125.0482,125.4039,101.9607,101.6715,109.93,136.43,-6.5455,15.9829,193697900
2012-01-04,180,2011-04-19,2012-01-04,127.7,125.0333,125.388,102.1328,101.8439,109.93,136.43,-6.3989,16.1648,127186500
2012-01-05,180,2011-04-20,2012-01-05,128.04,125.0164,125.3698,102.4185,102.1298,109.93,136.43,-6.1497,16.4741,173895000
2012-01-06,180,2011-04-21,2012-01-06,127.71,124.9889,125.3399,102.1771,101.8909,109.93,136.43,-6.3916,16.1739,148050000
2012-01-09,180,2011-04-25,2012-01-09,128.02,124.9597,125.3079,102.449,102.1644,109.93,136.43,-6.1643,16.4559,99530200
2012-01-10,180,2011-04-26,2012-01-10,129.13,124.9371,125.2828,103.356,103.0708,109.93,136.43,-5.3507,17.4657,115282000
2012-01-11,180,2011-04-27,2012-01-11,129.2,124.9092,125.2518,103.4351,103.1522,109.93,136.43,-5.2994,17.5293,111540700
2012-01-12,180,2011-04-28,2012-01-12,129.51,124.8789,125.2176,103.7085,103.428,109.93,136.43,-5.0722,17.8113,118983700
2012-01-13,180,2011-04-29,2012-01-13,128.84,124.843,125.1772,103.2017,102.9261,109.93,136.43,-5.5633,17.2019,179836200
2012-01-17,180,2011-05-02,2012-01-17,129.34,124.8082,125.1378,103.631,103.3581,109.93,136.22,-5.0507,17.6567,132209200
2012-01-18,180,2011-05-03,2012-01-18,130.77,124.7817,125.1075,104.799,104.5261,109.93,135.87,-3.7536,18.9575,163395200
2012-01-19,180,2011-05-04,2012-01-19,131.46,124.761,125.0838,105.3695,105.0976,109.93,135.87,-3.2457,19.5852,126328900
2012-01-20,180,2011-05-05,2012-01-20,131.95,124.747,125.0678,105.7741,105.5028,109.93,135.87,-2.8851,20.0309,138230200
2012-01-23,180,2011-05-06,2012-01-23,131.61,124.7372,125.0567,105.5098,105.2403,109.93,135.87,-3.1353,19.7216,129295800
2012-01-24,180,2011-05-09,2012-01-24,131.46,124.7238,125.0414,105.4009,105.1331,109.93,135.87,-3.2457,19.5852,103083300
2012-01-25,180,2011-05-10,2012-01-25,132.56,124.7133,125.0294,106.2918,106.023,109.93,135.87,-2.4362,20.5858,198613200
2012-01-26,180,2011-05-11,2012-01-26,131.88,124.6941,125.0073,105.7629,105.4979,109.93,135.36,-2.5709,19.9673,184880500
2012-01-27,180,2011-05-12,2012-01-27,131.82,124.6813,124.9927,105.7256,105.4621,109.93,135.36,-2.6152,19.9127,135259100
2012-01-30,180,2011-05-13,2012-01-30,131.37,124.6632,124.9721,105.3799,105.1194,109.93,135.36,-2.9477,19.5033,147311800
2012-01-31,180,2011-05-16,2012-01-31,131.32,124.6499,124.957,105.3511,105.0922,109.93,135.36,-2.9846,19.4578,157212000
2012-02-01,180,2011-05-17,2012-02-01,132.47,124.6464,124.953,106.2767,106.0159,109.93,135.36,-2.135,20.504,166234500
2012-02-02,180,2011-05-18,2012-02-02,132.68,124.644,124.9503,106.4472,106.1862,109.93,135.36,-1.9799,20.695,113090400
2012-02-03,180,2011-05-19,2012-02-03,134.54,124.6448,124.9513,107.9387,107.674,109.93,135.36,-0.6058,22.387,160598500
2012-02-06,180,2011-05-20,2012-02-06,134.45,124.6437,124.95,107.8674,107.603,109.93,135.36,-0.6723,22.3051,107694500
2012-02-07,180,2011-05-23,2012-02-07,134.79,124.6494,124.9566,108.1353,107.8695,109.93,135.36,-0.4211,22.6144,135528100
2012-02-08,180,2011-05-24,2012-02-08,135.19,124.6645,124.9739,108.443,108.1746,109.93,135.36,-0.1256,22.9783,139361400
2012-02-09,180,2011-05-25,2012-02-09,135.36,124.681,124.9929,108.565,108.2942,109.93,135.36,0.0,23.1329,148602900
2012-02-10,180,2011-05-26,2012-02-10,134.36,124.6906,125.0038,107.7547,107.4847,109.93,135.36,-0.7388,22.2232,167907500
2012-02-13,180,2011-05-27,2012-02-13,135.36,124.7019,125.0169,108.5469,108.2733,109.93,135.36,0.0,23.1329,115841900
2012-02-14,180,2011-05-31,2012-02-14,135.19,124.71,125.0263,108.4035,108.1293,109.93,135.36,-0.1256,22.9783,165329500
2012-02-15,180,2011-06-01,2012-02-15,134.56,124.7083,125.0244,107.8998,107.627,109.93,135.36,-0.591,22.4052,195195100
2012-02-16,180,2011-06-02,2012-02-16,136.05,124.7285,125.0476,109.0769,108.7986,109.93,136.05,0.0,23.7606,186567800
2012-02-17,180,2011-06-03,2012-02-17,136.41,124.751,125.0736,109.3458,109.0638,109.93,136.41,0.0,24.0881,129869400
2012-02-21,180,2011-06-06,2012-02-21,136.47,124.7804,125.1072,109.3682,109.0824,109.93,136.47,0.0,24.1426,134042300
2012-02-22,180,2011-06-07,2012-02-22,136.03,124.8148,125.1461,108.9854,108.697,109.93,136.47,-0.3224,23.7424,124455300
2012-02-23,180,2011-06-08,2012-02-23,136.63,124.8525,125.1887,109.4331,109.1393,109.93,136.63,0.0,24.2882,137704300
2012-02-24,180,2011-06-09,2012-02-24,136.93,124.8944,125.2359,109.6366,109.3376,109.93,136.93,0.0,24.5611,105539100
2012-02-27,180,2011-06-10,2012-02-27,137.16,124.9323,125.2791,109.7874,109.4836,109.93,137.16,0.0,24.7703,145728900
2012-02-28,180,2011-06-13,2012-02-28,137.56,124.9816,125.3344,110.0642,109.7544,109.93,137.56,0.0,25.1342,129355900
2012-02-29,180,2011-06-14,2012-02-29,137.02,125.0278,125.3862,109.5916,109.2784,109.93,137.56,-0.3926,24.643,185934700
2012-03-01,180,2011-06-15,2012-03-01,137.73,125.0688,125.4329,110.1234,109.8037,109.93,137.73,0.0,25.2888,145023500
2012-03-02,180,2011-06-16,2012-03-02,137.31,125.1201,125.4901,109.7425,109.419,109.93,137.73,-0.3049,24.9068,120638300
2012-03-05,180,2011-06-17,2012-03-05,136.75,125.1674,125.5426,109.2537,108.9272,109.93,137.73,-0.7115,24.3973,140765000
2012-03-06,180,2011-06-20,2012-03-06,134.75,125.2065,125.5853,107.6222,107.2976,109.93,137.73,-2.1637,22.578,202129900
2012-03-07,180,2011-06-21,2012-03-07,135.69,125.2467,125.6297,108.3382,108.0079,109.93,137.73,-1.4812,23.4331,143692200
2012-03-08,180,2011-06-22,2012-03-08,137.04,125.284,125.6719,109.3835,109.0459,109.93,137.73,-0.501,24.6611,116968900
2012-03-09,180,2011-06-23,2012-03-09,137.57,125.3278,125.7213,109.7681,109.4246,109.93,137.73,-0.1162,25.1433,122836800
2012-03-12,180,2011-06-24,2012-03-12,137.58,125.3737,125.7729,109.7359,109.3876,109.93,137.73,-0.1089,25.1524,104003500
2012-03-13,180,2011-06-27,2012-03-13,140.06,125.4389,125.8465,111.6559,111.2943,109.93,140.06,0.0,27.4083,184090500
2012-03-14,180,2011-06-28,2012-03-14,139.91,125.4974,125.913,111.4844,111.1164,109.93,140.06,-0.1071,27.2719,145163600
2012-03-15,180,2011-06-29,2012-03-15,140.72,125.5507,125.9747,112.0822,111.705,109.93,140.72,0.0,28.0087,165118500
2012-03-16,180,2011-06-30,2012-03-16,140.3,125.5965,126.0279,111.707,111.3245,109.93,140.72,-0.2985,27.6267,152893500
2012-03-19,180,2011-07-01,2012-03-19,140.85,125.6384,126.0773,112.1075,111.7172,109.93,140.85,0.0,28.127,125291100
2012-03-20,180,2011-07-05,2012-03-20,140.44,125.6688,126.1135,111.7541,111.36,109.93,140.85,-0.2911,27.754,121729700
2012-03-21,180,2011-07-06,2012-03-21,140.21,125.6987,126.1491,111.5445,111.1463,109.93,140.85,-0.4544,27.5448,122388400
2012-03-22,180,2011-07-07,2012-03-22,139.2,125.7233,126.1781,110.7193,110.3202,109.93,140.85,-1.1715,26.626,135216700
2012-03-23,180,2011-07-08,2012-03-23,139.65,125.7433,126.2019,111.0596,110.656,109.93,140.85,-0.852,27.0354,120521000
2012-03-26,180,2011-07-11,2012-03-26,141.61,125.7765,126.242,112.5886,112.1734,109.93,141.61,0.0,28.8183,120164000
2012-03-27,180,2011-07-12,2012-03-27,141.17,125.82,126.2931,112.2,111.7797,109.93,141.61,-0.3107,28.4181,119868500
2012-03-28,180,2011-07-13,2012-03-28,140.47,125.8632,126.3435,111.6053,111.181,109.93,141.61,-0.805,27.7813,148562100
2012-03-29,180,2011-07-14,2012-03-29,140.23,125.9031,126.3901,111.3793,110.9501,109.93,141.61,-0.9745,27.563,164963700
2012-03-30,180,2011-07-15,2012-03-30,140.81,125.9504,126.445,111.798,111.3607,109.93,141.61,-0.5649,28.0906,135486800
2012-04-02,180,2011-07-18,2012-04-02,141.84,125.9983,126.5014,112.573,112.1252,109.93,141.84,0.0,29.0276,151741100
2012-04-03,180,2011-07-19,2012-04-03,141.26,126.0492,126.5606,112.0674,111.6146,109.93,141.84,-0.4089,28.4999,155806700
2012-04-04,180,2011-07-20,2012-04-04,139.86,126.0831,126.6002,110.9268,110.4738,109.93,141.84,-1.3959,27.2264,146896000
2012-04-05,180,2011-07-21,2012-04-05,139.79,126.1171,126.6398,110.8414,110.3839,109.93,141.84,-1.4453,27.1627,137439400
2012-04-09,180,2011-07-22,2012-04-09,138.22,126.1349,126.6606,109.5811,109.1263,109.93,141.84,-2.5522,25.7346,127555900
2012-04-10,180,2011-07-25,2012-04-10,135.9,126.1412,126.6679,107.7364,107.2884,109.93,141.84,-4.1878,23.6241,235360300
2012-04-11,180,2011-07-26,2012-04-11,137.0,126.1565,126.6855,108.5953,108.1418,109.93,141.84,-3.4123,24.6248,154133000
2012-04-12,180,2011-07-27,2012-04-12,138.79,126.1826,126.7158,109.9914,109.5285,109.93,141.84,-2.1503,26.2531,154321500
2012-04-13,180,2011-07-28,2012-04-13,137.14,126.2149,126.7522,108.6559,108.1954,109.93,141.84,-3.3136,24.7521,169246700
2012-04-16,180,2011-07-29,2012-04-16,137.05,126.2488,126.7901,108.5555,108.092,109.93,141.84,-3.377,24.6702,147825300
2012-04-17,180,2011-08-01,2012-04-17,139.08,126.2968,126.8443,110.1215,109.6463,109.93,141.84,-1.9459,26.5169,147877600
2012-04-18,180,2011-08-02,2012-04-18,138.61,126.3456,126.8989,109.707,109.2287,109.93,141.84,-2.2772,26.0893,123884200
2012-04-19,180,2011-08-03,2012-04-19,137.72,126.4084,126.9668,108.9484,108.4693,109.93,141.84,-2.9047,25.2797,198666700
2012-04-20,180,2011-08-04,2012-04-20,137.95,126.4685,127.0323,109.0785,108.5944,109.93,141.84,-2.7425,25.4889,143199600
2012-04-23,180,2011-08-05,2012-04-23,136.79,126.5579,127.1241,108.0849,107.6035,109.93,141.84,-3.5604,24.4337,171844900
2012-04-24,180,2011-08-08,2012-04-24,137.31,126.6509,127.2198,108.4161,107.9313,109.93,141.84,-3.1937,24.9068,137484200
2012-04-25,180,2011-08-09,2012-04-25,139.19,126.8047,127.3694,109.7672,109.2805,109.93,141.84,-1.8683,26.6169,150252200
2012-04-26,180,2011-08-10,2012-04-26,140.16,126.9279,127.4954,110.4249,109.9333,109.93,141.84,-1.1844,27.4993,136291600
2012-04-27,180,2011-08-11,2012-04-27,140.39,127.0876,127.6516,110.4671,109.9791,109.93,141.84,-1.0223,27.7085,130725000
2012-04-30,180,2011-08-12,2012-04-30,139.87,127.211,127.7768,109.9512,109.4643,109.93,141.84,-1.3889,27.2355,115092200
2012-05-01,180,2011-08-15,2012-05-01,140.74,127.3334,127.9024,110.5287,110.037,109.93,141.84,-0.7755,28.0269,138832200
2012-05-02,180,2011-08-16,2012-05-02,140.32,127.4383,128.0119,110.1081,109.6148,109.93,141.84,-1.0716,27.6449,121081000
2012-05-03,180,2011-08-17,2012-05-03,139.25,127.545,128.1211,109.1772,108.6862,109.93,141.84,-1.826,26.6715,143759700
2012-05-04,180,2011-08-18,2012-05-04,137.0,127.6406,128.2174,107.3327,106.8498,109.93,141.84,-3.4123,24.6248,193927300
2012-05-07,180,2011-08-19,2012-05-07,137.1,127.7709,128.3429,107.3014,106.8232,109.93,141.84,-3.3418,24.7157,127765900
2012-05-08,180,2011-08-22,2012-05-08,136.55,127.9121,128.4757,106.753,106.2847,109.93,141.84,-3.7295,24.2154,213377700
2012-05-09,180,2011-08-23,2012-05-09,135.74,128.0489,128.6036,106.0064,105.5492,109.93,141.84,-4.3006,23.4786,220752500
2012-05-10,180,2011-08-24,2012-05-10,136.02,128.1616,128.7123,106.1316,105.6775,109.93,141.84,-4.1032,23.7333,150600000
2012-05-11,180,2011-08-25,2012-05-11,135.61,128.2616,128.8097,105.7292,105.2793,109.93,141.84,-4.3923,23.3603,153032400
2012-05-14,180,2011-08-26,2012-05-14,134.11,128.3662,128.9088,104.4746,104.0348,109.93,141.84,-5.4498,21.9958,163910000
2012-05-15,180,2011-08-29,2012-05-15,133.34,128.4557,128.9942,103.8023,103.369,109.93,141.84,-5.9927,21.2954,207629300
2012-05-16,180,2011-08-30,2012-05-16,132.83,128.5209,129.0579,103.3528,102.9228,109.93,141.84,-6.3522,20.8314,207265500
2012-05-17,180,2011-08-31,2012-05-17,130.86,128.5739,129.1089,101.7781,101.3563,109.93,141.84,-7.7411,19.0394,247992900
2012-05-18,180,2011-09-01,2012-05-18,129.74,128.6174,129.1507,100.8728,100.4563,109.93,141.84,-8.5307,18.0206,319615900
2012-05-21,180,2011-09-02,2012-05-21,131.97,128.681,129.2119,102.5559,102.1345,109.93,141.84,-6.9585,20.0491,177861100
2012-05-22,180,2011-09-06,2012-05-22,132.2,128.7658,129.2917,102.667,102.2494,109.93,141.84,-6.7964,20.2583,197531200
2012-05-23,180,2011-09-07,2012-05-23,132.27,128.8568,129.3766,102.6488,102.2365,109.93,141.84,-6.747,20.322,204958400
2012-05-24,180,2011-09-08,2012-05-24,132.53,128.9277,129.4446,102.7941,102.3836,109.93,141.84,-6.5637,20.5585,167357600
2012-05-25,180,2011-09-09,2012-05-25,132.1,129.0044,129.5171,102.3996,101.9942,109.93,141.84,-6.8669,20.1674,135465600
2012-05-29,180,2011-09-12,2012-05-29,133.7,129.1106,129.6159,103.5547,103.1509,109.93,141.84,-5.7389,21.6228,152883500
2012-05-30,180,2011-09-13,2012-05-30,131.76,129.2015,129.6997,101.9802,101.5885,109.93,141.84,-7.1066,19.8581,162370400
2012-05-31,180,2011-09-14,2012-05-31,131.47,129.2838,129.776,101.691,101.3053,109.93,141.84,-7.3111,19.5943,196186000
2012-06-01,180,2011-09-15,2012-06-01,128.16,129.3372,129.8248,99.0898,98.7176,109.93,141.84,-9.6447,16.5833,253240900
2012-06-04,180,2011-09-16,2012-06-04,128.1,129.3771,129.8619,99.0129,98.6433,109.93,141.84,-9.687,16.5287,202545800
2012-06-05,180,2011-09-19,2012-06-05,129.07,129.4219,129.9038,99.7281,99.3581,109.93,141.84,-9.0031,17.4111,164149400
2012-06-06,180,2011-09-20,2012-06-06,131.97,129.4902,129.9686,101.915,101.5399,109.93,141.84,-6.9585,20.0491,184202800
2012-06-07,180,2011-09-21,2012-06-07,132.05,129.56,130.0346,101.9219,101.5499,109.93,141.84,-6.9021,20.1219,184772700
2012-06-08,180,2011-09-22,2012-06-08,133.1,129.659,130.1261,102.6539,102.2854,109.93,141.84,-6.1619,21.0771,143915400
2012-06-11,180,2011-09-23,2012-06-11,131.41,129.7759,130.2292,101.2591,100.9067,109.93,141.84,-7.3534,19.5397,169756100
2012-06-12,180,2011-09-26,2012-06-12,132.92,129.8962,130.3368,102.3279,101.9819,109.93,141.84,-6.2888,20.9133,181931800
2012-06-13,180,2011-09-27,2012-06-13,132.07,129.9929,130.4248,101.5978,101.2614,109.93,141.84,-6.888,20.1401,172223900
2012-06-14,180,2011-09-28,2012-06-14,133.47,130.0883,130.5133,102.5995,102.2655,109.93,141.84,-5.901,21.4136,230615500
2012-06-15,180,2011-09-29,2012-06-15,134.14,130.2041,130.6188,103.0229,102.6958,109.93,141.84,-5.4287,22.0231,169444500
2012-06-18,180,2011-09-30,2012-06-18,134.4,130.315,130.7208,103.1347,102.8146,109.93,141.84,-5.2453,22.2596,131360900
2012-06-19,180,2011-10-03,2012-06-19,135.7,130.4537,130.8461,104.0216,103.7097,109.93,141.84,-4.3288,23.4422,137382600
2012-06-20,180,2011-10-04,2012-06-20,135.48,130.6161,130.988,103.7238,103.4293,112.34,141.84,-4.4839,20.5982,206451800
2012-06-21,180,2011-10-05,2012-06-21,132.44,130.7443,131.0997,101.297,101.0224,114.42,141.84,-6.6272,15.749,205272200
2012-06-22,180,2011-10-06,2012-06-22,133.46,130.8628,131.2054,101.9847,101.7183,115.71,141.84,-5.9081,15.3401,130029200
2012-06-25,180,2011-10-07,2012-06-25,131.32,130.9551,131.2878,100.2787,100.0245,115.71,141.84,-7.4168,13.4906,146375700
2012-06-26,180,2011-10-10,2012-06-26,131.98,131.0567,131.3782,100.7045,100.458,116.34,141.84,-6.9515,13.4434,141634000
2012-06-27,180,2011-10-11,2012-06-27,133.17,131.1381,131.4537,101.5494,101.3056,116.34,141.84,-6.1125,14.4662,108088000
2012-06-28,180,2011-10-12,2012-06-28,132.79,131.2169,131.5264,101.1989,100.9607,116.34,141.84,-6.3804,14.1396,169242100
2012-06-29,180,2011-10-13,2012-06-29,136.1,131.3063,131.6117,103.6508,103.4102,116.34,141.84,-4.0468,16.9847,212250900
2012-07-02,180,2011-10-14,2012-07-02,136.51,131.3995,131.7006,103.8893,103.6518,116.34,141.84,-3.7578,17.3371,129524500
2012-07-03,180,2011-10-17,2012-07-03,137.41,131.4841,131.7831,104.507,104.2699,116.34,141.84,-3.1232,18.1107,80450000
2012-07-05,180,2011-10-18,2012-07-05,136.79,131.5809,131.8751,103.9589,103.727,116.34,141.84,-3.5604,17.5778,126177500
2012-07-06,180,2011-10-19,2012-07-06,135.49,131.6557,131.9468,102.9124,102.6853,116.34,141.84,-4.4769,16.4604,151192100
2012-07-09,180,2011-10-20,2012-07-09,135.32,131.7391,132.0256,102.7182,102.4953,116.34,141.84,-4.5967,16.3143,103780500
2012-07-10,180,2011-10-21,2012-07-10,134.14,131.8129,132.0949,101.7655,101.5482,116.34,141.84,-5.4287,15.3,167884800
2012-07-11,180,2011-10-24,2012-07-11,134.16,131.872,132.1516,101.735,101.5198,116.34,141.84,-5.4145,15.3172,141733400
2012-07-12,180,2011-10-25,2012-07-12,133.51,131.9183,132.1961,101.2066,100.9939,116.34,141.84,-5.8728,14.7585,143583200
2012-07-13,180,2011-10-26,2012-07-13,135.75,131.9918,132.2667,102.8473,102.6336,116.34,141.84,-4.2936,16.6839,129642600
2012-07-16,180,2011-10-27,2012-07-16,135.43,132.0559,132.3285,102.5551,102.3438,116.34,141.84,-4.5192,16.4088,97525200
2012-07-17,180,2011-10-28,2012-07-17,136.36,132.0986,132.3714,103.2259,103.0132,116.34,141.84,-3.8635,17.2082,138860300
2012-07-18,180,2011-10-31,2012-07-18,137.37,132.1467,132.4202,103.9526,103.738,116.34,141.84,-3.1514,18.0763,113349700
2012-07-19,180,2011-11-01,2012-07-19,137.73,132.2154,132.4881,104.1709,103.9565,116.34,141.84,-2.8976,18.3858,129847300
2012-07-20,180,2011-11-02,2012-07-20,136.47,132.2999,132.5685,103.152,102.943,116.34,141.84,-3.786,17.3027,142904500
2012-07-23,180,2011-11-03,2012-07-23,135.09,132.3643,132.6302,102.0592,101.8547,116.34,141.84,-4.7589,16.1166,145210900
2012-07-24,180,2011-11-04,2012-07-24,133.93,132.4085,132.6728,101.1491,100.9476,116.34,141.84,-5.5767,15.1195,173301200
2012-07-25,180,2011-11-07,2012-07-25,133.96,132.4577,132.7199,101.1342,100.9343,116.34,141.84,-5.5555,15.1453,129122300
2012-07-26,180,2011-11-08,2012-07-26,136.17,132.5139,132.775,102.759,102.557,116.34,141.84,-3.9975,17.0449,156526500
2012-07-27,180,2011-11-09,2012-07-27,138.68,132.5733,132.835,104.6062,104.4002,116.34,141.84,-2.2279,19.2023,236768900
2012-07-30,180,2011-11-10,2012-07-30,138.68,132.6621,132.9212,104.5362,104.3325,116.34,141.84,-2.2279,19.2023,106782000
2012-07-31,180,2011-11-11,2012-07-31,137.71,132.7386,132.9956,103.7452,103.5448,116.34,141.84,-2.9117,18.3686,120575900
2012-08-01,180,2011-11-14,2012-08-01,137.59,132.8001,133.0563,103.6069,103.4073,116.34,141.84,-2.9963,18.2654,138293800
2012-08-02,180,2011-11-15,2012-08-02,136.64,132.864,133.1184,102.842,102.6454,116.34,141.84,-3.6661,17.4489,199556600
2012-08-03,180,2011-11-16,2012-08-03,139.35,132.9381,133.1922,104.8232,104.6233,116.34,141.84,-1.7555,19.7782,157825000
2012-08-06,180,2011-11-17,2012-08-06,139.62,133.0262,133.2785,104.9567,104.7581,116.34,141.84,-1.5651,20.0103,86326200
2012-08-07,180,2011-11-18,2012-08-07,140.32,133.1308,133.3797,105.4001,105.2034,116.34,141.84,-1.0716,20.612,109545100
2012-08-08,180,2011-11-21,2012-08-08,140.49,133.2372,133.4825,105.4435,105.2498,116.34,141.84,-0.9518,20.7581,89754700
2012-08-09,180,2011-11-22,2012-08-09,140.61,133.3602,133.5989,105.4363,105.2479,116.34,141.84,-0.8672,20.8613,90291700
2012-08-10,180,2011-11-23,2012-08-10,140.84,133.4877,133.7192,105.5078,105.3252,116.34,141.84,-0.705,21.059,99792700
2012-08-13,180,2011-11-25,2012-08-13,140.77,133.6339,133.8537,105.34,105.1671,116.34,141.84,-0.7544,20.9988,79426900
2012-08-14,180,2011-11-28,2012-08-14,140.79,133.7822,133.9895,105.2382,105.0754,119.71,141.84,-0.7403,17.6092,102379400
2012-08-15,180,2011-11-29,2012-08-15,140.95,133.9075,134.1075,105.2592,105.1022,120.05,141.84,-0.6275,17.4094,71085900
2012-08-16,180,2011-11-30,2012-08-16,141.99,134.0358,134.2294,105.9344,105.7816,120.29,141.99,0.0,18.0397,112014200
2012-08-17,180,2011-12-01,2012-08-17,142.18,134.1324,134.3249,105.9997,105.8478,120.29,142.18,0.0,18.1977,90813700
2012-08-20,180,2011-12-02,2012-08-20,142.19,134.2294,134.4206,105.9306,105.78,120.29,142.19,0.0,18.206,78255700
2012-08-21,180,2011-12-05,2012-08-21,141.76,134.325,134.5144,105.5351,105.3864,120.29,142.19,-0.3024,17.8485,105581100
2012-08-22,180,2011-12-06,2012-08-22,141.82,134.4124,134.6011,105.5111,105.3632,120.29,142.19,-0.2602,17.8984,133243500
2012-08-23,180,2011-12-07,2012-08-23,140.66,134.4939,134.6811,104.5847,104.4393,120.29,142.19,-1.076,16.9341,111466400
2012-08-24,180,2011-12-08,2012-08-24,141.51,134.5767,134.7632,105.1519,105.0064,120.29,142.19,-0.4782,17.6407,99481200
2012-08-27,180,2011-12-09,2012-08-27,141.54,134.6777,134.8609,105.0954,104.9525,120.29,142.19,-0.4571,17.6656,68785900
2012-08-28,180,2011-12-12,2012-08-28,141.4,134.7645,134.9462,104.9238,104.7825,120.29,142.19,-0.5556,17.5492,75689600
2012-08-29,180,2011-12-13,2012-08-29,141.51,134.8639,135.0423,104.928,104.7894,120.29,142.19,-0.4782,17.6407,65421300
2012-08-30,180,2011-12-14,2012-08-30,140.49,134.9659,135.1392,104.093,103.9595,120.29,142.19,-1.1956,16.7928,96589900
2012-08-31,180,2011-12-15,2012-08-31,141.16,135.0804,135.2471,104.5008,104.3719,120.29,142.19,-0.7244,17.3497,151970400
2012-09-04,180,2011-12-16,2012-09-04,141.03,135.1914,135.3518,104.3188,104.1951,120.29,142.19,-0.8158,17.2417,120226200
2012-09-05,180,2011-12-19,2012-09-05,140.91,135.306,135.4592,104.1418,104.024,120.29,142.19,-0.9002,17.1419,100660300
2012-09-06,180,2011-12-20,2012-09-06,143.77,135.4442,135.5896,106.147,106.0332,123.93,143.77,0.0,16.009,158272500
2012-09-07,180,2011-12-21,2012-09-07,144.33,135.5605,135.7029,106.4691,106.3573,124.17,144.33,0.0,16.2358,107272100
2012-09-10,180,2011-12-22,2012-09-10,143.51,135.6714,135.8104,105.7776,105.6694,124.83,144.33,-0.5681,14.9643,86458500
2012-09-11,180,2011-12-23,2012-09-11,143.91,135.7772,135.9139,105.9898,105.8832,124.83,144.33,-0.291,15.2848,88760000
2012-09-12,180,2011-12-27,2012-09-12,144.39,135.8783,136.0139,106.2642,106.1582,124.83,144.39,0.0,15.6693,87640900
2012-09-13,180,2011-12-28,2012-09-13,146.59,135.9896,136.1256,107.795,107.6873,124.83,146.59,0.0,17.4317,225470200
2012-09-14,180,2011-12-29,2012-09-14,147.24,136.115,136.2501,108.1733,108.066,125.5,147.24,0.0,17.3227,169777000
2012-09-17,180,2011-12-30,2012-09-17,146.74,136.2298,136.3647,107.7151,107.6085,125.5,147.24,-0.3396,16.9243,119427800
2012-09-18,180,2012-01-03,2012-09-18,146.62,136.3482,136.482,107.5335,107.4281,127.5,147.24,-0.4211,14.9961,98326600
2012-09-19,180,2012-01-04,2012-09-19,146.7,136.4543,136.5887,107.5085,107.4028,127.7,147.24,-0.3668,14.8786,128318300
2012-09-20,180,2012-01-05,2012-09-20,146.71,136.5594,136.6943,107.4331,107.3271,127.71,147.24,-0.36,14.8775,154009800
2012-09-21,180,2012-01-06,2012-09-21,145.87,136.6583,136.7933,106.7407,106.6353,127.71,147.24,-0.9305,14.2197,108737500
2012-09-24,180,2012-01-09,2012-09-24,145.65,136.7585,136.893,106.5016,106.397,128.02,147.24,-1.0799,13.7713,95682000
2012-09-25,180,2012-01-10,2012-09-25,144.1,136.8491,136.9823,105.2985,105.1961,128.1,147.24,-2.1326,12.4902,133165200
2012-09-26,180,2012-01-11,2012-09-26,143.29,136.9288,137.061,104.6456,104.5447,128.1,147.24,-2.6827,11.8579,146502200
2012-09-27,180,2012-01-12,2012-09-27,144.64,137.0149,137.1468,105.5652,105.4637,128.1,147.24,-1.7658,12.9118,111830300
2012-09-28,180,2012-01-13,2012-09-28,143.97,137.0958,137.2271,105.0141,104.9137,128.1,147.24,-2.2209,12.3888,150696100
2012-10-01,180,2012-01-17,2012-10-01,144.35,137.1829,137.3133,105.2245,105.1246,128.1,147.24,-1.9628,12.6854,135911200
2012-10-02,180,2012-01-18,2012-10-02,144.5,137.2678,137.3975,105.2687,105.1693,128.1,147.24,-1.8609,12.8025,113422200
2012-10-03,180,2012-01-19,2012-10-03,145.09,137.3469,137.4771,105.6377,105.5376,128.1,147.24,-1.4602,13.2631,121283100
2012-10-04,180,2012-01-20,2012-10-04,146.13,137.4269,137.5586,106.3329,106.2311,128.1,147.24,-0.7539,14.0749,124311600
2012-10-05,180,2012-01-23,2012-10-05,146.14,137.5042,137.6374,106.2804,106.1775,128.1,147.24,-0.7471,14.0827,124842100
2012-10-08,180,2012-01-24,2012-10-08,145.64,137.5811,137.7153,105.8575,105.7544,128.1,147.24,-1.0867,13.6924,78415400
2012-10-09,180,2012-01-25,2012-10-09,144.2,137.6518,137.7861,104.7571,104.655,128.1,147.24,-2.0647,12.5683,148872900
2012-10-10,180,2012-01-26,2012-10-10,143.28,137.7113,137.8457,104.0438,103.9423,128.1,147.24,-2.6895,11.8501,124247500
2012-10-11,180,2012-01-27,2012-10-11,143.36,137.7753,137.9094,104.0535,103.9523,128.1,147.24,-2.6352,11.9126,123601500
2012-10-12,180,2012-01-30,2012-10-12,142.89,137.8373,137.9709,103.6657,103.5653,128.1,147.24,-2.9544,11.5457,124181900
2012-10-15,180,2012-01-31,2012-10-15,144.08,137.9082,138.0416,104.4753,104.3744,128.1,147.24,-2.1462,12.4746,107689100
2012-10-16,180,2012-02-01,2012-10-16,145.54,137.9868,138.1206,105.4738,105.3717,128.1,147.24,-1.1546,13.6144,108815500
2012-10-17,180,2012-02-02,2012-10-17,146.2,138.0619,138.1968,105.8945,105.7911,128.1,147.24,-0.7063,14.1296,128834100
2012-10-18,180,2012-02-03,2012-10-18,145.82,138.1338,138.2698,105.5643,105.4605,128.1,147.24,-0.9644,13.8329,148108500
2012-10-19,180,2012-02-06,2012-10-19,143.39,138.1825,138.319,103.7686,103.6662,128.1,147.24,-2.6148,11.936,185645200
2012-10-22,180,2012-02-07,2012-10-22,143.41,138.2318,138.3688,103.746,103.6433,128.1,147.24,-2.6012,11.9516,125578600
2012-10-23,180,2012-02-08,2012-10-23,141.42,138.2687,138.4056,102.2791,102.1779,128.1,147.24,-3.9527,10.3981,192056300
2012-10-24,180,2012-02-09,2012-10-24,141.02,138.3012,138.438,101.9658,101.8651,128.1,147.24,-4.2244,10.0859,120179400
2012-10-25,180,2012-02-10,2012-10-25,141.43,138.3349,138.4717,102.2374,102.1364,128.1,147.24,-3.9459,10.4059,134457400
2012-10-26,180,2012-02-13,2012-10-26,141.35,138.3741,138.5106,102.1507,102.05,128.1,147.24,-4.0003,10.3435,146023500
2012-10-31,180,2012-02-14,2012-10-31,141.35,138.4074,138.5438,102.1261,102.0255,128.1,147.24,-4.0003,10.3435,103438500
2012-11-01,180,2012-02-15,2012-11-01,142.83,138.4495,138.5863,103.164,103.0622,128.1,147.24,-2.9951,11.4988,100995600
2012-11-02,180,2012-02-16,2012-11-02,141.56,138.4886,138.6252,102.2178,102.1171,128.1,147.24,-3.8577,10.5074,137702200
2012-11-05,180,2012-02-17,2012-11-05,141.85,138.5207,138.6574,102.4035,102.3025,128.1,147.24,-3.6607,10.7338,98378500
2012-11-06,180,2012-02-21,2012-11-06,142.96,138.5565,138.6938,103.1781,103.076,128.1,147.24,-2.9068,11.6003,107068100
2012-11-07,180,2012-02-22,2012-11-07,139.72,138.5747,138.7118,100.8265,100.7268,128.1,147.24,-5.1073,9.071,264304500
2012-11-08,180,2012-02-23,2012-11-08,138.04,138.5861,138.723,99.606,99.5076,128.1,147.24,-6.2483,7.7596,181517300
2012-11-09,180,2012-02-24,2012-11-09,138.16,138.5947,138.7315,99.6863,99.5881,128.1,147.24,-6.1668,7.8532,201055300
2012-11-12,180,2012-02-27,2012-11-12,138.27,138.6023,138.7389,99.7603,99.662,128.1,147.24,-6.0921,7.9391,97677500
2012-11-13,180,2012-02-28,2012-11-13,137.79,138.6058,138.7424,99.4114,99.3135,128.1,147.24,-6.4181,7.5644,123018300
2012-11-14,180,2012-02-29,2012-11-14,135.93,138.5965,138.7334,98.076,97.9793,128.1,147.24,-7.6813,6.1124,191505000
2012-11-15,180,2012-03-01,2012-11-15,135.7,138.589,138.7261,97.9154,97.8187,128.1,147.24,-7.8375,5.9329,178128400
2012-11-16,180,2012-03-02,2012-11-16,136.37,138.5812,138.7185,98.4044,98.307,128.1,147.24,-7.3825,6.4559,239483900
2012-11-19,180,2012-03-05,2012-11-19,139.13,138.5914,138.7286,100.3886,100.2893,128.1,147.24,-5.508,8.6105,151495800
2012-11-20,180,2012-03-06,2012-11-20,139.19,138.6051,138.7422,100.422,100.3228,128.1,147.24,-5.4673,8.6573,119807400
2012-11-21,180,2012-03-07,2012-11-21,139.45,138.6318,138.7683,100.5902,100.4913,128.1,147.24,-5.2907,8.8603,81710800
2012-11-23,180,2012-03-08,2012-11-23,141.35,138.6633,138.7997,101.9376,101.8374,128.1,147.24,-4.0003,10.3435,65409200
2012-11-26,180,2012-03-09,2012-11-26,141.05,138.6855,138.822,101.705,101.6049,128.1,147.24,-4.204,10.1093,100124400
2012-11-27,180,2012-03-12,2012-11-27,140.33,138.7007,138.8373,101.1747,101.0751,128.1,147.24,-4.693,9.5472,128646200
2012-11-28,180,2012-03-13,2012-11-28,141.46,138.722,138.8589,101.9737,101.8732,128.1,147.24,-3.9256,10.4294,177086500
2012-11-29,180,2012-03-14,2012-11-29,142.12,138.7331,138.8703,102.4413,102.3401,128.1,147.24,-3.4773,10.9446,151085900
2012-11-30,180,2012-03-15,2012-11-30,142.15,138.7452,138.8828,102.454,102.3525,128.1,147.24,-3.4569,10.968,136568300
2012-12-03,180,2012-03-16,2012-12-03,141.45,138.7491,138.8868,101.9466,101.8455,128.1,147.24,-3.9324,10.4215,124656300
2012-12-04,180,2012-03-19,2012-12-04,141.25,138.7542,138.8921,101.7987,101.6976,128.1,147.24,-4.0682,10.2654,127512200
2012-12-05,180,2012-03-20,2012-12-05,141.5,138.7577,138.8957,101.9763,101.875,128.1,147.24,-3.8984,10.4606,147300500
2012-12-06,180,2012-03-21,2012-12-06,141.98,138.766,138.9043,102.3162,102.2143,128.1,147.24,-3.5724,10.8353,103220600
2012-12-07,180,2012-03-22,2012-12-07,142.41,138.7777,138.9165,102.6173,102.5148,128.1,147.24,-3.2804,11.171,108726400
2012-12-10,180,2012-03-23,2012-12-10,142.47,138.7954,138.9347,102.6475,102.5446,128.1,147.24,-3.2396,11.2178,98840700
2012-12-11,180,2012-03-26,2012-12-11,143.44,138.8156,138.9557,103.3313,103.2271,128.1,147.24,-2.5808,11.975,152570400
2012-12-12,180,2012-03-27,2012-12-12,143.51,138.8257,138.9663,103.3743,103.2697,128.1,147.24,-2.5333,12.0297,145880100
2012-12-13,180,2012-03-28,2012-12-13,142.63,138.8334,138.9744,102.7346,102.6304,128.1,147.24,-3.1309,11.3427,135715000
2012-12-14,180,2012-03-29,2012-12-14,142.1,138.8422,138.9834,102.3464,102.2424,128.1,147.24,-3.4909,10.929,137701700
2012-12-17,180,2012-03-30,2012-12-17,143.77,138.861,139.0031,103.5352,103.4293,128.1,147.24,-2.3567,12.2326,143238200
2012-12-18,180,2012-04-02,2012-12-18,145.37,138.8848,139.0284,104.6695,104.5613,128.1,147.24,-1.27,13.4816,177762800
2012-12-19,180,2012-04-03,2012-12-19,144.29,138.8977,139.0421,103.8822,103.7744,128.1,147.24,-2.0035,12.6386,150895400
2012-12-20,180,2012-04-04,2012-12-20,145.12,138.9178,139.0635,104.4646,104.3552,128.1,147.24,-1.4398,13.2865,168487000
2012-12-21,180,2012-04-05,2012-12-21,142.79,138.9336,139.0798,102.7757,102.6677,128.1,147.24,-3.0223,11.4676,245883800
2012-12-24,180,2012-04-09,2012-12-24,142.35,138.9474,139.094,102.4489,102.3409,128.1,147.24,-3.3211,11.1241,53874600
2012-12-26,180,2012-04-10,2012-12-26,141.75,138.9667,139.1136,102.0028,101.8951,128.1,147.24,-3.7286,10.6557,106947700
2012-12-27,180,2012-04-11,2012-12-27,141.56,138.9983,139.1451,101.843,101.7356,128.1,147.24,-3.8577,10.5074,167920600
2012-12-28,180,2012-04-12,2012-12-28,140.03,139.0152,139.1619,100.73,100.6238,128.1,147.24,-4.8968,9.313,148806700
2012-12-31,180,2012-04-13,2012-12-31,142.41,139.0349,139.182,102.4275,102.3193,128.1,147.24,-3.2804,11.171,243935200
2013-01-02,180,2012-04-16,2013-01-02,146.06,139.0827,139.2316,105.0166,104.9044,128.1,147.24,-0.8014,14.0203,192059000
2013-01-03,180,2012-04-17,2013-01-03,145.73,139.1295,139.2798,104.7442,104.6311,128.1,147.24,-1.0255,13.7627,144761800
2013-01-04,180,2012-04-18,2013-01-04,146.37,139.168,139.3203,105.1751,105.0601,128.1,147.24,-0.5909,14.2623,116817700
2013-01-07,180,2012-04-19,2013-01-07,145.97,139.2071,139.3612,104.8581,104.7422,128.1,147.24,-0.8625,13.95,110002500
2013-01-08,180,2012-04-20,2013-01-08,145.55,139.2492,139.4047,104.5248,104.4083,128.1,147.24,-1.1478,13.6222,121265100
2013-01-09,180,2012-04-23,2013-01-09,145.92,139.2919,139.4489,104.7585,104.6404,128.1,147.24,-0.8965,13.911,90745600
2013-01-10,180,2012-04-24,2013-01-10,147.08,139.347,139.5061,105.5494,105.4291,128.1,147.24,-0.1087,14.8165,130735400
2013-01-11,180,2012-04-25,2013-01-11,147.07,139.3992,139.5603,105.5028,105.381,128.1,147.24,-0.1155,14.8087,113917300
2013-01-14,180,2012-04-26,2013-01-14,146.97,139.4402,139.6036,105.4,105.2767,128.1,147.24,-0.1834,14.7307,89567200
2013-01-15,180,2012-04-27,2013-01-15,147.07,139.4765,139.6419,105.4443,105.3194,128.1,147.24,-0.1155,14.8087,93172600
2013-01-16,180,2012-04-30,2013-01-16,147.05,139.5113,139.6789,105.4036,105.2771,128.1,147.24,-0.129,14.7931,104849500
2013-01-17,180,2012-05-01,2013-01-17,148.0,139.5538,139.7241,106.0523,105.923,128.1,148.0,0.0,15.5347,133833500
2013-01-18,180,2012-05-02,2013-01-18,148.33,139.5932,139.7663,106.2588,106.1272,128.1,148.33,0.0,15.7923,169906000
2013-01-22,180,2012-05-03,2013-01-22,149.13,139.6388,139.8152,106.797,106.6622,128.1,149.13,0.0,16.4169,111797300
2013-01-23,180,2012-05-04,2013-01-23,149.37,139.6915,139.8714,106.9285,106.7909,128.1,149.37,0.0,16.6042,104596100
2013-01-24,180,2012-05-07,2013-01-24,149.41,139.7572,139.9404,106.9068,106.7669,128.1,149.41,0.0,16.6354,146426400
2013-01-25,180,2012-05-08,2013-01-25,150.25,139.8265,140.0134,107.4546,107.3111,128.1,150.25,0.0,17.2912,147211600
2013-01-28,180,2012-05-09,2013-01-28,150.07,139.8982,140.0886,107.2708,107.1251,128.1,150.25,-0.1198,17.1507,113357700
2013-01-29,180,2012-05-10,2013-01-29,150.66,139.9776,140.1714,107.6315,107.4827,128.1,150.66,0.0,17.6112,105694400
2013-01-30,180,2012-05-11,2013-01-30,150.07,140.0526,140.2495,107.1526,107.0022,128.1,150.66,-0.3916,17.1507,137447700
2013-01-31,180,2012-05-14,2013-01-31,149.7,140.1283,140.3278,106.8307,106.6788,128.1,150.66,-0.6372,16.8618,108975800
2013-02-01,180,2012-05-15,2013-02-01,151.24,140.2204,140.4229,107.8587,107.7032,128.1,151.24,0.0,18.064,131173000
2013-02-04,180,2012-05-16,2013-02-04,149.54,140.3092,140.5129,106.5789,106.4244,128.1,151.24,-1.124,16.7369,159073600
2013-02-05,180,2012-05-17,2013-02-05,151.05,140.4086,140.6142,107.5789,107.4216,128.1,151.24,-0.1256,17.9157,113912400
2013-02-06,180,2012-05-18,2013-02-06,151.16,140.5211,140.7269,107.571,107.4137,128.1,151.24,-0.0529,18.0016,138762800
2013-02-07,180,2012-05-21,2013-02-07,150.96,140.6401,140.8448,107.3378,107.1818,128.1,151.24,-0.1851,17.8454,162490000
2013-02-08,180,2012-05-22,2013-02-08,151.8,140.7489,140.955,107.8516,107.6939,128.1,151.8,0.0,18.5012,103133700
2013-02-11,180,2012-05-23,2013-02-11,151.77,140.8564,141.0637,107.7481,107.5897,128.1,151.8,-0.0198,18.4777,73775000
2013-02-12,180,2012-05-24,2013-02-12,152.02,140.9647,141.1734,107.8426,107.6831,128.1,152.02,0.0,18.6729,65392700
2013-02-13,180,2012-05-25,2013-02-13,152.15,141.0722,141.2824,107.8526,107.6921,128.1,152.15,0.0,18.7744,82322600
2013-02-14,180,2012-05-29,2013-02-14,152.29,141.1833,141.3946,107.8669,107.7057,128.1,152.29,0.0,18.8837,80834300
2013-02-15,180,2012-05-30,2013-02-15,152.11,141.2836,141.4969,107.6629,107.5006,128.1,152.29,-0.1182,18.7432,215226500
2013-02-19,180,2012-05-31,2013-02-19,153.25,141.4017,141.6163,108.3792,108.215,128.1,153.25,0.0,19.6331,95105400
2013-02-20,180,2012-06-01,2013-02-20,151.34,141.5127,141.7267,106.9444,106.783,128.1,153.25,-1.2463,18.1421,160574800
2013-02-21,180,2012-06-04,2013-02-21,150.42,141.6413,141.8503,106.1978,106.0413,128.1,153.25,-1.8467,17.4239,183257000
2013-02-22,180,2012-06-05,2013-02-22,151.89,141.7777,141.9825,107.1325,106.978,129.07,153.25,-0.8874,17.6803,106356600
2013-02-25,180,2012-06-06,2013-02-25,149.0,141.8935,142.0932,105.0083,104.8607,131.32,153.25,-2.7732,13.4633,245824800
2013-02-26,180,2012-06-07,2013-02-26,150.02,141.9956,142.1935,105.6512,105.5041,131.32,153.25,-2.1077,14.24,186596200
2013-02-27,180,2012-06-08,2013-02-27,151.91,142.1066,142.3038,106.8987,106.7505,131.32,153.25,-0.8744,15.6793,150781900
2013-02-28,180,2012-06-11,2013-02-28,151.61,142.2096,142.4067,106.6103,106.4627,131.32,153.25,-1.0701,15.4508,126866000
2013-03-01,180,2012-06-12,2013-03-01,152.11,142.326,142.5217,106.8744,106.7276,131.32,153.25,-0.7439,15.8316,170634800
2013-03-04,180,2012-06-13,2013-03-04,152.92,142.4368,142.6328,107.3599,107.2124,131.32,153.25,-0.2153,16.4484,99010200
2013-03-05,180,2012-06-14,2013-03-05,154.29,142.5598,142.7562,108.2282,108.0793,131.32,154.29,0.0,17.4916,121431900
2013-03-06,180,2012-06-15,2013-03-06,154.5,142.6751,142.8731,108.288,108.138,131.32,154.5,0.0,17.6515,94469900
2013-03-07,180,2012-06-18,2013-03-07,154.78,142.7876,142.9877,108.3988,108.2471,131.32,154.78,0.0,17.8648,86101400
2013-03-08,180,2012-06-19,2013-03-08,155.44,142.9017,143.1046,108.774,108.6198,131.32,155.44,0.0,18.3673,123477800
2013-03-11,180,2012-06-20,2013-03-11,156.03,143.0108,143.2176,109.1037,108.9461,131.32,156.03,0.0,18.8166,83746800
2013-03-12,180,2012-06-21,2013-03-12,155.68,143.1197,143.3298,108.7761,108.6166,131.32,156.03,-0.2243,18.5501,105755800
2013-03-13,180,2012-06-22,2013-03-13,155.9,143.2491,143.4601,108.8314,108.6713,131.32,156.03,-0.0833,18.7176,92550900
2013-03-14,180,2012-06-25,2013-03-14,156.73,143.376,143.5894,109.314,109.1515,131.32,156.73,0.0,19.3497,126329900
2013-03-15,180,2012-06-26,2013-03-15,155.83,143.5129,143.7256,108.5826,108.4219,131.98,156.73,-0.5742,18.0709,138601100
2013-03-18,180,2012-06-27,2013-03-18,154.97,143.6417,143.8533,107.8865,107.7278,132.79,156.73,-1.1229,16.7031,126704300
2013-03-19,180,2012-06-28,2013-03-19,154.61,143.7611,143.9724,107.5465,107.3886,132.79,156.73,-1.3526,16.432,167567300
2013-03-20,180,2012-06-29,2013-03-20,155.69,143.8884,144.0996,108.2019,108.0433,133.51,156.73,-0.6636,16.613,113759300
2013-03-21,180,2012-07-02,2013-03-21,154.36,143.9885,144.2011,107.203,107.045,133.51,156.73,-1.5122,15.6168,128605000
2013-03-22,180,2012-07-03,2013-03-22,155.6,144.0921,144.3071,107.9865,107.8256,133.51,156.73,-0.721,16.5456,111163600
2013-03-25,180,2012-07-05,2013-03-25,154.95,144.1871,144.4046,107.4645,107.3027,133.51,156.73,-1.1357,16.0587,151322300
2013-03-26,180,2012-07-06,2013-03-26,156.19,144.2921,144.5123,108.2457,108.0807,133.51,156.73,-0.3445,16.9875,86856600
2013-03-27,180,2012-07-09,2013-03-27,156.19,144.4053,144.6273,108.1608,107.9948,133.51,156.73,-0.3445,16.9875,99950600
2013-03-28,180,2012-07-10,2013-03-28,156.67,144.5221,144.7459,108.4056,108.2379,133.51,156.73,-0.0383,17.347,102932800
2013-04-01,180,2012-07-11,2013-04-01,156.05,144.6436,144.8677,107.8858,107.719,133.51,156.73,-0.4339,16.8826,99194100
2013-04-02,180,2012-07-12,2013-04-02,156.82,144.7689,144.9936,108.3243,108.1565,133.51,156.82,0.0,17.4594,101504300
2013-04-03,180,2012-07-13,2013-04-03,155.23,144.8911,145.1142,107.1357,106.9709,133.93,156.82,-1.0139,15.9038,154167400
2013-04-04,180,2012-07-16,2013-04-04,155.86,145.002,145.2259,107.4882,107.3224,133.93,156.82,-0.6122,16.3742,131885000
2013-04-05,180,2012-07-17,2013-04-05,155.16,145.1118,145.3356,106.9245,106.7598,133.93,156.82,-1.0585,15.8516,159666000
2013-04-08,180,2012-07-18,2013-04-08,156.21,145.2209,145.4458,107.5672,107.4008,133.93,156.82,-0.389,16.6356,86571200
2013-04-09,180,2012-07-19,2013-04-09,156.75,145.3264,145.5535,107.8607,107.6924,133.93,156.82,-0.0446,17.0388,101922200
2013-04-10,180,2012-07-20,2013-04-10,158.67,145.4389,145.6698,109.0974,108.9244,133.93,158.67,0.0,18.4723,135711100
2013-04-11,180,2012-07-23,2013-04-11,159.19,145.5619,145.7961,109.3624,109.1868,133.93,159.19,0.0,18.8606,110142500
2013-04-12,180,2012-07-24,2013-04-12,158.8,145.6921,145.9278,108.997,108.821,133.93,159.19,-0.245,18.5694,116359900
2013-04-15,180,2012-07-25,2013-04-15,155.12,145.8125,146.0455,106.3832,106.2135,133.96,159.19,-2.5567,15.7958,217259000
2013-04-16,180,2012-07-26,2013-04-16,157.41,145.944,146.1758,107.8565,107.6854,135.7,159.19,-1.1182,15.9985,147507800
2013-04-17,180,2012-07-27,2013-04-17,155.11,146.0502,146.281,106.2032,106.0356,135.7,159.19,-2.563,14.3036,226834800
2013-04-18,180,2012-07-30,2013-04-18,154.14,146.1359,146.3669,105.4772,105.3107,135.7,159.19,-3.1723,13.5888,167583200
2013-04-19,180,2012-07-31,2013-04-19,155.48,146.2284,146.4602,106.3268,106.1585,135.7,159.19,-2.3306,14.5763,149687600
2013-04-22,180,2012-08-01,2013-04-22,156.17,146.3305,146.5628,106.7242,106.555,135.7,159.19,-1.8971,15.0847,106553500
2013-04-23,180,2012-08-02,2013-04-23,157.78,146.4412,146.6749,107.7429,107.5712,135.7,159.19,-0.8857,16.2712,166141300
2013-04-24,180,2012-08-03,2013-04-24,157.88,146.5586,146.7929,107.7249,107.5529,135.7,159.19,-0.8229,16.3449,96781200
2013-04-25,180,2012-08-06,2013-04-25,158.52,146.6622,146.8994,108.0851,107.9106,135.7,159.19,-0.4209,16.8165,131060600
2013-04-26,180,2012-08-07,2013-04-26,158.24,146.763,147.0029,107.8201,107.6441,135.7,159.19,-0.5968,16.6102,95918800
2013-04-29,180,2012-08-08,2013-04-29,159.3,146.8647,147.1083,108.4672,108.2875,135.7,159.3,0.0,17.3913,88572800
2013-04-30,180,2012-08-09,2013-04-30,159.68,146.9672,147.2149,108.6501,108.4672,135.7,159.68,0.0,17.6713,116010700
2013-05-01,180,2012-08-10,2013-05-01,158.28,147.0626,147.3131,107.6277,107.4446,135.7,159.68,-0.8767,16.6396,138874200
2013-05-02,180,2012-08-13,2013-05-02,159.75,147.1636,147.4182,108.5526,108.3652,135.7,159.75,0.0,17.7229,96407600
2013-05-03,180,2012-08-14,2013-05-03,161.37,147.2728,147.5326,109.5722,109.3792,135.7,161.37,0.0,18.9167,144202300
2013-05-06,180,2012-08-15,2013-05-06,161.78,147.3839,147.6492,109.7677,109.5705,135.7,161.78,0.0,19.2189,66882100
2013-05-07,180,2012-08-16,2013-05-07,162.6,147.498,147.7695,110.2388,110.0362,135.7,162.6,0.0,19.8231,90359200
2013-05-08,180,2012-08-17,2013-05-08,163.34,147.6094,147.8881,110.6569,110.4484,135.7,163.34,0.0,20.3685,97419200
2013-05-09,180,2012-08-20,2013-05-09,162.88,147.7176,148.0031,110.2644,110.0517,135.7,163.34,-0.2816,20.0295,106738600
2013-05-10,180,2012-08-21,2013-05-10,163.41,147.8284,148.121,110.5403,110.322,135.7,163.41,0.0,20.42,103203000
2013-05-13,180,2012-08-22,2013-05-13,163.54,147.9426,148.242,110.5429,110.3196,135.7,163.54,0.0,20.5158,81843200
2013-05-14,180,2012-08-23,2013-05-14,165.23,148.0642,148.3721,111.5935,111.3619,135.7,165.23,0.0,21.7612,119000900
2013-05-15,180,2012-08-24,2013-05-15,166.12,148.197,148.5135,112.094,111.8551,135.7,166.12,0.0,22.4171,120718500
2013-05-16,180,2012-08-27,2013-05-16,165.34,148.3214,148.6459,111.4742,111.2308,135.7,166.12,-0.4695,21.8423,109913600
2013-05-17,180,2012-08-28,2013-05-17,166.94,148.4529,148.787,112.4532,112.2007,135.7,166.94,0.0,23.0214,129801000
2013-05-20,180,2012-08-29,2013-05-20,166.93,148.5854,148.9288,112.3462,112.0871,135.7,166.94,-0.006,23.014,85071200
2013-05-21,180,2012-08-30,2013-05-21,167.17,148.7186,149.0714,112.4069,112.1409,135.7,167.17,0.0,23.1909,95804200
2013-05-22,180,2012-08-31,2013-05-22,165.93,148.8528,149.2127,111.4726,111.2036,135.7,167.17,-0.7418,22.2771,244031800
2013-05-23,180,2012-09-04,2013-05-23,165.45,148.9809,149.3477,111.0545,110.7818,135.7,167.17,-1.0289,21.9234,211064400
2013-05-24,180,2012-09-05,2013-05-24,165.31,149.1094,149.4826,110.8649,110.5882,135.7,167.17,-1.1126,21.8202,151573900
2013-05-28,180,2012-09-06,2013-05-28,166.3,149.2434,149.6236,111.4287,111.1456,135.7,167.17,-0.5204,22.5497,143679800
2013-05-29,180,2012-09-07,2013-05-29,165.22,149.3552,149.7428,110.6222,110.3359,135.7,167.17,-1.1665,21.7539,160363400
2013-05-30,180,2012-09-10,2013-05-30,165.83,149.4666,149.8622,110.9478,110.655,135.7,167.17,-0.8016,22.2034,107793800
2013-05-31,180,2012-09-11,2013-05-31,163.45,149.5722,149.973,109.2783,108.9863,135.7,167.17,-2.2253,20.4495,176850100
2013-06-03,180,2012-09-12,2013-06-03,164.35,149.6797,150.0866,109.8011,109.5035,135.7,167.17,-1.6869,21.1128,168390700
2013-06-04,180,2012-09-13,2013-06-04,163.56,149.7808,150.1931,109.1996,108.8998,135.7,167.17,-2.1595,20.5306,157631500
2013-06-05,180,2012-09-14,2013-06-05,161.27,149.8582,150.2746,107.615,107.3169,135.7,167.17,-3.5293,18.843,211737800
2013-06-06,180,2012-09-17,2013-06-06,162.73,149.9389,150.3607,108.5309,108.2264,135.7,167.17,-2.656,19.9189,200225500
2013-06-07,180,2012-09-18,2013-06-07,164.8,150.0323,150.461,109.843,109.53,135.7,167.17,-1.4177,21.4444,188337800
2013-06-10,180,2012-09-19,2013-06-10,164.8,150.1264,150.562,109.7742,109.4566,135.7,167.17,-1.4177,21.4444,105667100
2013-06-11,180,2012-09-20,2013-06-11,163.1,150.2123,150.6531,108.5797,108.262,135.7,167.17,-2.4346,20.1916,159505400
2013-06-12,180,2012-09-21,2013-06-12,161.75,150.2918,150.7367,107.624,107.3063,135.7,167.17,-3.2422,19.1968,177361500
2013-06-13,180,2012-09-24,2013-06-13,164.21,150.3879,150.8386,109.191,108.8647,135.7,167.17,-1.7706,21.0096,163587800
2013-06-14,180,2012-09-25,2013-06-14,163.18,150.4806,150.9359,108.4392,108.1121,135.7,167.17,-2.3868,20.2506,141197500
2013-06-17,180,2012-09-26,2013-06-17,164.44,150.5887,151.0489,109.1981,108.8654,135.7,167.17,-1.6331,21.1791,136295600
2013-06-18,180,2012-09-27,2013-06-18,165.74,150.7079,151.1737,109.9743,109.6355,135.7,167.17,-0.8554,22.1371,114695600
2013-06-19,180,2012-09-28,2013-06-19,163.45,150.8084,151.2782,108.3826,108.046,135.7,167.17,-2.2253,20.4495,206149500
2013-06-20,180,2012-10-01,2013-06-20,159.4,150.8934,151.3639,105.6375,105.3091,135.7,167.17,-4.648,17.465,321255900
2013-06-21,180,2012-10-02,2013-06-21,159.07,150.9745,151.4457,105.3622,105.0344,135.7,167.17,-4.8454,17.2218,271956800
2013-06-24,180,2012-10-03,2013-06-24,157.06,151.0446,151.5154,103.9825,103.6594,135.7,167.17,-6.0477,15.7406,222329000
2013-06-25,180,2012-10-04,2013-06-25,158.57,151.1189,151.5903,104.9306,104.6043,135.7,167.17,-5.1445,16.8534,162262200
2013-06-26,180,2012-10-05,2013-06-26,160.14,151.1949,151.6682,105.9163,105.5858,135.7,167.17,-4.2053,18.0103,134848000
2013-06-27,180,2012-10-08,2013-06-27,161.08,151.2755,151.7512,106.4812,106.1475,135.7,167.17,-3.643,18.703,129483700
2013-06-28,180,2012-10-09,2013-06-28,160.42,151.356,151.8333,105.9885,105.6554,135.7,167.17,-4.0378,18.2167,160402900
2013-07-01,180,2012-10-10,2013-07-01,161.36,151.4499,151.9286,106.5435,106.2078,135.7,167.17,-3.4755,18.9094,131954800
2013-07-02,180,2012-10-11,2013-07-02,161.21,151.5489,152.0282,106.3749,106.0395,135.7,167.17,-3.5652,18.7988,154863700
2013-07-03,180,2012-10-12,2013-07-03,161.28,151.6479,152.1278,106.3516,106.0161,135.7,167.17,-3.5234,18.8504,75216400
2013-07-05,180,2012-10-15,2013-07-05,163.02,151.7584,152.2396,107.4208,107.0812,135.7,167.17,-2.4825,20.1327,122416900
2013-07-08,180,2012-10-16,2013-07-08,163.95,151.8661,152.35,107.957,107.614,135.7,167.17,-1.9262,20.818,108092500
2013-07-09,180,2012-10-17,2013-07-09,165.13,151.9706,152.4588,108.6592,108.3112,135.7,167.17,-1.2203,21.6876,119298000
2013-07-10,180,2012-10-18,2013-07-10,165.19,152.0715,152.5643,108.6265,108.2756,135.7,167.17,-1.1844,21.7318,121410100
2013-07-11,180,2012-10-19,2013-07-11,167.44,152.1854,152.6844,110.0237,109.6641,135.7,167.44,0.0,23.3898,135592200
2013-07-12,180,2012-10-22,2013-07-12,167.51,152.3147,152.8184,109.9763,109.6137,135.7,167.51,0.0,23.4414,104212700
2013-07-15,180,2012-10-23,2013-07-15,168.15,152.447,152.9559,110.3006,109.9337,135.7,168.15,0.0,23.913,69450600
2013-07-16,180,2012-10-24,2013-07-16,167.52,152.5894,153.1009,109.7848,109.418,135.7,168.15,-0.3747,23.4488,88702100
2013-07-17,180,2012-10-25,2013-07-17,167.95,152.7366,153.2505,109.9605,109.5918,135.7,168.15,-0.1189,23.7657,92873900
2013-07-18,180,2012-10-26,2013-07-18,168.87,152.8857,153.4029,110.4551,110.0826,135.7,168.87,0.0,24.4436,103620100
2013-07-19,180,2012-10-31,2013-07-19,169.17,153.0369,153.5575,110.542,110.1672,135.7,169.17,0.0,24.6647,103831700
2013-07-22,180,2012-11-01,2013-07-22,169.5,153.1899,153.7139,110.647,110.2698,135.7,169.5,0.0,24.9079,79428600
2013-07-23,180,2012-11-02,2013-07-23,169.14,153.3321,153.8601,110.3096,109.9311,135.7,169.5,-0.2124,24.6426,80829700
2013-07-24,180,2012-11-05,2013-07-24,168.52,153.4798,154.0098,109.7995,109.4216,135.7,169.5,-0.5782,24.1857,112914000
2013-07-25,180,2012-11-06,2013-07-25,168.93,153.6278,154.1603,109.9605,109.5808,135.7,169.5,-0.3363,24.4878,111088600
2013-07-26,180,2012-11-07,2013-07-26,169.11,153.7698,154.3056,109.9761,109.5942,135.7,169.5,-0.2301,24.6205,107814600
2013-07-29,180,2012-11-08,2013-07-29,168.59,153.931,154.4659,109.5231,109.1438,135.7,169.5,-0.5369,24.2373,79695000
2013-07-30,180,2012-11-09,2013-07-30,168.59,154.104,154.6357,109.4002,109.024,135.7,169.5,-0.5369,24.2373,85209600
2013-07-31,180,2012-11-12,2013-07-31,168.71,154.2771,154.8054,109.3552,108.982,135.7,169.5,-0.4661,24.3257,142388700
2013-08-01,180,2012-11-13,2013-08-01,170.66,154.4588,154.9853,110.489,110.1136,135.7,170.66,0.0,25.7627,110438400
2013-08-02,180,2012-11-14,2013-08-02,170.95,154.6456,155.1696,110.5431,110.1698,135.7,170.95,0.0,25.9764,91116700
2013-08-05,180,2012-11-15,2013-08-05,170.7,154.845,155.3627,110.2393,109.8719,135.7,170.95,-0.1462,25.7922,54072700
2013-08-06,180,2012-11-16,2013-08-06,169.73,155.042,155.5518,109.4735,109.1148,136.37,170.95,-0.7137,24.4629,87495000
2013-08-07,180,2012-11-19,2013-08-07,169.18,155.2322,155.7341,108.9851,108.6339,139.13,170.95,-1.0354,21.5985,84854700
2013-08-08,180,2012-11-20,2013-08-08,169.8,155.4062,155.9044,109.2621,108.9129,139.19,170.95,-0.6727,21.9915,102181300
2013-08-09,180,2012-11-21,2013-08-09,169.31,155.5778,156.0718,108.8266,108.4821,139.45,170.95,-0.9593,21.4127,91757700
2013-08-12,180,2012-11-23,2013-08-12,169.11,155.7471,156.2366,108.5798,108.2397,140.03,170.95,-1.0763,20.767,68593300
2013-08-13,180,2012-11-26,2013-08-13,169.61,155.9062,156.3936,108.7898,108.4508,140.03,170.95,-0.7839,21.124,80806000
2013-08-14,180,2012-11-27,2013-08-14,168.74,156.0634,156.5474,108.1227,107.7885,140.03,170.95,-1.2928,20.5028,79829200
2013-08-15,180,2012-11-28,2013-08-15,166.38,156.2145,156.6921,106.5074,106.1828,140.03,170.95,-2.6733,18.8174,152931800
2013-08-16,180,2012-11-29,2013-08-16,165.83,156.3555,156.8275,106.0596,105.7404,140.03,170.95,-2.995,18.4246,130868200
2013-08-19,180,2012-11-30,2013-08-19,164.77,156.487,156.9533,105.2931,104.9803,140.03,170.95,-3.6151,17.6676,96437600
2013-08-20,180,2012-12-03,2013-08-20,165.58,156.6225,157.0835,105.7191,105.4089,140.03,170.95,-3.1413,18.2461,89294400
2013-08-21,180,2012-12-04,2013-08-21,164.56,156.7579,157.2119,104.9771,104.674,140.03,170.95,-3.7379,17.5177,159530500
2013-08-22,180,2012-12-05,2013-08-22,166.06,156.9025,157.3497,105.8364,105.5356,140.03,170.95,-2.8605,18.5889,101471400
2013-08-23,180,2012-12-06,2013-08-23,166.62,157.0483,157.4893,106.0947,105.7977,140.03,170.95,-2.5329,18.9888,90888900
2013-08-26,180,2012-12-07,2013-08-26,166.0,157.1881,157.6227,105.606,105.3148,140.03,170.95,-2.8956,18.546,89702100
2013-08-27,180,2012-12-10,2013-08-27,163.33,157.3117,157.7389,103.8257,103.5445,140.03,170.95,-4.4574,16.6393,158619400
2013-08-28,180,2012-12-11,2013-08-28,163.91,157.438,157.8581,104.1108,103.8338,140.03,170.95,-4.1182,17.0535,108113000
2013-08-29,180,2012-12-12,2013-08-29,164.17,157.5593,157.9732,104.1957,103.9227,140.03,170.95,-3.9661,17.2392,119200500
2013-08-30,180,2012-12-13,2013-08-30,163.65,157.6777,158.0851,103.7877,103.5202,140.03,170.95,-4.2703,16.8678,134928900
2013-09-03,180,2012-12-14,2013-09-03,164.39,157.806,158.206,104.1722,103.9088,140.03,170.95,-3.8374,17.3963,142375100
2013-09-04,180,2012-12-17,2013-09-04,165.75,157.945,158.3374,104.9416,104.6815,140.03,170.95,-3.0418,18.3675,97389400
2013-09-05,180,2012-12-18,2013-09-05,165.96,158.074,158.4607,104.9888,104.7326,140.03,170.95,-2.919,18.5175,63090500
2013-09-06,180,2012-12-19,2013-09-06,166.04,158.193,158.5755,104.9604,104.7072,140.03,170.95,-2.8722,18.5746,159756500
2013-09-09,180,2012-12-20,2013-09-09,167.63,158.3272,158.7052,105.8757,105.6235,140.03,170.95,-1.9421,19.7101,87559300
2013-09-10,180,2012-12-21,2013-09-10,168.87,158.4623,158.8371,106.5679,106.3165,140.03,170.95,-1.2167,20.5956,105847200
2013-09-11,180,2012-12-24,2013-09-11,169.4,158.6159,158.9849,106.7989,106.551,140.03,170.95,-0.9067,20.9741,94545900
2013-09-12,180,2012-12-26,2013-09-12,168.95,158.7707,159.1327,106.4113,106.1692,140.03,170.95,-1.1699,20.6527,83209000
2013-09-13,180,2012-12-27,2013-09-13,169.33,158.9318,159.2859,106.5426,106.3057,140.03,170.95,-0.9476,20.9241,72727800
2013-09-16,180,2012-12-28,2013-09-16,170.31,159.0993,159.4457,107.0464,106.8138,140.03,170.95,-0.3744,21.6239,106299200
2013-09-17,180,2012-12-31,2013-09-17,171.07,159.2817,159.6181,107.4009,107.1746,142.41,171.07,0.0,20.125,82523300
2013-09-18,180,2013-01-02,2013-09-18,173.05,159.4571,159.7883,108.5245,108.2995,145.55,173.05,0.0,18.8939,203460600
2013-09-19,180,2013-01-03,2013-09-19,172.76,159.6067,159.9367,108.241,108.0178,145.55,173.05,-0.1676,18.6946,146616900
2013-09-20,180,2013-01-04,2013-09-20,170.72,159.749,160.0755,106.8676,106.6497,145.55,173.05,-1.3464,17.293,132867100
2013-09-23,180,2013-01-07,2013-09-23,169.93,159.8834,160.2064,106.2837,106.0694,145.55,173.05,-1.803,16.7503,104616500
2013-09-24,180,2013-01-08,2013-09-24,169.53,160.0188,160.3373,105.9438,105.7334,145.55,173.05,-2.0341,16.4754,106333100
2013-09-25,180,2013-01-09,2013-09-25,169.04,160.1547,160.4678,105.548,105.342,145.92,173.05,-2.3173,15.8443,117306500
2013-09-26,180,2013-01-10,2013-09-26,169.69,160.2916,160.5998,105.8633,105.6601,146.97,173.05,-1.9416,15.4589,77146900
2013-09-27,180,2013-01-11,2013-09-27,168.91,160.4171,160.7211,105.2943,105.0951,146.97,173.05,-2.3924,14.9282,99141800
2013-09-30,180,2013-01-14,2013-09-30,168.01,160.5384,160.8374,104.6541,104.4595,146.97,173.05,-2.9125,14.3158,143937000
2013-10-01,180,2013-01-15,2013-10-01,169.34,160.6672,160.9617,105.398,105.2051,147.05,173.05,-2.1439,15.1581,127160000
2013-10-02,180,2013-01-16,2013-10-02,169.18,160.7947,161.0846,105.2149,105.0256,147.05,173.05,-2.2364,15.0493,113350000
2013-10-03,180,2013-01-17,2013-10-03,167.62,160.9147,161.1988,104.167,103.9834,148.0,173.05,-3.1378,13.2568,176698000
2013-10-04,180,2013-01-18,2013-10-04,168.89,161.035,161.3149,104.8778,104.6959,148.33,173.05,-2.4039,13.861,96878000
2013-10-07,180,2013-01-22,2013-10-07,167.43,161.1459,161.421,103.8997,103.7226,149.0,173.05,-3.2476,12.3691,96295000
2013-10-08,180,2013-01-23,2013-10-08,165.48,161.2415,161.5118,102.6287,102.4569,149.0,173.05,-4.3745,11.0604,178015000
2013-10-09,180,2013-01-24,2013-10-09,165.6,161.3363,161.602,102.6427,102.474,149.0,173.05,-4.3051,11.1409,168973000
2013-10-10,180,2013-01-25,2013-10-10,169.17,161.4494,161.7118,104.782,104.612,149.0,173.05,-2.2421,13.5369,195955000
2013-10-11,180,2013-01-28,2013-10-11,170.26,161.5628,161.8229,105.3832,105.2138,149.0,173.05,-1.6123,14.2685,105040000
2013-10-14,180,2013-01-29,2013-10-14,170.94,161.6809,161.9389,105.7268,105.5583,149.0,173.05,-1.2193,14.7248,112106000
2013-10-15,180,2013-01-30,2013-10-15,169.7,161.7891,162.0447,104.8896,104.7242,149.0,173.05,-1.9359,13.8926,155485000
2013-10-16,180,2013-01-31,2013-10-16,172.07,161.9131,162.1669,106.2731,106.1067,149.0,173.05,-0.5663,15.4832,161676000
2013-10-17,180,2013-02-01,2013-10-17,173.22,162.0453,162.2976,106.896,106.7299,149.0,173.22,0.0,16.255,129389000
2013-10-18,180,2013-02-04,2013-10-18,174.39,162.1734,162.4262,107.533,107.3657,149.0,174.39,0.0,17.0403,138316000
2013-10-21,180,2013-02-05,2013-10-21,174.4,162.3128,162.5643,107.4468,107.2806,149.0,174.4,0.0,17.047,104104000
2013-10-22,180,2013-02-06,2013-10-22,175.41,162.4475,162.6996,107.9795,107.8122,149.0,175.41,0.0,17.7248,126663000
2013-10-23,180,2013-02-07,2013-10-23,174.57,162.5777,162.8297,107.3764,107.2102,149.0,175.41,-0.4789,17.1611,105484000
2013-10-24,180,2013-02-08,2013-10-24,175.15,162.7121,162.9641,107.6441,107.4777,149.0,175.41,-0.1482,17.5503,70350000
2013-10-25,180,2013-02-11,2013-10-25,175.95,162.8452,163.0982,108.0474,107.8798,149.0,175.95,0.0,18.0872,93625000
2013-10-28,180,2013-02-12,2013-10-28,176.23,162.9801,163.2341,108.1298,107.9615,149.0,176.23,0.0,18.2752,84979000
2013-10-29,180,2013-02-13,2013-10-29,177.17,163.118,163.3738,108.6146,108.4445,149.0,177.17,0.0,18.906,87401000
2013-10-30,180,2013-02-14,2013-10-30,176.29,163.2511,163.5079,107.987,107.8174,149.0,177.17,-0.4967,18.3154,140002000
2013-10-31,180,2013-02-15,2013-10-31,175.79,163.3812,163.6385,107.595,107.4258,149.0,177.17,-0.7789,17.9799,133795000
2013-11-01,180,2013-02-19,2013-11-01,176.21,163.5147,163.7724,107.764,107.5945,149.0,177.17,-0.5418,18.2617,142805000
2013-11-04,180,2013-02-20,2013-11-04,176.83,163.644,163.9034,108.0577,107.8867,149.0,177.17,-0.1919,18.6779,85677000
2013-11-05,180,2013-02-21,2013-11-05,176.27,163.7832,164.0419,107.624,107.4543,149.0,177.17,-0.508,18.302,85825000
2013-11-06,180,2013-02-22,2013-11-06,177.17,163.9329,164.1905,108.0747,107.9051,149.0,177.17,0.0,18.906,87348000
2013-11-07,180,2013-02-25,2013-11-07,174.93,164.0624,164.3185,106.624,106.4579,149.0,177.17,-1.2643,17.4027,157000000
2013-11-08,180,2013-02-26,2013-11-08,177.29,164.2227,164.4757,107.957,107.791,150.02,177.29,0.0,18.1776,136713000
2013-11-11,180,2013-02-27,2013-11-11,177.32,164.3766,164.6273,107.8742,107.7099,151.61,177.32,0.0,16.958,62614000
2013-11-12,180,2013-02-28,2013-11-12,176.96,164.5166,164.7665,107.5636,107.4005,151.61,177.32,-0.203,16.7205,83990000
2013-11-13,180,2013-03-01,2013-11-13,178.38,164.6656,164.9152,108.3286,108.1647,152.11,178.38,0.0,17.2704,103844000
2013-11-14,180,2013-03-04,2013-11-14,179.27,164.8158,165.0661,108.7699,108.605,152.92,179.27,0.0,17.2312,103435000
2013-11-15,180,2013-03-05,2013-11-15,180.05,164.9646,165.2168,109.1446,108.978,154.14,180.05,0.0,16.8094,102818000
2013-11-18,180,2013-03-06,2013-11-18,179.42,165.102,165.3564,108.6722,108.505,154.14,180.05,-0.3499,16.4007,104796000
2013-11-19,180,2013-03-07,2013-11-19,179.03,165.2364,165.4927,108.3478,108.18,154.14,180.05,-0.5665,16.1477,93891000
2013-11-20,180,2013-03-08,2013-11-20,178.47,165.3666,165.6243,107.9239,107.7559,154.14,180.05,-0.8775,15.7844,124909000
2013-11-21,180,2013-03-11,2013-11-21,179.91,165.4996,165.7603,108.7072,108.5363,154.14,180.05,-0.0778,16.7186,92841000
2013-11-22,180,2013-03-12,2013-11-22,180.81,165.6334,165.8979,109.1628,108.9887,154.14,180.81,0.0,17.3025,81296000
2013-11-25,180,2013-03-13,2013-11-25,180.63,165.7687,166.0366,108.9651,108.7893,154.14,180.81,-0.0995,17.1857,79486000
2013-11-26,180,2013-03-14,2013-11-26,180.68,165.9031,166.1742,108.9069,108.7293,154.14,180.81,-0.0719,17.2181,86994000
2013-11-27,180,2013-03-15,2013-11-27,181.12,166.0346,166.3097,109.0857,108.9052,154.14,181.12,0.0,17.5036,58800000
2013-11-29,180,2013-03-18,2013-11-29,181.0,166.1714,166.4496,108.9237,108.7417,154.14,181.12,-0.0663,17.4257,55870900
2013-12-02,180,2013-03-19,2013-12-02,180.53,166.3117,166.5916,108.5492,108.3668,154.14,181.12,-0.3257,17.1208,99726000
2013-12-03,180,2013-03-20,2013-12-03,179.75,166.4508,166.7312,107.9899,107.8082,154.14,181.12,-0.7564,16.6148,116563000
2013-12-04,180,2013-03-21,2013-12-04,179.73,166.5831,166.8648,107.8921,107.71,154.14,181.12,-0.7674,16.6018,123033000
2013-12-05,180,2013-03-22,2013-12-05,178.94,166.7205,167.0013,107.3294,107.1488,154.14,181.12,-1.2036,16.0893,106934000
2013-12-06,180,2013-03-25,2013-12-06,180.94,166.8596,167.1421,108.4385,108.2552,154.14,181.12,-0.0994,17.3868,127728000
2013-12-09,180,2013-03-26,2013-12-09,181.4,167.0052,167.2891,108.6193,108.4351,154.14,181.4,0.0,17.6852,70124000
2013-12-10,180,2013-03-27,2013-12-10,180.75,167.1401,167.4255,108.1428,107.9585,154.14,181.4,-0.3583,17.2635,80976000
2013-12-11,180,2013-03-28,2013-12-11,178.72,167.2655,167.5507,106.8481,106.6662,154.14,181.4,-1.4774,15.9465,130591000
2013-12-12,180,2013-04-01,2013-12-12,178.13,167.3851,167.6699,106.4193,106.2385,154.14,181.4,-1.8026,15.5638,115565000
2013-12-13,180,2013-04-02,2013-12-13,178.11,167.5087,167.7924,106.3288,106.149,154.14,181.4,-1.8137,15.5508,107808000
2013-12-16,180,2013-04-03,2013-12-16,179.22,167.6331,167.9169,106.9121,106.7314,154.14,181.4,-1.2018,16.2709,96195000
2013-12-17,180,2013-04-04,2013-12-17,178.65,167.765,168.047,106.4882,106.3095,154.14,181.4,-1.516,15.9011,89886000
2013-12-18,180,2013-04-05,2013-12-18,181.7,167.9078,168.1906,108.2141,108.0322,154.14,181.7,0.0,17.8798,234906000
2013-12-19,180,2013-04-08,2013-12-19,181.49,168.0544,168.3368,107.9948,107.8136,154.14,181.7,-0.1156,17.7436,136531200
2013-12-20,180,2013-04-09,2013-12-20,181.56,168.1947,168.4777,107.9463,107.765,154.14,181.7,-0.077,17.789,197087000
2013-12-23,180,2013-04-10,2013-12-23,182.53,168.3365,168.6209,108.4316,108.2487,154.14,182.53,0.0,18.4183,85598000
2013-12-24,180,2013-04-11,2013-12-24,182.93,168.4682,168.7557,108.5843,108.3993,154.14,182.93,0.0,18.6778,45368800
2013-12-26,180,2013-04-12,2013-12-26,183.86,168.6012,168.8927,109.0503,108.862,154.14,183.86,0.0,19.2812,63365000
2013-12-27,180,2013-04-15,2013-12-27,183.85,168.7368,169.0319,108.9567,108.7665,154.14,183.86,-0.0054,19.2747,61814000
2013-12-30,180,2013-04-16,2013-12-30,183.82,168.8961,169.1913,108.8361,108.6462,154.14,183.86,-0.0218,19.2552,56857000
2013-12-31,180,2013-04-17,2013-12-31,184.69,169.045,169.3429,109.2549,109.0627,154.14,184.69,0.0,19.8196,86119900
2014-01-02,180,2013-04-18,2014-01-02,182.92,169.2007,169.4974,108.1083,107.9191,154.14,184.69,-0.9584,18.6713,119636900
2014-01-03,180,2013-04-19,2014-01-03,182.89,169.3631,169.6571,107.9869,107.7998,155.48,184.69,-0.9746,17.6293,81390600
2014-01-06,180,2013-04-22,2014-01-06,182.36,169.5143,169.8064,107.5779,107.3929,156.17,184.69,-1.2616,16.7702,108028200
2014-01-07,180,2013-04-23,2014-01-07,183.48,169.6666,169.9582,108.1415,107.956,157.06,184.69,-0.6552,16.8216,86144200
2014-01-08,180,2013-04-24,2014-01-08,183.52,169.8089,170.1012,108.0745,107.8887,157.06,184.69,-0.6335,16.8471,96582300
2014-01-09,180,2013-04-25,2014-01-09,183.64,169.9513,170.2443,108.0545,107.8685,157.06,184.69,-0.5685,16.9235,90683400
2014-01-10,180,2013-04-26,2014-01-10,184.14,170.0923,170.3866,108.2589,108.0719,157.06,184.69,-0.2978,17.2418,102026400
2014-01-13,180,2013-04-29,2014-01-13,181.69,170.2235,170.5169,106.7362,106.5525,157.06,184.69,-1.6243,15.6819,149892000
2014-01-14,180,2013-04-30,2014-01-14,183.67,170.3577,170.6523,107.8143,107.6282,157.06,184.69,-0.5523,16.9426,105016100
2014-01-15,180,2013-05-01,2014-01-15,184.66,170.4944,170.7911,108.3086,108.1204,157.06,184.69,-0.0162,17.5729,98525800
2014-01-16,180,2013-05-02,2014-01-16,184.42,170.6391,170.9363,108.076,107.8882,157.06,184.69,-0.1462,17.4201,72290600
2014-01-17,180,2013-05-03,2014-01-17,183.64,170.7709,171.069,107.5359,107.3485,157.06,184.69,-0.5685,16.9235,107848700
2014-01-21,180,2013-05-06,2014-01-21,184.18,170.8954,171.1957,107.7735,107.5845,157.06,184.69,-0.2761,17.2673,88621200
2014-01-22,180,2013-05-07,2014-01-22,184.3,171.018,171.3208,107.7664,107.5759,157.06,184.69,-0.2112,17.3437,61270900
2014-01-23,180,2013-05-08,2014-01-23,182.79,171.1284,171.433,106.8145,106.6247,157.06,184.69,-1.0288,16.3823,132496900
2014-01-24,180,2013-05-09,2014-01-24,178.89,171.2151,171.5194,104.4826,104.2972,157.06,184.69,-3.1404,13.8991,208677100
2014-01-27,180,2013-05-10,2014-01-27,178.01,171.3001,171.6034,103.917,103.7333,157.06,184.69,-3.6169,13.3388,180843100
2014-01-28,180,2013-05-13,2014-01-28,179.07,171.3874,171.6904,104.4826,104.2982,157.06,184.69,-3.0429,14.0138,110463200
2014-01-29,180,2013-05-14,2014-01-29,177.35,171.4651,171.7672,103.4321,103.2502,157.06,184.69,-3.9742,12.9186,216597300
2014-01-30,180,2013-05-15,2014-01-30,179.23,171.5424,171.8449,104.4815,104.2975,157.06,184.69,-2.9563,14.1156,118938100
2014-01-31,180,2013-05-16,2014-01-31,178.18,171.609,171.9119,103.829,103.6461,157.06,184.69,-3.5248,13.4471,194677900
2014-02-03,180,2013-05-17,2014-02-03,174.17,171.6592,171.961,101.4627,101.2846,157.06,184.69,-5.696,10.8939,254837100
2014-02-04,180,2013-05-20,2014-02-04,175.39,171.7065,172.0079,102.1453,101.9662,157.06,184.69,-5.0355,11.6707,165012400
2014-02-05,180,2013-05-21,2014-02-05,175.17,171.7526,172.0537,101.9897,101.8112,157.06,184.69,-5.1546,11.5306,164230500
2014-02-06,180,2013-05-22,2014-02-06,177.48,171.8096,172.111,103.3004,103.1195,157.06,184.69,-3.9038,13.0014,132877600
2014-02-07,180,2013-05-23,2014-02-07,179.68,171.8853,172.1874,104.5349,104.3514,157.06,184.69,-2.7127,14.4021,170787200
2014-02-10,180,2013-05-24,2014-02-10,180.01,171.9655,172.2683,104.678,104.494,157.06,184.69,-2.534,14.6122,92218800
2014-02-11,180,2013-05-28,2014-02-11,181.98,172.0566,172.3609,105.7675,105.5808,157.06,184.69,-1.4673,15.8665,117814100
2014-02-12,180,2013-05-29,2014-02-12,182.07,172.1423,172.4485,105.7671,105.5794,157.06,184.69,-1.4186,15.9239,94717700
2014-02-13,180,2013-05-30,2014-02-13,183.01,172.2392,172.5473,106.2534,106.0636,157.06,184.69,-0.9096,16.5223,100542200
2014-02-14,180,2013-05-31,2014-02-14,184.02,172.3375,172.6484,106.7788,106.5866,157.06,184.69,-0.3628,17.1654,96498400
2014-02-18,180,2013-06-03,2014-02-18,184.24,172.4515,172.7639,106.8358,106.6427,157.06,184.69,-0.2436,17.3055,80460900
2014-02-19,180,2013-06-04,2014-02-19,183.02,172.5541,172.8676,106.0653,105.8729,157.06,184.69,-0.9042,16.5287,126524300
2014-02-20,180,2013-06-05,2014-02-20,184.1,172.667,172.9817,106.6214,106.4274,157.06,184.69,-0.3195,17.2164,104998100
2014-02-21,180,2013-06-06,2014-02-21,183.89,172.7935,173.1074,106.4218,106.2289,157.06,184.69,-0.4332,17.0826,118116400
2014-02-24,180,2013-06-07,2014-02-24,184.91,172.9158,173.2306,106.9364,106.7421,157.06,184.91,0.0,17.7321,114063900
2014-02-25,180,2013-06-10,2014-02-25,184.84,173.0252,173.3419,106.8284,106.6332,157.06,184.91,-0.0379,17.6875,117085000
2014-02-26,180,2013-06-11,2014-02-26,184.85,173.1347,173.4533,106.7666,106.5705,157.06,184.91,-0.0324,17.6939,98677200
2014-02-27,180,2013-06-12,2014-02-27,185.82,173.2596,173.5796,107.2494,107.0518,157.06,185.82,0.0,18.3115,93880800
2014-02-28,180,2013-06-13,2014-02-28,186.29,173.3956,173.7159,107.4364,107.2383,157.06,186.29,0.0,18.6107,150842000
2014-03-03,180,2013-06-14,2014-03-03,184.98,173.5099,173.8313,106.6107,106.4135,157.06,186.29,-0.7032,17.7766,167748500
2014-03-04,180,2013-06-17,2014-03-04,187.58,173.6433,173.9668,108.0261,107.8252,157.06,187.58,0.0,19.4321,167545900
2014-03-05,180,2013-06-18,2014-03-05,187.75,173.7698,174.0963,108.0452,107.8426,157.06,187.75,0.0,19.5403,88376900
2014-03-06,180,2013-06-19,2014-03-06,188.18,173.8906,174.221,108.2174,108.0122,157.06,188.18,0.0,19.8141,82516500
2014-03-07,180,2013-06-20,2014-03-07,188.26,174.0262,174.3588,108.1791,107.9727,157.06,188.26,0.0,19.865,114513500
2014-03-10,180,2013-06-21,2014-03-10,188.16,174.1877,174.5186,108.0214,107.8166,157.06,188.26,-0.0531,19.8014,74939200
2014-03-11,180,2013-06-24,2014-03-11,187.23,174.3472,174.6751,107.3892,107.1876,157.06,188.26,-0.5471,19.2092,99009100
2014-03-12,180,2013-06-25,2014-03-12,187.28,174.5209,174.8429,107.311,107.1133,158.57,188.26,-0.5206,18.1056,104824400
2014-03-13,180,2013-06-26,2014-03-13,185.18,174.6743,174.9908,106.0144,105.8227,160.14,188.26,-1.636,15.6363,155014300
2014-03-14,180,2013-06-27,2014-03-14,184.66,174.815,175.127,105.6317,105.4435,160.42,188.26,-1.9122,15.1103,153919600
2014-03-17,180,2013-06-28,2014-03-17,186.33,174.9579,175.2673,106.4999,106.3119,160.42,188.26,-1.0252,16.1514,98359500
2014-03-18,180,2013-07-01,2014-03-18,187.66,175.112,175.4186,107.1657,106.9784,161.21,188.26,-0.3187,16.4072,101804600
2014-03-19,180,2013-07-02,2014-03-19,186.66,175.2552,175.5592,106.5076,106.3231,161.21,188.26,-0.8499,15.7869,176267300
2014-03-20,180,2013-07-03,2014-03-20,187.75,175.4049,175.7066,107.038,106.8543,161.28,188.26,-0.2709,16.4125,117241000
2014-03-21,180,2013-07-05,2014-03-21,186.2,175.5469,175.8451,106.0685,105.8887,163.02,188.26,-1.0942,14.2191,163128000
2014-03-24,180,2013-07-08,2014-03-24,185.43,175.6739,175.9696,105.5535,105.3762,163.33,188.26,-1.5032,13.5309,121411000
2014-03-25,180,2013-07-09,2014-03-25,186.31,175.7995,176.0938,105.9787,105.8016,163.33,188.26,-1.0358,14.0697,103852000
2014-03-26,180,2013-07-10,2014-03-26,184.97,175.9111,176.204,105.1497,104.9749,163.33,188.26,-1.7476,13.2492,119843000
2014-03-27,180,2013-07-11,2014-03-27,184.58,176.0205,176.3117,104.8628,104.6896,163.33,188.26,-1.9547,13.0105,142383000
2014-03-28,180,2013-07-12,2014-03-28,185.49,176.1206,176.412,105.3199,105.1459,163.33,188.26,-1.4714,13.5676,101642000
2014-03-31,180,2013-07-15,2014-03-31,187.01,176.2279,176.5203,106.1183,105.9425,163.33,188.26,-0.664,14.4983,99745000
2014-04-01,180,2013-07-16,2014-04-01,188.25,176.3375,176.632,106.7555,106.5775,163.33,188.26,-0.0053,15.2575,89193000
2014-04-02,180,2013-07-17,2014-04-02,188.88,176.4542,176.7507,107.0419,106.8624,163.33,188.88,0.0,15.6432,78774000
2014-04-03,180,2013-07-18,2014-04-03,188.63,176.5672,176.8656,106.8318,106.6516,163.33,188.88,-0.1324,15.4901,77435000
2014-04-04,180,2013-07-19,2014-04-04,186.4,176.6637,176.9629,105.5112,105.3328,163.33,188.88,-1.313,14.1248,169381000
2014-04-07,180,2013-07-22,2014-04-07,184.34,176.7481,177.0472,104.2953,104.1191,163.33,188.88,-2.4036,12.8635,140803000
2014-04-08,180,2013-07-23,2014-04-08,185.1,176.8344,177.1339,104.6742,104.4972,163.33,188.88,-2.0013,13.3288,112660000
2014-04-09,180,2013-07-24,2014-04-09,187.09,176.933,177.2336,105.7406,105.5612,163.33,188.88,-0.9477,14.5472,100254000
2014-04-10,180,2013-07-25,2014-04-10,183.16,177.0156,177.3149,103.4711,103.2964,163.33,188.88,-3.0284,12.1411,172959000
2014-04-11,180,2013-07-26,2014-04-11,181.51,177.087,177.3848,102.4976,102.3255,163.33,188.88,-3.902,11.1308,167251000
2014-04-14,180,2013-07-29,2014-04-14,182.94,177.1649,177.4617,103.2597,103.0871,163.33,188.88,-3.1449,12.0064,132382000
2014-04-15,180,2013-07-30,2014-04-15,184.2,177.2526,177.5484,103.9195,103.7464,163.33,188.88,-2.4778,12.7778,157093000
2014-04-16,180,2013-07-31,2014-04-16,186.13,177.3503,177.6458,104.9505,104.7759,163.33,188.88,-1.456,13.9595,105197000
2014-04-17,180,2013-08-01,2014-04-17,186.39,177.4486,177.7441,105.0389,104.8643,163.33,188.88,-1.3183,14.1187,105255000
2014-04-21,180,2013-08-02,2014-04-21,187.04,177.5384,177.8351,105.3519,105.1761,163.33,188.88,-0.9742,14.5166,68329000
2014-04-22,180,2013-08-05,2014-04-22,187.89,177.6308,177.9292,105.7756,105.5982,163.33,188.88,-0.5241,15.037,85790000
2014-04-23,180,2013-08-06,2014-04-23,187.45,177.7226,178.0222,105.4734,105.2958,163.33,188.88,-0.7571,14.7676,73869000
2014-04-24,180,2013-08-07,2014-04-24,187.83,177.8223,178.1228,105.6279,105.4497,163.33,188.88,-0.5559,15.0003,88170000
2014-04-25,180,2013-08-08,2014-04-25,186.29,177.9177,178.2178,104.7057,104.5294,163.33,188.88,-1.3712,14.0574,100380000
2014-04-28,180,2013-08-09,2014-04-28,186.88,178.0124,178.3127,104.9815,104.8046,163.33,188.88,-1.0589,14.4187,135121000
2014-04-29,180,2013-08-12,2014-04-29,187.75,178.1146,178.4152,105.4097,105.2321,163.33,188.88,-0.5983,14.9513,84098000
2014-04-30,180,2013-08-13,2014-04-30,188.31,178.2209,178.5218,105.661,105.4829,163.33,188.88,-0.3018,15.2942,101508000
2014-05-01,180,2013-08-14,2014-05-01,188.33,178.3244,178.6258,105.6109,105.4327,163.33,188.88,-0.2912,15.3064,93019000
2014-05-02,180,2013-08-15,2014-05-02,188.06,178.432,178.7332,105.3959,105.2183,163.33,188.88,-0.4341,15.1411,98122000
2014-05-05,180,2013-08-16,2014-05-05,188.42,178.5564,178.8556,105.5241,105.3475,163.33,188.88,-0.2435,15.3615,75883000
2014-05-06,180,2013-08-19,2014-05-06,186.78,178.6763,178.972,104.5354,104.3627,163.33,188.88,-1.1118,14.3574,85454000
2014-05-07,180,2013-08-20,2014-05-07,187.88,178.8088,179.1004,105.0731,104.9021,163.33,188.88,-0.5294,15.0309,106500000
2014-05-08,180,2013-08-21,2014-05-08,187.68,178.9352,179.2232,104.8871,104.7186,163.33,188.88,-0.6353,14.9085,93618000
2014-05-09,180,2013-08-22,2014-05-09,187.96,179.0699,179.3532,104.9646,104.7988,163.33,188.88,-0.4871,15.0799,83679000
2014-05-12,180,2013-08-23,2014-05-12,189.79,179.2041,179.485,105.9072,105.7414,163.33,189.79,0.0,16.2003,86940000
2014-05-13,180,2013-08-26,2014-05-13,189.96,179.3358,179.6147,105.9242,105.7597,163.33,189.96,0.0,16.3044,66454000
2014-05-14,180,2013-08-27,2014-05-14,189.06,179.4672,179.7428,105.3452,105.1836,163.33,189.96,-0.4738,15.7534,72367000
2014-05-15,180,2013-08-28,2014-05-15,187.4,179.608,179.8765,104.3383,104.1826,163.65,189.96,-1.3477,14.5127,154956000
2014-05-16,180,2013-08-29,2014-05-16,188.05,179.7485,180.0106,104.6184,104.4661,163.65,189.96,-1.0055,14.9099,97458000
2014-05-19,180,2013-08-30,2014-05-19,188.74,179.8909,180.1471,104.9191,104.7699,163.65,189.96,-0.6422,15.3315,63839000
2014-05-20,180,2013-09-03,2014-05-20,187.55,180.031,180.2799,104.1765,104.0327,164.39,189.96,-1.2687,14.0885,111644000
2014-05-21,180,2013-09-04,2014-05-21,189.13,180.1744,180.4173,104.9705,104.8292,165.48,189.96,-0.4369,14.2918,89093000
2014-05-22,180,2013-09-05,2014-05-22,189.59,180.3113,180.5498,105.1459,105.0071,165.48,189.96,-0.1948,14.5697,61549000
2014-05-23,180,2013-09-06,2014-05-23,190.35,180.4509,180.6853,105.4858,105.3489,165.48,190.35,0.0,15.029,61092800
2014-05-27,180,2013-09-09,2014-05-27,191.52,180.596,180.8268,106.0489,105.9135,165.48,191.52,0.0,15.736,72010000
2014-05-28,180,2013-09-10,2014-05-28,191.38,180.7302,180.9588,105.8927,105.7589,165.48,191.52,-0.0731,15.6514,66723000
2014-05-29,180,2013-09-11,2014-05-29,192.37,180.8616,181.0893,106.3631,106.2293,165.48,192.37,0.0,16.2497,64377000
2014-05-30,180,2013-09-12,2014-05-30,192.68,180.9913,181.2187,106.4582,106.3246,165.48,192.68,0.0,16.437,76316000
2014-06-02,180,2013-09-13,2014-06-02,192.9,181.1251,181.3517,106.501,106.3679,165.48,192.9,0.0,16.57,64656000
2014-06-03,180,2013-09-16,2014-06-03,192.8,181.2562,181.4821,106.3688,106.2364,165.48,192.9,-0.0518,16.5096,65047000
2014-06-04,180,2013-09-17,2014-06-04,193.19,181.3832,181.6092,106.5093,106.3768,165.48,193.19,0.0,16.7452,55529000
2014-06-05,180,2013-09-18,2014-06-05,194.45,181.5118,181.7391,107.128,106.994,165.48,194.45,0.0,17.5066,92103000
2014-06-06,180,2013-09-19,2014-06-06,195.38,181.6328,181.8632,107.5687,107.4324,165.48,195.38,0.0,18.0687,78696000
2014-06-09,180,2013-09-20,2014-06-09,195.58,181.7566,181.9899,107.6054,107.4675,165.48,195.58,0.0,18.1895,65119000
2014-06-10,180,2013-09-23,2014-06-10,195.6,181.8935,182.1282,107.5355,107.3969,165.48,195.6,0.0,18.2016,57129000
2014-06-11,180,2013-09-24,2014-06-11,194.92,182.0323,182.267,107.0799,106.942,165.48,195.6,-0.3477,17.7907,68772000
2014-06-12,180,2013-09-25,2014-06-12,193.54,182.1671,182.4004,106.2431,106.1072,165.48,195.6,-1.0532,16.9567,106350000
2014-06-13,180,2013-09-26,2014-06-13,194.13,182.3081,182.5398,106.4846,106.3494,165.48,195.6,-0.7515,17.3133,82017000
2014-06-16,180,2013-09-27,2014-06-16,194.29,182.446,182.6764,106.4918,106.3574,165.48,195.6,-0.6697,17.41,87424000
2014-06-17,180,2013-09-30,2014-06-17,194.83,182.5918,182.8204,106.7025,106.569,165.48,195.6,-0.3937,17.7363,84834000
2014-06-18,180,2013-10-01,2014-06-18,196.26,182.7506,182.9774,107.3923,107.2592,165.48,196.26,0.0,18.6004,105267000
2014-06-19,180,2013-10-02,2014-06-19,196.48,182.9021,183.1282,107.4236,107.291,165.48,196.48,0.0,18.7334,85929000
2014-06-20,180,2013-10-03,2014-06-20,195.94,183.0522,183.2768,107.0405,106.9093,165.48,196.48,-0.2748,18.4071,100587000
2014-06-23,180,2013-10-04,2014-06-23,195.88,183.2126,183.4338,106.914,106.7851,165.48,196.48,-0.3054,18.3708,70611000
2014-06-24,180,2013-10-07,2014-06-24,194.7,183.3591,183.5772,106.1851,106.0589,165.48,196.48,-0.9059,17.6577,96237000
2014-06-25,180,2013-10-08,2014-06-25,195.58,183.5198,183.7336,106.5716,106.4476,165.48,196.48,-0.4581,18.1895,82782000
2014-06-26,180,2013-10-09,2014-06-26,195.44,183.6933,183.9001,106.3947,106.2751,165.6,196.48,-0.5293,18.0193,84312000
2014-06-27,180,2013-10-10,2014-06-27,195.82,183.8682,184.0679,106.5002,106.3846,169.17,196.48,-0.3359,15.7534,71445100
2014-06-30,180,2013-10-11,2014-06-30,195.72,184.0189,184.2154,106.3586,106.2452,169.7,196.48,-0.3868,15.3329,70201200
2014-07-01,180,2013-10-14,2014-07-01,197.03,184.1691,184.3642,106.9832,106.87,169.7,197.03,0.0,16.1049,90470000
2014-07-02,180,2013-10-15,2014-07-02,197.23,184.3162,184.5102,107.0063,106.8938,169.7,197.23,0.0,16.2227,52475000
2014-07-03,180,2013-10-16,2014-07-03,198.2,184.4763,184.6686,107.4393,107.3274,172.07,198.2,0.0,15.1857,52938800
2014-07-07,180,2013-10-17,2014-07-07,197.51,184.6179,184.8099,106.9831,106.872,173.22,198.2,-0.3481,14.0226,61696000
2014-07-08,180,2013-10-18,2014-07-08,196.24,184.7462,184.9378,106.2214,106.1114,174.17,198.2,-0.9889,12.6715,108143000
2014-07-09,180,2013-10-21,2014-07-09,197.12,184.8717,185.0641,106.6253,106.5145,174.17,198.2,-0.5449,13.1768,72992000
2014-07-10,180,2013-10-22,2014-07-10,196.34,184.9934,185.1859,106.1335,106.0232,174.17,198.2,-0.9384,12.7289,99040000
2014-07-11,180,2013-10-23,2014-07-11,196.61,185.1104,185.3037,106.2123,106.1015,174.17,198.2,-0.8022,12.884,64243000
2014-07-14,180,2013-10-24,2014-07-14,197.6,185.2375,185.4317,106.6738,106.5622,174.17,198.2,-0.3027,13.4524,58658000
2014-07-15,180,2013-10-25,2014-07-15,197.23,185.3595,185.5543,106.4041,106.2923,174.17,198.2,-0.4894,13.2399,111307000
2014-07-16,180,2013-10-28,2014-07-16,197.96,185.4802,185.6766,106.7284,106.6155,174.17,198.2,-0.1211,13.6591,79986400
2014-07-17,180,2013-10-29,2014-07-17,195.71,185.5882,185.7848,105.4539,105.3423,174.17,198.2,-1.2563,12.3672,145398000
2014-07-18,180,2013-10-30,2014-07-18,197.71,185.7005,185.8989,106.4672,106.3535,174.17,198.2,-0.2472,13.5155,124330000
2014-07-21,180,2013-10-31,2014-07-21,197.34,185.8164,186.0159,106.2016,106.0877,174.17,198.2,-0.4339,13.3031,67592000
2014-07-22,180,2013-11-01,2014-07-22,198.2,185.9399,186.1404,106.5936,106.4788,174.17,198.2,0.0,13.7969,67678000
2014-07-23,180,2013-11-04,2014-07-23,198.64,186.0631,186.265,106.7595,106.6438,174.17,198.64,0.0,14.0495,65612000
2014-07-24,180,2013-11-05,2014-07-24,198.65,186.1826,186.3862,106.6963,106.5798,174.17,198.65,0.0,14.0552,56888000
2014-07-25,180,2013-11-06,2014-07-25,197.72,186.3012,186.5054,106.1292,106.013,174.17,198.65,-0.4682,13.5213,76837000
2014-07-28,180,2013-11-07,2014-07-28,197.8,186.4148,186.62,106.1075,105.9908,174.17,198.65,-0.4279,13.5672,69259000
2014-07-29,180,2013-11-08,2014-07-29,196.95,186.5383,186.7423,105.5815,105.4662,174.17,198.65,-0.8558,13.0792,80466000
2014-07-30,180,2013-11-11,2014-07-30,196.98,186.6473,186.8517,105.5359,105.4205,174.17,198.65,-0.8407,13.0964,104222000
2014-07-31,180,2013-11-12,2014-07-31,193.09,186.7365,186.9393,103.4024,103.2902,174.17,198.65,-2.7989,10.8629,183479000
2014-08-01,180,2013-11-13,2014-08-01,192.5,186.8249,187.0257,103.0376,102.927,174.17,198.65,-3.0959,10.5242,189261000
2014-08-04,180,2013-11-14,2014-08-04,193.89,186.9119,187.1118,103.7333,103.6225,174.17,198.65,-2.3962,11.3223,91340000
2014-08-05,180,2013-11-15,2014-08-05,192.01,186.9838,187.1826,102.688,102.579,174.17,198.65,-3.3426,10.2429,152690000
2014-08-06,180,2013-11-18,2014-08-06,192.07,187.0513,187.2494,102.683,102.5744,174.17,198.65,-3.3124,10.2773,94818000
2014-08-07,180,2013-11-19,2014-08-07,191.03,187.1172,187.3139,102.0911,101.9839,174.17,198.65,-3.8359,9.6802,135733000
2014-08-08,180,2013-11-20,2014-08-08,193.24,187.1971,187.3928,103.2281,103.1203,174.17,198.65,-2.7234,10.9491,117014000
2014-08-11,180,2013-11-21,2014-08-11,193.8,187.2835,187.478,103.4795,103.3721,174.17,198.65,-2.4415,11.2706,74544000
2014-08-12,180,2013-11-22,2014-08-12,193.53,187.3597,187.5537,103.2933,103.1865,174.17,198.65,-2.5774,11.1156,73632000
2014-08-13,180,2013-11-25,2014-08-13,194.84,187.4374,187.6316,103.9494,103.8418,174.17,198.65,-1.9179,11.8677,69047000
2014-08-14,180,2013-11-26,2014-08-14,195.76,187.521,187.7157,104.3937,104.2854,174.17,198.65,-1.4548,12.3959,57371000
2014-08-15,180,2013-11-27,2014-08-15,195.72,187.6041,187.7992,104.3261,104.2177,174.17,198.65,-1.475,12.373,139951000
2014-08-18,180,2013-11-29,2014-08-18,197.36,187.693,187.8894,105.1505,105.0405,174.17,198.65,-0.6494,13.3146,75424000
2014-08-19,180,2013-12-02,2014-08-19,198.39,187.7878,187.9861,105.6458,105.5344,174.17,198.65,-0.1309,13.906,59135000
2014-08-20,180,2013-12-03,2014-08-20,198.92,187.8882,188.0882,105.8715,105.7589,174.17,198.92,0.0,14.2103,72763000
2014-08-21,180,2013-12-04,2014-08-21,199.5,187.9962,188.1979,106.1191,106.0054,174.17,199.5,0.0,14.5433,67791000
2014-08-22,180,2013-12-05,2014-08-22,199.19,188.103,188.3061,105.8941,105.7799,174.17,199.5,-0.1554,14.3653,76107000
2014-08-25,180,2013-12-06,2014-08-25,200.2,188.2198,188.4242,106.365,106.2496,174.17,200.2,0.0,14.9452,63855000
2014-08-26,180,2013-12-09,2014-08-26,200.33,188.3251,188.5319,106.3746,106.2579,174.17,200.33,0.0,15.0198,47298000
2014-08-27,180,2013-12-10,2014-08-27,200.25,188.4274,188.6366,106.2743,106.1565,174.17,200.33,-0.0399,14.9739,47874000
2014-08-28,180,2013-12-11,2014-08-28,200.14,188.5332,188.7443,106.1564,106.0376,174.17,200.33,-0.0948,14.9107,58330000
2014-08-29,180,2013-12-12,2014-08-29,200.71,188.6543,188.8665,106.3904,106.2708,174.17,200.71,0.0,15.238,65907000
2014-09-02,180,2013-12-13,2014-09-02,200.61,188.7788,188.9914,106.2672,106.1477,174.17,200.71,-0.0498,15.1806,72426000
2014-09-03,180,2013-12-16,2014-09-03,200.5,188.903,189.1158,106.1391,106.0197,174.17,200.71,-0.1046,15.1174,57462000
2014-09-04,180,2013-12-17,2014-09-04,200.21,189.019,189.2324,105.9205,105.8011,174.17,200.71,-0.2491,14.9509,85236000
2014-09-05,180,2013-12-18,2014-09-05,201.11,189.1432,189.3572,106.3268,106.2067,174.17,201.11,0.0,15.4676,102177000
2014-09-08,180,2013-12-19,2014-09-08,200.59,189.2463,189.4621,105.9942,105.8734,174.17,201.11,-0.2586,15.1691,64146000
2014-09-09,180,2013-12-20,2014-09-09,199.32,189.3444,189.5612,105.2685,105.1481,174.17,201.11,-0.8901,14.4399,88591000
2014-09-10,180,2013-12-23,2014-09-10,200.07,189.4459,189.664,105.608,105.4865,174.17,201.11,-0.5171,14.8705,67251000
2014-09-11,180,2013-12-24,2014-09-11,200.3,189.5429,189.7627,105.6753,105.5529,174.17,201.11,-0.4028,15.0026,66774400
2014-09-12,180,2013-12-26,2014-09-12,199.13,189.6317,189.8527,105.0088,104.8866,174.17,201.11,-0.9845,14.3308,117409300
2014-09-15,180,2013-12-27,2014-09-15,198.98,189.7143,189.9367,104.884,104.7612,174.17,201.11,-1.0591,14.2447,76401000
2014-09-16,180,2013-12-30,2014-09-16,200.48,189.8046,190.0291,105.6244,105.4996,174.17,201.11,-0.3133,15.1059,116201000
2014-09-17,180,2013-12-31,2014-09-17,200.75,189.8964,190.1232,105.7155,105.5894,174.17,201.11,-0.179,15.261,151266000
2014-09-18,180,2014-01-02,2014-09-18,201.82,189.9886,190.2183,106.2275,106.0991,174.17,201.82,0.0,15.8753,94990000
2014-09-19,180,2014-01-03,2014-09-19,200.7,190.0857,190.3171,105.5839,105.4556,174.17,201.82,-0.555,15.2322,121649000
2014-09-22,180,2014-01-06,2014-09-22,199.15,190.1754,190.4074,104.7191,104.5915,174.17,201.82,-1.323,14.3423,125553000
2014-09-23,180,2014-01-07,2014-09-23,198.01,190.2625,190.4944,104.072,103.9453,174.17,201.82,-1.8878,13.6878,111393000
2014-09-24,180,2014-01-08,2014-09-24,199.56,190.3509,190.5837,104.838,104.7099,174.17,201.82,-1.1198,14.5777,107276000
2014-09-25,180,2014-01-09,2014-09-25,196.34,190.4225,190.6549,103.1076,102.9819,174.17,201.82,-2.7153,12.7289,150300000
2014-09-26,180,2014-01-10,2014-09-26,197.9,190.5016,190.7342,103.8836,103.757,174.17,201.82,-1.9423,13.6246,103547000
2014-09-29,180,2014-01-13,2014-09-29,197.54,190.5759,190.8086,103.6542,103.5278,174.17,201.82,-2.1207,13.4179,95112000
2014-09-30,180,2014-01-14,2014-09-30,197.02,190.6623,190.8938,103.3345,103.2092,174.17,201.82,-2.3784,13.1194,131302000
2014-10-01,180,2014-01-15,2014-10-01,194.35,190.7228,190.9531,101.9018,101.7789,174.17,201.82,-3.7013,11.5864,177798000
2014-10-02,180,2014-01-16,2014-10-02,194.38,190.7775,191.0071,101.8883,101.7658,174.17,201.82,-3.6865,11.6036,157285000
2014-10-03,180,2014-01-17,2014-10-03,196.52,190.8451,191.0743,102.9736,102.85,174.17,201.82,-2.6261,12.8323,121569000
2014-10-06,180,2014-01-21,2014-10-06,196.29,190.9161,191.1446,102.8148,102.6919,174.17,201.82,-2.7401,12.7002,104778000
2014-10-07,180,2014-01-22,2014-10-07,193.26,190.9678,191.1951,101.2003,101.08,174.17,201.82,-4.2414,10.9606,147913000
2014-10-08,180,2014-01-23,2014-10-08,196.64,191.0368,191.2636,102.9331,102.811,174.17,201.82,-2.5666,12.9012,186461000
2014-10-09,180,2014-01-24,2014-10-09,192.74,191.094,191.3189,100.8613,100.7428,174.17,201.82,-4.4991,10.662,210705000
2014-10-10,180,2014-01-27,2014-10-10,190.54,191.1634,191.3836,99.6739,99.5592,174.17,201.82,-5.5891,9.3989,221909000
2014-10-13,180,2014-01-28,2014-10-13,187.41,191.2206,191.4358,98.0072,97.897,174.17,201.82,-7.14,7.6018,230939000
2014-10-14,180,2014-01-29,2014-10-14,187.7,191.2728,191.4838,98.1321,98.024,174.17,201.82,-6.9963,7.7683,215847000
2014-10-15,180,2014-01-30,2014-10-15,186.43,191.3286,191.5342,97.4397,97.3351,174.17,201.82,-7.6256,7.0391,380715000
2014-10-16,180,2014-01-31,2014-10-16,186.27,191.3715,191.5733,97.3342,97.2317,174.17,201.82,-7.7049,6.9472,270391000
2014-10-17,180,2014-02-03,2014-10-17,188.47,191.4339,191.6305,98.4517,98.3507,174.17,201.82,-6.6148,8.2104,214625000
2014-10-20,180,2014-02-04,2014-10-20,190.3,191.533,191.7201,99.3562,99.2593,175.17,201.82,-5.7081,8.6373,130011000
2014-10-21,180,2014-02-05,2014-10-21,194.07,191.6449,191.8239,101.2654,101.1709,175.17,201.82,-3.8401,10.7895,154949000
2014-10-22,180,2014-02-06,2014-10-22,192.69,191.7509,191.9212,100.4897,100.4006,177.48,201.82,-4.5238,8.57,151822000
2014-10-23,180,2014-02-07,2014-10-23,194.93,191.854,192.0182,101.6033,101.5164,179.68,201.82,-3.4139,8.4873,154944000
2014-10-24,180,2014-02-10,2014-10-24,196.43,191.9511,192.1112,102.3334,102.2481,180.01,201.82,-2.6707,9.1217,117927000
2014-10-27,180,2014-02-11,2014-10-27,196.16,192.0448,192.2009,102.1429,102.0599,181.51,201.82,-2.8045,8.0712,82954000
2014-10-28,180,2014-02-12,2014-10-28,198.41,192.138,192.2922,103.2643,103.1815,181.51,201.82,-1.6896,9.3108,106736000
2014-10-29,180,2014-02-13,2014-10-29,198.11,192.2293,192.3813,103.0592,102.9778,181.51,201.82,-1.8383,9.1455,142557000
2014-10-30,180,2014-02-14,2014-10-30,199.38,192.3214,192.4723,103.6702,103.5889,181.51,201.82,-1.209,9.8452,113330000
2014-10-31,180,2014-02-18,2014-10-31,201.66,192.4192,192.5703,104.8025,104.7202,181.51,201.82,-0.0793,11.1013,146903000
2014-11-03,180,2014-02-19,2014-11-03,201.77,192.5162,192.6677,104.8068,104.7244,181.51,201.82,-0.0248,11.1619,93600000
2014-11-04,180,2014-02-20,2014-11-04,201.07,192.6173,192.7679,104.3884,104.3068,181.51,201.82,-0.3716,10.7763,93343000
2014-11-05,180,2014-02-21,2014-11-05,202.34,192.7182,192.8693,104.9927,104.9104,181.51,202.34,0.0,11.476,91709000
2014-11-06,180,2014-02-24,2014-11-06,203.15,192.8247,192.9763,105.3548,105.272,181.51,203.15,0.0,11.9222,107089000
2014-11-07,180,2014-02-25,2014-11-07,203.34,192.926,193.0787,105.3979,105.3146,181.51,203.34,0.0,12.0269,89540000
2014-11-10,180,2014-02-26,2014-11-10,203.98,193.031,193.185,105.6721,105.5879,181.51,203.98,0.0,12.3795,66319000
2014-11-11,180,2014-02-27,2014-11-11,204.18,193.1371,193.2924,105.7177,105.6327,181.51,204.18,0.0,12.4897,54499400
2014-11-12,180,2014-02-28,2014-11-12,203.96,193.2363,193.3932,105.5495,105.4639,181.51,204.18,-0.1077,12.3685,90120300
2014-11-13,180,2014-03-03,2014-11-13,204.19,193.334,193.4926,105.6152,105.5286,181.51,204.19,0.0,12.4952,85357900
2014-11-14,180,2014-03-04,2014-11-14,204.24,193.4399,193.5996,105.5832,105.4961,181.51,204.24,0.0,12.5227,80417500
2014-11-17,180,2014-03-05,2014-11-17,204.37,193.531,193.6929,105.6007,105.5124,181.51,204.37,0.0,12.5943,80441000
2014-11-18,180,2014-03-06,2014-11-18,205.55,193.627,193.7918,106.1577,106.0675,181.51,205.55,0.0,13.2445,76068100
2014-11-19,180,2014-03-07,2014-11-19,205.22,193.719,193.8864,105.937,105.8455,181.51,205.55,-0.1605,13.0626,82373000
2014-11-20,180,2014-03-10,2014-11-20,205.58,193.8123,193.9827,106.0717,105.9785,181.51,205.58,0.0,13.261,72840300
2014-11-21,180,2014-03-11,2014-11-21,206.68,193.9117,194.0856,106.5846,106.4891,181.51,206.68,0.0,13.867,142327300
2014-11-24,180,2014-03-12,2014-11-24,207.26,194.0196,194.1968,106.8242,106.7268,181.51,207.26,0.0,14.1865,65880800
2014-11-25,180,2014-03-13,2014-11-25,207.11,194.1266,194.307,106.6881,106.5891,181.51,207.26,-0.0724,14.1039,79108300
2014-11-26,180,2014-03-14,2014-11-26,207.64,194.249,194.4318,106.8937,106.7932,181.51,207.64,0.0,14.3959,62167800
2014-11-28,180,2014-03-17,2014-11-28,207.2,194.3725,194.557,106.5994,106.4984,181.51,207.64,-0.2119,14.1535,57890100
2014-12-01,180,2014-03-18,2014-12-01,205.76,194.479,194.6649,105.8006,105.6996,181.51,207.64,-0.9054,13.3601,103968400
2014-12-02,180,2014-03-19,2014-12-02,207.09,194.5841,194.7729,106.427,106.3238,181.51,207.64,-0.2649,14.0929,74507200
2014-12-03,180,2014-03-20,2014-12-03,207.89,194.6992,194.8908,106.7749,106.67,181.51,207.89,0.0,14.5336,68952000
2014-12-04,180,2014-03-21,2014-12-04,207.66,194.8068,195.0014,106.5979,106.4915,181.51,207.89,-0.1106,14.4069,91316600
2014-12-05,180,2014-03-24,2014-12-05,208.0,194.9256,195.1226,106.7074,106.5997,181.51,208.0,0.0,14.5942,91025500
2014-12-08,180,2014-03-25,2014-12-08,206.61,195.0424,195.2402,105.9308,105.8235,181.51,208.0,-0.6683,13.8284,108588200
2014-12-09,180,2014-03-26,2014-12-09,206.47,195.1532,195.3522,105.7989,105.6911,181.51,208.0,-0.7356,13.7513,125180100
2014-12-10,180,2014-03-27,2014-12-10,203.16,195.2556,195.4533,104.0482,103.943,181.51,208.0,-2.3269,11.9277,159856400
2014-12-11,180,2014-03-28,2014-12-11,204.19,195.3659,195.5622,104.5167,104.4118,181.51,208.0,-1.8317,12.4952,159012800
2014-12-12,180,2014-03-31,2014-12-12,200.89,195.4536,195.6478,102.7814,102.6794,181.51,208.0,-3.4183,10.6771,202330200
2014-12-15,180,2014-04-01,2014-12-15,199.51,195.5247,195.7172,102.0383,101.9379,181.51,208.0,-4.0817,9.9168,189965800
2014-12-16,180,2014-04-02,2014-12-16,197.91,195.5798,195.7709,101.1914,101.0927,181.51,208.0,-4.851,9.0353,259543800
2014-12-17,180,2014-04-03,2014-12-17,201.79,195.6518,195.8426,103.1373,103.0368,181.51,208.0,-2.9856,11.1729,253910100
2014-12-18,180,2014-04-04,2014-12-18,206.78,195.7508,195.9434,105.6343,105.5305,181.51,208.0,-0.5865,13.9221,257633900
2014-12-19,180,2014-04-07,2014-12-19,206.52,195.8621,196.0552,105.4415,105.3377,181.51,208.0,-0.7115,13.7789,245084600
2014-12-22,180,2014-04-08,2014-12-22,207.47,195.9911,196.1837,105.8568,105.7529,181.51,208.0,-0.2548,14.3022,148318900
2014-12-23,180,2014-04-09,2014-12-23,207.75,196.1169,196.3096,105.9317,105.8278,181.51,208.0,-0.1202,14.4565,122167900
2014-12-24,180,2014-04-10,2014-12-24,207.77,196.2306,196.4244,105.8805,105.776,181.51,208.0,-0.1106,14.4675,42963400
2014-12-26,180,2014-04-11,2014-12-26,208.44,196.3724,196.5649,106.1453,106.0413,181.51,208.44,0.0,14.8367,57326700
2014-12-29,180,2014-04-14,2014-12-29,208.72,196.5264,196.7161,106.2046,106.1022,182.94,208.72,0.0,14.0921,79643900
2014-12-30,180,2014-04-15,2014-12-30,207.6,196.6658,196.8531,105.5598,105.4594,184.2,208.72,-0.5366,12.7036,73540800
2014-12-31,180,2014-04-16,2014-12-31,205.54,196.787,196.9716,104.448,104.3501,186.13,208.72,-1.5236,10.4282,130333800
2015-01-02,180,2014-04-17,2015-01-02,205.43,196.8956,197.0788,104.3345,104.2375,186.27,208.72,-1.5763,10.2861,121465900
2015-01-05,180,2014-04-21,2015-01-05,201.72,196.9835,197.164,102.4045,102.3108,186.27,208.72,-3.3538,8.2944,169632600
2015-01-06,180,2014-04-22,2015-01-06,199.82,197.0572,197.235,101.402,101.3106,186.27,208.72,-4.2641,7.2744,209151400
2015-01-07,180,2014-04-23,2015-01-07,202.31,197.1391,197.3151,102.623,102.5314,186.27,208.72,-3.0711,8.6112,125346700
2015-01-08,180,2014-04-24,2015-01-08,205.9,197.2424,197.4176,104.3893,104.2967,186.27,208.72,-1.3511,10.5385,147217800
2015-01-09,180,2014-04-25,2015-01-09,204.25,197.3349,197.5088,103.5042,103.4131,186.27,208.72,-2.1416,9.6527,158567300
2015-01-12,180,2014-04-28,2015-01-12,202.65,197.4287,197.5997,102.6446,102.5558,186.27,208.72,-2.9082,8.7937,144396100
2015-01-13,180,2014-04-29,2015-01-13,202.08,197.5159,197.6842,102.3107,102.2237,186.27,208.72,-3.1813,8.4877,214553300
2015-01-14,180,2014-04-30,2015-01-14,200.86,197.5913,197.757,101.6543,101.5691,186.27,208.72,-3.7658,7.8327,192991100
2015-01-15,180,2014-05-01,2015-01-15,199.02,197.6533,197.8165,100.6915,100.6084,186.27,208.72,-4.6474,6.8449,176613900
2015-01-16,180,2014-05-02,2015-01-16,201.63,197.7293,197.8904,101.9727,101.8897,186.27,208.72,-3.3969,8.2461,211879600
2015-01-20,180,2014-05-05,2015-01-20,202.06,197.8094,197.9682,102.1488,102.0669,186.27,208.72,-3.1909,8.4769,130991100
2015-01-21,180,2014-05-06,2015-01-21,203.08,197.8927,198.0496,102.6213,102.54,186.27,208.72,-2.7022,9.0245,122942700
2015-01-22,180,2014-05-07,2015-01-22,206.1,198.002,198.1569,104.0899,104.0085,186.27,208.72,-1.2553,10.6458,174356000
2015-01-23,180,2014-05-08,2015-01-23,204.97,198.0987,198.2519,103.4686,103.3887,186.27,208.72,-1.7967,10.0392,117516800
2015-01-26,180,2014-05-09,2015-01-26,205.45,198.1992,198.3506,103.6583,103.5792,186.27,208.72,-1.5667,10.2969,92009700
2015-01-27,180,2014-05-12,2015-01-27,202.74,198.2839,198.4327,102.2473,102.1707,186.27,208.72,-2.8651,8.842,134044600
2015-01-28,180,2014-05-13,2015-01-28,200.14,198.3434,198.4902,100.9058,100.8312,186.27,208.72,-4.1108,7.4462,168514300
2015-01-29,180,2014-05-14,2015-01-29,201.99,198.412,198.5571,101.8033,101.7289,186.27,208.72,-3.2244,8.4394,173585400
2015-01-30,180,2014-05-15,2015-01-30,199.45,198.4722,198.6148,100.4926,100.4205,186.27,208.72,-4.4414,7.0757,197729700
2015-02-02,180,2014-05-16,2015-02-02,201.92,198.5563,198.6954,101.6941,101.6229,186.27,208.72,-3.258,8.4018,163107000
2015-02-03,180,2014-05-19,2015-02-03,204.84,198.6518,198.7887,103.1151,103.0441,186.27,208.72,-1.859,9.9694,124212900
2015-02-04,180,2014-05-20,2015-02-04,204.06,198.739,198.8738,102.6774,102.6078,186.27,208.72,-2.2327,9.5506,134306700
2015-02-05,180,2014-05-21,2015-02-05,206.12,198.8445,198.977,103.6589,103.5899,186.27,208.72,-1.2457,10.6566,97953200
2015-02-06,180,2014-05-22,2015-02-06,205.55,198.9373,199.0682,103.324,103.2561,186.27,208.72,-1.5188,10.3506,125672000
2015-02-09,180,2014-05-23,2015-02-09,204.63,199.0226,199.1518,102.8175,102.7508,186.27,208.72,-1.9596,9.8567,87219000
2015-02-10,180,2014-05-27,2015-02-10,206.81,199.1146,199.2432,103.8648,103.7978,186.27,208.72,-0.9151,11.027,96164200
2015-02-11,180,2014-05-28,2015-02-11,206.93,199.2003,199.3288,103.8804,103.8134,186.27,208.72,-0.8576,11.0914,91087800
2015-02-12,180,2014-05-29,2015-02-12,208.92,199.2971,199.4263,104.8284,104.7605,186.27,208.92,0.0,12.1598,97545900
2015-02-13,180,2014-05-30,2015-02-13,209.78,199.3923,199.523,105.2097,105.1408,186.27,209.78,0.0,12.6215,93670400
2015-02-17,180,2014-06-02,2015-02-17,210.11,199.4874,199.6198,105.3249,105.2551,186.27,210.11,0.0,12.7986,76968200
2015-02-18,180,2014-06-03,2015-02-18,210.13,199.5815,199.7156,105.2853,105.2146,186.27,210.13,0.0,12.8094,80652900
2015-02-19,180,2014-06-04,2015-02-19,209.98,199.6754,199.811,105.1607,105.0893,186.27,210.13,-0.0714,12.7288,91462500
2015-02-20,180,2014-06-05,2015-02-20,211.24,199.7734,199.9113,105.7398,105.6669,186.27,211.24,0.0,13.4053,140896400
2015-02-23,180,2014-06-06,2015-02-23,211.21,199.864,200.0044,105.6769,105.6027,186.27,211.24,-0.0142,13.3892,74411100
2015-02-24,180,2014-06-09,2015-02-24,211.81,199.9521,200.0957,105.9304,105.8544,186.27,211.81,0.0,13.7113,72472300
2015-02-25,180,2014-06-10,2015-02-25,211.63,200.0383,200.1848,105.7948,105.7173,186.27,211.81,-0.085,13.6146,73061700
2015-02-26,180,2014-06-11,2015-02-26,211.38,200.1232,200.2725,105.625,105.5462,186.27,211.81,-0.203,13.4804,72697900
2015-02-27,180,2014-06-12,2015-02-27,210.66,200.2085,200.3599,105.2203,105.1408,186.27,211.81,-0.5429,13.0939,108076000
2015-03-02,180,2014-06-13,2015-03-02,211.99,200.3087,200.4624,105.8317,105.7505,186.27,211.99,0.0,13.8079,87491400
2015-03-03,180,2014-06-16,2015-03-03,211.12,200.4011,200.5568,105.3487,105.2669,186.27,211.99,-0.4104,13.3408,110325800
2015-03-04,180,2014-06-17,2015-03-04,210.23,200.4882,200.6454,104.859,104.7769,186.27,211.99,-0.8302,12.863,114497200
2015-03-05,180,2014-06-18,2015-03-05,210.46,200.5734,200.7322,104.9292,104.8462,186.27,211.99,-0.7217,12.9865,76873000
2015-03-06,180,2014-06-19,2015-03-06,207.5,200.6351,200.7947,103.4216,103.3394,186.27,211.99,-2.118,11.3974,188128000
2015-03-09,180,2014-06-20,2015-03-09,208.36,200.7,200.8607,103.8166,103.7336,186.27,211.99,-1.7123,11.8591,89818900
2015-03-10,180,2014-06-23,2015-03-10,204.98,200.7504,200.9109,102.1069,102.0253,186.27,211.99,-3.3068,10.0446,157121300
2015-03-11,180,2014-06-24,2015-03-11,204.5,200.7986,200.9588,101.8434,101.7622,186.27,211.99,-3.5332,9.7869,110145700
2015-03-12,180,2014-06-25,2015-03-12,207.1,200.8675,201.0277,103.1028,103.0206,186.27,211.99,-2.3067,11.1827,93993500
2015-03-13,180,2014-06-26,2015-03-13,205.83,200.9246,201.0846,102.4414,102.3599,186.27,211.99,-2.9058,10.5009,162410900
2015-03-16,180,2014-06-27,2015-03-16,208.58,200.9969,201.1576,103.7727,103.6898,186.27,211.99,-1.6086,11.9772,136099200
2015-03-17,180,2014-06-30,2015-03-17,207.96,201.0638,201.2251,103.4298,103.347,186.27,211.99,-1.901,11.6444,94510400
2015-03-18,180,2014-07-01,2015-03-18,210.46,201.1442,201.3069,104.6314,104.5468,186.27,211.99,-0.7217,12.9865,228808500
2015-03-19,180,2014-07-02,2015-03-19,209.5,201.2122,201.3762,104.119,104.0341,186.27,211.99,-1.1746,12.4711,117917300
2015-03-20,180,2014-07-03,2015-03-20,210.41,201.2836,201.4494,104.5341,104.448,186.27,211.99,-0.7453,12.9597,177715100
2015-03-23,180,2014-07-07,2015-03-23,210.0,201.3474,201.515,104.2973,104.2106,186.27,211.99,-0.9387,12.7396,71784500
2015-03-24,180,2014-07-08,2015-03-24,208.82,201.4092,201.5778,103.6795,103.5927,186.27,211.99,-1.4954,12.1061,77805300
2015-03-25,180,2014-07-09,2015-03-25,205.76,201.4624,201.6307,102.1332,102.0479,186.27,211.99,-2.9388,10.4633,159521700
2015-03-26,180,2014-07-10,2015-03-26,205.27,201.5078,201.676,101.867,101.7821,186.27,211.99,-3.17,10.2002,153067200
2015-03-27,180,2014-07-11,2015-03-27,205.74,201.5603,201.7282,102.0737,101.9887,186.27,211.99,-2.9483,10.4526,118939000
2015-03-30,180,2014-07-14,2015-03-30,208.25,201.6245,201.7929,103.2861,103.1999,186.27,211.99,-1.7642,11.8001,96180400
2015-03-31,180,2014-07-15,2015-03-31,206.43,201.6734,201.8419,102.3586,102.2731,186.27,211.99,-2.6228,10.823,126768700
2015-04-01,180,2014-07-16,2015-04-01,205.7,201.7206,201.889,101.9727,101.8877,186.27,211.99,-2.9671,10.4311,137303600
2015-04-02,180,2014-07-17,2015-04-02,206.44,201.7675,201.9361,102.3158,102.2304,186.27,211.99,-2.618,10.8284,86900900
2015-04-06,180,2014-07-18,2015-04-06,207.83,201.8349,202.0034,102.9703,102.8844,186.27,211.99,-1.9624,11.5746,114368200
2015-04-07,180,2014-07-21,2015-04-07,207.28,201.8878,202.0566,102.6709,102.5851,186.27,211.99,-2.2218,11.2793,81236300
2015-04-08,180,2014-07-22,2015-04-08,207.98,201.9465,202.1157,102.9877,102.9014,186.27,211.99,-1.8916,11.6551,89351900
2015-04-09,180,2014-07-23,2015-04-09,208.9,202.0051,202.1752,103.4132,103.3262,186.27,211.99,-1.4576,12.149,85548900
2015-04-10,180,2014-07-24,2015-04-10,210.04,202.067,202.2385,103.9457,103.8576,186.27,211.99,-0.9199,12.761,72722900
2015-04-13,180,2014-07-25,2015-04-13,209.09,202.1241,202.2965,103.4464,103.3582,186.27,211.99,-1.368,12.251,74436600
2015-04-14,180,2014-07-28,2015-04-14,209.49,202.1886,202.3619,103.6112,103.5225,186.27,211.99,-1.1793,12.4658,75099900
2015-04-15,180,2014-07-29,2015-04-15,210.43,202.2575,202.4321,104.0406,103.9509,186.27,211.99,-0.7359,12.9704,99529300
2015-04-16,180,2014-07-30,2015-04-16,210.37,202.3312,202.5066,103.9731,103.883,186.27,211.99,-0.7642,12.9382,68934900
2015-04-17,180,2014-07-31,2015-04-17,207.95,202.3921,202.5676,102.7461,102.6571,186.27,211.99,-1.9058,11.639,191113200
2015-04-20,180,2014-08-01,2015-04-20,209.85,202.4863,202.6607,103.6367,103.5475,186.27,211.99,-1.0095,12.659,92189500
2015-04-21,180,2014-08-04,2015-04-21,209.6,202.5828,202.7557,103.4639,103.3757,186.27,211.99,-1.1274,12.5248,72559800
2015-04-22,180,2014-08-05,2015-04-22,210.63,202.6763,202.8487,103.9243,103.836,186.27,211.99,-0.6415,13.0778,78264600
2015-04-23,180,2014-08-06,2015-04-23,211.16,202.7842,202.9551,104.1304,104.0427,186.27,211.99,-0.3915,13.3623,102585900
2015-04-24,180,2014-08-07,2015-04-24,211.65,202.8943,203.0638,104.3154,104.2283,186.27,211.99,-0.1604,13.6254,61327400
2015-04-27,180,2014-08-08,2015-04-27,210.77,203.0065,203.1735,103.8243,103.7389,186.27,211.99,-0.5755,13.1529,79358100
2015-04-28,180,2014-08-11,2015-04-28,211.44,203.1085,203.2746,104.102,104.0169,186.27,211.99,-0.2594,13.5126,86863500
2015-04-29,180,2014-08-12,2015-04-29,210.57,203.2027,203.3678,103.6256,103.5415,186.27,211.99,-0.6698,13.0456,125684900
2015-04-30,180,2014-08-13,2015-04-30,208.46,203.2877,203.4507,102.5444,102.4622,186.27,211.99,-1.6652,11.9128,161304900
2015-05-01,180,2014-08-14,2015-05-01,210.72,203.3765,203.5389,103.6108,103.5281,186.27,211.99,-0.5991,13.1261,103399700
2015-05-04,180,2014-08-15,2015-05-04,211.32,203.463,203.6254,103.8617,103.7788,186.27,211.99,-0.3161,13.4482,70927200
2015-05-05,180,2014-08-18,2015-05-05,208.9,203.5371,203.6986,102.6348,102.5535,186.27,211.99,-1.4576,12.149,113326200
2015-05-06,180,2014-08-19,2015-05-06,208.04,203.597,203.7579,102.1822,102.1015,186.27,211.99,-1.8633,11.6873,135060200
2015-05-07,180,2014-08-20,2015-05-07,208.87,203.6553,203.8162,102.5606,102.4796,186.27,211.99,-1.4718,12.1329,88244900
2015-05-08,180,2014-08-21,2015-05-08,211.62,203.7248,203.8867,103.8754,103.7929,186.27,211.99,-0.1745,13.6093,155877300
2015-05-11,180,2014-08-22,2015-05-11,210.61,203.7858,203.9484,103.3487,103.2663,186.27,211.99,-0.651,13.0671,75708100
2015-05-12,180,2014-08-25,2015-05-12,209.98,203.8453,204.0084,103.0095,102.9271,186.27,211.99,-0.9482,12.7288,119727600
2015-05-13,180,2014-08-26,2015-05-13,210.02,203.8993,204.0629,103.0018,102.9192,186.27,211.99,-0.9293,12.7503,94667900
2015-05-14,180,2014-08-27,2015-05-14,212.21,203.9638,204.1289,104.043,103.9588,186.27,212.21,0.0,13.926,95934000
2015-05-15,180,2014-08-28,2015-05-15,212.44,204.0301,204.1967,104.1219,104.037,186.27,212.44,0.0,14.0495,76510100
2015-05-18,180,2014-08-29,2015-05-18,213.1,204.1004,204.2687,104.4094,104.3234,186.27,213.1,0.0,14.4038,74549700
2015-05-19,180,2014-09-02,2015-05-19,213.03,204.1671,204.3371,104.341,104.2542,186.27,213.1,-0.0329,14.3662,72114600
2015-05-20,180,2014-09-03,2015-05-20,212.88,204.2336,204.4053,104.2336,104.146,186.27,213.1,-0.1032,14.2857,76857500
2015-05-21,180,2014-09-04,2015-05-21,213.5,204.304,204.4775,104.5011,104.4125,186.27,213.5,0.0,14.6186,64764600
2015-05-22,180,2014-09-05,2015-05-22,212.99,204.3736,204.5485,104.216,104.1269,186.27,213.5,-0.2389,14.3448,57433500
2015-05-26,180,2014-09-08,2015-05-26,210.7,204.4261,204.6018,103.069,102.9805,186.27,213.5,-1.3115,13.1154,124308600
2015-05-27,180,2014-09-09,2015-05-27,212.7,204.492,204.6691,104.0138,103.9239,186.27,213.5,-0.3747,14.1891,93214000
2015-05-28,180,2014-09-10,2015-05-28,212.46,204.5641,204.7421,103.8599,103.7696,186.27,213.5,-0.4871,14.0602,74974600
2015-05-29,180,2014-09-11,2015-05-29,211.14,204.6251,204.8036,103.1838,103.0939,186.27,213.5,-1.1054,13.3516,124919600
2015-06-01,180,2014-09-12,2015-06-01,211.57,204.6869,204.8662,103.3627,103.2723,186.27,213.5,-0.904,13.5824,93338800
2015-06-02,180,2014-09-15,2015-06-02,211.36,204.7546,204.9341,103.226,103.1356,186.27,213.5,-1.0023,13.4697,91531000
2015-06-03,180,2014-09-16,2015-06-03,211.92,204.8261,205.006,103.4634,103.3726,186.27,213.5,-0.74,13.7703,87820900
2015-06-04,180,2014-09-17,2015-06-04,210.13,204.8795,205.0596,102.5627,102.4726,186.27,213.5,-1.5785,12.8094,151882800
2015-06-05,180,2014-09-18,2015-06-05,209.77,204.9295,205.1097,102.3621,102.2721,186.27,213.5,-1.7471,12.6161,121704700
2015-06-08,180,2014-09-19,2015-06-08,208.48,204.9664,205.1467,101.7142,101.6248,186.27,213.5,-2.3513,11.9235,89063300
2015-06-09,180,2014-09-22,2015-06-09,208.45,205.0096,205.1898,101.6781,101.5889,186.27,213.5,-2.3653,11.9074,105034700
2015-06-10,180,2014-09-23,2015-06-10,210.95,205.0753,205.2553,102.8647,102.7744,186.27,213.5,-1.1944,13.2496,134551300
2015-06-11,180,2014-09-24,2015-06-11,211.63,205.1512,205.331,103.1581,103.0677,186.27,213.5,-0.8759,13.6146,73876400
2015-06-12,180,2014-09-25,2015-06-12,210.01,205.2095,205.3891,102.3393,102.2498,186.27,213.5,-1.6347,12.7449,135382400
2015-06-15,180,2014-09-26,2015-06-15,209.11,205.2823,205.46,101.8646,101.7765,186.27,213.5,-2.0562,12.2618,124384200
2015-06-16,180,2014-09-29,2015-06-16,210.25,205.3518,205.5286,102.3853,102.2972,186.27,213.5,-1.5222,12.8738,85308200
2015-06-17,180,2014-09-30,2015-06-17,210.59,205.4254,205.6011,102.5141,102.4265,186.27,213.5,-1.363,13.0563,126708600
2015-06-18,180,2014-10-01,2015-06-18,212.78,205.5135,205.6887,103.5358,103.4476,186.27,213.5,-0.3372,14.232,165867900
2015-06-19,180,2014-10-02,2015-06-19,210.81,205.6078,205.7801,102.5301,102.4443,186.27,213.5,-1.26,13.1744,130478700
2015-06-22,180,2014-10-03,2015-06-22,211.89,205.7077,205.8774,103.0054,102.9205,186.27,213.5,-0.7541,13.7542,70696000
2015-06-23,180,2014-10-06,2015-06-23,212.04,205.7953,205.9636,103.0344,102.9502,186.27,213.5,-0.6838,13.8347,68476800
2015-06-24,180,2014-10-07,2015-06-24,210.5,205.8763,206.0426,102.2459,102.1634,186.27,213.5,-1.4052,13.008,92307300
2015-06-25,180,2014-10-08,2015-06-25,209.86,205.9727,206.1348,101.8873,101.8072,186.27,213.5,-1.7049,12.6644,97107400
2015-06-26,180,2014-10-09,2015-06-26,209.82,206.048,206.208,101.8306,101.7516,186.27,213.5,-1.7237,12.6429,104174800
2015-06-29,180,2014-10-10,2015-06-29,205.42,206.1236,206.2784,99.6587,99.5838,186.27,213.5,-3.7845,10.2808,202621300
2015-06-30,180,2014-10-13,2015-06-30,205.85,206.2158,206.3635,99.8226,99.7512,186.27,213.5,-3.5831,10.5116,182925100
2015-07-01,180,2014-10-14,2015-07-01,207.5,206.3379,206.4751,100.5632,100.4964,186.27,213.5,-2.8103,11.3974,135979900
2015-07-02,180,2014-10-15,2015-07-02,207.31,206.4572,206.5841,100.4131,100.3514,186.27,213.5,-2.8993,11.2954,104373700
2015-07-06,180,2014-10-16,2015-07-06,206.72,206.5819,206.6968,100.0668,100.0112,186.27,213.5,-3.1756,10.9787,117975400
2015-07-07,180,2014-10-17,2015-07-07,208.02,206.7151,206.8176,100.6313,100.5814,188.47,213.5,-2.5667,10.373,173820200
2015-07-08,180,2014-10-20,2015-07-08,204.53,206.814,206.9068,98.8956,98.8513,190.3,213.5,-4.2014,7.4777,164020100
2015-07-09,180,2014-10-21,2015-07-09,204.9,206.903,206.9879,99.0319,98.9913,192.69,213.5,-4.0281,6.3366,144113100
2015-07-10,180,2014-10-22,2015-07-10,207.48,206.9823,207.0624,100.2405,100.2017,192.69,213.5,-2.8197,7.6755,129456900
2015-07-13,180,2014-10-23,2015-07-13,209.77,207.0829,207.1573,101.2976,101.2612,194.93,213.5,-1.7471,7.613,106069400
2015-07-14,180,2014-10-24,2015-07-14,210.68,207.1743,207.2448,101.6921,101.6575,196.16,213.5,-1.3208,7.4021,81709600
2015-07-15,180,2014-10-27,2015-07-15,210.61,207.2561,207.3236,101.6183,101.5851,196.16,213.5,-1.3536,7.3664,97914100
2015-07-16,180,2014-10-28,2015-07-16,212.3,207.3486,207.4133,102.388,102.356,197.91,213.5,-0.5621,7.271,106683300
2015-07-17,180,2014-10-29,2015-07-17,212.48,207.4283,207.4914,102.4354,102.4042,197.91,213.5,-0.4778,7.3619,89030000
2015-07-20,180,2014-10-30,2015-07-20,212.59,207.5106,207.5719,102.4478,102.4175,197.91,213.5,-0.4262,7.4175,70446800
2015-07-21,180,2014-10-31,2015-07-21,211.75,207.5807,207.6406,102.0085,101.9791,197.91,213.5,-0.8197,6.9931,77965000
2015-07-22,180,2014-11-03,2015-07-22,211.37,207.6352,207.6946,101.7987,101.7696,197.91,213.5,-0.9977,6.8011,88667900
2015-07-23,180,2014-11-04,2015-07-23,210.18,207.6827,207.7413,101.2024,101.1739,197.91,213.5,-1.555,6.1998,90509100
2015-07-24,180,2014-11-05,2015-07-24,208.0,207.7224,207.7798,100.1336,100.106,197.91,213.5,-2.5761,5.0983,117755000
2015-07-27,180,2014-11-06,2015-07-27,206.79,207.7479,207.8045,99.5389,99.5118,197.91,213.5,-3.1429,4.4869,132361100
2015-07-28,180,2014-11-07,2015-07-28,209.33,207.7828,207.8388,100.7446,100.7175,197.91,213.5,-1.9532,5.7703,123544800
2015-07-29,180,2014-11-10,2015-07-29,210.77,207.8244,207.8801,101.4174,101.3902,197.91,213.5,-1.2787,6.4979,105791300
2015-07-30,180,2014-11-11,2015-07-30,210.82,207.8626,207.9181,101.4228,101.3957,197.91,213.5,-1.2553,6.5232,91304400
2015-07-31,180,2014-11-12,2015-07-31,210.5,207.8979,207.9532,101.2516,101.2247,197.91,213.5,-1.4052,6.3615,103266900
2015-08-03,180,2014-11-13,2015-08-03,209.79,207.9306,207.9856,100.8942,100.8676,197.91,213.5,-1.7377,6.0027,113965700
2015-08-04,180,2014-11-14,2015-08-04,209.38,207.9597,208.0144,100.683,100.6565,197.91,213.5,-1.9297,5.7956,81820800
2015-08-05,180,2014-11-17,2015-08-05,210.07,207.9924,208.0468,100.9989,100.9725,197.91,213.5,-1.6066,6.1442,85786800
2015-08-06,180,2014-11-18,2015-08-06,208.35,208.0149,208.0689,100.1611,100.1351,197.91,213.5,-2.4122,5.2751,116030800
2015-08-07,180,2014-11-19,2015-08-07,207.95,208.0284,208.0823,99.9623,99.9364,197.91,213.5,-2.5995,5.073,117858000
2015-08-10,180,2014-11-20,2015-08-10,210.57,208.0581,208.112,101.2073,101.1811,197.91,213.5,-1.3724,6.3968,80270700
2015-08-11,180,2014-11-21,2015-08-11,208.67,208.0755,208.1292,100.2857,100.2599,197.91,213.5,-2.2623,5.4368,126081400
2015-08-12,180,2014-11-24,2015-08-12,208.92,208.0879,208.1416,100.3999,100.374,197.91,213.5,-2.1452,5.5631,172123700
2015-08-13,180,2014-11-25,2015-08-13,208.66,208.0957,208.1494,100.2712,100.2453,197.91,213.5,-2.267,5.4318,89383300
2015-08-14,180,2014-11-26,2015-08-14,209.42,208.1085,208.1622,100.6302,100.6042,197.91,213.5,-1.911,5.8158,72786500
2015-08-17,180,2014-11-28,2015-08-17,210.59,208.1248,208.1786,101.1845,101.1583,197.91,213.5,-1.363,6.4069,79072600
2015-08-18,180,2014-12-01,2015-08-18,209.98,208.1401,208.1941,100.8839,100.8578,197.91,213.5,-1.6487,6.0987,71692700
2015-08-19,180,2014-12-02,2015-08-19,208.32,208.1545,208.2083,100.0795,100.0537,197.91,213.5,-2.4262,5.26,172946000
2015-08-20,180,2014-12-03,2015-08-20,203.97,208.1367,208.1909,97.9981,97.9726,197.91,213.5,-4.4637,3.062,194327900
2015-08-21,180,2014-12-04,2015-08-21,197.83,208.0779,208.1351,95.075,95.0489,197.83,213.5,-7.3396,0.0,346588500
2015-08-24,180,2014-12-05,2015-08-24,189.5,207.9669,208.0342,91.1202,91.0908,189.5,213.5,-11.2412,0.0,507244300
2015-08-25,180,2014-12-08,2015-08-25,187.27,207.8391,207.919,90.1033,90.0687,187.27,213.5,-12.2857,0.0,369833100
2015-08-26,180,2014-12-09,2015-08-26,194.46,207.7666,207.8515,93.5954,93.5572,187.27,213.5,-8.918,3.8394,339257000
2015-08-27,180,2014-12-10,2015-08-27,199.27,207.7246,207.8115,95.9299,95.8898,187.27,213.5,-6.6651,6.4079,274143900
2015-08-28,180,2014-12-11,2015-08-28,199.28,207.7017,207.7899,95.9453,95.9045,187.27,213.5,-6.6604,6.4132,160414400
2015-08-31,180,2014-12-12,2015-08-31,197.67,207.663,207.7537,95.1879,95.1463,187.27,213.5,-7.4145,5.5535,163298800
2015-09-01,180,2014-12-15,2015-09-01,191.77,207.6063,207.7031,92.372,92.3289,187.27,213.5,-10.178,2.4029,256000400
2015-09-02,180,2014-12-16,2015-09-02,195.41,207.5811,207.6803,94.1367,94.0917,187.27,213.5,-8.4731,4.3467,160269300
2015-09-03,180,2014-12-17,2015-09-03,195.55,207.5665,207.6672,94.2108,94.1651,187.27,213.5,-8.4075,4.4214,152087800
2015-09-04,180,2014-12-18,2015-09-04,192.59,207.5098,207.6161,92.8101,92.7626,187.27,213.5,-9.7939,2.8408,207081000
2015-09-08,180,2014-12-19,2015-09-08,197.43,207.4551,207.5641,95.1676,95.1176,187.27,213.5,-7.5269,5.4253,116025700
2015-09-09,180,2014-12-22,2015-09-09,194.79,207.3854,207.4989,93.9266,93.8752,187.27,213.5,-8.7635,4.0156,149347700
2015-09-10,180,2014-12-23,2015-09-10,195.85,207.3171,207.4344,94.4688,94.4154,187.27,213.5,-8.267,4.5816,158611100
2015-09-11,180,2014-12-24,2015-09-11,196.74,207.2528,207.3732,94.9276,94.8724,187.27,213.5,-7.8501,5.0569,119691200
2015-09-14,180,2014-12-26,2015-09-14,196.01,207.1839,207.3079,94.6068,94.5502,187.27,213.5,-8.192,4.6671,79452000
2015-09-15,180,2014-12-29,2015-09-15,198.46,207.1264,207.2524,95.8159,95.7576,187.27,213.5,-7.0445,5.9753,113806200
2015-09-16,180,2014-12-30,2015-09-16,200.18,207.0777,207.205,96.669,96.6096,187.27,213.5,-6.2389,6.8938,99581600
2015-09-17,180,2014-12-31,2015-09-17,199.73,207.0324,207.1613,96.4728,96.4128,187.27,213.5,-6.4497,6.6535,276046600
2015-09-18,180,2015-01-02,2015-09-18,195.45,206.9727,207.1052,94.4328,94.3723,187.27,213.5,-8.4543,4.368,223657500
2015-09-21,180,2015-01-05,2015-09-21,196.46,206.9198,207.0554,94.945,94.8828,187.27,213.5,-7.9813,4.9074,105726200
2015-09-22,180,2015-01-06,2015-09-22,193.91,206.8723,207.012,93.7342,93.6709,187.27,213.5,-9.1756,3.5457,153890900
2015-09-23,180,2015-01-07,2015-09-23,193.6,206.8341,206.9774,93.6016,93.5368,187.27,213.5,-9.3208,3.3801,92790600
2015-09-24,180,2015-01-08,2015-09-24,192.9,206.7768,206.9252,93.289,93.2221,187.27,213.5,-9.6487,3.0063,159378800
2015-09-25,180,2015-01-09,2015-09-25,192.85,206.6987,206.8527,93.3,93.2306,187.27,213.5,-9.6721,2.9797,155054800
2015-09-28,180,2015-01-12,2015-09-28,188.01,206.5984,206.7624,91.0026,90.9304,187.27,213.5,-11.9391,0.3951,178515900
2015-09-29,180,2015-01-13,2015-09-29,188.12,206.5081,206.6817,91.0957,91.0192,187.27,213.5,-11.8876,0.4539,159045600
2015-09-30,180,2015-01-14,2015-09-30,191.63,206.4442,206.6237,92.8241,92.7435,187.27,213.5,-10.2436,2.3282,163452000
2015-10-01,180,2015-01-15,2015-10-01,192.13,206.3906,206.5752,93.0905,93.0073,187.27,213.5,-10.0094,2.5952,131079000
2015-10-02,180,2015-01-16,2015-10-02,195.0,206.3661,206.5528,94.4923,94.4068,187.27,213.5,-8.6651,4.1277,211003300
2015-10-05,180,2015-01-20,2015-10-05,198.47,206.3474,206.5353,96.1824,96.095,187.27,213.5,-7.0398,5.9807,126320800
2015-10-06,180,2015-01-21,2015-10-06,197.79,206.3222,206.5116,95.8646,95.7767,187.27,213.5,-7.3583,5.6176,110274500
2015-10-07,180,2015-01-22,2015-10-07,199.41,206.3007,206.4912,96.6599,96.5707,187.27,213.5,-6.5995,6.4826,124307300
2015-10-08,180,2015-01-23,2015-10-08,201.21,206.2728,206.464,97.5456,97.4552,187.27,213.5,-5.7564,7.4438,153055200
2015-10-09,180,2015-01-26,2015-10-09,201.33,206.252,206.4438,97.6136,97.5229,187.27,213.5,-5.7002,7.5079,107069200
2015-10-12,180,2015-01-27,2015-10-12,201.52,206.2296,206.4219,97.7164,97.6253,187.27,213.5,-5.6112,7.6093,56395600
2015-10-13,180,2015-01-28,2015-10-13,200.25,206.2151,206.4081,97.1074,97.0165,187.27,213.5,-6.2061,6.9312,88038700
2015-10-14,180,2015-01-29,2015-10-14,199.29,206.21,206.4034,96.6442,96.5536,187.27,213.5,-6.6557,6.4185,99106200
2015-10-15,180,2015-01-30,2015-10-15,202.35,206.2121,206.4054,98.1271,98.0352,187.27,213.5,-5.2225,8.0525,134142200
2015-10-16,180,2015-02-02,2015-10-16,203.27,206.2344,206.4266,98.5626,98.4708,187.27,213.5,-4.7916,8.5438,114580100
2015-10-19,180,2015-02-03,2015-10-19,203.37,206.2427,206.4347,98.6071,98.5154,187.27,213.5,-4.7447,8.5972,76523900
2015-10-20,180,2015-02-04,2015-10-20,203.11,206.2329,206.4251,98.4857,98.3941,187.27,213.5,-4.8665,8.4584,78448500
2015-10-21,180,2015-02-05,2015-10-21,201.85,206.2202,206.4128,97.8808,97.7895,187.27,213.5,-5.4567,7.7856,102038000
2015-10-22,180,2015-02-06,2015-10-22,205.26,206.2154,206.408,99.5367,99.4438,187.27,213.5,-3.8595,9.6064,174911700
2015-10-23,180,2015-02-09,2015-10-23,207.51,206.2263,206.4189,100.6225,100.5286,187.27,213.5,-2.8056,10.8079,144442300
2015-10-26,180,2015-02-10,2015-10-26,207.0,206.2395,206.4321,100.3687,100.2751,187.27,213.5,-3.0445,10.5356,69033000
2015-10-27,180,2015-02-11,2015-10-27,206.6,206.2383,206.4309,100.1754,100.0819,187.27,213.5,-3.2318,10.322,77905800
2015-10-28,180,2015-02-12,2015-10-28,208.95,206.2494,206.4421,101.3094,101.2148,187.27,213.5,-2.1311,11.5769,135906700
2015-10-29,180,2015-02-13,2015-10-29,208.83,206.2489,206.4416,101.2515,101.1569,187.27,213.5,-2.1874,11.5128,90525500
2015-10-30,180,2015-02-17,2015-10-30,207.93,206.2389,206.4313,100.82,100.726,187.27,213.5,-2.6089,11.0322,131076900
2015-11-02,180,2015-02-18,2015-11-02,210.39,206.2404,206.4329,102.012,101.9169,187.27,213.5,-1.4567,12.3458,86270800
2015-11-03,180,2015-02-19,2015-11-03,211.0,206.245,206.4377,102.3055,102.21,187.27,213.5,-1.171,12.6715,95246100
2015-11-04,180,2015-02-20,2015-11-04,210.36,206.247,206.4398,101.9942,101.8989,187.27,213.5,-1.4707,12.3298,96224500
2015-11-05,180,2015-02-23,2015-11-05,210.15,206.2412,206.4338,101.8952,101.8002,187.27,213.5,-1.5691,12.2176,78408700
2015-11-06,180,2015-02-24,2015-11-06,210.04,206.235,206.4273,101.845,101.7501,187.27,213.5,-1.6206,12.1589,110471500
2015-11-09,180,2015-02-25,2015-11-09,208.08,206.215,206.4066,100.9044,100.8108,187.27,213.5,-2.5386,11.1123,131008700
2015-11-10,180,2015-02-26,2015-11-10,208.56,206.1986,206.3895,101.1452,101.0517,187.27,213.5,-2.3138,11.3686,75874600
2015-11-11,180,2015-02-27,2015-11-11,207.74,206.179,206.3693,100.7571,100.6642,187.27,213.5,-2.6979,10.9307,67846000
2015-11-12,180,2015-03-02,2015-11-12,204.84,206.1471,206.3369,99.3659,99.2745,187.27,213.5,-4.0562,9.3822,121315200
2015-11-13,180,2015-03-03,2015-11-13,202.54,206.0952,206.2844,98.275,98.1848,187.27,213.5,-5.1335,8.154,153577100
2015-11-16,180,2015-03-04,2015-11-16,205.62,206.0653,206.2539,99.7839,99.6927,187.27,213.5,-3.6909,9.7987,117645200
2015-11-17,180,2015-03-05,2015-11-17,205.47,206.0393,206.2274,99.7237,99.6327,187.27,213.5,-3.7611,9.7186,121123700
2015-11-18,180,2015-03-06,2015-11-18,208.73,206.03,206.2178,101.3105,101.2182,187.27,213.5,-2.2342,11.4594,121342500
2015-11-19,180,2015-03-09,2015-11-19,208.55,206.0357,206.2237,101.2203,101.1281,187.27,213.5,-2.3185,11.3633,88220500
2015-11-20,180,2015-03-10,2015-11-20,209.31,206.0409,206.2289,101.5866,101.494,187.27,213.5,-1.9625,11.7691,94011500
2015-11-23,180,2015-03-11,2015-11-23,209.07,206.0634,206.2517,101.4591,101.3665,187.27,213.5,-2.0749,11.6409,64931200
2015-11-24,180,2015-03-12,2015-11-24,209.35,206.0901,206.2786,101.5818,101.489,187.27,213.5,-1.9438,11.7905,98874400
2015-11-25,180,2015-03-13,2015-11-25,209.32,206.1022,206.2909,101.5613,101.4683,187.27,213.5,-1.9578,11.7744,51980100
2015-11-27,180,2015-03-16,2015-11-27,209.56,206.1226,206.3117,101.6676,101.5745,187.27,213.5,-1.8454,11.9026,37317800
2015-11-30,180,2015-03-17,2015-11-30,208.69,206.1232,206.3123,101.2453,101.1525,187.27,213.5,-2.2529,11.438,112822700
2015-12-01,180,2015-03-18,2015-12-01,210.68,206.1379,206.3274,102.2034,102.1096,187.27,213.5,-1.3208,12.5007,97858400
2015-12-02,180,2015-03-19,2015-12-02,208.53,206.1275,206.3167,101.1655,101.0728,187.27,213.5,-2.3279,11.3526,108441300
2015-12-03,180,2015-03-20,2015-12-03,205.61,206.1062,206.2951,99.7593,99.6679,187.27,213.5,-3.6955,9.7933,166224200
2015-12-04,180,2015-03-23,2015-12-04,209.62,206.1019,206.2907,101.7069,101.6139,187.27,213.5,-1.8173,11.9346,192913900
2015-12-07,180,2015-03-24,2015-12-07,208.35,206.093,206.2815,101.0951,101.0028,187.27,213.5,-2.4122,11.2565,102027100
2015-12-08,180,2015-03-25,2015-12-08,206.95,206.0828,206.2711,100.4208,100.3291,187.27,213.5,-3.0679,10.5089,103372400
2015-12-09,180,2015-03-26,2015-12-09,205.34,206.0805,206.2688,99.6407,99.5497,187.27,213.5,-3.822,9.6492,162401500
2015-12-10,180,2015-03-27,2015-12-10,205.87,206.0838,206.2721,99.8962,99.8051,187.27,213.5,-3.5738,9.9322,116128900
2015-12-11,180,2015-03-30,2015-12-11,201.88,206.0619,206.2507,97.9706,97.8809,187.27,213.5,-5.4426,7.8016,211173300
2015-12-14,180,2015-03-31,2015-12-14,202.9,206.0321,206.2209,98.4798,98.3896,187.27,213.5,-4.9649,8.3462,182385200
2015-12-15,180,2015-04-01,2015-12-15,205.03,206.0243,206.2132,99.5174,99.4262,187.27,213.5,-3.9672,9.4836,154069600
2015-12-16,180,2015-04-02,2015-12-16,208.03,206.0371,206.2261,100.9673,100.8747,187.27,213.5,-2.5621,11.0856,197017000
2015-12-17,180,2015-04-06,2015-12-17,204.86,206.0283,206.2173,99.433,99.3418,187.27,213.5,-4.0468,9.3929,173092500
2015-12-18,180,2015-04-07,2015-12-18,200.02,205.984,206.1739,97.1046,97.0152,187.27,213.5,-6.3138,6.8084,251393500
2015-12-21,180,2015-04-08,2015-12-21,201.67,205.9524,206.1428,97.9207,97.8303,187.27,213.5,-5.541,7.6894,99094300
2015-12-22,180,2015-04-09,2015-12-22,203.5,205.9274,206.1179,98.8212,98.7299,187.27,213.5,-4.6838,8.6666,111026200
2015-12-23,180,2015-04-10,2015-12-23,206.02,205.9117,206.1019,100.0526,99.9603,187.27,213.5,-3.5035,10.0123,110987200
2015-12-24,180,2015-04-13,2015-12-24,205.68,205.8879,206.0777,99.899,99.807,187.27,213.5,-3.6628,9.8307,48539600
2015-12-28,180,2015-04-14,2015-12-28,205.21,205.8666,206.0561,99.6811,99.5894,187.27,213.5,-3.8829,9.5798,65899900
2015-12-29,180,2015-04-15,2015-12-29,207.4,205.8553,206.0445,100.7504,100.6579,187.27,213.5,-2.8571,10.7492,92640700
2015-12-30,180,2015-04-16,2015-12-30,205.93,205.8308,206.0195,100.0482,99.9566,187.27,213.5,-3.5457,9.9642,63317700
2015-12-31,180,2015-04-17,2015-12-31,203.87,205.7952,205.9834,99.0645,98.974,187.27,213.5,-4.5105,8.8642,114877900
2016-01-04,180,2015-04-20,2016-01-04,201.02,205.7562,205.9449,97.6982,97.6086,187.27,213.5,-5.8454,7.3423,222353500
2016-01-05,180,2015-04-21,2016-01-05,201.36,205.7089,205.8977,97.8859,97.7961,187.27,213.5,-5.6862,7.5239,110845800
2016-01-06,180,2015-04-22,2016-01-06,198.82,205.6481,205.8378,96.6797,96.5906,187.27,213.5,-6.8759,6.1676,152112600
2016-01-07,180,2015-04-23,2016-01-07,194.05,205.5528,205.7457,94.4039,94.3154,187.27,213.5,-9.1101,3.6204,213436100
2016-01-08,180,2015-04-24,2016-01-08,191.92,205.4415,205.6388,93.4183,93.3287,187.27,213.5,-10.1077,2.483,209817200
2016-01-11,180,2015-04-27,2016-01-11,192.11,205.3288,205.5303,93.5621,93.4704,187.27,213.5,-10.0187,2.5845,187941300
2016-01-12,180,2015-04-28,2016-01-12,193.66,205.2307,205.4352,94.3621,94.2682,187.27,213.5,-9.2927,3.4122,172330500
2016-01-13,180,2015-04-29,2016-01-13,188.83,205.0983,205.3096,92.0681,91.9733,187.27,213.5,-11.555,0.833,221168900
2016-01-14,180,2015-04-30,2016-01-14,191.93,204.9906,205.2061,93.6287,93.5304,187.27,213.5,-10.103,2.4884,240795600
2016-01-15,180,2015-05-01,2016-01-15,187.81,204.8675,205.0913,91.6739,91.5738,187.27,213.5,-12.0328,0.2884,324846400
2016-01-19,180,2015-05-04,2016-01-19,188.06,204.7343,204.9654,91.8557,91.7521,187.27,213.5,-11.9157,0.4218,195244400
2016-01-20,180,2015-05-05,2016-01-20,185.65,204.582,204.8228,90.746,90.6393,185.65,213.5,-13.0445,0.0,286547800
2016-01-21,180,2015-05-06,2016-01-21,186.69,204.4497,204.6994,91.3134,91.202,185.65,213.5,-12.5574,0.5602,195772900
2016-01-22,180,2015-05-07,2016-01-22,190.52,204.3471,204.6021,93.2335,93.1173,185.65,213.5,-10.7635,2.6232,168319600
2016-01-25,180,2015-05-08,2016-01-25,187.64,204.2215,204.4842,91.8806,91.7626,185.65,213.5,-12.1124,1.0719,130371700
2016-01-26,180,2015-05-11,2016-01-26,190.2,204.0982,204.3652,93.1904,93.0687,185.65,213.5,-10.9134,2.4509,141036800
2016-01-27,180,2015-05-12,2016-01-27,188.13,203.967,204.2403,92.2355,92.1121,185.65,213.5,-11.8829,1.3359,185681700
2016-01-28,180,2015-05-13,2016-01-28,189.11,203.8456,204.1243,92.7712,92.6445,185.65,213.5,-11.4239,1.8637,143798800
2016-01-29,180,2015-05-14,2016-01-29,193.72,203.7532,204.0338,95.0758,94.9451,185.65,213.5,-9.2646,4.3469,210529300
2016-02-01,180,2015-05-15,2016-02-01,193.65,203.6491,203.9307,95.09,94.9587,185.65,213.5,-9.2974,4.3092,136061600
2016-02-02,180,2015-05-18,2016-02-02,190.16,203.5221,203.8069,93.4346,93.304,185.65,213.5,-10.9321,2.4293,182564900
2016-02-03,180,2015-05-19,2016-02-03,191.3,203.3991,203.6858,94.0515,93.9192,185.65,213.5,-10.3981,3.0434,205054900
2016-02-04,180,2015-05-20,2016-02-04,191.6,203.2785,203.5667,94.2549,94.1215,185.65,213.5,-10.2576,3.205,139531800
2016-02-05,180,2015-05-21,2016-02-05,187.95,203.1356,203.4282,92.5244,92.3913,185.65,213.5,-11.9672,1.2389,180788300
2016-02-08,180,2015-05-22,2016-02-08,185.42,202.9731,203.2722,91.352,91.2176,185.42,212.99,-12.9443,0.0,191526700
2016-02-09,180,2015-05-26,2016-02-09,185.43,202.8135,203.1191,91.4288,91.2913,185.42,212.78,-12.8537,0.0054,184513100
2016-02-10,180,2015-05-27,2016-02-10,185.27,202.6647,202.9778,91.417,91.276,185.27,212.78,-12.9288,0.0,148214100
2016-02-11,180,2015-05-28,2016-02-11,182.86,202.4898,202.8121,90.3058,90.1623,182.86,212.78,-14.0615,0.0,219058900
2016-02-12,180,2015-05-29,2016-02-12,186.63,202.3415,202.6686,92.2351,92.0863,182.86,212.78,-12.2897,2.0617,127632400
2016-02-16,180,2015-06-01,2016-02-16,189.78,202.2204,202.5499,93.8481,93.6954,182.86,212.78,-10.8093,3.7843,120250700
2016-02-17,180,2015-06-02,2016-02-17,192.88,202.1164,202.4461,95.4302,95.2748,182.86,212.78,-9.3524,5.4796,136009500
2016-02-18,180,2015-06-03,2016-02-18,192.09,202.0087,202.339,95.09,94.9347,182.86,212.78,-9.7237,5.0476,102343000
2016-02-19,180,2015-06-04,2016-02-19,192.0,201.8978,202.2283,95.0976,94.9422,182.86,212.78,-9.766,4.9984,114793000
2016-02-22,180,2015-06-05,2016-02-22,194.78,201.8129,202.1431,96.5151,96.3575,182.86,212.78,-8.4594,6.5186,103640300
2016-02-23,180,2015-06-08,2016-02-23,192.32,201.7151,202.0461,95.3424,95.1862,182.86,212.78,-9.6156,5.1734,111455300
2016-02-24,180,2015-06-09,2016-02-24,193.2,201.6293,201.9612,95.8194,95.6619,182.86,212.78,-9.202,5.6546,150812200
2016-02-25,180,2015-06-10,2016-02-25,195.54,201.5578,201.8895,97.0143,96.855,182.86,212.78,-8.1023,6.9343,110728300
2016-02-26,180,2015-06-11,2016-02-26,195.09,201.4709,201.8014,96.8328,96.6743,182.86,212.78,-8.3138,6.6882,129833700
2016-02-29,180,2015-06-12,2016-02-29,193.56,201.3715,201.701,96.1209,95.9638,182.86,212.78,-9.0328,5.8515,125918100
2016-03-01,180,2015-06-15,2016-03-01,198.11,201.307,201.6349,98.4119,98.2518,182.86,212.78,-6.8944,8.3397,141799700
2016-03-02,180,2015-06-16,2016-03-02,199.0,201.2524,201.5787,98.8808,98.7207,182.86,212.78,-6.4762,8.8264,102415000
2016-03-03,180,2015-06-17,2016-03-03,199.78,201.1963,201.5206,99.2961,99.1363,182.86,212.78,-6.1096,9.253,95172200
2016-03-04,180,2015-06-18,2016-03-04,200.43,201.1422,201.4641,99.6459,99.4867,182.86,212.78,-5.8041,9.6084,129293600
2016-03-07,180,2015-06-19,2016-03-07,200.59,201.078,201.3964,99.7573,99.5996,182.86,212.59,-5.6447,9.6959,100219000
2016-03-08,180,2015-06-22,2016-03-08,198.4,201.0114,201.3274,98.7009,98.5459,182.86,212.59,-6.6748,8.4983,123974900
2016-03-09,180,2015-06-23,2016-03-09,199.38,200.9449,201.2579,99.2212,99.0669,182.86,212.59,-6.2138,9.0342,94801200
2016-03-10,180,2015-06-24,2016-03-10,199.54,200.8787,201.1885,99.3336,99.1806,182.86,212.59,-6.1386,9.1217,156838700
2016-03-11,180,2015-06-25,2016-03-11,202.76,200.838,201.1455,100.957,100.8027,182.86,212.59,-4.6239,10.8826,137964500
2016-03-14,180,2015-06-26,2016-03-14,202.5,200.7992,201.1046,100.847,100.6939,182.86,212.59,-4.7462,10.7405,73612000
2016-03-15,180,2015-06-29,2016-03-15,202.17,200.7588,201.0621,100.7029,100.551,182.86,212.59,-4.9015,10.56,93169100
2016-03-16,180,2015-06-30,2016-03-16,203.34,200.7477,201.0506,101.2913,101.1387,182.86,212.59,-4.3511,11.1998,129303200
2016-03-17,180,2015-07-01,2016-03-17,204.63,200.7412,201.0438,101.9372,101.7838,182.86,212.59,-3.7443,11.9053,134278500
2016-03-18,180,2015-07-02,2016-03-18,204.38,200.7247,201.0264,101.821,101.6682,182.86,212.59,-3.8619,11.7686,138372400
2016-03-21,180,2015-07-06,2016-03-21,204.67,200.7108,201.0118,101.9726,101.8199,182.86,212.59,-3.7255,11.9272,72926700
2016-03-22,180,2015-07-07,2016-03-22,204.56,200.6994,200.9998,101.9236,101.7713,182.86,212.59,-3.7772,11.867,97471900
2016-03-23,180,2015-07-08,2016-03-23,203.21,200.6739,200.9731,101.2638,101.1131,182.86,212.59,-4.4122,11.1287,81052500
2016-03-24,180,2015-07-09,2016-03-24,203.12,200.6663,200.9652,101.2228,101.0722,182.86,212.59,-4.4546,11.0795,84360900
2016-03-28,180,2015-07-10,2016-03-28,203.24,200.6574,200.956,101.2871,101.1366,182.86,212.59,-4.3981,11.1451,62408200
2016-03-29,180,2015-07-13,2016-03-29,205.12,200.645,200.9429,102.2303,102.0788,182.86,212.59,-3.5138,12.1732,92922900
2016-03-30,180,2015-07-14,2016-03-30,206.02,200.6256,200.9221,102.6888,102.5373,182.86,212.59,-3.0905,12.6654,86365300
2016-03-31,180,2015-07-15,2016-03-31,205.52,200.599,200.8934,102.4532,102.303,182.86,212.59,-3.3256,12.392,94584100
2016-04-01,180,2015-07-16,2016-04-01,206.92,200.58,200.8729,103.1608,103.0104,182.86,212.59,-2.6671,13.1576,114423500
2016-04-04,180,2015-07-17,2016-04-04,206.25,200.5491,200.8393,102.8426,102.6941,182.86,212.59,-2.9823,12.7912,63497000
2016-04-05,180,2015-07-20,2016-04-05,204.19,200.5065,200.7932,101.8371,101.6917,182.86,212.59,-3.9513,11.6647,99662200
2016-04-06,180,2015-07-21,2016-04-06,206.42,200.4751,200.7589,102.9654,102.8198,182.86,211.75,-2.5171,12.8842,91839800
2016-04-07,180,2015-07-22,2016-04-07,203.95,200.4347,200.7156,101.7538,101.6114,182.86,211.37,-3.5104,11.5334,113859000
2016-04-08,180,2015-07-23,2016-04-08,204.5,200.3993,200.6774,102.0463,101.9048,182.86,211.0,-3.0806,11.8342,95040600
2016-04-11,180,2015-07-24,2016-04-11,204.02,200.3672,200.6432,101.823,101.683,182.86,211.0,-3.3081,11.5717,83757500
2016-04-12,180,2015-07-27,2016-04-12,205.92,200.3564,200.6317,102.7769,102.6358,182.86,211.0,-2.4076,12.6107,115350600
2016-04-13,180,2015-07-28,2016-04-13,208.0,200.3627,200.6384,103.8118,103.6691,182.86,211.0,-1.4218,13.7482,96336400
2016-04-14,180,2015-07-29,2016-04-14,208.01,200.3559,200.6311,103.8202,103.6779,182.86,211.0,-1.4171,13.7537,65212900
2016-04-15,180,2015-07-30,2016-04-15,207.78,200.3407,200.6144,103.7133,103.5718,182.86,211.0,-1.5261,13.6279,75761600
2016-04-18,180,2015-07-31,2016-04-18,209.24,200.3327,200.6057,104.4463,104.3041,182.86,211.0,-0.8341,14.4263,82531000
2016-04-19,180,2015-08-03,2016-04-19,209.9,200.3297,200.6023,104.7773,104.6349,182.86,211.0,-0.5213,14.7873,88316100
2016-04-20,180,2015-08-04,2016-04-20,210.1,200.3312,200.6041,104.8763,104.7337,182.86,211.0,-0.4265,14.8966,81100300
2016-04-21,180,2015-08-05,2016-04-21,208.97,200.3292,200.6018,104.3133,104.1716,182.86,211.0,-0.9621,14.2787,85695000
2016-04-22,180,2015-08-06,2016-04-22,208.97,200.3236,200.5957,104.3162,104.1747,182.86,211.0,-0.9621,14.2787,99251700
2016-04-25,180,2015-08-07,2016-04-25,208.61,200.3249,200.5971,104.1358,103.9945,182.86,211.0,-1.1327,14.0818,66166500
2016-04-26,180,2015-08-10,2016-04-26,208.92,200.3299,200.6025,104.288,104.1463,182.86,211.0,-0.9858,14.2513,75864200
2016-04-27,180,2015-08-11,2016-04-27,209.35,200.3237,200.5957,104.5059,104.3641,182.86,211.0,-0.782,14.4865,77329400
2016-04-28,180,2015-08-12,2016-04-28,207.45,200.3174,200.5889,103.5606,103.4205,182.86,211.0,-1.6825,13.4474,97216200
2016-04-29,180,2015-08-13,2016-04-29,206.33,200.304,200.5746,103.0084,102.8695,182.86,211.0,-2.2133,12.835,142424100
2016-05-02,180,2015-08-14,2016-05-02,207.97,200.3005,200.5707,103.829,103.6891,182.86,211.0,-1.436,13.7318,62188000
2016-05-03,180,2015-08-17,2016-05-03,206.16,200.2837,200.5526,102.934,102.796,182.86,211.0,-2.2938,12.742,106422100
2016-05-04,180,2015-08-18,2016-05-04,205.01,200.2549,200.5216,102.3745,102.2384,182.86,211.0,-2.8389,12.1131,92243800
2016-05-05,180,2015-08-19,2016-05-05,204.97,200.2289,200.4938,102.3678,102.2326,182.86,211.0,-2.8578,12.0912,67619200
2016-05-06,180,2015-08-20,2016-05-06,205.72,200.2154,200.4793,102.7493,102.6141,182.86,211.0,-2.5024,12.5014,89315000
2016-05-09,180,2015-08-21,2016-05-09,205.89,200.2256,200.49,102.829,102.6934,182.86,211.0,-2.4218,12.5943,74374900
2016-05-10,180,2015-08-24,2016-05-10,208.45,200.283,200.549,104.0777,103.9397,182.86,211.0,-1.2085,13.9943,77472200
2016-05-11,180,2015-08-25,2016-05-11,206.5,200.3798,200.6434,103.0543,102.9189,182.86,211.0,-2.1327,12.9279,81727000
2016-05-12,180,2015-08-26,2016-05-12,206.56,200.4911,200.7506,103.027,102.8938,182.86,211.0,-2.1043,12.9607,89586300
2016-05-13,180,2015-08-27,2016-05-13,204.76,200.5489,200.8078,102.0998,101.9681,182.86,211.0,-2.9573,11.9764,96474600
2016-05-16,180,2015-08-28,2016-05-16,206.78,200.5897,200.8496,103.0861,102.9527,182.86,211.0,-2.0,13.081,77486800
2016-05-17,180,2015-08-31,2016-05-17,204.85,200.6202,200.8805,102.1084,101.9761,182.86,211.0,-2.9147,12.0256,114924900
2016-05-18,180,2015-09-01,2016-05-18,204.91,200.6601,200.9207,102.1179,101.9855,182.86,211.0,-2.8863,12.0584,120062100
2016-05-19,180,2015-09-02,2016-05-19,204.2,200.7312,200.9898,101.7281,101.5972,182.86,211.0,-3.2228,11.6701,115430500
2016-05-20,180,2015-09-03,2016-05-20,205.49,200.7874,201.0458,102.3421,102.2106,182.86,211.0,-2.6114,12.3756,104990400
2016-05-23,180,2015-09-04,2016-05-23,205.21,200.8413,201.0994,102.1752,102.044,182.86,211.0,-2.7441,12.2225,58682600
2016-05-24,180,2015-09-08,2016-05-24,207.87,200.9269,201.1843,103.4555,103.3232,182.86,211.0,-1.4834,13.6771,93537800
2016-05-25,180,2015-09-09,2016-05-25,209.28,200.9912,201.2502,104.124,103.99,182.86,211.0,-0.8152,14.4482,76621400
2016-05-26,180,2015-09-10,2016-05-26,209.34,201.0713,201.331,104.1123,103.978,182.86,211.0,-0.7867,14.481,55280700
2016-05-27,180,2015-09-11,2016-05-27,210.24,201.1499,201.4109,104.5191,104.3836,182.86,211.0,-0.3602,14.9732,64211200
2016-05-31,180,2015-09-14,2016-05-31,209.84,201.2212,201.4837,104.2832,104.1474,182.86,211.0,-0.5498,14.7545,109879400
2016-06-01,180,2015-09-15,2016-06-01,210.27,201.2991,201.5629,104.4565,104.3198,182.86,211.0,-0.346,14.9896,69936200
2016-06-02,180,2015-09-16,2016-06-02,210.91,201.366,201.6321,104.7396,104.6014,182.86,211.0,-0.0427,15.3396,63044700
2016-06-03,180,2015-09-17,2016-06-03,210.28,201.4201,201.6882,104.3987,104.2599,182.86,211.0,-0.3412,14.9951,101757100
2016-06-06,180,2015-09-18,2016-06-06,211.35,201.4822,201.7528,104.8976,104.7569,182.86,211.35,0.0,15.5802,64887000
2016-06-07,180,2015-09-21,2016-06-07,211.68,201.5707,201.8429,105.0153,104.8736,182.86,211.68,0.0,15.7607,60974800
2016-06-08,180,2015-09-22,2016-06-08,212.37,201.6568,201.9313,105.3126,105.1694,182.86,212.37,0.0,16.138,66170900
2016-06-09,180,2015-09-23,2016-06-09,212.08,201.7567,202.0323,105.1167,104.9733,182.86,212.37,-0.1366,15.9794,73786900
2016-06-10,180,2015-09-24,2016-06-10,210.07,201.8483,202.1238,104.0732,103.9314,182.86,212.37,-1.083,14.8802,113829200
2016-06-13,180,2015-09-25,2016-06-13,208.45,201.9359,202.2102,103.2258,103.0858,182.86,212.37,-1.8458,13.9943,117751200
2016-06-14,180,2015-09-28,2016-06-14,208.04,202.0217,202.2946,102.979,102.8401,182.86,212.37,-2.0389,13.7701,125059300
2016-06-15,180,2015-09-29,2016-06-15,207.75,202.1363,202.4042,102.7772,102.6411,182.86,212.37,-2.1754,13.6115,109124500
2016-06-16,180,2015-09-30,2016-06-16,208.37,202.2537,202.5167,103.0241,102.8903,182.86,212.37,-1.8835,13.9506,149533100
2016-06-17,180,2015-10-01,2016-06-17,206.52,202.3392,202.5994,102.0662,101.9351,182.86,212.37,-2.7546,12.9389,117055700
2016-06-20,180,2015-10-02,2016-06-20,207.85,202.4288,202.6868,102.6781,102.5474,182.86,212.37,-2.1284,13.6662,82789600
2016-06-21,180,2015-10-05,2016-06-21,208.44,202.5041,202.7614,102.9313,102.8006,182.86,212.37,-1.8505,13.9888,72461700
2016-06-22,180,2015-10-06,2016-06-22,208.1,202.5572,202.8149,102.7364,102.6059,182.86,212.37,-2.0106,13.8029,95560500
2016-06-23,180,2015-10-07,2016-06-23,210.81,202.6284,202.8873,104.0377,103.905,182.86,212.37,-0.7346,15.2849,102731400
2016-06-24,180,2015-10-08,2016-06-24,203.24,202.65,202.9086,100.2912,100.1633,182.86,212.37,-4.2991,11.1451,333444400
2016-06-27,180,2015-10-09,2016-06-27,199.6,202.6408,202.8996,98.4994,98.3738,182.86,212.37,-6.0131,9.1545,230775800
2016-06-28,180,2015-10-12,2016-06-28,203.2,202.6513,202.91,100.2708,100.1429,182.86,212.37,-4.3179,11.1233,159382400
2016-06-29,180,2015-10-13,2016-06-29,206.66,202.6794,202.9386,101.964,101.8338,182.86,212.37,-2.6887,13.0154,137328600
2016-06-30,180,2015-10-14,2016-06-30,209.48,202.7296,202.9898,103.3297,103.1973,182.86,212.37,-1.3608,14.5576,165021900
2016-07-01,180,2015-10-15,2016-07-01,209.92,202.7877,203.0489,103.5171,103.384,182.86,212.37,-1.1536,14.7982,106055300
2016-07-05,180,2015-10-16,2016-07-05,208.41,202.8205,203.0826,102.7559,102.6233,182.86,212.37,-1.8647,13.9724,109803700
2016-07-06,180,2015-10-19,2016-07-06,209.66,202.8548,203.1181,103.3547,103.2208,182.86,212.37,-1.2761,14.656,96021500
2016-07-07,180,2015-10-20,2016-07-07,209.53,202.8878,203.1523,103.2738,103.1394,182.86,212.37,-1.3373,14.5849,85593800
2016-07-08,180,2015-10-21,2016-07-08,212.65,202.9384,203.2053,104.7855,104.6479,182.86,212.65,0.0,16.2911,133971000
2016-07-11,180,2015-10-22,2016-07-11,213.4,202.9997,203.2694,105.1233,104.9838,182.86,213.4,0.0,16.7013,73633900
2016-07-12,180,2015-10-23,2016-07-12,214.95,203.05,203.3233,105.8606,105.7183,182.86,214.95,0.0,17.5489,101275600
2016-07-13,180,2015-10-26,2016-07-13,214.92,203.0881,203.3644,105.826,105.6822,182.86,214.95,-0.014,17.5325,87324100
2016-07-14,180,2015-10-27,2016-07-14,216.12,203.1348,203.4151,106.3924,106.2458,182.86,216.12,0.0,18.1888,91230900
2016-07-15,180,2015-10-28,2016-07-15,215.83,203.1823,203.4664,106.2248,106.0765,182.86,216.12,-0.1342,18.0302,107155400
2016-07-18,180,2015-10-29,2016-07-18,216.41,203.2201,203.5078,106.4904,106.3399,182.86,216.41,0.0,18.3474,58725900
2016-07-19,180,2015-10-30,2016-07-19,216.19,203.2575,203.5487,106.3626,106.2104,182.86,216.41,-0.1017,18.2271,54345700
2016-07-20,180,2015-11-02,2016-07-20,217.09,203.3041,203.5996,106.7809,106.6259,182.86,217.09,0.0,18.7192,58159500
2016-07-21,180,2015-11-03,2016-07-21,216.27,203.3338,203.6323,106.3621,106.2062,182.86,217.09,-0.3777,18.2708,67777300
2016-07-22,180,2015-11-04,2016-07-22,217.24,203.3651,203.6669,106.8227,106.6643,182.86,217.24,0.0,18.8013,62787500
2016-07-25,180,2015-11-05,2016-07-25,216.65,203.3968,203.7019,106.5159,106.3564,182.86,217.24,-0.2716,18.4786,55873100
2016-07-26,180,2015-11-06,2016-07-26,216.75,203.4301,203.7386,106.5477,106.3863,182.86,217.24,-0.2256,18.5333,70080500
2016-07-27,180,2015-11-09,2016-07-27,216.52,203.4629,203.7746,106.4175,106.2547,182.86,217.24,-0.3314,18.4075,84083900
2016-07-28,180,2015-11-10,2016-07-28,216.77,203.5072,203.8228,106.5171,106.3522,182.86,217.24,-0.2164,18.5442,65035700
2016-07-29,180,2015-11-11,2016-07-29,217.12,203.5507,203.8704,106.6663,106.499,182.86,217.24,-0.0552,18.7356,79519400
2016-08-01,180,2015-11-12,2016-08-01,216.94,203.5977,203.9215,106.5533,106.3841,182.86,217.24,-0.1381,18.6372,73311400
2016-08-02,180,2015-11-13,2016-08-02,215.55,203.6536,203.981,105.8415,105.6716,182.86,217.24,-0.7779,17.8771,92295500
2016-08-03,180,2015-11-16,2016-08-03,216.18,203.7254,204.0568,106.1134,105.9411,182.86,217.24,-0.4879,18.2216,53993600
2016-08-04,180,2015-11-17,2016-08-04,216.41,203.7813,204.1167,106.1972,106.0227,182.86,217.24,-0.3821,18.3474,46585500
2016-08-05,180,2015-11-18,2016-08-05,218.18,203.8467,204.1873,107.0314,106.8529,182.86,218.18,0.0,19.3153,71892200
2016-08-08,180,2015-11-19,2016-08-08,218.05,203.894,204.2391,106.9428,106.7621,182.86,218.18,-0.0596,19.2442,39906500
2016-08-09,180,2015-11-20,2016-08-09,218.18,203.9429,204.2926,106.9809,106.7978,182.86,218.18,0.0,19.3153,51251700
2016-08-10,180,2015-11-23,2016-08-10,217.64,203.9852,204.3389,106.694,106.5093,182.86,218.18,-0.2475,19.02,57941100
2016-08-11,180,2015-11-24,2016-08-11,218.65,204.0336,204.3921,107.1637,106.9758,182.86,218.65,0.0,19.5723,72504300
2016-08-12,180,2015-11-25,2016-08-12,218.46,204.0797,204.4427,107.0464,106.8563,182.86,218.65,-0.0869,19.4684,61313500
2016-08-15,180,2015-11-27,2016-08-15,219.09,204.129,204.497,107.3292,107.136,182.86,219.09,0.0,19.813,49813500
2016-08-16,180,2015-11-30,2016-08-16,217.96,204.1716,204.5437,106.7534,106.5592,182.86,219.09,-0.5158,19.195,53213600
2016-08-17,180,2015-12-01,2016-08-17,218.37,204.2208,204.5974,106.9284,106.7315,182.86,219.09,-0.3286,19.4192,75134300
2016-08-18,180,2015-12-02,2016-08-18,218.86,204.2619,204.6429,107.1468,106.9473,182.86,219.09,-0.105,19.6872,52989300
2016-08-19,180,2015-12-03,2016-08-19,218.54,204.3128,204.6985,106.9634,106.7619,182.86,219.09,-0.251,19.5122,75443000
2016-08-22,180,2015-12-04,2016-08-22,218.53,204.3795,204.7703,106.9236,106.7196,182.86,219.09,-0.2556,19.5067,61368800
2016-08-23,180,2015-12-07,2016-08-23,218.97,204.4268,204.8222,107.1141,106.9073,182.86,219.09,-0.0548,19.7473,53399200
2016-08-24,180,2015-12-08,2016-08-24,217.85,204.4754,204.875,106.5409,106.3331,182.86,219.09,-0.566,19.1349,71728900
2016-08-25,180,2015-12-09,2016-08-25,217.7,204.5308,204.9347,106.4387,106.2289,182.86,219.09,-0.6344,19.0528,69224800
2016-08-26,180,2015-12-10,2016-08-26,217.29,204.5931,205.0011,106.2059,105.9945,182.86,219.09,-0.8216,18.8286,122506300
2016-08-29,180,2015-12-11,2016-08-29,218.36,204.6577,205.0705,106.6952,106.4805,182.86,219.09,-0.3332,19.4138,70502200
2016-08-30,180,2015-12-14,2016-08-30,218.0,204.743,205.1601,106.4749,106.2585,182.86,219.09,-0.4975,19.2169,58114500
2016-08-31,180,2015-12-15,2016-08-31,217.38,204.8195,205.2405,106.1325,105.9148,182.86,219.09,-0.7805,18.8778,85269500
2016-09-01,180,2015-12-16,2016-09-01,217.39,204.8841,205.3092,106.1039,105.8842,182.86,219.09,-0.7759,18.8833,97844200
2016-09-02,180,2015-12-17,2016-09-02,218.37,204.9372,205.3666,106.5546,106.3318,182.86,219.09,-0.3286,19.4192,79293900
2016-09-06,180,2015-12-18,2016-09-06,219.03,205.011,205.4453,106.8382,106.6123,182.86,219.09,-0.0274,19.7802,56702100
2016-09-07,180,2015-12-21,2016-09-07,219.01,205.1122,205.5508,106.7757,106.5479,182.86,219.09,-0.0365,19.7692,76554900
2016-09-08,180,2015-12-22,2016-09-08,218.51,205.2016,205.6444,106.4855,106.2562,182.86,219.09,-0.2647,19.4958,74102900
2016-09-09,180,2015-12-23,2016-09-09,213.28,205.2543,205.6987,103.9101,103.6856,182.86,219.09,-2.6519,16.6357,221589100
2016-09-12,180,2015-12-24,2016-09-12,216.34,205.3085,205.7561,105.3731,105.1439,182.86,219.09,-1.2552,18.3091,168110900
2016-09-13,180,2015-12-28,2016-09-13,213.23,205.3488,205.798,103.8379,103.6113,182.86,219.09,-2.6747,16.6083,182828800
2016-09-14,180,2015-12-29,2016-09-14,213.15,205.3914,205.8421,103.7775,103.5502,182.86,219.09,-2.7112,16.5646,134185500
2016-09-15,180,2015-12-30,2016-09-15,215.28,205.4327,205.8859,104.7934,104.5628,182.86,219.09,-1.739,17.7294,134427900
2016-09-16,180,2015-12-31,2016-09-16,213.37,205.4724,205.9272,103.8436,103.6143,182.86,219.09,-2.6108,16.6849,155236400
2016-09-19,180,2016-01-04,2016-09-19,213.41,205.5239,205.9802,103.8371,103.607,182.86,219.09,-2.5925,16.7068,80250500
2016-09-20,180,2016-01-05,2016-09-20,213.42,205.5917,206.0491,103.8077,103.5772,182.86,219.09,-2.588,16.7122,69665300
2016-09-21,180,2016-01-06,2016-09-21,215.82,205.6699,206.1294,104.9351,104.7012,182.86,219.09,-1.4925,18.0247,110284400
2016-09-22,180,2016-01-07,2016-09-22,217.18,205.7699,206.2314,105.5451,105.3089,182.86,219.09,-0.8718,18.7685,76678700
2016-09-23,180,2016-01-08,2016-09-23,215.99,205.8931,206.3533,104.904,104.67,182.86,219.09,-1.4149,18.1177,73630900
2016-09-26,180,2016-01-11,2016-09-26,214.24,206.021,206.4773,103.9894,103.7596,182.86,219.09,-2.2137,17.1607,89827300
2016-09-27,180,2016-01-12,2016-09-27,215.57,206.1547,206.6077,104.5671,104.3379,182.86,219.09,-1.6066,17.888,78494800
2016-09-28,180,2016-01-13,2016-09-28,216.64,206.2841,206.7353,105.0202,104.791,182.86,219.09,-1.1183,18.4731,87411000
2016-09-29,180,2016-01-14,2016-09-29,214.68,206.4349,206.8789,103.994,103.7708,182.86,219.09,-2.0129,17.4013,128070600
2016-09-30,180,2016-01-15,2016-09-30,216.3,206.574,207.0143,104.7082,104.4855,182.86,219.09,-1.2734,18.2872,117202900
2016-10-03,180,2016-01-19,2016-10-03,215.78,206.7378,207.1697,104.3738,104.1561,182.86,219.09,-1.5108,18.0028,83512100
2016-10-04,180,2016-01-20,2016-10-04,214.68,206.8944,207.3176,103.7631,103.5513,182.86,219.09,-2.0129,17.4013,119948100
2016-10-05,180,2016-01-21,2016-10-05,215.63,207.0727,207.4842,104.1325,103.926,182.86,219.09,-1.5793,17.9208,72816000
2016-10-06,180,2016-01-22,2016-10-06,215.78,207.2449,207.6458,104.1184,103.9174,182.86,219.09,-1.5108,18.0028,62927400
2016-10-07,180,2016-01-25,2016-10-07,215.04,207.3878,207.782,103.6898,103.4931,182.86,219.09,-1.8486,17.5982,89788300
2016-10-10,180,2016-01-26,2016-10-10,216.16,207.5559,207.9404,104.1454,103.9528,182.86,219.09,-1.3373,18.2107,51855000
2016-10-11,180,2016-01-27,2016-10-11,213.43,207.693,208.0695,102.7623,102.5763,182.86,219.09,-2.5834,16.7177,130367400
2016-10-12,180,2016-01-28,2016-10-12,213.71,207.8455,208.2116,102.8215,102.6408,182.86,219.09,-2.4556,16.8708,73866100
2016-10-13,180,2016-01-29,2016-10-13,213.01,207.988,208.3444,102.4145,102.2394,182.86,219.09,-2.7751,16.488,101357000
2016-10-14,180,2016-02-01,2016-10-14,213.12,208.101,208.4522,102.4118,102.2393,182.86,219.09,-2.7249,16.5482,93346200
2016-10-17,180,2016-02-02,2016-10-17,212.38,208.2107,208.5562,102.0025,101.8335,182.86,219.09,-3.0627,16.1435,58275700
2016-10-18,180,2016-02-03,2016-10-18,213.71,208.3503,208.6871,102.5724,102.4069,182.86,219.09,-2.4556,16.8708,76869700
2016-10-19,180,2016-02-04,2016-10-19,214.28,208.4856,208.8147,102.7793,102.6173,182.86,219.09,-2.1954,17.1825,66519200
2016-10-20,180,2016-02-05,2016-10-20,213.88,208.617,208.9385,102.5228,102.3651,182.86,219.09,-2.378,16.9638,73639800
2016-10-21,180,2016-02-08,2016-10-21,213.98,208.7736,209.0831,102.4938,102.3421,182.86,219.09,-2.3324,17.0185,89089100
2016-10-24,180,2016-02-09,2016-10-24,214.89,208.9528,209.2468,102.8414,102.6969,182.86,219.09,-1.917,17.5161,60146600
2016-10-25,180,2016-02-10,2016-10-25,214.17,209.1285,209.4065,102.4107,102.2748,182.86,219.09,-2.2457,17.1224,66542300
2016-10-26,180,2016-02-11,2016-10-26,213.74,209.3033,209.5647,102.1197,101.9924,182.86,219.09,-2.4419,16.8872,75705500
2016-10-27,180,2016-02-12,2016-10-27,213.17,209.4928,209.7331,101.7553,101.6387,186.63,219.09,-2.7021,14.2206,77220200
2016-10-28,180,2016-02-16,2016-10-28,212.54,209.6521,209.877,101.3774,101.2688,189.78,219.09,-2.9896,11.9928,140623200
2016-10-31,180,2016-02-17,2016-10-31,212.55,209.7901,210.0035,101.3156,101.2126,192.0,219.09,-2.9851,10.7031,61272500
2016-11-01,180,2016-02-18,2016-11-01,211.01,209.899,210.1042,100.5293,100.4311,192.0,219.09,-3.688,9.901,122781800
2016-11-02,180,2016-02-19,2016-11-02,209.74,210.0063,210.2023,99.8732,99.7801,192.0,219.09,-4.2676,9.2396,103330800
2016-11-03,180,2016-02-22,2016-11-03,208.78,210.1089,210.2955,99.3675,99.2793,192.32,219.09,-4.7058,8.5586,88939300
2016-11-04,180,2016-02-23,2016-11-04,208.55,210.1921,210.372,99.2188,99.1339,192.32,219.09,-4.8108,8.4391,109122100
2016-11-07,180,2016-02-24,2016-11-07,213.15,210.3169,210.4877,101.3471,101.2648,193.2,219.09,-2.7112,10.3261,109794900
2016-11-08,180,2016-02-25,2016-11-08,214.11,210.4412,210.6039,101.7434,101.6648,193.56,219.09,-2.273,10.6169,106772100
2016-11-09,180,2016-02-26,2016-11-09,216.38,210.5625,210.7197,102.7629,102.6862,193.56,219.09,-1.2369,11.7896,258429000
2016-11-10,180,2016-02-29,2016-11-10,216.92,210.6896,210.8409,102.9572,102.8832,193.56,219.09,-0.9905,12.0686,172113300
2016-11-11,180,2016-03-01,2016-11-11,216.42,210.8243,210.9679,102.6542,102.5843,198.11,219.09,-1.2187,9.2423,100552700
2016-11-14,180,2016-03-02,2016-11-14,216.59,210.9307,211.0706,102.683,102.6149,198.4,219.09,-1.1411,9.1683,94580000
2016-11-15,180,2016-03-03,2016-11-15,218.28,211.0404,211.1777,103.4304,103.3632,198.4,219.09,-0.3697,10.0202,91652600
2016-11-16,180,2016-03-04,2016-11-16,217.87,211.1433,211.2782,103.1858,103.1199,198.4,219.09,-0.5568,9.8135,65617700
2016-11-17,180,2016-03-07,2016-11-17,218.99,211.2481,211.3813,103.6648,103.5995,198.4,219.09,-0.0456,10.378,69797200
2016-11-18,180,2016-03-08,2016-11-18,218.5,211.3494,211.4808,103.3833,103.3191,198.4,219.09,-0.2693,10.1311,86265800
2016-11-21,180,2016-03-09,2016-11-21,220.15,211.4731,211.6017,104.1031,104.0398,199.38,220.15,0.0,10.4173,72402600
2016-11-22,180,2016-03-10,2016-11-22,220.58,211.5929,211.7194,104.2473,104.185,199.54,220.58,0.0,10.5443,67429000
2016-11-23,180,2016-03-11,2016-11-23,220.7,211.7125,211.837,104.2451,104.1839,199.6,220.7,0.0,10.5711,56620200
2016-11-25,180,2016-03-14,2016-11-25,221.52,211.8166,211.9412,104.5811,104.5195,199.6,221.52,0.0,10.982,37872300
2016-11-28,180,2016-03-15,2016-11-28,220.48,211.917,212.0411,104.0407,103.9798,199.6,221.52,-0.4695,10.4609,76572500
2016-11-29,180,2016-03-16,2016-11-29,220.91,212.0217,212.1452,104.1922,104.1315,199.6,221.52,-0.2754,10.6764,69886700
2016-11-30,180,2016-03-17,2016-11-30,220.38,212.1167,212.2399,103.8956,103.8353,199.6,221.52,-0.5146,10.4108,113291800
2016-12-01,180,2016-03-18,2016-12-01,219.57,212.1999,212.3229,103.4732,103.4133,199.6,221.52,-0.8803,10.005,79040500
2016-12-02,180,2016-03-21,2016-12-02,219.68,212.2852,212.4079,103.4834,103.4237,199.6,221.52,-0.8306,10.0601,74840300
2016-12-05,180,2016-03-22,2016-12-05,221.0,212.3756,212.4986,104.0609,104.0007,199.6,221.52,-0.2347,10.7214,67837800
2016-12-06,180,2016-03-23,2016-12-06,221.7,212.4703,212.5938,104.344,104.2834,199.6,221.7,0.0,11.0721,59877400
2016-12-07,180,2016-03-24,2016-12-07,224.6,212.5879,212.7127,105.6504,105.5884,199.6,224.6,0.0,12.525,110738100
2016-12-08,180,2016-03-28,2016-12-08,225.15,212.709,212.8351,105.8489,105.7861,199.6,225.15,0.0,12.8006,99714400
2016-12-09,180,2016-03-29,2016-12-09,226.51,212.8361,212.9643,106.4246,106.3605,199.6,226.51,0.0,13.482,88005800
2016-12-12,180,2016-03-30,2016-12-12,226.25,212.9507,213.0817,106.2452,106.1799,199.6,226.51,-0.1148,13.3517,102016100
2016-12-13,180,2016-03-31,2016-12-13,227.76,213.0675,213.2025,106.8957,106.828,199.6,227.76,0.0,14.1082,110477500
2016-12-14,180,2016-04-01,2016-12-14,225.88,213.1782,213.3156,105.9583,105.89,199.6,227.76,-0.8254,13.1663,142501800
2016-12-15,180,2016-04-04,2016-12-15,226.81,213.2852,213.4261,106.3412,106.271,199.6,227.76,-0.4171,13.6323,124972600
2016-12-16,180,2016-04-05,2016-12-16,225.04,213.3876,213.5305,105.4607,105.3901,199.6,227.76,-1.1942,12.7455,156420200
2016-12-19,180,2016-04-06,2016-12-19,225.53,213.5049,213.6491,105.6322,105.561,199.6,227.76,-0.9791,12.991,90341100
2016-12-20,180,2016-04-07,2016-12-20,226.4,213.6132,213.7601,105.9859,105.9131,199.6,227.76,-0.5971,13.4268,89838800
2016-12-21,180,2016-04-08,2016-12-21,225.77,213.7334,213.8813,105.6316,105.5586,199.6,227.76,-0.8737,13.1112,67909000
2016-12-22,180,2016-04-11,2016-12-22,225.38,213.8485,213.9973,105.3924,105.3191,199.6,227.76,-1.045,12.9158,56219100
2016-12-23,180,2016-04-12,2016-12-23,225.71,213.9682,214.1178,105.4876,105.414,199.6,227.76,-0.9001,13.0812,36697800
2016-12-27,180,2016-04-13,2016-12-27,226.27,214.0793,214.2308,105.6945,105.6197,199.6,227.76,-0.6542,13.3617,42672500
2016-12-28,180,2016-04-14,2016-12-28,224.4,214.1688,214.3219,104.7771,104.7023,199.6,227.76,-1.4752,12.4248,64095000
2016-12-29,180,2016-04-15,2016-12-29,224.35,214.2581,214.4127,104.7102,104.6347,199.6,227.76,-1.4972,12.3998,48696100
2016-12-30,180,2016-04-18,2016-12-30,223.53,214.3446,214.5002,104.2853,104.2097,199.6,227.76,-1.8572,11.989,108998300
2017-01-03,180,2016-04-19,2017-01-03,225.24,214.4313,214.5891,105.0406,104.9634,199.6,227.76,-1.1064,12.8457,91366500
2017-01-04,180,2016-04-20,2017-01-04,226.58,214.5209,214.6818,105.6214,105.5423,199.6,227.76,-0.5181,13.517,78744400
2017-01-05,180,2016-04-21,2017-01-05,226.4,214.6086,214.7723,105.4944,105.4139,199.6,227.76,-0.5971,13.4268,78379000
2017-01-06,180,2016-04-22,2017-01-06,227.21,214.7069,214.8737,105.8233,105.7412,199.6,227.76,-0.2415,13.8327,71559900
2017-01-09,180,2016-04-25,2017-01-09,226.46,214.8016,214.9708,105.4275,105.3445,199.6,227.76,-0.5708,13.4569,46939700
2017-01-10,180,2016-04-26,2017-01-10,226.46,214.8985,215.07,105.38,105.296,199.6,227.76,-0.5708,13.4569,63771900
2017-01-11,180,2016-04-27,2017-01-11,227.1,214.9969,215.171,105.6295,105.544,199.6,227.76,-0.2898,13.7776,74650000
2017-01-12,180,2016-04-28,2017-01-12,226.53,215.0899,215.2664,105.3187,105.2324,199.6,227.76,-0.54,13.492,72113200
2017-01-13,180,2016-04-29,2017-01-13,227.05,215.1969,215.3753,105.508,105.4206,199.6,227.76,-0.3117,13.7525,62717900
2017-01-17,180,2016-05-02,2017-01-17,226.25,215.3068,215.486,105.0826,104.9952,199.6,227.76,-0.663,13.3517,61240800
2017-01-18,180,2016-05-03,2017-01-18,226.75,215.4094,215.5903,105.2647,105.1763,199.6,227.76,-0.4434,13.6022,54793300
2017-01-19,180,2016-05-04,2017-01-19,225.91,215.5188,215.7001,104.8215,104.7334,199.6,227.76,-0.8123,13.1814,66608800
2017-01-20,180,2016-05-05,2017-01-20,226.74,215.6395,215.8208,105.1477,105.0594,199.6,227.76,-0.4478,13.5972,129168600
2017-01-23,180,2016-05-06,2017-01-23,226.15,215.7576,215.9384,104.8167,104.7289,199.6,227.76,-0.7069,13.3016,75061600
2017-01-24,180,2016-05-09,2017-01-24,227.6,215.8785,216.06,105.4297,105.3411,199.6,227.76,-0.0702,14.0281,95555300
2017-01-25,180,2016-05-10,2017-01-25,229.57,216.0083,216.1916,106.2783,106.1882,199.6,229.57,0.0,15.015,84437700
2017-01-26,180,2016-05-11,2017-01-26,229.33,216.1216,216.3076,106.1116,106.0203,199.6,229.57,-0.1045,14.8948,59970700
2017-01-27,180,2016-05-12,2017-01-27,228.97,216.2449,216.4324,105.8846,105.7929,199.6,229.57,-0.2614,14.7144,59711100
2017-01-30,180,2016-05-13,2017-01-30,227.55,216.361,216.549,105.1714,105.0801,199.6,229.57,-0.8799,14.003,79737300
2017-01-31,180,2016-05-16,2017-01-31,227.53,216.4882,216.6755,105.1004,105.0096,199.6,229.57,-0.8886,13.993,75880800
2017-02-01,180,2016-05-17,2017-02-01,227.62,216.6035,216.7913,105.086,104.995,199.6,229.57,-0.8494,14.0381,79117700
2017-02-02,180,2016-05-18,2017-02-02,227.77,216.7317,216.9186,105.0931,105.0025,199.6,229.57,-0.7841,14.1132,69657600
2017-02-03,180,2016-05-19,2017-02-03,229.34,216.8674,217.0543,105.7513,105.6602,199.6,229.57,-0.1002,14.8998,80563200
2017-02-06,180,2016-05-20,2017-02-06,228.93,217.0057,217.1917,105.4949,105.4046,199.6,229.57,-0.2788,14.6944,57790100
2017-02-07,180,2016-05-23,2017-02-07,228.94,217.1362,217.322,105.4361,105.346,199.6,229.57,-0.2744,14.6994,57931200
2017-02-08,180,2016-05-24,2017-02-08,229.24,217.2701,217.4555,105.5092,105.4193,199.6,229.57,-0.1437,14.8497,51566200
2017-02-09,180,2016-05-25,2017-02-09,230.6,217.3945,217.5818,106.0744,105.9831,199.6,230.6,0.0,15.5311,65955200
2017-02-10,180,2016-05-26,2017-02-10,231.51,217.515,217.7053,106.434,106.341,199.6,231.51,0.0,15.987,66015900
2017-02-13,180,2016-05-27,2017-02-13,232.77,217.6415,217.8354,106.9511,106.8559,199.6,232.77,0.0,16.6182,55182100
2017-02-14,180,2016-05-31,2017-02-14,233.7,217.7672,217.9658,107.3164,107.2187,199.6,233.7,0.0,17.0842,71109000
2017-02-15,180,2016-06-01,2017-02-15,234.92,217.9014,218.1051,107.8103,107.7095,199.6,234.92,0.0,17.6954,86785800
2017-02-16,180,2016-06-02,2017-02-16,234.72,218.0321,218.2409,107.6539,107.5509,199.6,234.92,-0.0851,17.5952,84722400
2017-02-17,180,2016-06-03,2017-02-17,235.09,218.161,218.3753,107.7599,107.6541,199.6,235.09,0.0,17.7806,77204100
2017-02-21,180,2016-06-06,2017-02-21,236.49,218.3004,218.5209,108.3324,108.2231,199.6,236.49,0.0,18.482,88946100
2017-02-22,180,2016-06-07,2017-02-22,236.28,218.4327,218.6594,108.1706,108.0585,199.6,236.49,-0.0888,18.3767,62115200
2017-02-23,180,2016-06-08,2017-02-23,236.44,218.5639,218.7969,108.1789,108.0637,199.6,236.49,-0.0211,18.4569,74615900
2017-02-24,180,2016-06-09,2017-02-24,236.74,218.6926,218.9323,108.2524,108.1339,199.6,236.74,0.0,18.6072,82381600
2017-02-27,180,2016-06-10,2017-02-27,237.11,218.8249,219.0714,108.356,108.2341,199.6,237.11,0.0,18.7926,56515400
2017-02-28,180,2016-06-13,2017-02-28,236.47,218.9664,219.2181,107.9937,107.8698,199.6,237.11,-0.2699,18.4719,96961900
2017-03-01,180,2016-06-14,2017-03-01,239.78,219.1335,219.3921,109.4219,109.2929,199.6,239.78,0.0,20.1303,149158200
2017-03-02,180,2016-06-15,2017-03-02,238.27,219.2963,219.5601,108.6521,108.5216,199.6,239.78,-0.6297,19.3737,70246000
2017-03-03,180,2016-06-16,2017-03-03,238.42,219.4619,219.7304,108.6385,108.5057,199.6,239.78,-0.5672,19.4489,81974300
2017-03-06,180,2016-06-17,2017-03-06,237.71,219.6205,219.8934,108.2367,108.1024,199.6,239.78,-0.8633,19.0932,55391500
2017-03-07,180,2016-06-20,2017-03-07,237.0,219.7875,220.0628,107.8314,107.6965,199.6,239.78,-1.1594,18.7375,65103700
2017-03-08,180,2016-06-21,2017-03-08,236.56,219.9443,220.2223,107.5545,107.4187,199.6,239.78,-1.3429,18.517,78168800
2017-03-09,180,2016-06-22,2017-03-09,236.86,220.0991,220.3802,107.6152,107.4779,199.6,239.78,-1.2178,18.6673,90683900
2017-03-10,180,2016-06-23,2017-03-10,237.69,220.2602,220.5446,107.9133,107.7741,199.6,239.78,-0.8716,19.0832,81991700
2017-03-13,180,2016-06-24,2017-03-13,237.81,220.4055,220.6946,107.8966,107.7553,199.6,239.78,-0.8216,19.1433,57256800
2017-03-14,180,2016-06-27,2017-03-14,236.9,220.5943,220.8816,107.3917,107.252,199.6,239.78,-1.2011,18.6874,59880800
2017-03-15,180,2016-06-28,2017-03-15,238.95,220.8176,221.1002,108.2115,108.0732,203.2,239.78,-0.3462,17.5935,96081800
2017-03-16,180,2016-06-29,2017-03-16,238.48,221.015,221.2962,107.9022,107.7651,206.66,239.78,-0.5422,15.3973,78344000
2017-03-17,180,2016-06-30,2017-03-17,237.03,221.1834,221.4649,107.1645,107.0283,208.41,239.78,-1.1469,13.7325,89002100
2017-03-20,180,2016-07-01,2017-03-20,236.77,221.333,221.6165,106.9746,106.8377,208.41,239.78,-1.2553,13.6078,52537000
2017-03-21,180,2016-07-05,2017-03-21,233.73,221.4652,221.7488,105.538,105.4031,208.41,239.78,-2.5231,12.1491,131809300
2017-03-22,180,2016-07-06,2017-03-22,234.28,221.6096,221.8925,105.7174,105.5827,208.55,239.78,-2.2938,12.3376,97569200
2017-03-23,180,2016-07-07,2017-03-23,234.03,221.7452,222.0279,105.54,105.4057,208.55,239.78,-2.398,12.2177,100410300
2017-03-24,180,2016-07-08,2017-03-24,233.86,221.8809,222.1631,105.3989,105.265,208.55,239.78,-2.4689,12.1362,112504900
2017-03-27,180,2016-07-11,2017-03-27,233.62,221.9964,222.2796,105.2359,105.1019,208.55,239.78,-2.569,12.0211,87454500
2017-03-28,180,2016-07-12,2017-03-28,235.32,222.116,222.4013,105.9446,105.8087,208.55,239.78,-1.86,12.8363,93483900
2017-03-29,180,2016-07-13,2017-03-29,235.54,222.2275,222.5157,105.9905,105.8532,208.55,239.78,-1.7683,12.9417,61950400
2017-03-30,180,2016-07-14,2017-03-30,236.29,222.3431,222.6344,106.2727,106.1336,208.55,239.78,-1.4555,13.3014,56737900
2017-03-31,180,2016-07-15,2017-03-31,235.74,222.4489,222.7434,105.9749,105.8348,208.55,239.78,-1.6849,13.0376,73733100
2017-04-03,180,2016-07-18,2017-04-03,235.33,222.5545,222.8518,105.7404,105.5993,208.55,239.78,-1.8559,12.841,85546500
2017-04-04,180,2016-07-19,2017-04-04,235.48,222.6575,222.9577,105.7589,105.6164,208.55,239.78,-1.7933,12.913,56466200
2017-04-05,180,2016-07-20,2017-04-05,234.78,222.7584,223.061,105.3967,105.2537,208.55,239.78,-2.0852,12.5773,108800600
2017-04-06,180,2016-07-21,2017-04-06,235.44,222.8574,223.1629,105.646,105.5014,208.55,239.78,-1.81,12.8938,69135800
2017-04-07,180,2016-07-22,2017-04-07,235.2,222.9601,223.2681,105.4897,105.3442,208.55,239.78,-1.9101,12.7787,74412300
2017-04-10,180,2016-07-25,2017-04-10,235.34,223.058,223.3687,105.5062,105.3594,208.55,239.78,-1.8517,12.8458,67615300
2017-04-11,180,2016-07-26,2017-04-11,235.06,223.1579,223.4709,105.3335,105.1859,208.55,239.78,-1.9685,12.7116,88045300
2017-04-12,180,2016-07-27,2017-04-12,234.03,223.2522,223.5669,104.8276,104.6801,208.55,239.78,-2.398,12.2177,81864400
2017-04-13,180,2016-07-28,2017-04-13,232.51,223.3402,223.6558,104.1057,103.9589,208.55,239.78,-3.0319,11.4888,92880400
2017-04-17,180,2016-07-29,2017-04-17,234.57,223.4373,223.7547,104.9825,104.8336,208.55,239.78,-2.1728,12.4766,68405400
2017-04-18,180,2016-08-01,2017-04-18,233.87,223.5288,223.8477,104.6263,104.4773,208.55,239.78,-2.4648,12.141,83225800
2017-04-19,180,2016-08-02,2017-04-19,233.44,223.6193,223.9394,104.3917,104.2425,208.55,239.78,-2.6441,11.9348,68699900
2017-04-20,180,2016-08-03,2017-04-20,235.34,223.7277,224.0493,105.1904,105.0394,208.55,239.78,-1.8517,12.8458,92572200
2017-04-21,180,2016-08-04,2017-04-21,234.59,223.8287,224.1516,104.8078,104.6568,208.55,239.78,-2.1645,12.4862,110389800
2017-04-24,180,2016-08-05,2017-04-24,237.17,223.9413,224.2669,105.9072,105.7534,208.55,239.78,-1.0885,13.7233,119209900
2017-04-25,180,2016-08-08,2017-04-25,238.55,224.0504,224.3801,106.4716,106.3151,208.55,239.78,-0.513,14.385,76698300
2017-04-26,180,2016-08-09,2017-04-26,238.4,224.1596,224.4932,106.3528,106.1948,208.55,239.78,-0.5755,14.3131,84702500
2017-04-27,180,2016-08-10,2017-04-27,238.6,224.2692,224.6066,106.39,106.2302,208.55,239.78,-0.4921,14.409,57410300
2017-04-28,180,2016-08-11,2017-04-28,238.08,224.3795,224.7202,106.106,105.9451,208.55,239.78,-0.709,14.1597,63532800
2017-05-01,180,2016-08-12,2017-05-01,238.68,224.4869,224.8314,106.3225,106.1595,208.55,239.78,-0.4588,14.4474,66882500
2017-05-02,180,2016-08-15,2017-05-02,238.77,224.5959,224.9443,106.3109,106.1463,208.55,239.78,-0.4212,14.4905,57375700
2017-05-03,180,2016-08-16,2017-05-03,238.48,224.7,225.052,106.1326,105.9666,208.55,239.78,-0.5422,14.3515,73137700
2017-05-04,180,2016-08-17,2017-05-04,238.76,224.8122,225.1676,106.2042,106.0366,208.55,239.78,-0.4254,14.4857,61462700
2017-05-05,180,2016-08-18,2017-05-05,239.7,224.9266,225.2861,106.5681,106.3981,208.55,239.78,-0.0334,14.9365,62001300
2017-05-08,180,2016-08-19,2017-05-08,239.66,225.0382,225.4016,106.4975,106.3258,208.55,239.78,-0.05,14.9173,48385700
2017-05-09,180,2016-08-22,2017-05-09,239.44,225.1506,225.5177,106.3466,106.1735,208.55,239.78,-0.1418,14.8118,51363200
2017-05-10,180,2016-08-23,2017-05-10,239.87,225.2653,225.6363,106.4833,106.3083,208.55,239.87,0.0,15.018,54293800
2017-05-11,180,2016-08-24,2017-05-11,239.38,225.3751,225.7497,106.214,106.0378,208.55,239.87,-0.2043,14.783,62358300
2017-05-12,180,2016-08-25,2017-05-12,238.98,225.4897,225.8671,105.9827,105.8056,208.55,239.87,-0.371,14.5912,53912700
2017-05-15,180,2016-08-26,2017-05-15,240.3,225.6118,225.9926,106.5104,106.3309,208.55,240.3,0.0,15.2242,61918900
2017-05-16,180,2016-08-29,2017-05-16,240.08,225.7354,226.1192,106.3546,106.1741,208.55,240.3,-0.0916,15.1187,51241800
2017-05-17,180,2016-08-30,2017-05-17,235.82,225.8314,226.2162,104.423,104.2454,208.55,240.3,-1.8643,13.076,172174100
2017-05-18,180,2016-08-31,2017-05-18,236.77,225.9345,226.3205,104.7959,104.6171,208.55,240.3,-1.469,13.5315,107047700
2017-05-19,180,2016-09-01,2017-05-19,238.31,226.0492,226.4368,105.424,105.2435,208.55,240.3,-0.8281,14.27,115011400
2017-05-22,180,2016-09-02,2017-05-22,239.52,226.1699,226.5597,105.9027,105.7205,208.55,240.3,-0.3246,14.8502,61010600
2017-05-23,180,2016-09-06,2017-05-23,240.05,226.2875,226.6802,106.0819,105.8981,208.55,240.3,-0.104,15.1043,48341700
2017-05-24,180,2016-09-07,2017-05-24,240.61,226.404,226.8001,106.2746,106.089,208.55,240.61,0.0,15.3728,46927700
2017-05-25,180,2016-09-08,2017-05-25,241.76,226.5264,226.9264,106.7248,106.5367,208.55,241.76,0.0,15.9242,64071700
2017-05-26,180,2016-09-09,2017-05-26,241.71,226.6517,227.0553,106.6438,106.4542,208.55,241.76,-0.0207,15.9003,46629900
2017-05-30,180,2016-09-12,2017-05-30,241.5,226.8082,227.2121,106.4776,106.2883,208.55,241.76,-0.1075,15.7996,35201900
2017-05-31,180,2016-09-13,2017-05-31,241.44,226.9456,227.3516,106.3867,106.1968,208.55,241.76,-0.1324,15.7708,91796000
2017-06-01,180,2016-09-14,2017-06-01,243.36,227.1119,227.5189,107.1542,106.9625,208.55,243.36,0.0,16.6914,68962000
2017-06-02,180,2016-09-15,2017-06-02,244.17,227.2828,227.6913,107.43,107.2373,208.55,244.17,0.0,17.0798,88666100
2017-06-05,180,2016-09-16,2017-06-05,243.99,227.4398,227.8508,107.2768,107.0832,208.55,244.17,-0.0737,16.9935,44698800
2017-06-06,180,2016-09-19,2017-06-06,243.21,227.6051,228.0166,106.8561,106.6633,208.55,244.17,-0.3932,16.6195,50375400
2017-06-07,180,2016-09-20,2017-06-07,243.66,227.7727,228.1846,106.9751,106.782,208.55,244.17,-0.2089,16.8353,54144300
2017-06-08,180,2016-09-21,2017-06-08,243.78,227.941,228.3533,106.9487,106.7556,208.55,244.17,-0.1597,16.8928,65950700
2017-06-09,180,2016-09-22,2017-06-09,243.41,228.0927,228.5066,106.7154,106.5221,208.55,244.17,-0.3113,16.7154,132256400
2017-06-12,180,2016-09-23,2017-06-12,243.36,228.236,228.652,106.6265,106.4325,208.55,244.17,-0.3317,16.6914,86108100
2017-06-13,180,2016-09-26,2017-06-13,244.55,228.3925,228.8107,107.0744,106.8788,208.55,244.55,0.0,17.262,60067000
2017-06-14,180,2016-09-27,2017-06-14,244.24,228.5588,228.9773,106.8609,106.6656,208.55,244.55,-0.1268,17.1134,78602300
2017-06-15,180,2016-09-28,2017-06-15,243.77,228.7147,229.134,106.5826,106.3875,208.55,244.55,-0.319,16.888,66464900
2017-06-16,180,2016-09-29,2017-06-16,242.64,228.8585,229.2784,106.0218,105.8277,208.55,244.55,-0.781,16.3462,84553100
2017-06-19,180,2016-09-30,2017-06-19,244.66,229.0247,229.445,106.8269,106.6312,208.55,244.66,0.0,17.3148,65123800
2017-06-20,180,2016-10-03,2017-06-20,243.01,229.1729,229.5934,106.0379,105.8436,208.55,244.66,-0.6744,16.5236,56906400
2017-06-21,180,2016-10-04,2017-06-21,242.95,229.3242,229.7443,105.9417,105.748,208.55,244.66,-0.6989,16.4948,55977600
2017-06-22,180,2016-10-05,2017-06-22,242.84,229.4821,229.9008,105.8209,105.6282,208.55,244.66,-0.7439,16.4421,44148100
2017-06-23,180,2016-10-06,2017-06-23,243.13,229.6357,230.0536,105.8764,105.6841,208.55,244.66,-0.6254,16.5812,66986800
2017-06-26,180,2016-10-07,2017-06-26,243.29,229.7893,230.2064,105.8752,105.6834,208.55,244.66,-0.56,16.6579,56700500
2017-06-27,180,2016-10-10,2017-06-27,241.33,229.938,230.3524,104.9544,104.7655,208.55,244.66,-1.3611,15.7181,82247700
2017-06-28,180,2016-10-11,2017-06-28,243.49,230.0906,230.5043,105.8235,105.6336,208.55,244.66,-0.4782,16.7538,70042600
2017-06-29,180,2016-10-12,2017-06-29,241.35,230.2502,230.6594,104.8208,104.6348,208.55,244.66,-1.3529,15.7276,106949700
2017-06-30,180,2016-10-13,2017-06-30,241.8,230.4104,230.8154,104.9432,104.759,208.55,244.66,-1.169,15.9434,86820700
2017-07-03,180,2016-10-14,2017-07-03,242.21,230.5774,230.9777,105.045,104.863,208.55,244.66,-1.0014,16.14,39153800
2017-07-05,180,2016-10-17,2017-07-05,242.77,230.7468,231.1424,105.2106,105.0305,208.55,244.66,-0.7725,16.4085,54427600
2017-07-06,180,2016-10-18,2017-07-06,240.55,230.91,231.2989,104.1748,103.9996,208.55,244.66,-1.6799,15.344,65400800
2017-07-07,180,2016-10-19,2017-07-07,242.11,231.0727,231.4567,104.7765,104.6027,208.55,244.66,-1.0423,16.0921,57972300
2017-07-10,180,2016-10-20,2017-07-10,242.37,231.2333,231.6127,104.8162,104.6445,208.55,244.66,-0.936,16.2167,36663300
2017-07-11,180,2016-10-21,2017-07-11,242.19,231.3958,231.77,104.6648,104.4958,208.55,244.66,-1.0096,16.1304,50354600
2017-07-12,180,2016-10-24,2017-07-12,244.01,231.567,231.9368,105.3734,105.2054,208.55,244.66,-0.2657,17.0031,59610400
2017-07-13,180,2016-10-25,2017-07-13,244.42,231.7346,232.1009,105.4741,105.3077,208.55,244.66,-0.0981,17.1997,39471600
2017-07-14,180,2016-10-26,2017-07-14,245.56,231.9128,232.2753,105.8846,105.7194,208.55,245.56,0.0,17.7463,60262700
2017-07-17,180,2016-10-27,2017-07-17,245.53,232.0939,232.4519,105.7891,105.6262,208.55,245.56,-0.0122,17.732,33531900
2017-07-18,180,2016-10-28,2017-07-18,245.66,232.2797,232.6324,105.7604,105.6001,208.55,245.66,0.0,17.7943,42742500
2017-07-19,180,2016-10-31,2017-07-19,246.99,232.4766,232.8238,106.2429,106.0845,208.55,246.99,0.0,18.432,51034300
2017-07-20,180,2016-11-01,2017-07-20,247.1,232.6743,233.0157,106.2,106.0443,208.55,247.1,0.0,18.4848,47135200
2017-07-21,180,2016-11-02,2017-07-21,246.88,232.8816,233.215,106.011,105.8594,208.55,247.1,-0.089,18.3793,82340800
2017-07-24,180,2016-11-03,2017-07-24,246.82,233.0976,233.421,105.887,105.7403,208.55,247.1,-0.1133,18.3505,46622300
2017-07-25,180,2016-11-04,2017-07-25,247.42,233.3236,233.6357,106.0416,105.8999,208.55,247.42,0.0,18.6382,54915600
2017-07-26,180,2016-11-07,2017-07-26,247.43,233.5517,233.8517,105.9423,105.8064,213.15,247.43,0.0,16.0826,47575400
2017-07-27,180,2016-11-08,2017-07-27,247.2,233.7477,234.0408,105.755,105.6226,214.11,247.43,-0.093,15.4547,70766600
2017-07-28,180,2016-11-09,2017-07-28,246.91,233.9362,234.2231,105.5459,105.4166,216.38,247.43,-0.2102,14.1094,50088400
2017-07-31,180,2016-11-10,2017-07-31,246.77,234.1094,234.3919,105.408,105.2809,216.42,247.43,-0.2667,14.0237,65838700
2017-08-01,180,2016-11-11,2017-08-01,247.32,234.282,234.5608,105.5651,105.4396,216.42,247.43,-0.0445,14.2778,55050400
2017-08-02,180,2016-11-14,2017-08-02,247.44,234.4588,234.7331,105.5367,105.4133,216.59,247.44,0.0,14.2435,47211200
2017-08-03,180,2016-11-15,2017-08-03,246.96,234.6323,234.9018,105.254,105.1333,217.87,247.44,-0.194,13.352,40856000
2017-08-04,180,2016-11-16,2017-08-04,247.41,234.7974,235.0637,105.3717,105.2523,217.87,247.44,-0.0121,13.5585,60191800
2017-08-07,180,2016-11-17,2017-08-07,247.87,234.9677,235.2303,105.4911,105.3733,218.5,247.87,0.0,13.4416,31995000
2017-08-08,180,2016-11-18,2017-08-08,247.26,235.1279,235.3874,105.1598,105.0439,218.5,247.87,-0.2461,13.1625,61719400
2017-08-09,180,2016-11-21,2017-08-09,247.25,235.2915,235.5471,105.0824,104.9684,219.57,247.87,-0.2501,12.6065,62632600
2017-08-10,180,2016-11-22,2017-08-10,243.76,235.4269,235.6783,103.5396,103.4291,219.57,247.87,-1.6581,11.017,120479500
2017-08-11,180,2016-11-23,2017-08-11,244.12,235.5616,235.8091,103.6332,103.5244,219.57,247.87,-1.5129,11.1809,74869900
2017-08-14,180,2016-11-25,2017-08-14,246.54,235.708,235.9526,104.5955,104.4871,219.57,247.87,-0.5366,12.2831,73291900
2017-08-15,180,2016-11-28,2017-08-15,246.51,235.8494,236.0914,104.5201,104.4129,219.57,247.87,-0.5487,12.2694,55242700
2017-08-16,180,2016-11-29,2017-08-16,246.94,235.9997,236.2384,104.6357,104.53,219.57,247.87,-0.3752,12.4653,56715500
2017-08-17,180,2016-11-30,2017-08-17,243.09,236.1275,236.3617,102.9486,102.8466,219.57,247.87,-1.9284,10.7118,128490400
2017-08-18,180,2016-12-01,2017-08-18,242.71,236.2569,236.4857,102.7314,102.632,219.57,247.87,-2.0817,10.5388,136748000
2017-08-21,180,2016-12-02,2017-08-21,242.9,236.3926,236.6153,102.7528,102.6561,219.68,247.87,-2.0051,10.5699,65469700
2017-08-22,180,2016-12-05,2017-08-22,245.44,236.5411,236.7584,103.7621,103.6668,221.0,247.87,-0.9803,11.0588,63140100
2017-08-23,180,2016-12-06,2017-08-23,244.56,236.6766,236.8893,103.3309,103.2381,221.7,247.87,-1.3354,10.3112,50203800
2017-08-24,180,2016-12-07,2017-08-24,243.99,236.8049,237.0132,103.0342,102.9436,223.53,247.87,-1.5653,9.1531,50741700
2017-08-25,180,2016-12-08,2017-08-25,244.56,236.9182,237.1241,103.2255,103.1359,223.53,247.87,-1.3354,9.4081,64445900
2017-08-28,180,2016-12-09,2017-08-28,244.57,237.0282,237.2319,103.1818,103.0932,223.53,247.87,-1.3313,9.4126,40565600
2017-08-29,180,2016-12-12,2017-08-29,244.85,237.1315,237.3338,103.255,103.1669,223.53,247.87,-1.2184,9.5379,51135700
2017-08-30,180,2016-12-13,2017-08-30,246.01,237.2424,237.4436,103.6956,103.6078,223.53,247.87,-0.7504,10.0568,62030800
2017-08-31,180,2016-12-14,2017-08-31,247.49,237.3519,237.5532,104.2713,104.183,223.53,247.87,-0.1533,10.7189,103803900
2017-09-01,180,2016-12-15,2017-09-01,247.84,237.4748,237.6752,104.3648,104.2767,223.53,247.87,-0.0121,10.8755,62007000
2017-09-05,180,2016-12-16,2017-09-05,246.06,237.5829,237.7822,103.5681,103.4813,223.53,247.87,-0.7302,10.0792,91398800
2017-09-06,180,2016-12-19,2017-09-06,246.9,237.7063,237.9036,103.8677,103.7815,223.53,247.87,-0.3913,10.455,57916900
2017-09-07,180,2016-12-20,2017-09-07,246.87,237.8267,238.0222,103.8025,103.7172,223.53,247.87,-0.4034,10.4415,58034700
2017-09-08,180,2016-12-21,2017-09-08,246.58,237.9404,238.1343,103.631,103.5466,223.53,247.87,-0.5204,10.3118,63832800
2017-09-11,180,2016-12-22,2017-09-11,249.21,238.0715,238.2645,104.6787,104.5938,223.53,249.21,0.0,11.4884,71364800
2017-09-12,180,2016-12-23,2017-09-12,250.05,238.2094,238.4016,104.9707,104.8861,223.53,250.05,0.0,11.8642,56896000
2017-09-13,180,2016-12-27,2017-09-13,250.17,238.346,238.5374,104.9608,104.8766,223.53,250.17,0.0,11.9179,59228000
2017-09-14,180,2016-12-28,2017-09-14,250.09,238.4789,238.6698,104.8688,104.7849,223.53,250.17,-0.032,11.8821,95446300
2017-09-15,180,2016-12-29,2017-09-15,249.19,238.6191,238.8075,104.43,104.3476,223.53,250.17,-0.3917,11.4794,95432400
2017-09-18,180,2016-12-30,2017-09-18,249.72,238.7624,238.9484,104.5893,104.5079,223.53,250.17,-0.1799,11.7165,46235200
2017-09-19,180,2017-01-03,2017-09-19,249.97,238.9124,239.0953,104.6283,104.5483,225.24,250.17,-0.0799,10.9794,47108100
2017-09-20,180,2017-01-04,2017-09-20,250.06,239.0522,239.2332,104.6048,104.5256,225.91,250.17,-0.044,10.6901,59574100
2017-09-21,180,2017-01-05,2017-09-21,249.39,239.1804,239.3599,104.2686,104.1904,225.91,250.17,-0.3118,10.3935,48211400
2017-09-22,180,2017-01-06,2017-09-22,249.44,239.3102,239.4879,104.2329,104.1556,225.91,250.17,-0.2918,10.4157,51214000
2017-09-25,180,2017-01-09,2017-09-25,248.93,239.4324,239.6086,103.9667,103.8903,225.91,250.17,-0.4957,10.1899,57064400
2017-09-26,180,2017-01-10,2017-09-26,249.08,239.5602,239.7343,103.9739,103.8984,225.91,250.17,-0.4357,10.2563,54082000
2017-09-27,180,2017-01-11,2017-09-27,250.05,239.6931,239.8653,104.3209,104.246,225.91,250.17,-0.048,10.6857,81001400
2017-09-28,180,2017-01-12,2017-09-28,250.35,239.8237,239.9945,104.3892,104.3149,225.91,250.35,0.0,10.8185,44778800
2017-09-29,180,2017-01-13,2017-09-29,251.23,239.9624,240.1317,104.6955,104.6217,225.91,251.23,0.0,11.208,85578000
2017-10-02,180,2017-01-17,2017-10-02,252.32,240.1036,240.2721,105.088,105.0143,225.91,252.32,0.0,11.6905,59023000
2017-10-03,180,2017-01-18,2017-10-03,252.86,240.2527,240.4199,105.2475,105.1743,225.91,252.86,0.0,11.9295,66810200
2017-10-04,180,2017-01-19,2017-10-04,253.16,240.4003,240.5667,105.3077,105.2349,225.91,253.16,0.0,12.0623,55953600
2017-10-05,180,2017-01-20,2017-10-05,254.66,240.5609,240.7264,105.8609,105.7882,226.15,254.66,0.0,12.6067,63522800
2017-10-06,180,2017-01-23,2017-10-06,254.37,240.715,240.8799,105.6727,105.6003,226.15,254.66,-0.1139,12.4784,80646000
2017-10-09,180,2017-01-24,2017-10-09,253.95,240.8709,241.0343,105.4299,105.3584,227.53,254.66,-0.2788,11.6117,35803100
2017-10-10,180,2017-01-25,2017-10-10,254.62,241.0213,241.1844,105.6421,105.5707,227.53,254.66,-0.0157,11.9061,43057400
2017-10-11,180,2017-01-26,2017-10-11,255.02,241.1617,241.3258,105.7465,105.6746,227.53,255.02,0.0,12.0819,47674300
2017-10-12,180,2017-01-27,2017-10-12,254.64,241.3018,241.4664,105.5276,105.4556,227.53,255.02,-0.149,11.9149,47065100
2017-10-13,180,2017-01-30,2017-10-13,254.95,241.4458,241.6108,105.593,105.521,227.53,255.02,-0.0275,12.0512,54800400
2017-10-16,180,2017-01-31,2017-10-16,255.29,241.6006,241.7649,105.6661,105.5943,227.53,255.29,0.0,12.2006,38221700
2017-10-17,180,2017-02-01,2017-10-17,255.47,241.7566,241.9201,105.6724,105.601,227.62,255.47,0.0,12.2353,31561000
2017-10-18,180,2017-02-02,2017-10-18,255.72,241.9134,242.0762,105.7072,105.6361,227.77,255.72,0.0,12.2711,40888300
2017-10-19,180,2017-02-03,2017-10-19,255.79,242.0699,242.2319,105.6678,105.5972,228.93,255.79,0.0,11.7328,61903800
2017-10-20,180,2017-02-06,2017-10-20,257.11,242.2233,242.3862,106.1459,106.0745,228.93,257.11,0.0,12.3094,89176400
2017-10-23,180,2017-02-07,2017-10-23,256.11,242.3745,242.5372,105.667,105.5962,228.94,257.11,-0.3889,11.8677,63915300
2017-10-24,180,2017-02-08,2017-10-24,256.56,242.5281,242.6906,105.7857,105.7148,229.24,257.11,-0.2139,11.9176,66935900
2017-10-25,180,2017-02-09,2017-10-25,255.29,242.6736,242.8353,105.1989,105.1288,230.6,257.11,-0.7079,10.7068,103715300
2017-10-26,180,2017-02-10,2017-10-26,255.62,242.8126,242.9743,105.2746,105.2045,231.51,257.11,-0.5795,10.4142,69798000
2017-10-27,180,2017-02-13,2017-10-27,257.71,242.9565,243.1199,106.0725,106.0012,232.51,257.71,0.0,10.8382,85562500
2017-10-30,180,2017-02-14,2017-10-30,256.75,243.0881,243.2531,105.6201,105.5485,232.51,257.71,-0.3725,10.4254,54285700
2017-10-31,180,2017-02-15,2017-10-31,257.15,243.2163,243.3834,105.7289,105.6563,232.51,257.71,-0.2173,10.5974,60304800
2017-11-01,180,2017-02-16,2017-11-01,257.49,243.339,243.5088,105.8153,105.7416,232.51,257.71,-0.0854,10.7436,54202700
2017-11-02,180,2017-02-17,2017-11-02,257.59,243.4635,243.6358,105.8023,105.7275,232.51,257.71,-0.0466,10.7866,56449500
2017-11-03,180,2017-02-21,2017-11-03,258.45,243.5902,243.7656,106.1004,106.024,232.51,258.45,0.0,11.1565,59589700
2017-11-06,180,2017-02-22,2017-11-06,258.85,243.7106,243.8898,106.212,106.134,232.51,258.85,0.0,11.3285,49652600
2017-11-07,180,2017-02-23,2017-11-07,258.67,243.8316,244.0142,106.0855,106.0061,232.51,258.85,-0.0695,11.2511,57502200
2017-11-08,180,2017-02-24,2017-11-08,259.11,243.9539,244.1402,106.2127,106.1316,232.51,259.11,0.0,11.4404,50469600
2017-11-09,180,2017-02-27,2017-11-09,258.17,244.0698,244.2592,105.7771,105.6951,232.51,259.11,-0.3628,11.0361,95085500
2017-11-10,180,2017-02-28,2017-11-10,258.09,244.1833,244.3758,105.6952,105.6119,232.51,259.11,-0.3937,11.0017,59984700
2017-11-13,180,2017-03-01,2017-11-13,258.33,244.3019,244.4972,105.7421,105.6576,232.51,259.11,-0.301,11.1049,50228600
2017-11-14,180,2017-03-02,2017-11-14,257.73,244.3983,244.5969,105.4549,105.3693,232.51,259.11,-0.5326,10.8469,61315200
2017-11-15,180,2017-03-03,2017-11-15,256.44,244.497,244.6979,104.8847,104.7986,232.51,259.11,-1.0304,10.292,80811500
2017-11-16,180,2017-03-06,2017-11-16,258.62,244.6059,244.8101,105.7293,105.6411,232.51,259.11,-0.1891,11.2296,67777000
2017-11-17,180,2017-03-07,2017-11-17,257.86,244.7152,244.9221,105.3715,105.2825,232.51,259.11,-0.4824,10.9028,75756800
2017-11-20,180,2017-03-08,2017-11-20,258.3,244.831,245.0404,105.5013,105.4112,232.51,259.11,-0.3126,11.092,48075500
2017-11-21,180,2017-03-09,2017-11-21,259.99,244.9579,245.1706,106.1366,106.0445,232.51,259.99,0.0,11.8188,69176800
2017-11-22,180,2017-03-10,2017-11-22,259.76,245.0821,245.2978,105.989,105.8958,232.51,259.99,-0.0885,11.7199,45033400
2017-11-24,180,2017-03-13,2017-11-24,260.36,245.2044,245.4237,106.1808,106.0859,232.51,260.36,0.0,11.978,27856500
2017-11-27,180,2017-03-14,2017-11-27,260.23,245.3254,245.5483,106.0754,105.9792,232.51,260.36,-0.0499,11.9221,52274900
2017-11-28,180,2017-03-15,2017-11-28,262.87,245.4649,245.6926,107.0906,106.9914,232.51,262.87,0.0,13.0575,98971700
2017-11-29,180,2017-03-16,2017-11-29,262.71,245.5917,245.8246,106.9702,106.8689,232.51,262.87,-0.0609,12.9887,77512100
2017-11-30,180,2017-03-17,2017-11-30,265.01,245.7325,245.9719,107.8449,107.7399,232.51,265.01,0.0,13.9779,127894400
2017-12-01,180,2017-03-20,2017-12-01,264.46,245.8793,246.1243,107.5568,107.4498,232.51,265.01,-0.2075,13.7413,164390900
2017-12-04,180,2017-03-21,2017-12-04,264.14,246.0264,246.2764,107.3625,107.2535,232.51,265.01,-0.3283,13.6037,94040600
2017-12-05,180,2017-03-22,2017-12-05,263.19,246.1876,246.4401,106.9063,106.7968,232.51,265.01,-0.6868,13.1951,77994500
2017-12-06,180,2017-03-23,2017-12-06,263.24,246.3458,246.6009,106.8579,106.7474,232.51,265.01,-0.6679,13.2166,75898600
2017-12-07,180,2017-03-24,2017-12-07,264.07,246.5098,246.7678,107.1235,107.0115,232.51,265.01,-0.3547,13.5736,77218600
2017-12-08,180,2017-03-27,2017-12-08,265.51,246.682,246.9437,107.6325,107.5185,232.51,265.51,0.0,14.1929,76563900
2017-12-11,180,2017-03-28,2017-12-11,266.31,246.8597,247.1253,107.8791,107.7632,232.51,266.31,0.0,14.537,83077500
2017-12-12,180,2017-03-29,2017-12-12,266.78,247.0295,247.3001,107.9952,107.877,232.51,266.78,0.0,14.7392,85195800
2017-12-13,180,2017-03-30,2017-12-13,266.75,247.198,247.4734,107.9094,107.7893,232.51,266.78,-0.0112,14.7263,102905400
2017-12-14,180,2017-03-31,2017-12-14,265.66,247.357,247.6366,107.3994,107.2782,232.51,266.78,-0.4198,14.2575,100666700
2017-12-15,180,2017-04-03,2017-12-15,266.51,247.5235,247.8076,107.6706,107.5472,232.51,266.78,-0.1012,14.623,144610300
2017-12-18,180,2017-04-04,2017-12-18,268.2,247.7009,247.9902,108.2757,108.1495,232.51,268.2,0.0,15.3499,83653600
2017-12-19,180,2017-04-05,2017-12-19,267.17,247.8728,248.1662,107.7851,107.6577,232.51,268.2,-0.384,14.9069,82382900
2017-12-20,180,2017-04-06,2017-12-20,267.03,248.0485,248.3454,107.6523,107.5236,232.51,268.2,-0.4362,14.8467,76751500
2017-12-21,180,2017-04-07,2017-12-21,267.58,248.223,248.5239,107.7982,107.6677,232.51,268.2,-0.2312,15.0832,67032300
2017-12-22,180,2017-04-10,2017-12-22,267.51,248.3989,248.7034,107.6937,107.5618,232.51,268.2,-0.2573,15.0531,78720900
2017-12-26,180,2017-04-11,2017-12-26,267.19,248.5726,248.8804,107.4897,107.3568,232.51,268.2,-0.3766,14.9155,45244400
2017-12-27,180,2017-04-12,2017-12-27,267.32,248.749,249.0596,107.4658,107.3317,232.51,268.2,-0.3281,14.9714,57751000
2017-12-28,180,2017-04-13,2017-12-28,267.87,248.9347,249.2476,107.6065,107.4714,232.51,268.2,-0.123,15.2079,45116100
2017-12-29,180,2017-04-17,2017-12-29,266.86,249.1254,249.4384,107.1187,106.9843,233.44,268.2,-0.4996,14.3163,96007400
2018-01-02,180,2017-04-18,2018-01-02,268.77,249.3126,249.6284,107.8044,107.668,233.44,268.77,0.0,15.1345,86655700
2018-01-03,180,2017-04-19,2018-01-03,270.47,249.5126,249.8318,108.3993,108.2608,233.44,270.47,0.0,15.8627,90070400
2018-01-04,180,2017-04-20,2018-01-04,271.61,249.721,250.0438,108.7654,108.6249,234.59,271.61,0.0,15.7807,80636400
2018-01-05,180,2017-04-21,2018-01-05,273.42,249.9262,250.2554,109.4003,109.2564,234.59,273.42,0.0,16.5523,83524000
2018-01-08,180,2017-04-24,2018-01-08,273.92,250.1387,250.4739,109.5072,109.3607,235.82,273.92,0.0,16.1564,57319200
2018-01-09,180,2017-04-25,2018-01-09,274.54,250.3384,250.6815,109.6676,109.5175,235.82,274.54,0.0,16.4193,57254000
2018-01-10,180,2017-04-26,2018-01-10,274.12,250.5279,250.8791,109.4169,109.2638,235.82,274.54,-0.153,16.2412,69574300
2018-01-11,180,2017-04-27,2018-01-11,276.12,250.7279,251.0887,110.1274,109.9691,235.82,276.12,0.0,17.0893,62361500
2018-01-12,180,2017-04-28,2018-01-12,277.92,250.9351,251.3071,110.7537,110.5898,235.82,277.92,0.0,17.8526,90816100
2018-01-16,180,2017-05-01,2018-01-16,276.97,251.1416,251.5232,110.2844,110.1171,235.82,277.92,-0.3418,17.4497,106555100
2018-01-17,180,2017-05-02,2018-01-17,279.61,251.3567,251.7506,111.2403,111.0663,235.82,279.61,0.0,18.5692,113258800
2018-01-18,180,2017-05-03,2018-01-18,279.14,251.5695,251.9748,110.9594,110.7809,235.82,279.61,-0.1681,18.3699,100728000
2018-01-19,180,2017-05-04,2018-01-19,280.41,251.7901,252.2078,111.3666,111.1821,235.82,280.41,0.0,18.9085,140920100
2018-01-22,180,2017-05-05,2018-01-22,282.69,252.0196,252.4518,112.1698,111.9778,235.82,282.69,0.0,19.8753,91322400
2018-01-23,180,2017-05-08,2018-01-23,283.29,252.2463,252.694,112.3069,112.1079,235.82,283.29,0.0,20.1298,97084700
2018-01-24,180,2017-05-09,2018-01-24,283.18,252.4732,252.9358,112.1624,111.9573,235.82,283.29,-0.0388,20.0831,134816100
2018-01-25,180,2017-05-10,2018-01-25,283.3,252.7024,253.1794,112.1082,111.8969,235.82,283.3,0.0,20.134,84587300
2018-01-26,180,2017-05-11,2018-01-26,286.58,252.9437,253.4389,113.298,113.0765,235.82,286.58,0.0,21.5249,107743100
2018-01-29,180,2017-05-12,2018-01-29,284.68,253.1802,253.6906,112.4417,112.2154,235.82,286.58,-0.663,20.7192,90118300
2018-01-30,180,2017-05-15,2018-01-30,281.76,253.4066,253.9283,111.1889,110.9605,235.82,286.58,-1.6819,19.481,131796400
2018-01-31,180,2017-05-16,2018-01-31,281.9,253.6259,254.1594,111.148,110.9146,235.82,286.58,-1.633,19.5403,108364800
2018-02-01,180,2017-05-17,2018-02-01,281.58,253.8455,254.3899,110.9258,110.6883,235.82,286.58,-1.7447,19.4046,90102500
2018-02-02,180,2017-05-18,2018-02-02,275.45,254.0641,254.6101,108.4175,108.185,236.77,286.58,-3.8837,16.3365,173174800
2018-02-05,180,2017-05-19,2018-02-05,263.93,254.22,254.761,103.8195,103.5991,238.31,286.58,-7.9036,10.7507,294681800
2018-02-06,180,2017-05-22,2018-02-06,269.13,254.3927,254.9322,105.7931,105.5692,239.52,286.58,-6.089,12.3622,355026800
2018-02-07,180,2017-05-23,2018-02-07,267.67,254.5506,255.0886,105.1539,104.9322,240.05,286.58,-6.5985,11.5059,167376100
2018-02-08,180,2017-05-24,2018-02-08,257.63,254.653,255.1863,101.169,100.9576,240.55,286.58,-10.1019,7.1004,246449500
2018-02-09,180,2017-05-25,2018-02-09,261.5,254.7727,255.3023,102.6405,102.4276,240.55,286.58,-8.7515,8.7092,283565300
2018-02-12,180,2017-05-26,2018-02-12,265.34,254.9053,255.4333,104.0936,103.8784,240.55,286.58,-7.4115,10.3055,143736000
2018-02-13,180,2017-05-30,2018-02-13,266.0,255.0417,255.5683,104.2967,104.0818,240.55,286.58,-7.1812,10.5799,81223600
2018-02-14,180,2017-05-31,2018-02-14,269.59,255.1977,255.7243,105.6396,105.4221,240.55,286.58,-5.9285,12.0723,120735700
2018-02-15,180,2017-06-01,2018-02-15,273.03,255.3712,255.8998,106.9149,106.6941,240.55,286.58,-4.7282,13.5024,111200300
2018-02-16,180,2017-06-02,2018-02-16,273.11,255.5335,256.0651,106.8783,106.6565,240.55,286.58,-4.7003,13.5356,160420100
2018-02-20,180,2017-06-05,2018-02-20,271.4,255.6827,256.2164,106.1472,105.9261,240.55,286.58,-5.2969,12.8248,86369700
2018-02-21,180,2017-06-06,2018-02-21,270.05,255.8264,256.3612,105.5599,105.3397,240.55,286.58,-5.768,12.2636,98883700
2018-02-22,180,2017-06-07,2018-02-22,270.4,255.9768,256.5122,105.6346,105.4141,240.55,286.58,-5.6459,12.4091,110511300
2018-02-23,180,2017-06-08,2018-02-23,274.71,256.1458,256.6847,107.2475,107.0223,240.55,286.58,-4.1419,14.2008,92766400
2018-02-26,180,2017-06-09,2018-02-26,277.9,256.3295,256.8743,108.4151,108.1852,240.55,286.58,-3.0288,15.5269,86491400
2018-02-27,180,2017-06-12,2018-02-27,274.43,256.4991,257.0466,106.9906,106.7627,240.55,286.58,-4.2397,14.0844,99099200
2018-02-28,180,2017-06-13,2018-02-28,271.65,256.6556,257.2038,105.8422,105.6166,240.55,286.58,-5.2097,12.9287,121907800
2018-03-01,180,2017-06-14,2018-03-01,267.7,256.7851,257.3324,104.2506,104.0289,240.55,286.58,-6.588,11.2866,176855100
2018-03-02,180,2017-06-15,2018-03-02,269.08,256.9236,257.4704,104.7315,104.5091,240.55,286.58,-6.1065,11.8603,139083200
2018-03-05,180,2017-06-16,2018-03-05,272.19,257.0808,257.6283,105.8772,105.6522,240.55,286.58,-5.0213,13.1532,97307400
2018-03-06,180,2017-06-19,2018-03-06,272.88,257.2486,257.7963,106.0764,105.851,240.55,286.58,-4.7805,13.44,79213200
2018-03-07,180,2017-06-20,2018-03-07,272.78,257.4036,257.9525,105.9737,105.7482,240.55,286.58,-4.8154,13.3985,87063500
2018-03-08,180,2017-06-21,2018-03-08,274.1,257.5755,258.1252,106.4154,106.1888,240.55,286.58,-4.3548,13.9472,66901200
2018-03-09,180,2017-06-22,2018-03-09,278.87,257.7711,258.3248,108.1851,107.9533,240.55,286.58,-2.6903,15.9302,113625300
2018-03-12,180,2017-06-23,2018-03-12,278.52,257.966,258.523,107.9677,107.7351,240.55,286.58,-2.8125,15.7847,71924800
2018-03-13,180,2017-06-26,2018-03-13,276.72,258.1507,258.7096,107.1932,106.9616,240.55,286.58,-3.4406,15.0364,91968900
2018-03-14,180,2017-06-27,2018-03-14,275.3,258.3277,258.8874,106.57,106.3396,240.55,286.58,-3.9361,14.4461,105895100
2018-03-15,180,2017-06-28,2018-03-15,275.0,258.516,259.0745,106.3764,106.1471,240.55,286.58,-4.0408,14.3213,83433000
2018-03-16,180,2017-06-29,2018-03-16,274.2,258.6869,259.2451,105.9969,105.7686,240.55,286.58,-4.3199,13.9888,100343700
2018-03-19,180,2017-06-30,2018-03-19,270.49,258.8529,259.407,104.4956,104.2724,240.55,286.58,-5.6145,12.4465,109208400
2018-03-20,180,2017-07-03,2018-03-20,270.95,259.0186,259.5689,104.6064,104.3846,240.55,286.58,-5.454,12.6377,59757300
2018-03-21,180,2017-07-05,2018-03-21,270.43,259.1793,259.7257,104.3409,104.1214,240.55,286.58,-5.6354,12.4215,78709600
2018-03-22,180,2017-07-06,2018-03-22,263.67,259.3012,259.8418,101.6848,101.4733,240.55,286.58,-7.9943,9.6113,148785900
2018-03-23,180,2017-07-07,2018-03-23,258.05,259.4066,259.9391,99.477,99.2733,242.11,286.58,-9.9553,6.5838,183534800
2018-03-26,180,2017-07-10,2018-03-26,265.11,259.5406,260.0668,102.1459,101.9392,242.19,286.58,-7.4918,9.4636,141956100
2018-03-27,180,2017-07-11,2018-03-27,260.6,259.6487,260.1681,100.3664,100.166,242.19,286.58,-9.0655,7.6015,129941400
2018-03-28,180,2017-07-12,2018-03-28,259.83,259.7537,260.2661,100.0294,99.8324,242.71,286.58,-9.3342,7.0537,146452300
2018-03-29,180,2017-07-13,2018-03-29,263.15,259.8655,260.3724,101.2639,101.0668,242.71,286.58,-8.1757,8.4216,111601600
2018-04-02,180,2017-07-14,2018-04-02,257.47,259.9433,260.4449,99.0485,98.8577,242.71,286.58,-10.1577,6.0813,186286300
2018-04-03,180,2017-07-17,2018-04-03,260.77,260.0325,260.5294,100.2836,100.0923,242.71,286.58,-9.0062,7.441,119956900
2018-04-04,180,2017-07-18,2018-04-04,263.56,260.1372,260.6296,101.3158,101.1243,242.71,286.58,-8.0327,8.5905,123715300
2018-04-05,180,2017-07-19,2018-04-05,265.64,260.2524,260.7406,102.0702,101.879,242.71,286.58,-7.3069,9.4475,82652600
2018-04-06,180,2017-07-20,2018-04-06,259.72,260.3271,260.8113,99.7668,99.5816,242.71,286.58,-9.3726,7.0084,179521200
2018-04-09,180,2017-07-21,2018-04-09,261.0,260.4082,260.8886,100.2272,100.0427,242.71,286.58,-8.926,7.5357,105442900
2018-04-10,180,2017-07-24,2018-04-10,265.15,260.5134,260.9901,101.7798,101.5939,242.71,286.58,-7.4778,9.2456,103529000
2018-04-11,180,2017-07-25,2018-04-11,263.76,260.6116,261.0842,101.2081,101.0249,242.71,286.58,-7.9629,8.6729,91140200
2018-04-12,180,2017-07-26,2018-04-12,265.93,260.7178,261.187,101.9992,101.8159,242.71,286.58,-7.2057,9.567,68890500
2018-04-13,180,2017-07-27,2018-04-13,265.15,260.8198,261.2854,101.6602,101.4791,242.71,286.58,-7.4778,9.2456,85079200
2018-04-16,180,2017-07-28,2018-04-16,267.33,260.935,261.3973,102.4508,102.2696,242.71,286.58,-6.7171,10.1438,63405300
2018-04-17,180,2017-07-31,2018-04-17,270.19,261.067,261.5266,103.4945,103.3126,242.71,286.58,-5.7192,11.3222,64682000
2018-04-18,180,2017-08-01,2018-04-18,270.39,261.2011,261.6578,103.5179,103.3373,242.71,286.58,-5.6494,11.4046,57303900
2018-04-19,180,2017-08-02,2018-04-19,268.89,261.3241,261.7777,102.8952,102.7169,242.71,286.58,-6.1728,10.7865,77655900
2018-04-20,180,2017-08-03,2018-04-20,266.61,261.4344,261.8842,101.9797,101.8045,242.71,286.58,-6.9684,9.8471,99953100
2018-04-23,180,2017-08-04,2018-04-23,266.57,261.5476,261.9931,101.9203,101.747,242.71,286.58,-6.9823,9.8307,65558000
2018-04-24,180,2017-08-07,2018-04-24,262.98,261.6386,262.0796,100.5127,100.3436,242.71,286.58,-8.235,8.3515,112885500
2018-04-25,180,2017-08-08,2018-04-25,263.63,261.7303,262.1672,100.7258,100.558,242.71,286.58,-8.0082,8.6193,103840900
2018-04-26,180,2017-08-09,2018-04-26,266.31,261.8405,262.273,101.707,101.5392,242.71,286.58,-7.0731,9.7235,67731900
2018-04-27,180,2017-08-10,2018-04-27,266.56,261.9521,262.3803,101.7591,101.593,242.71,286.58,-6.9858,9.8265,57053600
2018-04-30,180,2017-08-11,2018-04-30,264.51,262.0749,262.4956,100.9292,100.7674,242.71,286.58,-7.7012,8.9819,82182300
2018-05-01,180,2017-08-14,2018-05-01,264.98,262.198,262.6114,101.061,100.9019,242.71,286.58,-7.5372,9.1756,74203400
2018-05-02,180,2017-08-15,2018-05-02,263.2,262.2961,262.704,100.3446,100.1888,242.71,286.58,-8.1583,8.4422,86368900
2018-05-03,180,2017-08-16,2018-05-03,262.62,262.3912,262.7935,100.0872,99.934,242.71,286.58,-8.3607,8.2032,136311500
2018-05-04,180,2017-08-17,2018-05-04,266.02,262.5023,262.8995,101.34,101.187,242.71,286.58,-7.1743,9.604,91222100
2018-05-07,180,2017-08-18,2018-05-07,266.92,262.643,263.0319,101.6284,101.4782,242.71,286.58,-6.8602,9.9749,55304900
2018-05-08,180,2017-08-21,2018-05-08,266.92,262.7863,263.1664,101.573,101.4263,242.9,286.58,-6.8602,9.8889,67499200
2018-05-09,180,2017-08-22,2018-05-09,269.5,262.9423,263.3142,102.494,102.3492,243.99,286.58,-5.9599,10.4553,59666100
2018-05-10,180,2017-08-23,2018-05-10,272.02,263.0953,263.4618,103.3922,103.2483,243.99,286.58,-5.0806,11.4882,72063900
2018-05-11,180,2017-08-24,2018-05-11,272.85,263.2584,263.619,103.6434,103.5016,243.99,286.58,-4.791,11.8284,59871500
2018-05-14,180,2017-08-25,2018-05-14,272.98,263.4261,263.7801,103.6268,103.4877,244.56,286.58,-4.7456,11.6209,54790600
2018-05-15,180,2017-08-28,2018-05-15,271.1,263.5805,263.9275,102.8528,102.7176,244.57,286.58,-5.4016,10.8476,87036100
2018-05-16,180,2017-08-29,2018-05-16,272.24,263.741,264.0812,103.2225,103.0895,244.85,286.58,-5.0038,11.1864,53942600
2018-05-17,180,2017-08-30,2018-05-17,272.01,263.8987,264.2321,103.0736,102.9436,246.01,286.58,-5.0841,10.5687,56536400
2018-05-18,180,2017-08-31,2018-05-18,271.33,264.0456,264.3728,102.7588,102.6316,246.06,286.58,-5.3214,10.2698,64368000
2018-05-21,180,2017-09-01,2018-05-21,273.37,264.1938,264.5166,103.4733,103.347,246.06,286.58,-4.6095,11.0989,58025900
2018-05-22,180,2017-09-05,2018-05-22,272.61,264.3361,264.6542,103.1301,103.0061,246.06,286.58,-4.8747,10.79,52966400
2018-05-23,180,2017-09-06,2018-05-23,273.36,264.4937,264.8058,103.3522,103.2303,246.58,286.58,-4.613,10.8606,64694200
2018-05-24,180,2017-09-07,2018-05-24,272.8,264.6432,264.9497,103.0822,102.9629,246.58,286.58,-4.8084,10.6335,76043800
2018-05-25,180,2017-09-08,2018-05-25,272.15,264.7897,265.0902,102.7797,102.6632,246.58,286.58,-5.0352,10.3699,56374800
2018-05-29,180,2017-09-11,2018-05-29,269.02,264.9216,265.2148,101.547,101.4347,248.93,286.58,-6.1274,8.0705,115908600
2018-05-30,180,2017-09-12,2018-05-30,272.61,265.0559,265.3448,102.85,102.738,248.93,286.58,-4.8747,9.5127,69678400
2018-05-31,180,2017-09-13,2018-05-31,270.94,265.1763,265.4609,102.1735,102.064,248.93,286.58,-5.4575,8.8418,93519900
2018-06-01,180,2017-09-14,2018-06-01,273.6,265.3101,265.5911,103.1246,103.0155,248.93,286.58,-4.5293,9.9104,71258400
2018-06-04,180,2017-09-15,2018-06-04,274.9,265.4513,265.7289,103.5595,103.4513,248.93,286.58,-4.0756,10.4327,45385200
2018-06-05,180,2017-09-18,2018-06-05,275.1,265.5994,265.8728,103.5771,103.4705,248.93,286.58,-4.0059,10.513,51135000
2018-06-06,180,2017-09-19,2018-06-06,277.4,265.756,266.0266,104.3814,104.2753,248.93,286.58,-3.2033,11.437,62732200
2018-06-07,180,2017-09-20,2018-06-07,277.37,265.9112,266.1788,104.3093,104.2044,248.93,286.58,-3.2138,11.4249,72969400
2018-06-08,180,2017-09-21,2018-06-08,278.19,266.0701,266.3351,104.5551,104.4511,248.93,286.58,-2.9276,11.7543,72139700
2018-06-11,180,2017-09-22,2018-06-11,278.56,266.2354,266.4972,104.6292,104.5264,248.93,286.58,-2.7985,11.9029,58892500
2018-06-12,180,2017-09-25,2018-06-12,278.92,266.4023,266.6609,104.6988,104.5972,248.93,286.58,-2.6729,12.0476,72329000
2018-06-13,180,2017-09-26,2018-06-13,278.03,266.5682,266.8226,104.2998,104.2003,249.08,286.58,-2.9835,11.6228,79070600
2018-06-14,180,2017-09-27,2018-06-14,278.73,266.7369,266.9873,104.4962,104.3982,250.05,286.58,-2.7392,11.4697,77097600
2018-06-15,180,2017-09-28,2018-06-15,277.13,266.8915,267.1378,103.8362,103.7405,250.35,286.58,-3.2975,10.697,120041600
2018-06-18,180,2017-09-29,2018-06-18,276.56,267.0414,267.2834,103.5645,103.4707,251.23,286.58,-3.4964,10.0824,52917600
2018-06-19,180,2017-10-02,2018-06-19,275.5,267.1804,267.4182,103.1139,103.0221,252.32,286.58,-3.8663,9.1867,97531500
2018-06-20,180,2017-10-03,2018-06-20,275.97,267.3151,267.5496,103.2377,103.1472,252.86,286.58,-3.7023,9.1394,53785500
2018-06-21,180,2017-10-04,2018-06-21,274.24,267.4376,267.6684,102.5435,102.4551,253.16,286.58,-4.306,8.3267,71061400
2018-06-22,180,2017-10-05,2018-06-22,274.74,267.5609,267.7883,102.6832,102.596,253.95,286.58,-4.1315,8.1866,54898500
2018-06-25,180,2017-10-06,2018-06-25,271.0,267.6551,267.8791,101.2497,101.1651,253.95,286.58,-5.4365,6.7139,137854200
2018-06-26,180,2017-10-09,2018-06-26,271.6,267.7544,267.9748,101.4362,101.3528,253.95,286.58,-5.2272,6.9502,68547400
2018-06-27,180,2017-10-10,2018-06-27,269.35,267.8441,268.0603,100.5622,100.4811,254.62,286.58,-6.0123,5.7851,105110700
2018-06-28,180,2017-10-11,2018-06-28,270.89,267.9382,268.1507,101.1017,101.0215,254.64,286.58,-5.4749,6.3816,76650500
2018-06-29,180,2017-10-12,2018-06-29,271.28,268.0319,268.2411,101.2118,101.1329,254.64,286.58,-5.3388,6.5347,97592500
2018-07-02,180,2017-10-13,2018-07-02,271.86,268.1313,268.3367,101.3906,101.313,254.95,286.58,-5.1364,6.6327,63554800
2018-07-03,180,2017-10-16,2018-07-03,270.9,268.2235,268.4253,100.9978,100.9219,255.29,286.58,-5.4714,6.1146,42187100
2018-07-05,180,2017-10-17,2018-07-05,273.11,268.3257,268.5243,101.783,101.7077,255.29,286.58,-4.7003,6.9803,56925900
2018-07-06,180,2017-10-18,2018-07-06,275.42,268.4392,268.6352,102.6005,102.5257,255.29,286.58,-3.8942,7.8852,66493700
2018-07-09,180,2017-10-19,2018-07-09,277.9,268.5642,268.7584,103.4762,103.4014,255.29,286.58,-3.0288,8.8566,50550400
2018-07-10,180,2017-10-20,2018-07-10,278.9,268.6941,268.8868,103.7983,103.724,255.29,286.58,-2.6799,9.2483,51966800
2018-07-11,180,2017-10-23,2018-07-11,276.86,268.8054,268.9965,102.9964,102.9233,255.29,286.58,-3.3917,8.4492,77054700
2018-07-12,180,2017-10-24,2018-07-12,279.37,268.936,269.1257,103.8798,103.8065,255.29,286.58,-2.5159,9.4324,60124700
2018-07-13,180,2017-10-25,2018-07-13,279.59,269.065,269.2537,103.9117,103.8389,255.29,286.58,-2.4391,9.5186,48216000
2018-07-16,180,2017-10-26,2018-07-16,279.34,269.2007,269.3873,103.7664,103.6946,255.62,286.58,-2.5263,9.2794,48201000
2018-07-17,180,2017-10-27,2018-07-17,280.47,269.3403,269.5253,104.1322,104.0607,256.44,286.58,-2.132,9.3706,52315500
2018-07-18,180,2017-10-30,2018-07-18,281.06,269.4703,269.6551,104.3009,104.2295,256.44,286.58,-1.9262,9.6007,44593500
2018-07-19,180,2017-10-31,2018-07-19,280.0,269.6009,269.7842,103.8572,103.7866,256.44,286.58,-2.296,9.1873,61412100
2018-07-20,180,2017-11-01,2018-07-20,279.68,269.7274,269.9094,103.6899,103.62,256.44,286.58,-2.4077,9.0625,82337700
2018-07-23,180,2017-11-02,2018-07-23,280.2,269.8547,270.0356,103.8337,103.7641,256.44,286.58,-2.2262,9.2653,47047600
2018-07-24,180,2017-11-03,2018-07-24,281.61,269.9887,270.169,104.3043,104.2348,256.44,286.58,-1.7342,9.8152,68026900
2018-07-25,180,2017-11-06,2018-07-25,284.01,270.1298,270.311,105.1383,105.0679,256.44,286.58,-0.8968,10.7511,78882900
2018-07-26,180,2017-11-07,2018-07-26,283.34,270.2653,270.4471,104.8377,104.7673,256.44,286.58,-1.1306,10.4898,57919500
2018-07-27,180,2017-11-08,2018-07-27,281.42,270.3921,270.5734,104.0785,104.0087,256.44,286.58,-1.8005,9.7411,76768700
2018-07-30,180,2017-11-09,2018-07-30,279.95,270.5089,270.6892,103.4901,103.4212,256.44,286.58,-2.3135,9.1678,63742500
2018-07-31,180,2017-11-10,2018-07-31,281.33,270.6386,270.8179,103.9504,103.8816,256.44,286.58,-1.8319,9.706,68570500
2018-08-01,180,2017-11-13,2018-08-01,280.86,270.7665,270.9444,103.7278,103.6596,256.44,286.58,-1.996,9.5227,53853300
2018-08-02,180,2017-11-14,2018-08-02,282.39,270.9009,271.0781,104.2411,104.173,256.44,286.58,-1.4621,10.1193,63426400
2018-08-03,180,2017-11-15,2018-08-03,283.6,271.0452,271.2218,104.632,104.5639,256.44,286.58,-1.0398,10.5912,53935400
2018-08-06,180,2017-11-16,2018-08-06,284.64,271.203,271.3784,104.9546,104.8867,257.47,286.58,-0.6769,10.5527,39400900
2018-08-07,180,2017-11-17,2018-08-07,285.58,271.3523,271.5282,105.2433,105.1751,257.47,286.58,-0.3489,10.9178,43196600
2018-08-08,180,2017-11-20,2018-08-08,285.46,271.5057,271.6816,105.1396,105.0715,257.47,286.58,-0.3908,10.8712,42114600
2018-08-09,180,2017-11-21,2018-08-09,285.07,271.6547,271.8303,104.9384,104.8706,257.47,286.58,-0.5269,10.7197,35717000
2018-08-10,180,2017-11-22,2018-08-10,283.16,271.7838,271.959,104.1858,104.1186,257.47,286.58,-1.1934,9.9779,77076000
2018-08-13,180,2017-11-24,2018-08-13,282.1,271.9089,272.0831,103.748,103.6816,257.47,286.58,-1.5633,9.5662,65732900
2018-08-14,180,2017-11-27,2018-08-14,283.9,272.0398,272.2139,104.3597,104.293,257.47,286.58,-0.9352,10.2653,43842000
2018-08-15,180,2017-11-28,2018-08-15,281.78,272.1607,272.3336,103.5344,103.4687,257.47,286.58,-1.6749,9.4419,102925400
2018-08-16,180,2017-11-29,2018-08-16,284.06,272.2775,272.4513,104.3274,104.2608,257.47,286.58,-0.8793,10.3274,69967900
2018-08-17,180,2017-11-30,2018-08-17,285.06,272.4005,272.5755,104.6474,104.5802,257.47,286.58,-0.5304,10.7158,65618500
2018-08-20,180,2017-12-01,2018-08-20,285.67,272.513,272.6903,104.828,104.7599,257.47,286.58,-0.3175,10.9527,39807500
2018-08-21,180,2017-12-04,2018-08-21,286.34,272.6323,272.8118,105.0279,104.9588,257.47,286.58,-0.0837,11.213,67272000
2018-08-22,180,2017-12-05,2018-08-22,286.17,272.7527,272.9342,104.9192,104.8494,257.47,286.58,-0.1431,11.1469,44993300
2018-08-23,180,2017-12-06,2018-08-23,285.79,272.8769,273.0598,104.7322,104.6621,257.47,286.58,-0.2757,10.9993,49204900
2018-08-24,180,2017-12-07,2018-08-24,287.51,273.0097,273.1946,105.3113,105.24,257.47,287.51,0.0,11.6674,57487400
2018-08-27,180,2017-12-08,2018-08-27,289.78,273.1489,273.3374,106.0887,106.0155,257.47,289.78,0.0,12.549,57072400
2018-08-28,180,2017-12-11,2018-08-28,289.92,273.2804,273.4731,106.0889,106.0141,257.47,289.92,0.0,12.6034,46943500
2018-08-29,180,2017-12-12,2018-08-29,291.48,273.415,273.6129,106.6072,106.5301,257.47,291.48,0.0,13.2093,61485500
2018-08-30,180,2017-12-13,2018-08-30,290.3,273.5412,273.7436,106.1266,106.0482,257.47,291.48,-0.4048,12.751,61229500
2018-08-31,180,2017-12-14,2018-08-31,290.31,273.6677,273.8744,106.0812,106.0011,257.47,291.48,-0.4014,12.7549,66140800
2018-09-04,180,2017-12-15,2018-09-04,289.81,273.7983,274.0086,105.848,105.7667,257.47,291.48,-0.5729,12.5607,57594400
2018-09-05,180,2017-12-18,2018-09-05,289.03,273.9201,274.1337,105.5162,105.4339,257.47,291.48,-0.8405,12.2577,72452400
2018-09-06,180,2017-12-19,2018-09-06,288.16,274.0278,274.2446,105.1572,105.0741,257.47,291.48,-1.139,11.9198,65909900
2018-09-07,180,2017-12-20,2018-09-07,287.6,274.1387,274.3581,104.9104,104.8265,257.47,291.48,-1.3311,11.7023,73524800
2018-09-10,180,2017-12-21,2018-09-10,288.1,274.2531,274.4752,105.0489,104.964,257.47,291.48,-1.1596,11.8965,50210900
2018-09-11,180,2017-12-22,2018-09-11,289.05,274.3692,274.5944,105.3508,105.2643,257.47,291.48,-0.8337,12.2655,50530500
2018-09-12,180,2017-12-26,2018-09-12,289.12,274.4861,274.7145,105.3314,105.2438,257.47,291.48,-0.8097,12.2927,59810800
2018-09-13,180,2017-12-27,2018-09-13,290.83,274.6135,274.8458,105.9052,105.8157,257.47,291.48,-0.223,12.9568,51034200
2018-09-14,180,2017-12-28,2018-09-14,290.88,274.7405,274.9767,105.8745,105.7835,257.47,291.48,-0.2058,12.9763,55079900
2018-09-17,180,2017-12-29,2018-09-17,289.34,274.8567,275.096,105.2694,105.1778,257.47,291.48,-0.7342,12.3781,68244000
2018-09-18,180,2018-01-02,2018-09-18,290.91,274.9868,275.2296,105.7905,105.6972,257.47,291.48,-0.1956,12.9879,61930400
2018-09-19,180,2018-01-03,2018-09-19,291.22,275.1073,275.3543,105.8569,105.7619,257.47,291.48,-0.0892,13.1083,49080600
2018-09-20,180,2018-01-04,2018-09-20,293.58,275.2297,275.4827,106.6672,106.5693,257.47,293.58,0.0,14.0249,100360600
2018-09-21,180,2018-01-05,2018-09-21,291.99,275.3379,275.5959,106.0479,105.9486,257.47,293.58,-0.5416,13.4074,105479700
2018-09-24,180,2018-01-08,2018-09-24,291.02,275.4311,275.6937,105.6598,105.5592,257.47,293.58,-0.872,13.0306,53409600
2018-09-25,180,2018-01-09,2018-09-25,290.75,275.5202,275.7872,105.5276,105.4255,257.47,293.58,-0.964,12.9258,44370000
2018-09-26,180,2018-01-10,2018-09-26,289.88,275.6015,275.8724,105.1808,105.0776,257.47,293.58,-1.2603,12.5879,79739700
2018-09-27,180,2018-01-11,2018-09-27,290.69,275.6893,275.9645,105.4412,105.336,257.47,293.58,-0.9844,12.9025,59249500
2018-09-28,180,2018-01-12,2018-09-28,290.72,275.7661,276.0456,105.4227,105.3159,257.47,293.58,-0.9742,12.9141,70091400
2018-10-01,180,2018-01-16,2018-10-01,291.73,275.8381,276.1223,105.7613,105.6525,257.47,293.58,-0.6301,13.3064,62078900
2018-10-02,180,2018-01-17,2018-10-02,291.56,275.9145,276.2034,105.6704,105.5599,257.47,293.58,-0.6881,13.2404,47258200
2018-10-03,180,2018-01-18,2018-10-03,291.72,275.9773,276.2707,105.7043,105.5921,257.47,293.58,-0.6336,13.3025,64694600
2018-10-04,180,2018-01-19,2018-10-04,289.44,276.0313,276.3279,104.8577,104.7451,257.47,293.58,-1.4102,12.417,111545900
2018-10-05,180,2018-01-22,2018-10-05,287.82,276.0701,276.3691,104.2561,104.1434,257.47,293.58,-1.962,11.7878,105951700
2018-10-08,180,2018-01-23,2018-10-08,287.82,276.0968,276.3976,104.246,104.1326,257.47,293.58,-1.962,11.7878,87742200
2018-10-09,180,2018-01-24,2018-10-09,287.4,276.1182,276.4204,104.0859,103.9721,257.47,293.58,-2.105,11.6247,74339000
2018-10-10,180,2018-01-25,2018-10-10,278.3,276.092,276.3933,100.7997,100.6899,257.47,293.58,-5.2047,8.0903,214731000
2018-10-11,180,2018-01-26,2018-10-11,272.17,276.0309,276.3314,98.6013,98.494,257.47,293.58,-7.2927,5.7094,274840500
2018-10-12,180,2018-01-29,2018-10-12,275.95,275.974,276.2724,99.9913,99.8833,257.47,293.58,-6.0052,7.1775,183186500
2018-10-15,180,2018-01-30,2018-10-15,274.4,275.9183,276.2153,99.4497,99.3428,257.47,293.58,-6.5331,6.5755,102263700
2018-10-16,180,2018-01-31,2018-10-16,280.4,275.911,276.2077,101.627,101.5178,257.47,293.58,-4.4894,8.9059,118255800
2018-10-17,180,2018-02-01,2018-10-17,280.45,275.9033,276.1997,101.648,101.5389,257.47,293.58,-4.4724,8.9253,110626000
2018-10-18,180,2018-02-02,2018-10-18,276.4,275.8751,276.1709,100.1903,100.083,257.47,293.58,-5.8519,7.3523,134557500
2018-10-19,180,2018-02-05,2018-10-19,276.25,275.8796,276.1753,100.1343,100.027,257.47,293.58,-5.903,7.2941,139901600
2018-10-22,180,2018-02-06,2018-10-22,275.01,275.9441,276.2369,99.6615,99.5559,257.47,293.58,-6.3254,6.8124,82415800
2018-10-23,180,2018-02-07,2018-10-23,273.61,275.9699,276.2618,99.1449,99.0401,257.47,293.58,-6.8022,6.2687,146352700
2018-10-24,180,2018-02-08,2018-10-24,265.32,275.9559,276.2487,96.1458,96.0439,257.47,293.58,-9.626,3.0489,177806700
2018-10-25,180,2018-02-09,2018-10-25,270.08,276.0316,276.3179,97.8439,97.7425,257.47,293.58,-8.0046,4.8977,138061500
2018-10-26,180,2018-02-12,2018-10-26,265.33,276.055,276.3392,96.1149,96.0161,257.47,293.58,-9.6226,3.0528,201574600
2018-10-29,180,2018-02-13,2018-10-29,263.86,276.046,276.3309,95.5855,95.4869,257.47,293.58,-10.1233,2.4818,160749100
2018-10-30,180,2018-02-14,2018-10-30,267.77,276.0565,276.3408,96.9982,96.8985,257.47,293.58,-8.7915,4.0005,157116000
2018-10-31,180,2018-02-15,2018-10-31,270.63,276.0626,276.3466,98.0321,97.9314,257.47,293.58,-7.8173,5.1113,128296300
2018-11-01,180,2018-02-16,2018-11-01,273.51,276.0653,276.3492,99.0744,98.9726,257.47,293.58,-6.8363,6.2299,99495000
2018-11-02,180,2018-02-20,2018-11-02,271.89,276.0583,276.3424,98.4901,98.3888,257.47,293.58,-7.3881,5.6007,122634100
2018-11-05,180,2018-02-21,2018-11-05,273.39,276.0697,276.3535,99.0294,98.9276,257.47,293.58,-6.8772,6.1833,65622500
2018-11-06,180,2018-02-22,2018-11-06,275.12,276.0986,276.3817,99.6456,99.5435,257.47,293.58,-6.2879,6.8552,60085900
2018-11-07,180,2018-02-23,2018-11-07,281.01,276.1577,276.4406,101.7571,101.6529,257.47,293.58,-4.2816,9.1428,102752100
2018-11-08,180,2018-02-26,2018-11-08,280.5,276.1896,276.4728,101.5607,101.4566,257.47,293.58,-4.4553,8.9447,65584900
2018-11-09,180,2018-02-27,2018-11-09,277.76,276.1888,276.472,100.5689,100.4659,257.47,293.58,-5.3886,7.8805,98812600
2018-11-12,180,2018-02-28,2018-11-12,272.57,276.1783,276.4617,98.6935,98.5923,257.47,293.58,-7.1565,5.8648,99673600
2018-11-13,180,2018-03-01,2018-11-13,272.06,276.1806,276.4639,98.508,98.407,257.47,293.58,-7.3302,5.6667,98176600
2018-11-14,180,2018-03-02,2018-11-14,270.2,276.1953,276.4778,97.8293,97.7294,257.47,293.58,-7.9637,4.9443,125335900
2018-11-15,180,2018-03-05,2018-11-15,273.02,276.218,276.4997,98.8422,98.7415,257.47,293.58,-7.0032,6.0395,135101400
2018-11-16,180,2018-03-06,2018-11-16,273.73,276.2267,276.5083,99.0961,98.9952,257.47,293.58,-6.7614,6.3153,126668000
2018-11-19,180,2018-03-07,2018-11-19,269.1,276.2049,276.4873,97.4277,97.3282,257.47,293.58,-8.3384,4.517,103061700
2018-11-20,180,2018-03-08,2018-11-20,264.12,276.154,276.4392,95.6423,95.5436,257.47,293.58,-10.0347,2.5828,136021300
2018-11-21,180,2018-03-09,2018-11-21,265.02,276.101,276.3887,95.9866,95.8867,257.47,293.58,-9.7282,2.9324,75563700
2018-11-23,180,2018-03-12,2018-11-23,263.25,276.011,276.3019,95.3766,95.2762,257.47,293.58,-10.3311,2.2449,42807900
2018-11-26,180,2018-03-13,2018-11-26,267.5,275.9484,276.2407,96.9384,96.8358,257.47,293.58,-8.8834,3.8956,79981400
2018-11-27,180,2018-03-14,2018-11-27,268.4,275.901,276.1945,97.2813,97.1779,257.47,293.58,-8.5769,4.2452,75502400
2018-11-28,180,2018-03-15,2018-11-28,274.58,275.897,276.1905,99.5227,99.4169,257.47,293.58,-6.4718,6.6454,127629600
2018-11-29,180,2018-03-16,2018-11-29,273.98,275.8912,276.1848,99.3073,99.2017,257.47,293.58,-6.6762,6.4124,82346400
2018-11-30,180,2018-03-19,2018-11-30,275.65,275.8994,276.1929,99.9096,99.8034,257.47,293.58,-6.1074,7.061,98204200
2018-12-03,180,2018-03-20,2018-12-03,279.3,275.9487,276.2418,101.2145,101.1071,257.47,293.58,-4.8641,8.4787,103176300
2018-12-04,180,2018-03-21,2018-12-04,270.25,275.9446,276.2379,97.9363,97.8323,257.47,293.58,-7.9467,4.9637,177986000
2018-12-06,180,2018-03-22,2018-12-06,269.84,275.9412,276.2347,97.7889,97.6851,257.47,293.58,-8.0864,4.8044,204185400
2018-12-07,180,2018-03-23,2018-12-07,263.57,275.9406,276.2341,95.5169,95.4154,257.47,293.58,-10.2221,2.3692,161018900
2018-12-10,180,2018-03-26,2018-12-10,264.07,275.978,276.2676,95.6852,95.5849,257.47,293.58,-10.0518,2.5634,151445900
2018-12-11,180,2018-03-27,2018-12-11,264.13,275.9721,276.2621,95.709,95.6085,257.47,293.58,-10.0313,2.5867,121504400
2018-12-12,180,2018-03-28,2018-12-12,265.46,276.0018,276.2891,96.1805,96.0805,257.47,293.58,-9.5783,3.1033,97976700
2018-12-13,180,2018-03-29,2018-12-13,265.37,276.0358,276.3199,96.1361,96.0372,257.47,293.58,-9.609,3.0683,96662700
2018-12-14,180,2018-04-02,2018-12-14,260.47,276.0192,276.305,94.3666,94.269,257.47,293.58,-11.278,1.1652,116961100
2018-12-17,180,2018-04-03,2018-12-17,255.36,276.0057,276.2933,92.5198,92.4235,255.36,293.58,-13.0186,0.0,165492300
2018-12-18,180,2018-04-04,2018-12-18,255.08,275.9695,276.2617,92.4305,92.3328,255.08,293.58,-13.114,0.0,134515100
2018-12-19,180,2018-04-05,2018-12-19,251.26,275.8909,276.1933,91.0722,90.9725,251.26,293.58,-14.4151,0.0,214992800
2018-12-20,180,2018-04-06,2018-12-20,247.17,275.772,276.0907,89.6284,89.5249,247.17,293.58,-15.8083,0.0,252053400
2018-12-21,180,2018-04-09,2018-12-21,240.7,275.6435,275.9851,87.3229,87.2149,240.7,293.58,-18.0121,0.0,255345600
2018-12-24,180,2018-04-10,2018-12-24,234.34,275.4596,275.8369,85.0724,84.956,234.34,293.58,-20.1785,0.0,147311600
2018-12-26,180,2018-04-11,2018-12-26,246.18,275.3372,275.7316,89.4104,89.2825,234.34,293.58,-16.1455,5.0525,218485400
2018-12-27,180,2018-04-12,2018-12-27,248.07,275.2362,275.6444,90.1299,89.9964,234.34,293.58,-15.5017,5.859,186267300
2018-12-28,180,2018-04-13,2018-12-28,247.75,275.1202,275.5434,90.0516,89.9132,234.34,293.58,-15.6107,5.7225,153100200
2018-12-31,180,2018-04-16,2018-12-31,249.92,275.0235,275.4588,90.8722,90.7286,234.34,293.58,-14.8716,6.6485,144299400
2019-01-02,180,2018-04-17,2019-01-02,250.18,274.9158,275.3635,91.0024,90.8544,234.34,293.58,-14.783,6.7594,126925200
2019-01-03,180,2018-04-18,2019-01-03,244.21,274.7506,275.2192,88.8842,88.7329,234.34,293.58,-16.8165,4.2118,144140700
2019-01-04,180,2018-04-19,2019-01-04,252.39,274.64,275.1192,91.8985,91.7384,234.34,293.58,-14.0302,7.7025,142628800
2019-01-07,180,2018-04-20,2019-01-07,254.38,274.5512,275.0386,92.653,92.4889,234.34,293.58,-13.3524,8.5517,103139100
2019-01-08,180,2018-04-23,2019-01-08,256.77,274.491,274.9839,93.544,93.3764,234.34,293.58,-12.5383,9.5716,102512600
2019-01-09,180,2018-04-24,2019-01-09,257.97,274.4387,274.9361,93.9992,93.8291,234.34,293.58,-12.1296,10.0836,95006600
2019-01-10,180,2018-04-25,2019-01-10,258.88,274.4135,274.9133,94.3394,94.1679,234.34,293.58,-11.8196,10.472,96823900
2019-01-11,180,2018-04-26,2019-01-11,258.98,274.385,274.8875,94.3856,94.2131,234.34,293.58,-11.7855,10.5146,73858100
2019-01-14,180,2018-04-27,2019-01-14,257.4,274.3306,274.838,93.8284,93.6552,234.34,293.58,-12.3237,9.8404,70908200
2019-01-15,180,2018-04-30,2019-01-15,260.35,274.2932,274.8035,94.9167,94.7404,234.34,293.58,-11.3189,11.0993,85208300
2019-01-16,180,2018-05-01,2019-01-16,260.98,274.2718,274.7839,95.1538,94.9765,234.34,293.58,-11.1043,11.3681,77636700
2019-01-17,180,2018-05-02,2019-01-17,262.96,274.2597,274.7727,95.8799,95.7009,234.34,293.58,-10.4299,12.213,96118400
2019-01-18,180,2018-05-03,2019-01-18,266.46,274.2791,274.7908,97.1492,96.9683,234.34,293.58,-9.2377,13.7066,127900300
2019-01-22,180,2018-05-04,2019-01-22,262.86,274.2806,274.7921,95.8362,95.6578,234.34,293.58,-10.4639,12.1703,115531200
2019-01-23,180,2018-05-07,2019-01-23,263.41,274.265,274.7776,96.0421,95.863,234.34,293.58,-10.2766,12.4051,86030300
2019-01-24,180,2018-05-08,2019-01-24,263.55,274.245,274.7589,96.1002,95.9205,234.34,293.58,-10.2289,12.4648,59204100
2019-01-25,180,2018-05-09,2019-01-25,265.78,274.2383,274.7526,96.9157,96.7343,234.34,293.58,-9.4693,13.4164,96883400
2019-01-28,180,2018-05-10,2019-01-28,263.76,274.2046,274.7207,96.191,96.0103,234.34,293.58,-10.1574,12.5544,85613700
2019-01-29,180,2018-05-11,2019-01-29,263.41,274.1544,274.6728,96.0809,95.8995,234.34,293.58,-10.2766,12.4051,66136300
2019-01-30,180,2018-05-14,2019-01-30,267.58,274.1242,274.6436,97.6127,97.4281,234.34,293.58,-8.8562,14.1845,92473700
2019-01-31,180,2018-05-15,2019-01-31,269.93,274.107,274.6266,98.4762,98.2898,234.34,293.58,-8.0557,15.1873,104012100
2019-02-01,180,2018-05-16,2019-02-01,270.06,274.101,274.6208,98.5257,98.3392,234.34,293.58,-8.0114,15.2428,85782500
2019-02-04,180,2018-05-17,2019-02-04,271.96,274.0995,274.6193,99.2195,99.0316,234.34,293.58,-7.3643,16.0536,60744800
2019-02-05,180,2018-05-18,2019-02-05,273.1,274.1056,274.6253,99.6331,99.4446,234.34,293.58,-6.9759,16.5401,79552800
2019-02-06,180,2018-05-21,2019-02-06,272.74,274.1135,274.6332,99.4989,99.3107,234.34,293.58,-7.0986,16.3864,58347800
2019-02-07,180,2018-05-22,2019-02-07,270.14,274.0953,274.6152,98.557,98.3704,234.34,293.58,-7.9842,15.277,95482000
2019-02-08,180,2018-05-23,2019-02-08,270.47,274.0832,274.6033,98.6817,98.4948,234.34,293.58,-7.8718,15.4178,75788900
2019-02-11,180,2018-05-24,2019-02-11,270.62,274.0677,274.5881,98.742,98.5549,234.34,293.58,-7.8207,15.4818,68021400
2019-02-12,180,2018-05-25,2019-02-12,274.1,274.075,274.5953,100.0091,99.8196,234.34,293.58,-6.6353,16.9668,72270200
2019-02-13,180,2018-05-29,2019-02-13,274.99,274.0908,274.6111,100.3281,100.138,234.34,293.58,-6.3322,17.3466,65277200
2019-02-14,180,2018-05-30,2019-02-14,274.38,274.1211,274.6409,100.0944,99.905,234.34,293.58,-6.5399,17.0863,83234400
2019-02-15,180,2018-05-31,2019-02-15,277.37,274.1474,274.6673,101.1755,100.984,234.34,293.58,-5.5215,18.3622,97088700
2019-02-19,180,2018-06-01,2019-02-19,277.85,274.1857,274.7057,101.3364,101.1446,234.34,293.58,-5.358,18.567,59120800
2019-02-20,180,2018-06-04,2019-02-20,278.41,274.2121,274.7324,101.5309,101.3386,234.34,293.58,-5.1672,18.806,76610800
2019-02-21,180,2018-06-05,2019-02-21,277.42,274.2259,274.7464,101.1648,100.9731,234.34,293.58,-5.5045,18.3836,64214700
2019-02-22,180,2018-06-06,2019-02-22,279.14,274.2479,274.7689,101.7838,101.5908,234.34,293.58,-4.9186,19.1175,78114600
2019-02-25,180,2018-06-07,2019-02-25,279.52,274.2593,274.7807,101.9181,101.7248,234.34,293.58,-4.7892,19.2797,69030700
2019-02-26,180,2018-06-08,2019-02-26,279.32,274.2698,274.7915,101.8413,101.648,234.34,293.58,-4.8573,19.1943,56844100
2019-02-27,180,2018-06-11,2019-02-27,279.2,274.2753,274.7971,101.7956,101.6022,234.34,293.58,-4.8981,19.1431,56921600
2019-02-28,180,2018-06-12,2019-02-28,278.68,274.2759,274.7978,101.6057,101.4128,234.34,293.58,-5.0753,18.9212,69268300
2019-03-01,180,2018-06-13,2019-03-01,280.42,274.2839,274.8061,102.2371,102.0429,234.34,293.58,-4.4826,19.6637,78880500
2019-03-04,180,2018-06-14,2019-03-04,279.4,274.2913,274.8137,101.8625,101.6689,234.34,293.58,-4.83,19.2285,106494600
2019-03-05,180,2018-06-15,2019-03-05,279.02,274.2929,274.8153,101.7234,101.53,234.34,293.58,-4.9595,19.0663,59114600
2019-03-06,180,2018-06-18,2019-03-06,277.33,274.2939,274.8164,101.1069,100.9146,234.34,293.58,-5.5351,18.3451,75039800
2019-03-07,180,2018-06-19,2019-03-07,275.01,274.2854,274.8078,100.2642,100.0736,234.34,293.58,-6.3254,17.3551,94885100
2019-03-08,180,2018-06-20,2019-03-08,274.46,274.2797,274.8021,100.0657,99.8755,234.34,293.58,-6.5127,17.1204,85795800
2019-03-11,180,2018-06-21,2019-03-11,278.44,274.2931,274.8158,101.5118,101.3188,234.34,293.58,-5.157,18.8188,65098900
2019-03-12,180,2018-06-22,2019-03-12,279.49,274.3217,274.8449,101.884,101.6901,234.34,293.58,-4.7994,19.2669,79667500
2019-03-13,180,2018-06-25,2019-03-13,281.34,274.3574,274.8816,102.5451,102.3495,234.34,293.58,-4.1692,20.0563,80639200
2019-03-14,180,2018-06-26,2019-03-14,281.16,274.4132,274.9381,102.4586,102.263,234.34,293.58,-4.2305,19.9795,67518400
2019-03-15,180,2018-06-27,2019-03-15,281.31,274.4664,274.992,102.4934,102.2975,234.34,293.58,-4.1794,20.0435,81309000
2019-03-18,180,2018-06-28,2019-03-18,282.33,274.5378,275.0641,102.8383,102.6415,234.34,293.58,-3.832,20.4788,62199800
2019-03-19,180,2018-06-29,2019-03-19,282.4,274.6009,275.1281,102.8402,102.6431,234.34,293.58,-3.8082,20.5087,90268100
2019-03-20,180,2018-07-02,2019-03-20,281.55,274.6572,275.1851,102.5096,102.3129,234.34,293.58,-4.0977,20.1459,84609200
2019-03-21,180,2018-07-03,2019-03-21,284.73,274.7269,275.2566,103.6411,103.4417,234.34,293.58,-3.0145,21.503,79550400
2019-03-22,180,2018-07-05,2019-03-22,279.25,274.7732,275.303,101.6293,101.4337,234.34,293.58,-4.8811,19.1645,122659300
2019-03-25,180,2018-07-06,2019-03-25,279.04,274.8058,275.3359,101.5408,101.3453,234.34,293.58,-4.9526,19.0749,85575200
2019-03-26,180,2018-07-09,2019-03-26,281.12,274.8367,275.3676,102.2862,102.089,234.34,293.58,-4.2442,19.9624,68125900
2019-03-27,180,2018-07-10,2019-03-27,279.65,274.8462,275.3773,101.7478,101.5516,234.34,293.58,-4.7449,19.3352,72224700
2019-03-28,180,2018-07-11,2019-03-28,280.71,274.8559,275.3874,102.1299,101.9328,234.34,293.58,-4.3838,19.7875,56238500
2019-03-29,180,2018-07-12,2019-03-29,282.48,274.886,275.4186,102.7626,102.5639,234.34,293.58,-3.7809,20.5428,82186800
2019-04-01,180,2018-07-13,2019-04-01,285.83,274.92,275.4545,103.9684,103.7667,234.34,293.58,-2.6398,21.9723,77617900
2019-04-02,180,2018-07-16,2019-04-02,285.97,274.9535,275.4899,104.0067,103.8042,234.34,293.58,-2.5921,22.0321,40070400
2019-04-03,180,2018-07-17,2019-04-03,286.42,274.9907,275.5293,104.1563,103.9527,234.34,293.58,-2.4388,22.2241,68243200
2019-04-04,180,2018-07-18,2019-04-04,287.18,275.0257,275.5666,104.4193,104.2144,234.34,293.58,-2.18,22.5484,48997500
2019-04-05,180,2018-07-19,2019-04-05,288.57,275.0646,275.6083,104.9099,104.703,234.34,293.58,-1.7065,23.1416,58621700
2019-04-08,180,2018-07-20,2019-04-08,288.79,275.1103,275.6571,104.9724,104.7642,234.34,293.58,-1.6316,23.2355,53566300
2019-04-09,180,2018-07-23,2019-04-09,287.31,275.1502,275.6995,104.4193,104.2113,234.34,293.58,-2.1357,22.6039,66142300
2019-04-10,180,2018-07-24,2019-04-10,288.29,275.1924,275.7444,104.7595,104.5497,234.34,293.58,-1.8019,23.0221,52601500
2019-04-11,180,2018-07-25,2019-04-11,288.21,275.2266,275.7811,104.7174,104.5068,234.34,293.58,-1.8291,22.988,55093100
2019-04-12,180,2018-07-26,2019-04-12,290.16,275.258,275.8153,105.4138,105.2008,234.34,293.58,-1.1649,23.8201,69727800
2019-04-15,180,2018-07-27,2019-04-15,289.97,275.292,275.8521,105.3318,105.1179,234.34,293.58,-1.2296,23.739,49596700
2019-04-16,180,2018-07-30,2019-04-16,290.16,275.337,275.9007,105.3836,105.1683,234.34,293.58,-1.1649,23.8201,52153200
2019-04-17,180,2018-07-31,2019-04-17,289.45,275.3864,275.9534,105.1069,104.8909,234.34,293.58,-1.4068,23.5171,58268300
2019-04-18,180,2018-08-01,2019-04-18,290.02,275.4313,276.0017,105.2967,105.0791,234.34,293.58,-1.2126,23.7603,68708500
2019-04-22,180,2018-08-02,2019-04-22,290.27,275.48,276.054,105.3688,105.1497,234.34,293.58,-1.1275,23.867,40160100
2019-04-23,180,2018-08-03,2019-04-23,292.88,275.5334,276.1123,106.2956,106.0728,234.34,293.58,-0.2384,24.9808,52246600
2019-04-24,180,2018-08-06,2019-04-24,292.23,275.5774,276.1602,106.0428,105.819,234.34,293.58,-0.4598,24.7034,50392900
2019-04-25,180,2018-08-07,2019-04-25,292.05,275.615,276.2014,105.963,105.7381,234.34,293.58,-0.5212,24.6266,57770900
2019-04-26,180,2018-08-08,2019-04-26,293.41,275.6544,276.2449,106.4412,106.2137,234.34,293.58,-0.0579,25.207,50916400
2019-04-29,180,2018-08-09,2019-04-29,293.87,275.6967,276.2916,106.5918,106.3623,234.34,293.87,0.0,25.4033,57197700
2019-04-30,180,2018-08-10,2019-04-30,294.02,275.7418,276.3413,106.6287,106.3974,234.34,294.02,0.0,25.4673,81111700
2019-05-01,180,2018-08-13,2019-05-01,291.81,275.7861,276.3894,105.8103,105.5793,234.34,294.02,-0.7516,24.5242,71671900
2019-05-02,180,2018-08-14,2019-05-02,291.18,275.8328,276.4398,105.564,105.3321,234.34,294.02,-0.9659,24.2554,65030200
2019-05-03,180,2018-08-15,2019-05-03,294.03,275.8841,276.4961,106.5774,106.3415,234.34,294.03,0.0,25.4715,56543700
2019-05-06,180,2018-08-16,2019-05-06,292.82,275.9407,276.5574,106.117,105.8804,234.34,294.03,-0.4115,24.9552,107198100
2019-05-07,180,2018-08-17,2019-05-07,287.93,275.9607,276.5789,104.3373,104.1041,234.34,294.03,-2.0746,22.8685,144729900
2019-05-08,180,2018-08-20,2019-05-08,287.53,275.9734,276.5927,104.1876,103.9543,234.34,294.03,-2.2107,22.6978,91568300
2019-05-09,180,2018-08-21,2019-05-09,286.66,275.9786,276.5982,103.8704,103.6377,234.34,294.03,-2.5065,22.3265,103471100
2019-05-10,180,2018-08-22,2019-05-10,288.1,275.9876,276.6079,104.3888,104.1546,234.34,294.03,-2.0168,22.941,112429300
2019-05-13,180,2018-08-23,2019-05-13,280.86,275.9596,276.5784,101.7757,101.548,234.34,294.03,-4.4791,19.8515,127290500
2019-05-14,180,2018-08-24,2019-05-14,283.4,275.9472,276.5652,102.7008,102.4713,234.34,294.03,-3.6153,20.9354,77003200
2019-05-15,180,2018-08-27,2019-05-15,285.06,275.9345,276.5516,103.3071,103.0766,234.34,294.03,-3.0507,21.6438,73956400
2019-05-16,180,2018-08-28,2019-05-16,287.7,275.924,276.54,104.2679,104.0356,234.34,294.03,-2.1528,22.7703,76749600
2019-05-17,180,2018-08-29,2019-05-17,285.84,275.9031,276.5173,103.6016,103.3715,234.34,294.03,-2.7854,21.9766,100353000
2019-05-20,180,2018-08-30,2019-05-20,283.95,275.8647,276.4755,102.9309,102.7035,234.34,294.03,-3.4282,21.1701,62877600
2019-05-21,180,2018-08-31,2019-05-21,286.51,275.8454,276.4544,103.8662,103.6373,234.34,294.03,-2.5576,22.2625,46847100
2019-05-22,180,2018-09-04,2019-05-22,285.63,275.8215,276.4284,103.5561,103.3287,234.34,294.03,-2.8568,21.887,49482500
2019-05-23,180,2018-09-05,2019-05-23,282.14,275.7819,276.3858,102.3055,102.0819,234.34,294.03,-4.0438,20.3977,98733800
2019-05-24,180,2018-09-06,2019-05-24,282.78,275.7496,276.3511,102.5496,102.3263,234.34,294.03,-3.8261,20.6708,55268100
2019-05-28,180,2018-09-07,2019-05-28,280.15,275.7077,276.3066,101.6112,101.391,234.34,294.03,-4.7206,19.5485,70029400
2019-05-29,180,2018-09-10,2019-05-29,278.27,275.6585,276.2548,100.9474,100.7295,234.34,294.03,-5.36,18.7463,104972900
2019-05-30,180,2018-09-11,2019-05-30,279.03,275.6108,276.2044,101.2406,101.023,234.34,294.03,-5.1015,19.0706,62523800
2019-05-31,180,2018-09-12,2019-05-31,275.27,275.5378,276.1278,99.9028,99.6893,234.34,294.03,-6.3803,17.4661,86862800
2019-06-03,180,2018-09-13,2019-06-03,274.57,275.4605,276.047,99.6767,99.4649,234.34,294.03,-6.6184,17.1674,96428000
2019-06-04,180,2018-09-14,2019-06-04,280.53,275.4073,275.9898,101.8601,101.6451,234.34,294.03,-4.5914,19.7107,77231900
2019-06-05,180,2018-09-17,2019-06-05,282.96,275.3667,275.9458,102.7575,102.5419,234.34,294.03,-3.7649,20.7476,71169700
2019-06-06,180,2018-09-18,2019-06-06,284.8,275.3435,275.9206,103.4344,103.2181,234.34,294.03,-3.1391,21.5328,69430400
2019-06-07,180,2018-09-19,2019-06-07,287.65,275.3271,275.9024,104.4757,104.2579,234.34,294.03,-2.1698,22.749,74272200
2019-06-10,180,2018-09-20,2019-06-10,288.97,275.3159,275.8899,104.9594,104.741,234.34,294.03,-1.7209,23.3123,60799100
2019-06-11,180,2018-09-21,2019-06-11,288.9,275.2926,275.8639,104.9429,104.7255,234.34,294.03,-1.7447,23.2824,58641300
2019-06-12,180,2018-09-24,2019-06-12,288.39,275.2746,275.8439,104.7645,104.5482,234.34,294.03,-1.9182,23.0648,47096300
2019-06-13,180,2018-09-25,2019-06-13,289.58,275.2674,275.8359,105.1995,104.9827,234.34,294.03,-1.5135,23.5726,48945200
2019-06-14,180,2018-09-26,2019-06-14,289.26,275.26,275.8277,105.0861,104.8698,234.34,294.03,-1.6223,23.436,52324700
2019-06-17,180,2018-09-27,2019-06-17,289.37,275.2574,275.8248,105.127,104.9108,234.34,294.03,-1.5849,23.483,39205700
2019-06-18,180,2018-09-28,2019-06-18,292.4,275.2659,275.8343,106.2246,106.0057,234.34,294.03,-0.5544,24.776,85434800
2019-06-19,180,2018-10-01,2019-06-19,293.06,275.2774,275.8473,106.4599,106.2399,234.34,294.03,-0.3299,25.0576,78674400
2019-06-20,180,2018-10-02,2019-06-20,295.86,275.2976,275.8703,107.4691,107.2461,234.34,295.86,0.0,26.2524,116570000
2019-06-21,180,2018-10-03,2019-06-21,294.0,275.3096,275.8838,106.7889,106.5666,234.34,295.86,-0.6287,25.4587,83309500
2019-06-24,180,2018-10-04,2019-06-24,293.64,275.319,275.8945,106.6545,106.432,234.34,295.86,-0.7503,25.3051,47582700
2019-06-25,180,2018-10-05,2019-06-25,290.76,275.3256,275.9018,105.6059,105.3853,234.34,295.86,-1.7238,24.0761,82028700
2019-06-26,180,2018-10-08,2019-06-26,290.47,275.339,275.9166,105.4954,105.2746,234.34,295.86,-1.8218,23.9524,51584900
2019-06-27,180,2018-10-09,2019-06-27,291.5,275.3574,275.937,105.8624,105.6401,234.34,295.86,-1.4737,24.3919,40355200
2019-06-28,180,2018-10-10,2019-06-28,293.0,275.3855,275.9681,106.3963,106.1717,234.34,295.86,-0.9667,25.032,59350900
2019-07-01,180,2018-10-11,2019-07-01,295.66,275.4744,276.0646,107.3276,107.0981,234.34,295.86,-0.0676,26.1671,78705600
2019-07-02,180,2018-10-12,2019-07-02,296.43,275.6012,276.1993,107.5576,107.3247,234.34,296.43,0.0,26.4957,61504500
2019-07-03,180,2018-10-15,2019-07-03,298.8,275.7182,276.3263,108.3715,108.133,234.34,298.8,0.0,27.507,40898900
2019-07-05,180,2018-10-16,2019-07-05,298.46,275.8423,276.4599,108.1995,107.9578,234.34,298.8,-0.1138,27.362,51677300
2019-07-08,180,2018-10-17,2019-07-08,296.82,275.9258,276.5512,107.5724,107.3291,234.34,298.8,-0.6626,26.6621,45841800
2019-07-09,180,2018-10-18,2019-07-09,297.19,276.0107,276.6442,107.6733,107.4268,234.34,298.8,-0.5388,26.82,41101300
2019-07-10,180,2018-10-19,2019-07-10,298.61,276.1247,276.7676,108.1432,107.892,234.34,298.8,-0.0636,27.426,58448500
2019-07-11,180,2018-10-22,2019-07-11,299.31,276.2429,276.8957,108.3503,108.0949,234.34,299.31,0.0,27.7247,50826100
2019-07-12,180,2018-10-23,2019-07-12,300.65,276.3744,277.0381,108.7836,108.523,234.34,300.65,0.0,28.2965,40326000
2019-07-15,180,2018-10-24,2019-07-15,300.75,276.5144,277.1889,108.7647,108.5,234.34,300.75,0.0,28.3392,33900000
2019-07-16,180,2018-10-25,2019-07-16,299.78,276.6986,277.3803,108.3417,108.0754,234.34,300.75,-0.3225,27.9252,36650100
2019-07-17,180,2018-10-26,2019-07-17,297.74,276.845,277.534,107.5476,107.2805,234.34,300.75,-1.0008,27.0547,36036300
2019-07-18,180,2018-10-29,2019-07-18,298.83,277.025,277.7201,107.8711,107.6011,234.34,300.75,-0.6384,27.5198,51392600
2019-07-19,180,2018-10-30,2019-07-19,297.17,277.2062,277.9052,107.2018,106.9322,234.34,300.75,-1.1904,26.8115,58678600
2019-07-22,180,2018-10-31,2019-07-22,297.9,277.3676,278.0726,107.4026,107.1303,234.34,300.75,-0.9476,27.123,43638100
2019-07-23,180,2018-11-01,2019-07-23,300.03,277.5224,278.2359,108.1102,107.833,234.34,300.75,-0.2394,28.0319,44564500
2019-07-24,180,2018-11-02,2019-07-24,301.44,277.6674,278.3911,108.5615,108.2793,234.34,301.44,0.0,28.6336,47213200
2019-07-25,180,2018-11-05,2019-07-25,300.0,277.8151,278.5472,107.9855,107.7017,234.34,301.44,-0.4777,28.0191,55394100
2019-07-26,180,2018-11-06,2019-07-26,302.01,277.9638,278.7062,108.6508,108.3614,234.34,302.01,0.0,28.8769,45084100
2019-07-29,180,2018-11-07,2019-07-29,301.46,278.1002,278.8526,108.3998,108.1073,234.34,302.01,-0.1821,28.6421,38126500
2019-07-30,180,2018-11-08,2019-07-30,300.72,278.2005,278.9621,108.0947,107.7996,234.34,302.01,-0.4271,28.3264,45849000
2019-07-31,180,2018-11-09,2019-07-31,297.43,278.2877,279.0561,106.8786,106.5843,234.34,302.01,-1.5165,26.9224,104245200
2019-08-01,180,2018-11-12,2019-08-01,294.84,278.3775,279.151,105.9137,105.6203,234.34,302.01,-2.3741,25.8172,142646600
2019-08-02,180,2018-11-13,2019-08-02,292.62,278.4858,279.2624,105.0754,104.7832,234.34,302.01,-3.1092,24.8698,116749700
2019-08-05,180,2018-11-14,2019-08-05,283.82,278.5514,279.3277,101.8914,101.6082,234.34,302.01,-6.023,21.1146,178745400
2019-08-06,180,2018-11-15,2019-08-06,287.8,278.649,279.4255,103.2841,102.997,234.34,302.01,-4.7051,22.813,120711700
2019-08-07,180,2018-11-16,2019-08-07,287.97,278.7311,279.5086,103.3146,103.0273,234.34,302.01,-4.6489,22.8856,140572300
2019-08-08,180,2018-11-19,2019-08-08,293.62,278.8379,279.6191,105.3013,105.0071,234.34,302.01,-2.7781,25.2966,87713900
2019-08-09,180,2018-11-20,2019-08-09,291.62,278.9619,279.7442,104.5376,104.2452,234.34,302.01,-3.4403,24.4431,93730000
2019-08-12,180,2018-11-21,2019-08-12,288.07,279.0981,279.8772,103.2146,102.9273,234.34,302.01,-4.6157,22.9282,65527600
2019-08-13,180,2018-11-23,2019-08-13,292.55,279.2518,280.0302,104.7621,104.4709,234.34,302.01,-3.1324,24.84,94299800
2019-08-14,180,2018-11-26,2019-08-14,283.9,279.3716,280.1449,101.6209,101.3404,234.34,302.01,-5.9965,21.1488,135622100
2019-08-15,180,2018-11-27,2019-08-15,284.65,279.4693,280.2402,101.8538,101.5736,234.34,302.01,-5.7482,21.4688,99556600
2019-08-16,180,2018-11-28,2019-08-16,288.85,279.5838,280.3538,103.3143,103.0305,234.34,302.01,-4.3575,23.2611,83018300
2019-08-19,180,2018-11-29,2019-08-19,292.33,279.6798,280.4524,104.5231,104.2352,234.34,302.01,-3.2052,24.7461,53571800
2019-08-20,180,2018-11-30,2019-08-20,290.09,279.7679,280.5419,103.6895,103.4035,234.34,302.01,-3.9469,23.7902,51596400
2019-08-21,180,2018-12-03,2019-08-21,292.45,279.8586,280.6352,104.4992,104.21,234.34,302.01,-3.1655,24.7973,49524700
2019-08-22,180,2018-12-04,2019-08-22,292.36,279.9282,280.7078,104.4411,104.151,234.34,302.01,-3.1953,24.7589,51666400
2019-08-23,180,2018-12-06,2019-08-23,284.85,280.0108,280.7889,101.7282,101.4463,234.34,302.01,-5.6819,21.5542,149161500
2019-08-26,180,2018-12-07,2019-08-26,288.0,280.1126,280.8898,102.8158,102.5313,234.34,302.01,-4.6389,22.8984,72423800
2019-08-27,180,2018-12-10,2019-08-27,286.87,280.247,281.0192,102.3633,102.082,234.34,302.01,-5.0131,22.4161,66668900
2019-08-28,180,2018-12-11,2019-08-28,288.89,280.389,281.1571,103.0318,102.7504,234.34,302.01,-4.3442,23.2782,59696700
2019-08-29,180,2018-12-12,2019-08-29,292.58,280.5499,281.3152,104.288,104.0043,234.34,302.01,-3.1224,24.8528,57899400
2019-08-30,180,2018-12-13,2019-08-30,292.45,280.702,281.4651,104.1852,103.9028,234.34,302.01,-3.1655,24.7973,62901200
2019-09-03,180,2018-12-14,2019-09-03,290.74,280.846,281.6061,103.5229,103.2435,234.34,302.01,-3.7317,24.0676,69101400
2019-09-04,180,2018-12-17,2019-09-04,294.04,281.0382,281.7926,104.6263,104.3463,234.34,302.01,-2.639,25.4758,46887300
2019-09-05,180,2018-12-18,2019-09-05,297.82,281.2834,282.0284,105.879,105.5993,234.34,302.01,-1.3874,27.0889,83258100
2019-09-06,180,2018-12-19,2019-09-06,298.05,281.5321,282.2672,105.8671,105.5914,234.34,302.01,-1.3112,27.187,49584300
2019-09-09,180,2018-12-20,2019-09-09,298.2,281.8082,282.5279,105.8166,105.5471,234.34,302.01,-1.2615,27.251,51260300
2019-09-10,180,2018-12-21,2019-09-10,298.13,282.1137,282.8111,105.6773,105.4167,234.34,302.01,-1.2847,27.2211,57947100
2019-09-11,180,2018-12-24,2019-09-11,300.25,282.4785,283.1419,106.2913,106.0422,234.34,302.01,-0.5828,28.1258,68821100
2019-09-12,180,2018-12-26,2019-09-12,301.29,282.8995,283.5138,106.5007,106.27,244.21,302.01,-0.2384,23.3733,72908700
2019-09-13,180,2018-12-27,2019-09-13,301.09,283.2292,283.8189,106.3061,106.0853,244.21,302.01,-0.3046,23.2914,62104800
2019-09-16,180,2018-12-28,2019-09-16,300.16,283.5413,284.1083,105.8611,105.6499,244.21,302.01,-0.6126,22.9106,58191200
2019-09-17,180,2018-12-31,2019-09-17,300.92,283.8602,284.4037,106.0099,105.8074,244.21,302.01,-0.3609,23.2218,41475500
2019-09-18,180,2019-01-02,2019-09-18,301.1,284.165,284.688,105.9596,105.7649,244.21,302.01,-0.3013,23.2955,73375800
2019-09-19,180,2019-01-03,2019-09-19,301.08,284.4685,284.9708,105.8395,105.6529,244.21,302.01,-0.3079,23.2873,76560500
2019-09-20,180,2019-01-04,2019-09-20,298.28,284.8026,285.2712,104.7322,104.5602,252.39,302.01,-1.2351,18.1822,89565000
2019-09-23,180,2019-01-07,2019-09-23,298.21,285.0772,285.5257,104.6068,104.4424,254.38,302.01,-1.2582,17.2301,43476800
2019-09-24,180,2019-01-08,2019-09-24,295.87,285.3263,285.7562,103.6953,103.5393,256.77,302.01,-2.0331,15.2276,94869400
2019-09-25,180,2019-01-09,2019-09-25,297.62,285.5683,285.9832,104.2203,104.0691,257.4,302.01,-1.4536,15.6255,71854000
2019-09-26,180,2019-01-10,2019-09-26,297.0,285.7992,286.2,103.9191,103.7736,257.4,302.01,-1.6589,15.3846,56179700
2019-09-27,180,2019-01-11,2019-09-27,295.4,286.0161,286.4029,103.2809,103.1414,257.4,302.01,-2.1887,14.763,84746600
2019-09-30,180,2019-01-14,2019-09-30,296.77,286.2397,286.6128,103.6788,103.5439,257.4,302.01,-1.735,15.2953,51662400
2019-10-01,180,2019-01-15,2019-10-01,293.24,286.456,286.8119,102.3682,102.2412,260.35,302.01,-2.9039,12.633,88242400
2019-10-02,180,2019-01-16,2019-10-02,288.06,286.6246,286.9659,100.5008,100.3813,260.98,302.01,-4.6191,10.3763,122539500
2019-10-03,180,2019-01-17,2019-10-03,290.42,286.802,287.1294,101.2615,101.146,262.86,302.01,-3.8376,10.4847,85278800
2019-10-04,180,2019-01-18,2019-10-04,294.35,286.9874,287.3038,102.5655,102.4525,262.86,302.01,-2.5363,11.9798,65091200
2019-10-07,180,2019-01-22,2019-10-07,293.08,287.1435,287.4517,102.0674,101.958,262.86,302.01,-2.9569,11.4966,59610500
2019-10-08,180,2019-01-23,2019-10-08,288.53,287.2986,287.5943,100.4286,100.3253,263.41,302.01,-4.4634,9.5365,95708100
2019-10-09,180,2019-01-24,2019-10-09,291.27,287.4652,287.7491,101.3236,101.2236,263.41,302.01,-3.5562,10.5767,62359400
2019-10-10,180,2019-01-25,2019-10-10,293.24,287.6417,287.9141,101.9463,101.8498,263.41,302.01,-2.9039,11.3245,55296300
2019-10-11,180,2019-01-28,2019-10-11,296.28,287.8198,288.0835,102.9394,102.8452,263.41,302.01,-1.8973,12.4786,98720400
2019-10-14,180,2019-01-29,2019-10-14,295.95,288.0097,288.2623,102.757,102.6669,263.41,302.01,-2.0066,12.3534,40394800
2019-10-15,180,2019-01-30,2019-10-15,298.88,288.2175,288.4594,103.6995,103.6125,267.58,302.01,-1.0364,11.6974,46754500
2019-10-16,180,2019-01-31,2019-10-16,298.4,288.3957,288.6306,103.4689,103.3847,269.93,302.01,-1.1953,10.5472,48928200
2019-10-17,180,2019-02-01,2019-10-17,299.28,288.5637,288.7937,103.7137,103.6311,270.06,302.01,-0.9039,10.8198,45736600
2019-10-18,180,2019-02-04,2019-10-18,297.97,288.7243,288.9487,103.2023,103.1221,270.14,302.01,-1.3377,10.3021,64304000
2019-10-21,180,2019-02-05,2019-10-21,299.99,288.8835,289.1044,103.8446,103.7653,270.14,302.01,-0.6689,11.0498,39048600
2019-10-22,180,2019-02-06,2019-10-22,299.01,289.0306,289.2484,103.4527,103.3748,270.14,302.01,-0.9933,10.687,48594700
2019-10-23,180,2019-02-07,2019-10-23,299.88,289.1847,289.3992,103.6984,103.6216,270.14,302.01,-0.7053,11.0091,34352200
2019-10-24,180,2019-02-08,2019-10-24,300.37,289.3579,289.5671,103.8057,103.7307,270.47,302.01,-0.543,11.0548,35453100
2019-10-25,180,2019-02-11,2019-10-25,301.6,289.5355,289.7401,104.1668,104.0933,270.62,302.01,-0.1358,11.4478,45205400
2019-10-28,180,2019-02-12,2019-10-28,303.3,289.7211,289.9216,104.6869,104.6145,274.1,303.3,0.0,10.653,42147000
2019-10-29,180,2019-02-13,2019-10-29,303.21,289.8845,290.0833,104.5968,104.5251,274.38,303.3,-0.0297,10.5073,44284900
2019-10-30,180,2019-02-14,2019-10-30,304.14,290.0473,290.2453,104.8588,104.7872,274.38,304.14,0.0,10.8463,49643900
2019-10-31,180,2019-02-15,2019-10-31,303.33,290.21,290.4061,104.5209,104.4503,274.46,304.14,-0.2663,10.5188,69053800
2019-11-01,180,2019-02-19,2019-11-01,306.14,290.3686,290.5659,105.4315,105.3599,274.46,306.14,0.0,11.5427,71141500
2019-11-04,180,2019-02-20,2019-11-04,307.37,290.5306,290.7299,105.7961,105.7235,274.46,307.37,0.0,11.9908,60606900
2019-11-05,180,2019-02-21,2019-11-05,307.03,290.6877,290.8889,105.6219,105.5489,274.46,307.37,-0.1106,11.8669,42933200
2019-11-06,180,2019-02-22,2019-11-06,307.1,290.8513,291.0538,105.5866,105.5131,274.46,307.37,-0.0878,11.8924,46487100
2019-11-07,180,2019-02-25,2019-11-07,308.18,291.0101,291.2152,105.9001,105.8255,274.46,308.18,0.0,12.2859,54272300
2019-11-08,180,2019-02-26,2019-11-08,308.94,291.1704,291.3786,106.1028,106.027,274.46,308.94,0.0,12.5629,49032100
2019-11-11,180,2019-02-27,2019-11-11,308.35,291.3293,291.5399,105.8424,105.766,274.46,308.94,-0.191,12.3479,35797300
2019-11-12,180,2019-02-28,2019-11-12,309.0,291.4922,291.7054,106.0063,105.9288,274.46,309.0,0.0,12.5847,46484600
2019-11-13,180,2019-03-01,2019-11-13,309.1,291.659,291.8744,105.9799,105.9017,274.46,309.1,0.0,12.6212,53917700
2019-11-14,180,2019-03-04,2019-11-14,309.55,291.8177,292.0363,106.0765,105.9971,274.46,309.55,0.0,12.7851,51219900
2019-11-15,180,2019-03-05,2019-11-15,311.79,291.9937,292.2162,106.7797,106.6984,274.46,311.79,0.0,13.6013,62023600
2019-11-18,180,2019-03-06,2019-11-18,312.02,292.1734,292.3996,106.7928,106.7101,274.46,312.02,0.0,13.6851,49228000
2019-11-19,180,2019-03-07,2019-11-19,311.93,292.3632,292.5918,106.6926,106.6093,274.46,312.02,-0.0288,13.6523,67804700
2019-11-20,180,2019-03-08,2019-11-20,310.77,292.562,292.7904,106.2236,106.1408,274.46,312.02,-0.4006,13.2296,79406200
2019-11-21,180,2019-03-11,2019-11-21,310.27,292.7621,292.9894,105.9802,105.898,274.57,312.02,-0.5609,13.0021,54664700
2019-11-22,180,2019-03-12,2019-11-22,310.96,292.9411,293.1701,106.151,106.0681,274.57,312.02,-0.3397,13.2534,44850200
2019-11-25,180,2019-03-13,2019-11-25,313.37,293.1256,293.3583,106.9064,106.8216,274.57,313.37,0.0,14.1312,48647200
2019-11-26,180,2019-03-14,2019-11-26,314.08,293.3026,293.5402,107.084,106.9973,274.57,314.08,0.0,14.3898,37569000
2019-11-27,180,2019-03-15,2019-11-27,315.48,293.4876,293.7308,107.4935,107.4045,274.57,315.48,0.0,14.8997,44444600
2019-11-29,180,2019-03-18,2019-11-29,314.31,293.6663,293.9142,107.0296,106.9394,274.57,315.48,-0.3709,14.4735,36592700
2019-12-02,180,2019-03-19,2019-12-02,311.64,293.826,294.077,106.0628,105.9723,274.57,315.48,-1.2172,13.5011,75767800
2019-12-03,180,2019-03-20,2019-12-03,309.55,293.975,294.2278,105.2981,105.2076,274.57,315.48,-1.8797,12.7399,73941700
2019-12-04,180,2019-03-21,2019-12-04,311.46,294.1389,294.394,105.8888,105.797,274.57,315.48,-1.2743,13.4355,49080000
2019-12-05,180,2019-03-22,2019-12-05,312.02,294.2866,294.5456,106.0259,105.9327,274.57,315.48,-1.0967,13.6395,40709000
2019-12-06,180,2019-03-25,2019-12-06,314.87,294.4816,294.7435,106.9235,106.8285,274.57,315.48,-0.1934,14.6775,48927000
2019-12-09,180,2019-03-26,2019-12-09,313.88,294.6734,294.9371,106.5179,106.4227,274.57,315.48,-0.5072,14.3169,34838500
2019-12-10,180,2019-03-27,2019-12-10,313.53,294.8509,295.1171,106.3351,106.2392,274.57,315.48,-0.6181,14.1895,52649800
2019-12-11,180,2019-03-28,2019-12-11,314.42,295.042,295.3103,106.5679,106.4711,274.57,315.48,-0.336,14.5136,53429100
2019-12-12,180,2019-03-29,2019-12-12,317.13,295.24,295.5126,107.4143,107.3152,274.57,317.13,0.0,15.5006,96389600
2019-12-13,180,2019-04-01,2019-12-13,317.32,295.4283,295.7062,107.4101,107.3092,274.57,317.32,0.0,15.5698,81503900
2019-12-16,180,2019-04-02,2019-12-16,319.5,295.6072,295.8932,108.0826,107.9781,274.57,319.5,0.0,16.3638,82749700
2019-12-17,180,2019-04-03,2019-12-17,319.57,295.7858,296.0799,108.041,107.9337,274.57,319.57,0.0,16.3893,61097700
2019-12-18,180,2019-04-04,2019-12-18,319.59,295.9621,296.2642,107.9834,107.8733,274.57,319.59,0.0,16.3965,48133000
2019-12-19,180,2019-04-05,2019-12-19,320.9,296.1402,296.4515,108.3608,108.247,274.57,320.9,0.0,16.8737,85310500
2019-12-20,180,2019-04-08,2019-12-20,320.73,296.3096,296.6302,108.2415,108.1245,274.57,320.9,-0.053,16.8117,147142100
2019-12-23,180,2019-04-09,2019-12-23,321.22,296.4802,296.8103,108.3445,108.224,274.57,321.22,0.0,16.9902,52990000
2019-12-24,180,2019-04-10,2019-12-24,321.23,296.6598,296.9988,108.2823,108.1587,274.57,321.23,0.0,16.9938,20270000
2019-12-26,180,2019-04-11,2019-12-26,322.94,296.8419,297.1913,108.7919,108.664,274.57,322.94,0.0,17.6166,30911200
2019-12-27,180,2019-04-12,2019-12-27,322.86,297.0243,297.3838,108.6982,108.5668,274.57,322.94,-0.0248,17.5875,42528800
2019-12-30,180,2019-04-15,2019-12-30,321.08,297.1871,297.5556,108.0397,107.9059,274.57,322.94,-0.576,16.9392,49729100
2019-12-31,180,2019-04-16,2019-12-31,321.86,297.3548,297.7327,108.2411,108.1037,274.57,322.94,-0.3344,17.2233,57077300
2020-01-02,180,2019-04-17,2020-01-02,324.87,297.5358,297.9256,109.1869,109.044,274.57,324.87,0.0,18.3195,59151200
2020-01-03,180,2019-04-18,2020-01-03,322.41,297.7096,298.1087,108.2968,108.1518,274.57,324.87,-0.7572,17.4236,77709700
2020-01-06,180,2019-04-22,2020-01-06,323.64,297.8861,298.2954,108.6456,108.4965,274.57,324.87,-0.3786,17.8716,55653900
2020-01-07,180,2019-04-23,2020-01-07,322.73,298.057,298.4758,108.278,108.126,274.57,324.87,-0.6587,17.5402,40496400
2020-01-08,180,2019-04-24,2020-01-08,324.45,298.2211,298.6512,108.7951,108.6385,274.57,324.87,-0.1293,18.1666,68296000
2020-01-09,180,2019-04-25,2020-01-09,326.65,298.3993,298.8424,109.4674,109.3051,274.57,326.65,0.0,18.9678,48473300
2020-01-10,180,2019-04-26,2020-01-10,325.71,298.5745,299.0294,109.0884,108.9224,274.57,326.65,-0.2878,18.6255,53029300
2020-01-13,180,2019-04-29,2020-01-13,327.95,298.7523,299.2213,109.7732,109.6012,274.57,327.95,0.0,19.4413,47086800
2020-01-14,180,2019-04-30,2020-01-14,327.45,298.9255,299.4078,109.5424,109.3659,274.57,327.95,-0.1525,19.2592,62832800
2020-01-15,180,2019-05-01,2020-01-15,328.19,299.1014,299.5977,109.7253,109.5436,274.57,328.19,0.0,19.5287,72056600
2020-01-16,180,2019-05-02,2020-01-16,330.92,299.3028,299.8149,110.5636,110.3748,274.57,330.92,0.0,20.523,54050300
2020-01-17,180,2019-05-03,2020-01-17,331.95,299.5129,300.0414,110.83,110.6347,274.57,331.95,0.0,20.8981,95846000
2020-01-21,180,2019-05-06,2020-01-21,331.3,299.7037,300.2485,110.5425,110.3419,274.57,331.95,-0.1958,20.6614,77742400
2020-01-22,180,2019-05-07,2020-01-22,331.34,299.9019,300.4625,110.4828,110.2767,274.57,331.95,-0.1838,20.676,48914900
2020-01-23,180,2019-05-08,2020-01-23,331.72,300.1312,300.7058,110.525,110.3138,274.57,331.95,-0.0693,20.8144,51963000
2020-01-24,180,2019-05-09,2020-01-24,328.77,300.3497,300.9349,109.4624,109.2495,274.57,331.95,-0.958,19.7399,87578400
2020-01-27,180,2019-05-10,2020-01-27,323.5,300.5489,301.1396,107.6364,107.4253,274.57,331.95,-2.5456,17.8206,84062500
2020-01-28,180,2019-05-13,2020-01-28,326.89,300.7557,301.3551,108.6895,108.4734,274.57,331.95,-1.5243,19.0553,63834000
2020-01-29,180,2019-05-14,2020-01-29,326.62,301.0066,301.6093,108.5092,108.2924,274.57,331.95,-1.6057,18.9569,53888900
2020-01-30,180,2019-05-15,2020-01-30,327.68,301.2468,301.8553,108.7746,108.5553,274.57,331.95,-1.2863,19.343,75491800
2020-01-31,180,2019-05-16,2020-01-31,321.73,301.4485,302.059,106.728,106.5123,274.57,331.95,-3.0788,17.1759,113845600
2020-02-03,180,2019-05-17,2020-02-03,324.12,301.6458,302.2613,107.4505,107.2317,274.57,331.95,-2.3588,18.0464,69083000
2020-02-04,180,2019-05-20,2020-02-04,329.06,301.8783,302.5014,109.0042,108.7796,274.57,331.95,-0.8706,19.8456,62573200
2020-02-05,180,2019-05-21,2020-02-05,332.86,302.1405,302.7732,110.1673,109.9371,274.57,332.86,0.0,21.2296,65951100
2020-02-06,180,2019-05-22,2020-02-06,333.98,302.3923,303.0369,110.4459,110.211,274.57,333.98,0.0,21.6375,50359700
2020-02-07,180,2019-05-23,2020-02-07,332.2,302.6419,303.2956,109.7667,109.5301,274.57,333.98,-0.533,20.9892,64139400
2020-02-10,180,2019-05-24,2020-02-10,334.68,302.9252,303.5875,110.4827,110.2417,274.57,334.68,0.0,21.8924,42070000
2020-02-11,180,2019-05-28,2020-02-11,335.26,303.2077,303.8791,110.5711,110.3268,274.57,335.26,0.0,22.1037,54864500
2020-02-12,180,2019-05-29,2020-02-12,337.42,303.5175,304.1972,111.1699,110.9215,274.57,337.42,0.0,22.8903,43992700
2020-02-13,180,2019-05-30,2020-02-13,337.06,303.8386,304.5238,110.9339,110.6843,274.57,337.42,-0.1067,22.7592,54501900
2020-02-14,180,2019-05-31,2020-02-14,337.6,304.1578,304.8492,110.995,110.7433,274.57,337.6,0.0,22.9559,64582200
2020-02-18,180,2019-06-03,2020-02-18,336.73,304.499,305.1907,110.5849,110.3343,274.57,337.6,-0.2577,22.639,57226200
2020-02-19,180,2019-06-04,2020-02-19,338.34,304.853,305.5449,110.9846,110.7333,280.53,338.34,0.0,20.6074,48814700
2020-02-20,180,2019-06-05,2020-02-20,336.95,305.1615,305.8584,110.417,110.1654,282.96,338.34,-0.4108,19.0804,74163400
2020-02-21,180,2019-06-06,2020-02-21,333.48,305.4387,306.1391,109.1807,108.9309,283.82,338.34,-1.4364,17.497,113788200
2020-02-24,180,2019-06-07,2020-02-24,322.42,305.6512,306.3481,105.4863,105.2463,283.82,338.34,-4.7053,13.6002,161088400
2020-02-25,180,2019-06-10,2020-02-25,312.65,305.7956,306.4869,102.2415,102.0109,283.82,338.34,-7.593,10.1578,218913200
2020-02-26,180,2019-06-11,2020-02-26,311.5,305.9256,306.6121,101.8221,101.5942,283.82,338.34,-7.9328,9.7527,194773800
2020-02-27,180,2019-06-12,2020-02-27,297.51,305.9777,306.6599,97.2326,97.0163,283.82,338.34,-12.0677,4.8235,284353500
2020-02-28,180,2019-06-13,2020-02-28,296.26,306.0256,306.7037,96.8089,96.5949,283.82,338.34,-12.4372,4.3831,384975800
2020-03-02,180,2019-06-14,2020-03-02,309.09,306.1391,306.8121,100.9639,100.7425,283.82,338.34,-8.6451,8.9035,238703600
2020-03-03,180,2019-06-17,2020-03-03,300.24,306.2049,306.8731,98.052,97.8385,283.82,338.34,-11.2609,5.7854,300139100
2020-03-04,180,2019-06-18,2020-03-04,312.86,306.3402,307.0036,102.1283,101.9076,283.82,338.34,-7.5309,10.2318,176613400
2020-03-05,180,2019-06-19,2020-03-05,302.46,306.3995,307.0594,98.7143,98.5021,283.82,338.34,-10.6047,6.5675,186366800
2020-03-06,180,2019-06-20,2020-03-06,297.46,306.4258,307.0839,97.0741,96.866,283.82,338.34,-12.0825,4.8059,228667200
2020-03-09,180,2019-06-21,2020-03-09,274.23,306.2868,306.9637,89.5337,89.3363,274.23,338.34,-18.9484,0.0,309417300
2020-03-10,180,2019-06-24,2020-03-10,288.42,306.2525,306.9327,94.1772,93.9685,274.23,338.34,-14.7544,5.1745,276444100
2020-03-11,180,2019-06-25,2020-03-11,274.36,306.1279,306.8256,89.6227,89.4189,274.23,338.34,-18.91,0.0474,255316300
2020-03-12,180,2019-06-26,2020-03-12,248.11,305.8204,306.5887,81.1293,80.926,248.11,338.34,-26.6684,0.0,392220700
2020-03-13,180,2019-06-27,2020-03-13,269.32,305.6799,306.4712,88.1052,87.8778,248.11,338.34,-20.3996,8.5486,329566100
2020-03-16,180,2019-06-28,2020-03-16,239.85,305.2969,306.1842,78.5629,78.3352,239.85,338.34,-29.1098,0.0,297240000
2020-03-17,180,2019-07-01,2020-03-17,252.8,305.0162,305.9609,82.8809,82.6249,239.85,338.34,-25.2823,5.3992,262070500
2020-03-18,180,2019-07-02,2020-03-18,240.0,304.6113,305.6517,78.7889,78.5208,239.85,338.34,-29.0654,0.0625,327597100
2020-03-19,180,2019-07-03,2020-03-19,240.51,304.2075,305.341,79.0612,78.7677,239.85,338.34,-28.9147,0.2752,289322000
2020-03-20,180,2019-07-05,2020-03-20,228.8,303.682,304.9521,75.342,75.0282,228.8,338.34,-32.3757,0.0,347158800
2020-03-23,180,2019-07-08,2020-03-23,222.95,303.1017,304.5326,73.5562,73.2105,222.95,338.34,-34.1047,0.0,326025200
2020-03-24,180,2019-07-09,2020-03-24,243.15,302.7226,304.2344,80.3211,79.9219,222.95,338.34,-28.1344,9.0603,235494500
2020-03-25,180,2019-07-10,2020-03-25,246.79,302.3732,303.9544,81.6177,81.1931,222.95,338.34,-27.0586,10.693,299430300
2020-03-26,180,2019-07-11,2020-03-26,261.2,302.1297,303.7466,86.4529,85.9927,222.95,338.34,-22.7995,17.1563,257632800
2020-03-27,180,2019-07-12,2020-03-27,253.42,301.8232,303.4917,83.9631,83.5015,222.95,338.34,-25.099,13.6667,224341200
2020-03-30,180,2019-07-15,2020-03-30,261.65,301.5725,303.275,86.7619,86.2748,222.95,338.34,-22.6665,17.3582,171369500
2020-03-31,180,2019-07-16,2020-03-31,257.75,301.2925,303.0361,85.5481,85.0559,222.95,338.34,-23.8192,15.6089,194881100
2020-04-01,180,2019-07-17,2020-04-01,246.15,300.9264,302.7382,81.7974,81.3079,222.95,338.34,-27.2477,10.4059,189554600
2020-04-02,180,2019-07-18,2020-04-02,251.83,300.6187,302.4831,83.7706,83.2542,222.95,338.34,-25.569,12.9536,177660400
2020-04-03,180,2019-07-19,2020-04-03,248.19,300.2763,302.2018,82.6539,82.1272,222.95,338.34,-26.6448,11.3209,135561200
2020-04-06,180,2019-07-22,2020-04-06,264.86,300.0708,302.0223,88.2658,87.6955,222.95,338.34,-21.7178,18.7979,188061200
2020-04-07,180,2019-07-23,2020-04-07,265.13,299.8634,301.8402,88.4169,87.8379,222.95,338.34,-21.638,18.919,201427200
2020-04-08,180,2019-07-24,2020-04-08,274.03,299.7055,301.6958,91.4331,90.8299,222.95,338.34,-19.0075,22.911,153774500
2020-04-09,180,2019-07-25,2020-04-09,278.2,299.5673,301.5667,92.8673,92.2516,222.95,338.34,-17.775,24.7813,189999200
2020-04-13,180,2019-07-26,2020-04-13,275.66,299.4206,301.4314,92.0645,91.4503,222.95,338.34,-18.5257,23.6421,114839100
2020-04-14,180,2019-07-29,2020-04-14,283.79,299.3148,301.3302,94.8132,94.1791,222.95,338.34,-16.1228,27.2886,134143400
2020-04-15,180,2019-07-30,2020-04-15,277.76,299.174,301.1986,92.8423,92.2182,222.95,338.34,-17.9051,24.584,121775000
2020-04-16,180,2019-07-31,2020-04-16,279.1,299.0459,301.0784,93.3301,92.7001,222.95,338.34,-17.509,25.185,131798300
2020-04-17,180,2019-08-01,2020-04-17,286.64,298.9831,301.0185,95.8717,95.2234,222.95,338.34,-15.2805,28.567,146684800
2020-04-20,180,2019-08-02,2020-04-20,281.59,298.9038,300.9449,94.2076,93.5686,222.95,338.34,-16.7731,26.3019,100109300
2020-04-21,180,2019-08-05,2020-04-21,273.04,298.7822,300.8361,91.3843,90.7604,222.95,338.34,-19.3001,22.4669,126385700
2020-04-22,180,2019-08-06,2020-04-22,279.1,298.7527,300.8099,93.4218,92.7829,222.95,338.34,-17.509,25.185,92951600
2020-04-23,180,2019-08-07,2020-04-23,279.08,298.6989,300.7614,93.4319,92.7911,222.95,338.34,-17.5149,25.176,104709700
2020-04-24,180,2019-08-08,2020-04-24,282.97,298.6685,300.7337,94.7438,94.0932,222.95,338.34,-16.3652,26.9208,85063200
2020-04-27,180,2019-08-09,2020-04-27,287.05,298.6298,300.6972,96.1223,95.4615,222.95,338.34,-15.1593,28.7508,77896600
2020-04-28,180,2019-08-12,2020-04-28,285.73,298.5948,300.6644,95.6915,95.0329,222.95,338.34,-15.5494,28.1588,105270000
2020-04-29,180,2019-08-13,2020-04-29,293.21,298.625,300.693,98.1867,97.5114,222.95,338.34,-13.3387,31.5138,118745600
2020-04-30,180,2019-08-14,2020-04-30,290.48,298.6129,300.6815,97.2764,96.6072,222.95,338.34,-14.1455,30.2893,122901700
2020-05-01,180,2019-08-15,2020-05-01,282.79,298.6061,300.6753,94.7034,94.0516,222.95,338.34,-16.4184,26.8401,125180000
2020-05-04,180,2019-08-16,2020-05-04,283.57,298.5994,300.6693,94.9667,94.3129,222.95,338.34,-16.1879,27.19,80873200
2020-05-05,180,2019-08-19,2020-05-05,286.19,298.5835,300.6546,95.8492,95.189,222.95,338.34,-15.4135,28.3651,79569900
2020-05-06,180,2019-08-20,2020-05-06,284.25,298.5353,300.6097,95.2149,94.5578,222.95,338.34,-15.9869,27.495,73632600
2020-05-07,180,2019-08-21,2020-05-07,287.68,298.521,300.5963,96.3684,95.7031,222.95,338.34,-14.9731,29.0334,75250400
2020-05-08,180,2019-08-22,2020-05-08,292.44,298.521,300.5962,97.963,97.2867,222.95,338.34,-13.5662,31.1684,76452400
2020-05-11,180,2019-08-23,2020-05-11,292.5,298.5218,300.597,97.9828,97.3064,222.95,338.34,-13.5485,31.1953,79514200
2020-05-12,180,2019-08-26,2020-05-12,286.67,298.5328,300.6071,96.0263,95.3637,222.95,338.34,-15.2716,28.5804,95870800
2020-05-13,180,2019-08-27,2020-05-13,281.6,298.4938,300.5716,94.3403,93.6882,222.95,338.34,-16.7701,26.3064,144721100
2020-05-14,180,2019-08-28,2020-05-14,284.97,298.4823,300.561,95.473,94.8127,222.95,338.34,-15.7741,27.8179,121977900
2020-05-15,180,2019-08-29,2020-05-15,286.28,298.4666,300.5465,95.9169,95.2531,222.95,338.34,-15.3869,28.4055,111146300
2020-05-18,180,2019-08-30,2020-05-18,295.0,298.4805,300.5599,98.8339,98.1501,222.95,338.34,-12.8096,32.3167,119703800
2020-05-19,180,2019-09-03,2020-05-19,291.97,298.4777,300.5573,97.8197,97.1429,222.95,338.34,-13.7051,30.9576,95189300
2020-05-20,180,2019-09-04,2020-05-20,296.93,298.5132,300.5917,99.4696,98.7818,222.95,338.34,-12.2392,33.1823,85861700
2020-05-21,180,2019-09-05,2020-05-21,294.88,298.518,300.5963,98.7813,98.0983,222.95,338.34,-12.8451,32.2628,78293900
2020-05-22,180,2019-09-06,2020-05-22,295.44,298.5046,300.5831,98.9733,98.289,222.95,338.34,-12.6796,32.514,63958200
2020-05-26,180,2019-09-09,2020-05-26,299.08,298.5103,300.5888,100.1908,99.498,222.95,338.34,-11.6037,34.1467,88951400
2020-05-27,180,2019-09-10,2020-05-27,303.53,298.5395,300.6184,101.6716,100.9685,222.95,338.34,-10.2885,36.1426,104817400
2020-05-28,180,2019-09-11,2020-05-28,302.97,298.566,300.6453,101.475,100.7732,222.95,338.34,-10.454,35.8915,90405200
2020-05-29,180,2019-09-12,2020-05-29,304.32,298.5881,300.6679,101.9197,101.2146,222.95,338.34,-10.055,36.497,119090800
2020-06-01,180,2019-09-13,2020-06-01,305.55,298.611,300.6916,102.3237,101.6157,222.95,338.34,-9.6914,37.0487,55758300
2020-06-02,180,2019-09-16,2020-06-02,308.08,298.6484,300.7304,103.1581,102.4439,222.95,338.34,-8.9437,38.1834,74267200
2020-06-03,180,2019-09-17,2020-06-03,312.18,298.7119,300.7972,104.5087,103.7842,222.95,338.34,-7.7319,40.0224,92567600
2020-06-04,180,2019-09-18,2020-06-04,311.36,298.7672,300.8552,104.2149,103.4916,222.95,338.34,-7.9742,39.6546,75794400
2020-06-05,180,2019-09-19,2020-06-05,319.34,298.8613,300.9566,106.8523,106.1083,222.95,338.34,-5.6157,43.2339,150524700
2020-06-08,180,2019-09-20,2020-06-08,323.2,298.9741,301.0794,108.103,107.3471,222.95,338.34,-4.4748,44.9652,73641200
2020-06-09,180,2019-09-23,2020-06-09,320.79,299.091,301.2045,107.255,106.5024,222.95,338.34,-5.1871,43.8843,77479200
2020-06-10,180,2019-09-24,2020-06-10,319.0,299.1996,301.32,106.6178,105.8675,222.95,338.34,-5.7161,43.0814,95000800
2020-06-11,180,2019-09-25,2020-06-11,300.61,299.2261,301.3463,100.4625,99.7556,222.95,338.34,-11.1515,34.8329,209243600
2020-06-12,180,2019-09-26,2020-06-12,304.21,299.2623,301.3829,101.6533,100.938,222.95,338.34,-10.0875,36.4476,194678900
2020-06-15,180,2019-09-27,2020-06-15,307.05,299.3172,301.4388,102.5835,101.8615,222.95,338.34,-9.2481,37.7215,135782700
2020-06-16,180,2019-09-30,2020-06-16,312.96,299.4118,301.5363,104.5249,103.7885,222.95,338.34,-7.5013,40.3723,137627500
2020-06-17,180,2019-10-01,2020-06-17,311.66,299.492,301.6191,104.0629,103.329,222.95,338.34,-7.8856,39.7892,83398900
2020-06-18,180,2019-10-02,2020-06-18,311.78,299.593,301.7221,104.0678,103.3335,222.95,338.34,-7.8501,39.843,80828700
2020-06-19,180,2019-10-03,2020-06-19,308.64,299.7085,301.8364,102.9801,102.2541,222.95,338.34,-8.7781,38.4346,135549600
2020-06-22,180,2019-10-04,2020-06-22,310.62,299.8203,301.9486,103.6021,102.8718,222.95,338.34,-8.1929,39.3227,74649400
2020-06-23,180,2019-10-07,2020-06-23,312.05,299.9166,302.0469,104.0456,103.3118,222.95,338.34,-7.7703,39.9641,68471200
2020-06-24,180,2019-10-08,2020-06-24,304.09,299.9783,302.1081,101.3707,100.656,222.95,338.34,-10.123,36.3938,132813500
2020-06-25,180,2019-10-09,2020-06-25,307.35,300.0844,302.2127,102.4212,101.6999,222.95,338.34,-9.1594,37.856,89468000
2020-06-26,180,2019-10-10,2020-06-26,300.05,300.1347,302.2614,99.9718,99.2684,222.95,338.34,-11.317,34.5817,127961000
2020-06-29,180,2019-10-11,2020-06-29,304.46,300.1976,302.3238,101.4199,100.7066,222.95,338.34,-10.0136,36.5598,79773300
2020-06-30,180,2019-10-14,2020-06-30,308.36,300.2638,302.3909,102.6963,101.974,222.95,338.34,-8.8609,38.309,113394800
2020-07-01,180,2019-10-15,2020-07-01,310.52,300.3433,302.4718,103.3884,102.6608,222.95,338.34,-8.2225,39.2779,72396500
2020-07-02,180,2019-10-16,2020-07-02,312.23,300.415,302.546,103.9329,103.2008,222.95,338.34,-7.7171,40.0449,69344200
2020-07-06,180,2019-10-17,2020-07-06,317.05,300.5138,302.6496,105.5026,104.7581,222.95,338.34,-6.2925,42.2068,61713800
2020-07-07,180,2019-10-18,2020-07-07,313.78,300.5913,302.7302,104.3876,103.6501,222.95,338.34,-7.259,40.7401,82910000
2020-07-08,180,2019-10-21,2020-07-08,316.18,300.6884,302.8313,105.152,104.408,222.95,338.34,-6.5496,41.8165,54638600
2020-07-09,180,2019-10-22,2020-07-09,314.38,300.765,302.9113,104.5268,103.7862,222.95,338.34,-7.0816,41.0092,83354200
2020-07-10,180,2019-10-23,2020-07-10,317.59,300.8634,303.0145,105.5595,104.8102,222.95,338.34,-6.1329,42.449,57550400
2020-07-13,180,2019-10-24,2020-07-13,314.84,300.9431,303.0976,104.6178,103.8741,222.95,338.34,-6.9457,41.2155,102997500
2020-07-14,180,2019-10-25,2020-07-14,318.92,301.0406,303.2007,105.9392,105.1845,222.95,338.34,-5.7398,43.0455,93657000
2020-07-15,180,2019-10-28,2020-07-15,321.85,301.1456,303.3132,106.8752,106.1115,222.95,338.34,-4.8738,44.3597,87196500
2020-07-16,180,2019-10-29,2020-07-16,320.79,301.2362,303.4103,106.4912,105.7281,222.95,338.34,-5.1871,43.8843,54622500
2020-07-17,180,2019-10-30,2020-07-17,321.72,301.3319,303.5132,106.766,105.9987,222.95,338.34,-4.9122,44.3014,62774900
2020-07-20,180,2019-10-31,2020-07-20,324.32,301.4352,303.6253,107.592,106.8159,222.95,338.34,-4.1438,45.4676,56308800
2020-07-21,180,2019-11-01,2020-07-21,325.01,301.5462,303.7457,107.7812,107.0007,222.95,338.34,-3.9398,45.7771,57292200
2020-07-22,180,2019-11-04,2020-07-22,326.86,301.6509,303.8608,108.3571,107.569,222.95,338.34,-3.393,46.6069,57792900
2020-07-23,180,2019-11-05,2020-07-23,322.96,301.7303,303.9474,107.036,106.2552,222.95,338.34,-4.5457,44.8576,75738000
2020-07-24,180,2019-11-06,2020-07-24,320.88,301.8014,304.0244,106.3216,105.5442,222.95,338.34,-5.1605,43.9247,73766600
2020-07-27,180,2019-11-07,2020-07-27,323.22,301.8836,304.1139,107.0678,106.2825,222.95,338.34,-4.4689,44.9742,48293000
2020-07-28,180,2019-11-08,2020-07-28,321.17,301.9501,304.1861,106.3653,105.5834,222.95,338.34,-5.0748,44.0547,57495000
2020-07-29,180,2019-11-11,2020-07-29,325.12,302.0317,304.276,107.6443,106.8504,222.95,338.34,-3.9073,45.8264,48454200
2020-07-30,180,2019-11-12,2020-07-30,323.96,302.1109,304.3627,107.2321,106.4388,222.95,338.34,-4.2502,45.3061,61861700
2020-07-31,180,2019-11-13,2020-07-31,326.52,302.199,304.4601,108.048,107.2456,222.95,338.34,-3.4935,46.4544,84986800
2020-08-03,180,2019-11-14,2020-08-03,328.79,302.2973,304.5694,108.7638,107.9524,222.95,338.34,-2.8226,47.4725,53077900
2020-08-04,180,2019-11-15,2020-08-04,330.06,302.3992,304.6834,109.1471,108.3288,222.95,338.34,-2.4472,48.0422,41917900
2020-08-05,180,2019-11-18,2020-08-05,332.11,302.499,304.7963,109.7888,108.9613,222.95,338.34,-1.8413,48.9616,42697700
2020-08-06,180,2019-11-19,2020-08-06,334.33,302.6077,304.9202,110.483,109.6451,222.95,338.34,-1.1852,49.9574,43679400
2020-08-07,180,2019-11-20,2020-08-07,334.57,302.7181,305.046,110.522,109.6785,222.95,338.34,-1.1143,50.065,57308300
2020-08-10,180,2019-11-21,2020-08-10,335.57,302.8392,305.1838,110.808,109.9567,222.95,338.34,-0.8187,50.5136,44282100
2020-08-11,180,2019-11-22,2020-08-11,332.8,302.9505,305.3089,109.8529,109.0043,222.95,338.34,-1.6374,49.2711,69601100
2020-08-12,180,2019-11-25,2020-08-12,337.44,303.0792,305.4561,111.3372,110.4709,222.95,338.34,-0.266,51.3523,53774400
2020-08-13,180,2019-11-26,2020-08-13,336.83,303.1927,305.5864,111.0944,110.2241,222.95,338.34,-0.4463,51.0787,41816100
2020-08-14,180,2019-11-27,2020-08-14,336.84,303.3026,305.7128,111.0574,110.1818,222.95,338.34,-0.4433,51.0832,47260400
2020-08-17,180,2019-11-29,2020-08-17,337.91,303.4101,305.8374,111.3707,110.4868,222.95,338.34,-0.1271,51.5631,35481000
2020-08-18,180,2019-12-02,2020-08-18,338.64,303.5271,305.9726,111.5683,110.6766,222.95,338.64,0.0,51.8906,38733900
2020-08-19,180,2019-12-03,2020-08-19,337.23,303.6518,306.1148,111.0581,110.1646,222.95,338.64,-0.4164,51.2581,68054200
2020-08-20,180,2019-12-04,2020-08-20,338.28,303.7924,306.2744,111.3524,110.45,222.95,338.64,-0.1063,51.7291,42207800
2020-08-21,180,2019-12-05,2020-08-21,339.48,303.9283,306.4301,111.6974,110.7855,222.95,339.48,0.0,52.2673,55106600
2020-08-24,180,2019-12-06,2020-08-24,342.92,304.0766,306.6017,112.7742,111.8454,222.95,342.92,0.0,53.8103,48588700
2020-08-25,180,2019-12-09,2020-08-25,344.12,304.2153,306.7642,113.1173,112.1774,222.95,344.12,0.0,54.3485,38463400
2020-08-26,180,2019-12-10,2020-08-26,347.57,304.3742,306.9514,114.1917,113.2329,222.95,347.57,0.0,55.8959,50790200
2020-08-27,180,2019-12-11,2020-08-27,348.33,304.5383,307.1447,114.3797,113.4091,222.95,348.33,0.0,56.2368,58034100
2020-08-28,180,2019-12-12,2020-08-28,350.58,304.7074,307.3456,115.0546,114.067,222.95,350.58,0.0,57.246,48588900
2020-08-31,180,2019-12-13,2020-08-31,349.31,304.8573,307.5244,114.5815,113.5877,222.95,350.58,-0.3623,56.6764,66099200
2020-09-01,180,2019-12-16,2020-09-01,352.6,305.0202,307.7204,115.5989,114.5845,222.95,352.6,0.0,58.1521,54908700
2020-09-02,180,2019-12-17,2020-09-02,357.7,305.193,307.9326,117.2045,116.1618,222.95,357.7,0.0,60.4396,69540000
2020-09-03,180,2019-12-18,2020-09-03,345.39,305.3141,308.0761,113.1261,112.1119,222.95,357.7,-3.4414,54.9182,148011100
2020-09-04,180,2019-12-19,2020-09-04,342.57,305.4229,308.2037,112.1625,111.1505,222.95,357.7,-4.2298,53.6533,139156300
2020-09-08,180,2019-12-20,2020-09-08,333.21,305.4826,308.2721,109.0766,108.0896,222.95,357.7,-6.8465,49.455,114465300
2020-09-09,180,2019-12-23,2020-09-09,339.79,305.5732,308.378,111.1976,110.1862,222.95,357.7,-5.007,52.4064,91462300
2020-09-10,180,2019-12-24,2020-09-10,333.89,305.6345,308.4484,109.2449,108.2483,222.95,357.7,-6.6564,49.76,90569500
2020-09-11,180,2019-12-26,2020-09-11,334.06,305.6966,308.5197,109.2783,108.2783,222.95,357.7,-6.6089,49.8363,84680200
2020-09-14,180,2019-12-27,2020-09-14,338.46,305.7703,308.6059,110.6909,109.6739,222.95,357.7,-5.3788,51.8098,65605700
2020-09-15,180,2019-12-30,2020-09-15,340.17,305.8522,308.7021,111.2204,110.1936,222.95,357.7,-4.9008,52.5768,52920900
2020-09-16,180,2019-12-31,2020-09-16,338.82,305.937,308.8006,110.7483,109.7213,222.95,357.7,-5.2782,51.9713,82096000
2020-09-17,180,2020-01-02,2020-09-17,335.84,306.0043,308.8783,109.7501,108.7289,222.95,357.7,-6.1113,50.6347,91523300
2020-09-18,180,2020-01-03,2020-09-18,330.65,306.0323,308.9104,108.0442,107.0375,222.95,357.7,-7.5622,48.3068,105877900
2020-09-21,180,2020-01-06,2020-09-21,326.97,306.0548,308.9357,106.8338,105.8376,222.95,357.7,-8.591,46.6562,99450800
2020-09-22,180,2020-01-07,2020-09-22,330.3,306.0872,308.9727,107.9104,106.9026,222.95,357.7,-7.6601,48.1498,63612100
2020-09-23,180,2020-01-08,2020-09-23,322.64,306.0867,308.9722,105.408,104.4236,222.95,357.7,-9.8015,44.7141,93112200
2020-09-24,180,2020-01-09,2020-09-24,323.5,306.082,308.9669,105.6906,104.7038,222.95,357.7,-9.5611,45.0998,76681300
2020-09-25,180,2020-01-10,2020-09-25,328.73,306.0921,308.9785,107.3958,106.3925,222.95,357.7,-8.099,47.4456,71069400
2020-09-28,180,2020-01-13,2020-09-28,334.19,306.1327,309.0256,109.1651,108.1431,222.95,357.7,-6.5725,49.8946,64584600
2020-09-29,180,2020-01-14,2020-09-29,332.37,306.1538,309.0502,108.5631,107.5456,222.95,357.7,-7.0814,49.0783,51304000
2020-09-30,180,2020-01-15,2020-09-30,334.89,306.1891,309.0915,109.3736,108.3466,222.95,357.7,-6.3769,50.2086,104081100
2020-10-01,180,2020-01-16,2020-10-01,337.04,306.2308,309.1407,110.0608,109.0248,222.95,357.7,-5.7758,51.1729,88698700
2020-10-02,180,2020-01-17,2020-10-02,333.84,306.2446,309.1569,109.0109,107.984,222.95,357.7,-6.6704,49.7376,89431100
2020-10-05,180,2020-01-21,2020-10-05,339.76,306.2806,309.2003,110.9309,109.8835,222.95,357.7,-5.0154,52.3929,45713100
2020-10-06,180,2020-01-22,2020-10-06,334.93,306.2977,309.2204,109.3479,108.3143,222.95,357.7,-6.3657,50.2265,90128900
2020-10-07,180,2020-01-23,2020-10-07,340.76,306.3412,309.2728,111.2355,110.1811,222.95,357.7,-4.7358,52.8415,56999600
2020-10-08,180,2020-01-24,2020-10-08,343.78,306.3963,309.3398,112.2011,111.1335,222.95,357.7,-3.8915,54.196,45242500
2020-10-09,180,2020-01-27,2020-10-09,346.85,306.479,309.4402,113.1725,112.0895,222.95,357.7,-3.0333,55.573,59528600
2020-10-12,180,2020-01-28,2020-10-12,352.43,306.6115,309.6009,114.9435,113.8336,222.95,357.7,-1.4733,58.0758,80388500
2020-10-13,180,2020-01-29,2020-10-13,350.13,306.7176,309.7301,114.1539,113.0436,222.95,357.7,-2.1163,57.0442,73255500
2020-10-14,180,2020-01-30,2020-10-14,347.93,306.8156,309.8484,113.4003,112.2904,222.95,357.7,-2.7313,56.0574,57727900
2020-10-15,180,2020-01-31,2020-10-15,347.5,306.9067,309.9586,113.2266,112.1118,222.95,357.7,-2.8516,55.8645,60357700
2020-10-16,180,2020-02-03,2020-10-16,347.29,307.0265,310.1006,113.114,111.9927,222.95,357.7,-2.9103,55.7704,89501900
2020-10-19,180,2020-02-04,2020-10-19,342.01,307.111,310.1999,111.3636,110.2547,222.95,357.7,-4.3864,53.4021,68425600
2020-10-20,180,2020-02-05,2020-10-20,343.38,307.1774,310.2795,111.7856,110.668,222.95,357.7,-4.0034,54.0166,60051900
2020-10-21,180,2020-02-06,2020-10-21,342.73,307.2228,310.3343,111.5575,110.439,222.95,357.7,-4.1851,53.7251,63575000
2020-10-22,180,2020-02-07,2020-10-22,344.61,307.2712,310.3934,112.1517,111.0236,222.95,357.7,-3.6595,54.5683,55399300
2020-10-23,180,2020-02-10,2020-10-23,345.78,307.3332,310.4688,112.5098,111.3735,222.95,357.7,-3.3324,55.0931,49143900
2020-10-26,180,2020-02-11,2020-10-26,339.39,307.355,310.495,110.4228,109.3061,222.95,357.7,-5.1188,52.227,91473000
2020-10-27,180,2020-02-12,2020-10-27,338.22,307.3687,310.5114,110.0372,108.9235,222.95,357.7,-5.4459,51.7022,65994100
2020-10-28,180,2020-02-13,2020-10-28,326.66,307.3175,310.4517,106.294,105.2209,222.95,357.7,-8.6777,46.5172,127094300
2020-10-29,180,2020-02-14,2020-10-29,329.98,307.2841,310.4123,107.386,106.3038,222.95,357.7,-7.7495,48.0063,90597700
2020-10-30,180,2020-02-18,2020-10-30,326.54,307.2315,310.3509,106.2847,105.2164,222.95,357.7,-8.7112,46.4633,120287300
2020-11-02,180,2020-02-19,2020-11-02,330.2,307.2007,310.3146,107.4868,106.4081,222.95,357.7,-7.688,48.105,86068300
2020-11-03,180,2020-02-20,2020-11-03,336.03,307.19,310.3018,109.3883,108.2914,222.95,357.7,-6.0582,50.7199,93294200
2020-11-04,180,2020-02-21,2020-11-04,343.54,307.2199,310.3384,111.8222,110.6985,222.95,357.7,-3.9586,54.0884,126959700
2020-11-05,180,2020-02-24,2020-11-05,350.24,307.2951,310.4315,113.9751,112.8236,222.95,357.7,-2.0856,57.0935,82039700
2020-11-06,180,2020-02-25,2020-11-06,350.16,307.4241,310.5856,113.9013,112.7419,222.95,357.7,-2.1079,57.0576,74973000
2020-11-09,180,2020-02-26,2020-11-09,354.56,307.6227,310.8184,115.2581,114.073,222.95,357.7,-0.8778,59.0312,172304200
2020-11-10,180,2020-02-27,2020-11-10,354.04,307.8256,311.0548,115.0132,113.8192,222.95,357.7,-1.0232,58.7979,85552000
2020-11-11,180,2020-02-28,2020-11-11,356.67,308.1194,311.3834,115.7571,114.5437,222.95,357.7,-0.288,59.9776,58649000
2020-11-12,180,2020-03-02,2020-11-12,353.21,308.4067,311.6998,114.5273,113.3173,222.95,357.7,-1.2552,58.4257,67546200
2020-11-13,180,2020-03-03,2020-11-13,358.1,308.6409,311.9721,116.0248,114.7859,222.95,358.1,0.0,60.619,62892200
2020-11-16,180,2020-03-04,2020-11-16,362.57,308.9442,312.3184,117.3578,116.0899,222.95,362.57,0.0,62.6239,74541100
2020-11-17,180,2020-03-05,2020-11-17,360.62,309.1688,312.5837,116.6418,115.3675,222.95,362.57,-0.5378,61.7493,66111000
2020-11-18,180,2020-03-06,2020-11-18,356.28,309.4343,312.8827,115.1392,113.8701,222.95,362.57,-1.7348,59.8026,70591300
2020-11-19,180,2020-03-09,2020-11-19,357.78,309.7361,313.2178,115.5113,114.2272,222.95,362.57,-1.3211,60.4754,59940900
2020-11-20,180,2020-03-10,2020-11-20,355.33,310.1803,313.6684,114.556,113.2821,222.95,362.57,-1.9969,59.3765,70417300
2020-11-23,180,2020-03-11,2020-11-23,357.46,310.5386,314.0519,115.1097,113.8219,222.95,362.57,-1.4094,60.3319,63230600
2020-11-24,180,2020-03-12,2020-11-24,363.22,311.0171,314.5456,116.7846,115.4745,222.95,363.22,0.0,62.9155,62415900
2020-11-25,180,2020-03-13,2020-11-25,362.66,311.7027,315.182,116.348,115.0637,222.95,363.22,-0.1542,62.6643,45330900
2020-11-27,180,2020-03-16,2020-11-27,363.67,312.2236,315.7062,116.4774,115.1926,222.95,363.67,0.0,63.1173,28514100
2020-11-30,180,2020-03-17,2020-11-30,362.06,312.9876,316.3851,115.6787,114.4365,222.95,363.67,-0.4427,62.3952,83872700
2020-12-01,180,2020-03-18,2020-12-01,366.02,313.6549,317.0141,116.6951,115.4586,222.95,366.02,0.0,64.1713,74231400
2020-12-02,180,2020-03-19,2020-12-02,366.79,314.4441,317.7185,116.6471,115.445,222.95,366.79,0.0,64.5167,45927000
2020-12-03,180,2020-03-20,2020-12-03,366.69,315.232,318.4195,116.3238,115.1594,222.95,366.79,-0.0273,64.4719,62882000
2020-12-04,180,2020-03-23,2020-12-04,369.85,316.1549,319.2031,116.9838,115.8667,222.95,369.85,0.0,65.8892,50749900
2020-12-07,180,2020-03-24,2020-12-07,369.09,317.1442,320.015,116.3793,115.3352,243.15,369.85,-0.2055,51.7952,48944300
2020-12-08,180,2020-03-25,2020-12-08,370.17,317.9347,320.7207,116.4296,115.4182,246.15,370.17,0.0,50.3839,42458900
2020-12-09,180,2020-03-26,2020-12-09,366.85,318.6811,321.3877,115.1151,114.1456,246.15,370.17,-0.8969,49.0351,74098300
2020-12-10,180,2020-03-27,2020-12-10,366.73,319.3039,321.9739,114.853,113.9005,246.15,370.17,-0.9293,48.9864,57735400
2020-12-11,180,2020-03-30,2020-12-11,366.3,319.9942,322.6011,114.4708,113.5458,246.15,370.17,-1.0455,48.8117,57698600
2020-12-14,180,2020-03-31,2020-12-14,364.66,320.6095,323.1733,113.7396,112.8373,246.15,370.17,-1.4885,48.1454,69216200
2020-12-15,180,2020-04-01,2020-12-15,369.59,321.2814,323.7947,115.0362,114.1433,246.15,370.17,-0.1567,50.1483,63865300
2020-12-16,180,2020-04-02,2020-12-16,370.17,322.0638,324.4837,114.9369,114.0797,248.19,370.17,0.0,49.1478,58420500
2020-12-17,180,2020-04-03,2020-12-17,372.24,322.8057,325.1526,115.3139,114.4816,248.19,372.24,0.0,49.9819,64119500
2020-12-18,180,2020-04-06,2020-12-18,369.18,323.572,325.8248,114.0952,113.3063,264.86,372.24,-0.822,39.3869,136542300
2020-12-21,180,2020-04-07,2020-12-21,367.86,324.188,326.397,113.4712,112.7032,265.13,372.24,-1.1767,38.747,96386700
2020-12-22,180,2020-04-08,2020-12-22,367.24,324.8015,326.9643,113.066,112.3181,273.04,372.24,-1.3432,34.5004,47949000
2020-12-23,180,2020-04-09,2020-12-23,367.57,325.3467,327.4839,112.9779,112.2406,273.04,372.24,-1.2546,34.6213,46201400
2020-12-24,180,2020-04-13,2020-12-24,369.0,325.8677,327.9884,113.2361,112.504,273.04,372.24,-0.8704,35.145,26457900
2020-12-28,180,2020-04-14,2020-12-28,372.17,326.4236,328.5246,114.0144,113.2853,273.04,372.24,-0.0188,36.306,39000400
2020-12-29,180,2020-04-15,2020-12-29,371.46,326.9166,329.0116,113.6253,112.9018,273.04,372.24,-0.2095,36.046,53680500
2020-12-30,180,2020-04-16,2020-12-30,371.99,327.459,329.5351,113.5989,112.8833,273.04,372.24,-0.0672,36.2401,49455300
2020-12-31,180,2020-04-17,2020-12-31,373.88,328.001,330.0617,113.9875,113.2758,273.04,373.88,0.0,36.9323,78520700
2021-01-04,180,2020-04-20,2021-01-04,368.79,328.4662,330.5181,112.2764,111.5794,273.04,373.88,-1.3614,35.0681,110210800
2021-01-05,180,2020-04-21,2021-01-05,371.33,328.9814,331.0166,112.8726,112.1787,273.04,373.88,-0.682,35.9984,66426200
2021-01-06,180,2020-04-22,2021-01-06,373.55,329.575,331.575,113.3429,112.6593,279.08,373.88,-0.0883,33.8505,107997700
2021-01-07,180,2020-04-23,2021-01-07,379.1,330.1463,332.1306,114.8279,114.1419,279.08,379.1,0.0,35.8392,68766800
2021-01-08,180,2020-04-24,2021-01-08,381.26,330.7288,332.6982,115.2787,114.5963,281.6,381.26,0.0,35.3906,71677200
2021-01-11,180,2020-04-27,2021-01-11,378.69,331.2725,333.23,114.3137,113.6422,281.6,381.26,-0.6741,34.478,51034700
2021-01-12,180,2020-04-28,2021-01-12,378.77,331.7876,333.7396,114.1604,113.4927,281.6,381.26,-0.6531,34.5064,52547700
2021-01-13,180,2020-04-29,2021-01-13,379.79,332.3186,334.2621,114.2849,113.6204,281.6,381.26,-0.3856,34.8686,45303600
2021-01-14,180,2020-04-30,2021-01-14,378.46,332.7906,334.7357,113.7232,113.0623,281.6,381.26,-0.7344,34.3963,49989100
2021-01-15,180,2020-05-01,2021-01-15,375.7,333.2717,335.2092,112.7308,112.0793,281.6,381.26,-1.4583,33.4162,107160000
2021-01-19,180,2020-05-04,2021-01-19,378.65,333.8251,335.7417,113.4277,112.7801,281.6,381.26,-0.6846,34.4638,51233300
2021-01-20,180,2020-05-05,2021-01-20,383.89,334.3966,336.2991,114.8008,114.1514,281.6,383.89,0.0,36.3246,61836100
2021-01-21,180,2020-05-06,2021-01-21,384.24,334.9514,336.8438,114.7151,114.0707,281.6,384.24,0.0,36.4489,47840100
2021-01-22,180,2020-05-07,2021-01-22,382.88,335.5172,337.3917,114.1163,113.4823,281.6,384.24,-0.3539,35.9659,52860500
2021-01-25,180,2020-05-08,2021-01-25,384.39,336.0651,337.929,114.3796,113.7488,281.6,384.39,0.0,36.5021,70402000
2021-01-26,180,2020-05-11,2021-01-26,383.79,336.5765,338.4365,114.0276,113.4009,281.6,384.39,-0.1561,36.2891,42665300
2021-01-27,180,2020-05-12,2021-01-27,374.41,337.0479,338.8916,111.0851,110.4808,281.6,384.39,-2.5963,32.9581,123351100
2021-01-28,180,2020-05-13,2021-01-28,377.63,337.579,339.3969,111.8642,111.265,281.6,384.39,-1.7586,34.1016,94198100
2021-01-29,180,2020-05-14,2021-01-29,370.07,338.1174,339.8884,109.4502,108.8799,284.97,384.39,-3.7254,29.8628,126765100
2021-02-01,180,2020-05-15,2021-02-01,376.23,338.6588,340.3954,111.0941,110.5274,286.28,384.39,-2.1228,31.4203,75817600
2021-02-02,180,2020-05-18,2021-02-02,381.55,339.2155,340.9247,112.4801,111.9162,291.97,384.39,-0.7388,30.6812,64450700
2021-02-03,180,2020-05-19,2021-02-03,381.85,339.7091,341.4072,112.405,111.8459,291.97,384.39,-0.6608,30.784,52427100
2021-02-04,180,2020-05-20,2021-02-04,386.19,340.2457,341.9306,113.5033,112.944,294.88,386.19,0.0,30.9651,47142600
2021-02-05,180,2020-05-21,2021-02-05,387.71,340.7536,342.4349,113.7802,113.2215,294.88,387.71,0.0,31.4806,48669800
2021-02-08,180,2020-05-22,2021-02-08,390.51,341.2901,342.9662,114.4217,113.8625,295.44,390.51,0.0,32.1791,38365200
2021-02-09,180,2020-05-26,2021-02-09,390.25,341.8231,343.4929,114.1672,113.6122,299.08,390.51,-0.0666,30.4835,35551100
2021-02-10,180,2020-05-27,2021-02-10,390.08,342.3301,343.9985,113.9485,113.3958,300.05,390.51,-0.1101,30.005,59154400
2021-02-11,180,2020-05-28,2021-02-11,390.71,342.8094,344.4828,113.9729,113.4193,300.05,390.71,0.0,30.215,42913300
2021-02-12,180,2020-05-29,2021-02-12,392.64,343.3023,344.981,114.3715,113.815,300.05,392.64,0.0,30.8582,50593300
2021-02-16,180,2020-06-01,2021-02-16,392.3,343.7855,345.4698,114.1119,113.5555,300.05,392.64,-0.0866,30.7449,50972400
2021-02-17,180,2020-06-02,2021-02-17,392.39,344.2617,345.9522,113.9802,113.4232,300.05,392.64,-0.0637,30.7749,52290600
2021-02-18,180,2020-06-03,2021-02-18,390.72,344.7143,346.4113,113.346,112.7908,300.05,392.64,-0.489,30.2183,59712800
2021-02-19,180,2020-06-04,2021-02-19,390.03,345.1369,346.8438,113.0073,112.4512,300.05,392.64,-0.6647,29.9883,83241000
2021-02-22,180,2020-06-05,2021-02-22,387.03,345.553,347.2642,112.0031,111.4512,300.05,392.64,-1.4288,28.9885,67414200
2021-02-23,180,2020-06-08,2021-02-23,387.5,345.9188,347.6429,112.0205,111.465,300.05,392.64,-1.3091,29.1451,107284100
2021-02-24,180,2020-06-09,2021-02-24,391.77,346.2791,348.0238,113.137,112.5699,300.05,392.64,-0.2216,30.5682,72433900
2021-02-25,180,2020-06-10,2021-02-25,382.33,346.6137,348.3657,110.3043,109.7496,300.05,392.64,-2.6258,27.4221,146670500
2021-02-26,180,2020-06-11,2021-02-26,380.36,346.9516,348.7066,109.6291,109.0774,300.05,392.64,-3.1276,26.7655,152701600
2021-03-01,180,2020-06-12,2021-03-01,389.58,347.4604,349.2009,112.1221,111.5633,300.05,392.64,-0.7793,29.8384,105348800
2021-03-02,180,2020-06-15,2021-03-02,386.54,347.9306,349.6583,111.0969,110.5479,300.05,392.64,-1.5536,28.8252,79595300
2021-03-03,180,2020-06-16,2021-03-03,381.42,348.3582,350.0714,109.4907,108.9549,300.05,392.64,-2.8576,27.1188,119940200
2021-03-04,180,2020-06-17,2021-03-04,376.7,348.7231,350.4256,108.0227,107.4979,300.05,392.64,-4.0597,25.5458,183433000
2021-03-05,180,2020-06-18,2021-03-05,383.63,349.1303,350.8254,109.8816,109.3507,300.05,392.64,-2.2947,27.8554,152039600
2021-03-08,180,2020-06-19,2021-03-08,381.72,349.5287,351.2139,109.2099,108.6859,300.05,392.64,-2.7812,27.2188,123149200
2021-03-09,180,2020-06-22,2021-03-09,387.17,349.9753,351.6502,110.6278,110.1009,300.05,392.64,-1.3931,29.0352,113633600
2021-03-10,180,2020-06-23,2021-03-10,389.58,350.4198,352.0889,111.1752,110.6482,300.05,392.64,-0.7793,29.8384,109899400
2021-03-11,180,2020-06-24,2021-03-11,393.53,350.8731,352.5416,112.1574,111.6266,300.05,393.53,0.0,31.1548,86245000
2021-03-12,180,2020-06-25,2021-03-12,394.06,351.3873,353.0414,112.144,111.6186,300.05,394.06,0.0,31.3314,64653600
2021-03-15,180,2020-06-26,2021-03-15,396.41,351.8895,353.5362,112.6518,112.1271,300.05,396.41,0.0,32.1147,73427200
2021-03-16,180,2020-06-29,2021-03-16,395.91,352.4455,354.0687,112.3323,111.8173,304.46,396.41,-0.1261,30.0368,73722500
2021-03-17,180,2020-06-30,2021-03-17,397.26,352.9758,354.5843,112.546,112.0354,308.36,397.26,0.0,28.8299,97959300
2021-03-18,180,2020-07-01,2021-03-18,391.48,353.453,355.0461,110.7587,110.2618,310.52,397.26,-1.455,26.0724,115349100
2021-03-19,180,2020-07-02,2021-03-19,389.48,353.9067,355.4847,110.0516,109.5631,312.23,397.26,-1.9584,24.7414,113624500
2021-03-22,180,2020-07-06,2021-03-22,392.59,354.3635,355.9312,110.7874,110.2994,313.78,397.26,-1.1756,25.1163,73778600
2021-03-23,180,2020-07-07,2021-03-23,389.5,354.7732,356.3337,109.7884,109.3077,313.78,397.26,-1.9534,24.1316,90686600
2021-03-24,180,2020-07-08,2021-03-24,387.52,355.1978,356.7433,109.0998,108.6271,314.38,397.26,-2.4518,23.2648,97588600
2021-03-25,180,2020-07-09,2021-03-25,389.7,355.6165,357.1518,109.5843,109.1133,314.38,397.26,-1.903,23.9583,116128600
2021-03-26,180,2020-07-10,2021-03-26,395.98,356.0776,357.6051,111.2061,110.7311,314.84,397.26,-0.3222,25.7718,114409100
2021-03-29,180,2020-07-13,2021-03-29,395.78,356.5164,358.0395,111.0131,110.5409,314.84,397.26,-0.3726,25.7083,108107600
2021-03-30,180,2020-07-14,2021-03-30,394.73,356.9709,358.4833,110.5777,110.1111,318.92,397.26,-0.6369,23.7709,76262200
2021-03-31,180,2020-07-15,2021-03-31,396.33,357.405,358.9134,110.891,110.425,320.79,397.26,-0.2341,23.5481,112734200
2021-04-01,180,2020-07-16,2021-04-01,400.61,357.839,359.3509,111.9526,111.4815,320.79,400.61,0.0,24.8823,99682900
2021-04-05,180,2020-07-17,2021-04-05,406.36,358.3066,359.8263,113.4113,112.9323,320.88,406.36,0.0,26.6392,91684800
2021-04-06,180,2020-07-20,2021-04-06,406.12,358.7679,360.2952,113.1985,112.7187,320.88,406.36,-0.0591,26.5644,62021000
2021-04-07,180,2020-07-21,2021-04-07,406.59,359.2146,360.7523,113.1886,112.7061,320.88,406.59,0.0,26.7109,55836300
2021-04-08,180,2020-07-22,2021-04-08,408.52,359.666,361.2162,113.5831,113.0957,320.88,408.52,0.0,27.3124,57863100
2021-04-09,180,2020-07-23,2021-04-09,411.49,360.1188,361.6864,114.2651,113.7698,320.88,411.49,0.0,28.238,61104600
2021-04-12,180,2020-07-24,2021-04-12,411.64,360.6,362.1791,114.1542,113.6565,320.88,411.64,0.0,28.2847,56704900
2021-04-13,180,2020-07-27,2021-04-13,412.86,361.1023,362.6901,114.3333,113.8327,321.17,412.86,0.0,28.5487,56551000
2021-04-14,180,2020-07-28,2021-04-14,411.45,361.5835,363.1802,113.7911,113.2909,321.17,412.86,-0.3415,28.1097,61659900
2021-04-15,180,2020-07-29,2021-04-15,415.87,362.0993,363.7063,114.8497,114.3422,322.64,415.87,0.0,28.896,60229800
2021-04-16,180,2020-07-30,2021-04-16,417.26,362.5947,364.2182,115.0762,114.5632,322.64,417.26,0.0,29.3268,82037300
2021-04-19,180,2020-07-31,2021-04-19,415.21,363.0909,364.7252,114.3543,113.8419,322.64,417.26,-0.4913,28.6914,78498500
2021-04-20,180,2020-08-03,2021-04-20,412.17,363.5576,365.201,113.3713,112.8611,322.64,417.26,-1.2199,27.7492,81851800
2021-04-21,180,2020-08-04,2021-04-21,416.07,364.0267,365.6859,114.2966,113.778,322.64,417.26,-0.2852,28.958,66793000
2021-04-22,180,2020-08-05,2021-04-22,412.27,364.472,366.1426,113.1143,112.5982,322.64,417.26,-1.1959,27.7802,97582800
2021-04-23,180,2020-08-06,2021-04-23,416.74,364.9238,366.6128,114.1992,113.6731,322.64,417.26,-0.1246,29.1656,73209200
2021-04-26,180,2020-08-07,2021-04-26,417.61,365.3657,367.0754,114.2992,113.7668,322.64,417.61,0.0,29.4353,52182400
2021-04-27,180,2020-08-10,2021-04-27,417.52,365.8066,367.5363,114.1368,113.5997,322.64,417.61,-0.0216,29.4074,51303100
2021-04-28,180,2020-08-11,2021-04-28,417.4,366.2414,367.9909,113.9685,113.4267,322.64,417.61,-0.0503,29.3702,51238900
2021-04-29,180,2020-08-12,2021-04-29,420.06,366.7071,368.4757,114.5492,113.9994,322.64,420.06,0.0,30.1946,78544300
2021-04-30,180,2020-08-13,2021-04-30,417.3,367.1313,368.9193,113.665,113.1142,322.64,420.06,-0.6571,29.3392,85527000
2021-05-03,180,2020-08-14,2021-05-03,418.2,367.5644,369.3714,113.776,113.2194,322.64,420.06,-0.4428,29.6181,68128300
2021-05-04,180,2020-08-17,2021-05-04,415.62,367.9872,369.8091,112.9441,112.3877,322.64,420.06,-1.057,28.8185,101591200
2021-05-05,180,2020-08-18,2021-05-05,415.75,368.4045,370.2415,112.8515,112.2916,322.64,420.06,-1.026,28.8588,60162200
2021-05-06,180,2020-08-19,2021-05-06,419.07,368.8324,370.6883,113.6207,113.0518,322.64,420.06,-0.2357,29.8878,74321400
2021-05-07,180,2020-08-20,2021-05-07,422.12,369.2836,371.1599,114.3078,113.7299,322.64,422.12,0.0,30.8331,67733800
2021-05-10,180,2020-08-21,2021-05-10,417.94,369.711,371.6025,113.0451,112.4696,322.64,422.12,-0.9902,29.5376,81852400
2021-05-11,180,2020-08-24,2021-05-11,414.21,370.115,372.0177,111.9139,111.3415,322.64,422.12,-1.8739,28.3815,116888000
2021-05-12,180,2020-08-25,2021-05-12,405.41,370.4574,372.3648,109.435,108.8744,322.64,422.12,-3.9586,25.654,134811000
2021-05-13,180,2020-08-26,2021-05-13,410.28,370.815,372.7324,110.6428,110.0736,322.64,422.12,-2.8049,27.1634,106394000
2021-05-14,180,2020-08-27,2021-05-14,416.58,371.1795,373.1158,112.2314,111.649,322.64,422.12,-1.3124,29.116,82201600
2021-05-17,180,2020-08-28,2021-05-17,415.52,371.5351,373.4891,111.8387,111.2536,322.64,422.12,-1.5635,28.7875,65129200
2021-05-18,180,2020-08-31,2021-05-18,411.94,371.8612,373.8299,110.7779,110.1945,322.64,422.12,-2.4116,27.6779,59810200
2021-05-19,180,2020-09-01,2021-05-19,410.86,372.191,374.1719,110.3896,109.8051,322.64,422.12,-2.6675,27.3432,106467100
2021-05-20,180,2020-09-02,2021-05-20,415.28,372.5207,374.5201,111.4784,110.8832,322.64,422.12,-1.6204,28.7131,78022200
2021-05-21,180,2020-09-03,2021-05-21,414.94,372.8183,374.8381,111.2982,110.6985,322.64,422.12,-1.7009,28.6077,76578700
2021-05-24,180,2020-09-04,2021-05-24,419.17,373.2122,375.248,112.3141,111.7048,322.64,422.12,-0.6988,29.9188,51376700
2021-05-25,180,2020-09-08,2021-05-25,418.24,373.6213,375.6684,111.9422,111.3322,322.64,422.12,-0.9192,29.6305,57451400
2021-05-26,180,2020-09-09,2021-05-26,419.07,374.0988,376.1454,112.0212,111.4117,322.64,422.12,-0.7225,29.8878,43088600
2021-05-27,180,2020-09-10,2021-05-27,419.29,374.5331,376.5871,111.95,111.3395,322.64,422.12,-0.6704,29.956,56707700
2021-05-28,180,2020-09-11,2021-05-28,420.04,375.0125,377.0657,112.0069,111.397,322.64,422.12,-0.4927,30.1884,58520200
2021-06-01,180,2020-09-14,2021-06-01,419.67,375.4902,377.5413,111.7659,111.1587,322.64,422.12,-0.5804,30.0738,54216600
2021-06-02,180,2020-09-15,2021-06-02,420.33,375.9415,377.9961,111.8073,111.1996,322.64,422.12,-0.4241,30.2783,49097100
2021-06-03,180,2020-09-16,2021-06-03,418.77,376.3752,378.4328,111.264,110.659,322.64,422.12,-0.7936,29.7948,58138800
2021-06-04,180,2020-09-17,2021-06-04,422.6,376.8363,378.8982,112.1442,111.5339,322.64,422.6,0.0,30.9819,55938800
2021-06-07,180,2020-09-18,2021-06-07,422.19,377.3173,379.3779,111.8926,111.2848,322.64,422.6,-0.097,30.8548,51555000
2021-06-08,180,2020-09-21,2021-06-08,422.28,377.8371,379.887,111.7625,111.1594,322.64,422.6,-0.0757,30.8827,47134300
2021-06-09,180,2020-09-22,2021-06-09,421.65,378.3826,380.413,111.4348,110.8401,322.64,422.6,-0.2248,30.6874,48436300
2021-06-10,180,2020-09-23,2021-06-10,423.61,378.9137,380.9314,111.7959,111.2037,322.64,423.61,0.0,31.2949,51020100
2021-06-11,180,2020-09-24,2021-06-11,424.31,379.5071,381.4962,111.8056,111.2226,323.5,424.31,0.0,31.1623,45570800
2021-06-14,180,2020-09-25,2021-06-14,425.26,380.0998,382.0616,111.8811,111.3067,326.54,425.26,0.0,30.2321,42358500
2021-06-15,180,2020-09-28,2021-06-15,424.48,380.6514,382.5935,111.5141,110.948,326.54,425.26,-0.1834,29.9933,51508500
2021-06-16,180,2020-09-29,2021-06-16,422.11,381.1538,383.0819,110.7453,110.1879,326.54,425.26,-0.7407,29.2675,80386100
2021-06-17,180,2020-09-30,2021-06-17,421.97,381.6701,383.5797,110.5588,110.0084,326.54,425.26,-0.7736,29.2246,90949700
2021-06-18,180,2020-10-01,2021-06-18,414.92,382.1368,384.0243,108.5789,108.0452,326.54,425.26,-2.4315,27.0656,118676300
2021-06-21,180,2020-10-02,2021-06-21,420.86,382.6168,384.49,109.9952,109.4593,326.54,425.26,-1.0347,28.8847,72822000
2021-06-22,180,2020-10-05,2021-06-22,423.11,383.1315,384.9859,110.4347,109.9027,326.54,425.26,-0.5056,29.5737,57700300
2021-06-23,180,2020-10-06,2021-06-23,422.6,383.6025,385.4462,110.1661,109.6392,326.54,425.26,-0.6255,29.4175,49445400
2021-06-24,180,2020-10-07,2021-06-24,425.1,384.121,385.9471,110.6683,110.1446,326.54,425.26,-0.0376,30.1831,45110300
2021-06-25,180,2020-10-08,2021-06-25,426.61,384.6057,386.4241,110.9214,110.3994,326.54,426.61,0.0,30.6455,58129500
2021-06-28,180,2020-10-09,2021-06-28,427.47,385.0743,386.889,111.0098,110.4891,326.54,427.47,0.0,30.9089,53159600
2021-06-29,180,2020-10-12,2021-06-29,427.7,385.5237,387.3382,110.94,110.4203,326.54,427.7,0.0,30.9794,35970500
2021-06-30,180,2020-10-13,2021-06-30,428.06,385.9381,387.7583,110.9141,110.3935,326.54,428.06,0.0,31.0896,64827900
2021-07-01,180,2020-10-14,2021-07-01,430.43,386.3795,388.2044,111.4008,110.8771,326.54,430.43,0.0,31.8154,53441000
2021-07-02,180,2020-10-15,2021-07-02,433.72,386.8516,388.6811,112.1153,111.5876,326.54,433.72,0.0,32.8229,57697700
2021-07-06,180,2020-10-16,2021-07-06,432.93,387.3243,389.1557,111.7745,111.2485,326.54,433.72,-0.1821,32.581,68710400
2021-07-07,180,2020-10-19,2021-07-07,434.46,387.8064,389.6399,112.0301,111.5029,326.54,434.46,0.0,33.0495,63549500
2021-07-08,180,2020-10-20,2021-07-08,430.92,388.3111,390.1339,110.9729,110.4544,326.54,434.46,-0.8148,31.9655,97595200
2021-07-09,180,2020-10-21,2021-07-09,435.52,388.828,390.6458,112.0084,111.4872,326.54,435.52,0.0,33.3742,76238600
2021-07-12,180,2020-10-22,2021-07-12,437.08,389.3577,391.1699,112.2567,111.7366,326.54,437.08,0.0,33.8519,52889600
2021-07-13,180,2020-10-23,2021-07-13,435.59,389.8688,391.6754,111.7273,111.212,326.54,437.08,-0.3409,33.3956,52911300
2021-07-14,180,2020-10-26,2021-07-14,436.24,390.3759,392.1779,111.7487,111.2352,326.54,437.08,-0.1922,33.5947,64130400
2021-07-15,180,2020-10-27,2021-07-15,434.75,390.9238,392.7077,111.2109,110.7057,326.54,437.08,-0.5331,33.1384,55126400
2021-07-16,180,2020-10-28,2021-07-16,431.34,391.4665,393.2251,110.1857,109.6929,326.54,437.08,-1.3133,32.0941,75874700
2021-07-19,180,2020-10-29,2021-07-19,424.97,392.0703,393.7712,108.3913,107.9231,326.54,437.08,-2.7707,30.1433,147987000
2021-07-20,180,2020-10-30,2021-07-20,431.06,392.6782,394.3328,109.7744,109.3138,326.54,437.08,-1.3773,32.0083,99608200
2021-07-21,180,2020-11-02,2021-07-21,434.55,393.3313,394.9328,110.4794,110.0314,330.2,437.08,-0.5788,31.6021,64724400
2021-07-22,180,2020-11-03,2021-07-22,435.46,393.9615,395.5176,110.5336,110.0988,336.03,437.08,-0.3706,29.5896,47878500
2021-07-23,180,2020-11-04,2021-07-23,439.94,394.5685,396.0949,111.499,111.0693,343.54,439.94,0.0,28.0608,63766600
2021-07-26,180,2020-11-05,2021-07-26,441.02,395.1258,396.6364,111.6151,111.19,350.16,441.02,0.0,25.9481,43719200
2021-07-27,180,2020-11-06,2021-07-27,439.01,395.6272,397.1296,110.9656,110.5458,350.16,441.02,-0.4558,25.3741,67397100
2021-07-28,180,2020-11-09,2021-07-28,438.83,396.1296,397.6222,110.7794,110.3635,353.21,441.02,-0.4966,24.2405,52472400
2021-07-29,180,2020-11-10,2021-07-29,440.65,396.6105,398.1005,111.104,110.6881,353.21,441.02,-0.0839,24.7558,47435300
2021-07-30,180,2020-11-11,2021-07-30,438.51,397.0866,398.5698,110.4318,110.0209,353.21,441.02,-0.5691,24.1499,68951200
2021-08-02,180,2020-11-12,2021-08-02,437.59,397.5413,399.0193,110.0741,109.6664,353.21,441.02,-0.7777,23.8895,58783300
2021-08-03,180,2020-11-13,2021-08-03,441.15,398.0374,399.5079,110.8313,110.4234,355.33,441.15,0.0,24.1522,58053900
2021-08-04,180,2020-11-16,2021-08-04,438.98,398.4908,399.9572,110.1606,109.7567,355.33,441.15,-0.4919,23.5415,46732200
2021-08-05,180,2020-11-17,2021-08-05,441.76,398.9274,400.3972,110.7369,110.3305,355.33,441.76,0.0,24.3239,38969700
2021-08-06,180,2020-11-18,2021-08-06,442.49,399.3816,400.852,110.7938,110.3874,355.33,442.49,0.0,24.5293,46930000
2021-08-09,180,2020-11-19,2021-08-09,442.13,399.8651,401.3289,110.5698,110.1665,355.33,442.49,-0.0814,24.428,41222600
2021-08-10,180,2020-11-20,2021-08-10,442.68,400.3418,401.8006,110.5755,110.174,355.33,442.68,0.0,24.5828,43339300
2021-08-11,180,2020-11-23,2021-08-11,443.78,400.8419,402.292,110.712,110.3129,357.46,443.78,0.0,24.1482,44034300
2021-08-12,180,2020-11-24,2021-08-12,445.11,401.3342,402.7789,110.9076,110.5097,362.06,445.11,0.0,22.9382,38909400
2021-08-13,180,2020-11-25,2021-08-13,445.92,401.7916,403.2384,110.9829,110.5847,362.06,445.92,0.0,23.1619,39470300
2021-08-16,180,2020-11-27,2021-08-16,446.97,402.2587,403.7068,111.1151,110.7165,362.06,446.97,0.0,23.4519,73740000
2021-08-17,180,2020-11-30,2021-08-17,444.04,402.7066,404.1533,110.2639,109.8692,362.06,446.97,-0.6555,22.6427,92673900
2021-08-18,180,2020-12-01,2021-08-18,439.18,403.144,404.5817,108.9387,108.5516,364.66,446.97,-1.7428,20.4355,89351900
2021-08-19,180,2020-12-02,2021-08-19,439.86,403.5586,404.9919,108.9953,108.6096,364.66,446.97,-1.5907,20.6219,92812200
2021-08-20,180,2020-12-03,2021-08-20,443.36,403.985,405.4173,109.7466,109.3589,364.66,446.97,-0.8077,21.5817,72008700
2021-08-23,180,2020-12-04,2021-08-23,447.26,404.4309,405.8649,110.59,110.1992,364.66,447.26,0.0,22.6512,54973000
2021-08-24,180,2020-12-07,2021-08-24,447.97,404.8598,406.2989,110.6482,110.2563,364.66,447.97,0.0,22.8459,38744700
2021-08-25,180,2020-12-08,2021-08-25,448.91,405.299,406.7424,110.7602,110.3672,364.66,448.91,0.0,23.1037,40529700
2021-08-26,180,2020-12-09,2021-08-26,446.26,405.7198,407.1651,109.9922,109.6017,364.66,448.91,-0.5903,22.377,57829600
2021-08-27,180,2020-12-10,2021-08-27,450.25,406.1821,407.6284,110.8493,110.456,364.66,450.25,0.0,23.4712,77235100
2021-08-30,180,2020-12-11,2021-08-30,452.23,406.6552,408.1034,111.2072,110.8126,364.66,452.23,0.0,24.0142,48357400
2021-08-31,180,2020-12-14,2021-08-31,451.56,407.1293,408.5771,110.9132,110.5201,364.66,452.23,-0.1482,23.8304,59300200
2021-09-01,180,2020-12-15,2021-09-01,451.8,407.6169,409.0612,110.8394,110.448,367.24,452.23,-0.0951,23.0258,48721400
2021-09-02,180,2020-12-16,2021-09-02,453.19,408.0781,409.5257,111.0547,110.6622,367.24,453.19,0.0,23.4043,42501000
2021-09-03,180,2020-12-17,2021-09-03,453.08,408.536,409.9863,110.9033,110.511,367.24,453.19,-0.0243,23.3744,47170500
2021-09-07,180,2020-12-18,2021-09-07,451.46,408.9736,410.4264,110.3885,109.9978,367.24,453.19,-0.3817,22.9332,51671500
2021-09-08,180,2020-12-21,2021-09-08,450.91,409.4303,410.8804,110.1311,109.7424,367.24,453.19,-0.5031,22.7835,56181900
2021-09-09,180,2020-12-22,2021-09-09,448.98,409.8882,411.3311,109.5372,109.1529,367.24,453.19,-0.929,22.2579,57970400
2021-09-10,180,2020-12-23,2021-09-10,445.44,410.3349,411.7656,108.5552,108.1781,367.57,453.19,-1.7101,21.1851,89948200
2021-09-13,180,2020-12-24,2021-09-13,446.58,410.7856,412.2045,108.7136,108.3394,368.79,453.19,-1.4586,21.0933,83738600
2021-09-14,180,2020-12-28,2021-09-14,444.17,411.216,412.6221,108.0138,107.6457,368.79,453.19,-1.9903,20.4398,78197100
2021-09-15,180,2020-12-29,2021-09-15,447.88,411.6432,413.0427,108.803,108.4343,368.79,453.19,-1.1717,21.4458,78792200
2021-09-16,180,2020-12-30,2021-09-16,447.17,412.0727,413.4633,108.5173,108.1523,368.79,453.19,-1.3284,21.2533,77786700
2021-09-17,180,2020-12-31,2021-09-17,441.4,412.4719,413.8489,107.0134,106.6573,368.79,453.19,-2.6016,19.6887,118425000
2021-09-20,180,2021-01-04,2021-09-20,434.04,412.8226,414.1832,105.1396,104.7942,368.79,453.19,-4.2256,17.693,166445500
2021-09-21,180,2021-01-05,2021-09-21,433.63,413.2068,414.5434,104.9426,104.6043,370.07,453.19,-4.3161,17.1751,92526100
2021-09-22,180,2021-01-06,2021-09-22,437.86,413.5953,414.913,105.8668,105.5306,370.07,453.19,-3.3827,18.3181,102350100
2021-09-23,180,2021-01-07,2021-09-23,443.18,413.9954,415.2998,107.0495,106.7133,370.07,453.19,-2.2088,19.7557,76396000
2021-09-24,180,2021-01-08,2021-09-24,443.91,414.3624,415.6599,107.1308,106.7964,370.07,453.19,-2.0477,19.953,62094800
2021-09-27,180,2021-01-11,2021-09-27,442.64,414.7097,416.0009,106.7349,106.4036,370.07,453.19,-2.3279,19.6098,61371100
2021-09-28,180,2021-01-12,2021-09-28,433.72,415.03,416.3066,104.5033,104.1828,370.07,453.19,-4.2962,17.1994,130436300
2021-09-29,180,2021-01-13,2021-09-29,434.45,415.3541,416.6159,104.5975,104.2807,370.07,453.19,-4.1351,17.3967,82329200
2021-09-30,180,2021-01-14,2021-09-30,429.14,415.6445,416.8901,103.2469,102.9384,370.07,453.19,-5.3068,15.9618,140506000
2021-10-01,180,2021-01-15,2021-10-01,434.24,415.9705,417.2,104.392,104.0844,370.07,453.19,-4.1815,17.34,129240100
2021-10-04,180,2021-01-19,2021-10-04,428.64,416.2868,417.4941,102.9675,102.6697,370.07,453.19,-5.4172,15.8267,128570000
2021-10-05,180,2021-01-20,2021-10-05,433.1,416.6067,417.7966,103.959,103.6629,370.07,453.19,-4.433,17.0319,90682500
2021-10-06,180,2021-01-21,2021-10-06,434.9,416.9015,418.08,104.3172,104.0232,370.07,453.19,-4.0358,17.5183,113032200
2021-10-07,180,2021-01-22,2021-10-07,438.66,417.2135,418.3823,105.1404,104.8467,370.07,453.19,-3.2062,18.5343,72437500
2021-10-08,180,2021-01-25,2021-10-08,437.86,417.5309,418.6878,104.8689,104.5791,370.07,453.19,-3.3827,18.3181,74557400
2021-10-11,180,2021-01-26,2021-10-11,434.69,417.8226,418.9672,104.037,103.7527,370.07,453.19,-4.0822,17.4616,65233300
2021-10-12,180,2021-01-27,2021-10-12,433.62,418.1132,419.2441,103.7088,103.429,370.07,453.19,-4.3183,17.1724,71181200
2021-10-13,180,2021-01-28,2021-10-13,435.18,418.4758,419.5817,103.9917,103.7176,370.07,453.19,-3.9741,17.594,72974000
2021-10-14,180,2021-01-29,2021-10-14,442.5,418.8538,419.9421,105.6455,105.3717,370.07,453.19,-2.3588,19.572,70236800
2021-10-15,180,2021-02-01,2021-10-15,445.87,419.302,420.3632,106.3362,106.0678,376.23,453.19,-1.6152,18.5099,66260200
2021-10-18,180,2021-02-02,2021-10-18,447.19,419.7144,420.7574,106.5463,106.2822,376.7,453.19,-1.3239,18.7125,62213200
2021-10-19,180,2021-02-03,2021-10-19,450.64,420.108,421.1412,107.2677,107.0045,376.7,453.19,-0.5627,19.6284,46996800
2021-10-20,180,2021-02-04,2021-10-20,452.41,420.5089,421.5332,107.5863,107.3249,376.7,453.19,-0.1721,20.0982,49571600
2021-10-21,180,2021-02-05,2021-10-21,453.59,420.8872,421.9077,107.77,107.5093,376.7,453.59,0.0,20.4115,41305400
2021-10-22,180,2021-02-08,2021-10-22,453.12,421.2539,422.2711,107.5646,107.3055,376.7,453.59,-0.1036,20.2867,58845100
2021-10-25,180,2021-02-09,2021-10-25,455.55,421.6147,422.6324,108.0489,107.7887,376.7,455.55,0.0,20.9318,45214500
2021-10-26,180,2021-02-10,2021-10-26,455.96,421.9797,422.9974,108.0526,107.7926,376.7,455.96,0.0,21.0406,56075100
2021-10-27,180,2021-02-11,2021-10-27,453.94,422.3367,423.3522,107.483,107.2251,376.7,455.96,-0.443,20.5044,72438000
2021-10-28,180,2021-02-12,2021-10-28,458.32,422.7112,423.7278,108.4239,108.1638,376.7,458.32,0.0,21.6671,51437900
2021-10-29,180,2021-02-16,2021-10-29,459.25,423.0782,424.0979,108.5497,108.2887,376.7,459.25,0.0,21.914,70162400
2021-11-01,180,2021-02-17,2021-11-01,460.04,423.4518,424.4742,108.6405,108.3788,376.7,460.04,0.0,22.1237,48433600
2021-11-02,180,2021-02-18,2021-11-02,461.9,423.8342,424.8604,108.9813,108.7181,376.7,461.9,0.0,22.6175,48908400
2021-11-03,180,2021-02-19,2021-11-03,464.72,424.2413,425.2715,109.5414,109.2761,376.7,464.72,0.0,23.3661,52509800
2021-11-04,180,2021-02-22,2021-11-04,466.91,424.6639,425.6986,109.9481,109.6809,376.7,466.91,0.0,23.9474,52847100
2021-11-05,180,2021-02-23,2021-11-05,468.53,425.1146,426.1514,110.2126,109.9445,376.7,468.53,0.0,24.3775,66390600
2021-11-08,180,2021-02-24,2021-11-08,468.93,425.565,426.6038,110.19,109.9217,376.7,468.93,0.0,24.4837,50405200
2021-11-09,180,2021-02-25,2021-11-09,467.38,425.9809,427.0238,109.7185,109.4506,376.7,468.93,-0.3305,24.0722,51149100
2021-11-10,180,2021-02-26,2021-11-10,463.62,426.4437,427.4754,108.7177,108.4554,376.7,468.93,-1.1324,23.0741,69429700
2021-11-11,180,2021-03-01,2021-11-11,463.77,426.922,427.9388,108.6311,108.373,376.7,468.93,-1.1004,23.1139,34848500
2021-11-12,180,2021-03-02,2021-11-12,467.27,427.3546,428.3704,109.3401,109.0808,376.7,468.93,-0.354,24.043,53466700
2021-11-15,180,2021-03-03,2021-11-15,467.43,427.8093,428.8198,109.2613,109.0038,376.7,468.93,-0.3199,24.0855,46980500
2021-11-16,180,2021-03-04,2021-11-16,469.28,428.309,429.3079,109.5658,109.3108,376.7,469.28,0.0,24.5766,48857500
2021-11-17,180,2021-03-05,2021-11-17,468.14,428.8381,429.8159,109.1648,108.9164,381.72,469.28,-0.2429,22.6396,47858300
2021-11-18,180,2021-03-08,2021-11-18,469.73,429.3268,430.2943,109.4108,109.1648,381.72,469.73,0.0,23.0562,50625600
2021-11-19,180,2021-03-09,2021-11-19,468.89,429.8261,430.7786,109.0883,108.8471,387.17,469.73,-0.1788,21.107,57315600
2021-11-22,180,2021-03-10,2021-11-22,467.57,430.2824,431.2252,108.6658,108.4283,387.52,469.73,-0.4598,20.657,72762000
2021-11-23,180,2021-03-11,2021-11-23,468.19,430.7262,431.6619,108.6978,108.4622,387.52,469.73,-0.3278,20.817,73206500
2021-11-24,180,2021-03-12,2021-11-24,469.44,431.1501,432.0837,108.8809,108.6456,387.52,469.73,-0.0617,21.1396,61858800
2021-11-26,180,2021-03-15,2021-11-26,458.97,431.5211,432.4443,106.361,106.1339,387.52,469.73,-2.2907,18.4378,112669600
2021-11-29,180,2021-03-16,2021-11-29,464.6,431.9044,432.8231,107.5701,107.3418,387.52,469.73,-1.0921,19.8906,86268800
2021-11-30,180,2021-03-17,2021-11-30,455.56,432.2474,433.1545,105.3933,105.1726,387.52,469.73,-3.0166,17.5578,148559600
2021-12-01,180,2021-03-18,2021-12-01,450.5,432.5564,433.4503,104.1483,103.9335,387.52,469.73,-4.0938,16.2521,131939200
2021-12-02,180,2021-03-19,2021-12-02,457.4,432.9395,433.8165,105.6499,105.4363,387.52,469.73,-2.6249,18.0326,127637800
2021-12-03,180,2021-03-22,2021-12-03,453.42,433.3168,434.1717,104.6394,104.4333,387.52,469.73,-3.4722,17.0056,137331600
2021-12-06,180,2021-03-23,2021-12-06,458.79,433.7005,434.5395,105.785,105.5807,387.52,469.73,-2.329,18.3913,98977500
2021-12-07,180,2021-03-24,2021-12-07,468.28,434.1524,434.9772,107.8608,107.6562,387.52,469.73,-0.3087,20.8402,95484700
2021-12-08,180,2021-03-25,2021-12-08,469.52,434.6248,435.4327,108.0288,107.8284,389.7,469.73,-0.0447,20.4824,72238800
2021-12-09,180,2021-03-26,2021-12-09,466.35,435.0679,435.8586,107.1902,106.9957,394.73,469.73,-0.7196,18.144,61272600
2021-12-10,180,2021-03-29,2021-12-10,470.74,435.49,436.2739,108.0943,107.9001,394.73,470.74,0.0,19.2562,77159800
2021-12-13,180,2021-03-30,2021-12-13,466.57,435.8943,436.6672,107.0374,106.848,394.73,470.74,-0.8858,18.1998,87724700
2021-12-14,180,2021-03-31,2021-12-14,463.36,436.2908,437.0484,106.2044,106.0203,396.33,470.74,-1.5677,16.9127,97264100
2021-12-15,180,2021-04-01,2021-12-15,470.6,436.7123,437.4611,107.7597,107.5753,400.61,470.74,-0.0297,17.4709,116899300
2021-12-16,180,2021-04-05,2021-12-16,466.45,437.0859,437.8268,106.7182,106.5376,405.41,470.74,-0.9113,15.0564,116568600
2021-12-17,180,2021-04-06,2021-12-17,459.87,437.39,438.1241,105.1396,104.9634,405.41,470.74,-2.3091,13.4333,135511600
2021-12-20,180,2021-04-07,2021-12-20,454.98,437.6712,438.3956,103.9547,103.783,405.41,470.74,-3.3479,12.2271,107134800
2021-12-21,180,2021-04-08,2021-12-21,463.06,437.9907,438.7093,105.7237,105.5505,405.41,470.74,-1.6315,14.2202,69806300
2021-12-22,180,2021-04-09,2021-12-22,467.69,438.321,439.038,106.7003,106.5261,405.41,470.74,-0.6479,15.3622,58890200
2021-12-23,180,2021-04-12,2021-12-23,470.6,438.647,439.3664,107.2844,107.1088,405.41,470.74,-0.0297,16.08,56439700
2021-12-27,180,2021-04-13,2021-12-27,477.26,439.0044,439.7309,108.7142,108.5346,405.41,477.26,0.0,17.7228,56808600
2021-12-28,180,2021-04-14,2021-12-28,476.87,439.3527,440.0866,108.5392,108.3582,405.41,477.26,-0.0817,17.6266,47274600
2021-12-29,180,2021-04-15,2021-12-29,477.48,439.7135,440.4534,108.5889,108.4065,405.41,477.48,0.0,17.7771,54503000
2021-12-30,180,2021-04-16,2021-12-30,476.16,440.0408,440.7883,108.2082,108.0246,405.41,477.48,-0.2765,17.4515,55329000
2021-12-31,180,2021-04-19,2021-12-31,474.96,440.3542,441.1089,107.8586,107.6741,405.41,477.48,-0.5278,17.1555,65237400
2022-01-03,180,2021-04-20,2022-01-03,477.71,440.6939,441.4561,108.3995,108.2123,405.41,477.71,0.0,17.8338,72668200
2022-01-04,180,2021-04-21,2022-01-04,477.55,441.0526,441.8193,108.2751,108.0872,405.41,477.71,-0.0335,17.7943,71178700
2022-01-05,180,2021-04-22,2022-01-05,468.38,441.3429,442.1099,106.1261,105.942,405.41,477.71,-1.9531,15.5324,104538900
2022-01-06,180,2021-04-23,2022-01-06,467.94,441.6553,442.4192,105.9514,105.7685,405.41,477.71,-2.0452,15.4239,86858900
2022-01-07,180,2021-04-26,2022-01-07,466.09,441.9308,442.6934,105.4667,105.2851,405.41,477.71,-2.4324,14.9676,85111600
2022-01-10,180,2021-04-27,2022-01-10,465.51,442.1983,442.9595,105.2718,105.0909,405.41,477.71,-2.5538,14.8245,119362000
2022-01-11,180,2021-04-28,2022-01-11,469.75,442.4878,443.2497,106.1611,105.9786,405.41,477.71,-1.6663,15.8704,74303100
2022-01-12,180,2021-04-29,2022-01-12,471.02,442.7847,443.5476,106.3768,106.1938,405.41,477.71,-1.4004,16.1836,67605400
2022-01-13,180,2021-04-30,2022-01-13,464.53,443.0331,443.7946,104.8522,104.6723,405.41,477.71,-2.759,14.5828,91173100
2022-01-14,180,2021-05-03,2022-01-14,464.72,443.2999,444.0581,104.832,104.653,405.41,477.71,-2.7192,14.6296,95890900
2022-01-18,180,2021-05-04,2022-01-18,456.49,443.5189,444.2708,102.9246,102.7504,405.41,477.71,-4.442,12.5996,109709100
2022-01-19,180,2021-05-05,2022-01-19,451.75,443.7293,444.4715,101.8076,101.6376,405.41,477.71,-5.4343,11.4304,109357600
2022-01-20,180,2021-05-06,2022-01-20,446.75,443.912,444.6437,100.6393,100.4737,405.41,477.71,-6.4809,10.1971,122379700
2022-01-21,180,2021-05-07,2022-01-21,437.98,444.0248,444.7488,98.6386,98.4781,405.41,477.71,-8.3168,8.0338,202271200
2022-01-24,180,2021-05-10,2022-01-24,439.84,444.1294,444.8472,99.0342,98.8744,405.41,477.71,-7.9274,8.4926,251783900
2022-01-25,180,2021-05-11,2022-01-25,434.47,444.2291,444.9391,97.8031,97.6471,405.41,477.71,-9.0515,7.1681,167997300
2022-01-26,180,2021-05-12,2022-01-26,433.38,444.3462,445.0456,97.532,97.3788,405.41,477.71,-9.2797,6.8992,186391100
2022-01-27,180,2021-05-13,2022-01-27,431.24,444.5084,445.1891,97.015,96.8667,410.28,477.71,-9.7277,5.1087,149878300
2022-01-28,180,2021-05-14,2022-01-28,441.95,444.7002,445.365,99.3816,99.2332,410.86,477.71,-7.4857,7.5671,164457400
2022-01-31,180,2021-05-17,2022-01-31,449.91,444.8956,445.5502,101.1271,100.9785,410.86,477.71,-5.8194,9.5045,152251400
2022-02-01,180,2021-05-18,2022-02-01,452.95,445.1144,445.7581,101.7604,101.6134,410.86,477.71,-5.1831,10.2444,123155400
2022-02-02,180,2021-05-19,2022-02-02,457.35,445.3799,446.0104,102.6876,102.5425,410.86,477.71,-4.262,11.3153,117361000
2022-02-03,180,2021-05-20,2022-02-03,446.6,445.5946,446.2089,100.2256,100.0876,414.92,477.71,-6.5123,7.6352,118024400
2022-02-04,180,2021-05-21,2022-02-04,448.7,445.7926,446.3946,100.6522,100.5164,414.92,477.71,-6.0727,8.1413,118454400
2022-02-07,180,2021-05-24,2022-02-07,447.26,445.9849,446.5742,100.2859,100.1536,414.92,477.71,-6.3742,7.7943,84472900
2022-02-08,180,2021-05-25,2022-02-08,450.94,446.1707,446.7507,101.0689,100.9377,414.92,477.71,-5.6038,8.6812,81012000
2022-02-09,180,2021-05-26,2022-02-09,457.54,446.398,446.969,102.496,102.365,414.92,477.71,-4.2222,10.2719,92589900
2022-02-10,180,2021-05-27,2022-02-10,449.32,446.5759,447.1371,100.6145,100.4882,414.92,477.71,-5.9429,8.2908,140103700
2022-02-11,180,2021-05-28,2022-02-11,440.46,446.7029,447.2547,98.6024,98.4808,414.92,477.71,-7.7976,6.1554,153214600
2022-02-14,180,2021-06-01,2022-02-14,439.02,446.8171,447.3601,98.255,98.1357,414.92,477.71,-8.0991,5.8083,123006300
2022-02-15,180,2021-06-02,2022-02-15,446.1,446.9737,447.5069,99.8045,99.6856,414.92,477.71,-6.617,7.5147,88482700
2022-02-16,180,2021-06-03,2022-02-16,446.6,447.1291,447.6529,99.8817,99.7648,414.92,477.71,-6.5123,7.6352,84863600
2022-02-17,180,2021-06-04,2022-02-17,437.06,447.2401,447.7545,97.7238,97.6115,414.92,477.71,-8.5093,5.336,102259100
2022-02-18,180,2021-06-07,2022-02-18,434.23,447.3105,447.8191,97.0757,96.9655,414.92,477.71,-9.1018,4.6539,132642900
2022-02-22,180,2021-06-08,2022-02-22,429.57,447.3558,447.8601,96.0242,95.9161,414.92,477.71,-10.0772,3.5308,124391800
2022-02-23,180,2021-06-09,2022-02-23,421.95,447.3537,447.8583,94.3213,94.2151,414.92,477.71,-11.6723,1.6943,132578000
2022-02-24,180,2021-06-10,2022-02-24,428.3,447.3947,447.8952,95.732,95.625,414.92,477.71,-10.3431,3.2247,213942900
2022-02-25,180,2021-06-11,2022-02-25,437.75,447.4795,447.9738,97.8257,97.7178,414.92,477.71,-8.3649,5.5023,121804500
2022-02-28,180,2021-06-14,2022-02-28,436.63,447.5535,448.0422,97.5593,97.4529,414.92,477.71,-8.5994,5.2323,145615000
2022-03-01,180,2021-06-15,2022-03-01,429.98,447.5822,448.0684,96.0673,95.963,414.92,477.71,-9.9914,3.6296,137785900
2022-03-02,180,2021-06-16,2022-03-02,437.89,447.6625,448.1429,97.817,97.7121,414.92,477.71,-8.3356,5.536,117726500
2022-03-03,180,2021-06-17,2022-03-03,435.71,447.7448,448.2185,97.3121,97.2093,414.92,477.71,-8.7919,5.0106,105501700
2022-03-04,180,2021-06-18,2022-03-04,432.17,447.8071,448.2752,96.5081,96.4073,414.92,477.71,-9.533,4.1574,113978200
2022-03-07,180,2021-06-21,2022-03-07,419.43,447.836,448.3002,93.657,93.5601,419.43,477.71,-12.1999,0.0,137896600
2022-03-08,180,2021-06-22,2022-03-08,416.25,447.8067,448.2746,92.9531,92.856,416.25,477.71,-12.8655,0.0,164772700
2022-03-09,180,2021-06-23,2022-03-09,427.41,447.8332,448.2985,95.4396,95.3405,416.25,477.71,-10.5294,2.6811,116990800
2022-03-10,180,2021-06-24,2022-03-10,425.48,447.851,448.3145,95.0048,94.9066,416.25,477.71,-10.9334,2.2174,93972700
2022-03-11,180,2021-06-25,2022-03-11,420.07,447.8197,448.2866,93.8034,93.7057,416.25,477.71,-12.0659,0.9177,95636300
2022-03-14,180,2021-06-28,2022-03-14,417.0,447.7595,448.2332,93.1304,93.0319,416.25,477.71,-12.7085,0.1802,95729200
2022-03-15,180,2021-06-29,2022-03-15,426.17,447.7515,448.2259,95.18,95.0793,416.25,477.71,-10.789,2.3832,106219100
2022-03-16,180,2021-06-30,2022-03-16,435.62,447.7989,448.2699,97.2803,97.1781,416.25,477.71,-8.8108,4.6535,144954800
2022-03-17,180,2021-07-01,2022-03-17,441.07,447.8757,448.3422,98.4805,98.378,416.25,477.71,-7.6699,5.9628,102676900
2022-03-18,180,2021-07-02,2022-03-18,444.52,447.9577,448.4205,99.2326,99.1302,416.25,477.71,-6.9477,6.7916,106345500
2022-03-21,180,2021-07-06,2022-03-21,444.39,448.0195,448.4798,99.1899,99.0881,416.25,477.71,-6.9749,6.7604,88349800
2022-03-22,180,2021-07-07,2022-03-22,449.59,448.1149,448.5723,100.3292,100.2269,416.25,477.71,-5.8864,8.0096,74650400
2022-03-23,180,2021-07-08,2022-03-23,443.8,448.169,448.6242,99.0251,98.9247,416.25,477.71,-7.0984,6.6186,79426100
2022-03-24,180,2021-07-09,2022-03-24,450.49,448.2815,448.7329,100.4927,100.3916,416.25,477.71,-5.698,8.2258,64736900
2022-03-25,180,2021-07-12,2022-03-25,452.69,448.3787,448.8283,100.9615,100.8604,416.25,477.71,-5.2375,8.7544,77101300
2022-03-28,180,2021-07-13,2022-03-28,455.91,448.4843,448.9329,101.6557,101.5541,416.25,477.71,-4.5634,9.5279,68529800
2022-03-29,180,2021-07-14,2022-03-29,461.55,448.6286,449.0772,102.8802,102.7774,416.25,477.71,-3.3828,10.8829,86581500
2022-03-30,180,2021-07-15,2022-03-30,458.7,448.7542,449.2019,102.2163,102.1144,416.25,477.71,-3.9794,10.1982,79666900
2022-03-31,180,2021-07-16,2022-03-31,451.64,448.8504,449.2958,100.6215,100.5218,416.25,477.71,-5.4573,8.5021,121699900
2022-04-01,180,2021-07-19,2022-04-01,452.92,448.9741,449.4157,100.8789,100.7798,416.25,477.71,-5.1893,8.8096,89048800
2022-04-04,180,2021-07-20,2022-04-04,456.8,449.1578,449.5925,101.7014,101.6031,416.25,477.71,-4.3771,9.7417,59601000
2022-04-05,180,2021-07-21,2022-04-05,451.03,449.273,449.7034,100.3911,100.295,416.25,477.71,-5.585,8.3556,74214500
2022-04-06,180,2021-07-22,2022-04-06,446.52,449.3421,449.7699,99.3719,99.2774,416.25,477.71,-6.5291,7.2721,106898000
2022-04-07,180,2021-07-23,2022-04-07,448.77,449.4186,449.8439,99.8557,99.7613,416.25,477.71,-6.0581,7.8126,78097200
2022-04-08,180,2021-07-26,2022-04-08,447.57,449.462,449.8863,99.579,99.4851,416.25,477.71,-6.3093,7.5243,79272700
2022-04-11,180,2021-07-27,2022-04-11,439.92,449.4557,449.8802,97.8784,97.786,416.25,477.71,-7.9107,5.6865,89770500
2022-04-12,180,2021-07-28,2022-04-12,438.29,449.4515,449.8762,97.5166,97.4246,416.25,477.71,-8.2519,5.2949,84363600
2022-04-13,180,2021-07-29,2022-04-13,443.31,449.4773,449.9011,98.6279,98.535,416.25,477.71,-7.201,6.5009,74070400
2022-04-14,180,2021-07-30,2022-04-14,437.79,449.4607,449.8852,97.4034,97.3115,416.25,477.71,-8.3565,5.1748,97869500
2022-04-18,180,2021-08-02,2022-04-18,437.97,449.4575,449.8822,97.4441,97.3522,416.25,477.71,-8.3189,5.218,66002500
2022-04-19,180,2021-08-03,2022-04-19,445.04,449.5005,449.9236,99.0077,98.9146,416.25,477.71,-6.8389,6.9165,77821000
2022-04-20,180,2021-08-04,2022-04-20,444.71,449.5208,449.9433,98.9298,98.8369,416.25,477.71,-6.908,6.8372,65224400
2022-04-21,180,2021-08-05,2022-04-21,438.06,449.5155,449.9382,97.4516,97.36,416.25,477.71,-8.3,5.2396,85417300
2022-04-22,180,2021-08-06,2022-04-22,426.04,449.4217,449.8509,94.7974,94.7069,416.25,477.71,-10.8162,2.352,132471800
2022-04-25,180,2021-08-09,2022-04-25,428.51,449.339,449.7732,95.3645,95.2725,416.25,477.71,-10.2991,2.9453,119647700
2022-04-26,180,2021-08-10,2022-04-26,416.1,449.1804,449.6286,92.6354,92.543,416.1,477.71,-12.8969,0.0,103996300
2022-04-27,180,2021-08-11,2022-04-27,417.27,449.0262,449.4874,92.9278,92.8324,416.1,477.71,-12.652,0.2812,122030000
2022-04-28,180,2021-08-12,2022-04-28,427.81,448.932,449.3987,95.2951,95.1961,416.1,477.71,-10.4457,2.8142,105449100
2022-04-29,180,2021-08-13,2022-04-29,412.0,448.73,449.2148,91.8147,91.7156,412.0,477.71,-13.7552,0.0,145491100
2022-05-02,180,2021-08-16,2022-05-02,414.48,448.5397,449.0401,92.4065,92.3036,412.0,477.71,-13.2361,0.6019,158312500
2022-05-03,180,2021-08-17,2022-05-03,416.38,448.3561,448.8702,92.8681,92.7618,412.0,477.71,-12.8383,1.0631,100028200
2022-05-04,180,2021-08-18,2022-05-04,429.06,448.2683,448.7869,95.715,95.6044,412.0,477.71,-10.184,4.1408,144247900
2022-05-05,180,2021-08-19,2022-05-05,413.81,448.1125,448.646,92.3451,92.2353,412.0,477.71,-13.3763,0.4393,172929100
2022-05-06,180,2021-08-20,2022-05-06,411.34,447.9367,448.4876,91.8299,91.7171,411.34,477.71,-13.8934,0.0,151770800
2022-05-09,180,2021-08-23,2022-05-09,398.17,447.6516,448.2365,88.9464,88.8303,398.17,477.71,-16.6503,0.0,155586100
2022-05-10,180,2021-08-24,2022-05-10,399.09,447.3513,447.9689,89.2118,89.0888,398.17,477.71,-16.4577,0.2311,132497200
2022-05-11,180,2021-08-25,2022-05-11,392.75,447.0027,447.6621,87.863,87.7336,392.75,477.71,-17.7848,0.0,142361000
2022-05-12,180,2021-08-26,2022-05-12,392.34,446.6464,447.3478,87.8413,87.7036,392.34,477.71,-17.8707,0.0,125090800
2022-05-13,180,2021-08-27,2022-05-13,401.72,446.3712,447.1004,89.9968,89.8501,392.34,477.71,-15.9071,2.3908,104174400
2022-05-16,180,2021-08-30,2022-05-16,400.09,446.0632,446.8217,89.6936,89.5413,392.34,477.71,-16.2484,1.9753,78622400
2022-05-17,180,2021-08-31,2022-05-17,408.32,445.8005,446.5778,91.5925,91.4331,392.34,477.71,-14.5255,4.073,83029700
2022-05-18,180,2021-09-01,2022-05-18,391.86,445.4283,446.2461,87.9737,87.8125,391.86,477.71,-17.9712,0.0,117674500
2022-05-19,180,2021-09-02,2022-05-19,389.46,445.0381,445.8998,87.5116,87.3425,389.46,477.71,-18.4736,0.0,98510700
2022-05-20,180,2021-09-03,2022-05-20,389.63,444.6424,445.5467,87.6277,87.4499,389.46,477.71,-18.438,0.0437,131432200
2022-05-23,180,2021-09-07,2022-05-23,396.92,444.2997,445.2347,89.3361,89.1485,389.46,477.71,-16.9119,1.9155,76414900
2022-05-24,180,2021-09-08,2022-05-24,393.89,443.9449,444.9148,88.725,88.5316,389.46,477.71,-17.5462,1.1375,91448800
2022-05-25,180,2021-09-09,2022-05-25,397.37,443.618,444.6174,89.5748,89.3735,389.46,477.71,-16.8177,2.031,91472900
2022-05-26,180,2021-09-10,2022-05-26,405.31,443.3558,444.3748,91.4187,91.209,389.46,477.71,-15.1556,4.0697,82168300
2022-05-27,180,2021-09-13,2022-05-27,415.26,443.1777,444.2071,93.7006,93.4834,389.46,477.71,-13.0728,6.6246,84768700
2022-05-31,180,2021-09-14,2022-05-31,412.93,442.9786,444.0202,93.2167,92.998,389.46,477.71,-13.5605,6.0263,95937000
2022-06-01,180,2021-09-15,2022-06-01,409.59,442.7715,443.8281,92.5059,92.2857,389.46,477.71,-14.2597,5.1687,86585800
2022-06-02,180,2021-09-16,2022-06-02,417.39,442.594,443.6587,94.3054,94.0791,389.46,477.71,-12.6269,7.1715,79609600
2022-06-03,180,2021-09-17,2022-06-03,410.54,442.3769,443.4552,92.8032,92.5776,389.46,477.71,-14.0608,5.4126,71874300
2022-06-06,180,2021-09-20,2022-06-06,411.79,442.1999,443.2907,93.123,92.8939,389.46,477.71,-13.7992,5.7336,57508900
2022-06-07,180,2021-09-21,2022-06-07,415.74,442.0897,443.189,94.0397,93.8065,389.46,477.71,-12.9723,6.7478,59272400
2022-06-08,180,2021-09-22,2022-06-08,411.22,441.9533,443.0645,93.046,92.8127,389.46,477.71,-13.9185,5.5872,64350000
2022-06-09,180,2021-09-23,2022-06-09,401.44,441.7286,442.8622,90.8793,90.6467,389.46,477.71,-15.9658,3.0761,86289800
2022-06-10,180,2021-09-24,2022-06-10,389.8,441.3939,442.5656,88.3111,88.0773,389.46,477.71,-18.4024,0.0873,132893900
2022-06-13,180,2021-09-27,2022-06-13,375.0,440.9463,442.1828,85.0444,84.8066,375.0,477.71,-21.5005,0.0,170004900
2022-06-14,180,2021-09-28,2022-06-14,373.87,440.4979,441.8007,84.8744,84.6241,373.87,477.71,-21.737,0.0,104011800
2022-06-15,180,2021-09-29,2022-06-15,379.2,440.1408,441.4978,86.1542,85.8894,373.87,477.71,-20.6213,1.4256,125666800
2022-06-16,180,2021-09-30,2022-06-16,366.65,439.6832,441.1212,83.3896,83.1178,366.65,477.71,-23.2484,0.0,134473300
2022-06-17,180,2021-10-01,2022-06-17,365.86,439.2508,440.7696,83.2918,83.0048,365.86,477.71,-23.4138,0.0,111113900
2022-06-21,180,2021-10-04,2022-06-21,375.07,438.8617,440.4409,85.4643,85.1579,365.86,477.71,-21.4858,2.5174,76811900
2022-06-22,180,2021-10-05,2022-06-22,374.39,438.5003,440.1395,85.3797,85.0617,365.86,477.71,-21.6282,2.3315,90059400
2022-06-23,180,2021-10-06,2022-06-23,378.06,438.1415,439.8337,86.2872,85.9552,365.86,477.71,-20.8599,3.3346,79292100
2022-06-24,180,2021-10-07,2022-06-24,390.08,437.8599,439.5847,89.0879,88.7383,365.86,477.71,-18.3438,6.62,98050300
2022-06-27,180,2021-10-08,2022-06-27,388.59,437.5473,439.3066,88.811,88.4553,365.86,477.71,-18.6557,6.2128,66009600
2022-06-28,180,2021-10-11,2022-06-28,380.65,437.1825,438.9887,87.0689,86.7107,365.86,477.71,-20.3178,4.0425,86548900
2022-06-29,180,2021-10-12,2022-06-29,380.34,436.8337,438.6868,87.0675,86.6997,365.86,477.71,-20.3827,3.9578,65676000
2022-06-30,180,2021-10-13,2022-06-30,377.25,436.4687,438.3736,86.4323,86.0567,365.86,477.71,-21.0295,3.1132,112508300
2022-07-01,180,2021-10-14,2022-07-01,381.24,436.1249,438.0739,87.4153,87.0264,365.86,477.71,-20.1943,4.2038,74839700
2022-07-05,180,2021-10-15,2022-07-05,381.96,435.7467,437.7376,87.6564,87.2577,365.86,477.71,-20.0435,4.4006,81438000
2022-07-06,180,2021-10-18,2022-07-06,383.25,435.3605,437.3897,88.0305,87.6221,365.86,477.71,-19.7735,4.7532,70426200
2022-07-07,180,2021-10-19,2022-07-07,388.99,435.0085,437.0664,89.4212,89.0002,365.86,477.71,-18.5719,6.3221,64525900
2022-07-08,180,2021-10-20,2022-07-08,388.67,434.6368,436.7221,89.4241,88.9971,365.86,477.71,-18.6389,6.2346,72397800
2022-07-11,180,2021-10-21,2022-07-11,384.23,434.2256,436.3433,88.4863,88.0568,365.86,477.71,-19.5684,5.0211,58366900
2022-07-12,180,2021-10-22,2022-07-12,380.83,433.7848,435.9391,87.7924,87.3585,365.86,477.71,-20.2801,4.0917,62219200
2022-07-13,180,2021-10-25,2022-07-13,378.83,433.3328,435.5264,87.4224,86.9821,365.86,477.71,-20.6988,3.5451,84224600
2022-07-14,180,2021-10-26,2022-07-14,377.91,432.8629,435.0951,87.3048,86.8569,365.86,477.71,-20.8913,3.2936,89704800
2022-07-15,180,2021-10-27,2022-07-15,385.13,432.4434,434.7016,89.0591,88.5964,365.86,477.71,-19.38,5.267,79060400
2022-07-18,180,2021-10-28,2022-07-18,381.95,432.0125,434.3016,88.4118,87.9458,365.86,477.71,-20.0456,4.3979,63203600
2022-07-19,180,2021-10-29,2022-07-19,392.27,431.6319,433.9347,90.8807,90.3984,365.86,477.71,-17.8853,7.2186,78506000
2022-07-20,180,2021-11-01,2022-07-20,394.77,431.2641,433.5764,91.5379,91.0497,365.86,477.71,-17.362,7.9019,71843800
2022-07-21,180,2021-11-02,2022-07-21,398.79,430.9194,433.2362,92.544,92.0491,365.86,477.71,-16.5205,9.0007,64903900
2022-07-22,180,2021-11-03,2022-07-22,395.09,430.542,432.865,91.7657,91.2733,365.86,477.71,-17.295,7.9894,72197300
2022-07-25,180,2021-11-04,2022-07-25,395.57,430.155,432.4808,91.9599,91.4653,365.86,477.71,-17.1945,8.1206,53631500
2022-07-26,180,2021-11-05,2022-07-26,390.89,429.7273,432.0585,90.9623,90.4715,365.86,477.71,-18.1742,6.8414,52946400
2022-07-27,180,2021-11-08,2022-07-27,401.04,429.3591,431.6836,93.4043,92.9014,365.86,477.71,-16.0495,9.6157,82342100
2022-07-28,180,2021-11-09,2022-07-28,406.07,429.0213,431.3343,94.6503,94.1428,365.86,477.71,-14.9965,10.9905,73966600
2022-07-29,180,2021-11-10,2022-07-29,411.99,428.7273,431.0266,96.096,95.5834,365.86,477.71,-13.7573,12.6087,87003700
2022-08-01,180,2021-11-11,2022-08-01,410.77,428.4441,430.733,95.8748,95.3653,365.86,477.71,-14.0127,12.2752,69997500
2022-08-02,180,2021-11-12,2022-08-02,408.06,428.1441,430.4235,95.309,94.8043,365.86,477.71,-14.58,11.5345,63435400
2022-08-03,180,2021-11-15,2022-08-03,414.45,427.8666,430.1301,96.8643,96.3546,365.86,477.71,-13.2423,13.281,67820600
2022-08-04,180,2021-11-16,2022-08-04,414.17,427.5869,429.8342,96.8622,96.3558,365.86,477.71,-13.301,13.2045,45656600
2022-08-05,180,2021-11-17,2022-08-05,413.47,427.295,429.5241,96.7645,96.2623,365.86,477.71,-13.4475,13.0132,56814900
2022-08-08,180,2021-11-18,2022-08-08,412.99,427.0058,429.2177,96.7176,96.2192,365.86,477.71,-13.548,12.882,53886100
2022-08-09,180,2021-11-19,2022-08-09,411.35,426.7,428.8934,96.4026,95.9096,365.86,477.71,-13.8913,12.4337,44931800
2022-08-10,180,2021-11-22,2022-08-10,419.99,426.449,428.6217,98.4854,97.9862,365.86,477.71,-12.0826,14.7953,68665700
2022-08-11,180,2021-11-23,2022-08-11,419.99,426.2043,428.3574,98.5419,98.0466,365.86,477.71,-12.0826,14.7953,59489700
2022-08-12,180,2021-11-24,2022-08-12,427.1,425.997,428.1291,100.2589,99.7596,365.86,477.71,-10.5943,16.7386,61694500
2022-08-15,180,2021-11-26,2022-08-15,428.86,425.7939,427.9037,100.7201,100.2235,365.86,477.71,-10.2259,17.2197,54048300
2022-08-16,180,2021-11-29,2022-08-16,429.7,425.6445,427.7411,100.9528,100.458,365.86,477.71,-10.05,17.4493,59289000
2022-08-17,180,2021-11-30,2022-08-17,426.65,425.4519,427.5302,100.2816,99.7941,365.86,477.71,-10.6885,16.6156,63563400
2022-08-18,180,2021-12-01,2022-08-18,427.89,425.3092,427.3765,100.6068,100.1202,365.86,477.71,-10.4289,16.9546,49023200
2022-08-19,180,2021-12-02,2022-08-19,422.14,425.1594,427.2189,99.2898,98.8112,365.86,477.71,-11.6326,15.3829,68016900
2022-08-22,180,2021-12-03,2022-08-22,413.35,424.9255,426.9742,97.2759,96.8091,365.86,477.71,-13.4726,12.9804,77695600
2022-08-23,180,2021-12-06,2022-08-23,412.35,424.7053,426.7461,97.0909,96.6266,365.86,477.71,-13.6819,12.7071,49105200
2022-08-24,180,2021-12-07,2022-08-24,413.67,424.4672,426.4954,97.4563,96.9928,365.86,477.71,-13.4056,13.0678,49177800
2022-08-25,180,2021-12-08,2022-08-25,419.51,424.2188,426.2244,98.89,98.4247,365.86,477.71,-12.1831,14.6641,50942300
2022-08-26,180,2021-12-09,2022-08-26,405.31,423.8818,425.8677,95.6186,95.1727,365.86,477.71,-15.1556,10.7828,103087000
2022-08-29,180,2021-12-10,2022-08-29,402.63,423.5433,425.5137,95.0623,94.6221,365.86,477.71,-15.7166,10.0503,65370800
2022-08-30,180,2021-12-13,2022-08-30,398.21,423.158,425.1108,94.1043,93.6721,365.86,477.71,-16.6419,8.8422,85652400
2022-08-31,180,2021-12-14,2022-08-31,395.18,422.7732,424.7142,93.4733,93.0461,365.86,477.71,-17.2762,8.014,76029700
2022-09-01,180,2021-12-15,2022-09-01,396.42,422.4117,424.3423,93.8468,93.4199,365.86,477.71,-17.0166,8.3529,78740100
2022-09-02,180,2021-12-16,2022-09-02,392.24,421.9913,423.9069,92.9498,92.5297,365.86,477.71,-17.8916,7.2104,99632100
2022-09-06,180,2021-12-17,2022-09-06,390.76,421.5808,423.4864,92.6892,92.2721,365.86,477.71,-18.2014,6.8059,76637400
2022-09-07,180,2021-12-20,2022-09-07,397.78,421.246,423.1415,94.4294,94.0064,365.86,477.71,-16.7319,8.7247,70964200
2022-09-08,180,2021-12-21,2022-09-08,400.38,420.9507,422.8382,95.1133,94.6887,365.86,477.71,-16.1876,9.4353,80821700
2022-09-09,180,2021-12-22,2022-09-09,406.6,420.6557,422.5245,96.6586,96.2311,365.86,477.71,-14.8856,11.1354,76706900
2022-09-12,180,2021-12-23,2022-09-12,410.97,420.3658,422.2094,97.7649,97.338,365.86,477.71,-13.9708,12.3299,69256300
2022-09-13,180,2021-12-27,2022-09-13,393.1,419.9549,421.7788,93.6053,93.2005,365.86,477.71,-17.7116,7.4455,122947100
2022-09-14,180,2021-12-28,2022-09-14,394.6,419.5253,421.3196,94.0587,93.6581,365.86,477.71,-17.3976,7.8555,85023700
2022-09-15,180,2021-12-29,2022-09-15,390.12,419.0699,420.8377,93.0919,92.7008,365.86,477.71,-18.3354,6.631,87633800
2022-09-16,180,2021-12-30,2022-09-16,385.56,418.5833,420.327,92.1107,91.7286,365.86,477.71,-19.2899,5.3846,103084800
2022-09-19,180,2021-12-31,2022-09-19,388.55,418.1228,419.8403,92.9272,92.5471,365.86,477.71,-18.664,6.2018,73278500
2022-09-20,180,2022-01-03,2022-09-20,384.09,417.6396,419.3354,91.9669,91.5949,365.86,477.71,-19.5977,4.9828,77274900
2022-09-21,180,2022-01-04,2022-09-21,377.39,417.1011,418.7781,90.4793,90.1169,365.86,477.55,-20.9737,3.1515,106746600
2022-09-22,180,2022-01-05,2022-09-22,374.22,416.543,418.2041,89.8395,89.4826,365.86,471.02,-20.5511,2.285,89472600
2022-09-23,180,2022-01-06,2022-09-23,367.95,415.982,417.6461,88.4533,88.1009,365.86,471.02,-21.8823,0.5713,122346900
2022-09-26,180,2022-01-07,2022-09-26,364.31,415.3984,417.0704,87.7013,87.3498,364.31,471.02,-22.6551,0.0,92581200
2022-09-27,180,2022-01-10,2022-09-27,363.38,414.8179,416.4998,87.5999,87.2461,363.38,471.02,-22.8525,0.0,108294100
2022-09-28,180,2022-01-11,2022-09-28,370.53,414.2922,415.9721,89.4369,89.0757,363.38,471.02,-21.3345,1.9676,110802200
2022-09-29,180,2022-01-12,2022-09-29,362.79,413.6946,415.3779,87.6951,87.3397,362.79,471.02,-22.9778,0.0,112952300
2022-09-30,180,2022-01-13,2022-09-30,357.18,413.0522,414.7454,86.4733,86.1203,357.18,464.72,-23.1408,0.0,153711200
2022-10-03,180,2022-01-14,2022-10-03,366.61,412.5079,414.2014,88.8734,88.5101,357.18,464.72,-21.1116,2.6401,89756500
2022-10-04,180,2022-01-18,2022-10-04,377.97,412.0416,413.7195,91.731,91.359,357.18,461.55,-18.1085,5.8206,103602800
2022-10-05,180,2022-01-19,2022-10-05,377.09,411.607,413.2784,91.6141,91.2436,357.18,461.55,-18.2992,5.5742,88065700
2022-10-06,180,2022-01-20,2022-10-06,373.2,411.1689,412.842,90.7656,90.3978,357.18,461.55,-19.142,4.4851,82333500
2022-10-07,180,2022-01-21,2022-10-07,362.79,410.6829,412.3756,88.3382,87.9756,357.18,461.55,-21.3975,1.5706,107789500
2022-10-10,180,2022-01-24,2022-10-10,360.02,410.2202,411.9424,87.7626,87.3957,357.18,461.55,-21.9976,0.7951,76042800
2022-10-11,180,2022-01-25,2022-10-11,357.74,409.733,411.4863,87.3105,86.9385,357.18,461.55,-22.4916,0.1568,92482800
2022-10-12,180,2022-01-26,2022-10-12,356.56,409.2644,411.0535,87.1222,86.743,356.56,461.55,-22.7473,0.0,76991800
2022-10-13,180,2022-01-27,2022-10-13,365.97,408.8693,410.679,89.5078,89.1134,356.56,461.55,-20.7085,2.6391,147254500
2022-10-14,180,2022-01-28,2022-10-14,357.63,408.4265,410.2701,87.5629,87.1694,356.56,461.55,-22.5154,0.3001,123737000
2022-10-17,180,2022-01-31,2022-10-17,366.82,407.9975,409.8527,89.9074,89.5005,356.56,461.55,-20.5243,2.8775,93168200
2022-10-18,180,2022-02-01,2022-10-18,371.13,407.5616,409.415,91.0611,90.6489,356.56,461.55,-19.5905,4.0863,97162900
2022-10-19,180,2022-02-02,2022-10-19,368.5,407.0953,408.9458,90.5194,90.1097,356.56,461.55,-20.1603,3.3487,79746900
2022-10-20,180,2022-02-03,2022-10-20,365.41,406.5894,408.4351,89.872,89.4659,356.56,461.55,-20.8298,2.4821,88283100
2022-10-21,180,2022-02-04,2022-10-21,374.29,406.1925,408.0333,92.146,91.7303,356.56,461.55,-18.9059,4.9725,131038400
2022-10-24,180,2022-02-07,2022-10-24,378.87,405.8163,407.6454,93.36,92.9411,356.56,461.55,-17.9136,6.257,85436900
2022-10-25,180,2022-02-08,2022-10-25,384.92,405.4853,407.2991,94.9282,94.5055,356.56,461.55,-16.6027,7.9538,78846300
2022-10-26,180,2022-02-09,2022-10-26,382.02,405.1202,406.9162,94.2979,93.8817,356.56,461.55,-17.2311,7.1405,104087300
2022-10-27,180,2022-02-10,2022-10-27,379.98,404.7138,406.4853,93.8886,93.4794,356.56,461.55,-17.6731,6.5683,81971800
2022-10-28,180,2022-02-11,2022-10-28,389.02,404.4001,406.1503,96.1968,95.7823,356.56,461.55,-15.7144,9.1037,100302000
2022-10-31,180,2022-02-14,2022-10-31,386.21,404.1106,405.8489,95.5704,95.161,356.56,461.55,-16.3233,8.3156,96631300
2022-11-01,180,2022-02-15,2022-11-01,384.52,403.8179,405.5461,95.2211,94.8154,356.56,461.55,-16.6894,7.8416,85407600
2022-11-02,180,2022-02-16,2022-11-02,374.87,403.4324,405.1504,92.9202,92.5261,356.56,461.55,-18.7802,5.1352,126990400
2022-11-03,180,2022-02-17,2022-11-03,371.01,403.0203,404.7304,92.0574,91.6684,356.56,461.55,-19.6165,4.0526,87100100
2022-11-04,180,2022-02-18,2022-11-04,376.35,402.6875,404.3932,93.4596,93.0654,356.56,461.55,-18.4595,5.5503,103505200
2022-11-07,180,2022-02-22,2022-11-07,379.95,402.3914,404.0916,94.423,94.0257,356.56,461.55,-17.6796,6.5599,68286900
2022-11-08,180,2022-02-23,2022-11-08,382.0,402.1308,403.8273,94.994,94.5949,356.56,461.55,-17.2354,7.1348,84641100
2022-11-09,180,2022-02-24,2022-11-09,374.13,401.8588,403.5617,93.0999,92.707,356.56,461.55,-18.9405,4.9276,78495500
2022-11-10,180,2022-02-25,2022-11-10,394.69,401.6805,403.3749,98.2597,97.8469,356.56,461.55,-14.486,10.6939,141455800
2022-11-11,180,2022-02-28,2022-11-11,398.51,401.479,403.1569,99.2605,98.8474,356.56,461.55,-13.6583,11.7652,93839900
2022-11-14,180,2022-03-01,2022-11-14,395.12,401.2636,402.9263,98.4689,98.0626,356.56,461.55,-14.3928,10.8144,71903500
2022-11-15,180,2022-03-02,2022-11-15,398.49,401.0993,402.7514,99.3495,98.9419,356.56,461.55,-13.6627,11.7596,93194500
2022-11-16,180,2022-03-03,2022-11-16,395.45,400.8804,402.5156,98.6454,98.2446,356.56,461.55,-14.3213,10.907,68508500
2022-11-17,180,2022-03-04,2022-11-17,394.24,400.6649,402.2852,98.3964,98.0001,356.56,461.55,-14.5835,10.5676,74496300
2022-11-18,180,2022-03-07,2022-11-18,396.03,400.4767,402.0844,98.8896,98.4942,356.56,461.55,-14.1956,11.0697,92922500
2022-11-21,180,2022-03-08,2022-11-21,394.59,400.343,401.9464,98.563,98.1698,356.56,461.55,-14.5076,10.6658,51243200
2022-11-22,180,2022-03-09,2022-11-22,399.9,400.2556,401.8556,99.9112,99.5134,356.56,461.55,-13.3572,12.155,60429000
2022-11-23,180,2022-03-10,2022-11-23,402.42,400.1263,401.7168,100.5732,100.1751,356.56,461.55,-12.8112,12.8618,68261600
2022-11-25,180,2022-03-11,2022-11-25,402.33,400.0061,401.5882,100.581,100.1847,356.56,461.55,-12.8307,12.8365,30545400
2022-11-28,180,2022-03-14,2022-11-28,395.91,399.877,401.4539,99.008,98.619,356.56,461.55,-14.2216,11.036,67881600
2022-11-29,180,2022-03-15,2022-11-29,395.23,399.7597,401.333,98.8669,98.4793,356.56,461.55,-14.369,10.8453,52310000
2022-11-30,180,2022-03-16,2022-11-30,407.68,399.6652,401.2303,102.0054,101.6075,356.56,461.55,-11.6715,14.337,144566700
2022-12-01,180,2022-03-17,2022-12-01,407.38,399.524,401.0734,101.9663,101.5724,356.56,461.55,-11.7365,14.2529,76398200
2022-12-02,180,2022-03-18,2022-12-02,406.91,399.3553,400.8836,101.8917,101.5033,356.56,461.55,-11.8384,14.121,85342700
2022-12-05,180,2022-03-21,2022-12-05,399.59,399.1313,400.634,100.1149,99.7394,356.56,461.55,-13.4243,12.0681,77289800
2022-12-06,180,2022-03-22,2022-12-06,393.83,398.8758,400.3531,98.735,98.3707,356.56,461.55,-14.6723,10.4527,77972200
2022-12-07,180,2022-03-23,2022-12-07,393.16,398.5938,400.0396,98.6367,98.2803,356.56,461.55,-14.8175,10.2648,65927900
2022-12-08,180,2022-03-24,2022-12-08,396.24,398.3553,399.7754,99.469,99.1157,356.56,461.55,-14.1501,11.1286,60737900
2022-12-09,180,2022-03-25,2022-12-09,393.28,398.0708,399.4576,98.7965,98.4535,356.56,461.55,-14.7915,10.2984,81447700
2022-12-12,180,2022-03-28,2022-12-12,398.95,397.809,399.159,100.2868,99.9476,356.56,461.55,-13.563,11.8886,75405800
2022-12-13,180,2022-03-29,2022-12-13,401.97,397.5504,398.8593,101.1117,100.7799,356.56,461.55,-12.9087,12.7356,123782500
2022-12-14,180,2022-03-30,2022-12-14,399.4,397.2546,398.5141,100.5401,100.2223,356.56,458.7,-12.9278,12.0148,108111300
2022-12-15,180,2022-03-31,2022-12-15,389.63,396.9161,398.1303,98.1643,97.8649,356.56,456.8,-14.7045,9.2747,117705900
2022-12-16,180,2022-04-01,2022-12-16,383.27,396.5707,397.7505,96.6461,96.3594,356.56,456.8,-16.0968,7.491,119858000
2022-12-19,180,2022-04-04,2022-12-19,380.02,396.201,397.3455,95.916,95.6397,356.56,456.8,-16.8082,6.5795,79878100
2022-12-20,180,2022-04-05,2022-12-20,380.54,395.8187,396.9218,96.14,95.8728,356.56,451.03,-15.6287,6.7254,74427200
2022-12-21,180,2022-04-06,2022-12-21,386.23,395.4952,396.5618,97.6573,97.3947,356.56,448.77,-13.9359,8.3212,78167400
2022-12-22,180,2022-04-07,2022-12-22,380.72,395.1592,396.1963,96.346,96.0938,356.56,448.77,-15.1637,6.7759,100120900
2022-12-23,180,2022-04-08,2022-12-23,382.91,394.827,395.8304,96.9817,96.7359,356.56,447.57,-14.4469,7.3901,59857300
2022-12-27,180,2022-04-11,2022-12-27,381.4,394.4915,395.4628,96.6814,96.444,356.56,445.04,-14.2998,6.9666,51638200
2022-12-28,180,2022-04-12,2022-12-28,376.66,394.1618,395.1113,95.5598,95.3301,356.56,445.04,-15.3649,5.6372,70911500
2022-12-29,180,2022-04-13,2022-12-29,383.44,393.8802,394.8066,97.3494,97.121,356.56,445.04,-13.8415,7.5387,66970900
2022-12-30,180,2022-04-14,2022-12-30,382.43,393.571,394.4684,97.1693,96.9482,356.56,445.04,-14.0684,7.2554,84022200
2023-01-03,180,2022-04-18,2023-01-03,380.82,393.2771,394.1519,96.8325,96.6176,356.56,445.04,-14.4302,6.8039,74850700
2023-01-04,180,2022-04-19,2023-01-04,383.76,393.0002,393.8507,97.6488,97.4379,356.56,445.04,-13.7695,7.6285,85934100
2023-01-05,180,2022-04-20,2023-01-05,379.38,392.6668,393.4859,96.6163,96.4151,356.56,444.71,-14.6905,6.4,76970500
2023-01-06,180,2022-04-21,2023-01-06,388.08,392.3859,393.1713,98.9026,98.7051,356.56,438.06,-11.4094,8.84,104189600
2023-01-09,180,2022-04-22,2023-01-09,387.86,392.1334,392.8924,98.9102,98.7191,356.56,429.7,-9.737,8.7783,73978100
2023-01-10,180,2022-04-25,2023-01-10,390.58,391.9514,392.6954,99.6501,99.4613,356.56,429.7,-9.104,9.5412,65358100
2023-01-11,180,2022-04-26,2023-01-11,395.52,391.7853,392.5122,100.9532,100.7663,356.56,429.7,-7.9544,10.9266,68881100
2023-01-12,180,2022-04-27,2023-01-12,396.96,391.6865,392.4058,101.3463,101.1606,356.56,429.7,-7.6193,11.3305,90157700
2023-01-13,180,2022-04-28,2023-01-13,398.5,391.5904,392.3016,101.7645,101.58,356.56,429.7,-7.2609,11.7624,63903900
2023-01-17,180,2022-04-29,2023-01-17,397.77,391.44,392.1347,101.6171,101.4371,356.56,429.7,-7.4308,11.5577,62677300
2023-01-18,180,2022-05-02,2023-01-18,391.49,391.3318,392.0207,100.0404,99.8646,356.56,429.7,-8.8923,9.7964,99632300
2023-01-19,180,2022-05-03,2023-01-19,388.64,391.1954,391.8772,99.3468,99.1739,356.56,429.7,-9.5555,8.9971,86958900
2023-01-20,180,2022-05-04,2023-01-20,395.88,391.0897,391.7633,101.2249,101.0508,356.56,429.7,-7.8706,11.0276,91806400
2023-01-23,180,2022-05-05,2023-01-23,400.63,390.9492,391.6053,102.4762,102.3045,356.56,429.7,-6.7652,12.3598,84178800
2023-01-24,180,2022-05-06,2023-01-24,400.2,390.8794,391.5297,102.3845,102.2145,356.56,429.7,-6.8653,12.2392,59524900
2023-01-25,180,2022-05-09,2023-01-25,400.35,390.8228,391.4687,102.4377,102.2687,356.56,429.7,-6.8303,12.2812,84800300
2023-01-26,180,2022-05-10,2023-01-26,404.75,390.8574,391.5052,103.5544,103.383,356.56,429.7,-5.8064,13.5153,72287400
2023-01-27,180,2022-05-11,2023-01-27,405.68,390.892,391.5418,103.7831,103.6109,356.56,429.7,-5.59,13.7761,68346200
2023-01-30,180,2022-05-12,2023-01-30,400.59,390.9343,391.5854,102.4699,102.2995,356.56,429.7,-6.7745,12.3486,74202000
2023-01-31,180,2022-05-13,2023-01-31,406.48,391.0096,391.6639,103.9565,103.7829,356.56,429.7,-5.4038,14.0005,86811800
2023-02-01,180,2022-05-16,2023-02-01,410.8,391.0563,391.7144,105.0488,104.8723,356.56,429.7,-4.3984,15.212,101459200
2023-02-02,180,2022-05-17,2023-02-02,416.78,391.1414,391.8071,106.5548,106.3738,356.56,429.7,-3.0068,16.8892,101654500
2023-02-03,180,2022-05-18,2023-02-03,412.35,391.1617,391.8295,105.4168,105.2371,356.56,429.7,-4.0377,15.6467,94736800
2023-02-06,180,2022-05-19,2023-02-06,409.83,391.2569,391.9293,104.747,104.5673,356.56,429.7,-4.6242,14.94,60295300
2023-02-07,180,2022-05-20,2023-02-07,415.19,391.3922,392.0723,106.0803,105.8963,356.56,429.7,-3.3768,16.4432,90990700
2023-02-08,180,2022-05-23,2023-02-08,410.65,391.5041,392.1891,104.8904,104.7072,356.56,429.7,-4.4333,15.17,76227500
2023-02-09,180,2022-05-24,2023-02-09,407.09,391.5577,392.2456,103.9668,103.7845,356.56,429.7,-5.2618,14.1715,78694900
2023-02-10,180,2022-05-25,2023-02-10,408.04,391.6327,392.3242,104.1895,104.0058,356.56,429.7,-5.0407,14.438,70769700
2023-02-13,180,2022-05-26,2023-02-13,412.83,391.713,392.4101,105.3909,105.2037,356.56,429.7,-3.926,15.7814,64913500
2023-02-14,180,2022-05-27,2023-02-14,412.64,391.7504,392.4508,105.3324,105.1444,356.56,429.7,-3.9702,15.7281,88389300
2023-02-15,180,2022-05-31,2023-02-15,413.98,391.744,392.4437,105.6762,105.4878,356.56,429.7,-3.6584,16.1039,61555700
2023-02-16,180,2022-06-01,2023-02-16,408.28,391.7205,392.4178,104.2274,104.0422,356.56,429.7,-4.9849,14.5053,76431500
2023-02-17,180,2022-06-02,2023-02-17,407.26,391.7086,392.4049,103.9702,103.7857,356.56,429.7,-5.2222,14.2192,89257800
2023-02-21,180,2022-06-03,2023-02-21,399.09,391.615,392.3032,101.9088,101.73,356.56,429.7,-7.1236,11.9279,82655900
2023-02-22,180,2022-06-06,2023-02-22,398.54,391.5525,392.2366,101.7846,101.6071,356.56,429.7,-7.2516,11.7736,83742300
2023-02-23,180,2022-06-07,2023-02-23,400.66,391.495,392.1747,102.341,102.1636,356.56,429.7,-6.7582,12.3682,96242400
2023-02-24,180,2022-06-08,2023-02-24,396.38,391.395,392.0672,101.2736,101.1,356.56,429.7,-7.7542,11.1678,108194400
2023-02-27,180,2022-06-09,2023-02-27,397.73,391.3248,391.9922,101.6368,101.4638,356.56,429.7,-7.4401,11.5464,80444700
2023-02-28,180,2022-06-10,2023-02-28,396.26,391.2971,391.9634,101.2683,101.0962,356.56,429.7,-7.7822,11.1342,96438600
2023-03-01,180,2022-06-13,2023-03-01,394.74,391.3245,391.9909,100.8728,100.7013,356.56,429.7,-8.1359,10.7079,99706800
2023-03-02,180,2022-06-14,2023-03-02,397.81,391.4546,392.1176,101.6235,101.4517,356.56,429.7,-7.4215,11.5689,85127800
2023-03-03,180,2022-06-15,2023-03-03,404.19,391.6255,392.2861,103.2083,103.0345,356.56,429.7,-5.9367,13.3582,90120000
2023-03-06,180,2022-06-16,2023-03-06,404.47,391.7659,392.4264,103.2428,103.069,356.56,429.7,-5.8715,13.4367,72795900
2023-03-07,180,2022-06-17,2023-03-07,398.27,391.9506,392.6021,101.6123,101.4437,356.56,429.7,-7.3144,11.6979,108310600
2023-03-08,180,2022-06-21,2023-03-08,398.92,392.144,392.7858,101.7279,101.5617,356.56,429.7,-7.1631,11.8802,74746600
2023-03-09,180,2022-06-22,2023-03-09,391.56,392.24,392.8774,99.8266,99.6647,356.56,429.7,-8.876,9.816,111945300
2023-03-10,180,2022-06-23,2023-03-10,385.91,392.3082,392.9414,98.3691,98.2106,356.56,429.7,-10.1908,8.2314,189253000
2023-03-13,180,2022-06-24,2023-03-13,385.36,392.351,392.9819,98.2182,98.0605,356.56,429.7,-10.3188,8.0772,157790000
2023-03-14,180,2022-06-27,2023-03-14,391.73,392.3602,392.9911,99.8394,99.6791,356.56,429.7,-8.8364,9.8637,149752400
2023-03-15,180,2022-06-28,2023-03-15,389.28,392.3641,392.9949,99.214,99.0547,356.56,429.7,-9.4066,9.1766,172996900
2023-03-16,180,2022-06-29,2023-03-16,396.11,392.4519,393.0808,100.9321,100.7706,356.56,429.7,-7.8171,11.0921,143254200
2023-03-17,180,2022-06-30,2023-03-17,389.99,392.5075,393.1344,99.3586,99.2002,356.56,429.7,-9.2413,9.3757,140553400
2023-03-20,180,2022-07-01,2023-03-20,393.74,392.6026,393.2261,100.2897,100.1307,356.56,429.7,-8.3686,10.4274,93055800
2023-03-21,180,2022-07-05,2023-03-21,398.91,392.7021,393.3242,101.5808,101.4201,356.56,429.7,-7.1655,11.8774,91524200
2023-03-22,180,2022-07-06,2023-03-22,392.11,392.7602,393.3806,99.8345,99.677,356.56,429.7,-8.748,9.9703,111746600
2023-03-23,180,2022-07-07,2023-03-23,393.17,392.8166,393.4357,100.09,99.9325,356.56,429.7,-8.5013,10.2676,119351300
2023-03-24,180,2022-07-08,2023-03-24,395.75,392.8542,393.4733,100.7371,100.5786,356.56,429.7,-7.9009,10.9911,107682400
2023-03-27,180,2022-07-11,2023-03-27,396.49,392.8978,393.5167,100.9143,100.7556,356.56,429.7,-7.7287,11.1987,74010400
2023-03-28,180,2022-07-12,2023-03-28,395.6,392.9619,393.5799,100.6713,100.5133,356.56,429.7,-7.9358,10.9491,62871700
2023-03-29,180,2022-07-13,2023-03-29,401.35,393.0771,393.6939,102.1046,101.9447,356.56,429.7,-6.5976,12.5617,77497900
2023-03-30,180,2022-07-14,2023-03-30,403.7,393.2168,393.8321,102.666,102.5056,356.56,429.7,-6.0507,13.2208,69840000
2023-03-31,180,2022-07-15,2023-03-31,409.39,393.3916,394.0069,104.0668,103.9043,356.56,429.7,-4.7266,14.8166,112062600
2023-04-03,180,2022-07-18,2023-04-03,410.95,393.5319,394.1504,104.4261,104.2622,356.56,429.7,-4.3635,15.2541,67391100
2023-04-04,180,2022-07-19,2023-04-04,408.67,393.6793,394.2988,103.8079,103.6447,356.56,429.7,-4.8941,14.6147,66601500
2023-04-05,180,2022-07-20,2023-04-05,407.6,393.7618,394.384,103.5143,103.3511,356.56,429.7,-5.1431,14.3146,65200200
2023-04-06,180,2022-07-21,2023-04-06,409.19,393.8387,394.4641,103.8979,103.7331,356.56,429.7,-4.7731,14.7605,63743300
2023-04-10,180,2022-07-22,2023-04-10,409.61,393.8958,394.5242,103.9894,103.8238,356.56,429.7,-4.6754,14.8783,63681000
2023-04-11,180,2022-07-25,2023-04-11,409.72,393.9738,394.6055,103.9968,103.8303,356.56,429.7,-4.6498,14.9091,59297900
2023-04-12,180,2022-07-26,2023-04-12,408.05,394.0404,394.6748,103.5554,103.3889,356.56,429.7,-5.0384,14.4408,86420400
2023-04-13,180,2022-07-27,2023-04-13,413.47,394.161,394.8003,104.8988,104.7289,356.56,429.7,-3.7771,15.9608,85814800
2023-04-14,180,2022-07-28,2023-04-14,412.46,394.2206,394.8637,104.6267,104.4563,356.56,429.7,-4.0121,15.6776,78161500
2023-04-17,180,2022-07-29,2023-04-17,413.94,394.261,394.9074,104.9914,104.8195,356.56,429.7,-3.6677,16.0927,66436400
2023-04-18,180,2022-08-01,2023-04-18,414.21,394.2722,394.9198,105.0568,104.8846,356.56,429.7,-3.6048,16.1684,63560000
2023-04-19,180,2022-08-02,2023-04-19,414.14,394.2894,394.9385,105.0345,104.8619,356.56,429.7,-3.6211,16.1488,55227300
2023-04-20,180,2022-08-03,2023-04-20,411.88,394.309,394.9597,104.4562,104.2841,356.56,429.7,-4.1471,15.5149,75840400
2023-04-21,180,2022-08-04,2023-04-21,412.2,394.2976,394.9472,104.5403,104.3684,356.56,429.7,-4.0726,15.6047,73457400
2023-04-24,180,2022-08-05,2023-04-24,412.63,394.2898,394.9387,104.6514,104.4795,356.56,429.7,-3.9725,15.7253,64332100
2023-04-25,180,2022-08-08,2023-04-25,406.08,394.2518,394.8976,103.0002,102.8317,356.56,429.7,-5.4969,13.8883,97766700
2023-04-26,180,2022-08-09,2023-04-26,404.36,394.2072,394.8497,102.5755,102.4086,356.56,429.7,-5.8971,13.4059,80447000
2023-04-27,180,2022-08-10,2023-04-27,412.41,394.2126,394.8556,104.6161,104.4458,356.56,429.7,-4.0237,15.6636,92968400
2023-04-28,180,2022-08-11,2023-04-28,415.93,394.1925,394.833,105.5144,105.3433,356.56,429.7,-3.2046,16.6508,89433100
2023-05-01,180,2022-08-12,2023-05-01,415.51,394.1704,394.8081,105.4138,105.2435,356.56,429.7,-3.3023,16.533,62122300
2023-05-02,180,2022-08-15,2023-05-02,410.84,394.0904,394.7178,104.2502,104.0845,356.56,429.7,-4.3891,15.2232,103998500
2023-05-03,180,2022-08-16,2023-05-03,408.02,393.9877,394.602,103.5616,103.4004,356.56,429.7,-5.0454,14.4324,91531800
2023-05-04,180,2022-08-17,2023-05-04,405.13,393.866,394.4655,102.8599,102.7035,356.56,427.89,-5.3191,13.6218,94901900
2023-05-05,180,2022-08-18,2023-05-05,412.63,393.7974,394.3876,104.7823,104.6255,356.56,427.89,-3.5663,15.7253,87891800
2023-05-08,180,2022-08-19,2023-05-08,412.74,393.7235,394.3034,104.8299,104.6757,356.56,422.14,-2.2268,15.7561,50046800
2023-05-09,180,2022-08-22,2023-05-09,410.93,393.6678,394.2412,104.385,104.2332,356.56,419.51,-2.0452,15.2485,49220100
2023-05-10,180,2022-08-23,2023-05-10,412.85,393.6653,394.2384,104.8734,104.7209,356.56,419.51,-1.5876,15.787,96142900
2023-05-11,180,2022-08-24,2023-05-11,412.13,393.6642,394.2372,104.6908,104.5386,356.56,419.51,-1.7592,15.585,70157100
2023-05-12,180,2022-08-25,2023-05-12,411.59,393.6537,394.2256,104.5564,104.4047,356.56,419.51,-1.8879,15.4336,70481500
2023-05-15,180,2022-08-26,2023-05-15,413.01,393.6214,394.1895,104.9257,104.7745,356.56,416.78,-0.9046,15.8318,54289400
2023-05-16,180,2022-08-29,2023-05-16,410.25,393.647,394.2169,104.2178,104.0671,356.56,416.78,-1.5668,15.0578,57705500
2023-05-17,180,2022-08-30,2023-05-17,415.23,393.7118,394.2869,105.4655,105.3116,356.56,416.78,-0.3719,16.4545,87287000
2023-05-18,180,2022-08-31,2023-05-18,419.23,393.8203,394.4037,106.4521,106.2946,356.56,419.23,0.0,17.5763,97177200
2023-05-19,180,2022-09-01,2023-05-19,418.62,393.9424,394.5339,106.2643,106.1049,356.56,419.23,-0.1455,17.4052,103793300
2023-05-22,180,2022-09-02,2023-05-22,418.79,394.0586,394.6582,106.2761,106.1146,356.56,419.23,-0.105,17.4529,60745400
2023-05-23,180,2022-09-06,2023-05-23,414.09,394.1747,394.7796,105.0524,104.8914,356.56,419.23,-1.2261,16.1347,86383500
2023-05-24,180,2022-09-07,2023-05-24,411.09,394.284,394.8926,104.2624,104.1017,356.56,419.23,-1.9417,15.2934,89213700
2023-05-25,180,2022-09-08,2023-05-25,414.65,394.3724,394.9863,105.1417,104.9783,356.56,419.23,-1.0925,16.2918,90961600
2023-05-26,180,2022-09-09,2023-05-26,420.02,394.4733,395.0954,106.4762,106.3085,356.56,420.02,0.0,17.7978,93830000
2023-05-30,180,2022-09-12,2023-05-30,420.18,394.542,395.1708,106.4982,106.3287,356.56,420.18,0.0,17.8427,72216000
2023-05-31,180,2022-09-13,2023-05-31,417.85,394.5767,395.2091,105.8983,105.7289,356.56,420.18,-0.5545,17.1893,110811800
2023-06-01,180,2022-09-14,2023-06-01,421.82,394.7265,395.3686,106.8639,106.6903,356.56,421.82,0.0,18.3027,88865000
2023-06-02,180,2022-09-15,2023-06-02,427.92,394.8974,395.5537,108.3623,108.1825,356.56,427.92,0.0,20.0135,91426200
2023-06-05,180,2022-09-16,2023-06-05,427.1,395.0898,395.7592,108.102,107.9192,356.56,427.92,-0.1916,19.7835,65460200
2023-06-06,180,2022-09-19,2023-06-06,428.03,395.3131,395.9951,108.2762,108.0897,356.56,428.03,0.0,20.0443,64022200
2023-06-07,180,2022-09-20,2023-06-07,426.55,395.5122,396.2062,107.8475,107.6586,356.56,428.03,-0.3458,19.6292,85373300
2023-06-08,180,2022-09-21,2023-06-08,429.13,395.7499,396.4564,108.4347,108.2414,356.56,429.13,0.0,20.3528,61952800
2023-06-09,180,2022-09-22,2023-06-09,429.9,396.0317,396.7482,108.5519,108.3559,356.56,429.9,0.0,20.5688,85742800
2023-06-12,180,2022-09-23,2023-06-12,433.8,396.3517,397.0792,109.4482,109.2477,356.56,433.8,0.0,21.6626,76104300
2023-06-13,180,2022-09-26,2023-06-13,436.66,396.7253,397.4609,110.0661,109.8624,356.56,436.66,0.0,22.4647,95899700
2023-06-14,180,2022-09-27,2023-06-14,437.18,397.1258,397.8657,110.086,109.8813,356.56,437.18,0.0,22.6105,100612100
2023-06-15,180,2022-09-28,2023-06-15,442.6,397.5578,398.3058,111.3297,111.1206,356.56,442.6,0.0,24.1306,110303100
2023-06-16,180,2022-09-29,2023-06-16,439.46,397.9299,398.6888,110.4365,110.2263,356.56,442.6,-0.7094,23.2499,114165800
2023-06-20,180,2022-09-30,2023-06-20,437.18,398.3429,399.1021,109.7497,109.5409,356.56,442.6,-1.2246,22.6105,76160400
2023-06-21,180,2022-10-03,2023-06-21,434.94,398.7846,399.5341,109.0664,108.8618,356.56,442.6,-1.7307,21.9823,76982300
2023-06-22,180,2022-10-04,2023-06-22,436.51,399.1709,399.9224,109.3542,109.1487,356.56,442.6,-1.376,22.4226,70637200
2023-06-23,180,2022-10-05,2023-06-23,433.21,399.4698,400.2293,108.4462,108.2405,356.56,442.6,-2.1216,21.4971,92074500
2023-06-26,180,2022-10-06,2023-06-26,431.44,399.7662,400.5312,107.9231,107.7169,356.56,442.6,-2.5215,21.0007,72823600
2023-06-27,180,2022-10-07,2023-06-27,436.17,400.1099,400.8811,109.0125,108.8028,356.56,442.6,-1.4528,22.3272,72813700
2023-06-28,180,2022-10-10,2023-06-28,436.39,400.5238,401.2899,108.9548,108.7468,356.56,442.6,-1.4031,22.3889,75636000
2023-06-29,180,2022-10-11,2023-06-29,438.11,400.9655,401.7238,109.2638,109.0575,356.56,442.6,-1.0145,22.8713,67882300
2023-06-30,180,2022-10-12,2023-06-30,443.28,401.4479,402.199,110.4203,110.2141,356.56,443.28,0.0,24.3213,104964000
2023-07-03,180,2022-10-13,2023-07-03,443.79,401.9421,402.6836,110.4114,110.2081,357.63,443.79,0.0,24.0919,32793400
2023-07-05,180,2022-10-14,2023-07-05,443.13,402.3696,403.1123,110.1301,109.9272,357.63,443.79,-0.1487,23.9074,58418400
2023-07-06,180,2022-10-17,2023-07-06,439.66,402.8394,403.568,109.1403,108.9432,365.41,443.79,-0.9306,20.3196,80658300
2023-07-07,180,2022-10-18,2023-07-07,438.55,403.2418,403.9665,108.7561,108.561,365.41,443.79,-1.1807,20.0159,86134200
2023-07-10,180,2022-10-19,2023-07-10,439.66,403.6215,404.3472,108.9288,108.7333,365.41,443.79,-0.9306,20.3196,62443500
2023-07-11,180,2022-10-20,2023-07-11,442.46,404.0325,404.7581,109.511,109.3147,365.41,443.79,-0.2997,21.0859,64463800
2023-07-12,180,2022-10-21,2023-07-12,446.02,404.4815,405.2059,110.2696,110.0724,371.01,446.02,0.0,20.2178,91924500
2023-07-13,180,2022-10-24,2023-07-13,449.56,404.8885,405.6241,111.033,110.8317,371.01,449.56,0.0,21.1719,72425200
2023-07-14,180,2022-10-25,2023-07-14,449.28,405.2656,406.0153,110.8606,110.6559,371.01,449.56,-0.0623,21.0965,69815800
2023-07-17,180,2022-10-26,2023-07-17,450.84,405.6125,406.3815,111.1504,110.9401,371.01,450.84,0.0,21.5169,52680200
2023-07-18,180,2022-10-27,2023-07-18,454.19,405.993,406.7824,111.8714,111.6543,371.01,454.19,0.0,22.4199,80668200
2023-07-19,180,2022-10-28,2023-07-19,455.2,406.3916,407.2003,112.0102,111.7877,371.01,455.2,0.0,22.6921,65891700
2023-07-20,180,2022-10-31,2023-07-20,452.18,406.7214,407.5512,111.1769,110.9505,371.01,455.2,-0.6634,21.8781,70591600
2023-07-21,180,2022-11-01,2023-07-21,452.18,407.0688,407.9177,111.082,110.8508,371.01,455.2,-0.6634,21.8781,71275600
2023-07-24,180,2022-11-02,2023-07-24,454.2,407.4364,408.3048,111.4775,111.2404,371.01,455.2,-0.2197,22.4226,54023400
2023-07-25,180,2022-11-03,2023-07-25,455.44,407.8721,408.7524,111.6624,111.422,371.01,455.44,0.0,22.7568,55191200
2023-07-26,180,2022-11-04,2023-07-26,455.51,408.3348,409.2219,111.5531,111.3113,374.13,455.51,0.0,21.7518,71052900
2023-07-27,180,2022-11-07,2023-07-27,452.49,408.7493,409.6449,110.7011,110.4591,374.13,455.51,-0.663,20.9446,92194400
2023-07-28,180,2022-11-08,2023-07-28,456.92,409.1613,410.0725,111.6723,111.4242,374.13,456.92,0.0,22.1287,80011800
2023-07-31,180,2022-11-09,2023-07-31,457.79,409.5648,410.4936,111.7748,111.5219,374.13,457.79,0.0,22.3612,62040400
2023-08-01,180,2022-11-10,2023-08-01,456.48,410.0146,410.9511,111.3326,111.0789,376.66,457.79,-0.2862,21.1915,55291500
2023-08-02,180,2022-11-11,2023-08-02,450.13,410.3063,411.2591,109.7059,109.4517,376.66,457.79,-1.6733,19.5057,93933400
2023-08-03,180,2022-11-14,2023-08-03,448.84,410.5696,411.5387,109.3213,109.0639,376.66,457.79,-1.955,19.1632,64276100
2023-08-04,180,2022-11-15,2023-08-04,446.81,410.844,411.8258,108.7542,108.4949,376.66,457.79,-2.3985,18.6242,100128900
2023-08-07,180,2022-11-16,2023-08-07,450.71,411.1168,412.1159,109.6306,109.3649,376.66,457.79,-1.5466,19.6596,58357500
2023-08-08,180,2022-11-17,2023-08-08,448.75,411.399,412.4121,109.079,108.8111,376.66,457.79,-1.9747,19.1393,71361300
2023-08-09,180,2022-11-18,2023-08-09,445.75,411.6748,412.6982,108.2772,108.0087,376.66,457.79,-2.63,18.3428,78789600
2023-08-10,180,2022-11-21,2023-08-10,445.91,411.9409,412.9753,108.2461,107.975,376.66,457.79,-2.5951,18.3853,93005500
2023-08-11,180,2022-11-22,2023-08-11,445.65,412.2149,413.259,108.1111,107.8379,376.66,457.79,-2.6519,18.3163,68690900
2023-08-14,180,2022-11-23,2023-08-14,448.11,412.469,413.5268,108.6409,108.363,376.66,457.79,-2.1145,18.9694,47867400
2023-08-15,180,2022-11-25,2023-08-15,442.89,412.6837,413.7517,107.3195,107.0425,376.66,457.79,-3.2548,17.5835,75707500
2023-08-16,180,2022-11-28,2023-08-16,439.64,412.8834,413.9589,106.4804,106.2038,376.66,457.79,-3.9647,16.7207,80107200
2023-08-17,180,2022-11-29,2023-08-17,436.29,413.1049,414.1833,105.6124,105.3374,376.66,457.79,-4.6965,15.8313,95711300
2023-08-18,180,2022-11-30,2023-08-18,436.5,413.3318,414.4126,105.6052,105.3298,376.66,457.79,-4.6506,15.887,98852000
2023-08-21,180,2022-12-01,2023-08-21,439.34,413.4997,414.5884,106.2492,105.9701,376.66,457.79,-4.0302,16.641,68719000
2023-08-22,180,2022-12-02,2023-08-22,438.15,413.6635,414.7594,105.9194,105.6396,376.66,457.79,-4.2902,16.3251,64994200
2023-08-23,180,2022-12-05,2023-08-23,443.03,413.8541,414.9601,107.0498,106.7645,376.66,457.79,-3.2242,17.6207,68441000
2023-08-24,180,2022-12-06,2023-08-24,436.89,414.0575,415.1673,105.5143,105.2323,376.66,457.79,-4.5654,15.9906,88517300
2023-08-25,180,2022-12-07,2023-08-25,439.97,414.3112,415.4236,106.1931,105.9088,376.66,457.79,-3.8926,16.8083,102325100
2023-08-28,180,2022-12-08,2023-08-28,442.76,414.5831,415.6992,106.7964,106.5097,376.66,457.79,-3.2832,17.549,61595400
2023-08-29,180,2022-12-09,2023-08-29,449.16,414.8673,415.9932,108.266,107.9729,376.66,457.79,-1.8851,19.2481,83081900
2023-08-30,180,2022-12-12,2023-08-30,451.01,415.1787,416.3139,108.6303,108.3341,376.66,457.79,-1.481,19.7393,69053900
2023-08-31,180,2022-12-13,2023-08-31,450.35,415.4529,416.5994,108.3998,108.1014,376.66,457.79,-1.6252,19.5641,66084600
2023-09-01,180,2022-12-14,2023-09-01,451.19,415.7133,416.8729,108.5339,108.232,376.66,457.79,-1.4417,19.7871,58944100
2023-09-05,180,2022-12-15,2023-09-05,449.24,415.9801,417.1498,107.9955,107.6927,376.66,457.79,-1.8677,19.2694,55166200
2023-09-06,180,2022-12-16,2023-09-06,446.22,416.2933,417.4642,107.1889,106.8882,376.66,457.79,-2.5274,18.4676,70758500
2023-09-07,180,2022-12-19,2023-09-07,444.85,416.6413,417.8063,106.7705,106.4728,376.66,457.79,-2.8266,18.1039,70355400
2023-09-08,180,2022-12-20,2023-09-08,445.52,417.0147,418.1702,106.8356,106.5404,376.66,457.79,-2.6803,18.2817,61659700
2023-09-11,180,2022-12-21,2023-09-11,448.45,417.3995,418.5474,107.439,107.1444,376.66,457.79,-2.0402,19.0596,60180100
2023-09-12,180,2022-12-22,2023-09-12,445.99,417.7356,418.8794,106.7637,106.4722,376.66,457.79,-2.5776,18.4065,67565400
2023-09-13,180,2022-12-23,2023-09-13,446.51,418.1111,419.2449,106.7922,106.5034,376.66,457.79,-2.464,18.5446,60199300
2023-09-14,180,2022-12-27,2023-09-14,450.36,418.4913,419.6197,107.6151,107.3258,376.66,457.79,-1.623,19.5667,83430800
2023-09-15,180,2022-12-28,2023-09-15,443.37,418.8482,419.9639,105.8546,105.5733,376.66,457.79,-3.1499,17.7109,111848900
2023-09-18,180,2022-12-29,2023-09-18,443.63,419.2392,420.336,105.8179,105.5418,379.38,457.79,-3.0931,16.9355,55752200
2023-09-19,180,2022-12-30,2023-09-19,442.71,419.5804,420.6653,105.5126,105.2404,379.38,457.79,-3.2941,16.693,66514600
2023-09-20,180,2023-01-03,2023-09-20,438.64,419.9084,420.9776,104.4609,104.1956,379.38,457.79,-4.1831,15.6202,82562600
2023-09-21,180,2023-01-04,2023-09-21,431.39,420.2101,421.2585,102.6605,102.4051,379.38,457.79,-5.7668,13.7092,104095800
2023-09-22,180,2023-01-05,2023-09-22,430.42,420.4874,421.5177,102.3622,102.112,379.38,457.79,-5.9787,13.4535,100829700
2023-09-25,180,2023-01-06,2023-09-25,432.23,420.8042,421.8113,102.7152,102.47,385.36,457.79,-5.5833,12.1627,70874500
2023-09-26,180,2023-01-09,2023-09-26,425.88,421.0294,422.0213,101.1521,100.9143,385.36,457.79,-6.9704,10.5148,96168400
2023-09-27,180,2023-01-10,2023-09-27,426.05,421.2571,422.2335,101.1378,100.9039,385.36,457.79,-6.9333,10.559,104705800
2023-09-28,180,2023-01-11,2023-09-28,428.52,421.4807,422.4443,101.6701,101.4382,385.36,457.79,-6.3938,11.1999,92258300
2023-09-29,180,2023-01-12,2023-09-29,427.48,421.6673,422.6218,101.3785,101.1495,385.36,457.79,-6.6209,10.93,115111300
2023-10-02,180,2023-01-13,2023-10-02,427.31,421.8441,422.7904,101.2957,101.069,385.36,457.79,-6.6581,10.8859,83798600
2023-10-03,180,2023-01-17,2023-10-03,421.59,421.98,422.9187,99.9076,99.6858,385.36,457.79,-7.9076,9.4016,103760600
2023-10-04,180,2023-01-18,2023-10-04,424.66,422.1376,423.0681,100.5975,100.3763,385.36,457.79,-7.2369,10.1983,87453000
2023-10-05,180,2023-01-19,2023-10-05,424.5,422.3343,423.2515,100.5128,100.295,385.36,457.79,-7.2719,10.1567,70142700
2023-10-06,180,2023-01-20,2023-10-06,429.54,422.5772,423.4787,101.6477,101.4313,385.36,457.79,-6.171,11.4646,113273300
2023-10-09,180,2023-01-23,2023-10-09,432.29,422.7884,423.681,102.2474,102.032,385.36,457.79,-5.5702,12.1782,80374400
2023-10-10,180,2023-01-24,2023-10-10,434.54,422.9819,423.8694,102.7325,102.5174,385.36,457.79,-5.0787,12.7621,78607300
2023-10-11,180,2023-01-25,2023-10-11,436.32,423.1876,424.0701,103.1032,102.8887,385.36,457.79,-4.6899,13.224,62451700
2023-10-12,180,2023-01-26,2023-10-12,433.66,423.3786,424.2551,102.4284,102.2168,385.36,457.79,-5.271,12.5337,81154200
2023-10-13,180,2023-01-27,2023-10-13,431.5,423.5312,424.4037,101.8815,101.6721,385.36,457.79,-5.7428,11.9732,95143100
2023-10-16,180,2023-01-30,2023-10-16,436.04,423.7023,424.5724,102.9119,102.701,385.36,457.79,-4.7511,13.1513,75433200
2023-10-17,180,2023-01-31,2023-10-17,436.02,423.9047,424.7692,102.858,102.6487,385.36,457.79,-4.7555,13.1462,75324700
2023-10-18,180,2023-02-01,2023-10-18,430.21,424.0402,424.9011,101.455,101.2495,385.36,457.79,-6.0246,11.6385,93559800
2023-10-19,180,2023-02-02,2023-10-19,426.43,424.1294,424.9879,100.5424,100.3393,385.36,457.79,-6.8503,10.6576,121323000
2023-10-20,180,2023-02-03,2023-10-20,421.19,424.1545,425.0124,99.3011,99.1006,385.36,457.79,-7.9949,9.2978,123919900
2023-10-23,180,2023-02-06,2023-10-23,420.46,424.2012,425.0574,99.1181,98.9184,385.36,457.79,-8.1544,9.1084,92035100
2023-10-24,180,2023-02-07,2023-10-24,423.63,424.2807,425.1341,99.8466,99.6462,385.36,457.79,-7.4619,9.931,78564200
2023-10-25,180,2023-02-08,2023-10-25,417.55,424.2943,425.1472,98.4105,98.213,385.36,457.79,-8.7901,8.3532,94223200
2023-10-26,180,2023-02-09,2023-10-26,412.55,424.3055,425.1578,97.2295,97.0346,385.36,457.79,-9.8823,7.0557,115156800
2023-10-27,180,2023-02-10,2023-10-27,410.68,424.327,425.1777,96.7838,96.5902,385.36,457.79,-10.2907,6.5705,107367700
2023-10-30,180,2023-02-13,2023-10-30,415.59,424.3716,425.2197,97.9307,97.7354,385.36,457.79,-9.2182,7.8446,86562700
2023-10-31,180,2023-02-14,2023-10-31,418.2,424.4027,425.2495,98.5385,98.3423,385.36,457.79,-8.6481,8.5219,79665200
2023-11-01,180,2023-02-15,2023-11-01,422.66,424.4602,425.3052,99.5759,99.3781,385.36,457.79,-7.6738,9.6793,98068100
2023-11-02,180,2023-02-16,2023-11-02,430.76,424.5544,425.3984,101.4617,101.2604,385.36,457.79,-5.9045,11.7812,94938900
2023-11-03,180,2023-02-17,2023-11-03,434.69,424.7034,425.5451,102.3514,102.149,385.36,457.79,-5.046,12.801,100167800
2023-11-06,180,2023-02-21,2023-11-06,435.69,424.8641,425.7031,102.5481,102.346,385.36,457.79,-4.8275,13.0605,67831700
2023-11-07,180,2023-02-22,2023-11-07,436.93,425.0818,425.9133,102.7873,102.5866,385.36,457.79,-4.5567,13.3823,64256100
2023-11-08,180,2023-02-23,2023-11-08,437.25,425.3049,426.1283,102.8086,102.6099,385.36,457.79,-4.4868,13.4653,61746000
2023-11-09,180,2023-02-24,2023-11-09,433.84,425.4968,426.3127,101.9608,101.7657,385.36,457.79,-5.2317,12.5804,83174400
2023-11-10,180,2023-02-27,2023-11-10,440.61,425.7517,426.5584,103.4899,103.2942,385.36,457.79,-3.7528,14.3372,89462200
2023-11-13,180,2023-02-28,2023-11-13,440.19,425.9961,426.7943,103.3319,103.1387,385.36,457.79,-3.8446,14.2283,52236100
2023-11-14,180,2023-03-01,2023-11-14,448.73,426.2938,427.0858,105.2631,105.0679,385.36,457.79,-1.9791,16.4444,97176900
2023-11-15,180,2023-03-02,2023-11-15,449.68,426.6065,427.391,105.4086,105.2151,385.36,457.79,-1.7716,16.6909,77327600
2023-11-16,180,2023-03-03,2023-11-16,450.23,426.9026,427.6822,105.4643,105.2721,385.36,457.79,-1.6514,16.8336,66665800
2023-11-17,180,2023-03-06,2023-11-17,450.79,427.1617,427.9411,105.5315,105.3393,385.36,457.79,-1.5291,16.9789,83133200
2023-11-20,180,2023-03-07,2023-11-20,454.26,427.4366,428.2177,106.2754,106.0816,385.36,457.79,-0.7711,17.8794,69936200
2023-11-21,180,2023-03-08,2023-11-21,453.27,427.746,428.5233,105.9671,105.7749,385.36,457.79,-0.9874,17.6225,49244600
2023-11-22,180,2023-03-09,2023-11-22,455.02,428.0604,428.8349,106.2981,106.1061,385.36,457.79,-0.6051,18.0766,59394900
2023-11-24,180,2023-03-10,2023-11-24,455.3,428.4247,429.1891,106.273,106.0838,385.36,457.79,-0.5439,18.1493,29737400
2023-11-27,180,2023-03-13,2023-11-27,454.48,428.8237,429.57,105.9829,105.7988,385.36,457.79,-0.723,17.9365,50506000
2023-11-28,180,2023-03-14,2023-11-28,454.93,429.2295,429.9565,105.9876,105.8084,389.28,457.79,-0.6247,16.8645,62115000
2023-11-29,180,2023-03-15,2023-11-29,454.61,429.5912,430.3058,105.8238,105.6481,389.28,457.79,-0.6946,16.7823,63146000
2023-11-30,180,2023-03-16,2023-11-30,456.4,429.9789,430.6787,106.1447,105.9723,389.99,457.79,-0.3036,17.0286,79752700
2023-12-01,180,2023-03-17,2023-12-01,459.1,430.335,431.0287,106.6843,106.5126,389.99,459.1,0.0,17.721,89183400
2023-12-04,180,2023-03-20,2023-12-04,456.69,430.7206,431.3992,106.0293,105.8625,392.11,459.1,-0.5249,16.4699,72430900
2023-12-05,180,2023-03-21,2023-12-05,456.6,431.0813,431.7484,105.9197,105.756,392.11,459.1,-0.5445,16.4469,69793500
2023-12-06,180,2023-03-22,2023-12-06,454.76,431.3994,432.0587,105.4151,105.2542,392.11,459.1,-0.9453,15.9777,69124700
2023-12-07,180,2023-03-23,2023-12-07,458.23,431.7802,432.4261,106.1258,105.9673,393.17,459.1,-0.1895,16.5475,66995400
2023-12-08,180,2023-03-24,2023-12-08,460.2,432.1642,432.7984,106.4873,106.3313,395.6,460.2,0.0,16.3296,83194400
2023-12-11,180,2023-03-27,2023-12-11,461.99,432.5405,433.1664,106.8085,106.6541,395.6,461.99,0.0,16.7821,65002200
2023-12-12,180,2023-03-28,2023-12-12,464.1,432.9227,433.5421,107.2016,107.0484,395.6,464.1,0.0,17.3155,68327600
2023-12-13,180,2023-03-29,2023-12-13,470.5,433.3421,433.9582,108.5747,108.4206,401.35,470.5,0.0,17.2293,93278000
2023-12-14,180,2023-03-30,2023-12-14,472.01,433.7316,434.3507,108.8254,108.6702,403.7,472.01,0.0,16.921,119026000
2023-12-15,180,2023-03-31,2023-12-15,469.33,434.0939,434.7153,108.1172,107.9626,404.36,472.01,-0.5678,16.0674,141553700
2023-12-18,180,2023-04-03,2023-12-18,471.97,434.4332,435.063,108.6404,108.4831,404.36,472.01,-0.0085,16.7203,70375300
2023-12-19,180,2023-04-04,2023-12-19,474.84,434.7768,435.4179,109.2147,109.0538,404.36,474.84,0.0,17.43,55761800
2023-12-20,180,2023-04-05,2023-12-20,468.26,435.1041,435.749,107.6202,107.4609,404.36,474.84,-1.3857,15.8028,102921000
2023-12-21,180,2023-04-06,2023-12-21,472.7,435.4597,436.1107,108.5519,108.3899,404.36,474.84,-0.4507,16.9008,86667500
2023-12-22,180,2023-04-10,2023-12-22,473.65,435.8104,436.4688,108.6826,108.5186,404.36,474.84,-0.2506,17.1357,67160400
2023-12-26,180,2023-04-11,2023-12-26,475.65,436.1683,436.8357,109.0519,108.8853,404.36,475.65,0.0,17.6303,55387000
2023-12-27,180,2023-04-12,2023-12-27,476.51,436.5302,437.2067,109.1585,108.9896,404.36,476.51,0.0,17.843,68000300
2023-12-28,180,2023-04-13,2023-12-28,476.69,436.9041,437.5881,109.1063,108.9358,404.36,476.69,0.0,17.8875,77158100
2023-12-29,180,2023-04-14,2023-12-29,475.31,437.2381,437.9316,108.7074,108.5352,404.36,476.69,-0.2895,17.5462,122283100
2024-01-02,180,2023-04-17,2024-01-02,472.65,437.5662,438.266,108.0179,107.8455,404.36,476.69,-0.8475,16.8884,123623700
2024-01-03,180,2023-04-18,2024-01-03,468.79,437.8671,438.5707,107.0622,106.8904,404.36,476.69,-1.6573,15.9338,103585900
2024-01-04,180,2023-04-19,2024-01-04,467.28,438.1593,438.8656,106.6461,106.4745,404.36,476.69,-1.974,15.5604,84232200
2024-01-05,180,2023-04-20,2024-01-05,467.92,438.4555,439.1643,106.7201,106.5478,404.36,476.69,-1.8398,15.7187,86118900
2024-01-08,180,2023-04-21,2024-01-08,474.6,438.7985,439.5128,108.159,107.9832,404.36,476.69,-0.4384,17.3707,74879100
2024-01-09,180,2023-04-24,2024-01-09,473.88,439.1365,439.8554,107.9118,107.7354,404.36,476.69,-0.5895,17.1926,65931400
2024-01-10,180,2023-04-25,2024-01-10,476.56,439.4851,440.2106,108.436,108.2573,404.36,476.69,-0.0273,17.8554,67310600
2024-01-11,180,2023-04-26,2024-01-11,476.35,439.8752,440.601,108.2921,108.1137,404.36,476.69,-0.0713,17.8034,77940700
2024-01-12,180,2023-04-27,2024-01-12,476.68,440.2789,441.0028,108.2677,108.09,405.13,476.69,-0.0021,17.661,58026400
2024-01-16,180,2023-04-28,2024-01-16,474.93,440.623,441.3501,107.786,107.6084,405.13,476.69,-0.3692,17.229,85014900
2024-01-17,180,2023-05-01,2024-01-17,472.29,440.9326,441.6632,107.1116,106.9344,405.13,476.69,-0.923,16.5774,68843900
2024-01-18,180,2023-05-02,2024-01-18,476.49,441.2656,442.002,107.9826,107.8027,405.13,476.69,-0.042,17.6141,91856200
2024-01-19,180,2023-05-03,2024-01-19,482.43,441.6566,442.3997,109.2319,109.0484,405.13,482.43,0.0,19.0803,110834500
2024-01-22,180,2023-05-04,2024-01-22,483.45,442.0714,442.8188,109.3602,109.1756,405.13,483.45,0.0,19.3321,75844900
2024-01-23,180,2023-05-05,2024-01-23,484.86,442.5125,443.2617,109.5698,109.3846,410.25,484.86,0.0,18.1865,49945300
2024-01-24,180,2023-05-08,2024-01-24,485.39,442.9081,443.6659,109.5916,109.4044,410.25,485.39,0.0,18.3157,81765000
2024-01-25,180,2023-05-09,2024-01-25,488.03,443.3158,444.0842,110.0863,109.8958,410.25,488.03,0.0,18.9592,72525000
2024-01-26,180,2023-05-10,2024-01-26,487.41,443.7331,444.5091,109.8431,109.6513,410.25,488.03,-0.127,18.808,76641600
2024-01-29,180,2023-05-11,2024-01-29,491.27,444.1565,444.9448,110.6074,110.4115,410.25,491.27,0.0,19.7489,61322800
2024-01-30,180,2023-05-12,2024-01-30,490.89,444.5835,445.3823,110.4157,110.2177,410.25,491.27,-0.0773,19.6563,58618400
2024-01-31,180,2023-05-15,2024-01-31,482.88,444.9778,445.7784,108.5178,108.3229,410.25,491.27,-1.7078,17.7038,126011100
2024-02-01,180,2023-05-16,2024-02-01,489.2,445.393,446.2017,109.8356,109.6365,410.25,491.27,-0.4214,19.2444,91891600
2024-02-02,180,2023-05-17,2024-02-02,494.35,445.8504,446.6689,110.878,110.6748,410.68,494.35,0.0,20.3735,99228200
2024-02-05,180,2023-05-18,2024-02-05,492.55,446.2683,447.0984,110.3708,110.1659,410.68,494.35,-0.3641,19.9352,75757100
2024-02-06,180,2023-05-19,2024-02-06,493.98,446.6681,447.5137,110.5922,110.3832,410.68,494.35,-0.0748,20.2834,55918600
2024-02-07,180,2023-05-22,2024-02-07,498.1,447.091,447.9553,111.4091,111.1941,410.68,498.1,0.0,21.2867,70556500
2024-02-08,180,2023-05-23,2024-02-08,498.32,447.5146,448.3971,111.3528,111.1336,410.68,498.32,0.0,21.3402,52343600
2024-02-09,180,2023-05-24,2024-02-09,501.2,447.982,448.8811,111.8795,111.6554,410.68,501.2,0.0,22.0415,63979400
2024-02-12,180,2023-05-25,2024-02-12,500.98,448.4692,449.3804,111.7089,111.4824,410.68,501.2,-0.0439,21.9879,56502300
2024-02-13,180,2023-05-26,2024-02-13,494.08,448.9028,449.8217,110.0639,109.8391,410.68,501.2,-1.4206,20.3078,113099200
2024-02-14,180,2023-05-30,2024-02-14,498.57,449.3232,450.2581,110.9602,110.7298,410.68,501.2,-0.5247,21.4011,68387800
2024-02-15,180,2023-05-31,2024-02-15,502.01,449.7587,450.7127,111.6176,111.3814,410.68,502.01,0.0,22.2387,61683000
2024-02-16,180,2023-06-01,2024-02-16,499.51,450.1988,451.1664,110.9532,110.7153,410.68,502.01,-0.498,21.63,75532900
2024-02-20,180,2023-06-02,2024-02-20,496.76,450.6019,451.5827,110.2437,110.0042,410.68,502.01,-1.0458,20.9604,71736700
2024-02-21,180,2023-06-05,2024-02-21,497.21,450.9695,451.9677,110.2536,110.0101,410.68,502.01,-0.9562,21.0699,59293400
2024-02-22,180,2023-06-06,2024-02-22,507.5,451.389,452.4143,112.4307,112.1759,410.68,507.5,0.0,23.5755,76402500
2024-02-23,180,2023-06-07,2024-02-23,507.85,451.805,452.8578,112.4047,112.1434,410.68,507.85,0.0,23.6608,61321800
2024-02-26,180,2023-06-08,2024-02-26,505.99,452.2228,453.2991,111.8895,111.6239,410.68,507.85,-0.3663,23.2079,50386700
2024-02-27,180,2023-06-09,2024-02-27,506.93,452.6295,453.7313,111.9967,111.7247,410.68,507.85,-0.1812,23.4367,48854500
2024-02-28,180,2023-06-12,2024-02-28,506.26,453.0292,454.1556,111.75,111.4728,410.68,507.85,-0.3131,23.2736,56506600
2024-02-29,180,2023-06-13,2024-02-29,508.08,453.4138,454.5682,112.0566,111.772,410.68,508.08,0.0,23.7168,83924800
2024-03-01,180,2023-06-14,2024-03-01,512.85,453.8027,454.9915,113.0117,112.7164,410.68,512.85,0.0,24.8782,76844800
2024-03-04,180,2023-06-15,2024-03-04,512.3,454.1868,455.4088,112.795,112.4923,410.68,512.85,-0.1072,24.7443,49799300
2024-03-05,180,2023-06-16,2024-03-05,507.18,454.5167,455.7676,111.5867,111.2804,410.68,512.85,-1.1056,23.4976,72855600
2024-03-06,180,2023-06-20,2024-03-06,509.75,454.8771,456.1581,112.0632,111.7485,410.68,512.85,-0.6045,24.1234,68382400
2024-03-07,180,2023-06-21,2024-03-07,514.81,455.2739,456.5894,113.077,112.7512,410.68,514.81,0.0,25.3555,58652100
2024-03-08,180,2023-06-22,2024-03-08,511.72,455.6715,457.0159,112.3002,111.9698,410.68,514.81,-0.6002,24.6031,86532500
2024-03-11,180,2023-06-23,2024-03-11,511.28,456.0583,457.4313,112.1085,111.772,410.68,514.81,-0.6857,24.496,62557200
2024-03-12,180,2023-06-26,2024-03-12,516.78,456.4901,457.8956,113.2073,112.8598,410.68,516.78,0.0,25.8352,73114400
2024-03-13,180,2023-06-27,2024-03-13,515.97,456.9301,458.3652,112.921,112.5674,410.68,516.78,-0.1568,25.638,55104100
2024-03-14,180,2023-06-28,2024-03-14,514.95,457.3373,458.8029,112.5974,112.2377,410.68,516.78,-0.3541,25.3896,110171800
2024-03-15,180,2023-06-29,2024-03-15,509.83,457.7212,459.2109,111.3844,111.0231,410.68,516.78,-1.3449,24.1429,107646300
2024-03-18,180,2023-06-30,2024-03-18,512.86,458.1087,459.6262,111.9516,111.582,410.68,516.78,-0.7586,24.8807,88893300
2024-03-19,180,2023-07-03,2024-03-19,515.71,458.4784,460.0286,112.4829,112.1039,410.68,516.78,-0.2071,25.5747,60755300
2024-03-20,180,2023-07-05,2024-03-20,520.48,458.8665,460.4546,113.4273,113.0361,410.68,520.48,0.0,26.7361,69594600
2024-03-21,180,2023-07-06,2024-03-21,522.2,459.2665,460.8939,113.703,113.3016,410.68,522.2,0.0,27.155,60256100
2024-03-22,180,2023-07-07,2024-03-22,521.21,459.6839,461.3469,113.3844,112.9757,410.68,522.2,-0.1896,26.9139,79070800
2024-03-25,180,2023-07-10,2024-03-25,519.77,460.1026,461.7982,112.9683,112.5535,410.68,522.2,-0.4653,26.5633,48512100
2024-03-26,180,2023-07-11,2024-03-26,518.81,460.5111,462.2379,112.6596,112.2387,410.68,522.2,-0.6492,26.3295,65463700
2024-03-27,180,2023-07-12,2024-03-27,523.17,460.9222,462.6863,113.505,113.0723,410.68,523.17,0.0,27.3912,82999800
2024-03-28,180,2023-07-13,2024-03-28,523.07,461.3123,463.1143,113.3874,112.9462,410.68,523.17,-0.0191,27.3668,96294900
2024-04-01,180,2023-07-14,2024-04-01,522.16,461.6783,463.5177,113.1004,112.6516,410.68,523.17,-0.1931,27.1452,62477500
2024-04-02,180,2023-07-17,2024-04-02,518.84,462.0319,463.9041,112.2953,111.8421,410.68,523.17,-0.8276,26.3368,74230300
2024-04-03,180,2023-07-18,2024-04-03,519.41,462.3794,464.2851,112.3341,111.8731,410.68,523.17,-0.7187,26.4756,59155800
2024-04-04,180,2023-07-19,2024-04-04,513.07,462.6798,464.6122,110.891,110.4297,410.68,523.17,-1.9305,24.9318,96858100
2024-04-05,180,2023-07-20,2024-04-05,518.43,462.9986,464.9634,111.9723,111.4991,410.68,523.17,-0.906,26.237,74546500
2024-04-08,180,2023-07-21,2024-04-08,518.72,463.3367,465.3331,111.9531,111.4728,410.68,523.17,-0.8506,26.3076,48401800
2024-04-09,180,2023-07-24,2024-04-09,519.32,463.678,465.7061,112.0001,111.5124,410.68,523.17,-0.7359,26.4537,68049200
2024-04-10,180,2023-07-25,2024-04-10,514.12,463.9847,466.039,110.8054,110.3169,410.68,523.17,-1.7298,25.1875,82652800
2024-04-11,180,2023-07-26,2024-04-11,518.0,464.302,466.3866,111.5653,111.0667,410.68,523.17,-0.9882,26.1323,70099000
2024-04-12,180,2023-07-27,2024-04-12,510.85,464.587,466.694,109.9579,109.4614,410.68,523.17,-2.3549,24.3913,92561100
2024-04-15,180,2023-07-28,2024-04-15,504.45,464.8602,466.9827,108.5165,108.0233,410.68,523.17,-3.5782,22.8329,92101400
2024-04-16,180,2023-07-31,2024-04-16,503.53,465.1035,467.2416,108.2619,107.7665,410.68,523.17,-3.754,22.6088,73484000
2024-04-17,180,2023-08-01,2024-04-17,500.55,465.3279,467.4792,107.5693,107.0743,410.68,523.17,-4.3236,21.8832,75910300
2024-04-18,180,2023-08-02,2024-04-18,499.52,465.555,467.7183,107.2956,106.7993,410.68,523.17,-4.5205,21.6324,74548100
2024-04-19,180,2023-08-03,2024-04-19,495.16,465.7984,467.9684,106.3035,105.8106,410.68,523.17,-5.3539,20.5708,102212600
2024-04-22,180,2023-08-04,2024-04-22,499.72,466.072,468.2511,107.2195,106.7205,410.68,523.17,-4.4823,21.6811,67961000
2024-04-23,180,2023-08-07,2024-04-23,505.65,466.3865,468.578,108.4187,107.9116,410.68,523.17,-3.3488,23.1251,64633600
2024-04-24,180,2023-08-08,2024-04-24,505.41,466.6769,468.8819,108.2998,107.7905,410.68,523.17,-3.3947,23.0666,55928100
2024-04-25,180,2023-08-09,2024-04-25,503.49,466.9702,469.186,107.8206,107.3114,410.68,523.17,-3.7617,22.5991,69122400
2024-04-26,180,2023-08-10,2024-04-26,508.26,467.3047,469.5333,108.7642,108.2479,410.68,523.17,-2.8499,23.7606,64306100
2024-04-29,180,2023-08-11,2024-04-29,510.06,467.6471,469.8897,109.0694,108.5489,410.68,523.17,-2.5059,24.1989,46415400
2024-04-30,180,2023-08-14,2024-04-30,501.98,467.9533,470.2026,107.2714,106.7582,410.68,523.17,-4.0503,22.2314,77483600
2024-05-01,180,2023-08-15,2024-05-01,500.35,468.2369,470.4928,106.8583,106.3459,410.68,523.17,-4.3619,21.8345,80242800
2024-05-02,180,2023-08-16,2024-05-02,505.03,468.5755,470.8381,107.7798,107.2619,410.68,523.17,-3.4673,22.9741,62550200
2024-05-03,180,2023-08-17,2024-05-03,511.29,468.9647,471.2361,109.0253,108.4998,410.68,523.17,-2.2708,24.4984,72756700
2024-05-06,180,2023-08-18,2024-05-06,516.57,469.4003,471.6821,110.0489,109.5166,410.68,523.17,-1.2615,25.7841,47264700
2024-05-07,180,2023-08-21,2024-05-07,517.14,469.838,472.1301,110.0677,109.5334,410.68,523.17,-1.1526,25.9229,52561300
2024-05-08,180,2023-08-22,2024-05-08,517.19,470.2585,472.5626,109.9799,109.4437,410.68,523.17,-1.143,25.935,42047200
2024-05-09,180,2023-08-23,2024-05-09,520.17,470.7011,473.0183,110.5096,109.9683,410.68,523.17,-0.5734,26.6607,43643700
2024-05-10,180,2023-08-24,2024-05-10,520.84,471.1165,473.4506,110.5544,110.0094,410.68,523.17,-0.4454,26.8238,52233200
2024-05-13,180,2023-08-25,2024-05-13,520.91,471.5722,473.9173,110.4624,109.9158,410.68,523.17,-0.432,26.8408,36716400
2024-05-14,180,2023-08-28,2024-05-14,523.3,472.0198,474.3803,110.864,110.3123,410.68,523.3,0.0,27.4228,57535900
2024-05-15,180,2023-08-29,2024-05-15,529.78,472.4794,474.8637,112.1276,111.5646,410.68,529.78,0.0,29.0007,59504900
2024-05-16,180,2023-08-30,2024-05-16,528.69,472.8951,475.3056,111.7986,111.2316,410.68,529.78,-0.2058,28.7353,50244800
2024-05-17,180,2023-08-31,2024-05-17,529.45,473.3036,475.7413,111.8627,111.2895,410.68,529.78,-0.0623,28.9203,59187600
2024-05-20,180,2023-09-01,2024-05-20,530.06,473.7195,476.1842,111.8932,111.3141,410.68,530.06,0.0,29.0689,37764200
2024-05-21,180,2023-09-05,2024-05-21,531.36,474.1368,476.6296,112.0689,111.4828,410.68,531.36,0.0,29.3854,33437000
2024-05-22,180,2023-09-06,2024-05-22,529.83,474.5601,477.0773,111.6466,111.0575,410.68,531.36,-0.2879,29.0129,48390000
2024-05-23,180,2023-09-07,2024-05-23,525.96,474.9855,477.5203,110.7318,110.144,410.68,531.36,-1.0163,28.0705,57211200
2024-05-24,180,2023-09-08,2024-05-24,529.44,475.4361,477.9902,111.3588,110.7638,410.68,531.36,-0.3613,28.9179,41291100
2024-05-28,180,2023-09-11,2024-05-28,529.81,475.885,478.4585,111.3315,110.7327,410.68,531.36,-0.2917,29.008,36269600
2024-05-29,180,2023-09-12,2024-05-29,526.1,476.2994,478.8899,110.4557,109.8582,410.68,531.36,-0.9899,28.1046,45190300
2024-05-30,180,2023-09-13,2024-05-30,522.61,476.7141,479.3156,109.6275,109.0326,410.68,531.36,-1.6467,27.2548,46377600
2024-05-31,180,2023-09-14,2024-05-31,527.37,477.148,479.7648,110.5254,109.9226,410.68,531.36,-0.7509,28.4139,90785800
2024-06-03,180,2023-09-15,2024-06-03,527.8,477.5605,480.195,110.52,109.9137,410.68,531.36,-0.67,28.5186,46835700
2024-06-04,180,2023-09-18,2024-06-04,528.39,478.0207,480.6673,110.5371,109.9284,410.68,531.36,-0.5589,28.6622,34632700
2024-06-05,180,2023-09-19,2024-06-05,534.67,478.5085,481.1731,111.7368,111.118,410.68,534.67,0.0,30.1914,47610400
2024-06-06,180,2023-09-20,2024-06-06,534.66,479.0031,481.6839,111.6193,110.9981,410.68,534.67,-0.0019,30.189,30808500
2024-06-07,180,2023-09-21,2024-06-07,534.01,479.5227,482.2138,111.3628,110.7413,410.68,534.67,-0.1234,30.0307,43224500
2024-06-10,180,2023-09-22,2024-06-10,535.66,480.0998,482.7931,111.5726,110.9502,410.68,535.66,0.0,30.4324,35686100
2024-06-11,180,2023-09-25,2024-06-11,536.95,480.6908,483.3849,111.7038,111.0813,410.68,536.95,0.0,30.7466,36383400
2024-06-12,180,2023-09-26,2024-06-12,541.36,481.2902,483.9912,112.481,111.8533,410.68,541.36,0.0,31.8204,63251300
2024-06-13,180,2023-09-27,2024-06-13,542.45,481.9405,484.6388,112.5554,111.9287,410.68,542.45,0.0,32.0858,44760900
2024-06-14,180,2023-09-28,2024-06-14,542.78,482.5927,485.2873,112.4717,111.8472,410.68,542.78,0.0,32.1662,40089900
2024-06-17,180,2023-09-29,2024-06-17,547.1,483.248,485.9461,113.2131,112.5845,410.68,547.1,0.0,33.2181,55839500
2024-06-18,180,2023-10-02,2024-06-18,548.49,483.9185,486.6183,113.3435,112.7146,410.68,548.49,0.0,33.5565,41376400
2024-06-20,180,2023-10-03,2024-06-20,547.0,484.5856,487.2833,112.8799,112.255,410.68,548.49,-0.2717,33.1937,70328200
2024-06-21,180,2023-10-04,2024-06-21,544.51,485.2852,487.9662,112.2041,111.5877,410.68,548.49,-0.7256,32.5874,64338600
2024-06-24,180,2023-10-05,2024-06-24,542.74,485.9564,488.6222,111.6849,111.0756,410.68,548.49,-1.0483,32.1564,45528700
2024-06-25,180,2023-10-06,2024-06-25,544.83,486.6399,489.2907,111.9575,111.351,410.68,548.49,-0.6673,32.6653,37936200
2024-06-26,180,2023-10-09,2024-06-26,545.51,487.292,489.9349,111.9473,111.3434,410.68,548.49,-0.5433,32.8309,38550600
2024-06-27,180,2023-10-10,2024-06-27,546.37,487.93,490.5687,111.9771,111.3748,410.68,548.49,-0.3865,33.0403,35041500
2024-06-28,180,2023-10-11,2024-06-28,544.22,488.5442,491.1781,111.3963,110.7989,410.68,548.49,-0.7785,32.5168,76144500
2024-07-01,180,2023-10-12,2024-07-01,545.34,489.1525,491.7837,111.4867,110.8902,410.68,548.49,-0.5743,32.7895,40297800
2024-07-02,180,2023-10-13,2024-07-02,549.01,489.7973,492.4246,112.0892,111.4912,410.68,549.01,0.0,33.6832,40434800
2024-07-03,180,2023-10-16,2024-07-03,551.46,490.4702,493.091,112.435,111.8374,410.68,551.46,0.0,34.2797,32789900
2024-07-05,180,2023-10-17,2024-07-05,554.64,491.1264,493.7499,112.9322,112.3322,410.68,554.64,0.0,35.0541,41488400
2024-07-08,180,2023-10-18,2024-07-08,555.28,491.7874,494.4124,112.9106,112.3111,410.68,555.28,0.0,35.2099,36110500
2024-07-09,180,2023-10-19,2024-07-09,555.82,492.4942,495.1103,112.8582,112.2619,410.68,555.82,0.0,35.3414,27289700
2024-07-10,180,2023-10-20,2024-07-10,561.32,493.2547,495.8597,113.7992,113.2014,410.68,561.32,0.0,36.6806,38701200
2024-07-11,180,2023-10-23,2024-07-11,556.48,494.0362,496.6113,112.6395,112.0554,410.68,561.32,-0.8623,35.5021,53054200
2024-07-12,180,2023-10-24,2024-07-12,559.99,494.841,497.3864,113.1656,112.5865,410.68,561.32,-0.2369,36.3568,53084400
2024-07-15,180,2023-10-25,2024-07-15,561.53,495.6309,498.1526,113.296,112.7225,410.68,561.53,0.0,36.7318,40584300
2024-07-16,180,2023-10-26,2024-07-16,564.86,496.4847,498.9709,113.7719,113.205,410.68,564.86,0.0,37.5426,36475300
2024-07-17,180,2023-10-27,2024-07-17,556.94,497.3468,499.7731,111.9822,111.4386,410.68,564.86,-1.4021,35.6141,57119000
2024-07-18,180,2023-10-30,2024-07-18,552.66,498.2079,500.5619,110.9296,110.4079,415.59,564.86,-2.1598,32.982,56270400
2024-07-19,180,2023-10-31,2024-07-19,548.99,499.0155,501.303,110.0146,109.5126,418.2,564.86,-2.8095,31.2745,65509100
2024-07-22,180,2023-11-01,2024-07-22,554.65,499.8307,502.0611,110.9676,110.4746,422.66,564.86,-1.8075,31.2284,43346700
2024-07-23,180,2023-11-02,2024-07-23,553.78,500.6094,502.7895,110.6212,110.1415,430.76,564.86,-1.9615,28.5588,34439600
2024-07-24,180,2023-11-03,2024-07-24,541.23,501.27,503.4032,107.9718,107.5142,433.84,564.86,-4.1833,24.7534,74515300
2024-07-25,180,2023-11-06,2024-07-25,538.41,501.8894,503.9794,107.2766,106.8317,433.84,564.86,-4.6826,24.1034,61158300
2024-07-26,180,2023-11-07,2024-07-26,544.44,502.5318,504.5836,108.3394,107.8989,433.84,564.86,-3.6151,25.4933,53763800
2024-07-29,180,2023-11-08,2024-07-29,544.76,503.1682,505.1827,108.266,107.8343,433.84,564.86,-3.5584,25.567,39515800
2024-07-30,180,2023-11-09,2024-07-30,542.0,503.7906,505.7646,107.5844,107.1645,433.84,564.86,-4.047,24.9309,46853600
2024-07-31,180,2023-11-10,2024-07-31,550.81,504.4818,506.4144,109.1833,108.7666,440.19,564.86,-2.4873,25.1301,65663400
2024-08-01,180,2023-11-13,2024-08-01,543.01,505.0876,506.9833,107.5081,107.1061,440.19,564.86,-3.8682,23.3581,76428700
2024-08-02,180,2023-11-14,2024-08-02,532.9,505.6484,507.4984,105.3894,105.0053,448.73,564.86,-5.658,18.7574,82789100
2024-08-05,180,2023-11-15,2024-08-05,517.38,506.0688,507.8798,102.2351,101.8706,449.68,564.86,-8.4056,15.0552,146267400
2024-08-06,180,2023-11-16,2024-08-06,522.15,506.5083,508.2824,103.0881,102.7283,450.23,564.86,-7.5612,15.9741,84826300
2024-08-07,180,2023-11-17,2024-08-07,518.66,506.9263,508.6626,102.3147,101.9654,450.79,564.86,-8.179,15.0558,70698300
2024-08-08,180,2023-11-20,2024-08-08,530.65,507.4034,509.1062,104.5815,104.2317,453.27,564.86,-6.0564,17.0715,63276600
2024-08-09,180,2023-11-21,2024-08-09,532.99,507.8689,509.5436,104.9464,104.6014,453.27,564.86,-5.6421,17.5878,45619600
2024-08-12,180,2023-11-22,2024-08-12,533.27,508.3436,509.9881,104.9035,104.5652,454.48,564.86,-5.5925,17.3363,42542100
2024-08-13,180,2023-11-24,2024-08-13,542.04,508.8506,510.4715,106.5224,106.1842,454.48,564.86,-4.0399,19.266,52333100
2024-08-14,180,2023-11-27,2024-08-14,543.75,509.3651,510.9629,106.7505,106.4167,454.48,564.86,-3.7372,19.6422,42446900
2024-08-15,180,2023-11-28,2024-08-15,553.07,509.9311,511.5106,108.4598,108.1248,454.61,564.86,-2.0872,21.6581,60846800
2024-08-16,180,2023-11-29,2024-08-16,554.31,510.501,512.0627,108.5816,108.2504,454.61,564.86,-1.8677,21.9309,44430700
2024-08-19,180,2023-11-30,2024-08-19,559.61,511.0993,512.6461,109.4914,109.1611,454.76,564.86,-0.9294,23.0561,39121800
2024-08-20,180,2023-12-01,2024-08-20,558.7,511.6822,513.2144,109.1889,108.8629,454.76,564.86,-1.0905,22.856,33732300
2024-08-21,180,2023-12-04,2024-08-21,560.62,512.2565,513.7784,109.4413,109.1171,454.76,564.86,-0.7506,23.2782,41514600
2024-08-22,180,2023-12-05,2024-08-22,556.22,512.8284,514.3313,108.4612,108.1443,454.76,564.86,-1.5296,22.3107,56121500
2024-08-23,180,2023-12-06,2024-08-23,562.13,513.4298,514.9176,109.4853,109.1689,454.76,564.86,-0.4833,23.6103,50639400
2024-08-26,180,2023-12-07,2024-08-26,560.79,514.0394,515.5067,109.0947,108.7842,458.23,564.86,-0.7205,22.3818,35788600
2024-08-27,180,2023-12-08,2024-08-27,561.56,514.6296,516.0807,109.1193,108.8124,460.2,564.86,-0.5842,22.0252,32693900
2024-08-28,180,2023-12-11,2024-08-28,558.3,515.192,516.6257,108.3674,108.0666,461.99,564.86,-1.1613,20.8468,41066000
2024-08-29,180,2023-12-12,2024-08-29,558.35,515.7434,517.1611,108.2612,107.9644,464.1,564.86,-1.1525,20.3081,38715200
2024-08-30,180,2023-12-13,2024-08-30,563.68,516.3065,517.7143,109.1755,108.8786,467.28,564.86,-0.2089,20.63,62700100
2024-09-03,180,2023-12-14,2024-09-03,552.08,516.7721,518.1675,106.8324,106.5447,467.28,564.86,-2.2625,18.1476,60600100
2024-09-04,180,2023-12-15,2024-09-04,550.95,517.2228,518.6061,106.5208,106.2367,467.28,564.86,-2.4626,17.9058,47224900
2024-09-05,180,2023-12-18,2024-09-05,549.61,517.6858,519.0521,106.1667,105.8873,467.28,564.86,-2.6998,17.619,44264300
2024-09-06,180,2023-12-19,2024-09-06,540.36,518.0853,519.432,104.2994,104.029,467.28,564.86,-4.3374,15.6394,68493800
2024-09-09,180,2023-12-20,2024-09-09,546.41,518.497,519.8296,105.3834,105.1133,467.28,564.86,-3.2663,16.9342,40445800
2024-09-10,180,2023-12-21,2024-09-10,548.79,518.9655,520.277,105.7469,105.4803,467.28,564.86,-2.845,17.4435,36394600
2024-09-11,180,2023-12-22,2024-09-11,554.42,519.4324,520.731,106.7357,106.4696,467.28,564.86,-1.8482,18.6483,75248600
2024-09-12,180,2023-12-26,2024-09-12,559.09,519.9165,521.2057,107.5346,107.2686,467.28,564.86,-1.0215,19.6478,51819600
2024-09-13,180,2023-12-27,2024-09-13,562.01,520.4021,521.6854,107.9953,107.7297,467.28,564.86,-0.5045,20.2726,39310500
2024-09-16,180,2023-12-28,2024-09-16,562.84,520.8869,522.1651,108.0542,107.7897,467.28,564.86,-0.3576,20.4503,36656100
2024-09-17,180,2023-12-29,2024-09-17,563.07,521.3724,522.6449,107.9977,107.7347,467.28,564.86,-0.3169,20.4995,49321000
2024-09-18,180,2024-01-02,2024-09-18,561.4,521.8601,523.1232,107.5767,107.317,467.28,564.86,-0.6125,20.1421,59044900
2024-09-19,180,2024-01-03,2024-09-19,570.98,522.4119,523.6695,109.2969,109.0344,467.28,570.98,0.0,22.1923,75315500
2024-09-20,180,2024-01-04,2024-09-20,568.25,522.9787,524.2221,108.6564,108.3987,467.28,570.98,-0.4781,21.608,77503100
2024-09-23,180,2024-01-05,2024-09-23,569.67,523.5638,524.7909,108.8062,108.5518,467.92,570.98,-0.2294,21.7452,44116900
2024-09-24,180,2024-01-08,2024-09-24,571.3,524.1534,525.3652,108.9948,108.7434,472.29,571.3,0.0,20.9638,46805700
2024-09-25,180,2024-01-09,2024-09-25,570.04,524.6924,525.8954,108.6427,108.3942,472.29,571.3,-0.2206,20.697,38428600
2024-09-26,180,2024-01-10,2024-09-26,572.3,525.248,526.4422,108.9581,108.7109,472.29,572.3,0.0,21.1755,48336000
2024-09-27,180,2024-01-11,2024-09-27,571.47,525.7827,526.9695,108.6894,108.4446,472.29,572.3,-0.145,20.9998,42100900
2024-09-30,180,2024-01-12,2024-09-30,573.76,526.3306,527.5107,109.0113,108.7675,472.29,573.76,0.0,21.4847,63557400
2024-10-01,180,2024-01-16,2024-10-01,568.62,526.8532,528.0214,107.9276,107.6888,472.29,573.76,-0.8958,20.3964,72668800
2024-10-02,180,2024-01-17,2024-10-02,568.86,527.3899,528.5433,107.8633,107.6279,472.29,573.76,-0.854,20.4472,38097800
2024-10-03,180,2024-01-18,2024-10-03,567.82,527.9409,529.074,107.5537,107.3234,476.49,573.76,-1.0353,19.1672,40846500
2024-10-04,180,2024-01-19,2024-10-04,572.98,528.4887,529.6101,108.4186,108.189,482.43,573.76,-0.136,18.7696,42939100
2024-10-07,180,2024-01-22,2024-10-07,567.8,528.9727,530.0843,107.3401,107.115,482.88,573.76,-1.0388,17.5861,49964700
2024-10-08,180,2024-01-23,2024-10-08,573.17,529.4765,530.5828,108.2522,108.0265,482.88,573.76,-0.1028,18.6982,37398700
2024-10-09,180,2024-01-24,2024-10-09,577.14,529.9906,531.0954,108.8963,108.6697,482.88,577.14,0.0,19.5204,37912200
2024-10-10,180,2024-01-25,2024-10-10,576.13,530.4975,531.5996,108.6018,108.3767,482.88,577.14,-0.175,19.3112,44138100
2024-10-11,180,2024-01-26,2024-10-11,579.58,531.004,532.1082,109.148,108.9215,482.88,579.58,0.0,20.0257,42268000
2024-10-14,180,2024-01-29,2024-10-14,584.32,531.5376,532.6466,109.9301,109.7013,482.88,584.32,0.0,21.0073,36217200
2024-10-15,180,2024-01-30,2024-10-15,579.78,532.0258,533.1383,108.9759,108.7485,482.88,584.32,-0.777,20.0671,54203600
2024-10-16,180,2024-01-31,2024-10-16,582.3,532.5291,533.6461,109.3461,109.1173,482.88,584.32,-0.3457,20.589,30725400
2024-10-17,180,2024-02-01,2024-10-17,582.35,533.087,534.1987,109.2411,109.0137,489.2,584.32,-0.3371,19.0413,34393700
2024-10-18,180,2024-02-02,2024-10-18,584.59,533.6141,534.7287,109.553,109.3246,492.55,584.59,0.0,18.6864,37416800
2024-10-21,180,2024-02-05,2024-10-21,583.63,534.1041,535.2247,109.2727,109.0439,492.55,584.59,-0.1642,18.4915,36439000
2024-10-22,180,2024-02-06,2024-10-22,583.32,534.6052,535.7289,109.1123,108.8834,493.98,584.59,-0.2172,18.0858,34183800
2024-10-23,180,2024-02-07,2024-10-23,577.99,535.0728,536.1957,108.0208,107.7946,494.08,584.59,-1.129,16.9831,49314600
2024-10-24,180,2024-02-08,2024-10-24,579.24,535.5205,536.6464,108.1639,107.937,494.08,584.59,-0.9152,17.2361,34979900
2024-10-25,180,2024-02-09,2024-10-25,579.04,535.9666,537.0949,108.0366,107.8096,494.08,584.59,-0.9494,17.1956,47268200
2024-10-28,180,2024-02-12,2024-10-28,580.83,536.4035,537.5373,108.2823,108.0539,494.08,584.59,-0.6432,17.5579,30174700
2024-10-29,180,2024-02-13,2024-10-29,581.77,536.847,537.9861,108.3679,108.1385,494.08,584.59,-0.4824,17.7481,42899700
2024-10-30,180,2024-02-14,2024-10-30,580.01,537.3275,538.4635,107.9435,107.7158,495.16,584.59,-0.7835,17.1359,41435800
2024-10-31,180,2024-02-15,2024-10-31,568.64,537.7242,538.8528,105.7494,105.5279,495.16,584.59,-2.7284,14.8396,60182500
2024-11-01,180,2024-02-16,2024-11-01,571.04,538.1113,539.2363,106.1193,105.8979,495.16,584.59,-2.3179,15.3243,45667500
2024-11-04,180,2024-02-20,2024-11-04,569.81,538.5089,539.6268,105.8125,105.5933,495.16,584.59,-2.5283,15.0759,38217000
2024-11-05,180,2024-02-21,2024-11-05,576.7,538.9589,540.0709,107.0026,106.7823,495.16,584.59,-1.3497,16.4674,39478300
2024-11-06,180,2024-02-22,2024-11-06,591.04,539.4746,540.5922,109.5584,109.3319,495.16,591.04,0.0,19.3634,68182000
2024-11-07,180,2024-02-23,2024-11-07,595.61,539.9463,541.0817,110.3091,110.0776,495.16,595.61,0.0,20.2864,47233200
2024-11-08,180,2024-02-26,2024-11-08,598.19,540.4284,541.5836,110.6881,110.452,495.16,598.19,0.0,20.8074,46444900
2024-11-11,180,2024-02-27,2024-11-11,598.76,540.9257,542.099,110.6917,110.4522,495.16,598.76,0.0,20.9225,37586800
2024-11-12,180,2024-02-28,2024-11-12,596.9,541.4095,542.5988,110.2493,110.0076,495.16,598.76,-0.3106,20.5469,43006100
2024-11-13,180,2024-02-29,2024-11-13,597.19,541.8997,543.104,110.203,109.9587,495.16,598.76,-0.2622,20.6055,47388600
2024-11-14,180,2024-03-01,2024-11-14,593.35,542.3615,543.5777,109.4012,109.1564,495.16,598.76,-0.9035,19.8299,38904100
2024-11-15,180,2024-03-04,2024-11-15,585.75,542.7584,543.9827,107.9209,107.6781,495.16,598.76,-2.1728,18.2951,75988800
2024-11-18,180,2024-03-05,2024-11-18,588.15,543.1707,544.4041,108.2809,108.0356,495.16,598.76,-1.772,18.7798,37001700
2024-11-19,180,2024-03-06,2024-11-19,590.3,543.6262,544.8659,108.5856,108.3386,495.16,598.76,-1.4129,19.214,49412000
2024-11-20,180,2024-03-07,2024-11-20,590.5,544.067,545.3145,108.5344,108.2861,495.16,598.76,-1.3795,19.2544,50032600
2024-11-21,180,2024-03-08,2024-11-21,593.67,544.4916,545.7526,109.032,108.7801,495.16,598.76,-0.8501,19.8946,46750300
2024-11-22,180,2024-03-11,2024-11-22,595.51,544.9449,546.2181,109.2789,109.0242,495.16,598.76,-0.5428,20.2662,38226400
2024-11-25,180,2024-03-12,2024-11-25,597.53,545.411,546.6973,109.5559,109.2982,495.16,598.76,-0.2054,20.6741,42441400
2024-11-26,180,2024-03-13,2024-11-26,600.65,545.8579,547.1632,110.0378,109.7753,495.16,600.65,0.0,21.3042,45621300
2024-11-27,180,2024-03-14,2024-11-27,598.83,546.3022,547.6236,109.6152,109.3507,495.16,600.65,-0.303,20.9367,34000200
2024-11-29,180,2024-03-15,2024-11-29,602.55,546.7707,548.1102,110.2016,109.9323,495.16,602.55,0.0,21.6879,30177400
2024-12-02,180,2024-03-18,2024-12-02,603.63,547.2774,548.6313,110.2969,110.0247,495.16,603.63,0.0,21.9061,31746000
2024-12-03,180,2024-03-19,2024-12-03,603.91,547.767,549.1372,110.2494,109.9743,495.16,603.91,0.0,21.9626,26906600
2024-12-04,180,2024-03-20,2024-12-04,607.66,548.2566,549.648,110.835,110.5544,495.16,607.66,0.0,22.7199,42787600
2024-12-05,180,2024-03-21,2024-12-05,606.66,548.7127,550.1268,110.5606,110.2764,495.16,607.66,-0.1646,22.518,28762200
2024-12-06,180,2024-03-22,2024-12-06,607.81,549.1643,550.6024,110.6791,110.39,495.16,607.81,0.0,22.7502,31241500
2024-12-09,180,2024-03-25,2024-12-09,604.68,549.6083,551.0661,110.0202,109.7291,495.16,607.81,-0.515,22.1181,34742700
2024-12-10,180,2024-03-26,2024-12-10,602.8,550.0534,551.5274,109.5894,109.2965,495.16,607.81,-0.8243,21.7384,37234500
2024-12-11,180,2024-03-27,2024-12-11,607.46,550.5266,552.0199,110.3416,110.0431,495.16,607.81,-0.0576,22.6795,28677700
2024-12-12,180,2024-03-28,2024-12-12,604.33,550.9592,552.4708,109.6869,109.3868,495.16,607.81,-0.5725,22.0474,31543800
2024-12-13,180,2024-04-01,2024-12-13,604.21,551.3925,552.9216,109.5789,109.2759,495.16,607.81,-0.5923,22.0232,35904700
2024-12-16,180,2024-04-02,2024-12-16,606.79,551.844,553.3917,109.9568,109.6493,495.16,607.81,-0.1678,22.5442,43695200
2024-12-17,180,2024-04-03,2024-12-17,604.29,552.3055,553.8664,109.4123,109.1039,495.16,607.81,-0.5791,22.0393,55773500
2024-12-18,180,2024-04-04,2024-12-18,586.28,552.6779,554.2379,106.0799,105.7813,495.16,607.81,-3.5422,18.4021,108248700
2024-12-19,180,2024-04-05,2024-12-19,586.1,553.0903,554.6437,105.9682,105.6714,495.16,607.81,-3.5718,18.3658,85919500
2024-12-20,180,2024-04-08,2024-12-20,591.15,553.4939,555.0477,106.8033,106.5044,495.16,607.81,-2.741,19.3857,125716700
2024-12-23,180,2024-04-09,2024-12-23,594.69,553.9134,555.4697,107.3616,107.0607,495.16,607.81,-2.1586,20.1006,57635800
2024-12-24,180,2024-04-10,2024-12-24,601.3,554.3612,555.9252,108.4672,108.162,495.16,607.81,-1.0711,21.4355,33160100
2024-12-26,180,2024-04-11,2024-12-26,601.34,554.8433,556.4097,108.3802,108.075,495.16,607.81,-1.0645,21.4436,41219100
2024-12-27,180,2024-04-12,2024-12-27,595.01,555.271,556.8376,107.1567,106.8552,495.16,607.81,-2.1059,20.1652,64969300
2024-12-30,180,2024-04-15,2024-12-30,588.22,555.7124,557.2674,105.8497,105.5544,495.16,607.81,-3.2231,18.7939,56578800
2024-12-31,180,2024-04-16,2024-12-31,586.08,556.1865,557.7209,105.3747,105.0848,495.16,607.81,-3.5751,18.3617,57052700
2025-01-02,180,2024-04-17,2025-01-02,584.64,556.6604,558.1715,105.0263,104.742,495.16,607.81,-3.812,18.0709,50204000
2025-01-03,180,2024-04-18,2025-01-03,591.95,557.1919,558.6793,106.2381,105.9552,495.16,607.81,-2.6094,19.5472,37888500
2025-01-06,180,2024-04-19,2025-01-06,595.36,557.7483,559.2117,106.7435,106.4641,495.16,607.81,-2.0483,20.2359,47679400
2025-01-07,180,2024-04-22,2025-01-07,588.63,558.3031,559.731,105.432,105.163,499.72,607.81,-3.1556,17.792,60393100
2025-01-08,180,2024-04-23,2025-01-08,589.49,558.8313,560.2297,105.4862,105.2229,500.35,607.81,-3.0141,17.8155,47304700
2025-01-10,180,2024-04-24,2025-01-10,580.49,559.274,560.6455,103.7935,103.5396,500.35,607.81,-4.4948,16.0168,73105000
2025-01-13,180,2024-04-25,2025-01-13,581.39,559.7237,561.0676,103.8709,103.6221,500.35,607.81,-4.3468,16.1967,47910100
2025-01-14,180,2024-04-26,2025-01-14,582.19,560.1914,561.5048,103.927,103.6839,500.35,607.81,-4.2151,16.3565,48420600
2025-01-15,180,2024-04-29,2025-01-15,592.78,560.6809,561.9744,105.725,105.4817,500.35,607.81,-2.4728,18.4731,56900200
2025-01-16,180,2024-04-30,2025-01-16,591.64,561.1534,562.4276,105.4328,105.194,500.35,607.81,-2.6604,18.2452,43319700
2025-01-17,180,2024-05-01,2025-01-17,597.58,561.7115,562.9587,106.3856,106.1499,500.35,607.81,-1.6831,19.4324,58070600
2025-01-21,180,2024-05-02,2025-01-21,603.05,562.3088,563.5293,107.2453,107.0131,505.03,607.81,-0.7831,19.4087,42532900
2025-01-22,180,2024-05-03,2025-01-22,606.44,562.891,564.0927,107.7367,107.5072,511.29,607.81,-0.2254,18.6098,48196000
2025-01-23,180,2024-05-06,2025-01-23,609.75,563.4475,564.6397,108.2177,107.9892,516.57,609.75,0.0,18.0382,41152100
2025-01-24,180,2024-05-07,2025-01-24,607.97,563.9613,565.1474,107.8035,107.5772,517.14,609.75,-0.2919,17.5639,34604700
2025-01-27,180,2024-05-08,2025-01-27,599.37,564.4304,565.6043,106.1902,105.9698,517.19,609.75,-1.7023,15.8897,70361100
2025-01-28,180,2024-05-09,2025-01-28,604.52,564.9252,566.0894,107.0089,106.7888,517.38,609.75,-0.8577,16.8426,44433300
2025-01-29,180,2024-05-10,2025-01-29,601.81,565.388,566.543,106.442,106.2249,517.38,609.75,-1.3022,16.3188,37177400
2025-01-30,180,2024-05-13,2025-01-30,605.04,565.8629,567.0108,106.9234,106.707,517.38,609.75,-0.7725,16.9431,39281300
2025-01-31,180,2024-05-14,2025-01-31,601.82,566.3224,567.4603,106.2681,106.055,517.38,609.75,-1.3005,16.3207,66566900
2025-02-03,180,2024-05-15,2025-02-03,597.77,566.7469,567.874,105.4739,105.2646,517.38,609.75,-1.9647,15.5379,65857200
2025-02-04,180,2024-05-16,2025-02-04,601.78,567.1502,568.274,106.1059,105.8961,517.38,609.75,-1.3071,16.313,33457800
2025-02-05,180,2024-05-17,2025-02-05,604.22,567.573,568.6936,106.4568,106.247,517.38,609.75,-0.9069,16.7846,30653100
2025-02-06,180,2024-05-20,2025-02-06,606.32,568.0019,569.1207,106.7461,106.5363,517.38,609.75,-0.5625,17.1905,35771500
2025-02-07,180,2024-05-21,2025-02-07,600.77,568.4001,569.5135,105.6949,105.4883,517.38,609.75,-1.4727,16.1177,50788500
2025-02-10,180,2024-05-22,2025-02-10,604.85,568.8109,569.9218,106.3359,106.1286,517.38,609.75,-0.8036,16.9063,26048700
2025-02-11,180,2024-05-23,2025-02-11,605.31,569.2342,570.3411,106.3376,106.1312,517.38,609.75,-0.7282,16.9952,30056700
2025-02-12,180,2024-05-24,2025-02-12,603.36,569.6736,570.7711,105.9133,105.7096,517.38,609.75,-1.048,16.6183,45076100
2025-02-13,180,2024-05-28,2025-02-13,609.73,570.1224,571.2172,106.9472,106.7422,517.38,609.75,-0.0033,17.8495,40921300
2025-02-14,180,2024-05-29,2025-02-14,609.7,570.5693,571.661,106.8582,106.6541,517.38,609.75,-0.0082,17.8438,26910400
2025-02-18,180,2024-05-30,2025-02-18,611.49,571.0498,572.1354,107.0817,106.8785,517.38,611.49,0.0,18.1897,26749000
2025-02-19,180,2024-05-31,2025-02-19,612.93,571.5611,572.6372,107.2379,107.0364,517.38,612.93,0.0,18.468,31011100
2025-02-20,180,2024-06-03,2025-02-20,610.38,572.0295,573.0983,106.7043,106.5053,517.38,612.93,-0.416,17.9752,36554000
2025-02-21,180,2024-06-04,2025-02-21,599.94,572.4439,573.4991,104.8033,104.6105,517.38,612.93,-2.1193,15.9573,76519800
2025-02-24,180,2024-06-05,2025-02-24,597.21,572.8412,573.8814,104.254,104.0651,517.38,612.93,-2.5647,15.4297,50737200
2025-02-25,180,2024-06-06,2025-02-25,594.24,573.1833,574.2124,103.6736,103.4878,517.38,612.93,-3.0493,14.8556,58266500
2025-02-26,180,2024-06-07,2025-02-26,594.54,573.5273,574.5451,103.6638,103.4801,517.38,612.93,-3.0003,14.9136,43321600
2025-02-27,180,2024-06-10,2025-02-27,585.05,573.826,574.8286,101.956,101.7782,517.38,612.93,-4.5486,13.0794,74196700
2025-02-28,180,2024-06-11,2025-02-28,594.18,574.1625,575.1537,103.4864,103.308,517.38,612.93,-3.0591,14.844,88744100
2025-03-03,180,2024-06-12,2025-03-03,583.77,574.4362,575.4138,101.6249,101.4522,517.38,612.93,-4.7575,12.832,74249200
2025-03-04,180,2024-06-13,2025-03-04,576.86,574.6447,575.6111,100.3855,100.217,517.38,612.93,-5.8848,11.4964,109648200
2025-03-05,180,2024-06-14,2025-03-05,583.06,574.8803,575.8367,101.4228,101.2544,517.38,612.93,-4.8733,12.6947,71230500
2025-03-06,180,2024-06-17,2025-03-06,572.71,575.0572,576.0029,99.5918,99.4283,517.38,612.93,-6.5619,10.6943,80094900
2025-03-07,180,2024-06-18,2025-03-07,575.92,575.2253,576.1631,100.1208,99.9578,517.38,612.93,-6.0382,11.3147,81158800
2025-03-10,180,2024-06-20,2025-03-10,560.58,575.2975,576.2302,97.4418,97.284,517.38,612.93,-8.5409,8.3498,99326600
2025-03-11,180,2024-06-21,2025-03-11,555.92,575.3515,576.2798,96.6227,96.467,517.38,612.93,-9.3012,7.4491,88102100
2025-03-12,180,2024-06-24,2025-03-12,558.87,575.4383,576.3596,97.1208,96.9655,517.38,612.93,-8.8199,8.0192,69588200
2025-03-13,180,2024-06-25,2025-03-13,551.42,575.4916,576.4078,95.8172,95.6649,517.38,612.93,-10.0354,6.5793,74079400
2025-03-14,180,2024-06-26,2025-03-14,562.81,575.5995,576.5077,97.778,97.624,517.38,612.93,-8.1771,8.7808,62660300
2025-03-17,180,2024-06-27,2025-03-17,567.15,575.7283,576.6279,98.51,98.3563,517.38,612.93,-7.469,9.6196,49008700
2025-03-18,180,2024-06-28,2025-03-18,561.02,575.8163,576.7093,97.4304,97.2795,517.38,612.93,-8.4692,8.4348,66041400
2025-03-19,180,2024-07-01,2025-03-19,567.13,575.9531,576.8366,98.4681,98.3173,517.38,612.93,-7.4723,9.6158,66556000
2025-03-20,180,2024-07-02,2025-03-20,565.49,576.0735,576.9485,98.1628,98.0139,517.38,612.93,-7.7399,9.2988,62958200
2025-03-21,180,2024-07-03,2025-03-21,563.98,576.1627,577.0317,97.8855,97.7381,517.38,612.93,-7.9862,9.0069,83763000
2025-03-24,180,2024-07-05,2025-03-24,574.08,576.2945,577.1573,99.6157,99.4668,517.38,612.93,-6.3384,10.9591,58766800
2025-03-25,180,2024-07-08,2025-03-25,575.46,576.4149,577.273,99.8343,99.6859,517.38,612.93,-6.1133,11.2258,38355700
2025-03-26,180,2024-07-09,2025-03-26,568.59,576.4927,577.3469,98.6292,98.4832,517.38,612.93,-7.2341,9.898,51848300
2025-03-27,180,2024-07-10,2025-03-27,567.08,576.5587,577.4095,98.356,98.2111,517.38,612.93,-7.4805,9.6061,42164200
2025-03-28,180,2024-07-11,2025-03-28,555.66,576.5252,577.3781,96.3809,96.2385,517.38,612.93,-9.3436,7.3988,71662700
2025-03-31,180,2024-07-12,2025-03-31,559.39,576.5424,577.3942,97.025,96.8818,517.38,612.93,-8.7351,8.1198,95328200
2025-04-01,180,2024-07-15,2025-04-01,560.97,576.5482,577.3997,97.298,97.1545,517.38,612.93,-8.4773,8.4251,54609600
2025-04-02,180,2024-07-16,2025-04-02,564.52,576.5656,577.4163,97.9108,97.7666,517.38,612.93,-7.8981,9.1113,76014500
2025-04-03,180,2024-07-17,2025-04-03,536.7,576.3941,577.2598,93.1134,92.9737,517.38,612.93,-12.437,3.7342,125986000
2025-04-04,180,2024-07-18,2025-04-04,505.28,576.0555,576.9728,87.7138,87.5743,505.28,612.93,-17.5632,0.0,217965100
2025-04-07,180,2024-07-19,2025-04-07,504.38,575.7364,576.7046,87.6061,87.459,504.38,612.93,-17.71,0.0,256611400
2025-04-08,180,2024-07-22,2025-04-08,496.48,575.3818,576.4129,86.2871,86.1327,496.48,612.93,-18.9989,0.0,165816600
2025-04-09,180,2024-07-23,2025-04-09,548.62,575.3454,576.3794,95.3549,95.1838,496.48,612.93,-10.4922,10.5019,241867300
2025-04-10,180,2024-07-24,2025-04-10,524.58,575.1606,576.2172,91.2058,91.0386,496.48,612.93,-14.4144,5.6598,162331200
2025-04-11,180,2024-07-25,2025-04-11,533.94,575.1142,576.1767,92.8407,92.6695,496.48,612.93,-12.8873,7.5451,97866300
2025-04-14,180,2024-07-26,2025-04-14,539.12,575.1187,576.1806,93.7406,93.5679,496.48,612.93,-12.0422,8.5885,68034000
2025-04-15,180,2024-07-29,2025-04-15,537.61,575.0758,576.1427,93.4851,93.312,496.48,612.93,-12.2885,8.2843,56892900
2025-04-16,180,2024-07-30,2025-04-16,525.66,574.9533,576.0366,91.4266,91.2546,496.48,612.93,-14.2382,5.8774,83484800
2025-04-17,180,2024-07-31,2025-04-17,526.41,574.853,575.9499,91.573,91.3986,496.48,612.93,-14.1158,6.0284,79868100
2025-04-21,180,2024-08-01,2025-04-21,513.88,574.6135,575.7448,89.4305,89.2548,496.48,612.93,-16.1601,3.5047,69368100
2025-04-22,180,2024-08-02,2025-04-22,527.25,574.5126,575.6572,91.7734,91.591,496.48,612.93,-13.9788,6.1976,75948100
2025-04-23,180,2024-08-05,2025-04-23,535.42,574.5288,575.6712,93.1929,93.0079,496.48,612.93,-12.6458,7.8432,90590700
2025-04-24,180,2024-08-06,2025-04-24,546.69,574.7189,575.8341,95.123,94.9388,496.48,612.93,-10.8071,10.1132,64150400
2025-04-25,180,2024-08-07,2025-04-25,550.64,574.9008,575.9923,95.78,95.5985,496.48,612.93,-10.1627,10.9088,61119600
2025-04-28,180,2024-08-08,2025-04-28,550.85,575.1077,576.1712,95.7821,95.6053,496.48,612.93,-10.1284,10.9511,47613800
2025-04-29,180,2024-08-09,2025-04-29,554.32,575.2556,576.3027,96.3606,96.1856,496.48,612.93,-9.5623,11.65,47775100
2025-04-30,180,2024-08-12,2025-04-30,554.54,575.3897,576.4224,96.3764,96.2038,496.48,612.93,-9.5264,11.6943,93101500
2025-05-01,180,2024-08-13,2025-05-01,558.47,575.5454,576.5624,97.0332,96.862,496.48,612.93,-8.8852,12.4859,63186100
2025-05-02,180,2024-08-14,2025-05-02,566.76,575.6935,576.6997,98.4482,98.2764,496.48,612.93,-7.5327,14.1557,60717300
2025-05-05,180,2024-08-15,2025-05-05,563.51,575.8122,576.8095,97.8635,97.6943,496.48,612.93,-8.0629,13.501,38659200
2025-05-06,180,2024-08-16,2025-05-06,558.8,575.8464,576.8413,97.0398,96.8724,496.48,612.93,-8.8314,12.5524,48264700
2025-05-07,180,2024-08-19,2025-05-07,561.15,575.8869,576.8793,97.441,97.2734,496.48,612.93,-8.4479,13.0257,55588000
2025-05-08,180,2024-08-20,2025-05-08,565.06,575.9187,576.9096,98.1145,97.946,496.48,612.93,-7.81,13.8132,65130800
2025-05-09,180,2024-08-21,2025-05-09,564.34,575.9516,576.9409,97.9839,97.8159,496.48,612.93,-7.9275,13.6682,37603400
2025-05-12,180,2024-08-22,2025-05-12,582.99,576.0778,577.0652,101.1999,101.0267,496.48,612.93,-4.8847,17.4247,78993600
2025-05-13,180,2024-08-23,2025-05-13,586.84,576.2508,577.2353,101.8376,101.6639,496.48,612.93,-4.2566,18.2001,67947200
2025-05-14,180,2024-08-26,2025-05-14,587.59,576.393,577.3768,101.9426,101.7689,496.48,612.93,-4.1342,18.3512,66283500
2025-05-15,180,2024-08-27,2025-05-15,590.46,576.5585,577.5416,102.4111,102.2368,496.48,612.93,-3.666,18.9293,71268100
2025-05-16,180,2024-08-28,2025-05-16,594.2,576.7392,577.7229,103.0275,102.8521,496.48,612.93,-3.0558,19.6826,76052100
2025-05-19,180,2024-08-29,2025-05-19,594.85,576.9426,577.926,103.1038,102.9284,496.48,612.93,-2.9498,19.8135,68168500
2025-05-20,180,2024-08-30,2025-05-20,592.85,577.1354,578.1177,102.7229,102.5483,496.48,612.93,-3.2761,19.4106,60614500
2025-05-21,180,2024-09-03,2025-05-21,582.86,577.2435,578.2242,100.973,100.8017,496.48,612.93,-4.9059,17.3985,95197700
2025-05-22,180,2024-09-04,2025-05-22,583.09,577.4218,578.3965,100.9816,100.8115,496.48,612.93,-4.8684,17.4448,70860400
2025-05-23,180,2024-09-05,2025-05-23,579.11,577.5854,578.5529,100.264,100.0963,496.48,612.93,-5.5178,16.6432,76029000
2025-05-27,180,2024-09-06,2025-05-27,591.15,577.8224,578.7837,102.3065,102.1366,496.48,612.93,-3.5534,19.0682,72588500
2025-05-28,180,2024-09-09,2025-05-28,587.73,578.0992,579.0469,101.6659,101.4995,496.48,612.93,-4.1114,18.3794,68445500
2025-05-29,180,2024-09-10,2025-05-29,590.05,578.3507,579.2893,102.0229,101.8576,496.48,612.93,-3.7329,18.8467,69973300
2025-05-30,180,2024-09-11,2025-05-30,589.39,578.584,579.5149,101.8677,101.704,496.48,612.93,-3.8406,18.7137,90601200
2025-06-02,180,2024-09-12,2025-06-02,592.71,578.8008,579.7276,102.4031,102.2394,496.48,612.93,-3.2989,19.3825,61630500
2025-06-03,180,2024-09-13,2025-06-03,596.09,579.0075,579.9332,102.9503,102.786,496.48,612.93,-2.7475,20.0632,63606200
2025-06-04,180,2024-09-16,2025-06-04,595.93,579.1962,580.1216,102.8891,102.725,496.48,612.93,-2.7736,20.031,57314200
2025-06-05,180,2024-09-17,2025-06-05,593.05,579.3649,580.2894,102.3621,102.199,496.48,612.93,-3.2434,19.4509,92278700
2025-06-06,180,2024-09-18,2025-06-06,599.14,579.5644,580.4898,103.3777,103.2128,496.48,612.93,-2.2498,20.6776,66588700
2025-06-09,180,2024-09-19,2025-06-09,599.68,579.7766,580.7025,103.4329,103.268,496.48,612.93,-2.1617,20.7863,53016400
2025-06-10,180,2024-09-20,2025-06-10,603.08,579.9508,580.8808,103.9881,103.8216,496.48,612.93,-1.607,21.4712,66247000
2025-06-11,180,2024-09-23,2025-06-11,601.36,580.1319,581.0648,103.6592,103.4928,496.48,612.93,-1.8877,21.1247,73658200
2025-06-12,180,2024-09-24,2025-06-12,603.75,580.3172,581.2541,104.0379,103.8702,496.48,612.93,-1.4977,21.6061,64129000
2025-06-13,180,2024-09-25,2025-06-13,597.0,580.4582,581.3969,102.8498,102.6837,496.48,612.93,-2.599,20.2465,89506000
2025-06-16,180,2024-09-26,2025-06-16,602.68,580.6361,581.5782,103.7965,103.6284,496.48,612.93,-1.6723,21.3906,79984100
2025-06-17,180,2024-09-27,2025-06-17,597.53,580.7743,581.7184,102.8851,102.7181,496.48,612.93,-2.5125,20.3533,82209400
2025-06-18,180,2024-09-30,2025-06-18,597.44,580.9169,581.8627,102.8443,102.6771,496.48,612.93,-2.5272,20.3352,76605000
2025-06-20,180,2024-10-01,2025-06-20,594.28,581.0297,581.9767,102.2805,102.1141,496.48,612.93,-3.0428,19.6987,94051400
2025-06-23,180,2024-10-02,2025-06-23,600.15,581.2031,582.1518,103.26,103.0917,496.48,612.93,-2.0851,20.881,87426000
2025-06-24,180,2024-10-03,2025-06-24,606.78,581.4093,582.3625,104.3637,104.1928,496.48,612.93,-1.0034,22.2164,67735300
2025-06-25,180,2024-10-04,2025-06-25,607.12,581.6235,582.5808,104.3837,104.2121,496.48,612.93,-0.9479,22.2849,62114800
2025-06-26,180,2024-10-07,2025-06-26,611.87,581.832,582.7969,105.1627,104.9885,496.48,612.93,-0.1729,23.2416,78548400
2025-06-27,180,2024-10-08,2025-06-27,614.91,582.0859,583.0586,105.639,105.4628,496.48,614.91,0.0,23.8539,86258400
2025-06-30,180,2024-10-09,2025-06-30,617.85,582.3235,583.3068,106.1008,105.922,496.48,617.85,0.0,24.4461,92502500
2025-07-01,180,2024-10-10,2025-07-01,617.65,582.5377,583.5319,106.0275,105.8468,496.48,617.85,-0.0324,24.4058,70030100
2025-07-02,180,2024-10-11,2025-07-02,620.45,582.7715,583.7781,106.4654,106.2818,496.48,620.45,0.0,24.9698,66510400
2025-07-03,180,2024-10-14,2025-07-03,625.34,583.0098,584.0323,107.2606,107.0728,496.48,625.34,0.0,25.9547,51065800
2025-07-07,180,2024-10-15,2025-07-07,620.68,583.1992,584.2343,106.4268,106.2382,496.48,625.34,-0.7452,25.0161,74814500
2025-07-08,180,2024-10-16,2025-07-08,620.34,583.4124,584.4597,106.3296,106.1391,496.48,625.34,-0.7996,24.9476,59024600
2025-07-09,180,2024-10-17,2025-07-09,624.06,583.6298,584.6917,106.9274,106.7332,496.48,625.34,-0.2047,25.6969,66113300
2025-07-10,180,2024-10-18,2025-07-10,625.82,583.8556,584.9332,107.1875,106.99,496.48,625.82,0.0,26.0514,57529000
2025-07-11,180,2024-10-21,2025-07-11,623.62,584.0584,585.15,106.7736,106.5744,496.48,625.82,-0.3515,25.6083,63670200
2025-07-14,180,2024-10-22,2025-07-14,624.81,584.2725,585.3788,106.9381,106.736,496.48,625.82,-0.1614,25.848,51898500
2025-07-15,180,2024-10-23,2025-07-15,622.14,584.4754,585.5944,106.4442,106.2408,496.48,625.82,-0.588,25.3102,74317300
2025-07-16,180,2024-10-24,2025-07-16,624.22,584.7187,585.8513,106.7556,106.5492,496.48,625.82,-0.2557,25.7291,88987500
2025-07-17,180,2024-10-25,2025-07-17,628.04,584.9736,586.1224,107.3621,107.1517,496.48,628.04,0.0,26.4985,68885700
2025-07-18,180,2024-10-28,2025-07-18,627.58,585.2276,586.3921,107.2369,107.024,496.48,628.04,-0.0732,26.4059,65621600
2025-07-21,180,2024-10-29,2025-07-21,628.77,585.4775,586.6584,107.3944,107.1782,496.48,628.77,0.0,26.6456,63375000
2025-07-22,180,2024-10-30,2025-07-22,628.86,585.7227,586.92,107.3648,107.1458,496.48,628.86,0.0,26.6637,60046300
2025-07-23,180,2024-10-31,2025-07-23,634.21,586.0037,587.2211,108.2263,108.0019,496.48,634.21,0.0,27.7413,70511000
2025-07-24,180,2024-11-01,2025-07-24,634.42,586.3518,587.5866,108.1978,107.9705,496.48,634.42,0.0,27.7836,71307100
2025-07-25,180,2024-11-04,2025-07-25,637.1,586.6988,587.9536,108.5906,108.3589,496.48,637.1,0.0,28.3234,56865400
2025-07-28,180,2024-11-05,2025-07-28,636.94,587.0527,588.3265,108.4979,108.263,496.48,637.1,-0.0251,28.2912,54917100
2025-07-29,180,2024-11-06,2025-07-29,635.26,587.3589,588.6518,108.1553,107.9178,496.48,637.1,-0.2888,27.9528,60556300
2025-07-30,180,2024-11-07,2025-07-30,634.46,587.5809,588.8931,107.9783,107.7377,496.48,637.1,-0.4144,27.7917,80418900
2025-07-31,180,2024-11-08,2025-07-31,632.08,587.7668,589.0957,107.5393,107.2967,496.48,637.1,-0.7879,27.3123,103385200
2025-08-01,180,2024-11-11,2025-08-01,621.72,587.8882,589.2264,105.7548,105.5146,496.48,637.1,-2.4141,25.2256,140103600
2025-08-04,180,2024-11-12,2025-08-04,631.17,588.053,589.4064,107.3322,107.0857,496.48,637.1,-0.9308,27.129,73218000
2025-08-05,180,2024-11-13,2025-08-05,627.97,588.2122,589.5791,106.7591,106.5116,496.48,637.1,-1.4331,26.4844,68051400
2025-08-06,180,2024-11-14,2025-08-06,632.78,588.3933,589.7768,107.5437,107.2914,496.48,637.1,-0.6781,27.4533,64357500
2025-08-07,180,2024-11-15,2025-08-07,632.25,588.5928,589.9929,107.4172,107.1623,496.48,637.1,-0.7613,27.3465,74205800
2025-08-08,180,2024-11-18,2025-08-08,637.18,588.8582,590.2786,108.206,107.9456,496.48,637.18,0.0,28.3395,64051600
2025-08-11,180,2024-11-19,2025-08-11,635.92,589.1043,590.544,107.9469,107.6838,496.48,637.18,-0.1977,28.0857,58742300
2025-08-12,180,2024-11-20,2025-08-12,642.69,589.3707,590.8351,109.0468,108.7766,496.48,642.69,0.0,29.4493,64730800
2025-08-13,180,2024-11-21,2025-08-13,644.89,589.6464,591.1372,109.3689,109.0931,496.48,644.89,0.0,29.8924,60092800
2025-08-14,180,2024-11-22,2025-08-14,644.95,589.9053,591.4221,109.3311,109.0507,496.48,644.95,0.0,29.9045,59327500
2025-08-15,180,2024-11-25,2025-08-15,643.44,590.1472,591.6884,109.0304,108.7464,496.48,644.95,-0.2341,29.6004,68592500
2025-08-18,180,2024-11-26,2025-08-18,643.3,590.3777,591.9427,108.9641,108.6761,496.48,644.95,-0.2558,29.5722,43804900
2025-08-19,180,2024-11-27,2025-08-19,639.81,590.575,592.1602,108.3368,108.0468,496.48,644.95,-0.797,28.8692,69750700
2025-08-20,180,2024-11-29,2025-08-20,638.11,590.7743,592.3784,108.0125,107.72,496.48,644.95,-1.0606,28.5268,88890300
2025-08-21,180,2024-12-02,2025-08-21,635.55,590.9414,592.5618,107.5487,107.2546,496.48,644.95,-1.4575,28.0112,54805800
2025-08-22,180,2024-12-03,2025-08-22,645.31,591.1491,592.7933,109.162,108.8592,496.48,645.31,0.0,29.977,84083200
2025-08-25,180,2024-12-04,2025-08-25,642.47,591.3421,593.0076,108.6461,108.3409,496.48,645.31,-0.4401,29.405,51274300
2025-08-26,180,2024-12-05,2025-08-26,645.16,591.528,593.2159,109.0667,108.7564,496.48,645.31,-0.0232,29.9468,51581600
2025-08-27,180,2024-12-06,2025-08-27,646.63,591.7261,593.4379,109.2786,108.9634,496.48,646.63,0.0,30.2429,48341100
2025-08-28,180,2024-12-09,2025-08-28,648.92,591.9289,593.6663,109.628,109.3072,496.48,648.92,0.0,30.7042,61519500
2025-08-29,180,2024-12-10,2025-08-29,645.05,592.1305,593.8906,108.9371,108.6143,496.48,648.92,-0.5964,29.9247,74522200
2025-09-02,180,2024-12-11,2025-09-02,640.27,592.3196,594.0988,108.0954,107.7716,496.48,648.92,-1.333,28.9619,81983500
2025-09-03,180,2024-12-12,2025-09-03,643.74,592.5005,594.3003,108.648,108.319,496.48,648.92,-0.7982,29.6608,70820900
2025-09-04,180,2024-12-13,2025-09-04,649.12,592.7233,594.5492,109.5148,109.1785,496.48,649.12,0.0,30.7444,65219200
2025-09-05,180,2024-12-16,2025-09-05,647.24,592.9381,594.7882,109.1581,108.8186,496.48,649.12,-0.2896,30.3658,85178900
2025-09-08,180,2024-12-17,2025-09-08,648.83,593.1468,595.0218,109.3878,109.0431,496.48,649.12,-0.0447,30.686,63133100
2025-09-09,180,2024-12-18,2025-09-09,650.33,593.3758,595.2776,109.5983,109.2482,496.48,650.33,0.0,30.9882,66133900
2025-09-10,180,2024-12-19,2025-09-10,652.21,593.7133,595.6438,109.8527,109.4966,496.48,652.21,0.0,31.3668,78034500
2025-09-11,180,2024-12-20,2025-09-11,657.63,594.0769,596.0412,110.6978,110.333,496.48,657.63,0.0,32.4585,69934400
2025-09-12,180,2024-12-23,2025-09-12,657.41,594.4114,596.4093,110.5985,110.228,496.48,657.63,-0.0335,32.4142,72780100
2025-09-15,180,2024-12-24,2025-09-15,660.91,594.7423,596.7772,111.1254,110.7465,496.48,660.91,0.0,33.1192,63772400
2025-09-16,180,2024-12-26,2025-09-16,660.0,595.0331,597.1033,110.9182,110.5336,496.48,660.91,-0.1377,32.9359,61169000
2025-09-17,180,2024-12-27,2025-09-17,659.18,595.3203,597.4247,110.7269,110.3369,496.48,660.91,-0.2618,32.7707,101952200
2025-09-18,180,2024-12-30,2025-09-18,662.26,595.6565,597.7983,111.1815,110.7832,496.48,662.26,0.0,33.3911,90459200
2025-09-19,180,2024-12-31,2025-09-19,663.7,596.0378,598.2176,111.352,110.9463,496.48,663.7,0.0,33.6811,97945600
2025-09-22,180,2025-01-02,2025-09-22,666.84,596.446,598.6663,111.8023,111.3876,496.48,666.84,0.0,34.3136,69452200
2025-09-23,180,2025-01-03,2025-09-23,663.21,596.8467,599.1028,111.119,110.7005,496.48,666.84,-0.5444,33.5824,81708900
2025-09-24,180,2025-01-06,2025-09-24,661.1,597.1966,599.4869,110.7006,110.2776,496.48,666.84,-0.8608,33.1574,68082200
2025-09-25,180,2025-01-07,2025-09-25,658.05,597.5138,599.8352,110.1313,109.7051,496.48,666.84,-1.3182,32.5431,89622100
2025-09-26,180,2025-01-08,2025-09-26,661.82,597.8867,600.2418,110.6932,110.2589,496.48,666.84,-0.7528,33.3024,69179200
2025-09-29,180,2025-01-10,2025-09-29,663.68,598.2636,600.654,110.9344,110.4929,496.48,666.84,-0.4739,33.6771,73499000
2025-09-30,180,2025-01-13,2025-09-30,666.18,598.7045,601.1301,111.2703,110.8213,496.48,666.84,-0.099,34.1806,86288000
2025-10-01,180,2025-01-14,2025-10-01,668.45,599.1509,601.6137,111.5662,111.1095,496.48,668.45,0.0,34.6378,72545400
2025-10-02,180,2025-01-15,2025-10-02,669.22,599.5967,602.0972,111.6117,111.1482,496.48,669.22,0.0,34.7929,56896000
2025-10-03,180,2025-01-16,2025-10-03,669.21,599.9818,602.5218,111.5384,111.0682,496.48,669.22,-0.0015,34.7909,70494400
2025-10-06,180,2025-01-17,2025-10-06,671.61,600.3846,602.9661,111.8633,111.3844,496.48,671.61,0.0,35.2743,54623300
2025-10-07,180,2025-01-21,2025-10-07,669.12,600.7431,603.3636,111.3821,110.8983,496.48,671.61,-0.3707,34.7728,72020100
2025-10-08,180,2025-01-22,2025-10-08,673.11,601.0893,603.7528,111.9817,111.4877,496.48,673.11,0.0,35.5765,60702200
2025-10-09,180,2025-01-23,2025-10-09,671.16,601.4087,604.1123,111.598,111.0985,496.48,673.11,-0.2897,35.1837,66501900
2025-10-10,180,2025-01-24,2025-10-10,653.02,601.6271,604.3527,108.5423,108.0528,496.48,673.11,-2.9846,31.53,159422600
2025-10-13,180,2025-01-27,2025-10-13,663.04,601.9019,604.6587,110.1575,109.6553,496.48,673.11,-1.496,33.5482,79560500
2025-10-14,180,2025-01-28,2025-10-14,662.23,602.2209,605.0079,109.9646,109.4581,496.48,673.11,-1.6164,33.385,88779600
2025-10-15,180,2025-01-29,2025-10-15,665.17,602.5249,605.3448,110.3971,109.8828,496.48,673.11,-1.1796,33.9772,81702600
2025-10-16,180,2025-01-30,2025-10-16,660.64,602.8235,605.6717,109.591,109.0756,496.48,673.11,-1.8526,33.0648,110563300
2025-10-17,180,2025-01-31,2025-10-17,664.39,603.1217,606.0014,110.1585,109.6351,496.48,673.11,-1.2955,33.8201,96500900
2025-10-20,180,2025-02-03,2025-10-20,671.3,603.4695,606.3874,111.2401,110.7048,496.48,673.11,-0.2689,35.2119,60493400
2025-10-21,180,2025-02-04,2025-10-21,671.29,603.8404,606.7958,111.1701,110.6286,496.48,673.11,-0.2704,35.2099,56249000
2025-10-22,180,2025-02-05,2025-10-22,667.8,604.1733,607.1626,110.5312,109.987,496.48,673.11,-0.7889,34.5069,80564000
2025-10-23,180,2025-02-06,2025-10-23,671.76,604.511,607.5378,111.1245,110.5709,496.48,673.11,-0.2006,35.3045,65604500
2025-10-24,180,2025-02-07,2025-10-24,677.25,604.8619,607.9319,111.9677,111.4023,496.48,677.25,0.0,36.4103,74356500
2025-10-27,180,2025-02-10,2025-10-27,685.24,605.2792,608.4012,113.2106,112.6296,496.48,685.24,0.0,38.0197,63339800
2025-10-28,180,2025-02-11,2025-10-28,687.06,605.6821,608.8579,113.4357,112.8441,496.48,687.06,0.0,38.3862,61738100
2025-10-29,180,2025-02-12,2025-10-29,687.39,606.0844,609.3139,113.4149,112.8138,496.48,687.39,0.0,38.4527,85657100
2025-10-30,180,2025-02-13,2025-10-30,679.83,606.4651,609.7387,112.0971,111.4953,496.48,687.39,-1.0998,36.93,76335800
2025-10-31,180,2025-02-14,2025-10-31,682.06,606.8207,610.1406,112.3989,111.7874,496.48,687.39,-0.7754,37.3791,87164100
2025-11-03,180,2025-02-18,2025-11-03,683.34,607.1825,610.5497,112.5428,111.9221,496.48,687.39,-0.5892,37.637,57315000
2025-11-04,180,2025-02-19,2025-11-04,675.24,607.4989,610.9038,111.1508,110.5313,496.48,687.39,-1.7676,36.0055,78427000
2025-11-05,180,2025-02-20,2025-11-05,677.58,607.8182,611.263,111.4774,110.8492,496.48,687.39,-1.4271,36.4768,74402400
2025-11-06,180,2025-02-21,2025-11-06,670.31,608.119,611.5959,110.2268,109.6001,496.48,687.39,-2.4848,35.0125,85035300
2025-11-07,180,2025-02-24,2025-11-07,670.97,608.4818,611.9906,110.2695,109.6373,496.48,687.39,-2.3888,35.1454,100592400
2025-11-10,180,2025-02-25,2025-11-10,681.44,608.9078,612.4585,111.9119,111.263,496.48,687.39,-0.8656,37.2543,75842900
2025-11-11,180,2025-02-26,2025-11-11,683.0,609.3586,612.9516,112.0851,111.428,496.48,687.39,-0.6386,37.5685,58953400
2025-11-12,180,2025-02-27,2025-11-12,683.38,609.81,613.4452,112.0644,111.4003,496.48,687.39,-0.5834,37.645,62312500
2025-11-13,180,2025-02-28,2025-11-13,672.04,610.2674,613.9284,110.1222,109.4655,496.48,687.39,-2.2331,35.3609,103457800
2025-11-14,180,2025-03-03,2025-11-14,671.93,610.6706,614.3604,110.0315,109.3707,496.48,687.39,-2.2491,35.3388,96846700
2025-11-17,180,2025-03-04,2025-11-17,665.67,611.1076,614.8154,108.9284,108.2715,496.48,687.39,-3.1598,34.0779,90456100
2025-11-18,180,2025-03-05,2025-11-18,660.08,611.5613,615.2777,107.9336,107.2816,496.48,687.39,-3.973,32.952,114467500
2025-11-19,180,2025-03-06,2025-11-19,662.63,611.9896,615.7198,108.2747,107.6188,496.48,687.39,-3.602,33.4656,94703000
2025-11-20,180,2025-03-07,2025-11-20,652.53,612.4343,616.1632,106.5469,105.9021,496.48,687.39,-5.0714,31.4313,165293500
2025-11-21,180,2025-03-10,2025-11-21,659.03,612.8909,616.6249,107.5281,106.877,496.48,687.39,-4.1257,32.7405,123956200
2025-11-24,180,2025-03-11,2025-11-24,668.73,613.4936,617.2258,109.0036,108.3445,496.48,687.39,-2.7146,34.6942,80437900
2025-11-25,180,2025-03-12,2025-11-25,675.02,614.1579,617.8874,109.9098,109.2464,496.48,687.39,-1.7996,35.9612,81077100
2025-11-26,180,2025-03-13,2025-11-26,679.68,614.8251,618.5586,110.5485,109.8813,496.48,687.39,-1.1216,36.8998,71879600
2025-11-28,180,2025-03-14,2025-11-28,683.39,615.5615,619.2918,111.019,110.3502,496.48,687.39,-0.5819,37.647,49212000
2025-12-01,180,2025-03-17,2025-12-01,680.27,616.208,619.9443,110.3962,109.7308,496.48,687.39,-1.0358,37.0186,61201200
2025-12-02,180,2025-03-18,2025-12-02,681.53,616.8328,620.5798,110.4886,109.8215,496.48,687.39,-0.8525,37.2724,62953800
2025-12-03,180,2025-03-19,2025-12-03,683.89,617.5105,621.2624,110.7495,110.0807,496.48,687.39,-0.5092,37.7477,57238500
2025-12-04,180,2025-03-20,2025-12-04,684.39,618.1512,621.9138,110.7156,110.0458,496.48,687.39,-0.4364,37.8485,61970300
2025-12-05,180,2025-03-21,2025-12-05,685.69,618.8099,622.5816,110.8079,110.1366,496.48,687.39,-0.2473,38.1103,79241000
2025-12-08,180,2025-03-24,2025-12-08,683.63,619.4708,623.2463,110.3571,109.6886,496.48,687.39,-0.547,37.6954,55231500
2025-12-09,180,2025-03-25,2025-12-09,683.04,620.0638,623.8517,110.1564,109.4876,496.48,687.39,-0.6328,37.5765,58310100
2025-12-10,180,2025-03-26,2025-12-10,687.57,620.6696,624.4745,110.7787,110.1038,496.48,687.57,0.0,38.489,85671300
2025-12-11,180,2025-03-27,2025-12-11,689.17,621.3289,625.1444,110.9187,110.2417,496.48,689.17,0.0,38.8112,86173700
2025-12-12,180,2025-03-28,2025-12-12,681.76,621.9657,625.7815,109.6138,108.9454,496.48,689.17,-1.0752,37.3187,113160300
2025-12-15,180,2025-03-31,2025-12-15,680.73,622.6771,626.4763,109.3231,108.6601,496.48,689.17,-1.2247,37.1113,90811000
2025-12-16,180,2025-04-01,2025-12-16,678.87,623.3556,627.1401,108.9057,108.2485,496.48,689.17,-1.4945,36.7366,122030600
2025-12-17,180,2025-04-02,2025-12-17,671.4,623.9892,627.7536,107.598,106.9528,496.48,689.17,-2.5785,35.232,110625200
2025-12-18,180,2025-04-03,2025-12-18,676.47,624.6239,628.3756,108.3004,107.6538,496.48,689.17,-1.8428,36.2532,108650100
2025-12-19,180,2025-04-04,2025-12-19,680.59,625.479,629.1749,108.811,108.1718,496.48,689.17,-1.245,37.0831,103599500
2025-12-22,180,2025-04-07,2025-12-22,684.83,626.6088,630.1724,109.2915,108.6734,496.48,689.17,-0.6297,37.9371,69556700
2025-12-23,180,2025-04-08,2025-12-23,687.96,627.765,631.1923,109.5888,108.9937,496.48,689.17,-0.1756,38.5675,64840000
2025-12-24,180,2025-04-09,2025-12-24,690.38,629.0059,632.2696,109.7573,109.1908,513.88,690.38,0.0,34.3465,39445600
2025-12-26,180,2025-04-10,2025-12-26,690.31,629.8294,633.0567,109.6027,109.0439,513.88,690.38,-0.0101,34.3329,41613300
2025-12-29,180,2025-04-11,2025-12-29,687.85,630.8281,633.9638,109.0392,108.4999,513.88,690.38,-0.3665,33.8542,62559500
2025-12-30,180,2025-04-14,2025-12-30,687.01,631.752,634.8142,108.7468,108.2222,513.88,690.38,-0.4881,33.6907,47160700
2025-12-31,180,2025-04-15,2025-12-31,681.92,632.6145,635.6075,107.7939,107.2863,513.88,690.38,-1.2254,32.7002,74144800
2026-01-02,180,2025-04-16,2026-01-02,683.17,633.4968,636.4162,107.8411,107.3464,513.88,690.38,-1.0444,32.9435,89377200
2026-01-05,180,2025-04-17,2026-01-05,687.72,634.4979,637.3165,108.3881,107.9087,513.88,690.38,-0.3853,33.8289,71927200
2026-01-06,180,2025-04-21,2026-01-06,691.81,635.5153,638.2354,108.8581,108.3942,513.88,691.81,0.0,34.6248,69273800
2026-01-07,180,2025-04-22,2026-01-07,689.58,636.6298,639.2115,108.3173,107.8798,527.25,691.81,-0.3223,30.7881,75588300
2026-01-08,180,2025-04-23,2026-01-08,689.51,637.6364,640.1129,108.1353,107.7169,535.42,691.81,-0.3325,28.7793,64019200
2026-01-09,180,2025-04-24,2026-01-09,694.07,638.6021,640.9943,108.6858,108.2802,546.69,694.07,0.0,26.9586,80125500
2026-01-12,180,2025-04-25,2026-01-12,695.16,639.4885,641.8192,108.7056,108.3109,550.64,695.16,0.0,26.2458,63976000
2026-01-13,180,2025-04-28,2026-01-13,693.77,640.3408,642.6143,108.3439,107.9606,550.85,695.16,-0.1999,25.9454,78309700
2026-01-14,180,2025-04-29,2026-01-14,690.36,641.1776,643.3894,107.6706,107.3005,554.32,695.16,-0.6905,24.5418,94676700
2026-01-15,180,2025-04-30,2026-01-15,692.24,641.9996,644.1556,107.8256,107.4647,554.54,695.16,-0.42,24.8314,77862000
2026-01-16,180,2025-05-01,2026-01-16,691.66,642.8192,644.9174,107.5979,107.2478,558.47,695.16,-0.5035,23.8491,79289200
2026-01-20,180,2025-05-02,2026-01-20,677.58,643.5426,645.5791,105.2891,104.9569,558.8,695.16,-2.5289,21.2563,111623300
2026-01-21,180,2025-05-05,2026-01-21,685.4,644.2461,646.2382,106.3879,106.06,558.8,695.16,-1.404,22.6557,127844500
2026-01-22,180,2025-05-06,2026-01-22,688.98,644.9921,646.9353,106.8199,106.4991,558.8,695.16,-0.889,23.2963,77112200
2026-01-23,180,2025-05-07,2026-01-23,689.23,645.7758,647.6599,106.729,106.4185,561.15,695.16,-0.853,22.8245,63059600
2026-01-26,180,2025-05-08,2026-01-26,692.73,646.561,648.3909,107.1407,106.8383,564.34,695.16,-0.3496,22.7505,60473800
2026-01-27,180,2025-05-09,2026-01-27,695.49,647.3327,649.1155,107.4393,107.1443,564.34,695.49,0.0,23.2395,55506100
2026-01-28,180,2025-05-12,2026-01-28,695.42,648.1112,649.8437,107.2995,107.0134,579.11,695.49,-0.0101,20.0843,61172200
2026-01-29,180,2025-05-13,2026-01-29,694.04,648.7523,650.4607,106.9807,106.6998,579.11,695.49,-0.2085,19.846,97486200
2026-01-30,180,2025-05-14,2026-01-30,691.97,649.3582,651.0447,106.5621,106.2861,579.11,695.49,-0.5061,19.4885,101835100
2026-02-02,180,2025-05-15,2026-02-02,695.41,649.9769,651.6437,106.99,106.7163,579.11,695.49,-0.0115,20.0825,79286500
2026-02-03,180,2025-05-16,2026-02-03,689.53,650.5485,652.1941,105.9921,105.7247,579.11,695.49,-0.8569,19.0672,107904600
2026-02-04,180,2025-05-19,2026-02-04,686.19,651.0794,652.7052,105.3927,105.1302,579.11,695.49,-1.3372,18.4904,105204600
2026-02-05,180,2025-05-20,2026-02-05,677.62,651.5634,653.165,103.9991,103.7441,579.11,695.49,-2.5694,17.0106,113610800
2026-02-06,180,2025-05-21,2026-02-06,690.62,652.127,653.7082,105.9027,105.6465,579.11,695.49,-0.7002,19.2554,89127600
2026-02-09,180,2025-05-22,2026-02-09,693.95,652.7766,654.3253,106.3074,106.0558,579.11,695.49,-0.2214,19.8304,73885200
2026-02-10,180,2025-05-23,2026-02-10,692.12,653.4168,654.9311,105.9232,105.6783,579.11,695.49,-0.4845,19.5144,65185700
2026-02-11,180,2025-05-27,2026-02-11,691.96,654.0854,655.558,105.7905,105.5528,587.73,695.49,-0.5076,17.7343,76353900
2026-02-12,180,2025-05-28,2026-02-12,681.27,654.6177,656.0587,104.0714,103.8429,587.73,695.49,-2.0446,15.9155,118829000
2026-02-13,180,2025-05-29,2026-02-13,681.75,655.1768,656.581,104.0559,103.8333,589.39,695.49,-1.9756,15.6704,96267500
2026-02-17,180,2025-05-30,2026-02-17,682.85,655.7266,657.0966,104.1364,103.9193,589.39,695.49,-1.8174,15.8571,81354700
2026-02-18,180,2025-06-02,2026-02-18,686.29,656.2993,657.6349,104.5697,104.3573,592.71,695.49,-1.3228,15.7885,73570300
2026-02-19,180,2025-06-03,2026-02-19,684.48,656.8411,658.1447,104.2079,104.0014,593.05,695.49,-1.5831,15.4169,58649400
2026-02-20,180,2025-06-04,2026-02-20,689.43,657.3859,658.6633,104.8745,104.6711,593.05,695.49,-0.8713,16.2516,100034000
2026-02-23,180,2025-06-05,2026-02-23,682.39,657.8967,659.1436,103.723,103.5268,593.05,695.49,-1.8836,15.0645,90558100
2026-02-24,180,2025-06-06,2026-02-24,687.35,658.4535,659.6675,104.3885,104.1964,594.28,695.49,-1.1704,15.661,73798700
2026-02-25,180,2025-06-09,2026-02-25,693.15,658.9992,660.1898,105.1822,104.9925,594.28,695.49,-0.3364,16.6369,56369500
2026-02-26,180,2025-06-10,2026-02-26,689.3,659.5227,660.6877,104.515,104.3307,594.28,695.49,-0.89,15.9891,71671000
2026-02-27,180,2025-06-11,2026-02-27,685.99,660.0073,661.1483,103.9367,103.7574,594.28,695.49,-1.3659,15.4321,83308900
2026-03-02,180,2025-06-12,2026-03-02,686.38,660.5062,661.6206,103.9173,103.7422,594.28,695.49,-1.3099,15.4977,87477200
2026-03-03,180,2025-06-13,2026-03-03,680.33,660.9584,662.0461,102.9308,102.7617,594.28,695.49,-2.1798,14.4797,105003100
2026-03-04,180,2025-06-16,2026-03-04,685.13,661.4817,662.5357,103.575,103.4103,594.28,695.49,-1.4896,15.2874,79182200
2026-03-05,180,2025-06-17,2026-03-05,681.31,661.9476,662.9725,102.9251,102.766,594.28,695.49,-2.0388,14.6446,106606500
2026-03-06,180,2025-06-18,2026-03-06,672.38,662.4014,663.3883,101.5064,101.3554,594.28,695.49,-3.3228,13.1419,100687000
2026-03-09,180,2025-06-20,2026-03-09,678.27,662.888,663.8374,102.3205,102.1741,594.28,695.49,-2.4759,14.1331,102667700
2026-03-10,180,2025-06-23,2026-03-10,677.18,663.3912,664.2979,102.0785,101.9392,600.15,695.49,-2.6327,12.8351,81505300
2026-03-11,180,2025-06-24,2026-03-11,676.33,663.8504,664.7212,101.8799,101.7464,606.78,695.49,-2.7549,11.4621,68441700
2026-03-12,180,2025-06-25,2026-03-12,666.06,664.2097,665.0505,100.2786,100.1518,607.12,695.49,-4.2315,9.7081,108882200
2026-03-13,180,2025-06-26,2026-03-13,662.29,664.5462,665.357,99.6605,99.539,611.87,695.49,-4.7736,8.2403,97200200
2026-03-16,180,2025-06-27,2026-03-16,669.03,664.889,665.6746,100.6228,100.5041,614.91,695.49,-3.8045,8.8013,82023100
2026-03-17,180,2025-06-30,2026-03-17,670.79,665.2219,665.985,100.837,100.7215,617.65,695.49,-3.5515,8.6036,87128000
2026-03-18,180,2025-07-01,2026-03-18,661.43,665.4841,666.2271,99.3908,99.28,617.65,695.49,-4.8973,7.0882,82062600
2026-03-19,180,2025-07-02,2026-03-19,659.8,665.7387,666.4613,99.108,99.0005,620.34,695.49,-5.1316,6.361,111272500
2026-03-20,180,2025-07-03,2026-03-20,648.57,665.9108,666.6175,97.3959,97.2927,620.34,695.49,-6.7463,4.5507,163617500
2026-03-23,180,2025-07-07,2026-03-23,655.38,666.0914,666.7844,98.3919,98.2896,620.34,695.49,-5.7672,5.6485,134802700
2026-03-24,180,2025-07-08,2026-03-24,653.18,666.2891,666.9649,98.0325,97.9332,620.34,695.49,-6.0835,5.2939,96457500
2026-03-25,180,2025-07-09,2026-03-25,656.82,666.51,667.1676,98.5462,98.449,621.72,695.49,-5.5601,5.6456,90653800
2026-03-26,180,2025-07-10,2026-03-26,645.09,666.6389,667.2844,96.7675,96.6739,621.72,695.49,-7.2467,3.7589,96494400
2026-03-27,180,2025-07-11,2026-03-27,634.09,666.6904,667.3304,95.1101,95.0189,621.72,695.49,-8.8283,1.9897,103649400
2026-03-30,180,2025-07-14,2026-03-30,631.97,666.7427,667.3768,94.7847,94.6946,621.72,695.49,-9.1331,1.6487,99275900
2026-03-31,180,2025-07-15,2026-03-31,650.34,666.8979,667.5186,97.5172,97.4265,621.72,695.49,-6.4918,4.6034,152534100
2026-04-01,180,2025-07-16,2026-04-01,655.24,667.0986,667.7025,98.2224,98.1335,621.72,695.49,-5.7873,5.3915,97841500
2026-04-02,180,2025-07-17,2026-04-02,655.83,667.2895,667.8781,98.2827,98.1961,621.72,695.49,-5.7025,5.4864,68358700
2026-04-06,180,2025-07-18,2026-04-06,658.93,667.4742,668.0497,98.7199,98.6349,621.72,695.49,-5.2567,5.985,39105800
2026-04-07,180,2025-07-21,2026-04-07,659.22,667.6636,668.2255,98.7353,98.6523,621.72,695.49,-5.215,6.0317,69980400
2026-04-08,180,2025-07-22,2026-04-08,676.01,667.9389,668.4879,101.2084,101.1252,621.72,695.49,-2.8009,8.7322,93606100
2026-04-09,180,2025-07-23,2026-04-09,679.91,668.235,668.7716,101.7471,101.6655,621.72,695.49,-2.2401,9.3595,57134400
2026-04-10,180,2025-07-24,2026-04-10,679.46,668.4956,669.0229,101.6402,101.56,621.72,695.49,-2.3048,9.2871,42253500
2026-04-13,180,2025-07-25,2026-04-13,686.1,668.7905,669.3101,102.5882,102.5085,621.72,695.49,-1.3501,10.3551,54185800
2026-04-14,180,2025-07-28,2026-04-14,694.46,669.1128,669.6287,103.7882,103.7082,621.72,695.49,-0.1481,11.6998,63480500
2026-04-15,180,2025-07-29,2026-04-15,699.94,669.4645,669.9787,104.5522,104.472,621.72,699.94,0.0,12.5812,58240400
2026-04-16,180,2025-07-30,2026-04-16,701.66,669.8356,670.3476,104.7511,104.6711,621.72,701.66,0.0,12.8579,49972400
2026-04-17,180,2025-07-31,2026-04-17,710.14,670.2546,670.7681,105.9508,105.8697,621.72,710.14,0.0,14.2218,70661900
2026-04-20,180,2025-08-01,2026-04-20,708.72,670.6818,671.1938,105.6716,105.591,621.72,710.14,-0.2,13.9934,43546800
2026-04-21,180,2025-08-04,2026-04-21,704.08,671.1523,671.6514,104.9061,104.8282,627.97,710.14,-0.8534,12.12,58941400
2026-04-22,180,2025-08-05,2026-04-22,711.21,671.5988,672.0961,105.898,105.8197,627.97,711.21,0.0,13.2554,42518500
2026-04-23,180,2025-08-06,2026-04-23,708.45,672.0524,672.5432,105.4159,105.339,631.97,711.21,-0.3881,12.1018,56174000
2026-04-24,180,2025-08-07,2026-04-24,713.94,672.5035,672.9941,106.1615,106.0841,631.97,713.94,0.0,12.9706,45182000
2026-04-27,180,2025-08-08,2026-04-27,715.17,672.9646,673.4547,106.2716,106.1942,631.97,715.17,0.0,13.1652,33135900
2026-04-28,180,2025-08-11,2026-04-28,711.69,673.3782,673.8687,105.6895,105.6126,631.97,715.17,-0.4866,12.6145,43117400
2026-04-29,180,2025-08-12,2026-04-29,711.58,673.7997,674.289,105.6071,105.5304,631.97,715.17,-0.502,12.5971,41859200
2026-04-30,180,2025-08-13,2026-04-30,718.66,674.2148,674.7111,106.5921,106.5137,631.97,718.66,0.0,13.7174,67240900
2026-05-01,180,2025-08-14,2026-05-01,720.65,674.6268,675.1319,106.822,106.7421,631.97,720.65,0.0,14.0323,43049800
2026-05-04,180,2025-08-15,2026-05-04,718.01,675.0259,675.5378,106.3678,106.2872,631.97,720.65,-0.3663,13.6146,51950600
2026-05-05,180,2025-08-18,2026-05-05,723.77,675.4628,675.9841,107.1517,107.0691,631.97,723.77,0.0,14.526,36933200
2026-05-06,180,2025-08-19,2026-05-06,733.83,675.9493,676.4871,108.5629,108.4766,631.97,733.83,0.0,16.1179,53288900
2026-05-07,180,2025-08-20,2026-05-07,731.58,676.4473,676.9969,108.1503,108.0625,631.97,733.83,-0.3066,15.7618,51724600
2026-05-08,180,2025-08-21,2026-05-08,737.62,676.9852,677.5497,108.9566,108.8658,631.97,737.62,0.0,16.7176,47227100
2026-05-11,180,2025-08-22,2026-05-11,739.3,677.5479,678.1261,109.1141,109.021,631.97,739.3,0.0,16.9834,44024000
2026-05-12,180,2025-08-25,2026-05-12,738.18,678.0455,678.6421,108.8688,108.7731,631.97,739.3,-0.1515,16.8062,54185300
2026-05-13,180,2025-08-26,2026-05-13,742.31,678.5806,679.1967,109.3916,109.2923,631.97,742.31,0.0,17.4597,44200200
2026-05-14,180,2025-08-27,2026-05-14,748.17,679.127,679.769,110.1664,110.0624,631.97,748.17,0.0,18.387,45307600
2026-05-15,180,2025-08-28,2026-05-15,739.17,679.6234,680.2831,108.7617,108.6562,631.97,748.17,-1.2029,16.9628,60410800
2026-05-18,180,2025-08-29,2026-05-18,738.65,680.1041,680.7816,108.6084,108.5003,631.97,748.17,-1.2724,16.8806,47843900
2026-05-19,180,2025-09-02,2026-05-19,733.73,680.5859,681.2743,107.8086,107.6996,631.97,748.17,-1.93,16.102,54255900
2026-05-20,180,2025-09-03,2026-05-20,741.25,681.1339,681.8353,108.8259,108.7139,631.97,748.17,-0.9249,17.292,45768000
2026-05-21,180,2025-09-04,2026-05-21,742.72,681.6679,682.3852,108.9563,108.8418,631.97,748.17,-0.7284,17.5246,43332200
2026-05-22,180,2025-09-05,2026-05-22,745.64,682.1831,682.9214,109.302,109.1839,631.97,748.17,-0.3382,17.9866,41762000
2026-05-26,180,2025-09-08,2026-05-26,750.59,682.7335,683.4956,109.9389,109.8164,631.97,750.59,0.0,18.7699,41123600
2026-05-27,180,2025-09-09,2026-05-27,750.46,683.2745,684.0602,109.8329,109.7067,631.97,750.59,-0.0173,18.7493,42106300
2026-05-28,180,2025-09-10,2026-05-28,754.6,683.826,684.6394,110.3497,110.2186,631.97,754.6,0.0,19.4044,41562600
2026-05-29,180,2025-09-11,2026-05-29,756.48,684.3755,685.2187,110.5358,110.3998,631.97,756.48,0.0,19.7019,55075700
2026-06-01,180,2025-09-12,2026-06-01,758.54,684.9022,685.7793,110.7516,110.6099,631.97,758.54,0.0,20.0279,43634900
2026-06-02,180,2025-09-15,2026-06-02,759.57,685.4358,686.3469,110.8156,110.6685,631.97,759.57,0.0,20.1908,31581900
2026-06-03,180,2025-09-16,2026-06-03,754.24,685.9249,686.8654,109.9596,109.809,631.97,759.57,-0.7017,19.3474,51402500
2026-06-04,180,2025-09-17,2026-06-04,757.09,686.4331,687.4048,110.2933,110.1374,631.97,759.57,-0.3265,19.7984,49923000
2026-06-05,180,2025-09-18,2026-06-05,737.55,686.8553,687.8402,107.3807,107.2269,631.97,759.57,-2.899,16.7065,93989400
2026-06-08,180,2025-09-19,2026-06-08,739.22,687.2676,688.2677,107.5593,107.403,631.97,759.57,-2.6792,16.9707,49319100
2026-06-09,180,2025-09-22,2026-06-09,737.05,687.6613,688.6752,107.1821,107.0243,631.97,759.57,-2.9648,16.6274,87683500
2026-06-10,180,2025-09-23,2026-06-10,725.43,687.9796,689.0007,105.4435,105.2873,631.97,759.57,-4.4947,14.7887,60341300
2026-06-11,180,2025-09-24,2026-06-11,737.76,688.3805,689.4149,107.1733,107.0125,631.97,759.57,-2.8714,16.7397,86330500
2026-06-12,180,2025-09-25,2026-06-12,741.75,688.8138,689.8629,107.6851,107.5214,631.97,759.57,-2.3461,17.3711,57079500
2026-06-15,180,2025-09-26,2026-06-15,754.83,689.3277,690.4006,109.5023,109.3322,631.97,759.57,-0.624,19.4408,60176400
2026-06-16,180,2025-09-29,2026-06-16,750.33,689.7986,690.8923,108.7752,108.603,631.97,759.57,-1.2165,18.7287,67093100
2026-06-17,180,2025-09-30,2026-06-17,740.96,690.2142,691.3217,107.3522,107.1802,631.97,759.57,-2.4501,17.2461,85945200
2026-06-18,180,2025-10-01,2026-06-18,746.74,690.6431,691.7692,108.1224,107.9464,631.97,759.57,-1.6891,18.1607,80875700
2026-06-22,180,2025-10-02,2026-06-22,744.39,691.0478,692.1911,107.719,107.5411,631.97,759.57,-1.9985,17.7888,46628100
2026-06-23,180,2025-10-03,2026-06-23,733.58,691.3958,692.5487,106.1013,105.9247,631.97,759.57,-3.4217,16.0783,66846800
2026-06-24,180,2025-10-06,2026-06-24,733.24,691.7425,692.9044,105.999,105.8212,631.97,759.57,-3.4664,16.0245,57439500
2026-06-25,180,2025-10-07,2026-06-25,734.3,692.0806,693.2527,106.1004,105.921,631.97,759.57,-3.3269,16.1922,53934400
2026-06-26,180,2025-10-08,2026-06-26,728.99,692.4073,693.5853,105.2834,105.1046,631.97,759.57,-4.026,15.352,71034000
2026-06-29,180,2025-10-09,2026-06-29,741.0,692.7701,693.9624,106.9619,106.7781,631.97,759.57,-2.4448,17.2524,58035200
2026-06-30,180,2025-10-10,2026-06-30,746.77,693.1725,694.3825,107.7322,107.5445,631.97,759.57,-1.6852,18.1654,55626000
2026-07-01,180,2025-10-13,2026-07-01,745.76,693.6812,694.8977,107.5076,107.3194,631.97,759.57,-1.8181,18.0056,47100900
2026-07-02,180,2025-10-14,2026-07-02,744.78,694.124,695.3518,107.2978,107.1084,631.97,759.57,-1.9472,17.8505,57447800
2026-07-06,180,2025-10-15,2026-07-06,751.28,694.6034,695.8466,108.1596,107.9663,631.97,759.57,-1.0914,18.8791,50673300
2026-07-07,180,2025-10-16,2026-07-07,747.71,695.0486,696.3051,107.5767,107.3825,631.97,759.57,-1.5614,18.3142,43721500
2026-07-08,180,2025-10-17,2026-07-08,745.4,695.5108,696.776,107.173,106.9784,631.97,759.57,-1.8655,17.9486,43767400
2026-07-09,180,2025-10-20,2026-07-09,751.71,695.981,697.2611,108.0073,107.809,631.97,759.57,-1.0348,18.9471,41441700
2026-07-10,180,2025-10-21,2026-07-10,754.95,696.4255,697.7258,108.4036,108.2015,631.97,759.57,-0.6082,19.4598,42191300
2026-07-13,180,2025-10-22,2026-07-13,749.17,696.843,698.1585,107.5092,107.3066,631.97,759.57,-1.3692,18.5452,44013600
2026-07-14,180,2025-10-23,2026-07-14,751.83,697.2948,698.6253,107.821,107.6156,631.97,759.57,-1.019,18.9661,35143100
2026-07-15,180,2025-10-24,2026-07-15,754.81,697.7375,699.0867,108.1797,107.9709,631.97,759.57,-0.6267,19.4376,43844800
2026-07-16,180,2025-10-27,2026-07-16,750.72,698.1286,699.4949,107.5332,107.3232,631.97,759.57,-1.1651,18.7904,46409800
2026-07-17,180,2025-10-28,2026-07-17,743.29,698.4373,699.8174,106.4219,106.212,631.97,759.57,-2.1433,17.6148,62651000
2026-07-20,180,2025-10-29,2026-07-20,742.09,698.7299,700.1231,106.2056,105.9942,631.97,759.57,-2.3013,17.4249,50422300
2026-07-21,180,2025-10-30,2026-07-21,748.28,699.0512,700.4614,107.0422,106.8267,631.97,759.57,-1.4864,18.4044,34324300
2026-07-22,180,2025-10-31,2026-07-22,747.41,699.4124,700.8368,106.8626,106.6454,631.97,759.57,-1.6009,18.2667,32836200
2026-07-23,180,2025-11-03,2026-07-23,738.18,699.7155,701.1486,105.4972,105.2815,631.97,759.57,-2.8161,16.8062,55437300
2026-07-24,180,2025-11-04,2026-07-24,738.93,700.0151,701.4574,105.5592,105.3421,631.97,759.57,-2.7173,16.9249,44782000
2026-07-27,180,2025-11-05,2026-07-27,739.09,700.3635,701.8122,105.5295,105.3117,631.97,759.57,-2.6963,16.9502,41461200
2026-07-28,180,2025-11-06,2026-07-28,740.86,700.7072,702.1637,105.7303,105.511,631.97,759.57,-2.4632,17.2303,47322200
2026-07-29,180,2025-11-07,2026-07-29,729.46,701.0373,702.4923,104.0544,103.8389,631.97,759.57,-3.9641,15.4264,70697200
2026-07-30,180,2025-11-10,2026-07-30,741.69,701.4255,702.8852,105.7404,105.5208,631.97,759.57,-2.354,17.3616,66811300
2026-07-31,180,2025-11-11,2026-07-31,747.03,701.7779,703.2496,106.4482,106.2254,631.97,759.57,-1.6509,18.2066,62445900
2026-08-03,180,2025-11-12,2026-08-03,757.67,702.1729,703.6644,107.9036,107.6749,631.97,759.57,-0.2501,19.8902,59927500
2026-08-04,180,2025-11-13,2026-08-04,771.33,702.6302,704.1531,109.7775,109.5401,631.97,771.33,0.0,22.0517,69154800
2026-08-05,180,2025-11-14,2026-08-05,769.79,703.1489,704.6961,109.4775,109.2372,631.97,771.33,-0.1997,21.808,44689100
2026-08-06,180,2025-11-17,2026-08-06,768.56,703.6632,705.2329,109.2227,108.9796,631.97,771.33,-0.3591,21.6134,38416900
2026-08-07,180,2025-11-18,2026-08-07,773.26,704.2386,705.8307,109.8008,109.5532,631.97,773.26,0.0,22.3571,43557000
2026-08-10,180,2025-11-19,2026-08-10,773.03,704.8491,706.4582,109.6731,109.4233,631.97,773.26,-0.0297,22.3207,31958749
