date,window_trading_days,window_start,window_end,close,fixed_amount_dca_cost,moving_avg_180,price_to_dca_pct,price_to_ma_pct,min_close_in_window,max_close_in_window,drawdown_from_window_high_pct,above_window_low_pct,volume
2010-09-20,180,2010-01-04,2010-09-20,61.55,63.4793,63.6923,96.9607,96.6364,56.57,70.3,-12.4467,8.8033,21788100
2010-09-21,180,2010-01-05,2010-09-21,61.54,63.4393,63.6501,97.0061,96.6849,56.57,70.3,-12.4609,8.7856,20525200
2010-09-22,180,2010-01-06,2010-09-22,61.45,63.3976,63.6058,96.928,96.6107,56.57,70.3,-12.5889,8.6265,18207700
2010-09-23,180,2010-01-07,2010-09-23,61.15,63.3514,63.5565,96.5252,96.2136,56.57,70.3,-13.0156,8.0962,18097800
2010-09-24,180,2010-01-08,2010-09-24,61.75,63.3097,63.5118,97.5363,97.2261,56.57,70.3,-12.1622,9.1568,25145300
2010-09-27,180,2010-01-11,2010-09-27,61.71,63.2692,63.4684,97.5356,97.2295,56.57,70.3,-12.2191,9.0861,16642800
2010-09-28,180,2010-01-12,2010-09-28,62.06,63.2273,63.4226,98.1539,97.8515,56.57,69.95,-11.2795,9.7048,18806700
2010-09-29,180,2010-01-13,2010-09-29,61.59,63.1842,63.3762,97.4769,97.1816,56.57,69.68,-11.6102,8.874,21158000
2010-09-30,180,2010-01-14,2010-09-30,61.79,63.1436,63.3324,97.8563,97.5646,56.57,69.68,-11.3232,9.2275,25460200
2010-10-01,180,2010-01-15,2010-10-01,62.54,63.1074,63.2927,99.101,98.8107,56.57,69.29,-9.7417,10.5533,24160200
2010-10-04,180,2010-01-19,2010-10-04,62.19,63.0717,63.2543,98.602,98.3175,56.57,69.29,-10.2468,9.9346,16902500
2010-10-05,180,2010-01-20,2010-10-05,63.26,63.0415,63.2209,100.3467,100.0619,56.57,69.29,-8.7026,11.8261,25185400
2010-10-06,180,2010-01-21,2010-10-06,63.94,63.0207,63.1982,101.4587,101.1738,56.57,69.29,-7.7212,13.0281,21645200
2010-10-07,180,2010-01-22,2010-10-07,63.85,63.0059,63.1823,101.3397,101.0567,56.57,69.29,-7.8511,12.869,19468400
2010-10-08,180,2010-01-25,2010-10-08,64.38,62.997,63.1728,102.1953,101.911,56.57,69.29,-7.0862,13.8059,22370500
2010-10-11,180,2010-01-26,2010-10-11,64.55,62.9903,63.1656,102.4761,102.1918,56.57,69.29,-6.8408,14.1064,13848900
2010-10-12,180,2010-01-27,2010-10-12,64.7,62.984,63.1588,102.7245,102.4402,56.57,69.29,-6.6243,14.3716,20732000
2010-10-13,180,2010-01-28,2010-10-13,65.04,62.9814,63.156,103.2686,102.9831,56.57,69.29,-6.1336,14.9726,22560500
2010-10-14,180,2010-01-29,2010-10-14,65.3,62.9832,63.1579,103.6785,103.3917,56.57,69.29,-5.7584,15.4322,17778100
2010-10-15,180,2010-02-01,2010-10-15,65.19,62.9871,63.1621,103.4973,103.2106,56.57,69.29,-5.9172,15.2378,25500700
2010-10-18,180,2010-02-02,2010-10-18,66.28,62.9876,63.1627,105.227,104.9354,56.57,69.29,-4.3441,17.1646,22481700
2010-10-19,180,2010-02-03,2010-10-19,65.12,62.9783,63.1524,103.4006,103.1156,56.57,69.29,-6.0182,15.114,25367400
2010-10-20,180,2010-02-04,2010-10-20,66.01,62.9754,63.1492,104.8187,104.5303,56.57,69.29,-4.7337,16.6873,20543900
2010-10-21,180,2010-02-05,2010-10-21,66.32,62.9836,63.1581,105.2972,105.0064,56.57,69.29,-4.2863,17.2353,21291200
2010-10-22,180,2010-02-08,2010-10-22,66.34,62.9915,63.1666,105.3158,105.0238,56.57,69.29,-4.2575,17.2706,13332800
2010-10-25,180,2010-02-09,2010-10-25,66.2,63.0011,63.1769,105.0776,104.7851,56.57,69.29,-4.4595,17.0232,16516600
2010-10-26,180,2010-02-10,2010-10-26,66.53,63.0078,63.1843,105.59,105.2952,56.57,69.29,-3.9833,17.6065,17652900
2010-10-27,180,2010-02-11,2010-10-27,65.67,63.0121,63.1888,104.2181,103.9266,56.57,69.29,-5.2244,16.0863,23358900
2010-10-28,180,2010-02-12,2010-10-28,66.22,63.0171,63.1943,105.0826,104.788,56.57,69.29,-4.4307,17.0585,20464200
2010-10-29,180,2010-02-16,2010-10-29,66.49,63.0257,63.2037,105.4966,105.1996,56.57,69.29,-4.041,17.5358,19265600
2010-11-01,180,2010-02-17,2010-11-01,66.95,63.0291,63.2074,106.2208,105.9212,56.57,69.29,-3.3771,18.3489,22372700
2010-11-02,180,2010-02-18,2010-11-02,67.84,63.0394,63.2189,107.6153,107.3096,56.57,69.29,-2.0927,19.9222,26192200
2010-11-03,180,2010-02-19,2010-11-03,67.97,63.0493,63.2301,107.8046,107.4963,56.57,69.29,-1.905,20.152,26545300
2010-11-04,180,2010-02-22,2010-11-04,69.38,63.0662,63.2496,110.0113,109.6924,56.57,69.38,0.0,22.6445,31221400
2010-11-05,180,2010-02-23,2010-11-05,70.0,63.0884,63.2752,110.9553,110.6279,56.57,70.0,0.0,23.7405,26531700
2010-11-08,180,2010-02-24,2010-11-08,70.32,63.1145,63.3051,111.4165,111.0812,56.57,70.32,0.0,24.3062,23628000
2010-11-09,180,2010-02-25,2010-11-09,70.63,63.1388,63.3333,111.8647,111.5211,56.57,70.63,0.0,24.8542,33938100
2010-11-10,180,2010-02-26,2010-11-10,71.13,63.1674,63.3666,112.6055,112.2516,56.57,71.13,0.0,25.738,25482400
2010-11-11,180,2010-03-01,2010-11-11,71.83,63.1999,63.4045,113.6553,113.2885,56.57,71.83,0.0,26.9754,23788900
2010-11-12,180,2010-03-02,2010-11-12,70.99,63.2266,63.4356,112.2787,111.9088,56.57,71.83,-1.1694,25.4905,24598100
2010-11-15,180,2010-03-03,2010-11-15,70.48,63.2506,63.4633,111.4297,111.0564,56.57,71.83,-1.8794,24.589,18779600
2010-11-16,180,2010-03-04,2010-11-16,68.94,63.2679,63.4828,108.9652,108.5964,56.57,71.83,-4.0234,21.8667,27543400
2010-11-17,180,2010-03-05,2010-11-17,69.01,63.2857,63.5028,109.0451,108.6723,56.57,71.83,-3.9259,21.9905,17471800
2010-11-18,180,2010-03-08,2010-11-18,70.31,63.304,63.5242,111.0672,110.6823,56.57,71.83,-2.1161,24.2885,18322900
2010-11-19,180,2010-03-09,2010-11-19,70.54,63.3233,63.5467,111.3966,111.0049,56.57,71.83,-1.7959,24.6951,24116400
2010-11-22,180,2010-03-10,2010-11-22,70.19,63.3395,63.5657,110.8155,110.4212,56.57,71.83,-2.2832,24.0764,18907900
2010-11-23,180,2010-03-11,2010-11-23,68.98,63.348,63.5754,108.8906,108.501,56.57,71.83,-3.9677,21.9374,22672000
2010-11-24,180,2010-03-12,2010-11-24,69.88,63.3606,63.5902,110.2894,109.8911,56.57,71.83,-2.7148,23.5284,19335600
2010-11-26,180,2010-03-15,2010-11-26,69.23,63.3723,63.6037,109.2433,108.8458,56.57,71.83,-3.6197,22.3794,7324600
2010-11-29,180,2010-03-16,2010-11-29,69.45,63.3876,63.6212,109.564,109.1617,56.57,71.83,-3.3134,22.7682,20021200
2010-11-30,180,2010-03-17,2010-11-30,69.56,63.402,63.6378,109.7126,109.306,56.57,71.83,-3.1602,22.9627,27524300
2010-12-01,180,2010-03-18,2010-12-01,71.33,63.4205,63.6599,112.4716,112.0486,56.57,71.83,-0.6961,26.0916,26590200
2010-12-02,180,2010-03-19,2010-12-02,71.48,63.4394,63.6826,112.6744,112.2441,56.57,71.83,-0.4873,26.3567,21274800
2010-12-03,180,2010-03-22,2010-12-03,71.19,63.4589,63.7057,112.1829,111.7483,56.57,71.83,-0.891,25.8441,19457100
2010-12-06,180,2010-03-23,2010-12-06,71.31,63.4792,63.7298,112.336,111.8943,56.57,71.83,-0.7239,26.0562,15985400
2010-12-07,180,2010-03-24,2010-12-07,71.46,63.5003,63.7548,112.5348,112.0856,56.57,71.83,-0.5151,26.3214,23694600
2010-12-08,180,2010-03-25,2010-12-08,71.85,63.5254,63.7846,113.1043,112.6448,56.57,71.85,0.0,27.0108,22654900
2010-12-09,180,2010-03-26,2010-12-09,72.0,63.5522,63.8162,113.2927,112.824,56.57,72.0,0.0,27.2759,17971600
2010-12-10,180,2010-03-29,2010-12-10,72.18,63.5786,63.8476,113.5288,113.0505,56.57,72.18,0.0,27.5941,17699500
2010-12-13,180,2010-03-30,2010-12-13,72.36,63.6019,63.8757,113.7702,113.2826,56.57,72.36,0.0,27.9123,21170500
2010-12-14,180,2010-03-31,2010-12-14,72.18,63.6257,63.9042,113.4447,112.9504,56.57,72.36,-0.2488,27.5941,20625900
2010-12-15,180,2010-04-01,2010-12-15,71.85,63.6485,63.9312,112.8856,112.3864,56.57,72.36,-0.7048,27.0108,20979000
2010-12-16,180,2010-04-05,2010-12-16,72.22,63.6698,63.9568,113.429,112.9199,56.57,72.36,-0.1935,27.6648,18513900
2010-12-17,180,2010-04-06,2010-12-17,72.17,63.688,63.9789,113.3181,112.8027,56.57,72.36,-0.2626,27.5765,36761300
2010-12-20,180,2010-04-07,2010-12-20,72.22,63.7078,64.0029,113.3612,112.8386,56.57,72.36,-0.1935,27.6648,16045800
2010-12-21,180,2010-04-08,2010-12-21,72.72,63.7326,64.0328,114.1017,113.5667,56.57,72.72,0.0,28.5487,21772800
2010-12-22,180,2010-04-09,2010-12-22,72.8,63.7552,64.0603,114.1868,113.643,56.57,72.8,0.0,28.6901,14606600
2010-12-23,180,2010-04-12,2010-12-23,73.2,63.7751,64.0849,114.7783,114.2234,56.57,73.2,0.0,29.3972,11390900
2010-12-27,180,2010-04-13,2010-12-27,73.01,63.7945,64.1088,114.4456,113.8845,56.57,73.2,-0.2596,29.0613,9757200
2010-12-28,180,2010-04-14,2010-12-28,73.42,63.8159,64.1353,115.0498,114.4768,56.57,73.42,0.0,29.7861,14423400
2010-12-29,180,2010-04-15,2010-12-29,73.37,63.8373,64.1617,114.9329,114.3517,56.57,73.42,-0.0681,29.6977,11797700
2010-12-30,180,2010-04-16,2010-12-30,73.36,63.8603,64.1901,114.8757,114.2856,56.57,73.42,-0.0817,29.68,10790400
2010-12-31,180,2010-04-19,2010-12-31,73.12,63.884,64.2189,114.4575,113.8606,56.57,73.42,-0.4086,29.2558,15273700
2011-01-03,180,2010-04-20,2011-01-03,74.55,63.9122,64.254,116.6444,116.0239,56.57,74.55,0.0,31.7836,23320700
2011-01-04,180,2010-04-21,2011-01-04,74.9,63.9382,64.2869,117.1443,116.5089,56.57,74.9,0.0,32.4023,20028500
2011-01-05,180,2010-04-22,2011-01-05,74.7,63.9638,64.3191,116.7849,116.1398,56.57,74.9,-0.267,32.0488,16550800
2011-01-06,180,2010-04-23,2011-01-06,75.18,63.993,64.3558,117.4817,116.8192,56.57,75.18,0.0,32.8973,22525300
2011-01-07,180,2010-04-26,2011-01-07,75.59,64.0206,64.3911,118.0714,117.392,56.57,75.59,0.0,33.6221,19297700
2011-01-10,180,2010-04-27,2011-01-10,75.13,64.0461,64.4236,117.3061,116.6188,56.57,75.59,-0.6085,32.8089,20766400
2011-01-11,180,2010-04-28,2011-01-11,75.69,64.0789,64.4648,118.1201,117.413,56.57,75.69,0.0,33.7988,15805400
2011-01-12,180,2010-04-29,2011-01-12,76.58,64.1107,64.5058,119.4496,118.7179,56.57,76.58,0.0,35.3721,17363000
2011-01-13,180,2010-04-30,2011-01-13,76.71,64.1456,64.5506,119.5873,118.8371,56.57,76.71,0.0,35.6019,20438100
2011-01-14,180,2010-05-03,2011-01-14,77.84,64.1893,64.6065,121.2663,120.4832,56.57,77.84,0.0,37.5994,23478700
2011-01-18,180,2010-05-04,2011-01-18,78.71,64.2359,64.6669,122.5327,121.7161,56.57,78.71,0.0,39.1374,23883600
2011-01-19,180,2010-05-05,2011-01-19,78.24,64.2878,64.7323,121.7026,120.8671,56.57,78.71,-0.5971,38.3065,21844100
2011-01-20,180,2010-05-06,2011-01-20,77.75,64.3396,64.7966,120.8432,119.9908,56.57,78.71,-1.2197,37.4403,29121600
2011-01-21,180,2010-05-07,2011-01-21,78.98,64.4084,64.8804,122.6237,121.7316,56.57,78.98,0.0,39.6146,25084400
2011-01-24,180,2010-05-10,2011-01-24,78.59,64.477,64.9632,121.8884,120.9762,56.57,78.98,-0.4938,38.9252,24871600
2011-01-25,180,2010-05-11,2011-01-25,78.68,64.5376,65.0379,121.9134,120.9756,56.57,78.98,-0.3798,39.0843,21626300
2011-01-26,180,2010-05-12,2011-01-26,79.66,64.6062,65.1223,123.3009,122.3236,56.57,79.66,0.0,40.8167,25555400
2011-01-27,180,2010-05-13,2011-01-27,79.88,64.6732,65.2055,123.5133,122.505,56.57,79.88,0.0,41.2056,17003500
2011-01-28,180,2010-05-14,2011-01-28,78.99,64.738,65.2847,122.0149,120.9932,56.57,79.88,-1.1142,39.6323,26300600
2011-01-31,180,2010-05-17,2011-01-31,80.68,64.8156,65.3796,124.4762,123.4025,56.57,80.68,0.0,42.6198,34514400
2011-02-01,180,2010-05-18,2011-02-01,83.91,64.9065,65.4942,129.2783,128.1182,56.57,83.91,0.0,48.3295,40829600
2011-02-02,180,2010-05-19,2011-02-02,83.41,64.9988,65.6088,128.3255,127.1324,56.57,83.91,-0.5959,47.4456,18176900
2011-02-03,180,2010-05-20,2011-02-03,83.44,65.0934,65.7254,128.185,126.9525,56.57,83.91,-0.5601,47.4987,19647700
2011-02-04,180,2010-05-21,2011-02-04,83.28,65.2011,65.8529,127.7278,126.4637,56.57,83.91,-0.7508,47.2158,16558300
2011-02-07,180,2010-05-24,2011-02-07,83.93,65.3079,65.9809,128.5144,127.2034,56.57,83.93,0.0,48.3649,15304300
2011-02-08,180,2010-05-25,2011-02-08,82.98,65.4162,66.1076,126.8494,125.5227,56.57,83.93,-1.1319,46.6855,17463500
2011-02-09,180,2010-05-26,2011-02-09,82.55,65.5265,66.2344,125.9796,124.633,56.57,83.93,-1.6442,45.9254,15890900
2011-02-10,180,2010-05-27,2011-02-10,83.2,65.6422,66.3672,126.7477,125.3632,56.57,83.93,-0.8698,47.0744,21050500
2011-02-11,180,2010-05-28,2011-02-11,82.82,65.7428,66.4858,125.9758,124.5679,56.57,83.93,-1.3225,46.4027,15993500
2011-02-14,180,2010-06-01,2011-02-14,84.91,65.8574,66.6217,128.9302,127.451,56.57,84.91,0.0,50.0972,33108300
2011-02-15,180,2010-06-02,2011-02-15,82.97,65.9738,66.7534,125.762,124.2932,56.57,84.91,-2.2848,46.6678,25684600
2011-02-16,180,2010-06-03,2011-02-16,83.69,66.083,66.8808,126.6438,125.1331,56.57,84.91,-1.4368,47.9406,16673500
2011-02-17,180,2010-06-04,2011-02-17,83.88,66.188,67.0048,126.7299,125.1851,56.57,84.91,-1.2131,48.2765,17853500
2011-02-18,180,2010-06-07,2011-02-18,84.5,66.3091,67.1435,127.4336,125.8499,56.57,84.91,-0.4829,49.3725,22839500
2011-02-22,180,2010-06-08,2011-02-22,85.44,66.4353,67.2887,128.6063,126.9752,56.57,85.44,0.0,51.0341,32580400
2011-02-23,180,2010-06-09,2011-02-23,87.07,66.5543,67.4322,130.8255,129.1222,56.57,87.07,0.0,53.9155,38624600
2011-02-24,180,2010-06-10,2011-02-24,85.97,66.6782,67.5763,128.9326,127.2191,56.57,87.07,-1.2634,51.971,28577100
2011-02-25,180,2010-06-11,2011-02-25,85.34,66.7881,67.7066,127.7773,126.0438,56.57,87.07,-1.9869,50.8573,22230300
2011-02-28,180,2010-06-14,2011-02-28,85.53,66.8991,67.8381,127.8492,126.0796,56.57,87.07,-1.7687,51.1932,24507000
2011-03-01,180,2010-06-15,2011-03-01,84.8,67.0113,67.9683,126.5459,124.7641,56.57,87.07,-2.6071,49.9028,23001800
2011-03-02,180,2010-06-16,2011-03-02,85.08,67.1173,68.0937,126.7632,124.9455,56.57,87.07,-2.2855,50.3977,17423600
2011-03-03,180,2010-06-17,2011-03-03,85.82,67.2262,68.2232,127.6585,125.793,56.57,87.07,-1.4356,51.7059,17153500
2011-03-04,180,2010-06-18,2011-03-04,85.08,67.3324,68.3481,126.3583,124.4805,56.57,87.07,-2.2855,50.3977,20028600
2011-03-07,180,2010-06-21,2011-03-07,84.72,67.4344,68.4682,125.6333,123.7363,56.57,87.07,-2.699,49.7614,18062700
2011-03-08,180,2010-06-22,2011-03-08,84.6,67.5361,68.5874,125.2664,123.3462,56.57,87.07,-2.8368,49.5492,17658200
2011-03-09,180,2010-06-23,2011-03-09,84.38,67.6451,68.7121,124.7393,122.8022,56.57,87.07,-3.0895,49.1603,13306600
2011-03-10,180,2010-06-24,2011-03-10,81.38,67.7489,68.8248,120.12,118.2423,56.57,87.07,-6.535,43.8572,25996300
2011-03-11,180,2010-06-25,2011-03-11,82.12,67.8631,68.9473,121.0084,119.1055,56.57,87.07,-5.6851,45.1653,17607100
2011-03-14,180,2010-06-28,2011-03-14,82.38,67.9856,69.0766,121.1727,119.2589,56.57,87.07,-5.3865,45.6249,16383200
2011-03-15,180,2010-06-29,2011-03-15,81.39,68.1095,69.2039,119.4987,117.6089,56.57,87.07,-6.5235,43.8748,23191300
2011-03-16,180,2010-06-30,2011-03-16,79.31,68.2347,69.3263,116.2313,114.4011,56.57,87.07,-8.9124,40.198,33396500
2011-03-17,180,2010-07-01,2011-03-17,81.16,68.3695,69.4601,118.708,116.844,56.57,87.07,-6.7876,43.4683,21941300
2011-03-18,180,2010-07-02,2011-03-18,80.85,68.5073,69.5948,118.0167,116.1725,56.57,87.07,-7.1437,42.9203,28895900
2011-03-21,180,2010-07-06,2011-03-21,82.84,68.6537,69.7407,120.6635,118.7828,57.46,87.07,-4.8582,44.1699,18207000
2011-03-22,180,2010-07-07,2011-03-22,82.56,68.7926,69.8802,120.013,118.1451,57.96,87.07,-5.1797,42.4431,16209700
2011-03-23,180,2010-07-08,2011-03-23,82.6,68.9245,70.0144,119.8413,117.9757,57.96,87.07,-5.1338,42.5121,15390600
2011-03-24,180,2010-07-09,2011-03-24,82.73,69.0545,70.1473,119.804,117.9375,57.96,87.07,-4.9845,42.7364,17009000
2011-03-25,180,2010-07-12,2011-03-25,83.62,69.1886,70.2853,120.858,118.9722,57.96,87.07,-3.9623,44.2719,16497300
2011-03-28,180,2010-07-13,2011-03-28,83.47,69.3215,70.4216,120.41,118.529,57.96,87.07,-4.1346,44.0131,14608200
2011-03-29,180,2010-07-14,2011-03-29,83.25,69.4503,70.554,119.8698,117.9947,57.96,87.07,-4.3873,43.6335,16277400
2011-03-30,180,2010-07-15,2011-03-30,84.49,69.5856,70.6942,121.4188,119.5148,57.96,87.07,-2.9631,45.7729,15770400
2011-03-31,180,2010-07-16,2011-03-31,84.13,69.72,70.8323,120.6684,118.7735,57.96,87.07,-3.3766,45.1518,15317800
2011-04-01,180,2010-07-19,2011-04-01,84.68,69.8673,70.9807,121.2011,119.3,58.17,87.07,-2.7449,45.5733,15531500
2011-04-04,180,2010-07-20,2011-04-04,84.87,70.0122,71.1276,121.2217,119.3208,58.17,87.07,-2.5267,45.9,13096100
2011-04-05,180,2010-07-21,2011-04-05,85.42,70.1557,71.2747,121.7578,119.8462,58.17,87.07,-1.895,46.8455,17122600
2011-04-06,180,2010-07-22,2011-04-06,85.18,70.305,71.4247,121.1578,119.2584,58.48,87.07,-2.1707,45.6566,13339700
2011-04-07,180,2010-07-23,2011-04-07,85.76,70.4476,71.5713,121.7359,119.8246,58.48,87.07,-1.5045,46.6484,16006700
2011-04-08,180,2010-07-26,2011-04-08,85.95,70.5887,71.717,121.7616,119.8461,58.48,87.07,-1.2863,46.9733,15943200
2011-04-11,180,2010-07-27,2011-04-11,85.16,70.7223,71.8546,120.4146,118.5171,58.48,87.07,-2.1936,45.6224,13026500
2011-04-12,180,2010-07-28,2011-04-12,83.18,70.8454,71.9789,117.4105,115.5617,58.48,87.07,-4.4677,42.2367,20728800
2011-04-13,180,2010-07-29,2011-04-13,83.16,70.9681,72.1025,117.1794,115.3358,58.48,87.07,-4.4906,42.2025,14489400
2011-04-14,180,2010-07-30,2011-04-14,83.44,71.0967,72.2308,117.3612,115.5185,58.48,87.07,-4.1691,42.6813,15717500
2011-04-15,180,2010-08-02,2011-04-15,84.29,71.2344,72.3676,118.3277,116.4748,58.48,87.07,-3.1928,44.1347,17022500
2011-04-18,180,2010-08-03,2011-04-18,83.1,71.3505,72.4851,116.4674,114.6442,58.48,87.07,-4.5596,42.0999,15107300
2011-04-19,180,2010-08-04,2011-04-19,83.8,71.4641,72.6022,117.2617,115.4235,58.48,87.07,-3.7556,43.2969,12770800
2011-04-20,180,2010-08-05,2011-04-20,85.65,71.5854,72.7296,119.6473,117.765,58.48,87.07,-1.6309,46.4603,15447600
2011-04-21,180,2010-08-06,2011-04-21,86.36,71.7099,72.861,120.4296,118.5271,58.48,87.07,-0.8154,47.6744,12797200
2011-04-25,180,2010-08-09,2011-04-25,86.22,71.8398,72.9957,120.017,118.1165,58.48,87.07,-0.9762,47.435,9852800
2011-04-26,180,2010-08-10,2011-04-26,87.42,71.9712,73.1344,121.4652,119.5333,58.48,87.42,0.0,49.487,17908800
2011-04-27,180,2010-08-11,2011-04-27,87.78,72.1083,73.2781,121.7335,119.7903,58.48,87.78,0.0,50.1026,17755800
2011-04-28,180,2010-08-12,2011-04-28,87.34,72.2562,73.4278,120.8754,118.9468,58.48,87.78,-0.5013,49.3502,18705300
2011-04-29,180,2010-08-13,2011-04-29,87.98,72.4084,73.5819,121.5052,119.5674,58.48,87.98,0.0,50.4446,17352300
2011-05-02,180,2010-08-16,2011-05-02,86.97,72.56,73.7323,119.8594,117.9538,58.48,87.98,-1.148,48.7175,18651200
2011-05-03,180,2010-08-17,2011-05-03,85.62,72.7072,73.8753,117.7601,115.898,58.48,87.98,-2.6824,46.409,18417100
2011-05-04,180,2010-08-18,2011-05-04,84.81,72.844,74.0086,116.4269,114.5949,58.48,87.98,-3.6031,45.0239,22867000
2011-05-05,180,2010-08-19,2011-05-05,82.62,72.9775,74.1334,113.2129,111.4478,58.48,87.98,-6.0923,41.2791,27491200
2011-05-06,180,2010-08-20,2011-05-06,82.69,73.119,74.2634,113.0896,111.3469,58.48,87.98,-6.0127,41.3988,26314700
2011-05-09,180,2010-08-23,2011-05-09,83.18,73.2666,74.3983,113.5306,111.8036,58.48,87.98,-5.4558,42.2367,18254600
2011-05-10,180,2010-08-24,2011-05-10,83.34,73.4103,74.5308,113.5263,111.8196,58.48,87.98,-5.2739,42.5103,17695700
2011-05-11,180,2010-08-25,2011-05-11,81.12,73.5494,74.654,110.2932,108.6613,58.48,87.98,-7.7972,38.7141,24192000
2011-05-12,180,2010-08-26,2011-05-12,81.05,73.689,74.777,109.9892,108.3889,58.48,87.98,-7.8768,38.5944,21853600
2011-05-13,180,2010-08-27,2011-05-13,80.87,73.8321,74.9014,109.5322,107.9686,59.0,87.98,-8.0814,37.0678,17628500
2011-05-16,180,2010-08-30,2011-05-16,80.24,73.9614,75.0149,108.4891,106.9654,59.0,87.98,-8.7975,36.0,16435100
2011-05-17,180,2010-08-31,2011-05-17,80.41,74.0988,75.1339,108.5173,107.0223,59.11,87.98,-8.6042,36.0345,18067800
2011-05-18,180,2010-09-01,2011-05-18,81.74,74.2419,75.2596,110.0995,108.6107,60.55,87.98,-7.0925,34.9959,17957000
2011-05-19,180,2010-09-02,2011-05-19,82.33,74.3729,75.3786,110.6989,109.222,60.55,87.98,-6.4219,35.9703,15229100
2011-05-20,180,2010-09-03,2011-05-20,81.57,74.4997,75.4926,109.4904,108.0504,60.55,87.98,-7.2857,34.7151,19003400
2011-05-23,180,2010-09-07,2011-05-23,80.67,74.6205,75.6001,108.107,106.7063,60.55,87.98,-8.3087,33.2287,16288500
2011-05-24,180,2010-09-08,2011-05-24,81.29,74.7511,75.7153,108.7476,107.3627,60.75,87.98,-7.604,33.8107,15687300
2011-05-25,180,2010-09-09,2011-05-25,81.96,74.8836,75.8331,109.4499,108.0794,60.78,87.98,-6.8425,34.847,19347200
2011-05-26,180,2010-09-10,2011-05-26,82.39,75.016,75.9517,109.8299,108.4769,60.78,87.98,-6.3537,35.5545,16873700
2011-05-27,180,2010-09-13,2011-05-27,82.63,75.1487,76.0707,109.9553,108.6226,60.78,87.98,-6.0809,35.9493,11949100
2011-05-31,180,2010-09-14,2011-05-31,83.47,75.2874,76.1956,110.8685,109.5471,60.78,87.98,-5.1262,37.3314,23630700
2011-06-01,180,2010-09-15,2011-06-01,82.03,75.4199,76.3123,108.7644,107.4925,60.78,87.98,-6.7629,34.9622,19550200
2011-06-02,180,2010-09-16,2011-06-02,81.33,75.5496,76.4253,107.6511,106.4177,60.78,87.98,-7.5585,33.8105,18152600
2011-06-03,180,2010-09-17,2011-06-03,81.18,75.6793,76.5376,107.2684,106.0656,60.78,87.98,-7.729,33.5637,17281200
2011-06-06,180,2010-09-20,2011-06-06,80.29,75.8067,76.6459,105.9141,104.7544,61.15,87.98,-8.7406,31.3001,15954300
2011-06-07,180,2010-09-21,2011-06-07,80.0,75.9265,76.7484,105.365,104.2366,61.15,87.98,-9.0702,30.8258,16188100
2011-06-08,180,2010-09-22,2011-06-08,80.76,76.0506,76.8552,106.1925,105.0807,61.15,87.98,-8.2064,32.0687,23567300
2011-06-09,180,2010-09-23,2011-06-09,81.18,76.1779,76.9648,106.5663,105.4767,61.15,87.98,-7.729,32.7555,17665100
2011-06-10,180,2010-09-24,2011-06-10,79.78,76.3012,77.0683,104.5593,103.5185,61.59,87.98,-9.3203,29.534,18965900
2011-06-13,180,2010-09-27,2011-06-13,79.23,76.417,77.1654,103.6812,102.6755,61.59,87.98,-9.9454,28.641,17854200
2011-06-14,180,2010-09-28,2011-06-14,80.38,76.5393,77.2692,105.018,104.026,61.59,87.98,-8.6383,30.5082,16443400
2011-06-15,180,2010-09-29,2011-06-15,78.66,76.6501,77.3614,102.6222,101.6786,61.59,87.98,-10.5933,27.7155,21713900
2011-06-16,180,2010-09-30,2011-06-16,79.22,76.7682,77.4593,103.1938,102.273,61.79,87.98,-9.9568,28.2084,19037500
2011-06-17,180,2010-10-01,2011-06-17,79.02,76.8839,77.5551,102.7783,101.8889,62.19,87.98,-10.1841,27.0622,25441200
2011-06-20,180,2010-10-04,2011-06-20,79.71,76.9972,77.6504,103.5232,102.6523,62.19,87.98,-9.3999,28.1717,15836400
2011-06-21,180,2010-10-05,2011-06-21,80.57,77.1182,77.7526,104.476,103.6236,63.26,87.98,-8.4224,27.3633,17897300
2011-06-22,180,2010-10-06,2011-06-22,79.82,77.2267,77.8446,103.358,102.5377,63.85,87.98,-9.2748,25.0118,18599700
2011-06-23,180,2010-10-07,2011-06-23,78.44,77.3226,77.9251,101.4451,100.6608,63.85,87.98,-10.8434,22.8504,30032800
2011-06-24,180,2010-10-08,2011-06-24,76.78,77.4103,77.9969,99.1857,98.4398,64.38,87.98,-12.7302,19.2606,36292700
2011-06-27,180,2010-10-11,2011-06-27,77.92,77.5003,78.0722,100.5416,99.8051,64.55,87.98,-11.4344,20.7126,20606900
2011-06-28,180,2010-10-12,2011-06-28,79.63,77.5983,78.1559,102.6182,101.886,64.7,87.98,-9.4908,23.0757,18421500
2011-06-29,180,2010-10-13,2011-06-29,80.25,77.6986,78.2423,103.2837,102.566,65.04,87.98,-8.7861,23.3856,18899900
2011-06-30,180,2010-10-14,2011-06-30,81.38,77.8023,78.3331,104.5984,103.8897,65.12,87.98,-7.5017,24.9693,19942100
2011-07-01,180,2010-10-15,2011-07-01,82.01,77.9074,78.4259,105.266,104.57,65.12,87.98,-6.7856,25.9367,18050100
2011-07-05,180,2010-10-18,2011-07-05,81.6,78.0115,78.5171,104.5999,103.9264,65.12,87.98,-7.2517,25.3071,18859600
2011-07-06,180,2010-10-19,2011-07-06,81.57,78.1073,78.6021,104.4333,103.7759,65.12,87.98,-7.2857,25.2611,15042600
2011-07-07,180,2010-10-20,2011-07-07,82.36,78.2164,78.6978,105.2977,104.6535,65.67,87.98,-6.3878,25.415,18379200
2011-07-08,180,2010-10-21,2011-07-08,82.42,78.319,78.789,105.2362,104.6085,65.67,87.98,-6.3196,25.5063,18336500
2011-07-11,180,2010-10-22,2011-07-11,81.9,78.4169,78.8756,104.4418,103.8345,65.67,87.98,-6.9107,24.7145,20717000
2011-07-12,180,2010-10-25,2011-07-12,81.89,78.5148,78.9619,104.2988,103.7082,65.67,87.98,-6.922,24.6993,22639600
2011-07-13,180,2010-10-26,2011-07-13,82.48,78.617,79.0524,104.9136,104.3359,65.67,87.98,-6.2514,25.5977,19015100
2011-07-14,180,2010-10-27,2011-07-14,82.24,78.7158,79.1397,104.4772,103.9175,65.67,87.98,-6.5242,25.2322,19413200
2011-07-15,180,2010-10-28,2011-07-15,83.0,78.8254,79.2359,105.2961,104.7504,66.22,87.98,-5.6604,25.3398,22705100
2011-07-18,180,2010-10-29,2011-07-18,82.65,78.9291,79.3272,104.7142,104.1887,66.49,87.98,-6.0582,24.3044,17343500
2011-07-19,180,2010-11-01,2011-07-19,83.63,79.0359,79.4224,105.8126,105.2977,66.95,87.98,-4.9443,24.9141,16424900
2011-07-20,180,2010-11-02,2011-07-20,83.3,79.1378,79.5133,105.2594,104.7624,67.84,87.98,-5.3194,22.7889,12808400
2011-07-21,180,2010-11-03,2011-07-21,85.02,79.2416,79.6087,107.2921,106.7973,67.97,87.98,-3.3644,25.0846,21359700
2011-07-22,180,2010-11-04,2011-07-22,85.22,79.3456,79.7046,107.4035,106.9199,68.94,87.98,-3.1371,23.6147,13152600
2011-07-25,180,2010-11-05,2011-07-25,84.57,79.4363,79.7889,106.4627,105.9921,68.94,87.98,-3.8759,22.6719,14007600
2011-07-26,180,2010-11-08,2011-07-26,84.37,79.5217,79.8688,106.0969,105.6358,68.94,87.98,-4.1032,22.3818,16226700
2011-07-27,180,2010-11-09,2011-07-27,83.31,79.5996,79.9409,104.6613,104.2144,68.94,87.98,-5.308,20.8442,19820600
2011-07-28,180,2010-11-10,2011-07-28,81.46,79.6659,80.0011,102.252,101.8236,68.94,87.98,-7.4108,18.1607,24556600
2011-07-29,180,2010-11-11,2011-07-29,79.79,79.7198,80.0492,100.0881,99.6762,68.94,87.98,-9.3089,15.7383,26609000
2011-08-01,180,2010-11-12,2011-08-01,79.6,79.7678,80.0924,99.7897,99.3852,68.94,87.98,-9.5249,15.4627,22864500
2011-08-02,180,2010-11-15,2011-08-02,77.84,79.8116,80.1304,97.5296,97.1416,68.94,87.98,-11.5254,12.9098,28410500
2011-08-03,180,2010-11-16,2011-08-03,77.72,79.8584,80.1707,97.3222,96.9432,68.94,87.98,-11.6617,12.7357,28373000
2011-08-04,180,2010-11-17,2011-08-04,73.84,79.8926,80.1979,92.4241,92.0722,68.98,87.98,-16.0718,7.0455,42624200
2011-08-05,180,2010-11-18,2011-08-05,74.82,79.9325,80.2302,93.604,93.2567,68.98,87.98,-14.9579,8.4662,47167500
2011-08-08,180,2010-11-19,2011-08-08,70.19,79.9316,80.2295,87.8126,87.4865,68.98,87.98,-20.2205,1.7541,58857600
2011-08-09,180,2010-11-22,2011-08-09,71.64,79.9393,80.2356,89.618,89.287,68.98,87.98,-18.5724,3.8562,61753300
2011-08-10,180,2010-11-23,2011-08-10,68.03,79.9233,80.2236,85.1191,84.8005,68.03,87.98,-22.6756,0.0,47758300
2011-08-11,180,2010-11-24,2011-08-11,71.58,79.942,80.2381,89.5399,89.2095,68.03,87.98,-18.6406,5.2183,50328600
2011-08-12,180,2010-11-26,2011-08-12,72.0,79.9569,80.2498,90.0485,89.7198,68.03,87.98,-18.1632,5.8357,31129000
2011-08-15,180,2010-11-29,2011-08-15,74.29,79.9919,80.2779,92.8719,92.541,68.03,87.98,-15.5604,9.2018,23388200
2011-08-16,180,2010-11-30,2011-08-16,73.5,80.0201,80.3004,91.8519,91.5312,68.03,87.98,-16.4583,8.0406,26341400
2011-08-17,180,2010-12-01,2011-08-17,74.16,80.0518,80.326,92.64,92.3238,68.03,87.98,-15.7081,9.0107,18269400
2011-08-18,180,2010-12-02,2011-08-18,70.94,80.0491,80.3238,88.6206,88.3175,68.03,87.98,-19.368,4.2775,35457700
2011-08-19,180,2010-12-03,2011-08-19,69.8,80.0371,80.3145,87.2095,86.9083,68.03,87.98,-20.6638,2.6018,34935300
2011-08-22,180,2010-12-06,2011-08-22,70.18,80.0299,80.3089,87.6922,87.3876,68.03,87.98,-20.2319,3.1604,27202900
2011-08-23,180,2010-12-07,2011-08-23,73.66,80.0458,80.3219,92.0223,91.706,68.03,87.98,-16.2764,8.2758,38059600
2011-08-24,180,2010-12-08,2011-08-24,73.54,80.0599,80.3335,91.8562,91.5434,68.03,87.98,-16.4128,8.0994,22752900
2011-08-25,180,2010-12-09,2011-08-25,71.77,80.0594,80.3331,89.646,89.3406,68.03,87.98,-18.4246,5.4976,30924500
2011-08-26,180,2010-12-10,2011-08-26,72.64,80.0637,80.3366,90.7277,90.4195,68.03,87.98,-17.4358,6.7764,26974400
2011-08-29,180,2010-12-13,2011-08-29,74.12,80.0767,80.3474,92.5613,92.2494,68.03,87.98,-15.7536,8.9519,18967100
2011-08-30,180,2010-12-14,2011-08-30,73.91,80.087,80.356,92.2872,91.9782,68.03,87.98,-15.9923,8.6433,22437000
2011-08-31,180,2010-12-15,2011-08-31,74.02,80.0993,80.3662,92.4103,92.1034,68.03,87.98,-15.8672,8.8049,29189000
2011-09-01,180,2010-12-16,2011-09-01,73.49,80.1103,80.3753,91.736,91.4335,68.03,87.98,-16.4697,8.0259,23393500
2011-09-02,180,2010-12-17,2011-09-02,72.14,80.1098,80.3749,90.0514,89.7544,68.03,87.98,-18.0041,6.0415,21071800
2011-09-06,180,2010-12-20,2011-09-06,71.15,80.1027,80.3692,88.8235,88.5289,68.03,87.98,-19.1293,4.5862,25416300
2011-09-07,180,2010-12-21,2011-09-07,73.65,80.1123,80.3772,91.9335,91.6305,68.03,87.98,-16.2878,8.2611,23108400
2011-09-08,180,2010-12-22,2011-09-08,72.82,80.113,80.3777,90.8967,90.5972,68.03,87.98,-17.2312,7.041,22434800
2011-09-09,180,2010-12-23,2011-09-09,71.01,80.1006,80.3678,88.651,88.3563,68.03,87.98,-19.2885,4.3804,27969100
2011-09-12,180,2010-12-27,2011-09-12,71.84,80.0914,80.3602,89.6975,89.3975,68.03,87.98,-18.3451,5.6005,26205800
2011-09-13,180,2010-12-28,2011-09-13,71.65,80.0821,80.3527,89.4707,89.1694,68.03,87.98,-18.561,5.3212,22825400
2011-09-14,180,2010-12-29,2011-09-14,72.64,80.0769,80.3483,90.7128,90.4064,68.03,87.98,-17.4358,6.7764,26042800
2011-09-15,180,2010-12-30,2011-09-15,74.01,80.0811,80.3519,92.4188,92.1074,68.03,87.98,-15.8786,8.7902,21858300
2011-09-16,180,2010-12-31,2011-09-16,74.55,80.0889,80.3585,93.0841,92.7718,68.03,87.98,-15.2648,9.584,34652600
2011-09-19,180,2011-01-03,2011-09-19,73.7,80.0927,80.3617,92.0184,91.7103,68.03,87.98,-16.231,8.3346,19822500
2011-09-20,180,2011-01-04,2011-09-20,74.01,80.0892,80.3587,92.4094,92.0995,68.03,87.98,-15.8786,8.7902,20420000
2011-09-21,180,2011-01-05,2011-09-21,71.97,80.0699,80.3424,89.884,89.5791,68.03,87.98,-18.1973,5.7916,23806200
2011-09-22,180,2011-01-06,2011-09-22,69.24,80.0323,80.3121,86.5151,86.2136,68.03,87.98,-21.3003,1.7786,43223000
2011-09-23,180,2011-01-07,2011-09-23,69.31,79.9922,80.2795,86.6459,86.3359,68.03,87.98,-21.2207,1.8815,26583200
2011-09-26,180,2011-01-10,2011-09-26,71.72,79.9668,80.258,89.6872,89.3618,68.03,87.98,-18.4815,5.4241,30342400
2011-09-27,180,2011-01-11,2011-09-27,72.91,79.9524,80.2457,91.1917,90.8585,68.03,87.98,-17.1289,7.1733,26689900
2011-09-28,180,2011-01-12,2011-09-28,72.07,79.9289,80.2256,90.1677,89.8342,68.03,87.98,-18.0837,5.9386,26026500
2011-09-29,180,2011-01-13,2011-09-29,73.88,79.9119,80.2106,92.4518,92.1076,68.03,87.98,-16.0264,8.5991,27713900
2011-09-30,180,2011-01-14,2011-09-30,72.63,79.886,80.1879,90.9171,90.5748,68.03,87.98,-17.4472,6.7617,30917000
2011-10-03,180,2011-01-18,2011-10-03,71.15,79.8432,80.1507,89.1122,88.7703,68.03,87.98,-19.1293,4.5862,31004200
2011-10-04,180,2011-01-19,2011-10-04,72.83,79.8069,80.1181,91.2578,90.9034,68.03,87.98,-17.2198,7.0557,36500000
2011-10-05,180,2011-01-20,2011-10-05,73.95,79.7806,80.0942,92.6917,92.3288,68.03,87.98,-15.9468,8.702,28239800
2011-10-06,180,2011-01-21,2011-10-06,73.89,79.7569,80.0728,92.644,92.2786,68.03,87.98,-16.015,8.6138,24869800
2011-10-07,180,2011-01-24,2011-10-07,73.56,79.7239,80.0427,92.2684,91.901,68.03,87.98,-16.3901,8.1288,23573900
2011-10-10,180,2011-01-25,2011-10-10,76.28,79.7103,80.0298,95.6965,95.3145,68.03,87.98,-13.2985,12.127,20465800
2011-10-11,180,2011-01-26,2011-10-11,76.27,79.6961,80.0164,95.701,95.3179,68.03,87.98,-13.3098,12.1123,17862100
2011-10-12,180,2011-01-27,2011-10-12,77.16,79.6818,80.0026,96.8352,96.4469,68.03,87.98,-12.2982,13.4206,22239000
2011-10-13,180,2011-01-28,2011-10-13,76.37,79.6615,79.9831,95.8681,95.4827,68.03,87.98,-13.1962,12.2593,19540300
2011-10-14,180,2011-01-31,2011-10-14,78.11,79.6565,79.9782,98.0586,97.6642,68.03,87.98,-11.2185,14.817,17870600
2011-10-17,180,2011-02-01,2011-10-17,77.47,79.6384,79.9603,97.2772,96.8855,68.03,87.98,-11.9459,13.8762,18836200
2011-10-18,180,2011-02-02,2011-10-18,78.89,79.6117,79.9324,99.0935,98.6958,68.03,87.98,-10.3319,15.9635,23878500
2011-10-19,180,2011-02-03,2011-10-19,78.43,79.5849,79.9048,98.5489,98.1543,68.03,87.98,-10.8547,15.2874,20910900
2011-10-20,180,2011-02-04,2011-10-20,78.71,79.5595,79.8785,98.9322,98.5372,68.03,87.98,-10.5365,15.699,22227600
2011-10-21,180,2011-02-07,2011-10-21,80.13,79.5429,79.861,100.738,100.3368,68.03,87.98,-8.9225,17.7863,27855300
2011-10-24,180,2011-02-08,2011-10-24,80.17,79.5233,79.8401,100.8132,100.4132,68.03,87.98,-8.877,17.8451,19861100
2011-10-25,180,2011-02-09,2011-10-25,79.44,79.5044,79.8204,99.9189,99.5234,68.03,87.98,-9.7068,16.772,23433400
2011-10-26,180,2011-02-10,2011-10-26,81.07,79.4967,79.8122,101.9791,101.5759,68.03,87.98,-7.8541,19.168,27170500
2011-10-27,180,2011-02-11,2011-10-27,81.88,79.4899,79.8049,103.0068,102.6002,68.03,87.98,-6.9334,20.3587,35489500
2011-10-28,180,2011-02-14,2011-10-28,81.48,79.4829,79.7974,102.5126,102.1085,68.03,87.98,-7.388,19.7707,21753400
2011-10-31,180,2011-02-15,2011-10-31,78.09,79.4468,79.7596,98.2922,97.9068,68.03,87.98,-11.2412,14.7876,30616900
2011-11-01,180,2011-02-16,2011-11-01,75.94,79.4077,79.7205,95.633,95.2578,68.03,87.98,-13.6849,11.6272,35835000
2011-11-02,180,2011-02-17,2011-11-02,77.37,79.3735,79.6854,97.4758,97.0943,68.03,87.98,-12.0596,13.7292,21761300
2011-11-03,180,2011-02-18,2011-11-03,78.86,79.347,79.6575,99.3863,98.9988,68.03,87.98,-10.366,15.9195,24480600
2011-11-04,180,2011-02-22,2011-11-04,78.52,79.3155,79.6243,98.9971,98.6131,68.03,87.98,-10.7525,15.4197,18192800
2011-11-07,180,2011-02-23,2011-11-07,79.35,79.2841,79.5904,100.0831,99.6979,68.03,87.98,-9.8091,16.6397,17998100
2011-11-08,180,2011-02-24,2011-11-08,79.76,79.2474,79.5498,100.6469,100.2642,68.03,87.98,-9.343,17.2424,19023800
2011-11-09,180,2011-02-25,2011-11-09,77.39,79.2024,79.5022,97.7117,97.3433,68.03,87.98,-12.0368,13.7586,24130100
2011-11-10,180,2011-02-28,2011-11-10,78.7,79.1679,79.4653,99.4089,99.037,68.03,87.98,-10.5479,15.6843,18668800
2011-11-11,180,2011-03-01,2011-11-11,79.72,79.1383,79.433,100.7351,100.3613,68.03,87.98,-9.3885,17.1836,15134500
2011-11-14,180,2011-03-02,2011-11-14,78.96,79.108,79.4006,99.813,99.4451,68.03,87.98,-10.2523,16.0664,13589900
2011-11-15,180,2011-03-03,2011-11-15,79.09,79.077,79.3673,100.0164,99.6506,68.03,87.98,-10.1046,16.2575,19475000
2011-11-16,180,2011-03-04,2011-11-16,78.25,79.0379,79.3252,99.0032,98.6445,68.03,87.98,-11.0593,15.0228,20376800
2011-11-17,180,2011-03-07,2011-11-17,77.86,79.0001,79.2851,98.5569,98.2026,68.03,87.98,-11.5026,14.4495,25964300
2011-11-18,180,2011-03-08,2011-11-18,77.9,78.9643,79.2472,98.6522,98.3,68.03,87.98,-11.4572,14.5083,23104500
2011-11-21,180,2011-03-09,2011-11-21,76.91,78.9233,79.2045,97.449,97.1031,68.03,87.98,-12.5824,13.0531,20204200
2011-11-22,180,2011-03-10,2011-11-22,76.03,78.8783,79.1581,96.389,96.0483,68.03,87.98,-13.5826,11.7595,18925100
2011-11-23,180,2011-03-11,2011-11-23,74.58,78.8396,79.1203,94.5971,94.2615,68.03,87.98,-15.2307,9.6281,23331800
2011-11-25,180,2011-03-14,2011-11-25,73.9,78.7929,79.0747,93.7902,93.456,68.03,87.98,-16.0036,8.6286,10254500
2011-11-28,180,2011-03-15,2011-11-28,75.84,78.7568,79.0383,96.2965,95.9534,68.03,87.98,-13.7986,11.4802,20148600
2011-11-29,180,2011-03-16,2011-11-29,76.93,78.7322,79.0136,97.7109,97.363,68.03,87.98,-12.5597,13.0825,19768400
2011-11-30,180,2011-03-17,2011-11-30,80.44,78.7383,79.0198,102.1612,101.7972,68.03,87.98,-8.5701,18.242,33953000
2011-12-01,180,2011-03-18,2011-12-01,79.79,78.7311,79.0122,101.345,100.9844,68.03,87.98,-9.3089,17.2865,17261100
2011-12-02,180,2011-03-21,2011-12-02,79.79,78.7254,79.0063,101.3523,100.9919,68.03,87.98,-9.3089,17.2865,19461300
2011-12-05,180,2011-03-22,2011-12-05,80.45,78.713,78.9931,102.2067,101.8444,68.03,87.98,-8.5588,18.2566,18295000
2011-12-06,180,2011-03-23,2011-12-06,80.82,78.7041,78.9834,102.6885,102.3253,68.03,87.98,-8.1382,18.8005,20122700
2011-12-07,180,2011-03-24,2011-12-07,81.08,78.6963,78.9749,103.029,102.6655,68.03,87.98,-7.8427,19.1827,19643400
2011-12-08,180,2011-03-25,2011-12-08,79.87,78.6814,78.9591,101.5107,101.1537,68.03,87.98,-9.218,17.4041,18443600
2011-12-09,180,2011-03-28,2011-12-09,81.34,78.6698,78.9464,103.3941,103.0319,68.03,87.98,-7.5472,19.5649,21842300
2011-12-12,180,2011-03-29,2011-12-12,80.05,78.6523,78.9274,101.7771,101.4223,68.03,87.98,-9.0134,17.6687,17846500
2011-12-13,180,2011-03-30,2011-12-13,80.53,78.6383,78.9123,102.4056,102.05,68.03,87.98,-8.4678,18.3742,21873600
2011-12-14,180,2011-03-31,2011-12-14,79.44,78.6125,78.8842,101.0527,100.7046,68.03,87.98,-9.7068,16.772,23934400
2011-12-15,180,2011-04-01,2011-12-15,80.03,78.5916,78.8614,101.8303,101.4818,68.03,87.98,-9.0361,17.6393,17954200
2011-12-16,180,2011-04-04,2011-12-16,80.16,78.5687,78.8363,102.0253,101.679,68.03,87.98,-8.8884,17.8304,33465700
2011-12-19,180,2011-04-05,2011-12-19,79.53,78.5416,78.8067,101.2584,100.9179,68.03,87.98,-9.6045,16.9043,16048400
2011-12-20,180,2011-04-06,2011-12-20,82.0,78.5249,78.7877,104.4255,104.0772,68.03,87.98,-6.797,20.5351,21163300
2011-12-21,180,2011-04-07,2011-12-21,83.12,78.5149,78.7762,105.8652,105.5141,68.03,87.98,-5.524,22.1814,19160300
2011-12-22,180,2011-04-08,2011-12-22,84.29,78.5079,78.7681,107.3649,107.0104,68.03,87.98,-4.1941,23.9012,19841300
2011-12-23,180,2011-04-11,2011-12-23,85.22,78.5045,78.764,108.5542,108.1966,68.03,87.98,-3.1371,25.2683,10243800
2011-12-27,180,2011-04-12,2011-12-27,85.28,78.5051,78.7647,108.6299,108.2719,68.03,87.98,-3.0689,25.3565,10147100
2011-12-28,180,2011-04-13,2011-12-28,84.18,78.51,78.7702,107.222,106.8678,68.03,87.98,-4.3192,23.7395,12767500
2011-12-29,180,2011-04-14,2011-12-29,85.27,78.5202,78.7819,108.5963,108.2355,68.03,87.98,-3.0803,25.3418,10865900
2011-12-30,180,2011-04-15,2011-12-30,84.76,78.5266,78.7893,107.938,107.5781,68.03,87.98,-3.6599,24.5921,9768900
2012-01-03,180,2011-04-18,2012-01-03,86.0,78.5347,78.7988,109.5058,109.1387,68.03,87.98,-2.2505,26.4148,20906800
2012-01-04,180,2011-04-19,2012-01-04,86.02,78.5487,78.815,109.5117,109.1417,68.03,87.98,-2.2278,26.4442,16130900
2012-01-05,180,2011-04-20,2012-01-05,85.76,78.558,78.8259,109.1677,108.7967,68.03,87.98,-2.5233,26.062,17452800
2012-01-06,180,2011-04-21,2012-01-06,85.12,78.5555,78.8229,108.3565,107.9889,68.03,87.98,-3.2507,25.1213,15942100
2012-01-09,180,2011-04-25,2012-01-09,85.5,78.5515,78.8182,108.8458,108.4775,68.03,87.98,-2.8188,25.6798,11664200
2012-01-10,180,2011-04-26,2012-01-10,85.72,78.5492,78.8154,109.1291,108.7605,68.03,87.98,-2.5688,26.0032,13080800
2012-01-11,180,2011-04-27,2012-01-11,85.08,78.5384,78.8024,108.3292,107.9663,68.03,87.98,-3.2962,25.0625,14831400
2012-01-12,180,2011-04-28,2012-01-12,84.74,78.5244,78.7855,107.9155,107.5579,68.03,87.98,-3.6827,24.5627,17357200
2012-01-13,180,2011-04-29,2012-01-13,84.88,78.513,78.7718,108.1094,107.7542,68.03,87.98,-3.5235,24.7685,15551600
2012-01-17,180,2011-05-02,2012-01-17,85.69,78.5026,78.7591,109.1556,108.8001,68.03,86.97,-1.4718,25.9591,15627900
2012-01-18,180,2011-05-03,2012-01-18,86.45,78.5003,78.7562,110.127,109.7691,68.03,86.45,0.0,27.0763,16754200
2012-01-19,180,2011-05-04,2012-01-19,87.03,78.5068,78.7641,110.8567,110.4946,68.03,87.03,0.0,27.9289,16383500
2012-01-20,180,2011-05-05,2012-01-20,87.49,78.5191,78.7789,111.4251,111.0576,68.03,87.49,0.0,28.605,19220300
2012-01-23,180,2011-05-06,2012-01-23,87.47,78.5421,78.8059,111.367,110.9942,68.03,87.49,-0.0229,28.5756,15348400
2012-01-24,180,2011-05-09,2012-01-24,87.18,78.5635,78.8308,110.9676,110.5912,68.03,87.49,-0.3543,28.1493,12363800
2012-01-25,180,2011-05-10,2012-01-25,87.22,78.5826,78.8533,110.9915,110.6105,68.03,87.49,-0.3086,28.2081,18202300
2012-01-26,180,2011-05-11,2012-01-26,86.77,78.5988,78.8723,110.396,110.0132,68.03,87.49,-0.823,27.5467,15658200
2012-01-27,180,2011-05-12,2012-01-27,85.83,78.6221,78.8985,109.1678,108.7853,68.03,87.49,-1.8974,26.1649,15976700
2012-01-30,180,2011-05-13,2012-01-30,85.49,78.6441,78.9232,108.7049,108.3205,68.03,87.49,-2.286,25.6651,17867000
2012-01-31,180,2011-05-16,2012-01-31,83.74,78.6586,78.9391,106.46,106.0818,68.03,87.49,-4.2862,23.0928,27225800
2012-02-01,180,2011-05-17,2012-02-01,83.97,78.6777,78.9598,106.7266,106.3452,68.03,87.49,-4.0233,23.4308,22266100
2012-02-02,180,2011-05-18,2012-02-02,83.53,78.6937,78.9772,106.1458,105.7647,68.03,87.49,-4.5262,22.7841,18020500
2012-02-03,180,2011-05-19,2012-02-03,84.92,78.7094,78.9948,107.8905,107.5007,68.03,87.49,-2.9375,24.8273,16145400
2012-02-06,180,2011-05-20,2012-02-06,85.75,78.7261,79.0138,108.9219,108.5253,68.03,87.49,-1.9888,26.0473,15000900
2012-02-07,180,2011-05-23,2012-02-07,86.34,78.7494,79.0403,109.6389,109.2354,68.03,87.49,-1.3144,26.9146,15818400
2012-02-08,180,2011-05-24,2012-02-08,85.32,78.7727,79.0662,108.3116,107.9096,68.03,87.49,-2.4803,25.4153,14762600
2012-02-09,180,2011-05-25,2012-02-09,84.88,78.7907,79.0861,107.7285,107.326,68.03,87.49,-2.9832,24.7685,17073400
2012-02-10,180,2011-05-26,2012-02-10,83.8,78.7999,79.0963,106.3453,105.9468,68.03,87.49,-4.2176,23.181,15328900
2012-02-13,180,2011-05-27,2012-02-13,84.42,78.81,79.1076,107.1184,106.7154,68.03,87.49,-3.509,24.0923,11473700
2012-02-14,180,2011-05-31,2012-02-14,84.67,78.82,79.1189,107.4219,107.0161,68.03,87.49,-3.2232,24.4598,12961900
2012-02-15,180,2011-06-01,2012-02-15,84.12,78.8232,79.1226,106.7198,106.3161,68.03,87.49,-3.8519,23.6513,13911600
2012-02-16,180,2011-06-02,2012-02-16,85.41,78.8399,79.1413,108.3335,107.9209,68.03,87.49,-2.3774,25.5476,14769600
2012-02-17,180,2011-06-03,2012-02-17,85.62,78.8612,79.1652,108.5706,108.1536,68.03,87.49,-2.1374,25.8562,16597200
2012-02-21,180,2011-06-06,2012-02-21,86.57,78.8877,79.1951,109.7383,109.3123,68.03,87.49,-1.0515,27.2527,15481300
2012-02-22,180,2011-06-07,2012-02-22,86.92,78.9205,79.2319,110.1361,109.7032,68.03,87.49,-0.6515,27.7672,11983200
2012-02-23,180,2011-06-08,2012-02-23,87.02,78.9554,79.2709,110.2141,109.7754,68.03,87.49,-0.5372,27.9142,12404600
2012-02-24,180,2011-06-09,2012-02-24,87.34,78.9877,79.3075,110.5741,110.1283,68.03,87.49,-0.1715,28.3845,10767100
2012-02-27,180,2011-06-10,2012-02-27,87.23,79.0174,79.3411,110.3934,109.943,68.03,87.49,-0.2972,28.2228,13323500
2012-02-28,180,2011-06-13,2012-02-28,87.14,79.0541,79.382,110.2283,109.773,68.03,87.49,-0.4,28.0905,14317600
2012-02-29,180,2011-06-14,2012-02-29,86.5,79.091,79.4224,109.3677,108.9114,68.03,87.49,-1.1316,27.1498,18293200
2012-03-01,180,2011-06-15,2012-03-01,86.83,79.1231,79.4582,109.7404,109.2776,68.03,87.49,-0.7544,27.6349,12638500
2012-03-02,180,2011-06-16,2012-03-02,86.33,79.1624,79.5008,109.0543,108.5901,68.03,87.49,-1.3259,26.8999,11343400
2012-03-05,180,2011-06-17,2012-03-05,87.01,79.2018,79.5441,109.8587,109.3858,68.03,87.49,-0.5486,27.8995,12803100
2012-03-06,180,2011-06-20,2012-03-06,85.86,79.2369,79.5821,108.3586,107.8886,68.03,87.49,-1.8631,26.209,16507900
2012-03-07,180,2011-06-21,2012-03-07,85.83,79.2681,79.6161,108.2781,107.8048,68.03,87.49,-1.8974,26.1649,14767700
2012-03-08,180,2011-06-22,2012-03-08,84.83,79.2899,79.6398,106.9872,106.5171,68.03,87.49,-3.0403,24.695,19032000
2012-03-09,180,2011-06-23,2012-03-09,84.3,79.3131,79.6647,106.2876,105.8186,68.03,87.49,-3.6461,23.9159,17042500
2012-03-12,180,2011-06-24,2012-03-12,85.55,79.3502,79.7042,107.8132,107.3344,68.03,87.49,-2.2174,25.7534,19014000
2012-03-13,180,2011-06-27,2012-03-13,86.86,79.4031,79.7602,109.3912,108.9015,68.03,87.49,-0.7201,27.679,16853300
2012-03-14,180,2011-06-28,2012-03-14,86.02,79.4455,79.8052,108.2755,107.7875,68.03,87.49,-1.6802,26.4442,16187300
2012-03-15,180,2011-06-29,2012-03-15,86.09,79.4785,79.8411,108.3186,107.8267,68.03,87.49,-1.6002,26.5471,14523600
2012-03-16,180,2011-06-30,2012-03-16,86.44,79.5098,79.8754,108.7161,108.2185,68.03,87.49,-1.2001,27.0616,30991300
2012-03-19,180,2011-07-01,2012-03-19,86.99,79.5377,79.9066,109.3695,108.8646,68.03,87.49,-0.5715,27.8701,10770400
2012-03-20,180,2011-07-05,2012-03-20,86.6,79.5604,79.9321,108.8481,108.3419,68.03,87.49,-1.0173,27.2968,13613800
2012-03-21,180,2011-07-06,2012-03-21,86.01,79.5825,79.9566,108.0765,107.5708,68.03,87.49,-1.6916,26.4295,14212400
2012-03-22,180,2011-07-07,2012-03-22,85.33,79.6015,79.9775,107.1965,106.6925,68.03,87.49,-2.4688,25.43,13884400
2012-03-23,180,2011-07-08,2012-03-23,85.55,79.6175,79.9952,107.4513,106.9439,68.03,87.49,-2.2174,25.7534,12557700
2012-03-26,180,2011-07-11,2012-03-26,87.03,79.6401,80.0208,109.2791,108.7592,68.03,87.49,-0.5258,27.9289,17336800
2012-03-27,180,2011-07-12,2012-03-27,86.62,79.6635,80.0471,108.7323,108.2114,68.03,87.49,-0.9944,27.3262,12509200
2012-03-28,180,2011-07-13,2012-03-28,85.86,79.6835,80.0691,107.7514,107.2324,68.03,87.49,-1.8631,26.209,16155300
2012-03-29,180,2011-07-14,2012-03-29,86.08,79.7013,80.0891,108.0032,107.4803,68.03,87.49,-1.6116,26.5324,13199700
2012-03-30,180,2011-07-15,2012-03-30,86.73,79.7236,80.1141,108.7884,108.2582,68.03,87.49,-0.8687,27.4879,12968300
2012-04-02,180,2011-07-18,2012-04-02,87.07,79.7435,80.1367,109.1876,108.6519,68.03,87.49,-0.4801,27.9877,13853300
2012-04-03,180,2011-07-19,2012-04-03,85.83,79.7593,80.1543,107.6113,107.0809,68.03,87.49,-1.8974,26.1649,17714900
2012-04-04,180,2011-07-20,2012-04-04,84.98,79.766,80.1618,106.5366,106.0106,68.03,87.49,-2.8689,24.9155,17112800
2012-04-05,180,2011-07-21,2012-04-05,84.82,79.7736,80.1703,106.3259,105.7998,68.03,87.49,-3.0518,24.6803,11954700
2012-04-09,180,2011-07-22,2012-04-09,83.88,79.768,80.1639,105.155,104.6356,68.03,87.49,-4.1262,23.2985,11027000
2012-04-10,180,2011-07-25,2012-04-10,82.17,79.7526,80.147,103.0312,102.5241,68.03,87.49,-6.0807,20.7849,19993700
2012-04-11,180,2011-07-26,2012-04-11,82.7,79.7431,80.1366,103.708,103.1988,68.03,87.49,-5.4749,21.564,15856200
2012-04-12,180,2011-07-27,2012-04-12,83.6,79.7393,80.1323,104.8417,104.3274,68.03,87.49,-4.4462,22.887,15266200
2012-04-13,180,2011-07-28,2012-04-13,82.95,79.7374,80.1303,104.0289,103.5188,68.03,87.49,-5.1892,21.9315,13856500
2012-04-16,180,2011-07-29,2012-04-16,84.01,79.7506,80.1445,105.3409,104.8232,68.03,87.49,-3.9776,23.4896,17526100
2012-04-17,180,2011-08-01,2012-04-17,85.45,79.7799,80.1759,107.1071,106.5781,68.03,87.49,-2.3317,25.6063,14208000
2012-04-18,180,2011-08-02,2012-04-18,85.75,79.8118,80.2101,107.4402,106.9067,68.03,87.49,-1.9888,26.0473,12997500
2012-04-19,180,2011-08-03,2012-04-19,85.28,79.8515,80.2514,106.7983,106.266,68.03,87.49,-2.526,25.3565,15973800
2012-04-20,180,2011-08-04,2012-04-20,85.3,79.892,80.2936,106.7691,106.2352,68.03,87.49,-2.5031,25.3859,17216600
2012-04-23,180,2011-08-05,2012-04-23,85.69,79.9585,80.3594,107.1681,106.6335,68.03,87.49,-2.0574,25.9591,15197200
2012-04-24,180,2011-08-08,2012-04-24,86.31,80.0217,80.4232,107.8582,107.3197,68.03,87.49,-1.3487,26.8705,11632500
2012-04-25,180,2011-08-09,2012-04-25,86.85,80.1191,80.5158,108.4012,107.8671,68.03,87.49,-0.7315,27.6643,18476800
2012-04-26,180,2011-08-10,2012-04-26,86.07,80.2026,80.5959,107.3157,106.792,68.03,87.49,-1.623,26.5177,17262400
2012-04-27,180,2011-08-11,2012-04-27,86.08,80.3129,80.6962,107.1808,106.6717,69.24,87.49,-1.6116,24.3212,11372900
2012-04-30,180,2011-08-12,2012-04-30,86.34,80.3986,80.7782,107.3899,106.8852,69.24,87.49,-1.3144,24.6967,11735400
2012-05-01,180,2011-08-15,2012-05-01,87.04,80.4849,80.8618,108.1446,107.6405,69.24,87.49,-0.5143,25.7077,13816900
2012-05-02,180,2011-08-16,2012-05-02,86.2,80.5518,80.9279,107.0118,106.5145,69.24,87.49,-1.4745,24.4945,11108700
2012-05-03,180,2011-08-17,2012-05-03,85.65,80.6215,80.9954,106.2372,105.7467,69.24,87.49,-2.1031,23.7002,9998600
2012-05-04,180,2011-08-18,2012-05-04,84.57,80.6815,81.0533,104.8196,104.3388,69.24,87.49,-3.3375,22.1404,15055500
2012-05-07,180,2011-08-19,2012-05-07,84.48,80.7632,81.1285,104.602,104.1311,69.24,87.49,-3.4404,22.0104,12018100
2012-05-08,180,2011-08-22,2012-05-08,84.02,80.8512,81.2075,103.9193,103.4633,69.24,87.49,-3.9662,21.346,19602400
2012-05-09,180,2011-08-23,2012-05-09,83.31,80.9328,81.2804,102.9372,102.497,69.24,87.49,-4.7777,20.3206,17424000
2012-05-10,180,2011-08-24,2012-05-10,82.84,80.9876,81.3314,102.2872,101.8548,69.24,87.49,-5.3149,19.6418,13234600
2012-05-11,180,2011-08-25,2012-05-11,83.1,81.0447,81.3846,102.536,102.1078,69.24,87.49,-5.0177,20.0173,12061700
2012-05-14,180,2011-08-26,2012-05-14,82.12,81.1088,81.4421,101.2467,100.8324,69.24,87.49,-6.1378,18.602,12675900
2012-05-15,180,2011-08-29,2012-05-15,81.79,81.1651,81.4929,100.7699,100.3646,69.24,87.49,-6.515,18.1254,15757400
2012-05-16,180,2011-08-30,2012-05-16,82.17,81.2135,81.5376,101.1777,100.7756,69.24,87.49,-6.0807,18.6742,15034500
2012-05-17,180,2011-08-31,2012-05-17,81.91,81.262,81.5821,100.7974,100.402,69.24,87.49,-6.3779,18.2987,17698200
2012-05-18,180,2011-09-01,2012-05-18,81.47,81.3073,81.6234,100.2001,99.812,69.24,87.49,-6.8808,17.6632,21747200
2012-05-21,180,2011-09-02,2012-05-21,82.04,81.3594,81.6709,100.8365,100.4519,69.24,87.49,-6.2293,18.4864,13730400
2012-05-22,180,2011-09-06,2012-05-22,81.95,81.4205,81.7254,100.6503,100.2748,69.24,87.49,-6.3322,18.3564,13790000
2012-05-23,180,2011-09-07,2012-05-23,82.04,81.4893,81.7859,100.6758,100.3106,69.24,87.49,-6.2293,18.4864,17582200
2012-05-24,180,2011-09-08,2012-05-24,82.61,81.5436,81.8357,101.3077,100.9461,69.24,87.49,-5.5778,19.3097,14113600
2012-05-25,180,2011-09-09,2012-05-25,82.08,81.6009,81.8872,100.5871,100.2355,69.24,87.49,-6.1836,18.5442,12756500
2012-05-29,180,2011-09-12,2012-05-29,81.93,81.6704,81.9478,100.3178,99.9782,69.24,87.49,-6.355,18.3276,15931100
2012-05-30,180,2011-09-13,2012-05-30,79.79,81.7218,81.992,97.6361,97.3144,69.24,87.49,-8.801,15.2369,19593100
2012-05-31,180,2011-09-14,2012-05-31,78.63,81.7678,82.0308,96.1625,95.8543,69.24,87.49,-10.1269,13.5615,38954600
2012-06-01,180,2011-09-15,2012-06-01,77.92,81.8025,82.0601,95.2538,94.9548,69.24,87.49,-10.9384,12.5361,22870900
2012-06-04,180,2011-09-16,2012-06-04,77.83,81.8272,82.0813,95.1151,94.8206,69.24,87.49,-11.0413,12.4061,17711200
2012-06-05,180,2011-09-19,2012-06-05,77.6,81.8468,82.0983,94.8113,94.5209,69.24,87.49,-11.3041,12.0739,17715600
2012-06-06,180,2011-09-20,2012-06-06,80.18,81.8876,82.1343,97.9147,97.6206,69.24,87.49,-8.3552,15.8001,23880900
2012-06-07,180,2011-09-21,2012-06-07,80.69,81.9293,82.1714,98.4874,98.1972,69.24,87.49,-7.7723,16.5367,18409400
2012-06-08,180,2011-09-22,2012-06-08,80.84,81.9862,82.2207,98.602,98.3208,69.24,87.49,-7.6009,16.7533,18150000
2012-06-11,180,2011-09-23,2012-06-11,80.27,82.0604,82.2819,97.8182,97.5548,69.31,87.49,-8.2524,15.813,18031800
2012-06-12,180,2011-09-26,2012-06-12,81.26,82.1398,82.3483,98.9289,98.6784,71.15,87.49,-7.1208,14.2094,14162100
2012-06-13,180,2011-09-27,2012-06-13,80.63,82.1976,82.3978,98.0929,97.8545,71.15,87.49,-7.8409,13.324,15098100
2012-06-14,180,2011-09-28,2012-06-14,82.13,82.2555,82.4491,99.8475,99.613,71.15,87.49,-6.1264,15.4322,16942300
2012-06-15,180,2011-09-29,2012-06-15,83.22,82.3254,82.511,101.0867,100.8593,71.15,87.49,-4.8806,16.9642,27342800
2012-06-18,180,2011-09-30,2012-06-18,83.11,82.382,82.5623,100.8837,100.6634,71.15,87.49,-5.0063,16.8096,13885100
2012-06-19,180,2011-10-03,2012-06-19,84.48,82.4549,82.6281,102.456,102.2412,71.15,87.49,-3.4404,18.7351,21053300
2012-06-20,180,2011-10-04,2012-06-20,84.97,82.5413,82.7049,102.9424,102.7388,72.83,87.49,-2.8803,16.669,23274300
2012-06-21,180,2011-10-05,2012-06-21,82.11,82.6001,82.7564,99.4066,99.2189,73.56,87.49,-6.1493,11.6232,33751900
2012-06-22,180,2011-10-06,2012-06-22,82.11,82.6511,82.8018,99.3453,99.1645,73.56,87.49,-6.1493,11.6232,84747800
2012-06-25,180,2011-10-07,2012-06-25,81.24,82.6976,82.8426,98.2374,98.0655,73.56,87.49,-7.1437,10.4405,28761600
2012-06-26,180,2011-10-10,2012-06-26,82.4,82.753,82.8917,99.5734,99.4068,73.9,87.49,-5.8178,11.502,22853700
2012-06-27,180,2011-10-11,2012-06-27,83.2,82.7945,82.9302,100.4897,100.3254,73.9,87.49,-4.9034,12.5846,15301400
2012-06-28,180,2011-10-12,2012-06-28,83.1,82.8356,82.9681,100.3192,100.159,73.9,87.49,-5.0177,12.4493,19140300
2012-06-29,180,2011-10-13,2012-06-29,85.57,82.8842,83.0148,103.2404,103.078,73.9,87.49,-2.1945,15.7916,24906300
2012-07-02,180,2011-10-14,2012-07-02,85.34,82.9367,83.0647,102.8977,102.7392,73.9,87.49,-2.4574,15.4804,14447800
2012-07-03,180,2011-10-17,2012-07-03,86.28,82.9831,83.1101,103.973,103.8142,73.9,87.49,-1.383,16.7524,9787700
2012-07-05,180,2011-10-18,2012-07-05,85.57,83.0299,83.1551,103.0593,102.9041,73.9,87.49,-2.1945,15.7916,10797100
2012-07-06,180,2011-10-19,2012-07-06,84.8,83.0637,83.1879,102.0903,101.9379,73.9,87.49,-3.0746,14.7497,13259400
2012-07-09,180,2011-10-20,2012-07-09,83.65,83.0942,83.2169,100.6688,100.5205,73.9,87.49,-4.3891,13.1935,22361600
2012-07-10,180,2011-10-21,2012-07-10,83.11,83.12,83.2413,99.9879,99.8422,73.9,87.49,-5.0063,12.4628,14106100
2012-07-11,180,2011-10-24,2012-07-11,84.38,83.1442,83.2649,101.4864,101.3392,73.9,87.49,-3.5547,14.1813,18337600
2012-07-12,180,2011-10-25,2012-07-12,84.12,83.1667,83.2869,101.1463,101.0003,73.9,87.49,-3.8519,13.8295,15566400
2012-07-13,180,2011-10-26,2012-07-13,85.47,83.2008,83.3204,102.7274,102.5799,73.9,87.49,-2.3088,15.6563,13642000
2012-07-16,180,2011-10-27,2012-07-16,85.05,83.223,83.3425,102.1953,102.0488,73.9,87.49,-2.7889,15.088,11269200
2012-07-17,180,2011-10-28,2012-07-17,85.73,83.2441,83.3639,102.9863,102.8383,73.9,87.49,-2.0117,16.0081,14059400
2012-07-18,180,2011-10-31,2012-07-18,86.21,83.2701,83.3902,103.5306,103.3815,73.9,87.49,-1.463,16.6576,14203500
2012-07-19,180,2011-11-01,2012-07-19,86.21,83.3165,83.4353,103.4728,103.3256,73.9,87.49,-1.463,16.6576,14902300
2012-07-20,180,2011-11-02,2012-07-20,85.95,83.3757,83.4909,103.0875,102.9454,73.9,87.49,-1.7602,16.3058,16838300
2012-07-23,180,2011-11-03,2012-07-23,85.21,83.4217,83.5344,102.1437,102.0058,73.9,87.49,-2.606,15.3045,13597800
2012-07-24,180,2011-11-04,2012-07-24,84.58,83.4549,83.5662,101.3482,101.2131,73.9,87.49,-3.3261,14.452,13948300
2012-07-25,180,2011-11-07,2012-07-25,85.24,83.4937,83.6036,102.0915,101.9574,73.9,87.49,-2.5717,15.3451,16566000
2012-07-26,180,2011-11-08,2012-07-26,86.52,83.5342,83.6434,103.5744,103.4391,73.9,87.49,-1.1087,17.0771,19149300
2012-07-27,180,2011-11-09,2012-07-27,87.45,83.5769,83.6861,104.6341,104.4976,73.9,87.49,-0.0457,18.3356,24079300
2012-07-30,180,2011-11-10,2012-07-30,87.56,83.6352,83.7426,104.6927,104.5585,73.9,87.56,0.0,18.4844,11183500
2012-07-31,180,2011-11-11,2012-07-31,86.85,83.6816,83.7879,103.7863,103.6546,73.9,87.56,-0.8109,17.5237,12212200
2012-08-01,180,2011-11-14,2012-08-01,86.91,83.722,83.8278,103.8079,103.6768,73.9,87.56,-0.7423,17.6049,14312300
2012-08-02,180,2011-11-15,2012-08-02,85.88,83.7617,83.8663,102.5289,102.4011,73.9,87.56,-1.9187,16.2111,14530100
2012-08-03,180,2011-11-16,2012-08-03,87.55,83.8094,83.9133,104.4632,104.3339,73.9,87.56,-0.0114,18.4709,13982500
2012-08-06,180,2011-11-17,2012-08-06,87.45,83.8619,83.9644,104.2786,104.1513,73.9,87.56,-0.1256,18.3356,9626400
2012-08-07,180,2011-11-18,2012-08-07,87.92,83.9193,84.0203,104.7673,104.6414,73.9,87.92,0.0,18.9716,12399800
2012-08-08,180,2011-11-21,2012-08-08,88.28,83.9784,84.0779,105.1222,104.9978,73.9,88.28,0.0,19.4587,12864500
2012-08-09,180,2011-11-22,2012-08-09,88.2,84.0437,84.1407,104.9454,104.8245,73.9,88.28,-0.0906,19.3505,12213700
2012-08-10,180,2011-11-23,2012-08-10,88.44,84.1162,84.2096,105.1403,105.0236,73.9,88.44,0.0,19.6752,11149000
2012-08-13,180,2011-11-25,2012-08-13,88.14,84.1973,84.2849,104.6826,104.5738,73.9,88.44,-0.3392,19.2693,8716300
2012-08-14,180,2011-11-28,2012-08-14,88.2,84.2838,84.3644,104.6464,104.5465,75.84,88.44,-0.2714,16.2975,8675700
2012-08-15,180,2011-11-29,2012-08-15,88.0,84.3558,84.4319,104.32,104.226,76.93,88.44,-0.4975,14.3897,8510100
2012-08-16,180,2011-11-30,2012-08-16,88.67,84.4239,84.4972,105.0295,104.9384,77.6,88.67,0.0,14.2655,11311300
2012-08-17,180,2011-12-01,2012-08-17,88.4,84.4683,84.5414,104.6547,104.5642,77.6,88.67,-0.3045,13.9175,11177700
2012-08-20,180,2011-12-02,2012-08-20,87.95,84.5144,84.5867,104.0651,103.9761,77.6,88.67,-0.812,13.3376,8813700
2012-08-21,180,2011-12-05,2012-08-21,87.46,84.558,84.6293,103.432,103.3448,77.6,88.67,-1.3646,12.7062,10767100
2012-08-22,180,2011-12-06,2012-08-22,87.73,84.599,84.6698,103.701,103.6143,77.6,88.67,-1.0601,13.0541,10160400
2012-08-23,180,2011-12-07,2012-08-23,87.31,84.6356,84.7058,103.1599,103.0744,77.6,88.67,-1.5338,12.5129,9666300
2012-08-24,180,2011-12-08,2012-08-24,88.05,84.6745,84.7446,103.9865,103.9005,77.6,88.67,-0.6992,13.4665,9762300
2012-08-27,180,2011-12-09,2012-08-27,87.74,84.7192,84.7883,103.5656,103.4813,77.6,88.67,-1.0488,13.067,8252100
2012-08-28,180,2011-12-12,2012-08-28,88.1,84.7568,84.8258,103.9444,103.8599,77.6,88.67,-0.6428,13.5309,9646800
2012-08-29,180,2011-12-13,2012-08-29,87.9,84.8014,84.8694,103.654,103.5708,77.6,88.67,-0.8684,13.2732,8377300
2012-08-30,180,2011-12-14,2012-08-30,87.2,84.8394,84.9065,102.7825,102.7012,77.6,88.67,-1.6578,12.3711,8915800
2012-08-31,180,2011-12-15,2012-08-31,87.3,84.8847,84.9502,102.8454,102.7661,77.6,88.67,-1.545,12.5,14178800
2012-09-04,180,2011-12-16,2012-09-04,87.12,84.9254,84.9896,102.5841,102.5067,77.6,88.67,-1.748,12.268,10602900
2012-09-05,180,2011-12-19,2012-09-05,87.33,84.9665,85.0294,102.7817,102.7057,77.6,88.67,-1.5112,12.5387,10113100
2012-09-06,180,2011-12-20,2012-09-06,88.99,85.0201,85.0819,104.6693,104.5933,77.6,88.99,0.0,14.6778,15713500
2012-09-07,180,2011-12-21,2012-09-07,89.92,85.0633,85.1259,105.7095,105.6317,77.6,89.92,0.0,15.8763,15623900
2012-09-10,180,2011-12-22,2012-09-10,89.48,85.0977,85.1613,105.1498,105.0712,77.6,89.92,-0.4893,15.3093,10750700
2012-09-11,180,2011-12-23,2012-09-11,89.62,85.1261,85.1909,105.2792,105.199,77.6,89.92,-0.3336,15.4897,9349400
2012-09-12,180,2011-12-27,2012-09-12,89.55,85.1489,85.2149,105.1687,105.0872,77.6,89.92,-0.4115,15.3995,9982900
2012-09-13,180,2011-12-28,2012-09-13,91.23,85.1797,85.248,107.1029,107.0172,77.6,91.23,0.0,17.5644,19870900
2012-09-14,180,2011-12-29,2012-09-14,92.3,85.2219,85.2931,108.3055,108.2151,77.6,92.3,0.0,18.9433,21388800
2012-09-17,180,2011-12-30,2012-09-17,91.91,85.2561,85.33,107.8046,107.7112,77.6,92.3,-0.4225,18.4407,11893700
2012-09-18,180,2012-01-03,2012-09-18,91.65,85.2919,85.3683,107.4545,107.3584,77.6,92.3,-0.7042,18.1057,10950100
2012-09-19,180,2012-01-04,2012-09-19,90.57,85.3156,85.3937,106.1587,106.0617,77.6,92.3,-1.8743,16.7139,16302100
2012-09-20,180,2012-01-05,2012-09-20,91.52,85.3439,85.4242,107.2367,107.1359,77.6,92.3,-0.8451,17.9381,12238400
2012-09-21,180,2012-01-06,2012-09-21,91.92,85.3755,85.4584,107.6655,107.561,77.6,92.3,-0.4117,18.4536,19599100
2012-09-24,180,2012-01-09,2012-09-24,91.88,85.4105,85.496,107.5745,107.467,77.6,92.3,-0.455,18.4021,11023700
2012-09-25,180,2012-01-10,2012-09-25,91.74,85.4428,85.5307,107.3701,107.2598,77.6,92.3,-0.6067,18.2216,14035800
2012-09-26,180,2012-01-11,2012-09-26,91.23,85.4714,85.5613,106.7375,106.6253,77.6,92.3,-1.1593,17.5644,11616500
2012-09-27,180,2012-01-12,2012-09-27,91.8,85.5063,85.5986,107.3605,107.2447,77.6,92.3,-0.5417,18.299,10632700
2012-09-28,180,2012-01-13,2012-09-28,91.45,85.5415,85.6359,106.9072,106.7893,77.6,92.3,-0.9209,17.8479,12507600
2012-10-01,180,2012-01-17,2012-10-01,91.8,85.5776,85.6743,107.2711,107.1499,77.6,92.3,-0.5417,18.299,10343500
2012-10-02,180,2012-01-18,2012-10-02,91.72,85.6088,85.7078,107.1385,107.0147,77.6,92.3,-0.6284,18.1959,9507800
2012-10-03,180,2012-01-19,2012-10-03,91.7,85.6358,85.737,107.0814,106.955,77.6,92.3,-0.6501,18.1701,10328100
2012-10-04,180,2012-01-20,2012-10-04,92.22,85.6622,85.7658,107.6555,107.5253,77.6,92.3,-0.0867,18.8402,11507100
2012-10-05,180,2012-01-23,2012-10-05,92.55,85.6876,85.7939,108.0086,107.8747,77.6,92.55,0.0,19.2655,9890100
2012-10-08,180,2012-01-24,2012-10-08,92.68,85.7139,85.8229,108.1272,107.9898,77.6,92.68,0.0,19.433,8765200
2012-10-09,180,2012-01-25,2012-10-09,92.13,85.739,85.8504,107.454,107.3146,77.6,92.68,-0.5934,18.7242,13799200
2012-10-10,180,2012-01-26,2012-10-10,91.03,85.7586,85.8716,106.1467,106.0072,77.6,92.68,-1.7803,17.3067,15332500
2012-10-11,180,2012-01-27,2012-10-11,91.17,85.7814,85.896,106.2818,106.14,77.6,92.68,-1.6293,17.4871,9789900
2012-10-12,180,2012-01-30,2012-10-12,91.03,85.8086,85.9249,106.085,105.9414,77.6,92.68,-1.7803,17.3067,9943700
2012-10-15,180,2012-01-31,2012-10-15,91.51,85.8401,85.9583,106.6052,106.4586,77.6,92.68,-1.2624,17.9253,10651100
2012-10-16,180,2012-02-01,2012-10-16,92.38,85.8858,86.0063,107.5614,107.4107,77.6,92.68,-0.3237,19.0464,9069300
2012-10-17,180,2012-02-02,2012-10-17,93.39,85.9351,86.0587,108.6751,108.519,77.6,93.39,0.0,20.3479,10759100
2012-10-18,180,2012-02-03,2012-10-18,93.48,85.9874,86.1139,108.7136,108.5539,77.6,93.48,0.0,20.4639,11815500
2012-10-19,180,2012-02-06,2012-10-19,92.15,86.0254,86.1541,107.1196,106.9595,77.6,93.48,-1.4228,18.75,15928100
2012-10-22,180,2012-02-07,2012-10-22,92.19,86.0589,86.1899,107.1244,106.9615,77.6,93.48,-1.38,18.8016,11445400
2012-10-23,180,2012-02-08,2012-10-23,90.18,86.0792,86.2112,104.764,104.6036,77.6,93.48,-3.5302,16.2113,14085500
2012-10-24,180,2012-02-09,2012-10-24,89.88,86.1036,86.2366,104.3858,104.2249,77.6,93.48,-3.8511,15.8247,11332500
2012-10-25,180,2012-02-10,2012-10-25,90.43,86.1334,86.2674,104.9883,104.8252,77.6,93.48,-3.2627,16.5335,10387200
2012-10-26,180,2012-02-13,2012-10-26,90.62,86.1705,86.3053,105.1636,104.9994,77.6,93.48,-3.0595,16.7784,11583000
2012-10-31,180,2012-02-14,2012-10-31,91.17,86.2067,86.3428,105.7575,105.5908,77.6,93.48,-2.4711,17.4871,14848500
2012-11-01,180,2012-02-15,2012-11-01,91.6,86.2436,86.3813,106.2108,106.0415,77.6,93.48,-2.0111,18.0412,15771900
2012-11-02,180,2012-02-16,2012-11-02,90.27,86.277,86.4154,104.6281,104.4605,77.6,93.48,-3.4339,16.3273,12742400
2012-11-05,180,2012-02-17,2012-11-05,90.63,86.3049,86.4444,105.0114,104.8419,77.6,93.48,-3.0488,16.7912,11222600
2012-11-06,180,2012-02-21,2012-11-06,91.61,86.3366,86.4777,106.108,105.9348,77.6,93.48,-2.0004,18.0541,12026500
2012-11-07,180,2012-02-22,2012-11-07,88.18,86.3453,86.4867,102.1249,101.9579,77.6,93.48,-5.6697,13.634,19423500
2012-11-08,180,2012-02-23,2012-11-08,87.07,86.3461,86.4875,100.8384,100.6735,77.6,93.48,-6.8571,12.2036,13743000
2012-11-09,180,2012-02-24,2012-11-09,87.21,86.3471,86.4886,100.9993,100.8341,77.6,93.48,-6.7073,12.384,13407000
2012-11-12,180,2012-02-27,2012-11-12,87.32,86.347,86.4884,101.1268,100.9615,77.6,93.48,-6.5896,12.5258,9004300
2012-11-13,180,2012-02-28,2012-11-13,86.47,86.3429,86.4842,100.1472,99.9836,77.6,93.48,-7.4989,11.4304,12260300
2012-11-14,180,2012-02-29,2012-11-14,86.07,86.337,86.4783,99.6908,99.5279,77.6,93.48,-7.9268,10.915,14524100
2012-11-15,180,2012-03-01,2012-11-15,86.14,86.335,86.4763,99.7742,99.6111,77.6,93.48,-7.852,11.0052,13783600
2012-11-16,180,2012-03-02,2012-11-16,86.45,86.3329,86.4742,100.1357,99.972,77.6,93.48,-7.5203,11.4046,17405200
2012-11-19,180,2012-03-05,2012-11-19,87.67,86.3402,86.4816,101.5402,101.3741,77.6,93.48,-6.2152,12.9768,12911000
2012-11-20,180,2012-03-06,2012-11-20,87.5,86.3429,86.4843,101.3402,101.1744,77.6,93.48,-6.3971,12.7577,10288100
2012-11-21,180,2012-03-07,2012-11-21,88.01,86.3546,86.4963,101.9169,101.75,77.6,93.48,-5.8515,13.415,13905300
2012-11-23,180,2012-03-08,2012-11-23,89.09,86.3723,86.5144,103.1465,102.9771,77.6,93.48,-4.6962,14.8067,11931000
2012-11-26,180,2012-03-09,2012-11-26,88.62,86.3932,86.5354,102.5775,102.4089,77.6,93.48,-5.199,14.201,16423600
2012-11-27,180,2012-03-12,2012-11-27,87.35,86.4104,86.5524,101.0874,100.9215,77.6,93.48,-6.5576,12.5644,11841600
2012-11-28,180,2012-03-13,2012-11-28,88.1,86.4244,86.5666,101.9388,101.7714,77.6,93.48,-5.7552,13.5309,15959900
2012-11-29,180,2012-03-14,2012-11-29,88.12,86.4313,86.5736,101.9539,101.7863,77.6,93.48,-5.7338,13.5567,11579100
2012-11-30,180,2012-03-15,2012-11-30,88.14,86.4429,86.5853,101.9633,101.7955,77.6,93.48,-5.7125,13.5825,15522100
2012-12-03,180,2012-03-16,2012-12-03,87.61,86.4512,86.5938,101.3404,101.1736,77.6,93.48,-6.2794,12.8995,10937300
2012-12-04,180,2012-03-19,2012-12-04,87.19,86.4554,86.5979,100.8497,100.6837,77.6,93.48,-6.7287,12.3583,11980000
2012-12-05,180,2012-03-20,2012-12-05,87.73,86.4594,86.6021,101.4696,101.3024,77.6,93.48,-6.151,13.0541,12717800
2012-12-06,180,2012-03-21,2012-12-06,88.0,86.467,86.6098,101.7729,101.6051,77.6,93.48,-5.8622,13.4021,12077000
2012-12-07,180,2012-03-22,2012-12-07,88.6,86.4811,86.6242,102.4501,102.2809,77.6,93.48,-5.2204,14.1753,10603100
2012-12-10,180,2012-03-23,2012-12-10,88.41,86.4981,86.6413,102.2103,102.0414,77.6,93.48,-5.4236,13.9304,11549400
2012-12-11,180,2012-03-26,2012-12-11,88.99,86.5169,86.6604,102.8585,102.6881,77.6,93.48,-4.8032,14.6778,12634600
2012-12-12,180,2012-03-27,2012-12-12,89.45,86.5298,86.6739,103.3748,103.2029,77.6,93.48,-4.3111,15.2706,14729500
2012-12-13,180,2012-03-28,2012-12-13,88.58,86.5404,86.6848,102.3568,102.1863,77.6,93.48,-5.2418,14.1495,12290300
2012-12-14,180,2012-03-29,2012-12-14,88.08,86.5527,86.6971,101.7646,101.5951,77.6,93.48,-5.7766,13.5052,13363600
2012-12-17,180,2012-03-30,2012-12-17,88.87,86.5678,86.7126,102.6594,102.488,77.6,93.48,-4.9315,14.5232,15672500
2012-12-18,180,2012-04-02,2012-12-18,89.56,86.583,86.7283,103.4383,103.265,77.6,93.48,-4.1934,15.4124,15396600
2012-12-19,180,2012-04-03,2012-12-19,88.44,86.5904,86.7359,102.136,101.9646,77.6,93.48,-5.3915,13.9691,15092500
2012-12-20,180,2012-04-04,2012-12-20,88.89,86.6071,86.7529,102.6359,102.4634,77.6,93.48,-4.9101,14.549,15789000
2012-12-21,180,2012-04-05,2012-12-21,87.23,86.6198,86.7654,100.7045,100.5354,77.6,93.48,-6.6859,12.4098,33057000
2012-12-24,180,2012-04-09,2012-12-24,86.92,86.6317,86.7771,100.3328,100.1647,77.6,93.48,-7.0175,12.0103,6385200
2012-12-26,180,2012-04-10,2012-12-26,87.07,86.6499,86.7948,100.4849,100.317,77.6,93.48,-6.8571,12.2036,10737800
2012-12-27,180,2012-04-11,2012-12-27,86.86,86.6773,86.8209,100.2108,100.045,77.6,93.48,-7.0817,11.933,14258500
2012-12-28,180,2012-04-12,2012-12-28,85.1,86.6915,86.8342,98.1641,98.0028,77.6,93.48,-8.9645,9.6649,13358700
2012-12-31,180,2012-04-13,2012-12-31,86.55,86.7086,86.8506,99.8171,99.6539,77.6,93.48,-7.4134,11.5335,19810800
2013-01-02,180,2012-04-16,2013-01-02,88.71,86.7413,86.8826,102.2697,102.1033,77.6,93.48,-5.1027,14.317,16143700
2013-01-03,180,2012-04-17,2013-01-03,88.55,86.7668,86.9078,102.0552,101.8896,77.6,93.48,-5.2739,14.1108,13268200
2013-01-04,180,2012-04-18,2013-01-04,88.96,86.7861,86.9273,102.5049,102.3384,77.6,93.48,-4.8353,14.6392,11427900
2013-01-07,180,2012-04-19,2013-01-07,87.93,86.7982,86.9394,101.304,101.1394,77.6,93.48,-5.9371,13.3119,11799800
2013-01-08,180,2012-04-20,2013-01-08,88.48,86.8159,86.9572,101.9168,101.7512,77.6,93.48,-5.3487,14.0206,14226400
2013-01-09,180,2012-04-23,2013-01-09,88.14,86.8318,86.973,101.5066,101.3418,77.6,93.48,-5.7125,13.5825,10892200
2013-01-10,180,2012-04-24,2013-01-10,89.1,86.8505,86.9919,102.5901,102.4233,77.6,93.48,-4.6855,14.8196,13099600
2013-01-11,180,2012-04-25,2013-01-11,89.61,86.8684,87.0103,103.1561,102.9878,77.6,93.48,-4.1399,15.4768,11645600
2013-01-14,180,2012-04-26,2013-01-14,89.58,86.8831,87.0254,103.1041,102.9354,77.6,93.48,-4.172,15.4381,9606700
2013-01-15,180,2012-04-27,2013-01-15,89.53,86.9019,87.0447,103.0242,102.8552,77.6,93.48,-4.2255,15.3737,9195400
2013-01-16,180,2012-04-30,2013-01-16,89.47,86.9204,87.0635,102.9333,102.7641,77.6,93.48,-4.2897,15.2964,9645000
2013-01-17,180,2012-05-01,2013-01-17,90.2,86.9412,87.0849,103.7483,103.577,77.6,93.48,-3.5088,16.2371,13400300
2013-01-18,180,2012-05-02,2013-01-18,90.8,86.9612,87.1058,104.4144,104.241,77.6,93.48,-2.8669,17.0103,17196000
2013-01-22,180,2012-05-03,2013-01-22,90.92,86.9865,87.1321,104.522,104.3474,77.6,93.48,-2.7386,17.1649,11897500
2013-01-23,180,2012-05-04,2013-01-23,90.7,87.0138,87.1601,104.2363,104.0614,77.6,93.48,-2.9739,16.8814,10906800
2013-01-24,180,2012-05-07,2013-01-24,91.35,87.0507,87.1978,104.9388,104.7618,77.6,93.48,-2.2786,17.7191,11100000
2013-01-25,180,2012-05-08,2013-01-25,91.73,87.0902,87.2381,105.3276,105.1491,77.6,93.48,-1.8721,18.2088,11090600
2013-01-28,180,2012-05-09,2013-01-28,91.11,87.1292,87.2774,104.5689,104.3912,77.6,93.48,-2.5353,17.4098,11617500
2013-01-29,180,2012-05-10,2013-01-29,91.76,87.1758,87.3244,105.2585,105.0795,77.6,93.48,-1.84,18.2474,11700600
2013-01-30,180,2012-05-11,2013-01-30,90.67,87.2199,87.3679,103.9557,103.7795,77.6,93.48,-3.006,16.8428,15645400
2013-01-31,180,2012-05-14,2013-01-31,89.97,87.2587,87.4061,103.1072,102.9334,77.6,93.48,-3.7548,15.9407,15991500
2013-02-01,180,2012-05-15,2013-02-01,90.04,87.3041,87.4501,103.1338,102.9616,77.6,93.48,-3.6799,16.0309,15699200
2013-02-04,180,2012-05-16,2013-02-04,89.15,87.3468,87.4909,102.0644,101.8963,77.6,93.48,-4.632,14.884,13347300
2013-02-05,180,2012-05-17,2013-02-05,89.74,87.3904,87.533,102.6887,102.5213,77.6,93.48,-4.0009,15.6443,11679700
2013-02-06,180,2012-05-18,2013-02-06,89.79,87.4358,87.5768,102.6924,102.5272,77.6,93.48,-3.9474,15.7088,11768700
2013-02-07,180,2012-05-21,2013-02-07,88.25,87.4759,87.6144,100.8849,100.7254,77.6,93.48,-5.5948,13.7242,13463300
2013-02-08,180,2012-05-22,2013-02-08,88.61,87.5143,87.6509,101.252,101.0942,77.6,93.48,-5.2097,14.1881,11412300
2013-02-11,180,2012-05-23,2013-02-11,88.28,87.5516,87.6861,100.832,100.6773,77.6,93.48,-5.5627,13.7629,8764700
2013-02-12,180,2012-05-24,2013-02-12,88.46,87.5893,87.7218,100.9941,100.8415,77.6,93.48,-5.3701,13.9948,9752100
2013-02-13,180,2012-05-25,2013-02-13,88.67,87.6246,87.7554,101.1931,101.0422,77.6,93.48,-5.1455,14.2655,8940300
2013-02-14,180,2012-05-29,2013-02-14,88.52,87.6624,87.7912,100.9783,100.8301,77.6,93.48,-5.306,14.0722,13238900
2013-02-15,180,2012-05-30,2013-02-15,88.36,87.7003,87.8269,100.7522,100.6069,77.6,93.48,-5.4771,13.866,15696900
2013-02-19,180,2012-05-31,2013-02-19,89.32,87.7575,87.8799,101.7805,101.6387,77.6,93.48,-4.4502,15.1031,12158900
2013-02-20,180,2012-06-01,2013-02-20,88.97,87.8208,87.9373,101.3086,101.1743,77.6,93.48,-4.8246,14.6521,13936400
2013-02-21,180,2012-06-04,2013-02-21,88.59,87.8871,87.9966,100.7998,100.6743,77.6,93.48,-5.2311,14.1624,10939800
2013-02-22,180,2012-06-05,2013-02-22,89.2,87.9574,88.0598,101.4127,101.2948,77.6,93.48,-4.5785,14.9485,10260200
2013-02-25,180,2012-06-06,2013-02-25,87.7,88.0212,88.1159,99.6351,99.528,80.18,93.48,-6.1831,9.3789,15302900
2013-02-26,180,2012-06-07,2013-02-26,88.51,88.0718,88.1622,100.4976,100.3945,80.27,93.48,-5.3166,10.2654,15073200
2013-02-27,180,2012-06-08,2013-02-27,89.53,88.1245,88.2113,101.5949,101.495,80.27,93.48,-4.2255,11.5361,11195200
2013-02-28,180,2012-06-11,2013-02-28,89.55,88.1765,88.2597,101.5577,101.462,80.27,93.48,-4.2041,11.561,14552000
2013-03-01,180,2012-06-12,2013-03-01,89.43,88.2316,88.3106,101.3582,101.2676,80.63,93.48,-4.3325,10.9141,11301600
2013-03-04,180,2012-06-13,2013-03-04,88.95,88.2777,88.3533,100.7616,100.6754,80.63,93.48,-4.846,10.3187,10994000
2013-03-05,180,2012-06-14,2013-03-05,89.61,88.3315,88.4032,101.4474,101.3651,81.24,93.48,-4.1399,10.3028,13072600
2013-03-06,180,2012-06-15,2013-03-06,89.56,88.3753,88.4444,101.3405,101.2613,81.24,93.48,-4.1934,10.2413,13234400
2013-03-07,180,2012-06-18,2013-03-07,88.71,88.4076,88.4749,100.3421,100.2657,81.24,93.48,-5.1027,9.195,12905300
2013-03-08,180,2012-06-19,2013-03-08,88.97,88.442,88.5075,100.597,100.5226,81.24,93.48,-4.8246,9.515,11896300
2013-03-11,180,2012-06-20,2013-03-11,89.16,88.469,88.5335,100.781,100.7076,81.24,93.48,-4.6213,9.7489,12454800
2013-03-12,180,2012-06-21,2013-03-12,89.16,88.4931,88.5568,100.7536,100.6812,81.24,93.48,-4.6213,9.7489,11470000
2013-03-13,180,2012-06-22,2013-03-13,89.26,88.5355,88.5965,100.8183,100.7489,81.24,93.48,-4.5143,9.872,10539900
2013-03-14,180,2012-06-25,2013-03-14,89.83,88.5811,88.6394,101.4098,101.3432,81.24,93.48,-3.9046,10.5736,13775500
2013-03-15,180,2012-06-26,2013-03-15,89.37,88.63,88.6846,100.8349,100.7729,82.4,93.48,-4.3967,8.4587,29240100
2013-03-18,180,2012-06-27,2013-03-18,88.77,88.668,88.7199,100.115,100.0564,83.1,93.48,-5.0385,6.8231,11553700
2013-03-19,180,2012-06-28,2013-03-19,88.58,88.6999,88.7498,99.8648,99.8086,83.1,93.48,-5.2418,6.5945,11987900
2013-03-20,180,2012-06-29,2013-03-20,88.63,88.7327,88.7806,99.8842,99.8304,83.11,93.48,-5.1883,6.6418,11319000
2013-03-21,180,2012-07-02,2013-03-21,88.17,88.7478,88.795,99.3489,99.2961,83.11,93.48,-5.6804,6.0883,13447500
2013-03-22,180,2012-07-03,2013-03-22,89.29,88.7705,88.8169,100.5852,100.5326,83.11,93.48,-4.4822,7.4359,10786600
2013-03-25,180,2012-07-05,2013-03-25,89.02,88.7861,88.8322,100.2634,100.2114,83.11,93.48,-4.7711,7.1111,12900800
2013-03-26,180,2012-07-06,2013-03-26,90.13,88.812,88.8575,101.484,101.4321,83.11,93.48,-3.5837,8.4466,12329600
2013-03-27,180,2012-07-09,2013-03-27,90.58,88.845,88.8896,101.9528,101.9017,83.11,93.48,-3.1023,8.9881,12350800
2013-03-28,180,2012-07-10,2013-03-28,90.11,88.8826,88.9255,101.3809,101.332,83.11,93.48,-3.6051,8.4226,17485200
2013-04-01,180,2012-07-11,2013-04-01,90.77,88.9272,88.9681,102.0723,102.0254,84.12,93.48,-2.899,7.9054,9414200
2013-04-02,180,2012-07-12,2013-04-02,90.58,88.9628,89.0025,101.8178,101.7724,84.12,93.48,-3.1023,7.6795,9991800
2013-04-03,180,2012-07-13,2013-04-03,89.93,88.9966,89.0348,101.0488,101.0055,84.58,93.48,-3.7976,6.3254,12197100
2013-04-04,180,2012-07-16,2013-04-04,89.77,89.0213,89.0587,100.841,100.7987,84.58,93.48,-3.9688,6.1362,11582000
2013-04-05,180,2012-07-17,2013-04-05,89.01,89.0443,89.0807,99.9614,99.9207,84.58,93.48,-4.7818,5.2376,12771600
2013-04-08,180,2012-07-18,2013-04-08,88.6,89.061,89.0966,99.4824,99.4426,84.58,93.48,-5.2204,4.7529,11013900
2013-04-09,180,2012-07-19,2013-04-09,88.77,89.0757,89.1108,99.6568,99.6175,84.58,93.48,-5.0385,4.9539,10753400
2013-04-10,180,2012-07-20,2013-04-10,88.68,89.09,89.1246,99.5398,99.5012,84.58,93.48,-5.1348,4.8475,14823700
2013-04-11,180,2012-07-23,2013-04-11,89.22,89.1088,89.1427,100.1248,100.0867,84.58,93.48,-4.5571,5.4859,14979900
2013-04-12,180,2012-07-24,2013-04-12,88.99,89.1308,89.1637,99.8421,99.8052,84.58,93.48,-4.8032,5.214,11505100
2013-04-15,180,2012-07-25,2013-04-15,86.49,89.1423,89.1743,97.0246,96.9898,85.1,93.48,-7.4775,1.6334,19626200
2013-04-16,180,2012-07-26,2013-04-16,86.61,89.1505,89.1819,97.1503,97.1161,85.1,93.48,-7.3492,1.7744,14578800
2013-04-17,180,2012-07-27,2013-04-17,86.08,89.1479,89.1795,96.5587,96.5244,85.1,93.48,-7.9161,1.1516,17341200
2013-04-18,180,2012-07-30,2013-04-18,86.62,89.143,89.1749,97.1697,97.135,85.1,93.48,-7.3385,1.7861,14730400
2013-04-19,180,2012-07-31,2013-04-19,87.45,89.1424,89.1743,98.1015,98.0664,85.1,93.48,-6.4506,2.7615,18393300
2013-04-22,180,2012-08-01,2013-04-22,88.09,89.1496,89.1812,98.8115,98.7765,85.1,93.48,-5.7659,3.5135,11262000
2013-04-23,180,2012-08-02,2013-04-23,89.3,89.1632,89.1944,100.1535,100.1183,85.1,93.48,-4.4715,4.9354,15567700
2013-04-24,180,2012-08-03,2013-04-24,89.43,89.1836,89.2142,100.2763,100.2419,85.1,93.48,-4.3325,5.0881,13028800
2013-04-25,180,2012-08-06,2013-04-25,88.07,89.1866,89.2171,98.7481,98.7143,85.1,93.48,-5.7873,3.49,16328700
2013-04-26,180,2012-08-07,2013-04-26,88.0,89.1897,89.2201,98.6661,98.6325,85.1,93.48,-5.8622,3.4078,10791800
2013-04-29,180,2012-08-08,2013-04-29,88.21,89.1914,89.2217,98.8997,98.8661,85.1,93.48,-5.6376,3.6545,11093000
2013-04-30,180,2012-08-09,2013-04-30,88.99,89.1954,89.2257,99.7698,99.7359,85.1,93.48,-4.8032,4.5711,14572600
2013-05-01,180,2012-08-10,2013-05-01,87.51,89.1914,89.2218,98.1148,98.0814,85.1,93.48,-6.3864,2.832,11616500
2013-05-02,180,2012-08-13,2013-05-02,88.63,89.1925,89.2229,99.3694,99.3355,85.1,93.48,-5.1883,4.1481,11330100
2013-05-03,180,2012-08-14,2013-05-03,90.02,89.203,89.2333,100.9159,100.8816,85.1,93.48,-3.7013,5.7814,13036600
2013-05-06,180,2012-08-15,2013-05-06,90.58,89.2161,89.2466,101.5287,101.4941,85.1,93.48,-3.1023,6.4395,10613400
2013-05-07,180,2012-08-16,2013-05-07,91.15,89.2335,89.2641,102.1477,102.1128,85.1,93.48,-2.4925,7.1093,11088900
2013-05-08,180,2012-08-17,2013-05-08,91.7,89.25,89.2809,102.7451,102.7095,85.1,93.48,-1.9042,7.7556,13638300
2013-05-09,180,2012-08-20,2013-05-09,91.03,89.2645,89.2955,101.9779,101.9424,85.1,93.48,-2.6209,6.9683,13771900
2013-05-10,180,2012-08-21,2013-05-10,90.14,89.2767,89.3077,100.967,100.932,85.1,93.48,-3.573,5.9224,10975400
2013-05-13,180,2012-08-22,2013-05-13,90.1,89.2915,89.3223,100.9054,100.8706,85.1,93.48,-3.6158,5.8754,9810100
2013-05-14,180,2012-08-23,2013-05-14,91.11,89.3103,89.3411,102.0152,101.9799,85.1,93.48,-2.5353,7.0623,9890300
2013-05-15,180,2012-08-24,2013-05-15,91.24,89.3321,89.3629,102.1357,102.1005,85.1,93.48,-2.3962,7.215,10399400
2013-05-16,180,2012-08-27,2013-05-16,90.7,89.3468,89.3777,101.5145,101.4795,85.1,93.48,-2.9739,6.5805,10469600
2013-05-17,180,2012-08-28,2013-05-17,91.76,89.369,89.4,102.6754,102.6398,85.1,93.48,-1.84,7.8261,12721300
2013-05-20,180,2012-08-29,2013-05-20,92.52,89.3931,89.4246,103.498,103.4615,85.1,93.48,-1.027,8.7192,12417700
2013-05-21,180,2012-08-30,2013-05-21,92.8,89.4197,89.4518,103.7802,103.7431,85.1,93.48,-0.7274,9.0482,12519900
2013-05-22,180,2012-08-31,2013-05-22,92.19,89.4473,89.4795,103.0663,103.0292,85.1,93.48,-1.38,8.3314,19253300
2013-05-23,180,2012-09-04,2013-05-23,91.79,89.4722,89.5044,102.5905,102.5536,85.1,93.48,-1.8079,7.8613,15357300
2013-05-24,180,2012-09-05,2013-05-24,91.53,89.4968,89.5289,102.2718,102.2351,85.1,93.48,-2.086,7.5558,12771900
2013-05-28,180,2012-09-06,2013-05-28,92.38,89.5247,89.557,103.1894,103.1522,85.1,93.48,-1.1767,8.5546,15197800
2013-05-29,180,2012-09-07,2013-05-29,92.08,89.5415,89.5742,102.835,102.7975,85.1,93.48,-1.4976,8.2021,11563200
2013-05-30,180,2012-09-10,2013-05-30,92.09,89.5532,89.5862,102.8328,102.7948,85.1,93.48,-1.487,8.2139,9734700
2013-05-31,180,2012-09-11,2013-05-31,90.47,89.5586,89.5917,101.0177,100.9803,85.1,93.48,-3.2199,6.3102,17917400
2013-06-03,180,2012-09-12,2013-06-03,91.46,89.5686,89.6019,102.1117,102.0737,85.1,93.48,-2.1609,7.4736,14177500
2013-06-04,180,2012-09-13,2013-06-04,90.79,89.5754,89.6088,101.3559,101.3181,85.1,93.48,-2.8776,6.6863,12481300
2013-06-05,180,2012-09-14,2013-06-05,89.65,89.5668,89.6001,100.0929,100.0557,85.1,93.48,-4.0971,5.3467,12888000
2013-06-06,180,2012-09-17,2013-06-06,90.23,89.5557,89.5886,100.7529,100.716,85.1,93.48,-3.4767,6.0282,15393300
2013-06-07,180,2012-09-18,2013-06-07,91.45,89.5533,89.586,102.118,102.0807,85.1,93.48,-2.1716,7.4618,12504700
2013-06-10,180,2012-09-19,2013-06-10,91.12,89.5505,89.5831,101.7527,101.7157,85.1,93.48,-2.5246,7.074,10372300
2013-06-11,180,2012-09-20,2013-06-11,90.46,89.5499,89.5824,101.0164,100.9796,85.1,93.48,-3.2306,6.2985,10739400
2013-06-12,180,2012-09-21,2013-06-12,89.74,89.5402,89.5726,100.2231,100.1869,85.1,93.48,-4.0009,5.4524,10864500
2013-06-13,180,2012-09-24,2013-06-13,91.33,89.5371,89.5693,102.0024,101.9658,85.1,93.48,-2.3,7.3208,13501300
2013-06-14,180,2012-09-25,2013-06-14,90.58,89.5301,89.5621,101.1727,101.1366,85.1,93.48,-3.1023,6.4395,12158400
2013-06-17,180,2012-09-26,2013-06-17,91.51,89.5289,89.5608,102.2128,102.1764,85.1,93.48,-2.1074,7.5323,12026400
2013-06-18,180,2012-09-27,2013-06-18,91.93,89.5326,89.5647,102.6777,102.6409,85.1,93.48,-1.6581,8.0259,10678200
2013-06-19,180,2012-09-28,2013-06-19,91.0,89.5283,89.5602,101.6438,101.6076,85.1,93.48,-2.653,6.933,14189500
2013-06-20,180,2012-10-01,2013-06-20,89.05,89.5152,89.5469,99.4803,99.4451,85.1,93.48,-4.739,4.6416,21077700
2013-06-21,180,2012-10-02,2013-06-21,89.48,89.5027,89.534,99.9747,99.9397,85.1,93.48,-4.279,5.1469,25493800
2013-06-24,180,2012-10-03,2013-06-24,88.48,89.4849,89.516,98.877,98.8427,85.1,93.48,-5.3487,3.9718,17653000
2013-06-25,180,2012-10-04,2013-06-25,89.11,89.4708,89.5016,99.5967,99.5625,85.1,93.48,-4.6748,4.7121,15790100
2013-06-26,180,2012-10-05,2013-06-26,89.8,89.4578,89.4882,100.3825,100.3485,85.1,93.48,-3.9367,5.5229,14446000
2013-06-27,180,2012-10-08,2013-06-27,90.04,89.4444,89.4742,100.6659,100.6323,85.1,93.48,-3.6799,5.8049,12348000
2013-06-28,180,2012-10-09,2013-06-28,90.35,89.432,89.4613,101.0264,100.9934,85.1,93.48,-3.3483,6.1692,22984200
2013-07-01,180,2012-10-10,2013-07-01,90.3,89.4223,89.4511,100.9816,100.949,85.1,93.48,-3.4018,6.1105,13182200
2013-07-02,180,2012-10-11,2013-07-02,90.64,89.4202,89.4489,101.3642,101.3315,85.1,93.48,-3.0381,6.51,12320700
2013-07-03,180,2012-10-12,2013-07-03,90.69,89.4176,89.4463,101.423,101.3905,85.1,93.48,-2.9846,6.5687,5674000
2013-07-05,180,2012-10-15,2013-07-05,91.57,89.4205,89.4493,102.4038,102.3709,85.1,93.48,-2.0432,7.6028,8917900
2013-07-08,180,2012-10-16,2013-07-08,92.25,89.4244,89.4534,103.1598,103.1263,85.1,93.48,-1.3158,8.4019,12086700
2013-07-09,180,2012-10-17,2013-07-09,93.34,89.4293,89.4587,104.3729,104.3386,85.1,93.48,-0.1498,9.6827,12940000
2013-07-10,180,2012-10-18,2013-07-10,92.82,89.4264,89.4556,103.7949,103.761,85.1,93.48,-0.706,9.0717,12430000
2013-07-11,180,2012-10-19,2013-07-11,93.27,89.4253,89.4544,104.2993,104.2654,85.1,93.34,-0.075,9.6005,16184700
2013-07-12,180,2012-10-22,2013-07-12,93.4,89.4318,89.4613,104.4372,104.4026,85.1,93.4,0.0,9.7532,11370300
2013-07-15,180,2012-10-23,2013-07-15,93.25,89.4373,89.4672,104.263,104.2281,85.1,93.4,-0.1606,9.577,8256200
2013-07-16,180,2012-10-24,2013-07-16,93.3,89.4537,89.4846,104.2997,104.2638,85.1,93.4,-0.1071,9.6357,11413500
2013-07-17,180,2012-10-25,2013-07-17,93.46,89.4727,89.5044,104.4565,104.4194,85.1,93.46,0.0,9.8237,9393300
2013-07-18,180,2012-10-26,2013-07-18,94.38,89.4933,89.5264,105.4604,105.4214,85.1,94.38,0.0,10.9048,10555400
2013-07-19,180,2012-10-31,2013-07-19,95.17,89.5168,89.5517,106.3153,106.2738,85.1,95.17,0.0,11.8331,14431700
2013-07-22,180,2012-11-01,2013-07-22,94.83,89.5356,89.572,105.9132,105.8701,85.1,95.17,-0.3573,11.4336,9530400
2013-07-23,180,2012-11-02,2013-07-23,95.2,89.554,89.592,106.3046,106.2595,85.1,95.2,0.0,11.8684,7377400
2013-07-24,180,2012-11-05,2013-07-24,94.99,89.5785,89.6182,106.041,105.9941,85.1,95.2,-0.2206,11.6216,8222800
2013-07-25,180,2012-11-06,2013-07-25,94.97,89.601,89.6423,105.9921,105.9432,85.1,95.2,-0.2416,11.5981,10059800
2013-07-26,180,2012-11-07,2013-07-26,94.79,89.6173,89.66,105.7719,105.7216,85.1,95.2,-0.4307,11.3866,9721000
2013-07-29,180,2012-11-08,2013-07-29,94.03,89.6488,89.6925,104.887,104.836,85.1,95.2,-1.229,10.4935,8844700
2013-07-30,180,2012-11-09,2013-07-30,93.81,89.6857,89.7299,104.5986,104.547,85.1,95.2,-1.4601,10.235,10470700
2013-07-31,180,2012-11-12,2013-07-31,93.75,89.7215,89.7663,104.4901,104.4379,85.1,95.2,-1.5231,10.1645,14400800
2013-08-01,180,2012-11-13,2013-08-01,92.73,89.7513,89.7963,103.3188,103.267,85.1,95.2,-2.5945,8.9659,23117700
2013-08-02,180,2012-11-14,2013-08-02,91.95,89.7822,89.8268,102.4145,102.3637,85.1,95.2,-3.4139,8.0494,14408600
2013-08-05,180,2012-11-15,2013-08-05,91.59,89.8136,89.8574,101.9779,101.9281,85.1,95.2,-3.792,7.6263,12625900
2013-08-06,180,2012-11-16,2013-08-06,91.47,89.8439,89.8871,101.8099,101.761,85.1,95.2,-3.9181,7.4853,11689200
2013-08-07,180,2012-11-19,2013-08-07,91.34,89.8717,89.9142,101.6338,101.5857,85.1,95.2,-4.0546,7.3325,8163800
2013-08-08,180,2012-11-20,2013-08-08,91.78,89.8946,89.9371,102.0973,102.0491,85.1,95.2,-3.5924,7.8496,11529500
2013-08-09,180,2012-11-21,2013-08-09,90.72,89.9128,89.9549,100.8977,100.8505,85.1,95.2,-4.7059,6.604,9467800
2013-08-12,180,2012-11-23,2013-08-12,89.89,89.9235,89.9654,99.9628,99.9162,85.1,95.2,-5.5777,5.6287,10133700
2013-08-13,180,2012-11-26,2013-08-13,89.4,89.9252,89.9671,99.4159,99.3696,85.1,95.2,-6.0924,5.0529,10892700
2013-08-14,180,2012-11-27,2013-08-14,88.95,89.9271,89.9689,98.9134,98.8674,85.1,95.2,-6.5651,4.5241,9797300
2013-08-15,180,2012-11-28,2013-08-15,88.16,89.9318,89.9734,98.0298,97.9845,85.1,95.2,-7.395,3.5958,11273400
2013-08-16,180,2012-11-29,2013-08-16,87.91,89.9307,89.9724,97.753,97.7078,85.1,95.2,-7.6576,3.302,11872500
2013-08-19,180,2012-11-30,2013-08-19,86.92,89.9237,89.9657,96.6597,96.6146,85.1,95.2,-8.6975,2.1387,11745600
2013-08-20,180,2012-12-03,2013-08-20,86.83,89.916,89.9584,96.5679,96.5223,85.1,95.2,-8.792,2.0329,16498800
2013-08-21,180,2012-12-04,2013-08-21,86.42,89.909,89.9518,96.1195,96.0736,85.1,95.2,-9.2227,1.5511,12766900
2013-08-22,180,2012-12-05,2013-08-22,86.98,89.9077,89.9507,96.7437,96.6975,85.1,95.2,-8.6344,2.2092,10199900
2013-08-23,180,2012-12-06,2013-08-23,87.52,89.9065,89.9495,97.3456,97.299,85.1,95.2,-8.0672,2.8437,9206400
2013-08-26,180,2012-12-07,2013-08-26,87.09,89.9011,89.9444,96.8731,96.8264,85.1,95.2,-8.5189,2.3384,10654700
2013-08-27,180,2012-12-10,2013-08-27,86.82,89.8908,89.9346,96.5839,96.5369,85.1,95.2,-8.8025,2.0212,13960200
2013-08-28,180,2012-12-11,2013-08-28,88.84,89.8932,89.9369,98.8284,98.7803,85.1,95.2,-6.6807,4.3948,17738800
2013-08-29,180,2012-12-12,2013-08-29,87.27,89.8833,89.9274,97.0926,97.045,85.1,95.2,-8.3298,2.5499,11407800
2013-08-30,180,2012-12-13,2013-08-30,87.16,89.8701,89.9147,96.9844,96.9364,85.1,95.2,-8.4454,2.4207,12480400
2013-09-03,180,2012-12-14,2013-09-03,87.15,89.8618,89.9067,96.9823,96.9338,85.1,95.2,-8.4559,2.4089,10546700
2013-09-04,180,2012-12-17,2013-09-04,87.76,89.8599,89.9049,97.6631,97.6142,85.1,95.2,-7.8151,3.1257,9822300
2013-09-05,180,2012-12-18,2013-09-05,87.35,89.8511,89.8965,97.2163,97.1673,85.1,95.2,-8.2458,2.6439,11740100
2013-09-06,180,2012-12-19,2013-09-06,87.25,89.8379,89.8837,97.1194,97.0699,85.1,95.2,-8.3508,2.5264,12950600
2013-09-09,180,2012-12-20,2013-09-09,88.04,89.8356,89.8814,98.0013,97.9513,85.1,95.2,-7.521,3.4548,9297000
2013-09-10,180,2012-12-21,2013-09-10,87.82,89.8294,89.8755,97.7631,97.7129,85.1,95.2,-7.7521,3.1962,11823100
2013-09-11,180,2012-12-24,2013-09-11,88.84,89.8388,89.8844,98.8883,98.838,85.1,95.2,-6.6807,4.3948,11201200
2013-09-12,180,2012-12-26,2013-09-12,87.98,89.845,89.8903,97.9242,97.8748,85.1,95.2,-7.584,3.3843,10917200
2013-09-13,180,2012-12-27,2013-09-13,88.4,89.8527,89.8977,98.3832,98.334,85.1,95.2,-7.1429,3.8778,8254200
2013-09-16,180,2012-12-28,2013-09-16,88.67,89.8633,89.9078,98.6721,98.6233,85.1,95.2,-6.8592,4.1951,9421300
2013-09-17,180,2012-12-31,2013-09-17,88.94,89.886,89.9291,98.9475,98.9001,86.08,95.2,-6.5756,3.3225,8941200
2013-09-18,180,2013-01-02,2013-09-18,89.58,89.9036,89.9459,99.6401,99.5932,86.08,95.2,-5.9034,4.066,15134700
2013-09-19,180,2013-01-03,2013-09-19,89.28,89.9068,89.9491,99.3028,99.2561,86.08,95.2,-6.2185,3.7175,11757500
2013-09-20,180,2013-01-04,2013-09-20,88.66,89.9074,89.9497,98.6125,98.5662,86.08,95.2,-6.8697,2.9972,20651100
2013-09-23,180,2013-01-07,2013-09-23,87.75,89.9005,89.943,97.6079,97.5618,86.08,95.2,-7.8256,1.9401,12227700
2013-09-24,180,2013-01-08,2013-09-24,87.36,89.8971,89.9398,97.1777,97.1316,86.08,95.2,-8.2353,1.487,12129200
2013-09-25,180,2013-01-09,2013-09-25,87.14,89.8893,89.9324,96.9414,96.895,86.08,95.2,-8.4664,1.2314,13577400
2013-09-26,180,2013-01-10,2013-09-26,87.07,89.8831,89.9264,96.8703,96.8236,86.08,95.2,-8.5399,1.1501,9787100
2013-09-27,180,2013-01-11,2013-09-27,86.9,89.8703,89.9142,96.6949,96.6477,86.08,95.2,-8.7185,0.9526,10867100
2013-09-30,180,2013-01-14,2013-09-30,86.04,89.8496,89.8944,95.7601,95.7123,86.04,95.2,-9.6218,0.0,17486100
2013-10-01,180,2013-01-15,2013-10-01,86.0,89.8287,89.8745,95.7378,95.689,86.0,95.2,-9.6639,0.0,11885100
2013-10-02,180,2013-01-16,2013-10-02,86.08,89.8087,89.8553,95.8482,95.7984,86.0,95.2,-9.5798,0.093,11841400
2013-10-03,180,2013-01-17,2013-10-03,85.5,89.7854,89.8333,95.2271,95.1763,85.5,95.2,-10.1891,0.0,13923400
2013-10-04,180,2013-01-18,2013-10-04,86.32,89.7631,89.8117,96.1642,96.1122,85.5,95.2,-9.3277,0.9591,11325500
2013-10-07,180,2013-01-22,2013-10-07,85.9,89.735,89.7845,95.7263,95.6735,85.5,95.2,-9.7689,0.4678,10985800
2013-10-08,180,2013-01-23,2013-10-08,85.51,89.7039,89.7544,95.3248,95.2711,85.5,95.2,-10.1786,0.0117,15335700
2013-10-09,180,2013-01-24,2013-10-09,85.16,89.6718,89.7237,94.9685,94.9136,85.16,95.2,-10.5462,0.0,13575100
2013-10-10,180,2013-01-25,2013-10-10,86.04,89.6416,89.6942,95.9822,95.926,85.16,95.2,-9.6218,1.0333,17532400
2013-10-11,180,2013-01-28,2013-10-11,86.95,89.6149,89.6676,97.0263,96.9692,85.16,95.2,-8.666,2.1019,12661800
2013-10-14,180,2013-01-29,2013-10-14,87.6,89.5953,89.6481,97.773,97.7154,85.16,95.2,-7.9832,2.8652,9742100
2013-10-15,180,2013-01-30,2013-10-15,86.79,89.5675,89.6205,96.899,96.8417,85.16,95.2,-8.834,1.914,12018000
2013-10-16,180,2013-01-31,2013-10-16,87.31,89.5485,89.6018,97.5002,97.4422,85.16,95.2,-8.2878,2.5247,11668100
2013-10-17,180,2013-02-01,2013-10-17,87.48,89.5345,89.588,97.7054,97.647,85.16,95.2,-8.1092,2.7243,10438200
2013-10-18,180,2013-02-04,2013-10-18,87.55,89.5204,89.5742,97.799,97.7402,85.16,95.2,-8.0357,2.8065,12425100
2013-10-21,180,2013-02-05,2013-10-21,87.23,89.5094,89.5635,97.4535,97.3946,85.16,95.2,-8.3718,2.4307,10730900
2013-10-22,180,2013-02-06,2013-10-22,87.98,89.4995,89.5537,98.3023,98.2427,85.16,95.2,-7.584,3.3114,12710600
2013-10-23,180,2013-02-07,2013-10-23,87.61,89.4871,89.5416,97.9023,97.8428,85.16,95.2,-7.9727,2.8769,11449100
2013-10-24,180,2013-02-08,2013-10-24,88.42,89.4881,89.5426,98.8064,98.7463,85.16,95.2,-7.1218,3.8281,12288900
2013-10-25,180,2013-02-11,2013-10-25,87.97,89.4845,89.539,98.3076,98.2477,85.16,95.2,-7.5945,3.2997,11382000
2013-10-28,180,2013-02-12,2013-10-28,88.23,89.4842,89.5387,98.5984,98.5384,85.16,95.2,-7.3214,3.605,9921900
2013-10-29,180,2013-02-13,2013-10-29,88.93,89.4868,89.5413,99.3777,99.3173,85.16,95.2,-6.5861,4.427,10340000
2013-10-30,180,2013-02-14,2013-10-30,88.81,89.4876,89.5421,99.2428,99.1824,85.16,95.2,-6.7122,4.286,14305900
2013-10-31,180,2013-02-15,2013-10-31,89.62,89.4938,89.5482,100.141,100.0802,85.16,95.2,-5.8613,5.2372,19185200
2013-11-01,180,2013-02-19,2013-11-01,89.82,89.502,89.5563,100.3553,100.2944,85.16,95.2,-5.6513,5.472,19023500
2013-11-04,180,2013-02-20,2013-11-04,92.1,89.517,89.5718,102.8855,102.8226,85.16,95.2,-3.2563,8.1494,20591600
2013-11-05,180,2013-02-21,2013-11-05,91.99,89.5335,89.5886,102.7437,102.6805,85.16,95.2,-3.3718,8.0202,21122500
2013-11-06,180,2013-02-22,2013-11-06,93.22,89.5584,89.6143,104.0885,104.0236,85.16,95.2,-2.0798,9.4645,13464600
2013-11-07,180,2013-02-25,2013-11-07,91.96,89.5734,89.6296,102.6644,102.6,85.16,95.2,-3.4034,7.985,16572100
2013-11-08,180,2013-02-26,2013-11-08,92.73,89.601,89.6576,103.4922,103.4269,85.16,95.2,-2.5945,8.8891,12330100
2013-11-11,180,2013-02-27,2013-11-11,92.96,89.6251,89.6823,103.7209,103.6548,85.16,95.2,-2.3529,9.1592,7924700
2013-11-12,180,2013-02-28,2013-11-12,92.67,89.642,89.6997,103.3779,103.3114,85.16,95.2,-2.6576,8.8187,10727300
2013-11-13,180,2013-03-01,2013-11-13,92.59,89.6584,89.7166,103.2697,103.2027,85.16,95.2,-2.7416,8.7247,9280000
2013-11-14,180,2013-03-04,2013-11-14,93.22,89.6787,89.7377,103.9489,103.8806,85.16,95.2,-2.0798,9.4645,7909200
2013-11-15,180,2013-03-05,2013-11-15,95.27,89.712,89.7728,106.1953,106.1235,85.16,95.27,0.0,11.8718,18374500
2013-11-18,180,2013-03-06,2013-11-18,95.45,89.7426,89.8052,106.3598,106.2856,85.16,95.45,0.0,12.0831,14243700
2013-11-19,180,2013-03-07,2013-11-19,95.42,89.7733,89.8378,106.29,106.2137,85.16,95.45,-0.0314,12.0479,12697300
2013-11-20,180,2013-03-08,2013-11-20,94.68,89.8051,89.8709,105.4283,105.3511,85.16,95.45,-0.8067,11.179,10455400
2013-11-21,180,2013-03-11,2013-11-21,94.69,89.8355,89.9027,105.4037,105.325,85.16,95.45,-0.7962,11.1907,9128400
2013-11-22,180,2013-03-12,2013-11-22,95.01,89.8665,89.9352,105.7235,105.6427,85.16,95.45,-0.461,11.5665,8534700
2013-11-25,180,2013-03-13,2013-11-25,95.09,89.8979,89.9682,105.7755,105.6929,85.16,95.45,-0.3772,11.6604,10515100
2013-11-26,180,2013-03-14,2013-11-26,94.27,89.9246,89.996,104.8322,104.7491,85.16,95.45,-1.2362,10.6975,11857900
2013-11-27,180,2013-03-15,2013-11-27,93.8,89.9458,90.0181,104.285,104.2013,85.16,95.45,-1.7286,10.1456,8828100
2013-11-29,180,2013-03-18,2013-11-29,93.48,89.9679,90.0409,103.9037,103.8195,85.16,95.45,-2.0639,9.7698,6770500
2013-12-02,180,2013-03-19,2013-12-02,93.52,89.9937,90.0673,103.9184,103.8335,85.16,95.45,-2.022,9.8168,9310500
2013-12-03,180,2013-03-20,2013-12-03,94.39,90.0249,90.0996,104.8487,104.7619,85.16,95.45,-1.1105,10.8384,12599500
2013-12-04,180,2013-03-21,2013-12-04,94.67,90.0574,90.1331,105.1219,105.0335,85.16,95.45,-0.8172,11.1672,13074000
2013-12-05,180,2013-03-22,2013-12-05,94.13,90.0897,90.1662,104.4847,104.3961,85.16,95.45,-1.3829,10.5331,10586000
2013-12-06,180,2013-03-25,2013-12-06,95.65,90.1233,90.2016,106.1324,106.0403,85.16,95.65,0.0,12.318,12063400
2013-12-09,180,2013-03-26,2013-12-09,95.84,90.1594,90.2394,106.3006,106.2063,85.16,95.84,0.0,12.5411,15516700
2013-12-10,180,2013-03-27,2013-12-10,95.71,90.1886,90.2704,106.122,106.0258,85.16,95.84,-0.1356,12.3884,9868100
2013-12-11,180,2013-03-28,2013-12-11,94.26,90.2081,90.2909,104.4917,104.3959,85.16,95.84,-1.6486,10.6858,12811800
2013-12-12,180,2013-04-01,2013-12-12,95.36,90.2357,90.3201,105.6788,105.5801,85.16,95.84,-0.5008,11.9775,15562600
2013-12-13,180,2013-04-02,2013-12-13,95.31,90.2595,90.3453,105.5956,105.4953,85.16,95.84,-0.553,11.9187,10629500
2013-12-16,180,2013-04-03,2013-12-16,97.22,90.2936,90.3822,107.6709,107.5655,85.16,97.22,0.0,14.1616,23226000
2013-12-17,180,2013-04-04,2013-12-17,96.75,90.3291,90.4201,107.1083,107.0006,85.16,97.22,-0.4834,13.6097,14920900
2013-12-18,180,2013-04-05,2013-12-18,99.54,90.3787,90.4743,110.1365,110.0202,85.16,99.54,0.0,16.8859,21331300
2013-12-19,180,2013-04-08,2013-12-19,99.43,90.4322,90.5322,109.9498,109.8283,85.16,99.54,-0.1105,16.7567,12905900
2013-12-20,180,2013-04-09,2013-12-20,98.68,90.4846,90.5882,109.0572,108.9325,85.16,99.54,-0.864,15.876,23331000
2013-12-23,180,2013-04-10,2013-12-23,98.51,90.5353,90.6423,108.8084,108.6799,85.16,99.54,-1.0348,15.6764,10127600
2013-12-24,180,2013-04-11,2013-12-24,99.22,90.5899,90.7009,109.5266,109.3925,85.16,99.54,-0.3215,16.5101,4168300
2013-12-26,180,2013-04-12,2013-12-26,100.9,90.6491,90.7658,111.3084,111.1652,85.16,100.9,0.0,18.4829,9531200
2013-12-27,180,2013-04-15,2013-12-27,101.51,90.7124,90.8353,111.9031,111.7517,85.16,101.51,0.0,19.1992,10209000
2013-12-30,180,2013-04-16,2013-12-30,100.31,90.7853,90.9121,110.4915,110.3373,85.16,101.51,-1.1822,17.79,9007900
2013-12-31,180,2013-04-17,2013-12-31,101.2,90.8615,90.9932,111.3783,111.2171,85.16,101.51,-0.3054,18.8351,8509600
2014-01-02,180,2013-04-18,2014-01-02,99.75,90.9346,91.0691,109.6942,109.5322,85.16,101.51,-1.7338,17.1325,11028100
2014-01-03,180,2013-04-19,2014-01-03,99.51,91.0034,91.1407,109.3476,109.1828,85.16,101.51,-1.9702,16.8506,9295600
2014-01-06,180,2013-04-22,2014-01-06,99.66,91.0679,91.2086,109.4349,109.2661,85.16,101.51,-1.8225,17.0268,11848500
2014-01-07,180,2013-04-23,2014-01-07,101.07,91.1351,91.2807,110.9013,110.7244,85.16,101.51,-0.4335,18.6825,11187000
2014-01-08,180,2013-04-24,2014-01-08,100.74,91.1938,91.3442,110.468,110.2861,85.16,101.51,-0.7585,18.295,11180400
2014-01-09,180,2013-04-25,2014-01-09,99.76,91.2473,91.4016,109.3292,109.1447,85.16,101.51,-1.724,17.1442,11674300
2014-01-10,180,2013-04-26,2014-01-10,100.52,91.3124,91.4708,110.0836,109.893,85.16,101.51,-0.9753,18.0366,10535400
2014-01-13,180,2013-04-29,2014-01-13,98.55,91.3688,91.5294,107.8596,107.6703,85.16,101.51,-2.916,15.7233,12110900
2014-01-14,180,2013-04-30,2014-01-14,99.12,91.4267,91.59,108.4147,108.2214,85.16,101.51,-2.3544,16.3927,9265000
2014-01-15,180,2013-05-01,2014-01-15,98.78,91.4785,91.6444,107.9817,107.7862,85.16,101.51,-2.6894,15.9934,9425500
2014-01-16,180,2013-05-02,2014-01-16,98.94,91.5399,91.7079,108.084,107.886,85.16,101.51,-2.5318,16.1813,9421700
2014-01-17,180,2013-05-03,2014-01-17,99.16,91.5957,91.7664,108.2584,108.057,85.16,101.51,-2.315,16.4396,15998000
2014-01-21,180,2013-05-06,2014-01-21,98.5,91.6403,91.8135,107.4855,107.2827,85.16,101.51,-2.9652,15.6646,13847300
2014-01-22,180,2013-05-07,2014-01-22,97.88,91.6787,91.8541,106.7641,106.5603,85.16,101.51,-3.576,14.9366,11642800
2014-01-23,180,2013-05-08,2014-01-23,96.97,91.7095,91.8864,105.7361,105.5325,85.16,101.51,-4.4725,13.868,15393200
2014-01-24,180,2013-05-09,2014-01-24,94.85,91.7264,91.9039,103.4053,103.2056,85.16,101.51,-6.5609,11.3786,14584300
2014-01-27,180,2013-05-10,2014-01-27,94.92,91.7475,91.9255,103.4579,103.2575,85.16,101.51,-6.492,11.4608,12474600
2014-01-28,180,2013-05-13,2014-01-28,95.65,91.7774,91.9561,104.2196,104.017,85.16,101.51,-5.7728,12.318,10773600
2014-01-29,180,2013-05-14,2014-01-29,95.11,91.8047,91.9839,103.6003,103.3985,85.16,101.51,-6.3048,11.6839,13191500
2014-01-30,180,2013-05-15,2014-01-30,93.99,91.8205,91.9999,102.3628,102.1631,85.16,101.51,-7.4081,10.3687,14628400
2014-01-31,180,2013-05-16,2014-01-31,92.16,91.8256,92.0051,100.3642,100.1684,85.16,101.51,-9.2109,8.2198,17361400
2014-02-03,180,2013-05-17,2014-02-03,90.05,91.8219,92.0014,98.0703,97.8789,85.16,101.51,-11.2895,5.7421,20377900
2014-02-04,180,2013-05-20,2014-02-04,90.02,91.812,91.9918,98.0482,97.8566,85.16,101.51,-11.3191,5.7069,17414400
2014-02-05,180,2013-05-21,2014-02-05,89.58,91.7954,91.9754,97.5866,97.3956,85.16,101.51,-11.7525,5.1902,16393600
2014-02-06,180,2013-05-22,2014-02-06,89.8,91.7785,91.9588,97.8442,97.6525,85.16,101.51,-11.5358,5.4486,13646100
2014-02-07,180,2013-05-23,2014-02-07,90.58,91.7695,91.9498,98.7038,98.5102,85.16,101.51,-10.7674,6.3645,12573800
2014-02-10,180,2013-05-24,2014-02-10,89.52,91.7566,91.9372,97.5625,97.3708,85.16,101.51,-11.8116,5.1198,12237700
2014-02-11,180,2013-05-28,2014-02-11,90.84,91.7527,91.9334,99.0052,98.8107,85.16,101.51,-10.5113,6.6698,13422800
2014-02-12,180,2013-05-29,2014-02-12,91.08,91.7455,91.9262,99.2746,99.0795,85.16,101.51,-10.2748,6.9516,10752400
2014-02-13,180,2013-05-30,2014-02-13,91.43,91.7419,91.9226,99.66,99.4642,85.16,101.51,-9.9301,7.3626,9775300
2014-02-14,180,2013-05-31,2014-02-14,94.11,91.7528,91.9338,102.5691,102.3672,85.16,101.51,-7.2899,10.5096,18260400
2014-02-18,180,2013-06-03,2014-02-18,94.07,91.7726,91.9538,102.5034,102.3014,85.16,101.51,-7.3293,10.4627,12979300
2014-02-19,180,2013-06-04,2014-02-19,93.95,91.7861,91.9676,102.3575,102.1555,85.16,101.51,-7.4475,10.3217,12227800
2014-02-20,180,2013-06-05,2014-02-20,95.37,91.8109,91.9931,103.8766,103.6709,85.16,101.51,-6.0487,11.9892,14424300
2014-02-21,180,2013-06-06,2014-02-21,95.03,91.8405,92.0229,103.4729,103.2677,85.16,101.51,-6.3836,11.5899,11282200
2014-02-24,180,2013-06-07,2014-02-24,96.44,91.8739,92.0574,104.9699,104.7607,85.16,101.51,-4.9946,13.2457,16012500
2014-02-25,180,2013-06-10,2014-02-25,96.31,91.8998,92.0844,104.7989,104.5888,85.16,101.51,-5.1227,13.093,10663000
2014-02-26,180,2013-06-11,2014-02-26,95.79,91.9249,92.1104,104.2046,103.9948,85.16,101.51,-5.6349,12.4824,9087600
2014-02-27,180,2013-06-12,2014-02-27,95.84,91.9541,92.1403,104.2259,104.0153,85.16,101.51,-5.5857,12.5411,9101200
2014-02-28,180,2013-06-13,2014-02-28,96.27,91.9896,92.1766,104.6531,104.4409,85.16,101.51,-5.1621,13.046,12651400
2014-03-03,180,2013-06-14,2014-03-03,95.5,92.0121,92.1997,103.7907,103.5795,85.16,101.51,-5.9206,12.1418,11896700
2014-03-04,180,2013-06-17,2014-03-04,96.52,92.044,92.2327,104.8628,104.6483,85.16,101.51,-4.9158,13.3396,12566100
2014-03-05,180,2013-06-18,2014-03-05,93.8,92.0566,92.2454,101.8938,101.6852,85.16,101.51,-7.5953,10.1456,19829600
2014-03-06,180,2013-06-19,2014-03-06,93.76,92.0666,92.2556,101.8393,101.6307,85.16,101.51,-7.6347,10.0986,12610400
2014-03-07,180,2013-06-20,2014-03-07,94.99,92.0883,92.2778,103.151,102.9392,85.16,101.51,-6.423,11.543,12659100
2014-03-10,180,2013-06-21,2014-03-10,95.5,92.1241,92.3136,103.6645,103.4517,85.16,101.51,-5.9206,12.1418,9964500
2014-03-11,180,2013-06-24,2014-03-11,94.01,92.1495,92.3388,102.019,101.8099,85.16,101.51,-7.3884,10.3922,12143600
2014-03-12,180,2013-06-25,2014-03-12,94.21,92.1819,92.3706,102.2001,101.9913,85.16,101.51,-7.1914,10.627,9705400
2014-03-13,180,2013-06-26,2014-03-13,93.64,92.2076,92.3958,101.5535,101.3466,85.16,101.51,-7.7529,9.9577,9872500
2014-03-14,180,2013-06-27,2014-03-14,93.47,92.2282,92.4162,101.3464,101.1403,85.16,101.51,-7.9204,9.7581,11723300
2014-03-17,180,2013-06-28,2014-03-17,94.32,92.252,92.4399,102.2416,102.0338,85.16,101.51,-7.083,10.7562,8676100
2014-03-18,180,2013-07-01,2014-03-18,94.71,92.2761,92.4642,102.6376,102.4289,85.16,101.51,-6.6989,11.2142,8757300
2014-03-19,180,2013-07-02,2014-03-19,93.73,92.2953,92.4832,101.5545,101.3481,85.16,101.51,-7.6643,10.0634,9914700
2014-03-20,180,2013-07-03,2014-03-20,94.58,92.3171,92.5051,102.4513,102.243,85.16,101.51,-6.8269,11.0615,10405000
2014-03-21,180,2013-07-05,2014-03-21,94.31,92.3371,92.5252,102.1366,101.929,85.16,101.51,-7.0929,10.7445,24479800
2014-03-24,180,2013-07-08,2014-03-24,94.64,92.3539,92.5423,102.4754,102.2668,85.16,101.51,-6.7678,11.132,9539800
2014-03-25,180,2013-07-09,2014-03-25,94.91,92.3683,92.5571,102.7517,102.5422,85.16,101.51,-6.5018,11.449,9796600
2014-03-26,180,2013-07-10,2014-03-26,94.7,92.3756,92.5646,102.5163,102.3069,85.16,101.51,-6.7087,11.2024,11033300
2014-03-27,180,2013-07-11,2014-03-27,96.24,92.3937,92.5836,104.1629,103.9493,85.16,101.51,-5.1916,13.0108,15427500
2014-03-28,180,2013-07-12,2014-03-28,97.7,92.4168,92.6082,105.7167,105.4982,85.16,101.51,-3.7533,14.7252,12321800
2014-03-31,180,2013-07-15,2014-03-31,97.68,92.4391,92.632,105.6696,105.4495,85.16,101.51,-3.773,14.7017,12375200
2014-04-01,180,2013-07-16,2014-04-01,97.73,92.4624,92.6569,105.697,105.4752,85.16,101.51,-3.7238,14.7604,9475300
2014-04-02,180,2013-07-17,2014-04-02,97.95,92.4866,92.6827,105.9073,105.6831,85.16,101.51,-3.507,15.0188,9551000
2014-04-03,180,2013-07-18,2014-04-03,97.93,92.5098,92.7076,105.8591,105.6332,85.16,101.51,-3.5267,14.9953,10113000
2014-04-04,180,2013-07-19,2014-04-04,97.36,92.5252,92.7241,105.2254,104.9997,85.16,101.51,-4.0883,14.326,12496100
2014-04-07,180,2013-07-22,2014-04-07,96.78,92.5335,92.7331,104.5891,104.3641,85.16,101.51,-4.6596,13.6449,10120700
2014-04-08,180,2013-07-23,2014-04-08,97.45,92.547,92.7476,105.2978,105.0701,85.16,101.51,-3.9996,14.4316,10243000
2014-04-09,180,2013-07-24,2014-04-09,97.33,92.558,92.7594,105.1557,104.9273,85.16,101.51,-4.1178,14.2907,10463900
2014-04-10,180,2013-07-25,2014-04-10,96.78,92.5672,92.7694,104.551,104.3232,85.16,101.51,-4.6596,13.6449,13443400
2014-04-11,180,2013-07-26,2014-04-11,96.72,92.5763,92.7791,104.476,104.2476,85.16,101.51,-4.7187,13.5744,13352500
2014-04-14,180,2013-07-29,2014-04-14,97.86,92.5921,92.7962,105.6894,105.4569,85.16,101.51,-3.5957,14.9131,9610200
2014-04-15,180,2013-07-30,2014-04-15,98.68,92.6159,92.822,106.5475,106.311,85.16,101.51,-2.7879,15.876,12961600
2014-04-16,180,2013-07-31,2014-04-16,99.94,92.6471,92.8561,107.8717,107.629,85.16,101.51,-1.5466,17.3556,12508100
2014-04-17,180,2013-08-01,2014-04-17,100.42,92.6809,92.8931,108.3503,108.1027,85.16,101.51,-1.0738,17.9192,15435700
2014-04-21,180,2013-08-02,2014-04-21,100.93,92.7227,92.9387,108.8514,108.5985,85.16,101.51,-0.5714,18.5181,8002100
2014-04-22,180,2013-08-05,2014-04-22,100.37,92.7663,92.9854,108.1966,107.9416,85.16,101.51,-1.123,17.8605,8212100
2014-04-23,180,2013-08-06,2014-04-23,100.5,92.8126,93.0349,108.2827,108.0239,85.16,101.51,-0.995,18.0131,8686000
2014-04-24,180,2013-08-07,2014-04-24,100.01,92.8573,93.0824,107.7029,107.4425,85.16,101.51,-1.4777,17.4378,9057800
2014-04-25,180,2013-08-08,2014-04-25,100.41,92.9047,93.1328,108.0785,107.8138,85.16,101.51,-1.0836,17.9075,10391500
2014-04-28,180,2013-08-09,2014-04-28,101.17,92.9532,93.1849,108.8397,108.569,85.16,101.51,-0.3349,18.7999,12710800
2014-04-29,180,2013-08-12,2014-04-29,101.45,93.0092,93.2446,109.0752,108.7999,85.16,101.51,-0.0591,19.1287,10094600
2014-04-30,180,2013-08-13,2014-04-30,102.41,93.0746,93.3141,110.03,109.7476,85.16,102.41,0.0,20.256,13966700
2014-05-01,180,2013-08-14,2014-05-01,101.41,93.1384,93.3808,108.8809,108.5983,85.16,102.41,-0.9765,19.0817,11161700
2014-05-02,180,2013-08-15,2014-05-02,102.01,93.2079,93.4534,109.4436,109.156,85.16,102.41,-0.3906,19.7863,11168100
2014-05-05,180,2013-08-16,2014-05-05,102.91,93.2864,93.5353,110.3162,110.0226,85.16,102.91,0.0,20.8431,7614200
2014-05-06,180,2013-08-19,2014-05-06,102.67,93.3655,93.6173,109.9656,109.6699,85.16,102.91,-0.2332,20.5613,9669800
2014-05-07,180,2013-08-20,2014-05-07,103.11,93.4531,93.7073,110.3334,110.0341,85.16,103.11,0.0,21.078,11007400
2014-05-08,180,2013-08-21,2014-05-08,102.32,93.5378,93.7933,109.389,109.0909,85.16,103.11,-0.7662,20.1503,8922500
2014-05-09,180,2013-08-22,2014-05-09,101.95,93.6235,93.8796,108.8936,108.5965,85.16,103.11,-1.125,19.7158,8948800
2014-05-12,180,2013-08-23,2014-05-12,102.23,93.7071,93.9643,109.0953,108.7966,85.16,103.11,-0.8535,20.0446,8830500
2014-05-13,180,2013-08-26,2014-05-13,102.36,93.788,94.0468,109.1398,108.8395,85.16,103.11,-0.7274,20.1973,7528800
2014-05-14,180,2013-08-27,2014-05-14,102.29,93.8714,94.1312,108.9682,108.6675,85.16,103.11,-0.7953,20.1151,6999200
2014-05-15,180,2013-08-28,2014-05-15,100.78,93.9496,94.2088,107.2703,106.9752,85.16,103.11,-2.2597,18.3419,13658700
2014-05-16,180,2013-08-29,2014-05-16,100.74,94.0149,94.2749,107.1533,106.8577,85.16,103.11,-2.2985,18.295,10369200
2014-05-19,180,2013-08-30,2014-05-19,100.87,94.0908,94.3504,107.205,106.9099,85.16,103.11,-2.1724,18.4476,5851400
2014-05-20,180,2013-09-03,2014-05-20,100.67,94.1666,94.4255,106.9063,106.6131,85.16,103.11,-2.3664,18.2128,6134100
2014-05-21,180,2013-09-04,2014-05-21,102.03,94.2491,94.5082,108.2557,107.9589,85.16,103.11,-1.0474,19.8098,7747900
2014-05-22,180,2013-09-05,2014-05-22,101.5,94.3253,94.5845,107.6064,107.3115,85.16,103.11,-1.5614,19.1874,5304300
2014-05-23,180,2013-09-06,2014-05-23,101.32,94.4033,94.6621,107.3267,107.0333,85.16,103.11,-1.736,18.976,5410900
2014-05-27,180,2013-09-09,2014-05-27,101.36,94.4824,94.7405,107.2792,106.987,85.16,103.11,-1.6972,19.023,8359700
2014-05-28,180,2013-09-10,2014-05-28,101.06,94.555,94.8128,106.8795,106.5889,85.16,103.11,-1.9882,18.6707,7586700
2014-05-29,180,2013-09-11,2014-05-29,101.27,94.6302,94.8876,107.0166,106.7263,85.16,103.11,-1.7845,18.9173,6113700
2014-05-30,180,2013-09-12,2014-05-30,100.53,94.6954,94.9525,106.1615,105.874,85.16,103.11,-2.5022,18.0484,11499000
2014-06-02,180,2013-09-13,2014-06-02,99.94,94.7632,95.0189,105.4629,105.179,85.16,103.11,-3.0744,17.3556,7761300
2014-06-03,180,2013-09-16,2014-06-03,100.39,94.8306,95.0856,105.8624,105.5786,85.16,103.11,-2.638,17.884,9384200
2014-06-04,180,2013-09-17,2014-06-04,100.04,94.8947,95.1487,105.4221,105.1407,85.16,103.11,-2.9774,17.473,7148800
2014-06-05,180,2013-09-18,2014-06-05,100.55,94.9597,95.2132,105.887,105.6051,85.16,103.11,-2.4828,18.0719,12296100
2014-06-06,180,2013-09-19,2014-06-06,101.6,95.0259,95.28,106.9182,106.6331,85.16,103.11,-1.4645,19.3048,9340900
2014-06-09,180,2013-09-20,2014-06-09,101.52,95.0937,95.348,106.7578,106.4731,85.16,103.11,-1.542,19.2109,6404800
2014-06-10,180,2013-09-23,2014-06-10,101.46,95.1653,95.4191,106.6145,106.3309,85.16,103.11,-1.6002,19.1404,7917500
2014-06-11,180,2013-09-24,2014-06-11,101.95,95.2452,95.498,107.0395,106.7562,85.16,103.11,-1.125,19.7158,10270300
2014-06-12,180,2013-09-25,2014-06-12,101.66,95.3264,95.5774,106.6441,106.364,85.16,103.11,-1.4063,19.3753,11421000
2014-06-13,180,2013-09-26,2014-06-13,102.65,95.414,95.6636,107.5838,107.3031,85.16,103.11,-0.4461,20.5378,8240300
2014-06-16,180,2013-09-27,2014-06-16,102.92,95.5036,95.7517,107.7656,107.4864,85.16,103.11,-0.1843,20.8549,8977600
2014-06-17,180,2013-09-30,2014-06-17,102.42,95.592,95.8379,107.1429,106.868,85.16,103.11,-0.6692,20.2677,9355400
2014-06-18,180,2013-10-01,2014-06-18,102.73,95.688,95.9306,107.3594,107.0878,85.16,103.11,-0.3685,20.6317,9575100
2014-06-19,180,2013-10-02,2014-06-19,102.63,95.7839,96.023,107.1474,106.8806,85.16,103.11,-0.4655,20.5143,11105600
2014-06-20,180,2013-10-03,2014-06-20,103.83,95.8852,96.1216,108.2857,108.0194,85.16,103.83,0.0,21.9234,17674400
2014-06-23,180,2013-10-04,2014-06-23,104.38,95.9934,96.2265,108.7366,108.4732,85.16,104.38,0.0,22.5693,8553700
2014-06-24,180,2013-10-07,2014-06-24,102.73,96.0882,96.3177,106.9122,106.6575,85.16,104.38,-1.5808,20.6317,9708400
2014-06-25,180,2013-10-08,2014-06-25,102.14,96.1833,96.4079,106.1931,105.9457,85.16,104.38,-2.146,19.9389,10714800
2014-06-26,180,2013-10-09,2014-06-26,102.03,96.2807,96.4997,105.9714,105.7309,85.16,104.38,-2.2514,19.8098,8424200
2014-06-27,180,2013-10-10,2014-06-27,101.21,96.3767,96.5888,105.015,104.7844,86.04,104.38,-3.037,17.6313,15147400
2014-06-30,180,2013-10-11,2014-06-30,100.68,96.464,96.6702,104.3706,104.148,86.79,104.38,-3.5447,16.0041,9454800
2014-07-01,180,2013-10-14,2014-07-01,101.36,96.5486,96.7502,104.9834,104.7646,86.79,104.38,-2.8933,16.7876,8399600
2014-07-02,180,2013-10-15,2014-07-02,101.57,96.63,96.8278,105.1123,104.8975,86.79,104.38,-2.6921,17.0296,6954400
2014-07-03,180,2013-10-16,2014-07-03,102.59,96.7221,96.9156,106.0668,105.855,87.23,104.38,-1.7149,17.6086,6922600
2014-07-07,180,2013-10-17,2014-07-07,102.65,96.8111,97.0008,106.0312,105.8238,87.23,104.38,-1.6574,17.6774,7979600
2014-07-08,180,2013-10-18,2014-07-08,102.83,96.9001,97.0861,106.1196,105.9163,87.23,104.38,-1.485,17.8838,9613600
2014-07-09,180,2013-10-21,2014-07-09,103.55,96.9922,97.175,106.7611,106.5603,87.23,104.38,-0.7952,18.7092,7655300
2014-07-10,180,2013-10-22,2014-07-10,102.57,97.0819,97.2602,105.6531,105.4594,87.61,104.38,-1.734,17.0757,8533700
2014-07-11,180,2013-10-23,2014-07-11,101.74,97.1625,97.3367,104.7112,104.5238,87.61,104.38,-2.5292,16.1283,7680800
2014-07-14,180,2013-10-24,2014-07-14,102.68,97.2504,97.4204,105.5831,105.3989,87.97,104.38,-1.6287,16.7216,8253100
2014-07-15,180,2013-10-25,2014-07-15,102.39,97.3315,97.498,105.1971,105.0175,87.97,104.38,-1.9065,16.3919,8755800
2014-07-16,180,2013-10-28,2014-07-16,103.77,97.4227,97.5858,106.5152,106.3372,88.23,104.38,-0.5844,17.613,8870200
2014-07-17,180,2013-10-29,2014-07-17,102.31,97.505,97.664,104.9279,104.7571,88.81,104.38,-1.9831,15.201,8145700
2014-07-18,180,2013-10-30,2014-07-18,102.73,97.5849,97.7407,105.2724,105.1047,88.81,104.38,-1.5808,15.6739,8208300
2014-07-21,180,2013-10-31,2014-07-21,103.08,97.6674,97.8199,105.5418,105.3773,89.52,104.38,-1.2454,15.1475,6632400
2014-07-22,180,2013-11-01,2014-07-22,103.54,97.747,97.8973,105.9265,105.7639,89.52,104.38,-0.8047,15.6613,7426300
2014-07-23,180,2013-11-04,2014-07-23,104.25,97.8289,97.9774,106.5636,106.402,89.52,104.38,-0.1245,16.4544,7007200
2014-07-24,180,2013-11-05,2014-07-24,104.28,97.8963,98.0451,106.5208,106.3592,89.52,104.38,-0.0958,16.4879,7943000
2014-07-25,180,2013-11-06,2014-07-25,103.18,97.9591,98.1073,105.3296,105.1706,89.52,104.38,-1.1496,15.2592,7775500
2014-07-28,180,2013-11-07,2014-07-28,104.37,98.0203,98.1692,106.478,106.3164,89.52,104.38,-0.0096,16.5885,9197800
2014-07-29,180,2013-11-08,2014-07-29,103.55,98.0853,98.2336,105.5714,105.412,89.52,104.38,-0.7952,15.6725,8055400
2014-07-30,180,2013-11-11,2014-07-30,103.25,98.1441,98.2921,105.2025,105.0441,89.52,104.38,-1.0826,15.3374,11072100
2014-07-31,180,2013-11-12,2014-07-31,98.94,98.1789,98.3253,100.7753,100.6252,89.52,104.38,-5.2117,10.5228,18291800
2014-08-01,180,2013-11-13,2014-08-01,98.8,98.2147,98.3593,100.5959,100.448,89.52,104.38,-5.3458,10.3664,14915000
2014-08-04,180,2013-11-14,2014-08-04,100.13,98.2583,98.4012,101.9048,101.7569,89.52,104.38,-4.0717,11.8521,12148200
2014-08-05,180,2013-11-15,2014-08-05,98.2,98.2875,98.4289,99.911,99.7675,89.52,104.38,-5.9207,9.6962,13069400
2014-08-06,180,2013-11-18,2014-08-06,98.98,98.3086,98.4495,100.6829,100.5389,89.52,104.38,-5.1734,10.5675,9911300
2014-08-07,180,2013-11-19,2014-08-07,98.27,98.3248,98.4652,99.9443,99.8018,89.52,104.38,-5.8536,9.7744,10017100
2014-08-08,180,2013-11-20,2014-08-08,99.74,98.3492,98.4892,101.4142,101.27,89.52,104.38,-4.4453,11.4164,11199300
2014-08-11,180,2013-11-21,2014-08-11,98.73,98.3725,98.5117,100.3635,100.2216,89.52,104.38,-5.4129,10.2882,8589600
2014-08-12,180,2013-11-22,2014-08-12,98.49,98.3944,98.5328,100.0972,99.9566,89.52,104.38,-5.6428,10.0201,9583700
2014-08-13,180,2013-11-25,2014-08-13,99.09,98.4177,98.5554,100.6831,100.5424,89.52,104.38,-5.068,10.6903,7645800
2014-08-14,180,2013-11-26,2014-08-14,99.09,98.4405,98.5777,100.6598,100.5197,89.52,104.38,-5.068,10.6903,6547300
2014-08-15,180,2013-11-27,2014-08-15,99.03,98.468,98.6041,100.5708,100.4319,89.52,104.38,-5.1255,10.6233,9226900
2014-08-18,180,2013-11-29,2014-08-18,99.52,98.501,98.6359,101.0345,100.8963,89.52,104.38,-4.6561,11.1707,7135400
2014-08-19,180,2013-12-02,2014-08-19,99.49,98.5358,98.6693,100.9683,100.8318,89.52,104.38,-4.6848,11.1372,8888100
2014-08-20,180,2013-12-03,2014-08-20,99.7,98.5716,98.7036,101.1447,101.0095,89.52,104.38,-4.4836,11.3718,6751800
2014-08-21,180,2013-12-04,2014-08-21,99.28,98.5998,98.7308,100.6899,100.5563,89.52,104.38,-4.886,10.9026,6826200
2014-08-22,180,2013-12-05,2014-08-22,98.5,98.622,98.7521,99.8763,99.7448,89.52,104.38,-5.6333,10.0313,8095000
2014-08-25,180,2013-12-06,2014-08-25,98.75,98.6488,98.7777,100.1025,99.9719,89.52,104.38,-5.3938,10.3105,7569800
2014-08-26,180,2013-12-09,2014-08-26,99.64,98.6715,98.7999,100.9816,100.8503,89.52,104.38,-4.5411,11.3047,8536500
2014-08-27,180,2013-12-10,2014-08-27,99.53,98.6924,98.8204,100.8487,100.7181,89.52,104.38,-4.6465,11.1819,5848700
2014-08-28,180,2013-12-11,2014-08-28,99.57,98.7143,98.8418,100.8668,100.7367,89.52,104.38,-4.6082,11.2265,6072700
2014-08-29,180,2013-12-12,2014-08-29,99.46,98.7444,98.8707,100.7247,100.596,89.52,104.38,-4.7135,11.1037,8873700
2014-09-02,180,2013-12-13,2014-09-02,98.49,98.7624,98.8881,99.7242,99.5974,89.52,104.38,-5.6428,10.0201,8957100
2014-09-03,180,2013-12-16,2014-09-03,99.11,98.7842,98.9092,100.3298,100.203,89.52,104.38,-5.0489,10.7127,8475100
2014-09-04,180,2013-12-17,2014-09-04,98.36,98.7907,98.9156,99.564,99.4384,89.52,104.38,-5.7674,9.8749,9662900
2014-09-05,180,2013-12-18,2014-09-05,99.26,98.8049,98.9295,100.4606,100.3341,89.52,104.38,-4.9051,10.8803,9476900
2014-09-08,180,2013-12-19,2014-09-08,97.77,98.795,98.9197,98.9625,98.8378,89.52,104.38,-6.3326,9.2158,10080100
2014-09-09,180,2013-12-20,2014-09-09,97.39,98.7836,98.9083,98.5893,98.4649,89.52,104.38,-6.6967,8.7913,9756400
2014-09-10,180,2013-12-23,2014-09-10,96.81,98.773,98.8979,98.0126,97.8888,89.52,104.38,-7.2523,8.1434,12113700
2014-09-11,180,2013-12-24,2014-09-11,97.03,98.7646,98.8897,98.2437,98.1194,89.52,104.38,-7.0416,8.3892,10181100
2014-09-12,180,2013-12-26,2014-09-12,95.78,98.745,98.8706,96.9974,96.8741,89.52,104.38,-8.2391,6.9929,10257500
2014-09-15,180,2013-12-27,2014-09-15,96.29,98.7193,98.845,97.5392,97.4151,89.52,104.38,-7.7505,7.5626,10689400
2014-09-16,180,2013-12-30,2014-09-16,97.43,98.6969,98.8223,98.7163,98.5911,89.52,104.38,-6.6584,8.836,11574100
2014-09-17,180,2013-12-31,2014-09-17,97.08,98.679,98.8044,98.3796,98.2547,89.52,104.38,-6.9937,8.445,8774200
2014-09-18,180,2014-01-02,2014-09-18,96.61,98.6536,98.7789,97.9285,97.8043,89.52,104.38,-7.444,7.92,8636600
2014-09-19,180,2014-01-03,2014-09-19,97.12,98.6389,98.7643,98.4601,98.3352,89.52,104.38,-6.9553,8.4897,18178100
2014-09-22,180,2014-01-06,2014-09-22,96.54,98.6222,98.7478,97.8887,97.7642,89.52,104.38,-7.511,7.8418,8816900
2014-09-23,180,2014-01-07,2014-09-23,96.03,98.6017,98.7276,97.3918,97.2676,89.52,104.38,-7.9996,7.2721,10300700
2014-09-24,180,2014-01-08,2014-09-24,95.82,98.5725,98.6984,97.2077,97.0836,89.52,104.38,-8.2008,7.0375,12200000
2014-09-25,180,2014-01-09,2014-09-25,94.25,98.5356,98.6624,95.6507,95.5278,89.52,104.38,-9.7049,5.2837,12854200
2014-09-26,180,2014-01-10,2014-09-26,95.43,98.511,98.6383,96.8724,96.7474,89.52,104.38,-8.5744,6.6019,11256800
2014-09-29,180,2014-01-13,2014-09-29,94.43,98.4765,98.6045,95.8909,95.7664,89.52,104.38,-9.5325,5.4848,14015000
2014-09-30,180,2014-01-14,2014-09-30,94.05,98.4503,98.5795,95.5304,95.4052,89.52,104.38,-9.8965,5.0603,15576500
2014-10-01,180,2014-01-15,2014-10-01,92.86,98.4137,98.5447,94.3568,94.2313,89.52,104.38,-11.0366,3.731,14028600
2014-10-02,180,2014-01-16,2014-10-02,93.3,98.3817,98.5143,94.8347,94.7071,89.52,104.38,-10.6151,4.2225,13756500
2014-10-03,180,2014-01-17,2014-10-03,93.92,98.3527,98.4864,95.4931,95.3634,89.52,104.38,-10.0211,4.9151,11563000
2014-10-06,180,2014-01-21,2014-10-06,94.52,98.3261,98.4606,96.1291,95.9978,89.52,104.38,-9.4463,5.5853,10595400
2014-10-07,180,2014-01-22,2014-10-07,93.37,98.2961,98.4321,94.9885,94.8573,89.52,104.38,-10.548,4.3007,10787900
2014-10-08,180,2014-01-23,2014-10-08,94.61,98.2772,98.4139,96.2685,96.1348,89.52,104.38,-9.36,5.6859,15583700
2014-10-09,180,2014-01-24,2014-10-09,91.82,98.2462,98.3853,93.4591,93.3269,89.52,104.38,-12.033,2.5693,17915600
2014-10-10,180,2014-01-27,2014-10-10,91.6,98.2261,98.3673,93.2542,93.1204,89.52,104.38,-12.2437,2.3235,18173100
2014-10-13,180,2014-01-28,2014-10-13,90.84,98.2007,98.3446,92.5044,92.3691,89.52,104.38,-12.9718,1.4745,14451100
2014-10-14,180,2014-01-29,2014-10-14,90.55,98.1692,98.3163,92.2387,92.1007,89.52,104.38,-13.2497,1.1506,23120500
2014-10-15,180,2014-01-30,2014-10-15,90.22,98.1387,98.2891,91.9311,91.7904,89.52,104.38,-13.5658,0.782,24703500
2014-10-16,180,2014-01-31,2014-10-16,90.6,98.1174,98.2703,92.3384,92.1947,89.52,104.38,-13.2018,1.2064,25212600
2014-10-17,180,2014-02-03,2014-10-17,91.21,98.1114,98.265,92.9658,92.8204,89.52,104.38,-12.6174,1.8878,18189200
2014-10-20,180,2014-02-04,2014-10-20,91.77,98.1225,98.2746,93.526,93.3812,89.52,104.38,-12.0809,2.5134,10821700
2014-10-21,180,2014-02-05,2014-10-21,93.65,98.1455,98.2947,95.4195,95.2747,89.52,104.38,-10.2797,4.6135,15757000
2014-10-22,180,2014-02-06,2014-10-22,93.13,98.1683,98.3144,94.8677,94.7267,89.52,104.38,-10.7779,4.0326,12733600
2014-10-23,180,2014-02-07,2014-10-23,94.11,98.1956,98.3384,95.8393,95.7002,89.52,104.38,-9.839,5.1274,11345100
2014-10-24,180,2014-02-10,2014-10-24,94.49,98.2201,98.3601,96.2023,96.0654,89.52,104.38,-9.475,5.5518,9734100
2014-10-27,180,2014-02-11,2014-10-27,93.71,98.2469,98.3834,95.3822,95.2498,90.22,104.38,-10.2223,3.8683,11387700
2014-10-28,180,2014-02-12,2014-10-28,95.1,98.2733,98.4071,96.7709,96.6394,90.22,104.38,-8.8906,5.409,12564100
2014-10-29,180,2014-02-13,2014-10-29,94.59,98.2952,98.4266,96.2305,96.1021,90.22,104.38,-9.3792,4.8437,12409100
2014-10-30,180,2014-02-14,2014-10-30,94.45,98.314,98.4433,96.0698,95.9435,90.22,104.38,-9.5133,4.6885,9767900
2014-10-31,180,2014-02-18,2014-10-31,96.71,98.3293,98.4578,98.3532,98.2248,90.22,104.38,-7.3481,7.1935,17493700
2014-11-03,180,2014-02-19,2014-11-03,95.26,98.3364,98.4644,96.8715,96.7456,90.22,104.38,-8.7373,5.5863,13410000
2014-11-04,180,2014-02-20,2014-11-04,94.52,98.3399,98.4676,96.1156,95.991,90.22,104.38,-9.4463,4.7661,13498500
2014-11-05,180,2014-02-21,2014-11-05,95.07,98.3381,98.4659,96.6767,96.5512,90.22,104.38,-8.9193,5.3757,12480000
2014-11-06,180,2014-02-24,2014-11-06,96.26,98.3453,98.4727,97.8796,97.753,90.22,104.38,-7.7793,6.6947,14731400
2014-11-07,180,2014-02-25,2014-11-07,96.59,98.3462,98.4736,98.2143,98.0872,90.22,104.38,-7.4631,7.0605,13233500
2014-11-10,180,2014-02-26,2014-11-10,96.28,98.346,98.4734,97.8992,97.7726,90.22,104.38,-7.7601,6.7169,9087600
2014-11-11,180,2014-02-27,2014-11-11,96.41,98.3496,98.4768,98.0278,97.9012,90.22,104.38,-7.6356,6.861,7990000
2014-11-12,180,2014-02-28,2014-11-12,95.38,98.3469,98.4743,96.9832,96.8578,90.22,104.38,-8.6223,5.7193,11592800
2014-11-13,180,2014-03-03,2014-11-13,94.66,98.3374,98.4653,96.2604,96.1354,90.22,104.38,-9.3121,4.9213,12355400
2014-11-14,180,2014-03-04,2014-11-14,95.09,98.335,98.4631,96.7,96.5743,90.22,104.38,-8.9002,5.3979,9352500
2014-11-17,180,2014-03-05,2014-11-17,95.11,98.3268,98.4552,96.7285,96.6023,90.22,104.38,-8.881,5.4201,8704400
2014-11-18,180,2014-03-06,2014-11-18,94.87,98.3332,98.4612,96.4781,96.3527,90.22,104.38,-9.1109,5.1541,9263200
2014-11-19,180,2014-03-07,2014-11-19,95.61,98.3443,98.4714,97.2197,97.0941,90.22,104.38,-8.402,5.9743,8333200
2014-11-20,180,2014-03-10,2014-11-20,95.82,98.3492,98.4761,97.4283,97.3028,90.22,104.38,-8.2008,6.207,8422400
2014-11-21,180,2014-03-11,2014-11-21,96.81,98.3568,98.4833,98.4273,98.3009,90.22,104.38,-7.2523,7.3044,12374900
2014-11-24,180,2014-03-12,2014-11-24,95.72,98.367,98.4928,97.309,97.1847,90.22,104.38,-8.2966,6.0962,10172400
2014-11-25,180,2014-03-13,2014-11-25,94.78,98.3705,98.496,96.3501,96.2273,90.22,104.38,-9.1972,5.0543,13747400
2014-11-26,180,2014-03-14,2014-11-26,94.48,98.3756,98.5007,96.0401,95.9181,90.22,104.38,-9.4846,4.7218,9822100
2014-11-28,180,2014-03-17,2014-11-28,90.54,98.357,98.4844,92.0525,91.9334,90.22,104.38,-13.2592,0.3547,19556700
2014-12-01,180,2014-03-18,2014-12-01,92.35,98.3448,98.4734,93.9043,93.7816,90.22,104.38,-11.5252,2.3609,27584200
2014-12-02,180,2014-03-19,2014-12-02,94.19,98.3417,98.4706,95.7783,95.653,90.22,104.38,-9.7624,4.4004,20885300
2014-12-03,180,2014-03-20,2014-12-03,94.95,98.349,98.4773,96.5439,96.4181,90.22,104.38,-9.0343,5.2427,16220400
2014-12-04,180,2014-03-21,2014-12-04,94.37,98.3478,98.4762,95.9554,95.8303,90.22,104.38,-9.59,4.5999,12868600
2014-12-05,180,2014-03-24,2014-12-05,93.82,98.3448,98.4734,95.399,95.2744,90.22,104.38,-10.1169,3.9902,11831900
2014-12-08,180,2014-03-25,2014-12-08,91.7,98.3266,98.4571,93.2606,93.137,90.22,104.38,-12.1479,1.6404,15735900
2014-12-09,180,2014-03-26,2014-12-09,91.38,98.3047,98.4375,92.9558,92.8305,90.22,104.38,-12.4545,1.2857,15883800
2014-12-10,180,2014-03-27,2014-12-10,88.67,98.2662,98.404,90.2345,90.1081,88.67,104.38,-15.0508,0.0,22279400
2014-12-11,180,2014-03-28,2014-12-11,89.2,98.2222,98.3649,90.8145,90.6828,88.67,104.38,-14.543,0.5977,21522200
2014-12-12,180,2014-03-31,2014-12-12,86.6,98.152,98.3032,88.2305,88.0948,86.6,104.38,-17.0339,0.0,24568300
2014-12-15,180,2014-04-01,2014-12-15,86.9,98.084,98.2433,88.5975,88.4538,86.6,104.38,-16.7465,0.3464,21373600
2014-12-16,180,2014-04-02,2014-12-16,86.41,98.0125,98.1804,88.1623,88.0114,86.41,104.38,-17.2159,0.0,26372400
2014-12-17,180,2014-04-03,2014-12-17,89.02,97.9578,98.1308,90.8758,90.7156,86.41,104.38,-14.7155,3.0205,23323000
2014-12-18,180,2014-04-04,2014-12-18,91.16,97.9174,98.0932,93.0989,92.932,86.41,104.38,-12.6653,5.497,22882700
2014-12-19,180,2014-04-07,2014-12-19,93.64,97.8957,98.0726,95.6528,95.4803,86.41,104.38,-10.2893,8.3671,38469000
2014-12-22,180,2014-04-08,2014-12-22,93.33,97.8754,98.0534,95.356,95.1828,86.41,104.38,-10.5863,8.0083,17871800
2014-12-23,180,2014-04-09,2014-12-23,94.59,97.8588,98.0375,96.6596,96.4835,86.41,104.38,-9.3792,9.4665,13706500
2014-12-24,180,2014-04-10,2014-12-24,93.78,97.8382,98.0178,95.8522,95.6765,86.41,104.38,-10.1552,8.5291,6875700
2014-12-26,180,2014-04-11,2014-12-26,93.21,97.8171,97.9979,95.2901,95.1142,86.41,104.38,-10.7013,7.8695,10585000
2014-12-29,180,2014-04-14,2014-12-29,93.07,97.7956,97.9777,95.1679,94.991,86.41,104.38,-10.8354,7.7074,9892100
2014-12-30,180,2014-04-15,2014-12-30,93.02,97.7673,97.9508,95.1443,94.9661,86.41,104.38,-10.8833,7.6496,8743400
2014-12-31,180,2014-04-16,2014-12-31,92.45,97.7311,97.9162,94.5963,94.4175,86.41,104.38,-11.4294,6.9899,11337200
2015-01-02,180,2014-04-17,2015-01-02,92.83,97.6904,97.8767,95.0247,94.8439,86.41,104.38,-11.0653,7.4297,10220400
2015-01-05,180,2014-04-21,2015-01-05,90.29,97.6312,97.8204,92.4807,92.3018,86.41,104.38,-13.4988,4.4902,18502400
2015-01-06,180,2014-04-22,2015-01-06,89.81,97.5663,97.7586,92.0502,91.8691,86.41,104.38,-13.9586,3.9347,16670700
2015-01-07,180,2014-04-23,2015-01-07,90.72,97.5103,97.705,93.0363,92.8509,86.41,104.38,-13.0868,4.9878,13590700
2015-01-08,180,2014-04-24,2015-01-08,92.23,97.4632,97.6591,94.6306,94.4408,86.41,104.38,-11.6402,6.7353,15487500
2015-01-09,180,2014-04-25,2015-01-09,92.1,97.4179,97.6151,94.5412,94.3501,86.41,104.38,-11.7647,6.5849,14488400
2015-01-12,180,2014-04-28,2015-01-12,90.33,97.3593,97.5591,92.78,92.59,86.41,104.38,-13.4604,4.5365,15176300
2015-01-13,180,2014-04-29,2015-01-13,90.0,97.2948,97.4971,92.5024,92.3105,86.41,104.38,-13.7766,4.1546,17469000
2015-01-14,180,2014-04-30,2015-01-14,89.74,97.2272,97.432,92.2993,92.1053,86.41,104.38,-14.0257,3.8537,23272100
2015-01-15,180,2014-05-01,2015-01-15,88.96,97.1497,97.3573,91.57,91.3748,86.41,104.38,-14.7729,2.951,18759600
2015-01-16,180,2014-05-02,2015-01-16,91.12,97.0913,97.3001,93.8498,93.6484,86.41,104.38,-12.7036,5.4508,17713100
2015-01-20,180,2014-05-05,2015-01-20,91.09,97.0298,97.2394,93.8783,93.676,86.41,104.38,-12.7323,5.416,16761000
2015-01-21,180,2014-05-06,2015-01-21,91.87,96.9688,97.1781,94.7418,94.5378,86.41,104.38,-11.985,6.3187,14276400
2015-01-22,180,2014-05-07,2015-01-22,92.87,96.9151,97.1237,95.8261,95.6204,86.41,104.38,-11.027,7.476,13559000
2015-01-23,180,2014-05-08,2015-01-23,90.89,96.8471,97.0558,93.8489,93.6472,86.41,104.38,-12.9239,5.1846,14706300
2015-01-26,180,2014-05-09,2015-01-26,91.76,96.7886,96.9971,94.8046,94.6008,86.41,104.38,-12.0904,6.1914,10672500
2015-01-27,180,2014-05-12,2015-01-27,90.95,96.7269,96.936,94.0276,93.8248,86.41,104.38,-12.8664,5.254,12301500
2015-01-28,180,2014-05-13,2015-01-28,87.95,96.6444,96.8567,91.0037,90.8043,86.41,104.38,-15.7406,1.7822,17829700
2015-01-29,180,2014-05-14,2015-01-29,87.58,96.5589,96.7746,90.7011,90.499,86.41,104.38,-16.095,1.354,22683000
2015-01-30,180,2014-05-15,2015-01-30,87.42,96.4729,96.6919,90.6162,90.4108,86.41,104.38,-16.2483,1.1688,22679900
2015-02-02,180,2014-05-16,2015-02-02,89.58,96.4088,96.6297,92.9169,92.7044,86.41,104.38,-14.179,3.6686,20306300
2015-02-03,180,2014-05-19,2015-02-03,92.25,96.3616,96.5826,95.7331,95.5141,86.41,104.38,-11.621,6.7585,21900900
2015-02-04,180,2014-05-20,2015-02-04,91.46,96.309,96.5303,94.9651,94.7475,86.41,104.38,-12.3778,5.8442,19632200
2015-02-05,180,2014-05-21,2015-02-05,92.36,96.263,96.4841,95.9455,95.7256,86.41,104.38,-11.5156,6.8858,12809000
2015-02-06,180,2014-05-22,2015-02-06,91.5,96.205,96.4256,95.1094,94.8918,86.41,104.38,-12.3395,5.8905,12331200
2015-02-09,180,2014-05-23,2015-02-09,91.56,96.15,96.3704,95.2262,95.0084,86.41,104.38,-12.282,5.96,11360700
2015-02-10,180,2014-05-27,2015-02-10,91.01,96.0926,96.3131,94.7107,94.4939,86.41,104.38,-12.809,5.3235,12952900
2015-02-11,180,2014-05-28,2015-02-11,90.6,96.0325,96.2533,94.343,94.1266,86.41,104.38,-13.2018,4.849,12240600
2015-02-12,180,2014-05-29,2015-02-12,92.37,95.9849,96.2051,96.2339,96.0137,86.41,104.38,-11.506,6.8973,14843000
2015-02-13,180,2014-05-30,2015-02-13,93.37,95.9421,96.1612,97.3191,97.0974,86.41,104.38,-10.548,8.0546,12061000
2015-02-17,180,2014-06-02,2015-02-17,93.05,95.9012,96.1196,97.0269,96.8065,86.41,104.38,-10.8546,7.6843,11758700
2015-02-18,180,2014-06-03,2015-02-18,91.01,95.8511,96.07,94.9494,94.733,86.41,104.38,-12.809,5.3235,19177900
2015-02-19,180,2014-06-04,2015-02-19,89.44,95.7889,96.0092,93.372,93.1578,86.41,104.38,-14.3131,3.5065,19350600
2015-02-20,180,2014-06-05,2015-02-20,89.92,95.7316,95.9529,93.9293,93.7126,86.41,104.38,-13.8532,4.062,15959900
2015-02-23,180,2014-06-06,2015-02-23,89.01,95.666,95.8888,93.0425,92.8262,86.41,104.38,-14.725,3.0089,12771800
2015-02-24,180,2014-06-09,2015-02-24,89.42,95.5979,95.8212,93.5377,93.3197,86.41,104.38,-14.3322,3.4834,9990700
2015-02-25,180,2014-06-10,2015-02-25,89.6,95.5314,95.7549,93.7912,93.5722,86.41,104.38,-14.1598,3.6917,9925700
2015-02-26,180,2014-06-11,2015-02-26,88.65,95.4592,95.6838,92.8669,92.6489,86.41,104.38,-15.0699,2.5923,13984000
2015-02-27,180,2014-06-12,2015-02-27,88.54,95.3841,95.6093,92.8247,92.6061,86.41,104.38,-15.1753,2.465,13090600
2015-03-02,180,2014-06-13,2015-03-02,88.04,95.3072,95.5336,92.375,92.156,86.41,104.38,-15.6543,1.8864,13793700
2015-03-03,180,2014-06-16,2015-03-03,87.62,95.223,95.4501,92.0156,91.7966,86.41,104.38,-16.0567,1.4003,13493800
2015-03-04,180,2014-06-17,2015-03-04,87.18,95.1347,95.3627,91.6385,91.4194,86.41,104.38,-16.4783,0.8911,13467600
2015-03-05,180,2014-06-18,2015-03-05,86.74,95.046,95.2756,91.2611,91.0412,86.41,104.38,-16.8998,0.3819,12527600
2015-03-06,180,2014-06-19,2015-03-06,85.63,94.9486,95.1806,90.1857,89.9659,85.63,104.38,-17.9632,0.0,16070500
2015-03-09,180,2014-06-20,2015-03-09,85.16,94.8485,95.0835,89.7853,89.5634,85.16,104.38,-18.4135,0.0,14503800
2015-03-10,180,2014-06-23,2015-03-10,84.26,94.7369,94.9748,88.9411,88.7183,84.26,104.38,-19.2757,0.0,17195500
2015-03-11,180,2014-06-24,2015-03-11,84.02,94.6213,94.8617,88.7961,88.5711,84.02,104.37,-19.4979,0.0,13004700
2015-03-12,180,2014-06-25,2015-03-12,84.22,94.515,94.7588,89.1076,88.8783,84.02,104.37,-19.3063,0.238,10792900
2015-03-13,180,2014-06-26,2015-03-13,83.87,94.4092,94.6573,88.8366,88.6038,83.87,104.37,-19.6417,0.0,16799900
2015-03-16,180,2014-06-27,2015-03-16,84.76,94.3105,94.5614,89.8734,89.6349,83.87,104.37,-18.7889,1.0612,13516200
2015-03-17,180,2014-06-30,2015-03-17,84.08,94.2111,94.4662,89.2464,89.0054,83.87,104.37,-19.4405,0.2504,12979700
2015-03-18,180,2014-07-01,2015-03-18,86.07,94.128,94.3851,91.4393,91.1903,83.87,104.37,-17.5338,2.6231,18745700
2015-03-19,180,2014-07-02,2015-03-19,84.41,94.0306,94.2909,89.7686,89.5208,83.87,104.37,-19.1243,0.6439,12738500
2015-03-20,180,2014-07-03,2015-03-20,84.54,93.9333,94.1963,90.0,89.7488,83.87,104.37,-18.9997,0.7989,36083500
2015-03-23,180,2014-07-07,2015-03-23,85.43,93.8374,94.1009,91.0404,90.7855,83.87,104.37,-18.147,1.86,17450700
2015-03-24,180,2014-07-08,2015-03-24,84.52,93.7353,94.0002,90.1688,89.9147,83.87,104.37,-19.0189,0.775,10174300
2015-03-25,180,2014-07-09,2015-03-25,84.86,93.6349,93.9004,90.6286,90.3724,83.87,104.37,-18.6931,1.1804,11934700
2015-03-26,180,2014-07-10,2015-03-26,84.32,93.5277,93.7936,90.1551,89.8996,83.87,104.37,-19.2105,0.5365,14400700
2015-03-27,180,2014-07-11,2015-03-27,83.58,93.4202,93.6881,89.4667,89.2109,83.58,104.37,-19.9195,0.0,11579300
2015-03-30,180,2014-07-14,2015-03-30,85.63,93.3306,93.5986,91.7491,91.4865,83.58,104.37,-17.9554,2.4527,15653200
2015-03-31,180,2014-07-15,2015-03-31,85.0,93.2327,93.5003,91.1697,90.9088,83.58,104.37,-18.559,1.699,13354000
2015-04-01,180,2014-07-16,2015-04-01,84.46,93.1327,93.4007,90.6878,90.4276,83.58,104.37,-19.0764,1.0529,14522300
2015-04-02,180,2014-07-17,2015-04-02,84.3,93.0256,93.2926,90.6202,90.3609,83.58,104.37,-19.2297,0.8615,11297400
2015-04-06,180,2014-07-18,2015-04-06,85.13,92.9308,93.1971,91.6058,91.344,83.58,104.37,-18.4344,1.8545,10916400
2015-04-07,180,2014-07-21,2015-04-07,85.75,92.8384,93.1028,92.3647,92.1025,83.58,104.37,-17.8404,2.5963,11836100
2015-04-08,180,2014-07-22,2015-04-08,84.06,92.7335,92.9971,90.6469,90.3899,83.58,104.37,-19.4596,0.5743,16257100
2015-04-09,180,2014-07-23,2015-04-09,84.65,92.6306,92.8922,91.3845,91.1272,83.58,104.37,-18.8943,1.2802,13281800
2015-04-10,180,2014-07-24,2015-04-10,85.56,92.5308,92.7883,92.4665,92.2099,83.58,104.37,-18.0224,2.369,13372400
2015-04-13,180,2014-07-25,2015-04-13,85.34,92.4297,92.6831,92.3296,92.0772,83.58,104.37,-18.2332,2.1058,9880500
2015-04-14,180,2014-07-28,2015-04-14,86.63,92.3419,92.5912,93.8144,93.5618,83.58,104.37,-16.9972,3.6492,15693800
2015-04-15,180,2014-07-29,2015-04-15,88.08,92.258,92.5007,95.4714,95.2209,83.58,103.55,-14.9396,5.3841,15332800
2015-04-16,180,2014-07-30,2015-04-16,87.73,92.1758,92.4128,95.1769,94.9328,83.58,103.25,-15.0315,4.9653,9570800
2015-04-17,180,2014-07-31,2015-04-17,86.93,92.09,92.3221,94.3968,94.1595,83.58,100.13,-13.1829,4.0081,14430100
2015-04-20,180,2014-08-01,2015-04-20,87.24,92.0262,92.2571,94.7991,94.5618,83.58,100.13,-12.8733,4.379,11593600
2015-04-21,180,2014-08-04,2015-04-21,86.88,91.9609,92.1909,94.4749,94.2392,83.58,100.13,-13.2328,3.9483,10100500
2015-04-22,180,2014-08-05,2015-04-22,87.46,91.893,92.1205,95.1759,94.9409,83.58,99.74,-12.312,4.6423,8663600
2015-04-23,180,2014-08-06,2015-04-23,87.54,91.8349,92.0613,95.3233,95.0888,83.58,99.74,-12.2318,4.738,9866100
2015-04-24,180,2014-08-07,2015-04-24,86.97,91.7695,91.9946,94.77,94.5382,83.58,99.74,-12.8033,4.056,8405700
2015-04-27,180,2014-08-08,2015-04-27,87.01,91.708,91.932,94.8773,94.646,83.58,99.74,-12.7632,4.1039,10534600
2015-04-28,180,2014-08-11,2015-04-28,87.8,91.6443,91.8657,95.8052,95.5743,83.58,99.7,-11.9358,5.0491,9633800
2015-04-29,180,2014-08-12,2015-04-29,87.87,91.5859,91.8053,95.9427,95.7134,83.58,99.7,-11.8656,5.1328,12534100
2015-04-30,180,2014-08-13,2015-04-30,87.37,91.5257,91.7436,95.4595,95.2329,83.58,99.7,-12.3671,4.5346,13947700
2015-05-01,180,2014-08-14,2015-05-01,88.85,91.4717,91.6867,97.1339,96.9061,83.58,99.7,-10.8826,6.3053,12257100
2015-05-04,180,2014-08-15,2015-05-04,89.11,91.4191,91.6312,97.4741,97.2485,83.58,99.7,-10.6219,6.6164,10343700
2015-05-05,180,2014-08-18,2015-05-05,88.61,91.364,91.5733,96.9856,96.764,83.58,99.7,-11.1234,6.0182,11895000
2015-05-06,180,2014-08-19,2015-05-06,88.19,91.3042,91.5104,96.5892,96.3716,83.58,99.7,-11.5446,5.5157,11273500
2015-05-07,180,2014-08-20,2015-05-07,87.6,91.2411,91.4443,96.0094,95.796,83.58,99.7,-12.1364,4.8098,9992500
2015-05-08,180,2014-08-21,2015-05-08,88.99,91.1853,91.3848,97.5925,97.3794,83.58,99.64,-10.6885,6.4728,11390300
2015-05-11,180,2014-08-22,2015-05-11,86.78,91.1183,91.3154,95.2388,95.0333,83.58,99.64,-12.9065,3.8287,11997800
2015-05-12,180,2014-08-25,2015-05-12,87.02,91.0566,91.2516,95.567,95.3627,83.58,99.64,-12.6656,4.1158,9788900
2015-05-13,180,2014-08-26,2015-05-13,86.56,90.9909,91.1839,95.1304,94.929,83.58,99.64,-13.1273,3.5654,8629400
2015-05-14,180,2014-08-27,2015-05-14,86.97,90.9237,91.1135,95.6516,95.4524,83.58,99.57,-12.6544,4.056,8791300
2015-05-15,180,2014-08-28,2015-05-15,87.35,90.8594,91.0458,96.1375,95.9407,83.58,99.57,-12.2728,4.5106,8422200
2015-05-18,180,2014-08-29,2015-05-18,86.85,90.792,90.9752,95.6582,95.4656,83.58,99.46,-12.6785,3.9124,6395400
2015-05-19,180,2014-09-02,2015-05-19,86.99,90.7261,90.9059,95.882,95.6924,83.58,99.26,-12.3615,4.0799,9777100
2015-05-20,180,2014-09-03,2015-05-20,87.13,90.6656,90.8428,96.1004,95.913,83.58,99.26,-12.2204,4.2474,7276600
2015-05-21,180,2014-09-04,2015-05-21,87.21,90.6027,90.7767,96.2554,96.0709,83.58,99.26,-12.1398,4.3431,8357400
2015-05-22,180,2014-09-05,2015-05-22,86.52,90.5393,90.7109,95.5607,95.3799,83.58,99.26,-12.835,3.5176,7598400
2015-05-26,180,2014-09-08,2015-05-26,85.35,90.4646,90.6336,94.3463,94.1704,83.58,97.77,-12.7033,2.1177,11289000
2015-05-27,180,2014-09-09,2015-05-27,85.11,90.3955,90.5633,94.1529,93.9785,83.58,97.43,-12.645,1.8306,10778300
2015-05-28,180,2014-09-10,2015-05-28,85.11,90.3283,90.4951,94.223,94.0493,83.58,97.43,-12.645,1.8306,8038900
2015-05-29,180,2014-09-11,2015-05-29,85.2,90.2645,90.4306,94.3892,94.2159,83.58,97.43,-12.5526,1.9383,14631300
2015-06-01,180,2014-09-12,2015-06-01,85.13,90.1994,90.3644,94.3798,94.2074,83.58,97.43,-12.6245,1.8545,9077500
2015-06-02,180,2014-09-15,2015-06-02,85.14,90.1404,90.3053,94.4526,94.2801,83.58,97.43,-12.6142,1.8665,9328300
2015-06-03,180,2014-09-16,2015-06-03,84.95,90.0779,90.2423,94.3073,94.1354,83.58,97.43,-12.8092,1.6391,8179500
2015-06-04,180,2014-09-17,2015-06-04,84.22,90.0054,90.1689,93.5722,93.4024,83.58,97.12,-13.2825,0.7657,12607300
2015-06-05,180,2014-09-18,2015-06-05,84.28,89.935,90.0978,93.7121,93.5428,83.58,97.12,-13.2208,0.8375,11388500
2015-06-08,180,2014-09-19,2015-06-08,84.85,89.8706,90.0325,94.4135,94.2437,83.58,97.12,-12.6339,1.5195,12244700
2015-06-09,180,2014-09-22,2015-06-09,84.58,89.8022,89.9628,94.1848,94.0166,83.58,96.81,-12.633,1.1965,8105500
2015-06-10,180,2014-09-23,2015-06-10,85.21,89.7405,89.8999,94.9515,94.7832,83.58,96.81,-11.9822,1.9502,10147000
2015-06-11,180,2014-09-24,2015-06-11,85.09,89.6806,89.8391,94.8811,94.7138,83.58,96.81,-12.1062,1.8066,7759300
2015-06-12,180,2014-09-25,2015-06-12,84.02,89.6152,89.7736,93.7564,93.591,83.58,96.81,-13.2114,0.5264,8347300
2015-06-15,180,2014-09-26,2015-06-15,83.72,89.5557,89.7151,93.4837,93.3177,83.58,96.81,-13.5213,0.1675,9563900
2015-06-16,180,2014-09-29,2015-06-16,84.68,89.4965,89.6553,94.6183,94.4506,83.58,96.81,-12.5297,1.3161,9100100
2015-06-17,180,2014-09-30,2015-06-17,84.73,89.4426,89.6014,94.7312,94.5632,83.58,96.81,-12.478,1.3759,9090200
2015-06-18,180,2014-10-01,2015-06-18,85.48,89.3952,89.5538,95.6203,95.451,83.58,96.81,-11.7033,2.2733,10247800
2015-06-19,180,2014-10-02,2015-06-19,85.21,89.3523,89.5113,95.3641,95.1946,83.58,96.81,-11.9822,1.9502,16129600
2015-06-22,180,2014-10-03,2015-06-22,85.17,89.3069,89.4662,95.3677,95.198,83.58,96.81,-12.0236,1.9024,9465100
2015-06-23,180,2014-10-06,2015-06-23,85.07,89.2579,89.417,95.3081,95.1385,83.58,96.81,-12.1268,1.7827,10223900
2015-06-24,180,2014-10-07,2015-06-24,84.68,89.2035,89.3623,94.929,94.7603,83.58,96.81,-12.5297,1.3161,11800100
2015-06-25,180,2014-10-08,2015-06-25,83.93,89.1503,89.3099,94.1444,93.9762,83.58,96.81,-13.3044,0.4188,10259400
2015-06-26,180,2014-10-09,2015-06-26,83.86,89.0905,89.2502,94.129,93.9606,83.58,96.81,-13.3767,0.335,19023300
2015-06-29,180,2014-10-10,2015-06-29,82.82,89.0383,89.2002,93.0161,92.8474,82.82,96.81,-14.451,0.0,11739200
2015-06-30,180,2014-10-13,2015-06-30,83.2,88.9898,89.1535,93.4938,93.3222,82.82,96.81,-14.0585,0.4588,14981100
2015-07-01,180,2014-10-14,2015-07-01,82.37,88.9401,89.1064,92.6129,92.44,82.37,96.81,-14.9158,0.0,13529100
2015-07-02,180,2014-10-15,2015-07-02,83.14,88.8968,89.0653,93.5242,93.3473,82.37,96.81,-14.1204,0.9348,9188000
2015-07-06,180,2014-10-16,2015-07-06,82.53,88.8515,89.0226,92.8853,92.7068,82.37,96.81,-14.7505,0.1942,11694400
2015-07-07,180,2014-10-17,2015-07-07,82.87,88.8064,88.9796,93.3154,93.1337,82.37,96.81,-14.3993,0.607,15641500
2015-07-08,180,2014-10-20,2015-07-08,81.97,88.7523,88.9283,92.3582,92.1754,81.97,96.81,-15.329,0.0,10057000
2015-07-09,180,2014-10-21,2015-07-09,81.6,88.6929,88.8718,92.0029,91.8177,81.6,96.81,-15.7112,0.0,11980500
2015-07-10,180,2014-10-22,2015-07-10,82.22,88.628,88.8083,92.7697,92.5815,81.6,96.81,-15.0708,0.7598,8628700
2015-07-13,180,2014-10-23,2015-07-13,82.42,88.5672,88.7488,93.0593,92.8689,81.6,96.81,-14.8642,1.0049,8026700
2015-07-14,180,2014-10-24,2015-07-14,83.11,88.5059,88.6877,93.9033,93.7109,81.6,96.81,-14.1514,1.8505,9310200
2015-07-15,180,2014-10-27,2015-07-15,82.76,88.4407,88.6225,93.5768,93.3849,81.6,96.81,-14.513,1.4216,9289200
2015-07-16,180,2014-10-28,2015-07-16,82.91,88.3803,88.5625,93.8105,93.6175,81.6,96.81,-14.358,1.6054,8267600
2015-07-17,180,2014-10-29,2015-07-17,82.61,88.3114,88.4931,93.544,93.3519,81.6,96.81,-14.6679,1.2377,12156000
2015-07-20,180,2014-10-30,2015-07-20,81.76,88.2396,88.4218,92.6568,92.4659,81.6,96.81,-15.5459,0.1961,12957100
2015-07-21,180,2014-10-31,2015-07-21,81.66,88.1679,88.3508,92.6187,92.427,81.6,96.81,-15.6492,0.0735,8677100
2015-07-22,180,2014-11-03,2015-07-22,81.79,88.0865,88.2679,92.8519,92.6611,81.6,96.81,-15.5149,0.2328,13181500
2015-07-23,180,2014-11-04,2015-07-23,81.14,88.0079,88.1894,92.1963,92.0065,81.14,96.81,-16.1863,0.0,10496100
2015-07-24,180,2014-11-05,2015-07-24,79.94,87.9249,88.1084,90.9185,90.7291,79.94,96.81,-17.4259,0.0,14888500
2015-07-27,180,2014-11-06,2015-07-27,79.26,87.8349,88.0206,90.2375,90.0471,79.26,96.81,-18.1283,0.0,14996100
2015-07-28,180,2014-11-07,2015-07-28,82.48,87.7606,87.9441,93.983,93.7869,79.26,96.81,-14.8022,4.0626,19777300
2015-07-29,180,2014-11-10,2015-07-29,83.14,87.6889,87.8693,94.8124,94.6178,79.26,96.81,-14.1204,4.8953,13913800
2015-07-30,180,2014-11-11,2015-07-30,83.01,87.6181,87.7956,94.7407,94.5491,79.26,96.81,-14.2547,4.7313,11139900
2015-07-31,180,2014-11-12,2015-07-31,79.21,87.5221,87.7001,90.5028,90.3192,79.21,96.81,-18.1799,0.0,26232700
2015-08-03,180,2014-11-13,2015-08-03,78.06,87.4232,87.6038,89.2898,89.1057,78.06,96.81,-19.3678,0.0,15767700
2015-08-04,180,2014-11-14,2015-08-04,77.17,87.3217,87.5067,88.3744,88.1876,77.17,96.81,-20.2872,0.0,18874400
2015-08-05,180,2014-11-17,2015-08-05,77.17,87.2184,87.4071,88.4791,88.288,77.17,96.81,-20.2872,0.0,16544400
2015-08-06,180,2014-11-18,2015-08-06,78.09,87.1216,87.3126,89.6333,89.4373,77.17,96.81,-19.3368,1.1922,13005200
2015-08-07,180,2014-11-19,2015-08-07,76.83,87.0174,87.2123,88.2927,88.0953,76.83,96.81,-20.6384,0.0,12187600
2015-08-10,180,2014-11-20,2015-08-10,78.75,86.9233,87.1187,90.5971,90.3939,76.83,96.81,-18.6551,2.499,14876000
2015-08-11,180,2014-11-21,2015-08-11,77.49,86.8198,87.0168,89.2538,89.0517,76.83,96.81,-19.9566,0.859,14486400
2015-08-12,180,2014-11-24,2015-08-12,78.79,86.721,86.9167,90.8546,90.65,76.83,95.72,-17.687,2.5511,16492400
2015-08-13,180,2014-11-25,2015-08-13,78.65,86.6263,86.8219,90.7922,90.5878,76.83,94.95,-17.1669,2.3689,13154100
2015-08-14,180,2014-11-26,2015-08-14,78.36,86.5343,86.7307,90.5537,90.3487,76.83,94.95,-17.4724,1.9914,9129300
2015-08-17,180,2014-11-28,2015-08-17,78.77,86.4465,86.6434,91.1199,90.9129,76.83,94.95,-17.0405,2.525,9365400
2015-08-18,180,2014-12-01,2015-08-18,77.9,86.3722,86.5732,90.1911,89.9817,76.83,94.95,-17.9568,1.3927,9815300
2015-08-19,180,2014-12-02,2015-08-19,76.23,86.2774,86.4836,88.3545,88.1439,76.23,94.95,-19.7156,0.0,17010100
2015-08-20,180,2014-12-03,2015-08-20,74.57,86.162,86.3746,86.5462,86.3332,74.57,94.95,-21.4639,0.0,17811200
2015-08-21,180,2014-12-04,2015-08-21,72.13,86.0248,86.2478,83.8479,83.6311,72.13,94.59,-23.7446,0.0,25488800
2015-08-24,180,2014-12-05,2015-08-24,68.72,85.8625,86.1053,80.0349,79.8092,68.72,94.59,-27.3496,0.0,35531200
2015-08-25,180,2014-12-08,2015-08-25,68.71,85.7033,85.9658,80.1719,79.9271,68.71,94.59,-27.3602,0.0,30409700
2015-08-26,180,2014-12-09,2015-08-26,72.5,85.5856,85.8592,84.7105,84.4406,68.71,94.59,-23.3534,5.5159,34436000
2015-08-27,180,2014-12-10,2015-08-27,74.85,85.4874,85.7673,87.5568,87.271,68.71,94.59,-20.869,8.9361,24571000
2015-08-28,180,2014-12-11,2015-08-28,75.07,85.4045,85.6918,87.8993,87.6047,68.71,94.59,-20.6364,9.2563,18997300
2015-08-31,180,2014-12-12,2015-08-31,75.24,85.3203,85.6142,88.1853,87.8826,68.71,94.59,-20.4567,9.5037,19570100
2015-09-01,180,2014-12-15,2015-09-01,72.08,85.2263,85.5336,84.5748,84.271,68.71,94.59,-23.7974,4.9047,24092900
2015-09-02,180,2014-12-16,2015-09-02,73.23,85.1397,85.4576,86.0115,85.6916,68.71,94.59,-22.5817,6.5784,16936900
2015-09-03,180,2014-12-17,2015-09-03,73.79,85.0601,85.3875,86.7504,86.4178,68.71,94.59,-21.9896,7.3934,13451900
2015-09-04,180,2014-12-18,2015-09-04,72.46,84.957,85.2955,85.2902,84.9517,68.71,94.59,-23.3957,5.4577,14902500
2015-09-08,180,2014-12-19,2015-09-08,73.5,84.8515,85.1974,86.6219,86.2702,68.71,94.59,-22.2962,6.9713,13626900
2015-09-09,180,2014-12-22,2015-09-09,72.0,84.7233,85.0772,84.9825,84.6291,68.71,94.59,-23.882,4.7882,17246200
2015-09-10,180,2014-12-23,2015-09-10,72.52,84.6009,84.9616,85.7202,85.3562,68.71,94.59,-23.3323,5.545,12353900
2015-09-11,180,2014-12-24,2015-09-11,72.69,84.4744,84.8399,86.0497,85.679,68.71,93.78,-22.4888,5.7925,12172300
2015-09-14,180,2014-12-26,2015-09-14,72.49,84.3504,84.7216,85.9391,85.5626,68.71,93.37,-22.3626,5.5014,10738500
2015-09-15,180,2014-12-29,2015-09-15,72.86,84.2321,84.6086,86.499,86.1142,68.71,93.37,-21.9664,6.0399,11979800
2015-09-16,180,2014-12-30,2015-09-16,74.3,84.1253,84.5043,88.3207,87.9245,68.71,93.37,-20.4241,8.1356,15214200
2015-09-17,180,2014-12-31,2015-09-17,74.46,84.0201,84.4012,88.6217,88.2215,68.71,93.37,-20.2528,8.3685,15603000
2015-09-18,180,2015-01-02,2015-09-18,72.68,83.9048,84.2913,86.622,86.2248,68.71,93.37,-22.1592,5.7779,23180200
2015-09-21,180,2015-01-05,2015-09-21,73.39,83.7934,84.1833,87.5845,87.1788,68.71,93.37,-21.3987,6.8112,10853000
2015-09-22,180,2015-01-06,2015-09-22,72.74,83.6893,84.0858,86.9168,86.5068,68.71,93.37,-22.0949,5.8652,14245200
2015-09-23,180,2015-01-07,2015-09-23,72.3,83.5845,83.9886,86.4993,86.0832,68.71,93.37,-22.5661,5.2249,13784800
2015-09-24,180,2015-01-08,2015-09-24,72.73,83.4788,83.8886,87.1239,86.6983,68.71,93.37,-22.1056,5.8507,14584200
2015-09-25,180,2015-01-09,2015-09-25,73.23,83.37,83.7831,87.8373,87.4043,68.71,93.37,-21.5701,6.5784,15175300
2015-09-28,180,2015-01-12,2015-09-28,72.6,83.2576,83.6747,87.1993,86.7646,68.71,93.37,-22.2448,5.6615,14571900
2015-09-29,180,2015-01-13,2015-09-29,72.97,83.1562,83.5783,87.7505,87.3074,68.71,93.37,-21.8486,6.2,13754400
2015-09-30,180,2015-01-14,2015-09-30,74.35,83.0665,83.4913,89.5066,89.0512,68.71,93.37,-20.3706,8.2084,18176500
2015-10-01,180,2015-01-15,2015-10-01,74.06,82.9762,83.4042,89.2546,88.7965,68.71,93.37,-20.6812,7.7863,14397800
2015-10-02,180,2015-01-16,2015-10-02,75.88,82.9021,83.3316,91.5296,91.0579,68.71,93.37,-18.7319,10.4352,18811300
2015-10-05,180,2015-01-20,2015-10-05,76.81,82.8241,83.2521,92.7387,92.262,68.71,93.37,-17.7359,11.7887,18486700
2015-10-06,180,2015-01-21,2015-10-06,77.89,82.7533,83.1787,94.1232,93.6417,68.71,93.37,-16.5792,13.3605,18757900
2015-10-07,180,2015-01-22,2015-10-07,79.2,82.6871,83.1083,95.7828,95.2973,68.71,93.37,-15.1762,15.2671,18666300
2015-10-08,180,2015-01-23,2015-10-08,80.03,82.6215,83.037,96.8634,96.3787,68.71,93.37,-14.2872,16.475,14344700
2015-10-09,180,2015-01-26,2015-10-09,79.26,82.5603,82.9724,96.0025,95.5258,68.71,93.37,-15.1119,15.3544,17384700
2015-10-12,180,2015-01-27,2015-10-12,79.3,82.4955,82.9032,96.1264,95.6538,68.71,93.37,-15.0691,15.4126,9931800
2015-10-13,180,2015-01-28,2015-10-13,79.16,82.4337,82.8377,96.0287,95.5604,68.71,93.37,-15.219,15.2089,12326600
2015-10-14,180,2015-01-29,2015-10-14,80.16,82.392,82.7944,97.291,96.8182,68.71,93.37,-14.148,16.6642,14486000
2015-10-15,180,2015-01-30,2015-10-15,81.48,82.3597,82.7605,98.9318,98.4528,68.71,93.37,-12.7343,18.5854,13640900
2015-10-16,180,2015-02-02,2015-10-16,82.48,82.3339,82.7331,100.1774,99.6941,68.71,93.37,-11.6633,20.0408,14304400
2015-10-19,180,2015-02-03,2015-10-19,80.99,82.2894,82.6853,98.421,97.9497,68.71,93.37,-13.2591,17.8722,14155800
2015-10-20,180,2015-02-04,2015-10-20,80.83,82.2318,82.6219,98.2953,97.8312,68.71,93.37,-13.4304,17.6394,12340100
2015-10-21,180,2015-02-05,2015-10-21,80.21,82.1742,82.5594,97.6097,97.1543,68.71,93.37,-14.0945,16.737,10274900
2015-10-22,180,2015-02-06,2015-10-22,82.89,82.1278,82.5068,100.928,100.4645,68.71,93.37,-11.2242,20.6375,14823500
2015-10-23,180,2015-02-09,2015-10-23,82.98,82.0858,82.4594,101.0893,100.6313,68.71,93.37,-11.1278,20.7685,13215700
2015-10-26,180,2015-02-10,2015-10-26,81.22,82.0338,82.402,99.008,98.5656,68.71,93.37,-13.0127,18.207,12576400
2015-10-27,180,2015-02-11,2015-10-27,81.09,81.9836,82.3469,98.91,98.4737,68.71,93.37,-13.152,18.0178,13579400
2015-10-28,180,2015-02-12,2015-10-28,82.28,81.9419,82.3007,100.4126,99.9749,68.71,93.37,-11.8775,19.7497,12473000
2015-10-29,180,2015-02-13,2015-10-29,82.23,81.8922,82.2443,100.4125,99.9826,68.71,93.37,-11.931,19.6769,10341200
2015-10-30,180,2015-02-17,2015-10-30,82.74,81.8409,82.1853,101.0986,100.675,68.71,93.05,-11.0801,20.4192,18758600
2015-11-02,180,2015-02-18,2015-11-02,85.28,81.8045,82.1421,104.2485,103.8201,68.71,91.01,-6.296,24.1158,21266500
2015-11-03,180,2015-02-19,2015-11-03,86.85,81.7849,82.119,106.1931,105.7611,68.71,89.92,-3.4141,26.4008,20115900
2015-11-04,180,2015-02-20,2015-11-04,85.98,81.7682,82.0998,105.1509,104.7262,68.71,89.92,-4.3817,25.1346,14245400
2015-11-05,180,2015-02-23,2015-11-05,84.81,81.7433,82.0714,103.7516,103.3369,68.71,89.6,-5.346,23.4318,12291100
2015-11-06,180,2015-02-24,2015-11-06,84.47,81.7209,82.0462,103.364,102.9542,68.71,89.6,-5.7254,22.937,12491700
2015-11-09,180,2015-02-25,2015-11-09,81.95,81.6831,82.0047,100.3267,99.9333,68.71,89.6,-8.5379,19.2694,13551200
2015-11-10,180,2015-02-26,2015-11-10,82.35,81.6467,81.9644,100.8614,100.4705,68.71,89.11,-7.5861,19.8515,14238000
2015-11-11,180,2015-02-27,2015-11-11,81.62,81.6108,81.9253,100.0113,99.6273,68.71,89.11,-8.4053,18.7891,9598000
2015-11-12,180,2015-03-02,2015-11-12,79.41,81.5627,81.8746,97.3606,96.9898,68.71,89.11,-10.8854,15.5727,16050600
2015-11-13,180,2015-03-03,2015-11-13,78.1,81.5094,81.8194,95.8172,95.4541,68.71,89.11,-12.3555,13.6661,17527300
2015-11-16,180,2015-03-04,2015-11-16,80.9,81.4744,81.7821,99.295,98.9215,68.71,89.11,-9.2133,17.7412,14548100
2015-11-17,180,2015-03-05,2015-11-17,79.96,81.4362,81.7419,98.1873,97.82,68.71,89.11,-10.2682,16.3732,10011700
2015-11-18,180,2015-03-06,2015-11-18,80.74,81.4046,81.7086,99.1835,98.8146,68.71,89.11,-9.3929,17.5084,10884600
2015-11-19,180,2015-03-09,2015-11-19,80.3,81.3761,81.679,98.6776,98.3117,68.71,89.11,-9.8867,16.868,9453300
2015-11-20,180,2015-03-10,2015-11-20,79.79,81.3471,81.6492,98.0859,97.723,68.71,89.11,-10.459,16.1257,10144400
2015-11-23,180,2015-03-11,2015-11-23,80.28,81.3254,81.6271,98.7145,98.3497,68.71,89.11,-9.9091,16.8389,11868400
2015-11-24,180,2015-03-12,2015-11-24,81.88,81.314,81.6152,100.6961,100.3245,68.71,89.11,-8.1136,19.1675,15055500
2015-11-25,180,2015-03-13,2015-11-25,81.25,81.2981,81.5987,99.9409,99.5727,68.71,89.11,-8.8206,18.2506,8980400
2015-11-27,180,2015-03-16,2015-11-27,81.23,81.2838,81.584,99.9338,99.5661,68.71,89.11,-8.843,18.2215,4156600
2015-11-30,180,2015-03-17,2015-11-30,81.66,81.2674,81.5668,100.4831,100.1143,68.71,89.11,-8.3604,18.8473,17729200
2015-12-01,180,2015-03-18,2015-12-01,81.89,81.2557,81.5546,100.7806,100.4112,68.71,89.11,-8.1023,19.1821,13917000
2015-12-02,180,2015-03-19,2015-12-02,79.55,81.2208,81.5184,97.9429,97.5853,68.71,89.11,-10.7283,15.7765,16300000
2015-12-03,180,2015-03-20,2015-12-03,78.41,81.1876,81.4851,96.5788,96.2262,68.71,89.11,-12.0076,14.1173,14870300
2015-12-04,180,2015-03-23,2015-12-04,78.86,81.1564,81.4535,97.1704,96.816,68.71,89.11,-11.5026,14.7722,20156400
2015-12-07,180,2015-03-24,2015-12-07,76.8,81.1083,81.4056,94.6882,94.3425,68.71,89.11,-13.8144,11.7741,17676100
2015-12-08,180,2015-03-25,2015-12-08,74.63,81.0511,81.3506,92.0778,91.7387,68.71,89.11,-16.2496,8.6159,24217600
2015-12-09,180,2015-03-26,2015-12-09,75.63,80.9986,81.2993,93.372,93.0266,68.71,89.11,-15.1274,10.0713,22036300
2015-12-10,180,2015-03-27,2015-12-10,75.69,80.9493,81.2514,93.5029,93.1553,68.71,89.11,-15.06,10.1586,20142400
2015-12-11,180,2015-03-30,2015-12-11,74.34,80.8952,81.2001,91.8966,91.5517,68.71,89.11,-16.575,8.1939,20473100
2015-12-14,180,2015-03-31,2015-12-14,76.03,80.8417,81.1467,94.048,93.6945,68.71,89.11,-14.6785,10.6535,21976500
2015-12-15,180,2015-04-01,2015-12-15,79.43,80.8117,81.1158,98.2902,97.9218,68.71,89.11,-10.863,15.6018,24366800
2015-12-16,180,2015-04-02,2015-12-16,79.15,80.7829,81.0863,97.9786,97.6121,68.71,89.11,-11.1772,15.1943,17233900
2015-12-17,180,2015-04-06,2015-12-17,77.96,80.748,81.0511,96.5473,96.1863,68.71,89.11,-12.5126,13.4624,17362900
2015-12-18,180,2015-04-07,2015-12-18,77.28,80.7048,81.0074,95.7564,95.3986,68.71,89.11,-13.2757,12.4727,28836000
2015-12-21,180,2015-04-08,2015-12-21,77.26,80.6584,80.9603,95.7867,95.4295,68.71,89.11,-13.2982,12.4436,14460500
2015-12-22,180,2015-04-09,2015-12-22,77.65,80.6229,80.9247,96.3125,95.9534,68.71,89.11,-12.8605,13.0112,13855800
2015-12-23,180,2015-04-10,2015-12-23,80.19,80.5992,80.8999,99.4923,99.1225,68.71,89.11,-10.0101,16.7079,15184200
2015-12-24,180,2015-04-13,2015-12-24,79.33,80.5661,80.8653,98.4657,98.1014,68.71,89.11,-10.9752,15.4563,5848300
2015-12-28,180,2015-04-14,2015-12-28,78.74,80.5307,80.8286,97.7764,97.416,68.71,89.11,-11.6373,14.5976,9715800
2015-12-29,180,2015-04-15,2015-12-29,79.16,80.4915,80.7871,98.3458,97.9859,68.71,89.11,-11.166,15.2089,8839000
2015-12-30,180,2015-04-16,2015-12-30,78.11,80.4393,80.7317,97.1042,96.7526,68.71,89.11,-12.3443,13.6807,9314600
2015-12-31,180,2015-04-17,2015-12-31,77.95,80.388,80.6774,96.9672,96.6194,68.71,89.11,-12.5239,13.4478,10285500
2016-01-04,180,2015-04-20,2016-01-04,77.46,80.3375,80.6248,96.4182,96.0747,68.71,89.11,-13.0737,12.7347,20400100
2016-01-05,180,2015-04-21,2016-01-05,78.12,80.2896,80.5741,97.2978,96.9542,68.71,89.11,-12.3331,13.6952,11993500
2016-01-06,180,2015-04-22,2016-01-06,77.47,80.2395,80.5218,96.5484,96.2099,68.71,89.11,-13.0625,12.7492,18826900
2016-01-07,180,2015-04-23,2016-01-07,76.23,80.1793,80.4594,95.0744,94.7434,68.71,89.11,-14.454,10.9446,21263800
2016-01-08,180,2015-04-24,2016-01-08,74.69,80.1092,80.3881,93.2353,92.9118,68.71,89.11,-16.1822,8.7033,19033600
2016-01-11,180,2015-04-27,2016-01-11,73.69,80.0354,80.3143,92.0718,91.7521,68.71,89.11,-17.3045,7.2479,21353000
2016-01-12,180,2015-04-28,2016-01-12,75.2,79.9712,80.2487,94.0339,93.7087,68.71,89.11,-15.6099,9.4455,21864100
2016-01-13,180,2015-04-29,2016-01-13,75.65,79.9063,80.1812,94.6734,94.3488,68.71,89.11,-15.1049,10.1004,26052700
2016-01-14,180,2015-04-30,2016-01-14,79.12,79.8616,80.1326,99.0714,98.7364,68.71,89.11,-11.2109,15.1506,33806700
2016-01-15,180,2015-05-01,2016-01-15,77.58,79.8105,80.0782,97.2053,96.8803,68.71,89.11,-12.9391,12.9093,28342100
2016-01-19,180,2015-05-04,2016-01-19,76.4,79.7456,80.009,95.8046,95.4893,68.71,89.11,-14.2633,11.192,22684500
2016-01-20,180,2015-05-05,2016-01-20,73.18,79.6594,79.9205,91.8661,91.566,68.71,88.99,-17.766,6.5056,33300800
2016-01-21,180,2015-05-06,2016-01-21,74.1,79.5816,79.8399,93.112,92.8107,68.71,88.99,-16.7322,7.8446,22265600
2016-01-22,180,2015-05-07,2016-01-22,76.57,79.5211,79.7753,96.2889,95.982,68.71,88.99,-13.9566,11.4394,22530300
2016-01-25,180,2015-05-08,2016-01-25,73.98,79.4473,79.6997,93.1183,92.8235,68.71,88.99,-16.8671,7.6699,17086600
2016-01-26,180,2015-05-11,2016-01-26,76.7,79.3842,79.6314,96.6187,96.3188,68.71,87.35,-12.1923,11.6286,18724700
2016-01-27,180,2015-05-12,2016-01-27,75.29,79.3227,79.5676,94.9161,94.624,68.71,87.35,-13.8065,9.5765,18106100
2016-01-28,180,2015-05-13,2016-01-28,76.99,79.2704,79.5118,97.1232,96.8284,68.71,87.35,-11.8603,12.0506,16157700
2016-01-29,180,2015-05-14,2016-01-29,77.85,79.2253,79.4634,98.264,97.9696,68.71,87.35,-10.8758,13.3023,25161900
2016-02-01,180,2015-05-15,2016-02-01,76.29,79.1692,79.4041,96.3632,96.0781,68.71,87.35,-12.6617,11.0319,16754200
2016-02-02,180,2015-05-18,2016-02-02,74.59,79.1011,79.3332,94.297,94.0211,68.71,87.21,-14.4708,8.5577,21404200
2016-02-03,180,2015-05-19,2016-02-03,78.48,79.0584,79.2867,99.2683,98.9825,68.71,87.21,-10.0103,14.2192,25873700
2016-02-04,180,2015-05-20,2016-02-04,79.83,79.0227,79.2469,101.0217,100.7357,68.71,87.21,-8.4623,16.184,23658700
2016-02-05,180,2015-05-21,2016-02-05,80.08,78.9876,79.2078,101.383,101.1012,68.71,87.21,-8.1757,16.5478,26719900
2016-02-08,180,2015-05-22,2016-02-08,81.16,78.958,79.1742,102.7888,102.5082,68.71,86.85,-6.5515,18.1196,26601200
2016-02-09,180,2015-05-26,2016-02-09,80.08,78.9258,79.1384,101.4624,101.1898,68.71,86.85,-7.795,16.5478,18418100
2016-02-10,180,2015-05-27,2016-02-10,79.35,78.8952,79.1051,100.5765,100.3096,68.71,86.85,-8.6356,15.4854,16610900
2016-02-11,180,2015-05-28,2016-02-11,79.6,78.8671,79.0744,100.9293,100.6646,68.71,86.85,-8.3477,15.8492,19331600
2016-02-12,180,2015-05-29,2016-02-12,81.03,78.8466,79.0518,102.7691,102.5024,68.71,86.85,-6.7012,17.9304,16767200
2016-02-16,180,2015-06-01,2016-02-16,81.22,78.8268,79.0297,103.0361,102.7715,68.71,86.85,-6.4824,18.207,15912200
2016-02-17,180,2015-06-02,2016-02-17,82.0,78.8113,79.0123,104.046,103.7813,68.71,86.85,-5.5843,19.3422,17006700
2016-02-18,180,2015-06-03,2016-02-18,82.45,78.7981,78.9973,104.6345,104.3706,68.71,86.85,-5.0662,19.9971,14873700
2016-02-19,180,2015-06-04,2016-02-19,82.5,78.786,78.9837,104.714,104.4519,68.71,86.85,-5.0086,20.0699,13615900
2016-02-22,180,2015-06-05,2016-02-22,82.39,78.7769,78.9736,104.5865,104.3261,68.71,86.85,-5.1353,19.9098,14595200
2016-02-23,180,2015-06-08,2016-02-23,81.23,78.7616,78.9566,103.1341,102.8793,68.71,86.85,-6.4709,18.2215,11041600
2016-02-24,180,2015-06-09,2016-02-24,81.52,78.745,78.9381,103.5241,103.2708,68.71,86.85,-6.137,18.6436,13777500
2016-02-25,180,2015-06-10,2016-02-25,82.01,78.7322,78.9238,104.1632,103.9103,68.71,86.85,-5.5728,19.3567,13706400
2016-02-26,180,2015-06-11,2016-02-26,81.75,78.7151,78.9046,103.8555,103.6061,68.71,86.85,-5.8722,18.9783,14343300
2016-02-29,180,2015-06-12,2016-02-29,80.15,78.6902,78.8772,101.8551,101.6137,68.71,86.85,-7.7144,16.6497,18903600
2016-03-01,180,2015-06-15,2016-03-01,81.28,78.6764,78.8619,103.3093,103.0662,68.71,86.85,-6.4134,18.2943,15730600
2016-03-02,180,2015-06-16,2016-03-02,82.7,78.6713,78.8563,105.1209,104.8743,68.71,86.85,-4.7784,20.3609,14094400
2016-03-03,180,2015-06-17,2016-03-03,82.4,78.6601,78.8436,104.7545,104.5107,68.71,86.85,-5.1238,19.9243,13216200
2016-03-04,180,2015-06-18,2016-03-04,82.29,78.6481,78.8301,104.6307,104.3891,68.71,86.85,-5.2504,19.7642,18402700
2016-03-07,180,2015-06-19,2016-03-07,84.46,78.6432,78.8244,107.3964,107.1496,68.71,86.85,-2.7519,22.9224,18945600
2016-03-08,180,2015-06-22,2016-03-08,82.63,78.6306,78.8101,105.0863,104.847,68.71,86.85,-4.859,20.2591,14003900
2016-03-09,180,2015-06-23,2016-03-09,82.4,78.6171,78.7947,104.8119,104.5756,68.71,86.85,-5.1238,19.9243,14139300
2016-03-10,180,2015-06-24,2016-03-10,82.18,78.6029,78.7786,104.5509,104.3177,68.71,86.85,-5.3771,19.6041,15898300
2016-03-11,180,2015-06-25,2016-03-11,82.19,78.5906,78.7648,104.58,104.3487,68.71,86.85,-5.3656,19.6187,15370200
2016-03-14,180,2015-06-26,2016-03-14,82.41,78.583,78.7563,104.87,104.6392,68.71,86.85,-5.1123,19.9389,13344600
2016-03-15,180,2015-06-29,2016-03-15,82.82,78.5779,78.7506,105.3986,105.1675,68.71,86.85,-4.6402,20.5356,9213000
2016-03-16,180,2015-06-30,2016-03-16,82.87,78.5782,78.7508,105.4619,105.2306,68.71,86.85,-4.5826,20.6084,11492100
2016-03-17,180,2015-07-01,2016-03-17,84.1,78.5826,78.7558,107.0212,106.7857,68.71,86.85,-3.1664,22.3985,13673900
2016-03-18,180,2015-07-02,2016-03-18,84.2,78.5916,78.766,107.1361,106.8989,68.71,86.85,-3.0512,22.544,19637000
2016-03-21,180,2015-07-06,2016-03-21,83.62,78.594,78.7687,106.3949,106.159,68.71,86.85,-3.7191,21.6999,8385400
2016-03-22,180,2015-07-07,2016-03-22,84.12,78.6019,78.7775,107.0204,106.7818,68.71,86.85,-3.1433,22.4276,13005100
2016-03-23,180,2015-07-08,2016-03-23,83.75,78.6062,78.7824,106.5437,106.3055,68.71,86.85,-3.5694,21.8891,12748900
2016-03-24,180,2015-07-09,2016-03-24,83.98,78.6162,78.7936,106.8227,106.5823,68.71,86.85,-3.3045,22.2238,9368300
2016-03-28,180,2015-07-10,2016-03-28,84.22,78.6293,78.8081,107.1102,106.8672,68.71,86.85,-3.0282,22.5731,7490400
2016-03-29,180,2015-07-13,2016-03-29,84.53,78.6407,78.8209,107.4888,107.2431,68.71,86.85,-2.6713,23.0243,9977900
2016-03-30,180,2015-07-14,2016-03-30,84.52,78.6511,78.8326,107.4619,107.2145,68.71,86.85,-2.6828,23.0097,10807000
2016-03-31,180,2015-07-15,2016-03-31,83.59,78.6535,78.8353,106.2763,106.0312,68.71,86.85,-3.7536,21.6562,13896900
2016-04-01,180,2015-07-16,2016-04-01,82.96,78.6545,78.8364,105.474,105.2306,68.71,86.85,-4.479,20.7393,12235300
2016-04-04,180,2015-07-17,2016-04-04,83.16,78.6557,78.8378,105.7266,105.4824,68.71,86.85,-4.2487,21.0304,8050200
2016-04-05,180,2015-07-20,2016-04-05,82.21,78.6537,78.8356,104.5215,104.2804,68.71,86.85,-5.3425,19.6478,10446800
2016-04-06,180,2015-07-21,2016-04-06,83.31,78.6615,78.8442,105.9095,105.6641,68.71,86.85,-4.076,21.2487,9320200
2016-04-07,180,2015-07-22,2016-04-07,82.37,78.6651,78.8481,104.7097,104.4667,68.71,86.85,-5.1583,19.8807,8267100
2016-04-08,180,2015-07-23,2016-04-08,83.21,78.6723,78.856,105.7678,105.5215,68.71,86.85,-4.1911,21.1032,9376200
2016-04-11,180,2015-07-24,2016-04-11,83.32,78.6834,78.8681,105.8927,105.6447,68.71,86.85,-4.0645,21.2633,9925000
2016-04-12,180,2015-07-27,2016-04-12,84.35,78.7059,78.8926,107.1711,106.9175,68.71,86.85,-2.8785,22.7623,9986100
2016-04-13,180,2015-07-28,2016-04-13,84.83,78.7344,78.9236,107.7419,107.4838,68.71,86.85,-2.3258,23.4609,9235700
2016-04-14,180,2015-07-29,2016-04-14,85.43,78.7489,78.9399,108.4841,108.2215,68.71,86.85,-1.635,24.3342,10625800
2016-04-15,180,2015-07-30,2016-04-15,84.97,78.7578,78.9501,107.8878,107.6249,68.71,86.85,-2.1646,23.6647,11280200
2016-04-18,180,2015-07-31,2016-04-18,85.78,78.7712,78.9655,108.8977,108.6297,68.71,86.85,-1.232,24.8435,9097000
2016-04-19,180,2015-08-03,2016-04-19,86.21,78.8065,79.0044,109.3945,109.1205,68.71,86.85,-0.7369,25.4694,10354500
2016-04-20,180,2015-08-04,2016-04-20,86.8,78.8511,79.0529,110.0809,109.7998,68.71,86.85,-0.0576,26.3281,15247100
2016-04-21,180,2015-08-05,2016-04-21,86.79,78.9007,79.1064,109.999,109.713,68.71,86.85,-0.0691,26.3135,12075300
2016-04-22,180,2015-08-06,2016-04-22,87.53,78.9538,79.1639,110.8623,110.568,68.71,87.53,0.0,27.3905,9150800
2016-04-25,180,2015-08-07,2016-04-25,87.33,79.0007,79.2153,110.5433,110.2439,68.71,87.53,-0.2285,27.0994,8076400
2016-04-26,180,2015-08-10,2016-04-26,87.63,79.0564,79.2753,110.8449,110.5389,68.71,87.63,0.0,27.536,9425900
2016-04-27,180,2015-08-11,2016-04-27,88.46,79.1048,79.3292,111.8263,111.51,68.71,88.46,0.0,28.744,10463500
2016-04-28,180,2015-08-12,2016-04-28,88.03,79.1586,79.3878,111.2071,110.8861,68.71,88.46,-0.4861,28.1182,11276200
2016-04-29,180,2015-08-13,2016-04-29,88.4,79.2066,79.4412,111.6068,111.2773,68.71,88.46,-0.0678,28.6567,17885900
2016-05-02,180,2015-08-14,2016-05-02,89.13,79.2588,79.4994,112.4544,112.1141,68.71,89.13,0.0,29.7191,10273700
2016-05-03,180,2015-08-17,2016-05-03,88.11,79.3081,79.5536,111.0984,110.7556,68.71,89.13,-1.1444,28.2346,10137400
2016-05-04,180,2015-08-18,2016-05-04,87.94,79.3544,79.6045,110.8193,110.4711,68.71,89.13,-1.3351,27.9872,10601100
2016-05-05,180,2015-08-19,2016-05-05,88.04,79.4061,79.6608,110.873,110.5186,68.71,89.13,-1.2229,28.1327,8721100
2016-05-06,180,2015-08-20,2016-05-06,88.51,79.47,79.7291,111.3754,111.0135,68.71,89.13,-0.6956,28.8168,7968400
2016-05-09,180,2015-08-21,2016-05-09,88.57,79.5444,79.8068,111.3466,110.9805,68.71,89.13,-0.6283,28.9041,11159500
2016-05-10,180,2015-08-24,2016-05-10,89.99,79.6412,79.9061,112.9942,112.6197,68.71,89.99,0.0,30.9707,12509100
2016-05-11,180,2015-08-25,2016-05-11,88.81,79.7574,80.0177,111.3502,110.988,68.71,89.99,-1.3113,29.2534,11660200
2016-05-12,180,2015-08-26,2016-05-12,89.67,79.8778,80.1341,112.259,111.8999,72.0,89.99,-0.3556,24.5417,10720500
2016-05-13,180,2015-08-27,2016-05-13,88.66,79.967,80.2239,110.8707,110.5157,72.0,89.99,-1.4779,23.1389,9721100
2016-05-16,180,2015-08-28,2016-05-16,89.57,80.0451,80.3057,111.8994,111.5363,72.0,89.99,-0.4667,24.4028,8638700
2016-05-17,180,2015-08-31,2016-05-17,89.53,80.1217,80.386,111.7424,111.3751,72.0,89.99,-0.5112,24.3472,9835600
2016-05-18,180,2015-09-01,2016-05-18,89.35,80.1967,80.4644,111.4136,111.0429,72.0,89.99,-0.7112,24.0972,9680300
2016-05-19,180,2015-09-02,2016-05-19,90.11,80.296,80.5646,112.2223,111.8482,72.0,90.11,0.0,25.1528,14397900
2016-05-20,180,2015-09-03,2016-05-20,89.74,80.3861,80.6563,111.6363,111.2623,72.0,90.11,-0.4106,24.6389,13191900
2016-05-23,180,2015-09-04,2016-05-23,89.6,80.472,80.7441,111.3431,110.9678,72.0,90.11,-0.566,24.4444,11766100
2016-05-24,180,2015-09-08,2016-05-24,89.67,80.5674,80.8397,111.2981,110.9232,72.0,90.11,-0.4883,24.5417,10056600
2016-05-25,180,2015-09-09,2016-05-25,90.26,80.6586,80.9328,111.9037,111.5246,72.0,90.26,0.0,25.3611,9578400
2016-05-26,180,2015-09-10,2016-05-26,89.8,80.7582,81.0317,111.1961,110.8208,72.3,90.26,-0.5096,24.2047,7867900
2016-05-27,180,2015-09-11,2016-05-27,90.01,80.8554,81.1289,111.3221,110.9469,72.3,90.26,-0.277,24.4952,7505900
2016-05-31,180,2015-09-14,2016-05-31,89.02,80.9472,81.2196,109.9729,109.6041,72.3,90.26,-1.3738,23.1259,13178800
2016-06-01,180,2015-09-15,2016-06-01,89.24,81.0416,81.3127,110.1163,109.7492,72.3,90.26,-1.1301,23.4301,7994800
2016-06-02,180,2015-09-16,2016-06-02,88.53,81.1303,81.3997,109.1207,108.7596,72.3,90.26,-1.9167,22.4481,9837500
2016-06-03,180,2015-09-17,2016-06-03,88.37,81.2087,81.4779,108.8183,108.4589,72.3,90.26,-2.0939,22.2268,9367100
2016-06-06,180,2015-09-18,2016-06-06,89.34,81.2908,81.5606,109.9018,109.5382,72.3,90.26,-1.0193,23.5685,8573000
2016-06-07,180,2015-09-21,2016-06-07,90.71,81.3913,81.6607,111.4492,111.0816,72.3,90.71,0.0,25.4633,12889100
2016-06-08,180,2015-09-22,2016-06-08,90.79,81.4875,81.7574,111.4158,111.0481,72.3,90.79,0.0,25.574,9983000
2016-06-09,180,2015-09-23,2016-06-09,90.67,81.5879,81.857,111.1316,110.7663,72.3,90.79,-0.1322,25.408,8974300
2016-06-10,180,2015-09-24,2016-06-10,89.98,81.6886,81.9552,110.1501,109.7917,72.6,90.79,-0.8922,23.9394,10353800
2016-06-13,180,2015-09-25,2016-06-13,90.59,81.7892,82.0544,110.7604,110.4023,72.6,90.79,-0.2203,24.7796,11370000
2016-06-14,180,2015-09-28,2016-06-14,90.43,81.8858,82.15,110.4343,110.0791,72.6,90.79,-0.3965,24.5592,10161000
2016-06-15,180,2015-09-29,2016-06-15,90.16,81.9859,82.2476,109.9702,109.6203,72.97,90.79,-0.6939,23.5576,10655800
2016-06-16,180,2015-09-30,2016-06-16,91.22,82.0884,82.3489,111.1241,110.7725,73.18,91.22,0.0,24.6515,12824800
2016-06-17,180,2015-10-01,2016-06-17,90.72,82.1794,82.4399,110.3927,110.0438,73.18,91.22,-0.5481,23.9683,17483200
2016-06-20,180,2015-10-02,2016-06-20,91.12,82.2743,82.5347,110.7515,110.4021,73.18,91.22,-0.1096,24.5149,9388500
2016-06-21,180,2015-10-05,2016-06-21,91.53,82.3591,82.6216,111.1352,110.7822,73.18,91.53,0.0,25.0752,8557500
2016-06-22,180,2015-10-06,2016-06-22,91.17,82.4365,82.7014,110.5942,110.24,73.18,91.53,-0.3933,24.5832,8785400
2016-06-23,180,2015-10-07,2016-06-23,91.8,82.51,82.7787,111.2593,110.8981,73.18,91.8,0.0,25.4441,9464500
2016-06-24,180,2015-10-08,2016-06-24,89.39,82.5645,82.8353,108.2669,107.913,73.18,91.8,-2.6253,22.1509,20010500
2016-06-27,180,2015-10-09,2016-06-27,88.86,82.6115,82.8843,107.5637,107.2096,73.18,91.8,-3.2026,21.4266,14169400
2016-06-28,180,2015-10-12,2016-06-28,90.91,82.6729,82.9491,109.9635,109.5974,73.18,91.8,-0.9695,24.2279,13254300
2016-06-29,180,2015-10-13,2016-06-29,92.46,82.7411,83.0222,111.7462,111.3678,73.18,92.46,0.0,26.346,13920600
2016-06-30,180,2015-10-14,2016-06-30,93.74,82.8159,83.1032,113.1909,112.7995,73.18,93.74,0.0,28.0951,14073700
2016-07-01,180,2015-10-15,2016-07-01,93.84,82.8852,83.1792,113.2168,112.8167,73.18,93.84,0.0,28.2318,9946300
2016-07-05,180,2015-10-16,2016-07-05,93.02,82.9434,83.2433,112.1488,111.7448,73.18,93.84,-0.8738,27.1112,10744100
2016-07-06,180,2015-10-19,2016-07-06,94.09,83.0006,83.3078,113.3606,112.9426,73.18,94.09,0.0,28.5734,13144400
2016-07-07,180,2015-10-20,2016-07-07,92.96,83.0615,83.3743,111.9171,111.4972,73.18,94.09,-1.201,27.0292,12240700
2016-07-08,180,2015-10-21,2016-07-08,93.54,83.126,83.4449,112.528,112.0979,73.18,94.09,-0.5845,27.8218,9807600
2016-07-11,180,2015-10-22,2016-07-11,93.89,83.1958,83.5209,112.8543,112.415,73.18,94.09,-0.2126,28.3001,8335700
2016-07-12,180,2015-10-23,2016-07-12,94.95,83.2547,83.5879,114.0476,113.593,73.18,94.95,0.0,29.7486,9870800
2016-07-13,180,2015-10-26,2016-07-13,94.88,83.313,83.654,113.8838,113.4196,73.18,94.95,-0.0737,29.6529,9458200
2016-07-14,180,2015-10-27,2016-07-14,94.95,83.3817,83.7303,113.8739,113.3998,73.18,94.95,0.0,29.7486,9293500
2016-07-15,180,2015-10-28,2016-07-15,95.12,83.452,83.8082,113.9817,113.4972,73.18,95.12,0.0,29.9809,10334500
2016-07-18,180,2015-10-29,2016-07-18,94.82,83.5142,83.8779,113.5375,113.0453,73.18,95.12,-0.3154,29.5709,9865900
2016-07-19,180,2015-10-30,2016-07-19,94.47,83.5753,83.9459,113.0358,112.5368,73.18,95.12,-0.6833,29.0926,5901800
2016-07-20,180,2015-11-02,2016-07-20,93.93,83.6312,84.0081,112.3145,111.8107,73.18,95.12,-1.2511,28.3547,7383800
2016-07-21,180,2015-11-03,2016-07-21,93.85,83.6729,84.0557,112.163,111.6522,73.18,95.12,-1.3352,28.2454,6854600
2016-07-22,180,2015-11-04,2016-07-22,94.01,83.707,84.0954,112.3084,111.7896,73.18,95.12,-1.1669,28.4641,7139700
2016-07-25,180,2015-11-05,2016-07-25,92.2,83.7375,84.13,110.1059,109.5923,73.18,95.12,-3.0698,25.9907,10845900
2016-07-26,180,2015-11-06,2016-07-26,91.53,83.7713,84.1673,109.2618,108.7477,73.18,95.12,-3.7742,25.0752,12143500
2016-07-27,180,2015-11-09,2016-07-27,90.91,83.804,84.2031,108.4793,107.9651,73.18,95.12,-4.426,24.2279,10037900
2016-07-28,180,2015-11-10,2016-07-28,90.2,83.8476,84.2489,107.5762,107.0637,73.18,95.12,-5.1724,23.2577,12439200
2016-07-29,180,2015-11-11,2016-07-29,88.95,83.8828,84.2856,106.0409,105.534,73.18,95.12,-6.4865,21.5496,23928100
2016-08-01,180,2015-11-12,2016-08-01,85.86,83.9064,84.3092,102.3283,101.8395,73.18,95.12,-9.7351,17.3271,22908400
2016-08-02,180,2015-11-13,2016-08-02,87.04,83.9496,84.3516,103.6812,103.1872,73.18,95.12,-8.4945,18.9396,18919200
2016-08-03,180,2015-11-16,2016-08-03,87.49,84.0035,84.4037,104.1505,103.6566,73.18,95.12,-8.0215,19.5545,14632900
2016-08-04,180,2015-11-17,2016-08-04,87.48,84.0399,84.4403,104.0934,103.5999,73.18,95.12,-8.032,19.5409,13451400
2016-08-05,180,2015-11-18,2016-08-05,87.56,84.0825,84.4825,104.1358,103.6428,73.18,95.12,-7.9479,19.6502,9617300
2016-08-08,180,2015-11-19,2016-08-08,88.59,84.1257,84.5261,105.3067,104.8078,73.18,95.12,-6.865,21.0577,10492700
2016-08-09,180,2015-11-20,2016-08-09,88.7,84.1721,84.5728,105.3794,104.8801,73.18,95.12,-6.7494,21.208,9654600
2016-08-10,180,2015-11-23,2016-08-10,86.41,84.2099,84.6096,102.6127,102.1279,73.18,95.12,-9.1569,18.0787,12714800
2016-08-11,180,2015-11-24,2016-08-11,86.72,84.2463,84.6453,102.9362,102.451,73.18,95.12,-8.831,18.5023,11616000
2016-08-12,180,2015-11-25,2016-08-12,87.85,84.2791,84.6785,104.237,103.7453,73.18,95.12,-7.643,20.0465,9986900
2016-08-15,180,2015-11-27,2016-08-15,87.81,84.3154,84.7149,104.1447,103.6535,73.18,95.12,-7.685,19.9918,6432600
2016-08-16,180,2015-11-30,2016-08-16,87.92,84.3524,84.7521,104.2294,103.7378,73.18,95.12,-7.5694,20.1421,6817900
2016-08-17,180,2015-12-01,2016-08-17,88.11,84.3878,84.7879,104.4108,103.9181,73.18,95.12,-7.3696,20.4018,7104600
2016-08-18,180,2015-12-02,2016-08-18,88.91,84.426,84.8269,105.3112,104.8134,73.18,95.12,-6.5286,21.4949,10342700
2016-08-19,180,2015-12-03,2016-08-19,87.8,84.4728,84.8728,103.9388,103.449,73.18,95.12,-7.6955,19.9781,8615300
2016-08-22,180,2015-12-04,2016-08-22,87.99,84.5279,84.926,104.0958,103.6078,73.18,95.12,-7.4958,20.2378,8235400
2016-08-23,180,2015-12-07,2016-08-23,87.72,84.5787,84.9752,103.714,103.2301,73.18,95.12,-7.7796,19.8688,6514800
2016-08-24,180,2015-12-08,2016-08-24,88.02,84.6448,85.0376,103.9875,103.5072,73.18,95.12,-7.4643,20.2788,7985400
2016-08-25,180,2015-12-09,2016-08-25,87.46,84.7231,85.1088,103.2304,102.7625,73.18,95.12,-8.053,19.5135,6935300
2016-08-26,180,2015-12-10,2016-08-26,87.27,84.7935,85.1735,102.9207,102.4614,73.18,95.12,-8.2527,19.2539,6474400
2016-08-29,180,2015-12-11,2016-08-29,87.84,84.8665,85.241,103.5037,103.049,73.18,95.12,-7.6535,20.0328,7027200
2016-08-30,180,2015-12-14,2016-08-30,87.52,84.9476,85.3142,103.0282,102.5855,73.18,95.12,-7.9899,19.5955,6441100
2016-08-31,180,2015-12-15,2016-08-31,87.14,85.0149,85.3759,102.4996,102.0662,73.18,95.12,-8.3894,19.0762,12491400
2016-09-01,180,2015-12-16,2016-09-01,86.84,85.0581,85.4171,102.0949,101.6658,73.18,95.12,-8.7048,18.6663,8434700
2016-09-02,180,2015-12-17,2016-09-02,87.42,85.1062,85.4631,102.7188,102.2898,73.18,95.12,-8.095,19.4589,7099600
2016-09-06,180,2015-12-18,2016-09-06,88.57,85.168,85.522,103.9944,103.564,73.18,95.12,-6.886,21.0303,9851200
2016-09-07,180,2015-12-21,2016-09-07,88.24,85.2328,85.5829,103.5282,103.1047,73.18,95.12,-7.233,20.5794,7470400
2016-09-08,180,2015-12-22,2016-09-08,89.05,85.3021,85.6484,104.3937,103.9716,73.18,95.12,-6.3814,21.6863,9579500
2016-09-09,180,2015-12-23,2016-09-09,86.84,85.3572,85.6994,101.7372,101.3309,73.18,95.12,-8.7048,18.6663,12820200
2016-09-12,180,2015-12-24,2016-09-12,87.29,85.3983,85.7389,102.2152,101.8091,73.18,95.12,-8.2317,19.2812,10889000
2016-09-13,180,2015-12-28,2016-09-13,85.21,85.4335,85.7716,99.7384,99.3453,73.18,95.12,-10.4184,16.4389,13214300
2016-09-14,180,2015-12-29,2016-09-14,84.6,85.4692,85.8041,98.983,98.5967,73.18,95.12,-11.0597,15.6054,13957000
2016-09-15,180,2015-12-30,2016-09-15,85.08,85.5049,85.837,99.5031,99.1181,73.18,95.12,-10.5551,16.2613,9062600
2016-09-16,180,2015-12-31,2016-09-16,84.03,85.5416,85.8699,98.233,97.8574,73.18,95.12,-11.659,14.8265,21538400
2016-09-19,180,2016-01-04,2016-09-19,83.83,85.5781,85.9026,97.9573,97.5873,73.18,95.12,-11.8692,14.5532,7929100
2016-09-20,180,2016-01-05,2016-09-20,82.54,85.6105,85.9308,96.4134,96.0541,73.18,95.12,-13.2254,12.7904,17522000
2016-09-21,180,2016-01-06,2016-09-21,83.3,85.6429,85.9596,97.2643,96.906,73.18,95.12,-12.4264,13.8289,15055900
2016-09-22,180,2016-01-07,2016-09-22,83.54,85.6811,85.9933,97.501,97.1471,73.18,95.12,-12.1741,14.1569,10738500
2016-09-23,180,2016-01-08,2016-09-23,83.45,85.7275,86.0334,97.3434,96.9972,73.18,95.12,-12.2687,14.0339,12667100
2016-09-26,180,2016-01-11,2016-09-26,83.06,85.7826,86.0799,96.8262,96.4918,73.18,95.12,-12.6787,13.501,10860300
2016-09-27,180,2016-01-12,2016-09-27,83.24,85.8463,86.1329,96.964,96.6413,73.18,95.12,-12.4895,13.7469,9595000
2016-09-28,180,2016-01-13,2016-09-28,86.9,85.9196,86.1979,101.141,100.8145,73.18,95.12,-8.6417,18.7483,28117900
2016-09-29,180,2016-01-14,2016-09-29,86.46,85.9875,86.258,100.5495,100.2342,73.18,95.12,-9.1043,18.147,19082900
2016-09-30,180,2016-01-15,2016-09-30,87.28,86.036,86.3033,101.4459,101.1317,73.18,95.12,-8.2422,19.2676,15961500
2016-10-03,180,2016-01-19,2016-10-03,87.05,86.0937,86.3559,101.1107,100.8037,73.18,95.12,-8.484,18.9533,7111200
2016-10-04,180,2016-01-20,2016-10-04,86.25,86.1553,86.4107,100.1099,99.8141,73.18,95.12,-9.3251,17.8601,8222000
2016-10-05,180,2016-01-21,2016-10-05,87.0,86.245,86.4874,100.8755,100.5926,73.98,95.12,-8.5366,17.5993,8796200
2016-10-06,180,2016-01-22,2016-10-06,87.04,86.3279,86.5593,100.8248,100.5553,73.98,95.12,-8.4945,17.6534,7718300
2016-10-07,180,2016-01-25,2016-10-07,86.74,86.3914,86.6158,100.4035,100.1434,73.98,95.12,-8.8099,17.2479,6614900
2016-10-10,180,2016-01-26,2016-10-10,88.44,86.4831,86.6962,102.2627,102.0114,74.59,95.12,-7.0227,18.5682,10060000
2016-10-11,180,2016-01-27,2016-10-11,87.74,86.5513,86.7575,101.3734,101.1325,74.59,95.12,-7.7586,17.6297,9309000
2016-10-12,180,2016-01-28,2016-10-12,87.13,86.6265,86.8233,100.5812,100.3533,74.59,95.12,-8.3999,16.8119,8172600
2016-10-13,180,2016-01-29,2016-10-13,86.56,86.6864,86.8764,99.8542,99.6358,74.59,95.12,-8.9992,16.0477,9890300
2016-10-14,180,2016-02-01,2016-10-14,86.54,86.7403,86.9247,99.7691,99.5574,74.59,95.12,-9.0202,16.0209,7991700
2016-10-17,180,2016-02-02,2016-10-17,86.54,86.8053,86.9817,99.6944,99.4922,74.59,95.12,-9.0202,16.0209,7263100
2016-10-18,180,2016-02-03,2016-10-18,86.77,86.8841,87.0493,99.8687,99.6791,78.48,95.12,-8.7784,10.5632,5429300
2016-10-19,180,2016-02-04,2016-10-19,87.17,86.9374,87.0976,100.2675,100.0831,79.35,95.12,-8.3579,9.8551,9373400
2016-10-20,180,2016-02-05,2016-10-20,87.21,86.9819,87.1386,100.2622,100.0819,79.35,95.12,-8.3158,9.9055,6866900
2016-10-21,180,2016-02-08,2016-10-21,86.62,87.0216,87.1749,99.5385,99.3634,79.35,95.12,-8.9361,9.1619,10736200
2016-10-24,180,2016-02-09,2016-10-24,86.91,87.0559,87.2069,99.8324,99.6596,79.35,95.12,-8.6312,9.5274,8354900
2016-10-25,180,2016-02-10,2016-10-25,86.72,87.0962,87.2438,99.5681,99.3996,79.35,95.12,-8.831,9.288,6835900
2016-10-26,180,2016-02-11,2016-10-26,87.09,87.1434,87.2868,99.9387,99.7746,79.6,95.12,-8.442,9.4095,8488100
2016-10-27,180,2016-02-12,2016-10-27,86.92,87.1881,87.3274,99.6925,99.5334,80.15,95.12,-8.6207,8.4467,9071100
2016-10-28,180,2016-02-16,2016-10-28,84.78,87.2111,87.3483,97.2124,97.0597,80.15,95.12,-10.8705,5.7767,19072200
2016-10-31,180,2016-02-17,2016-10-31,83.32,87.2242,87.3599,95.5239,95.3755,80.15,95.12,-12.4054,3.9551,16663800
2016-11-01,180,2016-02-18,2016-11-01,83.65,87.2344,87.3691,95.8911,95.7432,80.15,95.12,-12.0585,4.3668,13050600
2016-11-02,180,2016-02-19,2016-11-02,83.45,87.2405,87.3747,95.6551,95.5082,80.15,95.12,-12.2687,4.1173,11226100
2016-11-03,180,2016-02-22,2016-11-03,83.66,87.2477,87.3811,95.888,95.7415,80.15,95.12,-12.0479,4.3793,8836500
2016-11-04,180,2016-02-23,2016-11-04,83.57,87.2549,87.3877,95.7769,95.6313,80.15,95.12,-12.1426,4.267,13877100
2016-11-07,180,2016-02-24,2016-11-07,85.45,87.2806,87.4111,97.9026,97.7564,80.15,95.12,-10.1661,6.6126,13576200
2016-11-08,180,2016-02-25,2016-11-08,85.31,87.3037,87.4322,97.7164,97.5728,80.15,95.12,-10.3133,6.4379,9735200
2016-11-09,180,2016-02-26,2016-11-09,86.25,87.3291,87.4557,98.7643,98.6213,80.15,95.12,-9.3251,7.6107,15901300
2016-11-10,180,2016-02-29,2016-11-10,87.05,87.3607,87.4852,99.6444,99.5026,80.15,95.12,-8.484,8.6089,14106100
2016-11-11,180,2016-03-01,2016-11-11,85.67,87.3947,87.5158,98.0265,97.8909,81.28,95.12,-9.9348,5.4011,13812200
2016-11-14,180,2016-03-02,2016-11-14,85.28,87.4192,87.5381,97.5529,97.4205,82.18,95.12,-10.3448,3.7722,12607500
2016-11-15,180,2016-03-03,2016-11-15,86.82,87.4436,87.5609,99.2868,99.1538,82.18,95.12,-8.7258,5.6461,12883500
2016-11-16,180,2016-03-04,2016-11-16,85.75,87.4638,87.5796,98.0406,97.911,82.18,95.12,-9.8507,4.3441,8201200
2016-11-17,180,2016-03-07,2016-11-17,85.23,87.4816,87.5959,97.4262,97.2991,82.18,95.12,-10.3974,3.7114,8200500
2016-11-18,180,2016-03-08,2016-11-18,85.28,87.4864,87.6004,97.478,97.3511,82.18,95.12,-10.3448,3.7722,8457800
2016-11-21,180,2016-03-09,2016-11-21,86.49,87.5094,87.6219,98.8351,98.7082,82.18,95.12,-9.0728,5.2446,8861500
2016-11-22,180,2016-03-10,2016-11-22,86.68,87.5349,87.6457,99.0234,98.8982,82.18,95.12,-8.873,5.4758,9390200
2016-11-23,180,2016-03-11,2016-11-23,86.92,87.5631,87.672,99.2655,99.1423,82.19,95.12,-8.6207,5.755,5996300
2016-11-25,180,2016-03-14,2016-11-25,87.12,87.5925,87.6994,99.4606,99.3394,82.21,95.12,-8.4104,5.9725,5042300
2016-11-28,180,2016-03-15,2016-11-28,86.47,87.6168,87.7219,98.6911,98.5728,82.21,95.12,-9.0938,5.1819,7449600
2016-11-29,180,2016-03-16,2016-11-29,85.9,87.6352,87.7391,98.0199,97.904,82.21,95.12,-9.693,4.4885,9181100
2016-11-30,180,2016-03-17,2016-11-30,87.3,87.6614,87.7637,99.5878,99.4717,82.21,95.12,-8.2212,6.1915,22696200
2016-12-01,180,2016-03-18,2016-12-01,87.24,87.6797,87.7811,99.4986,99.3836,82.21,95.12,-8.2843,6.1185,13005600
2016-12-02,180,2016-03-21,2016-12-02,87.04,87.6962,87.7969,99.2517,99.1379,82.21,95.12,-8.4945,5.8752,9706600
2016-12-05,180,2016-03-22,2016-12-05,87.48,87.7188,87.8183,99.7278,99.6147,82.21,95.12,-8.032,6.4104,11741100
2016-12-06,180,2016-03-23,2016-12-06,87.56,87.7387,87.8374,99.7963,99.6841,82.21,95.12,-7.9479,6.5077,11293600
2016-12-07,180,2016-03-24,2016-12-07,88.07,87.7638,87.8614,100.3489,100.2374,82.21,95.12,-7.4117,7.1281,11182600
2016-12-08,180,2016-03-28,2016-12-08,88.32,87.7888,87.8856,100.6051,100.4943,82.21,95.12,-7.1489,7.4322,9086700
2016-12-09,180,2016-03-29,2016-12-09,89.0,87.8161,87.9121,101.3481,101.2375,82.21,95.12,-6.434,8.2593,8021700
2016-12-12,180,2016-03-30,2016-12-12,90.98,87.8521,87.9479,103.5604,103.4476,82.21,95.12,-4.3524,10.6678,15545400
2016-12-13,180,2016-03-31,2016-12-13,92.58,87.8963,87.9927,105.3287,105.2132,82.21,95.12,-2.6703,12.614,18829300
2016-12-14,180,2016-04-01,2016-12-14,90.58,87.9359,88.0316,103.0068,102.8949,82.21,95.12,-4.7729,10.1812,16325400
2016-12-15,180,2016-04-04,2016-12-15,90.89,87.9811,88.0756,103.3063,103.1954,82.21,95.12,-4.447,10.5583,11155100
2016-12-16,180,2016-04-05,2016-12-16,91.18,88.0266,88.1202,103.5823,103.4723,82.21,95.12,-4.1421,10.9111,20560400
2016-12-19,180,2016-04-06,2016-12-19,90.42,88.0742,88.1658,102.6634,102.5568,82.37,95.12,-4.9411,9.773,9674400
2016-12-20,180,2016-04-07,2016-12-20,90.43,88.1149,88.2053,102.6273,102.5221,82.37,95.12,-4.9306,9.7851,7221000
2016-12-21,180,2016-04-08,2016-12-21,90.28,88.1609,88.2493,102.4037,102.3011,82.54,95.12,-5.0883,9.3773,7308000
2016-12-22,180,2016-04-11,2016-12-22,90.87,88.2046,88.2918,103.0218,102.9201,82.54,95.12,-4.468,10.0921,8003100
2016-12-23,180,2016-04-12,2016-12-23,90.71,88.2469,88.3329,102.7911,102.6911,82.54,95.12,-4.6363,9.8982,4266500
2016-12-27,180,2016-04-13,2016-12-27,90.75,88.2831,88.3684,102.7943,102.695,82.54,95.12,-4.5942,9.9467,4960600
2016-12-28,180,2016-04-14,2016-12-28,90.3,88.314,88.3988,102.2488,102.1507,82.54,95.12,-5.0673,9.4015,6745900
2016-12-29,180,2016-04-15,2016-12-29,90.35,88.3416,88.4262,102.2734,102.1756,82.54,95.12,-5.0147,9.4621,6684700
2016-12-30,180,2016-04-18,2016-12-30,90.26,88.3716,88.4556,102.1369,102.0399,82.54,95.12,-5.1093,9.353,9117800
2017-01-03,180,2016-04-19,2017-01-03,90.89,88.4,88.4839,102.8167,102.7192,82.54,95.12,-4.447,10.1163,10360600
2017-01-04,180,2016-04-20,2017-01-04,89.89,88.4206,88.5044,101.6618,101.5656,82.54,95.12,-5.4983,8.9048,9434200
2017-01-05,180,2016-04-21,2017-01-05,88.55,88.4305,88.5141,100.1351,100.0405,82.54,95.12,-6.9071,7.2813,14443200
2017-01-06,180,2016-04-22,2017-01-06,88.5,88.4402,88.5236,100.0676,99.9733,82.54,95.12,-6.9596,7.2207,16518100
2017-01-09,180,2016-04-25,2017-01-09,87.04,88.4374,88.5209,98.4199,98.3271,82.54,95.12,-8.4945,5.4519,13762300
2017-01-10,180,2016-04-26,2017-01-10,85.93,88.4293,88.5131,97.1737,97.0817,82.54,95.12,-9.6615,4.1071,13283100
2017-01-11,180,2016-04-27,2017-01-11,86.81,88.4246,88.5086,98.174,98.0809,82.54,95.12,-8.7363,5.1732,11183700
2017-01-12,180,2016-04-28,2017-01-12,86.34,88.4126,88.4968,97.6558,97.5629,82.54,95.12,-9.2305,4.6038,10407000
2017-01-13,180,2016-04-29,2017-01-13,86.35,88.403,88.4874,97.6777,97.5845,82.54,95.12,-9.2199,4.6159,8415600
2017-01-17,180,2016-05-02,2017-01-17,87.36,88.3971,88.4817,98.8268,98.7323,82.54,95.12,-8.1581,5.8396,13237300
2017-01-18,180,2016-05-03,2017-01-18,86.28,88.381,88.4658,97.6228,97.5292,82.54,95.12,-9.2935,4.5311,11831700
2017-01-19,180,2016-05-04,2017-01-19,84.73,88.3614,88.4471,95.8903,95.7974,82.54,95.12,-10.923,2.6533,16382900
2017-01-20,180,2016-05-05,2017-01-20,85.89,88.3496,88.4357,97.216,97.1214,82.54,95.12,-9.7035,4.0586,18739700
2017-01-23,180,2016-05-06,2017-01-23,84.97,88.3318,88.4186,96.1941,96.0997,82.54,95.12,-10.6707,2.944,11433900
2017-01-24,180,2016-05-09,2017-01-24,85.09,88.3121,88.3996,96.3514,96.2561,82.54,95.12,-10.5446,3.0894,11858100
2017-01-25,180,2016-05-10,2017-01-25,85.34,88.2936,88.3817,96.6548,96.5585,82.54,95.12,-10.2818,3.3923,9578500
2017-01-26,180,2016-05-11,2017-01-26,85.6,88.269,88.3573,96.9763,96.8794,82.54,95.12,-10.0084,3.7073,8779400
2017-01-27,180,2016-05-12,2017-01-27,85.51,88.2501,88.3389,96.895,96.7976,82.54,95.12,-10.103,3.5983,10947900
2017-01-30,180,2016-05-13,2017-01-30,84.86,88.2228,88.3122,96.1883,96.0909,82.54,95.12,-10.7864,2.8108,12789200
2017-01-31,180,2016-05-16,2017-01-31,83.89,88.1951,88.2857,95.1187,95.021,82.54,95.12,-11.8061,1.6356,19128100
2017-02-01,180,2016-05-17,2017-02-01,82.94,88.1565,88.2489,94.0826,93.9842,82.54,95.12,-12.8049,0.4846,15111800
2017-02-02,180,2016-05-18,2017-02-02,83.45,88.1214,88.2151,94.6989,94.5983,82.54,95.12,-12.2687,1.1025,12200100
2017-02-03,180,2016-05-19,2017-02-03,83.54,88.0878,88.1828,94.8371,94.735,82.54,95.12,-12.1741,1.2115,12746300
2017-02-06,180,2016-05-20,2017-02-06,83.31,88.0488,88.1451,94.618,94.5147,82.54,95.12,-12.4159,0.9329,9938200
2017-02-07,180,2016-05-23,2017-02-07,82.77,88.0084,88.1063,94.0478,93.9433,82.54,95.12,-12.9836,0.2786,11705200
2017-02-08,180,2016-05-24,2017-02-08,81.48,87.9606,88.0612,92.6324,92.5265,81.48,95.12,-14.3398,0.0,14006300
2017-02-09,180,2016-05-25,2017-02-09,81.84,87.9147,88.0177,93.0902,92.9813,81.48,95.12,-13.9613,0.4418,9603000
2017-02-10,180,2016-05-26,2017-02-10,82.52,87.8701,87.9747,93.9113,93.7997,81.48,95.12,-13.2464,1.2764,8739800
2017-02-13,180,2016-05-27,2017-02-13,83.0,87.831,87.9369,94.4996,94.3858,81.48,95.12,-12.7418,1.8655,9071600
2017-02-14,180,2016-05-31,2017-02-14,82.82,87.7897,87.897,94.3391,94.2239,81.48,95.12,-12.931,1.6446,11370500
2017-02-15,180,2016-06-01,2017-02-15,83.16,87.7558,87.8644,94.7629,94.6458,81.48,95.12,-12.5736,2.0619,11768500
2017-02-16,180,2016-06-02,2017-02-16,82.3,87.7154,87.8259,93.8261,93.7081,81.48,95.12,-13.4777,1.0064,10615000
2017-02-17,180,2016-06-03,2017-02-17,81.76,87.6755,87.7883,93.253,93.1332,81.48,95.12,-14.0454,0.3436,15646000
2017-02-21,180,2016-06-06,2017-02-21,81.89,87.6372,87.7523,93.442,93.3195,81.48,95.12,-13.9088,0.5032,16419600
2017-02-22,180,2016-06-07,2017-02-22,80.93,87.5876,87.7056,92.3989,92.2747,80.93,95.12,-14.918,0.0,12917400
2017-02-23,180,2016-06-08,2017-02-23,81.78,87.5364,87.6559,93.424,93.2966,80.93,95.12,-14.0244,1.0503,13847000
2017-02-24,180,2016-06-09,2017-02-24,81.08,87.4802,87.602,92.6838,92.555,80.93,95.12,-14.7603,0.1853,11338700
2017-02-27,180,2016-06-10,2017-02-27,81.54,87.4278,87.5513,93.2656,93.134,80.93,95.12,-14.2767,0.7537,13465900
2017-02-28,180,2016-06-13,2017-02-28,81.32,87.3775,87.5032,93.0674,92.9338,80.93,95.12,-14.508,0.4819,16834200
2017-03-01,180,2016-06-14,2017-03-01,83.02,87.3349,87.4611,95.0594,94.9222,80.93,95.12,-12.7208,2.5825,17482100
2017-03-02,180,2016-06-15,2017-03-02,83.3,87.2948,87.4215,95.4238,95.2855,80.93,95.12,-12.4264,2.9285,14170300
2017-03-03,180,2016-06-16,2017-03-03,82.46,87.251,87.3787,94.509,94.3708,80.93,95.12,-13.3095,1.8905,12190400
2017-03-06,180,2016-06-17,2017-03-06,82.83,87.204,87.3321,94.9842,94.8448,80.93,95.12,-12.9205,2.3477,9617200
2017-03-07,180,2016-06-20,2017-03-07,82.52,87.1578,87.2866,94.6789,94.5392,80.93,95.12,-13.2464,1.9647,12711500
2017-03-08,180,2016-06-21,2017-03-08,81.03,87.1001,87.2305,93.0309,92.8918,80.93,95.12,-14.8129,0.1236,16817700
2017-03-09,180,2016-06-22,2017-03-09,81.67,87.0446,87.1757,93.8255,93.6843,80.93,95.12,-14.14,0.9144,14721800
2017-03-10,180,2016-06-23,2017-03-10,81.61,86.9905,87.1226,93.8148,93.6726,80.93,95.12,-14.2031,0.8402,11355200
2017-03-13,180,2016-06-24,2017-03-13,81.42,86.9322,87.0649,93.6592,93.5164,80.93,95.12,-14.4029,0.6055,9571400
2017-03-14,180,2016-06-27,2017-03-14,80.99,86.8835,87.0183,93.2168,93.0724,80.93,95.12,-14.8549,0.0741,11335700
2017-03-15,180,2016-06-28,2017-03-15,82.0,86.844,86.9802,94.4221,94.2744,80.93,95.12,-13.7931,1.3221,11970300
2017-03-16,180,2016-06-29,2017-03-16,82.07,86.7944,86.9311,94.5568,94.4081,80.93,95.12,-13.7195,1.4086,9923800
2017-03-17,180,2016-06-30,2017-03-17,82.0,86.7367,86.8729,94.539,94.3907,80.93,95.12,-13.7931,1.3221,18834100
2017-03-20,180,2016-07-01,2017-03-20,82.0,86.6729,86.8077,94.6086,94.4616,80.93,95.12,-13.7931,1.3221,7700300
2017-03-21,180,2016-07-05,2017-03-21,81.83,86.6077,86.741,94.4835,94.3383,80.93,95.12,-13.9718,1.1121,13387700
2017-03-22,180,2016-07-06,2017-03-22,81.76,86.546,86.6784,94.4699,94.3256,80.93,95.12,-14.0454,1.0256,11168400
2017-03-23,180,2016-07-07,2017-03-23,81.86,86.48,86.6105,94.6577,94.5151,80.93,95.12,-13.9403,1.1491,8928000
2017-03-24,180,2016-07-08,2017-03-24,81.23,86.4155,86.5453,93.9993,93.8583,80.93,95.12,-14.6026,0.3707,9128500
2017-03-27,180,2016-07-11,2017-03-27,81.25,86.3485,86.4771,94.0954,93.9556,80.93,95.12,-14.5816,0.3954,8481200
2017-03-28,180,2016-07-12,2017-03-28,81.84,86.2836,86.4101,94.85,94.7111,80.93,95.12,-13.9613,1.1244,11028600
2017-03-29,180,2016-07-13,2017-03-29,82.02,86.215,86.3383,95.1343,94.9984,80.93,95.12,-13.7721,1.3468,8495500
2017-03-30,180,2016-07-14,2017-03-30,83.7,86.1569,86.2762,97.1484,97.014,80.93,95.12,-12.0059,3.4227,44704900
2017-03-31,180,2016-07-15,2017-03-31,82.01,86.0884,86.2043,95.2625,95.1345,80.93,95.12,-13.7826,1.3345,21750400
2017-04-03,180,2016-07-18,2017-04-03,82.07,86.0196,86.1318,95.4085,95.2842,80.93,94.82,-13.4465,1.4086,11438700
2017-04-04,180,2016-07-19,2017-04-04,82.37,85.9541,86.0626,95.8302,95.7094,80.93,94.47,-12.8083,1.7793,9270900
2017-04-05,180,2016-07-20,2017-04-05,82.53,85.8913,85.9963,96.0865,95.9693,80.93,94.01,-12.2115,1.977,13809100
2017-04-06,180,2016-07-21,2017-04-06,83.01,85.834,85.9356,96.71,96.5956,80.93,94.01,-11.7009,2.5701,9554900
2017-04-07,180,2016-07-22,2017-04-07,82.76,85.7756,85.874,96.4844,96.3738,80.93,94.01,-11.9668,2.2612,8909600
2017-04-10,180,2016-07-25,2017-04-10,83.13,85.7187,85.8136,96.98,96.8728,80.93,92.58,-10.2074,2.7184,8885300
2017-04-11,180,2016-07-26,2017-04-11,82.84,85.6687,85.7616,96.6981,96.5934,80.93,92.58,-10.5206,2.3601,8576500
2017-04-12,180,2016-07-27,2017-04-12,82.97,85.6228,85.714,96.9018,96.7987,80.93,92.58,-10.3802,2.5207,9516100
2017-04-13,180,2016-07-28,2017-04-13,81.69,85.5722,85.6628,95.4632,95.3623,80.93,92.58,-11.7628,0.9391,8667900
2017-04-17,180,2016-07-29,2017-04-17,81.58,85.5246,85.6149,95.3878,95.2872,80.93,92.58,-11.8816,0.8032,9577200
2017-04-18,180,2016-08-01,2017-04-18,81.05,85.4801,85.571,94.8174,94.7167,80.93,92.58,-12.4541,0.1483,8821400
2017-04-19,180,2016-08-02,2017-04-19,80.49,85.4486,85.5412,94.197,94.095,80.49,92.58,-13.059,0.0,10764400
2017-04-20,180,2016-08-03,2017-04-20,81.01,85.4139,85.5077,94.8441,94.74,80.49,92.58,-12.4973,0.646,11649100
2017-04-21,180,2016-08-04,2017-04-21,80.69,85.3749,85.4699,94.5126,94.4075,80.49,92.58,-12.8429,0.2485,9816700
2017-04-24,180,2016-08-05,2017-04-24,81.11,85.3385,85.4345,95.045,94.9382,80.49,92.58,-12.3893,0.7703,8729700
2017-04-25,180,2016-08-08,2017-04-25,81.73,85.3056,85.4021,95.8085,95.7002,80.49,92.58,-11.7196,1.5406,10733800
2017-04-26,180,2016-08-09,2017-04-26,81.4,85.2653,85.3622,95.4667,95.3584,80.49,92.58,-12.076,1.1306,9445900
2017-04-27,180,2016-08-10,2017-04-27,81.26,85.2236,85.3208,95.3491,95.2405,80.49,92.58,-12.2273,0.9566,12385300
2017-04-28,180,2016-08-11,2017-04-28,81.65,85.1964,85.2944,95.8374,95.7273,80.49,92.58,-11.806,1.4412,12072200
2017-05-01,180,2016-08-12,2017-05-01,82.06,85.17,85.2685,96.3485,96.2372,80.49,92.58,-11.3631,1.9506,8664100
2017-05-02,180,2016-08-15,2017-05-02,82.05,85.1376,85.2363,96.3734,96.2618,80.49,92.58,-11.3739,1.9381,9102900
2017-05-03,180,2016-08-16,2017-05-03,82.7,85.1093,85.2079,97.1692,97.0567,80.49,92.58,-10.6719,2.7457,10289000
2017-05-04,180,2016-08-17,2017-05-04,81.64,85.0741,85.173,95.9634,95.852,80.49,92.58,-11.8168,1.4288,16164500
2017-05-05,180,2016-08-18,2017-05-05,82.02,85.0402,85.1392,96.4485,96.3364,80.49,92.58,-11.4064,1.9009,10213000
2017-05-08,180,2016-08-19,2017-05-08,82.89,85.0074,85.1057,97.5092,97.3965,80.49,92.58,-10.4666,2.9817,8097100
2017-05-09,180,2016-08-22,2017-05-09,82.31,84.9769,85.0752,96.8616,96.7497,80.49,92.58,-11.0931,2.2612,8647100
2017-05-10,180,2016-08-23,2017-05-10,81.91,84.9431,85.0414,96.4293,96.3177,80.49,92.58,-11.5252,1.7642,9520300
2017-05-11,180,2016-08-24,2017-05-11,82.61,84.9148,85.0131,97.2857,97.1733,80.49,92.58,-10.7691,2.6339,10047300
2017-05-12,180,2016-08-25,2017-05-12,82.55,84.8847,84.9827,97.2496,97.1375,80.49,92.58,-10.8339,2.5593,7480200
2017-05-15,180,2016-08-26,2017-05-15,82.8,84.8589,84.9568,97.5737,97.4613,80.49,92.58,-10.5638,2.8699,10881500
2017-05-16,180,2016-08-29,2017-05-16,82.55,84.8327,84.9306,97.3091,97.1971,80.49,92.58,-10.8339,2.5593,9574200
2017-05-17,180,2016-08-30,2017-05-17,81.99,84.8003,84.8981,96.686,96.5746,80.49,92.58,-11.4388,1.8636,11151100
2017-05-18,180,2016-08-31,2017-05-18,81.75,84.7681,84.866,96.4396,96.3283,80.49,92.58,-11.698,1.5654,9905800
2017-05-19,180,2016-09-01,2017-05-19,81.93,84.7389,84.8371,96.6852,96.5734,80.49,92.58,-11.5036,1.789,13028500
2017-05-22,180,2016-09-02,2017-05-22,82.29,84.7135,84.8118,97.1391,97.0266,80.49,92.58,-11.1147,2.2363,9218700
2017-05-23,180,2016-09-06,2017-05-23,82.58,84.6868,84.7849,97.5122,97.3994,80.49,92.58,-10.8015,2.5966,6857200
2017-05-24,180,2016-09-07,2017-05-24,82.29,84.6525,84.75,97.2092,97.0973,80.49,92.58,-11.1147,2.2363,8136000
2017-05-25,180,2016-09-08,2017-05-25,81.75,84.6167,84.7139,96.6121,96.5012,80.49,92.58,-11.698,1.5654,12370900
2017-05-26,180,2016-09-09,2017-05-26,81.55,84.5756,84.6723,96.4226,96.3125,80.49,92.58,-11.914,1.3169,8227100
2017-05-30,180,2016-09-12,2017-05-30,81.1,84.5433,84.6404,95.9272,95.8171,80.49,92.58,-12.4001,0.7579,8973600
2017-05-31,180,2016-09-13,2017-05-31,80.5,84.5049,84.6027,95.2607,95.1507,80.49,92.58,-13.0482,0.0124,13572300
2017-06-01,180,2016-09-14,2017-06-01,80.7,84.4789,84.5776,95.5268,95.4153,80.49,92.58,-12.8322,0.2609,9884100
2017-06-02,180,2016-09-15,2017-06-02,79.5,84.4489,84.5493,94.1398,94.028,79.5,92.58,-14.1283,0.0,21687300
2017-06-05,180,2016-09-16,2017-06-05,80.12,84.42,84.5217,94.9064,94.7922,79.5,92.58,-13.4586,0.7799,11527100
2017-06-06,180,2016-09-19,2017-06-06,81.21,84.4037,84.5061,96.2162,96.0996,79.5,92.58,-12.2813,2.1509,12208600
2017-06-07,180,2016-09-20,2017-06-07,80.91,84.3866,84.4898,95.8801,95.763,79.5,92.58,-12.6053,1.7736,13096500
2017-06-08,180,2016-09-21,2017-06-08,80.62,84.3752,84.4792,95.5494,95.4318,79.5,92.58,-12.9186,1.4088,11720700
2017-06-09,180,2016-09-22,2017-06-09,82.13,84.3685,84.4727,97.3468,97.2267,79.5,92.58,-11.2875,3.3082,13553900
2017-06-12,180,2016-09-23,2017-06-12,82.93,84.365,84.4693,98.2991,98.1777,79.5,92.58,-10.4234,4.3145,18172900
2017-06-13,180,2016-09-26,2017-06-13,82.96,84.3622,84.4666,98.3379,98.2164,79.5,92.58,-10.391,4.3522,12175500
2017-06-14,180,2016-09-27,2017-06-14,82.07,84.3564,84.4611,97.2895,97.169,79.5,92.58,-11.3523,3.2327,13714000
2017-06-15,180,2016-09-28,2017-06-15,82.26,84.3508,84.4556,97.5213,97.4003,79.5,92.58,-11.1471,3.4717,11862600
2017-06-16,180,2016-09-29,2017-06-16,83.49,84.3322,84.4367,99.0013,98.8788,79.5,92.58,-9.8185,5.0189,39726100
2017-06-19,180,2016-09-30,2017-06-19,82.76,84.3118,84.4161,98.1595,98.0382,79.5,92.58,-10.607,4.1006,10445700
2017-06-20,180,2016-10-03,2017-06-20,82.31,84.2845,84.3885,97.6574,97.537,79.5,92.58,-11.0931,3.5346,13232600
2017-06-21,180,2016-10-04,2017-06-21,81.44,84.2533,84.3573,96.661,96.5417,79.5,92.58,-12.0328,2.4403,11422300
2017-06-22,180,2016-10-05,2017-06-22,81.08,84.2241,84.3286,96.267,96.1477,79.5,92.58,-12.4217,1.9874,8139900
2017-06-23,180,2016-10-06,2017-06-23,81.61,84.1942,84.2987,96.9307,96.8105,79.5,92.58,-11.8492,2.6541,10611200
2017-06-26,180,2016-10-07,2017-06-26,81.24,84.1619,84.2664,96.5282,96.4085,79.5,92.58,-12.2489,2.1887,7718700
2017-06-27,180,2016-10-10,2017-06-27,81.11,84.1304,84.2352,96.4098,96.29,79.5,92.58,-12.3893,2.0252,9221600
2017-06-28,180,2016-10-11,2017-06-28,81.53,84.0928,84.1968,96.9525,96.8327,79.5,92.58,-11.9356,2.5535,9189700
2017-06-29,180,2016-10-12,2017-06-29,80.7,84.0537,84.1577,96.01,95.8914,79.5,92.58,-12.8322,1.5094,20525100
2017-06-30,180,2016-10-13,2017-06-30,80.73,84.018,84.1221,96.0865,95.9676,79.5,92.58,-12.7997,1.5472,14000600
2017-07-03,180,2016-10-14,2017-07-03,82.1,83.9934,84.0973,97.7457,97.625,79.5,92.58,-11.3199,3.2704,8422300
2017-07-05,180,2016-10-17,2017-07-05,80.85,83.9616,84.0657,96.2941,96.1747,79.5,92.58,-12.6701,1.6981,9830800
2017-07-06,180,2016-10-18,2017-07-06,80.12,83.9253,84.0301,95.4658,95.3468,79.5,92.58,-13.4586,0.7799,9822400
2017-07-07,180,2016-10-19,2017-07-07,80.22,83.8885,83.9937,95.6269,95.5072,79.5,92.58,-13.3506,0.9057,10777800
2017-07-10,180,2016-10-20,2017-07-10,80.16,83.8493,83.9547,95.6001,95.48,79.5,92.58,-13.4154,0.8302,6338300
2017-07-11,180,2016-10-21,2017-07-11,80.6,83.8126,83.918,96.1669,96.0461,79.5,92.58,-12.9402,1.3836,9681100
2017-07-12,180,2016-10-24,2017-07-12,80.96,83.7811,83.8866,96.6328,96.5113,79.5,92.58,-12.5513,1.8365,7974000
2017-07-13,180,2016-10-25,2017-07-13,80.97,83.7482,83.8536,96.6827,96.5612,79.5,92.58,-12.5405,1.8491,5582300
2017-07-14,180,2016-10-26,2017-07-14,81.28,83.7181,83.8233,97.0877,96.9658,79.5,92.58,-12.2057,2.239,7497200
2017-07-17,180,2016-10-27,2017-07-17,80.86,83.6837,83.7887,96.6257,96.5046,79.5,92.58,-12.6593,1.7107,7914700
2017-07-18,180,2016-10-28,2017-07-18,80.6,83.6486,83.7536,96.3554,96.2347,79.5,92.58,-12.9402,1.3836,8046100
2017-07-19,180,2016-10-31,2017-07-19,80.85,83.6263,83.7318,96.6801,96.5583,79.5,92.58,-12.6701,1.6981,9393200
2017-07-20,180,2016-11-01,2017-07-20,80.86,83.6122,83.7181,96.7084,96.586,79.5,92.58,-12.6593,1.7107,9681000
2017-07-21,180,2016-11-02,2017-07-21,80.12,83.5917,83.6985,95.8468,95.7245,79.5,92.58,-13.4586,0.7799,12268600
2017-07-24,180,2016-11-03,2017-07-24,79.87,83.5709,83.6786,95.5716,95.4485,79.5,92.58,-13.7287,0.4654,9403000
2017-07-25,180,2016-11-04,2017-07-25,80.27,83.5513,83.6598,96.0727,95.9481,79.5,92.58,-13.2966,0.9685,11465300
2017-07-26,180,2016-11-07,2017-07-26,80.37,83.5328,83.642,96.2137,96.0881,79.5,92.58,-13.1886,1.0943,10465100
2017-07-27,180,2016-11-08,2017-07-27,80.83,83.5069,83.6163,96.7944,96.6677,79.5,92.58,-12.6917,1.673,11149700
2017-07-28,180,2016-11-09,2017-07-28,79.6,83.4743,83.5846,95.3587,95.2328,79.5,92.58,-14.0203,0.1258,22800800
2017-07-31,180,2016-11-10,2017-07-31,80.04,83.4395,83.5501,95.9258,95.7988,79.5,92.58,-13.545,0.6792,12820200
2017-08-01,180,2016-11-11,2017-08-01,80.17,83.4014,83.5119,96.1255,95.9983,79.5,92.58,-13.4046,0.8428,10421200
2017-08-02,180,2016-11-14,2017-08-02,80.6,83.373,83.4837,96.6739,96.5458,79.5,92.58,-12.9402,1.3836,10410100
2017-08-03,180,2016-11-15,2017-08-03,80.49,83.3461,83.4571,96.5732,96.4447,79.5,92.58,-13.059,1.2453,10136700
2017-08-04,180,2016-11-16,2017-08-04,80.21,83.3095,83.4204,96.2796,96.1516,79.5,92.58,-13.3614,0.8931,8292200
2017-08-07,180,2016-11-17,2017-08-07,80.16,83.2781,83.3893,96.2558,96.1274,79.5,92.58,-13.4154,0.8302,7893800
2017-08-08,180,2016-11-18,2017-08-08,79.96,83.2483,83.3601,96.05,95.9212,79.5,92.58,-13.6315,0.5786,9028400
2017-08-09,180,2016-11-21,2017-08-09,80.21,83.2198,83.3319,96.3833,96.2537,79.5,92.58,-13.3614,0.8931,8087100
2017-08-10,180,2016-11-22,2017-08-10,78.97,83.1775,83.2901,94.9416,94.8132,78.97,92.58,-14.7008,0.0,12580300
2017-08-11,180,2016-11-23,2017-08-11,78.21,83.1295,83.2431,94.0821,93.9538,78.21,92.58,-15.5217,0.0,10192400
2017-08-14,180,2016-11-25,2017-08-14,78.23,83.0805,83.1948,94.1617,94.0323,78.21,92.58,-15.5001,0.0256,8862500
2017-08-15,180,2016-11-28,2017-08-15,78.04,83.0293,83.1443,93.991,93.8609,78.04,92.58,-15.7053,0.0,10350900
2017-08-16,180,2016-11-29,2017-08-16,77.47,82.9778,83.0943,93.3623,93.2314,77.47,92.58,-16.321,0.0,9117100
2017-08-17,180,2016-11-30,2017-08-17,76.26,82.9216,83.0408,91.9664,91.8344,76.26,92.58,-17.628,0.0,13400400
2017-08-18,180,2016-12-01,2017-08-18,76.64,82.8608,82.9816,92.4925,92.3579,76.26,92.58,-17.2175,0.4983,14324300
2017-08-21,180,2016-12-02,2017-08-21,76.38,82.7987,82.9212,92.2479,92.1115,76.26,92.58,-17.4984,0.1573,10084900
2017-08-22,180,2016-12-05,2017-08-22,76.74,82.74,82.864,92.7484,92.6096,76.26,92.58,-17.1095,0.6294,9503600
2017-08-23,180,2016-12-06,2017-08-23,76.61,82.6783,82.8036,92.6603,92.5201,76.26,92.58,-17.2499,0.459,7054300
2017-08-24,180,2016-12-07,2017-08-24,76.33,82.6146,82.7412,92.3929,92.2515,76.26,92.58,-17.5524,0.0918,8678300
2017-08-25,180,2016-12-08,2017-08-25,76.72,82.5509,82.6782,92.9366,92.7935,76.26,92.58,-17.1311,0.6032,6844900
2017-08-28,180,2016-12-09,2017-08-28,76.47,82.4845,82.6123,92.7083,92.5649,76.26,92.58,-17.4012,0.2754,8229700
2017-08-29,180,2016-12-12,2017-08-29,76.45,82.4149,82.5426,92.7624,92.6188,76.26,92.58,-17.4228,0.2491,7060400
2017-08-30,180,2016-12-13,2017-08-30,76.1,82.3339,82.4599,92.4285,92.2872,76.1,92.58,-17.8008,0.0,8218000
2017-08-31,180,2016-12-14,2017-08-31,76.33,82.2474,82.3697,92.8054,92.6676,76.1,91.18,-16.2865,0.3022,15641700
2017-09-01,180,2016-12-15,2017-09-01,76.57,82.1715,82.2918,93.1831,93.0469,76.1,91.18,-16.0233,0.6176,7361100
2017-09-05,180,2016-12-16,2017-09-05,77.18,82.0983,82.2157,94.0093,93.8751,76.1,91.18,-15.3542,1.4192,12784800
2017-09-06,180,2016-12-19,2017-09-06,78.78,82.0337,82.1468,96.0337,95.9015,76.1,90.89,-13.3238,3.5217,18574400
2017-09-07,180,2016-12-20,2017-09-07,79.03,81.9741,82.0835,96.4085,96.28,76.1,90.89,-13.0487,3.8502,9836400
2017-09-08,180,2016-12-21,2017-09-08,78.82,81.9134,82.019,96.2236,96.0997,76.1,90.89,-13.2798,3.5742,8436000
2017-09-11,180,2016-12-22,2017-09-11,79.25,81.8559,81.9577,96.8164,96.6962,76.1,90.89,-12.8067,4.1393,12955800
2017-09-12,180,2016-12-23,2017-09-12,79.5,81.7974,81.8946,97.1914,97.0761,76.1,90.89,-12.5316,4.4678,7644400
2017-09-13,180,2016-12-27,2017-09-13,79.77,81.7412,81.8338,97.5884,97.4781,76.1,90.89,-12.2346,4.8226,8369700
2017-09-14,180,2016-12-28,2017-09-14,80.09,81.6868,81.7746,98.0452,97.94,76.1,90.89,-11.8825,5.2431,9072600
2017-09-15,180,2016-12-29,2017-09-15,80.07,81.6344,81.7177,98.0836,97.9836,76.1,90.89,-11.9045,5.2168,16043700
2017-09-18,180,2016-12-30,2017-09-18,80.09,81.5819,81.6607,98.1712,98.0765,76.1,90.89,-11.8825,5.2431,8594400
2017-09-19,180,2017-01-03,2017-09-19,80.22,81.5307,81.6049,98.3924,98.3029,76.1,90.89,-11.7395,5.4139,9277100
2017-09-20,180,2017-01-04,2017-09-20,80.55,81.4786,81.5475,98.8603,98.7768,76.1,89.89,-10.3905,5.8476,10606900
2017-09-21,180,2017-01-05,2017-09-21,79.89,81.4273,81.4919,98.1121,98.0342,76.1,88.55,-9.7798,4.9803,11984200
2017-09-22,180,2017-01-06,2017-09-22,79.92,81.3824,81.444,98.2031,98.1288,76.1,88.5,-9.6949,5.0197,10205800
2017-09-25,180,2017-01-09,2017-09-25,80.98,81.3438,81.4022,99.5528,99.4813,76.1,87.36,-7.3031,6.4126,10496600
2017-09-26,180,2017-01-10,2017-09-26,80.89,81.3117,81.3681,99.4814,99.4125,76.1,87.36,-7.4061,6.2944,8755100
2017-09-27,180,2017-01-11,2017-09-27,81.43,81.2881,81.3431,100.1746,100.1069,76.1,87.36,-6.788,7.0039,9724500
2017-09-28,180,2017-01-12,2017-09-28,82.19,81.2643,81.3174,101.1391,101.0731,76.1,87.36,-5.918,8.0026,15581700
2017-09-29,180,2017-01-13,2017-09-29,81.98,81.2417,81.2932,100.9088,100.8449,76.1,87.36,-6.1584,7.7267,9944000
2017-10-02,180,2017-01-17,2017-10-02,81.63,81.2172,81.2669,100.5083,100.4467,76.1,87.36,-6.5591,7.2668,6777900
2017-10-03,180,2017-01-18,2017-10-03,81.76,81.1884,81.2358,100.704,100.6452,76.1,86.28,-5.2388,7.4376,6082000
2017-10-04,180,2017-01-19,2017-10-04,81.79,81.1651,81.2109,100.7699,100.7131,76.1,85.89,-4.7735,7.477,6357100
2017-10-05,180,2017-01-20,2017-10-05,82.02,81.1509,81.1958,101.071,101.015,76.1,85.89,-4.5058,7.7792,7375900
2017-10-06,180,2017-01-23,2017-10-06,81.71,81.1291,81.1726,100.716,100.662,76.1,85.6,-4.5444,7.3719,6070600
2017-10-09,180,2017-01-24,2017-10-09,82.03,81.1137,81.1563,101.1297,101.0766,76.1,85.6,-4.1706,7.7924,7489900
2017-10-10,180,2017-01-25,2017-10-10,82.26,81.0989,81.1406,101.4317,101.3796,76.1,85.6,-3.9019,8.0946,7218500
2017-10-11,180,2017-01-26,2017-10-11,82.6,81.0847,81.1253,101.8688,101.8178,76.1,85.6,-3.5047,8.5414,7023700
2017-10-12,180,2017-01-27,2017-10-12,82.43,81.0683,81.1077,101.6797,101.6303,76.1,85.51,-3.6019,8.318,6647500
2017-10-13,180,2017-01-30,2017-10-13,82.41,81.0522,81.0905,101.6752,101.6272,76.1,84.86,-2.8871,8.2917,7180000
2017-10-16,180,2017-01-31,2017-10-16,82.81,81.0416,81.0791,102.1821,102.1348,76.1,83.89,-1.2874,8.8173,5734000
2017-10-17,180,2017-02-01,2017-10-17,82.96,81.0367,81.0739,102.3734,102.3263,76.1,83.7,-0.8841,9.0145,6444100
2017-10-18,180,2017-02-02,2017-10-18,82.76,81.0358,81.0729,102.1278,102.0809,76.1,83.7,-1.1231,8.7516,6367100
2017-10-19,180,2017-02-03,2017-10-19,82.74,81.032,81.069,102.1078,102.0612,76.1,83.7,-1.147,8.7254,7945500
2017-10-20,180,2017-02-06,2017-10-20,83.11,81.0297,81.0666,102.5673,102.5206,76.1,83.7,-0.7049,9.2116,9574100
2017-10-23,180,2017-02-07,2017-10-23,83.24,81.0294,81.0662,102.7282,102.6815,76.1,83.7,-0.5496,9.3824,9829900
2017-10-24,180,2017-02-08,2017-10-24,83.47,81.0331,81.0701,103.0073,102.9603,76.1,83.7,-0.2748,9.6846,7551200
2017-10-25,180,2017-02-09,2017-10-25,83.17,81.0422,81.0795,102.6256,102.5783,76.1,83.7,-0.6332,9.2904,9153300
2017-10-26,180,2017-02-10,2017-10-26,83.47,81.0509,81.0886,102.9847,102.9368,76.1,83.7,-0.2748,9.6846,9154500
2017-10-27,180,2017-02-13,2017-10-27,83.71,81.0572,81.0952,103.2728,103.2244,76.1,83.71,0.0,10.0,14866200
2017-10-30,180,2017-02-14,2017-10-30,83.54,81.06,81.0982,103.0595,103.011,76.1,83.71,-0.2031,9.7766,7811100
2017-10-31,180,2017-02-15,2017-10-31,83.35,81.0628,81.1011,102.8215,102.7729,76.1,83.71,-0.4301,9.5269,9754200
2017-11-01,180,2017-02-16,2017-11-01,83.87,81.0665,81.1051,103.4582,103.4091,76.1,83.87,0.0,10.2103,9430000
2017-11-02,180,2017-02-17,2017-11-02,83.53,81.0731,81.1119,103.0305,102.9812,76.1,83.87,-0.4054,9.7635,7775500
2017-11-03,180,2017-02-21,2017-11-03,83.18,81.0807,81.1198,102.5892,102.5397,76.1,83.87,-0.8227,9.3036,6903500
2017-11-06,180,2017-02-22,2017-11-06,83.75,81.0906,81.1301,103.2796,103.2292,76.1,83.87,-0.1431,10.0526,9276700
2017-11-07,180,2017-02-23,2017-11-07,83.58,81.1049,81.1448,103.0517,103.001,76.1,83.87,-0.3458,9.8292,8471800
2017-11-08,180,2017-02-24,2017-11-08,83.47,81.114,81.1542,102.9046,102.8536,76.1,83.87,-0.4769,9.6846,8691600
2017-11-09,180,2017-02-27,2017-11-09,83.97,81.1295,81.1703,103.5012,103.4492,76.1,83.97,0.0,10.3417,10528800
2017-11-10,180,2017-02-28,2017-11-10,82.94,81.137,81.1781,102.2221,102.1705,76.1,83.97,-1.2266,8.9882,8693700
2017-11-13,180,2017-03-01,2017-11-13,82.89,81.1456,81.1868,102.1498,102.0979,76.1,83.97,-1.2862,8.9225,6720400
2017-11-14,180,2017-03-02,2017-11-14,82.24,81.1414,81.1824,101.354,101.3027,76.1,83.97,-2.0603,8.0683,9251700
2017-11-15,180,2017-03-03,2017-11-15,81.21,81.1301,81.1708,100.0985,100.0483,76.1,83.97,-3.2869,6.7149,9663600
2017-11-16,180,2017-03-06,2017-11-16,80.56,81.1196,81.1603,99.3101,99.2604,76.1,83.97,-4.061,5.8607,10527200
2017-11-17,180,2017-03-07,2017-11-17,80.24,81.1054,81.1459,98.933,98.8836,76.1,83.97,-4.4421,5.4402,9536400
2017-11-20,180,2017-03-08,2017-11-20,80.55,81.0946,81.1349,99.3285,99.2791,76.1,83.97,-4.0729,5.8476,8468600
2017-11-21,180,2017-03-09,2017-11-21,80.87,81.0937,81.1341,99.7242,99.6745,76.1,83.97,-3.6918,6.2681,8838400
2017-11-22,180,2017-03-10,2017-11-22,81.1,81.0905,81.1309,100.0117,99.9619,76.1,83.97,-3.4179,6.5703,7941600
2017-11-24,180,2017-03-13,2017-11-24,81.42,81.0895,81.1298,100.4076,100.3577,76.1,83.97,-3.0368,6.9908,3851300
2017-11-27,180,2017-03-14,2017-11-27,81.11,81.0878,81.1281,100.0274,99.9777,76.1,83.97,-3.406,6.5834,9127500
2017-11-28,180,2017-03-15,2017-11-28,81.67,81.0915,81.1319,100.7134,100.6633,76.1,83.97,-2.7391,7.3193,9794600
2017-11-29,180,2017-03-16,2017-11-29,82.27,81.093,81.1334,101.4514,101.4009,76.1,83.97,-2.0245,8.1078,9725000
2017-11-30,180,2017-03-17,2017-11-30,83.29,81.0995,81.1402,102.701,102.6495,76.1,83.97,-0.8098,9.4481,18592700
2017-12-01,180,2017-03-20,2017-12-01,83.46,81.1073,81.1483,102.9007,102.8488,76.1,83.97,-0.6074,9.6715,13779300
2017-12-04,180,2017-03-21,2017-12-04,83.57,81.1157,81.157,103.0257,102.9732,76.1,83.97,-0.4764,9.816,12597700
2017-12-05,180,2017-03-22,2017-12-05,82.89,81.1214,81.1629,102.1802,102.128,76.1,83.97,-1.2862,8.9225,9357200
2017-12-06,180,2017-03-23,2017-12-06,82.28,81.1242,81.1658,101.4247,101.3728,76.1,83.97,-2.0126,8.1209,13398900
2017-12-07,180,2017-03-24,2017-12-07,82.55,81.1279,81.1696,101.7529,101.7006,76.1,83.97,-1.6911,8.4757,11359600
2017-12-08,180,2017-03-27,2017-12-08,82.66,81.1357,81.1776,101.8787,101.8262,76.1,83.97,-1.5601,8.6202,11988600
2017-12-11,180,2017-03-28,2017-12-11,83.03,81.1454,81.1874,102.3225,102.2695,76.1,83.97,-1.1194,9.1064,8760700
2017-12-12,180,2017-03-29,2017-12-12,82.76,81.1503,81.1926,101.9835,101.9305,76.1,83.97,-1.441,8.7516,11307000
2017-12-13,180,2017-03-30,2017-12-13,83.12,81.1562,81.1987,102.4197,102.3662,76.1,83.97,-1.0123,9.2247,10172700
2017-12-14,180,2017-03-31,2017-12-14,82.9,81.152,81.1942,102.1539,102.1009,76.1,83.97,-1.2743,8.9356,9492400
2017-12-15,180,2017-04-03,2017-12-15,83.03,81.1575,81.1999,102.3072,102.2538,76.1,83.97,-1.1194,9.1064,26582300
2017-12-18,180,2017-04-04,2017-12-18,82.94,81.1622,81.2047,102.1904,102.1369,76.1,83.97,-1.2266,8.9882,9363500
2017-12-19,180,2017-04-05,2017-12-19,82.44,81.1626,81.2051,101.5739,101.5207,76.1,83.97,-1.8221,8.3311,10285100
2017-12-20,180,2017-04-06,2017-12-20,82.87,81.1644,81.207,102.1014,102.0479,76.1,83.97,-1.31,8.8962,10620300
2017-12-21,180,2017-04-07,2017-12-21,83.85,81.1688,81.2117,103.3032,103.2487,76.1,83.97,-0.1429,10.184,13578100
2017-12-22,180,2017-04-10,2017-12-22,83.97,81.1752,81.2184,103.443,103.3879,76.1,83.97,0.0,10.3417,10161400
2017-12-26,180,2017-04-11,2017-12-26,83.98,81.1796,81.2231,103.4496,103.3942,76.1,83.98,0.0,10.3548,4777200
2017-12-27,180,2017-04-12,2017-12-27,83.9,81.1852,81.229,103.3439,103.2882,76.1,83.98,-0.0953,10.2497,7000600
2017-12-28,180,2017-04-13,2017-12-28,84.02,81.1907,81.2348,103.4847,103.4285,76.1,84.02,0.0,10.4074,7495300
2017-12-29,180,2017-04-17,2017-12-29,83.64,81.2012,81.2457,103.0034,102.947,76.1,84.02,-0.4523,9.908,8523400
2018-01-02,180,2017-04-18,2018-01-02,85.03,81.2194,81.2648,104.6917,104.6332,76.1,85.03,0.0,11.7346,11469300
2018-01-03,180,2017-04-19,2018-01-03,86.7,81.2489,81.2962,106.7092,106.647,76.1,86.7,0.0,13.929,13957700
2018-01-04,180,2017-04-20,2018-01-04,86.82,81.2821,81.3314,106.8132,106.7485,76.1,86.82,0.0,14.0867,10863000
2018-01-05,180,2017-04-21,2018-01-05,86.75,81.3121,81.3633,106.6877,106.6206,76.1,86.82,-0.0806,13.9947,11047600
2018-01-08,180,2017-04-24,2018-01-08,87.14,81.3458,81.3991,107.1229,107.0528,76.1,87.14,0.0,14.5072,10927100
2018-01-09,180,2017-04-25,2018-01-09,86.77,81.3754,81.4306,106.6293,106.557,76.1,87.14,-0.4246,14.021,8131600
2018-01-10,180,2017-04-26,2018-01-10,86.08,81.3981,81.4547,105.7518,105.6783,76.1,87.14,-1.2164,13.1143,10822300
2018-01-11,180,2017-04-27,2018-01-11,86.93,81.4269,81.4854,106.7583,106.6816,76.1,87.14,-0.241,14.2313,14366000
2018-01-12,180,2017-04-28,2018-01-12,87.52,81.4594,81.5202,107.4401,107.3599,76.1,87.52,0.0,15.0066,9834500
2018-01-16,180,2017-05-01,2018-01-16,86.97,81.487,81.5498,106.7287,106.6465,76.1,87.52,-0.6284,14.2838,10882800
2018-01-17,180,2017-05-02,2018-01-17,88.0,81.5173,81.5828,107.9525,107.8659,76.1,88.0,0.0,15.6373,10546000
2018-01-18,180,2017-05-03,2018-01-18,87.43,81.545,81.6127,107.2168,107.128,76.1,88.0,-0.6477,14.8883,9223700
2018-01-19,180,2017-05-04,2018-01-19,87.15,81.5679,81.6374,106.8436,106.7526,76.1,88.0,-0.9659,14.5204,13090000
2018-01-22,180,2017-05-05,2018-01-22,88.25,81.6018,81.6741,108.1471,108.0514,76.1,88.25,0.0,15.9658,10270400
2018-01-23,180,2017-05-08,2018-01-23,88.3,81.6339,81.709,108.1659,108.0664,76.1,88.3,0.0,16.0315,10281800
2018-01-24,180,2017-05-09,2018-01-24,88.53,81.6623,81.7403,108.4098,108.3064,76.1,88.53,0.0,16.3338,10316100
2018-01-25,180,2017-05-10,2018-01-25,88.37,81.6932,81.774,108.173,108.0661,76.1,88.53,-0.1807,16.1235,11271900
2018-01-26,180,2017-05-11,2018-01-26,89.0,81.7293,81.8134,108.8961,108.7842,76.1,89.0,0.0,16.9514,10514400
2018-01-29,180,2017-05-12,2018-01-29,88.01,81.7569,81.8434,107.6485,107.5347,76.1,89.0,-1.1124,15.6505,9315700
2018-01-30,180,2017-05-15,2018-01-30,86.78,81.7788,81.8669,106.1155,106.0013,76.1,89.0,-2.4944,14.0342,12408000
2018-01-31,180,2017-05-16,2018-01-31,87.3,81.8019,81.8919,106.7212,106.604,76.1,89.0,-1.9101,14.7175,14404700
2018-02-01,180,2017-05-17,2018-02-01,89.07,81.8349,81.9281,108.8411,108.7173,76.1,89.07,0.0,17.0434,17971000
2018-02-02,180,2017-05-18,2018-02-02,84.53,81.8485,81.9422,103.2761,103.1581,76.1,89.07,-5.0971,11.0775,29822100
2018-02-05,180,2017-05-19,2018-02-05,79.72,81.837,81.9309,97.4132,97.3015,76.1,89.07,-10.4974,4.7569,30452700
2018-02-06,180,2017-05-22,2018-02-06,78.35,81.8162,81.9111,95.7634,95.6525,76.1,89.07,-12.0355,2.9566,36262800
2018-02-07,180,2017-05-23,2018-02-07,76.94,81.7848,81.8813,94.0762,93.9653,76.1,89.07,-13.6185,1.1038,21994500
2018-02-08,180,2017-05-24,2018-02-08,76.07,81.7463,81.8452,93.0562,92.9438,76.07,89.07,-14.5953,0.0,25650800
2018-02-09,180,2017-05-25,2018-02-09,75.78,81.7076,81.809,92.7454,92.6304,75.78,89.07,-14.9208,0.0,29491600
2018-02-12,180,2017-05-26,2018-02-12,76.42,81.6759,81.7794,93.5649,93.4465,75.78,89.07,-14.2023,0.8445,19340400
2018-02-13,180,2017-05-30,2018-02-13,76.3,81.6447,81.7502,93.4537,93.3331,75.78,89.07,-14.337,0.6862,11926600
2018-02-14,180,2017-05-31,2018-02-14,76.46,81.617,81.7244,93.6815,93.5583,75.78,89.07,-14.1574,0.8973,17188400
2018-02-15,180,2017-06-01,2018-02-15,76.21,81.5911,81.7006,93.4048,93.2796,75.78,89.07,-14.4381,0.5674,14432400
2018-02-16,180,2017-06-02,2018-02-16,76.54,81.5662,81.6775,93.8379,93.71,75.78,89.07,-14.0676,1.0029,13722400
2018-02-20,180,2017-06-05,2018-02-20,75.75,81.5432,81.6567,92.8955,92.7665,75.75,89.07,-14.9545,0.0,13387300
2018-02-21,180,2017-06-06,2018-02-21,74.89,81.511,81.6276,91.8772,91.7459,74.89,89.07,-15.9201,0.0,11715000
2018-02-22,180,2017-06-07,2018-02-22,75.86,81.479,81.5979,93.1038,92.9681,74.89,89.07,-14.831,1.2952,14020200
2018-02-23,180,2017-06-08,2018-02-23,77.53,81.4591,81.5791,95.1766,95.0366,74.89,89.07,-12.9561,3.5252,13378800
2018-02-26,180,2017-06-09,2018-02-26,78.84,81.4488,81.5692,96.797,96.6541,74.89,89.07,-11.4854,5.2744,16940400
2018-02-27,180,2017-06-12,2018-02-27,77.5,81.422,81.5435,95.1831,95.0413,74.89,89.07,-12.9898,3.4851,14629500
2018-02-28,180,2017-06-13,2018-02-28,75.74,81.3798,81.5036,93.0697,92.9285,74.89,89.07,-14.9658,1.135,17087800
2018-03-01,180,2017-06-14,2018-03-01,75.2,81.3341,81.4604,92.4581,92.3147,74.89,89.07,-15.572,0.4139,15696700
2018-03-02,180,2017-06-15,2018-03-02,75.55,81.2955,81.4242,92.9326,92.7857,74.89,89.07,-15.1791,0.8813,15630300
2018-03-05,180,2017-06-16,2018-03-05,76.27,81.2604,81.3909,93.8587,93.7082,74.89,89.07,-14.3707,1.8427,14891000
2018-03-06,180,2017-06-19,2018-03-06,76.18,81.2183,81.3503,93.7966,93.6444,74.89,89.07,-14.4718,1.7225,10754300
2018-03-07,180,2017-06-20,2018-03-07,74.26,81.1676,81.3031,91.4897,91.3372,74.26,89.07,-16.6274,0.0,27255500
2018-03-08,180,2017-06-21,2018-03-08,74.12,81.1185,81.2576,91.3725,91.2161,74.12,89.07,-16.7845,0.0,19299800
2018-03-09,180,2017-06-22,2018-03-09,74.56,81.0771,81.2194,91.9618,91.8007,74.12,89.07,-16.2906,0.5936,19714100
2018-03-12,180,2017-06-23,2018-03-12,75.24,81.0422,81.1869,92.8405,92.675,74.12,89.07,-15.5271,1.5111,14226700
2018-03-13,180,2017-06-26,2018-03-13,74.53,80.9997,81.1476,92.0126,91.845,74.12,89.07,-16.3242,0.5532,13739700
2018-03-14,180,2017-06-27,2018-03-14,73.6,80.9532,81.1052,90.9167,90.7464,73.6,89.07,-17.3684,0.0,14820700
2018-03-15,180,2017-06-28,2018-03-15,74.42,80.9129,81.068,91.9755,91.7995,73.6,89.07,-16.4477,1.1141,15640600
2018-03-16,180,2017-06-29,2018-03-16,75.12,80.8748,81.0324,92.8843,92.7037,73.6,89.07,-15.6618,2.0652,32109700
2018-03-19,180,2017-06-30,2018-03-19,74.15,80.8351,80.996,91.73,91.5477,73.6,89.07,-16.7509,0.7473,12744800
2018-03-20,180,2017-07-03,2018-03-20,73.99,80.7941,80.9586,91.5784,91.3924,73.6,89.07,-16.9305,0.5299,13003200
2018-03-21,180,2017-07-05,2018-03-21,75.04,80.7526,80.9193,92.9258,92.7343,73.6,89.07,-15.7517,1.9565,15418500
2018-03-22,180,2017-07-06,2018-03-22,73.5,80.7078,80.8785,91.0693,90.8771,73.5,89.07,-17.4806,0.0,17737000
2018-03-23,180,2017-07-07,2018-03-23,72.89,80.663,80.8383,90.3636,90.1676,72.89,89.07,-18.1655,0.0,20157300
2018-03-26,180,2017-07-10,2018-03-26,74.0,80.6252,80.8038,91.7828,91.5799,72.89,89.07,-16.9193,1.5228,15032700
2018-03-27,180,2017-07-11,2018-03-27,73.7,80.5857,80.7679,91.4554,91.2491,72.89,89.07,-17.2561,1.1113,15821900
2018-03-28,180,2017-07-12,2018-03-28,72.81,80.5378,80.7246,90.4047,90.1955,72.81,89.07,-18.2553,0.0,18163900
2018-03-29,180,2017-07-13,2018-03-29,74.61,80.5,80.6893,92.6833,92.4658,72.81,89.07,-16.2344,2.4722,14882900
2018-04-02,180,2017-07-14,2018-04-02,73.22,80.4529,80.6463,91.0097,90.7915,72.81,89.07,-17.795,0.5631,17891100
2018-04-03,180,2017-07-17,2018-04-03,75.02,80.416,80.6115,93.2899,93.0636,72.81,89.07,-15.7741,3.0353,15999200
2018-04-04,180,2017-07-18,2018-04-04,74.87,80.3805,80.5782,93.1445,92.9159,72.81,89.07,-15.9425,2.8293,13122200
2018-04-05,180,2017-07-19,2018-04-05,76.02,80.3537,80.5528,94.6067,94.3729,72.81,89.07,-14.6514,4.4087,14200000
2018-04-06,180,2017-07-20,2018-04-06,74.87,80.3183,80.5196,93.2167,92.9836,72.81,89.07,-15.9425,2.8293,14299600
2018-04-09,180,2017-07-21,2018-04-09,74.87,80.2828,80.4863,93.2578,93.0221,72.81,89.07,-15.9425,2.8293,11103100
2018-04-10,180,2017-07-24,2018-04-10,77.07,80.2651,80.4693,96.0193,95.7756,72.81,89.07,-13.4725,5.8508,19006100
2018-04-11,180,2017-07-25,2018-04-11,77.43,80.251,80.4558,96.4848,96.2392,72.81,89.07,-13.0684,6.3453,13734000
2018-04-12,180,2017-07-26,2018-04-12,77.22,80.2334,80.4388,96.2442,95.9984,72.81,89.07,-13.3041,6.0569,13270400
2018-04-13,180,2017-07-27,2018-04-13,77.84,80.219,80.4248,97.0344,96.7861,72.81,89.07,-12.6081,6.9084,10925000
2018-04-16,180,2017-07-28,2018-04-16,78.54,80.2061,80.4121,97.9228,97.6719,72.81,89.07,-11.8222,7.8698,10743600
2018-04-17,180,2017-07-31,2018-04-17,78.33,80.1988,80.405,97.6698,97.4193,72.81,89.07,-12.0579,7.5814,10478100
2018-04-18,180,2017-08-01,2018-04-18,79.22,80.1942,80.4004,98.7853,98.5318,72.81,89.07,-11.0587,8.8037,12061400
2018-04-19,180,2017-08-02,2018-04-19,79.42,80.1899,80.3963,99.0398,98.7857,72.81,89.07,-10.8342,9.0784,11291500
2018-04-20,180,2017-08-03,2018-04-20,79.0,80.181,80.3874,98.5271,98.2741,72.81,89.07,-11.3057,8.5016,12072200
2018-04-23,180,2017-08-04,2018-04-23,79.57,80.1758,80.3823,99.2444,98.9895,72.81,89.07,-10.6658,9.2844,11729800
2018-04-24,180,2017-08-07,2018-04-24,78.35,80.1653,80.3719,97.7356,97.4843,72.81,89.07,-12.0355,7.6088,14102000
2018-04-25,180,2017-08-08,2018-04-25,79.5,80.1616,80.3683,99.1747,98.9196,72.81,89.07,-10.7444,9.1883,13867500
2018-04-26,180,2017-08-09,2018-04-26,80.86,80.1665,80.3733,100.865,100.6056,72.81,89.07,-9.2175,11.0562,14554400
2018-04-27,180,2017-08-10,2018-04-27,77.79,80.1527,80.3598,97.0523,96.8021,72.81,89.07,-12.6642,6.8397,16346800
2018-04-30,180,2017-08-11,2018-04-30,77.75,80.1456,80.3531,97.0109,96.7605,72.81,89.07,-12.7091,6.7848,15028800
2018-05-01,180,2017-08-14,2018-05-01,76.95,80.1381,80.3461,96.0217,95.7732,72.81,89.07,-13.6073,5.686,16231000
2018-05-02,180,2017-08-15,2018-05-02,76.8,80.1296,80.3381,95.8447,95.596,72.81,89.07,-13.7757,5.48,13883700
2018-05-03,180,2017-08-16,2018-05-03,76.54,80.1207,80.3298,95.5309,95.2822,72.81,89.07,-14.0676,5.1229,12243100
2018-05-04,180,2017-08-17,2018-05-04,76.9,80.1173,80.3266,95.9843,95.7342,72.81,89.07,-13.6634,5.6174,9887200
2018-05-07,180,2017-08-18,2018-05-07,77.74,80.1262,80.3348,97.022,96.77,72.81,89.07,-12.7203,6.771,15071500
2018-05-08,180,2017-08-21,2018-05-08,78.09,80.1348,80.3429,97.4483,97.1959,72.81,89.07,-12.3274,7.2517,17430400
2018-05-09,180,2017-08-22,2018-05-09,79.93,80.1556,80.3626,99.7186,99.4617,72.81,89.07,-10.2616,9.7789,17142100
2018-05-10,180,2017-08-23,2018-05-10,81.72,80.1839,80.3903,101.9157,101.6541,72.81,89.07,-8.2519,12.2373,17710300
2018-05-11,180,2017-08-24,2018-05-11,81.28,80.2107,80.4162,101.3331,101.0741,72.81,89.07,-8.7459,11.633,14751000
2018-05-14,180,2017-08-25,2018-05-14,81.83,80.2422,80.4468,101.9787,101.7194,72.81,89.07,-8.1284,12.3884,11852100
2018-05-15,180,2017-08-28,2018-05-15,81.79,80.2711,80.4749,101.8922,101.6341,72.81,89.07,-8.1733,12.3335,12595700
2018-05-16,180,2017-08-29,2018-05-16,82.02,80.3028,80.5058,102.1384,101.8809,72.81,89.07,-7.9151,12.6494,9570000
2018-05-17,180,2017-08-30,2018-05-17,81.88,80.3339,80.5359,101.9246,101.6689,72.81,89.07,-8.0723,12.4571,11224100
2018-05-18,180,2017-08-31,2018-05-18,81.3,80.364,80.5648,101.1646,100.9125,72.81,89.07,-8.7235,11.6605,10030900
2018-05-21,180,2017-09-01,2018-05-21,82.28,80.3981,80.5979,102.3408,102.087,72.81,89.07,-7.6232,13.0065,8822400
2018-05-22,180,2017-09-05,2018-05-22,81.64,80.4272,80.6261,101.508,101.2576,72.81,89.07,-8.3418,12.1275,10753400
2018-05-23,180,2017-09-06,2018-05-23,82.15,80.4554,80.6537,102.1063,101.8553,72.81,89.07,-7.7692,12.8279,15140900
2018-05-24,180,2017-09-07,2018-05-24,80.27,80.4638,80.6619,99.7591,99.5141,72.81,89.07,-9.8799,10.2458,13360500
2018-05-25,180,2017-09-08,2018-05-25,78.71,80.462,80.6602,97.8226,97.5822,72.81,89.07,-11.6313,8.1033,14562000
2018-05-29,180,2017-09-11,2018-05-29,78.42,80.4597,80.6579,97.465,97.2254,72.81,89.07,-11.9569,7.705,14644800
2018-05-30,180,2017-09-12,2018-05-30,81.5,80.4722,80.6704,101.2772,101.0283,72.81,89.07,-8.4989,11.9352,16627500
2018-05-31,180,2017-09-13,2018-05-31,81.24,80.4819,80.6801,100.942,100.694,72.81,89.07,-8.7908,11.5781,15803100
2018-06-01,180,2017-09-14,2018-06-01,81.83,80.4932,80.6916,101.6607,101.4109,72.81,89.07,-8.1284,12.3884,9906100
2018-06-04,180,2017-09-15,2018-06-04,80.97,80.4981,80.6964,100.5862,100.339,72.81,89.07,-9.094,11.2073,10954700
2018-06-05,180,2017-09-18,2018-06-05,80.68,80.5015,80.6998,100.2217,99.9754,72.81,89.07,-9.4196,10.809,12059300
2018-06-06,180,2017-09-19,2018-06-06,82.06,80.5123,80.7108,101.9223,101.6717,72.81,89.07,-7.8702,12.7043,11603300
2018-06-07,180,2017-09-20,2018-06-07,82.88,80.5267,80.7256,102.9223,102.6688,72.81,89.07,-6.9496,13.8305,13502500
2018-06-08,180,2017-09-21,2018-06-08,83.6,80.5431,80.7425,103.7954,103.539,72.81,89.07,-6.1412,14.8194,14350400
2018-06-11,180,2017-09-22,2018-06-11,83.1,80.5605,80.7603,103.1523,102.897,72.81,89.07,-6.7026,14.1327,10831600
2018-06-12,180,2017-09-25,2018-06-12,82.42,80.5742,80.7742,102.2908,102.0375,72.81,89.07,-7.466,13.1987,12351800
2018-06-13,180,2017-09-26,2018-06-13,81.51,80.5771,80.7772,101.1578,100.9072,72.81,89.07,-8.4877,11.9489,12049300
2018-06-14,180,2017-09-27,2018-06-14,81.89,80.5825,80.7827,101.6225,101.3707,72.81,89.07,-8.0611,12.4708,11477300
2018-06-15,180,2017-09-28,2018-06-15,80.66,80.5783,80.7784,100.1014,99.8534,72.81,89.07,-9.442,10.7815,23797500
2018-06-18,180,2017-09-29,2018-06-18,80.82,80.5708,80.7708,100.3092,100.0609,72.81,89.07,-9.2624,11.0012,9192600
2018-06-19,180,2017-10-02,2018-06-19,80.7,80.5639,80.7637,100.169,99.9211,72.81,89.07,-9.3971,10.8364,8759700
2018-06-20,180,2017-10-03,2018-06-20,80.45,80.5574,80.7572,99.8667,99.6196,72.81,89.07,-9.6778,10.4931,8917700
2018-06-21,180,2017-10-04,2018-06-21,79.69,80.5459,80.7457,98.9373,98.6926,72.81,89.07,-10.531,9.4493,10990700
2018-06-22,180,2017-10-05,2018-06-22,81.38,80.5437,80.7434,101.0383,100.7884,72.81,89.07,-8.6337,11.7704,16012200
2018-06-25,180,2017-10-06,2018-06-25,79.74,80.5312,80.7307,99.0176,98.7728,72.81,89.07,-10.4749,9.5179,10557200
2018-06-26,180,2017-10-09,2018-06-26,80.64,80.5253,80.7248,100.1424,99.895,72.81,89.07,-9.4645,10.754,10382800
2018-06-27,180,2017-10-10,2018-06-27,81.71,80.5236,80.723,101.4734,101.2227,72.81,89.07,-8.2632,12.2236,12725900
2018-06-28,180,2017-10-11,2018-06-28,81.97,80.522,80.7214,101.7982,101.5468,72.81,89.07,-7.9713,12.5807,9390700
2018-06-29,180,2017-10-12,2018-06-29,82.73,80.5227,80.7221,102.7412,102.4874,72.81,89.07,-7.118,13.6245,17323200
2018-07-02,180,2017-10-13,2018-07-02,81.76,80.5191,80.7184,101.5411,101.2904,72.81,89.07,-8.207,12.2923,9998300
2018-07-03,180,2017-10-16,2018-07-03,82.24,80.5182,80.7174,102.1383,101.8863,72.81,89.07,-7.6681,12.9515,7197300
2018-07-05,180,2017-10-17,2018-07-05,82.31,80.5156,80.7147,102.2286,101.9765,72.81,89.07,-7.5895,13.0477,9035700
2018-07-06,180,2017-10-18,2018-07-06,82.33,80.5123,80.7112,102.2577,102.0057,72.81,89.07,-7.5671,13.0751,7637100
2018-07-09,180,2017-10-19,2018-07-09,82.9,80.513,80.7119,102.9647,102.7109,72.81,89.07,-6.9271,13.858,7158600
2018-07-10,180,2017-10-20,2018-07-10,83.66,80.5178,80.7171,103.9025,103.646,72.81,89.07,-6.0739,14.9018,8806200
2018-07-11,180,2017-10-23,2018-07-11,82.59,80.5151,80.7142,102.5771,102.324,72.81,89.07,-7.2752,13.4322,10405300
2018-07-12,180,2017-10-24,2018-07-12,82.69,80.5122,80.7111,102.7049,102.4518,72.81,89.07,-7.1629,13.5696,9762200
2018-07-13,180,2017-10-25,2018-07-13,83.31,80.5114,80.7102,103.4761,103.2211,72.81,89.07,-6.4668,14.4211,8720000
2018-07-16,180,2017-10-26,2018-07-16,82.49,80.5078,80.7064,102.4621,102.2099,72.81,89.07,-7.3875,13.2949,8306900
2018-07-17,180,2017-10-27,2018-07-17,82.31,80.5017,80.7,102.2463,101.995,72.81,89.07,-7.5895,13.0477,7373300
2018-07-18,180,2017-10-30,2018-07-18,82.22,80.4939,80.6917,102.1444,101.894,72.81,89.07,-7.6906,12.9241,8711900
2018-07-19,180,2017-10-31,2018-07-19,82.01,80.4859,80.6832,101.8936,101.6444,72.81,89.07,-7.9263,12.6356,8659100
2018-07-20,180,2017-11-01,2018-07-20,81.4,80.4755,80.6724,101.1487,100.9019,72.81,89.07,-8.6112,11.7978,9196300
2018-07-23,180,2017-11-02,2018-07-23,81.4,80.4625,80.6587,101.1651,100.9191,72.81,89.07,-8.6112,11.7978,8425900
2018-07-24,180,2017-11-03,2018-07-24,83.01,80.4598,80.6558,103.1695,102.9189,72.81,89.07,-6.8036,14.0091,11121000
2018-07-25,180,2017-11-06,2018-07-25,83.59,80.4619,80.6581,103.8876,103.635,72.81,89.07,-6.1525,14.8057,9523600
2018-07-26,180,2017-11-07,2018-07-26,84.24,80.4644,80.6608,104.6922,104.4374,72.81,89.07,-5.4227,15.6984,13210100
2018-07-27,180,2017-11-08,2018-07-27,81.92,80.4557,80.6516,101.82,101.5727,72.81,89.07,-8.0274,12.512,18220800
2018-07-30,180,2017-11-09,2018-07-30,81.74,80.4466,80.6419,101.6078,101.3616,72.81,89.07,-8.2295,12.2648,11282800
2018-07-31,180,2017-11-10,2018-07-31,81.51,80.4337,80.6283,101.3381,101.0936,72.81,89.07,-8.4877,11.9489,11716800
2018-08-01,180,2017-11-13,2018-08-01,80.39,80.4199,80.6141,99.9628,99.722,72.81,89.07,-9.7451,10.4107,8936300
2018-08-02,180,2017-11-14,2018-08-02,79.91,80.4038,80.5976,99.3859,99.1469,72.81,89.07,-10.284,9.7514,8364300
2018-08-03,180,2017-11-15,2018-08-03,80.2,80.3927,80.5862,99.7603,99.5207,72.81,89.07,-9.9585,10.1497,7811100
2018-08-06,180,2017-11-16,2018-08-06,80.18,80.387,80.5805,99.7425,99.503,72.81,89.07,-9.9809,10.1222,10041800
2018-08-07,180,2017-11-17,2018-08-07,81.27,80.3909,80.5844,101.0935,100.8507,72.81,89.07,-8.7572,11.6193,10698100
2018-08-08,180,2017-11-20,2018-08-08,80.73,80.3936,80.5872,100.4184,100.1772,72.81,89.07,-9.3634,10.8776,7275000
2018-08-09,180,2017-11-21,2018-08-09,80.32,80.3923,80.5859,99.91,99.6701,72.81,89.07,-9.8237,10.3145,9828500
2018-08-10,180,2017-11-22,2018-08-10,79.42,80.3842,80.5778,98.8005,98.5631,72.81,89.07,-10.8342,9.0784,12954300
2018-08-13,180,2017-11-24,2018-08-13,78.56,80.3699,80.5637,97.748,97.5129,72.81,89.07,-11.7997,7.8973,10308500
2018-08-14,180,2017-11-27,2018-08-14,78.31,80.3524,80.5464,97.4582,97.2234,72.81,89.07,-12.0804,7.5539,8005900
2018-08-15,180,2017-11-28,2018-08-15,76.94,80.3285,80.5233,95.7818,95.55,72.81,89.07,-13.6185,5.6723,16307800
2018-08-16,180,2017-11-29,2018-08-16,78.0,80.3078,80.5029,97.1263,96.8909,72.81,89.07,-12.4284,7.1281,11519900
2018-08-17,180,2017-11-30,2018-08-17,78.26,80.2855,80.4806,97.4771,97.2408,72.81,89.07,-12.1365,7.4852,10178400
2018-08-20,180,2017-12-01,2018-08-20,78.81,80.2611,80.4557,98.1921,97.9545,72.81,89.07,-11.519,8.2406,8152100
2018-08-21,180,2017-12-04,2018-08-21,78.83,80.2359,80.43,98.2478,98.0107,72.81,89.07,-11.4966,8.2681,9192200
2018-08-22,180,2017-12-05,2018-08-22,79.96,80.2166,80.4099,99.6802,99.4404,72.81,89.07,-10.2279,9.8201,10098200
2018-08-23,180,2017-12-06,2018-08-23,79.08,80.1958,80.3888,98.6087,98.3719,72.81,89.07,-11.2159,8.6115,7203900
2018-08-24,180,2017-12-07,2018-08-24,79.62,80.1813,80.374,99.3,99.0619,72.81,89.07,-10.6096,9.3531,6545200
2018-08-27,180,2017-12-08,2018-08-27,80.4,80.1697,80.3621,100.2872,100.0472,72.81,89.07,-9.7339,10.4244,6671900
2018-08-28,180,2017-12-11,2018-08-28,80.28,80.1569,80.3488,100.1535,99.9143,72.81,89.07,-9.8686,10.2596,8823400
2018-08-29,180,2017-12-12,2018-08-29,80.86,80.1454,80.3368,100.8916,100.6513,72.81,89.07,-9.2175,11.0562,8004800
2018-08-30,180,2017-12-13,2018-08-30,80.51,80.1333,80.3243,100.47,100.2312,72.81,89.07,-9.6104,10.5755,7450900
2018-08-31,180,2017-12-14,2018-08-31,80.17,80.1175,80.3079,100.0655,99.8283,72.81,89.07,-9.9921,10.1085,10700000
2018-09-04,180,2017-12-15,2018-09-04,80.29,80.1036,80.2934,100.2327,99.9958,72.81,89.07,-9.8574,10.2733,8855000
2018-09-05,180,2017-12-18,2018-09-05,81.36,80.0948,80.2841,101.5797,101.3401,72.81,89.07,-8.6561,11.7429,13878400
2018-09-06,180,2017-12-19,2018-09-06,80.46,80.0815,80.2703,100.4726,100.2363,72.81,89.07,-9.6666,10.5068,13320600
2018-09-07,180,2017-12-20,2018-09-07,81.83,80.0783,80.2669,102.1875,101.9473,72.81,89.07,-8.1284,12.3884,16417800
2018-09-10,180,2017-12-21,2018-09-10,81.71,80.0722,80.2605,102.0454,101.806,72.81,89.07,-8.2632,12.2236,10817900
2018-09-11,180,2017-12-22,2018-09-11,82.86,80.0671,80.255,103.4882,103.2459,72.81,89.07,-6.972,13.8031,11891900
2018-09-12,180,2017-12-26,2018-09-12,83.13,80.0628,80.2503,103.831,103.5884,72.81,89.07,-6.6689,14.1739,11556300
2018-09-13,180,2017-12-27,2018-09-13,82.32,80.0543,80.2411,102.8302,102.5908,72.81,89.07,-7.5783,13.0614,11162700
2018-09-14,180,2017-12-28,2018-09-14,82.92,80.0493,80.2357,103.5862,103.3456,72.81,89.07,-6.9047,13.8855,9442600
2018-09-17,180,2017-12-29,2018-09-17,83.41,80.0462,80.2323,104.2024,103.9607,72.81,89.07,-6.3545,14.5584,8403300
2018-09-18,180,2018-01-02,2018-09-18,83.63,80.0461,80.2322,104.4773,104.2349,72.81,89.07,-6.1076,14.8606,9219900
2018-09-19,180,2018-01-03,2018-09-19,84.63,80.0441,80.23,105.7292,105.4842,72.81,89.07,-4.9848,16.234,10413600
2018-09-20,180,2018-01-04,2018-09-20,84.82,80.035,80.2196,105.9786,105.7348,72.81,89.07,-4.7715,16.495,11198200
2018-09-21,180,2018-01-05,2018-09-21,85.17,80.0271,80.2104,106.4265,106.1833,72.81,89.07,-4.3786,16.9757,26639400
2018-09-24,180,2018-01-08,2018-09-24,86.6,80.0264,80.2096,108.2143,107.9672,72.81,89.07,-2.7731,18.9397,13549500
2018-09-25,180,2018-01-09,2018-09-25,86.5,80.0234,80.206,108.0934,107.8473,72.81,89.07,-2.8854,18.8024,12200700
2018-09-26,180,2018-01-10,2018-09-26,85.78,80.0186,80.2005,107.2,106.9569,72.81,89.07,-3.6937,17.8135,10275500
2018-09-27,180,2018-01-11,2018-09-27,85.77,80.0171,80.1988,107.1895,106.9468,72.81,89.07,-3.705,17.7998,7895400
2018-09-28,180,2018-01-12,2018-09-28,85.02,80.0079,80.1882,106.2644,106.0256,72.81,89.07,-4.547,16.7697,9884900
2018-10-01,180,2018-01-16,2018-10-01,85.81,79.9999,80.1787,107.2627,107.0235,72.81,89.07,-3.66,17.8547,8566900
2018-10-02,180,2018-01-17,2018-10-02,86.46,79.9974,80.1758,108.0785,107.838,72.81,89.07,-2.9303,18.7474,8453100
2018-10-03,180,2018-01-18,2018-10-03,86.15,79.9888,80.1656,107.7026,107.4651,72.81,89.07,-3.2783,18.3217,10206700
2018-10-04,180,2018-01-19,2018-10-04,85.58,79.98,80.1553,107.0018,106.7678,72.81,89.07,-3.9183,17.5388,10204600
2018-10-05,180,2018-01-22,2018-10-05,85.34,79.9713,80.1452,106.7132,106.4817,72.81,89.07,-4.1877,17.2092,9217400
2018-10-08,180,2018-01-23,2018-10-08,86.13,79.9614,80.1334,107.7144,107.4832,72.81,89.07,-3.3008,18.2942,13242400
2018-10-09,180,2018-01-24,2018-10-09,86.51,79.9531,80.1235,108.2009,107.9708,72.81,89.07,-2.8741,18.8161,10177900
2018-10-10,180,2018-01-25,2018-10-10,84.52,79.9341,80.1012,105.7371,105.5165,72.81,89.07,-5.1083,16.083,16573400
2018-10-11,180,2018-01-26,2018-10-11,81.6,79.9008,80.0636,102.1267,101.919,72.81,89.07,-8.3867,12.0725,20320100
2018-10-12,180,2018-01-29,2018-10-12,81.38,79.8635,80.0213,101.8989,101.6979,72.81,89.07,-8.6337,11.7704,15216300
2018-10-15,180,2018-01-30,2018-10-15,80.82,79.8277,79.9813,101.2431,101.0486,72.81,89.07,-9.2624,11.0012,10558800
2018-10-16,180,2018-01-31,2018-10-16,81.2,79.7996,79.9503,101.7548,101.5631,72.81,89.07,-8.8358,11.5231,9781800
2018-10-17,180,2018-02-01,2018-10-17,81.5,79.7708,79.9181,102.1677,101.9794,72.81,89.07,-8.4989,11.9352,12247700
2018-10-18,180,2018-02-02,2018-10-18,81.85,79.7358,79.878,102.6515,102.4688,72.81,86.6,-5.485,12.4159,17448600
2018-10-19,180,2018-02-05,2018-10-19,81.97,79.7228,79.8638,102.8188,102.6373,72.81,86.6,-5.3464,12.5807,12098700
2018-10-22,180,2018-02-06,2018-10-22,81.15,79.7306,79.8717,101.7803,101.6004,72.81,86.6,-6.2933,11.4545,9474100
2018-10-23,180,2018-02-07,2018-10-23,79.84,79.739,79.88,100.1267,99.9499,72.81,86.6,-7.806,9.6553,15465100
2018-10-24,180,2018-02-08,2018-10-24,77.62,79.743,79.8838,97.3377,97.1662,72.81,86.6,-10.3695,6.6062,16085700
2018-10-25,180,2018-02-09,2018-10-25,78.31,79.7563,79.8962,98.1866,98.0146,72.81,86.6,-9.5727,7.5539,12315500
2018-10-26,180,2018-02-12,2018-10-26,77.53,79.7668,79.9059,97.1958,97.0266,72.81,86.6,-10.4734,6.4826,18160100
2018-10-29,180,2018-02-13,2018-10-29,77.05,79.7706,79.9094,96.5895,96.4216,72.81,86.6,-11.0277,5.8234,15707000
2018-10-30,180,2018-02-14,2018-10-30,78.78,79.7852,79.9232,98.7401,98.5696,72.81,86.6,-9.03,8.1994,17758200
2018-10-31,180,2018-02-15,2018-10-31,79.68,79.8039,79.9411,99.8448,99.6734,72.81,86.6,-7.9908,9.4355,16629100
2018-11-01,180,2018-02-16,2018-11-01,80.67,79.8296,79.9659,101.0528,100.8805,72.81,86.6,-6.8476,10.7952,14159300
2018-11-02,180,2018-02-20,2018-11-02,81.95,79.8601,79.9959,102.6169,102.4427,72.81,86.6,-5.3695,12.5532,19350400
2018-11-05,180,2018-02-21,2018-11-05,81.64,79.8939,80.0287,102.1856,102.0134,72.81,86.6,-5.7275,12.1275,15815000
2018-11-06,180,2018-02-22,2018-11-06,81.99,79.9349,80.0681,102.571,102.4003,72.81,86.6,-5.3233,12.6082,9063200
2018-11-07,180,2018-02-23,2018-11-07,83.03,79.9753,80.1079,103.8195,103.6476,72.81,86.6,-4.1224,14.0365,12699800
2018-11-08,180,2018-02-26,2018-11-08,81.71,79.9988,80.1312,102.1391,101.9703,72.81,86.6,-5.6467,12.2236,16865500
2018-11-09,180,2018-02-27,2018-11-09,80.87,80.0101,80.1424,101.0747,100.9078,72.81,86.6,-6.6166,11.0699,15070100
2018-11-12,180,2018-02-28,2018-11-12,79.83,80.0235,80.1554,99.7582,99.5941,72.81,86.6,-7.8175,9.6415,11906600
2018-11-13,180,2018-03-01,2018-11-13,78.0,80.0371,80.1679,97.4548,97.2957,72.81,86.6,-9.9307,7.1281,15530200
2018-11-14,180,2018-03-02,2018-11-14,77.39,80.0505,80.1801,96.6765,96.5202,72.81,86.6,-10.6351,6.2903,18552100
2018-11-15,180,2018-03-05,2018-11-15,78.19,80.0664,80.1948,97.6564,97.5001,72.81,86.6,-9.7113,7.3891,18976000
2018-11-16,180,2018-03-06,2018-11-16,78.96,80.0823,80.2097,98.5985,98.4419,72.81,86.6,-8.8222,8.4466,13704900
2018-11-19,180,2018-03-07,2018-11-19,79.22,80.1003,80.2266,98.901,98.7453,72.81,86.6,-8.5219,8.8037,9430800
2018-11-20,180,2018-03-08,2018-11-20,76.97,80.1172,80.2417,96.0718,95.9227,72.81,86.6,-11.1201,5.7135,15533700
2018-11-21,180,2018-03-09,2018-11-21,77.56,80.1385,80.2608,96.7824,96.635,72.81,86.6,-10.4388,6.5238,9685300
2018-11-23,180,2018-03-12,2018-11-23,75.49,80.1444,80.2659,94.1925,94.0498,72.81,86.6,-12.8291,3.6808,10875400
2018-11-26,180,2018-03-13,2018-11-26,76.98,80.1551,80.2756,96.0388,95.8946,72.81,86.6,-11.1085,5.7272,13741100
2018-11-27,180,2018-03-14,2018-11-27,77.05,80.1708,80.2896,96.1073,95.9651,72.81,86.6,-11.0277,5.8234,10344500
2018-11-28,180,2018-03-15,2018-11-28,78.45,80.2008,80.3166,97.817,97.676,72.81,86.6,-9.4111,7.7462,11482100
2018-11-29,180,2018-03-16,2018-11-29,79.06,80.229,80.3423,98.5429,98.4039,72.81,86.6,-8.7067,8.584,10255200
2018-11-30,180,2018-03-19,2018-11-30,79.5,80.2552,80.3667,99.059,98.9216,72.81,86.6,-8.1986,9.1883,14040100
2018-12-03,180,2018-03-20,2018-12-03,81.22,80.2973,80.4059,101.1491,101.0124,72.81,86.6,-6.2125,11.5506,19415100
2018-12-04,180,2018-03-21,2018-12-04,79.43,80.3304,80.4362,98.8791,98.7491,72.81,86.6,-8.2794,9.0922,18540700
2018-12-06,180,2018-03-22,2018-12-06,78.39,80.3509,80.4548,97.5596,97.4336,72.81,86.6,-9.4804,7.6638,23218100
2018-12-07,180,2018-03-23,2018-12-07,77.64,80.3769,80.4778,96.5949,96.4738,72.81,86.6,-10.3464,6.6337,16224700
2018-12-10,180,2018-03-26,2018-12-10,76.54,80.4004,80.4981,95.1986,95.083,72.81,86.6,-11.6166,5.1229,17946200
2018-12-11,180,2018-03-27,2018-12-11,76.68,80.4173,80.5129,95.3526,95.2393,72.81,86.6,-11.455,5.3152,15742400
2018-12-12,180,2018-03-28,2018-12-12,76.02,80.4322,80.5258,94.5144,94.4045,72.81,86.6,-12.2171,4.4087,14559800
2018-12-13,180,2018-03-29,2018-12-13,76.98,80.459,80.549,95.6761,95.5692,73.22,86.6,-11.1085,5.1352,13749700
2018-12-14,180,2018-04-02,2018-12-14,75.58,80.4652,80.5544,93.9289,93.8248,73.22,86.6,-12.7252,3.2232,12669300
2018-12-17,180,2018-04-03,2018-12-17,74.04,80.4706,80.5589,92.0088,91.9079,74.04,86.6,-14.5035,0.0,15464100
2018-12-18,180,2018-04-04,2018-12-18,72.0,80.4505,80.5422,89.496,89.3942,72.0,86.6,-16.8591,0.0,18681200
2018-12-19,180,2018-04-05,2018-12-19,70.78,80.4227,80.5194,88.0099,87.9042,70.78,86.6,-18.2679,0.0,21679600
2018-12-20,180,2018-04-06,2018-12-20,68.63,80.3719,80.4784,85.3906,85.2775,68.63,86.6,-20.7506,0.0,28723700
2018-12-21,180,2018-04-09,2018-12-21,68.12,80.3244,80.4409,84.8061,84.6833,68.12,86.6,-21.3395,0.0,47287300
2018-12-24,180,2018-04-10,2018-12-24,65.51,80.2561,80.3889,81.6262,81.4914,65.51,86.6,-24.3533,0.0,14262800
2018-12-26,180,2018-04-11,2018-12-26,68.64,80.1991,80.3421,85.587,85.4347,65.51,86.6,-20.739,4.7779,24887700
2018-12-27,180,2018-04-12,2018-12-27,68.94,80.1423,80.2949,86.022,85.8585,65.51,86.6,-20.3926,5.2358,22077000
2018-12-28,180,2018-04-13,2018-12-28,68.17,80.081,80.2446,85.1263,84.9527,65.51,86.6,-21.2818,4.0604,19710600
2018-12-31,180,2018-04-16,2018-12-31,68.19,80.0163,80.191,85.2202,85.0345,65.51,86.6,-21.2587,4.091,15807000
2019-01-02,180,2018-04-17,2019-01-02,69.69,79.9588,80.1418,87.1574,86.9583,65.51,86.6,-19.5266,6.3807,16727200
2019-01-03,180,2018-04-18,2019-01-03,68.62,79.8947,80.0879,85.8881,85.6809,65.51,86.6,-20.7621,4.7474,13866100
2019-01-04,180,2018-04-19,2019-01-04,71.15,79.844,80.0431,89.1113,88.8897,65.51,86.6,-17.8406,8.6094,16043600
2019-01-07,180,2018-04-20,2019-01-07,71.52,79.7947,79.9992,89.63,89.4009,65.51,86.6,-17.4134,9.1742,10844200
2019-01-08,180,2018-04-23,2019-01-08,72.04,79.7515,79.9605,90.3306,90.0945,65.51,86.6,-16.8129,9.9679,11439000
2019-01-09,180,2018-04-24,2019-01-09,72.42,79.7077,79.9208,90.857,90.6147,65.51,86.6,-16.3741,10.548,13473500
2019-01-10,180,2018-04-25,2019-01-10,72.05,79.6683,79.8858,90.4375,90.1913,65.51,86.6,-16.8014,9.9832,13151100
2019-01-11,180,2018-04-26,2019-01-11,71.72,79.6202,79.8426,90.0776,89.8268,65.51,86.6,-17.1824,9.4795,9790100
2019-01-14,180,2018-04-27,2019-01-14,71.63,79.5641,79.7913,90.028,89.7717,65.51,86.6,-17.2864,9.3421,11012400
2019-01-15,180,2018-04-30,2019-01-15,71.67,79.5255,79.7573,90.122,89.8601,65.51,86.6,-17.2402,9.4031,10298300
2019-01-16,180,2018-05-01,2019-01-16,71.64,79.487,79.7233,90.1279,89.8608,65.51,86.6,-17.2748,9.3573,12595600
2019-01-17,180,2018-05-02,2019-01-17,72.13,79.4565,79.6966,90.7792,90.5058,65.51,86.6,-16.709,10.1053,10141700
2019-01-18,180,2018-05-03,2019-01-18,72.99,79.4327,79.6754,91.8891,91.6092,65.51,86.6,-15.7159,11.4181,15759200
2019-01-22,180,2018-05-04,2019-01-22,71.89,79.4031,79.6496,90.538,90.2579,65.51,86.6,-16.9861,9.739,15035600
2019-01-23,180,2018-05-07,2019-01-23,71.3,79.3673,79.6184,89.8354,89.5521,65.51,86.6,-17.6674,8.8383,13187200
2019-01-24,180,2018-05-08,2019-01-24,71.4,79.3274,79.5832,90.0067,89.7174,65.51,86.6,-17.552,8.991,11272500
2019-01-25,180,2018-05-09,2019-01-25,71.72,79.2876,79.5478,90.4555,90.1596,65.51,86.6,-17.1824,9.4795,8996200
2019-01-28,180,2018-05-10,2019-01-28,71.24,79.2344,79.4996,89.9105,89.6106,65.51,86.6,-17.7367,8.7467,13678400
2019-01-29,180,2018-05-11,2019-01-29,71.51,79.1735,79.4428,90.3206,90.0144,65.51,86.6,-17.4249,9.1589,10513200
2019-01-30,180,2018-05-14,2019-01-30,72.29,79.1202,79.3929,91.3673,91.0535,65.51,86.6,-16.5242,10.3496,11524700
2019-01-31,180,2018-05-15,2019-01-31,73.28,79.0707,79.3454,92.6766,92.3557,65.51,86.6,-15.3811,11.8608,19876700
2019-02-01,180,2018-05-16,2019-02-01,75.92,79.0379,79.3128,96.0552,95.7223,65.51,86.6,-12.3326,15.8907,22968700
2019-02-04,180,2018-05-17,2019-02-04,74.82,78.9972,79.2728,94.7123,94.383,65.51,86.6,-13.6028,14.2116,15483800
2019-02-05,180,2018-05-18,2019-02-05,75.59,78.962,79.2378,95.7296,95.3963,65.51,86.6,-12.7136,15.387,12786700
2019-02-06,180,2018-05-21,2019-02-06,75.26,78.9278,79.2043,95.353,95.0201,65.51,86.6,-13.0947,14.8832,10866900
2019-02-07,180,2018-05-22,2019-02-07,74.68,78.885,79.1621,94.6695,94.3381,65.51,86.6,-13.7644,13.9979,14418900
2019-02-08,180,2018-05-23,2019-02-08,73.98,78.8412,79.1195,93.8342,93.5041,65.51,86.6,-14.5727,12.9293,11959500
2019-02-11,180,2018-05-24,2019-02-11,74.1,78.7955,79.0748,94.0409,93.7088,65.51,86.6,-14.4342,13.1125,10434800
2019-02-12,180,2018-05-25,2019-02-12,75.4,78.7678,79.0477,95.7244,95.3854,65.51,86.6,-12.933,15.0969,12599200
2019-02-13,180,2018-05-29,2019-02-13,76.25,78.7537,79.0341,96.8209,96.4774,65.51,86.6,-11.9515,16.3944,13214600
2019-02-14,180,2018-05-30,2019-02-14,76.27,78.7413,79.0221,96.8615,96.5173,65.51,86.6,-11.9284,16.425,12772900
2019-02-15,180,2018-05-31,2019-02-15,77.71,78.7207,79.0011,98.7161,98.3658,65.51,86.6,-10.2656,18.6231,14330300
2019-02-19,180,2018-06-01,2019-02-19,78.23,78.7044,78.9843,99.3973,99.045,65.51,86.6,-9.6651,19.4169,13551500
2019-02-20,180,2018-06-04,2019-02-20,78.53,78.6867,78.966,99.8009,99.4479,65.51,86.6,-9.3187,19.8748,12633100
2019-02-21,180,2018-06-05,2019-02-21,77.82,78.6695,78.9485,98.9202,98.5706,65.51,86.6,-10.1386,18.791,10266000
2019-02-22,180,2018-06-06,2019-02-22,78.42,78.6572,78.9359,99.6984,99.3464,65.51,86.6,-9.4457,19.7069,9519300
2019-02-25,180,2018-06-07,2019-02-25,78.5,78.6382,78.9162,99.8242,99.4726,65.51,86.6,-9.3533,19.829,9274400
2019-02-26,180,2018-06-08,2019-02-26,78.66,78.616,78.8927,100.056,99.705,65.51,86.6,-9.1686,20.0733,10990600
2019-02-27,180,2018-06-11,2019-02-27,79.47,78.5947,78.8698,101.1137,100.761,65.51,86.6,-8.2333,21.3097,12398200
2019-02-28,180,2018-06-12,2019-02-28,79.03,78.5734,78.8472,100.5811,100.2319,65.51,86.6,-8.7413,20.6381,14597900
2019-03-01,180,2018-06-13,2019-03-01,80.0,78.5608,78.8337,101.8319,101.4794,65.51,86.6,-7.6212,22.1188,15419400
2019-03-04,180,2018-06-14,2019-03-04,80.31,78.5545,78.8271,102.2347,101.8813,65.51,86.6,-7.2633,22.592,18089900
2019-03-05,180,2018-06-15,2019-03-05,80.19,78.5457,78.8176,102.0935,101.7412,65.51,86.6,-7.4018,22.4088,13745500
2019-03-06,180,2018-06-18,2019-03-06,79.28,78.5383,78.8099,100.9444,100.5964,65.51,86.6,-8.4527,21.0197,18633600
2019-03-07,180,2018-06-19,2019-03-07,80.16,78.5348,78.8063,102.0694,101.7178,65.51,86.6,-7.4365,22.363,16541700
2019-03-08,180,2018-06-20,2019-03-08,79.01,78.5257,78.7969,100.6168,100.2705,65.51,86.6,-8.7644,20.6075,16211300
2019-03-11,180,2018-06-21,2019-03-11,79.78,78.5221,78.7932,101.6019,101.2524,65.51,86.6,-7.8753,21.7829,11060900
2019-03-12,180,2018-06-22,2019-03-12,80.0,78.5238,78.7949,101.88,101.5294,65.51,86.6,-7.6212,22.1188,11320000
2019-03-13,180,2018-06-25,2019-03-13,80.71,78.5203,78.7912,102.7887,102.4353,65.51,86.6,-6.8014,23.2026,10260200
2019-03-14,180,2018-06-26,2019-03-14,80.44,78.524,78.7951,102.44,102.0876,65.51,86.6,-7.1132,22.7904,9976700
2019-03-15,180,2018-06-27,2019-03-15,80.15,78.5214,78.7923,102.0741,101.7231,65.51,86.6,-7.448,22.3477,25316400
2019-03-18,180,2018-06-28,2019-03-18,81.08,78.5182,78.7888,103.2627,102.908,65.51,86.6,-6.3741,23.7674,9840600
2019-03-19,180,2018-06-29,2019-03-19,80.87,78.5125,78.7827,103.0027,102.6494,65.51,86.6,-6.6166,23.4468,13936500
2019-03-20,180,2018-07-02,2019-03-20,81.32,78.5053,78.7749,103.5853,103.2309,65.51,86.6,-6.097,24.1337,13133600
2019-03-21,180,2018-07-03,2019-03-21,81.79,78.5055,78.7751,104.1838,103.8273,65.51,86.6,-5.5543,24.8512,10117000
2019-03-22,180,2018-07-05,2019-03-22,80.48,78.4964,78.7653,102.5271,102.177,65.51,86.6,-7.067,22.8515,12497700
2019-03-25,180,2018-07-06,2019-03-25,79.92,78.4839,78.752,101.8298,101.4831,65.51,86.6,-7.7136,21.9966,11320400
2019-03-26,180,2018-07-09,2019-03-26,80.96,78.4769,78.7444,103.1641,102.8137,65.51,86.6,-6.5127,23.5842,9472800
2019-03-27,180,2018-07-10,2019-03-27,80.34,78.4637,78.7302,102.3912,102.0447,65.51,86.6,-7.2286,22.6378,7258700
2019-03-28,180,2018-07-11,2019-03-28,80.74,78.449,78.7139,102.9204,102.5739,65.51,86.6,-6.7667,23.2484,7412300
2019-03-29,180,2018-07-12,2019-03-29,80.8,78.4398,78.704,103.0089,102.6631,65.51,86.6,-6.6975,23.3399,10889200
2019-04-01,180,2018-07-13,2019-04-01,81.73,78.4349,78.6987,104.201,103.8518,65.51,86.6,-5.6236,24.7596,10816400
2019-04-02,180,2018-07-16,2019-04-02,81.38,78.4252,78.6879,103.7677,103.4212,65.51,86.6,-6.0277,24.2253,7646000
2019-04-03,180,2018-07-17,2019-04-03,80.9,78.4171,78.6791,103.1663,102.8227,65.51,86.6,-6.582,23.4926,8562900
2019-04-04,180,2018-07-18,2019-04-04,82.05,78.4158,78.6777,104.6346,104.2863,65.51,86.6,-5.254,25.2481,9360600
2019-04-05,180,2018-07-19,2019-04-05,82.49,78.4171,78.6792,105.1939,104.8435,65.51,86.6,-4.746,25.9197,10059100
2019-04-08,180,2018-07-20,2019-04-08,83.0,78.4221,78.6847,105.8375,105.4843,65.51,86.6,-4.157,26.6982,9108200
2019-04-09,180,2018-07-23,2019-04-09,81.93,78.4248,78.6876,104.4695,104.1206,65.51,86.6,-5.3926,25.0649,8561600
2019-04-10,180,2018-07-24,2019-04-10,81.56,78.4256,78.6885,103.9966,103.6492,65.51,86.6,-5.8199,24.5001,10324300
2019-04-11,180,2018-07-25,2019-04-11,81.95,78.4203,78.6826,104.501,104.1526,65.51,86.6,-5.3695,25.0954,9115100
2019-04-12,180,2018-07-26,2019-04-12,80.92,78.4068,78.6678,103.2053,102.863,65.51,86.6,-6.5589,23.5231,16638700
2019-04-15,180,2018-07-27,2019-04-15,80.65,78.3888,78.6478,102.8846,102.5457,65.51,86.6,-6.8707,23.111,8536100
2019-04-16,180,2018-07-30,2019-04-16,81.2,78.3851,78.6438,103.5911,103.2503,65.51,86.6,-6.2356,23.9505,7005700
2019-04-17,180,2018-07-31,2019-04-17,81.43,78.3835,78.6421,103.8867,103.545,65.51,86.6,-5.97,24.3016,8311400
2019-04-18,180,2018-08-01,2019-04-18,81.13,78.3815,78.64,103.5065,103.1663,65.51,86.6,-6.3164,23.8437,9493900
2019-04-22,180,2018-08-02,2019-04-22,82.9,78.3944,78.6539,105.7474,105.3984,65.51,86.6,-4.2725,26.5456,10770600
2019-04-23,180,2018-08-03,2019-04-23,83.38,78.4122,78.6732,106.3355,105.9827,65.51,86.6,-3.7182,27.2783,10595100
2019-04-24,180,2018-08-06,2019-04-24,81.76,78.4203,78.6819,104.2587,103.9121,65.51,86.6,-5.5889,24.8054,11684000
2019-04-25,180,2018-08-07,2019-04-25,82.22,78.4309,78.6932,104.8312,104.4817,65.51,86.6,-5.0577,25.5076,11135000
2019-04-26,180,2018-08-08,2019-04-26,80.49,78.4268,78.6889,102.6307,102.2889,65.51,86.6,-7.0554,22.8667,18053500
2019-04-29,180,2018-08-09,2019-04-29,79.97,78.4228,78.6847,101.9729,101.6335,65.51,86.6,-7.6559,22.073,10023700
2019-04-30,180,2018-08-10,2019-04-30,80.28,78.4226,78.6844,102.3685,102.0278,65.51,86.6,-7.2979,22.5462,13721500
2019-05-01,180,2018-08-13,2019-05-01,78.67,78.4185,78.6803,100.3208,99.9869,65.51,86.6,-9.157,20.0885,13909800
2019-05-02,180,2018-08-14,2019-05-02,77.29,78.4113,78.6732,98.57,98.2418,65.51,86.6,-10.7506,17.982,15360400
2019-05-03,180,2018-08-15,2019-05-03,77.47,78.4066,78.6686,98.8055,98.4765,65.51,86.6,-10.5427,18.2568,12180700
2019-05-06,180,2018-08-16,2019-05-06,77.13,78.4077,78.6696,98.3705,98.0429,65.51,86.6,-10.9353,17.7377,13367100
2019-05-07,180,2018-08-17,2019-05-07,76.72,78.4004,78.6625,97.8567,97.5306,65.51,86.6,-11.4088,17.1119,13498800
2019-05-08,180,2018-08-20,2019-05-08,76.84,78.3923,78.6546,98.0198,97.6929,65.51,86.6,-11.2702,17.2951,11352900
2019-05-09,180,2018-08-21,2019-05-09,76.77,78.3808,78.6433,97.9449,97.618,65.51,86.6,-11.351,17.1882,13221600
2019-05-10,180,2018-08-22,2019-05-10,76.56,78.368,78.6307,97.693,97.3666,65.51,86.6,-11.5935,16.8676,11056000
2019-05-13,180,2018-08-23,2019-05-13,75.71,78.344,78.6071,96.6379,96.3145,65.51,86.6,-12.5751,15.5701,12176100
2019-05-14,180,2018-08-24,2019-05-14,75.81,78.3254,78.5889,96.7885,96.464,65.51,86.6,-12.4596,15.7228,10548400
2019-05-15,180,2018-08-27,2019-05-15,76.37,78.3072,78.5708,97.5261,97.1989,65.51,86.6,-11.8129,16.5776,8918000
2019-05-16,180,2018-08-28,2019-05-16,76.36,78.2848,78.5484,97.5413,97.214,65.51,86.6,-11.8245,16.5624,8105200
2019-05-17,180,2018-08-29,2019-05-17,75.91,78.2604,78.5241,96.9967,96.6709,65.51,86.6,-12.3441,15.8754,9279400
2019-05-20,180,2018-08-30,2019-05-20,75.9,78.2329,78.4966,97.018,96.6921,65.51,86.6,-12.3557,15.8602,7154300
2019-05-21,180,2018-08-31,2019-05-21,76.25,78.2093,78.4729,97.4948,97.1673,65.51,86.6,-11.9515,16.3944,8489900
2019-05-22,180,2018-09-04,2019-05-22,75.56,78.1835,78.4473,96.6445,96.3195,65.51,86.6,-12.7483,15.3412,7858300
2019-05-23,180,2018-09-05,2019-05-23,73.79,78.1462,78.4112,94.4256,94.1065,65.51,86.6,-14.7921,12.6393,14657200
2019-05-24,180,2018-09-06,2019-05-24,74.1,78.1054,78.3708,94.8718,94.5505,65.51,86.6,-14.4342,13.1125,7056400
2019-05-28,180,2018-09-07,2019-05-28,72.61,78.0599,78.3272,93.0183,92.7009,65.51,86.6,-16.1547,10.838,14912900
2019-05-29,180,2018-09-10,2019-05-29,72.16,78.0045,78.2735,92.5075,92.1896,65.51,86.6,-16.6744,10.1511,13645200
2019-05-30,180,2018-09-11,2019-05-30,71.97,77.9485,78.2194,92.3302,92.0104,65.51,86.6,-16.8938,9.8611,9362100
2019-05-31,180,2018-09-12,2019-05-31,70.77,77.879,78.1522,90.8717,90.554,65.51,86.6,-18.2794,8.0293,13983300
2019-06-03,180,2018-09-13,2019-06-03,71.88,77.8156,78.0897,92.3722,92.048,65.51,86.6,-16.9977,9.7237,11831000
2019-06-04,180,2018-09-14,2019-06-04,73.59,77.7672,78.0412,94.6286,94.2963,65.51,86.6,-15.0231,12.334,10423000
2019-06-05,180,2018-09-17,2019-06-05,72.98,77.712,77.986,93.9108,93.5809,65.51,86.6,-15.7275,11.4028,10617800
2019-06-06,180,2018-09-18,2019-06-06,74.31,77.6628,77.9354,95.6829,95.3481,65.51,86.6,-14.1917,13.4331,11738900
2019-06-07,180,2018-09-19,2019-06-07,74.58,77.6142,77.8852,96.0907,95.7564,65.51,86.6,-13.8799,13.8452,9095500
2019-06-10,180,2018-09-20,2019-06-10,74.91,77.5629,77.8312,96.5797,96.2468,65.51,86.6,-13.4988,14.349,7760400
2019-06-11,180,2018-09-21,2019-06-11,74.84,77.5104,77.7757,96.5548,96.2254,65.51,86.6,-13.5797,14.2421,9415100
2019-06-12,180,2018-09-24,2019-06-12,74.03,77.4515,77.7138,95.5824,95.2597,65.51,86.6,-14.515,13.0056,7920800
2019-06-13,180,2018-09-25,2019-06-13,74.68,77.3901,77.6476,96.4981,96.1781,65.51,86.51,-13.6747,13.9979,8986400
2019-06-14,180,2018-09-26,2019-06-14,74.35,77.3273,77.5801,96.1497,95.8364,65.51,86.51,-14.0562,13.4941,8575900
2019-06-17,180,2018-09-27,2019-06-17,75.09,77.2722,77.5207,97.1759,96.8644,65.51,86.51,-13.2008,14.6237,9355700
2019-06-18,180,2018-09-28,2019-06-18,75.74,77.221,77.465,98.0821,97.7732,65.51,86.51,-12.4494,15.6159,10091500
2019-06-19,180,2018-10-01,2019-06-19,75.32,77.1709,77.4111,97.6016,97.2987,65.51,86.51,-12.9349,14.9748,9757400
2019-06-20,180,2018-10-02,2019-06-20,76.61,77.1246,77.36,99.3328,99.0305,65.51,86.51,-11.4438,16.944,16229700
2019-06-21,180,2018-10-03,2019-06-21,77.69,77.0815,77.3113,100.7895,100.4899,65.51,86.51,-10.1954,18.5926,23108100
2019-06-24,180,2018-10-04,2019-06-24,76.95,77.0357,77.2602,99.8888,99.5985,65.51,86.51,-11.0508,17.463,10011800
2019-06-25,180,2018-10-05,2019-06-25,76.27,76.9887,77.2084,99.0665,98.7845,65.51,86.51,-11.8368,16.425,9740000
2019-06-26,180,2018-10-08,2019-06-26,76.6,76.9447,77.1599,99.552,99.2744,65.51,86.51,-11.4553,16.9287,11365500
2019-06-27,180,2018-10-09,2019-06-27,75.82,76.8928,77.1026,98.6048,98.3365,65.51,86.51,-12.357,15.7381,8147800
2019-06-28,180,2018-10-10,2019-06-28,76.63,76.8439,77.0477,99.7217,99.4578,65.51,84.52,-9.3351,16.9745,14781300
2019-07-01,180,2018-10-11,2019-07-01,76.56,76.8035,77.0035,99.6829,99.424,65.51,83.38,-8.1794,16.8676,11437900
2019-07-02,180,2018-10-12,2019-07-02,75.72,76.7724,76.9708,98.6292,98.3749,65.51,83.38,-9.1869,15.5854,10475400
2019-07-03,180,2018-10-15,2019-07-03,76.44,76.7464,76.9434,99.6008,99.3458,65.51,83.38,-8.3233,16.6845,5246100
2019-07-05,180,2018-10-16,2019-07-05,76.13,76.7214,76.9173,99.2291,98.9764,65.51,83.38,-8.6951,16.2113,6880800
2019-07-08,180,2018-10-17,2019-07-08,76.48,76.6966,76.8911,99.7176,99.4653,65.51,83.38,-8.2754,16.7455,7876100
2019-07-09,180,2018-10-18,2019-07-09,76.43,76.67,76.8629,99.687,99.4367,65.51,83.38,-8.3353,16.6692,7863000
2019-07-10,180,2018-10-19,2019-07-10,77.51,76.6477,76.8388,101.1251,100.8735,65.51,83.38,-7.0401,18.3178,8077400
2019-07-11,180,2018-10-22,2019-07-11,77.57,76.6251,76.8144,101.2332,100.9837,65.51,83.38,-6.9681,18.4094,6404000
2019-07-12,180,2018-10-23,2019-07-12,77.63,76.6069,76.7948,101.3356,101.0875,65.51,83.38,-6.8961,18.501,6139000
2019-07-15,180,2018-10-24,2019-07-15,77.08,76.5923,76.7795,100.6368,100.3914,65.51,83.38,-7.5558,17.6614,7116400
2019-07-16,180,2018-10-25,2019-07-16,75.93,76.5829,76.7701,99.1474,98.9057,65.51,83.38,-8.935,15.906,10197400
2019-07-17,180,2018-10-26,2019-07-17,75.48,76.5673,76.7544,98.5799,98.3397,65.51,83.38,-9.4747,15.2191,7419300
2019-07-18,180,2018-10-29,2019-07-18,74.84,76.5522,76.7394,97.7633,97.5248,65.51,83.38,-10.2423,14.2421,11424500
2019-07-19,180,2018-10-30,2019-07-19,74.99,76.5406,76.728,97.9741,97.7349,65.51,83.38,-10.0624,14.4711,11243100
2019-07-22,180,2018-10-31,2019-07-22,75.07,76.5202,76.7074,98.1048,97.8654,65.51,83.38,-9.9664,14.5932,8368800
2019-07-23,180,2018-11-01,2019-07-23,75.37,76.4969,76.6834,98.5269,98.2872,65.51,83.38,-9.6066,15.0511,8551200
2019-07-24,180,2018-11-02,2019-07-24,75.36,76.4685,76.6539,98.5504,98.312,65.51,83.38,-9.6186,15.0359,8260200
2019-07-25,180,2018-11-05,2019-07-25,74.93,76.4314,76.6149,98.0357,97.8008,65.51,83.38,-10.1343,14.3795,9083900
2019-07-26,180,2018-11-06,2019-07-26,74.81,76.3951,76.577,97.9252,97.6925,65.51,83.38,-10.2782,14.1963,7677300
2019-07-29,180,2018-11-07,2019-07-29,75.34,76.3602,76.5401,98.664,98.4321,65.51,83.38,-9.6426,15.0053,7091900
2019-07-30,180,2018-11-08,2019-07-30,75.35,76.3204,76.4974,98.7285,98.5001,65.51,83.38,-9.6306,15.0206,6961200
2019-07-31,180,2018-11-09,2019-07-31,74.36,76.2813,76.4566,97.4813,97.2578,65.51,83.38,-10.8179,13.5094,13104600
2019-08-01,180,2018-11-12,2019-08-01,72.46,76.235,76.4098,95.0483,94.8307,65.51,83.38,-13.0967,10.6091,17132800
2019-08-02,180,2018-11-13,2019-08-02,71.75,76.1894,76.3649,94.1732,93.9567,65.51,83.38,-13.9482,9.5253,21376700
2019-08-05,180,2018-11-14,2019-08-05,70.28,76.144,76.3221,92.2987,92.0835,65.51,83.38,-15.7112,7.2813,19080900
2019-08-06,180,2018-11-15,2019-08-06,70.96,76.1063,76.2863,93.238,93.018,65.51,83.38,-14.8957,8.3193,12282400
2019-08-07,180,2018-11-16,2019-08-07,70.5,76.0615,76.2436,92.6882,92.4668,65.51,83.38,-15.4473,7.6172,15231100
2019-08-08,180,2018-11-19,2019-08-08,72.38,76.0245,76.2071,95.2062,94.9781,65.51,83.38,-13.1926,10.4869,14304100
2019-08-09,180,2018-11-20,2019-08-09,70.84,75.9766,76.1605,93.2393,93.0141,65.51,83.38,-15.0396,8.1362,13686600
2019-08-12,180,2018-11-21,2019-08-12,69.63,75.9327,76.1197,91.6996,91.4743,65.51,83.38,-16.4908,6.2891,9542600
2019-08-13,180,2018-11-23,2019-08-13,70.49,75.8913,76.0804,92.8829,92.6519,65.51,83.38,-15.4593,7.6019,12403300
2019-08-14,180,2018-11-26,2019-08-14,67.65,75.8422,76.0369,89.1984,88.97,65.51,83.38,-18.8654,3.2667,18114400
2019-08-15,180,2018-11-27,2019-08-15,67.25,75.7822,75.9828,88.7412,88.5068,65.51,83.38,-19.3452,2.6561,12874400
2019-08-16,180,2018-11-28,2019-08-16,68.3,75.7292,75.9342,90.1898,89.9463,65.51,83.38,-18.0859,4.2589,12649000
2019-08-19,180,2018-11-29,2019-08-19,69.45,75.6766,75.8842,91.7721,91.521,65.51,83.38,-16.7066,6.0143,10032800
2019-08-20,180,2018-11-30,2019-08-20,69.03,75.6181,75.8285,91.2876,91.0344,65.51,83.38,-17.2104,5.3732,9743500
2019-08-21,180,2018-12-03,2019-08-21,69.72,75.5621,75.7742,92.2684,92.0103,65.51,83.38,-16.3828,6.4265,10134200
2019-08-22,180,2018-12-04,2019-08-22,69.57,75.4968,75.7094,92.1496,91.8908,65.51,83.38,-16.5627,6.1975,8972000
2019-08-23,180,2018-12-06,2019-08-23,67.49,75.4263,75.6431,89.478,89.2216,65.51,83.38,-19.0573,3.0224,15371900
2019-08-26,180,2018-12-07,2019-08-26,67.85,75.3637,75.5846,90.03,89.767,65.51,83.38,-18.6256,3.572,7343900
2019-08-27,180,2018-12-10,2019-08-27,67.19,75.3006,75.5265,89.229,88.9622,65.51,83.38,-19.4171,2.5645,9490900
2019-08-28,180,2018-12-11,2019-08-28,67.68,75.2468,75.4773,89.9441,89.6694,65.51,83.38,-18.8295,3.3125,9647400
2019-08-29,180,2018-12-12,2019-08-29,68.43,75.1973,75.4314,91.0006,90.7181,65.51,83.38,-17.93,4.4573,9004100
2019-08-30,180,2018-12-13,2019-08-30,68.48,75.1519,75.3896,91.1222,90.8349,65.51,83.38,-17.87,4.5337,9180800
2019-09-03,180,2018-12-14,2019-09-03,68.56,75.1018,75.3428,91.2894,90.9974,65.51,83.38,-17.774,4.6558,9849700
2019-09-04,180,2018-12-17,2019-09-04,69.29,75.0642,75.3078,92.3076,92.009,65.51,83.38,-16.8985,5.7701,6959200
2019-09-05,180,2018-12-18,2019-09-05,70.27,75.0415,75.2869,93.6415,93.3363,65.51,83.38,-15.7232,7.2661,9901500
2019-09-06,180,2018-12-19,2019-09-06,70.93,75.035,75.2809,94.5292,94.2204,65.51,83.38,-14.9316,8.2735,10418500
2019-09-09,180,2018-12-20,2019-09-09,71.49,75.0394,75.2849,95.27,94.9593,65.51,83.38,-14.26,9.1284,12840200
2019-09-10,180,2018-12-21,2019-09-10,72.07,75.0611,75.304,96.0151,95.7054,65.51,83.38,-13.5644,10.0137,13810800
2019-09-11,180,2018-12-24,2019-09-11,71.93,75.0855,75.3252,95.7975,95.4927,65.51,83.38,-13.7323,9.8,10525700
2019-09-12,180,2018-12-26,2019-09-12,71.98,75.1285,75.3611,95.8092,95.5135,67.19,83.38,-13.6723,7.129,9100700
2019-09-13,180,2018-12-27,2019-09-13,72.64,75.1536,75.3833,96.6553,96.3608,67.19,83.38,-12.8808,8.1113,7337200
2019-09-16,180,2018-12-28,2019-09-16,73.73,75.1832,75.4099,98.0671,97.7723,67.19,83.38,-11.5735,9.7336,19830200
2019-09-17,180,2018-12-31,2019-09-17,73.17,75.2147,75.4377,97.2815,96.9939,67.19,83.38,-12.2451,8.9001,14452200
2019-09-18,180,2019-01-02,2019-09-18,72.82,75.244,75.4634,96.7784,96.4971,67.19,83.38,-12.6649,8.3792,7292200
2019-09-19,180,2019-01-03,2019-09-19,72.33,75.2605,75.4781,96.1062,95.8291,67.19,83.38,-13.2526,7.6499,8050200
2019-09-20,180,2019-01-04,2019-09-20,72.08,75.2825,75.4973,95.746,95.4736,67.19,83.38,-13.5524,7.2779,19736600
2019-09-23,180,2019-01-07,2019-09-23,72.13,75.2885,75.5028,95.8047,95.5329,67.19,83.38,-13.4924,7.3523,7495200
2019-09-24,180,2019-01-08,2019-09-24,71.14,75.2862,75.5007,94.4928,94.2243,67.19,83.38,-14.6798,5.8788,13307100
2019-09-25,180,2019-01-09,2019-09-25,71.35,75.282,75.4968,94.777,94.5073,67.19,83.38,-14.4279,6.1914,8035200
2019-09-26,180,2019-01-10,2019-09-26,70.97,75.2731,75.4888,94.2834,94.014,67.19,83.38,-14.8837,5.6258,8420200
2019-09-27,180,2019-01-11,2019-09-27,71.48,75.2696,75.4856,94.9653,94.6935,67.19,83.38,-14.272,6.3849,8224000
2019-09-30,180,2019-01-14,2019-09-30,70.61,75.2627,75.4794,93.818,93.5486,67.19,83.38,-15.3154,5.09,9768900
2019-10-01,180,2019-01-15,2019-10-01,68.95,75.2456,75.4646,91.6332,91.3674,67.19,83.38,-17.3063,2.6194,10279100
2019-10-02,180,2019-01-16,2019-10-02,67.15,75.2161,75.4394,89.2761,89.0118,67.15,83.38,-19.4651,0.0,14503700
2019-10-03,180,2019-01-17,2019-10-03,67.98,75.1925,75.4191,90.408,90.1363,67.15,83.38,-18.4697,1.236,10788400
2019-10-04,180,2019-01-18,2019-10-04,68.97,75.1725,75.4016,91.7489,91.4703,67.15,83.38,-17.2823,2.7103,10534800
2019-10-07,180,2019-01-22,2019-10-07,68.02,75.1411,75.3739,90.523,90.2434,67.15,83.38,-18.4217,1.2956,10993000
2019-10-08,180,2019-01-23,2019-10-08,66.7,75.1072,75.3451,88.8064,88.526,66.7,83.38,-20.0048,0.0,9748700
2019-10-09,180,2019-01-24,2019-10-09,67.44,75.082,75.3237,89.8217,89.5336,66.7,83.38,-19.1173,1.1095,8580900
2019-10-10,180,2019-01-25,2019-10-10,68.25,75.0618,75.3062,90.9251,90.63,66.7,83.38,-18.1458,2.3238,7100100
2019-10-11,180,2019-01-28,2019-10-11,68.98,75.0445,75.2909,91.9188,91.6179,66.7,83.38,-17.2703,3.4183,10101900
2019-10-14,180,2019-01-29,2019-10-14,69.18,75.0314,75.2795,92.2014,91.8975,66.7,83.38,-17.0305,3.7181,6234600
2019-10-15,180,2019-01-30,2019-10-15,69.42,75.0182,75.2679,92.5375,92.2306,66.7,83.38,-16.7426,4.078,6645700
2019-10-16,180,2019-01-31,2019-10-16,68.23,74.9925,75.2453,90.9824,90.6767,66.7,83.38,-18.1698,2.2939,9765800
2019-10-17,180,2019-02-01,2019-10-17,68.14,74.9604,75.2168,90.9014,90.5915,66.7,83.38,-18.2778,2.1589,9757200
2019-10-18,180,2019-02-04,2019-10-18,67.61,74.9099,75.1706,90.2552,89.9421,66.7,83.38,-18.9134,1.3643,13472700
2019-10-21,180,2019-02-05,2019-10-21,68.74,74.873,75.1368,91.8088,91.4864,66.7,83.38,-17.5582,3.0585,10199300
2019-10-22,180,2019-02-06,2019-10-22,69.09,74.8343,75.1007,92.324,91.9964,66.7,83.38,-17.1384,3.5832,9536000
2019-10-23,180,2019-02-07,2019-10-23,69.75,74.8016,75.0701,93.2466,92.9131,66.7,83.38,-16.3468,4.5727,8641800
2019-10-24,180,2019-02-08,2019-10-24,69.09,74.768,75.0391,92.4059,92.072,66.7,83.38,-17.1384,3.5832,9003600
2019-10-25,180,2019-02-11,2019-10-25,69.25,74.7393,75.0128,92.6554,92.3176,66.7,83.38,-16.9465,3.8231,7607200
2019-10-28,180,2019-02-12,2019-10-28,68.64,74.706,74.9824,91.8802,91.5414,66.7,83.38,-17.6781,2.9085,11209600
2019-10-29,180,2019-02-13,2019-10-29,68.44,74.6642,74.9438,91.6637,91.3218,66.7,83.38,-17.918,2.6087,13894400
2019-10-30,180,2019-02-14,2019-10-30,67.72,74.6131,74.8964,90.7616,90.4182,66.7,83.38,-18.7815,1.5292,12840600
2019-10-31,180,2019-02-15,2019-10-31,67.57,74.5609,74.8481,90.6239,90.2762,66.7,83.38,-18.9614,1.3044,16169100
2019-11-01,180,2019-02-19,2019-11-01,69.6,74.5146,74.803,93.4045,93.0444,66.7,83.38,-16.5267,4.3478,14108700
2019-11-04,180,2019-02-20,2019-11-04,71.67,74.4786,74.7666,96.229,95.8584,66.7,83.38,-14.0441,7.4513,15858200
2019-11-05,180,2019-02-21,2019-11-05,73.09,74.4494,74.7363,98.1741,97.7971,66.7,83.38,-12.3411,9.5802,14930400
2019-11-06,180,2019-02-22,2019-11-06,71.49,74.4143,74.7012,96.0702,95.7013,66.7,83.38,-14.26,7.1814,13996500
2019-11-07,180,2019-02-25,2019-11-07,73.01,74.3853,74.6711,98.1511,97.7754,66.7,83.38,-12.437,9.4603,13073800
2019-11-08,180,2019-02-26,2019-11-08,70.77,74.3425,74.6282,95.1945,94.8301,66.7,83.38,-15.1235,6.1019,12106000
2019-11-11,180,2019-02-27,2019-11-11,70.34,74.2964,74.5819,94.6748,94.3124,66.7,83.38,-15.6392,5.4573,8674000
2019-11-12,180,2019-02-28,2019-11-12,69.37,74.2402,74.5258,93.4399,93.0818,66.7,83.38,-16.8026,4.003,13918600
2019-11-13,180,2019-03-01,2019-11-13,68.8,74.1827,74.469,92.744,92.3874,66.7,83.38,-17.4862,3.1484,11773700
2019-11-14,180,2019-03-04,2019-11-14,68.5,74.1186,74.4051,92.4195,92.0636,66.7,83.38,-17.846,2.6987,11279800
2019-11-15,180,2019-03-05,2019-11-15,69.19,74.0576,74.3433,93.4273,93.0682,66.7,83.38,-17.0185,3.7331,11252800
2019-11-18,180,2019-03-06,2019-11-18,68.52,73.9929,74.2785,92.6035,92.2474,66.7,83.38,-17.822,2.7286,10095600
2019-11-19,180,2019-03-07,2019-11-19,67.82,73.9281,74.2148,91.7378,91.3833,66.7,83.38,-18.6615,1.6792,12605500
2019-11-20,180,2019-03-08,2019-11-20,68.03,73.8606,74.1474,92.1059,91.7496,66.7,83.38,-18.4097,1.994,16930700
2019-11-21,180,2019-03-11,2019-11-21,69.67,73.8093,74.0956,94.3919,94.0272,66.7,83.38,-16.4428,4.4528,14080900
2019-11-22,180,2019-03-12,2019-11-22,69.37,73.7524,74.0377,94.058,93.6955,66.7,83.38,-16.8026,4.003,12143600
2019-11-25,180,2019-03-13,2019-11-25,68.91,73.6916,73.9761,93.5113,93.1517,66.7,83.38,-17.3543,3.3134,10670000
2019-11-26,180,2019-03-14,2019-11-26,68.74,73.6266,73.9096,93.363,93.0055,66.7,83.38,-17.5582,3.0585,15457000
2019-11-27,180,2019-03-15,2019-11-27,68.7,73.5627,73.8444,93.3897,93.0335,66.7,83.38,-17.6061,2.9985,8393900
2019-11-29,180,2019-03-18,2019-11-29,68.13,73.4966,73.7776,92.6982,92.3451,66.7,83.38,-18.2898,2.1439,7980800
2019-12-02,180,2019-03-19,2019-12-02,68.42,73.4281,73.7073,93.1795,92.8267,66.7,83.38,-17.942,2.5787,11116900
2019-12-03,180,2019-03-20,2019-12-03,67.88,73.3573,73.6351,92.5334,92.1843,66.7,83.38,-18.5896,1.7691,12245800
2019-12-04,180,2019-03-21,2019-12-04,68.65,73.2895,73.5647,93.6696,93.3192,66.7,83.38,-17.6661,2.9235,11049700
2019-12-05,180,2019-03-22,2019-12-05,68.41,73.2182,73.4904,93.433,93.087,66.7,83.38,-17.9539,2.5637,13109000
2019-12-06,180,2019-03-25,2019-12-06,69.51,73.1599,73.4294,95.0111,94.6623,66.7,83.38,-16.6347,4.2129,13710800
2019-12-09,180,2019-03-26,2019-12-09,69.66,73.1051,73.3724,95.2874,94.9403,66.7,83.38,-16.4548,4.4378,12397700
2019-12-10,180,2019-03-27,2019-12-10,69.06,73.042,73.3063,94.5483,94.2074,66.7,83.38,-17.1744,3.5382,14281800
2019-12-11,180,2019-03-28,2019-12-11,68.96,72.9812,73.2431,94.4901,94.1522,66.7,83.38,-17.2943,3.3883,13748400
2019-12-12,180,2019-03-29,2019-12-12,70.34,72.927,73.1853,96.4526,96.1121,66.7,83.38,-15.6392,5.4573,17068500
2019-12-13,180,2019-04-01,2019-12-13,69.23,72.866,73.1211,95.0101,94.6786,66.7,83.38,-16.9705,3.7931,12274500
2019-12-16,180,2019-04-02,2019-12-16,70.0,72.8055,73.0559,96.1465,95.8171,66.7,83.38,-16.047,4.9475,15208700
2019-12-17,180,2019-04-03,2019-12-17,69.68,72.7448,72.9909,95.7869,95.464,66.7,83.38,-16.4308,4.4678,14450700
2019-12-18,180,2019-04-04,2019-12-18,69.87,72.6875,72.9296,96.1238,95.8047,66.7,83.38,-16.2029,4.7526,13652300
2019-12-19,180,2019-04-05,2019-12-19,69.39,72.6223,72.8593,95.5492,95.2384,66.7,83.38,-16.7786,4.033,13273200
2019-12-20,180,2019-04-08,2019-12-20,69.94,72.5586,72.7896,96.3911,96.0852,66.7,83.38,-16.119,4.8576,35092000
2019-12-23,180,2019-04-09,2019-12-23,70.29,72.4949,72.7189,96.9585,96.6598,66.7,83.38,-15.6992,5.3823,14172500
2019-12-24,180,2019-04-10,2019-12-24,70.02,72.4344,72.6528,96.6668,96.3762,66.7,83.38,-16.023,4.9775,3979400
2019-12-26,180,2019-04-11,2019-12-26,70.13,72.3762,72.5893,96.8965,96.6121,66.7,83.38,-15.8911,5.1424,8840200
2019-12-27,180,2019-04-12,2019-12-27,69.89,72.3149,72.5223,96.6467,96.3704,66.7,83.38,-16.1789,4.7826,10516100
2019-12-30,180,2019-04-15,2019-12-30,69.48,72.2559,72.4587,96.1583,95.8891,66.7,83.38,-16.6707,4.1679,12689400
2019-12-31,180,2019-04-16,2019-12-31,69.78,72.1999,72.3983,96.6483,96.3834,66.7,83.38,-16.3109,4.6177,13151800
2020-01-02,180,2019-04-17,2020-01-02,70.9,72.1481,72.3411,98.2701,98.0079,66.7,83.38,-14.9676,6.2969,12456400
2020-01-03,180,2019-04-18,2020-01-03,70.33,72.0921,72.2794,97.5557,97.3029,66.7,83.38,-15.6512,5.4423,17386900
2020-01-06,180,2019-04-22,2020-01-06,70.87,72.0406,72.2224,98.375,98.1274,66.7,83.38,-15.0036,6.2519,20081900
2020-01-07,180,2019-04-23,2020-01-07,70.29,71.9783,72.1524,97.6544,97.4188,66.7,83.38,-15.6992,5.3823,17387700
2020-01-08,180,2019-04-24,2020-01-08,69.23,71.9078,72.0738,96.2761,96.0544,66.7,82.22,-15.7991,3.7931,15137700
2020-01-09,180,2019-04-25,2020-01-09,69.76,71.8474,72.0071,97.0947,96.8793,66.7,82.22,-15.1545,4.5877,14811800
2020-01-10,180,2019-04-26,2020-01-10,69.14,71.7815,71.9344,96.3201,96.1153,66.7,80.49,-14.1011,3.6582,11995600
2020-01-13,180,2019-04-29,2020-01-13,69.8,71.7271,71.8751,97.3133,97.113,66.7,80.28,-13.0543,4.6477,9953900
2020-01-14,180,2019-04-30,2020-01-14,69.2,71.6715,71.8152,96.5516,96.3584,66.7,80.28,-13.8017,3.7481,16261000
2020-01-15,180,2019-05-01,2020-01-15,69.09,71.614,71.7531,96.4756,96.2886,66.7,78.67,-12.1775,3.5832,11390300
2020-01-16,180,2019-05-02,2020-01-16,68.82,71.5622,71.6983,96.1681,95.9855,66.7,77.69,-11.4172,3.1784,13340300
2020-01-17,180,2019-05-03,2020-01-17,68.56,71.5153,71.6498,95.8676,95.6876,66.7,77.69,-11.7518,2.7886,18144100
2020-01-21,180,2019-05-06,2020-01-21,67.58,71.4617,71.5949,94.5682,94.3922,66.7,77.69,-13.0133,1.3193,17982600
2020-01-22,180,2019-05-07,2020-01-22,67.19,71.4073,71.5397,94.094,93.9199,66.7,77.69,-13.5153,0.7346,17033100
2020-01-23,180,2019-05-08,2020-01-23,66.77,71.3523,71.4844,93.5779,93.405,66.7,77.69,-14.0559,0.1049,19605900
2020-01-24,180,2019-05-09,2020-01-24,66.32,71.294,71.4259,93.0233,92.8514,66.32,77.69,-14.6351,0.0,18238600
2020-01-27,180,2019-05-10,2020-01-27,64.74,71.2257,71.3591,90.8942,90.7242,64.74,77.69,-16.6688,0.0,21231000
2020-01-28,180,2019-05-13,2020-01-28,64.65,71.1579,71.2929,90.8542,90.6822,64.65,77.69,-16.7847,0.0,19664700
2020-01-29,180,2019-05-14,2020-01-29,64.11,71.0908,71.2285,90.1805,90.0061,64.11,77.69,-17.4797,0.0,14202800
2020-01-30,180,2019-05-15,2020-01-30,64.79,71.0278,71.1673,91.2178,91.039,64.11,77.69,-16.6045,1.0607,18544700
2020-01-31,180,2019-05-16,2020-01-31,62.12,70.9438,71.0881,87.5623,87.3845,62.12,77.69,-20.0412,0.0,34282900
2020-02-03,180,2019-05-17,2020-02-03,60.73,70.8496,71.0013,85.7167,85.5337,60.73,77.69,-21.8304,0.0,27389300
2020-02-04,180,2019-05-20,2020-02-04,59.97,70.7521,70.9127,84.7607,84.5687,59.97,77.69,-22.8086,0.0,31922100
2020-02-05,180,2019-05-21,2020-02-05,62.73,70.6753,70.8396,88.758,88.5522,59.97,77.69,-19.256,4.6023,32099200
2020-02-06,180,2019-05-22,2020-02-06,61.88,70.5909,70.7597,87.6601,87.4509,59.97,77.69,-20.3501,3.1849,16055400
2020-02-07,180,2019-05-23,2020-02-07,61.47,70.507,70.6814,87.1828,86.9677,59.97,77.69,-20.8778,2.5013,15112500
2020-02-10,180,2019-05-24,2020-02-10,59.96,70.4208,70.6046,85.1453,84.9236,59.96,77.69,-22.8215,0.0,20934500
2020-02-11,180,2019-05-28,2020-02-11,60.53,70.3375,70.5292,86.0565,85.8226,59.96,77.69,-22.0878,0.9506,14908700
2020-02-12,180,2019-05-29,2020-02-12,61.27,70.2675,70.4662,87.1953,86.9495,59.96,77.69,-21.1353,2.1848,17862100
2020-02-13,180,2019-05-30,2020-02-13,60.93,70.1975,70.4038,86.7979,86.5436,59.96,77.69,-21.5729,1.6177,16949400
2020-02-14,180,2019-05-31,2020-02-14,60.65,70.1266,70.3409,86.4864,86.2229,59.96,77.69,-21.9333,1.1508,10855300
2020-02-18,180,2019-06-03,2020-02-18,59.88,70.0565,70.2804,85.4739,85.2015,59.88,77.69,-22.9244,0.0,18948500
2020-02-19,180,2019-06-04,2020-02-19,60.34,69.984,70.2163,86.2197,85.9344,59.88,77.69,-22.3323,0.7682,12804900
2020-02-20,180,2019-06-05,2020-02-20,59.86,69.8993,70.1401,85.6375,85.3435,59.86,77.69,-22.9502,0.0,14817200
2020-02-21,180,2019-06-06,2020-02-21,59.13,69.8123,70.0631,84.6986,84.3953,59.13,77.69,-23.8898,0.0,20315700
2020-02-24,180,2019-06-07,2020-02-24,56.36,69.6964,69.9634,80.865,80.5564,56.36,77.69,-27.4553,0.0,32096600
2020-02-25,180,2019-06-10,2020-02-25,54.2,69.5606,69.8502,77.9176,77.5947,54.2,77.69,-30.2356,0.0,36414500
2020-02-26,180,2019-06-11,2020-02-26,53.01,69.4127,69.7285,76.3693,76.0234,53.01,77.69,-31.7673,0.0,29801000
2020-02-27,180,2019-06-12,2020-02-27,49.82,69.2335,69.5895,71.9593,71.5913,49.82,77.69,-35.8733,0.0,48141300
2020-02-28,180,2019-06-13,2020-02-28,51.44,69.0759,69.464,74.4688,74.0527,49.82,77.69,-33.7881,3.2517,62446700
2020-03-02,180,2019-06-14,2020-03-02,53.88,68.9392,69.3484,78.1559,77.6946,49.82,77.69,-30.6474,8.1493,38127600
2020-03-03,180,2019-06-17,2020-03-03,51.3,68.78,69.2204,74.5857,74.1111,49.82,77.69,-33.9683,2.9707,50580700
2020-03-04,180,2019-06-18,2020-03-04,52.42,68.6289,69.0944,76.3818,75.8672,49.82,77.69,-32.5267,5.2188,24079600
2020-03-05,180,2019-06-19,2020-03-05,50.11,68.4527,68.9521,73.2038,72.6737,49.82,77.69,-35.5001,0.5821,40788200
2020-03-06,180,2019-06-20,2020-03-06,47.69,68.253,68.7986,69.8723,69.3183,47.69,77.69,-38.615,0.0,55640500
2020-03-09,180,2019-06-21,2020-03-09,41.86,67.9737,68.6055,61.5826,61.0155,41.86,77.69,-46.1192,0.0,72896300
2020-03-10,180,2019-06-24,2020-03-10,43.41,67.7138,68.4151,64.108,63.4509,41.86,77.63,-44.0809,3.7028,60445900
2020-03-11,180,2019-06-25,2020-03-11,41.98,67.4392,68.2208,62.2487,61.5355,41.86,77.63,-45.923,0.2867,51986100
2020-03-12,180,2019-06-26,2020-03-12,37.18,67.0927,68.0036,55.4159,54.6736,37.18,77.63,-52.1061,0.0,65725300
2020-03-13,180,2019-06-27,2020-03-13,38.12,66.7647,67.7898,57.096,56.2326,37.18,77.63,-50.8953,2.5282,79891500
2020-03-16,180,2019-06-28,2020-03-16,34.49,66.3756,67.5602,51.9619,51.0508,34.49,77.63,-55.5713,0.0,48924700
2020-03-17,180,2019-07-01,2020-03-17,36.81,66.0319,67.339,55.7458,54.6637,34.49,77.63,-52.5828,6.7266,41204400
2020-03-18,180,2019-07-02,2020-03-18,33.12,65.6195,67.0977,50.4728,49.3609,33.12,77.63,-57.3361,0.0,54036400
2020-03-19,180,2019-07-03,2020-03-19,34.43,65.2428,66.8683,52.7721,51.4893,33.12,77.63,-55.6486,3.9553,49412400
2020-03-20,180,2019-07-05,2020-03-20,32.74,64.8325,66.6255,50.4994,49.1403,32.74,77.63,-57.8256,0.0,76534600
2020-03-23,180,2019-07-08,2020-03-23,31.45,64.3996,66.3773,48.8357,47.3807,31.45,77.63,-59.4873,0.0,56952500
2020-03-24,180,2019-07-09,2020-03-24,35.44,64.0526,66.1493,55.3295,53.5758,31.45,77.63,-54.3475,12.6868,61835600
2020-03-25,180,2019-07-10,2020-03-25,37.29,63.7411,65.9318,58.5023,56.5584,31.45,77.63,-51.9644,18.5692,56607700
2020-03-26,180,2019-07-11,2020-03-26,38.82,63.4522,65.7169,61.1799,59.0716,31.45,77.63,-49.9936,23.434,46722000
2020-03-27,180,2019-07-12,2020-03-27,36.95,63.1368,65.4912,58.5237,56.4198,31.45,77.63,-52.4024,17.4881,51558600
2020-03-30,180,2019-07-15,2020-03-30,37.5,62.833,65.2683,59.682,57.4552,31.45,77.08,-51.3492,19.2369,45835000
2020-03-31,180,2019-07-16,2020-03-31,37.97,62.5412,65.051,60.7119,58.3696,31.45,75.93,-49.9934,20.7313,41491600
2020-04-01,180,2019-07-17,2020-04-01,37.53,62.2498,64.8377,60.2894,57.883,31.45,75.48,-50.2782,19.3323,36045900
2020-04-02,180,2019-07-18,2020-04-02,40.4,62.0031,64.6428,65.158,62.4973,31.45,75.37,-46.3978,28.4579,62000200
2020-04-03,180,2019-07-19,2020-04-03,39.21,61.7449,64.4448,63.5032,60.8427,31.45,75.37,-47.9767,24.6741,48425700
2020-04-06,180,2019-07-22,2020-04-06,40.47,61.5049,64.2531,65.7996,62.9853,31.45,75.37,-46.3049,28.6804,41301900
2020-04-07,180,2019-07-23,2020-04-07,41.24,61.2761,64.0651,67.3019,64.372,31.45,75.37,-45.2833,31.1288,48921800
2020-04-08,180,2019-07-24,2020-04-08,43.85,61.0778,63.89,71.7937,68.6336,31.45,75.36,-41.8126,39.4277,33355600
2020-04-09,180,2019-07-25,2020-04-09,43.13,60.873,63.7109,70.8525,67.6964,31.45,75.35,-42.7604,37.1383,60107300
2020-04-13,180,2019-07-26,2020-04-13,42.76,60.667,63.5322,70.4831,67.3044,31.45,75.35,-43.2515,35.9618,29651900
2020-04-14,180,2019-07-29,2020-04-14,42.43,60.4591,63.3523,70.1797,66.9746,31.45,75.35,-43.6894,34.9126,30769000
2020-04-15,180,2019-07-30,2020-04-15,40.48,60.2279,63.1587,67.2114,64.0926,31.45,75.35,-46.2774,28.7122,33125000
2020-04-16,180,2019-07-31,2020-04-16,39.15,59.9816,62.9576,65.27,62.1848,31.45,74.36,-47.3507,24.4833,30934000
2020-04-17,180,2019-08-01,2020-04-17,43.22,59.7886,62.7846,72.2881,68.8386,31.45,73.73,-41.3807,37.4245,40829100
2020-04-20,180,2019-08-02,2020-04-20,41.18,59.5811,62.6108,69.1159,65.7714,31.45,73.73,-44.1476,30.938,39260800
2020-04-21,180,2019-08-05,2020-04-21,40.96,59.3752,62.4397,68.985,65.5993,31.45,73.73,-44.446,30.2385,44381600
2020-04-22,180,2019-08-06,2020-04-22,42.13,59.1896,62.2833,71.1781,67.6425,31.45,73.73,-42.8591,33.9587,27074200
2020-04-23,180,2019-08-07,2020-04-23,43.45,59.0164,62.1305,73.6236,69.9334,31.45,73.73,-41.0688,38.1558,35271000
2020-04-24,180,2019-08-08,2020-04-24,43.73,58.8489,61.9818,74.309,70.553,31.45,73.73,-40.689,39.0461,28653800
2020-04-27,180,2019-08-09,2020-04-27,43.94,58.6773,61.8238,74.8841,71.073,31.45,73.73,-40.4042,39.7138,28274400
2020-04-28,180,2019-08-12,2020-04-28,44.97,58.5224,61.6801,76.8424,72.9085,31.45,73.73,-39.0072,42.9889,26545100
2020-04-29,180,2019-08-13,2020-04-29,47.46,58.395,61.5569,81.274,77.0994,31.45,73.73,-35.63,50.9062,29502500
2020-04-30,180,2019-08-14,2020-04-30,46.47,58.2564,61.4234,79.768,75.6552,31.45,73.73,-36.9727,47.7583,37076300
2020-05-01,180,2019-08-15,2020-05-01,43.14,58.0985,61.2873,74.2532,70.3898,31.45,73.73,-41.4892,37.1701,35399300
2020-05-04,180,2019-08-16,2020-05-04,44.88,57.9599,61.163,77.4329,73.3777,31.45,73.73,-39.1293,42.7027,27465600
2020-05-05,180,2019-08-19,2020-05-05,44.83,57.8172,61.0326,77.5375,73.4525,31.45,73.73,-39.1971,42.5437,29276200
2020-05-06,180,2019-08-20,2020-05-06,43.99,57.6628,60.8912,76.2883,72.2437,31.45,73.73,-40.3364,39.8728,22659000
2020-05-07,180,2019-08-21,2020-05-07,44.24,57.5133,60.7534,76.9214,72.8189,31.45,73.73,-39.9973,40.6677,22160300
2020-05-08,180,2019-08-22,2020-05-08,46.18,57.3792,60.6227,80.4821,76.1761,31.45,73.73,-37.3661,46.8362,19977400
2020-05-11,180,2019-08-23,2020-05-11,45.74,57.2426,60.4903,79.9056,75.6155,31.45,73.73,-37.9628,45.4372,22258000
2020-05-12,180,2019-08-26,2020-05-12,44.12,57.1,60.3604,77.2679,73.0942,31.45,73.73,-40.16,40.2862,25439100
2020-05-13,180,2019-08-27,2020-05-13,41.93,56.9355,60.2164,73.6448,69.6321,31.45,73.73,-43.1303,33.3227,30827900
2020-05-14,180,2019-08-28,2020-05-14,42.3,56.7782,60.0782,74.5004,70.4083,31.45,73.73,-42.6285,34.4992,24856500
2020-05-15,180,2019-08-29,2020-05-15,42.0,56.6169,59.9355,74.1828,70.0753,31.45,73.73,-43.0354,33.5453,22445600
2020-05-18,180,2019-08-30,2020-05-18,45.34,56.4846,59.8072,80.2696,75.8102,31.45,73.73,-38.5054,44.1653,32026100
2020-05-19,180,2019-09-03,2020-05-19,43.94,56.3405,59.6709,77.9901,73.6372,31.45,73.73,-40.4042,39.7138,21771600
2020-05-20,180,2019-09-04,2020-05-20,45.37,56.2093,59.5421,80.7162,76.1982,31.45,73.73,-38.4647,44.2607,19352400
2020-05-21,180,2019-09-05,2020-05-21,44.56,56.0691,59.4047,79.4734,75.0109,31.45,73.73,-39.5633,41.6852,19130700
2020-05-22,180,2019-09-06,2020-05-22,44.6,55.9264,59.2621,79.7477,75.2589,31.45,73.73,-39.509,41.8124,15406400
2020-05-26,180,2019-09-09,2020-05-26,45.91,55.7932,59.1231,82.286,77.6516,31.45,73.73,-37.7323,45.9777,20356500
2020-05-27,180,2019-09-10,2020-05-27,46.24,55.6614,58.9828,83.0737,78.3958,31.45,73.73,-37.2847,47.027,20788300
2020-05-28,180,2019-09-11,2020-05-28,45.04,55.5184,58.8326,81.1262,76.5562,31.45,73.73,-38.9122,43.2114,19698000
2020-05-29,180,2019-09-12,2020-05-29,45.47,55.3802,58.6856,82.1051,77.4807,31.45,73.73,-38.329,44.5787,25874700
2020-06-01,180,2019-09-13,2020-06-01,46.28,55.2491,58.5428,83.7661,79.0532,31.45,73.73,-37.2304,47.1542,19031000
2020-06-02,180,2019-09-16,2020-06-02,47.31,55.1244,58.4021,85.8241,81.0073,31.45,73.73,-35.8334,50.4293,22319000
2020-06-03,180,2019-09-17,2020-06-03,49.24,55.0108,58.2661,89.5098,84.5089,31.45,73.17,-32.7047,56.566,23418000
2020-06-04,180,2019-09-18,2020-06-04,49.1,54.8983,58.1323,89.438,84.4625,31.45,73.09,-32.8225,56.1208,18731400
2020-06-05,180,2019-09-19,2020-06-05,53.08,54.813,58.0227,96.8384,91.4815,31.45,73.09,-27.3772,68.7758,41328900
2020-06-08,180,2019-09-20,2020-06-08,54.74,54.7389,57.9249,100.002,94.5016,31.45,73.09,-25.106,74.0541,33579400
2020-06-09,180,2019-09-23,2020-06-09,53.52,54.6589,57.8218,97.9163,92.5602,31.45,73.09,-26.7752,70.1749,27276900
2020-06-10,180,2019-09-24,2020-06-10,50.65,54.5615,57.7025,92.831,87.7778,31.45,73.09,-30.7019,61.0493,31156800
2020-06-11,180,2019-09-25,2020-06-11,46.18,54.4362,57.5638,84.8333,80.224,31.45,73.09,-36.8176,46.8362,39183000
2020-06-12,180,2019-09-26,2020-06-12,47.17,54.3181,57.4295,86.8402,82.1355,31.45,73.09,-35.4631,49.9841,30978100
2020-06-15,180,2019-09-27,2020-06-15,47.14,54.2016,57.2971,86.9715,82.2729,31.45,73.09,-35.5042,49.8887,27929300
2020-06-16,180,2019-09-30,2020-06-16,48.2,54.0916,57.1678,89.1081,84.3132,31.45,73.09,-34.0539,53.2591,26203400
2020-06-17,180,2019-10-01,2020-06-17,46.63,53.9735,57.0346,86.3943,81.7575,31.45,73.09,-36.2019,48.2671,19279400
2020-06-18,180,2019-10-02,2020-06-18,46.92,53.8635,56.9122,87.1091,82.4428,31.45,73.09,-35.8052,49.1892,21478700
2020-06-19,180,2019-10-03,2020-06-19,45.98,53.7532,56.7946,85.5391,80.9585,31.45,73.09,-37.0913,46.2003,48899900
2020-06-22,180,2019-10-04,2020-06-22,46.42,53.6437,56.6748,86.5339,81.9059,31.45,73.09,-36.4893,47.5994,17565400
2020-06-23,180,2019-10-07,2020-06-23,46.7,53.5334,56.5511,87.2352,82.5802,31.45,73.09,-36.1062,48.4897,18916600
2020-06-24,180,2019-10-08,2020-06-24,44.5,53.41,56.4204,83.3177,78.8722,31.45,73.09,-39.1162,41.4944,27626900
2020-06-25,180,2019-10-09,2020-06-25,45.17,53.297,56.3008,84.7515,80.2298,31.45,73.09,-38.1995,43.6248,19353600
2020-06-26,180,2019-10-10,2020-06-26,43.62,53.1695,56.1684,82.0395,77.6593,31.45,73.09,-40.3202,38.6963,31518600
2020-06-29,180,2019-10-11,2020-06-29,44.32,53.0455,56.0355,83.5508,79.0927,31.45,73.09,-39.3624,40.9221,17052100
2020-06-30,180,2019-10-14,2020-06-30,44.72,52.9229,55.9007,84.5003,79.999,31.45,73.09,-38.8152,42.194,22153600
2020-07-01,180,2019-10-15,2020-07-01,43.71,52.7922,55.7592,82.7964,78.3906,31.45,73.09,-40.197,38.9825,17290100
2020-07-02,180,2019-10-16,2020-07-02,44.08,52.6642,55.6184,83.7001,79.2543,31.45,73.09,-39.6908,40.159,18216600
2020-07-06,180,2019-10-17,2020-07-06,44.39,52.5432,55.486,84.4828,80.0022,31.45,73.09,-39.2667,41.1447,22692000
2020-07-07,180,2019-10-18,2020-07-07,43.24,52.4139,55.3477,82.4971,78.1243,31.45,73.09,-40.8401,37.4881,17407600
2020-07-08,180,2019-10-21,2020-07-08,43.14,52.2862,55.2117,82.5074,78.1356,31.45,73.09,-40.9769,37.1701,18291400
2020-07-09,180,2019-10-22,2020-07-09,41.36,52.1403,55.0596,79.3244,75.1186,31.45,73.09,-43.4122,31.5103,25882000
2020-07-10,180,2019-10-23,2020-07-10,42.65,52.0052,54.9127,82.0111,77.6687,31.45,73.09,-41.6473,35.6121,18951000
2020-07-13,180,2019-10-24,2020-07-13,42.66,51.8687,54.7622,82.2461,77.9004,31.45,73.09,-41.6336,35.6439,20028300
2020-07-14,180,2019-10-25,2020-07-14,44.07,51.7462,54.6232,85.1656,80.68,31.45,73.09,-39.7045,40.1272,21444100
2020-07-15,180,2019-10-28,2020-07-15,44.63,51.628,54.4864,86.4454,81.9103,31.45,73.09,-38.9383,41.9078,17332400
2020-07-16,180,2019-10-29,2020-07-16,44.28,51.5096,54.3511,85.9646,81.4703,31.45,73.09,-39.4172,40.7949,14673700
2020-07-17,180,2019-10-30,2020-07-17,43.52,51.3865,54.2127,84.6914,80.2764,31.45,73.09,-40.457,38.3784,17958900
2020-07-20,180,2019-10-31,2020-07-20,42.5,51.2583,54.0726,82.9134,78.5981,31.45,73.09,-41.8525,35.1351,18553900
2020-07-21,180,2019-11-01,2020-07-21,44.65,51.1477,53.9452,87.2963,82.7691,31.45,73.09,-38.9109,41.9714,28821800
2020-07-22,180,2019-11-04,2020-07-22,43.61,51.0235,53.8008,85.4704,81.0582,31.45,73.09,-40.3338,38.6645,21345400
2020-07-23,180,2019-11-05,2020-07-23,43.7,50.8947,53.6454,85.8636,81.4608,31.45,73.09,-40.2107,38.9507,17934400
2020-07-24,180,2019-11-06,2020-07-24,43.43,50.7606,53.4807,85.5585,81.2069,31.45,73.01,-40.515,38.0922,16415300
2020-07-27,180,2019-11-07,2020-07-27,44.07,50.6363,53.3283,87.0324,82.639,31.45,73.01,-39.6384,40.1272,18547900
2020-07-28,180,2019-11-08,2020-07-28,43.55,50.5047,53.1647,86.2297,81.9153,31.45,70.9,-38.5755,38.4738,19190500
2020-07-29,180,2019-11-11,2020-07-29,44.03,50.3833,53.0161,87.39,83.0502,31.45,70.9,-37.8985,40.0,14143200
2020-07-30,180,2019-11-12,2020-07-30,41.87,50.2474,52.8579,83.3277,79.2123,31.45,70.9,-40.945,33.1319,29901100
2020-07-31,180,2019-11-13,2020-07-31,42.08,50.1166,52.7063,83.9642,79.8386,31.45,70.9,-40.6488,33.7997,32116200
2020-08-03,180,2019-11-14,2020-08-03,42.25,49.9895,52.5588,84.5178,80.3861,31.45,70.9,-40.409,34.3402,23033600
2020-08-04,180,2019-11-15,2020-08-04,43.47,49.873,52.4198,87.1613,82.9267,31.45,70.9,-38.6883,38.2194,17724000
2020-08-05,180,2019-11-18,2020-08-05,43.85,49.7579,52.279,88.1267,83.8769,31.45,70.9,-38.1523,39.4277,17175100
2020-08-06,180,2019-11-19,2020-08-06,43.64,49.6437,52.1408,87.9064,83.6965,31.45,70.9,-38.4485,38.7599,14434900
2020-08-07,180,2019-11-20,2020-08-07,43.44,49.5307,52.0053,87.7032,83.5299,31.45,70.9,-38.7306,38.124,18757900
2020-08-10,180,2019-11-21,2020-08-10,44.51,49.425,51.8747,90.0556,85.803,31.45,70.9,-37.2214,41.5262,24367800
2020-08-11,180,2019-11-22,2020-08-11,44.97,49.3183,51.7374,91.1833,86.9196,31.45,70.9,-36.5726,42.9889,28987500
2020-08-12,180,2019-11-25,2020-08-12,44.09,49.2068,51.597,89.6014,85.4507,31.45,70.9,-37.8138,40.1908,22503200
2020-08-13,180,2019-11-26,2020-08-13,43.01,49.0896,51.4531,87.6154,83.5907,31.45,70.9,-39.3371,36.7567,17338700
2020-08-14,180,2019-11-27,2020-08-14,43.2,48.9747,51.3112,88.2088,84.1921,31.45,70.9,-39.0691,37.3609,13595700
2020-08-17,180,2019-11-29,2020-08-17,42.64,48.8564,51.1664,87.2761,83.3359,31.45,70.9,-39.859,35.5803,15554600
2020-08-18,180,2019-12-02,2020-08-18,42.43,48.7388,51.0237,87.0559,83.1575,31.45,70.9,-40.1551,34.9126,13014000
2020-08-19,180,2019-12-03,2020-08-19,41.96,48.6175,50.8767,86.3064,82.474,31.45,70.9,-40.8181,33.4181,14473100
2020-08-20,180,2019-12-04,2020-08-20,41.32,48.4935,50.7291,85.2074,81.4522,31.45,70.9,-41.7207,31.3831,15678500
2020-08-21,180,2019-12-05,2020-08-21,41.01,48.3655,50.5756,84.7918,81.0866,31.45,70.9,-42.158,30.3974,25517700
2020-08-24,180,2019-12-06,2020-08-24,42.22,48.248,50.4301,87.5063,83.7199,31.45,70.9,-40.4513,34.2448,18208900
2020-08-25,180,2019-12-09,2020-08-25,40.88,48.118,50.271,84.9578,81.3193,31.45,70.9,-42.3413,29.9841,31285600
2020-08-26,180,2019-12-10,2020-08-26,40.01,47.9816,50.1063,83.3862,79.8503,31.45,70.9,-43.5684,27.2178,26795000
2020-08-27,180,2019-12-11,2020-08-27,39.74,47.8453,49.9434,83.0593,79.5701,31.45,70.9,-43.9492,26.3593,32034300
2020-08-28,180,2019-12-12,2020-08-28,40.69,47.7175,49.7863,85.2726,81.7293,31.45,70.9,-42.6093,29.38,33477100
2020-08-31,180,2019-12-13,2020-08-31,39.94,47.581,49.6174,83.941,80.4959,31.45,70.9,-43.6671,26.9952,25259600
2020-09-01,180,2019-12-16,2020-09-01,39.43,47.4441,49.4519,83.1083,79.7341,31.45,70.9,-44.3865,25.3736,22464100
2020-09-02,180,2019-12-17,2020-09-02,39.19,47.3041,49.2807,82.8469,79.524,31.45,70.9,-44.725,24.6105,26413400
2020-09-03,180,2019-12-18,2020-09-03,39.11,47.1651,49.1109,82.9216,79.6361,31.45,70.9,-44.8378,24.3561,28817200
2020-09-04,180,2019-12-19,2020-09-04,39.08,47.0261,48.9398,83.1028,79.8532,31.45,70.9,-44.8801,24.2607,24632500
2020-09-08,180,2019-12-20,2020-09-08,38.18,46.8818,48.7664,81.4388,78.2915,31.45,70.9,-46.1495,21.399,38496400
2020-09-09,180,2019-12-23,2020-09-09,37.95,46.7351,48.5887,81.2023,78.1045,31.45,70.9,-46.4739,20.6677,25886100
2020-09-10,180,2019-12-24,2020-09-10,37.0,46.5803,48.4038,79.4327,76.4403,31.45,70.9,-47.8138,17.6471,34381200
2020-09-11,180,2019-12-26,2020-09-11,36.9,46.4263,48.2198,79.4808,76.5246,31.45,70.9,-47.9549,17.3291,26838600
2020-09-14,180,2019-12-27,2020-09-14,36.66,46.2709,48.0338,79.229,76.3212,31.45,70.9,-48.2934,16.566,26129900
2020-09-15,180,2019-12-30,2020-09-15,36.27,46.1137,47.8471,78.6534,75.804,31.45,70.9,-48.8434,15.3259,23724200
2020-09-16,180,2019-12-31,2020-09-16,37.81,45.9717,47.6711,82.2462,79.3143,31.45,70.9,-46.6714,20.2226,30890900
2020-09-17,180,2020-01-02,2020-09-17,37.8,45.8298,47.4934,82.479,79.5899,31.45,70.9,-46.6855,20.1908,24696200
2020-09-18,180,2020-01-03,2020-09-18,37.19,45.6811,47.3062,81.4122,78.6155,31.45,70.87,-47.5236,18.2512,46853800
2020-09-21,180,2020-01-06,2020-09-21,36.43,45.5282,47.1178,80.0163,77.3168,31.45,70.87,-48.596,15.8347,35351800
2020-09-22,180,2020-01-07,2020-09-22,35.53,45.3672,46.9215,78.3165,75.7222,31.45,70.29,-49.4523,12.973,27303200
2020-09-23,180,2020-01-08,2020-09-23,34.39,45.198,46.7221,76.0874,73.6055,31.45,69.8,-50.7307,9.3482,31251400
2020-09-24,180,2020-01-09,2020-09-24,34.32,45.0319,46.5281,76.2127,73.7619,31.45,69.8,-50.8309,9.1256,26796000
2020-09-25,180,2020-01-10,2020-09-25,34.64,44.8687,46.333,77.203,74.7631,31.45,69.8,-50.3725,10.1431,23486000
2020-09-28,180,2020-01-13,2020-09-28,35.31,44.7143,46.1451,78.9681,76.5196,31.45,69.8,-49.4126,12.2734,23396500
2020-09-29,180,2020-01-14,2020-09-29,34.28,44.55,45.9477,76.9473,74.6065,31.45,69.2,-50.4624,8.9984,20770500
2020-09-30,180,2020-01-15,2020-09-30,34.33,44.3887,45.754,77.3394,75.0317,31.45,69.09,-50.3112,9.1574,22223700
2020-10-01,180,2020-01-16,2020-10-01,33.13,44.2174,45.5542,74.9252,72.7265,31.45,68.82,-51.8599,5.3418,36890200
2020-10-02,180,2020-01-17,2020-10-02,32.98,44.0466,45.3551,74.8753,72.7151,31.45,68.56,-51.8961,4.8649,32694300
2020-10-05,180,2020-01-21,2020-10-05,33.74,43.8849,45.1617,76.8829,74.7094,31.45,67.58,-50.074,7.2814,22965200
2020-10-06,180,2020-01-22,2020-10-06,33.39,43.7234,44.9717,76.3664,74.2467,31.45,67.19,-50.3051,6.1685,26731800
2020-10-07,180,2020-01-23,2020-10-07,33.5,43.565,44.7846,76.8966,74.8026,31.45,66.77,-49.8278,6.5183,23779300
2020-10-08,180,2020-01-24,2020-10-08,35.26,43.4244,44.6095,81.1987,79.0415,31.45,66.32,-46.8335,12.1145,34413700
2020-10-09,180,2020-01-27,2020-10-09,34.74,43.2812,44.4341,80.2657,78.1833,31.45,64.79,-46.3806,10.4611,29228600
2020-10-12,180,2020-01-28,2020-10-12,34.63,43.1419,44.2668,80.27,78.2302,31.45,64.79,-46.5504,10.1113,17912800
2020-10-13,180,2020-01-29,2020-10-13,34.22,43.0002,44.0977,79.5811,77.6004,31.45,64.79,-47.1832,8.8076,20995100
2020-10-14,180,2020-01-30,2020-10-14,34.15,42.86,43.9313,79.6779,77.7351,31.45,64.79,-47.2912,8.5851,17743000
2020-10-15,180,2020-01-31,2020-10-15,34.45,42.7218,43.7627,80.6381,78.72,31.45,62.73,-45.0821,9.539,23251600
2020-10-16,180,2020-02-03,2020-10-16,34.1,42.5881,43.6071,80.0694,78.1983,31.45,62.73,-45.64,8.4261,22627200
2020-10-19,180,2020-02-04,2020-10-19,33.42,42.4529,43.4553,78.7225,76.9066,31.45,62.73,-46.7241,6.2639,23645800
2020-10-20,180,2020-02-05,2020-10-20,33.7,42.3232,43.3094,79.6254,77.8122,31.45,62.73,-46.2777,7.1542,23040600
2020-10-21,180,2020-02-06,2020-10-21,33.16,42.1822,43.1451,78.6114,76.8569,31.45,61.88,-46.4124,5.4372,28619300
2020-10-22,180,2020-02-07,2020-10-22,34.86,42.0587,42.995,82.8841,81.0792,31.45,61.47,-43.2894,10.8426,31831500
2020-10-23,180,2020-02-10,2020-10-23,34.16,41.9313,42.8433,81.4666,79.7325,31.45,61.27,-44.2468,8.6168,27429100
2020-10-26,180,2020-02-11,2020-10-26,33.35,41.8017,42.6954,79.7814,78.1114,31.45,61.27,-45.5688,6.0413,30888700
2020-10-27,180,2020-02-12,2020-10-27,32.82,41.6667,42.5415,78.7679,77.1482,31.45,61.27,-46.4338,4.3561,27100700
2020-10-28,180,2020-02-13,2020-10-28,31.57,41.5192,42.3765,76.0372,74.4988,31.45,60.93,-48.1864,0.3816,42136400
2020-10-29,180,2020-02-14,2020-10-29,32.97,41.3863,42.2212,79.6641,78.0888,31.45,60.65,-45.6389,4.8331,38622800
2020-10-30,180,2020-02-18,2020-10-30,32.62,41.2519,42.0654,79.0751,77.5458,31.45,60.34,-45.9397,3.7202,47885700
2020-11-02,180,2020-02-19,2020-11-02,33.99,41.132,41.9216,82.6364,81.0799,31.45,60.34,-43.6692,8.0763,40130300
2020-11-03,180,2020-02-20,2020-11-03,33.41,41.0068,41.772,81.4742,79.9818,31.45,59.86,-44.1864,6.2321,36773000
2020-11-04,180,2020-02-21,2020-11-04,33.23,40.8821,41.6241,81.2824,79.8336,31.45,59.13,-43.8018,5.6598,35410100
2020-11-05,180,2020-02-24,2020-11-05,33.17,40.7596,41.4798,81.3796,79.9666,31.45,56.36,-41.1462,5.469,30824100
2020-11-06,180,2020-02-25,2020-11-06,32.78,40.6421,41.3488,80.6552,79.2767,31.45,54.74,-40.1169,4.2289,33985600
2020-11-09,180,2020-02-26,2020-11-09,36.93,40.5631,41.2529,91.0433,89.521,31.45,54.74,-32.5356,17.4245,76879400
2020-11-10,180,2020-02-27,2020-11-10,36.86,40.4877,41.1632,91.04,89.5461,31.45,54.74,-32.6635,17.2019,49055400
2020-11-11,180,2020-02-28,2020-11-11,36.48,40.421,41.0891,90.2502,88.7828,31.45,54.74,-33.3577,15.9936,34124500
2020-11-12,180,2020-03-02,2020-11-12,35.23,40.3399,40.999,87.3328,85.9289,31.45,54.74,-35.6412,12.0191,30933700
2020-11-13,180,2020-03-03,2020-11-13,36.08,40.2573,40.9001,89.6234,88.2149,31.45,54.74,-34.0884,14.7218,29241500
2020-11-16,180,2020-03-04,2020-11-16,38.16,40.197,40.8271,94.9325,93.4673,31.45,54.74,-30.2886,21.3354,38596800
2020-11-17,180,2020-03-05,2020-11-17,38.67,40.1362,40.7507,96.3469,94.894,31.45,54.74,-29.357,22.9571,26521100
2020-11-18,180,2020-03-06,2020-11-18,37.21,40.0744,40.6791,92.8524,91.4721,31.45,54.74,-32.0241,18.3148,31068000
2020-11-19,180,2020-03-09,2020-11-19,37.4,40.023,40.6219,93.4464,92.0686,31.45,54.74,-31.677,18.9189,26954400
2020-11-20,180,2020-03-10,2020-11-20,36.94,39.9947,40.5946,92.3623,90.9974,31.45,54.74,-32.5174,17.4563,18351000
2020-11-23,180,2020-03-11,2020-11-23,39.36,39.9736,40.5721,98.4649,97.0126,31.45,54.74,-28.0965,25.151,29367600
2020-11-24,180,2020-03-12,2020-11-24,41.98,39.9736,40.5721,105.0193,103.4702,31.45,54.74,-23.3102,33.4817,46979300
2020-11-25,180,2020-03-13,2020-11-25,40.81,39.9949,40.5922,102.0381,100.5365,31.45,54.74,-25.4476,29.7615,28178200
2020-11-27,180,2020-03-16,2020-11-27,40.19,40.0069,40.6037,100.4577,98.9811,31.45,54.74,-26.5802,27.7901,14971900
2020-11-30,180,2020-03-17,2020-11-30,38.13,40.0315,40.6239,95.25,93.8609,31.45,54.74,-30.3434,21.2401,45614300
2020-12-01,180,2020-03-18,2020-12-01,38.5,40.0421,40.6333,96.1487,94.7498,31.45,54.74,-29.6675,22.4165,32472900
2020-12-02,180,2020-03-19,2020-12-02,39.94,40.0881,40.6712,99.6306,98.2021,31.45,54.74,-27.0369,26.9952,29369500
2020-12-03,180,2020-03-20,2020-12-03,40.21,40.1254,40.7033,100.2108,98.788,31.45,54.74,-26.5437,27.8537,27038900
2020-12-04,180,2020-03-23,2020-12-04,41.68,40.1841,40.753,103.7226,102.2747,31.45,54.74,-23.8582,32.5278,28723600
2020-12-07,180,2020-03-24,2020-12-07,40.9,40.2501,40.8055,101.6146,100.2316,31.57,54.74,-25.2832,29.5534,24899400
2020-12-08,180,2020-03-25,2020-12-08,42.24,40.291,40.8433,104.8372,103.4197,31.57,54.74,-22.8352,33.7979,32573800
2020-12-09,180,2020-03-26,2020-12-09,42.8,40.3222,40.8739,106.145,104.7123,31.57,54.74,-21.8122,35.5717,37824800
2020-12-10,180,2020-03-27,2020-12-10,44.01,40.3497,40.9027,109.0716,107.5967,31.57,54.74,-19.6018,39.4045,38058700
2020-12-11,180,2020-03-30,2020-12-11,43.8,40.388,40.9408,108.4481,106.9838,31.57,54.74,-19.9854,38.7393,25478800
2020-12-14,180,2020-03-31,2020-12-14,42.22,40.415,40.967,104.4661,103.0586,31.57,54.74,-22.8718,33.7346,30595000
2020-12-15,180,2020-04-01,2020-12-15,43.04,40.4432,40.9952,106.4209,104.988,31.57,54.74,-21.3738,36.332,27138400
2020-12-16,180,2020-04-02,2020-12-16,43.7,40.4774,41.0294,107.9615,106.5089,31.57,54.74,-20.1681,38.4226,34273000
2020-12-17,180,2020-04-03,2020-12-17,43.48,40.4934,41.0466,107.3756,105.9285,31.57,54.74,-20.57,37.7257,21204600
2020-12-18,180,2020-04-06,2020-12-18,42.73,40.5125,41.0661,105.4736,104.0517,31.57,54.74,-21.9401,35.35,46596800
2020-12-21,180,2020-04-07,2020-12-21,41.95,40.5205,41.0743,103.528,102.1319,31.57,54.74,-23.365,32.8793,27869500
2020-12-22,180,2020-04-08,2020-12-22,41.24,40.5205,41.0743,101.7758,100.4033,31.57,54.74,-24.662,30.6304,21792900
2020-12-23,180,2020-04-09,2020-12-23,41.77,40.5101,41.0628,103.1101,101.7223,31.57,54.74,-23.6938,32.3092,19085900
2020-12-24,180,2020-04-13,2020-12-24,41.6,40.5023,41.0543,102.7101,101.3293,31.57,54.74,-24.0044,31.7707,8039000
2020-12-28,180,2020-04-14,2020-12-28,41.74,40.4971,41.0486,103.0691,101.6843,31.57,54.74,-23.7486,32.2141,23877500
2020-12-29,180,2020-04-15,2020-12-29,41.27,40.4911,41.0422,101.9237,100.5551,31.57,54.74,-24.6072,30.7254,20287700
2020-12-30,180,2020-04-16,2020-12-30,41.6,40.4971,41.0484,102.7233,101.3438,31.57,54.74,-24.0044,31.7707,23807300
2020-12-31,180,2020-04-17,2020-12-31,41.22,40.5088,41.0599,101.7556,100.3899,31.57,54.74,-24.6986,30.567,22786500
2021-01-04,180,2020-04-20,2021-01-04,41.5,40.5001,41.0503,102.4689,101.0954,31.57,54.74,-24.1871,31.4539,27764700
2021-01-05,180,2020-04-21,2021-01-05,43.5,40.5119,41.0632,107.3759,105.9342,31.57,54.74,-20.5334,37.789,44035100
2021-01-06,180,2020-04-22,2021-01-06,44.61,40.5301,41.0835,110.0663,108.5837,31.57,54.74,-18.5057,41.305,36484800
2021-01-07,180,2020-04-23,2021-01-07,44.96,40.5438,41.0992,110.8925,109.3938,31.57,54.74,-17.8663,42.4137,29528100
2021-01-08,180,2020-04-24,2021-01-08,45.46,40.5531,41.1104,112.1001,110.5803,31.57,54.74,-16.9529,43.9975,28628200
2021-01-11,180,2020-04-27,2021-01-11,46.84,40.5669,41.1277,115.4635,113.8893,31.57,54.74,-14.4319,48.3687,38246200
2021-01-12,180,2020-04-28,2021-01-12,47.88,40.5841,41.1496,117.9773,116.3561,31.57,54.74,-12.532,51.663,36915100
2021-01-13,180,2020-04-29,2021-01-13,48.42,40.5986,41.1687,119.2653,117.6136,31.57,54.74,-11.5455,53.3734,29000300
2021-01-14,180,2020-04-30,2021-01-14,50.31,40.6095,41.1846,123.8873,122.1574,31.57,54.74,-8.0928,59.3602,35474800
2021-01-15,180,2020-05-01,2021-01-15,47.89,40.6153,41.1924,117.9111,116.2592,31.57,54.74,-12.5137,51.6946,42411300
2021-01-19,180,2020-05-04,2021-01-19,48.84,40.6402,41.2241,120.1767,118.4744,31.57,54.74,-10.7782,54.7038,24932600
2021-01-20,180,2020-05-05,2021-01-20,49.53,40.6594,41.2499,121.817,120.0729,31.57,54.74,-9.5177,56.8894,22342400
2021-01-21,180,2020-05-06,2021-01-21,48.11,40.6733,41.2682,118.2839,116.579,31.57,54.74,-12.1118,52.3915,29044500
2021-01-22,180,2020-05-07,2021-01-22,47.43,40.6885,41.2873,116.5686,114.878,31.57,54.74,-13.354,50.2376,23264800
2021-01-25,180,2020-05-08,2021-01-25,46.9,40.7003,41.3021,115.2326,113.5537,31.57,54.74,-14.3223,48.5588,26395800
2021-01-26,180,2020-05-11,2021-01-26,45.87,40.6989,41.3003,112.7056,111.0645,31.57,54.74,-16.2039,45.2962,23976800
2021-01-27,180,2020-05-12,2021-01-27,45.35,40.6972,41.2982,111.4327,109.8112,31.57,54.74,-17.1538,43.649,32410300
2021-01-28,180,2020-05-13,2021-01-28,46.06,40.706,41.3089,113.1529,111.5013,31.57,54.74,-15.8568,45.898,24967200
2021-01-29,180,2020-05-14,2021-01-29,44.84,40.7202,41.3251,110.1172,108.5055,31.57,54.74,-18.0855,42.0336,38961100
2021-02-01,180,2020-05-15,2021-02-01,44.92,40.733,41.3397,110.2793,108.6608,31.57,54.74,-17.9394,42.287,24412400
2021-02-02,180,2020-05-18,2021-02-02,45.63,40.7504,41.3598,111.9743,110.3244,31.57,54.74,-16.6423,44.536,31940400
2021-02-03,180,2020-05-19,2021-02-03,47.42,40.7593,41.3714,116.3414,114.6203,31.57,54.74,-13.3723,50.2059,28459300
2021-02-04,180,2020-05-20,2021-02-04,48.33,40.7784,41.3958,118.5185,116.751,31.57,54.74,-11.7099,53.0884,25280300
2021-02-05,180,2020-05-21,2021-02-05,49.95,40.7971,41.4212,122.4351,120.5904,31.57,54.74,-8.7505,58.2198,34980100
2021-02-08,180,2020-05-22,2021-02-08,52.1,40.8272,41.4631,127.6111,125.6539,31.57,54.74,-4.8228,65.0301,36998700
2021-02-09,180,2020-05-26,2021-02-09,50.63,40.8519,41.4966,123.9355,122.01,31.57,54.74,-7.5082,60.3738,28977000
2021-02-10,180,2020-05-27,2021-02-10,51.12,40.8725,41.5256,125.0719,123.1049,31.57,54.74,-6.6131,61.9259,25723800
2021-02-11,180,2020-05-28,2021-02-11,49.84,40.887,41.5456,121.8969,119.9647,31.57,54.74,-8.9514,57.8714,26972200
2021-02-12,180,2020-05-29,2021-02-12,50.52,40.9094,41.576,123.4924,121.5124,31.57,54.74,-7.7092,60.0253,19756700
2021-02-16,180,2020-06-01,2021-02-16,52.04,40.9352,41.6125,127.1277,125.0586,31.57,54.74,-4.9324,64.84,28060100
2021-02-17,180,2020-06-02,2021-02-17,52.85,40.9602,41.649,129.0276,126.8938,31.57,54.74,-3.4527,67.4058,25509700
2021-02-18,180,2020-06-03,2021-02-18,52.02,40.9781,41.6752,126.9459,124.8225,31.57,54.74,-4.9689,64.7767,20627600
2021-02-19,180,2020-06-04,2021-02-19,52.37,40.9894,41.6926,127.7647,125.61,31.57,54.74,-4.3296,65.8853,22607200
2021-02-22,180,2020-06-05,2021-02-22,54.3,41.0076,41.7214,132.4144,130.1489,31.57,54.74,-0.8038,71.9987,36435100
2021-02-23,180,2020-06-08,2021-02-23,55.05,41.0139,41.7324,134.2227,131.9119,31.57,55.05,0.0,74.3744,33527900
2021-02-24,180,2020-06-09,2021-02-24,56.7,41.0198,41.7433,138.2258,135.8303,31.57,56.7,0.0,79.6009,28728600
2021-02-25,180,2020-06-10,2021-02-25,55.76,41.0268,41.7557,135.911,133.5386,31.57,56.7,-1.6579,76.6234,29670900
2021-02-26,180,2020-06-11,2021-02-26,54.37,41.0395,41.7764,132.4822,130.1453,31.57,56.7,-4.1094,72.2205,35291000
2021-03-01,180,2020-06-12,2021-03-01,56.4,41.0762,41.8332,137.3057,134.8213,31.57,56.7,-0.5291,78.6506,36998300
2021-03-02,180,2020-06-15,2021-03-02,56.07,41.1078,41.8826,136.3975,133.8742,31.57,56.7,-1.1111,77.6053,30302600
2021-03-03,180,2020-06-16,2021-03-03,56.52,41.1409,41.9347,137.3816,134.7809,31.57,56.7,-0.3175,79.0307,35358900
2021-03-04,180,2020-06-17,2021-03-04,58.71,41.1758,41.9931,142.5837,139.8086,31.57,58.71,0.0,85.9677,52137500
2021-03-05,180,2020-06-18,2021-03-05,60.93,41.2233,42.0726,147.8048,144.8212,31.57,60.93,0.0,92.9997,51429800
2021-03-08,180,2020-06-19,2021-03-08,60.87,41.2695,42.1501,147.4941,144.4126,31.57,60.93,-0.0985,92.8096,38154600
2021-03-09,180,2020-06-22,2021-03-09,59.93,41.3174,42.2276,145.0478,141.9215,31.57,60.93,-1.6412,89.8321,35645900
2021-03-10,180,2020-06-23,2021-03-10,61.77,41.3682,42.3128,149.3174,145.9841,31.57,61.77,0.0,95.6604,31579100
2021-03-11,180,2020-06-24,2021-03-11,61.31,41.4168,42.394,148.0317,144.6195,31.57,61.77,-0.7447,94.2034,24802600
2021-03-12,180,2020-06-25,2021-03-12,61.97,41.4773,42.4911,149.4071,145.8425,31.57,61.97,0.0,96.294,20422700
2021-03-15,180,2020-06-26,2021-03-15,60.39,41.5307,42.5756,145.4106,141.8418,31.57,61.97,-2.5496,91.2892,31243600
2021-03-16,180,2020-06-29,2021-03-16,59.11,41.5883,42.6617,142.1313,138.5553,31.57,61.97,-4.6151,87.2347,30624800
2021-03-17,180,2020-06-30,2021-03-17,59.37,41.6433,42.7453,142.5678,138.8925,31.57,61.97,-4.1956,88.0583,25575500
2021-03-18,180,2020-07-01,2021-03-18,56.81,41.6892,42.8124,136.2702,132.6951,31.57,61.97,-8.3266,79.9493,38622800
2021-03-19,180,2020-07-02,2021-03-19,56.49,41.7393,42.8834,135.3401,131.7292,31.57,61.97,-8.843,78.9357,84439400
2021-03-22,180,2020-07-06,2021-03-22,55.91,41.7858,42.9492,133.8015,130.1771,31.57,61.97,-9.7789,77.0985,29315100
2021-03-23,180,2020-07-07,2021-03-23,55.22,41.8287,43.0093,132.0146,128.3907,31.57,61.97,-10.8924,74.9129,33493300
2021-03-24,180,2020-07-08,2021-03-24,56.34,41.881,43.0821,134.5239,130.7735,31.57,61.97,-9.085,78.4606,29781800
2021-03-25,180,2020-07-09,2021-03-25,56.18,41.9335,43.1546,133.974,130.1832,31.57,61.97,-9.3432,77.9538,31495900
2021-03-26,180,2020-07-10,2021-03-26,57.71,42.0005,43.2454,137.403,133.4478,31.57,61.97,-6.8743,82.8001,34226500
2021-03-29,180,2020-07-13,2021-03-29,57.4,42.0597,43.3273,136.4728,132.4799,31.57,61.97,-7.3745,81.8182,21144400
2021-03-30,180,2020-07-14,2021-03-30,56.69,42.1168,43.4053,134.602,130.6062,31.57,61.97,-8.5203,79.5692,20303400
2021-03-31,180,2020-07-15,2021-03-31,55.83,42.1639,43.4706,132.4118,128.4316,31.57,61.97,-9.908,76.8451,23686500
2021-04-01,180,2020-07-16,2021-04-01,57.39,42.2132,43.5415,135.9528,131.8053,31.57,61.97,-7.3907,81.7865,23194500
2021-04-05,180,2020-07-17,2021-04-05,56.5,42.2616,43.6094,133.6911,129.5593,31.57,61.97,-8.8269,78.9674,23264800
2021-04-06,180,2020-07-20,2021-04-06,56.34,42.3135,43.6806,133.1489,128.9817,31.57,61.97,-9.085,78.4606,18926300
2021-04-07,180,2020-07-21,2021-04-07,56.59,42.3719,43.7589,133.5555,129.3223,31.57,61.97,-8.6816,79.2525,22385000
2021-04-08,180,2020-07-22,2021-04-08,56.0,42.4172,43.8219,132.0219,127.7899,31.57,61.97,-9.6337,77.3836,21999300
2021-04-09,180,2020-07-23,2021-04-09,55.87,42.4676,43.8901,131.5592,127.2953,31.57,61.97,-9.8435,76.9718,20020700
2021-04-12,180,2020-07-24,2021-04-12,55.5,42.5164,43.9556,130.5379,126.2637,31.57,61.97,-10.4405,75.7998,20238800
2021-04-13,180,2020-07-27,2021-04-13,55.71,42.5674,44.0238,130.8748,126.5451,31.57,61.97,-10.1017,76.465,19370600
2021-04-14,180,2020-07-28,2021-04-14,57.32,42.6203,44.0974,134.49,129.9849,31.57,61.97,-7.5036,81.5648,28051100
2021-04-15,180,2020-07-29,2021-04-15,56.98,42.675,44.1721,133.5209,128.9956,31.57,61.97,-8.0523,80.4878,23250300
2021-04-16,180,2020-07-30,2021-04-16,56.66,42.7262,44.2422,132.6117,128.0677,31.57,61.97,-8.5687,79.4742,22752000
2021-04-19,180,2020-07-31,2021-04-19,56.48,42.789,44.3234,131.9966,127.4271,31.57,61.97,-8.8591,78.904,21123300
2021-04-20,180,2020-08-03,2021-04-20,55.29,42.8468,44.3968,129.0411,124.5361,31.57,61.97,-10.7794,75.1346,21782100
2021-04-21,180,2020-08-04,2021-04-21,56.0,42.9062,44.4732,130.5173,125.9186,31.57,61.97,-9.6337,77.3836,16625600
2021-04-22,180,2020-08-05,2021-04-22,55.27,42.9565,44.5387,128.6651,124.0943,31.57,61.97,-10.8117,75.0713,21600100
2021-04-23,180,2020-08-06,2021-04-23,55.57,43.0058,44.6038,129.215,124.5857,31.57,61.97,-10.3276,76.0215,15337900
2021-04-26,180,2020-08-07,2021-04-26,55.68,43.0568,44.6707,129.3175,124.6454,31.57,61.97,-10.1501,76.37,16083800
2021-04-27,180,2020-08-10,2021-04-27,56.41,43.1114,44.7428,130.8471,126.0762,31.57,61.97,-8.9721,78.6823,19278600
2021-04-28,180,2020-08-11,2021-04-28,58.11,43.1657,44.8183,134.6206,129.6568,31.57,61.97,-6.2288,84.0672,24729800
2021-04-29,180,2020-08-12,2021-04-29,58.94,43.2204,44.8959,136.3709,131.2813,31.57,61.97,-4.8895,86.6962,27318400
2021-04-30,180,2020-08-13,2021-04-30,57.24,43.2745,44.969,132.2718,127.2877,31.57,61.97,-7.6327,81.3114,30518400
2021-05-03,180,2020-08-14,2021-05-03,58.82,43.3396,45.0568,135.7187,130.5462,31.57,61.97,-5.0831,86.3161,20509600
2021-05-04,180,2020-08-17,2021-05-04,59.19,43.405,45.1457,136.3668,131.1089,31.57,61.97,-4.486,87.4881,23522200
2021-05-05,180,2020-08-18,2021-05-05,60.97,43.4789,45.2475,140.2289,134.7478,31.57,61.97,-1.6137,93.1264,31526200
2021-05-06,180,2020-08-19,2021-05-06,61.55,43.5559,45.3537,141.3125,135.711,31.57,61.97,-0.6778,94.9636,26836800
2021-05-07,180,2020-08-20,2021-05-07,62.43,43.6385,45.4674,143.0619,137.307,31.57,62.43,0.0,97.751,33610600
2021-05-10,180,2020-08-21,2021-05-10,62.58,43.7256,45.5856,143.1198,137.2803,31.57,62.58,0.0,98.2262,31956600
2021-05-11,180,2020-08-24,2021-05-11,60.59,43.8095,45.6943,138.3034,132.5985,31.57,62.58,-3.1799,91.9227,34563800
2021-05-12,180,2020-08-25,2021-05-12,60.04,43.8846,45.7933,136.8135,131.1108,31.57,62.58,-4.0588,90.1806,34426500
2021-05-13,180,2020-08-26,2021-05-13,59.3,43.966,45.8957,134.8769,129.2061,31.57,62.58,-5.2413,87.8366,24268200
2021-05-14,180,2020-08-27,2021-05-14,60.77,44.0579,46.011,137.9322,132.0771,31.57,62.58,-2.8923,92.4929,20735400
2021-05-17,180,2020-08-28,2021-05-17,62.19,44.1561,46.1357,140.8414,134.7979,31.57,62.58,-0.6232,96.9908,25282500
2021-05-18,180,2020-08-31,2021-05-18,60.43,44.2432,46.2454,136.586,130.6725,31.57,62.58,-3.4356,91.4159,25170800
2021-05-19,180,2020-09-01,2021-05-19,58.98,44.3313,46.3512,133.0438,127.246,31.57,62.58,-5.7526,86.8229,28889800
2021-05-20,180,2020-09-02,2021-05-20,58.84,44.4228,46.459,132.4545,126.6493,31.57,62.58,-5.9764,86.3795,20692500
2021-05-21,180,2020-09-03,2021-05-21,58.92,44.5167,46.5686,132.3549,126.523,31.57,62.58,-5.8485,86.6329,20792700
2021-05-24,180,2020-09-04,2021-05-24,59.61,44.6137,46.6825,133.6137,127.6924,31.57,62.58,-4.7459,88.8185,18400300
2021-05-25,180,2020-09-08,2021-05-25,58.26,44.707,46.7891,130.3151,124.5163,31.57,62.58,-6.9032,84.5423,25616100
2021-05-26,180,2020-09-09,2021-05-26,58.94,44.8097,46.9044,131.534,125.6599,31.57,62.58,-5.8166,86.6962,21698700
2021-05-27,180,2020-09-10,2021-05-27,58.56,44.9134,47.0189,130.3842,124.5457,31.57,62.58,-6.4238,85.4926,33556000
2021-05-28,180,2020-09-11,2021-05-28,58.37,45.0246,47.1376,129.6403,123.8289,31.57,62.58,-6.7274,84.8907,19246800
2021-06-01,180,2020-09-14,2021-06-01,60.46,45.1438,47.2685,133.9275,127.9076,31.57,62.58,-3.3877,91.5109,28474200
2021-06-02,180,2020-09-15,2021-06-02,60.94,45.2672,47.4034,134.6229,128.5562,31.57,62.58,-2.6207,93.0314,22978300
2021-06-03,180,2020-09-16,2021-06-03,61.18,45.3954,47.5418,134.7715,128.6868,31.57,62.58,-2.2371,93.7916,20272800
2021-06-04,180,2020-09-17,2021-06-04,61.45,45.5121,47.6731,135.0189,128.8987,31.57,62.58,-1.8057,94.6468,20427800
2021-06-07,180,2020-09-18,2021-06-07,61.05,45.6284,47.8023,133.7983,127.7136,31.57,62.58,-2.4449,93.3798,15477900
2021-06-08,180,2020-09-21,2021-06-08,62.13,45.7536,47.9408,135.7927,129.5972,31.57,62.58,-0.7191,96.8008,28953400
2021-06-09,180,2020-09-22,2021-06-09,62.65,45.8876,48.0865,136.5294,130.2861,31.57,62.65,0.0,98.4479,29133000
2021-06-10,180,2020-09-23,2021-06-10,62.75,46.0308,48.2377,136.3217,130.0849,31.57,62.75,0.0,98.7646,27488700
2021-06-11,180,2020-09-24,2021-06-11,62.17,46.1843,48.3921,134.6129,128.4715,31.57,62.75,-0.9243,96.9275,17631700
2021-06-14,180,2020-09-25,2021-06-14,62.07,46.3392,48.5462,133.9472,127.8575,31.57,62.75,-1.0837,96.6107,16997200
2021-06-15,180,2020-09-28,2021-06-15,64.33,46.4987,48.7112,138.3481,132.0642,31.57,64.33,0.0,103.7694,30717100
2021-06-16,180,2020-09-29,2021-06-16,64.1,46.652,48.8711,137.4005,131.1613,31.57,64.33,-0.3575,103.0409,24803200
2021-06-17,180,2020-09-30,2021-06-17,61.99,46.8102,49.0251,132.4285,126.4456,31.57,64.33,-3.6375,96.3573,28491800
2021-06-18,180,2020-10-01,2021-06-18,60.4,46.9637,49.1699,128.6099,122.8394,31.57,64.33,-6.1091,91.3209,39590700
2021-06-21,180,2020-10-02,2021-06-21,62.59,47.1384,49.3336,132.7791,126.8711,31.57,64.33,-2.7048,98.2578,33145400
2021-06-22,180,2020-10-05,2021-06-22,63.79,47.3199,49.5047,134.8058,128.8564,31.57,64.33,-0.8394,102.0589,25140400
2021-06-23,180,2020-10-06,2021-06-23,64.26,47.4957,49.6743,135.2965,129.3627,31.57,64.33,-0.1088,103.5477,20701600
2021-06-24,180,2020-10-07,2021-06-24,64.52,47.6775,49.8472,135.326,129.4355,31.57,64.52,0.0,104.3712,19568400
2021-06-25,180,2020-10-08,2021-06-25,64.66,47.8598,50.0203,135.1029,129.2674,31.57,64.66,0.0,104.8147,18438300
2021-06-28,180,2020-10-09,2021-06-28,63.01,48.0193,50.1745,131.2181,125.5817,31.57,64.66,-2.5518,99.5882,20570000
2021-06-29,180,2020-10-12,2021-06-29,62.62,48.184,50.3294,129.96,124.4203,31.57,64.66,-3.155,98.3529,19579300
2021-06-30,180,2020-10-13,2021-06-30,63.08,48.3526,50.4874,130.4583,124.942,31.57,64.66,-2.4436,99.81,17875500
2021-07-01,180,2020-10-14,2021-07-01,63.26,48.5275,50.6488,130.3591,124.8994,31.57,64.66,-2.1652,100.3801,22530300
2021-07-02,180,2020-10-15,2021-07-02,63.17,48.7041,50.81,129.7015,124.3259,31.57,64.66,-2.3044,100.095,14555300
2021-07-06,180,2020-10-16,2021-07-06,61.37,48.8725,50.9596,125.5716,120.4288,31.57,64.66,-5.0882,94.3934,22110800
2021-07-07,180,2020-10-19,2021-07-07,60.41,49.0426,51.1057,123.1787,118.2059,31.57,64.66,-6.5728,91.3525,21671400
2021-07-08,180,2020-10-20,2021-07-08,60.14,49.2209,51.2542,122.184,117.3368,31.57,64.66,-6.9904,90.4973,18935900
2021-07-09,180,2020-10-21,2021-07-09,61.23,49.4011,51.4071,123.9446,119.108,31.57,64.66,-5.3047,93.95,20086000
2021-07-12,180,2020-10-22,2021-07-12,61.17,49.589,51.5627,123.3539,118.6322,31.57,64.66,-5.3975,93.7599,21809400
2021-07-13,180,2020-10-23,2021-07-13,60.88,49.7571,51.7073,122.3544,117.7397,31.57,64.66,-5.846,92.8413,17147300
2021-07-14,180,2020-10-26,2021-07-14,59.53,49.9293,51.8482,119.2286,114.8159,31.57,64.66,-7.9338,88.5651,21573600
2021-07-15,180,2020-10-27,2021-07-15,58.95,50.1103,51.9904,117.6406,113.3862,31.57,64.66,-8.8308,86.7279,15851100
2021-07-16,180,2020-10-28,2021-07-16,57.32,50.2926,52.1266,113.973,109.9631,31.57,64.66,-11.3517,81.5648,27049500
2021-07-19,180,2020-10-29,2021-07-19,55.35,50.4846,52.2587,109.6375,105.9154,32.62,64.66,-14.3984,69.6812,37969100
2021-07-20,180,2020-10-30,2021-07-20,55.96,50.6616,52.3864,110.4584,106.8216,32.62,64.66,-13.455,71.5512,26756100
2021-07-21,180,2020-11-02,2021-07-21,57.76,50.8526,52.5261,113.5832,109.9645,32.78,64.66,-10.6712,76.205,20908700
2021-07-22,180,2020-11-03,2021-07-22,57.11,51.0243,52.6545,111.9271,108.4618,32.78,64.66,-11.6765,74.2221,13493800
2021-07-23,180,2020-11-04,2021-07-23,57.04,51.2043,52.7858,111.397,108.0594,32.78,64.66,-11.7847,74.0086,14088200
2021-07-26,180,2020-11-05,2021-07-26,58.48,51.3942,52.9261,113.7871,110.4938,32.78,64.66,-9.5577,78.4015,18387600
2021-07-27,180,2020-11-06,2021-07-27,57.83,51.5836,53.0631,112.1093,108.9836,32.78,64.66,-10.5629,76.4186,16861400
2021-07-28,180,2020-11-09,2021-07-28,58.22,51.7814,53.2044,112.4342,109.4271,35.23,64.66,-9.9598,65.2569,16855300
2021-07-29,180,2020-11-10,2021-07-29,58.93,51.9324,53.3266,113.4744,110.5077,35.23,64.66,-8.8617,67.2722,18607800
2021-07-30,180,2020-11-11,2021-07-30,57.57,52.079,53.4417,110.5435,107.7249,35.23,64.66,-10.9651,63.4119,28652800
2021-08-02,180,2020-11-12,2021-08-02,57.58,52.2308,53.5589,110.2414,107.5078,35.23,64.66,-10.9496,63.4403,20873800
2021-08-03,180,2020-11-13,2021-08-03,58.2,52.4012,53.6865,111.0662,108.4071,36.08,64.66,-9.9907,61.3082,18208200
2021-08-04,180,2020-11-16,2021-08-04,56.84,52.5561,53.8018,108.1512,105.647,36.94,64.66,-12.094,53.8711,20868300
2021-08-05,180,2020-11-17,2021-08-05,57.2,52.6903,53.9076,108.5589,106.1075,36.94,64.66,-11.5373,54.8457,15180200
2021-08-06,180,2020-11-18,2021-08-06,57.86,52.8229,54.0142,109.5359,107.1199,36.94,64.66,-10.5166,56.6324,14888500
2021-08-09,180,2020-11-19,2021-08-09,57.2,52.9689,54.1253,107.9879,105.6808,36.94,64.66,-11.5373,54.8457,17828200
2021-08-10,180,2020-11-20,2021-08-10,58.18,53.1182,54.2407,109.5294,107.2626,36.94,64.66,-10.0217,57.4987,16340200
2021-08-11,180,2020-11-23,2021-08-11,58.35,53.2743,54.3597,109.5275,107.3406,38.13,64.66,-9.7587,53.0291,18278600
2021-08-12,180,2020-11-24,2021-08-12,57.35,53.4003,54.4596,107.3965,105.3074,38.13,64.66,-11.3053,50.4065,19225500
2021-08-13,180,2020-11-25,2021-08-13,56.77,53.4988,54.5418,106.1146,104.0853,38.13,64.66,-12.2023,48.8854,20063000
2021-08-16,180,2020-11-27,2021-08-16,55.94,53.6044,54.6258,104.3572,102.4058,38.13,64.66,-13.4859,46.7086,16959500
2021-08-17,180,2020-11-30,2021-08-17,55.56,53.7145,54.7112,103.4358,101.5514,38.13,64.66,-14.0736,45.712,16243700
2021-08-18,180,2020-12-01,2021-08-18,54.39,53.8404,54.8016,101.0207,99.249,38.5,64.66,-15.8831,41.2727,21890500
2021-08-19,180,2020-12-02,2021-08-19,52.73,53.9536,54.8806,97.7322,96.0813,39.94,64.66,-18.4504,32.023,30923500
2021-08-20,180,2020-12-03,2021-08-20,52.74,54.052,54.9517,97.5727,95.9752,40.21,64.66,-18.4349,31.1614,16918300
2021-08-23,180,2020-12-04,2021-08-23,54.91,54.1603,55.0334,101.3842,99.7758,40.9,64.66,-15.0789,34.2543,21632600
2021-08-24,180,2020-12-07,2021-08-24,55.36,54.2571,55.1094,102.0328,100.4548,40.9,64.66,-14.3829,35.3545,17915600
2021-08-25,180,2020-12-08,2021-08-25,55.46,54.3623,55.1903,102.0193,100.4887,41.22,64.66,-14.2283,34.5463,13270300
2021-08-26,180,2020-12-09,2021-08-26,54.71,54.451,55.2596,100.4757,99.0055,41.22,64.66,-15.3882,32.7268,11842600
2021-08-27,180,2020-12-10,2021-08-27,55.77,54.5406,55.3316,102.254,100.7923,41.22,64.66,-13.7488,35.2984,15822500
2021-08-30,180,2020-12-11,2021-08-30,55.16,54.6167,55.3936,100.9948,99.5784,41.22,64.66,-14.6922,33.8185,14086100
2021-08-31,180,2020-12-14,2021-08-31,54.52,54.6912,55.4531,99.6871,98.3173,41.22,64.66,-15.682,32.2659,27104100
2021-09-01,180,2020-12-15,2021-09-01,53.77,54.7758,55.5173,98.1637,96.8527,41.22,64.66,-16.8419,30.4464,21644100
2021-09-02,180,2020-12-16,2021-09-02,55.08,54.8606,55.5842,100.3999,99.093,41.22,64.66,-14.816,33.6245,23293300
2021-09-03,180,2020-12-17,2021-09-03,54.87,54.9386,55.6462,99.8751,98.6051,41.22,64.66,-15.1407,33.115,13840000
2021-09-07,180,2020-12-18,2021-09-07,54.55,55.017,55.7077,99.1512,97.9218,41.22,64.66,-15.6356,32.3387,14354400
2021-09-08,180,2020-12-21,2021-09-08,54.05,55.0995,55.7706,98.0952,96.9148,41.22,64.66,-16.4089,31.1257,18756700
2021-09-09,180,2020-12-22,2021-09-09,54.09,55.1899,55.8381,98.007,96.8694,41.22,64.66,-16.3471,31.2227,19110800
2021-09-10,180,2020-12-23,2021-09-10,53.98,55.2869,55.9088,97.6361,96.55,41.22,64.66,-16.5172,30.9558,15123700
2021-09-13,180,2020-12-24,2021-09-13,55.37,55.387,55.9844,99.9694,98.9026,41.22,64.66,-14.3675,34.328,22052300
2021-09-14,180,2020-12-28,2021-09-14,54.58,55.4846,56.0565,98.3697,97.3661,41.22,64.66,-15.5892,32.4115,19940300
2021-09-15,180,2020-12-29,2021-09-15,56.42,55.5914,56.1381,101.4905,100.5022,41.22,64.66,-12.7436,36.8753,23240900
2021-09-16,180,2020-12-30,2021-09-16,55.82,55.7,56.2189,100.2154,99.2905,41.22,64.66,-13.6715,35.4197,17907200
2021-09-17,180,2020-12-31,2021-09-17,55.16,55.8021,56.2942,98.8494,97.9852,41.22,64.66,-14.6922,33.8185,30000400
2021-09-20,180,2021-01-04,2021-09-20,53.69,55.8997,56.3635,96.047,95.2567,41.5,64.66,-16.9657,29.3735,27555100
2021-09-21,180,2021-01-05,2021-09-21,53.64,55.9946,56.4309,95.795,95.0542,43.5,64.66,-17.043,23.3103,19696800
2021-09-22,180,2021-01-06,2021-09-22,55.21,56.0796,56.496,98.4493,97.7237,44.61,64.66,-14.6149,23.7615,25690600
2021-09-23,180,2021-01-07,2021-09-23,57.08,56.1653,56.5653,101.6286,100.91,44.84,64.66,-11.7229,27.2971,23069400
2021-09-24,180,2021-01-08,2021-09-24,57.59,56.2509,56.6354,102.3805,101.6854,44.84,64.66,-10.9341,28.4344,22328600
2021-09-27,180,2021-01-11,2021-09-27,59.3,56.3413,56.7123,105.2513,104.5628,44.84,64.66,-8.2895,32.248,32972200
2021-09-28,180,2021-01-12,2021-09-28,59.92,56.4236,56.785,106.1966,105.5208,44.84,64.66,-7.3307,33.6307,37619300
2021-09-29,180,2021-01-13,2021-09-29,59.88,56.4978,56.8517,105.9865,105.3267,44.84,64.66,-7.3925,33.5415,23422800
2021-09-30,180,2021-01-14,2021-09-30,58.82,56.5626,56.9094,103.991,103.3572,44.84,64.66,-9.0319,31.1775,31289600
2021-10-01,180,2021-01-15,2021-10-01,60.93,56.6242,56.9684,107.6041,106.9539,44.84,64.66,-5.7686,35.8831,24407300
2021-10-04,180,2021-01-19,2021-10-04,61.72,56.7077,57.0453,108.8388,108.1948,44.84,64.66,-4.5469,37.645,33946700
2021-10-05,180,2021-01-20,2021-10-05,61.62,56.7837,57.1163,108.5171,107.8852,44.84,64.66,-4.7015,37.4219,29641600
2021-10-06,180,2021-01-21,2021-10-06,60.49,56.8493,57.1772,106.4042,105.794,44.84,64.66,-6.4491,34.9019,25284900
2021-10-07,180,2021-01-22,2021-10-07,60.66,56.9266,57.2469,106.5583,105.9621,44.84,64.66,-6.1862,35.281,19513600
2021-10-08,180,2021-01-25,2021-10-08,62.18,57.0168,57.3288,109.0556,108.462,44.84,64.66,-3.8355,38.6708,22186900
2021-10-11,180,2021-01-26,2021-10-11,61.56,57.1086,57.4103,107.7946,107.2282,44.84,64.66,-4.7943,37.2881,22121500
2021-10-12,180,2021-01-27,2021-10-12,61.24,57.2079,57.4957,107.0481,106.5124,44.84,64.66,-5.2892,36.5745,20198600
2021-10-13,180,2021-01-28,2021-10-13,61.07,57.3113,57.583,106.5583,106.0556,44.84,64.66,-5.5521,36.1954,14991700
2021-10-14,180,2021-01-29,2021-10-14,62.0,57.4134,57.6716,107.9888,107.5053,44.84,64.66,-4.1138,38.2694,18594500
2021-10-15,180,2021-02-01,2021-10-15,62.59,57.5294,57.7702,108.7965,108.3431,44.92,64.66,-3.2014,39.3366,16092600
2021-10-18,180,2021-02-02,2021-10-18,62.56,57.6451,57.8682,108.5262,108.1078,45.63,64.66,-3.2478,37.1028,18282800
2021-10-19,180,2021-02-03,2021-10-19,63.5,57.7591,57.9674,109.9393,109.5442,47.42,64.66,-1.794,33.9097,18933200
2021-10-20,180,2021-02-04,2021-10-20,63.85,57.8599,58.0587,110.3528,109.9749,48.33,64.66,-1.2527,32.1125,14305200
2021-10-21,180,2021-02-05,2021-10-21,62.69,57.9482,58.1385,108.1829,107.8287,49.84,64.66,-3.0467,25.7825,16564600
2021-10-22,180,2021-02-08,2021-10-22,63.12,58.0262,58.2117,108.7784,108.4319,49.84,64.66,-2.3817,26.6453,14266800
2021-10-25,180,2021-02-09,2021-10-25,64.35,58.0946,58.2797,110.7675,110.4158,49.84,64.66,-0.4794,29.1132,17939800
2021-10-26,180,2021-02-10,2021-10-26,65.84,58.1803,58.3642,113.1654,112.8088,49.84,65.84,0.0,32.1027,25585100
2021-10-27,180,2021-02-11,2021-10-27,64.13,58.255,58.4365,110.0849,109.743,49.84,65.84,-2.5972,28.6717,21764500
2021-10-28,180,2021-02-12,2021-10-28,64.31,58.3403,58.5169,110.2326,109.8999,50.52,65.84,-2.3238,27.2961,16626400
2021-10-29,180,2021-02-16,2021-10-29,64.47,58.4214,58.5944,110.3534,110.0276,52.02,65.84,-2.0808,23.9331,23966300
2021-11-01,180,2021-02-17,2021-11-01,65.63,58.4969,58.6699,112.1939,111.8632,52.02,65.84,-0.319,26.163,19656400
2021-11-02,180,2021-02-18,2021-11-02,64.82,58.5634,58.7364,110.6834,110.3575,52.02,65.84,-1.5492,24.6059,16300000
2021-11-03,180,2021-02-19,2021-11-03,63.93,58.6317,58.8026,109.0365,108.7198,52.37,65.84,-2.901,22.0737,17372800
2021-11-04,180,2021-02-22,2021-11-04,64.41,58.7,58.8694,109.7275,109.4116,52.73,65.84,-2.1719,22.1506,17720100
2021-11-05,180,2021-02-23,2021-11-05,65.02,58.7582,58.929,110.6569,110.3362,52.73,65.84,-1.2454,23.3074,18565100
2021-11-08,180,2021-02-24,2021-11-08,65.72,58.8148,58.9883,111.7406,111.412,52.73,65.84,-0.1823,24.6349,17696000
2021-11-09,180,2021-02-25,2021-11-09,66.36,58.8642,59.0419,112.7341,112.3947,52.73,66.36,0.0,25.8487,18781300
2021-11-10,180,2021-02-26,2021-11-10,64.19,58.9095,59.0888,108.9637,108.6332,52.73,66.36,-3.27,21.7334,20177200
2021-11-11,180,2021-03-01,2021-11-11,64.31,58.9644,59.144,109.0658,108.7346,52.73,66.36,-3.0892,21.9609,13319300
2021-11-12,180,2021-03-02,2021-11-12,63.82,59.0043,59.1852,108.1617,107.831,52.73,66.36,-3.8276,21.0317,18158900
2021-11-15,180,2021-03-03,2021-11-15,64.37,59.0488,59.2313,109.0116,108.6756,52.73,66.36,-2.9988,22.0747,18849200
2021-11-16,180,2021-03-04,2021-11-16,65.02,59.0936,59.2786,110.0288,109.6855,52.73,66.36,-2.0193,23.3074,17028700
2021-11-17,180,2021-03-05,2021-11-17,64.31,59.1224,59.3097,108.7743,108.4309,52.73,66.36,-3.0892,21.9609,15497000
2021-11-18,180,2021-03-08,2021-11-18,63.61,59.1358,59.3246,107.5659,107.2237,52.73,66.36,-4.1441,20.6334,16948200
2021-11-19,180,2021-03-09,2021-11-19,60.67,59.1348,59.3234,102.5961,102.2699,52.73,66.36,-8.5744,15.0578,32035500
2021-11-22,180,2021-03-10,2021-11-22,61.51,59.1431,59.3322,104.002,103.6705,52.73,66.36,-7.3086,16.6509,21994400
2021-11-23,180,2021-03-11,2021-11-23,63.13,59.1499,59.3398,106.7289,106.3873,52.73,66.36,-4.8674,19.7231,21185900
2021-11-24,180,2021-03-12,2021-11-24,63.48,59.1607,59.3518,107.3009,106.9554,52.73,66.36,-4.34,20.3869,15869700
2021-11-26,180,2021-03-15,2021-11-26,61.25,59.157,59.3478,103.538,103.2051,52.73,66.36,-7.7004,16.1578,24979600
2021-11-29,180,2021-03-16,2021-11-29,61.59,59.1633,59.3545,104.1017,103.7664,52.73,66.36,-7.1881,16.8026,18946400
2021-11-30,180,2021-03-17,2021-11-30,59.84,59.1673,59.3586,101.1369,100.8111,52.73,66.36,-9.8252,13.4838,34979800
2021-12-01,180,2021-03-18,2021-12-01,59.79,59.1696,59.3609,101.0485,100.7229,52.73,66.36,-9.9005,13.389,30630600
2021-12-02,180,2021-03-19,2021-12-02,61.28,59.1946,59.3857,103.523,103.1898,52.73,66.36,-7.6552,16.2147,29216000
2021-12-03,180,2021-03-22,2021-12-03,60.89,59.2195,59.4102,102.8208,102.4909,52.73,66.36,-8.2429,15.4751,22014700
2021-12-06,180,2021-03-23,2021-12-06,61.58,59.2516,59.4417,103.9297,103.5974,52.73,66.36,-7.2031,16.7836,19210500
2021-12-07,180,2021-03-24,2021-12-07,62.27,59.2916,59.4808,105.0233,104.6892,52.73,66.36,-6.1634,18.0922,19800400
2021-12-08,180,2021-03-25,2021-12-08,62.45,59.3256,59.5148,105.2666,104.9319,52.73,66.36,-5.8921,18.4335,18214400
2021-12-09,180,2021-03-26,2021-12-09,62.61,59.3613,59.5505,105.4727,105.1377,52.73,66.36,-5.651,18.737,16910300
2021-12-10,180,2021-03-29,2021-12-10,63.01,59.3899,59.5799,106.0955,105.7571,52.73,66.36,-5.0482,19.4955,17942400
2021-12-13,180,2021-03-30,2021-12-13,61.63,59.4133,59.6034,103.7309,103.4001,52.73,66.36,-7.1278,16.8784,17793700
2021-12-14,180,2021-03-31,2021-12-14,61.54,59.4406,59.6304,103.5319,103.2024,52.73,66.36,-7.2634,16.7078,22551100
2021-12-15,180,2021-04-01,2021-12-15,61.27,59.4718,59.6606,103.0236,102.6976,52.73,66.36,-7.6703,16.1957,19961900
2021-12-16,180,2021-04-05,2021-12-16,61.37,59.494,59.6827,103.1532,102.8271,52.73,66.36,-7.5196,16.3854,21187800
2021-12-17,180,2021-04-06,2021-12-17,60.03,59.5145,59.7023,100.8662,100.5488,52.73,66.36,-9.5389,13.8441,44338100
2021-12-20,180,2021-04-07,2021-12-20,59.16,59.5312,59.718,99.3765,99.0656,52.73,66.36,-10.8499,12.1942,21819300
2021-12-21,180,2021-04-08,2021-12-21,60.5,59.5537,59.7397,101.5891,101.2727,52.73,66.36,-8.8306,14.7354,19798900
2021-12-22,180,2021-04-09,2021-12-22,60.99,59.5825,59.7674,102.3623,102.0455,52.73,66.36,-8.0922,15.6647,14058300
2021-12-23,180,2021-04-12,2021-12-23,61.02,59.6123,59.7961,102.3615,102.0469,52.73,66.36,-8.047,15.7216,13543300
2021-12-27,180,2021-04-13,2021-12-27,61.89,59.649,59.8316,103.7569,103.4404,52.73,66.36,-6.736,17.3715,12593700
2021-12-28,180,2021-04-14,2021-12-28,61.69,59.6834,59.8648,103.362,103.0489,52.73,66.36,-7.0374,16.9922,12781000
2021-12-29,180,2021-04-15,2021-12-29,61.15,59.7051,59.8861,102.4201,102.1106,52.73,66.36,-7.8511,15.9681,12733600
2021-12-30,180,2021-04-16,2021-12-30,60.79,59.7269,59.9072,101.78,101.4736,52.73,66.36,-8.3936,15.2854,11940300
2021-12-31,180,2021-04-19,2021-12-31,61.19,59.7528,59.9324,102.4053,102.0984,52.73,66.36,-7.7908,16.044,14072000
2022-01-03,180,2021-04-20,2022-01-03,63.54,59.7918,59.9716,106.2687,105.9501,52.73,66.36,-4.2495,20.5007,24282400
2022-01-04,180,2021-04-21,2022-01-04,65.93,59.8498,60.0307,110.159,109.8271,52.73,66.36,-0.648,25.0332,38584000
2022-01-05,180,2021-04-22,2022-01-05,66.75,59.9071,60.0904,111.4225,111.0826,52.73,66.75,0.0,26.5883,34033300
2022-01-06,180,2021-04-23,2022-01-06,68.32,59.9761,60.1629,113.912,113.5583,52.73,68.32,0.0,29.5657,30668500
2022-01-07,180,2021-04-26,2022-01-07,68.88,60.0457,60.2369,114.7127,114.3485,52.73,68.88,0.0,30.6277,23985400
2022-01-10,180,2021-04-27,2022-01-10,68.47,60.113,60.3079,113.9022,113.534,52.73,68.88,-0.5952,29.8502,22760300
2022-01-11,180,2021-04-28,2022-01-11,71.35,60.1876,60.3909,118.5461,118.1468,52.73,71.35,0.0,35.312,32936100
2022-01-12,180,2021-04-29,2022-01-12,71.14,60.2511,60.4633,118.0726,117.6581,52.73,71.35,-0.2943,34.9137,23045100
2022-01-13,180,2021-04-30,2022-01-13,70.63,60.3078,60.5283,117.1159,116.6893,52.73,71.35,-1.0091,33.9465,21043200
2022-01-14,180,2021-05-03,2022-01-14,71.87,60.3797,60.6096,119.0301,118.5787,52.73,71.87,0.0,36.2981,23012900
2022-01-18,180,2021-05-04,2022-01-18,73.08,60.447,60.6888,120.8994,120.4177,52.73,73.08,0.0,38.5928,32841200
2022-01-19,180,2021-05-05,2022-01-19,73.11,60.5123,60.7661,120.8184,120.3138,52.73,73.11,0.0,38.6497,26431600
2022-01-20,180,2021-05-06,2022-01-20,73.27,60.5684,60.8344,120.9707,120.4416,52.73,73.27,0.0,38.9532,26774600
2022-01-21,180,2021-05-07,2022-01-21,72.17,60.6172,60.8934,119.0587,118.5185,52.73,73.27,-1.5013,36.8671,35995200
2022-01-24,180,2021-05-10,2022-01-24,72.79,60.6637,60.951,119.9893,119.4238,52.73,73.27,-0.6551,38.0429,41507000
2022-01-25,180,2021-05-11,2022-01-25,74.93,60.7176,61.0196,123.4073,122.7966,52.73,74.93,0.0,42.1013,39278400
2022-01-26,180,2021-05-12,2022-01-26,74.17,60.7796,61.0951,122.0311,121.401,52.73,74.93,-1.0143,40.66,35252400
2022-01-27,180,2021-05-13,2022-01-27,75.12,60.8483,61.1788,123.4546,122.7876,52.73,75.12,0.0,42.4616,29174700
2022-01-28,180,2021-05-14,2022-01-28,75.28,60.922,61.2676,123.5678,122.8708,52.73,75.28,0.0,42.765,30595700
2022-01-31,180,2021-05-17,2022-01-31,75.96,60.9899,61.352,124.5452,123.8101,52.73,75.96,0.0,44.0546,36085500
2022-02-01,180,2021-05-18,2022-02-01,80.83,61.0667,61.4556,132.3636,131.5259,52.73,80.83,0.0,53.2904,61033100
2022-02-02,180,2021-05-19,2022-02-02,80.62,61.1526,61.5677,131.8341,130.9452,52.73,80.83,-0.2598,52.8921,30299300
2022-02-03,180,2021-05-20,2022-02-03,79.68,61.2443,61.6827,130.102,129.1772,52.73,80.83,-1.4227,51.1094,28529400
2022-02-04,180,2021-05-21,2022-02-04,81.41,61.3426,61.8081,132.7136,131.7141,52.73,81.41,0.0,54.3903,32197500
2022-02-07,180,2021-05-24,2022-02-07,82.39,61.4439,61.9385,134.0899,133.019,52.73,82.39,0.0,56.2488,34949200
2022-02-08,180,2021-05-25,2022-02-08,80.26,61.5345,62.0532,130.4309,129.3406,52.73,82.39,-2.5853,52.2094,34356300
2022-02-09,180,2021-05-26,2022-02-09,79.0,61.6295,62.1684,128.1855,127.0741,52.73,82.39,-4.1146,49.8198,40106100
2022-02-10,180,2021-05-27,2022-02-10,78.24,61.7179,62.2757,126.7704,125.6349,52.73,82.39,-5.037,48.3785,28527700
2022-02-11,180,2021-05-28,2022-02-11,80.21,61.8156,62.3959,129.7569,128.55,52.73,82.39,-2.646,52.1145,42002100
2022-02-14,180,2021-06-01,2022-02-14,78.98,61.9106,62.5104,127.571,126.3469,52.73,82.39,-4.1388,49.7819,34652800
2022-02-15,180,2021-06-02,2022-02-15,77.99,61.9899,62.6078,125.8108,124.5691,52.73,82.39,-5.3405,47.9044,25075100
2022-02-16,180,2021-06-03,2022-02-16,78.35,62.0679,62.7046,126.2328,124.951,52.73,82.39,-4.9035,48.5871,21733800
2022-02-17,180,2021-06-04,2022-02-17,78.23,62.1442,62.7993,125.8847,124.5715,52.73,82.39,-5.0492,48.3596,23738800
2022-02-18,180,2021-06-07,2022-02-18,77.36,62.2161,62.8877,124.3409,123.013,52.73,82.39,-6.1051,46.7097,23394800
2022-02-22,180,2021-06-08,2022-02-22,76.46,62.2872,62.9733,122.754,121.4166,52.73,82.39,-7.1975,45.0028,35947800
2022-02-23,180,2021-06-09,2022-02-23,76.77,62.3534,63.0546,123.1208,121.7516,52.73,82.39,-6.8212,45.5907,25385000
2022-02-24,180,2021-06-10,2022-02-24,75.8,62.4132,63.1277,121.4486,120.0741,52.73,82.39,-7.9985,43.7512,46199900
2022-02-25,180,2021-06-11,2022-02-25,77.84,62.4802,63.2115,124.5835,123.1421,52.73,82.39,-5.5225,47.6199,28310300
2022-02-28,180,2021-06-14,2022-02-28,78.42,62.5525,63.3018,125.3666,123.8828,52.73,82.39,-4.8185,48.7199,32204600
2022-03-01,180,2021-06-15,2022-03-01,79.17,62.6283,63.3968,126.4125,124.8802,52.73,82.39,-3.9082,50.1422,40002300
2022-03-02,180,2021-06-16,2022-03-02,80.53,62.6965,63.4868,128.4442,126.8453,52.73,82.39,-2.2576,52.7214,44321400
2022-03-03,180,2021-06-17,2022-03-03,81.04,62.7678,63.5809,129.1108,127.4597,52.73,82.39,-1.6385,53.6886,30196600
2022-03-04,180,2021-06-18,2022-03-04,84.09,62.8607,63.7037,133.7719,132.0018,52.73,84.09,0.0,59.4728,42802200
2022-03-07,180,2021-06-21,2022-03-07,87.12,62.9724,63.8521,138.3463,136.4403,52.73,87.12,0.0,65.219,55207900
2022-03-08,180,2021-06-22,2022-03-08,87.78,63.0736,63.9921,139.1708,137.1733,52.73,87.78,0.0,66.4707,72082300
2022-03-09,180,2021-06-23,2022-03-09,82.79,63.1532,64.0976,131.0939,129.1624,52.73,87.78,-5.6847,57.0074,65466700
2022-03-10,180,2021-06-24,2022-03-10,85.36,63.2385,64.2148,134.981,132.9288,52.73,87.78,-2.7569,61.8813,44644200
2022-03-11,180,2021-06-25,2022-03-11,84.92,63.3214,64.3282,134.1096,132.0106,52.73,87.78,-3.2581,61.0468,35303400
2022-03-14,180,2021-06-28,2022-03-14,81.88,63.3939,64.4238,129.1607,127.0958,52.73,87.78,-6.7214,55.2816,37462600
2022-03-15,180,2021-06-29,2022-03-15,77.22,63.4592,64.5028,121.6845,119.7158,52.73,87.78,-12.0301,46.4442,47957900
2022-03-16,180,2021-06-30,2022-03-16,76.93,63.5257,64.5823,121.1006,119.1194,52.73,87.78,-12.3604,45.8942,37812300
2022-03-17,180,2021-07-01,2022-03-17,78.98,63.5973,64.6706,124.1876,122.1266,52.73,87.78,-10.0251,49.7819,34041900
2022-03-18,180,2021-07-02,2022-03-18,78.67,63.667,64.7562,123.5648,121.4864,52.73,87.78,-10.3782,49.194,41461500
2022-03-21,180,2021-07-06,2022-03-21,82.2,63.7496,64.8619,128.9419,126.7307,52.73,87.78,-6.3568,55.8885,33089300
2022-03-22,180,2021-07-07,2022-03-22,81.84,63.8418,64.9757,128.1919,125.9548,52.73,87.78,-6.7669,55.2058,23132200
2022-03-23,180,2021-07-08,2022-03-23,83.13,63.9444,65.1019,130.0036,127.6921,52.73,87.78,-5.2973,57.6522,27716300
2022-03-24,180,2021-07-09,2022-03-24,83.38,64.0498,65.231,130.1799,127.8227,52.73,87.78,-5.0125,58.1263,19871600
2022-03-25,180,2021-07-12,2022-03-25,85.2,64.1547,65.3642,132.8039,130.3466,52.73,87.78,-2.9392,61.5778,22398300
2022-03-28,180,2021-07-13,2022-03-28,82.81,64.2526,65.4844,128.882,126.4576,52.73,87.78,-5.6619,57.0453,21552400
2022-03-29,180,2021-07-14,2022-03-29,82.37,64.351,65.6038,128.0011,125.5568,52.73,87.78,-6.1631,56.2109,27036300
2022-03-30,180,2021-07-15,2022-03-30,83.78,64.463,65.7385,129.9659,127.4443,52.73,87.78,-4.5568,58.8849,22079000
2022-03-31,180,2021-07-16,2022-03-31,82.59,64.5753,65.8698,127.8971,125.3836,52.73,87.78,-5.9125,56.6281,27861500
2022-04-01,180,2021-07-19,2022-04-01,83.12,64.701,66.0132,128.4678,125.9143,52.73,87.78,-5.3087,57.6332,18671100
2022-04-04,180,2021-07-20,2022-04-04,83.16,64.8418,66.1677,128.2505,125.6807,52.73,87.78,-5.2632,57.7091,20869400
2022-04-05,180,2021-07-21,2022-04-05,82.73,64.9772,66.3164,127.3216,124.7505,52.73,87.78,-5.753,56.8936,21753100
2022-04-06,180,2021-07-22,2022-04-06,83.65,65.1031,66.4602,128.4885,125.8648,52.73,87.78,-4.7049,58.6384,24768200
2022-04-07,180,2021-07-23,2022-04-07,85.05,65.2389,66.6154,130.3671,127.6731,52.73,87.78,-3.11,61.2934,26122000
2022-04-08,180,2021-07-26,2022-04-08,86.84,65.3814,66.781,132.8206,130.037,52.73,87.78,-1.0709,64.688,24866500
2022-04-11,180,2021-07-27,2022-04-11,83.85,65.5045,66.9219,128.0064,125.2952,52.73,87.78,-4.4771,59.0176,21800100
2022-04-12,180,2021-07-28,2022-04-12,85.6,65.6385,67.0762,130.4112,127.616,52.73,87.78,-2.4835,62.3364,22444200
2022-04-13,180,2021-07-29,2022-04-13,86.81,65.7742,67.2351,131.9818,129.1142,52.73,87.78,-1.105,64.6311,19306800
2022-04-14,180,2021-07-30,2022-04-14,87.83,65.9087,67.3956,133.2602,130.3201,52.73,87.83,0.0,66.5655,24566400
2022-04-18,180,2021-08-02,2022-04-18,88.55,66.0557,67.5677,134.0536,131.0537,52.73,88.55,0.0,67.931,19032300
2022-04-19,180,2021-08-03,2022-04-19,87.76,66.2008,67.7354,132.5665,129.563,52.73,88.55,-0.8922,66.4328,20382600
2022-04-20,180,2021-08-04,2022-04-20,87.96,66.3426,67.9007,132.5845,129.5421,52.73,88.55,-0.6663,66.8121,20689400
2022-04-21,180,2021-08-05,2022-04-21,87.03,66.4922,68.0684,130.8876,127.8566,52.73,88.55,-1.7165,65.0484,29010900
2022-04-22,180,2021-08-06,2022-04-22,85.13,66.6333,68.2236,127.7588,124.7808,52.73,88.55,-3.8622,61.4451,23591600
2022-04-25,180,2021-08-09,2022-04-25,82.26,66.76,68.3592,123.2174,120.335,52.73,88.55,-7.1033,56.0023,37698300
2022-04-26,180,2021-08-10,2022-04-26,82.29,66.8923,68.4986,123.0187,120.1339,52.73,88.55,-7.0695,56.0592,28941500
2022-04-27,180,2021-08-11,2022-04-27,84.64,67.0261,68.6456,126.2791,123.3,52.73,88.55,-4.4156,60.5158,32773000
2022-04-28,180,2021-08-12,2022-04-28,87.2,67.1679,68.8058,129.8238,126.7334,52.73,88.55,-1.5246,65.3708,33683800
2022-04-29,180,2021-08-13,2022-04-29,85.25,67.3113,68.9608,126.6504,123.6209,52.73,88.55,-3.7267,61.6727,34656500
2022-05-02,180,2021-08-16,2022-05-02,86.41,67.4637,69.1255,128.0837,125.0045,52.73,88.55,-2.4167,63.8726,36335200
2022-05-03,180,2021-08-17,2022-05-03,88.19,67.6294,69.3047,130.4018,127.2497,52.73,88.55,-0.4066,67.2482,33908100
2022-05-04,180,2021-08-18,2022-05-04,91.7,67.8101,69.5054,135.2305,131.9321,52.73,91.7,0.0,73.9048,46188400
2022-05-05,180,2021-08-19,2022-05-05,90.31,67.9975,69.705,132.8138,129.5603,52.73,91.7,-1.5158,71.2687,41013400
2022-05-06,180,2021-08-20,2022-05-06,91.69,68.2051,69.9214,134.4328,131.1329,52.74,91.7,-0.0109,73.8529,29619300
2022-05-09,180,2021-08-23,2022-05-09,84.46,68.3896,70.0977,123.4983,120.489,53.64,91.7,-7.8953,57.4571,45851600
2022-05-10,180,2021-08-24,2022-05-10,85.02,68.5576,70.2649,124.0125,120.9992,53.64,91.7,-7.2846,58.5011,34483200
2022-05-11,180,2021-08-25,2022-05-11,86.79,68.7289,70.4396,126.2788,123.212,53.64,91.7,-5.3544,61.8009,33020600
2022-05-12,180,2021-08-26,2022-05-12,86.3,68.8984,70.6109,125.257,122.2191,53.64,91.7,-5.8888,60.8874,29491500
2022-05-13,180,2021-08-27,2022-05-13,88.86,69.0841,70.8006,128.6258,125.5074,53.64,91.7,-3.0971,65.66,25798400
2022-05-16,180,2021-08-30,2022-05-16,90.95,69.2685,70.9961,131.3006,128.1057,53.64,91.7,-0.8179,69.5563,26101200
2022-05-17,180,2021-08-31,2022-05-17,92.11,69.4629,71.2013,132.6031,129.3656,53.64,92.11,0.0,71.7189,23120700
2022-05-18,180,2021-09-01,2022-05-18,90.65,69.6594,71.4021,130.1331,126.9571,53.64,92.11,-1.5851,68.997,25451200
2022-05-19,180,2021-09-02,2022-05-19,91.14,69.8656,71.6097,130.4504,127.2733,53.64,92.11,-1.0531,69.9105,24387400
2022-05-20,180,2021-09-03,2022-05-20,91.86,70.0633,71.814,131.11,127.9138,53.64,92.11,-0.2714,71.2528,28795000
2022-05-23,180,2021-09-07,2022-05-23,93.89,70.2705,72.0308,133.6123,130.3471,53.64,93.89,0.0,75.0373,27239300
2022-05-24,180,2021-09-08,2022-05-24,94.4,70.4834,72.2522,133.9323,130.6535,53.64,94.4,0.0,75.9881,24293300
2022-05-25,180,2021-09-09,2022-05-25,96.3,70.7081,72.4869,136.1937,132.8516,53.64,96.3,0.0,79.5302,29947800
2022-05-26,180,2021-09-10,2022-05-26,96.64,70.935,72.7233,136.2375,132.8873,53.64,96.64,0.0,80.1641,24314800
2022-05-27,180,2021-09-13,2022-05-27,97.59,71.1671,72.9656,137.1279,133.748,53.64,97.59,0.0,81.9351,25588800
2022-05-31,180,2021-09-14,2022-05-31,96.0,71.3829,73.1913,134.4861,131.1632,53.64,97.59,-1.6293,78.9709,44888100
2022-06-01,180,2021-09-15,2022-06-01,97.84,71.6129,73.4316,136.6234,133.2396,53.64,97.84,0.0,82.4012,25815400
2022-06-02,180,2021-09-16,2022-06-02,97.67,71.8268,73.6608,135.9798,132.5943,53.64,97.84,-0.1738,82.0843,19089100
2022-06-03,180,2021-09-17,2022-06-03,99.09,72.0518,73.9012,137.5261,134.0845,53.64,99.09,0.0,84.7315,21038200
2022-06-06,180,2021-09-20,2022-06-06,98.84,72.2836,74.1438,136.7392,133.3085,53.64,99.09,-0.2523,84.2655,20682100
2022-06-07,180,2021-09-21,2022-06-07,103.37,72.5443,74.4198,142.4922,138.9011,53.64,103.37,0.0,92.7107,37810200
2022-06-08,180,2021-09-22,2022-06-08,104.59,72.8108,74.7029,143.6462,140.008,55.21,104.59,0.0,89.4403,31613200
2022-06-09,180,2021-09-23,2022-06-09,102.33,73.0573,74.9647,140.0681,136.5043,57.08,104.59,-2.1608,79.2747,26607000
2022-06-10,180,2021-09-24,2022-06-10,100.46,73.2823,75.2057,137.0863,133.5804,57.59,104.59,-3.9487,74.44,30950500
2022-06-13,180,2021-09-27,2022-06-13,95.85,73.4897,75.4182,130.4264,127.0913,58.82,104.59,-8.3564,62.9548,33421000
2022-06-14,180,2021-09-28,2022-06-14,96.1,73.684,75.6227,130.4219,127.0783,58.82,104.59,-8.1174,63.3798,31264000
2022-06-15,180,2021-09-29,2022-06-15,94.89,73.87,75.8169,128.4555,125.1567,58.82,104.59,-9.2743,61.3227,29620800
2022-06-16,180,2021-09-30,2022-06-16,91.39,74.0449,75.992,123.4251,120.2627,58.82,104.59,-12.6207,55.3723,35696700
2022-06-17,180,2021-10-01,2022-06-17,86.12,74.2094,76.1437,116.0499,113.102,59.16,104.59,-17.6594,45.5713,64610200
2022-06-21,180,2021-10-04,2022-06-21,91.48,74.3775,76.3134,122.9942,119.8741,59.16,104.59,-12.5347,54.6315,35951500
2022-06-22,180,2021-10-05,2022-06-22,87.86,74.5259,76.4586,117.8918,114.9118,59.16,104.59,-15.9958,48.5125,29727200
2022-06-23,180,2021-10-06,2022-06-23,85.21,74.6648,76.5897,114.1233,111.2552,59.16,104.59,-18.5295,44.0331,35757200
2022-06-24,180,2021-10-07,2022-06-24,86.9,74.8208,76.7364,116.1442,113.2448,59.16,104.59,-16.9137,46.8898,26639000
2022-06-27,180,2021-10-08,2022-06-27,89.03,74.9845,76.894,118.7312,115.7828,59.16,104.59,-14.8771,50.4902,25478700
2022-06-28,180,2021-10-11,2022-06-28,91.5,75.1458,77.0569,121.7632,118.7434,59.16,104.59,-12.5155,54.6653,33096900
2022-06-29,180,2021-10-12,2022-06-29,88.12,75.2997,77.2044,117.0256,114.1385,59.16,104.59,-15.7472,48.952,25400900
2022-06-30,180,2021-10-13,2022-06-30,85.64,75.4466,77.34,113.5108,110.7318,59.16,104.59,-18.1184,44.76,39948100
2022-07-01,180,2021-10-14,2022-07-01,87.55,75.6035,77.4871,115.8015,112.9865,59.16,104.59,-16.2922,47.9885,26327900
2022-07-05,180,2021-10-15,2022-07-05,84.81,75.7415,77.6138,111.9729,109.2718,59.16,104.59,-18.9119,43.357,34591100
2022-07-06,180,2021-10-18,2022-07-06,83.28,75.8682,77.7288,109.7692,107.1418,59.16,104.59,-20.3748,40.7708,33375700
2022-07-07,180,2021-10-19,2022-07-07,85.94,76.0076,77.8587,113.0677,110.3795,59.16,104.59,-17.8315,45.2671,23817400
2022-07-08,180,2021-10-20,2022-07-08,86.08,76.1404,77.9841,113.0543,110.3815,59.16,104.59,-17.6977,45.5037,17673800
2022-07-11,180,2021-10-21,2022-07-11,85.64,76.2689,78.1052,112.2869,109.647,59.16,104.59,-18.1184,44.76,15603800
2022-07-12,180,2021-10-22,2022-07-12,84.5,76.4022,78.2263,110.5989,108.0199,59.16,104.59,-19.2083,42.833,21013000
2022-07-13,180,2021-10-25,2022-07-13,84.84,76.534,78.347,110.8527,108.2875,59.16,104.59,-18.8833,43.4077,19928600
2022-07-14,180,2021-10-26,2022-07-14,83.14,76.6484,78.4514,108.4693,105.9765,59.16,104.59,-20.5087,40.5341,26343000
2022-07-15,180,2021-10-27,2022-07-15,84.54,76.7582,78.5553,110.138,107.6185,59.16,104.59,-19.1701,42.9006,17243700
2022-07-18,180,2021-10-28,2022-07-18,86.1,76.8887,78.6773,111.98,109.4343,59.16,104.59,-17.6786,45.5375,19395800
2022-07-19,180,2021-10-29,2022-07-19,88.27,77.0276,78.8104,114.5953,112.0029,59.16,104.59,-15.6038,49.2055,18248900
2022-07-20,180,2021-11-01,2022-07-20,89.24,77.1698,78.9481,115.6411,113.0363,59.16,104.59,-14.6764,50.8452,16584400
2022-07-21,180,2021-11-02,2022-07-21,87.75,77.297,79.0709,113.5231,110.9763,59.16,104.59,-16.101,48.3266,21375700
2022-07-22,180,2021-11-03,2022-07-22,87.08,77.4282,79.1946,112.4655,109.957,59.16,104.59,-16.7416,47.1941,15479500
2022-07-25,180,2021-11-04,2022-07-25,89.98,77.5793,79.3393,115.9846,113.4116,59.16,104.59,-13.9688,52.096,17536400
2022-07-26,180,2021-11-05,2022-07-26,89.63,77.7256,79.4794,115.3159,112.7713,59.16,104.59,-14.3035,51.5044,15141200
2022-07-27,180,2021-11-08,2022-07-27,91.57,77.8756,79.6269,117.585,114.9988,59.16,104.59,-12.4486,54.7836,18047000
2022-07-28,180,2021-11-09,2022-07-28,92.64,78.0249,79.7765,118.7314,116.1244,59.16,104.59,-11.4256,56.5923,20353100
2022-07-29,180,2021-11-10,2022-07-29,96.93,78.1859,79.9463,123.9737,121.2438,59.16,104.59,-7.3238,63.8438,29825800
2022-08-01,180,2021-11-11,2022-08-01,94.48,78.3559,80.1146,120.578,117.9311,59.16,104.59,-9.6663,59.7025,20793200
2022-08-02,180,2021-11-12,2022-08-02,94.07,78.5241,80.2799,119.7977,117.1775,59.16,104.59,-10.0583,59.0095,16722500
2022-08-03,180,2021-11-15,2022-08-03,91.02,78.6848,80.4311,115.6767,113.1652,59.16,104.59,-12.9745,53.854,23580800
2022-08-04,180,2021-11-16,2022-08-04,87.19,78.8249,80.5578,110.6123,108.2328,59.16,104.59,-16.6364,47.38,31821500
2022-08-05,180,2021-11-17,2022-08-05,88.45,78.9658,80.688,112.0105,109.6198,59.16,104.59,-15.4317,49.5098,17408000
2022-08-08,180,2021-11-18,2022-08-08,88.95,79.1153,80.8249,112.4309,110.0527,59.16,104.59,-14.9536,50.355,14458500
2022-08-09,180,2021-11-19,2022-08-09,90.59,79.2784,80.9748,114.2681,111.8743,59.16,104.59,-13.3856,53.1271,19083400
2022-08-10,180,2021-11-22,2022-08-10,91.45,79.4726,81.1458,115.0711,112.6984,59.16,104.59,-12.5633,54.5808,18302000
2022-08-11,180,2021-11-23,2022-08-11,93.19,79.667,81.3218,116.9744,114.5942,59.16,104.59,-10.8997,57.522,18797900
2022-08-12,180,2021-11-24,2022-08-12,94.0,79.8509,81.4933,117.7195,115.3469,59.16,104.59,-10.1252,58.8911,15058200
2022-08-15,180,2021-11-26,2022-08-15,92.32,80.0256,81.6535,115.3631,113.0631,59.16,104.59,-11.7315,56.0514,20755200
2022-08-16,180,2021-11-29,2022-08-16,91.46,80.2179,81.8213,114.0145,111.7801,59.16,104.59,-12.5538,54.5977,14038200
2022-08-17,180,2021-11-30,2022-08-17,92.2,80.4111,81.9914,114.6608,112.4508,59.16,104.59,-11.8463,55.8485,13678000
2022-08-18,180,2021-12-01,2022-08-18,94.38,80.6314,82.1833,117.0512,114.8409,59.16,104.59,-9.7619,59.5335,17770400
2022-08-19,180,2021-12-02,2022-08-19,94.08,80.8521,82.3738,116.3606,114.2111,59.16,104.59,-10.0488,59.0264,16128600
2022-08-22,180,2021-12-03,2022-08-22,94.01,81.059,82.5556,115.9773,113.8748,59.16,104.59,-10.1157,58.908,16019900
2022-08-23,180,2021-12-06,2022-08-23,98.0,81.2866,82.7618,120.561,118.4121,59.16,104.59,-6.3008,65.6525,23764700
2022-08-24,180,2021-12-07,2022-08-24,98.58,81.511,82.9673,120.9407,118.8179,59.16,104.59,-5.7462,66.6329,17050300
2022-08-25,180,2021-12-08,2022-08-25,99.09,81.7319,83.1719,121.2379,119.1388,59.16,104.59,-5.2586,67.4949,15305700
2022-08-26,180,2021-12-09,2022-08-26,97.87,81.9475,83.3687,119.4301,117.3942,59.16,104.59,-6.4251,65.4327,15531400
2022-08-29,180,2021-12-10,2022-08-29,100.12,82.1713,83.5771,121.843,119.7936,59.16,104.59,-4.2738,69.236,23059200
2022-08-30,180,2021-12-13,2022-08-30,96.31,82.3777,83.7621,116.9127,114.9805,59.16,104.59,-7.9166,62.7958,17086800
2022-08-31,180,2021-12-14,2022-08-31,95.59,82.5956,83.9507,115.7326,113.8644,59.16,104.59,-8.605,61.5788,18340900
2022-09-01,180,2021-12-15,2022-09-01,93.87,82.8083,84.1303,113.3583,111.5769,59.16,104.59,-10.2495,58.6714,16423000
2022-09-02,180,2021-12-16,2022-09-02,95.59,83.0321,84.321,115.1242,113.3644,59.16,104.59,-8.605,61.5788,18206800
2022-09-06,180,2021-12-17,2022-09-06,94.95,83.2534,84.5076,114.0494,112.3568,59.16,104.59,-9.2169,60.497,19201500
2022-09-07,180,2021-12-20,2022-09-07,94.14,83.4865,84.6971,112.7608,111.1491,59.16,104.59,-9.9914,59.1278,16274700
2022-09-08,180,2021-12-21,2022-09-08,94.91,83.7338,84.8957,113.3474,111.7961,60.5,104.59,-9.2552,56.876,18759200
2022-09-09,180,2021-12-22,2022-09-09,96.5,83.9746,85.0957,114.9157,113.4018,60.79,104.59,-7.735,58.7432,17158000
2022-09-12,180,2021-12-23,2022-09-12,97.61,84.2163,85.2991,115.9039,114.4326,60.79,104.59,-6.6737,60.5692,16118900
2022-09-13,180,2021-12-27,2022-09-13,95.33,84.4494,85.4897,112.8842,111.5105,60.79,104.59,-8.8536,56.8186,18229100
2022-09-14,180,2021-12-28,2022-09-14,97.67,84.6845,85.6885,115.3339,113.9826,60.79,104.59,-6.6163,60.6679,22655700
2022-09-15,180,2021-12-29,2022-09-15,94.83,84.9108,85.8726,111.6819,110.431,60.79,104.59,-9.3317,55.9961,21092300
2022-09-16,180,2021-12-30,2022-09-16,93.21,85.1367,86.0507,109.4827,108.3198,60.79,104.59,-10.8806,53.3311,37874700
2022-09-19,180,2021-12-31,2022-09-19,93.2,85.3677,86.2308,109.1748,108.0821,61.19,104.59,-10.8901,52.3125,15342100
2022-09-20,180,2022-01-03,2022-09-20,92.44,85.592,86.4044,108.0008,106.9853,63.54,104.59,-11.6168,45.4832,14712500
2022-09-21,180,2022-01-04,2022-09-21,90.95,85.7854,86.5567,106.0203,105.0757,65.93,104.59,-13.0414,37.9493,17332400
2022-09-22,180,2022-01-05,2022-09-22,90.57,85.9545,86.6936,105.3697,104.4714,66.75,104.59,-13.4047,35.6854,16139400
2022-09-23,180,2022-01-06,2022-09-23,85.75,86.0909,86.7991,99.604,98.7913,68.32,104.59,-18.0132,25.5123,27738800
2022-09-26,180,2022-01-07,2022-09-26,83.98,86.2035,86.8861,97.4207,96.6553,68.47,104.59,-19.7055,22.6523,22043400
2022-09-27,180,2022-01-10,2022-09-27,85.74,86.3215,86.9798,99.3264,98.5746,68.47,104.59,-18.0228,25.2227,17307300
2022-09-28,180,2022-01-11,2022-09-28,88.86,86.4605,87.0931,102.7753,102.0288,70.63,104.59,-15.0397,25.8106,19543300
2022-09-29,180,2022-01-12,2022-09-29,88.68,86.5744,87.1893,102.4322,101.7097,70.63,104.59,-15.2118,25.5557,17896000
2022-09-30,180,2022-01-13,2022-09-30,87.31,86.6829,87.2792,100.7235,100.0353,70.63,104.59,-16.5217,23.616,21357600
2022-10-03,180,2022-01-14,2022-10-03,91.92,86.82,87.3974,105.8742,105.1747,71.87,104.59,-12.114,27.8976,23881300
2022-10-04,180,2022-01-18,2022-10-04,95.27,86.9633,87.5274,109.5519,108.8459,72.17,104.59,-8.911,32.0078,22133700
2022-10-05,180,2022-01-19,2022-10-05,99.12,87.1146,87.6721,113.7811,113.0576,72.17,104.59,-5.2299,37.3424,34857700
2022-10-06,180,2022-01-20,2022-10-06,102.06,87.2785,87.8329,116.936,116.1979,72.17,104.59,-2.419,41.4161,29124700
2022-10-07,180,2022-01-21,2022-10-07,101.03,87.4375,87.9872,115.5454,114.8236,72.17,104.59,-3.4038,39.9889,24507600
2022-10-10,180,2022-01-24,2022-10-10,98.84,87.5966,88.1353,112.8354,112.1457,72.79,104.59,-5.4977,35.7879,16786100
2022-10-11,180,2022-01-25,2022-10-11,98.0,87.7475,88.2754,111.6841,111.0162,74.17,104.59,-6.3008,32.1289,17804100
2022-10-12,180,2022-01-26,2022-10-12,98.43,87.884,88.4059,111.9999,111.3387,74.17,104.59,-5.8897,32.7086,12635800
2022-10-13,180,2022-01-27,2022-10-13,101.87,88.0416,88.5598,115.7066,115.0296,75.12,104.59,-2.6006,35.6097,22019100
2022-10-14,180,2022-01-28,2022-10-14,99.19,88.181,88.6936,112.4846,111.8345,75.28,104.59,-5.163,31.7614,15222000
2022-10-17,180,2022-01-31,2022-10-17,100.62,88.3257,88.8343,113.9193,113.267,75.8,104.59,-3.7958,32.7441,14283200
2022-10-18,180,2022-02-01,2022-10-18,100.8,88.4665,88.9723,113.9414,113.2936,75.8,104.59,-3.6237,32.9815,14065400
2022-10-19,180,2022-02-02,2022-10-19,103.79,88.5857,89.0999,117.1634,116.4872,75.8,104.59,-0.7649,36.9261,20921700
2022-10-20,180,2022-02-03,2022-10-20,103.93,88.7071,89.2294,117.1608,116.4751,75.8,104.59,-0.631,37.1108,17649000
2022-10-21,180,2022-02-04,2022-10-21,105.86,88.843,89.3748,119.154,118.445,75.8,105.86,0.0,39.657,22814100
2022-10-24,180,2022-02-07,2022-10-24,106.6,88.9705,89.5148,119.815,119.0865,75.8,106.6,0.0,40.6332,17024200
2022-10-25,180,2022-02-08,2022-10-25,105.88,89.0891,89.6453,118.8473,118.11,75.8,106.6,-0.6754,39.6834,15719800
2022-10-26,180,2022-02-09,2022-10-26,107.14,89.2271,89.7946,120.0756,119.3167,75.8,107.14,0.0,41.3456,17383800
2022-10-27,180,2022-02-10,2022-10-27,107.55,89.376,89.9532,120.3343,119.5621,75.8,107.55,0.0,41.8865,18214000
2022-10-28,180,2022-02-11,2022-10-28,110.7,89.5426,90.1336,123.6283,122.8177,75.8,110.7,0.0,46.0422,28169400
2022-10-31,180,2022-02-14,2022-10-31,110.81,89.6962,90.3036,123.5392,122.7083,75.8,110.81,0.0,46.1873,26401800
2022-11-01,180,2022-02-15,2022-11-01,111.91,89.8631,90.4865,124.5339,123.6759,75.8,111.91,0.0,47.6385,22213100
2022-11-02,180,2022-02-16,2022-11-02,109.61,90.0293,90.6622,121.7492,120.8994,75.8,111.91,-2.0552,44.6042,20654200
2022-11-03,180,2022-02-17,2022-11-03,111.1,90.1991,90.8441,123.172,122.2974,75.8,111.91,-0.7238,46.5699,17103700
2022-11-04,180,2022-02-18,2022-11-04,112.31,90.3747,91.0334,124.2715,123.3722,75.8,112.31,0.0,48.1662,17541500
2022-11-07,180,2022-02-22,2022-11-07,113.64,90.5624,91.235,125.4826,124.5575,75.8,113.64,0.0,49.9208,16008000
2022-11-08,180,2022-02-23,2022-11-08,114.0,90.759,91.4436,125.6073,124.6671,75.8,114.0,0.0,50.3958,14661000
2022-11-09,180,2022-02-24,2022-11-09,108.9,90.9353,91.6221,119.7555,118.8578,75.8,114.0,-4.4737,43.6675,19522800
2022-11-10,180,2022-02-25,2022-11-10,110.5,91.126,91.8148,121.2607,120.3509,76.93,114.0,-3.0702,43.6371,20146700
2022-11-11,180,2022-02-28,2022-11-11,113.95,91.3142,92.0154,124.7889,123.8379,76.93,114.0,-0.0439,48.1217,20518900
2022-11-14,180,2022-03-01,2022-11-14,113.37,91.4967,92.2096,123.9062,122.9481,76.93,114.0,-0.5526,47.3677,20858300
2022-11-15,180,2022-03-02,2022-11-15,114.13,91.677,92.4038,124.4915,123.5122,76.93,114.13,0.0,48.3556,19373800
2022-11-16,180,2022-03-03,2022-11-16,112.91,91.8435,92.5837,122.9373,121.9545,76.93,114.13,-1.069,46.7698,13591000
2022-11-17,180,2022-03-04,2022-11-17,113.06,92.0076,92.7616,122.8812,121.8823,76.93,114.13,-0.9375,46.9648,12425900
2022-11-18,180,2022-03-07,2022-11-18,112.08,92.1475,92.9171,121.6311,120.6236,76.93,114.13,-1.7962,45.6909,15415000
2022-11-21,180,2022-03-08,2022-11-21,110.97,92.264,93.0496,120.2744,119.259,76.93,114.13,-2.7688,44.248,20973000
2022-11-22,180,2022-03-09,2022-11-22,114.18,92.3887,93.1963,123.5865,122.5156,76.93,114.18,0.0,48.4206,17719100
2022-11-23,180,2022-03-10,2022-11-23,113.61,92.5444,93.3675,122.7627,121.6805,76.93,114.18,-0.4992,47.6797,11546700
2022-11-25,180,2022-03-11,2022-11-25,113.21,92.6817,93.5222,122.1492,121.0514,76.93,114.18,-0.8495,47.1598,7136000
2022-11-28,180,2022-03-14,2022-11-28,109.81,92.8093,93.6605,118.3179,117.2426,76.93,114.18,-3.8273,42.7402,23015500
2022-11-29,180,2022-03-15,2022-11-29,110.54,92.961,93.8197,118.91,117.8217,76.93,114.18,-3.1879,43.6891,14453200
2022-11-30,180,2022-03-16,2022-11-30,111.34,93.152,94.0093,119.5251,118.4351,76.93,114.18,-2.4873,44.729,23158100
2022-12-01,180,2022-03-17,2022-12-01,110.8,93.3439,94.1974,118.7008,117.6253,78.67,114.18,-2.9602,40.8415,14398300
2022-12-02,180,2022-03-18,2022-12-02,109.86,93.5165,94.369,117.4766,116.4153,78.67,114.18,-3.7835,39.6466,15248400
2022-12-05,180,2022-03-21,2022-12-05,106.85,93.6797,94.5256,114.0589,113.0382,81.84,114.18,-6.4197,30.5596,19287700
2022-12-06,180,2022-03-22,2022-12-06,103.88,93.8036,94.646,110.742,109.7564,81.84,114.18,-9.0208,26.9306,21197000
2022-12-07,180,2022-03-23,2022-12-07,103.65,93.9295,94.7672,110.3488,109.3733,82.26,114.18,-9.2223,26.0029,20061700
2022-12-08,180,2022-03-24,2022-12-08,104.42,94.0498,94.8854,111.0262,110.0485,82.26,114.18,-8.5479,26.939,21128800
2022-12-09,180,2022-03-25,2022-12-09,103.54,94.1647,94.9974,109.9562,108.9924,82.26,114.18,-9.3186,25.8692,21298200
2022-12-12,180,2022-03-28,2022-12-12,106.09,94.2787,95.1135,112.528,111.5404,82.26,114.18,-7.0853,28.9691,20413200
2022-12-13,180,2022-03-29,2022-12-13,107.25,94.4148,95.2493,113.5945,112.5993,82.26,114.18,-6.0694,30.3793,24305300
2022-12-14,180,2022-03-30,2022-12-14,106.46,94.551,95.3831,112.5953,111.613,82.26,114.18,-6.7613,29.4189,17597300
2022-12-15,180,2022-03-31,2022-12-15,105.44,94.673,95.5034,111.3729,110.4044,82.26,114.18,-7.6546,28.1789,15365100
2022-12-16,180,2022-04-01,2022-12-16,104.7,94.8005,95.6263,110.4425,109.4887,82.26,114.18,-8.3027,27.2794,54596600
2022-12-19,180,2022-04-04,2022-12-19,105.17,94.9266,95.7488,110.7909,109.8395,82.26,114.18,-7.8911,27.8507,13611100
2022-12-20,180,2022-04-05,2022-12-20,106.69,95.0595,95.8795,112.2349,111.2751,82.26,114.18,-6.5598,29.6985,14680000
2022-12-21,180,2022-04-06,2022-12-21,108.06,95.202,96.0202,113.506,112.5388,82.26,114.18,-5.36,31.364,13565400
2022-12-22,180,2022-04-07,2022-12-22,105.88,95.3285,96.1437,111.0685,110.1268,82.26,114.18,-7.2692,28.7138,13213000
2022-12-23,180,2022-04-08,2022-12-23,108.68,95.4578,96.275,113.8514,112.885,82.26,114.18,-4.817,32.1177,11539400
2022-12-27,180,2022-04-11,2022-12-27,110.19,95.5815,96.4047,115.2839,114.2994,82.26,114.18,-3.4945,33.9533,11962100
2022-12-28,180,2022-04-12,2022-12-28,108.38,95.7187,96.541,113.2277,112.2632,82.26,114.18,-5.0797,31.753,10702100
2022-12-29,180,2022-04-13,2022-12-29,109.2,95.8473,96.6721,113.9312,112.9592,82.26,114.18,-4.3615,32.7498,10534000
2022-12-30,180,2022-04-14,2022-12-30,110.3,95.9727,96.8026,114.9285,113.9432,82.26,114.18,-3.3981,34.087,11799600
2023-01-03,180,2022-04-18,2023-01-03,106.51,96.075,96.9064,110.8613,109.9102,82.26,114.18,-6.7175,29.4797,15146200
2023-01-04,180,2022-04-19,2023-01-04,106.82,96.1742,97.0079,111.0693,110.1148,82.26,114.18,-6.446,29.8565,18058400
2023-01-05,180,2022-04-20,2023-01-05,109.21,96.2893,97.1271,113.4186,112.4403,82.26,114.18,-4.3528,32.762,15946600
2023-01-06,180,2022-04-21,2023-01-06,110.53,96.409,97.2524,114.6469,113.6527,82.26,114.18,-3.1967,34.3666,16348100
2023-01-09,180,2022-04-22,2023-01-09,108.47,96.5264,97.3716,112.3734,111.398,82.26,114.18,-5.0009,31.8624,17964600
2023-01-10,180,2022-04-25,2023-01-10,110.09,96.6645,97.5102,113.8888,112.901,82.26,114.18,-3.5821,33.8317,15104600
2023-01-11,180,2022-04-26,2023-01-11,111.37,96.8297,97.6719,115.0163,114.0246,82.29,114.18,-2.461,35.3384,16710400
2023-01-12,180,2022-04-27,2023-01-12,113.22,97.003,97.8438,116.7181,115.7151,83.14,114.18,-0.8408,36.1799,15357300
2023-01-13,180,2022-04-28,2023-01-13,113.15,97.1588,98.0022,116.4588,115.4566,83.14,114.18,-0.9021,36.0957,12011400
2023-01-17,180,2022-04-29,2023-01-17,112.93,97.296,98.1451,116.0684,115.0643,83.14,114.18,-1.0948,35.8311,16542200
2023-01-18,180,2022-05-02,2023-01-18,110.61,97.4377,98.286,113.5187,112.5389,83.14,114.18,-3.1266,33.0407,16399700
2023-01-19,180,2022-05-03,2023-01-19,111.32,97.5745,98.4244,114.0872,113.102,83.14,114.18,-2.5048,33.8946,12928000
2023-01-20,180,2022-05-04,2023-01-20,113.35,97.7078,98.5642,116.0092,115.0012,83.14,114.18,-0.7269,36.3363,16515600
2023-01-23,180,2022-05-05,2023-01-23,112.76,97.8159,98.6812,115.2777,114.267,83.14,114.18,-1.2436,35.6267,16584400
2023-01-24,180,2022-05-06,2023-01-24,113.81,97.9376,98.8117,116.2066,115.1786,83.14,114.18,-0.3241,36.8896,13583000
2023-01-25,180,2022-05-09,2023-01-25,113.21,98.0482,98.9313,115.4636,114.433,83.14,114.18,-0.8495,36.1679,11914700
2023-01-26,180,2022-05-10,2023-01-26,117.76,98.2274,99.1163,119.8851,118.81,83.14,117.76,0.0,41.6406,21019700
2023-01-27,180,2022-05-11,2023-01-27,115.61,98.3945,99.2862,117.4965,116.4411,83.14,117.76,-1.8257,39.0546,15179200
2023-01-30,180,2022-05-12,2023-01-30,113.56,98.5408,99.4349,115.2416,114.2053,83.14,117.76,-3.5666,36.5889,18672100
2023-01-31,180,2022-05-13,2023-01-31,116.01,98.7011,99.6,117.5367,116.4759,83.14,117.76,-1.4861,39.5357,27861800
2023-02-01,180,2022-05-16,2023-02-01,114.74,98.8387,99.7438,116.0881,115.0347,83.14,117.76,-2.5645,38.0082,19464900
2023-02-02,180,2022-05-17,2023-02-02,111.15,98.9473,99.856,112.3326,111.3103,83.14,117.76,-5.6131,33.6902,24562100
2023-02-03,180,2022-05-18,2023-02-03,111.92,99.0519,99.9661,112.9913,111.958,83.14,117.76,-4.9592,34.6163,20226600
2023-02-06,180,2022-05-19,2023-02-06,111.73,99.1655,100.0832,112.6703,111.6372,83.14,117.76,-5.1206,34.3878,13855200
2023-02-07,180,2022-05-20,2023-02-07,114.92,99.2897,100.2153,115.7422,114.6731,83.14,117.76,-2.4117,38.2247,16013300
2023-02-08,180,2022-05-23,2023-02-08,113.92,99.4052,100.3378,114.6016,113.5364,83.14,117.76,-3.2609,37.0219,18459700
2023-02-09,180,2022-05-24,2023-02-09,114.35,99.51,100.4515,114.9131,113.836,83.14,117.76,-2.8957,37.5391,17439300
2023-02-10,180,2022-05-25,2023-02-10,119.17,99.6312,100.5891,119.6111,118.4721,83.14,119.17,0.0,43.3365,24918600
2023-02-13,180,2022-05-26,2023-02-13,117.8,99.7359,100.7086,118.112,116.9712,83.14,119.17,-1.1496,41.6887,14536200
2023-02-14,180,2022-05-27,2023-02-14,116.42,99.8331,100.8184,116.6146,115.4749,83.14,119.17,-2.3076,40.0289,12079000
2023-02-15,180,2022-05-31,2023-02-15,116.07,99.9235,100.9211,116.1588,115.0106,83.14,119.17,-2.6013,39.6079,13663400
2023-02-16,180,2022-06-01,2023-02-16,115.73,100.0221,101.0307,115.7044,114.5493,83.14,119.17,-2.8866,39.1989,11360600
2023-02-17,180,2022-06-02,2023-02-17,111.28,100.0908,101.1054,111.179,110.0634,83.14,119.17,-6.6208,33.8465,20758300
2023-02-21,180,2022-06-03,2023-02-21,111.17,100.16,101.1804,110.9924,109.8731,83.14,119.17,-6.7131,33.7142,14469400
2023-02-22,180,2022-06-06,2023-02-22,109.73,100.2146,101.2395,109.495,108.3866,83.14,119.17,-7.9215,31.9822,13973800
2023-02-23,180,2022-06-07,2023-02-23,110.74,100.2753,101.3056,110.436,109.3128,83.14,119.17,-7.0739,33.197,11289400
2023-02-24,180,2022-06-08,2023-02-24,110.75,100.3113,101.3466,110.4063,109.2784,83.14,119.17,-7.0655,33.209,14351000
2023-02-27,180,2022-06-09,2023-02-27,110.55,100.3402,101.3797,110.1752,109.0455,83.14,119.17,-7.2334,32.9685,11710500
2023-02-28,180,2022-06-10,2023-02-28,109.91,100.3779,101.4218,109.4962,108.3692,83.14,119.17,-7.7704,32.1987,18107000
2023-03-01,180,2022-06-13,2023-03-01,110.89,100.4303,101.4798,110.4149,109.273,83.14,119.17,-6.9481,33.3774,13200000
2023-03-02,180,2022-06-14,2023-03-02,111.4,100.512,101.5662,110.8326,109.6822,83.14,119.17,-6.5201,33.9909,10339900
2023-03-03,180,2022-06-15,2023-03-03,112.81,100.5986,101.659,112.1388,110.969,83.14,119.17,-5.3369,35.6868,13006700
2023-03-06,180,2022-06-16,2023-03-06,113.81,100.6972,101.7641,113.0221,111.8371,83.14,119.17,-4.4978,36.8896,14347400
2023-03-07,180,2022-06-17,2023-03-07,111.61,100.809,101.8764,110.7144,109.5543,83.14,119.17,-6.3439,34.2434,11525300
2023-03-08,180,2022-06-21,2023-03-08,109.98,100.9514,102.009,108.9435,107.814,83.14,119.17,-7.7117,32.2829,13509800
2023-03-09,180,2022-06-22,2023-03-09,109.13,101.0516,102.1071,107.9944,106.878,83.14,119.17,-8.4249,31.2605,12961200
2023-03-10,180,2022-06-23,2023-03-10,107.78,101.1711,102.2177,106.5324,105.4416,83.14,119.17,-9.5578,29.6368,15795700
2023-03-13,180,2022-06-24,2023-03-13,106.54,101.3048,102.3362,105.1677,104.1078,83.14,119.17,-10.5983,28.1453,20745600
2023-03-14,180,2022-06-27,2023-03-14,106.94,101.4279,102.4476,105.4345,104.3851,83.14,119.17,-10.2626,28.6264,18263500
2023-03-15,180,2022-06-28,2023-03-15,101.62,101.5075,102.5175,100.1108,99.1245,83.14,119.17,-14.7269,22.2276,25733800
2023-03-16,180,2022-06-29,2023-03-16,101.03,101.5666,102.5704,99.4717,98.4982,83.14,119.17,-15.222,21.5179,27465200
2023-03-17,180,2022-06-30,2023-03-17,99.84,101.643,102.6356,98.2262,97.2762,83.14,119.17,-16.2205,20.0866,43199500
2023-03-20,180,2022-07-01,2023-03-20,102.45,101.7531,102.7289,100.6849,99.7285,83.14,119.17,-14.0304,23.2259,32042100
2023-03-21,180,2022-07-05,2023-03-21,107.04,101.8728,102.8372,105.0722,104.0868,83.14,119.17,-10.1787,28.7467,31592300
2023-03-22,180,2022-07-06,2023-03-22,104.59,102.0016,102.9471,102.5376,101.5959,83.14,119.17,-12.2346,25.7999,14952700
2023-03-23,180,2022-07-07,2023-03-23,103.41,102.1369,103.0589,101.2465,100.3406,83.14,119.17,-13.2248,24.3806,14385900
2023-03-24,180,2022-07-08,2023-03-24,103.53,102.2516,103.1567,101.2503,100.3619,83.14,119.17,-13.1241,24.5249,13401600
2023-03-27,180,2022-07-11,2023-03-27,105.8,102.3775,103.2662,103.343,102.4536,83.14,119.17,-11.2193,27.2552,14805900
2023-03-28,180,2022-07-12,2023-03-28,107.12,102.514,103.3856,104.493,103.6122,83.14,119.17,-10.1116,28.8429,11047600
2023-03-29,180,2022-07-13,2023-03-29,108.96,102.6694,103.5214,106.1271,105.2536,83.14,119.17,-8.5676,31.0561,14219100
2023-03-30,180,2022-07-14,2023-03-30,109.49,102.825,103.6584,106.4819,105.6258,83.14,119.17,-8.1228,31.6935,11578200
2023-03-31,180,2022-07-15,2023-03-31,109.66,102.9961,103.8057,106.47,105.6397,83.98,119.17,-7.9802,30.5787,14418000
2023-04-03,180,2022-07-18,2023-04-03,116.13,103.1861,103.9812,112.5442,111.6836,83.98,119.17,-2.551,38.2829,28087700
2023-04-04,180,2022-07-19,2023-04-04,115.02,103.3591,104.1419,111.2819,110.4455,83.98,119.17,-3.4824,36.9612,16365500
2023-04-05,180,2022-07-20,2023-04-05,116.99,103.5245,104.3014,113.0071,112.1653,83.98,119.17,-1.8293,39.307,16479500
2023-04-06,180,2022-07-21,2023-04-06,115.05,103.6744,104.4448,110.9725,110.1538,83.98,119.17,-3.4572,36.9969,15778000
2023-04-10,180,2022-07-22,2023-04-10,114.54,103.8338,104.5937,110.3109,109.5095,83.98,119.17,-3.8852,36.3896,13006600
2023-04-11,180,2022-07-25,2023-04-11,115.35,104.0026,104.7507,110.9107,110.1186,83.98,119.17,-3.2055,37.3541,11758500
2023-04-12,180,2022-07-26,2023-04-12,115.23,104.1492,104.891,110.6394,109.8569,83.98,119.17,-3.3062,37.2112,10919000
2023-04-13,180,2022-07-27,2023-04-13,115.77,104.3012,105.0362,110.9958,110.2191,83.98,119.17,-2.8531,37.8542,12399700
2023-04-14,180,2022-07-28,2023-04-14,116.05,104.4406,105.1722,111.1158,110.3428,83.98,119.17,-2.6181,38.1877,11530800
2023-04-17,180,2022-07-29,2023-04-17,114.7,104.5666,105.2948,109.6909,108.9323,83.98,119.17,-3.7509,36.5801,13260400
2023-04-18,180,2022-08-01,2023-04-18,116.94,104.6739,105.4059,111.7184,110.9425,83.98,119.17,-1.8713,39.2474,17436100
2023-04-19,180,2022-08-02,2023-04-19,116.57,104.7961,105.5287,111.235,110.4629,83.98,119.17,-2.1818,38.8069,10682600
2023-04-20,180,2022-08-03,2023-04-20,115.64,104.9173,105.6485,110.2202,109.4573,83.98,119.17,-2.9622,37.6994,17038700
2023-04-21,180,2022-08-04,2023-04-21,116.01,105.0622,105.7873,110.4203,109.6634,83.98,119.17,-2.6517,38.14,14315300
2023-04-24,180,2022-08-05,2023-04-24,118.2,105.247,105.9596,112.3072,111.5519,83.98,119.17,-0.814,40.7478,15831300
2023-04-25,180,2022-08-08,2023-04-25,116.52,105.4149,106.1156,110.5346,109.8048,83.98,119.17,-2.2237,38.7473,12179800
2023-04-26,180,2022-08-09,2023-04-26,115.45,105.5745,106.2628,109.3541,108.6458,83.98,119.17,-3.1216,37.4732,15566100
2023-04-27,180,2022-08-10,2023-04-27,116.83,105.7282,106.4086,110.5003,109.7938,83.98,119.17,-1.9636,39.1165,16279200
2023-04-28,180,2022-08-11,2023-04-28,118.34,105.8827,106.5579,111.7651,111.0569,83.98,119.17,-0.6965,40.9145,24381900
2023-05-01,180,2022-08-12,2023-05-01,114.67,106.0081,106.6773,108.171,107.4924,83.98,119.17,-3.7761,36.5444,17355000
2023-05-02,180,2022-08-15,2023-05-02,110.1,106.1053,106.7667,103.7649,103.122,83.98,119.17,-7.611,31.1026,24324100
2023-05-03,180,2022-08-16,2023-05-03,107.93,106.2034,106.8534,101.6258,101.0075,83.98,119.17,-9.4319,28.5187,16212300
2023-05-04,180,2022-08-17,2023-05-04,106.04,106.2977,106.9344,99.7576,99.1636,83.98,119.17,-11.0179,26.2682,17177200
2023-05-05,180,2022-08-18,2023-05-05,108.68,106.401,107.026,102.1419,101.5454,83.98,119.17,-8.8025,29.4118,14968200
2023-05-08,180,2022-08-19,2023-05-08,109.11,106.491,107.1078,102.4593,101.8693,83.98,119.17,-8.4417,29.9238,11187800
2023-05-09,180,2022-08-22,2023-05-09,109.14,106.5835,107.1915,102.3986,101.8178,83.98,119.17,-8.4165,29.9595,11370800
2023-05-10,180,2022-08-23,2023-05-10,107.74,106.6691,107.2678,101.0039,100.4402,83.98,119.17,-9.5913,28.2924,14884800
2023-05-11,180,2022-08-24,2023-05-11,105.79,106.7167,107.3111,99.1317,98.5826,83.98,119.17,-11.2277,25.9705,17165900
2023-05-12,180,2022-08-25,2023-05-12,105.78,106.7604,107.3511,99.0817,98.5365,83.98,119.17,-11.236,25.9586,12613300
2023-05-15,180,2022-08-26,2023-05-15,105.07,106.7967,107.3843,98.3831,97.8449,83.98,119.17,-11.8318,25.1131,13715600
2023-05-16,180,2022-08-29,2023-05-16,102.52,106.8261,107.4101,95.969,95.4472,83.98,119.17,-13.9716,22.0767,14795200
2023-05-17,180,2022-08-30,2023-05-17,104.82,106.8545,107.4362,98.096,97.5649,83.98,119.17,-12.0416,24.8154,14064700
2023-05-18,180,2022-08-31,2023-05-18,105.77,106.9135,107.4888,98.9305,98.401,83.98,119.17,-11.2444,25.9466,12005600
2023-05-19,180,2022-09-01,2023-05-19,106.26,106.9802,107.5481,99.3268,98.8023,83.98,119.17,-10.8333,26.5301,13359600
2023-05-22,180,2022-09-02,2023-05-22,104.97,107.0519,107.6097,98.0553,97.5469,83.98,119.17,-11.9157,24.994,12882000
2023-05-23,180,2022-09-06,2023-05-23,106.4,107.1196,107.6698,99.3282,98.8207,83.98,119.17,-10.7158,26.6968,14394400
2023-05-24,180,2022-09-07,2023-05-24,107.59,107.1985,107.74,100.3652,99.8608,83.98,119.17,-9.7172,28.1138,16340300
2023-05-25,180,2022-09-08,2023-05-25,105.66,107.2725,107.804,98.4968,98.0112,83.98,119.17,-11.3367,25.8157,14316500
2023-05-26,180,2022-09-09,2023-05-26,104.97,107.3371,107.8599,97.7947,97.3207,83.98,119.17,-11.9157,24.994,12370300
2023-05-30,180,2022-09-12,2023-05-30,104.04,107.3852,107.9018,96.8849,96.421,83.98,119.17,-12.6961,23.8866,11938000
2023-05-31,180,2022-09-13,2023-05-31,102.18,107.4146,107.9272,95.1268,94.675,83.98,119.17,-14.2569,21.6718,24926100
2023-06-01,180,2022-09-14,2023-06-01,103.36,107.4668,107.9718,96.1785,95.7287,83.98,119.17,-13.2668,23.0769,13551900
2023-06-02,180,2022-09-15,2023-06-02,105.76,107.5171,108.0167,98.3657,97.9108,83.98,119.17,-11.2528,25.9347,14112000
2023-06-05,180,2022-09-16,2023-06-05,105.29,107.5844,108.0748,97.8673,97.4232,83.98,119.17,-11.6472,25.3751,10628000
2023-06-06,180,2022-09-19,2023-06-06,106.15,107.6686,108.1467,98.5896,98.1537,83.98,119.17,-10.9256,26.3991,12209800
2023-06-07,180,2022-09-20,2023-06-07,108.53,107.7663,108.2319,100.7087,100.2754,83.98,119.17,-8.9284,29.2331,16027100
2023-06-08,180,2022-09-21,2023-06-08,108.19,107.868,108.3194,100.2985,99.8806,83.98,119.17,-9.2137,28.8283,13517100
2023-06-09,180,2022-09-22,2023-06-09,107.39,107.9769,108.4107,99.4565,99.0585,83.98,119.17,-9.885,27.8757,12251600
2023-06-12,180,2022-09-23,2023-06-12,106.42,108.0835,108.4988,98.4609,98.0841,83.98,119.17,-10.699,26.7206,14112000
2023-06-13,180,2022-09-26,2023-06-13,106.44,108.2308,108.6137,98.3454,97.9987,83.98,119.17,-10.6822,26.7445,13533800
2023-06-14,180,2022-09-27,2023-06-14,105.16,108.3871,108.7314,97.0226,96.7154,85.74,119.17,-11.7563,22.6499,16627700
2023-06-15,180,2022-09-28,2023-06-15,105.89,108.5322,108.8433,97.5655,97.2866,87.31,119.17,-11.1437,21.2805,16224100
2023-06-16,180,2022-09-29,2023-06-16,105.13,108.6463,108.9337,96.7636,96.5082,87.31,119.17,-11.7815,20.41,43128900
2023-06-20,180,2022-09-30,2023-06-20,102.72,108.7474,109.0117,94.4574,94.2284,87.31,119.17,-13.8038,17.6498,17514100
2023-06-21,180,2022-10-03,2023-06-21,103.87,108.8675,109.1037,95.4095,95.203,91.92,119.17,-12.8388,13.0004,13285700
2023-06-22,180,2022-10-04,2023-06-22,103.3,108.9465,109.1669,94.8172,94.6257,95.27,119.17,-13.3171,8.4287,12455300
2023-06-23,180,2022-10-05,2023-06-23,102.4,108.9947,109.2066,93.9495,93.7673,98.0,119.17,-14.0723,4.4898,17933600
2023-06-26,180,2022-10-06,2023-06-26,104.29,109.0278,109.2353,95.6545,95.4728,98.0,119.17,-12.4864,6.4184,14283400
2023-06-27,180,2022-10-07,2023-06-27,104.55,109.0432,109.2491,95.8795,95.6987,98.0,119.17,-12.2682,6.6837,13227500
2023-06-28,180,2022-10-10,2023-06-28,105.4,109.0703,109.2734,96.6349,96.4553,98.0,119.17,-11.5549,7.551,13084100
2023-06-29,180,2022-10-11,2023-06-29,106.7,109.1196,109.3171,97.7826,97.606,98.0,119.17,-10.464,8.8775,11364400
2023-06-30,180,2022-10-12,2023-06-30,107.25,109.1778,109.3684,98.2342,98.063,98.43,119.17,-10.0025,8.9607,13544700
2023-07-03,180,2022-10-13,2023-07-03,107.46,109.2344,109.4186,98.3756,98.21,99.19,119.17,-9.8263,8.3375,7397000
2023-07-05,180,2022-10-14,2023-07-05,106.91,109.2651,109.4466,97.8446,97.6823,99.19,119.17,-10.2878,7.783,12491200
2023-07-06,180,2022-10-17,2023-07-06,102.92,109.2893,109.4673,94.1721,94.0189,99.84,119.17,-13.636,3.0849,17961400
2023-07-07,180,2022-10-18,2023-07-07,103.16,109.3055,109.4814,94.3777,94.226,99.84,119.17,-13.4346,3.3253,21929200
2023-07-10,180,2022-10-19,2023-07-10,104.69,109.33,109.5031,95.756,95.6046,99.84,119.17,-12.1507,4.8578,14877600
2023-07-11,180,2022-10-20,2023-07-11,105.97,109.3432,109.5152,96.9151,96.7629,99.84,119.17,-11.0766,6.1398,12576500
2023-07-12,180,2022-10-21,2023-07-12,106.49,109.3585,109.5294,97.3769,97.225,99.84,119.17,-10.6403,6.6607,13238200
2023-07-13,180,2022-10-24,2023-07-13,104.54,109.3506,109.5221,95.6007,95.4511,99.84,119.17,-12.2766,4.7075,26826800
2023-07-14,180,2022-10-25,2023-07-14,100.94,109.3157,109.4906,92.3381,92.1906,99.84,119.17,-15.2975,1.1018,28181900
2023-07-17,180,2022-10-26,2023-07-17,101.38,109.2879,109.4656,92.7642,92.6136,99.84,119.17,-14.9283,1.5425,18051300
2023-07-18,180,2022-10-27,2023-07-18,100.92,109.2497,109.4311,92.3755,92.2224,99.84,119.17,-15.3143,1.0817,24617800
2023-07-19,180,2022-10-28,2023-07-19,101.62,109.2137,109.3981,93.0469,92.8901,99.84,119.17,-14.7269,1.7829,15556500
2023-07-20,180,2022-10-31,2023-07-20,103.41,109.1716,109.3576,94.7225,94.5613,99.84,119.17,-13.2248,3.5757,15740200
2023-07-21,180,2022-11-01,2023-07-21,103.89,109.1318,109.3192,95.1968,95.0337,99.84,119.17,-12.822,4.0565,17121500
2023-07-24,180,2022-11-02,2023-07-24,105.52,109.096,109.2837,96.7222,96.5561,99.84,119.17,-11.4542,5.6891,15090900
2023-07-25,180,2022-11-03,2023-07-25,105.68,109.0735,109.2618,96.8888,96.7218,99.84,119.17,-11.32,5.8494,14116100
2023-07-26,180,2022-11-04,2023-07-26,105.09,109.0395,109.2284,96.3779,96.2112,99.84,119.17,-11.8151,5.2584,15159600
2023-07-27,180,2022-11-07,2023-07-27,105.42,109.0011,109.1902,96.7146,96.5472,99.84,119.17,-11.5381,5.5889,17677900
2023-07-28,180,2022-11-08,2023-07-28,104.16,108.9483,109.1375,95.605,95.4392,99.84,119.17,-12.5954,4.3269,17566400
2023-07-31,180,2022-11-09,2023-07-31,107.24,108.9118,109.0999,98.465,98.2952,99.84,119.17,-10.0109,7.4119,24197000
2023-08-01,180,2022-11-10,2023-08-01,106.62,108.8989,109.0873,97.9073,97.7383,99.84,119.17,-10.5312,6.7909,14177400
2023-08-02,180,2022-11-11,2023-08-02,105.29,108.8694,109.0583,96.7122,96.5447,99.84,119.17,-11.6472,5.4587,13484100
2023-08-03,180,2022-11-14,2023-08-03,107.12,108.8326,109.0204,98.4264,98.2569,99.84,119.17,-10.1116,7.2917,16280400
2023-08-04,180,2022-11-15,2023-08-04,107.42,108.8004,108.9873,98.7312,98.5619,99.84,119.17,-9.8599,7.5921,14279600
2023-08-07,180,2022-11-16,2023-08-07,107.2,108.7632,108.9488,98.5628,98.3948,99.84,119.17,-10.0445,7.3718,12410800
2023-08-08,180,2022-11-17,2023-08-08,107.73,108.7352,108.9201,99.0756,98.9074,99.84,119.17,-9.5997,7.9027,14065600
2023-08-09,180,2022-11-18,2023-08-09,109.56,108.7166,108.9006,100.7757,100.6055,99.84,119.17,-8.0641,9.7356,19919600
2023-08-10,180,2022-11-21,2023-08-10,110.12,108.7062,108.8897,101.3006,101.1298,99.84,119.17,-7.5942,10.2965,15837200
2023-08-11,180,2022-11-22,2023-08-11,111.83,108.7108,108.8945,102.8693,102.6957,99.84,119.17,-6.1593,12.0092,14047000
2023-08-14,180,2022-11-23,2023-08-14,111.92,108.6992,108.8819,102.9631,102.7902,99.84,119.17,-6.0837,12.0994,12973400
2023-08-15,180,2022-11-25,2023-08-15,108.16,108.67,108.8517,99.5307,99.3646,99.84,119.17,-9.2389,8.3333,14909600
2023-08-16,180,2022-11-28,2023-08-16,106.34,108.6326,108.8135,97.8896,97.7268,99.84,119.17,-10.7661,6.5104,13695100
2023-08-17,180,2022-11-29,2023-08-17,108.4,108.6249,108.8057,99.793,99.6272,99.84,119.17,-9.0375,8.5737,16709500
2023-08-18,180,2022-11-30,2023-08-18,110.04,108.6222,108.8029,101.3053,101.137,99.84,119.17,-7.6613,10.2164,16224000
2023-08-21,180,2022-12-01,2023-08-21,108.71,108.6079,108.7883,100.094,99.928,99.84,119.17,-8.7774,8.8842,11092400
2023-08-22,180,2022-12-02,2023-08-22,108.1,108.5931,108.7733,99.5459,99.381,99.84,119.17,-9.2893,8.2732,10518800
2023-08-23,180,2022-12-05,2023-08-23,107.15,108.5781,108.7582,98.6848,98.5213,99.84,119.17,-10.0864,7.3217,11435600
2023-08-24,180,2022-12-06,2023-08-24,106.35,108.5752,108.7554,97.9506,97.7882,99.84,119.17,-10.7577,6.5204,10818500
2023-08-25,180,2022-12-07,2023-08-25,108.25,108.6006,108.7797,99.6771,99.513,99.84,119.17,-9.1634,8.4235,13579300
2023-08-28,180,2022-12-08,2023-08-28,109.16,108.6326,108.8103,100.4855,100.3214,99.84,119.17,-8.3998,9.3349,10382100
2023-08-29,180,2022-12-09,2023-08-29,109.81,108.6634,108.8403,101.0552,100.891,99.84,119.17,-7.8543,9.986,9665000
2023-08-30,180,2022-12-12,2023-08-30,110.88,108.7053,108.8811,102.0005,101.8359,99.84,119.17,-6.9564,11.0577,11922100
2023-08-31,180,2022-12-13,2023-08-31,111.19,108.7337,108.9094,102.259,102.094,99.84,119.17,-6.6963,11.3682,17479800
2023-09-01,180,2022-12-14,2023-09-01,113.52,108.7676,108.9442,104.3693,104.2001,99.84,119.17,-4.7411,13.7019,14843500
2023-09-05,180,2022-12-15,2023-09-05,113.53,108.806,108.9835,104.3416,104.1717,99.84,119.17,-4.7327,13.7119,18304000
2023-09-06,180,2022-12-16,2023-09-06,114.51,108.8555,109.0339,105.1945,105.0224,99.84,119.17,-3.9104,14.6935,13325500
2023-09-07,180,2022-12-19,2023-09-07,113.95,108.9065,109.0853,104.631,104.4596,99.84,119.17,-4.3803,14.1326,13248500
2023-09-08,180,2022-12-20,2023-09-08,115.61,108.9631,109.1433,106.1001,105.925,99.84,119.17,-2.9873,15.7953,14283200
2023-09-11,180,2022-12-21,2023-09-11,114.16,109.0036,109.1848,104.7305,104.5567,99.84,119.17,-4.2041,14.343,14383600
2023-09-12,180,2022-12-22,2023-09-12,117.49,109.0527,109.2372,107.7369,107.555,99.84,119.17,-1.4098,17.6783,20145800
2023-09-13,180,2022-12-23,2023-09-13,116.44,109.1093,109.2958,106.7187,106.5365,99.84,119.17,-2.2908,16.6266,13472800
2023-09-14,180,2022-12-27,2023-09-14,118.52,109.1598,109.3505,108.5747,108.3854,99.84,119.17,-0.5454,18.7099,15210700
2023-09-15,180,2022-12-28,2023-09-15,116.7,109.1933,109.3867,106.8746,106.6858,99.84,119.17,-2.0727,16.887,34568400
2023-09-18,180,2022-12-29,2023-09-18,117.64,109.2415,109.4381,107.688,107.4945,99.84,119.17,-1.2839,17.8285,14045300
2023-09-19,180,2022-12-30,2023-09-19,117.33,109.2836,109.4833,107.3629,107.1671,99.84,119.17,-1.544,17.518,12562900
2023-09-20,180,2023-01-03,2023-09-20,116.4,109.3151,109.5172,106.4812,106.2847,99.84,119.17,-2.3244,16.5865,11879900
2023-09-21,180,2023-01-04,2023-09-21,114.76,109.3599,109.563,104.9379,104.7434,99.84,119.17,-3.7006,14.9439,14400600
2023-09-22,180,2023-01-05,2023-09-22,114.94,109.4039,109.6081,105.0603,104.8645,99.84,119.17,-3.5495,15.1242,13197300
2023-09-25,180,2023-01-06,2023-09-25,116.23,109.4407,109.6471,106.2037,106.0037,99.84,119.17,-2.4671,16.4163,11316000
2023-09-26,180,2023-01-09,2023-09-26,116.41,109.4711,109.6798,106.3386,106.1363,99.84,119.17,-2.316,16.5966,11805400
2023-09-27,180,2023-01-10,2023-09-27,120.2,109.531,109.7449,109.7406,109.5267,99.84,120.2,0.0,20.3926,23976200
2023-09-28,180,2023-01-11,2023-09-28,119.47,109.5786,109.7971,109.0268,108.8098,99.84,120.2,-0.6073,19.6615,16808100
2023-09-29,180,2023-01-12,2023-09-29,117.58,109.6102,109.8316,107.271,107.0548,99.84,120.2,-2.1797,17.7684,18813600
2023-10-02,180,2023-01-13,2023-10-02,115.63,109.6225,109.8449,105.4802,105.2666,99.84,120.2,-3.802,15.8153,14395000
2023-10-03,180,2023-01-17,2023-10-03,115.83,109.6362,109.8598,105.6495,105.4344,99.84,120.2,-3.6356,16.0156,13297100
2023-10-04,180,2023-01-18,2023-10-04,111.5,109.6286,109.8519,101.7071,101.5003,99.84,120.2,-7.2379,11.6787,19622200
2023-10-05,180,2023-01-19,2023-10-05,108.99,109.6196,109.8429,99.4256,99.2235,99.84,120.2,-9.3261,9.1647,20128800
2023-10-06,180,2023-01-20,2023-10-06,107.17,109.5964,109.8198,97.7861,97.5871,99.84,120.2,-10.8403,7.3417,25367500
2023-10-09,180,2023-01-23,2023-10-09,110.92,109.5835,109.8063,101.2196,101.0142,99.84,120.2,-7.7205,11.0978,22369900
2023-10-10,180,2023-01-24,2023-10-10,110.45,109.5711,109.7935,100.8021,100.5979,99.84,120.2,-8.1115,10.627,13892000
2023-10-11,180,2023-01-25,2023-10-11,106.49,109.5308,109.7528,97.2238,97.0271,99.84,120.2,-11.406,6.6607,57939000
2023-10-12,180,2023-01-26,2023-10-12,106.47,109.4936,109.7154,97.2386,97.042,99.84,120.2,-11.4226,6.6406,31183000
2023-10-13,180,2023-01-27,2023-10-13,109.87,109.453,109.6716,100.381,100.1809,99.84,120.2,-8.594,10.0461,30276500
2023-10-16,180,2023-01-30,2023-10-16,109.95,109.4234,109.6401,100.4813,100.2826,99.84,120.2,-8.5275,10.1262,18452000
2023-10-17,180,2023-01-31,2023-10-17,111.39,109.4119,109.6281,101.8079,101.6072,99.84,120.2,-7.3294,11.5685,19775400
2023-10-18,180,2023-02-01,2023-10-18,112.95,109.3964,109.6111,103.2483,103.0462,99.84,120.2,-6.0316,13.131,23380300
2023-10-19,180,2023-02-02,2023-10-19,113.02,109.3876,109.6015,103.3207,103.119,99.84,120.2,-5.9734,13.2011,20972500
2023-10-20,180,2023-02-03,2023-10-20,111.08,109.3872,109.6011,101.5475,101.3493,99.84,120.2,-7.5874,11.258,22445300
2023-10-23,180,2023-02-06,2023-10-23,109.45,109.3738,109.5874,100.0696,99.8746,99.84,120.2,-8.9434,9.6254,18185000
2023-10-24,180,2023-02-07,2023-10-24,108.39,109.3555,109.5688,99.1171,98.9241,99.84,120.2,-9.8253,8.5637,16786100
2023-10-25,180,2023-02-08,2023-10-25,108.59,109.3218,109.5337,99.3306,99.1385,99.84,120.2,-9.6589,8.764,22047300
2023-10-26,180,2023-02-09,2023-10-26,107.6,109.2876,109.4986,98.4558,98.2661,99.84,120.2,-10.4825,7.7724,18768300
2023-10-27,180,2023-02-10,2023-10-27,105.55,109.2392,109.4497,96.6228,96.437,99.84,120.2,-12.188,5.7192,23092000
2023-10-30,180,2023-02-13,2023-10-30,105.88,109.1694,109.3758,96.9868,96.8038,99.84,120.2,-11.9135,6.0497,19379900
2023-10-31,180,2023-02-14,2023-10-31,105.85,109.106,109.3094,97.0157,96.8352,99.84,120.2,-11.9384,6.0196,22185200
2023-11-01,180,2023-02-15,2023-11-01,105.64,109.0481,109.2496,96.8747,96.696,99.84,120.2,-12.1131,5.8093,28984900
2023-11-02,180,2023-02-16,2023-11-02,109.11,109.0118,109.2109,100.0901,99.9076,99.84,120.2,-9.2263,9.2849,25212700
2023-11-03,180,2023-02-17,2023-11-03,107.78,108.9697,109.1667,98.9082,98.7297,99.84,120.2,-10.3328,7.9527,30555600
2023-11-06,180,2023-02-21,2023-11-06,105.87,108.9394,109.1367,97.1824,97.0068,99.84,120.2,-11.9218,6.0397,19097300
2023-11-07,180,2023-02-22,2023-11-07,104.21,108.8999,109.098,95.6934,95.5196,99.84,120.2,-13.3028,4.377,20272500
2023-11-08,180,2023-02-23,2023-11-08,102.93,108.8602,109.0602,94.5525,94.379,99.84,120.2,-14.3677,3.095,19184100
2023-11-09,180,2023-02-24,2023-11-09,102.96,108.8153,109.017,94.619,94.444,99.84,120.2,-14.3428,3.125,18380500
2023-11-10,180,2023-02-27,2023-11-10,103.75,108.7752,108.9781,95.3802,95.2026,99.84,120.2,-13.6855,3.9163,17825500
2023-11-13,180,2023-02-28,2023-11-13,104.84,108.7429,108.9464,96.4109,96.2308,99.84,120.2,-12.7787,5.008,15308400
2023-11-14,180,2023-03-01,2023-11-14,104.29,108.7107,108.9152,95.9336,95.7534,99.84,120.2,-13.2363,4.4571,18260500
2023-11-15,180,2023-03-02,2023-11-15,103.66,108.6694,108.875,95.3903,95.2101,99.84,120.2,-13.7604,3.8261,20137600
2023-11-16,180,2023-03-03,2023-11-16,102.46,108.618,108.8253,94.3306,94.1509,99.84,120.2,-14.7587,2.6242,22469100
2023-11-17,180,2023-03-06,2023-11-17,104.96,108.5746,108.7817,96.6709,96.4868,99.84,120.2,-12.6789,5.1282,22984900
2023-11-20,180,2023-03-07,2023-11-20,104.5,108.5233,108.73,96.2927,96.1096,99.84,120.2,-13.0616,4.6675,17458800
2023-11-21,180,2023-03-08,2023-11-21,104.46,108.4832,108.6903,96.2914,96.108,99.84,120.2,-13.0948,4.6274,14989000
2023-11-22,180,2023-03-09,2023-11-22,104.01,108.4491,108.6571,95.9067,95.7231,99.84,120.2,-13.4692,4.1767,18072000
2023-11-24,180,2023-03-10,2023-11-24,104.57,108.423,108.6318,96.4463,96.261,99.84,120.2,-13.0033,4.7376,9480800
2023-11-27,180,2023-03-13,2023-11-27,103.96,108.4008,108.6106,95.9034,95.7181,99.84,120.2,-13.5108,4.1266,18013500
2023-11-28,180,2023-03-14,2023-11-28,103.9,108.3852,108.5959,95.8618,95.6758,99.84,120.2,-13.5607,4.0665,20629500
2023-11-29,180,2023-03-15,2023-11-29,102.34,108.3578,108.5703,94.4464,94.2615,99.84,120.2,-14.8586,2.504,26802100
2023-11-30,180,2023-03-16,2023-11-30,102.74,108.3648,108.5766,94.8094,94.6245,99.84,120.2,-14.5258,2.9046,29254700
2023-12-01,180,2023-03-17,2023-12-01,102.99,108.3771,108.5874,95.0293,94.8452,99.84,120.2,-14.3178,3.1551,17845300
2023-12-04,180,2023-03-20,2023-12-04,102.43,108.3936,108.6018,94.4982,94.317,100.92,120.2,-14.7837,1.4962,21523900
2023-12-05,180,2023-03-21,2023-12-05,100.44,108.3808,108.5907,92.6732,92.4941,100.44,120.2,-16.4393,0.0,22250300
2023-12-06,180,2023-03-22,2023-12-06,99.11,108.3321,108.5466,91.4872,91.3064,99.11,120.2,-17.5458,0.0,31154800
2023-12-07,180,2023-03-23,2023-12-07,98.42,108.293,108.5123,90.8831,90.6994,98.42,120.2,-18.1198,0.0,29990700
2023-12-08,180,2023-03-24,2023-12-08,99.55,108.2686,108.4909,91.9473,91.7589,98.42,120.2,-17.1797,1.1481,22074900
2023-12-11,180,2023-03-27,2023-12-11,99.62,108.2439,108.4692,92.0329,91.8418,98.42,120.2,-17.1215,1.2193,22252300
2023-12-12,180,2023-03-28,2023-12-12,98.05,108.1953,108.4261,90.6232,90.4302,98.05,120.2,-18.4276,0.0,26084000
2023-12-13,180,2023-03-29,2023-12-13,98.92,108.145,108.3806,91.4698,91.271,98.05,120.2,-17.7038,0.8873,19915400
2023-12-14,180,2023-03-30,2023-12-14,101.58,108.1017,108.3396,93.9671,93.7608,98.05,120.2,-15.4908,3.6002,26165700
2023-12-15,180,2023-03-31,2023-12-15,100.9,108.0512,108.2918,93.3816,93.1742,98.05,120.2,-16.0566,2.9067,55527000
2023-12-18,180,2023-04-03,2023-12-18,101.65,108.0046,108.2473,94.1163,93.9053,98.05,120.2,-15.4326,3.6716,21610400
2023-12-19,180,2023-04-04,2023-12-19,102.99,107.9335,108.1743,95.4199,95.2074,98.05,120.2,-14.3178,5.0382,18904700
2023-12-20,180,2023-04-05,2023-12-20,101.27,107.8571,108.0979,93.8927,93.6836,98.05,120.2,-15.7488,3.284,20988900
2023-12-21,180,2023-04-06,2023-12-21,101.73,107.7743,108.0132,94.3917,94.183,98.05,120.2,-15.3661,3.7532,19250900
2023-12-22,180,2023-04-10,2023-12-22,101.91,107.7021,107.9402,94.6221,94.4134,98.05,120.2,-15.2163,3.9368,12927800
2023-12-26,180,2023-04-11,2023-12-26,102.14,107.6338,107.8713,94.8958,94.6869,98.05,120.2,-15.025,4.1713,16835100
2023-12-27,180,2023-04-12,2023-12-27,101.66,107.5587,107.7952,94.5158,94.3085,98.05,120.2,-15.4243,3.6818,14558800
2023-12-28,180,2023-04-13,2023-12-28,100.19,107.4751,107.7117,93.2216,93.0169,98.05,120.2,-16.6473,2.1826,16329300
2023-12-29,180,2023-04-14,2023-12-29,99.98,107.3876,107.6239,93.102,92.8975,98.05,120.2,-16.822,1.9684,17746400
2024-01-02,180,2023-04-17,2024-01-02,102.36,107.3138,107.5479,95.3838,95.1762,98.05,120.2,-14.8419,4.3957,23483000
2024-01-03,180,2023-04-18,2024-01-03,103.22,107.2518,107.4841,96.2408,96.0328,98.05,120.2,-14.1265,5.2728,23490800
2024-01-04,180,2023-04-19,2024-01-04,102.32,107.1738,107.4029,95.4711,95.2675,98.05,120.2,-14.8752,4.3549,19395200
2024-01-05,180,2023-04-20,2024-01-05,102.63,107.0995,107.3254,95.8268,95.625,98.05,120.2,-14.6173,4.6711,15827400
2024-01-08,180,2023-04-21,2024-01-08,100.92,107.0192,107.2437,94.3009,94.1035,98.05,120.2,-16.0399,2.9271,23370100
2024-01-09,180,2023-04-24,2024-01-09,99.67,106.9293,107.1529,93.2111,93.0166,98.05,120.2,-17.0799,1.6522,19496600
2024-01-10,180,2023-04-25,2024-01-10,98.69,106.8232,107.0445,92.3863,92.1953,98.05,120.2,-17.8952,0.6527,18206100
2024-01-11,180,2023-04-26,2024-01-11,98.67,106.7248,106.9453,92.4527,92.2621,98.05,120.2,-17.9118,0.6323,15833400
2024-01-12,180,2023-04-27,2024-01-12,99.95,106.6399,106.8592,93.7266,93.5343,98.05,120.2,-16.8469,1.9378,18041700
2024-01-16,180,2023-04-28,2024-01-16,97.69,106.5341,106.7529,91.6984,91.5104,97.69,120.2,-18.7271,0.0,20235700
2024-01-17,180,2023-05-01,2024-01-17,96.98,106.4168,106.6342,91.1322,90.9464,96.98,120.2,-19.3178,0.0,18384000
2024-01-18,180,2023-05-02,2024-01-18,96.8,106.3157,106.5349,91.0496,90.8622,96.8,120.2,-19.4675,0.0,20940300
2024-01-19,180,2023-05-03,2024-01-19,96.95,106.2384,106.4619,91.2571,91.0654,96.8,120.2,-19.3428,0.155,20088400
2024-01-22,180,2023-05-04,2024-01-22,96.82,106.1717,106.4002,91.1919,90.9961,96.8,120.2,-19.4509,0.0207,19955900
2024-01-23,180,2023-05-05,2024-01-23,97.91,106.1227,106.355,92.2611,92.0596,96.8,120.2,-18.5441,1.1467,15863400
2024-01-24,180,2023-05-08,2024-01-24,99.6,106.0703,106.3046,93.9,93.6931,96.8,120.2,-17.1381,2.8926,17330600
2024-01-25,180,2023-05-09,2024-01-25,102.13,106.0311,106.2658,96.3208,96.1081,96.8,120.2,-15.0333,5.5062,22089500
2024-01-26,180,2023-05-10,2024-01-26,103.0,105.997,106.2317,97.1725,96.9579,96.8,120.2,-14.3095,6.405,20817200
2024-01-29,180,2023-05-11,2024-01-29,103.13,105.9711,106.2061,97.319,97.1037,96.8,120.2,-14.2013,6.5392,18317500
2024-01-30,180,2023-05-12,2024-01-30,104.85,105.9658,106.2008,98.947,98.728,96.8,120.2,-12.7704,8.3161,19610900
2024-01-31,180,2023-05-15,2024-01-31,102.81,105.9488,106.1843,97.0374,96.8222,96.8,120.2,-14.4676,6.2087,22415300
2024-02-01,180,2023-05-16,2024-02-01,102.39,105.9333,106.1694,96.6552,96.4402,96.8,120.2,-14.817,5.7748,19240700
2024-02-02,180,2023-05-17,2024-02-02,101.97,105.93,106.1664,96.2617,96.0473,96.8,120.2,-15.1664,5.3409,21973400
2024-02-05,180,2023-05-18,2024-02-05,101.55,105.9108,106.1482,95.8825,95.6681,96.8,120.2,-15.5158,4.907,17190900
2024-02-06,180,2023-05-19,2024-02-06,102.25,105.8906,106.1287,96.562,96.3453,96.8,120.2,-14.9334,5.6302,13347900
2024-02-07,180,2023-05-22,2024-02-07,102.22,105.8674,106.1062,96.5547,96.3374,96.8,120.2,-14.9584,5.5992,13826800
2024-02-08,180,2023-05-23,2024-02-08,103.97,105.8617,106.1007,98.2131,97.9918,96.8,120.2,-13.5025,7.407,19636900
2024-02-09,180,2023-05-24,2024-02-09,101.77,105.8351,106.0749,96.159,95.9416,96.8,120.2,-15.3328,5.1343,20410500
2024-02-12,180,2023-05-25,2024-02-12,103.17,105.8103,106.0504,97.5047,97.2839,96.8,120.2,-14.1681,6.5806,18173100
2024-02-13,180,2023-05-26,2024-02-13,101.34,105.7852,106.0264,95.7979,95.58,96.8,120.2,-15.6905,4.6901,18917400
2024-02-14,180,2023-05-30,2024-02-14,100.84,105.761,106.0034,95.3471,95.129,96.8,120.2,-16.1065,4.1735,17651300
2024-02-15,180,2023-05-31,2024-02-15,103.73,105.7592,106.0017,98.0813,97.8569,96.8,120.2,-13.7022,7.1591,23196300
2024-02-16,180,2023-06-01,2024-02-16,103.73,105.7683,106.0103,98.0729,97.849,96.8,120.2,-13.7022,7.1591,20151400
2024-02-20,180,2023-06-02,2024-02-20,102.75,105.7647,106.0069,97.1496,96.9276,96.8,120.2,-14.5175,6.1467,17650000
2024-02-21,180,2023-06-05,2024-02-21,104.85,105.7596,106.0019,99.1399,98.9133,96.8,120.2,-12.7704,8.3161,20991300
2024-02-22,180,2023-06-06,2024-02-22,104.76,105.7566,105.9989,99.0576,98.8312,96.8,120.2,-12.8453,8.2231,20470700
2024-02-23,180,2023-06-07,2024-02-23,103.84,105.7436,105.9861,98.1998,97.9751,96.8,120.2,-13.6107,7.2727,15975900
2024-02-26,180,2023-06-08,2024-02-26,104.25,105.7201,105.9623,98.6094,98.384,96.8,120.2,-13.2695,7.6963,13360800
2024-02-27,180,2023-06-09,2024-02-27,104.03,105.6972,105.9392,98.4227,98.1978,96.8,120.2,-13.4526,7.469,16360000
2024-02-28,180,2023-06-12,2024-02-28,104.32,105.6801,105.9222,98.713,98.4874,96.8,120.2,-13.2113,7.7686,14810500
2024-02-29,180,2023-06-13,2024-02-29,104.52,105.6696,105.9116,98.9121,98.6861,96.8,120.2,-13.0449,7.9752,17566100
2024-03-01,180,2023-06-14,2024-03-01,105.84,105.6662,105.9083,100.1644,99.9355,96.8,120.2,-11.9468,9.3388,18460100
2024-03-04,180,2023-06-15,2024-03-04,104.36,105.6617,105.9038,98.768,98.5422,96.8,120.2,-13.178,7.8099,18138000
2024-03-05,180,2023-06-16,2024-03-05,105.64,105.6603,105.9024,99.9807,99.7522,96.8,120.2,-12.1131,9.1322,19952700
2024-03-06,180,2023-06-20,2024-03-06,106.77,105.6694,105.9116,101.0415,100.8105,96.8,120.2,-11.173,10.2996,20472800
2024-03-07,180,2023-06-21,2024-03-07,107.37,105.6956,105.9374,101.5842,101.3523,96.8,120.2,-10.6739,10.9194,15195400
2024-03-08,180,2023-06-22,2024-03-08,108.38,105.7204,105.9624,102.5157,102.2815,96.8,120.2,-9.8336,11.9628,16281500
2024-03-11,180,2023-06-23,2024-03-11,109.02,105.752,105.9942,103.0903,102.8547,96.8,120.2,-9.3012,12.624,17577300
2024-03-12,180,2023-06-26,2024-03-12,108.32,105.7852,106.0271,102.3962,102.1625,96.8,120.2,-9.8835,11.9008,14957200
2024-03-13,180,2023-06-27,2024-03-13,109.53,105.8137,106.0562,103.5121,103.2754,96.8,120.2,-8.8769,13.1508,17122200
2024-03-14,180,2023-06-28,2024-03-14,111.47,105.8506,106.0947,105.3088,105.0665,96.8,120.2,-7.2629,15.155,22121000
2024-03-15,180,2023-06-29,2024-03-15,111.27,105.8818,106.1273,105.0889,104.8458,96.8,120.2,-7.4293,14.9483,38264400
2024-03-18,180,2023-06-30,2024-03-18,112.3,105.9109,106.1584,106.0325,105.7853,96.8,120.2,-6.5724,16.0124,16770500
2024-03-19,180,2023-07-03,2024-03-19,113.09,105.9409,106.1908,106.7482,106.4969,96.8,120.2,-5.9151,16.8285,14878800
2024-03-20,180,2023-07-05,2024-03-20,112.99,105.9693,106.2216,106.6252,106.372,96.8,120.2,-5.9983,16.7252,16119700
2024-03-21,180,2023-07-06,2024-03-21,113.49,106.0032,106.2581,107.0628,106.806,96.8,120.2,-5.5824,17.2417,14878000
2024-03-22,180,2023-07-07,2024-03-22,113.49,106.0597,106.3168,107.0058,106.747,96.8,120.2,-5.5824,17.2417,14701900
2024-03-25,180,2023-07-10,2024-03-25,114.65,106.1204,106.3807,108.0376,107.7733,96.8,120.2,-4.6173,18.4401,14011700
2024-03-26,180,2023-07-11,2024-03-26,113.79,106.1683,106.4312,107.1789,106.9141,96.8,120.2,-5.3328,17.5517,13152300
2024-03-27,180,2023-07-12,2024-03-27,114.97,106.2145,106.4812,108.2432,107.9721,96.8,120.2,-4.3511,18.7707,12415700
2024-03-28,180,2023-07-13,2024-03-28,116.24,106.2639,106.5354,109.388,109.1093,96.8,120.2,-3.2945,20.0826,18482100
2024-04-01,180,2023-07-14,2024-04-01,116.99,106.3278,106.6046,110.0276,109.742,96.8,120.2,-2.6705,20.8574,13817000
2024-04-02,180,2023-07-17,2024-04-02,119.28,106.4236,106.7064,112.0804,111.7833,96.8,120.2,-0.7654,23.2231,19919600
2024-04-03,180,2023-07-18,2024-04-03,119.3,106.5169,106.806,112.001,111.6978,96.8,120.2,-0.7487,23.2438,16504300
2024-04-04,180,2023-07-19,2024-04-04,119.72,106.6151,106.9104,112.2918,111.9816,96.8,120.2,-0.3993,23.6777,18467400
2024-04-05,180,2023-07-20,2024-04-05,121.37,106.7163,107.0202,113.7315,113.4085,96.8,121.37,0.0,25.3822,21720600
2024-04-08,180,2023-07-21,2024-04-08,120.55,106.8033,107.1154,112.871,112.5422,96.8,121.37,-0.6756,24.5351,17513900
2024-04-09,180,2023-07-24,2024-04-09,121.18,106.8904,107.2114,113.3684,113.029,96.8,121.37,-0.1565,25.1859,14132300
2024-04-10,180,2023-07-25,2024-04-10,122.2,106.9726,107.3041,114.2348,113.8819,96.8,122.2,0.0,26.2397,17409200
2024-04-11,180,2023-07-26,2024-04-11,121.79,107.0522,107.3936,113.7669,113.4053,96.8,122.2,-0.3355,25.8161,17555900
2024-04-12,180,2023-07-27,2024-04-12,120.37,107.1292,107.4785,112.3596,111.9945,96.8,122.2,-1.4975,24.3492,21556200
2024-04-15,180,2023-07-28,2024-04-15,119.68,107.2013,107.5577,111.6404,111.2705,96.8,122.2,-2.0622,23.6364,15029500
2024-04-16,180,2023-07-31,2024-04-16,118.69,107.2764,107.6384,110.6394,110.2673,96.8,122.2,-2.8723,22.6136,18082200
2024-04-17,180,2023-08-01,2024-04-17,118.63,107.3337,107.7017,110.5245,110.1468,96.8,122.2,-2.9214,22.5516,14538600
2024-04-18,180,2023-08-02,2024-04-18,118.52,107.394,107.7678,110.36,109.9772,96.8,122.2,-3.0115,22.438,13821400
2024-04-19,180,2023-08-03,2024-04-19,119.88,107.4681,107.8489,111.5494,111.1555,96.8,122.2,-1.8985,23.843,21572400
2024-04-22,180,2023-08-04,2024-04-22,120.56,107.5349,107.9236,112.1124,111.7087,96.8,122.2,-1.3421,24.5454,16340700
2024-04-23,180,2023-08-07,2024-04-23,121.03,107.6022,107.9992,112.4791,112.0657,96.8,122.2,-0.9574,25.031,13929800
2024-04-24,180,2023-08-08,2024-04-24,121.05,107.6709,108.0761,112.4259,112.0044,96.8,122.2,-0.9411,25.0517,12101200
2024-04-25,180,2023-08-09,2024-04-25,121.33,107.738,108.1517,112.6158,112.1851,96.8,122.2,-0.7119,25.3409,16041000
2024-04-26,180,2023-08-10,2024-04-26,117.96,107.7799,108.1983,109.4453,109.022,96.8,122.2,-3.4697,21.8595,27289500
2024-04-29,180,2023-08-11,2024-04-29,119.64,107.8265,108.2512,110.956,110.5207,96.8,122.2,-2.0949,23.595,17309900
2024-04-30,180,2023-08-14,2024-04-30,118.27,107.858,108.287,109.6534,109.219,96.8,122.2,-3.216,22.1797,21083300
2024-05-01,180,2023-08-15,2024-05-01,116.03,107.8785,108.3098,107.5562,107.1279,96.8,122.2,-5.0491,19.8657,27777700
2024-05-02,180,2023-08-16,2024-05-02,116.24,107.92,108.3547,107.7094,107.2773,96.8,122.2,-4.8772,20.0826,25513600
2024-05-03,180,2023-08-17,2024-05-03,116.0,107.9707,108.4084,107.4365,107.0028,96.8,122.2,-5.0736,19.8347,28023300
2024-05-06,180,2023-08-18,2024-05-06,116.75,108.0135,108.4548,108.0884,107.6486,96.8,122.2,-4.4599,20.6095,31401300
2024-05-07,180,2023-08-21,2024-05-07,116.17,108.0446,108.4888,107.5204,107.0801,96.8,122.2,-4.9345,20.0103,30122000
2024-05-08,180,2023-08-22,2024-05-08,116.15,108.0828,108.5302,107.4639,107.0209,96.8,122.2,-4.9509,19.9897,18957200
2024-05-09,180,2023-08-23,2024-05-09,118.44,108.1352,108.5876,109.5295,109.0732,96.8,122.2,-3.0769,22.3554,17564000
2024-05-10,180,2023-08-24,2024-05-10,117.96,108.1908,108.6477,109.0296,108.5711,96.8,122.2,-3.4697,21.8595,13648100
2024-05-13,180,2023-08-25,2024-05-13,117.91,108.2508,108.7119,108.923,108.461,96.8,122.2,-3.5106,21.8079,15060600
2024-05-14,180,2023-08-28,2024-05-14,117.67,108.299,108.7642,108.6529,108.1881,96.8,122.2,-3.707,21.5599,15079100
2024-05-15,180,2023-08-29,2024-05-15,118.58,108.3464,108.8166,109.4453,108.9724,96.8,122.2,-2.9624,22.5,18244300
2024-05-16,180,2023-08-30,2024-05-16,117.87,108.387,108.8613,108.7492,108.2754,96.8,122.2,-3.5434,21.7665,15745200
2024-05-17,180,2023-08-31,2024-05-17,119.64,108.4302,108.91,110.3383,109.8522,96.8,122.2,-2.0949,23.595,15104500
2024-05-20,180,2023-09-01,2024-05-20,118.67,108.4672,108.9516,109.4064,108.92,96.8,122.2,-2.8887,22.593,11551300
2024-05-21,180,2023-09-05,2024-05-21,117.85,108.4883,108.9756,108.6292,108.1435,96.8,122.2,-3.5597,21.7459,14495000
2024-05-22,180,2023-09-06,2024-05-22,115.48,108.4981,108.9864,106.4351,105.9581,96.8,122.2,-5.4992,19.2975,17879300
2024-05-23,180,2023-09-07,2024-05-23,113.51,108.493,108.9809,104.6242,104.1559,96.8,122.2,-7.1113,17.2624,15979800
2024-05-24,180,2023-09-08,2024-05-24,113.42,108.4904,108.9779,104.5438,104.0761,96.8,122.2,-7.1849,17.1694,12212900
2024-05-28,180,2023-09-11,2024-05-28,114.86,108.4867,108.9738,105.8748,105.4015,96.8,122.2,-6.0065,18.657,13978300
2024-05-29,180,2023-09-12,2024-05-29,113.63,108.484,108.9708,104.7436,104.2756,96.8,122.2,-7.0131,17.3864,13902000
2024-05-30,180,2023-09-13,2024-05-30,113.99,108.4669,108.9514,105.092,104.6246,96.8,122.2,-6.7185,17.7583,14683700
2024-05-31,180,2023-09-14,2024-05-31,117.26,108.4708,108.9559,108.1028,107.6215,96.8,122.2,-4.0425,21.1364,29037400
2024-06-03,180,2023-09-15,2024-06-03,114.45,108.4512,108.9333,105.5313,105.0643,96.8,122.2,-6.3421,18.2335,19589300
2024-06-04,180,2023-09-18,2024-06-04,112.67,108.4312,108.9109,103.9092,103.4515,96.8,122.2,-7.7987,16.3946,19412200
2024-06-05,180,2023-09-19,2024-06-05,113.12,108.409,108.8858,104.3456,103.8886,96.8,122.2,-7.4304,16.8595,14863500
2024-06-06,180,2023-09-20,2024-06-06,113.97,108.3926,108.8672,105.1455,104.6872,96.8,122.2,-6.7349,17.7376,13154100
2024-06-07,180,2023-09-21,2024-06-07,112.75,108.3745,108.8469,104.0374,103.5859,96.8,122.2,-7.7332,16.4773,13289200
2024-06-10,180,2023-09-22,2024-06-10,113.08,108.366,108.8376,104.3501,103.898,96.8,122.2,-7.4632,16.8182,15239700
2024-06-11,180,2023-09-25,2024-06-11,112.17,108.352,108.8222,103.5237,103.0764,96.8,122.2,-8.2079,15.8781,12462400
2024-06-12,180,2023-09-26,2024-06-12,110.93,108.3252,108.7927,102.4046,101.9645,96.8,122.2,-9.2226,14.5971,13606800
2024-06-13,180,2023-09-27,2024-06-13,110.04,108.2928,108.7573,101.6134,101.1794,96.8,122.2,-9.9509,13.6777,14466900
2024-06-14,180,2023-09-28,2024-06-14,109.11,108.2377,108.6957,100.8059,100.3811,96.8,122.2,-10.7119,12.7169,13313400
2024-06-17,180,2023-09-29,2024-06-17,108.36,108.1819,108.634,100.1646,99.7478,96.8,122.2,-11.3257,11.9421,21147900
2024-06-18,180,2023-10-02,2024-06-18,109.38,108.1405,108.5884,101.1462,100.7289,96.8,122.2,-10.491,12.9959,17762900
2024-06-20,180,2023-10-03,2024-06-20,111.74,108.1209,108.5668,103.3473,102.9228,96.8,122.2,-8.5597,15.4339,17433200
2024-06-21,180,2023-10-04,2024-06-21,110.76,108.0953,108.5387,102.4652,102.0466,96.8,122.2,-9.3617,14.4215,52212500
2024-06-24,180,2023-10-05,2024-06-24,114.05,108.1083,108.5528,105.4961,105.0641,96.8,122.2,-6.6694,17.8202,16266700
2024-06-25,180,2023-10-06,2024-06-25,114.37,108.1363,108.5827,105.7647,105.3298,96.8,122.2,-6.4075,18.1508,14188900
2024-06-26,180,2023-10-09,2024-06-26,114.41,108.1747,108.6229,105.7641,105.3277,96.8,122.2,-6.3748,18.1921,15771800
2024-06-27,180,2023-10-10,2024-06-27,114.9,108.195,108.6451,106.1972,105.7572,96.8,122.2,-5.9738,18.6983,16812700
2024-06-28,180,2023-10-11,2024-06-28,115.12,108.2189,108.671,106.377,105.9344,96.8,122.2,-5.7938,18.9256,24565900
2024-07-01,180,2023-10-12,2024-07-01,114.96,108.2639,108.7181,106.185,105.7414,96.8,122.2,-5.9247,18.7603,11972900
2024-07-02,180,2023-10-13,2024-07-02,114.18,108.3052,108.7609,105.4243,104.9826,96.8,122.2,-6.563,17.9545,13326700
2024-07-03,180,2023-10-16,2024-07-03,114.76,108.3305,108.7881,105.9351,105.4895,96.8,122.2,-6.0884,18.5537,7732900
2024-07-05,180,2023-10-17,2024-07-05,113.37,108.3484,108.8071,104.6347,104.1936,96.8,122.2,-7.2259,17.1178,12631000
2024-07-08,180,2023-10-18,2024-07-08,112.18,108.3525,108.8114,103.5324,103.0958,96.8,122.2,-8.1997,15.8884,13350500
2024-07-09,180,2023-10-19,2024-07-09,110.94,108.3421,108.8003,102.3979,101.9667,96.8,122.2,-9.2144,14.6074,11727000
2024-07-10,180,2023-10-20,2024-07-10,111.92,108.3364,108.7942,103.3079,102.8732,96.8,122.2,-8.4124,15.6198,10004100
2024-07-11,180,2023-10-23,2024-07-11,113.25,108.3476,108.8062,104.5247,104.0841,96.8,122.2,-7.3241,16.9938,13082700
2024-07-12,180,2023-10-24,2024-07-12,113.27,108.3677,108.8274,104.5237,104.0822,96.8,122.2,-7.3077,17.0145,11684900
2024-07-15,180,2023-10-25,2024-07-15,115.21,108.4034,108.8653,106.279,105.828,96.8,122.2,-5.7201,19.0186,13032500
2024-07-16,180,2023-10-26,2024-07-16,116.04,108.442,108.9067,107.0065,106.5499,96.8,122.2,-5.0409,19.876,13614100
2024-07-17,180,2023-10-27,2024-07-17,117.64,108.4938,108.9625,108.4301,107.9637,96.8,122.2,-3.7316,21.5289,13602800
2024-07-18,180,2023-10-30,2024-07-18,118.8,108.563,109.0361,109.4296,108.9547,96.8,122.2,-2.7823,22.7273,13033600
2024-07-19,180,2023-10-31,2024-07-19,116.07,108.6173,109.0927,106.8614,106.3957,96.8,122.2,-5.0164,19.907,16157700
2024-07-22,180,2023-11-01,2024-07-22,115.27,108.6679,109.1451,106.0755,105.6117,96.8,122.2,-5.671,19.0806,12065900
2024-07-23,180,2023-11-02,2024-07-23,113.41,108.7105,109.1882,104.323,103.8665,96.8,122.2,-7.1931,17.1591,11251700
2024-07-24,180,2023-11-03,2024-07-24,115.01,108.7414,109.221,105.7647,105.3003,96.8,122.2,-5.8838,18.812,14925200
2024-07-25,180,2023-11-06,2024-07-25,117.43,108.7915,109.2746,107.9404,107.4632,96.8,122.2,-3.9034,21.312,17021700
2024-07-26,180,2023-11-07,2024-07-26,117.33,108.8522,109.3383,107.7884,107.3092,96.8,122.2,-3.9853,21.2087,11252500
2024-07-29,180,2023-11-08,2024-07-29,116.1,108.9169,109.4043,106.595,106.1201,96.8,122.2,-4.9918,19.938,8861800
2024-07-30,180,2023-11-09,2024-07-30,118.17,108.9995,109.489,108.4133,107.9286,96.8,122.2,-3.2979,22.0764,12483900
2024-07-31,180,2023-11-10,2024-07-31,118.59,109.0841,109.5758,108.7143,108.2264,96.8,122.2,-2.9542,22.5103,15137700
2024-08-01,180,2023-11-13,2024-08-01,116.95,109.1561,109.6492,107.1402,106.6584,96.8,122.2,-4.2962,20.8161,15051500
2024-08-02,180,2023-11-14,2024-08-02,116.88,109.2211,109.7161,107.0123,106.5295,96.8,122.2,-4.3535,20.7438,20403800
2024-08-05,180,2023-11-15,2024-08-05,114.77,109.2792,109.7743,105.0246,104.5509,96.8,122.2,-6.0802,18.564,18025900
2024-08-06,180,2023-11-16,2024-08-06,114.16,109.3381,109.8326,104.4101,103.94,96.8,122.2,-6.5794,17.9339,13647800
2024-08-07,180,2023-11-17,2024-08-07,115.68,109.4122,109.9061,105.7286,105.2535,96.8,122.2,-5.3355,19.5041,13660700
2024-08-08,180,2023-11-20,2024-08-08,117.89,109.4818,109.9779,107.68,107.1943,96.8,122.2,-3.527,21.7872,13851000
2024-08-09,180,2023-11-21,2024-08-09,118.85,109.5588,110.0576,108.4806,107.9889,96.8,122.2,-2.7414,22.7789,12151900
2024-08-12,180,2023-11-22,2024-08-12,119.0,109.6368,110.1384,108.5402,108.0459,96.8,122.2,-2.6187,22.9339,13228900
2024-08-13,180,2023-11-24,2024-08-13,117.86,109.7123,110.2153,107.4264,106.9361,96.8,122.2,-3.5516,21.7562,11585100
2024-08-14,180,2023-11-27,2024-08-14,118.95,109.7897,110.2952,108.3435,107.8469,96.8,122.2,-2.6596,22.8822,12194500
2024-08-15,180,2023-11-28,2024-08-15,118.73,109.8699,110.3773,108.0642,107.5674,96.8,122.2,-2.8396,22.655,11579400
2024-08-16,180,2023-11-29,2024-08-16,118.17,109.9479,110.4566,107.4782,106.9832,96.8,122.2,-3.2979,22.0764,10056000
2024-08-19,180,2023-11-30,2024-08-19,118.53,110.0376,110.5465,107.7178,107.2218,96.8,122.2,-3.0033,22.4483,12417500
2024-08-20,180,2023-12-01,2024-08-20,114.58,110.1053,110.6123,104.0641,103.5871,96.8,122.2,-6.2357,18.3678,15632000
2024-08-21,180,2023-12-04,2024-08-21,113.85,110.1677,110.6726,103.3425,102.871,96.8,122.2,-6.8331,17.6136,11752400
2024-08-22,180,2023-12-05,2024-08-22,114.73,110.2383,110.7409,104.0745,103.6022,96.8,122.2,-6.1129,18.5227,10609500
2024-08-23,180,2023-12-06,2024-08-23,116.32,110.3301,110.8292,105.429,104.9543,96.8,122.2,-4.8118,20.1653,10381400
2024-08-26,180,2023-12-07,2024-08-26,118.81,110.4434,110.9386,107.5755,107.0953,96.8,122.2,-2.7741,22.7376,13671000
2024-08-27,180,2023-12-08,2024-08-27,117.68,110.5562,111.0456,106.4436,105.9745,96.8,122.2,-3.6989,21.5702,9991600
2024-08-28,180,2023-12-11,2024-08-28,116.52,110.6556,111.1399,105.2997,104.8408,96.8,122.2,-4.6481,20.3719,10742900
2024-08-29,180,2023-12-12,2024-08-29,118.13,110.7627,111.2427,106.6514,106.1912,96.8,122.2,-3.3306,22.0351,10753900
2024-08-30,180,2023-12-13,2024-08-30,117.94,110.8801,111.3532,106.3672,105.9152,96.8,122.2,-3.4861,21.8388,13284700
2024-09-03,180,2023-12-14,2024-09-03,115.47,110.9791,111.4452,104.0466,103.6115,96.8,122.2,-5.5074,19.2872,15725100
2024-09-04,180,2023-12-15,2024-09-04,114.06,111.0529,111.5145,102.7078,102.2827,96.8,122.2,-6.6612,17.8306,12620600
2024-09-05,180,2023-12-18,2024-09-05,113.17,111.1266,111.5827,101.8388,101.4226,96.8,122.2,-7.3895,16.9112,17200800
2024-09-06,180,2023-12-19,2024-09-06,112.64,111.1925,111.6437,101.3018,100.8924,96.8,122.2,-7.8232,16.3636,13467700
2024-09-09,180,2023-12-20,2024-09-09,115.01,111.2622,111.7105,103.3684,102.9536,96.8,122.2,-5.8838,18.812,21645300
2024-09-10,180,2023-12-21,2024-09-10,110.82,111.3208,111.7636,99.5502,99.1558,96.8,122.2,-9.3126,14.4835,20913400
2024-09-11,180,2023-12-22,2024-09-11,109.72,111.3701,111.8079,98.5184,98.1326,96.8,122.2,-10.2128,13.3471,19571900
2024-09-12,180,2023-12-26,2024-09-12,111.23,111.4267,111.8597,99.8234,99.437,96.8,122.2,-8.9771,14.907,15919500
2024-09-13,180,2023-12-27,2024-09-13,111.15,111.4815,111.9098,99.7026,99.3211,96.8,122.2,-9.0425,14.8244,10035400
2024-09-16,180,2023-12-28,2024-09-16,112.71,111.5481,111.9712,101.0416,100.6598,96.8,122.2,-7.766,16.4359,11729000
2024-09-17,180,2023-12-29,2024-09-17,114.18,111.6327,112.0489,102.2818,101.9019,96.8,122.2,-6.563,17.9545,12202600
2024-09-18,180,2024-01-02,2024-09-18,114.58,111.721,112.13,102.559,102.185,96.8,122.2,-6.2357,18.3678,12569900
2024-09-19,180,2024-01-03,2024-09-19,116.0,111.8008,112.2058,103.756,103.3815,96.8,122.2,-5.0736,19.8347,12660600
2024-09-20,180,2024-01-04,2024-09-20,115.27,111.8711,112.2727,103.0382,102.6696,96.8,122.2,-5.671,19.0806,36206200
2024-09-23,180,2024-01-05,2024-09-23,117.36,111.9583,112.3563,104.8248,104.4534,96.8,122.2,-3.9607,21.2397,16066300
2024-09-24,180,2024-01-08,2024-09-24,117.05,112.0419,112.4364,104.4698,104.1033,96.8,122.2,-4.2144,20.9194,11984900
2024-09-25,180,2024-01-09,2024-09-25,114.77,112.1254,112.5133,102.3586,102.0057,96.8,122.2,-6.0802,18.564,13816000
2024-09-26,180,2024-01-10,2024-09-26,112.8,112.207,112.5863,100.5285,100.1898,96.8,122.2,-7.6923,16.5289,16887900
2024-09-27,180,2024-01-11,2024-09-27,115.82,112.3119,112.6814,103.1235,102.7853,96.8,122.2,-5.2209,19.6488,15964000
2024-09-30,180,2024-01-12,2024-09-30,117.22,112.4244,112.7845,104.2656,103.9327,96.8,122.2,-4.0753,21.095,13247600
2024-10-01,180,2024-01-16,2024-10-01,119.93,112.5416,112.8955,106.565,106.231,96.8,122.2,-1.8576,23.8946,23235900
2024-10-02,180,2024-01-17,2024-10-02,121.52,112.683,113.0279,107.8423,107.5133,96.8,122.2,-0.5565,25.5372,17129700
2024-10-03,180,2024-01-18,2024-10-03,122.58,112.8351,113.1701,108.6364,108.3148,96.8,122.58,0.0,26.6322,16524300
2024-10-04,180,2024-01-19,2024-10-04,124.83,112.9995,113.3258,110.4696,110.1514,96.82,124.83,0.0,28.93,19752300
2024-10-07,180,2024-01-22,2024-10-07,125.37,113.1656,113.4837,110.7846,110.474,96.82,125.37,0.0,29.4877,15714400
2024-10-08,180,2024-01-23,2024-10-08,122.04,113.3176,113.6238,107.6973,107.407,97.91,125.37,-2.6561,24.6451,14818500
2024-10-09,180,2024-01-24,2024-10-09,122.09,113.4621,113.7582,107.6042,107.3242,99.6,125.37,-2.6163,22.5803,11144900
2024-10-10,180,2024-01-25,2024-10-10,123.14,113.5996,113.8889,108.3983,108.1229,100.84,125.37,-1.7787,22.1142,10243300
2024-10-11,180,2024-01-26,2024-10-11,123.61,113.7217,114.0083,108.6952,108.422,100.84,125.37,-1.4038,22.5803,8294800
2024-10-14,180,2024-01-29,2024-10-14,124.08,113.8403,114.1254,108.9948,108.7225,100.84,125.37,-1.029,23.0464,9808100
2024-10-15,180,2024-01-30,2024-10-15,120.35,113.9403,114.2211,105.6255,105.3659,100.84,125.37,-4.0042,19.3475,15771300
2024-10-16,180,2024-01-31,2024-10-16,120.66,114.0305,114.3089,105.8138,105.5561,100.84,125.37,-3.7569,19.6549,8426800
2024-10-17,180,2024-02-01,2024-10-17,120.35,114.133,114.4063,105.4472,105.1952,100.84,125.37,-4.0042,19.3475,11204900
2024-10-18,180,2024-02-02,2024-10-18,120.01,114.2368,114.5042,105.0537,104.8084,100.84,125.37,-4.2753,19.0103,12898600
2024-10-21,180,2024-02-05,2024-10-21,120.08,114.3442,114.6048,105.0163,104.7774,100.84,125.37,-4.2195,19.0797,10177800
2024-10-22,180,2024-02-06,2024-10-22,120.7,114.4578,114.7112,105.4537,105.2207,100.84,125.37,-3.725,19.6946,9201400
2024-10-23,180,2024-02-07,2024-10-23,120.27,114.5645,114.8113,104.9801,104.7545,100.84,125.37,-4.068,19.2681,8320300
2024-10-24,180,2024-02-08,2024-10-24,119.59,114.6682,114.9078,104.2922,104.0747,100.84,125.37,-4.6104,18.5938,9905600
2024-10-25,180,2024-02-09,2024-10-25,119.49,114.7596,114.9941,104.122,103.9097,100.84,125.37,-4.6901,18.4946,10714600
2024-10-28,180,2024-02-12,2024-10-28,118.9,114.8632,115.0892,103.5144,103.3112,100.84,125.37,-5.1607,17.9096,11844500
2024-10-29,180,2024-02-13,2024-10-29,117.28,114.9488,115.1676,102.0281,101.8342,100.84,125.37,-6.4529,16.3031,14731000
2024-10-30,180,2024-02-14,2024-10-30,116.69,115.0441,115.2529,101.4306,101.2469,100.84,125.37,-6.9235,15.718,12303700
2024-10-31,180,2024-02-15,2024-10-31,116.78,115.1437,115.3414,101.4211,101.2472,102.75,125.37,-6.8517,13.6545,20512000
2024-11-01,180,2024-02-16,2024-11-01,114.95,115.2131,115.4038,99.7716,99.6068,102.75,125.37,-8.3114,11.8735,20939300
2024-11-04,180,2024-02-20,2024-11-04,118.61,115.3024,115.4864,102.8687,102.7047,102.75,125.37,-5.392,15.4355,14965400
2024-11-05,180,2024-02-21,2024-11-05,118.96,115.4004,115.5765,103.0846,102.9275,103.84,125.37,-5.1129,14.5609,10436700
2024-11-06,180,2024-02-22,2024-11-06,121.0,115.4946,115.6662,104.7668,104.6114,103.84,125.37,-3.4857,16.5254,20807700
2024-11-07,180,2024-02-23,2024-11-07,121.15,115.5904,115.7573,104.8097,104.6586,103.84,125.37,-3.366,16.6699,12184400
2024-11-08,180,2024-02-26,2024-11-08,121.11,115.6924,115.8532,104.6827,104.5374,104.03,125.37,-3.3979,16.4183,12836000
2024-11-11,180,2024-02-27,2024-11-11,120.47,115.7886,115.9433,104.0431,103.9042,104.03,125.37,-3.9084,15.8031,11969700
2024-11-12,180,2024-02-28,2024-11-12,120.35,115.8857,116.034,103.8523,103.7196,104.32,125.37,-4.0042,15.3662,11972800
2024-11-13,180,2024-02-29,2024-11-13,121.47,115.9868,116.1293,104.7274,104.5989,104.36,125.37,-3.1108,16.3952,15127900
2024-11-14,180,2024-03-01,2024-11-14,120.56,116.082,116.2184,103.8576,103.7357,104.36,125.37,-3.8366,15.5232,13041800
2024-11-15,180,2024-03-04,2024-11-15,119.31,116.1619,116.2932,102.7101,102.5941,104.36,125.37,-4.8337,14.3254,19051700
2024-11-18,180,2024-03-05,2024-11-18,120.31,116.2572,116.3818,103.486,103.3752,105.64,125.37,-4.0361,13.8868,14239700
2024-11-19,180,2024-03-06,2024-11-19,118.63,116.3351,116.454,101.9726,101.8685,106.77,125.37,-5.3761,11.108,11584400
2024-11-20,180,2024-03-07,2024-11-20,120.32,116.4145,116.5293,103.3548,103.253,107.37,125.37,-4.0281,12.0611,11360900
2024-11-21,180,2024-03-08,2024-11-21,121.93,116.4983,116.6102,104.6625,104.5621,108.32,125.37,-2.7439,12.5646,14675400
2024-11-22,180,2024-03-11,2024-11-22,121.79,116.5749,116.6847,104.4736,104.3753,108.32,125.37,-2.8555,12.4354,13323400
2024-11-25,180,2024-03-12,2024-11-25,119.97,116.6382,116.7455,102.8566,102.762,108.32,125.37,-4.3073,10.7552,26580300
2024-11-26,180,2024-03-13,2024-11-26,117.97,116.6953,116.7991,101.0924,101.0025,108.36,125.37,-5.9025,8.8686,14827300
2024-11-27,180,2024-03-14,2024-11-27,117.66,116.743,116.8443,100.7855,100.6981,108.36,125.37,-6.1498,8.5825,11079100
2024-11-29,180,2024-03-15,2024-11-29,117.96,116.7804,116.8803,101.0101,100.9237,108.36,125.37,-5.9105,8.8594,9426500
2024-12-02,180,2024-03-18,2024-12-02,117.85,116.8184,116.9169,100.8831,100.7981,108.36,125.37,-5.9982,8.7578,12687300
2024-12-03,180,2024-03-19,2024-12-03,117.67,116.8492,116.9467,100.7024,100.6185,108.36,125.37,-6.1418,8.5917,11756600
2024-12-04,180,2024-03-20,2024-12-04,114.28,116.8562,116.9533,97.7954,97.7142,108.36,125.37,-8.8458,5.4633,19520600
2024-12-05,180,2024-03-21,2024-12-05,114.78,116.8667,116.9633,98.2145,98.1334,108.36,125.37,-8.447,5.9247,15751200
2024-12-06,180,2024-03-22,2024-12-06,113.57,116.8672,116.9637,97.1787,97.0985,108.36,125.37,-9.4121,4.808,16171100
2024-12-09,180,2024-03-25,2024-12-09,112.9,116.8637,116.9604,96.6083,96.5284,108.36,125.37,-9.9466,4.1897,17412600
2024-12-10,180,2024-03-26,2024-12-10,112.67,116.852,116.9494,96.4211,96.3408,108.36,125.37,-10.13,3.9775,20990900
2024-12-11,180,2024-03-27,2024-12-11,111.92,116.8409,116.9391,95.7884,95.708,108.36,125.37,-10.7282,3.2853,32392200
2024-12-12,180,2024-03-28,2024-12-12,111.82,116.8223,116.9216,95.718,95.6368,108.36,125.37,-10.808,3.1931,14543300
2024-12-13,180,2024-04-01,2024-12-13,110.84,116.7906,116.8916,94.9049,94.8229,108.36,125.37,-11.5897,2.2887,13106100
2024-12-16,180,2024-04-02,2024-12-16,108.47,116.7397,116.8442,92.9161,92.833,108.36,125.37,-13.4801,0.1015,20256100
2024-12-17,180,2024-04-03,2024-12-17,108.01,116.6735,116.7816,92.5746,92.4889,108.01,125.37,-13.847,0.0,17554000
2024-12-18,180,2024-04-04,2024-12-18,106.42,116.5968,116.7101,91.2718,91.1832,106.42,125.37,-15.1153,0.0,17114500
2024-12-19,180,2024-04-05,2024-12-19,105.51,116.5119,116.6311,90.5572,90.4647,105.51,125.37,-15.8411,0.0,20565600
2024-12-20,180,2024-04-08,2024-12-20,105.87,116.421,116.545,90.9372,90.8405,105.51,125.37,-15.554,0.3412,40141200
2024-12-23,180,2024-04-09,2024-12-23,106.3,116.3374,116.4658,91.3722,91.2714,105.51,125.37,-15.211,0.7487,12285100
2024-12-24,180,2024-04-10,2024-12-24,106.4,116.2512,116.3837,91.5259,91.4217,105.51,125.37,-15.1312,0.8435,7807000
2024-12-26,180,2024-04-11,2024-12-26,106.49,116.1607,116.2964,91.6747,91.5677,105.51,125.37,-15.0594,0.9288,9652400
2024-12-27,180,2024-04-12,2024-12-27,106.48,116.0722,116.2114,91.736,91.6261,105.51,125.37,-15.0674,0.9193,11943900
2024-12-30,180,2024-04-15,2024-12-30,105.76,115.9864,116.1302,91.1831,91.0702,105.51,125.37,-15.6417,0.2369,11080800
2024-12-31,180,2024-04-16,2024-12-31,107.57,115.9161,116.0629,92.7998,92.6825,105.51,125.37,-14.198,1.9524,12387800
2025-01-02,180,2024-04-17,2025-01-02,107.31,115.8495,115.9997,92.6288,92.5088,105.51,125.37,-14.4054,1.706,12685400
2025-01-03,180,2024-04-18,2025-01-03,107.86,115.7868,115.9399,93.154,93.031,105.51,125.37,-13.9667,2.2273,14237900
2025-01-06,180,2024-04-19,2025-01-06,107.74,115.7239,115.88,93.1009,92.9755,105.51,125.37,-14.0624,2.1135,15623700
2025-01-07,180,2024-04-22,2025-01-07,108.75,115.6604,115.8182,94.0252,93.8972,105.51,125.37,-13.2568,3.0708,12625900
2025-01-08,180,2024-04-23,2025-01-08,106.93,115.5819,115.7424,92.5145,92.3862,105.51,125.37,-14.7085,1.3458,17858100
2025-01-10,180,2024-04-24,2025-01-10,106.54,115.4986,115.6619,92.2436,92.1133,105.51,125.37,-15.0195,0.9762,19304500
2025-01-13,180,2024-04-25,2025-01-13,109.29,115.4327,115.5966,94.6785,94.5443,105.51,125.37,-12.826,3.5826,17073400
2025-01-14,180,2024-04-26,2025-01-14,109.72,115.3682,115.5321,95.1042,94.9693,105.51,125.37,-12.4831,3.9901,11191200
2025-01-15,180,2024-04-29,2025-01-15,111.51,115.332,115.4963,96.6861,96.5486,105.51,125.37,-11.0553,5.6867,14521100
2025-01-16,180,2024-04-30,2025-01-16,111.32,115.2858,115.4501,96.56,96.4226,105.51,125.37,-11.2068,5.5066,10366600
2025-01-17,180,2024-05-01,2025-01-17,112.32,115.2527,115.417,97.4554,97.3167,105.51,125.37,-10.4092,6.4544,19298500
2025-01-21,180,2024-05-02,2025-01-21,111.47,115.2267,115.3917,96.7397,96.6014,105.51,125.37,-11.0872,5.6488,20416300
2025-01-22,180,2024-05-03,2025-01-22,109.53,115.1879,115.3544,95.0881,94.9509,105.51,125.37,-12.6346,3.8101,15718000
2025-01-23,180,2024-05-06,2025-01-23,110.15,115.1541,115.3219,95.6544,95.5153,105.51,125.37,-12.1401,4.3977,13726800
2025-01-24,180,2024-05-07,2025-01-24,108.66,115.1072,115.2769,94.399,94.26,105.51,125.37,-13.3285,2.9855,14235900
2025-01-27,180,2024-05-08,2025-01-27,110.17,115.0727,115.2436,95.7395,95.5975,105.51,125.37,-12.1241,4.4166,15926700
2025-01-28,180,2024-05-09,2025-01-28,108.04,115.0251,115.1986,93.9273,93.7859,105.51,125.37,-13.8231,2.3979,15862000
2025-01-29,180,2024-05-10,2025-01-29,108.67,114.9694,115.1443,94.5208,94.3772,105.51,125.37,-13.3206,2.995,12345500
2025-01-30,180,2024-05-13,2025-01-30,109.57,114.9217,115.0977,95.3432,95.1974,105.51,125.37,-12.6027,3.848,14346300
2025-01-31,180,2024-05-14,2025-01-31,106.83,114.8572,115.0361,93.0111,92.8665,105.51,125.37,-14.7882,1.2511,20376500
2025-02-03,180,2024-05-15,2025-02-03,107.09,114.7957,114.9773,93.2874,93.1401,105.51,125.37,-14.5808,1.4975,14623200
2025-02-04,180,2024-05-16,2025-02-04,109.96,114.7473,114.9294,95.8279,95.6761,105.51,125.37,-12.2916,4.2176,14835700
2025-02-05,180,2024-05-17,2025-02-05,109.88,114.7022,114.8851,95.7959,95.6434,105.51,125.37,-12.3554,4.1418,13364400
2025-02-06,180,2024-05-20,2025-02-06,108.43,114.6391,114.8228,94.5838,94.4325,105.51,125.37,-13.512,2.7675,13411400
2025-02-07,180,2024-05-21,2025-02-07,108.89,114.5839,114.7684,95.0308,94.878,105.51,125.37,-13.1451,3.2035,10051600
2025-02-10,180,2024-05-22,2025-02-10,110.97,114.5455,114.7302,96.8785,96.7226,105.51,125.37,-11.486,5.1749,12142200
2025-02-11,180,2024-05-23,2025-02-11,111.67,114.524,114.7091,97.508,97.3506,105.51,125.37,-10.9277,5.8383,12713100
2025-02-12,180,2024-05-24,2025-02-12,107.35,114.4872,114.6748,93.766,93.6125,105.51,125.37,-14.3735,1.7439,18244100
2025-02-13,180,2024-05-28,2025-02-13,108.13,114.4558,114.6454,94.4732,94.3169,105.51,125.37,-13.7513,2.4832,15460000
2025-02-14,180,2024-05-29,2025-02-14,108.24,114.417,114.6087,94.6013,94.4431,105.51,125.37,-13.6636,2.5874,15733500
2025-02-18,180,2024-05-30,2025-02-18,110.14,114.3967,114.5893,96.279,96.1172,105.51,125.37,-12.148,4.3882,20060300
2025-02-19,180,2024-05-31,2025-02-19,110.3,114.3754,114.5688,96.4368,96.2741,105.51,125.37,-12.0204,4.5399,10964700
2025-02-20,180,2024-06-03,2025-02-20,112.0,114.3463,114.5396,97.9481,97.7828,105.51,125.37,-10.6644,6.1511,16325800
2025-02-21,180,2024-06-04,2025-02-21,110.69,114.3248,114.5187,96.8207,96.6567,105.51,125.37,-11.7093,4.9095,14710000
2025-02-24,180,2024-06-05,2025-02-24,111.27,114.3166,114.5109,97.3349,97.1698,105.51,125.37,-11.2467,5.4592,13153500
2025-02-25,180,2024-06-06,2025-02-25,109.73,114.2968,114.4921,96.0044,95.8407,105.51,125.37,-12.4751,3.9996,14497000
2025-02-26,180,2024-06-07,2025-02-26,109.46,114.2706,114.467,95.7902,95.6258,105.51,125.37,-12.6904,3.7437,10446400
2025-02-27,180,2024-06-10,2025-02-27,110.15,114.2554,114.4526,96.4068,96.2408,105.51,125.37,-12.1401,4.3977,15293200
2025-02-28,180,2024-06-11,2025-02-28,111.33,114.2453,114.4428,97.4482,97.28,105.51,125.37,-11.1989,5.5161,18821700
2025-03-03,180,2024-06-12,2025-03-03,107.76,114.2189,114.4183,94.3452,94.1807,105.51,125.37,-14.0464,2.1325,18706900
2025-03-04,180,2024-06-13,2025-03-04,107.54,114.1983,114.3995,94.1695,94.0039,105.51,125.37,-14.2219,1.924,19394900
2025-03-05,180,2024-06-14,2025-03-05,105.44,114.1696,114.3739,92.3539,92.1888,105.44,125.37,-15.8969,0.0,24822200
2025-03-06,180,2024-06-17,2025-03-06,107.62,114.1604,114.3657,94.2709,94.1017,105.44,125.37,-14.1581,2.0675,17150200
2025-03-07,180,2024-06-18,2025-03-07,109.02,114.1644,114.3693,95.4938,95.3228,105.44,125.37,-13.0414,3.3953,19625000
2025-03-10,180,2024-06-20,2025-03-10,111.8,114.1788,114.3828,97.9166,97.742,105.44,125.37,-10.824,6.0319,22749100
2025-03-11,180,2024-06-21,2025-03-11,109.16,114.1634,114.3684,95.6173,95.4459,105.44,125.37,-12.9297,3.5281,19904700
2025-03-12,180,2024-06-24,2025-03-12,109.13,114.1537,114.3594,95.5992,95.4272,105.44,125.37,-12.9537,3.4996,14051500
2025-03-13,180,2024-06-25,2025-03-13,108.67,114.1223,114.3295,95.2224,95.0498,105.44,125.37,-13.3206,3.0633,17767800
2025-03-14,180,2024-06-26,2025-03-14,111.9,114.1083,114.3158,98.0647,97.8868,105.44,125.37,-10.7442,6.1267,15890100
2025-03-17,180,2024-06-27,2025-03-17,113.76,114.1047,114.3122,99.6979,99.517,105.44,125.37,-9.2606,7.8907,19908800
2025-03-18,180,2024-06-28,2025-03-18,113.64,114.0977,114.3052,99.5988,99.4181,105.44,125.37,-9.3563,7.7769,15998700
2025-03-19,180,2024-07-01,2025-03-19,115.41,114.0993,114.3068,101.1488,100.9651,105.44,125.37,-7.9445,9.4556,17315000
2025-03-20,180,2024-07-02,2025-03-20,115.9,114.1044,114.312,101.5737,101.3892,105.44,125.37,-7.5536,9.9203,16230800
2025-03-21,180,2024-07-03,2025-03-21,115.5,114.1116,114.3193,101.2167,101.0328,105.44,125.37,-7.8727,9.541,41102800
2025-03-24,180,2024-07-05,2025-03-24,115.8,114.1173,114.3251,101.4745,101.2901,105.44,125.37,-7.6334,9.8255,14207500
2025-03-25,180,2024-07-08,2025-03-25,116.59,114.1349,114.343,102.151,101.9651,105.44,125.37,-7.0033,10.5747,12081800
2025-03-26,180,2024-07-09,2025-03-26,118.27,114.1681,114.3768,103.5928,103.4038,105.44,125.37,-5.6632,12.1681,14110800
2025-03-27,180,2024-07-10,2025-03-27,117.89,114.2066,114.4154,103.2252,103.0368,105.44,125.37,-5.9663,11.8077,12740800
2025-03-28,180,2024-07-11,2025-03-28,117.73,114.2386,114.4477,103.0562,102.8679,105.44,125.37,-6.094,11.6559,10233400
2025-03-31,180,2024-07-12,2025-03-31,118.93,114.2692,114.4793,104.0788,103.8878,105.44,125.37,-5.1368,12.794,21652300
2025-04-01,180,2024-07-15,2025-04-01,119.04,114.3002,114.5113,104.1468,103.9548,105.44,125.37,-5.0491,12.8983,12425400
2025-04-02,180,2024-07-16,2025-04-02,118.67,114.3186,114.5306,103.8064,103.6143,105.44,125.37,-5.3442,12.5474,12614600
2025-04-03,180,2024-07-17,2025-04-03,112.43,114.2985,114.5105,98.3652,98.1831,105.44,125.37,-10.3215,6.6294,21204600
2025-04-04,180,2024-07-18,2025-04-04,104.34,114.2199,114.4366,91.3501,91.1771,104.34,125.37,-16.7744,0.0,30841300
2025-04-07,180,2024-07-19,2025-04-07,102.94,114.126,114.3485,90.1985,90.023,102.94,125.37,-17.891,0.0,35068500
2025-04-08,180,2024-07-22,2025-04-08,100.77,114.0314,114.2635,88.3704,88.1909,100.77,125.37,-19.6219,0.0,27147800
2025-04-09,180,2024-07-23,2025-04-09,105.8,113.9754,114.2109,92.8271,92.6357,100.77,125.37,-15.6098,4.9916,30063300
2025-04-10,180,2024-07-24,2025-04-10,99.93,113.8896,114.136,87.7429,87.5534,99.93,125.37,-20.2919,0.0,33999300
2025-04-11,180,2024-07-25,2025-04-11,103.14,113.8175,114.0701,90.6187,90.4181,99.93,125.37,-17.7315,3.2122,22884600
2025-04-14,180,2024-07-26,2025-04-14,103.39,113.7344,113.9921,90.9048,90.6993,99.93,125.37,-17.5321,3.4624,18020000
2025-04-15,180,2024-07-29,2025-04-15,103.1,113.6499,113.913,90.7172,90.5077,99.93,125.37,-17.7634,3.1722,13164900
2025-04-16,180,2024-07-30,2025-04-16,104.19,113.5793,113.8468,91.7333,91.5177,99.93,125.37,-16.894,4.263,13607000
2025-04-17,180,2024-07-31,2025-04-17,106.92,113.5155,113.7843,94.1898,93.9672,99.93,125.37,-14.7164,6.9949,17916500
2025-04-21,180,2024-08-01,2025-04-21,105.35,113.4397,113.7108,92.8687,92.6473,99.93,125.37,-15.9687,5.4238,16926500
2025-04-22,180,2024-08-02,2025-04-22,108.3,113.3909,113.6627,95.5103,95.2819,99.93,125.37,-13.6157,8.3759,13147000
2025-04-23,180,2024-08-05,2025-04-23,107.37,113.3368,113.6099,94.7354,94.5076,99.93,125.37,-14.3575,7.4452,14235700
2025-04-24,180,2024-08-06,2025-04-24,108.63,113.3016,113.5758,95.8768,95.6454,99.93,125.37,-13.3525,8.7061,9849600
2025-04-25,180,2024-08-07,2025-04-25,108.57,113.2695,113.5447,95.8511,95.6187,99.93,125.37,-13.4003,8.6461,11245800
2025-04-28,180,2024-08-08,2025-04-28,108.63,113.2295,113.5056,95.9379,95.7046,99.93,125.37,-13.3525,8.7061,13890900
2025-04-29,180,2024-08-09,2025-04-29,108.36,113.1764,113.4526,95.7443,95.5112,99.93,125.37,-13.5678,8.4359,9483100
2025-04-30,180,2024-08-12,2025-04-30,105.63,113.1015,113.3792,93.394,93.1653,99.93,125.37,-15.7454,5.704,20379300
2025-05-01,180,2024-08-13,2025-05-01,105.78,113.0269,113.3057,93.5883,93.358,99.93,125.37,-15.6258,5.8541,18610300
2025-05-02,180,2024-08-14,2025-05-02,106.21,112.9609,113.241,94.0237,93.7911,99.93,125.37,-15.2828,6.2844,16581900
2025-05-05,180,2024-08-15,2025-05-05,103.27,112.8705,113.1539,91.4942,91.2651,99.93,125.37,-17.6278,3.3423,19624000
2025-05-06,180,2024-08-16,2025-05-06,104.71,112.7907,113.076,92.8356,92.6014,99.93,125.37,-16.4792,4.7833,16303400
2025-05-07,180,2024-08-19,2025-05-07,104.61,112.7133,113.0007,92.8107,92.5747,99.93,125.37,-16.559,4.6833,12332200
2025-05-08,180,2024-08-20,2025-05-08,106.07,112.6434,112.9314,94.1644,93.9242,99.93,125.37,-15.3944,6.1443,19196500
2025-05-09,180,2024-08-21,2025-05-09,107.31,112.6017,112.8911,95.3005,95.0562,99.93,125.37,-14.4054,7.3852,10992100
2025-05-12,180,2024-08-22,2025-05-12,109.16,112.5751,112.865,96.9664,96.7173,99.93,125.37,-12.9297,9.2365,14244600
2025-05-13,180,2024-08-23,2025-05-13,109.46,112.5456,112.8357,97.2584,97.0083,99.93,125.37,-12.6904,9.5367,13350800
2025-05-14,180,2024-08-26,2025-05-14,108.48,112.5019,112.7922,96.4251,96.1769,99.93,125.37,-13.4721,8.556,15494900
2025-05-15,180,2024-08-27,2025-05-15,108.58,112.4462,112.7353,96.5618,96.3141,99.93,125.37,-13.3924,8.6561,15004300
2025-05-16,180,2024-08-28,2025-05-16,108.19,112.3938,112.6826,96.2597,96.013,99.93,125.37,-13.7034,8.2658,14042500
2025-05-19,180,2024-08-29,2025-05-19,106.47,112.337,112.6268,94.7773,94.5335,99.93,125.37,-15.0754,6.5446,16802700
2025-05-20,180,2024-08-30,2025-05-20,104.95,112.2625,112.5536,93.4862,93.2445,99.93,125.37,-16.2878,5.0235,12429300
2025-05-21,180,2024-09-03,2025-05-21,103.66,112.1808,112.4742,92.4044,92.1633,99.93,125.37,-17.3167,3.7326,16716100
2025-05-22,180,2024-09-04,2025-05-22,102.97,112.1073,112.4048,91.8495,91.6064,99.93,125.37,-17.8671,3.0421,13417400
2025-05-23,180,2024-09-05,2025-05-23,103.03,112.0418,112.3435,91.9567,91.7098,99.93,125.37,-17.8193,3.1022,12061600
2025-05-27,180,2024-09-06,2025-05-27,103.52,111.9844,112.2899,92.4414,92.19,99.93,125.37,-17.4284,3.5925,13043600
2025-05-28,180,2024-09-09,2025-05-28,102.11,111.9207,112.2314,91.2343,90.9817,99.93,125.37,-18.5531,2.1815,14292400
2025-05-29,180,2024-09-10,2025-05-29,102.69,111.8481,112.1629,91.812,91.5543,99.93,125.37,-18.0905,2.7619,13825300
2025-05-30,180,2024-09-11,2025-05-30,102.3,111.7959,112.1156,91.506,91.2451,99.93,125.37,-18.4015,2.3717,28645800
2025-06-02,180,2024-09-12,2025-06-02,103.05,111.755,112.0786,92.2107,91.9444,99.93,125.37,-17.8033,3.1222,17290500
2025-06-03,180,2024-09-13,2025-06-03,103.8,111.7103,112.0373,92.9189,92.6477,99.93,125.37,-17.2051,3.8727,19194300
2025-06-04,180,2024-09-16,2025-06-04,102.3,111.6564,111.9881,91.6204,91.349,99.93,125.37,-18.4015,2.3717,15648500
2025-06-05,180,2024-09-17,2025-06-05,101.83,111.5908,111.9277,91.2531,90.9784,99.93,125.37,-18.7764,1.9013,13924800
2025-06-06,180,2024-09-18,2025-06-06,104.27,111.5332,111.8726,93.4878,93.2042,99.93,125.37,-16.8302,4.343,15487800
2025-06-09,180,2024-09-19,2025-06-09,104.97,111.478,111.8192,94.162,93.8747,99.93,125.37,-16.2718,5.0435,17087300
2025-06-10,180,2024-09-20,2025-06-10,107.22,111.4293,111.7704,96.2224,95.9288,99.93,125.37,-14.4771,7.2951,17634800
2025-06-11,180,2024-09-23,2025-06-11,109.31,111.3967,111.7373,98.1268,97.8276,99.93,125.37,-12.8101,9.3866,22648200
2025-06-12,180,2024-09-24,2025-06-12,109.73,111.3559,111.6949,98.5399,98.2408,99.93,125.37,-12.4751,9.8069,17469400
2025-06-13,180,2024-09-25,2025-06-13,112.12,111.33,111.6676,100.7096,100.4052,99.93,125.37,-10.5687,12.1985,28540200
2025-06-16,180,2024-09-26,2025-06-16,112.48,111.3178,111.6548,101.044,100.739,99.93,125.37,-10.2816,12.5588,22986100
2025-06-17,180,2024-09-27,2025-06-17,114.0,111.3242,111.6615,102.4036,102.0943,99.93,125.37,-9.0692,14.0799,19451700
2025-06-18,180,2024-09-30,2025-06-18,113.19,111.3104,111.6469,101.6886,101.3821,99.93,125.37,-9.7152,13.2693,17968900
2025-06-20,180,2024-10-01,2025-06-20,114.7,111.2975,111.6329,103.0571,102.7475,99.93,125.37,-8.5108,14.7803,36273300
2025-06-23,180,2024-10-02,2025-06-23,111.74,111.2555,111.5874,100.4355,100.1368,99.93,125.37,-10.8718,11.8183,26631100
2025-06-24,180,2024-10-03,2025-06-24,108.34,111.1867,111.5142,97.4397,97.1536,99.93,125.37,-13.5838,8.4159,24828300
2025-06-25,180,2024-10-04,2025-06-25,108.37,111.1132,111.4352,97.5311,97.2493,99.93,125.37,-13.5599,8.4459,17483200
2025-06-26,180,2024-10-07,2025-06-26,109.99,111.0392,111.3528,99.0551,98.7762,99.93,125.37,-12.2677,10.067,18304800
2025-06-27,180,2024-10-08,2025-06-27,109.38,110.9593,111.2639,98.5766,98.3068,99.93,124.08,-11.8472,9.4566,22002100
2025-06-30,180,2024-10-09,2025-06-30,107.8,110.8854,111.1848,97.2175,96.9557,99.93,124.08,-13.1206,7.8755,19199000
2025-07-01,180,2024-10-10,2025-07-01,109.24,110.8196,111.1134,98.5746,98.3139,99.93,124.08,-11.96,9.3165,15536900
2025-07-02,180,2024-10-11,2025-07-02,111.05,110.7593,111.0463,100.2625,100.0034,99.93,124.08,-10.5013,11.1278,11892200
2025-07-03,180,2024-10-14,2025-07-03,112.2,110.7033,110.9829,101.352,101.0967,99.93,124.08,-9.5745,12.2786,11223600
2025-07-07,180,2024-10-15,2025-07-07,111.11,110.6392,110.9108,100.4255,100.1796,99.93,121.93,-8.8739,11.1878,15415900
2025-07-08,180,2024-10-16,2025-07-08,114.19,110.6088,110.8766,103.2378,102.9884,99.93,121.93,-6.3479,14.27,17913400
2025-07-09,180,2024-10-17,2025-07-09,113.8,110.5748,110.8385,102.9167,102.6719,99.93,121.93,-6.6678,13.8797,10652100
2025-07-10,180,2024-10-18,2025-07-10,114.93,110.5482,110.8084,103.9637,103.7196,99.93,121.93,-5.741,15.0105,14901700
2025-07-11,180,2024-10-21,2025-07-11,115.43,110.5258,110.7829,104.4372,104.1947,99.93,121.93,-5.3309,15.5109,11683900
2025-07-14,180,2024-10-22,2025-07-14,113.92,110.4952,110.7487,103.0995,102.8635,99.93,121.93,-6.5693,13.9998,13220300
2025-07-15,180,2024-10-23,2025-07-15,112.91,110.4565,110.7054,102.2213,101.9914,99.93,121.93,-7.3977,12.9891,10959300
2025-07-16,180,2024-10-24,2025-07-16,112.23,110.4161,110.6608,101.6428,101.418,99.93,121.93,-7.9554,12.3086,11158900
2025-07-17,180,2024-10-25,2025-07-17,111.66,110.3759,110.6167,101.1634,100.9431,99.93,121.93,-8.4229,11.7382,13151400
2025-07-18,180,2024-10-28,2025-07-18,107.77,110.3143,110.5516,97.6936,97.4839,99.93,121.93,-11.6132,7.8455,32366600
2025-07-21,180,2024-10-29,2025-07-21,108.05,110.2573,110.4913,97.9981,97.7905,99.93,121.93,-11.3836,8.1257,17010400
2025-07-22,180,2024-10-30,2025-07-22,108.54,110.2109,110.4428,98.4839,98.2771,99.93,121.93,-10.9817,8.616,13970900
2025-07-23,180,2024-10-31,2025-07-23,109.93,110.1754,110.4052,99.7773,99.5696,99.93,121.93,-9.8417,10.007,12002700
2025-07-24,180,2024-11-01,2025-07-24,110.79,110.1441,110.3719,100.5864,100.3788,99.93,121.93,-9.1364,10.8676,15647200
2025-07-25,180,2024-11-04,2025-07-25,110.4,110.12,110.3467,100.2543,100.0483,99.93,121.93,-9.4562,10.4773,10548900
2025-07-28,180,2024-11-05,2025-07-28,111.44,110.0835,110.3068,101.2323,101.0273,99.93,121.93,-8.6033,11.5181,12353000
2025-07-29,180,2024-11-06,2025-07-29,112.88,110.053,110.2731,102.5688,102.3641,99.93,121.93,-7.4223,12.9591,15928000
2025-07-30,180,2024-11-07,2025-07-30,111.9,110.0078,110.2225,101.7201,101.5219,99.93,121.93,-8.226,11.9784,12996900
2025-07-31,180,2024-11-08,2025-07-31,111.64,109.9605,110.1697,101.5273,101.3346,99.93,121.93,-8.4393,11.7182,17233700
2025-08-01,180,2024-11-11,2025-08-01,109.64,109.9025,110.1059,99.7611,99.5768,99.93,121.93,-10.0796,9.7168,19652000
2025-08-04,180,2024-11-12,2025-08-04,107.37,109.8346,110.0332,97.7561,97.5797,99.93,121.93,-11.9413,7.4452,19129500
2025-08-05,180,2024-11-13,2025-08-05,107.24,109.7666,109.9603,97.6982,97.5261,99.93,121.93,-12.0479,7.3151,21314300
2025-08-06,180,2024-11-14,2025-08-06,106.51,109.6892,109.8772,97.1016,96.9355,99.93,121.93,-12.6466,6.5846,15321800
2025-08-07,180,2024-11-15,2025-08-07,105.95,109.6128,109.7961,96.6584,96.4971,99.93,121.93,-13.1059,6.0242,13468300
2025-08-08,180,2024-11-18,2025-08-08,106.8,109.5473,109.7266,97.4921,97.3329,99.93,121.93,-12.4088,6.8748,14417700
2025-08-11,180,2024-11-19,2025-08-11,105.83,109.4716,109.6461,96.6735,96.5196,99.93,121.93,-13.2043,5.9041,13570700
2025-08-12,180,2024-11-20,2025-08-12,106.13,109.4055,109.5767,97.0061,96.8546,99.93,121.93,-12.9583,6.2043,14109400
2025-08-13,180,2024-11-21,2025-08-13,107.6,109.3402,109.506,98.4084,98.2595,99.93,121.93,-11.7526,7.6754,17958700
2025-08-14,180,2024-11-22,2025-08-14,107.38,109.2664,109.4252,98.2735,98.131,99.93,121.79,-11.8318,7.4552,13683500
2025-08-15,180,2024-11-25,2025-08-15,106.49,109.1883,109.3402,97.5288,97.3933,99.93,119.97,-11.2361,6.5646,19271900
2025-08-18,180,2024-11-26,2025-08-18,106.72,109.1198,109.2666,97.8008,97.6694,99.93,119.04,-10.3495,6.7948,13040000
2025-08-19,180,2024-11-27,2025-08-19,107.42,109.0647,109.2079,98.492,98.3628,99.93,119.04,-9.7614,7.4952,16113600
2025-08-20,180,2024-11-29,2025-08-20,108.53,109.0175,109.1572,99.5528,99.4254,99.93,119.04,-8.829,8.606,18959700
2025-08-21,180,2024-12-02,2025-08-21,109.23,108.9728,109.1087,100.2361,100.1112,99.93,119.04,-8.2409,9.3065,12194900
2025-08-22,180,2024-12-03,2025-08-22,111.28,108.9397,109.0722,102.1482,102.0241,99.93,119.04,-6.5188,11.3579,13586700
2025-08-25,180,2024-12-04,2025-08-25,111.74,108.91,109.0393,102.5985,102.4768,99.93,119.04,-6.1324,11.8183,9744900
2025-08-26,180,2024-12-05,2025-08-26,111.49,108.8956,109.0238,102.3825,102.2621,99.93,119.04,-6.3424,11.5681,18143900
2025-08-27,180,2024-12-06,2025-08-27,112.75,108.8852,109.0125,103.5494,103.4285,99.93,119.04,-5.2839,12.829,15262600
2025-08-28,180,2024-12-09,2025-08-28,113.35,108.8841,109.0113,104.1015,103.9801,99.93,119.04,-4.7799,13.4294,14189800
2025-08-29,180,2024-12-10,2025-08-29,114.29,108.8912,109.019,104.958,104.8349,99.93,119.04,-3.9903,14.3701,14597900
2025-09-02,180,2024-12-11,2025-09-02,114.69,108.9015,109.0302,105.3154,105.191,99.93,119.04,-3.6542,14.7703,15206700
2025-09-03,180,2024-12-12,2025-09-03,111.91,108.9014,109.0302,102.7626,102.6413,99.93,119.04,-5.9896,11.9884,14920100
2025-09-04,180,2024-12-13,2025-09-04,112.4,108.9045,109.0334,103.2097,103.0877,99.93,119.04,-5.578,12.4787,12864400
2025-09-05,180,2024-12-16,2025-09-05,109.23,108.8957,109.0244,100.307,100.1885,99.93,119.04,-8.2409,9.3065,16826700
2025-09-08,180,2024-12-17,2025-09-08,109.85,108.9034,109.0321,100.8692,100.7501,99.93,119.04,-7.7201,9.9269,15440500
2025-09-09,180,2024-12-18,2025-09-09,110.65,108.9179,109.0468,101.5903,101.4702,99.93,119.04,-7.0481,10.7275,14899500
2025-09-10,180,2024-12-19,2025-09-10,112.5,108.9514,109.0806,103.2571,103.1348,99.93,119.04,-5.494,12.5788,15837600
2025-09-11,180,2024-12-20,2025-09-11,112.14,108.9884,109.1174,102.8917,102.7701,99.93,119.04,-5.7964,12.2186,11534500
2025-09-12,180,2024-12-23,2025-09-12,112.16,109.0233,109.1523,102.8771,102.7555,99.93,119.04,-5.7796,12.2386,11105700
2025-09-15,180,2024-12-24,2025-09-15,112.35,109.0568,109.1859,103.0197,102.8979,99.93,119.04,-5.62,12.4287,12880500
2025-09-16,180,2024-12-26,2025-09-16,114.68,109.1016,109.2319,105.113,104.9876,99.93,119.04,-3.6626,14.7603,17208000
2025-09-17,180,2024-12-27,2025-09-17,115.29,109.1491,109.2808,105.6262,105.4988,99.93,119.04,-3.1502,15.3708,13302000
2025-09-18,180,2024-12-30,2025-09-18,113.93,109.1897,109.3222,104.3413,104.2149,99.93,119.04,-4.2927,14.0098,14628700
2025-09-19,180,2024-12-31,2025-09-19,112.82,109.2289,109.3614,103.2877,103.1625,99.93,119.04,-5.2251,12.899,38746500
2025-09-22,180,2025-01-02,2025-09-22,112.02,109.2534,109.3862,102.5323,102.4078,99.93,119.04,-5.8972,12.0985,15611500
2025-09-23,180,2025-01-03,2025-09-23,113.95,109.2894,109.4231,104.2644,104.1371,99.93,119.04,-4.2759,14.0298,25369100
2025-09-24,180,2025-01-06,2025-09-24,114.56,109.3254,109.4603,104.7881,104.659,99.93,119.04,-3.7634,14.6402,14756100
2025-09-25,180,2025-01-07,2025-09-25,115.59,109.3673,109.5039,105.6897,105.5579,99.93,119.04,-2.8982,15.671,15012600
2025-09-26,180,2025-01-08,2025-09-26,117.22,109.4115,109.5509,107.1368,107.0004,99.93,119.04,-1.5289,17.3021,18568900
2025-09-29,180,2025-01-10,2025-09-29,114.22,109.4512,109.5914,104.357,104.2235,99.93,119.04,-4.0491,14.3,19189300
2025-09-30,180,2025-01-13,2025-09-30,112.75,109.4856,109.6259,102.9816,102.8497,99.93,119.04,-5.2839,12.829,18076200
2025-10-01,180,2025-01-14,2025-10-01,111.99,109.5003,109.6409,102.2737,102.1425,99.93,119.04,-5.9224,12.0684,16614000
2025-10-02,180,2025-01-15,2025-10-02,111.29,109.5089,109.6497,101.6265,101.496,99.93,119.04,-6.5104,11.368,13062600
2025-10-03,180,2025-01-16,2025-10-03,113.26,109.5181,109.6594,103.4167,103.2835,99.93,119.04,-4.8555,13.3393,12950100
2025-10-06,180,2025-01-17,2025-10-06,114.2,109.5332,109.6754,104.2606,104.1255,99.93,119.04,-4.0659,14.28,12036800
2025-10-07,180,2025-01-21,2025-10-07,114.26,109.5433,109.6862,104.3058,104.1699,99.93,119.04,-4.0155,14.34,11945000
2025-10-08,180,2025-01-22,2025-10-08,114.02,109.5566,109.7003,104.074,103.9377,99.93,119.04,-4.2171,14.0999,12301000
2025-10-09,180,2025-01-23,2025-10-09,112.91,109.5749,109.7191,103.0437,102.9082,99.93,119.04,-5.1495,12.9891,10976200
2025-10-10,180,2025-01-24,2025-10-10,110.73,109.578,109.7223,101.0513,100.9184,99.93,119.04,-6.9808,10.8076,13811600
2025-10-13,180,2025-01-27,2025-10-13,112.24,109.5976,109.7422,102.411,102.276,99.93,119.04,-5.7124,12.3186,10296500
2025-10-14,180,2025-01-28,2025-10-14,112.29,109.6091,109.754,102.4459,102.3106,99.93,119.04,-5.6704,12.3687,11167200
2025-10-15,180,2025-01-29,2025-10-15,111.61,109.6288,109.7738,101.8072,101.6727,99.93,119.04,-6.2416,11.6882,12182900
2025-10-16,180,2025-01-30,2025-10-16,110.64,109.6398,109.7848,100.9123,100.779,99.93,119.04,-7.0565,10.7175,11782200
2025-10-17,180,2025-01-31,2025-10-17,112.24,109.6543,109.7996,102.3581,102.2226,99.93,119.04,-5.7124,12.3186,13460100
2025-10-20,180,2025-02-03,2025-10-20,112.7,109.6868,109.8322,102.7471,102.6111,99.93,119.04,-5.3259,12.7789,9523600
2025-10-21,180,2025-02-04,2025-10-21,112.71,109.718,109.8634,102.727,102.591,99.93,119.04,-5.3175,12.789,9202300
2025-10-22,180,2025-02-05,2025-10-22,114.71,109.7432,109.8898,104.5259,104.3864,99.93,119.04,-3.6374,14.7904,12938800
2025-10-23,180,2025-02-06,2025-10-23,115.98,109.7752,109.9237,105.6523,105.5095,99.93,119.04,-2.5706,16.0612,15001100
2025-10-24,180,2025-02-07,2025-10-24,115.39,109.8125,109.9624,105.0792,104.9359,99.93,119.04,-3.0662,15.4708,9919400
2025-10-27,180,2025-02-10,2025-10-27,115.94,109.8499,110.0016,105.544,105.3985,99.93,119.04,-2.6042,16.0212,10975400
2025-10-28,180,2025-02-11,2025-10-28,115.03,109.8712,110.0241,104.6953,104.5498,99.93,119.04,-3.3686,15.1106,9535200
2025-10-29,180,2025-02-12,2025-10-29,116.45,109.8959,110.0507,105.964,105.8149,99.93,119.04,-2.1757,16.5316,12570600
2025-10-30,180,2025-02-13,2025-10-30,114.69,109.9359,110.0914,104.3245,104.177,99.93,119.04,-3.6542,14.7703,16172900
2025-10-31,180,2025-02-14,2025-10-31,114.36,109.9697,110.1261,103.9923,103.8446,99.93,119.04,-3.9315,14.4401,20213400
2025-11-03,180,2025-02-18,2025-11-03,113.76,109.9998,110.1567,103.4183,103.271,99.93,119.04,-4.4355,13.8397,12290300
2025-11-04,180,2025-02-19,2025-11-04,114.14,110.0212,110.1789,103.7436,103.5951,99.93,119.04,-4.1163,14.22,16860700
2025-11-05,180,2025-02-20,2025-11-05,113.68,110.0394,110.1977,103.3085,103.16,99.93,119.04,-4.5027,13.7596,12400900
2025-11-06,180,2025-02-21,2025-11-06,114.5,110.0525,110.2116,104.0413,103.891,99.93,119.04,-3.8138,14.5802,14219700
2025-11-07,180,2025-02-24,2025-11-07,117.22,110.0864,110.2479,106.48,106.324,99.93,119.04,-1.5289,17.3021,17181100
2025-11-10,180,2025-02-25,2025-11-10,118.22,110.1219,110.2865,107.3537,107.1935,99.93,119.04,-0.6888,18.3028,13048000
2025-11-11,180,2025-02-26,2025-11-11,119.78,110.1735,110.3423,108.7195,108.5531,99.93,119.78,0.0,19.8639,16077100
2025-11-12,180,2025-02-27,2025-11-12,118.12,110.2187,110.3904,107.1688,107.002,99.93,119.78,-1.3859,18.2027,13790900
2025-11-13,180,2025-02-28,2025-11-13,118.79,110.2632,110.4384,107.7331,107.5622,99.93,119.78,-0.8265,18.8732,17291900
2025-11-14,180,2025-03-03,2025-11-14,119.29,110.3037,110.4827,108.1468,107.9717,99.93,119.78,-0.4091,19.3736,17064300
2025-11-17,180,2025-03-04,2025-11-17,117.68,110.3566,110.5378,106.6361,106.4613,99.93,119.78,-1.7532,17.7624,16034900
2025-11-18,180,2025-03-05,2025-11-18,119.03,110.4174,110.6016,107.8,107.6205,99.93,119.78,-0.6261,19.1134,15808500
2025-11-19,180,2025-03-06,2025-11-19,117.35,110.4826,110.6678,106.2158,106.0381,99.93,119.78,-2.0287,17.4322,15919200
2025-11-20,180,2025-03-07,2025-11-20,117.02,110.5333,110.72,105.8686,105.69,99.93,119.78,-2.3042,17.102,14401000
2025-11-21,180,2025-03-10,2025-11-21,117.08,110.5762,110.7648,105.8818,105.7015,99.93,119.78,-2.2541,17.162,15667600
2025-11-24,180,2025-03-11,2025-11-24,115.97,110.598,110.7879,104.8572,104.6775,99.93,119.78,-3.1808,16.0512,18034900
2025-11-25,180,2025-03-12,2025-11-25,114.51,110.6271,110.8177,103.5099,103.3319,99.93,119.78,-4.3997,14.5902,14434600
2025-11-26,180,2025-03-13,2025-11-26,114.77,110.6577,110.849,103.7162,103.5372,99.93,119.78,-4.1827,14.8504,11650600
2025-11-28,180,2025-03-14,2025-11-28,115.92,110.6969,110.8893,104.7184,104.5367,99.93,119.78,-3.2226,16.0012,7240800
2025-12-01,180,2025-03-17,2025-12-01,116.63,110.7216,110.9156,105.3363,105.1521,99.93,119.78,-2.6298,16.7117,12658100
2025-12-02,180,2025-03-18,2025-12-02,115.38,110.73,110.9246,104.1994,104.0166,99.93,119.78,-3.6734,15.4608,14607700
2025-12-03,180,2025-03-19,2025-12-03,117.8,110.7512,110.9477,106.3646,106.1762,99.93,119.78,-1.653,17.8825,16819100
2025-12-04,180,2025-03-20,2025-12-04,117.14,110.7599,110.9573,105.7603,105.5722,99.93,119.78,-2.204,17.2221,13686900
2025-12-05,180,2025-03-21,2025-12-05,116.54,110.7631,110.9608,105.2155,105.0281,99.93,119.78,-2.705,16.6216,12516900
2025-12-08,180,2025-03-24,2025-12-08,115.98,110.7655,110.9635,104.7077,104.5209,99.93,119.78,-3.1725,16.0612,14904200
2025-12-09,180,2025-03-25,2025-12-09,118.25,110.7777,110.9771,106.7453,106.5535,99.93,119.78,-1.2773,18.3328,23790800
2025-12-10,180,2025-03-26,2025-12-10,119.54,110.7922,110.9935,107.8957,107.7,99.93,119.78,-0.2004,19.6237,19845200
2025-12-11,180,2025-03-27,2025-12-11,119.54,110.7983,111.0006,107.8897,107.6932,99.93,119.78,-0.2004,19.6237,14781800
2025-12-12,180,2025-03-28,2025-12-12,118.82,110.8028,111.0057,107.2355,107.0395,99.93,119.78,-0.8015,18.9032,14459500
2025-12-15,180,2025-03-31,2025-12-15,117.76,110.803,111.0059,106.2787,106.0845,99.93,119.78,-1.6864,17.8425,16358700
2025-12-16,180,2025-04-01,2025-12-16,114.68,110.7817,110.9823,103.5189,103.3318,99.93,119.78,-4.2578,14.7603,17638700
2025-12-17,180,2025-04-02,2025-12-17,117.41,110.7738,110.9732,105.9908,105.8003,99.93,119.78,-1.9786,17.4922,18502200
2025-12-18,180,2025-04-03,2025-12-18,116.54,110.7633,110.9614,105.2154,105.0275,99.93,119.78,-2.705,16.6216,13705600
2025-12-19,180,2025-04-04,2025-12-19,116.69,110.7854,110.9851,105.3298,105.1403,99.93,119.78,-2.5797,16.7717,45412800
2025-12-22,180,2025-04-07,2025-12-22,118.15,110.8619,111.0618,106.5741,106.3822,99.93,119.78,-1.3608,18.2328,11768600
2025-12-23,180,2025-04-08,2025-12-23,119.42,110.9535,111.1533,107.6307,107.4372,99.93,119.78,-0.3006,19.5037,12567600
2025-12-24,180,2025-04-09,2025-12-24,119.22,111.0586,111.2558,107.3487,107.1584,99.93,119.78,-0.4675,19.3035,6137400
2025-12-26,180,2025-04-10,2025-12-26,119.11,111.131,111.3298,107.1798,106.9884,99.93,119.78,-0.5594,19.1934,8066100
2025-12-29,180,2025-04-11,2025-12-29,120.53,111.2485,111.4442,108.343,108.1528,101.83,120.53,0.0,18.3639,14782500
2025-12-30,180,2025-04-14,2025-12-30,120.99,111.3469,111.5434,108.6604,108.469,101.83,120.99,0.0,18.8157,11150500
2025-12-31,180,2025-04-15,2025-12-31,120.34,111.4408,111.6376,107.9855,107.7953,101.83,120.99,-0.5372,18.1773,10559900
2026-01-02,180,2025-04-16,2026-01-02,122.65,111.5476,111.7462,109.9531,109.7577,101.83,122.65,0.0,20.4458,14175100
2026-01-05,180,2025-04-17,2026-01-05,125.36,111.6598,111.8638,112.2696,112.0649,101.83,125.36,0.0,23.1071,30112200
2026-01-06,180,2025-04-21,2026-01-06,121.05,111.7354,111.9423,108.3363,108.1361,101.83,125.36,-3.4381,18.8746,23328600
2026-01-07,180,2025-04-22,2026-01-07,118.49,111.8085,112.0153,105.9758,105.7802,101.83,125.36,-5.4802,16.3606,20353000
2026-01-08,180,2025-04-23,2026-01-08,122.91,111.8848,112.0964,109.8541,109.6467,101.83,125.36,-1.9544,20.7012,20232700
2026-01-09,180,2025-04-24,2026-01-09,124.61,111.9745,112.1922,111.2843,111.0683,101.83,125.36,-0.5983,22.3706,16137700
2026-01-12,180,2025-04-25,2026-01-12,124.03,112.0541,112.2778,110.6876,110.4671,101.83,125.36,-1.0609,21.801,15314900
2026-01-13,180,2025-04-28,2026-01-13,126.54,112.1455,112.3776,112.8356,112.6025,101.83,126.54,0.0,24.2659,21619700
2026-01-14,180,2025-04-29,2026-01-14,130.2,112.2521,112.4974,115.9889,115.736,101.83,130.2,0.0,27.8602,27593900
2026-01-15,180,2025-04-30,2026-01-15,129.13,112.3561,112.6128,114.9292,114.6672,101.83,130.2,-0.8218,26.8094,17400000
2026-01-16,180,2025-05-01,2026-01-16,129.89,112.4803,112.7476,115.478,115.2042,101.83,130.2,-0.2381,27.5557,16592400
2026-01-20,180,2025-05-02,2026-01-20,130.46,112.6061,112.8847,115.8552,115.5692,101.83,130.46,0.0,28.1155,16477300
2026-01-21,180,2025-05-05,2026-01-21,133.61,112.7423,113.0369,118.5092,118.2003,101.83,133.61,0.0,31.2089,18879900
2026-01-22,180,2025-05-06,2026-01-22,133.64,112.8979,113.2057,118.3724,118.0506,101.83,133.64,0.0,31.2383,16600100
2026-01-23,180,2025-05-07,2026-01-23,134.97,113.0497,113.3738,119.39,119.0487,101.83,134.97,0.0,32.5444,17758200
2026-01-26,180,2025-05-08,2026-01-26,134.84,113.2021,113.5417,119.1144,118.7581,101.83,134.97,-0.0963,32.4168,16056100
2026-01-27,180,2025-05-09,2026-01-27,136.83,113.3532,113.7126,120.7112,120.3297,101.83,136.83,0.0,34.371,14517000
2026-01-28,180,2025-05-12,2026-01-28,137.58,113.4997,113.8808,121.2162,120.8106,101.83,137.58,0.0,35.1075,15637300
2026-01-29,180,2025-05-13,2026-01-29,140.51,113.6462,114.0549,123.6381,123.195,101.83,140.51,0.0,37.9849,35760600
2026-01-30,180,2025-05-14,2026-01-30,141.4,113.7944,114.2324,124.2591,123.7828,101.83,141.4,0.0,38.8589,29657700
2026-02-02,180,2025-05-15,2026-02-02,138.4,113.938,114.3986,121.4696,120.9805,101.83,141.4,-2.1216,35.9128,27735600
2026-02-03,180,2025-05-16,2026-02-03,143.73,114.1007,114.5939,125.9677,125.4255,101.83,143.73,0.0,41.147,37577800
2026-02-04,180,2025-05-19,2026-02-04,147.59,114.2794,114.8128,129.1484,128.5484,101.83,147.59,0.0,44.9376,29426200
2026-02-05,180,2025-05-20,2026-02-05,146.08,114.4645,115.0328,127.6204,126.9898,101.83,147.59,-1.0231,43.4548,18431700
2026-02-06,180,2025-05-21,2026-02-06,149.05,114.6701,115.2778,129.9816,129.2963,101.83,149.05,0.0,46.3714,17216000
2026-02-09,180,2025-05-22,2026-02-09,151.21,114.8921,115.542,131.6104,130.8702,101.83,151.21,0.0,48.4926,21297300
2026-02-10,180,2025-05-23,2026-02-10,151.59,115.121,115.8121,131.6789,130.893,101.83,151.59,0.0,48.8657,15800300
2026-02-11,180,2025-05-27,2026-02-11,155.56,115.3628,116.1039,134.8442,133.9834,101.83,155.56,0.0,52.7644,23091500
2026-02-12,180,2025-05-28,2026-02-12,149.93,115.5843,116.3618,129.7148,128.8481,101.83,155.56,-3.6192,47.2356,30652500
2026-02-13,180,2025-05-29,2026-02-13,148.45,115.8117,116.6192,128.1823,127.2946,101.83,155.56,-4.5706,45.7822,20166000
2026-02-17,180,2025-05-30,2026-02-17,146.19,116.028,116.8609,125.9955,125.0975,101.83,155.56,-6.0234,43.5628,19766600
2026-02-18,180,2025-06-02,2026-02-18,150.68,116.2632,117.1297,129.6025,128.6437,101.83,155.56,-3.1371,47.9721,19849700
2026-02-19,180,2025-06-03,2026-02-19,150.97,116.495,117.3959,129.5936,128.5991,101.83,155.56,-2.9506,48.2569,20305000
2026-02-20,180,2025-06-04,2026-02-20,147.28,116.7098,117.6374,126.1934,125.1982,101.83,155.56,-5.3227,44.6332,25908600
2026-02-23,180,2025-06-05,2026-02-23,150.76,116.948,117.9067,128.9119,127.8638,101.83,155.56,-3.0856,48.0507,16073100
2026-02-24,180,2025-06-06,2026-02-24,149.26,117.1856,118.1702,127.3706,126.3094,104.27,155.56,-4.0499,43.1476,14185500
2026-02-25,180,2025-06-09,2026-02-25,149.06,117.4059,118.419,126.9612,125.8751,104.97,155.56,-4.1785,42.0025,15225700
2026-02-26,180,2025-06-10,2026-02-26,148.54,117.6203,118.6611,126.2877,125.1801,105.83,155.56,-4.5127,40.3572,15632100
2026-02-27,180,2025-06-11,2026-02-27,152.5,117.8335,118.9126,129.4199,128.2454,105.83,155.56,-1.9671,44.099,30275100
2026-03-02,180,2025-06-12,2026-03-02,154.22,118.0394,119.1621,130.6513,129.4203,105.83,155.56,-0.8614,45.7243,31493100
2026-03-03,180,2025-06-13,2026-03-03,151.83,118.2353,119.396,128.4134,127.1651,105.83,155.56,-2.3978,43.4659,25198900
2026-03-04,180,2025-06-16,2026-03-04,149.82,118.4099,119.6054,126.5266,125.2619,105.83,155.56,-3.6899,41.5667,16764800
2026-03-05,180,2025-06-17,2026-03-05,150.76,118.586,119.8181,127.1314,125.824,105.83,155.56,-3.0856,42.4549,22969300
2026-03-06,180,2025-06-18,2026-03-06,151.21,118.7548,120.0248,127.3296,125.9823,105.83,155.56,-2.7963,42.8801,21136400
2026-03-09,180,2025-06-20,2026-03-09,150.44,118.9265,120.2318,126.4983,125.125,105.83,155.56,-3.2913,42.1525,25532700
2026-03-10,180,2025-06-23,2026-03-10,148.13,119.0813,120.4175,124.394,123.0137,105.83,155.56,-4.7763,39.9698,19617600
2026-03-11,180,2025-06-24,2026-03-11,151.58,119.2669,120.6388,127.0931,125.6478,105.83,155.56,-2.5585,43.2297,15297400
2026-03-12,180,2025-06-25,2026-03-12,153.53,119.482,120.8899,128.4964,126.9999,105.83,155.56,-1.305,45.0723,26054000
2026-03-13,180,2025-06-26,2026-03-13,156.12,119.7062,121.1552,130.4193,128.8595,105.83,156.12,0.0,47.5196,22414100
2026-03-16,180,2025-06-27,2026-03-16,157.23,119.9241,121.4176,131.108,129.4952,105.83,157.23,0.0,48.5685,22835600
2026-03-17,180,2025-06-30,2026-03-17,158.81,120.1519,121.6922,132.1744,130.5014,105.83,158.81,0.0,50.0614,21592200
2026-03-18,180,2025-07-01,2026-03-18,157.59,120.3874,121.9688,130.9024,129.2051,105.83,158.81,-0.7682,48.9086,18947100
2026-03-19,180,2025-07-02,2026-03-19,158.16,120.6158,122.2406,131.1271,129.3842,105.83,158.81,-0.4093,49.4472,27082700
2026-03-20,180,2025-07-03,2026-03-20,159.67,120.8378,122.5107,132.1358,130.3314,105.83,159.67,0.0,50.874,53942100
2026-03-23,180,2025-07-07,2026-03-23,161.13,121.0578,122.7826,133.1017,131.232,105.83,161.13,0.0,52.2536,25021300
2026-03-24,180,2025-07-08,2026-03-24,165.38,121.2987,123.0841,136.3411,134.3635,105.83,165.38,0.0,56.2695,26131800
2026-03-25,180,2025-07-09,2026-03-25,163.26,121.5143,123.3567,134.3546,132.3479,105.83,165.38,-1.2819,54.2663,17192300
2026-03-26,180,2025-07-10,2026-03-26,165.43,121.7396,123.6435,135.8884,133.7959,105.83,165.43,0.0,56.3167,18625200
2026-03-27,180,2025-07-11,2026-03-27,170.99,121.975,123.9549,140.1845,137.9453,105.83,170.99,0.0,61.5704,30338300
2026-03-30,180,2025-07-14,2026-03-30,171.47,122.2094,124.2663,140.3083,137.9859,105.83,171.47,0.0,62.024,29813500
2026-03-31,180,2025-07-15,2026-03-31,169.66,122.4492,124.5759,138.5554,136.19,105.83,171.47,-1.0556,60.3137,32006700
2026-04-01,180,2025-07-16,2026-04-01,160.78,122.6693,124.8419,131.0679,128.7869,105.83,171.47,-6.2343,51.9229,37927600
2026-04-02,180,2025-07-17,2026-04-02,160.69,122.8943,125.1111,130.7546,128.4378,105.83,171.47,-6.2868,51.8379,25377700
2026-04-06,180,2025-07-18,2026-04-06,163.37,123.1326,125.3984,132.6781,130.2808,105.83,171.47,-4.7239,54.3702,16344300
2026-04-07,180,2025-07-21,2026-04-07,163.91,123.4009,125.7103,132.8272,130.3871,105.83,171.47,-4.4089,54.8805,25227500
2026-04-08,180,2025-07-22,2026-04-08,156.22,123.6428,125.9779,126.3478,124.0059,105.83,171.47,-8.8937,47.6141,31311200
2026-04-09,180,2025-07-23,2026-04-09,155.04,123.8779,126.2362,125.1555,122.8174,105.83,171.47,-9.5819,46.4991,25868400
2026-04-10,180,2025-07-24,2026-04-10,152.51,124.0948,126.4728,122.898,120.5872,105.83,171.47,-11.0573,44.1085,21065000
2026-04-13,180,2025-07-25,2026-04-13,152.64,124.3069,126.7053,122.7929,120.4685,105.83,171.47,-10.9815,44.2313,18685600
2026-04-14,180,2025-07-28,2026-04-14,149.24,124.5096,126.9211,119.8622,117.5849,105.83,171.47,-12.9644,41.0186,18528200
2026-04-15,180,2025-07-29,2026-04-15,149.01,124.7048,127.1298,119.4902,117.2109,105.83,171.47,-13.0985,40.8013,15626500
2026-04-16,180,2025-07-30,2026-04-16,151.98,124.902,127.347,121.6794,119.3432,105.83,171.47,-11.3664,43.6077,15191000
2026-04-17,180,2025-07-31,2026-04-17,146.44,125.0849,127.5389,117.0725,114.8199,105.83,171.47,-14.5973,38.3729,28947400
2026-04-20,180,2025-08-01,2026-04-20,147.68,125.2752,127.7391,117.8844,115.6106,105.83,171.47,-13.8742,39.5445,16354400
2026-04-21,180,2025-08-04,2026-04-21,148.36,125.4831,127.9542,118.231,115.9477,105.83,171.47,-13.4776,40.1871,17515900
2026-04-22,180,2025-08-05,2026-04-22,149.5,125.7131,128.1883,118.9215,116.6253,105.83,171.47,-12.8127,41.2643,13738700
2026-04-23,180,2025-08-06,2026-04-23,150.53,125.949,128.4288,119.5166,117.2089,105.83,171.47,-12.212,42.2375,12970400
2026-04-24,180,2025-08-07,2026-04-24,148.91,126.1851,128.6643,118.0092,115.7353,105.83,171.47,-13.1568,40.7068,13735900
2026-04-27,180,2025-08-08,2026-04-27,148.19,126.4235,128.899,117.2171,114.966,105.83,171.47,-13.5767,40.0265,13940800
2026-04-28,180,2025-08-11,2026-04-28,150.56,126.6656,129.1421,118.8641,116.5847,105.83,171.47,-12.1946,42.2659,15173600
2026-04-29,180,2025-08-12,2026-04-29,154.67,126.9321,129.4134,121.8525,119.5162,106.13,171.47,-9.7976,45.7364,14669100
2026-04-30,180,2025-08-13,2026-04-30,154.33,127.1961,129.6812,121.3324,119.0072,106.49,171.47,-9.9959,44.9244,22885900
2026-05-01,180,2025-08-14,2026-05-01,152.75,127.4435,129.9321,119.8571,117.5614,106.49,171.47,-10.9174,43.4407,15458200
2026-05-04,180,2025-08-15,2026-05-04,153.69,127.6972,130.1893,120.355,118.0511,106.49,171.47,-10.3692,44.3234,14238500
2026-05-05,180,2025-08-18,2026-05-05,154.88,127.9635,130.4582,121.0345,118.7201,106.72,171.47,-9.6752,45.1274,12494600
2026-05-06,180,2025-08-19,2026-05-06,148.69,128.2046,130.6913,115.9787,113.7719,107.42,171.47,-13.2851,38.4193,20527000
2026-05-07,180,2025-08-20,2026-05-07,146.58,128.4321,130.9089,114.1304,111.971,108.53,171.47,-14.5157,35.0594,22509400
2026-05-08,180,2025-08-21,2026-05-08,144.57,128.6429,131.1091,112.3808,110.2669,109.23,171.47,-15.6879,32.3538,19550100
2026-05-11,180,2025-08-22,2026-05-11,149.68,128.8708,131.3338,116.1473,113.9691,109.23,171.47,-12.7078,37.0319,14849500
2026-05-12,180,2025-08-25,2026-05-12,150.63,129.0878,131.5524,116.6881,114.5019,109.23,171.47,-12.1537,37.9017,16443100
2026-05-13,180,2025-08-26,2026-05-13,151.57,129.3058,131.7737,117.2182,115.0229,109.23,171.47,-11.6055,38.7622,15772800
2026-05-14,180,2025-08-27,2026-05-14,152.78,129.5314,132.0031,117.9482,115.7397,109.23,171.47,-10.8999,39.87,11331500
2026-05-15,180,2025-08-28,2026-05-15,157.92,129.7683,132.2541,121.6938,119.4065,109.23,171.47,-7.9023,44.5757,27882400
2026-05-18,180,2025-08-29,2026-05-18,160.49,130.0112,132.5159,123.4432,121.11,109.23,171.47,-6.4035,46.9285,20065200
2026-05-19,180,2025-09-02,2026-05-19,162.55,130.2556,132.7841,124.7931,122.4168,109.23,171.47,-5.2021,48.8144,20715600
2026-05-20,180,2025-09-03,2026-05-20,156.28,130.4747,133.0151,119.778,117.4904,109.23,171.47,-8.8587,43.0742,18509700
2026-05-21,180,2025-09-04,2026-05-21,155.29,130.7112,133.2561,118.8039,116.535,109.23,171.47,-9.4361,42.1679,17061700
2026-05-22,180,2025-09-05,2026-05-22,154.92,130.9434,133.4923,118.3107,116.0516,109.23,171.47,-9.6518,41.8292,12948500
2026-05-26,180,2025-09-08,2026-05-26,149.81,131.18,133.7178,114.2019,112.0345,109.85,171.47,-12.6319,36.3769,13057800
2026-05-27,180,2025-09-09,2026-05-27,147.9,131.4043,133.9292,112.5534,110.4315,110.64,171.47,-13.7458,33.6768,16241100
2026-05-28,180,2025-09-10,2026-05-28,146.96,131.6188,134.1309,111.6558,109.5646,110.64,171.47,-14.294,32.8272,14012500
2026-05-29,180,2025-09-11,2026-05-29,145.26,131.8121,134.3129,110.2024,108.1505,110.64,171.47,-15.2855,31.2907,27959900
2026-06-01,180,2025-09-12,2026-06-01,149.38,132.027,134.5198,113.1435,111.0469,110.64,171.47,-12.8827,35.0145,16732100
2026-06-02,180,2025-09-15,2026-06-02,149.56,132.2433,134.7276,113.0946,111.0092,110.64,171.47,-12.7777,35.1772,10462400
2026-06-03,180,2025-09-16,2026-06-03,152.53,132.4714,134.9508,115.1418,113.0264,110.64,171.47,-11.0457,37.8615,14373000
2026-06-04,180,2025-09-17,2026-06-04,152.04,132.6807,135.1583,114.5909,112.4903,110.64,171.47,-11.3314,37.4187,11799400
2026-06-05,180,2025-09-18,2026-06-05,149.92,132.8769,135.3507,112.8262,110.7641,110.64,171.47,-12.5678,35.5025,16584000
2026-06-08,180,2025-09-19,2026-06-08,151.75,133.0918,135.5608,114.019,111.9424,110.64,171.47,-11.5006,37.1565,13870900
2026-06-09,180,2025-09-22,2026-06-09,148.91,133.3036,135.7613,111.7074,109.6851,110.64,171.47,-13.1568,34.5897,18163500
2026-06-10,180,2025-09-23,2026-06-10,150.62,133.5298,135.9758,112.7988,110.7697,110.64,171.47,-12.1596,36.1352,14596500
2026-06-11,180,2025-09-24,2026-06-11,146.6,133.7237,136.1572,109.629,107.6697,110.64,171.47,-14.504,32.5018,17285800
2026-06-12,180,2025-09-25,2026-06-12,147.01,133.9154,136.3374,109.7783,107.828,110.64,171.47,-14.2649,32.8724,17713100
2026-06-15,180,2025-09-26,2026-06-15,140.92,134.0705,136.4782,105.1089,103.2546,110.64,171.47,-17.8165,27.368,23631400
2026-06-16,180,2025-09-29,2026-06-16,141.86,134.2186,136.6151,105.6932,103.8392,110.64,171.47,-17.2683,28.2176,18925400
2026-06-17,180,2025-09-30,2026-06-17,140.74,134.3839,136.7624,104.7298,102.9084,110.64,171.47,-17.9215,27.2054,16663200
2026-06-18,180,2025-10-01,2026-06-18,137.81,134.5459,136.9016,102.426,100.6635,110.64,171.47,-19.6303,24.5571,48063400
2026-06-22,180,2025-10-02,2026-06-22,138.47,134.7179,137.0487,102.7852,101.0371,110.64,171.47,-19.2453,25.1537,15783300
2026-06-23,180,2025-10-03,2026-06-23,139.73,134.9025,137.2067,103.5785,101.839,110.64,171.47,-18.5105,26.2925,13699400
2026-06-24,180,2025-10-06,2026-06-24,136.9,135.0569,137.3381,101.3647,99.681,110.64,171.47,-20.161,23.7346,16212900
2026-06-25,180,2025-10-07,2026-06-25,137.55,135.2077,137.4678,101.7324,100.0598,110.64,171.47,-19.7819,24.3221,13288800
2026-06-26,180,2025-10-08,2026-06-26,136.54,135.3529,137.5916,100.8771,99.2357,110.64,171.47,-20.3709,23.4093,22684200
2026-06-29,180,2025-10-09,2026-06-29,136.06,135.4976,137.714,100.415,98.799,110.64,171.47,-20.6508,22.9754,11972700
2026-06-30,180,2025-10-10,2026-06-30,136.72,135.6551,137.8463,100.785,99.1829,110.64,171.47,-20.2659,23.5719,28784000
2026-07-01,180,2025-10-13,2026-07-01,136.28,135.8284,137.9882,100.3324,98.7621,110.64,171.47,-20.5225,23.1743,12433400
2026-07-02,180,2025-10-14,2026-07-02,137.09,135.9942,138.1263,100.8058,99.2498,110.64,171.47,-20.0502,23.9064,13703300
2026-07-06,180,2025-10-15,2026-07-06,136.44,136.1563,138.2604,100.2083,98.6833,110.64,171.47,-20.4292,23.3189,13915100
2026-07-07,180,2025-10-16,2026-07-07,141.69,136.3525,138.4276,103.9145,102.3568,110.64,171.47,-17.3675,28.064,14667800
2026-07-08,180,2025-10-17,2026-07-08,141.13,136.5545,138.5969,103.3507,101.8276,112.24,171.47,-17.6941,25.7395,18291400
2026-07-09,180,2025-10-20,2026-07-09,137.46,136.7241,138.7371,100.5383,99.0795,112.7,171.47,-19.8344,21.9698,14110200
2026-07-10,180,2025-10-21,2026-07-10,138.88,136.898,138.8825,101.4478,99.9982,112.71,171.47,-19.0062,23.2189,9753500
2026-07-13,180,2025-10-22,2026-07-13,144.51,137.1016,139.0592,105.4036,103.9198,113.68,171.47,-15.7229,27.12,18724300
2026-07-14,180,2025-10-23,2026-07-14,145.09,137.2924,139.2279,105.6795,104.2104,113.68,171.47,-15.3846,27.6302,16096400
2026-07-15,180,2025-10-24,2026-07-15,144.51,137.4709,139.3864,105.1204,103.6758,113.68,171.47,-15.7229,27.12,13444500
2026-07-16,180,2025-10-27,2026-07-16,145.95,137.6617,139.5562,106.0208,104.5815,113.68,171.47,-14.8831,28.3867,13518000
2026-07-17,180,2025-10-28,2026-07-17,147.36,137.8556,139.7308,106.8945,105.4599,113.68,171.47,-14.0608,29.627,19031400
2026-07-20,180,2025-10-29,2026-07-20,148.36,138.0621,139.9159,107.4589,106.0351,113.68,171.47,-13.4776,30.5067,12149200
2026-07-21,180,2025-10-30,2026-07-21,151.71,138.2738,140.1118,109.7171,108.2778,113.68,171.47,-11.5239,33.4536,13145300
2026-07-22,180,2025-10-31,2026-07-22,154.45,138.5126,140.3327,111.5061,110.0599,113.68,171.47,-9.9259,35.8638,13788700
2026-07-23,180,2025-11-03,2026-07-23,156.89,138.7657,140.569,113.0611,111.6107,113.68,171.47,-8.5029,38.0102,15822800
2026-07-24,180,2025-11-04,2026-07-24,156.94,139.0249,140.8089,112.8862,111.456,113.68,171.47,-8.4738,38.0542,12091600
2026-07-27,180,2025-11-05,2026-07-27,154.77,139.2724,141.0346,111.1276,109.739,113.68,171.47,-9.7393,36.1453,13955800
2026-07-28,180,2025-11-06,2026-07-28,153.04,139.5166,141.2533,109.6931,108.3444,114.5,171.47,-10.7482,33.6594,16299900
2026-07-29,180,2025-11-07,2026-07-29,156.75,139.7716,141.488,112.1472,110.7868,114.51,171.47,-8.5846,36.8876,14571300
2026-07-30,180,2025-11-10,2026-07-30,156.97,140.0065,141.7088,112.1163,110.7694,114.51,171.47,-8.4563,37.0797,12578100
2026-07-31,180,2025-11-11,2026-07-31,155.44,140.2274,141.9156,110.8485,109.5299,114.51,171.47,-9.3486,35.7436,15714200
2026-08-03,180,2025-11-12,2026-08-03,155.06,140.4352,142.1116,110.4139,109.1114,114.51,171.47,-9.5702,35.4117,14532800
2026-08-04,180,2025-11-13,2026-08-04,153.96,140.6515,142.3107,109.4621,108.1858,114.51,171.47,-10.2117,34.4511,14030598
