date,open,high,low,close,adj_close,volume
2010-01-04,24.110001,24.840000,24.010000,24.690001,15.830379,59853700
2010-01-05,24.600000,24.730000,24.379999,24.580000,15.759850,45124500
2010-01-06,24.540001,24.740000,24.340000,24.420000,15.657262,35715700
2010-01-07,24.299999,24.570000,24.170000,24.530001,15.727799,31531200
2010-01-08,24.379999,24.700001,24.250000,24.660000,15.811143,39115900
2010-01-11,24.639999,24.889999,24.410000,24.590000,15.766256,35852900
2010-01-12,24.440001,24.500000,24.080000,24.200001,15.516199,35780400
2010-01-13,24.280001,24.700001,24.200001,24.639999,15.798321,43683900
2010-01-14,24.580000,25.080000,24.520000,24.950001,15.997078,52302100
2010-01-15,25.000000,25.100000,24.299999,24.400000,15.644434,51648100
2010-01-19,24.540001,24.879999,24.500000,24.850000,15.932970,37607500
2010-01-20,24.620001,24.730000,24.120001,24.410000,15.650849,42125400
2010-01-21,24.510000,24.650000,23.860001,23.980000,15.375149,54767500
2010-01-22,23.840000,23.930000,22.870001,22.969999,14.727567,70424300
2010-01-25,23.100000,23.180000,22.740000,22.990000,14.740396,51288800
2010-01-26,22.799999,23.200001,22.639999,22.900000,14.682688,55312800
2010-01-27,22.889999,23.260000,22.760000,23.150000,14.842978,51802900
2010-01-28,23.180000,23.219999,22.350000,22.520000,14.439051,63620000
2010-01-29,22.950001,23.129999,22.440001,22.469999,14.406994,73431900
2010-02-01,22.650000,22.940001,22.379999,22.730000,14.573698,54386100
2010-02-02,22.809999,23.110001,22.510000,23.020000,14.759635,54108900
2010-02-03,23.160000,23.250000,22.850000,23.070000,14.791687,80035500
2010-02-04,23.410000,23.770000,23.100000,23.160000,14.849392,126098600
2010-02-05,23.299999,23.879999,23.160000,23.700001,15.195626,99148600
2010-02-08,23.780001,23.900000,23.480000,23.500000,15.067389,69909000
2010-02-09,23.799999,24.000000,23.580000,23.889999,15.317449,60331600
2010-02-10,23.860001,24.000000,23.620001,23.760000,15.234097,50574100
2010-02-11,23.670000,23.990000,23.540001,23.930000,15.343089,42458500
2010-02-12,23.719999,23.799999,23.510000,23.760000,15.234097,56455000
2010-02-16,23.959999,24.000000,23.799999,24.000000,15.387971,46758200
2010-02-17,23.990000,24.090000,23.740000,24.070000,15.432851,48505500
2010-02-18,24.049999,24.360001,23.900000,24.280001,15.567499,41154700
2010-02-19,24.129999,24.379999,24.059999,24.360001,15.618789,38781900
2010-02-22,24.389999,24.459999,24.150000,24.299999,15.580318,31374800
2010-02-23,24.160000,24.230000,23.830000,24.049999,15.420033,36286000
2010-02-24,24.090000,24.450001,24.090000,24.340000,15.605973,33182100
2010-02-25,24.000000,24.389999,23.870001,24.330000,15.599557,37112100
2010-02-26,24.360001,24.459999,24.209999,24.330000,15.599557,30719800
2010-03-01,24.330000,24.650000,24.320000,24.600000,15.772669,41777800
2010-03-02,24.660000,24.750000,24.440001,24.610001,15.779079,51403800
2010-03-03,24.700001,24.930000,24.600000,24.840000,15.926555,50693400
2010-03-04,24.840000,24.980000,24.660000,24.950001,15.997078,40262000
2010-03-05,24.969999,25.240000,24.920000,25.209999,16.163786,57057100
2010-03-08,25.309999,26.360001,25.260000,26.129999,16.753654,116178200
2010-03-09,26.330000,26.480000,25.700001,26.129999,16.753654,160887600
2010-03-10,25.850000,26.059999,25.750000,25.870001,16.586948,69660800
2010-03-11,25.790001,25.980000,25.719999,25.969999,16.651068,37340500
2010-03-12,26.000000,26.030001,25.780001,25.879999,16.593361,31167200
2010-03-15,25.760000,26.090000,25.740000,26.080000,16.721594,36759300
2010-03-16,26.030001,26.340000,26.010000,26.150000,16.766483,53887500
2010-03-17,26.200001,26.400000,26.180000,26.260000,16.837006,32456000
2010-03-18,26.240000,26.430000,26.219999,26.340000,16.888306,27088000
2010-03-19,26.370001,26.440001,26.070000,26.150000,16.766483,55661800
2010-03-22,25.920000,26.379999,25.889999,26.280001,16.849833,31899500
2010-03-23,26.190001,26.750000,26.170000,26.639999,17.080647,48863100
2010-03-24,26.559999,26.620001,26.440001,26.450001,16.958830,35293400
2010-03-25,26.660000,26.850000,26.420000,26.430000,16.946003,35137800
2010-03-26,26.440001,26.750000,26.340000,26.469999,16.971659,37524500
2010-03-29,26.610001,26.690001,26.450001,26.510000,16.997299,30387800
2010-03-30,26.639999,26.709999,26.340000,26.650000,17.087067,32975900
2010-03-31,26.520000,26.610001,25.959999,26.030001,16.689533,54745100
2010-04-01,26.200001,26.299999,25.660000,25.830000,16.561306,56193700
2010-04-05,25.870001,26.240000,25.799999,26.170000,16.779297,34804200
2010-04-06,26.129999,26.379999,26.049999,26.219999,16.811357,31121900
2010-04-07,26.100000,26.590000,26.100000,26.340000,16.888306,43837800
2010-04-08,26.280001,26.389999,26.000000,26.280001,16.849833,38623400
2010-04-09,26.280001,26.639999,26.219999,26.600000,17.055004,34610800
2010-04-12,26.570000,26.740000,26.490000,26.530001,17.010120,28374400
2010-04-13,26.450001,26.500000,26.170000,26.440001,16.952417,42863900
2010-04-14,26.629999,26.930000,26.559999,26.879999,17.234533,44610100
2010-04-15,27.000000,27.250000,26.950001,27.209999,17.446114,47016500
2010-04-16,27.150000,27.440001,26.790001,26.980000,17.298643,68523400
2010-04-19,26.930000,27.110001,26.549999,27.070000,17.356354,43888900
2010-04-20,27.190001,27.450001,27.059999,27.180000,17.426876,47166000
2010-04-21,27.170000,27.400000,27.120001,27.240000,17.465345,42737800
2010-04-22,27.080000,27.370001,26.719999,27.320000,17.516644,44843600
2010-04-23,27.379999,27.510000,27.209999,27.469999,17.612818,39305500
2010-04-26,27.580000,27.700001,27.480000,27.570000,17.676935,35663400
2010-04-27,27.410000,27.580000,26.730000,27.010000,17.317884,57167400
2010-04-28,27.110001,27.379999,26.820000,27.040001,17.337118,54475300
2010-04-29,27.100000,27.639999,27.100000,27.530001,17.651287,41865500
2010-04-30,27.680000,27.740000,26.920000,26.930000,17.266584,41886700
2010-05-03,27.030001,27.690001,27.010000,27.540001,17.657694,44974900
2010-05-04,27.240000,27.250000,26.400000,26.559999,17.029356,52347200
2010-05-05,26.309999,26.820000,26.150000,26.549999,17.022943,49889300
2010-05-06,26.400000,26.650000,23.230000,25.490000,16.343309,97908000
2010-05-07,25.520000,25.639999,24.330000,24.709999,15.843200,95894500
2010-05-10,26.120001,26.530001,25.900000,26.129999,16.753654,74912200
2010-05-11,26.059999,26.770000,25.820000,25.959999,16.644659,53718000
2010-05-12,26.219999,26.799999,26.190001,26.740000,17.144760,66161700
2010-05-13,26.090000,26.100000,25.370001,25.530001,16.368954,143656300
2010-05-14,25.260000,25.299999,24.690001,24.940001,15.990670,82159400
2010-05-17,24.969999,24.980000,24.260000,24.870001,15.945792,72483200
2010-05-18,25.000000,25.020000,24.180000,24.360001,15.618789,59688900
2010-05-19,24.230000,24.520000,23.969999,24.260000,15.554677,62394300
2010-05-20,23.559999,23.889999,23.129999,23.309999,14.945565,97381300
2010-05-21,22.670000,23.510000,22.559999,23.459999,15.041743,88178000
2010-05-24,23.459999,23.700001,23.129999,23.370001,14.984035,48173300
2010-05-25,22.730000,23.309999,22.600000,23.309999,14.945565,64859000
2010-05-26,23.559999,23.750000,22.840000,22.889999,14.676279,72466100
2010-05-27,23.389999,23.680000,23.020000,23.670000,15.176391,59790400
2010-05-28,23.520000,23.570000,22.990000,23.160000,14.849392,56435900
2010-06-01,22.940001,23.480000,22.920000,23.000000,14.746811,56341200
2010-06-02,23.070000,23.370001,22.740000,23.350000,14.971221,45748300
2010-06-03,23.490000,23.770000,23.270000,23.719999,15.208453,49009800
2010-06-04,23.320000,23.549999,22.760000,22.959999,14.721158,60603900
2010-06-07,23.010000,23.290001,22.680000,22.760000,14.592923,50257700
2010-06-08,22.910000,23.000000,22.520000,22.959999,14.721158,71516900
2010-06-09,23.020000,23.450001,22.740000,22.780001,14.605753,47727700
2010-06-10,23.000000,23.100000,22.510000,22.770000,14.599335,98936100
2010-06-11,22.530001,22.990000,22.520000,22.910000,14.689104,56318300
2010-06-14,23.080000,23.280001,22.730000,22.760000,14.592923,57270100
2010-06-15,22.820000,23.450001,22.799999,23.330000,14.958390,77834700
2010-06-16,23.110001,23.780001,23.090000,23.290001,14.932746,73638000
2010-06-17,23.490000,23.500000,23.049999,23.170000,14.855803,52811800
2010-06-18,23.280001,23.650000,23.150000,23.490000,15.060976,52422500
2010-06-21,23.840000,23.940001,23.129999,23.340000,14.964803,54836700
2010-06-22,23.320000,23.650000,22.920000,22.969999,14.727567,42148200
2010-06-23,23.110001,23.139999,22.639999,22.860001,14.657037,54086100
2010-06-24,22.680000,22.980000,22.469999,22.570000,14.471102,58002300
2010-06-25,22.590000,22.670000,22.110001,22.180000,14.221057,76899200
2010-06-28,22.299999,22.750000,22.290001,22.420000,14.374930,43365000
2010-06-29,22.150000,22.190001,21.400000,21.620001,13.862000,68951400
2010-06-30,21.520000,21.730000,21.240000,21.309999,13.663232,57128000
2010-07-01,21.200001,21.490000,20.930000,21.260000,13.631182,66345400
2010-07-02,21.209999,21.309999,20.990000,21.129999,13.547825,46262200
2010-07-06,21.420000,21.670000,21.049999,21.340000,13.682474,51187800
2010-07-07,21.490000,22.490000,21.450001,22.480000,14.413403,70496900
2010-07-08,22.670000,22.790001,22.150000,22.549999,14.458284,55310300
2010-07-09,22.549999,22.809999,22.430000,22.700001,14.554458,41488800
2010-07-12,22.610001,22.980000,22.610001,22.860001,14.657037,30563100
2010-07-13,23.040001,23.280001,22.990000,23.090000,14.804515,45007700
2010-07-14,23.430000,23.889999,23.389999,23.740000,15.221271,61467200
2010-07-15,23.700001,23.959999,23.420000,23.920000,15.336683,51771300
2010-07-16,23.870001,23.870001,22.610001,22.750000,14.586519,77069000
2010-07-19,22.870001,23.030001,22.549999,22.730000,14.573698,54701900
2010-07-20,22.270000,23.080000,22.049999,23.049999,14.778864,66161600
2010-07-21,23.059999,23.219999,22.400000,22.559999,14.464690,45752100
2010-07-22,22.730000,23.360001,22.730000,23.270000,14.919927,57947100
2010-07-23,23.160000,23.410000,23.010000,23.350000,14.971221,39345400
2010-07-26,23.320000,23.610001,23.200001,23.610001,15.137919,38325000
2010-07-27,23.680000,23.719999,23.200001,23.299999,14.939153,47984200
2010-07-28,23.290001,23.620001,23.250000,23.389999,14.996859,41757900
2010-07-29,23.530001,26.000000,22.959999,23.209999,14.881453,37489200
2010-07-30,23.020000,23.400000,22.879999,23.070000,14.791687,42185400
2010-08-02,23.430000,23.940001,23.400000,23.799999,15.259736,43032200
2010-08-03,23.840000,23.889999,23.620001,23.820000,15.272565,27135900
2010-08-04,23.790001,24.250000,23.780001,24.139999,15.477733,48329300
2010-08-05,24.030001,24.180000,23.830000,24.170000,15.496973,30206900
2010-08-06,23.920000,24.170000,23.600000,24.070000,15.432851,40439300
2010-08-09,24.209999,24.870001,24.200001,24.770000,15.881665,64011100
2010-08-10,24.459999,24.590000,24.160000,24.309999,15.586737,59163700
2010-08-11,23.860001,23.950001,23.450001,23.730000,15.214863,71535700
2010-08-12,21.420000,21.610001,21.000000,21.360001,13.695299,227307900
2010-08-13,21.510000,21.580000,21.250000,21.360001,13.695299,67924100
2010-08-16,21.240000,22.120001,21.219999,21.910000,14.047936,88596200
2010-08-17,22.070000,22.290001,21.950001,22.049999,14.137698,82948700
2010-08-18,22.040001,22.510000,22.020000,22.410000,14.368520,73044200
2010-08-19,22.340000,22.500000,22.010000,22.219999,14.246693,71331800
2010-08-20,22.190001,22.410000,22.129999,22.230000,14.253110,54657100
2010-08-23,22.469999,22.480000,21.650000,21.680000,13.900466,49300700
2010-08-24,21.430000,21.450001,21.100000,21.129999,13.547825,74151900
2010-08-25,20.990000,21.350000,20.820000,21.209999,13.599118,54311000
2010-08-26,21.180000,21.309999,20.690001,20.700001,13.272128,53499700
2010-08-27,20.840000,20.940001,20.360001,20.809999,13.342654,62116800
2010-08-30,20.799999,20.889999,20.290001,20.320000,13.028483,58983000
2010-08-31,20.110001,20.370001,19.820000,19.990000,12.816902,94440300
2010-09-01,20.350000,20.700001,20.250000,20.260000,12.990013,80173000
2010-09-02,20.480000,20.700001,20.309999,20.520000,13.156718,59439000
2010-09-03,20.969999,21.129999,20.760000,21.040001,13.490123,54485200
2010-09-07,20.900000,20.990000,20.530001,20.580000,13.195188,60556800
2010-09-08,20.680000,20.889999,20.549999,20.639999,13.233657,40603000
2010-09-09,20.959999,21.049999,20.580000,20.610001,13.214424,43601000
2010-09-10,20.629999,20.680000,20.320000,20.620001,13.220840,48400600
2010-09-13,20.920000,21.340000,20.860001,21.260000,13.631182,62445900
2010-09-14,21.360001,22.170000,21.209999,21.450001,13.753001,109222400
2010-09-15,21.540001,21.860001,21.490000,21.590000,13.842763,60902400
2010-09-16,21.580000,21.959999,21.520000,21.930000,14.060762,47579200
2010-09-17,22.070000,22.120001,21.770000,21.860001,14.015875,54756000
2010-09-20,21.969999,21.990000,21.639999,21.750000,13.945353,55723700
2010-09-21,21.780001,21.959999,21.370001,21.639999,13.874824,69743300
2010-09-22,21.670000,21.889999,21.400000,21.670000,13.894059,49272200
2010-09-23,21.549999,21.809999,21.430000,21.530001,13.804292,36037000
2010-09-24,21.840000,22.250000,21.750000,22.090000,14.163346,54235100
2010-09-27,22.010000,22.309999,21.860001,22.110001,14.176167,48649000
2010-09-28,22.000000,22.110001,21.450001,21.860001,14.015875,64748400
2010-09-29,21.629999,21.910000,21.559999,21.870001,14.022293,46307300
2010-09-30,22.049999,22.280001,21.670000,21.900000,14.041524,56848900
2010-10-01,22.120001,22.219999,21.780001,21.910000,14.047936,42184000
2010-10-04,21.809999,22.000000,21.500000,21.760000,13.951759,31731200
2010-10-05,22.020000,22.120001,21.770000,21.990000,14.099234,59683800
2010-10-06,22.030001,22.400000,22.010000,22.299999,14.297986,52793100
2010-10-07,22.469999,22.500000,22.110001,22.389999,14.355699,37842400
2010-10-08,22.370001,22.520000,22.090000,22.480000,14.413403,37806400
2010-10-11,22.480000,22.650000,22.379999,22.469999,14.406994,28434500
2010-10-12,22.379999,22.750000,22.270000,22.620001,14.503168,35299100
2010-10-13,22.930000,23.400000,22.830000,23.180000,14.862219,66127100
2010-10-14,23.260000,23.299999,22.850000,23.070000,14.791687,38847200
2010-10-15,23.240000,23.400000,23.000000,23.360001,14.977634,50265800
2010-10-18,23.350000,23.500000,23.230000,23.299999,14.939153,40606700
2010-10-19,23.100000,23.180000,22.760000,22.969999,14.727567,53769400
2010-10-20,22.910000,23.580000,22.910000,23.400000,15.003273,44947300
2010-10-21,23.480000,23.549999,22.980000,23.260000,14.913512,38509300
2010-10-22,23.250000,23.490000,23.180000,23.480000,15.054564,23672100
2010-10-25,23.629999,23.900000,23.570000,23.610001,15.137919,37084400
2010-10-26,23.490000,23.750000,23.360001,23.400000,15.003273,37680000
2010-10-27,23.250000,23.360001,23.030001,23.290001,14.932746,39164400
2010-10-28,23.430000,23.490000,23.070000,23.190001,14.868625,33677600
2010-10-29,23.120001,23.219999,22.820000,22.860001,14.657037,44587900
2010-11-01,22.950001,23.299999,22.879999,22.920000,14.695515,49174300
2010-11-02,23.170000,23.299999,23.059999,23.170000,14.855803,37374800
2010-11-03,23.290001,23.740000,23.180000,23.709999,15.202032,53861200
2010-11-04,23.920000,24.340000,23.889999,24.209999,15.522620,55897800
2010-11-05,24.260000,24.340000,23.879999,24.260000,15.554677,41012300
2010-11-08,24.350000,24.580000,24.280001,24.389999,15.638026,40378100
2010-11-09,24.490000,24.600000,24.180000,24.350000,15.612381,51149000
2010-11-10,24.290001,24.510000,23.990000,24.490000,15.702147,115576200
2010-11-11,20.459999,20.959999,20.250000,20.520000,13.156718,553080300
2010-11-12,20.620001,20.670000,20.030001,20.150000,12.919484,234765700
2010-11-15,20.370001,20.370001,19.920000,19.950001,12.791251,137862000
2010-11-16,19.879999,19.940001,19.340000,19.440001,12.464252,212301700
2010-11-17,19.620001,19.680000,19.389999,19.410000,12.445028,112439000
2010-11-18,19.730000,19.799999,19.530001,19.610001,12.573256,102255900
2010-11-19,19.830000,19.840000,19.500000,19.610001,12.573256,100759700
2010-11-22,19.650000,19.680000,19.379999,19.559999,12.541201,65402000
2010-11-23,19.440001,19.440001,19.180000,19.200001,12.310377,91969500
2010-11-24,19.330000,19.549999,19.320000,19.459999,12.477085,63880400
2010-11-26,19.490000,19.719999,19.410000,19.490000,12.496318,26257400
2010-11-29,19.469999,19.540001,19.230000,19.440001,12.464252,51951000
2010-11-30,19.240000,19.350000,19.129999,19.160000,12.284732,63406700
2010-12-01,19.340000,19.389999,19.260000,19.320000,12.387318,79322800
2010-12-02,19.360001,19.400000,19.120001,19.219999,12.323202,113636300
2010-12-03,19.160000,19.170000,19.000000,19.070000,12.227025,89385000
2010-12-06,19.309999,19.600000,19.270000,19.430000,12.457850,79017400
2010-12-07,19.700001,19.700001,19.360001,19.389999,12.432204,74980300
2010-12-08,19.370001,19.450001,19.309999,19.350000,12.406556,53976900
2010-12-09,19.490000,19.820000,19.389999,19.700001,12.630959,91965400
2010-12-10,19.750000,19.760000,19.510000,19.700001,12.630959,64813100
2010-12-13,19.850000,19.920000,19.559999,19.580000,12.554023,62987200
2010-12-14,19.650000,19.870001,19.520000,19.540001,12.528373,57015900
2010-12-15,19.580000,19.670000,19.430000,19.469999,12.483499,57939500
2010-12-16,19.440001,19.760000,19.430000,19.750000,12.663020,61253000
2010-12-17,19.700001,19.780001,19.500000,19.549999,12.534786,115525000
2010-12-20,19.580000,19.719999,19.520000,19.620001,12.579672,49113500
2010-12-21,19.639999,19.770000,19.500000,19.530001,12.521965,62386300
2010-12-22,19.540001,19.570000,19.510000,19.559999,12.541201,42787100
2010-12-23,19.540001,19.760000,19.500000,19.690001,12.624552,41599200
2010-12-27,19.840000,20.400000,19.809999,20.160000,12.925899,62054900
2010-12-28,20.370001,20.510000,20.280001,20.350000,13.047722,57275400
2010-12-29,20.490000,20.510000,20.250000,20.250000,12.983598,32977000
2010-12-30,20.320000,20.350000,20.209999,20.230000,12.970777,25576700
2010-12-31,20.240000,20.240000,20.080000,20.230000,12.970777,28677200
2011-01-03,20.450001,20.620001,20.379999,20.490000,13.137483,54310200
2011-01-04,20.510000,20.600000,20.400000,20.520000,13.156718,46273800
2011-01-05,20.580000,20.850000,20.530001,20.770000,13.317005,69380400
2011-01-06,20.910000,20.959999,20.760000,20.950001,13.432416,65845400
2011-01-07,20.860001,21.000000,20.830000,20.969999,13.445241,67732200
2011-01-10,20.940001,20.950001,20.700001,20.790001,13.329829,40679700
2011-01-11,20.900000,20.959999,20.790001,20.879999,13.387534,38343800
2011-01-12,21.000000,21.139999,20.959999,21.120001,13.541409,40646100
2011-01-13,21.180000,21.230000,21.010000,21.080000,13.515766,35006700
2011-01-14,21.129999,21.240000,21.059999,21.209999,13.599118,35176400
2011-01-18,21.219999,21.330000,21.209999,21.219999,13.605535,46668500
2011-01-19,21.320000,21.330000,20.700001,20.820000,13.349065,53574600
2011-01-20,20.610001,20.910000,20.500000,20.770000,13.317005,53291700
2011-01-21,20.969999,20.980000,20.680000,20.730000,13.291361,40172600
2011-01-24,20.840000,21.180000,20.730000,21.170000,13.573472,44068400
2011-01-25,21.160000,21.570000,21.080000,21.540001,13.810709,72726400
2011-01-26,21.480000,21.610001,21.260000,21.420000,13.733766,65525000
2011-01-27,21.370001,21.490000,21.260000,21.440001,13.746589,36827200
2011-01-28,21.490000,21.570000,20.860001,20.930000,13.419589,46540500
2011-01-31,20.930000,21.180000,20.709999,21.150000,13.560653,40390800
2011-02-01,21.270000,21.559999,21.260000,21.469999,13.765827,40519800
2011-02-02,21.520000,21.690001,21.420000,21.620001,13.862000,41287400
2011-02-03,21.700001,21.969999,21.650000,21.910000,14.047936,54002000
2011-02-04,21.900000,22.150000,21.809999,22.049999,14.137698,60134800
2011-02-07,22.110001,22.340000,22.030001,22.030001,14.124880,52408400
2011-02-08,21.950001,22.010000,21.709999,21.990000,14.099234,73163000
2011-02-09,21.920000,22.150000,21.900000,22.040001,14.131286,125425600
2011-02-10,19.650000,19.700001,18.790001,18.920000,12.130851,560040200
2011-02-11,19.110001,19.139999,18.610001,18.700001,11.989799,189326900
2011-02-14,18.840000,18.950001,18.680000,18.809999,12.060323,109308400
2011-02-15,18.889999,18.920000,18.629999,18.670000,11.970559,90320500
2011-02-16,18.770000,18.790001,18.559999,18.580000,11.912856,101531800
2011-02-17,18.629999,18.760000,18.580000,18.680000,11.976972,89097600
2011-02-18,18.740000,19.020000,18.680000,18.850000,12.085968,90035800
2011-02-22,18.730000,18.740000,18.549999,18.590000,11.919268,74954500
2011-02-23,18.570000,18.660000,18.290001,18.400000,11.797444,89185300
2011-02-24,18.389999,18.510000,18.230000,18.360001,11.771803,71863700
2011-02-25,18.510000,18.700001,18.469999,18.639999,11.951326,49209600
2011-02-28,18.620001,18.750000,18.510000,18.559999,11.900032,62256300
2011-03-01,18.670000,18.790001,18.500000,18.559999,11.900032,61977900
2011-03-02,18.490000,18.620001,18.440001,18.500000,11.861564,63392600
2011-03-03,18.629999,18.650000,18.500000,18.530001,11.880795,57031300
2011-03-04,18.530001,18.590000,18.309999,18.400000,11.797444,57403000
2011-03-07,18.360001,18.370001,18.030001,18.200001,11.669215,70862500
2011-03-08,18.170000,18.299999,18.020000,18.219999,11.682042,54964300
2011-03-09,18.110001,18.200001,18.020000,18.120001,11.617918,53213800
2011-03-10,18.040001,18.070000,17.900000,17.920000,11.489685,63935800
2011-03-11,17.809999,18.010000,17.760000,17.950001,11.508924,68251500
2011-03-14,17.809999,17.879999,17.740000,17.850000,11.444804,45156200
2011-03-15,17.309999,17.480000,17.250000,17.389999,11.149868,97003700
2011-03-16,17.330000,17.570000,17.010000,17.049999,10.931871,93486600
2011-03-17,17.129999,17.200001,16.969999,17.000000,10.899817,83343500
2011-03-18,17.350000,17.420000,17.070000,17.139999,10.989577,125171000
2011-03-21,17.340000,17.549999,17.299999,17.389999,11.149868,57397200
2011-03-22,17.420000,17.610001,17.290001,17.450001,11.188341,63906900
2011-03-23,17.420000,17.600000,17.340000,17.580000,11.271691,52147800
2011-03-24,17.620001,17.639999,17.350000,17.360001,11.130631,57829100
2011-03-25,17.379999,17.410000,17.200001,17.280001,11.079344,53219900
2011-03-28,17.360001,17.540001,17.170000,17.190001,11.021635,63408300
2011-03-29,17.209999,17.450001,17.190001,17.440001,11.221095,57191900
2011-03-30,17.580000,17.600000,17.299999,17.330000,11.150319,60260900
2011-03-31,17.320000,17.450001,17.150000,17.150000,11.034504,64974000
2011-04-01,17.290001,17.299999,16.990000,17.040001,10.963731,62747100
2011-04-04,17.010000,17.139999,17.000000,17.059999,10.976597,57644300
2011-04-05,17.160000,17.490000,17.120001,17.219999,11.079541,103442400
2011-04-06,17.440001,18.190001,17.379999,18.070000,11.626440,176814200
2011-04-07,18.160000,18.290001,17.719999,17.910000,11.523491,119269200
2011-04-08,17.969999,17.990000,17.530001,17.650000,11.356208,82734700
2011-04-11,17.709999,17.760000,17.360001,17.469999,11.240396,56427900
2011-04-12,17.500000,17.580000,17.360001,17.440001,11.221095,65853700
2011-04-13,17.500000,17.500000,17.219999,17.250000,11.098843,60912400
2011-04-14,17.150000,17.219999,17.049999,17.170000,11.047373,58261800
2011-04-15,17.190001,17.299999,16.969999,17.030001,10.957294,82667700
2011-04-18,16.879999,16.900000,16.590000,16.730000,10.764273,86550700
2011-04-19,16.650000,16.760000,16.520000,16.610001,10.687064,76498000
2011-04-20,16.900000,16.959999,16.790001,16.930000,10.892955,86372600
2011-04-21,16.940001,16.990000,16.860001,16.940001,10.899388,57013900
2011-04-25,16.930000,17.160000,16.900000,17.100000,11.002334,42745400
2011-04-26,17.209999,17.639999,17.139999,17.520000,11.272568,81600000
2011-04-27,17.600000,17.639999,17.080000,17.190001,11.060240,97724100
2011-04-28,17.200001,17.379999,17.180000,17.290001,11.124582,52900000
2011-04-29,17.320000,17.559999,17.260000,17.520000,11.272568,137455300
2011-05-02,17.510000,17.600000,17.389999,17.580000,11.311172,46838800
2011-05-03,17.530001,17.570000,17.290001,17.410000,11.201789,56900000
2011-05-04,17.370001,17.559999,17.280001,17.469999,11.240396,58190500
2011-05-05,17.480000,17.680000,17.450001,17.480000,11.246833,67908600
2011-05-06,17.629999,17.700001,17.500000,17.559999,11.298303,60439500
2011-05-09,17.530001,17.670000,17.469999,17.600000,11.324041,46982400
2011-05-10,17.650000,17.940001,17.650000,17.790001,11.446285,68810700
2011-05-11,17.820000,17.990000,17.650000,17.780001,11.439857,129200000
2011-05-12,16.959999,17.080000,16.639999,16.930000,10.892955,238300000
2011-05-13,16.860001,16.959999,16.780001,16.879999,10.860786,80195400
2011-05-16,16.820000,16.870001,16.600000,16.600000,10.680626,81604100
2011-05-17,16.500000,16.719999,16.459999,16.639999,10.706364,78204700
2011-05-18,16.639999,16.660000,16.340000,16.650000,10.712801,92724700
2011-05-19,16.750000,16.830000,16.559999,16.660000,10.719230,68259900
2011-05-20,16.680000,16.719999,16.510000,16.530001,10.635589,50894200
2011-05-23,16.410000,16.440001,16.219999,16.350000,10.519776,68300000
2011-05-24,16.400000,16.459999,16.250000,16.270000,10.468302,42476600
2011-05-25,16.150000,16.260000,16.110001,16.190001,10.416829,59601900
2011-05-26,16.160000,16.370001,16.150000,16.250000,10.455433,64698900
2011-05-27,16.240000,16.510000,16.240000,16.459999,10.590550,49534400
2011-05-31,16.590000,16.820000,16.510000,16.799999,10.809305,56638700
2011-06-01,16.760000,16.770000,16.360001,16.379999,10.539078,61885900
2011-06-02,16.309999,16.520000,16.230000,16.250000,10.455433,62685200
2011-06-03,16.139999,16.190001,15.980000,16.010000,10.301013,74861100
2011-06-06,16.020000,16.170000,15.880000,15.990000,10.288145,58219800
2011-06-07,16.040001,16.040001,15.490000,15.510000,9.979309,107881100
2011-06-08,15.410000,15.580000,15.210000,15.300000,9.844195,100248400
2011-06-09,15.320000,15.470000,15.250000,15.310000,9.850631,67591200
2011-06-10,15.310000,15.360000,15.010000,15.120000,9.728381,78257800
2011-06-13,15.140000,15.280000,15.040000,15.060000,9.689772,63586100
2011-06-14,15.110000,15.220000,14.920000,15.080000,9.702641,91526300
2011-06-15,14.960000,14.990000,14.780000,14.840000,9.548225,92323100
2011-06-16,14.840000,15.100000,14.800000,15.050000,9.683342,73024300
2011-06-17,15.180000,15.200000,14.900000,14.970000,9.631872,80876700
2011-06-20,14.940000,15.170000,14.930000,15.140000,9.741245,54052600
2011-06-21,15.200000,15.570000,15.150000,15.510000,9.979309,85430700
2011-06-22,15.480000,15.640000,15.330000,15.360000,9.882795,48404300
2011-06-23,15.180000,15.490000,15.080000,15.470000,9.953573,63981500
2011-06-24,15.440000,15.440000,14.920000,14.930000,9.606132,177861600
2011-06-27,14.940000,15.150000,14.940000,15.050000,9.683342,76915200
2011-06-28,15.080000,15.140000,14.960000,15.130000,9.734816,52428700
2011-06-29,15.180000,15.400000,15.120000,15.340000,9.869929,47452800
2011-06-30,15.360000,15.660000,15.340000,15.610000,10.043653,52609600
2011-07-01,15.630000,15.950000,15.600000,15.860000,10.204501,65130300
2011-07-05,15.870000,15.920000,15.550000,15.670000,10.120543,44364600
2011-07-06,15.620000,15.680000,15.450000,15.560000,10.049497,43221700
2011-07-07,15.640000,15.990000,15.610000,15.900000,10.269086,70174000
2011-07-08,15.760000,15.900000,15.560000,15.740000,10.165750,50343200
2011-07-11,15.550000,15.620000,15.330000,15.430000,9.965540,44407800
2011-07-12,15.430000,15.960000,15.420000,15.600000,10.075334,88242600
2011-07-13,15.700000,15.850000,15.500000,15.570000,10.055955,47732700
2011-07-14,15.560000,15.760000,15.400000,15.430000,9.965540,50153300
2011-07-15,15.520000,15.700000,15.450000,15.590000,10.068872,54798300
2011-07-18,15.490000,15.540000,15.270000,15.440000,9.971994,45271200
2011-07-19,15.550000,15.700000,15.420000,15.660000,10.114083,58280600
2011-07-20,15.640000,15.950000,15.580000,15.820000,10.217421,60146400
2011-07-21,15.820000,16.469999,15.820000,16.350000,10.559720,93220600
2011-07-22,16.440001,16.500000,16.250000,16.459999,10.630765,48364800
2011-07-25,16.340000,16.379999,16.160000,16.280001,10.514515,33870200
2011-07-26,16.260000,16.389999,16.200001,16.290001,10.520974,40154000
2011-07-27,15.920000,16.010000,15.580000,15.690000,10.133457,80752600
2011-07-28,15.960000,16.299999,15.830000,16.010000,10.340133,79457800
2011-07-29,15.900000,16.129999,15.800000,15.970000,10.314300,66844900
2011-08-01,16.080000,16.250000,15.550000,15.830000,10.223877,60652700
2011-08-02,15.610000,15.810000,15.450000,15.460000,9.984913,56227200
2011-08-03,15.480000,15.540000,15.180000,15.490000,10.004286,70369500
2011-08-04,15.270000,15.320000,14.810000,14.820000,9.571565,92196500
2011-08-05,14.910000,15.280000,14.360000,14.940000,9.649070,122400100
2011-08-08,14.410000,14.630000,13.940000,13.940000,9.003216,125326200
2011-08-09,14.070000,14.120000,13.300000,14.060000,9.080716,144579300
2011-08-10,13.930000,14.230000,13.700000,13.730000,8.867582,146477100
2011-08-11,15.450000,16.240000,15.360000,15.920000,10.282007,286920000
2011-08-12,15.940000,16.200001,15.640000,15.990000,10.327214,95554300
2011-08-15,16.010000,16.070000,15.830000,16.030001,10.353051,65125900
2011-08-16,15.860000,16.059999,15.700000,16.000000,10.333673,58987000
2011-08-17,15.970000,16.070000,15.650000,15.850000,10.236795,54508900
2011-08-18,15.390000,15.470000,14.900000,15.010000,9.694278,104626600
2011-08-19,14.920000,15.460000,14.900000,15.080000,9.739488,90584300
2011-08-22,15.230000,15.400000,14.950000,15.010000,9.694278,68733900
2011-08-23,15.010000,15.440000,15.010000,15.440000,9.971994,57774500
2011-08-24,15.360000,15.560000,15.160000,15.460000,9.984913,59278900
2011-08-25,15.520000,15.540000,15.020000,15.080000,9.739488,54369300
2011-08-26,15.080000,15.550000,15.020000,15.320000,9.894495,49949400
2011-08-29,15.510000,15.760000,15.400000,15.740000,10.165750,39188200
2011-08-30,15.670000,15.780000,15.390000,15.630000,10.094708,51028200
2011-08-31,15.730000,15.950000,15.540000,15.670000,10.120543,50687300
2011-09-01,15.690000,16.000000,15.610000,15.820000,10.217421,73754200
2011-09-02,15.510000,15.720000,15.300000,15.410000,9.952620,55499700
2011-09-06,15.100000,15.290000,15.010000,15.280000,9.868656,62388100
2011-09-07,15.420000,15.910000,15.410000,15.880000,10.256173,58515000
2011-09-08,15.850000,16.450001,15.820000,16.290001,10.520974,103787400
2011-09-09,16.150000,16.180000,15.720000,15.820000,10.217421,79002800
2011-09-12,15.550000,16.100000,15.550000,16.090000,10.391803,53937300
2011-09-13,16.080000,16.500000,15.940000,16.350000,10.559720,82622700
2011-09-14,16.389999,16.660000,16.309999,16.330000,10.546807,79447500
2011-09-15,16.469999,16.700001,16.320000,16.670000,10.766399,47652400
2011-09-16,16.719999,16.840000,16.530001,16.620001,10.734108,62292100
2011-09-19,16.450001,16.580000,16.160000,16.510000,10.663059,42149400
2011-09-20,16.450001,16.670000,16.330000,16.530001,10.675976,48832400
2011-09-21,16.530001,16.600000,15.830000,15.840000,10.230336,70842500
2011-09-22,15.490000,15.710000,14.960000,15.330000,9.900951,92151700
2011-09-23,15.160000,15.840000,15.120000,15.610000,10.081789,66118200
2011-09-26,15.650000,16.020000,15.500000,15.990000,10.327214,53217300
2011-09-27,16.160000,16.360001,15.970000,16.070000,10.378886,64908200
2011-09-28,16.180000,16.360001,15.810000,15.840000,10.230336,47967800
2011-09-29,16.090000,16.250000,15.530000,15.850000,10.236795,59527500
2011-09-30,15.630000,15.770000,15.480000,15.500000,10.010745,50447300
2011-10-03,15.300000,15.470000,15.170000,15.190000,9.810533,79202800
2011-10-04,14.950000,15.620000,14.930000,15.580000,10.102316,80847200
2011-10-05,15.570000,16.520000,15.500000,16.160000,10.478398,119792300
2011-10-06,16.209999,16.760000,16.170000,16.750000,10.860968,74775100
2011-10-07,16.760000,16.940001,16.500000,16.660000,10.802608,58373900
2011-10-10,16.910000,17.139999,16.850000,17.090000,11.081426,48940100
2011-10-11,17.000000,17.100000,16.860001,16.990000,11.016585,53682000
2011-10-12,17.129999,17.400000,17.010000,17.250000,11.185175,70255500
2011-10-13,17.170000,17.430000,17.170000,17.420000,11.295406,44234300
2011-10-14,17.540001,17.670000,17.350000,17.549999,11.379696,43852200
2011-10-17,17.370001,17.469999,17.020000,17.170000,11.133298,37621700
2011-10-18,17.180000,17.670000,16.969999,17.510000,11.353758,42784700
2011-10-19,17.400000,17.540001,17.049999,17.160000,11.126820,35829200
2011-10-20,17.200001,17.260000,16.799999,17.190001,11.146269,39739700
2011-10-21,17.330000,17.600000,17.190001,17.379999,11.269465,46176900
2011-10-24,17.379999,17.670000,17.260000,17.540001,11.373214,37792500
2011-10-25,17.540001,17.740000,17.490000,17.620001,11.425088,44039200
2011-10-26,17.760000,17.889999,17.299999,17.610001,11.418603,44776600
2011-10-27,18.040001,18.580000,17.990000,18.440001,11.956787,105736800
2011-10-28,18.280001,18.600000,18.209999,18.559999,12.034600,47736100
2011-10-31,18.340000,18.549999,18.209999,18.530001,12.015146,50718200
2011-11-01,18.049999,18.049999,17.530001,17.590000,11.405639,67814500
2011-11-02,17.740000,17.940001,17.590000,17.850000,11.574224,38986200
2011-11-03,17.980000,18.200001,17.709999,18.180000,11.788200,39658500
2011-11-04,18.080000,18.100000,17.750000,18.030001,11.690938,39823600
2011-11-07,18.000000,18.240000,17.790001,18.010000,11.677973,44475200
2011-11-08,18.150000,18.340000,17.959999,18.309999,11.872492,50448200
2011-11-09,18.040001,18.040001,17.440001,17.610001,11.418603,80049500
2011-11-10,18.690001,18.910000,18.420000,18.610001,12.067019,148101900
2011-11-11,18.790001,19.150000,18.760000,19.020000,12.332869,80558400
2011-11-14,18.950001,19.100000,18.860001,18.940001,12.280994,46650700
2011-11-15,18.809999,19.190001,18.790001,19.120001,12.397711,45564300
2011-11-16,18.950001,19.150000,18.770000,18.799999,12.190218,54561100
2011-11-17,18.799999,18.820000,18.219999,18.480000,11.982725,55373800
2011-11-18,18.459999,18.629999,18.219999,18.420000,11.943824,38219600
2011-11-21,18.129999,18.309999,17.780001,18.000000,11.671485,54357100
2011-11-22,17.900000,18.129999,17.700001,17.920000,11.619612,39697900
2011-11-23,17.719999,17.799999,17.400000,17.410000,11.288918,47636000
2011-11-25,17.250000,17.799999,17.219999,17.500000,11.347272,24466200
2011-11-28,17.920000,18.100000,17.840000,18.010000,11.677973,45992200
2011-11-29,18.010000,18.150000,17.660000,17.680000,11.463995,53296800
2011-11-30,18.240000,18.790001,18.160000,18.639999,12.086471,74532800
2011-12-01,18.680000,18.719999,18.320000,18.580000,12.047570,41438400
2011-12-02,18.680000,18.980000,18.530001,18.549999,12.028114,46249200
2011-12-05,18.840000,18.889999,18.660000,18.790001,12.183735,43528500
2011-12-06,18.780001,18.889999,18.709999,18.730000,12.144825,29136200
2011-12-07,18.760000,19.049999,18.570000,18.990000,12.313416,54876800
2011-12-08,18.870001,19.070000,18.450001,18.570000,12.041080,47298800
2011-12-09,18.580000,18.959999,18.490000,18.879999,12.242091,44018700
2011-12-12,18.620001,18.700001,18.260000,18.530001,12.015146,44118300
2011-12-13,18.570000,18.850000,18.340000,18.469999,11.976237,48006900
2011-12-14,18.459999,18.500000,17.879999,17.980000,11.658517,59671000
2011-12-15,18.170000,18.250000,17.930000,18.040001,11.697421,39810900
2011-12-16,18.190001,18.530001,17.940001,17.940001,11.632577,94963600
2011-12-19,17.959999,18.010000,17.620001,17.690001,11.470474,39711600
2011-12-20,17.920000,18.480000,17.910000,18.410000,11.937336,44825500
2011-12-21,18.230000,18.350000,17.820000,17.920000,11.619612,57677700
2011-12-22,18.010000,18.219999,17.969999,18.129999,11.755777,37599700
2011-12-23,18.150000,18.490000,18.129999,18.469999,11.976237,23341700
2011-12-27,18.480000,18.639999,18.459999,18.580000,12.047570,22932400
2011-12-28,18.520000,18.590000,18.110001,18.160000,11.775235,26740600
2011-12-29,18.150000,18.270000,18.139999,18.250000,11.833591,17640100
2011-12-30,18.190001,18.290001,18.049999,18.080000,11.723358,20775000
2012-01-03,18.549999,18.860001,18.480000,18.629999,12.120209,41236600
2012-01-04,18.440001,19.000000,18.350000,18.990000,12.354416,52927700
2012-01-05,18.930000,19.000000,18.670000,18.920000,12.308882,37865300
2012-01-06,18.950001,19.000000,18.830000,18.850000,12.263332,27796900
2012-01-09,18.870001,19.100000,18.790001,18.969999,12.341401,37811500
2012-01-10,19.080000,19.250000,18.770000,18.830000,12.250328,45488300
2012-01-11,18.940001,19.139999,18.870001,19.070000,12.406465,32482200
2012-01-12,19.120001,19.200001,18.959999,19.150000,12.458506,31101700
2012-01-13,19.010000,19.170000,18.879999,19.059999,12.399953,32143700
2012-01-17,19.230000,19.320000,19.110001,19.309999,12.562599,40402800
2012-01-18,19.370001,19.629999,19.330000,19.540001,12.712230,56573500
2012-01-19,19.680000,19.950001,19.600000,19.790001,12.874877,52482100
2012-01-20,19.750000,19.930000,19.670000,19.920000,12.959454,42046700
2012-01-23,19.850000,20.070000,19.559999,19.830000,12.900901,50013100
2012-01-24,19.750000,19.860001,19.559999,19.820000,12.894394,30828500
2012-01-25,19.799999,19.870001,19.480000,19.830000,12.900901,37205000
2012-01-26,19.969999,19.990000,19.709999,19.830000,12.900901,36818500
2012-01-27,19.580000,19.690001,19.360001,19.559999,12.725244,43539600
2012-01-30,19.400000,19.629999,19.270000,19.559999,12.725244,31384800
2012-01-31,19.690001,19.730000,19.440001,19.650000,12.783795,40629600
2012-02-01,19.840000,19.950001,19.700001,19.799999,12.881382,57074800
2012-02-02,19.830000,19.980000,19.799999,19.799999,12.881382,36405200
2012-02-03,19.990000,20.200001,19.910000,20.090000,13.070045,54491000
2012-02-06,20.040001,20.200001,19.920000,20.190001,13.135104,37141900
2012-02-07,20.090000,20.330000,20.000000,20.200001,13.141608,61422400
2012-02-08,20.219999,20.450001,20.090000,20.430000,13.291247,91349200
2012-02-09,20.230000,20.490000,19.870001,20.000000,13.011499,131157200
2012-02-10,19.790001,20.059999,19.730000,19.900000,12.946436,63115200
2012-02-13,20.010000,20.059999,19.900000,20.030001,13.031012,50426600
2012-02-14,19.900000,20.070000,19.830000,20.070000,13.057039,31854000
2012-02-15,20.090000,20.209999,19.850000,19.910000,12.952945,44880700
2012-02-16,19.980000,20.270000,19.910000,20.190001,13.135104,42558500
2012-02-17,20.200001,20.350000,20.000000,20.290001,13.200163,54249700
2012-02-21,20.299999,20.490000,20.170000,20.360001,13.245701,41222900
2012-02-22,20.410000,20.459999,20.049999,20.120001,13.089561,36219200
2012-02-23,20.080000,20.250000,19.920000,20.230000,13.161130,30008000
2012-02-24,20.270000,20.330000,20.110001,20.139999,13.102575,27220500
2012-02-27,19.990000,20.260000,19.969999,20.170000,13.122101,37170200
2012-02-28,20.160000,20.219999,20.020000,20.200001,13.141608,34349100
2012-02-29,20.180000,20.200001,19.840000,19.879999,12.933429,46229800
2012-03-01,19.910000,19.959999,19.740000,19.879999,12.933429,43149300
2012-03-02,19.840000,19.889999,19.709999,19.760000,12.855361,27449600
2012-03-05,19.730000,19.750000,19.459999,19.600000,12.751271,31971300
2012-03-06,19.430000,19.530001,19.320000,19.480000,12.673200,36742300
2012-03-07,19.500000,19.530001,19.400000,19.410000,12.627655,34751400
2012-03-08,19.570000,19.780001,19.530001,19.680000,12.803311,36655500
2012-03-09,19.730000,19.889999,19.680000,19.799999,12.881382,26274400
2012-03-12,19.820000,19.879999,19.660000,19.830000,12.900901,26316200
2012-03-13,19.900000,20.219999,19.889999,20.219999,13.154623,33326000
2012-03-14,20.160000,20.379999,20.059999,20.200001,13.141608,41190400
2012-03-15,20.059999,20.200001,19.799999,19.910000,12.952945,55020200
2012-03-16,20.010000,20.049999,19.900000,20.030001,13.031012,56363000
2012-03-19,19.940001,20.280001,19.940001,20.139999,13.102575,30276500
2012-03-20,20.040001,20.639999,20.010000,20.570000,13.382319,61659600
2012-03-21,20.559999,20.650000,20.350000,20.500000,13.336779,39135200
2012-03-22,20.350000,20.570000,20.270000,20.379999,13.258715,32211700
2012-03-23,20.340000,20.590000,20.250000,20.530001,13.356303,27646700
2012-03-26,20.700001,20.860001,20.650000,20.840000,13.557979,29098800
2012-03-27,20.930000,21.049999,20.879999,20.910000,13.603518,44476400
2012-03-28,20.850000,21.110001,20.730000,21.080000,13.714118,39839300
2012-03-29,20.959999,21.240000,20.850000,21.030001,13.681591,36518000
2012-03-30,21.120001,21.190001,20.980000,21.150000,13.759661,35673900
2012-04-02,21.139999,21.299999,21.049999,21.190001,13.785684,30716500
2012-04-03,21.110001,21.190001,20.629999,20.820000,13.596295,64106700
2012-04-04,20.639999,20.770000,20.250000,20.360001,13.295900,43848100
2012-04-05,20.180000,20.370001,20.070000,20.219999,13.204473,30611900
2012-04-09,19.969999,20.160000,19.870001,19.959999,13.034678,26416300
2012-04-10,19.940001,20.100000,19.520000,19.549999,12.766938,44896400
2012-04-11,19.680000,20.040001,19.620001,20.020000,13.073866,40610100
2012-04-12,20.090000,20.280001,19.980000,20.059999,13.099989,32041300
2012-04-13,20.020000,20.040001,19.790001,19.850000,12.962848,27901500
2012-04-16,19.920000,19.959999,19.570000,19.730000,12.884486,35250100
2012-04-17,19.809999,20.150000,19.750000,20.080000,13.113049,28770700
2012-04-18,19.950001,20.150000,19.879999,20.059999,13.099989,27563400
2012-04-19,20.020000,20.309999,19.780001,19.910000,13.002031,34583500
2012-04-20,19.930000,20.040001,19.840000,19.910000,13.002031,34257200
2012-04-23,19.770000,19.780001,19.580000,19.680000,12.851831,27406400
2012-04-24,19.760000,19.850000,19.350000,19.420000,12.682042,67526600
2012-04-25,19.590000,19.690001,19.270000,19.490000,12.727754,48461800
2012-04-26,19.480000,19.670000,19.370001,19.600000,12.799592,43037600
2012-04-27,19.639999,20.030001,19.580000,19.980000,13.047747,47505900
2012-04-30,19.850000,20.170000,19.820000,20.160000,13.165297,36405500
2012-05-01,20.110001,20.160000,19.980000,19.980000,13.047747,31761800
2012-05-02,19.910000,19.940001,19.629999,19.840000,12.956323,32168300
2012-05-03,19.920000,19.950001,19.650000,19.719999,12.877954,29626200
2012-05-04,19.520000,19.530001,19.030001,19.120001,12.486131,41733900
2012-05-07,19.020000,19.260000,19.000000,19.080000,12.460011,34078500
2012-05-08,18.900000,18.900000,18.620001,18.709999,12.218385,52278000
2012-05-09,18.580000,18.889999,18.480000,18.780001,12.264091,78275200
2012-05-10,17.170000,17.320000,16.760000,16.809999,10.977608,198450600
2012-05-11,16.760000,16.990000,16.500000,16.510000,10.781694,75215300
2012-05-14,16.400000,16.830000,16.370001,16.709999,10.912300,57497300
2012-05-15,16.740000,16.760000,16.510000,16.540001,10.801286,66148000
2012-05-16,16.830000,16.889999,16.610001,16.690001,10.899245,57794300
2012-05-17,16.690001,16.799999,16.549999,16.549999,10.807820,41625200
2012-05-18,16.610001,16.639999,16.370001,16.469999,10.755576,57520600
2012-05-21,16.510000,16.700001,16.370001,16.670000,10.886181,37628500
2012-05-22,16.660000,16.820000,16.620001,16.730000,10.925363,42979200
2012-05-23,16.559999,16.760000,16.430000,16.690001,10.899245,42459500
2012-05-24,16.690001,16.700001,16.350000,16.389999,10.703329,52604300
2012-05-25,16.459999,16.559999,16.320000,16.330000,10.664153,41838300
2012-05-29,16.510000,16.639999,16.389999,16.590000,10.833941,37091400
2012-05-30,16.459999,16.480000,16.350000,16.389999,10.703329,36488300
2012-05-31,16.360001,16.520000,16.260000,16.330000,10.664153,51969400
2012-06-01,16.080000,16.150000,15.940000,15.960000,10.422524,48493800
2012-06-04,15.980000,16.129999,15.920000,16.110001,10.520481,29743500
2012-06-05,16.059999,16.280001,15.980000,16.120001,10.527013,34648800
2012-06-06,16.290001,16.690001,16.230000,16.690001,10.899245,33224400
2012-06-07,16.879999,16.920000,16.530001,16.580000,10.827410,34270300
2012-06-08,16.559999,16.780001,16.490000,16.730000,10.925363,29773800
2012-06-11,16.870001,16.889999,16.450001,16.480000,10.762107,31130800
2012-06-12,16.570000,16.840000,16.510000,16.790001,10.964546,32713000
2012-06-13,16.740000,16.850000,16.559999,16.660000,10.879651,39106800
2012-06-14,16.680000,17.040001,16.600000,16.920000,11.049438,39580100
2012-06-15,16.969999,17.170000,16.930000,17.100000,11.166990,42601400
2012-06-18,17.080000,17.250000,17.030001,17.139999,11.193108,35400800
2012-06-19,17.280001,17.360001,17.110001,17.180000,11.219232,41827300
2012-06-20,17.370001,17.629999,17.299999,17.510000,11.434732,46238300
2012-06-21,17.510000,17.549999,16.870001,16.930000,11.055975,44123400
2012-06-22,16.980000,17.190001,16.950001,17.129999,11.186582,46489700
2012-06-25,17.010000,17.030001,16.780001,16.940001,11.062500,33219000
2012-06-26,16.969999,16.990000,16.650000,16.820000,10.984140,31870100
2012-06-27,16.870001,16.959999,16.639999,16.730000,10.925363,43502200
2012-06-28,16.629999,16.629999,16.219999,16.480000,10.762107,56585800
2012-06-29,16.790001,17.170000,16.730000,17.170000,11.212700,51020200
2012-07-02,17.110001,17.160000,16.959999,17.080000,11.206143,20020400
2012-07-03,17.020000,17.230000,17.010000,17.150000,11.252067,15823200
2012-07-05,16.990000,17.030001,16.879999,16.940001,11.114285,26299500
2012-07-06,16.879999,16.940001,16.670000,16.770000,11.002751,27190800
2012-07-09,16.730000,16.770000,16.590000,16.650000,10.924019,25580700
2012-07-10,16.760000,16.780001,16.330000,16.410000,10.766555,35583200
2012-07-11,16.400000,16.590000,16.260000,16.379999,10.746874,45504300
2012-07-12,16.160000,16.240000,15.960000,15.980000,10.484434,70081400
2012-07-13,15.990000,16.370001,15.980000,16.309999,10.700947,24553400
2012-07-16,16.209999,16.250000,16.020000,16.190001,10.622216,26437700
2012-07-17,16.370001,16.370001,15.940000,16.230000,10.648455,30992900
2012-07-18,16.250000,16.760000,16.200001,16.700001,10.956821,33888400
2012-07-19,16.730000,16.799999,16.590000,16.680000,10.943703,30426300
2012-07-20,16.580000,16.740000,16.350000,16.360001,10.733752,36050000
2012-07-23,16.059999,16.150000,15.930000,16.070000,10.543485,40090000
2012-07-24,15.750000,15.750000,15.000000,15.120000,9.920192,101816000
2012-07-25,15.200000,15.560000,14.960000,15.420000,10.117020,61477900
2012-07-26,15.700000,15.780000,15.350000,15.380000,10.090774,55945200
2012-07-27,15.510000,15.760000,15.300000,15.690000,10.294163,40305400
2012-07-30,15.710000,16.070000,15.670000,15.870000,10.412262,36366500
2012-07-31,15.870000,16.110001,15.850000,15.950000,10.464751,33961900
2012-08-01,16.010000,16.070000,15.760000,15.980000,10.484434,47398000
2012-08-02,15.800000,16.110001,15.650000,15.740000,10.326971,47426700
2012-08-03,16.080000,16.440001,15.970000,16.350000,10.727188,40928300
2012-08-06,16.490000,16.830000,16.459999,16.690001,10.950263,32129000
2012-08-07,16.840000,17.209999,16.809999,17.139999,11.245506,41694700
2012-08-08,17.040001,17.160000,16.860001,17.160000,11.258632,24821800
2012-08-09,17.610001,17.790001,17.480000,17.700001,11.612918,61054300
2012-08-10,17.490000,17.559999,17.299999,17.540001,11.507946,38278100
2012-08-13,17.540001,17.590000,17.230000,17.340000,11.376724,33823200
2012-08-14,17.400000,17.400000,17.110001,17.170000,11.265189,40256600
2012-08-15,17.150000,17.530001,17.120001,17.350000,11.383287,63235200
2012-08-16,18.629999,19.139999,18.570000,19.020000,12.478967,152184100
2012-08-17,19.030001,19.230000,18.959999,19.059999,12.505212,55706700
2012-08-20,19.000000,19.150000,18.799999,18.940001,12.426480,39384600
2012-08-21,19.000000,19.270000,18.980000,19.160000,12.570825,45522300
2012-08-22,19.070000,19.219999,18.959999,19.219999,12.610190,47546000
2012-08-23,19.150000,19.389999,19.040001,19.129999,12.551142,37601200
2012-08-24,19.040001,19.240000,18.930000,19.200001,12.597069,32440300
2012-08-27,19.240000,19.370001,19.139999,19.360001,12.702044,32091900
2012-08-28,19.309999,19.350000,19.160000,19.219999,12.610190,30468900
2012-08-29,19.219999,19.260000,19.000000,19.200001,12.597069,29766800
2012-08-30,19.080000,19.080000,18.830000,18.900000,12.400234,24683300
2012-08-31,19.100000,19.250000,18.920000,19.080000,12.518337,38502400
2012-09-04,18.990000,19.139999,18.799999,19.000000,12.465852,27006700
2012-09-05,19.000000,19.120001,18.870001,18.900000,12.400234,30580300
2012-09-06,19.070000,19.750000,19.049999,19.730000,12.944798,59444100
2012-09-07,19.549999,19.650000,19.250000,19.559999,12.833261,44786600
2012-09-10,19.430000,19.469999,19.100000,19.150000,12.564260,40047200
2012-09-11,19.120001,19.250000,18.930000,19.040001,12.492092,31320100
2012-09-12,19.110001,19.270000,19.040001,19.080000,12.518337,28482200
2012-09-13,19.059999,19.520000,19.020000,19.360001,12.702044,37780500
2012-09-14,19.360001,19.690001,19.340000,19.490000,12.787333,46351900
2012-09-17,19.160000,19.309999,19.059999,19.160000,12.570825,36731800
2012-09-18,19.059999,19.270000,19.010000,19.049999,12.498652,45475300
2012-09-19,19.180000,19.209999,18.950001,19.120001,12.544580,29693900
2012-09-20,19.030001,19.110001,18.900000,19.110001,12.538020,25116000
2012-09-21,19.150000,19.200001,18.889999,18.900000,12.400234,42198200
2012-09-24,18.860001,18.980000,18.690001,18.809999,12.341188,32180400
2012-09-25,18.950001,18.969999,18.629999,18.670000,12.249339,33991600
2012-09-26,18.690001,18.750000,18.350000,18.580000,12.190286,30273700
2012-09-27,18.680000,18.879999,18.549999,18.799999,12.334627,29813600
2012-09-28,19.000000,19.360001,19.000000,19.100000,12.531454,61124700
2012-10-01,19.230000,19.400000,18.940001,19.040001,12.492092,37481100
2012-10-02,19.090000,19.139999,18.730000,18.870001,12.472260,34712100
2012-10-03,18.959999,19.100000,18.879999,18.930000,12.511918,33816700
2012-10-04,19.010000,19.049999,18.850000,18.900000,12.492091,29734700
2012-10-05,19.040001,19.139999,18.799999,18.860001,12.465655,27750400
2012-10-08,18.889999,19.080000,18.809999,18.900000,12.492091,24170900
2012-10-09,18.930000,19.059999,18.760000,18.799999,12.425994,42377800
2012-10-10,18.799999,18.799999,18.290001,18.309999,12.102125,42085700
2012-10-11,18.469999,18.480000,18.150000,18.260000,12.069082,28339700
2012-10-12,18.260000,18.459999,18.219999,18.410000,12.168223,27099200
2012-10-15,18.490000,18.639999,18.410000,18.549999,12.260755,27799100
2012-10-16,18.629999,18.910000,18.549999,18.850000,12.459043,28580200
2012-10-17,18.570000,18.799999,18.500000,18.709999,12.366512,28359400
2012-10-18,18.610001,18.750000,18.500000,18.610001,12.300411,40270300
2012-10-19,18.580000,18.600000,18.000000,18.040001,11.923670,63724300
2012-10-22,18.120001,18.230000,18.010000,18.190001,12.022813,26334500
2012-10-23,18.000000,18.170000,17.940001,18.010000,11.903843,33985300
2012-10-24,18.030001,18.080000,17.290001,17.379999,11.487436,61961200
2012-10-25,17.530001,17.530001,17.070000,17.200001,11.368466,46349800
2012-10-26,17.200001,17.389999,17.110001,17.290001,11.427951,31188400
2012-10-31,17.379999,17.430000,17.010000,17.150000,11.335415,36797100
2012-11-01,17.170000,17.580000,17.000000,17.510000,11.573357,32484300
2012-11-02,17.639999,17.680000,17.309999,17.350000,11.467609,28769400
2012-11-05,17.330000,17.440001,17.200001,17.400000,11.500659,22190800
2012-11-06,17.440001,17.709999,17.350000,17.480000,11.553532,35544700
2012-11-07,17.450001,17.900000,17.090000,17.209999,11.375075,49610000
2012-11-08,17.219999,17.360001,16.780001,16.830000,11.123911,56064800
2012-11-09,16.700001,17.030001,16.680000,16.820000,11.117302,43085800
2012-11-12,16.860001,17.090000,16.750000,16.860001,11.143740,28768400
2012-11-13,16.709999,16.940001,16.690001,16.850000,11.137129,72206200
2012-11-14,18.049999,18.250000,17.620001,17.660000,11.672503,97058200
2012-11-15,17.750000,18.080000,17.740000,17.940001,11.857571,55885900
2012-11-16,17.930000,18.049999,17.799999,17.990000,11.890621,60820500
2012-11-19,18.270000,18.340000,18.100000,18.299999,12.095519,40616400
2012-11-20,18.290001,18.360001,18.070000,18.340000,12.121960,30378100
2012-11-21,18.370001,18.620001,18.270000,18.480000,12.214491,30479300
2012-11-23,18.600000,18.889999,18.530001,18.840000,12.452432,17263100
2012-11-26,18.790001,19.070000,18.590000,19.059999,12.597843,34603000
2012-11-27,18.900000,19.100000,18.840000,18.959999,12.624476,53080000
2012-11-28,18.889999,18.959999,18.549999,18.830000,12.537920,41262800
2012-11-29,18.980000,19.100000,18.920000,19.010000,12.657775,32450600
2012-11-30,19.040001,19.129999,18.830000,18.910000,12.591185,45199100
2012-12-03,19.020000,19.160000,18.950001,19.030001,12.671091,32381500
2012-12-04,19.080000,19.200001,19.000000,19.170000,12.764305,34313500
2012-12-05,19.160000,19.450001,19.139999,19.209999,12.790941,36982900
2012-12-06,19.219999,19.500000,19.200001,19.480000,12.970721,35834800
2012-12-07,19.600000,19.740000,19.160000,19.340000,12.877498,50602300
2012-12-10,19.350000,19.900000,19.340000,19.790001,13.177135,62863500
2012-12-11,19.850000,20.070000,19.670000,19.780001,13.170470,58464200
2012-12-12,19.840000,19.889999,19.690001,19.730000,13.137181,38701100
2012-12-13,19.690001,19.840000,19.600000,19.740000,13.143837,37844200
2012-12-14,19.740000,20.000000,19.690001,19.860001,13.223744,40804400
2012-12-17,19.879999,20.139999,19.799999,20.110001,13.390208,46857100
2012-12-18,20.100000,20.420000,20.020000,20.379999,13.569986,41963100
2012-12-19,20.420000,20.540001,20.240000,20.270000,13.496737,38097400
2012-12-20,20.270000,20.330000,20.150000,20.240000,13.476764,29942600
2012-12-21,19.950001,20.049999,19.590000,19.959999,13.290321,67611700
2012-12-24,19.870001,19.959999,19.740000,19.830000,13.203768,12550700
2012-12-26,19.830000,20.070000,19.750000,19.920000,13.263698,22083800
2012-12-27,19.889999,19.910000,19.450001,19.650000,13.083913,35286600
2012-12-28,19.490000,19.639999,19.420000,19.450001,12.950745,24596400
2012-12-31,19.379999,19.760000,19.309999,19.650000,13.083913,32388300
2013-01-02,20.120001,20.340000,20.010000,20.340000,13.543349,40304500
2013-01-03,20.459999,20.500000,20.299999,20.450001,13.616594,50603500
2013-01-04,20.410000,20.680000,20.389999,20.480000,13.636564,36378900
2013-01-07,20.379999,20.420000,20.160000,20.290001,13.510057,30790700
2013-01-08,20.180000,20.340000,20.080000,20.309999,13.523374,33218100
2013-01-09,20.260000,20.540001,20.250000,20.299999,13.516713,30380100
2013-01-10,20.350000,20.490000,20.290001,20.440001,13.609935,31419200
2013-01-11,20.400000,20.510000,20.330000,20.480000,13.636564,23423800
2013-01-14,20.680000,20.990000,20.650000,20.969999,13.962831,55156900
2013-01-15,20.920000,20.990000,20.780001,20.980000,13.969485,29550900
2013-01-16,20.910000,21.180000,20.879999,21.030001,14.002783,39685100
2013-01-17,20.790001,21.030001,20.780001,20.950001,13.949516,41951400
2013-01-18,20.850000,21.040001,20.809999,21.020000,13.996134,42835000
2013-01-22,20.950001,21.000000,20.610001,20.870001,13.896247,35955400
2013-01-23,20.889999,20.889999,20.610001,20.620001,13.729785,37130100
2013-01-24,20.850000,21.100000,20.820000,21.020000,13.996134,47256000
2013-01-25,21.100000,21.250000,21.049999,21.150000,14.082685,28354800
2013-01-28,21.209999,21.260000,21.049999,21.059999,14.022756,30431400
2013-01-29,20.980000,20.990000,20.650000,20.780001,13.836318,35300200
2013-01-30,20.860001,20.870001,20.400000,20.580000,13.703156,35260400
2013-01-31,20.620001,20.900000,20.559999,20.570000,13.696486,29992500
2013-02-01,20.730000,20.910000,20.600000,20.830000,13.869618,25754100
2013-02-04,20.870001,21.129999,20.790001,20.820000,13.862957,32053300
2013-02-05,20.879999,21.200001,20.879999,21.080000,14.036080,24952600
2013-02-06,21.049999,21.219999,20.980000,21.190001,14.109323,27848400
2013-02-07,21.209999,21.260000,21.000000,21.100000,14.049397,34442900
2013-02-08,21.170000,21.299999,21.129999,21.160000,14.089348,23056900
2013-02-11,21.240000,21.340000,21.150000,21.270000,14.162593,33552000
2013-02-12,21.250000,21.270000,20.940001,20.969999,13.962831,46463500
2013-02-13,21.000000,21.139999,20.930000,21.139999,14.076020,63608700
2013-02-14,20.879999,21.000000,20.510000,20.990000,13.976146,67172100
2013-02-15,20.940001,21.070000,20.920000,20.990000,13.976146,44439700
2013-02-19,21.010000,21.480000,20.950001,21.459999,14.289101,45590500
2013-02-20,21.490000,21.670000,21.070000,21.110001,14.056051,47494700
2013-02-21,21.000000,21.020000,20.709999,20.760000,13.823001,33007100
2013-02-22,20.809999,20.930000,20.719999,20.900000,13.916224,20483300
2013-02-25,21.000000,21.200001,20.650000,20.660000,13.756415,37391400
2013-02-26,20.540001,20.780001,20.500000,20.610001,13.723134,34254700
2013-02-27,20.600000,21.020000,20.440001,20.889999,13.909568,25190900
2013-02-28,20.889999,21.049999,20.740000,20.860001,13.889590,30337500
2013-03-01,20.709999,20.900000,20.549999,20.830000,13.869618,24174800
2013-03-04,20.740000,20.780001,20.580000,20.740000,13.809690,22634600
2013-03-05,20.830000,21.250000,20.830000,21.219999,14.129296,32829500
2013-03-06,21.299999,21.790001,21.240000,21.719999,14.462216,45966600
2013-03-07,21.719999,21.969999,21.680000,21.799999,14.515485,37379500
2013-03-08,21.840000,21.969999,21.770000,21.830000,14.535467,23839100
2013-03-11,21.770000,21.980000,21.650000,21.879999,14.568755,29120000
2013-03-12,21.760000,21.840000,21.540001,21.700001,14.448907,25987300
2013-03-13,21.650000,21.799999,21.510000,21.580000,14.369005,30188200
2013-03-14,21.700001,21.860001,21.450001,21.590000,14.375658,40479600
2013-03-15,21.570000,21.950001,21.379999,21.930000,14.602039,59804200
2013-03-18,21.740000,21.950001,21.610001,21.670000,14.428923,30222300
2013-03-19,21.709999,21.750000,21.299999,21.520000,14.329051,27264100
2013-03-20,21.629999,21.740000,21.580000,21.670000,14.428923,24571600
2013-03-21,21.000000,21.180000,20.719999,20.840000,13.876269,64437700
2013-03-22,20.930000,21.070000,20.690001,20.750000,13.816339,39902900
2013-03-25,20.879999,20.990000,20.709999,20.850000,13.882928,36429100
2013-03-26,20.940001,20.959999,20.690001,20.850000,13.882928,27627800
2013-03-27,20.680000,20.900000,20.610001,20.830000,13.869618,27760900
2013-03-28,20.840000,20.940001,20.770000,20.900000,13.916224,28323200
2013-04-01,21.040001,21.379999,20.780001,20.830000,13.869618,40009200
2013-04-02,20.959999,21.290001,20.900000,21.219999,14.129296,34098100
2013-04-03,21.280001,21.370001,21.110001,21.200001,14.115981,30101400
2013-04-04,21.010000,21.090000,20.959999,21.040001,14.122684,25075100
2013-04-05,20.250000,20.700001,20.000000,20.610001,13.834066,54767100
2013-04-08,20.690001,20.730000,20.469999,20.570000,13.807204,22968600
2013-04-09,20.639999,21.049999,20.580000,20.969999,14.075703,27529500
2013-04-10,21.070000,21.600000,21.020000,21.469999,14.411315,39308100
2013-04-11,21.330000,21.700001,21.270000,21.690001,14.558994,35992200
2013-04-12,21.670000,21.700001,21.120001,21.540001,14.458302,31584600
2013-04-15,21.450001,21.639999,21.049999,21.049999,14.129403,27961000
2013-04-16,21.150000,21.170000,20.950001,21.160000,14.203240,32745100
2013-04-17,20.950001,21.020000,20.590000,20.629999,13.847483,30873000
2013-04-18,20.740000,20.850000,20.450001,20.580000,13.813927,35401400
2013-04-19,20.200001,20.549999,19.980000,20.459999,13.733377,51142000
2013-04-22,20.530001,20.650000,20.270000,20.590000,13.820634,31452800
2013-04-23,20.750000,21.100000,20.730000,20.910000,14.035425,34873500
2013-04-24,20.469999,20.530001,20.260000,20.389999,13.686396,55759200
2013-04-25,20.500000,20.770000,20.389999,20.639999,13.854196,40488500
2013-04-26,20.610001,20.709999,20.510000,20.670000,13.874332,33713500
2013-04-29,20.650000,21.070000,20.469999,20.980000,14.082412,29476200
2013-04-30,20.990000,21.250000,20.799999,20.920000,14.042141,37777300
2013-05-01,20.830000,20.900000,20.350000,20.379999,13.679679,44773400
2013-05-02,20.469999,20.750000,20.440001,20.730000,13.914603,54869800
2013-05-03,20.930000,20.959999,20.760000,20.830000,13.981735,41962700
2013-05-06,20.870001,20.920000,20.740000,20.809999,13.968307,31315900
2013-05-07,20.680000,20.709999,20.290001,20.379999,13.679679,55003400
2013-05-08,20.400000,20.760000,20.400000,20.719999,13.907893,37412500
2013-05-09,20.719999,20.950001,20.620001,20.830000,13.981735,25790200
2013-05-10,20.830000,21.100000,20.820000,21.100000,14.162968,26926900
2013-05-13,21.139999,21.280001,21.049999,21.270000,14.277079,35347200
2013-05-14,21.209999,21.420000,21.150000,21.270000,14.277079,38494300
2013-05-15,21.250000,21.290001,21.120001,21.209999,14.236805,55412900
2013-05-16,23.510000,24.240000,23.360001,23.889999,16.035692,201626500
2013-05-17,23.850000,24.250000,23.700001,24.240000,16.270636,78569900
2013-05-20,23.900000,23.969999,23.639999,23.950001,16.075968,54632000
2013-05-21,23.889999,24.059999,23.590000,24.010000,16.116243,48135200
2013-05-22,24.000000,24.020000,23.250000,23.340000,15.666521,46836300
2013-05-23,23.120001,23.610001,23.059999,23.510000,15.780630,44376600
2013-05-24,23.389999,23.660000,23.309999,23.530001,15.794062,25036200
2013-05-28,23.809999,24.120001,23.690001,23.889999,16.035692,40023900
2013-05-29,23.709999,24.240000,23.700001,24.120001,16.190073,37314000
2013-05-30,24.150000,24.680000,24.020000,24.370001,16.357885,45162100
2013-05-31,24.200001,24.530001,24.080000,24.120001,16.190073,40885800
2013-06-03,24.260000,24.500000,24.030001,24.379999,16.364599,30815300
2013-06-04,24.270000,24.600000,24.030001,24.360001,16.351179,30628500
2013-06-05,24.270000,24.639999,24.209999,24.320000,16.324326,45742100
2013-06-06,24.480000,24.690001,24.240000,24.549999,16.478704,44830200
2013-06-07,24.620001,24.780001,24.379999,24.490000,16.438431,42729400
2013-06-10,24.570000,24.670000,24.280001,24.360001,16.351179,33779400
2013-06-11,24.129999,24.450001,24.049999,24.070000,16.156523,28060200
2013-06-12,24.219999,24.309999,23.980000,23.990000,16.102818,29980300
2013-06-13,23.930000,24.400000,23.879999,24.350000,16.344467,27238900
2013-06-14,24.309999,24.500000,24.080000,24.090000,16.169947,29841100
2013-06-17,24.260000,24.959999,24.230000,24.700001,16.579393,46042800
2013-06-18,24.719999,24.980000,24.700001,24.820000,16.659943,34939200
2013-06-19,24.780001,24.959999,24.680000,24.680000,16.565971,29472900
2013-06-20,24.480000,24.730000,24.299999,24.440001,16.404873,47759000
2013-06-21,24.379999,24.620001,24.209999,24.480000,16.431723,62052200
2013-06-24,24.320000,24.469999,24.040001,24.059999,16.149811,35972700
2013-06-25,24.309999,24.440001,23.990000,24.010000,16.116243,41334800
2013-06-26,24.299999,24.450001,24.180000,24.389999,16.371309,32721400
2013-06-27,24.469999,24.709999,24.459999,24.629999,16.532408,27115400
2013-06-28,24.430000,24.610001,24.299999,24.340000,16.337753,35574300
2013-07-01,24.420000,24.830000,24.309999,24.340000,16.452663,33674000
2013-07-02,24.240000,24.639999,24.219999,24.320000,16.439146,31098600
2013-07-03,24.360001,24.840000,24.270000,24.590000,16.621651,24775000
2013-07-05,24.639999,24.660000,24.250000,24.570000,16.608131,19984900
2013-07-08,24.660000,24.750000,24.389999,24.629999,16.648691,34669400
2013-07-09,24.760000,25.200001,24.740000,25.160000,17.006945,46103900
2013-07-10,25.070000,25.559999,25.059999,25.410000,17.175928,37757800
2013-07-11,25.620001,25.930000,25.570000,25.870001,17.486870,45944600
2013-07-12,25.850000,25.950001,25.660000,25.940001,17.534189,28410100
2013-07-15,25.780001,25.990000,25.639999,25.930000,17.527430,26879600
2013-07-16,25.860001,25.990000,25.629999,25.709999,17.378721,26336200
2013-07-17,25.799999,25.860001,25.600000,25.719999,17.385473,22080800
2013-07-18,25.870001,26.150000,25.730000,25.860001,17.480110,32996900
2013-07-19,25.860001,26.000000,25.620001,25.820000,17.453074,39224200
2013-07-22,26.000000,26.040001,25.480000,25.719999,17.385473,30419600
2013-07-23,25.700001,25.770000,25.490000,25.559999,17.277315,27954800
2013-07-24,25.840000,25.990000,25.450001,25.590000,17.297604,27330800
2013-07-25,25.600000,25.620001,25.309999,25.500000,17.236765,31482600
2013-07-26,25.250000,25.500000,25.230000,25.500000,17.236765,19946400
2013-07-29,25.360001,25.469999,25.230000,25.330000,17.121855,17839400
2013-07-30,25.459999,26.040001,25.410000,25.670000,17.351679,45348500
2013-07-31,25.799999,25.889999,25.549999,25.590000,17.297604,30709400
2013-08-01,25.790001,25.930000,25.650000,25.889999,17.500387,23330000
2013-08-02,25.799999,26.190001,25.730000,26.190001,17.703167,26496700
2013-08-05,26.110001,26.420000,26.110001,26.309999,17.784288,28701800
2013-08-06,26.410000,26.410000,26.059999,26.209999,17.716696,26093500
2013-08-07,26.309999,26.490000,26.120001,26.120001,17.655861,33489600
2013-08-08,26.270000,26.320000,26.180000,26.260000,17.750488,20512100
2013-08-09,26.299999,26.350000,25.860001,26.049999,17.608540,27309000
2013-08-12,25.860001,26.450001,25.850000,26.340000,17.804569,32103600
2013-08-13,26.450001,26.480000,26.070000,26.320000,17.791054,36466000
2013-08-14,26.450001,26.450001,25.969999,26.379999,17.831602,77049400
2013-08-15,24.389999,24.830000,24.280001,24.480000,16.547293,130110100
2013-08-16,24.530001,24.660000,24.250000,24.270000,16.405344,42426200
2013-08-19,24.320000,24.660000,24.250000,24.270000,16.405344,39630400
2013-08-20,24.280001,24.559999,24.219999,24.320000,16.439146,43650200
2013-08-21,24.360001,24.480000,24.049999,24.070000,16.270157,33392900
2013-08-22,24.070000,24.219999,23.959999,24.010000,16.229599,24327000
2013-08-23,24.070000,24.160000,23.840000,23.860001,16.128210,41268600
2013-08-26,23.840000,24.049999,23.760000,23.830000,16.107925,35708500
2013-08-27,23.719999,23.790001,23.440001,23.480000,15.871343,39768700
2013-08-28,23.549999,23.580000,23.379999,23.450001,15.851068,28035900
2013-08-29,23.469999,23.750000,23.450001,23.450001,15.851068,26605500
2013-08-30,23.459999,23.549999,23.219999,23.309999,15.756434,35248400
2013-09-03,23.580000,23.770000,23.459999,23.480000,15.871343,31875000
2013-09-04,23.520000,23.920000,23.500000,23.770000,16.067366,27443900
2013-09-05,23.809999,23.840000,23.540001,23.690001,16.013294,23926000
2013-09-06,23.820000,23.840000,23.389999,23.549999,15.918658,28615800
2013-09-09,23.610001,23.980000,23.580000,23.920000,16.168766,22744700
2013-09-10,24.030001,24.250000,24.000000,24.160000,16.330990,29302400
2013-09-11,24.200001,24.410000,24.180000,24.379999,16.479698,25153200
2013-09-12,24.420000,24.450001,24.240000,24.290001,16.418863,22340000
2013-09-13,24.330000,24.410000,24.200001,24.320000,16.439146,18509900
2013-09-16,24.430000,24.469999,24.129999,24.379999,16.479698,32119900
2013-09-17,24.389999,24.549999,24.299999,24.370001,16.472944,19999500
2013-09-18,24.330000,24.799999,24.299999,24.799999,16.763597,29541300
2013-09-19,24.500000,24.750000,24.410000,24.610001,16.635168,40090900
2013-09-20,24.730000,24.750000,24.430000,24.510000,16.567570,37420400
2013-09-23,24.379999,24.450001,24.110001,24.270000,16.405344,26910300
2013-09-24,24.139999,24.320000,23.940001,24.139999,16.317469,29762400
2013-09-25,24.190001,24.549999,24.120001,24.430000,16.513494,26563800
2013-09-26,24.299999,24.360001,23.690001,23.770000,16.067366,54577900
2013-09-27,23.350000,23.549999,23.049999,23.330000,15.769949,82455500
2013-09-30,23.120001,23.530001,23.020000,23.430000,15.837549,40335700
2013-10-01,23.330000,23.480000,23.200001,23.240000,15.823929,30137600
2013-10-02,23.100000,23.360001,23.000000,23.320000,15.878402,40084700
2013-10-03,23.240000,23.350000,22.940001,23.010000,15.667323,38161100
2013-10-04,22.959999,23.090000,22.850000,23.020000,15.674131,33607800
2013-10-07,22.760000,23.040001,22.629999,22.889999,15.585619,29575900
2013-10-08,22.969999,22.969999,22.620001,22.639999,15.415394,31865700
2013-10-09,22.660000,22.760000,22.290001,22.500000,15.320069,45438300
2013-10-10,22.700001,23.080000,22.600000,23.010000,15.667323,38817500
2013-10-11,23.020000,23.379999,22.969999,23.280001,15.851167,27773800
2013-10-14,23.160000,23.360001,23.070000,23.340000,15.892020,29103100
2013-10-15,23.360001,23.420000,23.170000,23.180000,15.783078,26201200
2013-10-16,23.219999,23.299999,22.809999,23.000000,15.660519,40483000
2013-10-17,22.799999,22.879999,22.420000,22.780001,15.510718,69366300
2013-10-18,22.860001,23.139999,22.760000,22.959999,15.633280,44486600
2013-10-21,23.110001,23.110001,22.809999,22.930000,15.612857,34594600
2013-10-22,22.990000,23.000000,22.420000,22.650000,15.422207,64553000
2013-10-23,22.610001,22.639999,22.200001,22.260000,15.156651,49021400
2013-10-24,22.340000,22.430000,22.100000,22.370001,15.231549,50130300
2013-10-25,22.590000,22.629999,22.350000,22.459999,15.292831,34253400
2013-10-28,22.400000,22.549999,22.309999,22.549999,15.354112,24072100
2013-10-29,22.660000,22.930000,22.559999,22.830000,15.544759,30074200
2013-10-30,22.870001,22.940001,22.660000,22.709999,15.463056,30465600
2013-10-31,22.639999,22.709999,22.440001,22.559999,15.360929,34497400
2013-11-01,22.660000,22.680000,22.400000,22.570000,15.367727,33328700
2013-11-04,22.549999,22.639999,22.420000,22.580000,15.374537,28617000
2013-11-05,22.610001,23.250000,22.420000,23.070000,15.708179,46343600
2013-11-06,23.209999,23.370001,23.020000,23.280001,15.851167,48257800
2013-11-07,23.410000,23.559999,23.070000,23.110001,15.735410,35502900
2013-11-08,23.280001,23.520000,23.090000,23.510000,16.007769,30884100
2013-11-11,23.500000,23.580000,23.400000,23.450001,15.966918,22694900
2013-11-12,23.430000,23.840000,23.430000,23.730000,16.157568,38031100
2013-11-13,23.600000,24.000000,23.510000,24.000000,16.341408,75234900
2013-11-14,20.940001,21.440001,20.770000,21.370001,14.550665,243255400
2013-11-15,21.459999,21.690001,21.260000,21.540001,14.666413,85506000
2013-11-18,21.600000,21.719999,21.200001,21.290001,14.496192,66008900
2013-11-19,21.309999,21.540001,21.120001,21.420000,14.584710,57309700
2013-11-20,21.469999,21.469999,21.219999,21.230000,14.455335,44299700
2013-11-21,21.360001,21.490000,21.250000,21.469999,14.618749,40695500
2013-11-22,21.410000,21.500000,21.309999,21.459999,14.611944,41105000
2013-11-25,21.450001,21.520000,21.270000,21.270000,14.482570,37566000
2013-11-26,21.299999,21.410000,21.080000,21.209999,14.441715,48629300
2013-11-27,21.290001,21.350000,21.150000,21.270000,14.482570,40021100
2013-11-29,21.389999,21.440001,21.200001,21.250000,14.468958,25043700
2013-12-02,21.290001,21.299999,21.059999,21.090000,14.360014,35385200
2013-12-03,21.049999,21.260000,21.020000,21.260000,14.475760,52496700
2013-12-04,21.090000,21.350000,21.070000,21.250000,14.468958,44535000
2013-12-05,21.200001,21.299999,20.889999,20.910000,14.237455,61782100
2013-12-06,21.120001,21.320000,21.070000,21.280001,14.489381,51266300
2013-12-09,21.299999,21.330000,21.200001,21.219999,14.448529,41430000
2013-12-10,21.260000,21.340000,21.150000,21.209999,14.441715,45957600
2013-12-11,20.990000,21.010000,20.650000,20.879999,14.217025,66075000
2013-12-12,20.820000,20.830000,20.260000,20.510000,13.965097,69575100
2013-12-13,20.580000,20.580000,20.219999,20.240000,13.781252,51883000
2013-12-16,20.350000,20.750000,20.250000,20.680000,14.080849,54485600
2013-12-17,20.740000,21.129999,20.680000,20.920000,14.244260,45343300
2013-12-18,20.879999,21.040001,20.520000,21.000000,14.298730,55495300
2013-12-19,21.070000,21.080000,20.770000,21.070000,14.346396,36678100
2013-12-20,21.059999,21.250000,20.959999,21.129999,14.387241,64140500
2013-12-23,21.250000,21.629999,21.219999,21.570000,14.686836,41245900
2013-12-24,21.459999,21.760000,21.440001,21.690001,14.768546,18372000
2013-12-26,21.719999,21.879999,21.719999,21.799999,14.843448,17064400
2013-12-27,21.790001,22.049999,21.780001,22.020000,14.993234,24098500
2013-12-30,22.000000,22.330000,22.000000,22.250000,15.149849,27711600
2013-12-31,22.250000,22.469999,22.150000,22.430000,15.272408,33240500
2014-01-02,22.170000,22.290001,21.910000,22.000000,15.094022,44377000
2014-01-03,22.090000,22.120001,21.830000,21.980000,15.080298,36328200
2014-01-06,21.959999,22.230000,21.930000,22.010000,15.100884,34150300
2014-01-07,22.260000,22.410000,22.150000,22.309999,15.306710,37368800
2014-01-08,22.290001,22.360001,22.150000,22.290001,15.292993,38362700
2014-01-09,22.290001,22.309999,21.920000,22.090000,15.155773,31794000
2014-01-10,22.230000,22.280001,21.990000,22.219999,15.244958,30318600
2014-01-13,22.389999,22.820000,22.139999,22.190001,15.224380,59600000
2014-01-14,22.330000,22.520000,22.200001,22.410000,15.375317,44300800
2014-01-15,22.500000,23.000000,22.420000,22.780001,15.629176,61767800
2014-01-16,22.850000,22.910000,22.629999,22.780001,15.629176,38918100
2014-01-17,22.580000,22.780001,22.580000,22.740000,15.601730,44349100
2014-01-21,22.910000,22.950001,22.639999,22.830000,15.663479,33423000
2014-01-22,22.910000,22.950001,22.780001,22.840000,15.670339,30700100
2014-01-23,22.690001,22.850000,22.459999,22.559999,15.478234,37013600
2014-01-24,22.400000,22.540001,22.170000,22.200001,15.231244,40917300
2014-01-27,21.770000,22.110001,21.760000,22.000000,15.094022,60510000
2014-01-28,21.879999,22.000000,21.700001,21.750000,14.922503,41431800
2014-01-29,21.620001,21.840000,21.600000,21.650000,14.853891,35406500
2014-01-30,21.770000,21.990000,21.629999,21.980000,15.080298,42883000
2014-01-31,21.610001,21.990000,21.610001,21.910000,15.032277,43325300
2014-02-03,21.930000,21.950001,21.459999,21.549999,14.785278,60693300
2014-02-04,21.580000,21.820000,21.400000,21.799999,14.956807,46626500
2014-02-05,21.690001,22.070000,21.580000,21.980000,15.080298,46291400
2014-02-06,22.040001,22.580000,21.969999,22.490000,15.430206,49584300
2014-02-07,22.520000,22.719999,22.299999,22.670000,15.553706,54109200
2014-02-10,22.639999,22.879999,22.559999,22.830000,15.663479,45300500
2014-02-11,22.780001,22.879999,22.670000,22.709999,15.581148,45804800
2014-02-12,22.610001,22.920000,22.520000,22.850000,15.677201,69832400
2014-02-13,21.990000,22.270000,21.680000,22.270000,15.279269,153739400
2014-02-14,22.219999,22.770000,22.200001,22.559999,15.478234,64513500
2014-02-18,22.490000,22.540001,22.330000,22.410000,15.375317,31014400
2014-02-19,22.330000,22.559999,22.219999,22.280001,15.286124,29309100
2014-02-20,22.240000,22.400000,22.160000,22.299999,15.299848,26215000
2014-02-21,22.370001,22.450001,22.129999,22.129999,15.183213,31483000
2014-02-24,22.190001,22.340000,22.000000,22.120001,15.176353,41858000
2014-02-25,22.150000,22.219999,21.760000,21.840000,14.984251,45303600
2014-02-26,21.840000,22.020000,21.549999,21.930000,15.045994,43574600
2014-02-27,21.879999,22.049999,21.860001,21.920000,15.039133,25804000
2014-02-28,21.969999,22.110001,21.700001,21.799999,14.956807,40863200
2014-03-03,21.570000,21.820000,21.440001,21.570000,14.799002,37292900
2014-03-04,21.780001,21.889999,21.700001,21.820000,14.970527,35673900
2014-03-05,21.900000,22.049999,21.809999,21.870001,15.004834,28203400
2014-03-06,21.879999,21.980000,21.750000,21.820000,14.970527,23567000
2014-03-07,21.920000,21.940001,21.660000,21.730000,14.908776,33180000
2014-03-10,21.629999,21.820000,21.600000,21.690001,14.881334,26163300
2014-03-11,21.860001,21.930000,21.580000,21.610001,14.826447,34642200
2014-03-12,21.530001,21.920000,21.530001,21.820000,14.970527,31854300
2014-03-13,21.889999,21.920000,21.500000,21.520000,14.764695,42144400
2014-03-14,21.549999,21.650000,21.280001,21.350000,14.648059,38256700
2014-03-17,21.350000,21.620001,21.270000,21.510000,14.757836,33221900
2014-03-18,21.340000,21.709999,21.290001,21.629999,14.840167,45849600
2014-03-19,21.690001,21.799999,21.559999,21.629999,14.840167,32674300
2014-03-20,21.590000,22.000000,21.590000,21.830000,14.977388,34952800
2014-03-21,21.940001,22.100000,21.580000,21.639999,14.847030,97372900
2014-03-24,21.680000,21.790001,21.469999,21.570000,14.799002,32782100
2014-03-25,21.690001,22.360001,21.650000,22.340000,15.327297,53374300
2014-03-26,22.440001,22.690001,22.320000,22.320000,15.313572,67098900
2014-03-27,22.129999,22.389999,21.940001,22.020000,15.107738,52152300
2014-03-28,22.090000,22.540001,22.049999,22.330000,15.320434,49289400
2014-03-31,22.490000,22.639999,22.400000,22.420000,15.382181,32887800
2014-04-01,22.330000,23.309999,22.299999,23.100000,15.984182,80106400
2014-04-02,23.110001,23.129999,22.760000,22.990000,15.908068,38363700
2014-04-03,23.049999,23.299999,23.000000,23.090000,15.977261,30311200
2014-04-04,23.280001,23.350000,22.600000,22.709999,15.714316,49382300
2014-04-07,22.600000,23.070000,22.500000,22.850000,15.811200,55317100
2014-04-08,22.639999,22.969999,22.600000,22.940001,15.873469,37373900
2014-04-09,23.000000,23.320000,22.889999,23.120001,15.998020,37888600
2014-04-10,23.170000,23.260000,22.500000,22.650000,15.672810,53927000
2014-04-11,22.549999,22.990000,22.430000,22.459999,15.541327,47253900
2014-04-14,22.629999,22.940001,22.480000,22.850000,15.811200,35804300
2014-04-15,22.840000,23.000000,22.610001,22.889999,15.838876,29845400
2014-04-16,23.030001,23.150000,22.830000,23.030001,15.935740,31451900
2014-04-17,23.010000,23.290001,22.780001,23.209999,16.060299,47813400
2014-04-21,23.219999,23.590000,23.180000,23.400000,16.191774,38795200
2014-04-22,23.430000,23.610001,23.400000,23.520000,16.274803,28725000
2014-04-23,23.520000,23.570000,23.240000,23.500000,16.260967,29972800
2014-04-24,23.639999,23.639999,23.240000,23.330000,16.143335,33976700
2014-04-25,23.270000,23.320000,22.879999,23.000000,15.914993,25087300
2014-04-28,23.150000,23.240000,22.790001,23.020000,15.928826,36817100
2014-04-29,23.200001,23.209999,23.059999,23.160000,16.025700,14582400
2014-04-30,23.080000,23.139999,22.920000,23.110001,15.991104,23979300
2014-05-01,23.139999,23.150000,22.910000,23.010000,15.921906,17463700
2014-05-02,23.110001,23.120001,22.900000,22.940001,15.873469,18757000
2014-05-05,22.900000,23.000000,22.719999,22.959999,15.887314,17859200
2014-05-06,22.840000,22.889999,22.629999,22.719999,15.721240,21815200
2014-05-07,22.719999,22.900000,22.430000,22.870001,15.825042,38895200
2014-05-08,22.900000,23.170000,22.760000,23.020000,15.928826,32181400
2014-05-09,22.959999,23.110001,22.920000,23.020000,15.928826,22593900
2014-05-12,23.040001,23.340000,23.000000,23.190001,16.046459,40216100
2014-05-13,23.139999,23.209999,22.760000,22.860001,15.818111,57933100
2014-05-14,22.920000,23.049999,22.629999,22.809999,15.783510,59330100
2014-05-15,24.270000,24.690001,24.120001,24.180000,16.731501,120944500
2014-05-16,24.139999,24.450001,24.059999,24.370001,16.862967,40477000
2014-05-19,24.240000,24.450001,24.120001,24.350000,16.849127,39388900
2014-05-20,24.260000,24.389999,24.020000,24.120001,16.689983,56321600
2014-05-21,24.219999,24.650000,24.170000,24.480000,16.939079,65262600
2014-05-22,24.420000,24.540001,24.290001,24.379999,16.869888,26751000
2014-05-23,24.379999,24.570000,24.350000,24.520000,16.966761,27778000
2014-05-27,24.740000,24.879999,24.629999,24.709999,17.098234,32365700
2014-05-28,24.629999,24.930000,24.629999,24.820000,17.174345,28650600
2014-05-29,24.850000,24.920000,24.559999,24.680000,17.077475,21642000
2014-05-30,24.709999,24.750000,24.480000,24.620001,17.035961,29368700
2014-06-02,24.639999,24.799999,24.559999,24.780001,17.146669,20393300
2014-06-03,24.750000,24.820000,24.450001,24.680000,17.077475,23339100
2014-06-04,24.610001,24.650000,24.400000,24.500000,16.952911,20635100
2014-06-05,24.620001,24.740000,24.410000,24.700001,17.091311,23320300
2014-06-06,24.730000,24.950001,24.709999,24.830000,17.181269,22485100
2014-06-09,24.790001,24.950001,24.719999,24.799999,17.160509,18818400
2014-06-10,24.730000,25.100000,24.600000,25.000000,17.298895,36582000
2014-06-11,24.850000,25.170000,24.790001,25.040001,17.326584,36170300
2014-06-12,24.950001,25.010000,24.620001,24.660000,17.063641,26900400
2014-06-13,24.670000,24.780001,24.600000,24.700001,17.091311,20947600
2014-06-16,24.520000,24.730000,24.450001,24.530001,16.973680,19251300
2014-06-17,24.490000,24.620001,24.410000,24.500000,16.952911,17972800
2014-06-18,24.700001,24.750000,24.459999,24.629999,17.042879,24723700
2014-06-19,24.620001,24.709999,24.450001,24.709999,17.098234,20646800
2014-06-20,24.629999,24.900000,24.610001,24.830000,17.181269,39707300
2014-06-23,24.809999,24.900000,24.650000,24.700001,17.091311,18751100
2014-06-24,24.620001,24.740000,24.520000,24.530001,16.973680,24302000
2014-06-25,24.549999,24.780001,24.410000,24.719999,17.105152,22579500
2014-06-26,24.660000,24.809999,24.480000,24.650000,17.056721,19134400
2014-06-27,24.600000,24.780001,24.480000,24.700001,17.091311,34999300
2014-06-30,24.670000,24.900000,24.620001,24.850000,17.195107,23992100
2014-07-01,24.990000,25.110001,24.770000,25.080000,17.354256,34613200
2014-07-02,24.969999,25.139999,24.870001,25.030001,17.451868,30197200
2014-07-03,25.150000,25.250000,25.129999,25.190001,17.563427,19598800
2014-07-07,25.000000,25.250000,24.969999,25.230000,17.591318,21293500
2014-07-08,25.209999,25.309999,25.059999,25.070000,17.479759,34622900
2014-07-09,25.219999,25.500000,25.139999,25.440001,17.737738,35610300
2014-07-10,25.250000,25.520000,25.219999,25.440001,17.737738,27278600
2014-07-11,25.520000,25.650000,25.440001,25.520000,17.793514,20945900
2014-07-14,25.610001,25.650000,25.400000,25.440001,17.737738,19243600
2014-07-15,25.379999,25.680000,25.360001,25.670000,17.898102,29468800
2014-07-16,25.730000,26.049999,25.730000,25.980000,18.114250,40458600
2014-07-17,25.840000,26.000000,25.580000,25.629999,17.870211,29568000
2014-07-18,25.700001,25.959999,25.670000,25.910000,18.065439,25465300
2014-07-21,25.889999,25.950001,25.719999,25.850000,18.023607,20825400
2014-07-22,25.950001,26.080000,25.910000,25.950001,18.093336,28734800
2014-07-23,25.719999,25.790001,25.549999,25.680000,17.905081,28759200
2014-07-24,25.780001,25.900000,25.680000,25.830000,18.009665,21876300
2014-07-25,25.799999,26.020000,25.680000,25.969999,18.107269,28640100
2014-07-28,25.730000,26.000000,25.570000,25.920000,18.072412,27686400
2014-07-29,25.879999,26.010000,25.690001,25.709999,17.925991,22441500
2014-07-30,25.830000,25.840000,25.469999,25.629999,17.870211,26119900
2014-07-31,25.480000,25.500000,25.170000,25.230000,17.591318,28219900
2014-08-01,25.139999,25.209999,24.799999,25.000000,17.430948,28609200
2014-08-04,24.940001,25.219999,24.860001,25.170000,17.549482,17252200
2014-08-05,25.020000,25.120001,24.870001,24.969999,17.410038,21176500
2014-08-06,24.930000,25.209999,24.850000,24.930000,17.382151,20990600
2014-08-07,25.010000,25.110001,24.690001,24.860001,17.333342,24123500
2014-08-08,24.870001,25.059999,24.740000,25.030001,17.451868,21648600
2014-08-11,25.090000,25.370001,25.010000,25.230000,17.591318,25946200
2014-08-12,25.209999,25.270000,25.000000,25.150000,17.535542,21928200
2014-08-13,25.170000,25.270000,24.930000,25.200001,17.570396,43708600
2014-08-14,24.940001,24.940001,24.320000,24.540001,17.110220,63790200
2014-08-15,24.660000,24.660000,24.270000,24.430000,17.033524,33624000
2014-08-18,24.490000,24.660000,24.430000,24.629999,17.172979,27666900
2014-08-19,24.629999,24.690001,24.600000,24.639999,17.179943,20347000
2014-08-20,24.549999,24.750000,24.520000,24.709999,17.228748,20228900
2014-08-21,24.750000,24.910000,24.719999,24.889999,17.354256,20880800
2014-08-22,24.870001,24.969999,24.639999,24.650000,17.186922,22453700
2014-08-25,24.700001,24.840000,24.690001,24.700001,17.221785,19355800
2014-08-26,24.700001,24.930000,24.670000,24.809999,17.298475,17053400
2014-08-27,24.790001,24.860001,24.709999,24.799999,17.291502,15748800
2014-08-28,24.700001,24.900000,24.639999,24.850000,17.326366,15506400
2014-08-29,24.900000,24.990000,24.760000,24.990000,17.423975,17972300
2014-09-02,24.940001,25.000000,24.750000,24.879999,17.347284,19836000
2014-09-03,24.940001,25.129999,24.920000,25.040001,17.458843,22043200
2014-09-04,25.080000,25.139999,24.830000,24.910000,17.368196,20268900
2014-09-05,24.860001,25.070000,24.860001,25.000000,17.430948,19865200
2014-09-08,24.930000,25.090000,24.809999,24.950001,17.396097,14188500
2014-09-09,24.879999,24.969999,24.600000,24.860001,17.333342,19075800
2014-09-10,24.840000,25.000000,24.840000,24.930000,17.382151,15738500
2014-09-11,24.920000,25.200001,24.850000,25.180000,17.556456,22105400
2014-09-12,25.160000,25.260000,25.070000,25.160000,17.542515,33197300
2014-09-15,24.950001,25.090000,24.870001,25.059999,17.472786,33411400
2014-09-16,25.000000,25.420000,24.980000,25.219999,17.584341,31902300
2014-09-17,25.139999,25.309999,25.070000,25.209999,17.577368,25703300
2014-09-18,25.170000,25.270000,25.150000,25.219999,17.584341,15939900
2014-09-19,25.209999,25.299999,25.010000,25.200001,17.570396,47343700
2014-09-22,25.190001,25.190001,24.860001,24.969999,17.410038,21346700
2014-09-23,24.870001,25.030001,24.670000,24.700001,17.221785,20747900
2014-09-24,24.730000,25.040001,24.629999,24.980000,17.417002,19700400
2014-09-25,24.959999,24.959999,24.500000,24.540001,17.110220,27242000
2014-09-26,24.500000,25.090000,24.459999,25.000000,17.430948,29863700
2014-09-29,24.730000,25.200001,24.730000,25.120001,17.514616,28707700
2014-09-30,24.900000,25.250000,24.850000,25.170000,17.683235,36919300
2014-10-01,25.200001,25.250000,24.940001,25.030001,17.584883,44916200
2014-10-02,25.049999,25.110001,24.750000,25.059999,17.605951,28334000
2014-10-03,25.209999,25.370001,25.040001,25.309999,17.781593,29038300
2014-10-06,25.350000,25.420000,24.959999,25.010000,17.570824,23952600
2014-10-07,25.010000,25.250000,24.590000,24.639999,17.310879,29309600
2014-10-08,24.570000,24.680000,24.180000,24.660000,17.324932,40348300
2014-10-09,24.510000,24.639999,24.180000,24.190001,16.994736,29341200
2014-10-10,23.910000,24.010000,23.340000,23.340000,16.397566,48313600
2014-10-13,23.240000,23.450001,22.930000,22.930000,16.109516,33227700
2014-10-14,23.059999,23.350000,22.959999,23.059999,16.200848,29317500
2014-10-15,22.790001,23.150000,22.490000,22.959999,16.130592,40079600
2014-10-16,22.650000,23.080000,22.559999,22.820000,16.032240,30929300
2014-10-17,22.980000,23.330000,22.920000,23.250000,16.334332,28485000
2014-10-20,22.900000,23.080000,22.690001,22.930000,16.109516,34386900
2014-10-21,23.100000,23.600000,22.959999,23.510000,16.516993,33712700
2014-10-22,23.670000,23.680000,23.240000,23.260000,16.341360,25172900
2014-10-23,23.610001,23.760000,23.420000,23.570000,16.559145,21669900
2014-10-24,23.600000,23.799999,23.459999,23.780001,16.706680,19942900
2014-10-27,23.620001,23.809999,23.600000,23.760000,16.692635,16862700
2014-10-28,23.820000,24.070000,23.820000,24.070000,16.910419,17798600
2014-10-29,24.010000,24.299999,23.920000,24.100000,16.931499,18885500
2014-10-30,24.000000,24.150000,23.879999,24.080000,16.917450,32212000
2014-10-31,24.590000,24.639999,24.180000,24.469999,17.191452,30379100
2014-11-03,24.450001,24.590000,24.450001,24.580000,17.268726,16383400
2014-11-04,24.600000,24.910000,24.580000,24.879999,17.479492,24620900
2014-11-05,24.969999,25.170000,24.840000,25.150000,17.669189,21979600
2014-11-06,25.100000,25.280001,25.020000,25.260000,17.746464,18373700
2014-11-07,25.299999,25.400000,25.160000,25.330000,17.795645,34001900
2014-11-10,25.040001,25.230000,24.879999,25.150000,17.669189,32152700
2014-11-11,25.200001,25.209999,25.020000,25.150000,17.669189,19801700
2014-11-12,24.910000,25.190001,24.879999,25.110001,17.641085,42258800
2014-11-13,24.930000,25.889999,24.879999,25.680000,18.041538,57138800
2014-11-14,25.760000,26.340000,25.650000,26.320000,18.491171,48667000
2014-11-17,26.110001,26.549999,26.000000,26.469999,18.596552,33224000
2014-11-18,26.500000,26.740000,26.400000,26.600000,18.687880,27223100
2014-11-19,26.580000,26.620001,26.299999,26.590000,18.680861,19882500
2014-11-20,26.490000,26.840000,26.350000,26.809999,18.835423,23440100
2014-11-21,26.950001,27.049999,26.670000,26.879999,18.884600,31912100
2014-11-24,26.879999,27.120001,26.879999,27.030001,18.989985,26994800
2014-11-25,27.030001,27.299999,27.030001,27.280001,19.165621,28110100
2014-11-26,27.299999,27.459999,27.139999,27.430000,19.271006,19466000
2014-11-28,27.520000,27.780001,27.360001,27.639999,19.418545,18138900
2014-12-01,27.500000,27.610001,27.330000,27.590000,19.383410,19670200
2014-12-02,27.600000,27.959999,27.600000,27.820000,19.545000,28247400
2014-12-03,27.709999,27.990000,27.510000,27.950001,19.636332,27858600
2014-12-04,27.920000,27.990000,27.580000,27.770000,19.509869,23797800
2014-12-05,27.790001,27.850000,27.400000,27.500000,19.320187,26722300
2014-12-08,27.420000,27.530001,27.150000,27.230000,19.130489,24275900
2014-12-09,26.950001,27.480000,26.830000,27.420000,19.263979,25885900
2014-12-10,27.260000,27.360001,26.790001,26.870001,18.877573,31773400
2014-12-11,26.969999,27.360001,26.940001,26.990000,18.961882,22902400
2014-12-12,26.709999,27.150000,26.700001,26.860001,18.870548,27032000
2014-12-15,26.889999,27.170000,26.480000,26.680000,18.744089,27503200
2014-12-16,26.500000,27.170000,26.150000,26.590000,18.680861,36622000
2014-12-17,26.620001,26.900000,26.469999,26.809999,18.835423,36617700
2014-12-18,27.040001,27.660000,27.040001,27.650000,19.425560,34927700
2014-12-19,27.650000,27.850000,27.549999,27.770000,19.509869,59644100
2014-12-22,27.799999,28.290001,27.750000,28.219999,19.826014,28858600
2014-12-23,28.219999,28.500000,28.190001,28.250000,19.847094,23538600
2014-12-24,28.290001,28.590000,28.290001,28.299999,19.882225,11411200
2014-12-26,28.500000,28.500000,28.280001,28.350000,19.917351,9739600
2014-12-29,28.350000,28.570000,28.320000,28.459999,19.994631,13445600
2014-12-30,28.440001,28.480000,28.309999,28.360001,19.924370,15487700
2014-12-31,28.280001,28.410000,27.809999,27.820000,19.545000,21478700
2015-01-02,27.860001,28.120001,27.379999,27.610001,19.530849,22926500
2015-01-05,27.320000,27.450001,27.000000,27.059999,19.141783,29460600
2015-01-06,27.139999,27.680000,27.040001,27.049999,19.134718,47297600
2015-01-07,27.139999,27.400000,26.980000,27.299999,19.311565,27570800
2015-01-08,27.540001,28.090000,27.469999,27.510000,19.460112,40907000
2015-01-09,27.670000,28.070000,27.450001,27.790001,19.658176,33619600
2015-01-12,28.000000,28.200001,27.820000,28.049999,19.842098,38648400
2015-01-13,28.209999,28.700001,27.900000,28.100000,19.877466,36074200
2015-01-14,27.840000,28.049999,27.639999,27.920000,19.750139,29494400
2015-01-15,28.090000,28.200001,27.350000,27.410000,19.389370,29521100
2015-01-16,27.360001,27.770000,27.209999,27.680000,19.580366,26655100
2015-01-20,27.760000,28.270000,27.660000,28.070000,19.856249,33684200
2015-01-21,28.059999,28.190001,27.700001,27.840000,19.693552,29298500
2015-01-22,27.549999,28.510000,27.219999,28.500000,20.160419,49494700
2015-01-23,28.360001,28.500000,28.139999,28.209999,19.955275,21802500
2015-01-26,28.219999,28.230000,27.700001,27.969999,19.785515,18370100
2015-01-27,27.520000,27.590000,26.660000,26.900000,19.028608,46110500
2015-01-28,27.389999,27.600000,26.799999,26.809999,18.964941,32381700
2015-01-29,26.740000,27.309999,26.639999,27.219999,19.254967,28095400
2015-01-30,26.879999,27.110001,26.320000,26.370001,18.653692,38419100
2015-02-02,26.389999,26.870001,25.920000,26.830000,18.979092,29417000
2015-02-03,26.900000,27.120001,26.690001,27.120001,19.184227,28044300
2015-02-04,27.059999,27.219999,26.610001,26.690001,18.880053,27696300
2015-02-05,26.750000,27.299999,26.580000,27.260000,19.283270,20548400
2015-02-06,27.370001,27.660000,27.139999,27.240000,19.269123,25482400
2015-02-09,27.209999,27.410000,27.059999,27.120001,19.184227,23681000
2015-02-10,27.160000,27.540001,27.150000,27.490000,19.445967,22250300
2015-02-11,27.650000,27.650000,26.900000,26.930000,19.049833,46213500
2015-02-12,28.990000,29.580000,28.840000,29.459999,20.839506,117439100
2015-02-13,29.379999,29.500000,29.110001,29.430000,20.818287,50656700
2015-02-17,29.260000,29.350000,29.030001,29.309999,20.733402,34217200
2015-02-18,29.190001,29.549999,29.120001,29.490000,20.860723,24503700
2015-02-19,29.309999,29.389999,29.129999,29.309999,20.733402,21477800
2015-02-20,29.350000,29.660000,29.160000,29.610001,20.945616,25985600
2015-02-23,29.629999,29.650000,29.420000,29.629999,20.959757,24026800
2015-02-24,29.559999,29.709999,29.430000,29.629999,20.959757,18479500
2015-02-25,29.440001,29.570000,29.320000,29.490000,20.860723,17368100
2015-02-26,29.520000,29.990000,29.520000,29.910000,21.157831,28305200
2015-02-27,29.889999,29.910000,29.379999,29.510000,20.874876,29135500
2015-03-02,29.360001,30.309999,29.340000,30.190001,21.355896,35981900
2015-03-03,30.100000,30.120001,29.469999,29.540001,20.896097,32990300
2015-03-04,29.350000,29.520000,29.110001,29.330000,20.747549,32866900
2015-03-05,29.469999,29.490000,29.120001,29.299999,20.726324,17985000
2015-03-06,29.110001,29.270000,28.799999,28.930000,20.464600,27035000
2015-03-09,28.900000,29.450001,28.760000,29.360001,20.768766,23007700
2015-03-10,29.150000,29.170000,28.660000,28.660000,20.273596,26542300
2015-03-11,28.680000,28.760000,28.209999,28.260000,19.990654,25160200
2015-03-12,28.049999,28.540001,28.049999,28.240000,19.976500,22978700
2015-03-13,28.020000,28.260000,27.570000,27.940001,19.764290,36511000
2015-03-16,28.100000,28.379999,28.040001,28.299999,20.018942,25358900
2015-03-17,28.190001,28.280001,27.950001,28.150000,19.912836,21895700
2015-03-18,27.879999,28.340000,27.719999,28.150000,19.912836,34910900
2015-03-19,28.100000,28.540001,28.030001,28.260000,19.990654,27980400
2015-03-20,28.450001,28.620001,28.320000,28.440001,20.117979,37628700
2015-03-23,28.440001,28.690001,28.360001,28.410000,20.096756,23478600
2015-03-24,28.290001,28.570000,27.990000,28.000000,19.806732,23263600
2015-03-25,27.920000,28.090000,27.459999,27.459999,19.424740,27158700
2015-03-26,27.190001,27.309999,26.620001,27.090000,19.163006,48928100
2015-03-27,27.070000,27.209999,26.940001,27.129999,19.191303,20464500
2015-03-30,27.219999,27.750000,27.219999,27.650000,19.559139,29056300
2015-03-31,27.340000,27.690001,27.280001,27.530001,19.623302,29258300
2015-04-01,27.309999,27.639999,27.100000,27.250000,19.423714,22420500
2015-04-02,27.219999,27.500000,27.129999,27.129999,19.338173,19527200
2015-04-06,26.959999,27.320000,26.840000,27.219999,19.402330,20004000
2015-04-07,27.200001,27.559999,27.129999,27.389999,19.523504,16861800
2015-04-08,27.370001,27.660000,27.370001,27.549999,19.637554,19076400
2015-04-09,27.590000,27.740000,27.420000,27.629999,19.694574,16684500
2015-04-10,27.580000,28.080000,27.559999,28.040001,19.986824,24634600
2015-04-13,27.990000,28.280001,27.940001,27.980000,19.944054,22769600
2015-04-14,28.000000,28.059999,27.680000,27.809999,19.822876,19296300
2015-04-15,28.100000,28.420000,27.969999,28.250000,20.136509,31160900
2015-04-16,28.190001,28.639999,28.100000,28.600000,20.385990,29863500
2015-04-17,28.260000,28.400000,27.900000,27.920000,19.901285,36904700
2015-04-20,28.160000,28.629999,28.160000,28.480000,20.300461,21921800
2015-04-21,28.719999,28.920000,28.660000,28.690001,20.450150,23956900
2015-04-22,28.670000,28.790001,28.420000,28.620001,20.400248,19111700
2015-04-23,28.400000,28.820000,28.200001,28.680000,20.443012,22230100
2015-04-24,29.190001,29.280001,28.670000,28.820000,20.542805,27145600
2015-04-27,28.879999,29.030001,28.709999,28.889999,20.592697,22952000
2015-04-28,28.799999,29.330000,28.760000,29.320000,20.899206,24315300
2015-04-29,29.059999,29.250000,28.900000,29.049999,20.706739,22463700
2015-04-30,28.850000,29.020000,28.680000,28.830000,20.549934,26514500
2015-05-01,28.809999,29.200001,28.780001,29.129999,20.763769,18936000
2015-05-04,29.080000,29.360001,29.070000,29.170000,20.792284,16484100
2015-05-05,29.170000,29.209999,28.840000,28.889999,20.592697,22463800
2015-05-06,28.900000,29.080000,28.690001,28.969999,20.649725,23572000
2015-05-07,28.990000,29.120001,28.740000,28.809999,20.535677,22643800
2015-05-08,28.990000,29.370001,28.990000,29.230000,20.835051,22572400
2015-05-11,29.500000,29.790001,29.200001,29.209999,20.820789,27045200
2015-05-12,29.070000,29.440001,28.799999,29.230000,20.835051,31761000
2015-05-13,29.139999,29.469999,29.129999,29.350000,20.920588,38264000
2015-05-14,29.290001,29.660000,28.969999,29.049999,20.706739,56696300
2015-05-15,29.240000,29.820000,29.160000,29.549999,21.063143,37677300
2015-05-18,29.420000,29.900000,29.420000,29.760000,21.212833,23953000
2015-05-19,29.870001,29.900000,29.629999,29.740000,21.198584,18926300
2015-05-20,29.799999,29.850000,29.530001,29.620001,21.113041,19410900
2015-05-21,29.610001,29.770000,29.430000,29.430000,20.977613,20806900
2015-05-22,29.389999,29.450001,29.260000,29.260000,20.856430,20079700
2015-05-26,29.190001,29.250000,28.750000,28.950001,20.635466,25877100
2015-05-27,29.059999,29.480000,29.020000,29.309999,20.892075,23959900
2015-05-28,29.340000,29.559999,29.160000,29.350000,20.920588,18219600
2015-05-29,29.320000,29.590000,29.190001,29.309999,20.892075,26018100
2015-06-01,29.600000,29.620001,29.049999,29.180000,20.799408,23799400
2015-06-02,29.090000,29.270000,28.950001,29.080000,20.728132,15995600
2015-06-03,29.209999,29.299999,29.049999,29.090000,20.735262,20536900
2015-06-04,28.900000,29.100000,28.540001,28.610001,20.393118,26774500
2015-06-05,28.549999,28.709999,28.490000,28.580000,20.371729,25357900
2015-06-08,28.670000,28.700001,28.230000,28.280001,20.157894,19011700
2015-06-09,28.270000,28.420000,28.010000,28.240000,20.129381,15527500
2015-06-10,28.469999,28.910000,28.270000,28.660000,20.428757,26223300
2015-06-11,28.750000,29.219999,28.750000,28.860001,20.571318,24387100
2015-06-12,28.660000,28.670000,28.309999,28.540001,20.343222,21919500
2015-06-15,28.230000,28.520000,28.110001,28.480000,20.300461,25722100
2015-06-16,28.350000,28.790001,28.280001,28.709999,20.464399,16920300
2015-06-17,28.840000,29.040001,28.660000,28.930000,20.621208,20959000
2015-06-18,28.850000,29.350000,28.820000,29.209999,20.820789,24156100
2015-06-19,29.240000,29.320000,28.940001,29.030001,20.692492,31970100
2015-06-22,29.100000,29.219999,28.820000,28.940001,20.628344,20160000
2015-06-23,29.000000,29.040001,28.620001,28.790001,20.521420,21041300
2015-06-24,28.790001,28.850000,28.490000,28.510000,20.321840,20978800
2015-06-25,28.559999,28.650000,28.379999,28.400000,20.243427,14606100
2015-06-26,28.490000,28.490000,28.010000,28.280001,20.157894,28087800
2015-06-29,27.990000,28.110001,27.500000,27.540001,19.630424,31838300
2015-06-30,27.830000,27.830000,27.330000,27.459999,19.573400,31236800
2015-07-01,27.420000,27.500000,27.070000,27.350000,19.645233,24461300
2015-07-02,27.370001,27.570000,27.290001,27.330000,19.630863,15635500
2015-07-06,27.000000,27.260000,26.889999,27.219999,19.551849,22858200
2015-07-07,27.219999,27.450001,26.889999,27.360001,19.652409,25436700
2015-07-08,27.080000,27.160000,26.840000,26.990000,19.386648,27863400
2015-07-09,27.379999,27.450001,26.900000,26.910000,19.329180,20129700
2015-07-10,27.270000,27.360001,27.040001,27.280001,19.594948,16079300
2015-07-13,27.490000,27.799999,27.420000,27.790001,19.961275,20623100
2015-07-14,27.870001,28.040001,27.700001,28.030001,20.133669,20932800
2015-07-15,27.860001,28.240000,27.809999,28.110001,20.191128,23378400
2015-07-16,28.240000,28.420000,28.209999,28.320000,20.341967,21058100
2015-07-17,28.270000,28.309999,27.969999,28.180000,20.241407,24248900
2015-07-20,28.129999,28.160000,27.879999,28.030001,20.133669,19477000
2015-07-21,27.959999,28.250000,27.790001,27.840000,19.997196,23874000
2015-07-22,27.830000,28.059999,27.440001,27.530001,19.774523,26889200
2015-07-23,27.700001,28.250000,27.580000,28.010000,20.119299,34103200
2015-07-24,28.450001,28.770000,28.379999,28.400000,20.399435,39471700
2015-07-27,28.309999,28.559999,28.190001,28.209999,20.262960,30914400
2015-07-28,28.340000,28.350000,27.850000,28.209999,20.262960,23573200
2015-07-29,28.200001,28.520000,28.020000,28.400000,20.399435,21419900
2015-07-30,28.219999,28.459999,28.200001,28.299999,20.327610,17458100
2015-07-31,28.389999,28.559999,28.160000,28.420000,20.413799,20376000
2015-08-03,28.410000,28.590000,28.110001,28.360001,20.370703,17450900
2015-08-04,28.219999,28.459999,27.889999,28.030001,20.133669,18578100
2015-08-05,28.110001,28.600000,28.100000,28.270000,20.306055,19236200
2015-08-06,28.370001,28.670000,28.000000,28.209999,20.262960,20143800
2015-08-07,28.170000,28.230000,27.900000,28.150000,20.219862,16039400
2015-08-10,28.480000,28.700001,28.270000,28.590000,20.535910,23740000
2015-08-11,28.240000,28.389999,27.850000,28.020000,20.126482,25391900
2015-08-12,27.799999,28.100000,27.410000,27.900000,20.040285,41085000
2015-08-13,28.780001,29.209999,28.690001,28.700001,20.614916,61154000
2015-08-14,28.780001,29.049999,28.750000,29.030001,20.851955,24890800
2015-08-17,28.650000,28.969999,28.510000,28.830000,20.708298,21264000
2015-08-18,28.709999,28.719999,28.180000,28.250000,20.291689,32210400
2015-08-19,28.100000,28.240000,27.719999,27.799999,19.968462,30023900
2015-08-20,27.559999,27.750000,27.040001,27.040001,19.422558,37889400
2015-08-21,26.879999,27.340000,26.469999,26.469999,19.013134,48502400
2015-08-24,24.889999,26.080000,23.030001,25.190001,18.093725,61667000
2015-08-25,25.940001,25.990000,24.600000,24.620001,17.684299,40610100
2015-08-26,25.280001,25.740000,24.709999,25.680000,18.445686,54783200
2015-08-27,26.000000,26.190001,25.610001,26.170000,18.797647,36504700
2015-08-28,25.910000,26.049999,25.820000,26.000000,18.675543,26918900
2015-08-31,25.940001,26.110001,25.740000,25.879999,18.589352,32388300
2015-09-01,25.219999,25.620001,25.010000,25.120001,18.043442,32705400
2015-09-02,25.590000,25.660000,25.080000,25.650000,18.424131,27925300
2015-09-03,25.879999,26.150000,25.730000,25.900000,18.603706,27958400
2015-09-04,25.420000,25.650000,25.350000,25.520000,18.330759,26903500
2015-09-08,25.980000,26.330000,25.910000,26.299999,18.891024,20932900
2015-09-09,26.500000,26.730000,25.879999,25.940001,18.632446,25032300
2015-09-10,25.900000,26.490000,25.850000,26.260000,18.862295,26424600
2015-09-11,26.000000,26.180000,25.809999,26.020000,18.689907,21529100
2015-09-14,26.150000,26.170000,25.660000,25.700001,18.460052,18636000
2015-09-15,25.559999,26.080000,25.559999,25.980000,18.661173,20479400
2015-09-16,26.070000,26.100000,25.850000,26.070000,18.725819,21245300
2015-09-17,25.959999,26.280001,25.809999,25.879999,18.589352,25409600
2015-09-18,25.570000,25.740000,25.250000,25.540001,18.345131,40020100
2015-09-21,25.450001,25.820000,25.350000,25.540001,18.345131,21945600
2015-09-22,25.059999,25.209999,24.969999,25.139999,18.057808,21305200
2015-09-23,25.219999,25.309999,25.010000,25.280001,18.158369,18804200
2015-09-24,25.090000,25.500000,24.920000,25.410000,18.251743,35598000
2015-09-25,25.809999,26.299999,25.799999,26.030001,18.697090,37618300
2015-09-28,25.830000,26.020000,25.590000,25.660000,18.431320,27211200
2015-09-29,25.639999,25.930000,25.559999,25.639999,18.416954,27095600
2015-09-30,26.000000,26.379999,25.879999,26.250000,18.855116,32093700
2015-10-01,26.049999,26.160000,25.549999,25.730000,18.630642,26933200
2015-10-02,25.400000,25.790001,25.340000,25.760000,18.652365,34910700
2015-10-05,26.040001,26.980000,25.969999,26.850000,19.441620,30217900
2015-10-06,27.030001,27.469999,26.980000,27.230000,19.716768,33758200
2015-10-07,27.520000,27.950001,27.000000,27.540001,19.941236,29749700
2015-10-08,27.510000,28.020000,27.430000,27.910000,20.209148,22500200
2015-10-09,28.010000,28.150000,27.820000,27.910000,20.209148,22125800
2015-10-12,27.930000,28.100000,27.760000,27.959999,20.245356,14486000
2015-10-13,27.750000,27.950001,27.740000,27.850000,20.165705,15107200
2015-10-14,27.750000,27.900000,27.590000,27.820000,20.143980,20144000
2015-10-15,28.100000,28.190001,27.870001,28.150000,20.382925,18996900
2015-10-16,28.340000,28.350000,28.000000,28.250000,20.455332,19948300
2015-10-19,28.120001,28.290001,27.940001,28.250000,20.455332,20778100
2015-10-20,28.200001,28.520000,28.150000,28.500000,20.636349,20335800
2015-10-21,28.600000,28.820000,28.219999,28.280001,20.477058,19008900
2015-10-22,28.559999,29.209999,28.500000,29.010000,21.005638,32162500
2015-10-23,29.020000,29.379999,28.930000,29.350000,21.251825,26076900
2015-10-26,29.320000,29.490000,28.879999,28.950001,20.962189,20354800
2015-10-27,28.719999,29.059999,28.580000,29.049999,21.034594,19480600
2015-10-28,29.290001,29.450001,29.040001,29.360001,21.259062,23741400
2015-10-29,29.150000,29.209999,28.930000,29.139999,21.099770,16717800
2015-10-30,29.000000,29.250000,28.850000,28.850000,20.889786,22334100
2015-11-02,28.870001,28.870001,28.510000,28.770000,20.831860,28912600
2015-11-03,28.610001,28.709999,28.490000,28.610001,20.716007,30555300
2015-11-04,28.790001,28.820000,28.370001,28.469999,20.614632,28591800
2015-11-05,28.500000,28.610001,28.290001,28.430000,20.585669,21988600
2015-11-06,28.309999,28.549999,28.160000,28.450001,20.600145,26107600
2015-11-09,28.350000,28.490000,28.000000,28.180000,20.404648,25865900
2015-11-10,28.180000,28.219999,27.900000,27.980000,20.259827,26701800
2015-11-11,28.100000,28.100000,27.750000,27.820000,20.143980,32599300
2015-11-12,27.740000,28.070000,27.719999,27.830000,20.151220,38135900
2015-11-13,26.290001,26.680000,25.820000,26.209999,18.978203,94556200
2015-11-16,26.070000,27.000000,26.059999,26.790001,19.398174,44949600
2015-11-17,26.799999,27.270000,26.680000,26.809999,19.412655,30490200
2015-11-18,27.000000,27.160000,26.730000,27.120001,19.637129,27015700
2015-11-19,27.100000,27.650000,27.049999,27.370001,19.818136,27417400
2015-11-20,27.590000,27.780001,27.459999,27.570000,19.962957,26502800
2015-11-23,27.650000,27.840000,27.340000,27.430000,19.861589,24684600
2015-11-24,27.250000,27.440001,27.000000,27.270000,19.745729,32859200
2015-11-25,27.320000,27.389999,27.000000,27.240000,19.724012,22472500
2015-11-27,27.250000,27.480000,27.240000,27.320000,19.781940,9532300
2015-11-30,27.340000,27.480000,27.200001,27.250000,19.731253,30736700
2015-12-01,27.200001,27.650000,27.200001,27.570000,19.962957,31406300
2015-12-02,27.490000,27.900000,27.370001,27.440001,19.868824,29178200
2015-12-03,27.629999,27.690001,26.820000,26.950001,19.514025,25783800
2015-12-04,26.950001,27.549999,26.950001,27.480000,19.897785,28143700
2015-12-07,27.559999,27.559999,27.260000,27.490000,19.905031,15350200
2015-12-08,27.170000,27.290001,27.020000,27.150000,19.658842,18635700
2015-12-09,26.959999,27.350000,26.660000,26.730000,19.354725,24127400
2015-12-10,26.740000,27.040001,26.660000,26.770000,19.383690,23382400
2015-12-11,26.490000,26.490000,26.129999,26.160000,18.942003,34295700
2015-12-14,26.299999,26.520000,25.959999,26.490000,19.180948,32642100
2015-12-15,26.719999,27.110001,26.610001,26.850000,19.441620,30393700
2015-12-16,27.000000,27.290001,26.680000,27.240000,19.724012,22731500
2015-12-17,27.290001,27.309999,26.700001,26.719999,19.347485,24812200
2015-12-18,26.600000,26.820000,26.260000,26.270000,19.021650,36732700
2015-12-21,26.580000,26.650000,26.410000,26.639999,19.289562,20242900
2015-12-22,26.850000,26.900000,26.559999,26.889999,19.470585,18966300
2015-12-23,27.040001,27.410000,27.000000,27.400000,19.839867,18803700
2015-12-24,27.410000,27.549999,27.370001,27.379999,19.825384,8166300
2015-12-28,27.299999,27.370001,27.129999,27.309999,19.774696,14204900
2015-12-29,27.440001,27.820000,27.400000,27.770000,20.107777,16319600
2015-12-30,27.660000,27.770000,27.520000,27.530001,19.933998,10620300
2015-12-31,27.379999,27.450001,27.139999,27.160000,19.666094,17041500
2016-01-04,26.389999,26.420000,25.879999,26.410000,19.272028,35827100
2016-01-05,26.540001,26.660000,26.180000,26.290001,19.184464,22024900
2016-01-06,26.080000,26.139999,25.820000,26.010000,18.980145,30799800
2016-01-07,25.490000,25.740000,25.120001,25.410000,18.542309,43235400
2016-01-08,25.549999,25.629999,24.719999,24.780001,18.082582,28609700
2016-01-11,24.930000,25.350000,24.930000,25.270000,18.440149,32346900
2016-01-12,25.510000,25.570000,25.030001,25.350000,18.498522,30122400
2016-01-13,25.420000,25.520000,24.570000,24.600000,17.951233,33431600
2016-01-14,24.690001,24.900000,24.459999,24.660000,17.995016,42902400
2016-01-15,23.930000,24.430000,23.570000,23.620001,17.236105,64092800
2016-01-19,23.799999,24.030001,23.590000,23.850000,17.403936,52533500
2016-01-20,23.400000,23.510000,22.469999,22.900000,16.710701,83632400
2016-01-21,23.090000,23.450001,22.870001,22.900000,16.710701,46267900
2016-01-22,23.600000,23.639999,22.990000,23.370001,17.053667,55049000
2016-01-25,23.379999,23.520000,23.139999,23.170000,16.907726,64066100
2016-01-26,23.240000,23.850000,23.240000,23.719999,17.309074,25162200
2016-01-27,23.690001,23.900000,23.299999,23.430000,17.097454,24654000
2016-01-28,23.730000,23.790001,22.980000,23.110001,16.863939,31833500
2016-01-29,23.400000,23.799999,23.200001,23.790001,17.360153,39692600
2016-02-01,23.459999,23.570000,23.230000,23.480000,17.133938,24006400
2016-02-02,23.230000,23.250000,22.730000,22.830000,16.659615,36203700
2016-02-03,23.090000,23.180000,22.580000,23.100000,16.856646,32231400
2016-02-04,23.170000,23.570000,22.930000,23.540001,17.177723,29280500
2016-02-05,23.510000,23.660000,22.809999,22.889999,16.703400,32641000
2016-02-08,22.629999,23.020000,22.480000,22.930000,16.732592,38842100
2016-02-09,22.600000,22.860001,22.530001,22.650000,16.528273,30767200
2016-02-10,23.129999,23.129999,22.459999,22.510000,16.426109,36896100
2016-02-11,24.090000,24.969999,24.090000,24.680000,18.009615,92696000
2016-02-12,24.889999,25.360001,24.520000,25.110001,18.323391,49753600
2016-02-16,25.270000,25.980000,25.190001,25.840000,18.856089,40401700
2016-02-17,26.170000,26.590000,26.080000,26.459999,19.308519,36904700
2016-02-18,26.440001,26.580000,26.280001,26.430000,19.286631,31288200
2016-02-19,26.270000,26.559999,26.250000,26.549999,19.374195,28791700
2016-02-22,26.870001,26.910000,26.420000,26.629999,19.432566,24608100
2016-02-23,26.540001,26.540001,26.059999,26.120001,19.060415,28097500
2016-02-24,25.889999,26.330000,25.650000,26.320000,19.206362,22960800
2016-02-25,26.490000,26.600000,26.200001,26.600000,19.410679,18655100
2016-02-26,26.799999,26.850000,26.320000,26.410000,19.272028,18113000
2016-02-29,26.420000,26.650000,26.150000,26.180000,19.104197,24763100
2016-03-01,26.450001,26.930000,26.240000,26.830000,19.578516,25245400
2016-03-02,26.799999,26.910000,26.600000,26.900000,19.629597,19020100
2016-03-03,26.950001,26.969999,26.590000,26.870001,19.607708,19002200
2016-03-04,26.920000,26.959999,26.670000,26.799999,19.556625,19429900
2016-03-07,26.580000,27.180000,26.330000,27.139999,19.804728,21500100
2016-03-08,26.969999,27.299999,26.690001,27.049999,19.739052,23821300
2016-03-09,27.240000,27.799999,27.120001,27.610001,20.147705,38890200
2016-03-10,27.760000,27.980000,27.030001,27.379999,19.979868,33327300
2016-03-11,27.820000,27.910000,27.670000,27.860001,20.330137,21873100
2016-03-14,27.820000,27.860001,27.600000,27.700001,20.213377,18291700
2016-03-15,27.480000,27.690001,27.450001,27.660000,20.184189,16917200
2016-03-16,27.520000,27.950001,27.510000,27.879999,20.344728,19087800
2016-03-17,27.920000,28.440001,27.870001,28.190001,20.570938,28501900
2016-03-18,28.230000,28.379999,27.969999,28.330000,20.673103,43132400
2016-03-21,28.100000,28.350000,28.040001,28.190001,20.570938,23799200
2016-03-22,28.200001,28.379999,27.900000,28.280001,20.636620,23599300
2016-03-23,28.260000,28.280001,27.730000,27.830000,20.308243,19217500
2016-03-24,27.770000,28.010000,27.590000,27.959999,20.403111,15871900
2016-03-28,27.990000,28.030001,27.790001,27.900000,20.359324,12785900
2016-03-29,27.870001,28.190001,27.690001,28.100000,20.505264,17139300
2016-03-30,28.340000,28.680000,28.260000,28.459999,20.767969,19390200
2016-03-31,28.530001,28.670000,28.350000,28.469999,20.775267,18377600
2016-04-01,28.299999,28.700001,28.120001,28.690001,20.935806,23026400
2016-04-04,28.370001,28.410000,28.010000,28.139999,20.722252,17890000
2016-04-05,27.639999,27.830000,27.459999,27.580000,20.309866,24245700
2016-04-06,27.700001,28.040001,27.620001,28.000000,20.619158,20395800
2016-04-07,27.900000,27.900000,27.530001,27.600000,20.324593,17016800
2016-04-08,27.709999,27.950001,27.580000,27.690001,20.390871,14495600
2016-04-11,27.879999,28.180000,27.610001,27.620001,20.339323,18762900
2016-04-12,27.139999,27.660000,26.950001,27.639999,20.354053,27741400
2016-04-13,27.959999,28.280001,27.719999,28.230000,20.788521,25433300
2016-04-14,28.379999,28.400000,28.100000,28.250000,20.803255,15049100
2016-04-15,28.100000,28.129999,27.730000,27.900000,20.545517,23804400
2016-04-18,27.900000,28.250000,27.799999,28.190001,20.759069,15762900
2016-04-19,28.330000,28.440001,28.200001,28.330000,20.862167,20307700
2016-04-20,28.400000,28.680000,28.260000,28.440001,20.943171,19937800
2016-04-21,28.420000,28.510000,28.160000,28.240000,20.795891,17339900
2016-04-22,28.299999,28.549999,28.070000,28.150000,20.729616,23147600
2016-04-25,28.110001,28.280001,27.980000,28.230000,20.788521,16434800
2016-04-26,28.270000,28.490000,28.219999,28.450001,20.950535,18151500
2016-04-27,28.440001,28.650000,28.309999,28.639999,21.090454,20931000
2016-04-28,28.450001,28.590000,27.790001,27.959999,20.589703,29616200
2016-04-29,27.719999,27.830000,27.139999,27.490000,20.243597,33890100
2016-05-02,27.480000,27.520000,27.200001,27.370001,20.155222,27361700
2016-05-03,27.160000,27.190001,26.610001,26.860001,19.779659,35319600
2016-05-04,26.799999,26.820000,26.280001,26.440001,19.470373,32850800
2016-05-05,26.459999,26.570000,26.209999,26.209999,19.301003,23082200
2016-05-06,26.190001,26.540001,25.809999,26.530001,19.536650,25625300
2016-05-09,26.520000,26.680000,26.389999,26.510000,19.521919,16990400
2016-05-10,26.670000,27.100000,26.510000,27.030001,19.904852,22642500
2016-05-11,27.090000,27.110001,26.680000,26.700001,19.661835,19326100
2016-05-12,26.809999,26.809999,26.410000,26.670000,19.639750,19681900
2016-05-13,26.549999,26.889999,26.459999,26.530001,19.536650,20865100
2016-05-16,26.570000,27.120001,26.559999,26.969999,19.860664,20885900
2016-05-17,26.900000,27.059999,26.549999,26.650000,19.625017,25921300
2016-05-18,26.610001,26.959999,26.490000,26.719999,19.676561,32345500
2016-05-19,27.990000,28.290001,27.400000,27.570000,20.302502,50174600
2016-05-20,27.629999,28.150000,27.620001,27.969999,20.597065,32703000
2016-05-23,27.780001,28.250000,27.780001,27.940001,20.574970,19850000
2016-05-24,28.010000,28.580000,28.010000,28.469999,20.965261,26514800
2016-05-25,28.580000,29.000000,28.520000,28.920000,21.296638,25696800
2016-05-26,28.860001,29.040001,28.799999,28.900000,21.281914,19366300
2016-05-27,28.950001,29.040001,28.790001,28.920000,21.296638,16673300
2016-05-31,28.799999,29.080000,28.760000,29.049999,21.392372,28606300
2016-06-01,28.840000,29.040001,28.799999,28.900000,21.281914,22268700
2016-06-02,28.980000,29.150000,28.920000,29.080000,21.414469,19538200
2016-06-03,29.129999,29.209999,28.900000,29.129999,21.451284,18677700
2016-06-06,29.070000,29.410000,29.059999,29.100000,21.429193,16167100
2016-06-07,28.900000,29.350000,28.820000,29.070000,21.407101,21566600
2016-06-08,29.090000,29.270000,29.059999,29.139999,21.458649,17772900
2016-06-09,28.969999,29.190001,28.830000,29.139999,21.458649,18349900
2016-06-10,28.790001,29.030001,28.770000,29.030001,21.377640,18244200
2016-06-13,28.969999,29.190001,28.820000,28.840000,21.237728,17137000
2016-06-14,28.660000,29.000000,28.629999,28.959999,21.326096,19279700
2016-06-15,28.490000,28.860001,28.410000,28.650000,21.097811,30738600
2016-06-16,28.379999,28.920000,28.370001,28.870001,21.259821,17504100
2016-06-17,28.879999,29.000000,28.690001,28.950001,21.318731,32333500
2016-06-20,29.040001,29.219999,28.780001,28.799999,21.208275,22100800
2016-06-21,28.969999,29.000000,28.730000,28.770000,21.186178,19098600
2016-06-22,28.870001,29.080000,28.680000,28.719999,21.149363,18273300
2016-06-23,29.030001,29.230000,28.959999,29.219999,21.517561,19415600
2016-06-24,28.160000,28.570000,27.700001,27.750000,20.435053,44408900
2016-06-27,27.480000,27.549999,27.129999,27.309999,20.111040,29973100
2016-06-28,27.549999,27.850000,27.500000,27.790001,20.464506,24646900
2016-06-29,28.129999,28.330000,27.900000,28.260000,20.810621,25593000
2016-06-30,28.379999,28.690001,28.070000,28.690001,21.127268,25184400
2016-07-01,28.780001,28.930000,28.590000,28.799999,21.208275,20901300
2016-07-05,28.230000,28.620001,28.219999,28.330000,21.052219,22116900
2016-07-06,28.450001,28.770000,28.170000,28.719999,21.342031,24844000
2016-07-07,28.719999,28.900000,28.610001,28.740000,21.356895,17394900
2016-07-08,28.910000,29.280001,28.879999,29.260000,21.743311,24647400
2016-07-11,29.340000,29.700001,29.260000,29.430000,21.869644,22045200
2016-07-12,29.719999,29.740000,29.520000,29.610001,22.003399,22157500
2016-07-13,29.719999,29.830000,29.580000,29.750000,22.107437,18038100
2016-07-14,29.840000,29.990000,29.639999,29.760000,22.114868,19332200
2016-07-15,29.930000,29.950001,29.660000,29.820000,22.159447,17800400
2016-07-18,29.750000,30.000000,29.740000,29.910000,22.226330,17484900
2016-07-19,29.910000,30.010000,29.770000,29.920000,22.233765,18516000
2016-07-20,30.040001,30.690001,29.980000,30.629999,22.761368,50168800
2016-07-21,30.639999,30.719999,30.370001,30.580000,22.724211,21582700
2016-07-22,30.700001,30.870001,30.540001,30.709999,22.820814,19399600
2016-07-25,30.670000,30.830000,30.629999,30.790001,22.880268,15174200
2016-07-26,30.799999,31.150000,30.709999,30.879999,22.947145,21328200
2016-07-27,30.950001,30.969999,30.660000,30.760000,22.857973,22723000
2016-07-28,30.650000,30.740000,30.370001,30.520000,22.679628,22470500
2016-07-29,30.600000,30.690001,30.469999,30.530001,22.687067,23807200
2016-08-01,30.700001,30.750000,30.360001,30.730000,22.835680,22438700
2016-08-02,30.820000,30.820000,30.400000,30.620001,22.753937,24485200
2016-08-03,30.510000,30.740000,30.510000,30.719999,22.828245,15962500
2016-08-04,30.780001,30.910000,30.709999,30.799999,22.887701,18586500
2016-08-05,30.900000,31.070000,30.690001,31.040001,23.066044,18873300
2016-08-08,31.000000,31.190001,30.860001,31.010000,23.043747,19019900
2016-08-09,31.110001,31.250000,30.840000,30.940001,22.991722,19159500
2016-08-10,31.010000,31.129999,30.740000,30.850000,22.924847,16684300
2016-08-11,30.950001,31.020000,30.860001,30.950001,22.999159,24020900
2016-08-12,30.920000,30.990000,30.799999,30.870001,22.939714,13430600
2016-08-15,30.980000,31.240000,30.889999,31.190001,23.177505,21944700
2016-08-16,31.219999,31.230000,30.980000,31.120001,23.125492,23399700
2016-08-17,30.969999,30.969999,30.330000,30.719999,22.828245,55071200
2016-08-18,30.410000,30.670000,30.059999,30.480000,22.649900,48710500
2016-08-19,30.370001,30.650000,30.240000,30.520000,22.679628,25131300
2016-08-22,30.440001,30.780001,30.370001,30.629999,22.761368,28680000
2016-08-23,30.830000,31.059999,30.790001,30.980000,23.021454,23493600
2016-08-24,30.980000,31.200001,30.950001,31.059999,23.080904,24474700
2016-08-25,31.059999,31.389999,31.020000,31.290001,23.251822,22917100
2016-08-26,31.340000,31.660000,31.190001,31.350000,23.296400,21106200
2016-08-29,31.430000,31.700001,31.410000,31.580000,23.467318,21101700
2016-08-30,31.610001,31.660000,31.410000,31.540001,23.437593,17794800
2016-08-31,31.450001,31.580000,31.250000,31.440001,23.363289,20418800
2016-09-01,31.420000,31.639999,31.260000,31.580000,23.467318,15980500
2016-09-02,31.650000,31.950001,31.650000,31.830000,23.653095,18156500
2016-09-06,31.930000,31.940001,31.700001,31.870001,23.682821,17656500
2016-09-07,31.790001,31.930000,31.750000,31.790001,23.623373,14050500
2016-09-08,31.719999,31.750000,31.420000,31.469999,23.385578,19913700
2016-09-09,31.139999,31.340000,30.850000,30.850000,22.924847,25450500
2016-09-12,30.610001,31.500000,30.600000,31.440001,23.363289,22612500
2016-09-13,31.260000,31.350000,30.900000,31.059999,23.080904,23617900
2016-09-14,31.010000,31.230000,30.809999,31.000000,23.036316,24262900
2016-09-15,30.629999,31.389999,30.610001,31.309999,23.266678,25554500
2016-09-16,31.120001,31.139999,30.700001,30.840000,22.917419,37416300
2016-09-19,30.850000,31.250000,30.820000,31.020000,23.051176,16833500
2016-09-20,31.080000,31.219999,31.040001,31.100000,23.110622,15878900
2016-09-21,31.110001,31.379999,30.969999,31.360001,23.303833,21169400
2016-09-22,31.500000,31.799999,31.490000,31.660000,23.526768,20261900
2016-09-23,31.709999,31.799999,31.309999,31.340000,23.288980,20442200
2016-09-26,31.100000,31.160000,30.790001,31.070000,23.088337,20361500
2016-09-27,31.090000,31.610001,30.959999,31.480000,23.393005,18045400
2016-09-28,31.440001,31.590000,31.360001,31.500000,23.407875,15841000
2016-09-29,31.510000,31.570000,31.250000,31.389999,23.326122,15417100
2016-09-30,31.610001,31.799999,31.559999,31.719999,23.571348,30380600
2016-10-03,31.309999,31.580000,31.200001,31.500000,23.601328,14070500
2016-10-04,31.459999,31.629999,31.150000,31.350000,23.488934,18460400
2016-10-05,31.410000,31.680000,31.410000,31.590000,23.668755,11808600
2016-10-06,31.570000,31.629999,31.209999,31.480000,23.586338,14077100
2016-10-07,31.480000,31.600000,31.230000,31.469999,23.578846,13073200
2016-10-10,31.540001,31.680000,31.440001,31.469999,23.578846,12759400
2016-10-11,31.520000,31.530001,30.850000,31.040001,23.256670,19412000
2016-10-12,30.530001,30.629999,29.940001,30.340000,22.732193,36899900
2016-10-13,30.090000,30.250000,29.860001,30.170000,22.604816,24286600
2016-10-14,30.350000,30.549999,30.160000,30.180000,22.612318,20545100
2016-10-17,30.129999,30.420000,30.100000,30.219999,22.642288,13957500
2016-10-18,30.690001,30.690001,30.430000,30.440001,22.807121,14444900
2016-10-19,30.440001,30.450001,30.190001,30.350000,22.739689,14830900
2016-10-20,30.280001,30.370001,30.040001,30.160000,22.597330,17315300
2016-10-21,30.010000,30.200001,29.920000,30.150000,22.589838,15140500
2016-10-24,30.340000,30.500000,30.299999,30.459999,22.822104,14115300
2016-10-25,30.500000,30.510000,30.230000,30.340000,22.732193,15257800
2016-10-26,30.590000,30.860001,30.320000,30.549999,22.889534,18008600
2016-10-27,30.600000,30.670000,30.360001,30.379999,22.762165,16926200
2016-10-28,30.360001,30.799999,30.350000,30.590000,22.919500,19946800
2016-10-31,30.340000,30.770000,30.320000,30.680000,22.986942,23225400
2016-11-01,30.850000,30.860001,30.230000,30.480000,22.837086,17542100
2016-11-02,30.430000,30.680000,30.230000,30.389999,22.769655,19174000
2016-11-03,30.500000,30.559999,30.240000,30.320000,22.717207,15937100
2016-11-04,29.980000,30.500000,29.629999,30.190001,22.619808,18524000
2016-11-07,30.709999,31.059999,30.610001,30.940001,23.181738,23061100
2016-11-08,30.940001,31.200001,30.730000,31.000000,23.226700,19399800
2016-11-09,31.040001,31.490000,30.700001,31.360001,23.496426,38564100
2016-11-10,31.410000,31.760000,30.809999,31.000000,23.226700,38345000
2016-11-11,30.930000,31.469999,30.920000,31.360001,23.496426,23150300
2016-11-14,31.430000,31.670000,31.350000,31.370001,23.503922,22917600
2016-11-15,31.270000,31.850000,31.270000,31.700001,23.751177,24160200
2016-11-16,31.620001,31.889999,31.510000,31.570000,23.653776,27097100
2016-11-17,29.910000,30.049999,29.610001,30.049999,22.514912,75252300
2016-11-18,30.110001,30.360001,30.010000,30.180000,22.612318,38748600
2016-11-21,30.299999,30.330000,30.010000,30.049999,22.514912,27481700
2016-11-22,30.080000,30.190001,29.850000,29.889999,22.395031,26769300
2016-11-23,29.830000,29.950001,29.559999,29.709999,22.260164,24496800
2016-11-25,29.600000,30.150000,29.549999,30.090000,22.544880,17678900
2016-11-28,30.080000,30.090000,29.820000,29.920000,22.417513,21468900
2016-11-29,29.940001,30.100000,29.790001,29.830000,22.350077,23553700
2016-11-30,29.760000,29.950001,29.680000,29.820000,22.342585,26224900
2016-12-01,29.840000,29.850000,29.400000,29.450001,22.065367,25996200
2016-12-02,29.309999,29.559999,29.120001,29.250000,21.915520,27069500
2016-12-05,29.330000,29.600000,29.290001,29.530001,22.125301,20865800
2016-12-06,29.420000,29.590000,29.240000,29.330000,21.975454,27352100
2016-12-07,29.480000,30.040001,29.320000,29.950001,22.439991,30180100
2016-12-08,30.110001,30.330000,29.920000,29.950001,22.439991,21369900
2016-12-09,29.980000,30.070000,29.730000,30.059999,22.522402,21362000
2016-12-12,30.080000,30.200001,30.030001,30.170000,22.604816,17287800
2016-12-13,30.299999,30.639999,30.200001,30.590000,22.919500,25052900
2016-12-14,30.600000,31.070000,30.410000,30.459999,22.822104,27556000
2016-12-15,30.590000,30.799999,30.510000,30.629999,22.949474,20914100
2016-12-16,30.700001,30.719999,30.270000,30.590000,22.919500,45875500
2016-12-19,30.650000,30.870001,30.540001,30.750000,23.039381,18178500
2016-12-20,30.830000,30.870001,30.459999,30.559999,22.897028,17475200
2016-12-21,30.690001,30.690001,30.410000,30.420000,22.792133,14488900
2016-12-22,30.400000,30.480000,30.250000,30.459999,22.822104,12935800
2016-12-23,30.540001,30.600000,30.400000,30.530001,22.874561,9167500
2016-12-27,30.639999,30.820000,30.600000,30.680000,22.986942,14175500
2016-12-28,30.700001,30.770000,30.350000,30.420000,22.792133,12022200
2016-12-29,30.370001,30.549999,30.330000,30.459999,22.822104,10995600
2016-12-30,30.559999,30.600000,30.129999,30.219999,22.642288,20190000
2017-01-03,30.370001,30.559999,30.209999,30.540001,22.882048,22370600
2017-01-04,30.240000,30.420000,30.020000,30.100000,22.746023,22281000
2017-01-05,30.100000,30.360001,30.070000,30.170000,22.798916,18372500
2017-01-06,30.170000,30.350000,30.030001,30.230000,22.844267,15923200
2017-01-09,30.219999,30.330000,30.080000,30.180000,22.806475,17177800
2017-01-10,30.190001,30.549999,30.100000,30.379999,22.957607,21046000
2017-01-11,30.330000,30.410000,30.030001,30.150000,22.783810,22291300
2017-01-12,30.150000,30.160000,29.799999,30.040001,22.700684,18611100
2017-01-13,30.100000,30.219999,30.010000,30.070000,22.723349,17136600
2017-01-17,30.000000,30.250000,29.840000,29.990000,22.662895,21983500
2017-01-18,30.120001,30.180000,29.950001,30.030001,22.693125,15724000
2017-01-19,30.010000,30.190001,29.920000,29.980000,22.655338,16866000
2017-01-20,30.120001,30.250000,30.000000,30.100000,22.746023,22754400
2017-01-23,30.139999,30.299999,30.090000,30.270000,22.874489,17155300
2017-01-24,30.340000,30.750000,30.290001,30.600000,23.123867,24934200
2017-01-25,31.040001,31.049999,30.650000,30.700001,23.199434,23630500
2017-01-26,30.760000,30.840000,30.559999,30.740000,23.229662,20116800
2017-01-27,30.760000,30.980000,30.629999,30.980000,23.411022,18461900
2017-01-30,30.940001,31.000000,30.629999,30.830000,23.297674,15481800
2017-01-31,30.680000,30.889999,30.580000,30.719999,23.214548,16603100
2017-02-01,30.850000,30.850000,30.420000,30.500000,23.048296,19504600
2017-02-02,30.690001,31.260000,30.530001,31.180000,23.562155,27456700
2017-02-03,31.270000,31.350000,31.120001,31.320000,23.667953,21288800
2017-02-06,31.290001,31.309999,31.120001,31.299999,23.652840,16774200
2017-02-07,31.379999,31.639999,31.330000,31.450001,23.766190,18420200
2017-02-08,31.459999,31.549999,31.250000,31.270000,23.630163,20434300
2017-02-09,31.350000,31.690001,31.299999,31.500000,23.803980,18706900
2017-02-10,31.480000,31.629999,31.240000,31.510000,23.811541,21557700
2017-02-13,31.670000,32.000000,31.549999,31.969999,24.159147,26518800
2017-02-14,31.900000,32.310001,31.770000,32.310001,24.416082,31463500
2017-02-15,32.349998,32.840000,32.290001,32.820000,24.801476,41169400
2017-02-16,33.259998,33.970001,33.250000,33.599998,25.390903,50143700
2017-02-17,33.520000,33.770000,33.430000,33.740002,25.496706,31841200
2017-02-21,33.689999,34.209999,33.660000,34.130001,25.791422,26992700
2017-02-22,34.040001,34.150002,33.660000,34.090000,25.761196,26632700
2017-02-23,34.279999,34.279999,33.950001,34.040001,25.723406,17450100
2017-02-24,33.980000,34.320000,33.799999,34.320000,25.935005,21137300
2017-02-27,34.209999,34.320000,34.119999,34.259998,25.889662,15625400
2017-02-28,34.160000,34.290001,34.040001,34.180000,25.829210,23093100
2017-03-01,34.279999,34.509998,34.180000,34.439999,26.025679,22754200
2017-03-02,34.410000,34.529999,34.209999,34.389999,25.987892,16137700
2017-03-03,34.419998,34.439999,34.230000,34.290001,25.912331,14175000
2017-03-06,34.040001,34.279999,33.959999,34.189999,25.836760,17605100
2017-03-07,34.000000,34.250000,33.990002,34.200001,25.844318,21033700
2017-03-08,34.180000,34.230000,33.930000,34.020000,25.708298,18686700
2017-03-09,34.040001,34.110001,33.869999,34.070000,25.746080,17490200
2017-03-10,34.240002,34.299999,34.080002,34.259998,25.889662,19038400
2017-03-13,34.220001,34.330002,34.000000,34.099998,25.768744,16164800
2017-03-14,33.939999,34.139999,33.840000,34.119999,25.783863,14578400
2017-03-15,34.070000,34.349998,34.049999,34.240002,25.874550,14961700
2017-03-16,34.250000,34.480000,34.099998,34.230000,25.866989,14521600
2017-03-17,34.349998,34.380001,34.189999,34.230000,25.866989,26787200
2017-03-20,34.200001,34.389999,34.200001,34.279999,25.904772,14974100
2017-03-21,34.450001,34.470001,33.779999,33.880001,25.602493,21406000
2017-03-22,33.779999,34.200001,33.779999,34.099998,25.768744,16646100
2017-03-23,34.080002,34.259998,33.910000,33.959999,25.662952,16709300
2017-03-24,34.070000,34.299999,33.950001,34.080002,25.753637,18125100
2017-03-27,33.820000,34.029999,33.750000,33.990002,25.685623,17740600
2017-03-28,33.900002,34.209999,33.820000,34.020000,25.708298,21179300
2017-03-29,34.000000,34.049999,33.650002,33.740002,25.496706,16504100
2017-03-30,33.799999,33.930000,33.720001,33.740002,25.496706,12801600
2017-03-31,33.720001,33.880001,33.660000,33.799999,25.542048,14038500
2017-04-03,33.700001,33.939999,33.459999,33.580002,25.375799,19367800
2017-04-04,33.250000,33.419998,32.930000,33.410000,25.467274,18602600
2017-04-05,33.490002,33.529999,32.970001,33.000000,25.154745,17572500
2017-04-06,33.000000,33.279999,32.889999,33.080002,25.215721,15316800
2017-04-07,33.099998,33.150002,32.919998,32.959999,25.124249,13942800
2017-04-10,32.959999,33.220001,32.869999,33.009998,25.162365,14824100
2017-04-11,33.040001,33.080002,32.639999,32.919998,25.093750,18945800
2017-04-12,32.860001,32.959999,32.500000,32.619999,24.865084,25455100
2017-04-13,32.709999,32.849998,32.419998,32.419998,24.712624,16234900
2017-04-17,32.480000,32.669998,32.450001,32.610001,24.857458,11961200
2017-04-18,32.560001,32.730000,32.450001,32.669998,24.903187,13349600
2017-04-19,32.799999,32.889999,32.610001,32.650002,24.887943,16373800
2017-04-20,32.790001,32.950001,32.720001,32.830002,25.025156,11927500
2017-04-21,32.939999,32.939999,32.669998,32.820000,25.017529,13877700
2017-04-24,33.240002,33.360001,33.130001,33.279999,25.368170,15400500
2017-04-25,33.389999,33.520000,33.349998,33.419998,25.474888,15058800
2017-04-26,33.580002,33.630001,33.369999,33.400002,25.459642,17949700
2017-04-27,34.009998,34.110001,33.619999,33.750000,25.726435,26639000
2017-04-28,33.880001,34.080002,33.669998,34.070000,25.970364,20461700
2017-05-01,34.110001,34.139999,33.810001,33.970001,25.894136,13577300
2017-05-02,34.060001,34.240002,33.930000,34.240002,26.099951,15983600
2017-05-03,34.160000,34.340000,34.119999,34.250000,26.107569,14432200
2017-05-04,34.330002,34.490002,34.070000,34.180000,26.054216,13638500
2017-05-05,34.250000,34.400002,34.070000,34.389999,26.214281,15091800
2017-05-08,34.459999,34.599998,34.150002,34.290001,26.138063,13232700
2017-05-09,34.139999,34.259998,33.840000,33.900002,25.840778,18855900
2017-05-10,33.900002,33.900002,33.580002,33.740002,25.718817,17481400
2017-05-11,33.720001,33.820000,33.480000,33.630001,25.634972,17515600
2017-05-12,33.599998,33.619999,33.139999,33.450001,25.497765,20194300
2017-05-15,34.000000,34.459999,33.970001,34.230000,26.092325,31531000
2017-05-16,34.240002,34.330002,34.029999,34.299999,26.145683,18950000
2017-05-17,34.200001,34.310001,33.799999,33.820000,25.779797,38787800
2017-05-18,31.100000,31.510000,30.370001,31.379999,23.919867,85500500
2017-05-19,31.740000,31.780001,31.020000,31.209999,23.790283,39859200
2017-05-22,31.150000,31.980000,31.150000,31.590000,24.079945,35085200
2017-05-23,31.830000,31.870001,31.520000,31.760000,24.209530,29827500
2017-05-24,31.930000,31.940001,31.219999,31.490000,24.003719,23446300
2017-05-25,31.549999,31.690001,31.370001,31.440001,23.965609,21586500
2017-05-26,31.510000,31.590000,31.360001,31.500000,24.011347,16403100
2017-05-30,31.400000,31.809999,31.389999,31.680000,24.148548,17108300
2017-05-31,31.780001,31.889999,31.469999,31.530001,24.034210,30196700
2017-06-01,31.520000,31.820000,31.469999,31.820000,24.255264,15525500
2017-06-02,31.930000,32.060001,31.680000,31.980000,24.377228,20085200
2017-06-05,32.049999,32.049999,31.570000,31.760000,24.209530,15976000
2017-06-06,31.750000,31.760000,31.500000,31.559999,24.057083,16186600
2017-06-07,31.610001,31.719999,31.440001,31.610001,24.095196,14948400
2017-06-08,31.530001,31.809999,31.520000,31.610001,24.095196,21828600
2017-06-09,31.639999,31.830000,31.090000,31.370001,23.912247,25376600
2017-06-12,31.340000,31.639999,31.150000,31.250000,23.820776,25784400
2017-06-13,31.299999,31.799999,31.280001,31.700001,24.163801,27781000
2017-06-14,31.870001,31.969999,31.330000,31.600000,24.087572,24940400
2017-06-15,31.250000,31.639999,31.219999,31.580000,24.072321,19328000
2017-06-16,31.610001,31.639999,31.200001,31.629999,24.110435,36367400
2017-06-19,31.770000,32.020000,31.580000,31.990000,24.384850,18459200
2017-06-20,31.940001,32.160000,31.840000,31.850000,24.278131,18190100
2017-06-21,31.730000,31.870001,31.510000,31.840000,24.270514,20386100
2017-06-22,31.910000,32.000000,31.700001,31.850000,24.278131,19436600
2017-06-23,31.850000,32.299999,31.750000,32.090000,24.461077,25792200
2017-06-26,32.220001,32.500000,32.180000,32.240002,24.575420,22175000
2017-06-27,32.090000,32.259998,31.760000,31.760000,24.209530,23224200
2017-06-28,31.780001,32.279999,31.760000,32.080002,24.453461,17732300
2017-06-29,31.790001,32.029999,31.250000,31.410000,23.942738,27664500
2017-06-30,31.790001,31.790001,31.299999,31.299999,23.858887,23604600
2017-07-03,31.090000,31.639999,31.030001,31.330000,23.881758,14112100
2017-07-05,30.850000,31.270000,30.730000,31.110001,23.935612,24270300
2017-07-06,30.990000,31.020000,30.670000,30.719999,23.635555,20789100
2017-07-07,30.760000,31.070000,30.750000,30.900000,23.774048,15860600
2017-07-10,30.879999,31.090000,30.820000,30.980000,23.835594,15528800
2017-07-11,31.049999,31.120001,30.860001,31.090000,23.920231,12806000
2017-07-12,31.250000,31.440001,31.150000,31.160000,23.974083,18586200
2017-07-13,31.260000,31.280001,31.080000,31.270000,24.058714,15934200
2017-07-14,31.370001,31.450001,31.270000,31.420000,24.174122,13573100
2017-07-17,31.500000,31.639999,31.450001,31.500000,24.235680,16427500
2017-07-18,31.410000,31.510000,31.170000,31.510000,24.243374,15530700
2017-07-19,31.510000,32.049999,31.459999,31.900000,24.543428,21567900
2017-07-20,31.910000,32.049999,31.760000,31.860001,24.512651,16389500
2017-07-21,31.860001,32.029999,31.709999,31.840000,24.497265,13973800
2017-07-24,31.860001,31.930000,31.660000,31.860001,24.512651,15504100
2017-07-25,31.900000,32.250000,31.879999,32.119999,24.712692,14990000
2017-07-26,32.119999,32.230000,31.510000,31.660000,24.358774,21941500
2017-07-27,31.730000,31.750000,31.209999,31.570000,24.289532,21437400
2017-07-28,31.450001,31.600000,31.260000,31.520000,24.251064,15771000
2017-07-31,31.540001,31.590000,31.370001,31.450001,24.197205,19256400
2017-08-01,31.590000,31.660000,31.430000,31.650000,24.351078,12962800
2017-08-02,31.570000,31.570000,31.250000,31.520000,24.251064,15845600
2017-08-03,31.590000,31.719999,31.430000,31.559999,24.281843,14420800
2017-08-04,31.670000,31.910000,31.580000,31.799999,24.466494,16929500
2017-08-07,31.790001,31.879999,31.690001,31.840000,24.497265,11877400
2017-08-08,31.750000,32.000000,31.600000,31.670000,24.366472,15375700
2017-08-09,31.549999,31.680000,31.360001,31.620001,24.327999,16131300
2017-08-10,31.559999,31.559999,31.000000,31.000000,23.850977,23517400
2017-08-11,31.230000,31.549999,31.040001,31.469999,24.212595,20756600
2017-08-14,31.690001,31.889999,31.559999,31.840000,24.497265,21761600
2017-08-15,31.850000,32.209999,31.840000,32.090000,24.689610,25251500
2017-08-16,32.099998,32.470001,32.060001,32.340000,24.881962,29052000
2017-08-17,31.490000,31.770000,30.850000,31.040001,23.881760,53288800
2017-08-18,31.000000,31.059999,30.360001,30.370001,23.366262,34802200
2017-08-21,30.370001,30.799999,30.360001,30.680000,23.604776,24198400
2017-08-22,30.850000,31.330000,30.750000,31.270000,24.058714,24747200
2017-08-23,31.209999,31.400000,30.910000,30.920000,23.789433,22436600
2017-08-24,30.950001,31.400000,30.900000,31.240000,24.035637,22576100
2017-08-25,31.389999,31.799999,31.360001,31.440001,24.189516,19558300
2017-08-28,31.600000,31.660000,31.410000,31.540001,24.266451,12958900
2017-08-29,31.260000,31.629999,31.190001,31.480000,24.220291,16362700
2017-08-30,31.469999,32.200001,31.420000,31.990000,24.612673,22988700
2017-08-31,32.099998,32.340000,31.990000,32.209999,24.781939,27800200
2017-09-01,32.220001,32.349998,32.029999,32.299999,24.851185,14686600
2017-09-05,32.150002,32.240002,31.459999,31.620001,24.327999,32475500
2017-09-06,31.750000,31.910000,31.629999,31.870001,24.520353,16962300
2017-09-07,31.959999,31.969999,31.740000,31.760000,24.435717,14751700
2017-09-08,31.680000,31.780001,31.459999,31.480000,24.220291,15339500
2017-09-11,31.709999,32.299999,31.670000,32.189999,24.766550,22440800
2017-09-12,32.299999,32.470001,32.189999,32.410000,24.935822,18923100
2017-09-13,32.340000,32.389999,31.959999,32.180000,24.758856,22705100
2017-09-14,31.910000,32.220001,31.910000,32.189999,24.766550,18194800
2017-09-15,32.200001,32.500000,32.119999,32.439999,24.958900,29336100
2017-09-18,32.430000,32.660000,32.259998,32.520000,25.020456,17290900
2017-09-19,32.459999,32.650002,32.400002,32.490002,24.997364,12927700
2017-09-20,32.549999,32.750000,32.389999,32.599998,25.081999,19865400
2017-09-21,32.720001,32.900002,32.500000,32.700001,25.158939,19870000
2017-09-22,32.660000,33.529999,32.639999,33.369999,25.674429,28234900
2017-09-25,33.310001,33.840000,33.200001,33.720001,25.943714,32396900
2017-09-26,33.759998,34.099998,33.669998,33.759998,25.974491,26138300
2017-09-27,33.779999,33.919998,33.299999,33.480000,25.759062,22594600
2017-09-28,33.220001,33.459999,33.220001,33.349998,25.659037,15496900
2017-09-29,33.310001,33.669998,33.240002,33.630001,25.874472,14802700
2017-10-02,33.610001,33.770000,33.520000,33.750000,25.966795,16555200
2017-10-03,33.720001,33.900002,33.610001,33.849998,26.043730,13346900
2017-10-04,33.529999,33.560001,33.290001,33.439999,25.950611,14652200
2017-10-05,33.580002,33.669998,33.410000,33.590000,26.067017,14524800
2017-10-06,33.650002,33.779999,33.520000,33.750000,26.191175,15464700
2017-10-09,33.770000,33.889999,33.610001,33.759998,26.198940,8728400
2017-10-10,33.880001,33.910000,33.470001,33.549999,26.035971,18011000
2017-10-11,33.380001,33.630001,33.250000,33.590000,26.067017,12561400
2017-10-12,33.259998,33.459999,33.169998,33.259998,25.810921,17905600
2017-10-13,33.400002,33.570000,33.320000,33.470001,25.973886,13578800
2017-10-16,33.599998,33.639999,33.470001,33.540001,26.028221,10509100
2017-10-17,33.590000,33.669998,33.459999,33.599998,26.074772,9303100
2017-10-18,33.720001,33.750000,33.439999,33.549999,26.035971,9971200
2017-10-19,33.509998,33.889999,33.450001,33.750000,26.191175,13203100
2017-10-20,34.020000,34.389999,34.009998,34.250000,26.579201,24361400
2017-10-23,34.450001,34.680000,34.270000,34.349998,26.656803,22632000
2017-10-24,34.400002,34.669998,34.250000,34.580002,26.835287,16280200
2017-10-25,34.730000,34.730000,34.160000,34.299999,26.617992,17400900
2017-10-26,34.410000,34.509998,34.070000,34.270000,26.594721,14616100
2017-10-27,34.150002,34.619999,34.090000,34.430000,26.718876,20356600
2017-10-30,34.130001,34.380001,33.820000,34.040001,26.416235,18345100
2017-10-31,33.980000,34.240002,33.959999,34.150002,26.501596,13935100
2017-11-01,34.290001,34.750000,34.279999,34.619999,26.866331,22051300
2017-11-02,34.549999,34.639999,34.160000,34.209999,26.548159,19827600
2017-11-03,34.279999,34.490002,34.029999,34.470001,26.749931,13414400
2017-11-06,34.369999,34.560001,34.259998,34.410000,26.703362,12786900
2017-11-07,34.320000,34.480000,34.209999,34.400002,26.695604,11332900
2017-11-08,34.310001,34.500000,34.119999,34.500000,26.773203,13061300
2017-11-09,34.290001,34.320000,33.869999,34.049999,26.423992,16785000
2017-11-10,34.060001,34.090000,33.669998,33.990002,26.377430,19319400
2017-11-13,33.860001,34.209999,33.830002,33.950001,26.346392,16441500
2017-11-14,33.860001,34.160000,33.799999,34.040001,26.416235,17468500
2017-11-15,33.970001,34.310001,33.750000,34.110001,26.470558,30829600
2017-11-16,36.040001,36.669998,35.830002,35.880001,27.844133,61177100
2017-11-17,35.900002,36.320000,35.810001,35.900002,27.859657,27988000
2017-11-20,35.930000,36.540001,35.930000,36.500000,28.325268,26897800
2017-11-21,36.750000,36.970001,36.580002,36.650002,28.441681,24146400
2017-11-22,36.700001,36.720001,36.360001,36.450001,28.286470,17226400
2017-11-24,36.410000,36.570000,36.320000,36.490002,28.317520,6155800
2017-11-27,36.509998,37.090000,36.500000,36.869999,28.612402,20942200
2017-11-28,37.000000,37.799999,36.980000,37.730000,29.279799,30966600
2017-11-29,37.750000,38.029999,37.230000,37.480000,29.085791,36788600
2017-11-30,37.619999,37.799999,37.299999,37.299999,28.946096,30749500
2017-12-01,37.090000,37.660000,36.730000,37.599998,29.178917,26920900
2017-12-04,37.810001,37.990002,37.540001,37.720001,29.272034,29414400
2017-12-05,37.740002,37.820000,37.169998,37.310001,28.953857,23288200
2017-12-06,37.369999,37.720001,37.250000,37.410000,29.031466,16581800
2017-12-07,37.259998,37.779999,37.259998,37.400002,29.023708,17092000
2017-12-08,37.590000,37.689999,37.419998,37.610001,29.186672,14044400
2017-12-11,37.590000,38.040001,37.570000,37.959999,29.458279,16749500
2017-12-12,37.790001,38.099998,37.560001,37.910000,29.419479,16658600
2017-12-13,38.090000,38.369999,38.000000,38.150002,29.605740,20199500
2017-12-14,38.200001,38.270000,37.849998,37.900002,29.411716,16738300
2017-12-15,38.009998,38.279999,37.700001,38.189999,29.636782,47167700
2017-12-18,38.480000,38.889999,38.299999,38.480000,29.861828,21591400
2017-12-19,38.660000,38.860001,38.279999,38.299999,29.722134,19695200
2017-12-20,38.490002,38.799999,38.209999,38.740002,30.063589,18939500
2017-12-21,38.880001,38.990002,38.490002,38.529999,29.900629,16387500
2017-12-22,38.520000,38.740002,38.470001,38.549999,29.916151,11441600
2017-12-26,38.549999,38.680000,38.360001,38.480000,29.861828,8186100
2017-12-27,38.540001,38.650002,38.450001,38.560001,29.923901,10543000
2017-12-28,38.730000,38.730000,38.450001,38.590000,29.947182,8807700
2017-12-29,38.410000,38.619999,38.299999,38.299999,29.722134,12583600
2018-01-02,38.669998,38.950001,38.430000,38.860001,30.156725,20135700
2018-01-03,38.720001,39.279999,38.529999,39.169998,30.397276,29536000
2018-01-04,39.049999,39.540001,38.930000,38.990002,30.483294,20731400
2018-01-05,39.549999,39.880001,39.369999,39.529999,30.905474,24588200
2018-01-08,39.520000,39.959999,39.349998,39.939999,31.226025,16582000
2018-01-09,39.790001,39.959999,39.540001,39.689999,31.030558,21449800
2018-01-10,39.650002,40.240002,39.630001,39.910000,31.202560,19473000
2018-01-11,40.139999,40.209999,39.750000,40.099998,31.351116,21685600
2018-01-12,40.220001,40.930000,40.049999,40.869999,31.953121,23770500
2018-01-16,40.900002,41.160000,40.320000,40.540001,31.695110,32845000
2018-01-17,40.840000,41.320000,40.709999,41.200001,32.211105,24427100
2018-01-18,41.240002,41.480000,41.029999,41.299999,32.289303,19610200
2018-01-19,41.279999,41.520000,41.099998,41.290001,32.281498,24582000
2018-01-22,41.200001,41.660000,41.020000,41.660000,32.570766,22995100
2018-01-23,41.540001,42.130001,41.540001,42.099998,32.914761,23984500
2018-01-24,42.200001,42.689999,42.009998,42.169998,32.969479,26696200
2018-01-25,42.270000,42.470001,41.820000,41.900002,32.758404,19207500
2018-01-26,42.150002,42.560001,41.950001,42.560001,33.274403,23380400
2018-01-29,42.299999,42.980000,42.299999,42.849998,33.501125,23625900
2018-01-30,42.689999,42.860001,41.970001,42.250000,33.032036,28993900
2018-01-31,41.980000,42.009998,41.349998,41.540001,32.476944,36512100
2018-02-01,41.090000,42.110001,40.669998,41.700001,32.602039,26148500
2018-02-02,41.500000,41.950001,40.869999,40.930000,32.000027,27224200
2018-02-05,40.869999,41.410000,38.720001,38.779999,30.319101,52399600
2018-02-06,38.330002,40.310001,37.349998,40.169998,31.405842,55171600
2018-02-07,40.310001,41.209999,40.029999,40.340000,31.538750,32690800
2018-02-08,40.439999,40.759998,38.720001,38.770000,30.311298,42982100
2018-02-09,39.000000,39.919998,38.230000,39.529999,30.905474,51304200
2018-02-12,40.520000,40.910000,40.230000,40.599998,31.742018,38210700
2018-02-13,40.500000,41.310001,40.220001,41.230000,32.234570,30999100
2018-02-14,41.040001,42.259998,40.990002,42.090000,32.906944,43835900
2018-02-15,45.070000,45.130001,43.259998,44.080002,34.462784,72267500
2018-02-16,43.889999,45.090000,43.790001,44.330002,34.658218,39267500
2018-02-20,44.000000,44.689999,43.810001,44.060001,34.447128,29006900
2018-02-21,44.110001,44.419998,43.279999,43.310001,33.860775,28499200
2018-02-22,43.490002,43.560001,42.750000,42.939999,33.571484,25887600
2018-02-23,43.369999,44.040001,42.919998,44.000000,34.400230,25781400
2018-02-26,44.299999,45.450001,44.130001,45.360001,35.463501,27771100
2018-02-27,45.410000,45.610001,44.619999,45.040001,35.213322,27419300
2018-02-28,45.270000,45.889999,44.779999,44.779999,35.010048,26885200
2018-03-01,44.680000,45.000000,43.349998,43.799999,34.243858,32154300
2018-03-02,43.290001,44.220001,43.099998,44.060001,34.447128,28848100
2018-03-05,43.919998,44.770000,43.700001,44.520000,34.806774,22101700
2018-03-06,44.650002,44.790001,44.139999,44.290001,34.626953,21930000
2018-03-07,44.029999,44.389999,43.799999,44.200001,34.556591,22034400
2018-03-08,44.250000,44.410000,43.939999,44.340000,34.666042,20285600
2018-03-09,44.619999,45.540001,44.610001,45.369999,35.471329,22230900
2018-03-12,45.529999,45.869999,45.400002,45.549999,35.612049,18299800
2018-03-13,45.779999,46.160000,44.919998,45.160000,35.307137,23411200
2018-03-14,45.340000,45.759998,45.090000,45.279999,35.400959,21141100
2018-03-15,45.299999,45.740002,45.119999,45.330002,35.440044,23520400
2018-03-16,45.330002,45.599998,44.970001,45.009998,35.189865,56129000
2018-03-19,44.590000,44.820000,43.900002,44.270000,34.611313,26734100
2018-03-20,44.490002,44.639999,44.180000,44.369999,34.689495,22809700
2018-03-21,44.240002,44.900002,44.130001,44.310001,34.642590,22528200
2018-03-22,43.759998,44.020000,43.020000,43.070000,33.673134,29520800
2018-03-23,43.709999,43.840000,42.419998,42.419998,33.164936,31759200
2018-03-26,43.250000,44.160000,42.830002,44.060001,34.447128,29731900
2018-03-27,44.490002,44.520000,42.240002,42.680000,33.368214,30942000
2018-03-28,42.509998,42.840000,41.619999,41.660000,32.570766,36696800
2018-03-29,41.939999,42.930000,41.580002,42.889999,33.532402,55021200
2018-04-02,42.520000,42.630001,40.529999,41.009998,32.062576,36791800
2018-04-03,41.340000,41.500000,40.720001,41.380001,32.351852,28003900
2018-04-04,40.389999,41.549999,40.189999,41.200001,32.470062,30117600
2018-04-05,41.500000,42.020000,41.380001,41.820000,32.958691,29331600
2018-04-06,41.400002,41.680000,40.450001,40.730000,32.099659,32208700
2018-04-09,40.950001,42.060001,40.900002,41.169998,32.446415,25725800
2018-04-10,42.099998,42.709999,41.750000,42.509998,33.502483,22724400
2018-04-11,42.419998,42.900002,42.259998,42.430000,33.439445,21693000
2018-04-12,42.779999,43.639999,42.730000,43.340000,34.156620,22297000
2018-04-13,43.549999,43.740002,42.639999,43.000000,33.888660,18272300
2018-04-16,43.119999,43.639999,43.029999,43.299999,34.125084,15807900
2018-04-17,43.849998,44.750000,43.709999,44.590000,35.141739,21474600
2018-04-18,44.610001,44.919998,44.299999,44.630001,35.173271,17605300
2018-04-19,44.419998,44.950001,44.380001,44.560001,35.118114,21472300
2018-04-20,44.500000,44.750000,43.619999,44.090000,34.747711,23539200
2018-04-23,44.259998,44.480000,43.869999,44.250000,34.873795,20716800
2018-04-24,44.430000,44.910000,43.330002,43.740002,34.471863,21421500
2018-04-25,43.799999,43.990002,42.750000,43.709999,34.448212,21706000
2018-04-26,43.980000,44.490002,43.439999,44.209999,34.842262,20549300
2018-04-27,44.689999,45.340000,44.360001,44.709999,35.236324,20077400
2018-04-30,44.919998,45.180000,44.279999,44.290001,34.905319,19958500
2018-05-01,43.910000,44.950001,43.830002,44.830002,35.330894,16865500
2018-05-02,44.910000,45.049999,43.799999,43.860001,34.566429,23601600
2018-05-03,44.009998,44.810001,43.439999,44.439999,35.023540,23750200
2018-05-04,44.009998,45.500000,43.900002,45.299999,35.701313,19504100
2018-05-07,45.360001,46.000000,45.299999,45.730000,36.040199,17822400
2018-05-08,45.820000,45.869999,45.380001,45.709999,36.024426,20285300
2018-05-09,45.900002,46.099998,45.189999,46.040001,36.284512,20438300
2018-05-10,46.000000,46.369999,45.669998,46.299999,36.489410,18469400
2018-05-11,46.090000,46.270000,45.779999,45.930000,36.197823,17551500
2018-05-14,45.750000,46.230000,45.669998,45.700001,36.016552,22037700
2018-05-15,45.209999,45.549999,44.930000,45.480000,35.843163,24753600
2018-05-16,45.360001,45.549999,45.009998,45.160000,35.590973,31253700
2018-05-17,43.130001,44.160000,43.020000,43.459999,34.251190,48210400
2018-05-18,43.459999,43.570000,43.110001,43.209999,34.054153,24456000
2018-05-21,43.490002,43.939999,43.419998,43.750000,34.479725,21785900
2018-05-22,43.790001,43.910000,43.480000,43.650002,34.400936,16381800
2018-05-23,43.400002,43.700001,42.889999,43.680000,34.424576,20638800
2018-05-24,43.599998,43.970001,43.009998,43.570000,34.337868,18377500
2018-05-25,43.459999,43.619999,43.209999,43.259998,34.093559,15362000
2018-05-29,42.759998,43.160000,42.520000,42.970001,33.865017,25197400
2018-05-30,43.080002,43.340000,42.830002,42.849998,33.770443,22498800
2018-05-31,42.860001,43.130001,42.610001,42.709999,33.660103,31439600
2018-06-01,42.910000,43.689999,42.880001,43.660000,34.408810,18352700
2018-06-04,43.500000,43.830002,43.209999,43.580002,34.345757,18087700
2018-06-05,43.740002,43.750000,43.389999,43.669998,34.416691,16728800
2018-06-06,43.759998,44.310001,43.660000,44.259998,34.881668,17730200
2018-06-07,44.240002,44.389999,43.349998,43.650002,34.400936,19722000
2018-06-08,43.520000,43.730000,43.310001,43.480000,34.266945,18812400
2018-06-11,43.619999,43.919998,43.439999,43.689999,34.432457,15069000
2018-06-12,43.680000,43.950001,43.470001,43.939999,34.629478,17564900
2018-06-13,44.020000,44.529999,43.840000,44.009998,34.684654,24383200
2018-06-14,44.230000,44.810001,44.049999,44.689999,35.220566,24020500
2018-06-15,44.360001,44.529999,43.590000,44.250000,34.873795,49379800
2018-06-18,43.869999,44.419998,43.389999,44.209999,34.842262,17625400
2018-06-19,43.619999,44.020000,43.439999,43.820000,34.534901,22199200
2018-06-20,43.950001,43.990002,43.700001,43.740002,34.471863,21276500
2018-06-21,43.689999,43.779999,43.060001,43.160000,34.014759,20924400
2018-06-22,43.340000,43.450001,42.889999,43.200001,34.046280,27460000
2018-06-25,42.689999,42.820000,41.810001,42.290001,33.329094,28626700
2018-06-26,42.480000,43.139999,42.389999,42.549999,33.534012,22171200
2018-06-27,42.730000,43.150002,42.279999,42.330002,33.360615,20794800
2018-06-28,42.330002,43.189999,42.279999,42.939999,33.841381,22197700
2018-06-29,43.049999,43.500000,42.970001,43.029999,33.912300,20522900
2018-07-02,42.560001,42.830002,42.200001,42.810001,33.738922,21810900
2018-07-03,42.939999,43.230000,42.619999,42.669998,33.628582,13474700
2018-07-05,42.560001,42.639999,41.959999,42.560001,33.803314,18118700
2018-07-06,42.389999,42.880001,42.310001,42.709999,33.922462,20258300
2018-07-09,42.750000,42.779999,42.360001,42.669998,33.890682,23210000
2018-07-10,42.869999,43.040001,42.709999,42.860001,34.041588,20224600
2018-07-11,42.560001,42.759998,42.439999,42.570000,33.811260,17721600
2018-07-12,42.759998,43.630001,42.750000,43.580002,34.613457,17999500
2018-07-13,43.520000,43.779999,40.939999,41.779999,33.183807,50831300
2018-07-16,42.049999,42.939999,42.000000,42.500000,33.755665,24468000
2018-07-17,42.209999,42.509998,42.139999,42.340000,33.628582,21188400
2018-07-18,42.240002,42.470001,42.150002,42.209999,33.525330,20364000
2018-07-19,42.799999,43.009998,42.220001,42.400002,33.676247,24498800
2018-07-20,42.259998,42.369999,41.860001,42.009998,33.366482,20732100
2018-07-23,41.919998,42.119999,41.439999,42.060001,33.406193,15656500
2018-07-24,42.220001,42.880001,42.070000,42.389999,33.668293,17493900
2018-07-25,42.360001,43.220001,42.290001,43.160000,34.279869,20658300
2018-07-26,43.580002,43.830002,43.220001,43.529999,34.573734,23518700
2018-07-27,43.259998,43.619999,42.419998,42.570000,33.811260,22050900
2018-07-30,42.459999,42.610001,42.080002,42.169998,33.493561,15300400
2018-07-31,42.240002,42.619999,41.919998,42.290001,33.588867,20900300
2018-08-01,41.990002,42.340000,41.330002,41.860001,33.247345,21650000
2018-08-02,41.389999,42.599998,41.200001,42.529999,33.779491,18033200
2018-08-03,42.709999,42.880001,42.459999,42.830002,34.017761,13394300
2018-08-06,42.730000,43.410000,42.660000,43.299999,34.391064,14345800
2018-08-07,43.299999,43.639999,43.240002,43.580002,34.613457,18040500
2018-08-08,43.639999,43.959999,43.439999,43.840000,34.819954,13917100
2018-08-09,43.889999,44.110001,43.700001,43.779999,34.772301,14098900
2018-08-10,43.689999,43.950001,43.580002,43.779999,34.772301,14322100
2018-08-13,44.080002,44.389999,43.700001,43.750000,34.748470,18113200
2018-08-14,43.840000,44.279999,43.580002,44.000000,34.947037,15981300
2018-08-15,43.660000,44.500000,43.009998,43.860001,34.835846,27902200
2018-08-16,45.770000,46.090000,45.080002,45.160000,35.868374,48648500
2018-08-17,45.099998,46.080002,44.919998,45.869999,36.432289,23153900
2018-08-20,45.990002,46.330002,45.779999,46.220001,36.710281,19288500
2018-08-21,46.250000,46.430000,45.720001,45.779999,36.360813,18617300
2018-08-22,45.950001,46.160000,45.720001,45.990002,36.527596,13202900
2018-08-23,45.880001,46.250000,45.849998,46.020000,36.551434,15379000
2018-08-24,46.200001,46.439999,46.070000,46.320000,36.789696,15575200
2018-08-27,46.500000,46.860001,46.340000,46.590000,37.004154,17209900
2018-08-28,46.779999,47.270000,46.619999,46.950001,37.290092,19147300
2018-08-29,47.070000,47.619999,46.900002,47.480000,37.711021,20220600
2018-08-30,47.310001,47.540001,46.970001,47.150002,37.448936,16238500
2018-08-31,46.910000,47.830002,46.799999,47.770000,37.941368,24904200
2018-09-04,47.840000,48.060001,47.509998,47.730000,37.909592,19122200
2018-09-05,47.560001,47.650002,46.759998,47.270000,37.544239,20818100
2018-09-06,47.439999,47.900002,47.070000,47.279999,37.552177,16537600
2018-09-07,47.009998,47.490002,46.880001,47.049999,37.369511,17229700
2018-09-10,47.299999,47.459999,46.779999,47.070000,37.385380,16597200
2018-09-11,46.910000,47.169998,46.439999,47.029999,37.353619,17291500
2018-09-12,46.860001,47.009998,46.439999,46.889999,37.242420,16649400
2018-09-13,46.840000,47.400002,46.799999,47.240002,37.520412,17972100
2018-09-14,47.270000,47.490002,47.099998,47.400002,37.647491,13937000
2018-09-17,47.230000,47.580002,47.070000,47.110001,37.417168,14430200
2018-09-18,47.070000,47.650002,47.070000,47.459999,37.695156,16469600
2018-09-19,47.419998,47.619999,47.119999,47.279999,37.552177,12721900
2018-09-20,47.410000,47.810001,47.160000,47.730000,37.909592,17007800
2018-09-21,47.930000,48.639999,47.820000,48.560001,38.568825,59664600
2018-09-24,48.209999,48.619999,48.189999,48.439999,38.473515,21819300
2018-09-25,48.570000,48.880001,48.430000,48.470001,38.497334,15810800
2018-09-26,48.740002,49.060001,48.270000,48.410000,38.449684,20080100
2018-09-27,48.330002,48.759998,48.209999,48.330002,38.386147,15910100
2018-09-28,48.270000,48.799999,48.060001,48.650002,38.640301,15474300
2018-10-01,49.000000,49.139999,48.669998,48.869999,38.815041,13669500
2018-10-02,48.750000,49.139999,48.669998,49.009998,38.926231,15671600
2018-10-03,49.259998,49.470001,49.070000,49.139999,39.029495,16737500
2018-10-04,48.630001,48.770000,48.040001,48.380001,38.685658,22110900
2018-10-05,48.400002,48.849998,47.610001,48.130001,38.485744,19103300
2018-10-08,47.919998,48.500000,47.150002,47.520000,37.997986,23791400
2018-10-09,47.529999,48.029999,47.279999,47.490002,37.973999,17008400
2018-10-10,47.439999,47.509998,45.540001,45.630001,36.486691,33055800
2018-10-11,45.459999,45.599998,43.919998,44.119999,35.279274,36496300
2018-10-12,44.930000,45.849998,44.459999,45.709999,36.550663,35424000
2018-10-15,45.520000,45.720001,44.669998,44.669998,35.719067,26160500
2018-10-16,45.290001,45.939999,44.849998,45.820000,36.638615,22669400
2018-10-17,45.889999,46.230000,45.220001,45.939999,36.734581,17803400
2018-10-18,46.299999,46.490002,45.150002,45.459999,36.350765,19044600
2018-10-19,45.400002,46.200001,45.130001,45.340000,36.254810,21356300
2018-10-22,45.770000,46.279999,45.410000,45.759998,36.590645,19195400
2018-10-23,45.150002,45.770000,44.439999,45.419998,36.318771,21836200
2018-10-24,45.490002,45.680000,43.959999,44.070000,35.239285,29588800
2018-10-25,44.619999,45.810001,44.209999,45.470001,36.358761,27054500
2018-10-26,44.570000,45.110001,43.779999,44.250000,35.383217,31806600
2018-10-29,44.889999,45.049999,42.939999,43.840000,35.055367,28214200
2018-10-30,43.919998,44.700001,43.750000,44.580002,35.647099,25924600
2018-10-31,45.049999,46.299999,44.889999,45.750000,36.582653,26023700
2018-11-01,45.669998,45.880001,45.099998,45.650002,36.502693,24662100
2018-11-02,45.720001,46.090000,44.980000,45.480000,36.366753,25581300
2018-11-05,45.740002,46.439999,45.349998,46.139999,36.894493,17525200
2018-11-06,46.040001,46.619999,46.000000,46.500000,37.182373,15446700
2018-11-07,46.980000,47.930000,46.750000,47.900002,38.301834,19990400
2018-11-08,47.869999,48.439999,47.869999,48.439999,38.733635,21002000
2018-11-09,48.080002,48.250000,46.700001,47.110001,37.670143,22015400
2018-11-12,47.139999,47.250000,45.540001,45.619999,36.478699,25913500
2018-11-13,45.700001,46.060001,45.029999,45.119999,36.078884,26196700
2018-11-14,45.459999,45.639999,44.080002,44.330002,35.447186,36613500
2018-11-15,46.799999,47.099998,45.150002,46.770000,37.398266,45983300
2018-11-16,46.459999,47.040001,46.130001,46.349998,37.062416,31327400
2018-11-19,46.349998,46.580002,45.250000,45.750000,36.582653,28370400
2018-11-20,44.919998,45.290001,44.139999,44.490002,35.575123,28430600
2018-11-21,44.950001,45.180000,44.400002,44.889999,35.894978,20117400
2018-11-23,44.450001,45.119999,44.389999,44.540001,35.615116,9372900
2018-11-26,45.139999,45.639999,45.090000,45.570000,36.438721,18275900
2018-11-27,45.450001,46.389999,45.209999,46.119999,36.878521,21472700
2018-11-28,46.299999,47.480000,46.119999,47.290001,37.814079,24293800
2018-11-29,46.900002,47.759998,46.900002,47.340000,37.854053,22650800
2018-11-30,47.270000,47.910000,46.919998,47.869999,38.277836,41619100
2018-12-03,48.320000,48.790001,48.080002,48.740002,38.973522,24690100
2018-12-04,48.700001,49.139999,47.250000,47.349998,37.862045,30802700
2018-12-06,46.990002,48.459999,46.470001,48.389999,38.693649,40133000
2018-12-07,48.160000,48.490002,46.360001,46.439999,37.134377,38298000
2018-12-10,46.299999,47.130001,45.820000,46.860001,37.470222,28682000
2018-12-11,47.860001,47.900002,46.709999,47.090000,37.654156,26048500
2018-12-12,47.919998,48.200001,47.360001,47.419998,37.918015,23157200
2018-12-13,47.680000,47.970001,47.130001,47.470001,37.958008,20051700
2018-12-14,46.369999,46.619999,45.639999,45.820000,36.638615,27364500
2018-12-17,45.820000,45.990002,43.910000,44.200001,35.343235,36610300
2018-12-18,44.549999,44.610001,43.730000,44.060001,35.231285,30513800
2018-12-19,43.889999,44.919998,42.570000,43.139999,34.495632,34820100
2018-12-20,42.990002,43.230000,41.869999,42.490002,33.975883,38810900
2018-12-21,42.910000,43.459999,41.740002,41.849998,33.464115,77915100
2018-12-24,41.700001,41.810001,40.250000,40.279999,32.208725,24069400
2018-12-26,40.680000,42.500000,40.400002,42.470001,33.959900,33335900
2018-12-27,41.889999,42.930000,41.150002,42.910000,34.311733,28404100
2018-12-28,43.169998,43.529999,42.459999,42.770000,34.199783,22447300
2018-12-31,43.189999,43.549999,42.889999,43.330002,34.647568,20581200
2019-01-02,42.279999,43.200001,42.209999,42.950001,34.343716,23833500
2019-01-03,42.299999,42.410000,40.959999,41.070000,33.094704,29606700
2019-01-04,41.849998,43.000000,41.529999,42.919998,34.585445,27515000
2019-01-07,42.860001,43.650002,42.759998,43.209999,34.819145,19488100
2019-01-08,43.570000,43.939999,43.099998,43.560001,35.101166,22071400
2019-01-09,43.869999,43.869999,43.169998,43.320000,34.907776,22640000
2019-01-10,43.110001,43.290001,42.580002,43.240002,34.843311,23277600
2019-01-11,43.110001,43.540001,42.889999,43.490002,35.044765,17378400
2019-01-14,43.080002,43.389999,43.000000,43.209999,34.819145,16243600
2019-01-15,43.330002,44.040001,43.150002,44.020000,35.471855,17744100
2019-01-16,44.119999,44.240002,43.759998,43.959999,35.423504,17262500
2019-01-17,43.869999,44.529999,43.799999,44.209999,35.624943,18826200
2019-01-18,44.480000,45.349998,44.310001,45.029999,36.285717,24416500
2019-01-22,44.880001,45.240002,44.380001,44.779999,36.084270,21338400
2019-01-23,45.139999,45.880001,45.020000,45.459999,36.632221,24770400
2019-01-24,45.630001,45.750000,45.230000,45.610001,36.753086,17360600
2019-01-25,46.119999,46.660000,45.950001,46.130001,37.172100,24196600
2019-01-28,45.730000,45.770000,45.230000,45.750000,36.865902,18296700
2019-01-29,45.810001,46.049999,45.650002,45.959999,37.035126,14470100
2019-01-30,45.939999,46.930000,45.919998,46.709999,37.639477,18329300
2019-01-31,46.720001,47.380001,46.520000,47.290001,38.106853,23693600
2019-02-01,47.369999,47.560001,47.049999,47.340000,38.147156,16266500
2019-02-04,47.220001,47.470001,47.119999,47.349998,38.155205,15743100
2019-02-05,47.419998,47.459999,47.080002,47.259998,38.082672,16946300
2019-02-06,47.119999,47.590000,46.950001,47.480000,38.259949,18160500
2019-02-07,47.189999,47.320000,46.490002,46.700001,37.631439,20331200
2019-02-08,46.400002,47.200001,46.299999,47.189999,38.026272,18407100
2019-02-11,47.340000,47.709999,47.130001,47.580002,38.340546,19363600
2019-02-12,47.270000,48.150002,47.160000,47.889999,38.590351,23909200
2019-02-13,47.860001,47.950001,47.119999,47.500000,38.276081,28325600
2019-02-14,48.849998,49.680000,48.340000,48.400002,39.001312,47598600
2019-02-15,48.830002,49.590000,48.439999,49.430000,39.831291,30189600
2019-02-19,49.200001,49.930000,49.200001,49.650002,40.008564,20204500
2019-02-20,49.700001,49.799999,49.349998,49.630001,39.992458,17550900
2019-02-21,49.540001,49.720001,49.200001,49.410000,39.815174,17120600
2019-02-22,49.700001,50.220001,49.580002,50.110001,40.379242,22008100
2019-02-25,50.340000,51.000000,50.340000,50.790001,40.927197,24264300
2019-02-26,50.509998,51.410000,50.480000,51.180000,41.241467,19382500
2019-02-27,51.209999,51.650002,50.889999,51.590000,41.571846,19940900
2019-02-28,51.549999,51.959999,51.349998,51.770000,41.716896,30708500
2019-03-01,52.000000,52.090000,51.270000,51.410000,41.426800,23683700
2019-03-04,51.650002,51.919998,50.630001,51.160000,41.225353,18725900
2019-03-05,51.119999,51.509998,50.970001,51.299999,41.338161,14994200
2019-03-06,51.369999,51.790001,50.919998,51.669998,41.636307,19686900
2019-03-07,51.549999,51.970001,51.209999,51.290001,41.330105,22209200
2019-03-08,50.720001,51.130001,50.509998,51.070000,41.152828,18182200
2019-03-11,51.139999,52.090000,51.099998,51.919998,41.837765,17859300
2019-03-12,52.009998,52.279999,51.680000,52.150002,42.023098,19485300
2019-03-13,52.410000,52.860001,52.139999,52.590000,42.377659,20568000
2019-03-14,52.630001,52.959999,52.509998,52.740002,42.498535,19215900
2019-03-15,52.939999,53.619999,52.930000,53.200001,42.869209,43670700
2019-03-18,53.270000,53.939999,53.090000,53.509998,43.118999,19073800
2019-03-19,53.790001,54.000000,53.139999,53.310001,42.957844,20596400
2019-03-20,53.160000,53.869999,52.860001,53.259998,42.917545,21140800
2019-03-21,53.080002,54.230000,53.040001,53.939999,43.465500,20082700
2019-03-22,53.910000,54.139999,52.700001,52.740002,42.498535,23938500
2019-03-25,52.700001,52.930000,52.250000,52.730000,42.490479,18774900
2019-03-26,53.189999,53.490002,53.000000,53.230000,42.893379,17742700
2019-03-27,53.299999,53.660000,52.740002,53.139999,42.820866,20447500
2019-03-28,53.189999,53.689999,53.020000,53.360001,42.998142,13095000
2019-03-29,53.700001,54.000000,53.360001,53.990002,43.505791,19582300
2019-04-01,54.480000,55.020000,54.389999,54.980000,44.303558,19741700
2019-04-02,55.000000,55.410000,54.970001,55.290001,44.553341,17264000
2019-04-03,55.459999,55.799999,55.070000,55.630001,44.827332,21110400
2019-04-04,55.369999,55.680000,54.860001,55.139999,44.713806,16412100
2019-04-05,55.250000,55.610001,55.130001,55.209999,44.770554,13817500
2019-04-08,55.200001,55.560001,54.790001,55.490002,44.997620,13862800
2019-04-09,55.080002,55.419998,54.860001,55.180000,44.746239,15508400
2019-04-10,55.110001,55.840000,55.110001,55.820000,45.265221,13460200
2019-04-11,55.930000,55.950001,55.310001,55.599998,45.086815,13186000
2019-04-12,55.930000,56.360001,55.790001,56.290001,45.646358,14331700
2019-04-15,56.400002,56.610001,56.240002,56.560001,45.865299,12198400
2019-04-16,56.619999,57.529999,56.610001,56.950001,46.181549,19718300
2019-04-17,57.180000,57.320000,56.290001,56.310001,45.662567,26093600
2019-04-18,56.630001,56.700001,56.110001,56.400002,45.735550,18332000
2019-04-22,56.160000,56.599998,56.099998,56.340000,45.686897,11951500
2019-04-23,56.430000,56.700001,56.200001,56.689999,45.970707,18796600
2019-04-24,56.639999,57.150002,56.580002,56.880001,46.124786,13212000
2019-04-25,56.459999,56.779999,56.009998,56.330002,45.678795,15526900
2019-04-26,56.020000,56.369999,55.680000,55.880001,45.313873,18010900
2019-04-29,55.669998,56.220001,55.549999,56.130001,45.516602,16259500
2019-04-30,56.000000,56.119999,55.529999,55.950001,45.370640,20846000
2019-05-01,56.000000,56.349998,55.509998,55.580002,45.070606,17648500
2019-05-02,55.480000,55.889999,54.820000,54.939999,44.551613,24220600
2019-05-03,54.639999,54.990002,54.180000,54.939999,44.551613,26887100
2019-05-06,53.860001,54.759998,53.560001,54.590000,44.267803,17025900
2019-05-07,53.860001,54.240002,52.939999,53.450001,43.343349,25289700
2019-05-08,53.169998,53.939999,53.130001,53.470001,43.359570,21525100
2019-05-09,52.820000,53.209999,52.230000,52.919998,42.913570,24322800
2019-05-10,52.610001,53.549999,51.950001,53.360001,43.270370,21795900
2019-05-13,51.830002,52.259998,51.060001,51.299999,41.599888,28869900
2019-05-14,51.450001,52.439999,51.380001,52.020000,42.183754,25478300
2019-05-15,51.759998,52.709999,51.689999,52.439999,42.524330,30577200
2019-05-16,54.270000,56.400002,54.119999,55.930000,45.354416,46057800
2019-05-17,55.779999,56.830002,55.520000,56.349998,45.695004,27299300
2019-05-20,55.799999,56.389999,55.549999,56.009998,45.419292,21004100
2019-05-21,56.680000,56.750000,56.130001,56.520000,45.832851,18562300
2019-05-22,56.220001,56.299999,55.669998,55.689999,45.159798,19479200
2019-05-23,54.910000,55.009998,53.939999,54.189999,43.943432,22734200
2019-05-24,54.570000,54.669998,54.060001,54.369999,44.089401,13057600
2019-05-28,54.740002,55.029999,53.820000,53.930000,43.732590,29769200
2019-05-29,53.549999,53.549999,52.860001,53.180000,43.124401,19762100
2019-05-30,53.439999,53.779999,53.340000,53.570000,43.440651,12954300
2019-05-31,52.790001,52.880001,52.009998,52.029999,42.191845,20480400
2019-06-03,52.049999,52.570000,51.490002,51.779999,41.989124,22380500
2019-06-04,52.480000,53.639999,52.410000,53.230000,43.164951,21689300
2019-06-05,53.849998,54.790001,53.750000,54.750000,44.397545,22521900
2019-06-06,54.889999,55.299999,54.209999,55.099998,44.681362,15927300
2019-06-07,55.410000,56.299999,55.029999,55.930000,45.354416,17394900
2019-06-10,56.139999,56.650002,55.959999,56.419998,45.751778,16871000
2019-06-11,56.740002,57.560001,56.730000,57.110001,46.311295,26723700
2019-06-12,56.049999,56.590000,55.650002,55.860001,45.297657,23183000
2019-06-13,55.919998,56.270000,55.779999,56.169998,45.549038,15785300
2019-06-14,55.990002,56.020000,54.660000,54.750000,44.397545,22530500
2019-06-17,54.990002,55.470001,54.860001,55.400002,44.924637,20392600
2019-06-18,56.070000,56.650002,55.750000,56.049999,45.451729,21173200
2019-06-19,56.040001,56.369999,55.770000,56.130001,45.516602,21096300
2019-06-20,57.000000,57.540001,56.680000,57.410000,46.554573,20969800
2019-06-21,57.410000,58.150002,56.980000,57.029999,46.246418,57588800
2019-06-24,57.250000,57.290001,56.689999,57.180000,46.368065,17794100
2019-06-25,57.060001,57.200001,56.009998,56.080002,45.476063,25520600
2019-06-26,56.540001,57.049999,56.360001,56.599998,45.897739,19286100
2019-06-27,56.939999,57.250000,55.470001,55.730000,45.192234,23959900
2019-06-28,55.910000,55.980000,54.029999,54.730000,44.381321,103123400
2019-07-01,55.259998,55.349998,54.230000,54.740002,44.389427,28410000
2019-07-02,54.830002,55.919998,54.779999,55.810001,45.257114,20307100
2019-07-03,55.770000,56.540001,55.540001,56.480000,46.089462,13866800
2019-07-05,56.000000,56.730000,55.709999,56.599998,46.187393,14273900
2019-07-08,56.250000,56.480000,55.959999,56.189999,45.852806,15835100
2019-07-09,56.369999,56.689999,56.040001,56.340000,45.975224,19564000
2019-07-10,56.689999,57.650002,56.599998,57.130001,46.619892,19362600
2019-07-11,57.369999,57.619999,56.919998,57.299999,46.758610,15994600
2019-07-12,57.580002,57.990002,57.570000,57.950001,47.289024,13660400
2019-07-15,58.000000,58.230000,57.869999,58.049999,47.370636,8809700
2019-07-16,58.130001,58.259998,57.459999,57.619999,47.019737,11501100
2019-07-17,57.570000,57.790001,57.189999,57.209999,46.685173,9266900
2019-07-18,57.049999,57.790001,56.900002,57.740002,47.117664,10287400
2019-07-19,57.810001,58.070000,57.320000,57.360001,46.807579,13882400
2019-07-22,57.459999,58.009998,57.369999,57.730000,47.109505,10485600
2019-07-23,58.060001,58.099998,57.480000,57.709999,47.093178,12692200
2019-07-24,57.580002,57.680000,57.110001,57.230000,46.701488,18177000
2019-07-25,57.360001,57.500000,56.369999,56.619999,46.203709,15127200
2019-07-26,56.680000,56.840000,56.369999,56.529999,46.130268,15243000
2019-07-29,56.689999,57.150002,56.540001,56.930000,46.456676,12051100
2019-07-30,56.849998,56.900002,56.349998,56.470001,46.081310,9623400
2019-07-31,56.330002,56.830002,54.900002,55.400002,45.208157,17441200
2019-08-01,55.840000,56.889999,55.160000,55.389999,45.199989,19020600
2019-08-02,54.220001,54.320000,52.580002,53.250000,43.453686,29021900
2019-08-05,52.389999,52.540001,50.939999,51.369999,41.919544,29931800
2019-08-06,51.950001,52.730000,51.599998,52.599998,42.923267,20708400
2019-08-07,51.830002,52.490002,51.209999,52.340000,42.711102,24128600
2019-08-08,52.790001,53.360001,52.590000,53.160000,43.380238,26093500
2019-08-09,52.779999,52.869999,52.040001,52.430000,42.784534,17425000
2019-08-12,52.270000,52.360001,51.340000,51.540001,42.058273,16388300
2019-08-13,51.470001,53.070000,51.200001,52.720001,43.021187,21499500
2019-08-14,52.119999,52.119999,50.130001,50.610001,41.299358,28688100
2019-08-15,47.360001,47.939999,46.000000,46.250000,37.741451,61129100
2019-08-16,46.419998,47.360001,46.400002,46.959999,38.320839,24471800
2019-08-19,47.900002,48.599998,47.490002,48.500000,39.577534,26384800
2019-08-20,48.540001,48.590000,47.919998,47.930000,39.112396,18201600
2019-08-21,48.500000,48.930000,48.360001,48.770000,39.797867,18365400
2019-08-22,49.240002,49.330002,47.939999,48.180000,39.316406,21515100
2019-08-23,47.900002,48.520000,46.430000,46.610001,38.035236,25871100
2019-08-26,47.049999,47.270000,46.669998,47.099998,38.435093,14820100
2019-08-27,47.540001,47.650002,46.689999,46.790001,38.182114,20859000
2019-08-28,46.529999,46.959999,46.240002,46.869999,38.247398,11187600
2019-08-29,47.590000,47.910000,47.110001,47.270000,38.573814,14733400
2019-08-30,47.520000,47.570000,46.549999,46.810001,38.198444,19248400
2019-09-03,46.630001,46.970001,46.200001,46.500000,37.945465,17009400
2019-09-04,47.020000,47.410000,46.889999,47.320000,38.614613,13691300
2019-09-05,48.020000,48.709999,47.779999,48.419998,39.512245,18434200
2019-09-06,48.650002,48.990002,48.270000,48.840000,39.854984,17939100
2019-09-09,48.970001,49.009998,48.459999,48.580002,39.642818,21175100
2019-09-10,48.570000,49.349998,47.950001,49.209999,40.156918,16119200
2019-09-11,49.950001,50.070000,49.330002,50.029999,40.826054,18656000
2019-09-12,50.279999,50.299999,49.410000,49.930000,40.744457,16546700
2019-09-13,50.009998,50.220001,49.759998,50.029999,40.826054,15867800
2019-09-16,49.799999,50.180000,49.790001,49.959999,40.768944,13025600
2019-09-17,49.980000,50.020000,49.180000,49.410000,40.320118,16070600
2019-09-18,49.470001,49.740002,48.779999,49.340000,40.263004,12563800
2019-09-19,49.349998,49.919998,49.040001,49.189999,40.140594,15349400
2019-09-20,49.290001,49.869999,48.869999,49.599998,40.475174,48301300
2019-09-23,49.660000,49.750000,49.279999,49.419998,40.328274,16450000
2019-09-24,49.750000,50.200001,48.930000,49.119999,40.083477,26717200
2019-09-25,49.049999,49.770000,48.580002,49.610001,40.483330,14013500
2019-09-26,49.430000,49.490002,48.259998,48.830002,39.846828,20172900
2019-09-27,49.000000,49.470001,48.599998,48.840000,39.854984,16065300
2019-09-30,48.950001,49.660000,48.950001,49.410000,40.320118,14903600
2019-10-01,49.650002,49.869999,47.360001,47.740002,38.957340,24185600
2019-10-02,47.349998,47.380001,46.009998,46.560001,37.994431,30722400
2019-10-03,46.320000,47.080002,45.700001,47.060001,38.693314,15915500
2019-10-04,47.250000,47.630001,46.950001,47.520000,39.071529,16718800
2019-10-07,47.470001,48.130001,47.320000,47.770000,39.277077,14625200
2019-10-08,47.500000,47.540001,46.349998,46.389999,38.142426,23022400
2019-10-09,46.919998,47.169998,46.660000,46.840000,38.512428,16768600
2019-10-10,46.049999,46.230000,45.549999,46.150002,37.945091,24698500
2019-10-11,46.669998,47.299999,46.459999,46.560001,38.282207,25153600
2019-10-14,46.549999,46.549999,46.000000,46.049999,37.862877,15076900
2019-10-15,46.250000,46.580002,46.040001,46.360001,38.117764,18794400
2019-10-16,46.360001,46.880001,46.320000,46.790001,38.471306,16454200
2019-10-17,47.150002,47.299999,46.599998,47.029999,38.668640,14352400
2019-10-18,47.099998,47.270000,46.660000,46.709999,38.405533,17226200
2019-10-21,47.139999,47.480000,46.970001,47.389999,38.964645,13277700
2019-10-22,47.500000,47.889999,47.400002,47.549999,39.096191,15067100
2019-10-23,47.470001,47.700001,46.840000,47.049999,38.685093,15647100
2019-10-24,47.230000,47.230000,46.099998,46.410000,38.158878,18338800
2019-10-25,46.540001,46.990002,46.459999,46.900002,38.561756,15701200
2019-10-28,47.150002,47.599998,47.060001,47.169998,38.783760,13859700
2019-10-29,47.000000,47.430000,46.910000,47.240002,38.841309,13713900
2019-10-30,47.299999,47.580002,47.160000,47.560001,39.104416,12062000
2019-10-31,47.599998,47.650002,47.099998,47.509998,39.063301,12488300
2019-11-01,46.849998,47.490002,46.639999,47.029999,38.668640,24404100
2019-11-04,47.500000,47.880001,47.320000,47.480000,39.038635,15018900
2019-11-05,47.590000,47.919998,47.259998,47.759998,39.268867,18988900
2019-11-06,47.810001,48.500000,47.790001,48.270000,39.688190,15904500
2019-11-07,48.610001,48.980000,48.200001,48.419998,39.811523,16717800
2019-11-08,48.419998,48.849998,48.049999,48.830002,40.148628,14407000
2019-11-11,48.009998,48.470001,47.560001,48.099998,39.548409,19590400
2019-11-12,48.290001,48.740002,48.119999,48.369999,39.770412,15632900
2019-11-13,48.240002,48.849998,48.150002,48.459999,39.844410,25187000
2019-11-14,45.560001,46.000000,44.599998,44.910000,36.925556,65568900
2019-11-15,45.070000,45.650002,44.810001,45.090000,37.073551,32385000
2019-11-18,44.980000,45.189999,44.439999,45.150002,37.122879,22742800
2019-11-19,45.389999,45.599998,45.080002,45.470001,37.385990,19612600
2019-11-20,45.689999,45.740002,44.930000,45.080002,37.065331,18660800
2019-11-21,45.130001,45.150002,44.689999,44.840000,36.867992,19868800
2019-11-22,45.150002,45.169998,44.689999,44.849998,36.876221,18725700
2019-11-25,45.000000,45.549999,44.930000,45.450001,37.369553,19653300
2019-11-26,45.529999,45.770000,45.250000,45.310001,37.254448,29422000
2019-11-27,45.360001,45.419998,44.930000,45.240002,37.196884,14889900
2019-11-29,45.240002,45.540001,45.150002,45.310001,37.254448,9808900
2019-12-02,45.250000,45.330002,44.669998,44.700001,36.752892,17630100
2019-12-03,44.400002,44.490002,43.740002,44.279999,36.407562,19625500
2019-12-04,44.520000,44.549999,43.860001,43.889999,36.086895,17202200
2019-12-05,44.049999,44.099998,43.400002,43.520000,35.782681,22632800
2019-12-06,43.889999,44.060001,43.650002,43.840000,36.045784,16541000
2019-12-09,43.889999,44.369999,43.750000,43.900002,36.095116,17508500
2019-12-10,43.849998,44.180000,43.799999,44.099998,36.259567,21862400
2019-12-11,44.360001,44.450001,44.150002,44.279999,36.407562,16440500
2019-12-12,44.549999,45.770000,44.410000,45.669998,37.550430,27061600
2019-12-13,45.910000,46.049999,45.200001,45.299999,37.246223,21796900
2019-12-16,45.799999,46.590000,45.799999,45.980000,37.805325,21871300
2019-12-17,46.220001,46.520000,45.930000,46.439999,38.183544,22510000
2019-12-18,46.520000,46.759998,46.250000,46.639999,38.347984,21921200
2019-12-19,47.150002,47.990002,47.110001,47.880001,39.367527,30764700
2019-12-20,48.250000,48.369999,47.419998,47.450001,39.013981,52575300
2019-12-23,47.549999,48.299999,47.419998,48.099998,39.548409,20253500
2019-12-24,48.160000,48.250000,47.650002,47.779999,39.285305,7044700
2019-12-26,47.779999,48.000000,47.650002,47.849998,39.342857,11091700
2019-12-27,47.990002,48.020000,47.680000,47.770000,39.277077,11056800
2019-12-30,47.750000,47.880001,47.290001,47.590000,39.129082,12128600
2019-12-31,47.540001,47.980000,47.410000,47.959999,39.433300,14892600
2020-01-02,48.060001,48.419998,47.880001,48.419998,40.104191,16708100
2020-01-03,47.910000,48.139999,47.480000,47.630001,39.449875,15577400
2020-01-06,47.139999,47.820000,47.009998,47.799999,39.590675,22183600
2020-01-07,47.720001,47.720001,47.099998,47.490002,39.333916,16501900
2020-01-08,46.970001,47.790001,46.810001,47.520000,39.358757,25175900
2020-01-09,47.790001,47.880001,47.070000,47.320000,39.193123,18203600
2020-01-10,47.480000,47.560001,47.060001,47.130001,39.035736,13502600
2020-01-13,47.310001,47.980000,47.299999,47.970001,39.731480,18237400
2020-01-14,47.959999,47.990002,47.619999,47.790001,39.582394,17948700
2020-01-15,47.919998,48.400002,47.759998,48.009998,39.764606,16289400
2020-01-16,48.380001,49.080002,48.230000,49.049999,40.625992,20094900
2020-01-17,49.310001,49.540001,48.869999,49.020000,40.601143,27176200
2020-01-21,48.959999,49.200001,48.669998,48.799999,40.418930,21771800
2020-01-22,49.279999,49.529999,49.040001,49.070000,40.642559,15186000
2020-01-23,49.000000,49.180000,48.410000,49.000000,40.584583,16767700
2020-01-24,49.220001,49.480000,48.540001,48.849998,40.460342,14066700
2020-01-27,47.889999,48.070000,47.270000,47.470001,39.317348,20666000
2020-01-28,47.520000,47.970001,47.500000,47.770000,39.565819,14035100
2020-01-29,47.970001,47.980000,46.930000,47.049999,38.969475,14273600
2020-01-30,46.540001,47.270000,46.259998,47.240002,39.126854,14822600
2020-01-31,46.990002,47.000000,45.840000,45.970001,38.074959,20069900
2020-02-03,46.400002,46.830002,46.209999,46.529999,38.538776,15374900
2020-02-04,47.220001,47.709999,47.110001,47.619999,39.441578,13947300
2020-02-05,48.330002,48.599998,48.150002,48.450001,40.129028,17042300
2020-02-06,48.689999,48.820000,48.220001,48.689999,40.327816,9814800
2020-02-07,48.599998,48.770000,47.869999,47.970001,39.731480,16807500
2020-02-10,47.990002,48.889999,47.880001,48.869999,40.476910,19012700
2020-02-11,49.389999,49.709999,48.860001,49.130001,40.692257,23168300
2020-02-12,49.430000,50.279999,49.400002,49.930000,41.354855,31686200
2020-02-13,47.150002,47.669998,46.580002,47.320000,39.193123,47044700
2020-02-14,47.160000,47.220001,46.480000,46.970001,38.903221,26747200
2020-02-18,46.820000,46.849998,46.290001,46.590000,38.588470,18546300
2020-02-19,46.689999,46.810001,45.900002,46.290001,38.340004,27626400
2020-02-20,46.090000,46.959999,45.900002,46.849998,38.803833,20416700
2020-02-21,46.730000,46.849998,46.049999,46.299999,38.348286,20028700
2020-02-24,45.000000,45.680000,44.000000,44.000000,36.443298,35295900
2020-02-25,44.049999,44.209999,42.070000,42.740002,35.399696,48024700
2020-02-26,42.970001,43.380001,41.939999,42.160000,34.919296,38513200
2020-02-27,41.279999,42.099998,40.009998,40.040001,33.163391,51442900
2020-02-28,38.700001,40.549999,38.349998,39.930000,33.072292,80188000
2020-03-02,40.150002,41.189999,38.919998,41.169998,34.099327,48864300
2020-03-03,41.259998,41.900002,39.709999,40.040001,33.163391,49294700
2020-03-04,40.720001,41.450001,39.799999,41.389999,34.281536,30022100
2020-03-05,40.169998,40.509998,39.290001,39.570000,32.774128,30255900
2020-03-06,38.000000,39.950001,37.799999,39.680000,32.865238,48605600
2020-03-09,36.900002,39.560001,36.290001,37.959999,31.440620,61535300
2020-03-10,39.250000,40.150002,37.869999,40.080002,33.196533,50536500
2020-03-11,39.020000,39.160000,36.369999,37.049999,30.686916,63594300
2020-03-12,34.500000,35.820000,33.000000,33.200001,27.498127,51855300
2020-03-13,35.180000,37.680000,33.330002,37.639999,31.175587,53859600
2020-03-16,33.230000,36.990002,32.400002,33.709999,27.920532,44211300
2020-03-17,34.700001,36.250000,33.599998,35.500000,29.403118,41572400
2020-03-18,33.759998,37.709999,33.310001,37.119999,30.744890,56904300
2020-03-19,37.049999,39.320000,36.150002,37.709999,31.233555,58319700
2020-03-20,38.270000,38.470001,35.400002,35.599998,29.485931,48582500
2020-03-23,35.509998,35.820000,33.740002,34.599998,28.657679,39823400
2020-03-24,36.410000,38.680000,35.540001,38.599998,31.970716,48235600
2020-03-25,38.650002,39.950001,37.500000,37.669998,31.200428,42873900
2020-03-26,37.970001,40.919998,37.369999,40.580002,33.610664,38473300
2020-03-27,39.209999,40.150002,38.410000,38.820000,32.152924,31278600
2020-03-30,39.450001,40.490002,38.959999,40.320000,33.395306,27120300
2020-03-31,40.130001,40.419998,39.110001,39.310001,32.558769,26014200
2020-04-01,38.169998,38.860001,37.869999,38.330002,31.747087,26790700
2020-04-02,37.840000,39.950001,37.470001,39.799999,33.277161,28180500
2020-04-03,39.820000,40.290001,38.540001,39.060001,32.658436,21235200
2020-04-06,40.459999,41.680000,39.779999,41.430000,34.640011,31641400
2020-04-07,42.660000,42.740002,40.590000,40.639999,33.979492,30366100
2020-04-08,41.169998,42.200001,40.869999,41.740002,34.899208,22683500
2020-04-09,42.090000,42.200001,40.849998,41.200001,34.447716,27643900
2020-04-13,41.040001,41.459999,40.529999,41.220001,34.464432,19592000
2020-04-14,41.910000,42.820000,41.529999,42.779999,35.768768,22882400
2020-04-15,42.200001,42.369999,41.230000,41.520000,34.715267,18428800
2020-04-16,41.759998,41.790001,40.680000,41.500000,34.698544,26178000
2020-04-17,42.250000,42.639999,41.740002,42.480000,35.517929,30701500
2020-04-20,41.919998,43.290001,41.790001,42.540001,35.568100,23438800
2020-04-21,41.830002,41.990002,40.410000,40.549999,33.904243,31661000
2020-04-22,41.270000,42.090000,41.110001,41.759998,34.915936,18330700
2020-04-23,41.889999,42.549999,41.529999,41.619999,34.798878,16100200
2020-04-24,41.840000,42.660000,41.650002,42.520000,35.551376,14639200
2020-04-27,42.700001,43.220001,42.580002,43.060001,36.002888,17937900
2020-04-28,43.500000,43.630001,42.410000,42.490002,35.526295,16427700
2020-04-29,43.349998,43.480000,42.930000,43.340000,36.236988,17430100
2020-04-30,43.169998,43.169998,42.169998,42.380001,35.434322,26679900
2020-05-01,41.720001,41.810001,40.770000,40.919998,34.213596,22095300
2020-05-04,40.950001,41.410000,40.490002,41.349998,34.573135,15997700
2020-05-05,41.610001,41.930000,41.389999,41.459999,34.665092,15060200
2020-05-06,41.560001,41.689999,40.970001,41.150002,34.405918,16040300
2020-05-07,41.590000,41.770000,41.220001,41.369999,34.589851,20173600
2020-05-08,42.020000,43.020000,41.700001,42.990002,35.944351,21959100
2020-05-11,42.779999,43.650002,42.610001,43.320000,36.220272,26182700
2020-05-12,43.939999,44.299999,43.189999,43.220001,36.136646,25817100
2020-05-13,43.410000,43.570000,41.310001,41.950001,35.074802,36986700
2020-05-14,43.430000,44.580002,43.259998,43.849998,36.663403,50417700
2020-05-15,42.930000,44.380001,42.849998,44.270000,37.014568,30573000
2020-05-18,45.209999,45.299999,44.330002,45.060001,37.675102,26966500
2020-05-19,44.830002,44.980000,44.410000,44.610001,37.298851,24345400
2020-05-20,45.049999,45.820000,45.029999,45.439999,37.992821,20184500
2020-05-21,45.450001,45.660000,44.560001,44.639999,37.323936,18674900
2020-05-22,44.669998,44.950001,44.119999,44.900002,37.541321,12592800
2020-05-26,45.779999,45.799999,44.680000,44.840000,37.491146,21776900
2020-05-27,45.040001,45.980000,44.799999,45.959999,38.427589,22157200
2020-05-28,45.900002,46.459999,45.369999,45.599998,38.126591,20013000
2020-05-29,46.040001,47.820000,45.410000,47.820000,39.982761,43553600
2020-06-01,47.150002,47.290001,46.230000,46.299999,38.711872,18712400
2020-06-02,46.400002,46.900002,45.880001,46.889999,39.205181,17285900
2020-06-03,46.980000,47.200001,46.540001,46.939999,39.246983,17492000
2020-06-04,46.770000,47.250000,46.529999,46.860001,39.180096,14100700
2020-06-05,47.270000,48.290001,47.200001,47.830002,39.991131,22591100
2020-06-08,47.459999,48.160000,47.119999,48.130001,40.241951,17820900
2020-06-09,48.020000,48.240002,47.490002,48.049999,40.175072,18597300
2020-06-10,47.660000,47.830002,47.119999,47.419998,39.648312,18462400
2020-06-11,46.990002,47.000000,43.639999,43.669998,36.512894,35582000
2020-06-12,44.959999,45.860001,44.110001,45.070000,37.683460,26125600
2020-06-15,44.119999,45.759998,43.930000,45.349998,37.917564,21300100
2020-06-16,47.410000,47.490002,45.910000,46.480000,38.862366,28074600
2020-06-17,46.750000,46.820000,45.900002,46.169998,38.603176,20399100
2020-06-18,45.790001,46.049999,45.349998,45.830002,38.318913,22423500
2020-06-19,46.259998,46.509998,45.049999,45.320000,37.892487,36103200
2020-06-22,45.110001,45.459999,44.810001,45.160000,37.758694,18398600
2020-06-23,45.919998,46.150002,45.320000,45.470001,38.017902,23222400
2020-06-24,45.290001,45.470001,44.389999,44.750000,37.415897,22840100
2020-06-25,44.770000,45.320000,44.200001,45.220001,37.808876,19114900
2020-06-26,45.119999,46.509998,44.630001,46.310001,38.720230,106928300
2020-06-29,46.340000,46.450001,45.669998,46.150002,38.586456,23875400
2020-06-30,46.150002,47.009998,46.099998,46.639999,38.996151,21888800
2020-07-01,46.540001,46.720001,46.000000,46.060001,38.511192,17129500
2020-07-02,46.070000,46.220001,45.480000,45.630001,38.452225,19632000
2020-07-06,46.070000,46.490002,45.869999,46.419998,39.117943,16152900
2020-07-07,46.119999,46.290001,45.560001,45.630001,38.452225,17102800
2020-07-08,45.590000,46.070000,45.320000,45.810001,38.603909,15020800
2020-07-09,46.599998,47.200001,46.220001,46.700001,39.353905,26027700
2020-07-10,46.730000,46.919998,46.240002,46.660000,39.320190,13775700
2020-07-13,46.869999,46.990002,45.779999,45.930000,38.705029,17965500
2020-07-14,45.490002,46.500000,45.410000,46.259998,38.983101,19303500
2020-07-15,46.500000,46.830002,45.990002,46.400002,39.101101,15705000
2020-07-16,45.700001,45.830002,45.200001,45.779999,38.578629,17709400
2020-07-17,46.040001,46.930000,45.880001,46.750000,39.396042,20389700
2020-07-20,46.669998,47.099998,46.259998,46.970001,39.581436,15966500
2020-07-21,47.279999,47.330002,46.849998,47.020000,39.623562,16044700
2020-07-22,47.020000,47.110001,46.529999,46.900002,39.522457,27218300
2020-07-23,46.980000,47.700001,46.680000,47.410000,39.952209,23750200
2020-07-24,47.490002,47.639999,46.110001,46.400002,39.101101,16983600
2020-07-27,46.660000,47.259998,46.150002,47.189999,39.766827,15576000
2020-07-28,46.980000,47.080002,46.209999,46.279999,38.999969,13975300
2020-07-29,46.400002,46.880001,46.369999,46.709999,39.362339,11618200
2020-07-30,46.130001,46.459999,45.380001,46.439999,39.134804,15385100
2020-07-31,46.389999,47.110001,45.860001,47.099998,39.690975,17701100
2020-08-03,47.139999,47.360001,46.680000,47.160000,39.741547,14141100
2020-08-04,47.009998,47.669998,46.910000,47.669998,40.171326,12839500
2020-08-05,47.669998,47.730000,47.049999,47.330002,39.884808,13075600
2020-08-06,47.230000,47.830002,47.099998,47.770000,40.255577,14190900
2020-08-07,47.330002,47.599998,47.029999,47.430000,39.969074,17054300
2020-08-10,47.160000,48.000000,47.160000,47.730000,40.221882,14999200
2020-08-11,47.900002,48.450001,47.090000,47.189999,39.766827,18859600
2020-08-12,47.279999,48.130001,47.270000,48.099998,40.533669,26823700
2020-08-13,43.790001,43.840000,42.380001,42.720001,35.999973,91849500
2020-08-14,42.490002,42.880001,42.270000,42.500000,35.814579,32539500
2020-08-17,42.549999,42.759998,41.860001,42.090000,35.469070,30511700
2020-08-18,42.130001,42.290001,41.810001,41.980000,35.376381,23344600
2020-08-19,42.099998,42.349998,41.779999,41.869999,35.283676,20097400
2020-08-20,41.869999,42.419998,41.730000,42.310001,35.654469,18443900
2020-08-21,42.049999,42.299999,41.810001,42.250000,35.603912,17389600
2020-08-24,42.070000,42.470001,42.000000,42.180000,35.544914,17742900
2020-08-25,42.230000,42.299999,41.779999,41.959999,35.359520,15417400
2020-08-26,41.650002,42.279999,41.450001,42.250000,35.603912,21625800
2020-08-27,42.400002,42.470001,42.020000,42.290001,35.637611,22456800
2020-08-28,42.139999,42.299999,42.000000,42.200001,35.561768,16573600
2020-08-31,42.099998,42.349998,41.939999,42.220001,35.578613,21298000
2020-09-01,42.000000,42.070000,41.500000,42.029999,35.418507,23325100
2020-09-02,42.040001,42.689999,42.029999,42.419998,35.747166,30045700
2020-09-03,41.750000,41.830002,40.669998,40.950001,34.508400,39288100
2020-09-04,41.200001,41.430000,40.439999,40.820000,34.398842,34867400
2020-09-08,40.049999,40.610001,39.970001,40.000000,33.707848,29101800
2020-09-09,40.099998,40.480000,39.720001,40.130001,33.817387,23351600
2020-09-10,40.029999,40.639999,39.419998,39.570000,33.345474,25108800
2020-09-11,39.770000,40.049999,39.520000,39.880001,33.606712,21853000
2020-09-14,40.220001,40.639999,40.049999,40.369999,34.019638,19866700
2020-09-15,40.509998,40.840000,40.380001,40.599998,34.213455,19024100
2020-09-16,40.720001,41.169998,40.389999,40.419998,34.061768,24310200
2020-09-17,39.660000,40.400002,39.509998,40.369999,34.019638,22225900
2020-09-18,40.180000,40.320000,39.580002,39.810001,33.547726,44450800
2020-09-21,39.310001,39.470001,38.689999,39.040001,32.898853,28495000
2020-09-22,39.180000,39.459999,38.880001,39.320000,33.134811,17656800
2020-09-23,39.230000,39.389999,38.180000,38.279999,32.258408,24843200
2020-09-24,38.000000,38.160000,37.599998,37.849998,31.896044,30910400
2020-09-25,37.759998,38.540001,37.619999,38.450001,32.401665,22966600
2020-09-28,39.200001,39.290001,38.790001,39.130001,32.974701,24275700
2020-09-29,39.070000,39.380001,38.830002,39.060001,32.915699,16353700
2020-09-30,39.090000,39.700001,39.020000,39.389999,33.193790,27113200
2020-10-01,39.099998,39.310001,38.570000,38.799999,32.998188,20763500
2020-10-02,38.049999,38.549999,37.970001,38.270000,32.547443,24493000
2020-10-05,38.480000,38.790001,38.279999,38.570000,32.802582,26929100
2020-10-06,38.500000,39.349998,38.400002,38.570000,32.802582,28430800
2020-10-07,38.980000,39.580002,38.779999,39.400002,33.508476,20593700
2020-10-08,39.799999,40.180000,39.660000,39.790001,33.840149,19031300
2020-10-09,40.150002,40.230000,39.720001,39.849998,33.891182,16167500
2020-10-12,39.930000,40.529999,39.630001,40.360001,34.324921,22757200
2020-10-13,40.540001,40.610001,39.709999,39.810001,33.857159,23438300
2020-10-14,39.849998,40.419998,39.759998,39.889999,33.925194,16439100
2020-10-15,39.470001,40.000000,39.349998,39.970001,33.993229,15451400
2020-10-16,39.880001,40.299999,39.549999,40.160000,34.154827,21292500
2020-10-19,40.150002,40.380001,39.160000,39.299999,33.423412,19600500
2020-10-20,39.439999,39.509998,39.029999,39.200001,33.338375,16564900
2020-10-21,39.310001,39.570000,38.980000,39.060001,33.219307,17016300
2020-10-22,38.849998,38.959999,38.380001,38.820000,33.015190,20399000
2020-10-23,38.930000,38.970001,38.650002,38.820000,33.015190,15556100
2020-10-26,38.400002,38.430000,37.150002,37.669998,32.037155,29146500
2020-10-27,37.380001,37.500000,36.590000,36.869999,31.356777,37911500
2020-10-28,36.320000,36.509998,35.680000,35.709999,30.370241,34561500
2020-10-29,35.509998,36.070000,35.279999,35.689999,30.353222,35332000
2020-10-30,35.599998,35.930000,35.490002,35.900002,30.531828,29151200
2020-11-02,36.189999,36.349998,35.669998,35.900002,30.531828,23483100
2020-11-03,36.360001,37.330002,36.299999,36.680000,31.195200,27342900
2020-11-04,37.029999,37.299999,36.500000,36.570000,31.101648,30121900
2020-11-05,37.020000,37.299999,36.910000,37.230000,31.662947,23149700
2020-11-06,37.560001,37.599998,37.080002,37.529999,31.918093,19475300
2020-11-09,39.919998,40.230000,38.119999,38.200001,32.487904,42649500
2020-11-10,38.209999,39.029999,38.169998,38.720001,32.930145,31514500
2020-11-11,39.009998,39.450001,38.439999,39.330002,33.448940,27332800
2020-11-12,38.980000,39.389999,38.400002,38.669998,32.887615,29368300
2020-11-13,41.200001,41.520000,40.560001,41.400002,35.209412,49106400
2020-11-16,41.740002,42.590000,41.349998,42.540001,36.178936,34572600
2020-11-17,41.919998,42.349998,41.619999,41.880001,35.617630,23140900
2020-11-18,41.900002,42.240002,41.259998,41.320000,35.141365,21327700
2020-11-19,41.000000,41.369999,40.770000,41.169998,35.013798,22177700
2020-11-20,41.049999,41.389999,40.919998,40.970001,34.843700,19776300
2020-11-23,41.029999,41.799999,41.020000,41.639999,35.413521,19651400
2020-11-24,42.139999,42.709999,41.900002,42.610001,36.238476,22849700
2020-11-25,42.779999,42.799999,42.209999,42.500000,36.144917,22617700
2020-11-27,42.860001,42.980000,42.639999,42.700001,36.315022,10769500
2020-11-30,42.439999,43.049999,42.410000,43.020000,36.587166,34741600
2020-12-01,43.009998,44.070000,43.009998,43.540001,37.029404,23942500
2020-12-02,43.389999,43.959999,43.349998,43.889999,37.327072,17422200
2020-12-03,43.779999,44.139999,43.599998,44.110001,37.514183,27710700
2020-12-04,43.889999,44.509998,43.889999,44.380001,37.743793,17319800
2020-12-07,44.290001,44.490002,43.910000,44.349998,37.718285,14086800
2020-12-08,44.209999,44.529999,43.930000,44.369999,37.735298,13348500
2020-12-09,44.470001,44.830002,44.360001,44.689999,38.007450,22679800
2020-12-10,44.540001,44.610001,44.110001,44.320000,37.692776,17741500
2020-12-11,43.939999,44.330002,43.720001,44.320000,37.692776,14577700
2020-12-14,44.270000,44.910000,44.150002,44.240002,37.624737,16112300
2020-12-15,44.389999,44.799999,44.139999,44.720001,38.032963,18159400
2020-12-16,44.700001,45.139999,44.529999,44.720001,38.032963,16192000
2020-12-17,44.910000,44.930000,44.599998,44.820000,38.118008,16141600
2020-12-18,44.900002,45.570000,44.770000,45.439999,38.645302,41027000
2020-12-21,44.470001,44.959999,44.070000,44.880001,38.169041,19865300
2020-12-22,44.439999,45.070000,44.439999,44.689999,38.007450,16024000
2020-12-23,44.650002,44.799999,44.349998,44.380001,37.743793,12032600
2020-12-24,44.450001,44.590000,44.230000,44.540001,37.879883,5720500
2020-12-28,44.930000,45.340000,44.720001,44.919998,38.203045,13458400
2020-12-29,44.970001,45.250000,44.529999,44.639999,37.964924,11829000
2020-12-30,44.740002,45.060001,44.439999,44.480000,37.828838,11043100
2020-12-31,44.380001,44.840000,44.160000,44.750000,38.058475,15105500
2021-01-04,44.310001,44.369999,43.349998,43.959999,37.689804,24392500
2021-01-05,43.680000,44.070000,43.380001,43.980000,37.706959,17763700
2021-01-06,44.130001,44.869999,43.889999,44.400002,38.067047,21823100
2021-01-07,44.200001,45.110001,44.169998,44.959999,38.547169,18218800
2021-01-08,44.480000,45.410000,44.250000,45.060001,38.632915,20936300
2021-01-11,45.150002,45.950001,45.020000,45.360001,38.890121,25058200
2021-01-12,45.299999,45.930000,44.959999,45.790001,39.258789,20145000
2021-01-13,45.290001,45.970001,45.180000,45.360001,38.890121,19367300
2021-01-14,44.869999,45.599998,44.849998,45.150002,38.710079,22333500
2021-01-15,44.959999,45.650002,44.880001,45.430000,38.950138,30271700
2021-01-19,45.330002,45.630001,44.770000,45.189999,38.744373,28868800
2021-01-20,45.330002,45.500000,45.139999,45.340000,38.872978,16499400
2021-01-21,45.200001,45.240002,44.720001,45.110001,38.675781,17488400
2021-01-22,44.750000,44.889999,44.230000,44.770000,38.384281,14643400
2021-01-25,45.040001,45.169998,44.709999,45.029999,38.607189,16581300
2021-01-26,44.889999,45.349998,44.770000,45.259998,38.804386,13087800
2021-01-27,45.240002,46.459999,45.080002,45.700001,39.181629,29634500
2021-01-28,45.910000,46.270000,45.299999,45.340000,38.872978,21166000
2021-01-29,44.849998,45.369999,44.480000,44.580002,38.221375,22608100
2021-02-01,44.919998,45.630001,44.660000,45.400002,38.924412,16776900
2021-02-02,45.520000,45.939999,45.430000,45.830002,39.293095,16520900
2021-02-03,45.750000,46.160000,45.540001,45.770000,39.241642,13173600
2021-02-04,45.869999,47.320000,45.770000,47.250000,40.510555,22285700
2021-02-05,47.570000,48.340000,47.500000,48.080002,41.222157,25488600
2021-02-08,48.560001,49.340000,48.560001,48.939999,41.959488,25215400
2021-02-09,48.770000,48.830002,48.410000,48.500000,41.582253,24795000
2021-02-10,46.150002,47.410000,45.830002,47.240002,40.501965,44540900
2021-02-11,47.349998,47.910000,47.200001,47.580002,40.793476,18589900
2021-02-12,47.430000,47.689999,46.910000,47.290001,40.544834,15239800
2021-02-16,47.259998,47.259998,46.400002,46.509998,39.876091,18539000
2021-02-17,46.320000,46.400002,45.869999,46.250000,39.653179,13296300
2021-02-18,46.389999,46.400002,45.689999,46.340000,39.730347,16867500
2021-02-19,46.540001,46.610001,45.580002,45.680000,39.164490,25117700
2021-02-22,45.290001,45.680000,44.820000,45.430000,38.950138,21435800
2021-02-23,45.259998,45.779999,45.099998,45.509998,39.018723,19714900
2021-02-24,45.240002,45.799999,45.040001,45.740002,39.215927,17823600
2021-02-25,45.590000,46.240002,45.240002,45.520000,39.027298,21916700
2021-02-26,45.580002,45.779999,44.759998,44.869999,38.470009,22144900
2021-03-01,45.220001,46.220001,45.220001,45.919998,39.370247,17394100
2021-03-02,45.930000,46.080002,45.419998,45.520000,39.027298,14833000
2021-03-03,45.430000,45.529999,45.000000,45.130001,38.692936,16851100
2021-03-04,45.139999,45.470001,44.150002,44.560001,38.204227,24653500
2021-03-05,45.450001,46.740002,45.270000,46.250000,39.653179,33197600
2021-03-08,46.240002,48.400002,46.200001,47.509998,40.733459,34824500
2021-03-09,47.820000,48.369999,47.720001,47.889999,41.059261,26512700
2021-03-10,48.470001,48.790001,48.189999,48.290001,41.402210,19841500
2021-03-11,48.509998,49.080002,48.230000,48.799999,41.839458,21976600
2021-03-12,48.810001,48.990002,48.470001,48.820000,41.856602,15196500
2021-03-15,48.900002,49.439999,48.900002,49.410000,42.362457,15523600
2021-03-16,49.189999,49.740002,49.189999,49.669998,42.585373,17282300
2021-03-17,49.610001,49.610001,48.889999,49.419998,42.371033,18326900
2021-03-18,48.520000,49.570000,48.520000,48.799999,41.839458,18416900
2021-03-19,48.709999,49.220001,48.320000,48.980000,41.993786,65366800
2021-03-22,48.939999,50.380001,48.939999,50.299999,43.125507,28813900
2021-03-23,50.020000,50.680000,49.900002,50.009998,42.876877,28328200
2021-03-24,49.939999,50.450001,49.619999,49.650002,42.568222,26444700
2021-03-25,50.580002,51.400002,50.290001,50.509998,43.305553,34537700
2021-03-26,50.599998,52.639999,50.560001,52.570000,45.071739,31997000
2021-03-29,52.400002,52.939999,52.279999,52.520000,45.028858,25032800
2021-03-30,52.110001,52.290001,51.180000,51.770000,44.385838,22465100
2021-03-31,51.830002,52.049999,51.549999,51.709999,44.334400,22212400
2021-04-01,51.750000,52.070000,51.349998,51.980000,44.565880,17896200
2021-04-05,51.630001,52.919998,51.630001,52.410000,45.256683,19860900
2021-04-06,51.980000,52.220001,51.779999,52.029999,44.928558,15126100
2021-04-07,52.009998,52.139999,51.580002,51.770000,44.704052,15783600
2021-04-08,51.939999,52.000000,51.450001,51.910000,44.824932,15111300
2021-04-09,51.830002,52.150002,51.680000,52.090000,44.980366,13135800
2021-04-12,52.070000,52.160000,51.470001,51.570000,44.531342,16441700
2021-04-13,51.639999,51.880001,51.340000,51.660000,44.609062,13353200
2021-04-14,51.509998,51.680000,51.139999,51.369999,44.358639,15376600
2021-04-15,51.759998,51.939999,51.369999,51.639999,44.591789,17869800
2021-04-16,52.450001,53.180000,52.259998,52.799999,45.593475,28327900
2021-04-19,52.529999,52.959999,52.490002,52.849998,45.636642,20245600
2021-04-20,52.590000,52.790001,51.599998,51.790001,44.721317,21257500
2021-04-21,51.840000,52.070000,51.480000,51.930000,44.842216,14015500
2021-04-22,51.810001,52.090000,51.380001,51.500000,44.470890,15564800
2021-04-23,51.500000,52.130001,51.180000,51.910000,44.824932,14016800
2021-04-26,51.650002,51.770000,51.500000,51.639999,44.591789,13778200
2021-04-27,51.580002,51.669998,51.349998,51.369999,44.358639,13601000
2021-04-28,51.560001,51.770000,50.919998,51.110001,44.134132,14984000
2021-04-29,51.180000,51.599998,50.980000,51.459999,44.436363,13916600
2021-04-30,51.220001,51.230000,50.410000,50.910000,43.961422,19930200
2021-05-03,51.209999,51.400002,50.810001,51.169998,44.185936,13465900
2021-05-04,51.110001,51.230000,50.299999,50.709999,43.788727,18164800
2021-05-05,50.990002,51.250000,50.680000,51.130001,44.151402,16205300
2021-05-06,51.070000,52.709999,50.950001,52.439999,45.282600,27106800
2021-05-07,52.480000,53.680000,52.220001,53.430000,46.137470,24146000
2021-05-10,53.970001,54.139999,53.160000,53.160000,45.904335,23845600
2021-05-11,53.099998,53.110001,52.110001,52.830002,45.619373,20220900
2021-05-12,52.180000,52.430000,51.470001,51.599998,44.557255,22123300
2021-05-13,52.110001,52.810001,51.880001,52.490002,45.325783,15864000
2021-05-14,52.930000,53.220001,52.599998,52.900002,45.679817,14789400
2021-05-17,52.759998,53.150002,52.680000,52.939999,45.714355,15731000
2021-05-18,52.799999,53.340000,52.740002,52.930000,45.705719,20177200
2021-05-19,51.880001,52.660000,51.860001,52.470001,45.308502,29187900
2021-05-20,50.410000,52.970001,50.099998,52.849998,45.636642,48830800
2021-05-21,52.770000,52.930000,52.240002,52.430000,45.273972,24468400
2021-05-24,52.959999,53.770000,52.790001,53.389999,46.102940,21128900
2021-05-25,53.369999,53.580002,53.139999,53.310001,46.033859,20657200
2021-05-26,53.349998,53.610001,52.820000,52.910000,45.688450,18671200
2021-05-27,52.930000,53.349998,52.580002,52.919998,45.697083,56216100
2021-05-28,53.180000,53.220001,52.840000,52.900002,45.679817,14863500
2021-06-01,52.959999,53.320000,52.430000,52.619999,45.438034,15741700
2021-06-02,52.650002,52.990002,52.400002,52.959999,45.731621,14529300
2021-06-03,52.799999,53.560001,52.619999,53.330002,46.051121,17593100
2021-06-04,53.439999,54.169998,53.439999,54.070000,46.690117,11676700
2021-06-07,54.320000,54.439999,53.790001,53.919998,46.560600,14899800
2021-06-08,53.970001,54.389999,53.889999,54.130001,46.741943,15329700
2021-06-09,54.180000,54.419998,53.939999,54.020000,46.646950,14860900
2021-06-10,54.430000,55.080002,54.270000,55.029999,47.519089,22183500
2021-06-11,55.189999,55.349998,54.540001,54.770000,47.294579,17134000
2021-06-14,54.389999,54.529999,53.529999,54.169998,46.776478,15131400
2021-06-15,54.230000,54.320000,53.730000,53.790001,46.448345,12542600
2021-06-16,53.849998,53.919998,53.130001,53.470001,46.172020,15477900
2021-06-17,53.410000,53.549999,53.009998,53.130001,45.878426,18288400
2021-06-18,52.810001,52.840000,51.880001,52.070000,44.963093,35758300
2021-06-21,52.369999,53.410000,52.290001,53.180000,45.921597,17682200
2021-06-22,53.299999,53.360001,52.810001,53.259998,45.990673,16451200
2021-06-23,53.270000,53.290001,52.590000,52.759998,45.558910,14749800
2021-06-24,52.939999,53.049999,52.610001,52.779999,45.576199,13974300
2021-06-25,52.770000,53.200001,52.650002,53.060001,45.817974,16682700
2021-06-28,53.160000,53.290001,52.919998,52.959999,45.731621,14008700
2021-06-29,52.889999,53.189999,52.770000,52.910000,45.688450,10926100
2021-06-30,52.950001,53.070000,52.619999,53.000000,45.766167,15826400
2021-07-01,53.049999,53.599998,53.000000,53.439999,46.146114,15074800
2021-07-02,53.189999,53.619999,52.840000,53.540001,46.554794,15066000
2021-07-06,53.220001,53.360001,52.340000,52.980000,46.067848,19394500
2021-07-07,53.070000,53.299999,52.669998,53.259998,46.311317,14411600
2021-07-08,53.160000,53.720001,52.910000,53.259998,46.311317,15691800
2021-07-09,53.360001,53.930000,53.290001,53.740002,46.728703,14673400
2021-07-12,54.040001,54.040001,53.130001,53.230000,46.285244,14000600
2021-07-13,53.340000,53.580002,53.200001,53.320000,46.363499,9927400
2021-07-14,53.500000,54.200001,53.340000,54.090000,47.033035,17113700
2021-07-15,53.840000,53.869999,53.240002,53.650002,46.650444,14952400
2021-07-16,53.880001,54.410000,53.650002,53.700001,46.693924,14144900
2021-07-19,53.669998,53.700001,52.730000,53.060001,46.137413,19925300
2021-07-20,53.279999,53.930000,53.189999,53.580002,46.589573,17250200
2021-07-21,53.820000,53.900002,53.419998,53.880001,46.850445,14068600
2021-07-22,53.910000,54.549999,53.779999,54.540001,47.424324,15729800
2021-07-23,54.889999,55.340000,54.509998,55.230000,48.024300,13042500
2021-07-26,55.130001,55.650002,55.130001,55.470001,48.232998,10097400
2021-07-27,55.380001,55.410000,54.790001,55.279999,48.067776,14738700
2021-07-28,55.459999,55.520000,54.410000,54.770000,47.624321,18835700
2021-07-29,55.000000,55.349998,54.900002,55.070000,47.885178,10680200
2021-07-30,55.080002,55.490002,55.009998,55.369999,48.146034,13438800
2021-08-02,55.599998,55.939999,55.259998,55.450001,48.215607,12468800
2021-08-03,55.540001,56.419998,55.270000,56.250000,48.911224,17357400
2021-08-04,56.369999,56.369999,55.470001,55.689999,48.424286,11662400
2021-08-05,55.520000,55.980000,55.500000,55.759998,48.485153,10785200
2021-08-06,55.470001,55.950001,55.150002,55.590000,48.337334,18386100
2021-08-09,55.820000,56.070000,55.400002,55.470001,48.232998,8707200
2021-08-10,55.500000,55.669998,55.250000,55.610001,48.354729,10441900
2021-08-11,55.889999,56.009998,55.599998,55.860001,48.572113,12604500
2021-08-12,55.849998,56.450001,55.660000,56.389999,49.032955,11209700
2021-08-13,56.389999,56.619999,56.259998,56.470001,49.102524,10841700
2021-08-16,56.299999,56.430000,55.930000,56.279999,48.937317,14407400
2021-08-17,55.869999,56.020000,55.630001,56.009998,48.702541,11987500
2021-08-18,55.790001,56.139999,55.029999,55.150002,47.954746,17111700
2021-08-19,54.759998,57.490002,54.590000,57.270000,49.798145,39881600
2021-08-20,57.250000,58.340000,56.849998,58.220001,50.624210,21876500
2021-08-23,57.849998,58.700001,57.740002,58.540001,50.902454,16225400
2021-08-24,58.490002,59.430000,58.430000,59.320000,51.580700,17658300
2021-08-25,59.540001,60.270000,59.169998,59.349998,51.606777,18069600
2021-08-26,59.419998,59.630001,58.990002,59.200001,51.476353,13729400
2021-08-27,59.270000,59.349998,58.860001,59.020000,51.319839,14795200
2021-08-30,58.980000,59.220001,58.799999,59.130001,51.415478,11798600
2021-08-31,59.110001,59.180000,58.580002,59.020000,51.319839,19873900
2021-09-01,59.020000,59.139999,58.660000,59.040001,51.337223,11629700
2021-09-02,59.349998,59.720001,59.060001,59.529999,51.763290,12855700
2021-09-03,59.330002,59.660000,59.279999,59.419998,51.667645,9732200
2021-09-07,59.240002,59.369999,58.750000,58.880001,51.198101,15503600
2021-09-08,58.549999,58.930000,58.490002,58.680000,51.024193,13124500
2021-09-09,58.450001,58.939999,58.250000,58.599998,50.954628,14958800
2021-09-10,58.750000,58.950001,57.820000,57.889999,50.337265,13622100
2021-09-13,58.160000,58.529999,57.730000,58.099998,50.519863,13553200
2021-09-14,58.240002,58.470001,57.660000,57.869999,50.319881,12810300
2021-09-15,57.779999,59.599998,57.060001,57.560001,50.050312,37524600
2021-09-16,58.310001,58.820000,57.130001,57.330002,49.850327,24029600
2021-09-17,57.389999,57.450001,56.470001,56.849998,49.432953,40262700
2021-09-20,56.380001,56.400002,55.290001,55.889999,48.598202,21897000
2021-09-21,55.959999,56.369999,55.230000,55.259998,48.050388,18700600
2021-09-22,55.759998,56.130001,55.369999,55.520000,48.276470,17940600
2021-09-23,55.700001,56.900002,55.599998,56.689999,49.293823,16262500
2021-09-24,56.450001,56.810001,56.220001,56.730000,49.328598,13156400
2021-09-27,56.459999,56.669998,56.049999,56.220001,48.885136,13859500
2021-09-28,55.779999,55.990002,55.410000,55.520000,48.276470,17803200
2021-09-29,55.619999,55.980000,55.340000,55.480000,48.241692,14051700
2021-09-30,55.799999,55.900002,54.410000,54.430000,47.328682,18538000
2021-10-01,54.599998,55.410000,54.040001,55.139999,47.946053,18338000
2021-10-04,54.500000,54.680000,53.950001,54.230000,47.473324,17084100
2021-10-05,54.130001,55.029999,54.130001,54.689999,47.876019,14135000
2021-10-06,54.349998,54.380001,52.980000,53.939999,47.219452,26339200
2021-10-07,54.490002,55.410000,54.349998,55.020000,48.164894,14725500
2021-10-08,55.200001,55.299999,54.750000,55.080002,48.217426,9255500
2021-10-11,55.250000,55.380001,54.900002,54.930000,48.086117,8117600
2021-10-12,54.990002,55.060001,54.070000,54.279999,47.517101,14241900
2021-10-13,54.320000,54.750000,54.080002,54.619999,47.814732,13737100
2021-10-14,55.090000,55.849998,54.980000,55.650002,48.716396,14455900
2021-10-15,55.889999,55.889999,54.959999,55.250000,48.366241,15202200
2021-10-18,55.040001,55.490002,54.570000,55.189999,48.313717,10989600
2021-10-19,55.290001,55.779999,55.029999,55.740002,48.795189,13258400
2021-10-20,55.799999,56.230000,55.799999,56.200001,49.197876,11613600
2021-10-21,56.040001,56.119999,55.529999,55.689999,48.751415,12619900
2021-10-22,55.549999,55.860001,54.939999,55.110001,48.243690,15026600
2021-10-25,55.110001,55.419998,54.810001,55.139999,48.269951,10218900
2021-10-26,55.560001,56.349998,55.400002,55.810001,48.856472,15250000
2021-10-27,56.130001,56.720001,55.930000,56.180000,49.180370,16279000
2021-10-28,56.230000,56.689999,55.889999,56.240002,49.232899,11209200
2021-10-29,56.320000,56.580002,55.860001,55.970001,48.996536,13550400
2021-11-01,55.869999,56.250000,55.500000,56.099998,49.110332,14341400
2021-11-02,56.369999,57.869999,56.279999,57.619999,50.440952,22097900
2021-11-03,57.580002,57.930000,57.119999,57.650002,50.467224,13219400
2021-11-04,57.599998,57.689999,56.560001,57.119999,50.003258,18070400
2021-11-05,57.380001,57.799999,56.930000,57.070000,49.959480,15637700
2021-11-08,57.099998,57.520000,56.590000,57.000000,49.898201,15045300
2021-11-09,57.070000,57.630001,56.900002,57.439999,50.283379,14459800
2021-11-10,57.900002,58.630001,57.689999,57.770000,50.572269,17876300
2021-11-11,57.570000,57.770000,56.689999,56.759998,49.688103,17440700
2021-11-12,56.970001,57.150002,56.310001,56.820000,49.740627,16663600
2021-11-15,56.930000,57.700001,56.830002,57.270000,50.134560,19041800
2021-11-16,57.240002,58.080002,56.930000,57.000000,49.898201,21136900
2021-11-17,56.610001,57.139999,56.270000,56.759998,49.688103,31496300
2021-11-18,52.730000,53.930000,51.080002,53.630001,46.948086,70834000
2021-11-19,53.549999,53.689999,52.779999,53.250000,46.615425,30030800
2021-11-22,53.349998,55.529999,53.299999,54.599998,47.797222,39949300
2021-11-23,54.610001,55.580002,54.470001,55.299999,48.410004,25653100
2021-11-24,55.150002,55.750000,55.150002,55.540001,48.620102,19328700
2021-11-26,54.459999,55.189999,54.459999,54.669998,47.858509,16730300
2021-11-29,55.139999,56.189999,54.830002,55.759998,48.812691,25724500
2021-11-30,55.580002,55.599998,54.150002,54.840000,48.007328,45141300
2021-12-01,55.529999,56.380001,54.930000,55.029999,48.173649,24120500
2021-12-02,55.150002,56.610001,55.080002,56.150002,49.154106,22384700
2021-12-03,56.299999,56.820000,55.669998,56.230000,49.224136,26235400
2021-12-06,56.700001,57.169998,56.470001,56.959999,49.863186,23172800
2021-12-07,57.099998,58.220001,57.009998,58.080002,50.843643,24254800
2021-12-08,58.080002,58.130001,56.630001,57.020000,49.915710,23631300
2021-12-09,57.200001,57.830002,56.930000,57.549999,50.379688,16480200
2021-12-10,57.910000,59.340000,57.910000,59.250000,51.867867,19901500
2021-12-13,59.099998,59.509998,58.540001,58.610001,51.307617,18496300
2021-12-14,58.340000,58.529999,57.369999,57.770000,50.572269,19114200
2021-12-15,57.919998,60.029999,57.900002,59.930000,52.463146,27953900
2021-12-16,60.049999,60.759998,59.869999,60.310001,52.795803,24599300
2021-12-17,60.270000,60.799999,59.790001,60.459999,52.927113,62171000
2021-12-20,59.669998,60.410000,59.299999,60.360001,52.839569,21342100
2021-12-21,60.439999,61.240002,60.000000,61.029999,53.426090,20761100
2021-12-22,60.970001,61.599998,60.619999,61.529999,53.863804,17095500
2021-12-23,61.790001,62.900002,61.790001,62.279999,54.520348,17771400
2021-12-27,62.410000,63.470001,62.279999,63.419998,55.518318,14779700
2021-12-28,63.419998,63.840000,63.230000,63.529999,55.614605,12865000
2021-12-29,63.650002,64.290001,63.549999,63.959999,55.991039,15069900
2021-12-30,64.040001,64.139999,63.470001,63.619999,55.693398,9076700
2021-12-31,63.549999,63.820000,63.320000,63.369999,55.474537,10359100
2022-01-03,62.900002,63.349998,62.500000,63.160000,55.290710,17184300
2022-01-04,62.439999,62.810001,61.110001,61.250000,53.934639,29682500
2022-01-05,61.189999,61.639999,60.250000,60.279999,53.080498,30317900
2022-01-06,60.000000,61.130001,59.910000,60.919998,53.644054,19616600
2022-01-07,60.869999,61.500000,60.669998,61.130001,53.828976,20152400
2022-01-10,60.869999,61.900002,60.520000,61.820000,54.436562,24715300
2022-01-11,61.599998,62.430000,61.439999,62.369999,54.920864,22804200
2022-01-12,62.400002,62.820000,61.919998,62.119999,54.700741,13405400
2022-01-13,62.080002,62.150002,61.209999,61.500000,54.154778,14871600
2022-01-14,61.470001,61.500000,60.939999,61.360001,54.031498,18831900
2022-01-18,59.980000,60.220001,59.490002,59.730000,52.596176,26545800
2022-01-19,58.000000,59.490002,57.779999,58.900002,51.865314,24333900
2022-01-20,58.990002,59.340000,58.020000,58.080002,51.143253,17726500
2022-01-21,58.070000,58.340000,56.610001,56.680000,49.910454,25914000
2022-01-24,56.160000,57.000000,54.869999,56.900002,50.104179,34180100
2022-01-25,56.090000,56.689999,55.070000,56.110001,49.408535,25156400
2022-01-26,56.110001,56.450001,54.860001,55.330002,48.721699,28632700
2022-01-27,55.509998,56.529999,54.400002,54.619999,48.096485,25967400
2022-01-28,54.500000,55.660000,53.450001,55.610001,48.968250,30976600
2022-01-31,55.430000,55.860001,54.869999,55.669998,49.021076,29925300
2022-02-01,55.450001,55.500000,54.740002,55.369999,48.756912,22438500
2022-02-02,55.230000,56.320000,55.169998,56.169998,49.461353,23316700
2022-02-03,55.869999,56.150002,55.060001,55.200001,48.607216,19260500
2022-02-04,54.889999,55.619999,54.389999,55.150002,48.563194,19675900
2022-02-07,55.330002,55.529999,54.700001,55.169998,48.580803,14450200
2022-02-08,55.060001,55.490002,54.709999,55.340000,48.730492,15219900
2022-02-09,55.820000,56.380001,55.480000,56.290001,49.567043,19136700
2022-02-10,55.240002,56.029999,54.740002,54.869999,48.316620,19730600
2022-02-11,54.869999,55.090000,53.770000,53.900002,47.462479,20132500
2022-02-14,53.410000,53.650002,52.700001,53.180000,46.828476,21868400
2022-02-15,53.720001,54.299999,53.639999,54.270000,47.788292,17678000
2022-02-16,54.130001,54.439999,53.389999,54.250000,47.770676,20388700
2022-02-17,55.500000,57.060001,55.400002,55.770000,49.109150,32884700
2022-02-18,55.459999,57.689999,55.380001,57.209999,50.377155,35626200
2022-02-22,56.930000,57.139999,55.740002,56.299999,49.575836,25188300
2022-02-23,56.610001,56.990002,54.369999,54.439999,47.937984,22033700
2022-02-24,54.070000,54.830002,53.209999,54.730000,48.193344,27739300
2022-02-25,54.980000,56.220001,54.490002,56.040001,49.346893,18963700
2022-02-28,55.410000,56.000000,54.750000,55.770000,49.109150,23868700
2022-03-01,55.529999,55.849998,54.259998,54.619999,48.096485,17799600
2022-03-02,54.770000,56.380001,54.709999,56.150002,49.443752,18660000
2022-03-03,56.740002,57.000000,55.840000,56.070000,49.373314,16794600
2022-03-04,55.669998,56.900002,55.250000,56.509998,49.760750,16729000
2022-03-07,56.310001,56.439999,55.520000,55.590000,48.950645,21350900
2022-03-08,55.700001,55.860001,54.070000,54.400002,47.902752,23642400
2022-03-09,55.639999,56.250000,55.250000,55.919998,49.241226,19150900
2022-03-10,54.400002,55.160000,53.970001,54.709999,48.175751,18550900
2022-03-11,55.290001,56.209999,54.599998,54.689999,48.158134,20330300
2022-03-14,54.730000,55.400002,54.000000,54.299999,47.814709,17977500
2022-03-15,54.419998,55.730000,54.419998,55.599998,48.959450,18829100
2022-03-16,55.930000,56.000000,54.599998,55.810001,49.144363,21821800
2022-03-17,55.490002,56.299999,55.349998,56.169998,49.461353,18830500
2022-03-18,56.029999,56.419998,55.540001,55.970001,49.285255,51807200
2022-03-21,56.060001,56.549999,55.520000,56.000000,49.311668,29174600
2022-03-22,56.360001,56.720001,56.090000,56.169998,49.461353,29287900
2022-03-23,55.900002,56.090000,54.450001,54.480000,47.973209,19742100
2022-03-24,54.669998,54.689999,53.680000,54.500000,47.990826,20551500
2022-03-25,54.610001,55.180000,54.400002,54.970001,48.404694,18090600
2022-03-28,54.799999,55.160000,54.419998,55.139999,48.554386,17164600
2022-03-29,55.669998,56.310001,55.040001,55.669998,49.021076,20036500
2022-03-30,55.750000,56.939999,55.590000,56.049999,49.355701,16125400
2022-03-31,56.040001,56.880001,55.720001,55.759998,49.100327,27587700
2022-04-01,56.169998,56.189999,54.889999,55.660000,49.012280,17465100
2022-04-04,55.459999,56.119999,54.990002,55.869999,49.197189,19629200
2022-04-05,55.200001,55.590000,54.669998,54.919998,48.691830,16063600
2022-04-06,54.689999,54.759998,53.840000,54.369999,48.204212,19644100
2022-04-07,54.430000,54.849998,53.740002,54.630001,48.434727,15739000
2022-04-08,54.840000,54.910000,54.009998,54.279999,48.124416,18148200
2022-04-11,53.919998,53.950001,52.790001,52.880001,46.883183,20992100
2022-04-12,51.700001,52.950001,51.480000,51.820000,45.943394,25254200
2022-04-13,51.840000,52.360001,51.410000,52.150002,46.235966,17004600
2022-04-14,52.080002,52.380001,51.119999,51.169998,45.367096,18024800
2022-04-18,50.880001,51.560001,50.799999,51.110001,45.313900,13990700
2022-04-19,51.000000,51.939999,50.919998,51.830002,45.952255,15490900
2022-04-20,52.220001,53.669998,52.150002,53.020000,47.007313,19526200
2022-04-21,53.340000,53.830002,52.730000,52.779999,46.794521,17147300
2022-04-22,52.919998,52.959999,51.290001,51.360001,45.535553,17693000
2022-04-25,51.450001,51.980000,50.540001,51.939999,46.049778,18677000
2022-04-26,51.880001,51.939999,50.869999,50.900002,45.127724,19238300
2022-04-27,50.910000,51.110001,49.250000,49.310001,43.718033,33668600
2022-04-28,49.529999,50.779999,49.209999,50.630001,44.888344,20170700
2022-04-29,50.509998,50.639999,48.869999,48.980000,43.425457,20281400
2022-05-02,49.340000,49.910000,48.930000,49.860001,44.205669,22499200
2022-05-03,49.770000,50.360001,49.529999,49.919998,44.258858,15828200
2022-05-04,50.029999,51.660000,49.669998,51.580002,45.730614,23942300
2022-05-05,51.150002,51.209999,49.160000,49.610001,43.984016,24846500
2022-05-06,49.150002,49.840000,48.849998,49.330002,43.735760,21743900
2022-05-09,49.000000,49.419998,48.669998,48.959999,43.407730,22421200
2022-05-10,49.709999,50.240002,49.150002,49.549999,43.930809,21741100
2022-05-11,49.090000,49.639999,48.580002,48.650002,43.132881,23872100
2022-05-12,48.630001,48.779999,47.470001,48.290001,42.813709,25951000
2022-05-13,48.709999,49.630001,48.529999,49.560001,43.939686,18954500
2022-05-16,49.660000,49.660000,48.880001,49.000000,43.443188,20254500
2022-05-17,49.680000,50.720001,49.509998,50.599998,44.861740,18780600
2022-05-18,50.470001,50.470001,48.209999,48.360001,42.875767,40672700
2022-05-19,43.060001,43.930000,41.020000,41.720001,36.988777,97674600
2022-05-20,41.860001,43.000000,41.520000,42.939999,38.070415,46148700
2022-05-23,43.340000,43.820000,42.939999,43.349998,38.433918,27366600
2022-05-24,43.400002,44.060001,42.500000,43.770000,38.806293,30053900
2022-05-25,43.750000,44.419998,43.189999,44.000000,39.010204,25504600
2022-05-26,44.049999,45.529999,44.049999,44.990002,39.887939,28294700
2022-05-27,45.119999,45.639999,44.950001,45.619999,40.446491,23882100
2022-05-31,45.270000,45.610001,44.740002,45.049999,39.941139,64821200
2022-06-01,45.549999,45.799999,44.770000,45.230000,40.100727,20666000
2022-06-02,45.180000,45.799999,44.900002,45.790001,40.597218,20546800
2022-06-03,45.549999,45.740002,45.119999,45.250000,40.118450,17947000
2022-06-06,45.599998,46.090000,45.130001,45.330002,40.189381,12641900
2022-06-07,44.820000,45.650002,44.720001,45.570000,40.402176,14667200
2022-06-08,45.450001,45.630001,44.880001,44.919998,39.825871,16263800
2022-06-09,44.830002,45.270000,44.240002,44.259998,39.240719,18417700
2022-06-10,43.799999,43.990002,43.290001,43.490002,38.558041,20262400
2022-06-13,43.060001,43.840000,42.889999,43.240002,38.336395,29050800
2022-06-14,43.630001,43.700001,42.570000,42.910000,38.043823,22499100
2022-06-15,43.369999,44.430000,43.099998,43.799999,38.832893,22525100
2022-06-16,42.810001,43.410000,42.810001,43.320000,38.407322,27049000
2022-06-17,43.360001,44.000000,43.240002,43.389999,38.469391,59678600
2022-06-21,43.810001,44.279999,43.700001,44.139999,39.134335,23277900
2022-06-22,43.470001,44.119999,43.169998,43.570000,38.628975,19942300
2022-06-23,43.410000,43.459999,42.720001,42.930000,38.061558,33801700
2022-06-24,43.439999,44.220001,43.240002,44.099998,39.098866,30543800
2022-06-27,44.290001,44.290001,43.630001,43.770000,38.806293,22755300
2022-06-28,43.910000,44.470001,42.990002,43.060001,38.176815,20091300
2022-06-29,43.139999,43.259998,42.689999,42.880001,38.017227,13450800
2022-06-30,42.369999,43.139999,42.189999,42.639999,37.804436,24947900
2022-07-01,42.520000,42.700001,41.570000,42.599998,37.768974,24338500
2022-07-05,41.520000,41.970001,40.820000,41.959999,37.536377,24442600
2022-07-06,42.119999,42.930000,42.009998,42.689999,38.189423,17250400
2022-07-07,42.880001,43.360001,42.790001,43.220001,38.663559,22316700
2022-07-08,43.029999,43.610001,42.939999,43.389999,38.815636,11817000
2022-07-11,43.340000,43.680000,43.070000,43.250000,38.690388,15245200
2022-07-12,43.580002,43.830002,42.660000,42.860001,38.341503,17385300
2022-07-13,41.849998,43.049999,41.799999,42.700001,38.198372,16854200
2022-07-14,41.790001,42.470001,41.349998,42.330002,37.867378,17336200
2022-07-15,42.500000,43.130001,42.500000,43.070000,38.529362,19897800
2022-07-18,43.299999,43.320000,42.410000,42.599998,38.108913,16743800
2022-07-19,42.820000,44.090000,42.650002,44.029999,39.388161,22861400
2022-07-20,44.080002,44.320000,43.660000,44.130001,39.477619,15599200
2022-07-21,44.290001,44.689999,44.070000,44.580002,39.880177,15364600
2022-07-22,44.779999,44.919998,44.250000,44.459999,39.772823,14854600
2022-07-25,44.660000,44.660000,44.110001,44.340000,39.665474,12954700
2022-07-26,44.369999,44.540001,43.750000,43.830002,39.209248,19513000
2022-07-27,44.189999,44.790001,43.830002,44.639999,39.933842,22349000
2022-07-28,44.880001,45.869999,44.709999,45.619999,40.810535,17576200
2022-07-29,45.110001,45.490002,44.830002,45.369999,40.586887,23701700
2022-08-01,45.060001,45.430000,44.759998,45.279999,40.506378,14153400
2022-08-02,45.520000,45.700001,44.900002,44.919998,40.184326,15005400
2022-08-03,44.900002,45.820000,44.790001,45.709999,40.891045,14943800
2022-08-04,45.900002,45.930000,45.009998,45.380001,40.595837,15249300
2022-08-05,44.910000,45.070000,44.540001,45.009998,40.264839,19533900
2022-08-08,45.490002,45.520000,44.860001,45.020000,40.273796,15465600
2022-08-09,45.150002,45.180000,44.720001,44.919998,40.184326,12826200
2022-08-10,45.709999,46.060001,45.430000,46.020000,41.168365,18935400
2022-08-11,46.110001,46.430000,45.770000,45.900002,41.061020,15849000
2022-08-12,46.090000,46.610001,45.970001,46.610001,41.696163,16967600
2022-08-15,46.389999,46.619999,46.029999,46.590000,41.678272,15456100
2022-08-16,46.570000,47.009998,46.439999,46.770000,41.839291,21153700
2022-08-17,46.360001,47.099998,46.230000,46.660000,41.740894,27975600
2022-08-18,49.799999,50.000000,49.110001,49.369999,44.165192,39999900
2022-08-19,49.009998,49.459999,48.540001,48.700001,43.565826,23130400
2022-08-22,48.470001,48.500000,47.520000,47.709999,42.680195,20534100
2022-08-23,47.590000,48.040001,47.389999,47.410000,42.411823,13764600
2022-08-24,47.090000,47.410000,46.869999,47.070000,42.107662,14946500
2022-08-25,47.250000,47.430000,46.840000,47.270000,42.286579,23039300
2022-08-26,47.080002,47.270000,45.880001,45.889999,41.052067,20309800
2022-08-29,45.720001,46.000000,45.490002,45.709999,40.891045,13425700
2022-08-30,45.750000,45.869999,44.959999,45.240002,40.470600,14279100
2022-08-31,45.779999,45.830002,44.590000,44.720001,40.005417,23006100
2022-09-01,44.570000,45.340000,44.400002,45.290001,40.515327,16236400
2022-09-02,45.709999,45.919998,44.279999,44.590000,39.889118,14720900
2022-09-06,44.660000,44.790001,43.980000,44.470001,39.781780,14366100
2022-09-07,44.750000,45.169998,44.349998,45.020000,40.273796,18297400
2022-09-08,44.759998,45.470001,44.619999,45.369999,40.586887,14231500
2022-09-09,45.660000,45.889999,45.400002,45.770000,40.944714,15499300
2022-09-12,46.110001,46.730000,45.970001,46.400002,41.508301,17923000
2022-09-13,45.720001,45.910000,44.020000,44.110001,39.459724,23028600
2022-09-14,44.040001,44.270000,43.560001,43.959999,39.325535,27551500
2022-09-15,43.810001,43.869999,43.090000,43.290001,38.726170,18148600
2022-09-16,43.110001,43.580002,42.790001,43.299999,38.735123,32696100
2022-09-19,42.900002,43.439999,42.759998,43.299999,38.735123,13667500
2022-09-20,43.009998,43.020000,42.259998,42.580002,38.091022,16813900
2022-09-21,42.320000,42.869999,41.570000,41.590000,37.205395,21415900
2022-09-22,41.340000,41.549999,41.139999,41.150002,36.811790,16691000
2022-09-23,41.250000,41.250000,40.119999,40.660000,36.373440,19067700
2022-09-26,40.660000,41.189999,40.369999,40.580002,36.301876,22694800
2022-09-27,41.139999,41.459999,40.230000,40.520000,36.248199,15027900
2022-09-28,40.849998,41.570000,40.590000,41.340000,36.981750,23217700
2022-09-29,41.049999,41.099998,40.150002,40.570000,36.292927,19496400
2022-09-30,40.660000,41.040001,39.959999,40.000000,35.783016,27989900
2022-10-03,40.669998,41.529999,40.470001,41.290001,36.937023,22203600
2022-10-04,41.560001,42.040001,41.389999,41.820000,37.758648,22889400
2022-10-05,41.590000,42.250000,41.400002,41.990002,37.912136,14289700
2022-10-06,41.650002,42.090000,41.369999,41.520000,37.487774,18198800
2022-10-07,41.250000,41.250000,40.080002,40.270000,36.359180,19055400
2022-10-10,40.630001,40.810001,39.599998,39.889999,36.016079,16628400
2022-10-11,39.810001,40.110001,39.270000,39.580002,35.736187,19386400
2022-10-12,39.700001,39.860001,39.250000,39.270000,35.456284,17279900
2022-10-13,39.029999,40.799999,38.599998,40.610001,36.666157,26328300
2022-10-14,40.840000,40.959999,39.919998,40.200001,36.295967,19571000
2022-10-17,41.040001,41.529999,40.950001,41.299999,37.289139,27845200
2022-10-18,41.919998,42.220001,41.259998,41.790001,37.731552,18223300
2022-10-19,41.630001,42.240002,41.470001,41.880001,37.812820,19071700
2022-10-20,41.560001,42.619999,41.459999,41.709999,37.659325,16830500
2022-10-21,41.849998,42.970001,41.810001,42.799999,38.643475,25035000
2022-10-24,43.119999,43.730000,42.900002,43.540001,39.311611,18785300
2022-10-25,43.340000,44.400002,43.200001,44.360001,40.051975,19165200
2022-10-26,44.930000,45.230000,44.279999,44.380001,40.070038,20051000
2022-10-27,44.770000,45.090000,44.360001,44.419998,40.106148,18102500
2022-10-28,44.689999,45.709999,44.650002,45.639999,41.207672,17978300
2022-10-31,45.310001,45.639999,45.060001,45.430000,41.018063,17793700
2022-11-01,45.580002,45.790001,45.060001,45.459999,41.045147,12088700
2022-11-02,45.470001,46.209999,44.549999,44.570000,40.241573,15308800
2022-11-03,44.029999,44.150002,43.389999,43.849998,39.591499,17895600
2022-11-04,44.500000,45.080002,43.830002,44.520000,40.196445,19648700
2022-11-07,44.830002,44.980000,44.410000,44.549999,40.223530,21383000
2022-11-08,44.689999,45.349998,44.180000,44.610001,40.277691,17503100
2022-11-09,44.509998,44.720001,43.889999,43.910000,39.645672,19311700
2022-11-10,45.700001,45.810001,44.650002,45.660000,41.225727,27190100
2022-11-11,45.180000,45.320000,43.919998,44.790001,40.440216,25961800
2022-11-14,44.830002,45.439999,44.680000,44.740002,40.395073,21091300
2022-11-15,45.040001,45.240002,44.450001,44.900002,40.539532,19318000
2022-11-16,44.939999,44.980000,44.299999,44.389999,40.079060,24939600
2022-11-17,46.189999,46.849998,45.160000,46.590000,42.065407,38887800
2022-11-18,46.910000,48.040001,46.860001,47.790001,43.148869,30843200
2022-11-21,47.610001,48.290001,47.560001,47.619999,42.995377,17049500
2022-11-22,48.000000,48.419998,47.759998,48.380001,43.681572,16367800
2022-11-23,48.400002,48.990002,48.320000,48.570000,43.853127,12065600
2022-11-25,48.750000,49.049999,48.349998,48.400002,43.699635,8492600
2022-11-28,48.290001,48.470001,47.919998,48.080002,43.410706,14976600
2022-11-29,48.250000,48.410000,47.840000,48.279999,43.591282,13779300
2022-11-30,48.169998,49.830002,47.959999,49.720001,44.891441,29919700
2022-12-01,49.880001,50.459999,49.689999,49.970001,45.117161,18559500
2022-12-02,49.230000,49.840000,48.919998,49.700001,44.873386,12325100
2022-12-05,49.549999,49.639999,49.169998,49.330002,44.539314,13795900
2022-12-06,49.439999,49.439999,48.259998,48.590000,43.871178,15443800
2022-12-07,48.400002,48.549999,48.060001,48.180000,43.500996,15171700
2022-12-08,48.660000,49.200001,48.619999,48.990002,44.232334,16015800
2022-12-09,49.099998,49.169998,48.439999,48.459999,43.753807,14303200
2022-12-12,48.799999,49.320000,48.369999,49.299999,44.512226,15425300
2022-12-13,50.330002,50.709999,49.230000,49.639999,44.819202,22705900
2022-12-14,49.740002,50.060001,48.820000,49.299999,44.512226,19050400
2022-12-15,48.959999,49.049999,47.740002,48.150002,43.473915,19372500
2022-12-16,47.410000,48.000000,47.080002,47.810001,43.166924,66125400
2022-12-19,47.660000,47.959999,47.139999,47.400002,42.796745,17986300
2022-12-20,47.410000,47.560001,46.790001,47.369999,42.769661,15086200
2022-12-21,47.689999,47.959999,47.419998,47.660000,43.031494,15599400
2022-12-22,47.490002,47.490002,46.689999,47.320000,42.724518,23118500
2022-12-23,47.250000,47.490002,47.009998,47.480000,42.868977,9554400
2022-12-27,47.669998,47.709999,47.220001,47.529999,42.914116,12066200
2022-12-28,47.689999,47.770000,46.980000,47.070000,42.498787,9847400
2022-12-29,47.259998,47.740002,47.259998,47.500000,42.887032,11396500
2022-12-30,47.270000,47.669998,46.950001,47.639999,43.013435,13199800
2023-01-03,47.860001,48.049999,47.310001,47.939999,43.284298,17718900
2023-01-04,48.279999,48.480000,47.169998,47.549999,43.275196,18339800
2023-01-05,47.490002,47.490002,46.759998,46.880001,42.665436,17372100
2023-01-06,47.459999,48.590000,47.279999,48.320000,43.975975,20823000
2023-01-09,48.259998,49.209999,48.220001,48.580002,44.212605,13938000
2023-01-10,48.799999,49.209999,48.590000,48.810001,44.421928,12474400
2023-01-11,48.830002,49.230000,48.700001,49.209999,44.785965,12530900
2023-01-12,49.209999,49.430000,48.849998,49.000000,44.594845,14241700
2023-01-13,48.560001,49.020000,48.419998,48.880001,44.485630,12649300
2023-01-17,48.919998,48.939999,47.950001,48.080002,43.757553,19290800
2023-01-18,48.189999,48.270000,46.889999,46.900002,42.683647,19882200
2023-01-19,46.950001,47.049999,46.389999,46.459999,42.283199,19118600
2023-01-20,46.060001,46.830002,45.669998,46.779999,42.574432,21847200
2023-01-23,46.900002,47.869999,46.810001,47.500000,43.229691,15180500
2023-01-24,47.490002,48.020000,47.060001,47.810001,43.511822,14872700
2023-01-25,47.980000,48.080002,47.230000,47.980000,43.666546,14638700
2023-01-26,48.150002,48.470001,47.830002,48.340000,43.994179,12952700
2023-01-27,48.099998,48.730000,47.970001,48.509998,44.148888,13414800
2023-01-30,48.139999,48.500000,48.119999,48.220001,43.884972,19261900
2023-01-31,48.119999,48.689999,48.049999,48.669998,44.294510,16821600
2023-02-01,48.389999,48.900002,47.509998,48.570000,44.203506,19639400
2023-02-02,48.529999,49.560001,48.360001,49.320000,44.886078,17883800
2023-02-03,49.299999,49.299999,48.509998,48.630001,44.258106,17980000
2023-02-06,48.070000,48.279999,47.520000,47.570000,43.293400,13991600
2023-02-07,47.240002,48.150002,46.970001,47.840000,43.539131,16675200
2023-02-08,47.380001,47.540001,46.770000,46.959999,42.738243,18905500
2023-02-09,47.230000,47.410000,46.430000,46.730000,42.528919,18598400
2023-02-10,46.700001,47.320000,46.639999,47.259998,43.011269,17397300
2023-02-13,47.450001,47.990002,47.389999,47.860001,43.557331,19422100
2023-02-14,47.779999,48.000000,47.180000,47.700001,43.411716,19134400
2023-02-15,47.500000,48.520000,47.330002,48.450001,44.094288,27071200
2023-02-16,49.990002,51.740002,49.799999,50.990002,46.405941,48125300
2023-02-17,51.330002,51.439999,50.599998,50.770000,46.205723,25321400
2023-02-21,50.709999,50.759998,49.619999,49.689999,45.222813,25100500
2023-02-22,49.849998,49.849998,48.889999,49.310001,44.876972,20301900
2023-02-23,49.540001,49.680000,48.549999,49.209999,44.785965,14066200
2023-02-24,48.810001,48.900002,48.169998,48.480000,44.121593,17251600
2023-02-27,48.950001,49.340000,48.549999,48.730000,44.349117,14776400
2023-02-28,48.810001,48.930000,48.380001,48.419998,44.066982,16622400
2023-03-01,48.439999,48.590000,48.020000,48.340000,43.994179,13449300
2023-03-02,48.320000,48.630001,48.119999,48.529999,44.167099,18281800
2023-03-03,48.990002,49.360001,48.820000,49.279999,44.849670,15969900
2023-03-06,49.459999,49.810001,49.240002,49.419998,44.977081,13878400
2023-03-07,49.570000,49.759998,48.630001,48.910000,44.512939,17506600
2023-03-08,49.020000,49.270000,48.740002,49.110001,44.694950,12055500
2023-03-09,49.299999,49.689999,48.709999,48.810001,44.421928,12497700
2023-03-10,48.889999,49.169998,48.299999,48.560001,44.194401,16338200
2023-03-13,48.529999,48.880001,48.119999,48.410000,44.057877,20280800
2023-03-14,48.680000,49.259998,48.509998,49.049999,44.640350,17679600
2023-03-15,48.369999,49.110001,48.369999,49.060001,44.649456,17354900
2023-03-16,48.680000,50.290001,48.509998,50.119999,45.614151,21425100
2023-03-17,50.259998,50.549999,49.740002,50.189999,45.677856,47642700
2023-03-20,50.220001,51.040001,50.009998,50.939999,46.360435,22699700
2023-03-21,51.209999,51.330002,50.330002,50.669998,46.114708,23334000
2023-03-22,50.740002,50.750000,49.419998,49.459999,45.013481,21399400
2023-03-23,49.560001,50.250000,49.410000,49.730000,45.259212,17775400
2023-03-24,49.900002,50.549999,49.500000,50.509998,45.969086,19438800
2023-03-27,50.700001,50.950001,50.480000,50.540001,45.996399,15857200
2023-03-28,50.320000,50.599998,50.270000,50.389999,45.859882,11124300
2023-03-29,50.730000,51.270000,50.639999,51.169998,46.569756,18463400
2023-03-30,51.580002,51.680000,51.130001,51.430000,46.806393,11754600
2023-03-31,51.439999,52.349998,51.389999,52.279999,47.579967,20588800
2023-04-03,52.060001,52.560001,51.990002,52.310001,47.607269,16884600
2023-04-04,52.029999,52.119999,51.430000,51.820000,47.515572,13599900
2023-04-05,52.070000,52.290001,51.680000,51.820000,47.515572,13797900
2023-04-06,50.919998,51.560001,50.730000,51.270000,47.011269,14749000
2023-04-10,51.110001,51.400002,50.880001,51.330002,47.066284,10177700
2023-04-11,51.119999,51.299999,50.520000,50.619999,46.415260,15957900
2023-04-12,50.820000,50.950001,50.049999,50.110001,45.947620,16100700
2023-04-13,50.209999,50.830002,50.090000,50.799999,46.580311,15451700
2023-04-14,50.520000,50.849998,50.200001,50.540001,46.341896,12360100
2023-04-17,50.560001,50.680000,50.049999,50.279999,46.103497,12042300
2023-04-18,50.380001,50.689999,50.070000,50.310001,46.131001,15203600
2023-04-19,49.230000,49.270000,47.990002,48.040001,44.049564,30466700
2023-04-20,47.610001,47.650002,46.360001,46.580002,42.710838,39769400
2023-04-21,46.570000,47.119999,46.240002,47.029999,43.123459,20861000
2023-04-24,47.049999,47.450001,47.000000,47.389999,43.453560,17359900
2023-04-25,47.369999,47.430000,46.810001,47.090000,43.178471,20281600
2023-04-26,46.759998,46.849998,46.430000,46.540001,42.674160,22390500
2023-04-27,46.779999,46.799999,45.970001,46.560001,42.692505,22845400
2023-04-28,46.689999,47.259998,46.610001,47.250000,43.325184,19665000
2023-05-01,47.200001,47.520000,47.130001,47.340000,43.407715,13122300
2023-05-02,46.910000,47.080002,46.060001,46.360001,42.509113,20175100
2023-05-03,46.419998,46.549999,45.860001,45.959999,42.142338,20765700
2023-05-04,45.770000,45.930000,45.560001,45.700001,41.903931,17748900
2023-05-05,46.119999,46.360001,45.919998,46.250000,42.408257,14317400
2023-05-08,46.439999,46.520000,46.090000,46.340000,42.490768,12000000
2023-05-09,45.980000,46.520000,45.919998,46.470001,42.609974,15221900
2023-05-10,46.700001,46.930000,46.150002,46.709999,42.830040,15625100
2023-05-11,46.830002,46.849998,46.200001,46.369999,42.518276,12521900
2023-05-12,46.279999,46.810001,46.279999,46.709999,42.830040,14097500
2023-05-15,46.799999,47.259998,46.560001,47.099998,43.187641,13204400
2023-05-16,47.240002,47.330002,46.799999,46.919998,43.022594,16496300
2023-05-17,47.150002,47.759998,47.009998,47.630001,43.673626,29326000
2023-05-18,45.759998,48.250000,45.700001,48.200001,44.196270,41475700
2023-05-19,48.430000,49.340000,48.400002,49.130001,45.049026,28564100
2023-05-22,49.110001,49.230000,48.770000,48.820000,44.764771,18667500
2023-05-23,48.610001,49.349998,48.599998,48.910000,44.847290,17645900
2023-05-24,48.950001,49.000000,48.169998,48.410000,44.388828,15452900
2023-05-25,47.770000,49.230000,47.720001,49.029999,44.957333,21717000
2023-05-26,49.110001,50.090000,49.110001,49.860001,45.718380,19825600
2023-05-30,49.990002,50.490002,49.740002,50.169998,46.002632,19074800
2023-05-31,49.910000,50.029999,49.610001,49.669998,45.544167,51990300
2023-06-01,49.759998,50.090000,49.259998,49.740002,45.608360,17817000
2023-06-02,49.869999,50.250000,49.730000,50.020000,45.865093,19155400
2023-06-05,50.220001,50.580002,50.040001,50.209999,46.039303,13964100
2023-06-06,49.790001,49.910000,49.139999,49.810001,45.672535,16029600
2023-06-07,49.700001,50.139999,49.650002,49.779999,45.645035,15950600
2023-06-08,49.919998,50.000000,49.570000,49.680000,45.553337,13289100
2023-06-09,49.529999,49.970001,49.369999,49.660000,45.534992,12173400
2023-06-12,49.919998,50.509998,49.669998,50.480000,46.286884,15495000
2023-06-13,50.689999,50.939999,50.450001,50.799999,46.580311,24035500
2023-06-14,50.799999,51.220001,50.630001,50.959999,46.727005,16630700
2023-06-15,50.910000,52.070000,50.830002,51.930000,47.616447,22496900
2023-06-16,52.200001,52.410000,51.930000,52.070000,47.744812,37134400
2023-06-20,51.939999,52.080002,51.470001,51.549999,47.268002,20138000
2023-06-21,51.380001,51.400002,50.820000,50.849998,46.626156,16939600
2023-06-22,50.650002,51.139999,50.430000,51.119999,46.873718,14993800
2023-06-23,50.639999,50.720001,50.090000,50.330002,46.149345,16544600
2023-06-26,50.310001,50.799999,50.180000,50.209999,46.039303,13032100
2023-06-27,50.310001,51.040001,50.250000,50.860001,46.635323,12981000
2023-06-28,50.779999,51.020000,50.439999,50.869999,46.644493,11387600
2023-06-29,50.860001,51.270000,50.820000,51.209999,46.956245,14246000
2023-06-30,51.880001,52.259998,51.520000,51.740002,47.442219,18188300
2023-07-03,51.360001,51.830002,51.330002,51.820000,47.515572,7338300
2023-07-05,50.970001,51.570000,50.930000,51.509998,47.589485,14950500
2023-07-06,51.070000,51.189999,50.650002,51.110001,47.219936,13931100
2023-07-07,51.000000,51.650002,50.740002,50.990002,47.109074,15580400
2023-07-10,51.070000,51.500000,51.020000,51.400002,47.487858,19046500
2023-07-11,51.570000,52.150002,51.540001,52.119999,48.153065,14998300
2023-07-12,51.560001,51.930000,50.529999,50.740002,46.878098,26332500
2023-07-13,50.689999,51.619999,50.650002,51.529999,47.607964,17864800
2023-07-14,50.419998,50.970001,50.060001,50.380001,46.545494,19566600
2023-07-17,50.200001,50.950001,50.139999,50.810001,46.942764,16140700
2023-07-18,50.980000,51.369999,50.849998,51.240002,47.340042,16430800
2023-07-19,52.209999,52.439999,51.700001,52.430000,48.439472,21745000
2023-07-20,52.060001,52.869999,51.919998,52.369999,48.384037,22784400
2023-07-21,52.750000,53.000000,52.529999,52.630001,48.624249,51284800
2023-07-24,52.689999,53.310001,52.669998,53.110001,49.067707,18390200
2023-07-25,53.189999,53.759998,53.110001,53.599998,49.520409,16136600
2023-07-26,53.540001,53.650002,52.959999,53.220001,49.169342,13563700
2023-07-27,53.599998,53.889999,52.860001,53.000000,48.966080,15795500
2023-07-28,52.060001,52.419998,51.770000,52.090000,48.125340,27491300
2023-07-31,51.840000,52.180000,51.740002,52.040001,48.079144,14193500
2023-08-01,52.570000,52.779999,52.310001,52.660000,48.651955,15286200
2023-08-02,52.380001,53.110001,52.320000,52.580002,48.578049,17693700
2023-08-03,52.490002,53.270000,52.240002,53.150002,49.104664,15186400
2023-08-04,52.880001,53.320000,52.540001,52.630001,48.624249,12266700
2023-08-07,52.970001,53.070000,52.680000,53.009998,48.975323,11327900
2023-08-08,52.660000,53.130001,52.360001,53.060001,49.021519,12224800
2023-08-09,52.900002,53.450001,52.660000,52.990002,48.956848,18765500
2023-08-10,53.410000,54.139999,53.169998,53.369999,49.307922,16329500
2023-08-11,53.349998,53.950001,53.189999,53.790001,49.695953,14344500
2023-08-14,53.799999,54.130001,53.720001,53.880001,49.779102,20707300
2023-08-15,53.619999,53.730000,53.180000,53.349998,49.289436,20173400
2023-08-16,53.189999,53.520000,52.869999,52.959999,48.929134,26470200
2023-08-17,54.439999,55.840000,54.369999,54.730000,50.564407,45278000
2023-08-18,54.630001,55.459999,54.619999,55.040001,50.850819,28839800
2023-08-21,55.200001,55.790001,55.150002,55.439999,51.220364,18283200
2023-08-22,55.480000,55.820000,55.279999,55.459999,51.238834,15661300
2023-08-23,55.610001,56.200001,55.400002,55.980000,51.719269,18250000
2023-08-24,56.320000,56.480000,55.209999,55.240002,51.035591,17586400
2023-08-25,55.250000,55.869999,55.250000,55.700001,51.460583,15731800
2023-08-28,55.889999,56.279999,55.680000,56.200001,51.922523,15189900
2023-08-29,56.349998,56.799999,56.110001,56.560001,52.255127,17859100
2023-08-30,56.630001,56.910000,56.540001,56.810001,52.486095,12145400
2023-08-31,57.099998,57.529999,56.889999,57.349998,52.984997,22619700
2023-09-01,57.389999,58.189999,57.389999,57.840000,53.437706,14080400
2023-09-05,57.820000,57.820000,57.230000,57.259998,52.901852,13885000
2023-09-06,57.099998,57.470001,57.070000,57.160000,52.809464,11380400
2023-09-07,56.970001,57.090000,56.660000,56.790001,52.467621,14762000
2023-09-08,56.759998,57.070000,56.560001,56.669998,52.356750,13992000
2023-09-11,56.720001,56.970001,56.439999,56.840000,52.513813,15842300
2023-09-12,56.650002,56.860001,56.340000,56.389999,52.098061,13916100
2023-09-13,56.320000,56.529999,56.080002,56.279999,51.996433,13092200
2023-09-14,56.419998,56.470001,56.080002,56.369999,52.079586,15760300
2023-09-15,56.310001,56.389999,55.540001,56.040001,51.774704,44029200
2023-09-18,56.009998,56.279999,55.830002,56.110001,51.839378,11825000
2023-09-19,56.180000,56.209999,55.459999,55.840000,51.589931,10748500
2023-09-20,55.950001,56.049999,55.439999,55.500000,51.275806,12219900
2023-09-21,53.410000,54.099998,52.849998,53.340000,49.280201,37436100
2023-09-22,53.400002,53.830002,53.200001,53.570000,49.492699,17869500
2023-09-25,53.459999,53.680000,53.160000,53.480000,49.409546,14224400
2023-09-26,53.180000,53.299999,52.580002,52.709999,48.698154,15618400
2023-09-27,52.889999,53.369999,52.529999,53.200001,49.150860,15845500
2023-09-28,53.369999,54.189999,53.349998,53.880001,49.779102,17204400
2023-09-29,54.160000,54.200001,53.500000,53.759998,49.668236,13951200
2023-10-02,53.840000,54.400002,53.810001,54.389999,50.250282,13934000
2023-10-03,53.860001,53.889999,53.349998,53.650002,49.924591,15700600
2023-10-04,53.660000,53.849998,53.220001,53.450001,49.738480,17009000
2023-10-05,53.400002,53.470001,52.580002,53.070000,49.384865,14929400
2023-10-06,52.990002,53.750000,52.740002,53.450001,49.738480,15665500
2023-10-09,53.349998,53.959999,53.250000,53.919998,50.175838,10163600
2023-10-10,53.959999,54.090000,53.650002,53.869999,50.129318,13105600
2023-10-11,53.930000,54.130001,53.349998,53.660000,49.933895,12658000
2023-10-12,54.020000,54.220001,53.509998,53.849998,50.110706,11846100
2023-10-13,53.880001,54.119999,53.439999,53.770000,50.036255,14413800
2023-10-16,54.070000,54.590000,54.040001,54.160000,50.399178,11736600
2023-10-17,53.790001,53.980000,53.169998,53.939999,50.194454,17105900
2023-10-18,53.790001,54.189999,53.599998,53.770000,50.036255,13087300
2023-10-19,53.759998,53.930000,53.200001,53.320000,49.617508,16325600
2023-10-20,53.389999,53.590000,52.799999,52.930000,49.254585,23888700
2023-10-23,52.820000,52.849998,52.160000,52.200001,48.575279,17760000
2023-10-24,52.259998,53.049999,52.060001,53.009998,49.329037,14824200
2023-10-25,53.110001,53.369999,52.330002,52.400002,48.761387,14384700
2023-10-26,51.869999,52.130001,51.310001,51.369999,47.802910,17594500
2023-10-27,51.639999,52.150002,51.400002,51.560001,47.979721,13333900
2023-10-30,51.349998,51.639999,51.090000,51.570000,47.989025,13322400
2023-10-31,51.750000,52.169998,51.680000,52.130001,48.510132,13509300
2023-11-01,52.040001,52.279999,51.799999,52.189999,48.565979,14300700
2023-11-02,52.320000,52.799999,52.180000,52.750000,49.087082,17459700
2023-11-03,53.259998,53.450001,52.630001,53.009998,49.329037,17644900
2023-11-06,52.970001,53.299999,52.880001,53.290001,49.589581,15429600
2023-11-07,53.340000,53.439999,52.970001,53.130001,49.440701,15153100
2023-11-08,53.389999,53.500000,52.770000,53.000000,49.319725,13633800
2023-11-09,52.119999,52.570000,51.750000,52.000000,48.389160,21039400
2023-11-10,52.250000,52.630001,51.930000,52.590000,48.938198,17369000
2023-11-13,52.480000,52.639999,52.090000,52.230000,48.603199,14931600
2023-11-14,52.470001,53.369999,52.470001,53.169998,49.477924,18331000
2023-11-15,53.270000,53.430000,53.040001,53.279999,49.580288,32188200
2023-11-16,47.410000,48.060001,46.200001,48.040001,44.704144,79057800
2023-11-17,48.049999,48.360001,47.730000,47.759998,44.443588,32593700
2023-11-20,47.560001,48.369999,47.549999,48.270000,44.918175,27421000
2023-11-21,48.270000,48.349998,47.660000,47.799999,44.480812,21510500
2023-11-22,48.080002,48.349998,47.950001,48.080002,44.741371,17308400
2023-11-24,48.090000,48.400002,48.049999,48.360001,45.001930,8209500
2023-11-27,48.330002,48.369999,47.910000,47.930000,44.601784,17651600
2023-11-28,47.950001,48.189999,47.810001,47.849998,44.527336,16360900
2023-11-29,48.110001,48.439999,48.029999,48.049999,44.713451,16700500
2023-11-30,48.189999,48.500000,47.939999,48.380001,45.020538,37165000
2023-12-01,48.279999,48.779999,48.020000,48.470001,45.104290,18744700
2023-12-04,48.060001,48.180000,47.779999,48.049999,44.713451,17812900
2023-12-05,47.750000,47.959999,47.590000,47.930000,44.601784,20985000
2023-12-06,48.070000,48.209999,47.650002,47.700001,44.387749,19535500
2023-12-07,47.910000,48.360001,47.799999,48.259998,44.908863,20478500
2023-12-08,48.279999,48.590000,48.209999,48.380001,45.020538,16039900
2023-12-11,48.939999,49.439999,48.849998,49.389999,45.960400,25618900
2023-12-12,49.580002,49.590000,49.110001,49.330002,45.904568,18712200
2023-12-13,49.240002,49.700001,48.810001,49.689999,46.239567,18689200
2023-12-14,50.000000,50.009998,49.169998,49.439999,46.006935,28418700
2023-12-15,49.490002,49.930000,49.430000,49.869999,46.407063,58860100
2023-12-18,49.919998,50.299999,49.400002,50.240002,46.751389,20453100
2023-12-19,50.369999,50.459999,49.840000,50.180000,46.695541,17035800
2023-12-20,50.119999,50.330002,49.790001,49.799999,46.341930,17812200
2023-12-21,49.930000,49.980000,49.380001,49.700001,46.248875,18772300
2023-12-22,49.840000,50.389999,49.840000,50.090000,46.611797,12903800
2023-12-26,50.110001,50.400002,50.049999,50.279999,46.788605,9721200
2023-12-27,50.299999,50.560001,50.279999,50.439999,46.937489,10414300
2023-12-28,50.580002,50.630001,50.419998,50.480000,46.974712,8549900
2023-12-29,50.450001,50.590000,50.220001,50.520000,47.011936,12492900
2024-01-02,50.490002,50.860001,50.250000,50.509998,47.002628,20242900
2024-01-03,50.169998,50.680000,49.939999,50.509998,47.368370,20303900
2024-01-04,50.439999,50.509998,49.990002,50.080002,46.965118,18134100
2024-01-05,50.180000,50.369999,49.869999,50.090000,46.974499,13989300
2024-01-08,49.750000,50.500000,49.689999,50.459999,47.321484,18070300
2024-01-09,49.959999,50.040001,49.430000,49.910000,46.805695,20489200
2024-01-10,50.000000,50.320000,49.820000,50.240002,47.115162,15174200
2024-01-11,50.450001,50.500000,50.040001,50.439999,47.302727,16458300
2024-01-12,50.500000,50.820000,50.299999,50.340000,47.208946,18785700
2024-01-16,50.250000,50.590000,50.070000,50.590000,47.443401,17015900
2024-01-17,50.240002,50.430000,49.910000,50.299999,47.171440,17370600
2024-01-18,50.299999,50.799999,50.279999,50.750000,47.593445,18487500
2024-01-19,50.750000,51.389999,50.730000,51.270000,48.081104,23015300
2024-01-22,51.549999,51.779999,51.410000,51.570000,48.362446,20298700
2024-01-23,51.389999,51.820000,51.299999,51.759998,48.540627,15044300
2024-01-24,52.000000,52.000000,51.209999,51.310001,48.118622,19458500
2024-01-25,51.750000,52.560001,51.750000,52.330002,49.075172,18936600
2024-01-26,52.419998,52.619999,51.990002,52.139999,48.896988,13160300
2024-01-29,51.840000,52.389999,51.830002,52.290001,49.037659,13492400
2024-01-30,52.299999,52.419998,52.000000,52.240002,48.990772,14322100
2024-01-31,51.849998,51.939999,50.070000,50.180000,47.058895,29311800
2024-02-01,50.230000,50.459999,49.820000,50.180000,47.058895,20635700
2024-02-02,50.139999,50.380001,49.619999,50.180000,47.058895,20533100
2024-02-05,49.939999,50.150002,49.259998,49.509998,46.430569,19602000
2024-02-06,50.310001,50.610001,49.790001,49.980000,46.871338,19265800
2024-02-07,50.299999,50.349998,49.459999,49.770000,46.674404,16794400
2024-02-08,49.900002,49.990002,49.549999,49.950001,46.843212,19599000
2024-02-09,49.930000,50.259998,49.630001,50.130001,47.012005,24076900
2024-02-12,50.029999,50.200001,49.529999,49.990002,46.880718,19046300
2024-02-13,49.619999,49.939999,49.139999,49.639999,46.552483,23633700
2024-02-14,49.570000,50.340000,49.549999,50.279999,47.152679,31176400
2024-02-15,48.259998,49.689999,48.189999,49.060001,46.008560,42766500
2024-02-16,48.750000,49.080002,48.389999,48.439999,45.427116,24912300
2024-02-20,47.970001,48.470001,47.849998,48.279999,45.277077,26402500
2024-02-21,48.450001,48.520000,47.900002,48.480000,45.464634,15981300
2024-02-22,48.270000,48.700001,48.150002,48.570000,45.549030,22020300
2024-02-23,48.619999,49.139999,48.500000,48.860001,45.821003,13141900
2024-02-26,48.849998,48.900002,48.360001,48.400002,45.389610,13018700
2024-02-27,48.150002,48.450001,48.020000,48.310001,45.305210,12515400
2024-02-28,48.200001,48.480000,48.009998,48.060001,45.070759,14635100
2024-02-29,48.189999,48.480000,48.130001,48.369999,45.361469,22962500
2024-03-01,48.110001,48.419998,47.660000,48.400002,45.389610,18508100
2024-03-04,48.369999,49.470001,48.230000,49.130001,46.074211,25214500
2024-03-05,49.040001,49.070000,48.570000,48.950001,45.905403,18101300
2024-03-06,48.980000,49.410000,48.970001,49.169998,46.111717,20903600
2024-03-07,49.439999,49.480000,48.830002,48.900002,45.858513,21224700
2024-03-08,48.869999,49.779999,48.849998,49.500000,46.421192,19316200
2024-03-11,49.720001,50.299999,49.580002,50.220001,47.096413,17715100
2024-03-12,50.540001,50.549999,49.889999,50.070000,46.955738,17590400
2024-03-13,50.029999,50.150002,49.830002,50.110001,46.993256,16669900
2024-03-14,50.270000,50.349998,49.599998,49.790001,46.693153,17239400
2024-03-15,49.790001,49.959999,48.900002,48.930000,45.886646,57049200
2024-03-18,49.220001,49.660000,48.980000,49.270000,46.205498,17406700
2024-03-19,49.119999,49.599998,48.970001,49.139999,46.083584,19601100
2024-03-20,49.040001,49.580002,48.939999,49.549999,46.468082,18554100
2024-03-21,49.709999,50.189999,49.560001,49.880001,46.777557,26102900
2024-03-22,50.049999,50.099998,49.720001,49.779999,46.683781,15022900
2024-03-25,49.560001,49.759998,49.290001,49.680000,46.589996,16191200
2024-03-26,49.549999,49.810001,49.480000,49.549999,46.468082,13842900
2024-03-27,49.770000,49.900002,49.410000,49.770000,46.674404,17231000
2024-03-28,49.889999,50.200001,49.810001,49.910000,46.805695,18139700
2024-04-01,49.959999,50.200001,49.869999,50.040001,46.927605,15138100
2024-04-02,49.959999,50.090000,49.150002,49.360001,46.289902,16414400
2024-04-03,48.799999,49.220001,48.660000,48.740002,46.081902,22210000
2024-04-04,49.090000,49.549999,48.040001,48.110001,45.486256,17374000
2024-04-05,47.959999,48.669998,47.889999,48.549999,45.902264,18661300
2024-04-08,48.189999,48.660000,48.160000,48.240002,45.609165,15375700
2024-04-09,48.840000,50.200001,48.520000,50.009998,47.282642,26686600
2024-04-10,49.730000,49.770000,48.810001,49.209999,46.526268,20026400
2024-04-11,49.320000,49.590000,49.000000,49.529999,46.828812,15703900
2024-04-12,49.209999,49.230000,48.439999,48.490002,45.845531,16418100
2024-04-15,49.720001,49.790001,48.200001,48.240002,45.609165,20310800
2024-04-16,48.470001,48.509998,47.840000,47.919998,45.306618,14233400
2024-04-17,48.000000,48.279999,47.709999,47.790001,45.183701,14407600
2024-04-18,48.410000,48.410000,47.880001,48.110001,45.486256,13080900
2024-04-19,48.389999,48.430000,48.029999,48.320000,45.684803,20964400
2024-04-22,48.490002,48.590000,48.000000,48.139999,45.514618,20135700
2024-04-23,48.139999,48.459999,48.060001,48.320000,45.684803,16261700
2024-04-24,48.049999,48.380001,47.919998,48.349998,45.713165,14828500
2024-04-25,48.779999,48.930000,47.849998,48.099998,45.476799,18790900
2024-04-26,47.639999,48.279999,47.610001,47.860001,45.249893,14658900
2024-04-29,47.990002,48.310001,47.580002,47.779999,45.174255,11599500
2024-04-30,47.610001,47.689999,46.970001,46.980000,44.417885,18535400
2024-05-01,46.700001,47.570000,46.680000,46.840000,44.285519,18266400
2024-05-02,47.029999,47.119999,46.599998,46.790001,44.238243,15441700
2024-05-03,47.099998,47.400002,46.840000,47.119999,44.550240,17935300
2024-05-06,47.220001,47.439999,46.970001,47.110001,44.540791,14163000
2024-05-07,47.209999,47.459999,47.009998,47.279999,44.701519,14308200
2024-05-08,47.439999,48.139999,47.250000,48.000000,45.382256,15130200
2024-05-09,48.000000,48.090000,47.650002,47.790001,45.183701,12449300
2024-05-10,48.000000,48.099998,47.700001,48.060001,45.438980,12096900
2024-05-13,48.310001,48.820000,48.230000,48.680000,46.025173,15149100
2024-05-14,48.980000,49.180000,48.349998,48.950001,46.280441,17379700
2024-05-15,49.189999,49.730000,48.730000,49.669998,46.961182,37342100
2024-05-16,50.080002,50.110001,48.169998,48.340000,45.703709,47829400
2024-05-17,48.259998,48.560001,48.110001,48.169998,45.542984,22020300
2024-05-20,48.000000,48.070000,47.009998,47.130001,44.559700,22040700
2024-05-21,47.119999,47.150002,46.610001,46.939999,44.380062,25172200
2024-05-22,47.099998,47.840000,47.040001,47.430000,44.843342,19940600
2024-05-23,47.150002,47.189999,46.509998,46.599998,44.058601,18837500
2024-05-24,46.630001,46.799999,46.380001,46.419998,43.888424,11941100
2024-05-28,46.150002,46.889999,45.980000,46.279999,43.756062,18178800
2024-05-29,45.900002,46.330002,45.849998,46.080002,43.566971,16001100
2024-05-30,46.099998,46.459999,46.000000,46.119999,43.604782,19894200
2024-05-31,46.139999,46.570000,46.009998,46.500000,43.964054,39269100
2024-06-03,46.720001,46.770000,46.279999,46.650002,44.105877,23295000
2024-06-04,46.650002,47.599998,46.509998,47.419998,44.833889,23330300
2024-06-05,47.520000,47.630001,45.639999,46.020000,43.510235,28746400
2024-06-06,45.939999,46.389999,45.779999,46.230000,43.708782,15456100
2024-06-07,45.950001,46.290001,45.790001,45.840000,43.340061,15734600
2024-06-10,45.799999,45.860001,45.270000,45.849998,43.349503,13400400
2024-06-11,45.689999,45.930000,45.360001,45.770000,43.273872,17450700
2024-06-12,45.990002,46.080002,45.389999,45.619999,43.132046,16803100
2024-06-13,45.419998,45.549999,45.119999,45.520000,43.037506,16149000
2024-06-14,45.320000,45.709999,44.970001,45.680000,43.188782,15274200
2024-06-17,45.400002,45.709999,44.950001,45.689999,43.198231,16382000
2024-06-18,45.500000,45.990002,45.500000,45.970001,43.462963,17627000
2024-06-20,45.910000,46.869999,45.860001,46.720001,44.172066,25613200
2024-06-21,47.099998,47.840000,47.049999,47.290001,44.710979,64967000
2024-06-24,47.490002,47.779999,47.020000,47.279999,44.701519,19136200
2024-06-25,47.270000,47.820000,46.990002,47.380001,44.796066,17615800
2024-06-26,47.060001,47.410000,46.799999,46.860001,44.304428,13981300
2024-06-27,46.779999,47.509998,46.770000,47.450001,44.862247,16541900
2024-06-28,47.549999,47.860001,47.340000,47.509998,44.918980,23921100
2024-07-01,47.480000,47.840000,47.349998,47.520000,44.928436,17776000
2024-07-02,47.400002,47.790001,46.959999,47.279999,44.701519,19794200
2024-07-03,47.150002,47.520000,47.040001,47.090000,44.521885,8118300
2024-07-05,46.430000,46.759998,46.310001,46.650002,44.483742,14692600
2024-07-08,46.349998,46.779999,45.950001,46.060001,43.921143,19320900
2024-07-09,46.000000,46.099998,45.650002,45.799999,43.673210,17343400
2024-07-10,46.060001,46.290001,45.830002,46.270000,44.121387,18737300
2024-07-11,46.180000,46.910000,46.180000,46.759998,44.588631,19741200
2024-07-12,46.779999,47.860001,46.650002,47.380001,45.179848,20936100
2024-07-15,47.410000,47.490002,46.790001,47.400002,45.198917,15925900
2024-07-16,47.450001,47.970001,47.220001,47.419998,45.217983,17037300
2024-07-17,47.459999,48.740002,47.349998,48.520000,46.266907,26638700
2024-07-18,48.150002,48.639999,47.980000,48.040001,45.809196,18462500
2024-07-19,48.090000,48.099998,47.139999,47.320000,45.122627,18289200
2024-07-22,47.320000,47.380001,46.770000,46.820000,44.645844,19899400
2024-07-23,46.750000,46.779999,46.340000,46.360001,44.207207,16372000
2024-07-24,46.540001,47.040001,46.240002,46.849998,44.674450,25318200
2024-07-25,47.369999,48.189999,47.060001,47.240002,45.046349,20631200
2024-07-26,47.320000,48.009998,47.240002,47.880001,45.656624,16104900
2024-07-29,47.820000,48.209999,47.439999,47.990002,45.761517,11475700
2024-07-30,48.189999,48.549999,47.889999,48.139999,45.904541,20166000
2024-07-31,48.410000,48.770000,48.240002,48.450001,46.200153,19953600
2024-08-01,48.619999,48.720001,47.200001,47.389999,45.189377,18837500
2024-08-02,47.680000,47.750000,46.349998,46.660000,44.493279,24000200
2024-08-05,46.549999,46.680000,44.689999,44.740002,42.662434,29669600
2024-08-06,44.750000,45.740002,44.639999,45.160000,43.062931,20524000
2024-08-07,45.419998,46.209999,45.090000,45.119999,43.024792,18301100
2024-08-08,45.279999,46.270000,45.279999,45.830002,43.701820,18369100
2024-08-09,45.700001,46.060001,45.240002,45.470001,43.358536,21217600
2024-08-12,45.529999,45.740002,44.500000,44.860001,42.776863,20289500
2024-08-13,44.980000,45.389999,44.889999,45.369999,43.263176,20976900
2024-08-14,45.139999,45.740002,45.040001,45.439999,43.329929,30675600
2024-08-15,48.750000,50.279999,48.160000,48.529999,46.276443,45976400
2024-08-16,48.639999,49.730000,48.500000,49.459999,47.163250,27424900
2024-08-19,49.330002,49.990002,49.299999,49.980000,47.659111,16436600
2024-08-20,49.980000,50.369999,49.599998,50.240002,47.907040,18697300
2024-08-21,50.290001,50.549999,50.029999,50.450001,48.107285,21177600
2024-08-22,50.720001,50.930000,50.180000,50.220001,47.887970,19143100
2024-08-23,50.509998,50.770000,50.320000,50.740002,48.383820,16474100
2024-08-26,50.790001,51.020000,50.720001,50.790001,48.431496,12016800
2024-08-27,50.669998,50.840000,50.400002,50.709999,48.355206,10243900
2024-08-28,50.450001,50.570000,49.410000,49.849998,47.535145,14571400
2024-08-29,49.970001,50.820000,49.880001,50.389999,48.050068,16324100
2024-08-30,50.549999,50.689999,50.070000,50.540001,48.193104,15615800
2024-09-03,50.310001,50.500000,49.900002,50.060001,47.735394,14918600
2024-09-04,49.820000,50.040001,49.580002,49.700001,47.392109,16411700
2024-09-05,49.500000,49.650002,48.939999,49.130001,46.848579,16312000
2024-09-06,48.869999,49.230000,48.200001,48.500000,46.247833,21040500
2024-09-09,48.470001,49.150002,48.259998,48.700001,46.438545,18677600
2024-09-10,48.790001,48.970001,48.439999,48.790001,46.524376,11754700
2024-09-11,48.750000,49.209999,47.849998,49.110001,46.829502,15106600
2024-09-12,49.090000,49.639999,48.860001,49.610001,47.306293,13229500
2024-09-13,49.740002,50.060001,49.669998,49.799999,47.487469,10168900
2024-09-16,49.880001,51.070000,49.779999,51.029999,48.660347,16668200
2024-09-17,51.020000,51.419998,50.570000,50.610001,48.259857,13230300
2024-09-18,50.389999,51.139999,50.270000,50.570000,48.221710,12697700
2024-09-19,51.410000,51.720001,51.150002,51.439999,49.051308,16274000
2024-09-20,51.450001,52.330002,51.419998,51.970001,49.556698,44096600
2024-09-23,52.060001,52.439999,51.889999,52.189999,49.766483,18343400
2024-09-24,52.209999,52.570000,52.009998,52.520000,50.081158,26479300
2024-09-25,52.570000,52.730000,52.369999,52.650002,50.205124,22422200
2024-09-26,53.000000,53.290001,52.759998,52.849998,50.395828,18374000
2024-09-27,53.040001,53.220001,52.860001,53.020000,50.557941,13868300
2024-09-30,53.020000,53.310001,52.650002,53.220001,50.748657,17807500
2024-10-01,53.110001,53.200001,52.310001,52.740002,50.290943,16621800
2024-10-02,52.400002,52.840000,52.130001,52.619999,50.559978,11071300
2024-10-03,52.189999,52.660000,52.160000,52.430000,50.377419,11029100
2024-10-04,52.799999,52.910000,52.410000,52.750000,50.684895,11724100
2024-10-07,52.580002,52.849998,52.369999,52.509998,50.454285,10941700
2024-10-08,52.639999,52.770000,52.200001,52.730000,50.665676,12365000
2024-10-09,52.650002,53.680000,52.540001,53.560001,51.463188,10586100
2024-10-10,53.700001,53.810001,53.419998,53.540001,51.443970,9377500
2024-10-11,53.520000,54.330002,53.520000,54.250000,52.126163,12704500
2024-10-14,54.310001,54.410000,53.790001,54.270000,52.145390,11428600
2024-10-15,54.419998,54.610001,53.919998,54.080002,51.962830,20066300
2024-10-16,55.000000,56.410000,54.830002,56.380001,54.172787,32382300
2024-10-17,56.380001,56.580002,55.849998,56.400002,54.191998,18383400
2024-10-18,56.410000,56.869999,56.209999,56.759998,54.537903,17679800
2024-10-21,56.689999,57.060001,56.509998,56.590000,54.374561,14083600
2024-10-22,56.000000,56.900002,55.860001,56.599998,54.384167,14956300
2024-10-23,56.160000,56.590000,55.990002,56.279999,54.076694,18723000
2024-10-24,56.380001,56.549999,55.810001,55.959999,53.769226,14699600
2024-10-25,56.250000,56.630001,55.669998,55.740002,53.557842,14680500
2024-10-28,55.900002,55.980000,55.209999,55.279999,53.115849,12912300
2024-10-29,55.369999,56.110001,55.270000,55.680000,53.500191,18810100
2024-10-30,55.570000,56.040001,55.369999,55.590000,53.413708,13284300
2024-10-31,55.430000,55.509998,54.709999,54.770000,52.625813,22023400
2024-11-01,54.740002,55.810001,54.529999,55.500000,53.327232,19235600
2024-11-04,55.450001,55.910000,55.119999,55.830002,53.644310,13269900
2024-11-05,55.900002,56.270000,55.500000,56.160000,53.961391,10183600
2024-11-06,57.189999,58.090000,56.959999,57.869999,55.604446,20506000
2024-11-07,57.799999,58.299999,57.540001,58.080002,55.806229,17880200
2024-11-08,58.090000,58.200001,57.660000,58.060001,55.787014,17517700
2024-11-11,59.000000,59.380001,58.360001,58.630001,56.334694,17827000
2024-11-12,58.759998,59.040001,58.430000,58.709999,56.411568,16609400
2024-11-13,58.150002,59.279999,57.840000,59.180000,56.863171,36350600
2024-11-14,58.990002,58.990002,57.520000,57.919998,55.652489,33747700
2024-11-15,57.450001,58.099998,57.230000,57.459999,55.210503,28173700
2024-11-18,57.549999,57.990002,57.230000,57.310001,55.066376,23769300
2024-11-19,56.680000,57.040001,56.349998,57.009998,54.778118,17476200
2024-11-20,56.840000,57.500000,56.610001,57.500000,55.248936,15345000
2024-11-21,57.290001,57.930000,57.099998,57.560001,55.306591,16162400
2024-11-22,57.590000,58.700001,57.459999,58.549999,56.257828,14952100
2024-11-25,58.650002,58.959999,58.259998,58.740002,56.440392,52408200
2024-11-26,59.000000,59.639999,58.939999,59.590000,57.257111,14209700
2024-11-27,59.610001,59.869999,58.930000,59.290001,56.968864,12703300
2024-11-29,59.070000,59.590000,59.040001,59.209999,56.891991,11618400
2024-12-02,59.250000,59.700001,59.139999,59.430000,57.103378,15977400
2024-12-03,59.430000,59.529999,59.169998,59.480000,57.151421,11746000
2024-12-04,59.639999,59.840000,59.270000,59.619999,57.285942,16872100
2024-12-05,59.790001,60.230000,59.700001,60.020000,57.670280,19121700
2024-12-06,60.000000,60.080002,59.770000,59.889999,57.545376,14622700
2024-12-09,59.830002,59.880001,58.860001,58.950001,56.642170,16517500
2024-12-10,58.500000,58.860001,58.130001,58.720001,56.421177,14480200
2024-12-11,58.880001,58.959999,58.310001,58.590000,56.296261,26842900
2024-12-12,58.689999,59.740002,58.630001,58.849998,56.546082,17704600
2024-12-13,58.619999,58.939999,58.380001,58.619999,56.325092,14129700
2024-12-16,58.470001,58.490002,57.849998,58.349998,56.065659,26883200
2024-12-17,58.380001,59.070000,58.169998,58.520000,56.229004,24912500
2024-12-18,58.709999,58.709999,57.480000,57.529999,55.277760,24195100
2024-12-19,57.389999,58.139999,57.340000,57.630001,55.373848,21947800
2024-12-20,57.570000,58.779999,57.270000,58.520000,56.229004,69544600
2024-12-23,58.130001,59.020000,58.119999,58.980000,56.670998,18671200
2024-12-24,58.799999,59.849998,58.799999,59.849998,57.506931,9922300
2024-12-26,59.619999,60.060001,59.400002,59.980000,57.631844,8524500
2024-12-27,59.570000,60.020000,59.139999,59.610001,57.276329,13021400
2024-12-30,59.090000,59.389999,58.410000,59.189999,56.872772,12948100
2024-12-31,59.220001,59.380001,58.770000,59.200001,56.882381,14173000
2025-01-02,59.270000,59.680000,58.570000,59.099998,56.786297,16144300
2025-01-03,58.840000,59.169998,58.360001,58.860001,56.941078,18859000
2025-01-06,58.910000,59.580002,58.590000,58.770000,56.854015,18543300
2025-01-07,58.970001,59.250000,58.650002,58.930000,57.008797,16863800
2025-01-08,58.889999,59.240002,58.270000,59.200001,57.269997,14400300
2025-01-10,58.790001,59.060001,58.540001,58.740002,56.824993,17274500
2025-01-13,58.919998,58.930000,58.169998,58.759998,56.844341,19340700
2025-01-14,58.970001,59.340000,58.750000,59.330002,57.395756,16715500
2025-01-15,59.860001,60.340000,59.590000,59.980000,58.024567,19185100
2025-01-16,60.180000,60.450001,59.779999,59.820000,57.869781,18445700
2025-01-17,60.759998,60.950001,60.200001,60.230000,58.266418,23876400
2025-01-21,60.470001,61.330002,60.279999,61.029999,59.040337,18623800
2025-01-22,61.040001,61.759998,60.990002,61.630001,59.620770,19436600
2025-01-23,61.799999,62.320000,61.380001,62.230000,60.201214,14212000
2025-01-24,62.060001,62.290001,61.860001,62.230000,60.201214,17232900
2025-01-27,61.389999,61.459999,58.759998,59.080002,57.153912,33730300
2025-01-28,59.020000,59.560001,58.919998,59.430000,57.492496,25473300
2025-01-29,59.950001,60.540001,59.509998,59.549999,57.608589,17925300
2025-01-30,60.470001,61.080002,60.250000,60.470001,58.498592,17079000
2025-01-31,60.529999,61.189999,60.459999,60.599998,58.624352,16554200
2025-02-03,60.189999,61.259998,59.549999,61.040001,59.050007,20375700
2025-02-04,60.840000,61.590000,60.730000,61.340000,59.340229,12742700
2025-02-05,61.450001,62.709999,61.299999,62.570000,60.530128,18997400
2025-02-06,62.820000,62.910000,62.070000,62.270000,60.239910,15521800
2025-02-07,62.740002,63.250000,62.209999,62.270000,60.239910,23861000
2025-02-10,63.119999,63.150002,62.380001,62.810001,60.762306,15816200
2025-02-11,62.529999,62.799999,62.180000,62.430000,60.394691,17702500
2025-02-12,61.439999,62.560001,61.200001,62.529999,60.491432,30116300
2025-02-13,66.099998,66.500000,62.720001,63.840000,61.758724,43257700
2025-02-14,63.790001,65.070000,63.439999,64.870003,62.755146,23693300
2025-02-18,65.300003,66.250000,64.430000,64.589996,62.484272,22047500
2025-02-19,64.519997,64.959999,64.290001,64.839996,62.726116,14164100
2025-02-20,64.959999,65.230003,64.269997,64.669998,62.561668,14836600
2025-02-21,64.680000,64.959999,63.880001,63.980000,61.894157,18905800
2025-02-24,64.430000,64.580002,63.150002,63.240002,61.178280,17287500
2025-02-25,64.599998,64.639999,63.320000,64.269997,62.174706,22100100
2025-02-26,64.050003,64.779999,63.939999,64.080002,61.990898,13452300
2025-02-27,64.769997,65.290001,63.750000,63.810001,61.729702,24695600
2025-02-28,63.930000,64.160004,62.830002,64.110001,62.019924,26711800
2025-03-03,64.389999,64.879997,63.189999,63.480000,61.410461,21810700
2025-03-04,63.740002,63.910000,62.610001,63.259998,61.197636,24588300
2025-03-05,63.230000,64.180000,62.799999,63.959999,61.874813,14931500
2025-03-06,63.799999,64.019997,62.759998,63.410000,61.342743,23155100
2025-03-07,62.900002,64.169998,62.189999,63.939999,61.855465,21154800
2025-03-10,63.480000,63.689999,61.680000,62.060001,60.036758,27417600
2025-03-11,62.279999,62.380001,60.529999,60.669998,58.692066,25787400
2025-03-12,60.959999,61.180000,60.250000,60.459999,58.488914,18935300
2025-03-13,60.410000,60.490002,59.230000,59.669998,57.724670,16463300
2025-03-14,60.320000,60.619999,59.919998,60.500000,58.527615,16250700
2025-03-17,60.400002,61.209999,60.340000,60.889999,58.904896,15335800
2025-03-18,60.669998,60.799999,59.669998,60.299999,58.334133,16669000
2025-03-19,60.630001,61.580002,60.500000,61.119999,59.127399,15488800
2025-03-20,60.480000,61.020000,60.340000,60.619999,58.643696,16528600
2025-03-21,60.169998,60.400002,59.430000,60.299999,58.334133,65935200
2025-03-24,61.040001,61.380001,60.880001,60.970001,58.982296,28335600
2025-03-25,60.840000,61.209999,60.700001,60.990002,59.001640,20877600
2025-03-26,61.029999,61.840000,61.009998,61.799999,59.785233,30621200
2025-03-27,61.889999,61.980000,61.330002,61.400002,59.398270,25720200
2025-03-28,61.660000,61.779999,60.509998,60.860001,58.875877,24931700
2025-03-31,60.630001,61.900002,60.240002,61.709999,59.698162,29335700
2025-04-01,61.380001,62.040001,61.060001,61.799999,59.785233,17381400
2025-04-02,61.200001,61.869999,61.099998,61.820000,59.804577,18610700
2025-04-03,59.380001,59.919998,57.259998,57.310001,55.811760,40006300
2025-04-04,56.660000,57.470001,54.439999,54.540001,53.114178,42924400
2025-04-07,53.380001,56.119999,52.110001,54.410000,52.987579,46816200
2025-04-08,54.740002,55.869999,52.720001,53.189999,51.799473,37377000
2025-04-09,53.080002,58.430000,52.669998,58.130001,56.610329,53380800
2025-04-10,57.820000,57.939999,55.000000,56.590000,55.110584,31964600
2025-04-11,56.669998,57.799999,56.279999,57.330002,55.831245,23036900
2025-04-14,57.889999,58.209999,57.099998,57.410000,55.909149,15657700
2025-04-15,57.869999,57.910000,57.060001,57.200001,55.704643,18543600
2025-04-16,56.570000,57.080002,55.419998,55.759998,54.302288,20551300
2025-04-17,56.200001,56.410000,55.689999,55.759998,54.302288,15910400
2025-04-21,55.160000,55.330002,53.830002,54.369999,52.948620,15578800
2025-04-22,55.220001,55.279999,54.590000,55.040001,53.601109,19961800
2025-04-23,56.150002,56.980000,55.500000,55.630001,54.175686,30231500
2025-04-24,55.299999,56.570000,55.160000,56.290001,54.818432,22782300
2025-04-25,56.209999,56.779999,56.070000,56.709999,55.227448,16493500
2025-04-28,56.529999,57.330002,56.419998,56.840000,55.354053,23140600
2025-04-29,56.689999,57.490002,56.630001,57.340000,55.840981,13466000
2025-04-30,57.099998,57.910000,56.459999,57.730000,56.220787,19921200
2025-05-01,57.779999,58.470001,57.680000,58.119999,56.600586,16420800
2025-05-02,59.060001,59.419998,58.740002,59.330002,57.778954,18753200
2025-05-05,59.000000,59.650002,58.880001,59.320000,57.769215,14758500
2025-05-06,58.630001,59.509998,58.580002,59.220001,57.671829,13766500
2025-05-07,59.200001,59.900002,59.070000,59.570000,58.012680,14078300
2025-05-08,59.959999,60.279999,59.430000,59.709999,58.149017,16196700
2025-05-09,60.660000,60.830002,59.439999,59.770000,58.207455,17480700
2025-05-12,61.610001,61.849998,61.119999,61.669998,60.057781,23700000
2025-05-13,61.680000,62.240002,61.610001,61.779999,60.164909,18591200
2025-05-14,61.630001,61.869999,60.849998,61.290001,59.687721,34509200
2025-05-15,63.070000,65.750000,62.919998,64.260002,62.580070,60718000
2025-05-16,63.910000,64.029999,62.980000,63.619999,61.956802,30289900
2025-05-19,63.430000,64.129997,63.180000,63.919998,62.248959,16249000
2025-05-20,63.740002,63.849998,63.070000,63.419998,61.762028,14995200
2025-05-21,62.990002,63.910000,62.970001,63.200001,61.547787,15595900
2025-05-22,63.410000,63.720001,62.950001,63.360001,61.703598,15641100
2025-05-23,62.709999,63.220001,62.529999,63.110001,61.460140,15645400
2025-05-27,63.759998,63.990002,63.340000,63.750000,62.083405,17429400
2025-05-28,63.889999,63.990002,63.250000,63.340000,61.684124,13814500
2025-05-29,63.730000,63.740002,62.490002,63.049999,61.401703,13982800
2025-05-30,62.919998,63.180000,62.299999,63.040001,61.391964,25829000
2025-06-02,62.730000,63.880001,62.709999,63.849998,62.180790,15816000
2025-06-03,63.799999,64.459999,63.720001,64.360001,62.677460,15156900
2025-06-04,64.660004,64.889999,64.349998,64.389999,62.706673,14770900
2025-06-05,64.480003,64.910004,64.279999,64.620003,62.930664,17025200
2025-06-06,65.320000,66.160004,65.230003,66.059998,64.333015,20943800
2025-06-09,66.110001,66.360001,65.589996,65.900002,64.177200,13689800
2025-06-10,66.010002,66.080002,64.809998,65.150002,63.446808,17214900
2025-06-11,65.110001,65.150002,63.869999,64.190002,62.511906,20442600
2025-06-12,64.320000,65.209999,64.110001,65.099998,63.398109,15160800
2025-06-13,64.589996,64.720001,63.930000,64.089996,62.414516,14635000
2025-06-16,65.190002,65.610001,64.849998,65.510002,63.797398,16957700
2025-06-17,65.639999,66.150002,65.019997,65.330002,63.622108,18845200
2025-06-18,65.690002,66.339996,65.379997,65.839996,64.118774,22664200
2025-06-20,66.489998,66.650002,65.720001,66.320000,64.586220,50421700
2025-06-23,66.349998,67.489998,66.209999,67.379997,65.618500,34030000
2025-06-24,67.779999,68.040001,67.360001,67.889999,66.115173,23162700
2025-06-25,67.849998,68.529999,67.779999,68.190002,66.407333,19395700
2025-06-26,68.720001,69.160004,68.419998,68.949997,67.147461,23154000
2025-06-27,68.870003,69.220001,68.339996,68.650002,66.855301,26224600
2025-06-30,68.830002,69.779999,68.750000,69.379997,67.566208,32561200
2025-07-01,69.379997,69.550003,68.639999,69.099998,67.293541,21939500
2025-07-02,68.680000,68.940002,68.180000,68.589996,66.796867,16655200
2025-07-03,68.180000,69.470001,68.180000,69.370003,67.962738,17973500
2025-07-07,69.080002,69.300003,68.610001,68.930000,67.531662,23985200
2025-07-08,68.800003,68.919998,68.349998,68.589996,67.198547,21182600
2025-07-09,68.540001,69.320000,68.309998,69.269997,67.864761,23765900
2025-07-10,69.260002,69.389999,68.559998,68.760002,67.365112,15005300
2025-07-11,68.290001,68.500000,67.690002,67.949997,66.571541,14699400
2025-07-14,67.830002,68.029999,67.199997,67.820000,66.444176,16451400
2025-07-15,67.680000,67.879997,67.150002,67.180000,65.817162,13944600
2025-07-16,67.150002,67.559998,66.980003,67.370003,66.003304,15156100
2025-07-17,67.550003,68.470001,67.510002,68.300003,66.914444,20400000
2025-07-18,68.779999,68.839996,67.959999,68.050003,66.669510,16145100
2025-07-21,67.900002,68.620003,67.790001,68.339996,66.953621,14674200
2025-07-22,68.339996,68.599998,68.080002,68.160004,66.777283,14527200
2025-07-23,68.349998,68.830002,68.059998,68.620003,67.227951,13042300
2025-07-24,68.360001,68.589996,67.919998,68.290001,66.904648,13534000
2025-07-25,68.379997,68.820000,68.070000,68.690002,67.296532,11590000
2025-07-28,67.750000,67.959999,67.370003,67.919998,66.542152,20558400
2025-07-29,68.230003,68.720001,67.830002,67.959999,66.581337,15261800
2025-07-30,67.839996,68.580002,67.349998,68.279999,66.894852,15518200
2025-07-31,68.309998,69.150002,67.879997,68.080002,66.698906,18529200
2025-08-01,67.510002,67.610001,66.519997,67.110001,65.748581,21650000
2025-08-04,67.769997,68.510002,67.610001,68.489998,67.100586,17052200
2025-08-05,68.690002,68.870003,67.440002,67.519997,66.150261,15434500
2025-08-06,67.959999,69.349998,67.769997,69.209999,67.805977,23107800
2025-08-07,69.800003,70.139999,69.209999,69.900002,68.481987,22579600
2025-08-08,70.239998,72.019997,70.220001,71.790001,70.333641,31662400
2025-08-11,72.300003,72.550003,70.339996,70.669998,69.236359,28911400
2025-08-12,70.790001,71.500000,70.559998,71.379997,69.931953,21912100
2025-08-13,71.860001,72.029999,70.250000,70.400002,68.971840,38096400
2025-08-14,68.000000,70.610001,67.480003,69.300003,67.894157,39317300
2025-08-15,68.449997,68.650002,65.860001,66.199997,64.857040,40877300
2025-08-18,66.080002,67.110001,65.750000,66.949997,65.591820,20903400
2025-08-19,66.760002,67.519997,66.480003,66.760002,65.405678,18746600
2025-08-20,66.820000,67.190002,66.540001,67.110001,65.748581,14946400
2025-08-21,67.099998,67.220001,66.470001,67.019997,65.660400,12456600
2025-08-22,67.330002,68.040001,67.010002,67.320000,65.954323,16830600
2025-08-25,67.279999,67.500000,67.110001,67.139999,65.777977,11724500
2025-08-26,67.169998,68.750000,67.110001,68.389999,67.002617,28307900
2025-08-27,68.320000,68.750000,68.150002,68.440002,67.051605,13876700
2025-08-28,68.360001,69.580002,68.349998,69.430000,68.021515,15256000
2025-08-29,69.110001,69.459999,68.830002,69.089996,67.688416,14953000
2025-09-02,68.110001,68.320000,67.379997,67.800003,66.424583,18928800
2025-09-03,68.050003,68.129997,67.330002,67.669998,66.297226,14320100
2025-09-04,68.099998,68.410004,67.410004,67.989998,66.610725,14388500
2025-09-05,67.720001,68.099998,66.480003,66.900002,65.542847,21050800
2025-09-08,66.720001,67.010002,66.349998,66.879997,65.523247,14038000
2025-09-09,66.739998,67.440002,66.639999,67.339996,65.973915,11649400
2025-09-10,67.589996,68.320000,67.120003,68.129997,66.747887,14689500
2025-09-11,68.309998,68.570000,67.510002,67.690002,66.316818,17560800
2025-09-12,66.879997,67.339996,66.129997,66.529999,65.180351,18529200
2025-09-15,66.510002,67.199997,66.349998,67.019997,65.660400,16203100
2025-09-16,67.019997,67.379997,66.550003,66.930000,65.572235,18019300
2025-09-17,67.000000,67.879997,66.379997,67.720001,66.346207,18652100
2025-09-18,67.900002,68.760002,67.480003,68.680000,67.286736,20279000
2025-09-19,68.919998,68.919998,67.180000,68.209999,66.826263,47822500
2025-09-22,67.860001,68.000000,67.300003,67.750000,66.375603,20396700
2025-09-23,67.580002,68.220001,67.070000,67.540001,66.169861,22240000
2025-09-24,67.699997,67.860001,66.889999,67.320000,65.954323,17433100
2025-09-25,67.320000,68.239998,67.110001,67.849998,66.473572,22351700
2025-09-26,67.870003,67.910004,66.849998,67.220001,65.856354,15077400
2025-09-29,67.720001,67.949997,67.440002,67.720001,66.346207,14358300
2025-09-30,67.709999,68.769997,67.690002,68.419998,67.031998,20498900
2025-10-01,67.900002,68.820000,67.690002,68.750000,67.355309,15530700
2025-10-02,69.180000,69.489998,68.260002,68.309998,66.924240,15708300
2025-10-03,67.949997,68.580002,67.650002,67.919998,66.943954,11113200
2025-10-06,68.440002,68.949997,67.809998,68.910004,67.919731,21952700
2025-10-07,68.919998,69.220001,68.440002,68.989998,67.998573,16493200
2025-10-08,69.809998,70.760002,69.000000,70.330002,69.319321,34246300
2025-10-09,70.309998,70.620003,69.029999,69.959999,68.954636,21209500
2025-10-10,70.410004,70.809998,67.889999,67.940002,66.963669,20961500
2025-10-13,68.550003,68.889999,67.129997,67.459999,66.490562,14127900
2025-10-14,67.110001,69.160004,66.809998,68.660004,67.673325,15402000
2025-10-15,69.309998,70.300003,68.820000,69.519997,68.520958,16260500
2025-10-16,69.779999,70.070000,68.570000,69.089996,68.097137,13950600
2025-10-17,69.059998,70.769997,68.949997,70.129997,69.122192,16286900
2025-10-20,70.120003,70.970001,70.120003,70.650002,69.634720,12183500
2025-10-21,70.580002,71.239998,70.379997,70.720001,69.703720,15763300
2025-10-22,70.860001,70.970001,69.849998,70.660004,69.644577,14967200
2025-10-23,70.599998,71.239998,70.230003,70.269997,69.260185,14614100
2025-10-24,70.639999,70.940002,70.059998,70.629997,69.615005,13075600
2025-10-27,70.540001,71.459999,70.430000,71.389999,70.364082,15986800
2025-10-28,71.199997,72.680000,71.029999,72.620003,71.576416,19896800
2025-10-29,72.680000,72.820000,70.919998,71.330002,70.304955,18020600
2025-10-30,71.370003,73.110001,71.339996,72.910004,71.862251,18101800
2025-10-31,72.720001,73.480003,72.430000,73.110001,72.059372,24008000
2025-11-03,74.610001,74.839996,73.620003,74.449997,73.380112,21733400
2025-11-04,73.900002,73.989998,71.980003,72.320000,71.280724,22345000
2025-11-05,72.220001,72.580002,71.339996,72.099998,71.063889,16113500
2025-11-06,71.709999,72.230003,70.690002,71.040001,70.019112,16469900
2025-11-07,71.389999,71.589996,70.540001,71.070000,70.048683,16913700
2025-11-10,71.760002,72.500000,71.150002,72.089996,71.054024,22201200
2025-11-11,71.739998,72.250000,71.099998,71.709999,70.679489,21412900
2025-11-12,71.910004,74.209999,71.720001,73.959999,72.897156,57591600
2025-11-13,77.949997,79.500000,76.650002,77.379997,76.268005,57638500
2025-11-14,76.580002,78.669998,75.839996,78.000000,76.879097,38819600
2025-11-17,77.889999,79.389999,77.470001,77.779999,76.662262,28720100
2025-11-18,77.550003,78.199997,76.449997,77.370003,76.258156,26025500
2025-11-19,77.300003,78.930000,77.160004,78.389999,77.263496,24759700
2025-11-20,79.120003,80.059998,75.320000,75.440002,74.355888,27381900
2025-11-21,75.639999,76.940002,75.470001,76.099998,75.006401,24428800
2025-11-24,76.489998,76.879997,75.680000,76.239998,75.144386,26691500
2025-11-25,76.489998,77.059998,76.080002,76.320000,75.223244,18818800
2025-11-26,76.459999,76.599998,75.339996,76.070000,74.976830,15972600
2025-11-28,76.139999,76.959999,75.809998,76.940002,75.834335,7320900
2025-12-01,76.669998,76.820000,75.930000,76.040001,74.947266,15529600
2025-12-02,76.160004,77.000000,75.760002,76.870003,75.765335,14619100
2025-12-03,76.589996,77.820000,75.650002,77.750000,76.632698,16088400
2025-12-04,77.690002,77.860001,77.169998,77.760002,76.642555,12572600
2025-12-05,77.970001,78.190002,77.400002,77.970001,76.849533,12579400
2025-12-08,78.209999,79.379997,78.120003,78.860001,77.726738,17454500
2025-12-09,78.790001,79.879997,78.510002,79.510002,78.367401,15737500
2025-12-10,78.830002,80.820000,78.800003,80.250000,79.096764,21302700
2025-12-11,80.239998,80.370003,78.830002,79.269997,78.130844,18652300
2025-12-12,79.459999,79.559998,77.720001,77.800003,76.681976,16672300
2025-12-15,78.209999,78.709999,77.540001,78.250000,77.125504,17646000
2025-12-16,78.110001,78.610001,77.379997,77.550003,76.435570,17737200
2025-12-17,77.900002,78.199997,75.919998,76.000000,74.907837,26094400
2025-12-18,76.330002,77.809998,76.260002,76.949997,75.844185,19249400
2025-12-19,76.970001,79.169998,76.790001,78.419998,77.293060,84881900
2025-12-22,79.019997,79.150002,77.959999,78.110001,76.987518,18016100
2025-12-23,77.610001,78.120003,77.589996,78.019997,76.898811,16712600
2025-12-24,78.019997,78.290001,77.849998,78.019997,76.898811,9104400
2025-12-26,78.099998,78.279999,77.930000,78.160004,77.036804,10158000
2025-12-29,78.029999,78.300003,77.519997,77.790001,76.672119,17941800
2025-12-30,77.809998,77.809998,77.169998,77.410004,76.297585,13952200
2025-12-31,77.339996,77.820000,76.879997,77.029999,75.923035,13570500
2026-01-02,76.650002,76.949997,75.610001,76.040001,75.348312,15749800
2026-01-05,76.449997,76.769997,75.209999,75.580002,74.892502,16328800
2026-01-06,75.529999,75.730003,74.809998,75.230003,74.545685,17017200
2026-01-07,75.120003,75.379997,74.199997,74.720001,74.040321,20347400
2026-01-08,74.309998,74.459999,73.550003,73.959999,73.287231,17192200
2026-01-09,73.449997,74.330002,73.339996,73.879997,73.207954,19104100
2026-01-12,72.910004,74.050003,72.800003,74.010002,73.336784,20985700
2026-01-13,73.989998,75.500000,73.860001,75.470001,74.783493,17809900
2026-01-14,74.930000,75.110001,73.820000,74.410004,73.733139,17801300
2026-01-15,75.220001,76.050003,74.910004,75.250000,74.565498,18213000
2026-01-16,75.639999,75.989998,74.599998,75.190002,74.506042,25743300
2026-01-20,74.519997,74.870003,73.209999,73.349998,72.682777,23999700
2026-01-21,73.949997,74.360001,73.010002,73.690002,73.019691,18210200
2026-01-22,74.110001,74.779999,73.879997,74.330002,73.653870,12879800
2026-01-23,73.949997,75.070000,73.709999,74.589996,73.911499,13125500
2026-01-26,76.470001,77.419998,75.639999,77.010002,76.309486,24714400
2026-01-27,77.190002,78.910004,77.050003,78.680000,77.964294,17756700
2026-01-28,78.930000,79.040001,78.019997,78.959999,78.241745,14022900
2026-01-29,79.110001,79.480003,77.629997,78.430000,77.716568,22642900
2026-01-30,78.089996,78.800003,77.720001,78.320000,77.607567,26458400
2026-02-02,78.120003,81.160004,78.000000,80.639999,79.906471,28238600
2026-02-03,80.809998,83.250000,80.809998,83.110001,82.353996,34962100
2026-02-04,83.980003,84.239998,81.139999,81.160004,80.421745,39765700
2026-02-05,80.860001,83.309998,80.809998,82.360001,81.610817,24236500
2026-02-06,83.559998,85.000000,82.809998,84.820000,84.048447,23936600
2026-02-09,84.730003,87.250000,84.309998,86.779999,85.990616,22908400
2026-02-10,86.970001,88.190002,86.129997,86.290001,85.505074,32113800
2026-02-11,86.059998,87.139999,85.129997,85.540001,84.761894,34455800
2026-02-12,79.610001,80.370003,74.089996,75.000000,74.317772,68098600
2026-02-13,74.379997,77.300003,73.419998,76.849998,76.150940,42886400
2026-02-17,76.949997,77.570000,76.480003,76.849998,76.150940,24792700
2026-02-18,76.550003,78.599998,76.489998,78.180000,77.468842,20648800
2026-02-19,77.989998,79.160004,77.870003,78.559998,77.845390,18443200
2026-02-20,78.129997,79.330002,78.129997,79.199997,78.479561,29461600
2026-02-23,78.849998,79.480003,76.940002,77.739998,77.032845,24485900
2026-02-24,77.739998,78.709999,77.470001,78.139999,77.429207,19485100
2026-02-25,78.449997,79.419998,78.260002,79.120003,78.400291,22721800
2026-02-26,78.940002,79.339996,77.720001,78.099998,77.389572,19608000
2026-02-27,77.650002,79.529999,77.070000,79.459999,78.737198,27498000
2026-03-02,78.750000,79.519997,77.690002,79.419998,78.697563,18540400
2026-03-03,78.379997,79.440002,77.570000,78.959999,78.241745,17521100
2026-03-04,79.199997,80.959999,78.529999,80.870003,80.134377,20388100
2026-03-05,79.989998,81.169998,79.050003,80.010002,79.282196,26844800
2026-03-06,78.519997,79.519997,78.349998,78.639999,77.924660,20621200
2026-03-09,77.180000,77.559998,75.199997,76.209999,75.516762,32855900
2026-03-10,77.139999,79.010002,77.099998,77.699997,76.993210,24836000
2026-03-11,77.639999,78.500000,77.120003,78.099998,77.389572,14719900
2026-03-12,76.949997,78.129997,76.949997,77.739998,77.032845,19969500
2026-03-13,78.070000,79.260002,77.940002,78.330002,77.617477,19080400
2026-03-16,78.919998,79.169998,78.190002,78.900002,78.182297,14715100
2026-03-17,79.180000,80.050003,78.820000,79.269997,78.548927,16210500
2026-03-18,79.739998,80.029999,77.529999,77.599998,76.894119,18827600
2026-03-19,77.550003,78.879997,76.919998,78.510002,77.795845,17519600
2026-03-20,78.449997,79.040001,76.709999,77.650002,76.943665,90380800
2026-03-23,78.639999,79.510002,78.419998,78.820000,78.103027,20072200
2026-03-24,78.370003,80.940002,78.129997,80.860001,80.124466,23528000
2026-03-25,81.000000,82.680000,80.889999,81.830002,81.085640,23146000
2026-03-26,82.070000,83.110001,81.809998,82.160004,81.412643,26649600
2026-03-27,81.980003,82.120003,79.400002,79.919998,79.193008,20557400
2026-03-30,79.860001,80.389999,76.589996,77.040001,76.339211,24306300
2026-03-31,77.889999,78.190002,76.309998,77.589996,76.884209,25105700
2026-04-01,78.000000,79.120003,77.809998,77.930000,77.221123,21309000
2026-04-02,76.730003,79.099998,76.540001,79.019997,78.725487,12634900
2026-04-06,79.120003,80.480003,79.019997,80.440002,80.140198,16388600
2026-04-07,80.019997,80.889999,79.419998,80.680000,80.379303,13428100
2026-04-08,82.309998,83.739998,81.500000,83.699997,83.388046,19621900
2026-04-09,83.849998,84.769997,82.150002,83.169998,82.860023,17611700
2026-04-10,83.889999,84.559998,81.620003,82.220001,81.913567,17571100
2026-04-13,82.040001,82.389999,81.250000,82.349998,82.043076,19997500
2026-04-14,82.029999,82.650002,81.360001,82.610001,82.302109,17856800
2026-04-15,82.529999,82.660004,80.879997,82.360001,82.053040,15066400
2026-04-16,82.080002,84.529999,82.000000,84.500000,84.185066,14609000
2026-04-17,85.190002,86.379997,84.599998,86.250000,85.928543,20321900
2026-04-20,86.199997,88.349998,85.860001,87.709999,87.383102,16695600
2026-04-21,87.919998,89.800003,87.160004,89.699997,89.365685,18653400
2026-04-22,89.930000,90.449997,89.480003,89.800003,89.465317,16986100
2026-04-23,89.320000,90.000000,88.269997,88.589996,88.259819,21156700
2026-04-24,87.410004,89.730003,87.410004,89.010002,88.678261,18969900
2026-04-27,89.279999,89.500000,87.639999,88.260002,87.931053,13810500
2026-04-28,88.550003,88.550003,85.779999,86.860001,86.536270,16889300
2026-04-29,87.320000,89.629997,86.839996,89.570000,89.236168,15427900
2026-04-30,89.820000,91.669998,89.320000,91.500000,91.158981,21686700
2026-05-01,91.750000,92.919998,91.160004,91.849998,91.507675,16095700
2026-05-04,91.849998,93.099998,91.190002,92.629997,92.284767,12684800
2026-05-05,93.820000,94.720001,93.379997,94.300003,93.948547,13456200
2026-05-06,92.639999,93.419998,91.000000,91.639999,91.298454,27026600
2026-05-07,92.000000,92.730003,91.610001,92.160004,91.816521,17062300
2026-05-08,93.330002,97.019997,93.139999,96.570000,96.210083,24652500
2026-05-11,96.349998,98.830002,95.330002,98.720001,98.352074,31852500
2026-05-12,99.519997,99.930000,97.769997,99.290001,98.919945,28810800
2026-05-13,99.400002,102.010002,99.290001,101.870003,101.490334,45241600
2026-05-14,117.550003,119.360001,113.970001,115.529999,115.099419,70932300
2026-05-15,114.610001,118.830002,114.000000,118.209999,117.769424,38519600
2026-05-18,118.800003,119.389999,116.029999,118.879997,118.436928,24763500
2026-05-19,117.040001,118.500000,114.790001,115.379997,114.949974,32525500
2026-05-20,115.690002,116.919998,113.849998,114.349998,113.923813,26154800
2026-05-21,114.129997,118.599998,113.570000,118.199997,117.759460,22700600
2026-05-22,118.459999,120.790001,117.680000,120.410004,119.961235,22237200
2026-05-26,120.540001,120.769997,117.099998,118.330002,117.888985,26607200
2026-05-27,117.940002,120.389999,116.769997,119.669998,119.223984,21705100
2026-05-28,120.529999,120.720001,117.959999,118.639999,118.197823,20631300
2026-05-29,117.820000,121.430000,117.010002,120.419998,119.971191,42179300
2026-06-01,119.800003,121.949997,118.300003,121.330002,120.877800,23966800
2026-06-02,122.489998,128.220001,122.489998,128.000000,127.522942,26451500
2026-06-03,126.160004,129.419998,124.919998,126.500000,126.028534,29972500
2026-06-04,126.059998,130.369995,124.139999,130.000000,129.515488,23339500
2026-06-05,128.660004,128.839996,121.550003,121.639999,121.186646,33169300
2026-06-08,123.559998,126.440002,122.000000,124.150002,123.687294,24288200
2026-06-09,123.260002,124.220001,117.099998,120.360001,119.911415,22744100
2026-06-10,119.720001,120.949997,118.360001,118.800003,118.357231,19740500
2026-06-11,117.180000,122.550003,116.500000,121.830002,121.375938,24625500
2026-06-12,122.349998,122.790001,120.730003,121.099998,120.648659,18222800
2026-06-15,122.559998,122.589996,119.529999,120.169998,119.722122,23148000
2026-06-16,120.290001,120.769997,119.199997,119.570000,119.124359,16644300
2026-06-17,118.959999,119.660004,116.940002,117.330002,116.892708,18472000
2026-06-18,118.599998,120.320000,117.300003,119.540001,119.094475,52284400
2026-06-22,119.599998,122.089996,119.599998,121.529999,121.077057,20174100
2026-06-23,118.540001,122.339996,117.650002,121.150002,120.698471,22654400
2026-06-24,120.570000,122.889999,119.029999,119.730003,119.283768,21752900
2026-06-25,120.809998,121.139999,117.559998,118.970001,118.526596,26918700
2026-06-26,117.180000,117.180000,112.860001,113.769997,113.345970,51641400
2026-06-29,114.980003,118.180000,114.730003,117.699997,117.261330,22447200
2026-06-30,116.779999,119.099998,116.199997,117.459999,117.022224,32465500
2026-07-01,116.540001,117.430000,114.989998,117.010002,116.573906,32016000
2026-07-02,117.029999,117.139999,111.900002,112.690002,112.270004,24251000
2026-07-06,113.050003,115.480003,112.680000,113.980003,113.980003,22920000
2026-07-07,112.790001,114.029999,111.669998,111.790001,111.790001,16650900
2026-07-08,111.680000,114.050003,111.330002,113.820000,113.820000,18314100
2026-07-09,115.279999,119.480003,115.279999,118.309998,118.309998,21293400
2026-07-10,117.629997,121.610001,117.029999,121.309998,121.309998,26178700
2026-07-13,119.970001,120.339996,117.260002,119.250000,119.250000,17569200
2026-07-14,119.750000,120.059998,116.559998,117.089996,117.089996,21935600
2026-07-15,117.199997,117.500000,110.220001,111.769997,111.769997,23829100
2026-07-16,110.220001,111.239998,107.529999,109.660004,109.660004,25222400
2026-07-17,109.150002,113.230003,108.910004,111.940002,111.940002,28459500
2026-07-20,112.279999,113.230003,110.650002,110.699997,110.699997,15821200
2026-07-21,112.699997,113.180000,110.930000,112.180000,112.180000,17031500
2026-07-22,111.519997,113.779999,111.360001,112.209999,112.209999,13726600
2026-07-23,112.000000,113.900002,111.830002,112.760002,112.760002,15175500
2026-07-24,112.370003,114.570000,112.199997,114.169998,114.169998,19131700
2026-07-27,115.160004,115.379997,112.739998,114.570000,114.570000,15974600
2026-07-28,114.129997,117.070000,111.730003,115.580002,115.580002,27972100
2026-07-29,117.019997,117.279999,112.349998,112.480003,112.480003,22761500
2026-07-30,112.690002,114.330002,111.660004,113.559998,113.559998,25570000
2026-07-31,115.330002,117.250000,113.889999,115.989998,115.989998,18812000
2026-08-03,114.599998,116.269997,113.820000,115.860001,115.860001,17712400
2026-08-04,119.389999,121.900002,118.730003,121.739998,121.739998,26637900
2026-08-05,124.000000,124.209999,114.879997,121.500000,121.500000,18468700
2026-08-06,121.480003,122.190002,119.900002,120.879997,120.879997,14049700
2026-08-07,121.879997,122.589996,119.449997,121.430000,121.430000,15964600
2026-08-10,123.050003,124.709999,122.269997,122.570000,122.570000,21131900
2026-08-11,123.000000,123.160004,120.120003,120.430000,120.430000,16377800
2026-08-12,122.750000,124.449997,122.260002,123.879997,123.879997,36223000
2026-08-13,113.930000,115.949997,111.480003,113.470001,113.470001,61560400
2026-08-14,112.800003,113.680000,110.059998,111.680000,111.680000,29415200
2026-08-17,110.959999,113.849998,110.809998,112.900002,112.900002,22793800
2026-08-18,111.750000,112.750000,110.360001,111.610001,111.610001,20060500
2026-08-19,112.300003,112.375000,110.510002,110.550003,110.550003,17957530
