date,open,high,low,close,adj_close,volume
2010-01-04,17.913334,18.223333,17.889999,18.076668,12.909185,62259300
2010-01-05,18.030001,18.063334,17.856667,17.896667,12.780647,46945200
2010-01-06,17.833332,17.943333,17.806667,17.856667,12.752073,37551600
2010-01-07,17.906668,17.916668,17.753332,17.866667,12.759224,31988100
2010-01-08,17.809999,17.843332,17.673332,17.776667,12.694945,34089600
2010-01-11,17.776667,18.146667,17.700001,18.070000,12.904426,41963100
2010-01-12,18.000000,18.250000,17.953333,18.243334,13.028210,45351000
2010-01-13,18.263332,18.400000,18.136667,18.336666,13.094865,39872100
2010-01-14,18.243334,18.280001,18.053333,18.070000,12.904426,41316000
2010-01-15,18.113333,18.183332,17.866667,17.893333,12.778259,57262500
2010-01-19,17.969999,18.086666,17.833332,18.010000,12.861577,43855500
2010-01-20,17.973333,17.980000,17.743334,17.953333,12.821115,39925800
2010-01-21,18.023333,18.023333,17.613333,17.639999,12.597349,48086100
2010-01-22,17.653334,17.823334,17.563334,17.646667,12.602108,58247700
2010-01-25,17.713333,17.740000,17.593332,17.626667,12.587830,36009900
2010-01-26,17.606667,17.953333,17.576668,17.870001,12.761600,46752000
2010-01-27,17.840000,17.923332,17.700001,17.799999,12.711612,39576300
2010-01-28,17.793333,17.816668,17.503332,17.536667,12.523555,50880300
2010-01-29,17.893333,18.049999,17.799999,17.809999,12.718754,72842400
2010-02-01,17.873333,17.926666,17.770000,17.826668,12.730657,33058500
2010-02-02,17.863333,17.906668,17.776667,17.830000,12.733035,34163700
2010-02-03,17.910000,18.166668,17.879999,18.090000,12.918712,53966700
2010-02-04,17.959999,18.100000,17.653334,17.656668,12.609255,63089700
2010-02-05,17.590000,17.843332,17.586666,17.816668,12.723512,46637400
2010-02-08,17.793333,17.846666,17.639999,17.643333,12.599737,31517700
2010-02-09,17.736668,17.873333,17.606667,17.750000,12.675906,32475000
2010-02-10,17.756666,17.833332,17.653334,17.746668,12.673526,28225200
2010-02-11,17.709999,17.816668,17.636667,17.693333,12.635438,34738800
2010-02-12,17.703333,17.703333,17.553333,17.633333,12.592588,51115200
2010-02-16,17.746668,17.906668,17.633333,17.853333,12.749700,47313600
2010-02-17,17.896667,18.083332,17.883333,18.020000,12.868724,46602600
2010-02-18,17.733334,17.833332,17.636667,17.823334,12.728271,88372500
2010-02-19,17.730000,17.860001,17.690001,17.830000,12.733035,45271200
2010-02-22,17.840000,17.973333,17.780001,17.943333,12.813972,36291600
2010-02-23,17.916668,18.026667,17.816668,17.873333,12.763975,42414000
2010-02-24,17.913334,17.983334,17.826668,17.973333,12.835395,31872600
2010-02-25,17.820000,18.093332,17.750000,18.049999,12.890149,40530300
2010-02-26,18.073334,18.080000,17.833332,18.023333,12.871102,47858700
2010-03-01,18.013332,18.043333,17.846666,17.966667,12.830637,36386100
2010-03-02,17.943333,17.963333,17.823334,17.863333,12.756836,42245100
2010-03-03,17.783333,17.916668,17.716667,17.886667,12.773504,34893600
2010-03-04,18.006666,18.030001,17.916668,17.986668,12.844919,33635400
2010-03-05,17.990000,18.056667,17.833332,18.046667,12.887768,34125300
2010-03-08,18.003332,18.093332,17.976667,18.049999,12.890149,22670100
2010-03-09,18.040001,18.166668,17.973333,18.020000,12.868724,37753800
2010-03-10,17.889999,18.006666,17.843332,17.876667,12.838320,38091000
2010-03-11,17.879999,17.996668,17.843332,17.990000,12.919710,32021700
2010-03-12,18.053333,18.080000,17.930000,17.966667,12.902956,31433700
2010-03-15,18.129999,18.513332,18.116667,18.473333,13.266826,73121700
2010-03-16,18.626667,18.756666,18.533333,18.663334,13.403273,55359000
2010-03-17,18.683332,18.709999,18.553333,18.639999,13.386517,37485600
2010-03-18,18.629999,18.650000,18.513332,18.646667,13.391305,28416600
2010-03-19,18.446667,18.756666,18.383333,18.446667,13.247669,51552300
2010-03-22,18.436666,18.646667,18.376667,18.540001,13.314696,29622300
2010-03-23,18.543333,18.666668,18.536667,18.629999,13.379333,28107900
2010-03-24,18.576668,18.666668,18.476667,18.526667,13.305124,26096700
2010-03-25,18.543333,18.663334,18.533333,18.536667,13.312303,29379300
2010-03-26,18.536667,18.653334,18.490000,18.503332,13.288367,29841900
2010-03-29,18.500000,18.583332,18.476667,18.580000,13.343423,29329500
2010-03-30,18.593332,18.683332,18.553333,18.636667,13.384122,20823900
2010-03-31,18.603333,18.633333,18.500000,18.533333,13.309916,29900700
2010-04-01,18.583332,18.616667,18.389999,18.496668,13.283579,35364300
2010-04-05,18.566668,18.576668,18.406668,18.496668,13.283579,32246400
2010-04-06,18.480000,18.543333,18.430000,18.510000,13.293154,28701600
2010-04-07,18.500000,18.633333,18.379999,18.426666,13.233309,38805600
2010-04-08,18.430000,18.566668,18.386667,18.459999,13.257244,33419100
2010-04-09,18.459999,18.459999,18.209999,18.356667,13.183033,37605300
2010-04-12,18.340000,18.366667,18.193333,18.340000,13.171063,35862900
2010-04-13,18.303333,18.403334,18.219999,18.240000,13.099251,38553300
2010-04-14,18.209999,18.303333,18.113333,18.213333,13.080100,44060700
2010-04-15,18.049999,18.120001,17.973333,18.043333,12.958013,52977900
2010-04-16,18.036667,18.196667,17.946667,18.036667,12.953222,57696000
2010-04-19,18.000000,18.160000,18.000000,18.129999,13.020254,33946800
2010-04-20,18.163334,18.273333,18.126667,18.173332,13.051367,27276900
2010-04-21,18.146667,18.190001,18.059999,18.156668,13.039407,34497900
2010-04-22,18.123333,18.216667,18.049999,18.163334,13.044194,32763600
2010-04-23,18.156668,18.203333,17.973333,18.176666,13.053768,49787400
2010-04-26,18.176666,18.233334,18.003332,18.013332,12.936466,44253000
2010-04-27,17.866667,18.139999,17.843332,18.013332,12.936466,57523800
2010-04-28,17.973333,18.033333,17.840000,17.870001,12.833530,44712600
2010-04-29,17.886667,18.076668,17.850000,17.900000,12.855072,39960000
2010-04-30,17.940001,18.049999,17.879999,17.879999,12.840711,48838200
2010-05-03,17.959999,17.983334,17.823334,17.913334,12.864651,36903000
2010-05-04,17.863333,18.190001,17.850000,18.006666,12.931682,56012700
2010-05-05,18.036667,18.316668,17.940001,18.256666,13.111217,49829700
2010-05-06,18.116667,18.260000,17.176666,17.743334,12.742566,72202500
2010-05-07,17.680000,17.873333,17.266666,17.466667,12.543877,86835300
2010-05-10,17.686666,17.746668,17.276667,17.526667,12.586963,81270900
2010-05-11,17.450001,17.590000,17.389999,17.486668,12.558236,58869900
2010-05-12,17.500000,17.520000,17.376667,17.493334,12.636007,40830300
2010-05-13,17.543333,17.656668,17.453333,17.466667,12.616748,37374000
2010-05-14,17.469999,17.566668,17.340000,17.373333,12.549325,55944900
2010-05-17,17.469999,17.639999,17.346666,17.576668,12.696202,50836200
2010-05-18,17.773333,18.150000,17.733334,17.903334,12.932168,96683100
2010-05-19,17.843332,17.920000,17.596666,17.680000,12.770844,61256100
2010-05-20,17.456667,17.653334,17.100000,17.100000,12.351888,81768000
2010-05-21,16.910000,17.123333,16.836666,17.123333,12.368744,73645800
2010-05-24,17.013332,17.180000,16.966667,17.000000,12.279655,40673400
2010-05-25,16.750000,16.833332,16.666668,16.760000,12.106297,72187200
2010-05-26,16.786667,16.866667,16.670000,16.673332,12.043697,57234300
2010-05-27,16.840000,16.910000,16.773333,16.900000,12.207424,41941200
2010-05-28,16.916668,16.976667,16.833332,16.853333,12.173717,42058500
2010-06-01,16.933332,17.170000,16.840000,16.973333,12.260392,48160800
2010-06-02,17.076668,17.246668,17.006666,17.240000,12.453012,40997400
2010-06-03,17.243334,17.360001,17.160000,17.240000,12.453012,31527300
2010-06-04,17.136667,17.233334,16.740000,16.799999,12.135189,72125700
2010-06-07,16.820000,17.123333,16.773333,16.913334,12.217055,58501800
2010-06-08,16.930000,16.993334,16.843332,16.926666,12.226686,60946500
2010-06-09,16.986668,17.120001,16.863333,16.996668,12.277248,49592700
2010-06-10,17.070000,17.226667,17.020000,17.073334,12.332628,47551500
2010-06-11,16.990000,17.090000,16.850000,16.953333,12.245948,42082200
2010-06-14,17.036667,17.153334,16.963333,17.080000,12.337440,41700300
2010-06-15,17.066668,17.216667,17.020000,17.213333,12.433754,42932400
2010-06-16,17.166668,17.193333,16.973333,16.993334,12.274840,47702100
2010-06-17,17.016666,17.163334,16.986668,17.136667,12.378376,38001900
2010-06-18,17.136667,17.303333,17.136667,17.183332,12.412086,76277400
2010-06-21,17.236668,17.293333,16.903334,17.006666,12.284474,43965600
2010-06-22,17.023333,17.156668,16.866667,16.893333,12.202603,40974600
2010-06-23,16.920000,17.013332,16.799999,16.936666,12.233908,47837700
2010-06-24,16.910000,16.943333,16.650000,16.676666,12.046103,44457600
2010-06-25,16.650000,16.733334,16.266666,16.266666,11.749945,135999600
2010-06-28,16.353333,16.590000,16.336666,16.523333,11.935343,44091600
2010-06-29,16.389999,16.420000,16.143333,16.299999,11.774025,61052400
2010-06-30,16.320000,16.323334,16.003332,16.023333,11.574180,55166400
2010-07-01,16.033333,16.136667,15.923333,16.113333,11.639187,54343200
2010-07-02,16.146667,16.146667,15.946667,16.000000,11.557323,40743900
2010-07-06,16.446667,16.480000,16.086666,16.190001,11.694564,54676800
2010-07-07,16.219999,16.323334,16.053333,16.306667,11.778837,48528600
2010-07-08,16.440001,16.440001,16.263332,16.393333,11.841441,37950000
2010-07-09,16.416668,16.516666,16.383333,16.476667,11.901638,34821600
2010-07-12,16.593332,16.776667,16.559999,16.706667,12.067771,40322700
2010-07-13,16.783333,16.896667,16.700001,16.846666,12.168898,39659400
2010-07-14,16.683332,16.786667,16.680000,16.783333,12.123148,32124900
2010-07-15,16.780001,16.813334,16.636667,16.803333,12.137597,36766800
2010-07-16,16.716667,16.776667,16.506666,16.556667,11.959421,47766600
2010-07-19,16.573334,16.603333,16.363333,16.506666,11.923306,35688000
2010-07-20,16.420000,17.010000,16.420000,16.959999,12.250760,48851700
2010-07-21,17.000000,17.000000,16.703333,16.783333,12.123148,36933300
2010-07-22,16.850000,17.030001,16.836666,16.953333,12.245948,35952600
2010-07-23,16.969999,17.270000,16.966667,17.223333,12.440980,39139200
2010-07-26,17.223333,17.223333,16.969999,17.043333,12.310957,42336300
2010-07-27,16.933332,17.100000,16.886667,16.986668,12.270025,36885600
2010-07-28,16.933332,17.129999,16.933332,17.043333,12.310957,27985500
2010-07-29,17.076668,17.260000,16.933332,17.020000,12.294102,28891500
2010-07-30,16.870001,17.083332,16.833332,17.063334,12.325406,40654200
2010-08-02,17.183332,17.233334,16.983334,17.136667,12.378376,41583000
2010-08-03,17.083332,17.216667,17.010000,17.096666,12.349481,32005800
2010-08-04,17.013332,17.236668,17.003332,17.200001,12.424122,24206700
2010-08-05,17.213333,17.223333,17.073334,17.206667,12.428936,22317000
2010-08-06,17.139999,17.263332,17.036667,17.263332,12.469868,24810900
2010-08-09,17.276667,17.446667,17.266666,17.353333,12.534881,24796200
2010-08-10,17.303333,17.493334,17.230000,17.406668,12.573408,26537400
2010-08-11,17.206667,17.206667,16.993334,17.006666,12.356168,33918900
2010-08-12,16.853333,16.926666,16.670000,16.809999,12.213277,38390700
2010-08-13,16.776667,16.913334,16.666668,16.799999,12.206011,30285900
2010-08-16,16.723333,16.856667,16.686666,16.803333,12.208436,28946100
2010-08-17,16.930000,17.206667,16.886667,17.006666,12.356168,48946500
2010-08-18,17.000000,17.106667,16.873333,16.953333,12.317418,47235000
2010-08-19,16.900000,16.986668,16.666668,16.686666,12.123669,46902300
2010-08-20,16.723333,16.823334,16.676666,16.740000,12.162419,35105100
2010-08-23,16.856667,17.166668,16.796667,17.046667,12.385228,43973400
2010-08-24,16.889999,17.240000,16.866667,17.100000,12.423976,50102400
2010-08-25,17.083332,17.263332,17.030001,17.183332,12.484526,44527200
2010-08-26,17.206667,17.206667,16.916668,16.990000,12.344060,35696100
2010-08-27,17.006666,17.083332,16.906668,17.000000,12.351323,35805000
2010-08-30,17.006666,17.083332,16.843332,16.850000,12.242344,25507500
2010-08-31,16.836666,17.033333,16.706667,16.713333,12.143051,76078200
2010-09-01,16.830000,17.143333,16.820000,17.066668,12.399760,40294500
2010-09-02,17.040001,17.270000,17.040001,17.253332,12.535381,33618300
2010-09-03,17.286667,17.363333,17.183332,17.346666,12.603193,28839300
2010-09-07,17.356667,17.520000,17.280001,17.286667,12.559602,31751400
2010-09-08,17.296667,17.326668,17.173332,17.276667,12.552339,26880000
2010-09-09,17.353333,17.366667,17.280001,17.303333,12.571707,21869100
2010-09-10,17.299999,17.356667,17.240000,17.323334,12.586242,24481200
2010-09-13,17.416668,17.490000,17.336666,17.403334,12.644365,23604000
2010-09-14,17.386667,17.676666,17.383333,17.553333,12.753350,33604200
2010-09-15,17.490000,17.700001,17.469999,17.620001,12.801784,30594300
2010-09-16,17.553333,17.760000,17.516666,17.716667,12.872016,32228100
2010-09-17,17.723333,17.776667,17.626667,17.670000,12.838113,62399400
2010-09-20,17.700001,17.889999,17.696667,17.846666,12.966466,27780300
2010-09-21,17.840000,17.986668,17.773333,17.856667,12.973730,28275300
2010-09-22,17.840000,18.000000,17.816668,17.940001,13.034281,29730000
2010-09-23,17.910000,17.973333,17.843332,17.883333,12.993104,21873600
2010-09-24,17.983334,18.129999,17.946667,18.026667,13.097247,29305200
2010-09-27,17.969999,18.003332,17.823334,17.826668,12.951937,25986600
2010-09-28,17.843332,17.996668,17.683332,17.940001,13.034281,33441900
2010-09-29,17.933332,17.936666,17.703333,17.783333,12.920452,29592300
2010-09-30,17.843332,17.996668,17.713333,17.840000,12.961626,32703000
2010-10-01,17.866667,17.873333,17.733334,17.786667,12.922873,24688200
2010-10-04,17.780001,17.900000,17.713333,17.856667,12.973730,21427500
2010-10-05,17.980000,18.083332,17.943333,18.000000,13.077872,30648000
2010-10-06,17.973333,18.209999,17.966667,18.186666,13.213492,31241400
2010-10-07,18.219999,18.273333,18.013332,18.120001,13.165055,23309400
2010-10-08,18.116667,18.196667,18.006666,18.136667,13.177168,26380800
2010-10-11,18.173332,18.246668,18.143333,18.203333,13.225600,21111900
2010-10-12,18.150000,18.150000,17.916668,17.973333,13.058497,45104400
2010-10-13,18.059999,18.173332,17.910000,17.940001,13.034281,40840800
2010-10-14,17.956667,17.956667,17.643333,17.750000,12.896234,46640700
2010-10-15,17.786667,17.860001,17.673332,17.783333,12.920452,37677000
2010-10-18,17.750000,17.966667,17.750000,17.920000,13.019748,27689700
2010-10-19,17.816668,17.920000,17.709999,17.773333,12.913191,30675000
2010-10-20,17.763332,17.946667,17.750000,17.823334,12.949513,29226900
2010-10-21,17.896667,18.113333,17.863333,18.010000,13.085135,28806600
2010-10-22,17.986668,18.033333,17.953333,18.020000,13.092404,17386500
2010-10-25,18.059999,18.133333,17.966667,17.983334,13.065764,23889300
2010-10-26,17.946667,18.243334,17.943333,18.186666,13.213492,30880800
2010-10-27,18.080000,18.209999,17.850000,17.956667,13.046388,39060900
2010-10-28,18.063334,18.076668,17.863333,18.026667,13.097247,24550800
2010-10-29,18.013332,18.196667,17.870001,18.056667,13.119043,24098700
2010-11-01,18.016666,18.166668,18.006666,18.103333,13.152949,24622500
2010-11-02,18.183332,18.330000,18.163334,18.263332,13.269198,26547600
2010-11-03,18.256666,18.316668,18.073334,18.303333,13.298255,27567600
2010-11-04,18.333332,18.500000,18.316668,18.453333,13.407236,39740400
2010-11-05,18.483334,18.573334,18.299999,18.400000,13.368487,30784200
2010-11-08,18.303333,18.360001,18.170000,18.303333,13.298255,29823300
2010-11-09,18.360001,18.403334,18.276667,18.350000,13.332167,30141300
2010-11-10,18.253332,18.253332,18.030001,18.170000,13.201383,33710700
2010-11-11,18.173332,18.173332,17.986668,18.113333,13.160213,37698300
2010-11-12,18.033333,18.113333,17.953333,18.043333,13.109356,32033400
2010-11-15,18.056667,18.116667,17.956667,17.983334,13.065764,34378500
2010-11-16,18.190001,18.450001,18.080000,18.086666,13.140840,70665600
2010-11-17,18.116667,18.146667,17.853333,17.923332,13.022169,43514100
2010-11-18,18.046667,18.216667,17.966667,17.993334,13.073030,34761900
2010-11-19,18.033333,18.150000,17.983334,18.129999,13.172324,30922500
2010-11-22,18.066668,18.200001,17.973333,18.126667,13.169901,28505400
2010-11-23,18.066668,18.086666,17.853333,17.889999,12.997952,41554200
2010-11-24,17.913334,18.059999,17.913334,18.003332,13.080291,30937200
2010-11-26,17.896667,17.976667,17.856667,17.913334,13.014904,12465000
2010-11-29,17.883333,17.973333,17.809999,17.950001,13.041547,32362800
2010-11-30,17.920000,18.143333,17.866667,18.030001,13.099669,52670700
2010-12-01,18.139999,18.283333,18.129999,18.233334,13.247396,53648700
2010-12-02,18.236668,18.299999,18.126667,18.250000,13.259511,47324700
2010-12-03,18.209999,18.253332,18.103333,18.206667,13.228022,30290700
2010-12-06,18.293333,18.313334,18.156668,18.163334,13.196545,25898700
2010-12-07,18.180000,18.446667,18.180000,18.363333,13.341850,47679900
2010-12-08,18.286667,18.316668,18.150000,18.163334,13.269527,37439100
2010-12-09,18.240000,18.256666,18.106667,18.113333,13.232991,32198400
2010-12-10,18.103333,18.133333,18.046667,18.093332,13.218383,36149700
2010-12-13,18.103333,18.133333,18.000000,18.070000,13.201337,33975600
2010-12-14,18.033333,18.193333,18.006666,18.150000,13.259783,32238600
2010-12-15,18.076668,18.113333,18.013332,18.076668,13.206209,31650600
2010-12-16,18.030001,18.209999,18.000000,18.209999,13.303617,37005900
2010-12-17,18.226667,18.250000,18.126667,18.136667,13.250044,64686600
2010-12-20,18.186666,18.186666,17.870001,17.923332,13.094188,40846800
2010-12-21,17.920000,17.953333,17.879999,17.883333,13.064968,24875700
2010-12-22,17.863333,17.883333,17.719999,17.770000,12.982167,34376400
2010-12-23,17.723333,17.896667,17.713333,17.866667,13.052794,27185100
2010-12-27,17.853333,17.910000,17.743334,17.856667,13.045481,17628600
2010-12-28,17.876667,17.976667,17.836666,17.913334,13.086882,20367300
2010-12-29,17.856667,18.086666,17.856667,18.026667,13.169683,22886100
2010-12-30,18.000000,18.063334,17.946667,18.023333,13.167246,18911400
2010-12-31,17.990000,18.083332,17.930000,17.976667,13.133154,21281700
2011-01-03,18.076668,18.266666,18.049999,18.186666,13.286568,42894900
2011-01-04,18.203333,18.293333,18.093332,18.256666,13.337711,36463200
2011-01-05,18.250000,18.356667,18.106667,18.136667,13.250044,42646800
2011-01-06,18.103333,18.126667,17.926666,17.986668,13.140458,46756500
2011-01-07,17.963333,18.049999,17.920000,18.026667,13.169683,23905800
2011-01-10,17.883333,18.036667,17.846666,17.910000,13.084447,31437900
2011-01-11,17.983334,18.173332,17.910000,18.096666,13.220819,36070200
2011-01-12,18.173332,18.440001,18.113333,18.283333,13.357190,40659900
2011-01-13,18.233334,18.453333,18.230000,18.263332,13.342582,38596800
2011-01-14,18.243334,18.330000,18.139999,18.270000,13.347450,27856800
2011-01-18,18.370001,18.466667,18.250000,18.379999,13.427817,31602600
2011-01-19,18.346666,18.383333,18.236668,18.343332,13.401028,29685000
2011-01-20,18.373333,18.756666,18.373333,18.663334,13.634808,58837500
2011-01-21,18.716667,18.746668,18.459999,18.576668,13.571496,38876400
2011-01-24,18.463333,18.683332,18.433332,18.683332,13.649421,33222600
2011-01-25,18.706667,19.096666,18.600000,19.086666,13.944077,61443300
2011-01-26,19.129999,19.250000,19.000000,19.106667,13.958692,39633600
2011-01-27,19.153334,19.263332,19.006666,19.190001,14.019573,30519600
2011-01-28,19.230000,19.299999,18.833332,18.900000,13.807706,43794600
2011-01-31,18.816668,18.853333,18.566668,18.690001,13.654296,47065500
2011-02-01,18.790001,18.860001,18.636667,18.776667,13.717605,38554800
2011-02-02,18.719999,18.726667,18.549999,18.620001,13.603153,42115800
2011-02-03,18.639999,18.680000,18.463333,18.639999,13.617764,33850800
2011-02-04,18.680000,18.700001,18.556667,18.676666,13.644546,21318000
2011-02-07,18.690001,18.746668,18.610001,18.690001,13.654296,20162100
2011-02-08,18.700001,18.823334,18.650000,18.793333,13.729780,26458200
2011-02-09,18.753332,18.910000,18.700001,18.910000,13.815017,25743900
2011-02-10,18.716667,18.719999,18.433332,18.530001,13.537399,47286000
2011-02-11,18.510000,18.626667,18.436666,18.563334,13.561749,28747500
2011-02-14,18.420000,18.436666,18.223333,18.266666,13.345018,48821700
2011-02-15,18.260000,18.350000,18.170000,18.316668,13.381547,33992100
2011-02-16,18.299999,18.400000,18.143333,18.183332,13.284133,46191300
2011-02-17,18.173332,18.299999,18.116667,18.250000,13.332839,25617000
2011-02-18,18.226667,18.523333,18.166668,18.459999,13.486259,59923800
2011-02-22,17.936666,18.003332,17.650000,17.889999,13.069836,86089800
2011-02-23,17.820000,17.866667,17.633333,17.676666,12.913983,60355800
2011-02-24,17.709999,17.723333,17.293333,17.363333,12.685071,70616100
2011-02-25,17.363333,17.389999,17.173332,17.250000,12.602273,60968400
2011-02-28,17.250000,17.476667,17.226667,17.326668,12.658287,53704500
2011-03-01,17.386667,17.533333,17.316668,17.356667,12.680201,52932000
2011-03-02,17.423332,17.456667,17.240000,17.323334,12.655849,33432600
2011-03-03,17.396667,17.423332,17.233334,17.336666,12.665587,37542000
2011-03-04,17.466667,17.496668,17.243334,17.356667,12.680201,47178000
2011-03-07,17.420000,17.430000,17.250000,17.340000,12.668027,39093600
2011-03-08,17.366667,17.513332,17.336666,17.480000,12.770302,35746500
2011-03-09,17.423332,17.613333,17.406668,17.556667,12.916215,34149000
2011-03-10,17.450001,17.959999,17.420000,17.549999,12.911308,54933900
2011-03-11,17.546667,17.650000,17.379999,17.530001,12.896595,43617900
2011-03-14,17.450001,17.506666,17.353333,17.440001,12.830389,30649200
2011-03-15,17.256666,17.450001,17.126667,17.353333,12.766627,41569800
2011-03-16,17.173332,17.290001,16.990000,17.126667,12.599872,49214400
2011-03-17,17.246668,17.290001,17.013332,17.123333,12.597419,32648100
2011-03-18,17.209999,17.296667,17.083332,17.173332,12.634197,35415600
2011-03-21,17.243334,17.333332,17.226667,17.306667,12.732295,26150100
2011-03-22,17.323334,17.379999,17.263332,17.333332,12.751908,25284000
2011-03-23,17.283333,17.293333,17.126667,17.213333,12.663631,40587000
2011-03-24,17.276667,17.650000,17.256666,17.530001,12.896595,45207900
2011-03-25,17.520000,17.556667,17.426666,17.450001,12.837744,22837800
2011-03-28,17.436666,17.500000,17.336666,17.396667,12.798507,25064100
2011-03-29,17.350000,17.459999,17.346666,17.420000,12.815671,26129100
2011-03-30,17.510000,17.580000,17.360001,17.453333,12.840195,25660200
2011-03-31,17.383333,17.440001,17.296667,17.350000,12.764176,32699100
2011-04-01,17.416668,17.453333,17.306667,17.376667,12.783797,23879700
2011-04-04,17.436666,17.610001,17.353333,17.549999,12.911308,27660300
2011-04-05,17.566668,17.730000,17.556667,17.580000,12.933383,26605200
2011-04-06,17.556667,17.736668,17.556667,17.660000,12.992235,25095300
2011-04-07,17.616667,17.746668,17.583332,17.666668,12.997138,36501300
2011-04-08,17.670000,17.716667,17.423332,17.513332,12.884334,29199900
2011-04-11,17.513332,17.639999,17.466667,17.606667,12.952997,22400100
2011-04-12,17.563334,17.916668,17.556667,17.840000,13.124660,40248900
2011-04-13,17.906668,17.986668,17.833332,17.876667,13.151636,25788900
2011-04-14,17.826668,17.913334,17.740000,17.833332,13.119754,22244400
2011-04-15,17.850000,17.896667,17.766666,17.850000,13.132014,26143800
2011-04-18,17.693333,17.883333,17.636667,17.770000,13.073161,28522200
2011-04-19,17.753332,17.823334,17.700001,17.783333,13.082969,18443400
2011-04-20,17.916668,17.983334,17.879999,17.896667,13.166350,22202400
2011-04-21,17.940001,17.976667,17.806667,17.860001,13.139376,17559900
2011-04-25,17.866667,17.886667,17.743334,17.790001,13.087876,17441400
2011-04-26,17.796667,18.076668,17.760000,17.969999,13.220300,35973600
2011-04-27,17.959999,18.203333,17.959999,18.139999,13.345369,29148300
2011-04-28,18.096666,18.266666,18.093332,18.230000,13.411581,29473800
2011-04-29,18.136667,18.386667,18.110001,18.326668,13.482693,29445600
2011-05-02,18.360001,18.360001,18.223333,18.346666,13.497402,24530100
2011-05-03,18.360001,18.590000,18.320000,18.486668,13.600404,33367800
2011-05-04,18.436666,18.596666,18.400000,18.456667,13.578332,24491400
2011-05-05,18.383333,18.533333,18.296667,18.356667,13.504764,33390300
2011-05-06,18.433332,18.516666,18.286667,18.340000,13.492513,24127800
2011-05-09,18.323334,18.453333,18.233334,18.366667,13.512122,19639500
2011-05-10,18.383333,18.533333,18.366667,18.510000,13.617571,26265300
2011-05-11,18.370001,18.536667,18.346666,18.389999,13.618805,28266600
2011-05-12,18.413334,18.610001,18.303333,18.573334,13.754575,26850000
2011-05-13,18.590000,18.676666,18.446667,18.573334,13.754575,26857500
2011-05-16,18.536667,18.823334,18.493334,18.686666,13.838501,42520500
2011-05-17,18.520000,18.763332,18.413334,18.513332,13.710138,43771500
2011-05-18,18.500000,18.513332,18.316668,18.393333,13.621271,34248300
2011-05-19,18.410000,18.533333,18.346666,18.493334,13.695332,23075400
2011-05-20,18.516666,18.563334,18.393333,18.430000,13.648434,26396700
2011-05-23,18.330000,18.500000,18.330000,18.406668,13.631150,22018200
2011-05-24,18.413334,18.436666,18.203333,18.260000,13.522532,36721800
2011-05-25,18.209999,18.233334,18.066668,18.186666,13.468218,30593400
2011-05-26,18.176666,18.233334,18.063334,18.206667,13.483036,17315100
2011-05-27,18.250000,18.363333,18.206667,18.233334,13.502785,15946500
2011-05-31,18.293333,18.406668,18.270000,18.406668,13.631150,26703300
2011-06-01,18.326668,18.389999,18.083332,18.100000,13.404049,33544800
2011-06-02,18.070000,18.070000,17.716667,17.850000,13.218902,44354700
2011-06-03,17.716667,17.950001,17.680000,17.886667,13.246061,39862200
2011-06-06,17.953333,18.063334,17.833332,17.920000,13.270745,33726900
2011-06-07,17.980000,18.100000,17.923332,17.943333,13.288026,29724900
2011-06-08,17.870001,17.973333,17.809999,17.896667,13.253466,34981800
2011-06-09,17.910000,18.076668,17.870001,17.873333,13.236184,34022400
2011-06-10,17.889999,17.946667,17.563334,17.573334,13.014021,43756200
2011-06-13,17.636667,17.750000,17.526667,17.540001,12.989337,37635300
2011-06-14,17.620001,17.753332,17.590000,17.636667,13.060918,26392200
2011-06-15,17.546667,17.546667,17.263332,17.440001,12.915279,45972000
2011-06-16,17.486668,17.656668,17.400000,17.610001,13.041170,35231100
2011-06-17,17.686666,17.763332,17.606667,17.606667,13.038700,61692900
2011-06-20,17.566668,17.833332,17.566668,17.680000,13.093009,45594300
2011-06-21,17.700001,17.763332,17.583332,17.763332,13.154717,32673000
2011-06-22,17.700001,17.763332,17.610001,17.670000,13.085604,31747500
2011-06-23,17.786667,17.900000,17.556667,17.763332,13.154717,54463200
2011-06-24,17.730000,17.806667,17.450001,17.469999,12.937493,62301300
2011-06-27,17.440001,17.586666,17.423332,17.430000,12.907873,30501000
2011-06-28,17.480000,17.510000,17.379999,17.510000,12.967115,32963100
2011-06-29,17.540001,17.596666,17.476667,17.546667,12.994272,26600400
2011-06-30,17.553333,17.719999,17.516666,17.713333,13.117692,29952900
2011-07-01,17.730000,17.883333,17.666668,17.836666,13.209031,28439400
2011-07-05,17.780001,17.853333,17.673332,17.796667,13.179406,27637500
2011-07-06,17.809999,17.983334,17.809999,17.906668,13.260870,24234600
2011-07-07,18.190001,18.270000,18.063334,18.163334,13.450950,38460900
2011-07-08,18.083332,18.106667,17.923332,18.026667,13.349734,27399900
2011-07-11,17.940001,18.026667,17.900000,17.956667,13.297901,22645200
2011-07-12,17.953333,18.139999,17.920000,17.980000,13.315178,28457100
2011-07-13,18.023333,18.090000,17.946667,18.006666,13.334929,30460200
2011-07-14,17.840000,17.900000,17.793333,17.876667,13.238655,46566300
2011-07-15,17.910000,17.990000,17.820000,17.876667,13.238655,30550500
2011-07-18,17.803333,17.846666,17.726667,17.773333,13.162131,24658200
2011-07-19,17.799999,18.010000,17.780001,17.990000,13.322581,25756200
2011-07-20,17.969999,17.990000,17.866667,17.963333,13.302837,26573700
2011-07-21,18.000000,18.230000,17.969999,18.156668,13.446012,31831800
2011-07-22,18.193333,18.240000,18.083332,18.173332,13.458349,20407500
2011-07-25,18.010000,18.133333,17.983334,17.990000,13.322581,24532800
2011-07-26,18.010000,18.030001,17.836666,17.863333,13.228780,32794200
2011-07-27,17.813334,17.916668,17.723333,17.750000,13.144853,36600300
2011-07-28,17.770000,17.850000,17.656668,17.663334,13.080671,26725800
2011-07-29,17.593332,17.716667,17.556667,17.570000,13.011550,39579600
2011-08-01,17.596666,17.663334,17.356667,17.540001,12.989337,32064000
2011-08-02,17.413334,17.516666,17.223333,17.226667,12.757293,45718800
2011-08-03,17.253332,17.350000,17.003332,17.093332,12.658552,64366200
2011-08-04,16.996668,16.996668,16.690001,16.700001,12.367266,78213600
2011-08-05,16.863333,16.973333,16.530001,16.950001,12.552412,81896700
2011-08-08,16.933332,17.110001,16.256666,16.306667,12.075988,99128700
2011-08-09,16.446667,16.969999,16.223333,16.940001,12.545004,71966700
2011-08-10,16.673332,16.686666,16.103333,16.136667,12.036534,81008700
2011-08-11,16.283333,16.799999,16.283333,16.576668,12.364738,64798500
2011-08-12,16.700001,16.770000,16.426666,16.583332,12.369708,45481200
2011-08-15,16.626667,16.693333,16.430000,16.660000,12.426900,44489100
2011-08-16,17.146667,17.493334,17.040001,17.306667,12.909259,76786500
2011-08-17,17.240000,17.393333,17.053333,17.183332,12.817258,46540200
2011-08-18,16.836666,17.316668,16.770000,17.263332,12.876935,75137100
2011-08-19,17.163334,17.580000,17.160000,17.433332,13.003737,69107100
2011-08-22,17.413334,17.546667,17.360001,17.396667,12.976385,41313900
2011-08-23,17.386667,17.736668,17.376667,17.736668,13.230000,51510000
2011-08-24,17.673332,17.806667,17.603333,17.790001,13.269779,34187100
2011-08-25,17.793333,17.830000,17.516666,17.566668,13.103193,32912400
2011-08-26,17.596666,17.746668,17.316668,17.633333,13.152917,31380600
2011-08-29,17.703333,17.813334,17.666668,17.730000,13.225030,25431000
2011-08-30,17.620001,17.709999,17.469999,17.606667,13.133026,40452600
2011-08-31,17.666668,17.793333,17.620001,17.730000,13.225030,39690600
2011-09-01,17.733334,17.850000,17.549999,17.549999,13.090759,37477800
2011-09-02,17.416668,17.546667,17.323334,17.343332,12.936609,32428500
2011-09-06,17.160000,17.263332,16.956667,17.226667,12.849582,51343200
2011-09-07,17.350000,17.520000,17.283333,17.473333,13.033571,31210500
2011-09-08,17.360001,17.583332,17.353333,17.403334,12.981359,34807500
2011-09-09,17.299999,17.393333,17.066668,17.120001,12.770015,36083400
2011-09-12,16.950001,17.276667,16.940001,17.273333,12.884390,33687900
2011-09-13,17.263332,17.266666,17.073334,17.196667,12.827204,32312400
2011-09-14,17.236668,17.596666,17.193333,17.400000,12.978873,37522800
2011-09-15,17.406668,17.503332,17.313334,17.503332,13.055950,32997600
2011-09-16,17.583332,17.716667,17.516666,17.549999,13.090759,107053800
2011-09-19,17.393333,17.540001,17.346666,17.483334,13.041035,27086700
2011-09-20,17.480000,17.639999,17.389999,17.430000,13.001250,25263600
2011-09-21,17.453333,17.530001,17.096666,17.106667,12.760071,31421700
2011-09-22,16.883333,17.076668,16.646667,16.760000,12.501490,63960900
2011-09-23,16.726667,16.986668,16.676666,16.933332,12.630782,38109000
2011-09-26,16.980000,17.283333,16.933332,17.276667,12.886874,34081800
2011-09-27,17.453333,17.620001,17.266666,17.343332,12.936609,34477500
2011-09-28,17.373333,17.473333,17.096666,17.103333,12.757585,34380600
2011-09-29,17.270000,17.466667,17.106667,17.309999,12.911739,31033200
2011-09-30,17.283333,17.530001,17.236668,17.299999,12.904278,40857900
2011-10-03,17.293333,17.639999,17.283333,17.320000,12.919200,46500600
2011-10-04,17.246668,17.660000,17.209999,17.626667,13.147949,56092500
2011-10-05,17.566668,17.750000,17.376667,17.549999,13.090759,40813500
2011-10-06,17.580000,17.633333,17.443333,17.583332,13.115623,30063600
2011-10-07,17.693333,18.010000,17.633333,17.900000,13.351828,41738700
2011-10-10,18.063334,18.393333,18.063334,18.270000,13.627817,36565200
2011-10-11,18.260000,18.263332,18.129999,18.240000,13.605439,30640500
2011-10-12,18.350000,18.796667,18.333332,18.400000,13.724786,66291900
2011-10-13,18.346666,18.436666,18.240000,18.340000,13.680036,31503300
2011-10-14,18.426666,18.490000,18.209999,18.486668,13.789432,32118000
2011-10-17,18.263332,18.486668,18.160000,18.260000,13.620359,26910600
2011-10-18,18.313334,18.730000,18.270000,18.629999,13.896347,42211200
2011-10-19,18.570000,18.809999,18.566668,18.750000,13.985854,38955600
2011-10-20,18.733334,18.959999,18.683332,18.790001,14.015690,37937400
2011-10-21,18.913334,19.139999,18.883333,18.973333,14.152443,43495800
2011-10-24,18.959999,19.000000,18.866667,18.926666,14.117636,27838500
2011-10-25,18.886667,19.049999,18.850000,18.903334,14.100227,30312900
2011-10-26,19.033333,19.146667,18.866667,19.123333,14.264333,38174100
2011-10-27,19.266666,19.320000,19.150000,19.270000,14.373725,45976500
2011-10-28,19.283333,19.290001,18.986668,19.049999,14.209627,33878400
2011-10-31,18.860001,19.096666,18.860001,18.906668,14.102717,28442700
2011-11-01,18.606667,18.913334,18.559999,18.743334,13.980886,41364300
2011-11-02,18.923332,19.063334,18.846666,18.953333,14.137527,26760900
2011-11-03,19.016666,19.176666,18.866667,19.139999,14.276759,28726800
2011-11-04,19.026667,19.166668,18.966667,19.166668,14.296654,21018300
2011-11-07,19.113333,19.320000,19.016666,19.313334,14.406059,25560300
2011-11-08,19.340000,19.799999,19.283333,19.773333,14.749172,60312900
2011-11-09,19.510000,19.643333,19.200001,19.350000,14.433397,41840400
2011-11-10,19.443333,19.496668,19.170000,19.376667,14.453292,28230000
2011-11-11,19.503332,19.750000,19.459999,19.733334,14.719333,25193700
2011-11-14,19.603333,19.660000,19.453333,19.629999,14.642254,31656300
2011-11-15,19.323334,19.350000,19.076668,19.153334,14.286702,48017700
2011-11-16,19.033333,19.139999,18.879999,18.893333,14.092763,35342400
2011-11-17,18.846666,19.063334,18.753332,18.910000,14.105200,30671400
2011-11-18,19.010000,19.120001,18.870001,19.076668,14.229521,26946900
2011-11-21,18.976667,19.096666,18.793333,18.886667,14.087797,29796600
2011-11-22,18.853333,19.043333,18.833332,18.950001,14.135036,22491900
2011-11-23,18.883333,19.000000,18.773333,18.879999,14.082827,24781200
2011-11-25,18.896667,19.110001,18.896667,18.963333,14.144980,12776400
2011-11-28,19.176666,19.333332,19.000000,19.083332,14.234492,27864300
2011-11-29,19.113333,19.433332,19.113333,19.389999,14.463239,32451600
2011-11-30,19.586666,19.666668,19.436666,19.633333,14.644743,44535600
2011-12-01,19.546667,19.716667,19.486668,19.536667,14.572644,26361900
2011-12-02,19.626667,19.656668,19.346666,19.363333,14.443348,33597300
2011-12-05,19.420000,19.503332,19.333332,19.446667,14.505508,31545600
2011-12-06,19.523333,19.670000,19.466667,19.593332,14.614905,34204800
2011-12-07,19.450001,19.733334,19.420000,19.503332,14.638678,47263800
2011-12-08,19.463333,19.516666,19.290001,19.326668,14.506075,31050900
2011-12-09,19.386667,19.496668,19.156668,19.440001,14.591137,30176700
2011-12-12,19.290001,19.480000,19.253332,19.363333,14.533596,30111300
2011-12-13,19.376667,19.450001,19.139999,19.200001,14.411008,32916300
2011-12-14,19.240000,19.373333,19.173332,19.216667,14.423509,26952600
2011-12-15,19.276667,19.466667,19.276667,19.316668,14.498569,25672200
2011-12-16,19.433332,19.496668,19.363333,19.423332,14.578628,44741700
2011-12-19,19.433332,19.523333,19.203333,19.260000,14.456039,21706200
2011-12-20,19.456667,19.756666,19.413334,19.730000,14.808808,33202200
2011-12-21,19.730000,19.886667,19.719999,19.796667,14.858846,25723500
2011-12-22,19.803333,19.846666,19.683332,19.730000,14.808808,23705100
2011-12-23,19.773333,20.000000,19.713333,19.996668,15.008959,18571800
2011-12-27,19.983334,19.993334,19.886667,19.943333,14.968931,14599200
2011-12-28,19.923332,19.980000,19.876667,19.910000,14.943907,15725100
2011-12-29,19.906668,19.996668,19.780001,19.996668,15.008959,18996600
2011-12-30,19.963333,19.980000,19.896667,19.920000,14.951412,13995900
2012-01-03,19.990000,20.353333,19.956667,20.110001,15.094024,38006400
2012-01-04,20.070000,20.116667,19.823334,19.903334,14.938911,28779900
2012-01-05,19.783333,19.873333,19.456667,19.806667,14.866349,38304600
2012-01-06,19.806667,19.816668,19.623333,19.666668,14.761272,24208200
2012-01-09,19.676666,19.850000,19.639999,19.726667,14.806304,20037900
2012-01-10,19.809999,19.903334,19.660000,19.680000,14.771275,20721900
2012-01-11,19.686666,19.843332,19.680000,19.799999,14.861348,19096800
2012-01-12,19.930000,20.000000,19.799999,19.833332,14.886359,21709200
2012-01-13,19.726667,19.870001,19.670000,19.846666,14.896375,23187900
2012-01-17,19.956667,20.036667,19.840000,19.950001,14.973931,25500000
2012-01-18,19.930000,20.010000,19.883333,20.003332,15.013964,17734200
2012-01-19,19.976667,20.243334,19.916668,20.203333,15.164074,27703800
2012-01-20,20.250000,20.416668,20.223333,20.336666,15.264152,31136400
2012-01-23,20.270000,20.326668,20.170000,20.303333,15.239133,21402300
2012-01-24,20.250000,20.666668,20.250000,20.463333,15.359222,22088400
2012-01-25,20.393333,20.536667,20.346666,20.490000,15.379243,17747400
2012-01-26,20.600000,20.613333,20.256666,20.323334,15.254148,22308600
2012-01-27,20.286667,20.373333,20.180000,20.236668,15.189093,18861900
2012-01-30,20.156668,20.440001,20.116667,20.433332,15.336710,22910700
2012-01-31,20.510000,20.523333,20.193333,20.453333,15.351722,29284500
2012-02-01,20.596666,20.876667,20.596666,20.726667,15.556880,36391800
2012-02-02,20.799999,20.823334,20.606667,20.646667,15.496833,18633900
2012-02-03,20.773333,20.809999,20.566668,20.676666,15.519352,23181600
2012-02-06,20.616667,20.660000,20.566668,20.626667,15.481816,16441800
2012-02-07,20.540001,20.633333,20.540001,20.563334,15.434283,18253200
2012-02-08,20.636667,20.673332,20.410000,20.540001,15.416770,21780000
2012-02-09,20.526667,20.719999,20.526667,20.653334,15.501829,19359300
2012-02-10,20.559999,20.636667,20.459999,20.633333,15.486820,16503000
2012-02-13,20.670000,20.693333,20.576668,20.596666,15.459302,12525000
2012-02-14,20.636667,20.746668,20.596666,20.740000,15.566883,15519300
2012-02-15,20.773333,20.813334,20.530001,20.586666,15.451794,17501100
2012-02-16,20.590000,20.730000,20.566668,20.680000,15.521849,21769200
2012-02-17,20.773333,20.856667,20.636667,20.826668,15.631930,24575400
2012-02-21,20.110001,20.166668,19.889999,20.023333,15.028970,71684400
2012-02-22,19.860001,19.966667,19.456667,19.533333,14.661190,85890600
2012-02-23,19.530001,19.633333,19.403334,19.513332,14.646184,44640900
2012-02-24,19.583332,19.650000,19.500000,19.596666,14.708728,29777700
2012-02-27,19.566668,19.593332,19.430000,19.486668,14.626165,36776400
2012-02-28,19.480000,19.700001,19.450001,19.643333,14.743757,32285700
2012-02-29,19.613333,19.776667,19.573334,19.693333,14.781282,34453200
2012-03-01,19.786667,19.806667,19.546667,19.606667,14.716230,48851700
2012-03-02,19.663334,19.760000,19.600000,19.670000,14.763772,29544300
2012-03-05,19.653334,19.863333,19.583332,19.799999,14.861348,28953000
2012-03-06,19.680000,19.740000,19.583332,19.656668,14.753766,27171300
2012-03-07,19.703333,19.953333,19.703333,19.953333,14.976436,44750700
2012-03-08,19.946667,19.983334,19.816668,19.923332,15.054009,23386800
2012-03-09,19.943333,20.066668,19.943333,20.026667,15.132084,18878700
2012-03-12,20.056667,20.299999,20.030001,20.226667,15.283212,22730400
2012-03-13,20.309999,20.360001,20.173332,20.333332,15.363800,26203800
2012-03-14,20.280001,20.383333,20.230000,20.360001,15.383949,19125000
2012-03-15,20.296667,20.420000,20.260000,20.410000,15.421731,20265000
2012-03-16,20.469999,20.490000,20.256666,20.280001,15.323510,36231300
2012-03-19,20.193333,20.293333,20.153334,20.246668,15.298318,24755700
2012-03-20,20.110001,20.286667,20.096666,20.200001,15.263054,23734500
2012-03-21,20.150000,20.240000,20.123333,20.186666,15.252984,21908400
2012-03-22,20.076668,20.256666,20.076668,20.216667,15.275648,17132400
2012-03-23,20.203333,20.283333,20.136667,20.250000,15.300832,20873100
2012-03-26,20.299999,20.440001,20.253332,20.400000,15.414171,18644400
2012-03-27,20.450001,20.500000,20.340000,20.363333,15.386475,22054800
2012-03-28,20.383333,20.493334,20.326668,20.396667,15.411662,21372000
2012-03-29,20.256666,20.316668,20.206667,20.273333,15.318461,20075100
2012-03-30,20.356667,20.473333,20.306667,20.400000,15.414171,20824200
2012-04-02,20.360001,20.496668,20.323334,20.453333,15.454477,19397700
2012-04-03,20.379999,20.469999,20.080000,20.216667,15.275648,33540300
2012-04-04,20.176666,20.196667,20.006666,20.086666,15.177424,32555100
2012-04-05,20.066668,20.230000,20.023333,20.223333,15.280687,19586100
2012-04-09,20.073334,20.113333,20.026667,20.043333,15.144685,20495100
2012-04-10,20.010000,20.129999,19.850000,19.976667,15.094307,28659300
2012-04-11,20.096666,20.096666,19.886667,19.933332,15.061563,23243100
2012-04-12,19.933332,20.066668,19.853333,20.046667,15.147200,22103100
2012-04-13,20.000000,20.070000,19.916668,19.923332,15.054009,20077800
2012-04-16,19.980000,20.270000,19.956667,20.193333,15.258015,20533800
2012-04-17,20.370001,20.650000,20.363333,20.623333,15.582924,32029200
2012-04-18,20.516666,20.750000,20.516666,20.686666,15.630780,23871900
2012-04-19,20.653334,20.683332,20.490000,20.583332,15.552702,19138800
2012-04-20,20.566668,20.830000,20.553333,20.816668,15.729011,26993100
2012-04-23,19.716667,20.080000,19.709999,19.846666,14.996078,114021900
2012-04-24,19.753332,19.783333,19.216667,19.256666,14.550279,90271800
2012-04-25,19.303333,19.476667,19.059999,19.120001,14.447011,84035400
2012-04-26,19.196667,19.809999,19.190001,19.650000,14.847474,75278700
2012-04-27,19.726667,19.820000,19.646667,19.676666,14.867624,27083700
2012-04-30,19.606667,19.663334,19.510000,19.636667,14.837403,22447800
2012-05-01,19.650000,19.756666,19.493334,19.690001,14.877704,29747100
2012-05-02,19.653334,19.773333,19.606667,19.670000,14.862589,22043100
2012-05-03,19.733334,19.733334,19.603333,19.663334,14.857558,20675700
2012-05-04,19.620001,19.726667,19.559999,19.566668,14.784513,20833500
2012-05-07,19.516666,19.786667,19.516666,19.730000,14.907920,25974600
2012-05-08,19.686666,19.790001,19.543333,19.683332,14.872657,30819900
2012-05-09,19.493334,19.746668,19.423332,19.676666,14.968514,33472800
2012-05-10,19.783333,19.870001,19.696667,19.730000,15.009084,23222100
2012-05-11,19.693333,19.883333,19.603333,19.806667,15.067418,22420800
2012-05-14,19.696667,19.850000,19.639999,19.690001,14.978661,18603000
2012-05-15,19.650000,19.883333,19.650000,19.783333,15.049657,31684200
2012-05-16,19.843332,19.886667,19.716667,19.730000,15.009084,32514300
2012-05-17,20.446667,20.833332,20.416668,20.559999,15.640490,87877200
2012-05-18,20.623333,20.876667,20.586666,20.809999,15.830672,49892100
2012-05-21,20.793333,21.033333,20.713333,21.013332,15.985351,33449700
2012-05-22,20.996668,21.316668,20.966667,21.243334,16.160318,36223200
2012-05-23,21.129999,21.563334,21.096666,21.526667,16.375858,47046600
2012-05-24,21.570000,21.726667,21.486668,21.690001,16.500105,33908100
2012-05-25,21.620001,21.833332,21.600000,21.770000,16.560968,30539700
2012-05-29,21.799999,21.920000,21.736668,21.893333,16.654787,30110700
2012-05-30,21.803333,21.983334,21.776667,21.813334,16.593929,29939100
2012-05-31,21.799999,22.219999,21.793333,21.940001,16.690290,50296500
2012-06-01,21.809999,21.959999,21.709999,21.850000,16.621826,45902100
2012-06-04,21.966667,22.043333,21.799999,21.996668,16.733402,41630400
2012-06-05,21.913334,21.966667,21.809999,21.833332,16.609138,28023000
2012-06-06,21.866667,21.990000,21.820000,21.976667,16.718180,32540700
2012-06-07,22.026667,22.026667,21.926666,21.956667,16.702976,37640100
2012-06-08,22.063334,22.743334,22.026667,22.740000,17.298868,54037800
2012-06-11,22.796667,22.826668,22.490000,22.510000,17.123909,31474200
2012-06-12,22.556667,22.616667,22.433332,22.573334,17.172085,26963400
2012-06-13,22.530001,22.583332,22.320000,22.356667,17.007263,32246700
2012-06-14,22.366667,22.596666,22.363333,22.543333,17.149254,29983200
2012-06-15,22.683332,22.686666,22.530001,22.583332,17.179689,38226000
2012-06-18,22.490000,22.760000,22.476667,22.706667,17.273514,22660500
2012-06-19,22.696667,22.750000,22.566668,22.603333,17.194897,23718000
2012-06-20,22.620001,22.846666,22.593332,22.840000,17.374939,26969400
2012-06-21,22.830000,22.886667,22.559999,22.566668,17.167013,29530800
2012-06-22,22.696667,22.783333,22.396667,22.433332,17.065582,34202100
2012-06-25,22.353333,22.743334,22.353333,22.726667,17.288729,35491800
2012-06-26,22.826668,22.973333,22.750000,22.860001,17.390156,32435400
2012-06-27,22.863333,22.916668,22.753332,22.863333,17.392694,26393400
2012-06-28,22.639999,22.783333,22.496668,22.766666,17.319159,25735200
2012-06-29,22.980000,23.240000,22.853333,23.240000,17.679234,31990200
2012-07-02,23.200001,23.316668,23.049999,23.116667,17.585415,31275600
2012-07-03,23.216667,23.590000,23.100000,23.583332,17.940411,28184100
2012-07-05,23.456667,23.766666,23.456667,23.693333,18.024096,37321500
2012-07-06,23.576668,23.786667,23.576668,23.786667,18.095087,24027600
2012-07-09,23.753332,23.920000,23.673332,23.920000,18.196522,33451200
2012-07-10,23.976667,24.193333,23.879999,24.036667,18.285267,39984600
2012-07-11,24.043333,24.146667,23.926666,24.086666,18.323309,36731700
2012-07-12,24.023333,24.206667,23.879999,24.103333,18.335979,30587400
2012-07-13,24.090000,24.413334,24.049999,24.393333,18.556597,24540300
2012-07-16,24.306667,24.393333,24.193333,24.326668,18.505882,24241800
2012-07-17,24.299999,24.366667,24.103333,24.366667,18.536314,36528900
2012-07-18,24.296667,24.486668,24.240000,24.283333,18.472918,28485300
2012-07-19,24.283333,24.286667,23.410000,23.843332,18.138197,50634000
2012-07-20,23.820000,24.163334,23.770000,24.083332,18.320772,33156000
2012-07-23,23.873333,23.996668,23.753332,23.950001,18.219347,19969500
2012-07-24,23.893333,24.080000,23.816668,24.046667,18.292885,22427100
2012-07-25,24.086666,24.153334,23.956667,24.026667,18.277668,20945700
2012-07-26,24.233334,24.650000,24.230000,24.556667,18.680851,24577200
2012-07-27,24.613333,24.933332,24.596666,24.840000,18.896387,32584500
2012-07-30,24.820000,25.080000,24.816668,24.993334,19.013025,27436800
2012-07-31,24.920000,24.993334,24.809999,24.809999,18.873564,24968700
2012-08-01,24.900000,24.930000,24.473333,24.540001,18.668173,29097000
2012-08-02,24.350000,24.719999,24.313334,24.683332,18.777214,24279000
2012-08-03,24.913334,24.986668,24.750000,24.850000,18.903999,26220000
2012-08-06,24.973333,24.973333,24.760000,24.760000,18.835531,18352500
2012-08-07,24.803333,24.866667,24.656668,24.663334,18.761993,22843500
2012-08-08,24.549999,24.836666,24.476667,24.770000,18.945049,19734900
2012-08-09,24.760000,24.840000,24.586666,24.616667,18.827774,15854100
2012-08-10,24.616667,24.750000,24.476667,24.559999,18.784435,16932600
2012-08-13,24.469999,24.563334,24.393333,24.466667,18.713053,18903000
2012-08-14,24.613333,24.756666,24.523333,24.670000,18.868568,21726000
2012-08-15,24.636667,24.840000,24.606667,24.816668,18.980730,23323200
2012-08-16,24.193333,24.250000,23.926666,24.049999,18.394358,53439600
2012-08-17,24.136667,24.230000,23.946667,23.996668,18.353569,29204700
2012-08-20,24.003332,24.136667,23.886667,24.100000,18.432608,16646100
2012-08-21,24.100000,24.113333,23.809999,23.809999,18.210808,22902600
2012-08-22,23.783333,23.950001,23.783333,23.923332,18.297485,19983000
2012-08-23,23.933332,23.980000,23.799999,23.853333,18.243948,18015300
2012-08-24,23.796667,24.066668,23.783333,24.036667,18.384159,15570300
2012-08-27,24.056667,24.263332,24.023333,24.166668,18.483593,17300700
2012-08-28,24.059999,24.236668,24.053333,24.136667,18.460651,14468100
2012-08-29,24.203333,24.340000,24.143333,24.256666,18.552425,12692400
2012-08-30,24.209999,24.250000,24.049999,24.083332,18.419855,15711600
2012-08-31,24.196667,24.316668,24.120001,24.200001,18.509081,17655300
2012-09-04,24.256666,24.613333,24.190001,24.503332,18.741087,25572300
2012-09-05,24.620001,24.650000,24.456667,24.516666,18.751293,23892300
2012-09-06,24.660000,24.936666,24.613333,24.936666,19.072525,19525500
2012-09-07,24.900000,24.933332,24.500000,24.606667,18.820126,19864200
2012-09-10,24.629999,24.706667,24.500000,24.503332,18.741087,19500300
2012-09-11,24.573334,24.806667,24.516666,24.686666,18.881306,15874200
2012-09-12,24.686666,24.783333,24.583332,24.690001,18.883858,12893400
2012-09-13,24.650000,25.063334,24.650000,25.046667,19.156649,22222200
2012-09-14,24.946667,24.996668,24.753332,24.833332,18.993490,25607100
2012-09-17,24.786667,24.893333,24.623333,24.663334,18.863462,20563800
2012-09-18,24.616667,24.723333,24.559999,24.650000,18.853271,15912300
2012-09-19,24.750000,24.876667,24.663334,24.790001,18.960344,16967700
2012-09-20,24.773333,24.940001,24.773333,24.916668,19.057217,13569600
2012-09-21,24.986668,25.030001,24.776667,24.816668,18.980730,31686900
2012-09-24,24.733334,24.986668,24.726667,24.913334,19.054672,13241100
2012-09-25,24.969999,25.016666,24.753332,24.753332,18.932297,19274100
2012-09-26,24.719999,24.946667,24.713333,24.730000,18.914454,14414700
2012-09-27,24.790001,24.833332,24.610001,24.660000,18.860912,16170300
2012-09-28,24.620001,24.686666,24.473333,24.600000,18.815025,18063000
2012-10-01,24.600000,24.830000,24.600000,24.683332,18.878767,13986900
2012-10-02,24.660000,24.786667,24.543333,24.583332,18.802271,12709500
2012-10-03,24.676666,24.916668,24.583332,24.733334,18.917002,24494100
2012-10-04,24.836666,25.003332,24.836666,24.906668,19.049574,15002700
2012-10-05,24.980000,25.166668,24.963333,25.043333,19.154102,15615300
2012-10-08,25.053333,25.183332,25.020000,25.083332,19.184692,13637700
2012-10-09,25.053333,25.126667,24.709999,24.713333,18.901712,24921900
2012-10-10,24.883333,25.603333,24.879999,25.139999,19.228037,58094400
2012-10-11,25.533333,25.536667,24.983334,25.003332,19.123510,24976500
2012-10-12,25.139999,25.346666,25.100000,25.270000,19.327461,24087900
2012-10-15,25.290001,25.783333,25.186666,25.716667,19.669096,29008800
2012-10-16,25.866667,25.866667,25.563334,25.636667,19.607910,18930300
2012-10-17,25.776667,25.833332,25.493334,25.676666,19.638502,22483500
2012-10-18,25.673332,25.743334,25.389999,25.520000,19.518673,21977100
2012-10-19,25.526667,25.570000,25.143333,25.206667,19.279028,20827500
2012-10-22,25.226667,25.260000,25.030001,25.216667,19.286678,16276200
2012-10-23,25.016666,25.163334,24.836666,24.920000,19.059772,17501700
2012-10-24,24.976667,25.000000,24.840000,24.940001,19.075069,13749600
2012-10-25,25.100000,25.166668,24.963333,25.106667,19.202541,13298700
2012-10-26,25.066668,25.139999,24.893333,25.036667,19.149004,13340700
2012-10-31,25.083332,25.226667,24.709999,25.006666,19.126059,19653600
2012-11-01,25.043333,25.053333,24.383333,24.483334,18.725794,38830800
2012-11-02,24.486668,24.523333,24.236668,24.256666,18.552425,25690500
2012-11-05,24.219999,24.400000,24.216667,24.379999,18.646757,14303100
2012-11-06,24.389999,24.760000,24.376667,24.586666,18.804829,16003200
2012-11-07,24.473333,24.633333,24.286667,24.370001,18.639122,20429700
2012-11-08,24.336666,24.660000,24.160000,24.160000,18.478500,21411300
2012-11-09,24.043333,24.200001,23.973333,24.103333,18.435146,20674200
2012-11-12,24.090000,24.200001,23.966667,24.160000,18.478500,13148400
2012-11-13,23.990000,24.100000,23.726667,23.936666,18.307674,26932200
2012-11-14,23.953333,24.000000,23.693333,23.770000,18.180206,27333900
2012-11-15,23.219999,23.230000,22.616667,22.906668,17.519897,69146700
2012-11-16,22.863333,22.896667,22.626667,22.676666,17.343990,36771300
2012-11-19,22.716667,23.043333,22.549999,23.006666,17.596382,38507100
2012-11-20,23.080000,23.080000,22.816668,23.000000,17.591284,28183800
2012-11-21,22.953333,23.020000,22.893333,22.963333,17.563240,21118800
2012-11-23,23.113333,23.413334,22.959999,23.400000,17.897223,15404700
2012-11-26,23.376667,23.410000,23.150000,23.303333,17.823286,27219600
2012-11-27,23.299999,23.389999,23.150000,23.166668,17.718750,22146900
2012-11-28,23.153334,23.603333,23.096666,23.520000,17.988997,31489200
2012-11-29,23.493334,23.680000,23.376667,23.610001,18.057827,28861500
2012-11-30,23.656668,24.040001,23.616667,24.006666,18.361221,37455600
2012-12-03,24.036667,24.113333,23.780001,23.780001,18.187862,27260400
2012-12-04,23.823334,24.200001,23.816668,24.040001,18.386715,38461500
2012-12-05,23.980000,24.006666,23.743334,23.883333,18.368259,28539600
2012-12-06,23.889999,23.950001,23.700001,23.863333,18.352879,21498300
2012-12-07,23.966667,24.196667,23.950001,24.096666,18.532318,21849000
2012-12-10,24.026667,24.113333,23.930000,24.049999,18.496433,17704800
2012-12-11,24.083332,24.233334,23.606667,23.629999,18.173426,43785000
2012-12-12,23.400000,23.450001,22.969999,22.980000,17.673517,70205700
2012-12-13,23.013332,23.120001,23.000000,23.013332,17.699154,42730500
2012-12-14,23.016666,23.100000,22.913334,22.916668,17.624811,31506900
2012-12-17,22.986668,23.170000,22.963333,23.066668,17.740177,31595100
2012-12-18,23.036667,23.219999,22.969999,23.166668,17.817080,34769400
2012-12-19,23.143333,23.166668,22.840000,22.840000,17.565845,29919600
2012-12-20,22.776667,23.020000,22.723333,23.000000,17.688908,29058900
2012-12-21,22.956667,23.053333,22.756666,22.883333,17.599178,39693000
2012-12-24,22.836666,22.936666,22.770000,22.856667,17.578663,8714400
2012-12-26,22.853333,22.883333,22.576668,22.663334,17.429977,18278700
2012-12-27,22.676666,22.806667,22.596666,22.730000,17.481247,22152600
2012-12-28,22.636667,22.783333,22.513332,22.536667,17.332560,16540200
2012-12-31,22.496668,22.766666,22.456667,22.743334,17.491497,21037500
2013-01-02,22.976667,23.080000,22.816668,23.080000,17.750431,31172400
2013-01-03,23.083332,23.116667,22.793333,22.933332,17.637627,26730300
2013-01-04,22.910000,23.059999,22.780001,23.020000,17.704279,19314000
2013-01-07,22.943333,22.973333,22.709999,22.799999,17.535088,18604200
2013-01-08,22.760000,22.963333,22.736668,22.863333,17.583794,17600700
2013-01-09,22.886667,22.903334,22.740000,22.856667,17.578663,15165600
2013-01-10,22.886667,23.010000,22.573334,22.786667,17.524832,34361400
2013-01-11,22.866667,22.930000,22.736668,22.876667,17.594051,18673500
2013-01-14,22.830000,22.889999,22.703333,22.766666,17.509453,16471200
2013-01-15,22.730000,23.080000,22.700001,22.993334,17.683771,18421200
2013-01-16,22.980000,23.123333,22.963333,23.070000,17.742735,14753700
2013-01-17,23.100000,23.106667,22.903334,22.950001,17.650440,21697800
2013-01-18,22.950001,23.066668,22.950001,23.066668,17.740177,23440200
2013-01-22,23.016666,23.216667,22.986668,23.193333,17.837591,17243700
2013-01-23,23.129999,23.213333,23.049999,23.163334,17.814522,19096200
2013-01-24,23.216667,23.330000,23.116667,23.263332,17.891424,27417000
2013-01-25,23.303333,23.333332,22.976667,23.000000,17.688908,23903100
2013-01-28,23.026667,23.166668,22.933332,23.116667,17.778625,21164400
2013-01-29,23.070000,23.400000,23.066668,23.296667,17.917065,28682700
2013-01-30,23.373333,23.373333,23.166668,23.250000,17.881174,21061800
2013-01-31,23.230000,23.480000,23.230000,23.316668,17.932442,21048600
2013-02-01,23.370001,23.513332,23.316668,23.496668,18.070879,19349400
2013-02-04,23.146667,23.299999,23.043333,23.209999,17.850410,32277900
2013-02-05,23.290001,23.690001,23.253332,23.590000,18.142664,31576500
2013-02-06,23.493334,23.773333,23.433332,23.770000,18.281094,29273400
2013-02-07,23.813334,23.879999,23.633333,23.743334,18.260588,24920700
2013-02-08,23.733334,23.879999,23.690001,23.826668,18.324669,17719800
2013-02-11,23.750000,23.836666,23.510000,23.799999,18.304176,18607800
2013-02-12,23.830000,23.886667,23.700001,23.799999,18.304176,14286000
2013-02-13,23.763332,23.900000,23.736668,23.796667,18.301603,11905800
2013-02-14,23.700001,23.743334,23.583332,23.606667,18.155481,20463000
2013-02-15,23.180000,23.333332,22.709999,23.100000,17.765812,77051100
2013-02-19,23.063334,23.150000,22.846666,22.920000,17.627386,44046900
2013-02-20,22.906668,23.283333,22.766666,23.070000,17.742735,35920800
2013-02-21,23.333332,23.823334,23.240000,23.420000,18.011919,61239300
2013-02-22,23.406668,23.513332,23.296667,23.466667,18.047808,27495600
2013-02-25,23.500000,23.780001,23.480000,23.480000,18.058056,35452800
2013-02-26,23.563334,23.796667,23.536667,23.703333,18.229828,31672800
2013-02-27,23.639999,23.986668,23.526667,23.886667,18.370825,26457000
2013-02-28,23.863333,23.959999,23.593332,23.593332,18.145229,56650800
2013-03-01,23.593332,23.966667,23.593332,23.913334,18.391333,26706900
2013-03-04,23.840000,24.420000,23.836666,24.420000,18.781002,31701600
2013-03-05,24.490000,24.680000,24.330000,24.573334,18.898922,27426000
2013-03-06,24.583332,24.709999,24.416668,24.459999,18.811766,21448800
2013-03-07,24.496668,24.536667,24.400000,24.440001,18.796389,20040000
2013-03-08,24.433332,24.463333,24.280001,24.343332,18.842823,17233800
2013-03-11,24.363333,24.413334,24.270000,24.326668,18.829914,15446100
2013-03-12,24.316668,24.633333,24.280001,24.533333,18.989891,24460200
2013-03-13,24.629999,24.733334,24.513332,24.549999,19.002790,15978300
2013-03-14,24.623333,24.666668,24.376667,24.406668,18.891848,19059600
2013-03-15,24.336666,24.500000,24.143333,24.166668,18.706072,51585300
2013-03-18,24.096666,24.243334,24.003332,24.083332,18.641571,17313000
2013-03-19,24.139999,24.290001,24.063334,24.150000,18.693174,17258400
2013-03-20,24.270000,24.459999,24.246668,24.330000,18.832502,18960900
2013-03-21,24.290001,24.490000,24.283333,24.376667,18.868626,16520100
2013-03-22,24.450001,24.763332,24.430000,24.760000,19.165348,21971400
2013-03-25,24.713333,25.036667,24.706667,24.950001,19.312408,31316100
2013-03-26,24.976667,25.030001,24.809999,24.923332,19.291769,19927200
2013-03-27,24.770000,24.986668,24.746668,24.926666,19.294353,17910900
2013-03-28,24.946667,24.990000,24.793333,24.943333,19.307249,22104900
2013-04-01,25.000000,25.309999,24.966667,25.143333,19.462057,25246200
2013-04-02,25.183332,25.350000,25.139999,25.340000,19.614283,19928400
2013-04-03,25.436666,25.559999,25.240000,25.333332,19.609127,22361700
2013-04-04,25.320000,25.526667,25.320000,25.400000,19.660728,22524600
2013-04-05,25.183332,25.469999,25.143333,25.463333,19.709753,17640900
2013-04-08,25.366667,25.816668,25.276667,25.763332,19.941959,24225300
2013-04-09,25.746668,26.153334,25.673332,26.040001,20.156124,26009700
2013-04-10,26.093332,26.126667,25.790001,25.790001,19.962608,25797000
2013-04-11,25.786667,26.123333,25.756666,25.930000,20.070974,21387300
2013-04-12,25.876667,26.283333,25.860001,26.186666,20.269640,19010400
2013-04-15,26.146667,26.426666,26.143333,26.156668,20.246428,25636500
2013-04-16,26.076668,26.286667,26.010000,26.226667,20.300606,20563200
2013-04-17,26.176666,26.356667,26.036667,26.170000,20.256741,21745800
2013-04-18,26.253332,26.350000,25.536667,25.719999,19.908422,42656700
2013-04-19,25.833332,26.146667,25.799999,26.096666,20.199980,23521500
2013-04-22,26.096666,26.146667,25.833332,25.990000,20.117416,15464700
2013-04-23,26.036667,26.406668,26.016666,26.363333,20.406397,19960800
2013-04-24,26.410000,26.500000,25.973333,26.010000,20.132893,24250800
2013-04-25,26.059999,26.276667,25.959999,26.216667,20.292864,17187300
2013-04-26,26.193333,26.383333,26.190001,26.346666,20.393496,17770800
2013-04-29,26.360001,26.416668,26.049999,26.129999,20.225779,18470400
2013-04-30,26.093332,26.100000,25.790001,25.906668,20.052912,23897400
2013-05-01,25.950001,26.219999,25.896667,26.020000,20.140636,18780900
2013-05-02,25.969999,26.163334,25.933332,26.153334,20.243847,13558800
2013-05-03,26.306667,26.446667,26.299999,26.416668,20.447668,16812300
2013-05-06,26.366667,26.386667,26.256666,26.276667,20.339308,14417100
2013-05-07,26.366667,26.379999,26.256666,26.276667,20.339308,19713300
2013-05-08,26.186666,26.219999,25.926666,26.083332,20.310753,24025500
2013-05-09,26.103333,26.320000,25.966667,26.133333,20.349693,19550400
2013-05-10,26.156668,26.303333,26.093332,26.296667,20.476875,17493600
2013-05-13,26.266666,26.313334,25.973333,26.166668,20.375652,23141700
2013-05-14,25.993334,26.286667,25.889999,26.260000,20.448328,30041100
2013-05-15,26.266666,26.653334,26.216667,26.620001,20.728657,24003300
2013-05-16,26.033333,26.286667,25.780001,26.166668,20.375652,36385800
2013-05-17,26.100000,26.196667,25.799999,25.956667,20.212130,32007900
2013-05-20,25.959999,25.966667,25.786667,25.799999,20.090126,16747800
2013-05-21,25.873333,26.059999,25.750000,25.796667,20.087536,22452900
2013-05-22,25.730000,25.933332,25.583332,25.676666,19.994091,27093900
2013-05-23,25.610001,25.646667,25.416668,25.443333,19.812395,24144600
2013-05-24,25.440001,25.803333,25.383333,25.770000,20.066765,22768800
2013-05-28,25.840000,26.013332,25.686666,25.773333,20.069365,18177600
2013-05-29,25.683332,25.683332,25.353333,25.410000,19.786436,17646900
2013-05-30,25.496668,25.513332,25.203333,25.209999,19.630707,18684000
2013-05-31,25.120001,25.209999,24.940001,24.946667,19.425646,29237100
2013-06-03,25.020000,25.266666,24.879999,25.230000,19.646282,25321500
2013-06-04,25.256666,25.459999,25.156668,25.313334,19.711164,28032000
2013-06-05,25.240000,25.316668,25.023333,25.083332,19.532066,20335800
2013-06-06,25.090000,25.246668,24.946667,25.209999,19.630707,28275300
2013-06-07,25.459999,25.623333,25.396667,25.443333,19.812395,25041600
2013-06-10,25.426666,25.549999,25.219999,25.250000,19.661842,20194500
2013-06-11,25.139999,25.276667,24.996668,25.083332,19.532066,18019200
2013-06-12,25.156668,25.236668,24.883333,24.946667,19.425646,14193300
2013-06-13,24.926666,25.110001,24.853333,25.000000,19.467178,21718500
2013-06-14,24.946667,25.090000,24.933332,24.956667,19.433439,19054500
2013-06-17,25.000000,25.150000,24.836666,24.983334,19.454201,19441800
2013-06-18,25.000000,25.293333,24.933332,25.243334,19.656658,20219100
2013-06-19,25.246668,25.320000,24.780001,24.820000,19.327019,24987300
2013-06-20,24.833332,24.886667,24.336666,24.343332,18.955843,27209100
2013-06-21,24.506666,24.733334,24.416668,24.503332,19.080433,43693500
2013-06-24,24.350000,24.930000,24.299999,24.733334,19.259529,29091900
2013-06-25,24.756666,24.916668,24.613333,24.790001,19.303658,21653400
2013-06-26,24.873333,25.059999,24.846666,25.003332,19.469770,16435200
2013-06-27,25.160000,25.370001,25.080000,25.086666,19.534666,21263400
2013-06-28,25.036667,25.219999,24.816668,24.830000,19.334805,43644900
2013-07-01,24.996668,25.093332,24.700001,24.863333,19.360756,20093100
2013-07-02,24.770000,25.226667,24.736668,24.903334,19.391907,20179200
2013-07-03,24.803333,25.040001,24.696667,24.920000,19.404882,6949200
2013-07-05,25.049999,25.086666,24.803333,25.070000,19.521688,16331700
2013-07-08,25.226667,25.590000,25.226667,25.570000,19.911024,20140200
2013-07-09,25.653334,25.813334,25.580000,25.676666,19.994091,15819300
2013-07-10,25.653334,25.833332,25.483334,25.590000,19.926609,15432900
2013-07-11,25.816668,25.916668,25.776667,25.876667,20.149824,14042100
2013-07-12,25.870001,25.889999,25.776667,25.876667,20.149824,13373100
2013-07-15,25.766666,25.766666,25.566668,25.676666,19.994091,14661600
2013-07-16,25.660000,25.816668,25.633333,25.790001,20.082348,14122800
2013-07-17,25.873333,25.930000,25.696667,25.733334,20.038216,16053900
2013-07-18,25.740000,25.850000,25.670000,25.780001,20.074560,12449700
2013-07-19,25.816668,26.056667,25.780001,26.026667,20.266628,20477700
2013-07-22,25.963333,26.083332,25.910000,25.956667,20.212130,12474600
2013-07-23,25.986668,26.209999,25.933332,26.183332,20.388624,15758700
2013-07-24,26.226667,26.230000,25.906668,26.076668,20.305561,14790000
2013-07-25,26.016666,26.153334,25.876667,26.003332,20.248463,17760600
2013-07-26,25.976667,26.010000,25.700001,26.000000,20.245865,16047300
2013-07-29,25.943333,26.083332,25.926666,25.996668,20.243269,10395000
2013-07-30,26.070000,26.120001,25.896667,25.963333,20.217308,13601100
2013-07-31,25.973333,26.160000,25.910000,25.980000,20.230293,18122400
2013-08-01,26.139999,26.223333,26.036667,26.073334,20.302977,15506100
2013-08-02,26.083332,26.250000,26.000000,26.250000,20.440538,18371700
2013-08-05,26.206667,26.333332,26.143333,26.256666,20.445728,11718300
2013-08-06,26.186666,26.190001,25.853333,25.956667,20.212130,20102700
2013-08-07,25.719999,25.876667,25.540001,25.790001,20.204290,17459100
2013-08-08,25.836666,25.963333,25.643333,25.750000,20.172951,13424100
2013-08-09,25.736668,25.773333,25.590000,25.633333,20.081551,17293800
2013-08-12,25.520000,25.796667,25.496668,25.693333,20.128559,17361000
2013-08-13,25.723333,25.750000,25.406668,25.620001,20.071102,19143000
2013-08-14,25.603333,25.740000,25.410000,25.466667,19.950985,20460300
2013-08-15,24.820000,25.026667,24.676666,24.803333,19.431318,39664500
2013-08-16,24.706667,24.833332,24.566668,24.703333,19.352983,21763500
2013-08-19,24.626667,24.643333,24.403334,24.526667,19.214569,16094700
2013-08-20,24.516666,24.540001,24.400000,24.410000,19.123173,19989300
2013-08-21,24.386667,24.709999,24.309999,24.516666,19.206732,24233700
2013-08-22,24.603333,24.676666,24.413334,24.486668,19.183235,11842200
2013-08-23,24.549999,24.583332,24.343332,24.480000,19.178015,16422300
2013-08-26,24.546667,24.583332,24.343332,24.343332,19.070944,16044600
2013-08-27,24.226667,24.370001,24.170000,24.286667,19.026552,17362800
2013-08-28,24.219999,24.286667,24.090000,24.126667,18.901209,16825800
2013-08-29,24.116667,24.293333,24.076668,24.143333,18.914265,12264600
2013-08-30,24.213333,24.356667,24.193333,24.326668,19.057896,18198600
2013-09-03,24.493334,24.526667,24.180000,24.226667,18.979549,21471000
2013-09-04,24.233334,24.373333,24.150000,24.303333,19.039610,14002500
2013-09-05,24.280001,24.493334,24.206667,24.223333,18.976938,14041500
2013-09-06,24.233334,24.386667,24.063334,24.196667,18.956047,17370600
2013-09-09,24.283333,24.549999,24.233334,24.503332,19.196297,16569000
2013-09-10,24.553333,24.736668,24.523333,24.653334,19.313807,20535900
2013-09-11,24.666668,24.746668,24.553333,24.683332,19.337311,16007400
2013-09-12,24.726667,24.840000,24.590000,24.636667,19.300745,15785400
2013-09-13,24.709999,24.799999,24.660000,24.786667,19.418261,12061200
2013-09-16,24.966667,25.063334,24.896667,24.926666,19.527935,12601800
2013-09-17,24.946667,25.156668,24.930000,25.049999,19.624561,12875400
2013-09-18,25.053333,25.510000,24.966667,25.473333,19.956211,20645100
2013-09-19,25.500000,25.510000,25.206667,25.403334,19.901365,21328500
2013-09-20,25.440001,25.483334,25.276667,25.276667,19.802137,26542800
2013-09-23,25.129999,25.476667,25.066668,25.473333,19.956211,16814100
2013-09-24,25.466667,25.576668,25.230000,25.250000,19.781242,20624400
2013-09-25,25.303333,25.313334,24.520000,24.883333,19.493994,44916900
2013-09-26,24.926666,24.993334,24.740000,24.873333,19.486155,15234300
2013-09-27,24.793333,24.820000,24.690001,24.786667,19.418261,12643800
2013-09-30,24.760000,24.866667,24.580000,24.653334,19.313807,20257500
2013-10-01,24.623333,24.629999,24.440001,24.530001,19.217194,17026500
2013-10-02,24.463333,24.573334,24.346666,24.573334,19.251131,22128300
2013-10-03,24.510000,24.510000,24.316668,24.386667,19.104893,21538800
2013-10-04,24.336666,24.459999,24.263332,24.266666,19.010883,17243100
2013-10-07,24.139999,24.139999,23.836666,23.956667,18.768030,20659200
2013-10-08,23.950001,24.396667,23.933332,24.299999,19.036997,27672600
2013-10-09,24.276667,24.446667,24.190001,24.333332,19.063116,19402200
2013-10-10,24.493334,24.956667,24.423332,24.930000,19.530554,23040600
2013-10-11,24.870001,24.943333,24.610001,24.940001,19.538389,19587600
2013-10-14,24.780001,24.903334,24.583332,24.893333,19.501825,17712000
2013-10-15,24.809999,25.123333,24.663334,24.790001,19.420874,26979900
2013-10-16,24.936666,25.206667,24.856667,25.200001,19.742071,17743500
2013-10-17,25.163334,25.373333,23.896667,25.260000,19.789076,19185300
2013-10-18,25.266666,25.309999,25.160000,25.236668,19.770798,20365500
2013-10-21,25.240000,25.273333,24.940001,25.049999,19.624561,16092300
2013-10-22,25.143333,25.496668,25.070000,25.440001,19.930092,20845500
2013-10-23,25.393333,25.450001,25.270000,25.299999,19.820412,17610300
2013-10-24,25.343332,25.503332,25.273333,25.473333,19.956211,17592900
2013-10-25,25.456667,25.586666,25.260000,25.360001,19.867428,19376400
2013-10-28,25.386667,25.736668,25.350000,25.713333,20.144228,21097200
2013-10-29,25.750000,25.876667,25.583332,25.686666,20.123337,22312800
2013-10-30,25.756666,25.843332,25.520000,25.636667,20.084166,13938000
2013-10-31,25.626667,25.716667,25.533333,25.583332,20.042379,13837200
2013-11-01,25.656668,25.799999,25.530001,25.690001,20.125940,15348300
2013-11-04,25.740000,25.883333,25.733334,25.776667,20.193838,14112300
2013-11-05,25.603333,25.870001,25.573334,25.806667,20.217340,15256500
2013-11-06,25.879999,26.093332,25.766666,26.053333,20.410580,14487600
2013-11-07,26.063334,26.073334,25.746668,25.836666,20.240849,25042800
2013-11-08,25.830000,25.986668,25.596666,25.986668,20.358362,17381400
2013-11-11,25.953333,26.356667,25.930000,26.336666,20.632555,22351500
2013-11-12,26.283333,26.323334,26.083332,26.236668,20.554207,15798300
2013-11-13,26.139999,26.330000,26.116667,26.299999,20.603827,24860100
2013-11-14,25.916668,26.510000,25.893333,26.360001,20.650841,27906300
2013-11-15,26.309999,26.430000,26.250000,26.406668,20.687395,17733300
2013-11-18,26.410000,26.440001,26.303333,26.406668,20.687395,17888100
2013-11-19,26.433332,26.450001,26.293333,26.416668,20.695229,13365000
2013-11-20,26.436666,26.463333,26.163334,26.299999,20.603827,13533900
2013-11-21,26.246668,26.400000,26.183332,26.286667,20.593384,11523000
2013-11-22,26.290001,26.623333,26.250000,26.603333,20.841467,14436300
2013-11-25,26.686666,26.856667,26.636667,26.809999,21.003368,17011200
2013-11-26,26.813334,26.893333,26.703333,26.893333,21.068666,16613400
2013-11-27,26.850000,27.000000,26.793333,26.976667,21.133940,14439900
2013-11-29,27.056667,27.116667,26.940001,27.003332,21.154827,10341600
2013-12-02,26.963333,27.093332,26.790001,27.036667,21.180948,18535200
2013-12-03,27.070000,27.110001,26.900000,27.070000,21.207062,22519200
2013-12-04,26.879999,27.123333,26.636667,26.740000,21.070484,22923600
2013-12-05,26.573334,26.590000,26.290001,26.480000,20.865601,19350000
2013-12-06,26.570000,26.743334,26.546667,26.646667,20.996939,15264300
2013-12-09,26.746668,26.809999,26.566668,26.650000,20.999565,13474800
2013-12-10,26.573334,26.600000,26.350000,26.360001,20.771049,18857100
2013-12-11,26.366667,26.573334,26.350000,26.363333,20.773674,17996400
2013-12-12,26.370001,26.420000,26.133333,26.166668,20.618706,17074800
2013-12-13,26.243334,26.256666,25.976667,26.026667,20.508392,14943600
2013-12-16,26.083332,26.166668,25.866667,25.913334,20.419088,18440700
2013-12-17,25.913334,25.963333,25.740000,25.750000,20.290382,17296200
2013-12-18,25.760000,25.993334,25.603333,25.980000,20.471615,31901100
2013-12-19,25.889999,25.943333,25.733334,25.746668,20.287760,17866200
2013-12-20,25.760000,25.959999,25.750000,25.809999,20.337656,28706400
2013-12-23,25.910000,25.996668,25.790001,25.956667,20.453236,13475700
2013-12-24,25.983334,26.080000,25.876667,26.003332,20.489998,6284700
2013-12-26,26.020000,26.173332,25.990000,26.129999,20.589811,8334600
2013-12-27,26.200001,26.309999,26.100000,26.156668,20.610826,9150000
2013-12-30,26.203333,26.293333,26.143333,26.209999,20.652849,9259500
2013-12-31,26.219999,26.290001,26.116667,26.230000,20.668606,11577300
2014-01-02,26.240000,26.490000,26.166668,26.303333,20.726391,20634000
2014-01-03,26.270000,26.376667,26.173332,26.216667,20.658102,14872200
2014-01-06,26.286667,26.303333,25.930000,26.070000,20.542540,21840600
2014-01-07,26.056667,26.283333,25.973333,26.150000,20.605572,15036900
2014-01-08,26.166668,26.170000,25.866667,25.943333,20.442722,17865600
2014-01-09,26.129999,26.133333,25.830000,26.030001,20.511017,17748900
2014-01-10,26.103333,26.240000,25.846666,26.013332,20.497877,15543900
2014-01-13,25.866667,25.990000,25.746668,25.830000,20.353424,18473700
2014-01-14,25.820000,26.000000,25.793333,25.986668,20.476870,12264600
2014-01-15,25.986668,26.033333,25.856667,25.886667,20.398075,14977200
2014-01-16,25.796667,25.823334,25.450001,25.586666,20.161678,21604500
2014-01-17,25.576668,25.606667,25.343332,25.396667,20.011961,34322100
2014-01-21,25.416668,25.463333,24.953333,25.280001,19.920031,26913300
2014-01-22,25.360001,25.360001,25.010000,25.116667,19.791327,17561100
2014-01-23,24.946667,25.040001,24.823334,24.986668,19.688890,18018900
2014-01-24,24.910000,25.040001,24.743334,24.806667,19.547062,27998400
2014-01-27,24.709999,24.790001,24.610001,24.716667,19.476133,27266100
2014-01-28,24.753332,25.133333,24.700001,24.889999,19.612719,18070200
2014-01-29,25.096666,25.123333,24.690001,24.700001,19.463011,25301100
2014-01-30,24.846666,25.030001,24.786667,24.916668,19.633734,20198700
2014-01-31,24.639999,25.063334,24.546667,24.893333,19.615351,31634400
2014-02-03,24.730000,24.833332,24.180000,24.219999,19.084778,31292100
2014-02-04,24.223333,24.366667,24.100000,24.243334,19.103165,23266500
2014-02-05,24.090000,24.386667,24.090000,24.290001,19.139936,14322900
2014-02-06,24.323334,24.403334,24.166668,24.273333,19.126804,22059300
2014-02-07,24.350000,24.600000,24.166668,24.583332,19.371078,21862800
2014-02-10,24.530001,24.586666,24.320000,24.586666,19.373695,18612300
2014-02-11,24.633333,24.950001,24.556667,24.933332,19.646872,19533600
2014-02-12,24.740000,25.059999,24.740000,24.986668,19.688890,16019400
2014-02-13,24.893333,25.163334,24.853333,25.120001,19.793955,15750600
2014-02-14,25.133333,25.330000,25.033333,25.263332,19.906902,14726700
2014-02-18,25.163334,25.216667,24.953333,25.110001,19.786079,17981400
2014-02-19,25.003332,25.106667,24.803333,24.950001,19.660000,24390900
2014-02-20,24.350000,24.666668,24.270000,24.506666,19.310665,39237300
2014-02-21,24.396667,24.466667,24.273333,24.373333,19.205605,26913000
2014-02-24,24.413334,24.606667,24.379999,24.450001,19.266012,21964500
2014-02-25,24.393333,24.580000,24.363333,24.450001,19.266012,28448100
2014-02-26,24.646667,25.033333,24.596666,24.926666,19.641611,27066600
2014-02-27,24.926666,24.926666,24.696667,24.853333,19.583834,16344600
2014-02-28,24.826668,25.063334,24.733334,24.900000,19.620602,22333800
2014-03-03,24.830000,24.889999,24.610001,24.706667,19.468258,16042800
2014-03-04,24.923332,25.163334,24.886667,25.043333,19.733545,22631400
2014-03-05,25.106667,25.110001,24.860001,24.933332,19.646872,16574400
2014-03-06,24.953333,25.036667,24.836666,24.959999,19.667881,15319800
2014-03-07,24.986668,24.986668,24.786667,24.860001,19.715469,15163800
2014-03-10,24.840000,24.866667,24.683332,24.809999,19.675814,14481000
2014-03-11,24.906668,24.990000,24.733334,24.973333,19.805346,27016800
2014-03-12,24.950001,25.250000,24.940001,25.176666,19.966600,25882800
2014-03-13,25.236668,25.393333,24.969999,24.976667,19.807985,17473500
2014-03-14,24.889999,25.023333,24.756666,24.760000,19.636154,19857000
2014-03-17,24.766666,24.950001,24.670000,24.893333,19.741903,17341200
2014-03-18,24.886667,24.996668,24.816668,24.923332,19.765686,11831400
2014-03-19,24.853333,25.036667,24.673332,24.793333,19.662596,17283300
2014-03-20,24.673332,25.226667,24.620001,25.126667,19.926947,25912500
2014-03-21,25.296667,25.673332,25.150000,25.366667,20.117285,51480600
2014-03-24,25.403334,25.600000,25.370001,25.586666,20.291754,21838500
2014-03-25,25.626667,25.713333,25.386667,25.623333,20.320827,22146600
2014-03-26,25.693333,25.843332,25.410000,25.410000,20.151649,23183400
2014-03-27,25.459999,25.606667,25.346666,25.379999,20.127855,16789800
2014-03-28,25.420000,25.533333,25.256666,25.336666,20.093498,17613300
2014-03-31,25.450001,25.593332,25.340000,25.476667,20.204521,14086800
2014-04-01,25.586666,25.750000,25.513332,25.590000,20.294397,17310000
2014-04-02,25.526667,25.730000,25.446667,25.726667,20.402788,18234300
2014-04-03,25.733334,25.850000,25.666668,25.820000,20.476799,18121500
2014-04-04,25.860001,25.966667,25.750000,25.770000,20.437147,20280600
2014-04-07,25.743334,25.906668,25.696667,25.770000,20.437147,23027100
2014-04-08,25.696667,26.103333,25.600000,26.059999,20.667135,22496100
2014-04-09,26.066668,26.073334,25.760000,25.990000,20.611622,20633400
2014-04-10,25.983334,26.046667,25.549999,25.629999,20.326118,22798800
2014-04-11,25.593332,25.743334,25.430000,25.500000,20.223021,23937000
2014-04-14,25.646667,25.850000,25.596666,25.793333,20.455654,16127700
2014-04-15,25.676666,25.770000,25.480000,25.626667,20.323481,20785800
2014-04-16,25.770000,25.823334,25.676666,25.740000,20.413363,15110400
2014-04-17,25.693333,25.916668,25.693333,25.886667,20.529673,20894100
2014-04-21,25.803333,25.910000,25.726667,25.866667,20.513809,13785300
2014-04-22,25.840000,25.943333,25.796667,25.853333,20.503239,19396500
2014-04-23,25.940001,26.093332,25.856667,26.013332,20.630125,17418600
2014-04-24,26.056667,26.156668,25.900000,26.103333,20.701504,13042500
2014-04-25,26.103333,26.260000,26.006666,26.206667,20.783457,16177800
2014-04-28,26.286667,26.663334,26.276667,26.586666,21.084812,28796100
2014-04-29,26.613333,26.623333,26.523333,26.556667,21.061024,14087100
2014-04-30,26.530001,26.643333,26.503332,26.570000,21.071594,18335100
2014-05-01,26.576668,26.576668,26.386667,26.566668,21.068956,15294000
2014-05-02,26.533333,26.586666,26.336666,26.373333,20.915632,16860000
2014-05-05,26.286667,26.316668,26.170000,26.206667,20.783457,13773000
2014-05-06,26.110001,26.129999,25.990000,26.003332,20.622192,16916700
2014-05-07,25.950001,26.033333,25.843332,25.986668,20.736568,18258600
2014-05-08,26.000000,26.276667,26.000000,26.230000,20.930740,14461800
2014-05-09,26.173332,26.426666,26.173332,26.400000,21.066393,14689200
2014-05-12,26.316668,26.410000,26.216667,26.383333,21.053095,17999400
2014-05-13,26.389999,26.456667,26.330000,26.379999,21.050442,13091100
2014-05-14,26.350000,26.350000,26.023333,26.246668,20.944038,16824900
2014-05-15,25.426666,25.813334,25.416668,25.610001,20.436001,39107400
2014-05-16,25.666668,25.793333,25.549999,25.670000,20.483885,21731400
2014-05-19,25.703333,25.709999,25.500000,25.536667,20.377485,18393900
2014-05-20,25.453333,25.456667,25.173332,25.230000,20.132778,22310100
2014-05-21,25.313334,25.320000,25.090000,25.219999,20.124784,17112300
2014-05-22,25.263332,25.306667,25.080000,25.129999,20.052975,15731100
2014-05-23,25.186666,25.250000,25.143333,25.203333,20.111496,11110800
2014-05-27,25.236668,25.270000,25.096666,25.196667,20.106176,16112400
2014-05-28,25.126667,25.313334,25.113333,25.176666,20.090216,15110700
2014-05-29,25.223333,25.396667,25.190001,25.326668,20.209913,12010500
2014-05-30,25.353333,25.603333,25.336666,25.590000,20.420042,17894400
2014-06-02,25.526667,25.703333,25.490000,25.586666,20.417385,13171200
2014-06-03,25.580000,25.656668,25.453333,25.570000,20.404089,21640800
2014-06-04,25.533333,25.766666,25.510000,25.709999,20.515793,18599700
2014-06-05,25.683332,25.813334,25.623333,25.773333,20.566341,14087400
2014-06-06,25.820000,25.863333,25.690001,25.736668,20.537086,12566700
2014-06-09,25.690001,25.920000,25.566668,25.670000,20.483885,16642800
2014-06-10,25.603333,25.646667,25.503332,25.540001,20.380148,10097100
2014-06-11,25.516666,25.580000,25.350000,25.386667,20.257790,13389900
2014-06-12,25.350000,25.396667,25.193333,25.243334,20.143412,16009800
2014-06-13,25.223333,25.253332,25.040001,25.093332,20.023720,14944500
2014-06-16,25.036667,25.160000,25.006666,25.113333,20.039682,11540700
2014-06-17,25.096666,25.139999,24.973333,24.996668,19.946581,19632600
2014-06-18,25.013332,25.320000,24.973333,25.233334,20.135435,20222100
2014-06-19,25.293333,25.426666,25.266666,25.290001,20.180653,15765900
2014-06-20,25.386667,25.389999,25.040001,25.226667,20.130114,33992100
2014-06-23,25.186666,25.313334,25.100000,25.263332,20.159376,12802200
2014-06-24,25.343332,25.403334,25.226667,25.323334,20.207253,16956900
2014-06-25,25.253332,25.280001,25.093332,25.206667,20.114153,12954600
2014-06-26,25.173332,25.203333,24.900000,24.969999,19.925295,20766300
2014-06-27,24.933332,25.126667,24.889999,25.113333,20.039682,41882400
2014-06-30,25.133333,25.230000,24.980000,25.023333,19.967861,19961400
2014-07-01,25.090000,25.139999,24.916668,25.093332,20.023720,19813500
2014-07-02,25.086666,25.299999,25.083332,25.206667,20.114153,13100400
2014-07-03,25.203333,25.350000,25.173332,25.250000,20.148735,8622000
2014-07-07,25.230000,25.403334,25.183332,25.356667,20.233849,15084000
2014-07-08,25.363333,25.660000,25.343332,25.549999,20.388119,23881500
2014-07-09,25.590000,25.776667,25.540001,25.736668,20.537086,18720300
2014-07-10,25.636667,25.856667,25.636667,25.686666,20.497179,16117500
2014-07-11,25.623333,25.656668,25.520000,25.606667,20.433344,13642500
2014-07-14,25.709999,25.750000,25.493334,25.516666,20.361530,14468700
2014-07-15,25.520000,25.643333,25.520000,25.613333,20.438667,13970700
2014-07-16,25.633333,25.683332,25.566668,25.620001,20.443987,11172600
2014-07-17,25.526667,25.683332,25.480000,25.536667,20.377485,13890900
2014-07-18,25.540001,25.700001,25.503332,25.696667,20.505154,14739900
2014-07-21,25.586666,25.636667,25.493334,25.590000,20.420042,10372800
2014-07-22,25.613333,25.629999,25.466667,25.546667,20.385464,13149600
2014-07-23,25.543333,25.686666,25.530001,25.663334,20.478559,11982900
2014-07-24,25.559999,25.596666,25.396667,25.450001,20.308327,21684900
2014-07-25,25.396667,25.453333,25.266666,25.323334,20.207253,11845200
2014-07-28,25.143333,25.309999,25.120001,25.236668,20.138096,16529700
2014-07-29,25.070000,25.336666,25.049999,25.146667,20.066275,18880500
2014-07-30,25.293333,25.306667,24.889999,24.926666,19.890718,29931600
2014-07-31,24.663334,24.750000,24.513332,24.526667,19.571539,28894800
2014-08-01,24.440001,24.626667,24.406668,24.513332,19.560888,24671700
2014-08-04,24.459999,24.543333,24.353333,24.513332,19.560888,16206300
2014-08-05,24.436666,24.506666,24.256666,24.446667,19.507698,31739700
2014-08-06,24.396667,24.763332,24.393333,24.733334,19.866468,23804400
2014-08-07,24.780001,24.936666,24.586666,24.650000,19.799538,21147000
2014-08-08,24.686666,24.910000,24.616667,24.889999,19.992308,14988900
2014-08-11,24.763332,24.866667,24.673332,24.786667,19.909311,14164200
2014-08-12,24.770000,24.813334,24.670000,24.740000,19.871824,11784600
2014-08-13,24.756666,24.803333,24.503332,24.676666,19.820963,19857300
2014-08-14,24.629999,24.809999,24.536667,24.796667,19.917334,18408900
2014-08-15,24.883333,24.883333,24.496668,24.633333,19.786152,20828100
2014-08-18,24.716667,24.893333,24.683332,24.830000,19.944118,12047100
2014-08-19,24.936666,24.980000,24.713333,24.959999,20.048540,15143700
2014-08-20,24.943333,25.016666,24.836666,24.986668,20.069956,14694900
2014-08-21,25.020000,25.303333,25.000000,25.183332,20.227924,15781800
2014-08-22,25.260000,25.400000,25.213333,25.243334,20.276117,12413400
2014-08-25,25.309999,25.340000,25.170000,25.230000,20.265413,10180800
2014-08-26,25.276667,25.383333,25.146667,25.173332,20.219894,12668700
2014-08-27,25.170000,25.286667,25.146667,25.283333,20.308249,9601200
2014-08-28,25.156668,25.313334,25.156668,25.299999,20.321630,8771100
2014-08-29,25.250000,25.293333,25.096666,25.166668,20.214540,15241500
2014-09-02,25.139999,25.313334,25.136667,25.250000,20.281475,13597200
2014-09-03,25.316668,25.443333,25.293333,25.336666,20.351095,14128200
2014-09-04,25.386667,25.533333,25.370001,25.520000,20.498339,15846900
2014-09-05,25.506666,25.910000,25.493334,25.836666,20.752707,23525400
2014-09-08,25.709999,25.773333,25.476667,25.510000,20.490316,17816700
2014-09-09,25.520000,25.666668,25.389999,25.580000,20.546535,16896000
2014-09-10,25.596666,25.693333,25.456667,25.503332,20.484959,20091300
2014-09-11,25.450001,25.480000,25.363333,25.366667,20.375185,14859900
2014-09-12,25.323334,25.350000,25.219999,25.256666,20.286825,16956900
2014-09-15,25.260000,25.296667,25.203333,25.270000,20.297537,11245500
2014-09-16,25.213333,25.523333,25.200001,25.440001,20.434088,12328500
2014-09-17,25.453333,25.490000,25.336666,25.413334,20.412661,12717000
2014-09-18,25.436666,25.526667,25.303333,25.406668,20.407312,14255100
2014-09-19,25.483334,25.690001,25.459999,25.613333,20.573317,39970500
2014-09-22,25.596666,25.620001,25.416668,25.436666,20.431412,13352100
2014-09-23,25.333332,25.406668,25.190001,25.200001,20.241310,20124000
2014-09-24,25.243334,25.770000,25.233334,25.693333,20.637573,25303800
2014-09-25,25.643333,25.683332,25.373333,25.373333,20.380539,14890500
2014-09-26,25.416668,25.523333,25.286667,25.496668,20.479605,11258700
2014-09-29,25.353333,25.416668,25.216667,25.360001,20.369831,14877900
2014-09-30,25.346666,25.573334,25.256666,25.490000,20.474251,16922100
2014-10-01,25.503332,25.620001,25.303333,25.373333,20.380539,19574700
2014-10-02,25.403334,25.636667,25.320000,25.410000,20.409992,14763600
2014-10-03,25.523333,25.826668,25.510000,25.773333,20.701832,17459100
2014-10-06,25.683332,25.973333,25.663334,25.783333,20.709864,16289100
2014-10-07,25.676666,25.896667,25.573334,25.766666,20.696472,21179700
2014-10-08,25.803333,26.163334,25.603333,26.080000,20.948154,24321300
2014-10-09,26.036667,26.276667,25.886667,25.953333,20.846411,21218100
2014-10-10,25.976667,26.456667,25.976667,26.096666,20.961535,30234000
2014-10-13,26.010000,26.193333,25.816668,25.853333,20.766087,24603600
2014-10-14,25.943333,26.209999,25.889999,25.993334,20.878534,23703300
2014-10-15,25.860001,25.896667,24.786667,25.066668,20.134218,63173100
2014-10-16,24.410000,24.690001,24.203333,24.606667,19.764729,43039800
2014-10-17,24.726667,24.833332,24.343332,24.700001,19.839701,34386900
2014-10-20,24.713333,25.073334,24.639999,25.046667,20.118149,21122100
2014-10-21,25.059999,25.400000,25.003332,25.340000,20.353762,24899100
2014-10-22,25.490000,25.553333,25.336666,25.343332,20.356440,17782800
2014-10-23,25.456667,25.549999,25.260000,25.416668,20.415350,19101300
2014-10-24,25.376667,25.500000,25.166668,25.459999,20.450146,13438800
2014-10-27,25.443333,25.660000,25.436666,25.530001,20.506376,12322200
2014-10-28,25.543333,25.600000,25.333332,25.450001,20.442118,14938800
2014-10-29,25.516666,25.546667,25.323334,25.463333,20.452831,17279100
2014-10-30,25.389999,25.533333,25.326668,25.483334,20.468901,14617200
2014-10-31,25.629999,25.799999,25.336666,25.423332,20.420694,22712100
2014-11-03,25.450001,25.459999,25.196667,25.426666,20.423376,20683200
2014-11-04,25.496668,25.790001,25.426666,25.753332,20.685764,20714700
2014-11-05,25.956667,26.076668,25.766666,25.900000,20.803568,17021400
2014-11-06,26.049999,26.059999,25.723333,25.936666,20.833021,13865700
2014-11-07,25.946667,26.360001,25.870001,26.256666,21.090057,28496400
2014-11-10,26.200001,26.709999,26.139999,26.480000,21.269444,37921500
2014-11-11,26.466667,26.473333,26.283333,26.336666,21.154320,16807200
2014-11-12,26.276667,26.480000,26.216667,26.400000,21.205179,20373600
2014-11-13,26.986668,27.686666,26.953333,27.646667,22.206541,68437200
2014-11-14,27.526667,27.716667,27.366667,27.653334,22.211901,31909800
2014-11-17,27.526667,27.906668,27.510000,27.856667,22.375223,23980200
2014-11-18,27.833332,27.973333,27.780001,27.930000,22.434124,18289200
2014-11-19,27.986668,28.546667,27.973333,28.330000,22.755409,36569400
2014-11-20,28.270000,28.430000,28.013332,28.193333,22.645638,23438100
2014-11-21,28.446667,28.480000,28.193333,28.216667,22.664379,19948800
2014-11-24,28.283333,28.536667,28.256666,28.466667,22.865187,23986500
2014-11-25,28.500000,28.503332,28.129999,28.316668,22.744703,20026500
2014-11-26,28.299999,28.370001,28.160000,28.326668,22.752737,11828400
2014-11-28,28.726667,29.363333,28.633333,29.180000,23.438158,23461800
2014-12-01,28.906668,29.023333,28.583332,28.740000,23.084736,27422700
2014-12-02,28.756666,28.900000,28.643333,28.799999,23.132927,20298900
2014-12-03,28.650000,28.666668,28.226667,28.313334,22.869078,19122900
2014-12-04,28.043333,28.273333,27.883333,28.253332,22.820610,20704200
2014-12-05,28.270000,28.273333,27.836666,28.040001,22.648306,19710300
2014-12-08,28.049999,28.223333,27.950001,28.076668,22.677912,18798000
2014-12-09,27.883333,28.070000,27.549999,27.853333,22.497528,19900800
2014-12-10,27.976667,28.103333,27.633333,27.660000,22.341366,20920800
2014-12-11,27.733334,28.166668,27.719999,27.943333,22.570217,24098400
2014-12-12,27.840000,28.333332,27.840000,27.936666,22.564835,21852300
2014-12-15,28.086666,28.233334,27.683332,27.980000,22.599838,18953100
2014-12-16,27.873333,28.253332,27.646667,27.653334,22.335981,22312200
2014-12-17,27.760000,28.086666,27.650000,28.076668,22.677912,19923000
2014-12-18,28.266666,28.650000,28.093332,28.646667,23.138309,25937700
2014-12-19,28.753332,28.780001,28.386667,28.386667,22.928310,36206400
2014-12-22,28.440001,28.799999,28.430000,28.793333,23.256775,13727400
2014-12-23,28.896667,29.026667,28.786667,28.886667,23.332163,16657800
2014-12-24,28.990000,29.023333,28.796667,28.809999,23.270241,7475400
2014-12-26,28.726667,29.046667,28.670000,28.969999,23.399473,9747900
2014-12-29,28.820000,29.023333,28.799999,28.879999,23.326784,10816800
2014-12-30,28.840000,29.043333,28.826668,28.930000,23.367163,9796200
2014-12-31,29.026667,29.146667,28.620001,28.626667,23.122158,12454200
2015-01-02,28.756666,28.906668,28.516666,28.633333,23.127541,13505400
2015-01-05,28.573334,28.773333,28.503332,28.549999,23.060232,20937000
2015-01-06,28.660000,28.916668,28.596666,28.770000,23.237934,24615300
2015-01-07,28.926666,29.559999,28.889999,29.533333,23.854486,25495200
2015-01-08,29.736668,30.223333,29.690001,30.156668,24.357960,38140800
2015-01-09,30.106667,30.129999,29.750000,29.783333,24.056416,25567500
2015-01-12,29.786667,30.103333,29.740000,30.006666,24.236801,22117500
2015-01-13,30.266666,30.323334,29.643333,29.770000,24.045649,24646200
2015-01-14,29.216667,29.506666,28.833332,28.870001,23.318701,35862900
2015-01-15,29.000000,29.260000,28.900000,29.126667,23.526020,28238100
2015-01-16,29.066668,29.153334,28.743334,28.923332,23.361786,25226700
2015-01-20,28.940001,29.233334,28.516666,28.896667,23.340246,23559300
2015-01-21,28.700001,28.969999,28.570000,28.879999,23.326784,24521400
2015-01-22,29.076668,29.466667,28.953333,29.433332,23.773710,21371400
2015-01-23,29.473333,29.753332,29.296667,29.503332,23.830250,22697400
2015-01-26,29.436666,29.719999,29.373333,29.543333,23.862568,14000100
2015-01-27,29.426666,29.486668,29.086666,29.176666,23.566399,18061500
2015-01-28,29.340000,29.410000,28.923332,28.940001,23.375238,17810400
2015-01-29,29.023333,29.240000,28.756666,29.240000,23.617559,19568400
2015-01-30,28.926666,29.120001,28.299999,28.326668,22.879845,30840600
2015-02-02,28.263332,28.623333,27.976667,28.570000,23.076389,20781600
2015-02-03,28.610001,28.843332,28.553333,28.730000,23.205620,24850500
2015-02-04,28.703333,29.013332,28.666668,28.883333,23.329475,26796900
2015-02-05,29.036667,29.120001,28.853333,29.093332,23.499090,15272400
2015-02-06,29.086666,29.333332,28.926666,29.110001,23.512554,16852800
2015-02-09,28.990000,29.063334,28.546667,28.636667,23.130241,16368600
2015-02-10,28.873333,29.136667,28.806667,29.096666,23.501781,17196300
2015-02-11,28.876667,29.040001,28.639999,28.780001,23.246010,17559300
2015-02-12,28.853333,28.893333,28.410000,28.629999,23.124853,20824800
2015-02-13,28.613333,28.719999,28.440001,28.603333,23.103312,16791000
2015-02-17,28.476667,28.656668,28.323334,28.653334,23.143707,15261600
2015-02-18,28.653334,28.766666,28.506666,28.763332,23.232542,18098100
2015-02-19,28.166668,28.266666,27.796667,27.840000,22.486759,55940400
2015-02-20,27.576668,28.126667,27.516666,28.100000,22.696766,41521200
2015-02-23,28.129999,28.286667,28.076668,28.200001,22.777536,20191200
2015-02-24,28.173332,28.273333,27.973333,28.190001,22.769463,15593100
2015-02-25,28.209999,28.240000,27.840000,27.856667,22.500217,20425200
2015-02-26,27.950001,27.953333,27.756666,27.933332,22.562138,17664300
2015-02-27,27.906668,28.053333,27.799999,27.976667,22.597149,17632200
2015-03-02,27.976667,28.000000,27.733334,27.986668,22.605223,18184500
2015-03-03,27.886667,27.940001,27.723333,27.790001,22.446367,19382400
2015-03-04,27.736668,27.736668,27.400000,27.526667,22.233669,18643200
2015-03-05,27.716667,27.956667,27.653334,27.856667,22.500217,17992500
2015-03-06,27.603333,27.700001,27.459999,27.530001,22.236362,17193000
2015-03-09,27.530001,27.780001,27.513332,27.626667,22.314440,14014500
2015-03-10,27.423332,27.500000,27.356667,27.356667,22.096359,18933300
2015-03-11,27.273333,27.323334,26.846666,26.896667,21.855297,18482700
2015-03-12,26.936666,27.373333,26.926666,27.299999,22.183035,15677400
2015-03-13,27.316668,27.416668,27.096666,27.299999,22.183035,14286600
2015-03-16,27.483334,27.790001,27.480000,27.763332,22.559521,19557300
2015-03-17,27.660000,27.670000,27.413334,27.540001,22.378052,14406000
2015-03-18,27.326668,27.653334,27.053333,27.510000,22.353685,30756900
2015-03-19,27.443333,27.480000,27.123333,27.173332,22.080109,21638700
2015-03-20,27.276667,27.830000,27.236668,27.746668,22.545984,37095900
2015-03-23,27.726667,27.966667,27.706667,27.770000,22.564943,19517100
2015-03-24,27.730000,27.903334,27.653334,27.683332,22.494526,16077300
2015-03-25,27.696667,27.750000,27.103333,27.106667,22.025940,19937700
2015-03-26,26.976667,27.436666,26.883333,27.296667,22.180330,24801600
2015-03-27,27.283333,27.393333,27.083332,27.116667,22.034067,17152200
2015-03-30,27.233334,27.600000,27.143333,27.510000,22.353685,17105100
2015-03-31,27.463333,27.680000,27.416668,27.416668,22.277836,16763100
2015-04-01,27.426666,27.426666,26.809999,26.903334,21.860720,24920100
2015-04-02,26.910000,27.106667,26.850000,26.910000,21.866137,17387100
2015-04-06,26.820000,27.110001,26.716667,26.996668,21.936560,19142100
2015-04-07,27.030001,27.096666,26.820000,26.833332,21.803837,19818300
2015-04-08,26.796667,27.076668,26.786667,27.010000,21.947392,20084100
2015-04-09,26.946667,27.129999,26.860001,26.946667,21.895929,11770800
2015-04-10,26.953333,27.000000,26.850000,26.883333,21.844461,16440900
2015-04-13,26.799999,26.973333,26.756666,26.763332,21.746958,14094300
2015-04-14,26.763332,26.806667,26.559999,26.716667,21.709044,16595100
2015-04-15,26.860001,26.993334,26.549999,26.580000,21.597982,18601200
2015-04-16,26.500000,26.629999,26.376667,26.413334,21.462561,24045300
2015-04-17,26.313334,26.383333,25.850000,25.959999,21.094196,35468400
2015-04-20,26.129999,26.276667,26.006666,26.046667,21.164616,26542800
2015-04-21,26.203333,26.280001,25.969999,26.010000,21.134829,18600600
2015-04-22,25.910000,26.213333,25.850000,26.143333,21.243166,22784100
2015-04-23,26.126667,26.513332,26.066668,26.393333,21.446310,22406700
2015-04-24,26.459999,26.976667,26.413334,26.613333,21.625076,20603400
2015-04-27,26.590000,26.620001,26.430000,26.456667,21.497768,19349400
2015-04-28,26.486668,26.493334,26.256666,26.366667,21.424637,14687700
2015-04-29,26.233334,26.263332,25.930000,25.959999,21.094196,21325200
2015-04-30,25.943333,26.160000,25.863333,26.016666,21.140245,26387700
2015-05-01,26.066668,26.253332,26.056667,26.200001,21.289211,14999100
2015-05-04,26.326668,26.516666,26.153334,26.393333,21.446310,20007600
2015-05-05,26.336666,26.336666,26.020000,26.043333,21.161911,17566200
2015-05-06,25.973333,26.040001,25.723333,25.883333,21.164635,16440300
2015-05-07,25.910000,26.113333,25.766666,26.010000,21.268211,16614300
2015-05-08,26.200001,26.416668,26.133333,26.176666,21.404495,16042200
2015-05-11,26.106667,26.203333,26.010000,26.033333,21.287289,11234700
2015-05-12,26.006666,26.493334,25.956667,26.320000,21.521702,25347000
2015-05-13,26.393333,26.476667,25.993334,26.053333,21.303646,25263600
2015-05-14,26.123333,26.256666,26.006666,26.240000,21.456276,18510600
2015-05-15,26.236668,26.416668,26.190001,26.413334,21.598015,19851600
2015-05-18,26.456667,26.646667,26.386667,26.639999,21.783358,24900900
2015-05-19,26.059999,26.120001,25.410000,25.476667,20.832111,67375800
2015-05-20,25.493334,25.500000,25.276667,25.299999,20.687643,31625700
2015-05-21,25.266666,25.473333,25.186666,25.370001,20.744894,20268600
2015-05-22,25.400000,25.459999,25.286667,25.286667,20.676750,20445000
2015-05-26,25.256666,25.276667,24.940001,24.966667,20.415083,31720800
2015-05-27,25.003332,25.170000,25.000000,25.063334,20.494129,20961300
2015-05-28,25.023333,25.053333,24.883333,24.946667,20.398735,15076500
2015-05-29,24.940001,24.959999,24.716667,24.756666,20.243368,19125300
2015-06-01,24.896667,25.026667,24.803333,24.910000,20.368750,16938000
2015-06-02,24.846666,25.000000,24.806667,24.843332,20.314232,17393400
2015-06-03,24.900000,25.066668,24.823334,24.963333,20.412357,18281400
2015-06-04,24.820000,24.993334,24.650000,24.716667,20.210657,26948400
2015-06-05,24.723333,24.756666,24.326668,24.353333,19.913567,31905300
2015-06-08,24.476667,24.496668,24.200001,24.203333,19.790913,28779000
2015-06-09,24.233334,24.283333,24.120001,24.156668,19.752754,25006800
2015-06-10,24.236668,24.443333,24.113333,24.309999,19.878134,33647400
2015-06-11,24.410000,24.556667,24.280001,24.313334,19.880859,22260000
2015-06-12,24.246668,24.299999,24.133333,24.143333,19.741850,21739800
2015-06-15,24.066668,24.133333,23.900000,23.976667,19.605560,22700400
2015-06-16,24.073334,24.193333,23.906668,24.116667,19.720043,18646800
2015-06-17,24.209999,24.299999,24.113333,24.243334,19.823618,17111700
2015-06-18,24.246668,24.493334,24.246668,24.326668,19.891760,25129800
2015-06-19,24.266666,24.406668,24.233334,24.246668,19.826345,43652100
2015-06-22,24.326668,24.396667,24.230000,24.263332,19.839972,19468500
2015-06-23,24.296667,24.313334,24.113333,24.190001,19.780008,23628900
2015-06-24,24.186666,24.216667,24.046667,24.126667,19.728210,22015200
2015-06-25,24.150000,24.209999,23.943333,23.953333,19.586487,15879600
2015-06-26,23.986668,24.153334,23.956667,24.040001,19.657349,20693400
2015-06-29,23.933332,24.000000,23.803333,23.806667,19.466558,24563400
2015-06-30,23.936666,23.936666,23.593332,23.643333,19.333006,33307800
2015-07-01,23.866667,23.983334,23.453333,23.959999,19.591942,32321700
2015-07-02,24.006666,24.186666,23.886667,23.953333,19.586487,19758300
2015-07-06,23.793333,24.230000,23.793333,24.176666,19.769108,31609500
2015-07-07,24.219999,24.620001,24.000000,24.596666,20.112535,37263900
2015-07-08,24.433332,24.530001,24.299999,24.353333,19.913567,23373000
2015-07-09,24.556667,24.576668,24.236668,24.260000,19.837255,26087400
2015-07-10,24.360001,24.516666,24.360001,24.373333,19.929920,16737900
2015-07-13,24.503332,24.703333,24.503332,24.626667,20.137072,18253500
2015-07-14,24.660000,24.696667,24.493334,24.596666,20.112535,16554600
2015-07-15,24.530001,24.633333,24.396667,24.549999,20.074381,13700100
2015-07-16,24.656668,24.713333,24.586666,24.610001,20.123444,15695100
2015-07-17,24.580000,24.690001,24.436666,24.463333,20.003513,17041800
2015-07-20,24.450001,24.480000,24.353333,24.366667,19.924471,15256800
2015-07-21,24.366667,24.430000,24.176666,24.246668,19.826345,19323300
2015-07-22,24.260000,24.606667,24.260000,24.386667,19.940823,20884800
2015-07-23,24.356667,24.406668,24.139999,24.170000,19.763655,12758700
2015-07-24,24.176666,24.186666,23.833332,23.860001,19.510176,17853300
2015-07-27,23.793333,23.883333,23.670000,23.793333,19.455654,18592800
2015-07-28,23.843332,24.129999,23.743334,24.033333,19.651901,25776900
2015-07-29,24.083332,24.209999,24.030001,24.076668,19.687340,14819100
2015-07-30,24.010000,24.176666,23.926666,24.053333,19.668257,13813500
2015-07-31,24.146667,24.163334,23.886667,23.993334,19.619198,23785200
2015-08-03,23.946667,24.126667,23.946667,24.059999,19.673704,15395400
2015-08-04,24.139999,24.266666,23.976667,24.083332,19.692791,17620200
2015-08-05,24.129999,24.563334,24.083332,24.503332,20.173027,26147400
2015-08-06,24.450001,24.459999,24.219999,24.263332,19.975447,19103100
2015-08-07,24.236668,24.276667,23.723333,23.750000,19.552830,23392500
2015-08-10,23.833332,23.916668,23.780001,23.826668,19.615948,18060300
2015-08-11,23.750000,24.123333,23.716667,23.976667,19.739437,20487600
2015-08-12,23.843332,24.219999,23.756666,24.193333,19.917810,26524200
2015-08-13,24.133333,24.256666,23.990000,24.036667,19.788834,22957200
2015-08-14,24.100000,24.200001,24.013332,24.126667,19.862930,17737500
2015-08-17,23.943333,24.076668,23.920000,23.969999,19.733946,22813200
2015-08-18,23.333332,23.500000,23.080000,23.160000,19.067089,63945000
2015-08-19,22.956667,23.129999,22.590000,22.856667,18.817369,49000200
2015-08-20,22.693333,23.100000,22.646667,22.809999,18.778948,29580300
2015-08-21,22.636667,22.770000,22.180000,22.180000,18.260288,47239500
2015-08-24,21.246668,22.053333,20.500000,21.316668,17.549526,66718800
2015-08-25,21.816668,21.903334,21.000000,21.033333,17.316259,44403000
2015-08-26,21.410000,21.616667,21.006666,21.610001,17.791023,41784900
2015-08-27,21.773333,22.059999,21.650000,22.026667,18.134050,41738400
2015-08-28,22.030001,22.040001,21.483334,21.646667,17.821209,42909000
2015-08-31,21.606667,21.666668,21.430000,21.576668,17.763582,24525600
2015-09-01,21.266666,21.440001,21.090000,21.273333,17.513847,40181700
2015-09-02,21.530001,21.646667,21.353333,21.480000,17.683990,28543800
2015-09-03,21.573334,21.670000,21.463333,21.620001,17.799253,25571400
2015-09-04,21.356667,21.433332,21.170000,21.296667,17.533056,27697200
2015-09-08,21.743334,22.166668,21.726667,22.126667,18.216381,53120400
2015-09-09,22.286667,22.336666,21.670000,21.706667,17.870600,28392600
2015-09-10,21.356667,21.549999,21.276667,21.373333,17.596174,43574400
2015-09-11,21.393333,21.559999,21.330000,21.549999,17.741621,24187200
2015-09-14,21.549999,21.556667,21.273333,21.426666,17.640085,20870100
2015-09-15,21.493334,21.566668,21.350000,21.440001,17.651064,20582400
2015-09-16,21.533333,21.590000,21.350000,21.563334,17.752598,16876200
2015-09-17,21.566668,21.763332,21.386667,21.490000,17.692225,21399300
2015-09-18,21.250000,21.410000,21.086666,21.113333,17.382122,38655600
2015-09-21,21.250000,21.333332,21.123333,21.240000,17.486406,21358800
2015-09-22,21.076668,21.273333,20.973333,21.196667,17.450726,26402400
2015-09-23,21.240000,21.309999,21.040001,21.240000,17.486406,17629800
2015-09-24,21.120001,21.326668,21.100000,21.276667,17.516594,20868600
2015-09-25,21.356667,21.486668,21.206667,21.260000,17.502874,21489000
2015-09-28,21.200001,21.316668,21.160000,21.219999,17.469938,28183200
2015-09-29,21.250000,21.346666,21.076668,21.260000,17.502874,22920300
2015-09-30,21.476667,21.646667,21.309999,21.613333,17.793762,23937600
2015-10-01,21.586666,21.646667,21.293333,21.423332,17.637341,23511600
2015-10-02,21.253332,21.660000,21.136667,21.660000,17.832186,21252000
2015-10-05,21.736668,21.973333,21.713333,21.956667,18.076422,18900900
2015-10-06,21.846666,21.983334,21.726667,21.893333,18.024286,22232700
2015-10-07,21.946667,22.120001,21.923332,22.120001,18.210892,21408000
2015-10-08,22.076668,22.330000,22.049999,22.293333,18.353594,17923500
2015-10-09,22.313334,22.340000,22.170000,22.230000,18.301447,20262000
2015-10-12,22.223333,22.333332,22.193333,22.309999,18.367311,16931700
2015-10-13,22.206667,22.313334,22.086666,22.243334,18.312433,26575200
2015-10-14,22.203333,22.650000,20.006666,20.010000,16.473776,242694300
2015-10-15,19.900000,20.156668,19.536667,19.776667,16.281677,138760500
2015-10-16,19.823334,19.830000,19.456667,19.629999,16.160927,78585300
2015-10-19,19.596666,19.766666,19.500000,19.616667,16.149954,53417400
2015-10-20,19.620001,19.666668,19.523333,19.583332,16.122503,31271100
2015-10-21,19.600000,19.680000,19.523333,19.546667,16.092327,39352800
2015-10-22,19.646667,19.986668,19.546667,19.633333,16.163675,43765500
2015-10-23,19.730000,19.760000,19.406668,19.433332,15.999020,39121800
2015-10-26,19.466667,19.483334,19.323334,19.340000,15.922179,32519400
2015-10-27,19.336666,19.346666,19.126667,19.160000,15.773988,31534200
2015-10-28,19.219999,19.240000,19.053333,19.213333,15.817907,35504100
2015-10-29,19.240000,19.373333,19.160000,19.320000,15.905708,38566500
2015-10-30,19.243334,19.373333,19.080000,19.080000,15.708126,47416500
2015-11-02,19.096666,19.203333,18.923332,19.203333,15.809667,32157600
2015-11-03,19.190001,19.443333,19.176666,19.370001,15.946875,30761700
2015-11-04,19.526667,19.586666,19.396667,19.456667,16.018234,30169500
2015-11-05,19.503332,19.660000,19.473333,19.536667,16.084095,26581500
2015-11-06,19.639999,19.733334,19.436666,19.593332,16.130739,29931900
2015-11-09,19.500000,19.593332,19.340000,19.496668,16.051159,25321200
2015-11-10,19.436666,19.570000,19.436666,19.559999,16.103304,22844700
2015-11-11,19.500000,19.576668,19.156668,19.193333,15.801437,26069700
2015-11-12,19.213333,19.256666,18.973333,18.983334,15.628541,28654500
2015-11-13,18.913334,19.020000,18.766666,18.806667,15.483099,37544700
2015-11-16,18.796667,19.343332,18.786667,19.290001,15.881019,39964800
2015-11-17,19.780001,20.299999,19.733334,19.973333,16.443583,74037900
2015-11-18,20.013332,20.356667,19.850000,20.309999,16.720762,44633100
2015-11-19,20.373333,20.453333,20.143333,20.233334,16.657639,34698300
2015-11-20,20.326668,20.490000,20.006666,20.023333,16.484749,37113300
2015-11-23,20.096666,20.246668,19.959999,20.086666,16.536890,31731000
2015-11-24,19.983334,20.139999,19.953333,19.973333,16.443583,37361700
2015-11-25,20.000000,20.236668,19.959999,20.080000,16.531401,23460600
2015-11-27,20.146667,20.230000,19.956667,19.963333,16.435354,16022700
2015-11-30,19.956667,20.020000,19.576668,19.613333,16.147211,44827800
2015-12-01,19.709999,19.763332,19.549999,19.663334,16.188375,36612300
2015-12-02,19.536667,19.763332,19.440001,19.450001,16.146864,40760700
2015-12-03,19.563334,19.886667,19.533333,19.680000,16.337805,47532300
2015-12-04,19.683332,19.950001,19.676666,19.886667,16.509373,31305900
2015-12-07,19.856667,20.243334,19.856667,20.166668,16.741827,34787700
2015-12-08,20.023333,20.163334,19.833332,19.870001,16.495537,31132800
2015-12-09,19.753332,20.036667,19.633333,19.709999,16.362709,26945100
2015-12-10,19.709999,20.030001,19.696667,19.853333,16.481701,34078200
2015-12-11,19.683332,19.843332,19.603333,19.786667,16.426355,29235000
2015-12-14,19.766666,20.146667,19.690001,20.129999,16.711384,43574700
2015-12-15,20.213333,20.280001,19.856667,19.879999,16.503830,43846200
2015-12-16,20.036667,20.216667,19.900000,20.100000,16.686472,29881500
2015-12-17,20.110001,20.110001,19.656668,19.660000,16.321196,38928300
2015-12-18,19.643333,19.799999,19.583332,19.616667,16.285231,48770100
2015-12-21,19.606667,19.860001,19.556667,19.850000,16.478931,28936500
2015-12-22,19.930000,20.233334,19.870001,20.180000,16.752890,27798900
2015-12-23,20.333332,20.373333,20.146667,20.363333,16.905087,22559400
2015-12-24,20.260000,20.366667,20.226667,20.276667,16.833139,7448400
2015-12-28,20.193333,20.323334,20.166668,20.250000,16.811003,16265100
2015-12-29,20.333332,20.583332,20.326668,20.536667,17.048988,23650800
2015-12-30,20.553333,20.623333,20.496668,20.559999,17.068354,17150100
2015-12-31,20.443333,20.573334,20.389999,20.433332,16.963198,19725300
2016-01-04,20.166668,20.496668,20.120001,20.486668,17.007483,35967600
2016-01-05,20.676666,21.016666,20.616667,20.973333,17.411495,39978000
2016-01-06,20.826668,21.316668,20.823334,21.183332,17.585836,49693800
2016-01-07,20.990000,21.743334,20.973333,21.676666,17.995380,79290000
2016-01-08,21.693333,21.803333,21.136667,21.180000,17.583063,53303700
2016-01-11,21.253332,21.490000,21.209999,21.406668,17.771240,37961400
2016-01-12,21.459999,21.576668,21.143333,21.206667,17.605202,36587700
2016-01-13,21.243334,21.243334,20.610001,20.639999,17.134768,41177100
2016-01-14,20.666668,21.206667,20.606667,21.020000,17.450233,38804700
2016-01-15,20.516666,20.823334,20.420000,20.643333,17.137535,45523200
2016-01-19,20.750000,20.933332,20.670000,20.853333,17.311871,39153900
2016-01-20,20.600000,20.776667,20.066668,20.280001,16.835907,52107300
2016-01-21,20.326668,20.930000,20.303333,20.626667,17.123703,36267600
2016-01-22,20.813334,21.086666,20.709999,20.896667,17.347843,27592500
2016-01-25,20.926666,21.273333,20.850000,21.150000,17.558161,38470200
2016-01-26,21.120001,21.490000,21.086666,21.333332,17.710352,28323600
2016-01-27,21.366667,21.726667,21.296667,21.316668,17.696518,30642900
2016-01-28,21.343332,21.503332,21.143333,21.406668,17.771240,33834900
2016-01-29,21.583332,22.176666,21.580000,22.120001,18.363430,49317300
2016-02-01,21.969999,22.643333,21.963333,22.500000,18.678890,44185200
2016-02-02,22.433332,22.613333,22.093332,22.286667,18.501791,40757700
2016-02-03,22.436666,22.500000,21.690001,22.090000,18.338516,36946800
2016-02-04,21.920000,22.183332,21.670000,22.139999,18.380026,38500200
2016-02-05,22.286667,22.510000,21.959999,22.333332,18.540531,42589500
2016-02-08,22.166668,22.383333,21.719999,22.299999,18.512857,62230800
2016-02-09,21.830000,22.136667,21.559999,21.936666,18.211226,43927200
2016-02-10,22.063334,22.196667,21.883333,21.930000,18.205700,29127900
2016-02-11,21.673332,21.920000,21.593332,21.773333,18.075626,33560100
2016-02-12,21.840000,22.083332,21.623333,22.059999,18.313612,29086500
2016-02-16,22.203333,22.266666,21.833332,21.966667,18.236137,34081500
2016-02-17,22.033333,22.203333,21.936666,22.036667,18.294239,37280100
2016-02-18,21.246668,21.593332,20.783333,21.373333,17.743561,83683800
2016-02-19,21.296667,21.590000,21.146667,21.553333,17.892992,46686900
2016-02-22,21.553333,22.046667,21.553333,21.876667,18.161415,31761900
2016-02-23,21.946667,22.200001,21.760000,22.160000,18.396633,34296000
2016-02-24,22.063334,22.443333,21.906668,22.373333,18.573732,30873600
2016-02-25,22.483334,22.709999,22.443333,22.680000,18.828321,28743900
2016-02-26,22.693333,22.733334,22.100000,22.170000,18.404940,32952900
2016-02-29,22.209999,22.316668,22.073334,22.113333,18.357887,28035600
2016-03-01,22.216667,22.296667,22.000000,22.153334,18.391104,31288500
2016-03-02,22.070000,22.223333,22.000000,22.070000,18.321918,27496800
2016-03-03,21.983334,22.066668,21.626667,22.046667,18.302549,35540400
2016-03-04,22.046667,22.426666,22.030001,22.260000,18.479650,30031500
2016-03-07,22.206667,22.826668,22.090000,22.629999,18.786814,38476200
2016-03-08,22.576668,22.823334,22.496668,22.680000,18.828321,30203700
2016-03-09,22.596666,22.663334,22.373333,22.510000,18.825533,23474400
2016-03-10,22.516666,22.680000,22.133333,22.469999,18.792076,30677400
2016-03-11,22.590000,22.646667,22.266666,22.389999,18.725178,24872700
2016-03-14,22.383333,22.556667,22.320000,22.453333,18.778139,20137500
2016-03-15,22.333332,22.783333,22.333332,22.696667,18.981644,22700700
2016-03-16,22.646667,22.780001,22.416668,22.663334,18.953772,24654000
2016-03-17,22.606667,22.973333,22.420000,22.483334,18.803228,35514300
2016-03-18,22.493334,22.676666,22.250000,22.316668,18.663847,69459300
2016-03-21,22.343332,22.793333,22.323334,22.656668,18.948196,28247400
2016-03-22,22.666668,22.893333,22.596666,22.623333,18.920317,22543500
2016-03-23,22.670000,22.700001,22.480000,22.486668,18.806026,18331800
2016-03-24,22.476667,22.680000,22.459999,22.666668,18.956564,18914100
2016-03-28,22.643333,22.860001,22.643333,22.706667,18.990007,16810500
2016-03-29,22.716667,22.736668,22.476667,22.676666,18.964924,19473000
2016-03-30,22.776667,23.000000,22.763332,22.933332,19.179575,21625500
2016-03-31,22.916668,23.063334,22.823334,22.830000,19.093151,18850500
2016-04-01,22.673332,23.066668,22.673332,23.020000,19.252058,19807200
2016-04-04,23.000000,23.123333,22.973333,23.033333,19.263208,20470200
2016-04-05,23.010000,23.083332,22.756666,22.879999,19.134974,17337000
2016-04-06,22.900000,23.020000,22.840000,23.013332,19.246487,16088100
2016-04-07,22.943333,22.976667,22.646667,22.740000,19.017885,18331500
2016-04-08,22.770000,22.796667,22.620001,22.686666,18.973286,19548000
2016-04-11,22.670000,22.790001,22.459999,22.466667,18.789291,23596200
2016-04-12,22.523333,22.956667,22.483334,22.933332,19.179575,23203800
2016-04-13,23.003332,23.139999,22.956667,23.049999,19.277145,18788100
2016-04-14,23.049999,23.080000,22.716667,22.933332,19.179575,20931300
2016-04-15,22.980000,23.136667,22.980000,23.020000,19.252058,22753500
2016-04-18,23.016666,23.299999,22.950001,23.286667,19.475069,19868700
2016-04-19,23.263332,23.360001,23.166668,23.256666,19.449987,24598200
2016-04-20,23.253332,23.330000,23.043333,23.070000,19.293871,16237500
2016-04-21,23.156668,23.226667,22.746668,22.823334,19.087582,19852800
2016-04-22,22.940001,22.980000,22.760000,22.906668,19.157278,18645300
2016-04-25,22.850000,23.166668,22.686666,23.156668,19.366352,17688600
2016-04-26,23.233334,23.296667,23.033333,23.100000,19.318962,19945200
2016-04-27,23.163334,23.260000,22.996668,23.139999,19.352421,15441900
2016-04-28,23.023333,23.206667,22.916668,22.969999,19.210243,14330700
2016-04-29,22.910000,22.940001,22.120001,22.290001,18.641542,36297000
2016-05-02,22.206667,22.566668,22.176666,22.530001,18.842264,22829100
2016-05-03,22.286667,22.500000,22.250000,22.333332,18.677790,17767800
2016-05-04,22.283333,22.496668,22.146667,22.396667,18.730751,18088500
2016-05-05,22.323334,22.416668,22.193333,22.403334,18.736326,24273000
2016-05-06,22.303333,22.753332,22.266666,22.750000,19.026253,29476200
2016-05-09,22.750000,23.033333,22.719999,22.983334,19.221397,25968600
2016-05-10,22.973333,23.043333,22.816668,22.930000,19.176790,19208700
2016-05-11,22.490000,22.500000,21.870001,22.136667,18.648859,43792500
2016-05-12,22.183332,22.350000,22.126667,22.283333,18.772415,28600500
2016-05-13,22.160000,22.183332,21.549999,21.646667,18.236065,41234100
2016-05-16,21.620001,22.116667,21.559999,22.006666,18.539343,30545400
2016-05-17,22.020000,22.090000,21.626667,21.700001,18.280998,27758100
2016-05-18,21.006666,21.260000,20.906668,21.049999,17.733406,66767700
2016-05-19,22.700001,23.110001,22.500000,23.066668,19.432335,105230100
2016-05-20,23.110001,23.379999,22.950001,23.286667,19.617661,50239800
2016-05-23,23.200001,23.353333,23.146667,23.166668,19.516573,30299400
2016-05-24,23.216667,23.473333,23.183332,23.413334,19.724379,26484000
2016-05-25,23.416668,23.666668,23.413334,23.493334,19.791769,21791700
2016-05-26,23.563334,23.793333,23.533333,23.616667,19.895664,26081700
2016-05-27,23.620001,23.629999,23.496668,23.583332,19.867594,17321100
2016-05-31,23.526667,23.666668,23.493334,23.593332,19.876015,25170600
2016-06-01,23.500000,23.636667,23.469999,23.500000,19.797388,21662700
2016-06-02,23.500000,23.666668,23.383333,23.650000,19.923754,19526100
2016-06-03,23.523333,23.683332,23.506666,23.623333,19.901295,19123500
2016-06-06,23.840000,23.850000,23.666668,23.683332,19.951834,27054000
2016-06-07,23.700001,23.770000,23.616667,23.676666,19.946217,22090200
2016-06-08,23.616667,23.816668,23.600000,23.760000,20.016417,18417000
2016-06-09,23.786667,23.863333,23.616667,23.696667,19.963068,18209700
2016-06-10,23.666668,23.803333,23.559999,23.713333,19.977114,22534200
2016-06-13,23.666668,23.726667,23.496668,23.510000,19.805817,23722800
2016-06-14,23.553333,23.723333,23.400000,23.650000,19.923754,27199200
2016-06-15,23.733334,23.870001,23.666668,23.706667,19.971495,24051000
2016-06-16,23.666668,23.820000,23.600000,23.766666,20.022041,20115600
2016-06-17,23.683332,23.770000,23.466667,23.650000,19.923754,54177900
2016-06-20,23.770000,23.926666,23.683332,23.700001,19.965872,21427500
2016-06-21,23.650000,23.906668,23.650000,23.820000,20.066973,20024400
2016-06-22,23.866667,24.083332,23.856667,23.916668,20.148401,25372500
2016-06-23,24.066668,24.080000,23.930000,24.033333,20.246689,20910600
2016-06-24,23.516666,24.240000,23.503332,23.986668,20.207378,45361200
2016-06-27,23.879999,23.923332,23.626667,23.833332,20.078203,33910200
2016-06-28,23.920000,23.956667,23.556667,23.836666,20.081015,25683600
2016-06-29,23.876667,24.163334,23.853333,24.153334,20.347788,21044100
2016-06-30,24.190001,24.396667,24.106667,24.340000,20.505041,26140800
2016-07-01,24.376667,24.389999,24.139999,24.270000,20.446070,22916400
2016-07-05,24.250000,24.540001,24.226667,24.379999,20.538736,32245800
2016-07-06,24.420000,24.660000,24.389999,24.606667,20.729692,33188100
2016-07-07,24.576668,24.643333,24.383333,24.510000,20.648254,23378400
2016-07-08,24.606667,24.616667,24.413334,24.613333,20.735306,27382800
2016-07-11,24.556667,24.783333,24.500000,24.686666,20.797085,27120300
2016-07-12,24.520000,24.576668,24.333332,24.423332,20.575243,37083600
2016-07-13,24.416668,24.543333,24.313334,24.540001,20.673529,19197000
2016-07-14,24.596666,24.703333,24.536667,24.566668,20.695993,19939200
2016-07-15,24.660000,24.670000,24.480000,24.556667,20.687571,17984400
2016-07-18,24.546667,24.726667,24.510000,24.613333,20.735306,16371900
2016-07-19,24.546667,24.653334,24.526667,24.553333,20.684759,14394300
2016-07-20,24.626667,24.703333,24.543333,24.596666,20.721264,15846000
2016-07-21,24.476667,24.553333,24.379999,24.506666,20.645443,13175700
2016-07-22,24.586666,24.636667,24.473333,24.516666,20.653870,12949800
2016-07-25,24.516666,24.610001,24.469999,24.583332,20.710032,14202000
2016-07-26,24.570000,24.690001,24.469999,24.576668,20.704412,15744900
2016-07-27,24.553333,24.606667,24.379999,24.440001,20.589283,17333700
2016-07-28,24.379999,24.440001,24.156668,24.413334,20.566818,13809600
2016-07-29,24.389999,24.416668,24.253332,24.323334,20.490999,18906600
2016-08-01,24.270000,24.663334,24.270000,24.593332,20.718454,17605200
2016-08-02,24.566668,24.573334,24.209999,24.376667,20.535931,19539300
2016-08-03,24.333332,24.466667,24.170000,24.313334,20.482574,19704300
2016-08-04,24.266666,24.496668,24.196667,24.433332,20.583668,14834700
2016-08-05,24.486668,24.650000,24.486668,24.586666,20.712843,16246200
2016-08-08,24.666668,24.690001,24.346666,24.446667,20.594896,19731600
2016-08-09,24.453333,24.626667,24.360001,24.513332,20.651058,19283700
2016-08-10,24.523333,24.836666,24.463333,24.650000,20.908358,24156900
2016-08-11,24.833332,24.933332,24.510000,24.600000,20.865940,18870900
2016-08-12,24.600000,24.706667,24.520000,24.629999,20.891386,29982600
2016-08-15,24.603333,24.670000,24.370001,24.440001,20.730234,28908300
2016-08-16,24.196667,24.436666,24.070000,24.296667,20.608648,29289900
2016-08-17,23.996668,24.316668,23.996668,24.309999,20.619959,43029900
2016-08-18,24.309999,25.063334,24.309999,24.766666,21.007305,80574900
2016-08-19,24.700001,24.763332,24.223333,24.270000,20.586035,46039200
2016-08-22,24.353333,24.379999,24.150000,24.233334,20.554935,30936300
2016-08-23,24.296667,24.356667,23.986668,23.990000,20.348534,28174200
2016-08-24,23.990000,24.250000,23.920000,24.076668,20.422050,30152100
2016-08-25,24.123333,24.193333,23.683332,23.740000,20.136480,31542600
2016-08-26,23.803333,23.896667,23.629999,23.713333,20.113865,30115500
2016-08-29,23.713333,23.886667,23.700001,23.799999,20.187378,22404300
2016-08-30,23.799999,23.920000,23.716667,23.770000,20.161926,17322600
2016-08-31,23.820000,23.879999,23.716667,23.813334,20.198685,18934800
2016-09-01,23.856667,24.286667,23.803333,24.280001,20.594515,35284200
2016-09-02,24.330000,24.396667,24.139999,24.166668,20.498384,24248700
2016-09-06,24.253332,24.360001,24.066668,24.333332,20.639753,28712700
2016-09-07,24.333332,24.350000,24.003332,24.020000,20.373980,28854900
2016-09-08,23.963333,24.106667,23.903334,23.943333,20.308956,28983600
2016-09-09,23.773333,23.836666,23.433332,23.433332,19.876362,36517800
2016-09-12,23.596666,24.080000,23.573334,23.980000,20.340059,32592000
2016-09-13,23.946667,23.969999,23.716667,23.820000,20.204336,22523700
2016-09-14,23.873333,24.020000,23.799999,23.840000,20.221302,20941500
2016-09-15,23.826668,24.186666,23.753332,24.133333,20.470110,21886800
2016-09-16,24.106667,24.320000,24.073334,24.290001,20.602995,41807100
2016-09-19,24.213333,24.290001,24.030001,24.030001,20.382467,20762100
2016-09-20,24.049999,24.183332,23.966667,23.990000,20.348534,17731800
2016-09-21,24.059999,24.180000,23.836666,24.063334,20.410738,20027700
2016-09-22,24.143333,24.180000,23.996668,24.090000,20.433359,17615700
2016-09-23,24.200001,24.256666,24.113333,24.116667,20.455975,23089200
2016-09-26,24.103333,24.110001,23.840000,23.873333,20.249573,17846100
2016-09-27,23.976667,24.163334,23.860001,24.110001,20.450315,19033200
2016-09-28,24.073334,24.106667,23.793333,23.930000,20.297647,18554700
2016-09-29,23.856667,23.903334,23.540001,23.576668,19.997944,23990400
2016-09-30,23.833332,24.153334,23.799999,24.040001,20.390947,29947800
2016-10-03,23.943333,24.049999,23.866667,24.003332,20.359842,17573100
2016-10-04,24.000000,24.190001,23.850000,23.916668,20.286331,19707900
2016-10-05,23.956667,24.090000,23.866667,23.889999,20.263710,19393200
2016-10-06,23.889999,23.889999,22.963333,23.120001,19.610590,60330900
2016-10-07,23.086666,23.156668,22.723333,22.900000,19.423986,37961400
2016-10-10,22.916668,22.986668,22.583332,22.660000,19.220421,26965200
2016-10-11,22.650000,22.653334,22.433332,22.463333,19.053606,25774500
2016-10-12,22.580000,22.636667,22.456667,22.486668,19.073397,26822100
2016-10-13,22.396667,22.846666,22.356667,22.743334,19.291103,27581400
2016-10-14,22.806667,22.936666,22.736668,22.816668,19.353308,19248000
2016-10-17,22.883333,22.883333,22.600000,22.740000,19.288275,22480200
2016-10-18,22.856667,22.993334,22.743334,22.956667,19.472055,23573100
2016-10-19,23.073334,23.113333,22.896667,22.963333,19.477711,21369900
2016-10-20,22.993334,23.026667,22.856667,22.910000,19.432470,18882000
2016-10-21,22.780001,22.876667,22.663334,22.780001,19.322199,23533800
2016-10-24,22.873333,23.123333,22.796667,23.063334,19.562532,21490800
2016-10-25,23.003332,23.290001,23.000000,23.120001,19.610590,22889100
2016-10-26,23.100000,23.270000,23.046667,23.196667,19.675625,15151500
2016-10-27,23.200001,23.333332,23.129999,23.276667,19.743481,21394800
2016-10-28,23.266666,23.403334,23.243334,23.330000,19.788719,20858700
2016-10-31,23.353333,23.389999,23.283333,23.340000,19.797199,19167000
2016-11-01,23.326668,23.353333,23.046667,23.100000,19.593626,26515800
2016-11-02,23.066668,23.323334,23.066668,23.150000,19.636036,22935900
2016-11-03,23.209999,23.360001,23.116667,23.209999,19.686932,20411700
2016-11-04,23.236668,23.313334,23.043333,23.053333,19.554049,21786300
2016-11-07,23.206667,23.280001,23.053333,23.260000,19.729347,29266200
2016-11-08,23.236668,23.346666,23.156668,23.263332,19.732168,22863900
2016-11-09,23.100000,23.833332,23.096666,23.700001,20.102551,50338500
2016-11-10,23.750000,24.030001,23.666668,23.796667,20.184551,42963900
2016-11-11,23.703333,23.760000,23.533333,23.743334,20.139307,24671700
2016-11-14,23.719999,23.770000,23.396667,23.496668,19.930090,38752500
2016-11-15,23.596666,23.806667,23.450001,23.806667,20.193029,29175300
2016-11-16,23.916668,24.020000,23.776667,23.796667,20.184551,33577200
2016-11-17,23.026667,23.173332,22.706667,23.063334,19.562532,70320900
2016-11-18,22.976667,23.133333,22.813334,22.846666,19.378748,33405900
2016-11-21,22.846666,23.133333,22.806667,23.123333,19.613420,25068000
2016-11-22,23.243334,23.473333,23.243334,23.373333,19.825474,32952000
2016-11-23,23.406668,23.629999,23.393333,23.610001,20.026218,22196700
2016-11-25,23.703333,23.883333,23.660000,23.743334,20.139307,12703200
2016-11-28,23.643333,23.840000,23.600000,23.730000,20.128000,21297600
2016-11-29,23.793333,23.930000,23.733334,23.790001,20.178890,21930300
2016-11-30,23.639999,23.719999,23.389999,23.476667,19.913126,27978300
2016-12-01,23.416668,23.576668,23.350000,23.556667,19.980980,20549400
2016-12-02,23.526667,23.650000,23.483334,23.626667,20.040352,20022600
2016-12-05,23.633333,23.663334,23.270000,23.313334,19.774584,31583700
2016-12-06,23.336666,23.463333,23.166668,23.453333,19.893330,23334000
2016-12-07,23.309999,23.549999,23.299999,23.533333,20.104050,20898600
2016-12-08,23.493334,23.633333,23.440001,23.446667,20.030014,20532600
2016-12-09,23.423332,23.476667,23.246668,23.360001,19.955975,32270100
2016-12-12,23.356667,23.926666,23.340000,23.889999,20.408741,27252300
2016-12-13,23.889999,24.076668,23.870001,23.933332,20.445766,26662500
2016-12-14,23.966667,24.160000,23.726667,23.780001,20.314779,26008200
2016-12-15,23.740000,23.933332,23.676666,23.693333,20.240734,21408900
2016-12-16,23.690001,23.879999,23.533333,23.660000,20.212255,53534400
2016-12-19,23.613333,23.916668,23.613333,23.860001,20.383116,17667900
2016-12-20,23.910000,23.976667,23.836666,23.940001,20.451462,18324300
2016-12-21,23.886667,24.000000,23.746668,23.746668,20.286301,15303000
2016-12-22,23.746668,23.746668,23.070000,23.196667,19.816441,36320400
2016-12-23,23.143333,23.250000,23.120001,23.180000,19.802206,14411700
2016-12-27,23.100000,23.273333,23.083332,23.233334,19.847765,13307100
2016-12-28,23.313334,23.333332,23.086666,23.103333,19.736715,14627100
2016-12-29,23.070000,23.173332,23.040001,23.086666,19.722477,12895200
2016-12-30,23.040001,23.143333,22.943333,23.040001,19.682604,20668500
2017-01-03,23.080000,23.080000,22.683332,22.886667,19.551619,31419600
2017-01-04,22.886667,23.209999,22.866667,23.020000,19.665522,23754000
2017-01-05,22.809999,23.110001,22.706667,23.070000,19.708233,21297600
2017-01-06,22.803333,22.833332,22.670000,22.753332,19.437708,28473300
2017-01-09,22.776667,22.933332,22.773333,22.903334,19.565853,26055600
2017-01-10,22.879999,23.090000,22.740000,22.743334,19.429174,30769500
2017-01-11,22.733334,22.873333,22.730000,22.843332,19.514591,20092800
2017-01-12,22.786667,22.853333,22.639999,22.656668,19.355139,19634700
2017-01-13,22.660000,22.673332,22.360001,22.376667,19.115936,30037500
2017-01-17,22.700001,23.096666,22.686666,22.806667,19.483273,39502500
2017-01-18,22.626667,22.703333,22.513332,22.703333,19.395000,21964500
2017-01-19,22.709999,22.730000,22.493334,22.540001,19.255470,20463300
2017-01-20,22.580000,22.610001,22.340000,22.393333,19.130169,36164100
2017-01-23,22.336666,22.393333,22.186666,22.216667,18.979258,23854200
2017-01-24,22.296667,22.469999,22.219999,22.466667,19.192820,32131800
2017-01-25,22.506666,22.576668,22.263332,22.296667,19.047592,26168700
2017-01-26,22.376667,22.406668,22.206667,22.243334,19.002022,19512300
2017-01-27,22.286667,22.323334,21.760000,21.886667,18.697338,40300800
2017-01-30,21.876667,22.160000,21.876667,22.139999,18.913755,25924500
2017-01-31,22.070000,22.296667,21.959999,22.246668,19.004881,27962700
2017-02-01,22.153334,22.236668,22.013332,22.076668,18.859650,27150000
2017-02-02,22.113333,22.379999,22.113333,22.233334,18.993492,26996100
2017-02-03,22.273333,22.309999,22.146667,22.166668,18.936539,22875900
2017-02-06,22.123333,22.286667,22.123333,22.133333,18.908052,27291600
2017-02-07,22.186666,22.333332,22.170000,22.296667,19.047592,17417100
2017-02-08,22.296667,22.606667,22.296667,22.603333,19.309574,22982400
2017-02-09,22.603333,23.046667,22.583332,23.026667,19.671211,33241500
2017-02-10,22.750000,22.866667,22.586666,22.673332,19.369371,37336800
2017-02-13,22.773333,22.883333,22.520000,22.590000,19.298183,25122900
2017-02-14,22.626667,22.893333,22.570000,22.886667,19.551619,25386900
2017-02-15,22.600000,22.903334,22.586666,22.896667,19.560158,25689900
2017-02-16,22.889999,23.080000,22.870001,22.956667,19.611422,25241400
2017-02-17,22.943333,23.263332,22.896667,23.123333,19.753796,38512200
2017-02-21,23.736668,24.093332,23.566668,23.816668,20.346098,67238700
2017-02-22,24.083332,24.123333,23.826668,23.903334,20.420137,45728100
2017-02-23,24.000000,24.166668,23.719999,23.770000,20.306229,38399100
2017-02-24,23.780001,24.266666,23.766666,24.129999,20.613771,41669700
2017-02-27,24.093332,24.139999,23.843332,23.913334,20.428680,27764100
2017-02-28,23.623333,23.666668,23.333332,23.643333,20.198021,47857800
2017-03-01,23.656668,23.693333,23.383333,23.483334,20.061338,40568100
2017-03-02,23.473333,23.633333,23.389999,23.586666,20.149616,26748900
2017-03-03,23.586666,23.673332,23.293333,23.343332,19.941736,27893700
2017-03-06,23.333332,23.480000,23.260000,23.293333,19.899029,27547800
2017-03-07,23.299999,23.403334,23.286667,23.290001,19.896185,21848700
2017-03-08,23.230000,23.343332,23.180000,23.266666,20.022390,23939400
2017-03-09,23.250000,23.346666,23.186666,23.286667,20.039600,22693500
2017-03-10,23.333332,23.453333,23.266666,23.366667,20.108446,21296400
2017-03-13,23.330000,23.483334,23.236668,23.316668,20.065416,20407500
2017-03-14,23.606667,23.736668,23.573334,23.573334,20.286297,29875200
2017-03-15,23.500000,23.566668,23.340000,23.526667,20.246140,26441400
2017-03-16,23.370001,23.566668,23.356667,23.480000,20.205975,21183000
2017-03-17,23.526667,23.583332,23.270000,23.296667,20.048212,42235200
2017-03-20,23.379999,23.483334,23.236668,23.326668,20.074028,22398600
2017-03-21,23.389999,23.466667,23.230000,23.299999,20.051081,26240400
2017-03-22,23.343332,23.446667,23.240000,23.416668,20.151478,19366800
2017-03-23,23.400000,23.436666,23.250000,23.286667,20.039600,20696400
2017-03-24,23.330000,23.389999,23.176666,23.203333,19.967890,17577000
2017-03-27,23.173332,23.356667,23.120001,23.219999,19.982229,17377800
2017-03-28,23.110001,23.456667,23.110001,23.440001,20.171555,21756600
2017-03-29,23.450001,23.726667,23.436666,23.580000,20.292036,20973000
2017-03-30,23.563334,23.906668,23.546667,23.863333,20.535860,24424500
2017-03-31,23.773333,24.186666,23.743334,24.026667,20.676411,29819400
2017-04-03,24.026667,24.176666,23.926666,23.943333,20.604708,24873900
2017-04-04,23.913334,24.020000,23.843332,24.003332,20.656338,16701900
2017-04-05,23.879999,24.103333,23.853333,23.883333,20.553074,19063500
2017-04-06,23.900000,24.033333,23.793333,23.809999,20.489969,17823300
2017-04-07,24.033333,24.330000,23.933332,24.299999,20.911636,32304000
2017-04-10,24.330000,24.493334,24.243334,24.353333,20.957537,22487700
2017-04-11,24.333332,24.483334,24.309999,24.476667,21.063671,17431500
2017-04-12,24.516666,24.610001,24.416668,24.480000,21.066538,19881900
2017-04-13,24.456667,24.553333,24.383333,24.383333,20.983353,16009200
2017-04-17,24.386667,24.526667,24.383333,24.496668,21.080883,16396200
2017-04-18,24.513332,24.700001,24.493334,24.629999,21.195618,19883700
2017-04-19,24.700001,24.793333,24.620001,24.690001,21.247257,17821800
2017-04-20,24.713333,25.036667,24.703333,24.933332,21.456657,23043900
2017-04-21,24.913334,25.036667,24.866667,24.980000,21.496824,17267100
2017-04-24,25.026667,25.133333,24.806667,24.926666,21.450916,23437500
2017-04-25,24.990000,25.056667,24.953333,25.016666,21.528374,17161200
2017-04-26,25.090000,25.256666,25.056667,25.143333,21.637375,20845500
2017-04-27,25.180000,25.233334,25.006666,25.146667,21.640247,18156600
2017-04-28,25.080000,25.146667,24.976667,25.059999,21.565664,21991200
2017-05-01,25.030001,25.240000,25.030001,25.076668,21.580013,18497700
2017-05-02,25.100000,25.236668,25.083332,25.173332,21.663197,21955200
2017-05-03,25.133333,25.293333,25.059999,25.253332,21.732040,16570800
2017-05-04,25.309999,25.466667,25.276667,25.446667,21.898415,16502400
2017-05-05,25.473333,25.533333,25.393333,25.500000,21.944311,16793400
2017-05-08,25.500000,25.506666,25.356667,25.373333,21.835300,19536600
2017-05-09,25.480000,25.683332,25.443333,25.573334,22.007418,24765900
2017-05-10,25.443333,25.593332,25.396667,25.566668,22.148926,22535700
2017-05-11,25.450001,25.573334,25.309999,25.376667,21.984318,25048200
2017-05-12,25.316668,25.416668,25.123333,25.236668,21.863035,17678700
2017-05-15,25.266666,25.490000,25.266666,25.430000,22.030518,26531700
2017-05-16,25.396667,25.423332,25.026667,25.036667,21.689772,25115400
2017-05-17,25.036667,25.243334,24.986668,25.040001,21.692656,32913000
2017-05-18,25.629999,25.886667,25.376667,25.846666,22.391485,57500400
2017-05-19,25.990000,26.480000,25.923332,26.256666,22.746683,55745100
2017-05-22,26.216667,26.333332,26.100000,26.183332,22.683151,26692800
2017-05-23,26.193333,26.323334,26.146667,26.163334,22.665821,22754700
2017-05-24,26.186666,26.203333,26.046667,26.049999,22.567638,22281000
2017-05-25,26.120001,26.283333,26.049999,26.103333,22.613842,18405000
2017-05-26,26.123333,26.180000,25.930000,26.043333,22.561865,18377400
2017-05-30,26.000000,26.133333,25.976667,26.049999,22.567638,16231200
2017-05-31,26.116667,26.306667,26.073334,26.200001,22.697590,24605100
2017-06-01,26.213333,26.603333,26.200001,26.603333,23.046997,24459300
2017-06-02,26.600000,26.643333,26.406668,26.540001,22.992138,23989500
2017-06-05,26.533333,26.823334,26.493334,26.753332,23.176952,30437100
2017-06-06,26.476667,26.520000,26.086666,26.309999,22.792881,34577700
2017-06-07,26.360001,26.500000,26.243334,26.383333,22.856417,25533600
2017-06-08,26.383333,26.709999,26.076668,26.309999,22.792881,32799000
2017-06-09,26.343332,26.520000,26.240000,26.473333,22.934385,28215300
2017-06-12,26.466667,26.790001,26.280001,26.413334,22.882404,31231800
2017-06-13,26.403334,26.523333,26.296667,26.506666,22.963264,16584000
2017-06-14,26.506666,26.680000,26.420000,26.633333,23.072990,15019500
2017-06-15,26.393333,26.433332,25.920000,26.303333,22.787109,33891600
2017-06-16,24.650000,25.166668,24.430000,25.080000,21.727312,168699000
2017-06-19,25.126667,25.336666,24.840000,25.166668,21.802387,48285300
2017-06-20,25.293333,25.306667,25.106667,25.180000,21.813940,30057600
2017-06-21,25.200001,25.536667,25.193333,25.413334,22.016083,27034200
2017-06-22,25.343332,25.353333,25.100000,25.173332,21.808168,24333900
2017-06-23,25.200001,25.260000,24.850000,24.946667,21.611807,39240900
2017-06-26,24.983334,25.309999,24.973333,25.166668,21.802387,25762500
2017-06-27,25.166668,25.456667,25.150000,25.336666,21.949663,19363200
2017-06-28,25.416668,25.600000,25.379999,25.503332,22.094049,20966700
2017-06-29,25.416668,25.440001,25.163334,25.309999,21.926565,21190500
2017-06-30,25.360001,25.423332,25.223333,25.226667,21.854368,20889900
2017-07-03,25.280001,25.446667,25.026667,25.120001,21.761961,14545800
2017-07-05,25.183332,25.316668,25.056667,25.106667,21.750414,18110700
2017-07-06,25.116667,25.323334,25.080000,25.156668,21.793728,18485400
2017-07-07,25.216667,25.273333,25.016666,25.110001,21.753300,15921300
2017-07-10,25.049999,25.103333,24.376667,24.410000,21.146877,45200100
2017-07-11,24.459999,24.683332,24.443333,24.490000,21.216183,22597800
2017-07-12,24.553333,24.736668,24.553333,24.646667,21.351910,17100600
2017-07-13,24.889999,25.083332,24.836666,25.016666,21.672443,24481500
2017-07-14,25.423332,25.520000,25.303333,25.446667,22.044962,27455700
2017-07-17,25.430000,25.623333,25.396667,25.456667,22.053627,26506800
2017-07-18,25.416668,25.513332,25.333332,25.400000,22.004530,12944700
2017-07-19,25.360001,25.406668,25.200001,25.290001,21.909237,15940800
2017-07-20,25.326668,25.416668,25.233334,25.340000,21.952557,14896200
2017-07-21,25.280001,25.410000,25.183332,25.383333,21.990089,21459900
2017-07-24,25.343332,25.719999,25.343332,25.629999,22.203783,22164000
2017-07-25,25.870001,26.286667,25.796667,26.173332,22.674486,34512000
2017-07-26,26.183332,26.389999,25.980000,26.299999,22.784218,20148300
2017-07-27,26.240000,26.620001,26.160000,26.593332,23.038334,24157500
2017-07-28,26.600000,26.653334,26.513332,26.603333,23.046997,14925600
2017-07-31,26.606667,26.780001,26.563334,26.663334,23.098988,18789600
2017-08-01,26.750000,26.910000,26.666668,26.833332,23.246256,17179500
2017-08-02,26.780001,27.036667,26.766666,26.843332,23.254919,26019000
2017-08-03,27.113333,27.253332,26.889999,26.956667,23.353100,29840700
2017-08-04,27.020000,27.133333,26.736668,26.826668,23.240484,21425400
2017-08-07,26.856667,27.150000,26.846666,27.093332,23.471498,16453500
2017-08-08,27.056667,27.286667,26.966667,27.196667,23.561020,22144200
2017-08-09,27.036667,27.330000,26.966667,27.203333,23.715038,19819500
2017-08-10,27.023333,27.133333,26.850000,26.886667,23.438974,24135000
2017-08-11,26.910000,27.083332,26.786667,26.799999,23.363419,23716500
2017-08-14,26.863333,27.080000,26.833332,26.900000,23.450596,23376000
2017-08-15,26.943333,27.133333,26.846666,26.923332,23.470936,21198300
2017-08-16,27.090000,27.146667,26.846666,26.993334,23.531963,34608000
2017-08-17,26.283333,26.603333,26.110001,26.566668,23.160002,51881100
2017-08-18,26.540001,26.783333,26.426666,26.436666,23.046673,29259000
2017-08-21,26.373333,26.690001,26.263332,26.570000,23.162909,28841700
2017-08-22,26.600000,26.719999,26.570000,26.673332,23.252998,19638300
2017-08-23,26.783333,26.853333,26.626667,26.653334,23.235563,23397900
2017-08-24,26.870001,26.959999,25.950001,26.113333,22.764801,57384000
2017-08-25,26.166668,26.363333,26.160000,26.209999,22.849079,29706600
2017-08-28,26.136667,26.153334,25.953333,26.010000,22.674725,25864500
2017-08-29,25.889999,26.326668,25.833332,26.256666,22.889761,22995600
2017-08-30,26.273333,26.366667,26.173332,26.180000,22.822924,17489400
2017-08-31,26.200001,26.250000,26.020000,26.023333,22.686344,24584400
2017-09-01,26.103333,26.166668,26.070000,26.123333,22.773521,19423200
2017-09-05,25.983334,26.629999,25.966667,26.600000,23.189060,36205500
2017-09-06,26.626667,26.799999,26.573334,26.693333,23.270433,25278300
2017-09-07,26.773333,26.920000,26.666668,26.706667,23.282055,20462400
2017-09-08,26.580000,26.626667,25.910000,26.293333,22.921721,29998800
2017-09-11,26.383333,26.450001,26.219999,26.360001,22.979839,21000600
2017-09-12,26.433332,26.636667,26.389999,26.536667,23.133852,18015000
2017-09-13,26.536667,26.893333,26.530001,26.620001,23.206505,26471100
2017-09-14,26.596666,26.606667,26.406668,26.559999,23.154196,20817900
2017-09-15,26.603333,26.916668,26.423332,26.793333,23.357609,39953400
2017-09-18,26.736668,27.040001,26.650000,26.666668,23.247183,24528300
2017-09-19,26.726667,26.820000,26.566668,26.683332,23.261711,18523200
2017-09-20,26.723333,26.853333,26.623333,26.833332,23.392477,15954600
2017-09-21,26.856667,26.856667,26.573334,26.670000,23.250088,19290900
2017-09-22,26.629999,26.693333,26.416668,26.510000,23.110607,17265900
2017-09-25,26.306667,26.700001,26.286667,26.383333,23.000181,25643400
2017-09-26,26.346666,26.513332,26.306667,26.463333,23.069920,17505900
2017-09-27,26.473333,26.523333,26.223333,26.430000,23.040861,18943800
2017-09-28,26.333332,26.360001,26.040001,26.316668,22.942062,37118400
2017-09-29,26.283333,26.333332,25.993334,26.046667,22.706690,31060200
2017-10-02,25.966667,26.276667,25.833332,26.150000,22.796768,23127600
2017-10-03,26.276667,26.553333,26.250000,26.406668,23.020521,23810100
2017-10-04,26.423332,26.593332,26.356667,26.363333,22.982748,18520200
2017-10-05,26.389999,26.603333,26.360001,26.469999,23.075735,15416100
2017-10-06,26.260000,26.389999,26.083332,26.333332,22.956593,18740100
2017-10-09,26.500000,27.126667,26.466667,26.843332,23.401194,40479000
2017-10-10,27.559999,28.293333,27.536667,28.043333,24.447313,75372000
2017-10-11,28.193333,28.763332,28.033333,28.576668,24.912266,55683000
2017-10-12,28.566668,28.790001,28.353333,28.700001,25.019787,38631000
2017-10-13,28.746668,28.983334,28.746668,28.873333,25.170889,28167000
2017-10-16,28.860001,28.873333,28.340000,28.580000,24.915167,27900900
2017-10-17,28.500000,28.786667,28.440001,28.660000,24.984909,17554500
2017-10-18,28.716667,28.790001,28.670000,28.740000,25.054647,16416300
2017-10-19,28.716667,28.886667,28.590000,28.799999,25.106953,21087000
2017-10-20,28.866667,29.150000,28.760000,29.146667,25.409170,22853400
2017-10-23,29.113333,29.639999,29.086666,29.549999,25.760780,31758000
2017-10-24,29.563334,29.600000,29.303333,29.326668,25.566093,23102700
2017-10-25,29.283333,29.533333,29.143333,29.493334,25.711384,19224000
2017-10-26,29.553333,29.703333,29.340000,29.540001,25.752071,19454700
2017-10-27,29.379999,29.463333,29.049999,29.389999,25.621298,19851000
2017-10-30,29.313334,29.316668,28.796667,28.983334,25.266777,21156000
2017-10-31,28.953333,29.153334,28.866667,29.103333,25.371391,18020700
2017-11-01,29.023333,29.466667,29.000000,29.313334,25.554466,18528300
2017-11-02,29.426666,29.723333,29.266666,29.600000,25.804379,15549300
2017-11-03,29.673332,29.959999,29.586666,29.893333,26.060095,19536300
2017-11-06,29.806667,29.893333,29.559999,29.566668,25.775309,15772200
2017-11-07,29.623333,29.686666,29.436666,29.650000,25.847961,16047900
2017-11-08,29.703333,30.139999,29.700001,30.086666,26.228634,20302500
2017-11-09,29.980000,30.190001,29.783333,30.100000,26.240261,20713500
2017-11-10,30.080000,30.563334,30.066668,30.306667,26.420425,22943400
2017-11-13,30.346666,30.660000,30.290001,30.330000,26.440767,25474800
2017-11-14,30.233334,30.400000,30.059999,30.363333,26.469824,29502300
2017-11-15,30.113333,30.283333,29.883333,29.943333,26.103682,25300200
2017-11-16,31.706667,33.226665,31.573334,33.206669,28.948563,114367200
2017-11-17,33.080002,33.376667,32.193333,32.490002,28.323788,70726500
2017-11-20,32.146667,32.546665,31.920000,32.493332,28.326693,49182900
2017-11-21,32.580002,32.639999,32.106667,32.173332,28.047729,38239500
2017-11-22,32.216667,32.270000,32.036667,32.136665,28.015760,26754600
2017-11-24,32.290001,32.410000,32.176666,32.206669,28.076786,13488300
2017-11-27,32.283333,32.549999,32.099998,32.206669,28.076786,26714700
2017-11-28,32.196667,32.296665,31.940001,32.256668,28.120373,26128800
2017-11-29,32.406666,32.753334,32.293331,32.520000,28.349941,34272000
2017-11-30,32.696667,32.813332,32.169998,32.410000,28.254044,38564100
2017-12-01,32.536667,32.570000,32.076668,32.450001,28.288914,24888600
2017-12-04,32.576668,32.653332,32.226665,32.336666,28.190109,26869500
2017-12-05,32.333332,32.646667,32.306667,32.610001,28.428398,27030300
2017-12-06,32.663334,32.713333,32.413334,32.426666,28.268574,21423000
2017-12-07,32.353333,32.526669,32.216667,32.259998,28.271500,22507800
2017-12-08,32.099998,32.233334,32.046665,32.183334,28.204306,17463300
2017-12-11,32.320000,32.423332,32.096668,32.310001,28.315317,26786700
2017-12-12,32.283333,32.413334,32.200001,32.233334,28.248125,23431800
2017-12-13,32.220001,32.636665,32.183334,32.586666,28.557774,23638200
2017-12-14,32.666668,32.856667,32.366669,32.376667,28.373741,28157400
2017-12-15,32.570000,32.830002,32.303333,32.369999,28.367891,48428400
2017-12-18,32.459999,32.723331,32.453335,32.633331,28.598667,23893200
2017-12-19,33.303333,33.303333,32.763332,32.933334,28.861576,36036600
2017-12-20,33.150002,33.216667,32.816666,32.916668,28.846975,32189400
2017-12-21,33.000000,33.110001,32.660000,32.686668,28.645411,22107300
2017-12-22,32.763332,32.806667,32.560001,32.736668,28.689228,16436100
2017-12-26,32.783333,33.146667,32.783333,33.053333,28.966743,12887700
2017-12-27,33.186668,33.200001,32.943333,33.086666,28.995964,15422400
2017-12-28,33.173332,33.206669,33.040001,33.133331,29.036852,29291700
2017-12-29,33.133331,33.230000,32.916668,32.916668,28.846975,21432900
2018-01-02,33.099998,33.263332,32.840000,32.863335,28.800241,30451500
2018-01-03,32.950001,33.333332,32.923332,33.150002,29.051458,26710800
2018-01-04,33.180000,33.259998,32.970001,33.180000,29.077753,20491200
2018-01-05,33.213333,33.459999,33.203335,33.376667,29.250097,21852000
2018-01-08,33.416668,33.916668,33.403332,33.869999,29.682449,26531700
2018-01-09,34.009998,34.116669,33.436668,33.463333,29.326052,21938100
2018-01-10,33.250000,33.296665,32.843334,33.223331,29.115726,23791200
2018-01-11,33.233334,33.483334,32.926666,33.340000,29.217974,19613100
2018-01-12,33.463333,33.813332,33.433334,33.623333,29.466272,20853600
2018-01-16,33.779999,33.970001,33.446667,33.563332,29.413685,21512100
2018-01-17,33.716667,34.313332,33.566666,34.233334,30.000854,26045700
2018-01-18,34.913334,34.980000,34.540001,34.766666,30.468245,36923700
2018-01-19,34.880001,34.976665,34.553333,34.863335,30.552963,25135800
2018-01-22,34.833332,35.150002,34.680000,35.150002,30.804184,21924900
2018-01-23,35.096668,35.383331,34.856667,35.299999,30.935637,24863400
2018-01-24,35.450001,35.480000,34.939999,35.263332,30.903505,20469300
2018-01-25,35.283333,35.603333,35.283333,35.533333,31.140131,17571300
2018-01-26,35.666668,36.136665,35.560001,36.130001,31.663023,20358900
2018-01-29,36.036667,36.660000,35.996666,36.516666,32.001888,25065600
2018-01-30,36.380001,36.453335,35.716667,35.910000,31.470217,27541500
2018-01-31,35.923332,36.060001,35.356667,35.533333,31.140131,29438400
2018-02-01,35.320000,35.520000,35.060001,35.173332,30.824636,19160400
2018-02-02,35.049999,35.490002,34.716667,34.826668,30.520828,27759300
2018-02-05,34.466667,34.869999,32.363335,33.363335,29.238420,37684800
2018-02-06,32.546665,33.693333,32.416668,33.633331,29.475031,49241400
2018-02-07,33.500000,34.863335,33.336666,34.283333,30.044666,33495600
2018-02-08,34.410000,34.493332,33.333332,33.340000,29.217974,41925300
2018-02-09,33.509998,33.700001,32.143333,33.123333,29.028091,42553800
2018-02-12,33.376667,33.483334,32.933334,33.183334,29.080669,27405300
2018-02-13,33.110001,33.740002,33.110001,33.660000,29.498405,19868400
2018-02-14,33.619999,34.083332,33.403332,33.900002,29.708735,21922800
2018-02-15,34.183334,34.546665,33.943333,34.410000,30.155676,22484700
2018-02-16,34.363335,34.980000,33.993332,34.926666,30.608458,48192900
2018-02-20,32.330002,32.646667,31.366667,31.370001,27.491529,156265500
2018-02-21,31.703333,31.780001,30.413334,30.506666,26.734934,148511100
2018-02-22,30.476667,31.129999,30.436666,30.923332,27.100088,61095000
2018-02-23,30.959999,31.163334,30.586666,30.963333,27.135147,38374500
2018-02-26,30.966667,31.266666,30.740000,31.040001,27.202333,44097900
2018-02-27,31.209999,31.240000,30.503332,30.506666,26.734934,40128300
2018-02-28,30.666668,30.700001,30.000000,30.003332,26.293833,42431100
2018-03-01,30.056667,30.059999,29.236668,29.693333,26.022160,56728800
2018-03-02,29.090000,29.633333,29.080000,29.590000,25.931602,57130200
2018-03-05,29.379999,30.166668,29.356667,29.993334,26.285069,40149600
2018-03-06,30.116667,30.166668,29.543333,29.686666,26.016319,33164100
2018-03-07,29.326668,29.510000,29.113333,29.246668,25.630718,34359000
2018-03-08,29.256666,29.376667,29.113333,29.306667,25.836430,28766100
2018-03-09,29.413334,29.573334,29.176666,29.573334,26.071512,29263200
2018-03-12,29.566668,29.813334,29.293333,29.356667,25.880499,25422000
2018-03-13,29.463333,29.633333,29.326668,29.433332,25.948093,21519000
2018-03-14,29.503332,29.663334,29.166668,29.223333,25.762957,33121800
2018-03-15,29.226667,29.596666,28.633333,29.170000,25.715940,49845600
2018-03-16,29.240000,30.030001,29.166668,29.723333,26.203756,85188000
2018-03-19,29.636667,29.693333,29.033333,29.150000,25.698307,36160200
2018-03-20,29.286667,29.383333,29.123333,29.316668,25.845240,24774000
2018-03-21,29.296667,29.893333,29.226667,29.393333,25.912830,35508000
2018-03-22,29.176666,29.423332,28.996668,29.046667,25.607208,36744600
2018-03-23,29.116667,29.230000,28.426666,28.473333,25.101767,30375300
2018-03-26,28.740000,29.230000,28.703333,29.166668,25.713005,27599400
2018-03-27,29.320000,29.346666,28.493334,28.683332,25.286900,19637400
2018-03-28,28.753332,29.413334,28.730000,29.256666,25.792345,34728900
2018-03-29,29.299999,29.780001,29.256666,29.656668,26.144976,27823800
2018-04-02,29.333332,29.413334,28.280001,28.516666,25.139969,57386700
2018-04-03,28.750000,28.983334,28.516666,28.933332,25.507296,29086500
2018-04-04,28.533333,29.166668,28.480000,29.073334,25.630714,19609800
2018-04-05,29.200001,29.450001,29.016666,29.270000,25.804100,19142700
2018-04-06,28.943333,29.299999,28.709999,28.896667,25.474974,19050000
2018-04-09,28.950001,29.150000,28.746668,28.760000,25.354490,25104300
2018-04-10,28.946667,29.033333,28.553333,28.816668,25.404449,27382200
2018-04-11,28.666668,28.953333,28.600000,28.636667,25.245752,18837000
2018-04-12,28.730000,28.943333,28.469999,28.476667,25.104706,20568900
2018-04-13,28.629999,28.756666,28.396667,28.673332,25.278084,22677600
2018-04-16,28.733334,29.216667,28.706667,28.946667,25.519049,21062100
2018-04-17,29.160000,29.389999,29.136667,29.299999,25.830544,20405700
2018-04-18,29.400000,29.520000,29.170000,29.190001,25.733570,17562000
2018-04-19,29.136667,29.346666,28.860001,29.296667,25.827608,19764900
2018-04-20,29.290001,29.459999,28.889999,28.993334,25.560194,24974700
2018-04-23,28.963333,29.026667,28.673332,28.700001,25.301598,22081500
2018-04-24,28.923332,28.969999,28.523333,28.843332,25.427952,25409100
2018-04-25,28.773333,29.233334,28.629999,29.056667,25.616030,20281200
2018-04-26,29.056667,29.440001,28.966667,29.313334,25.842299,17347500
2018-04-27,29.290001,29.299999,29.026667,29.096666,25.651293,16953300
2018-04-30,29.313334,29.886667,29.306667,29.486668,25.995108,26057700
2018-05-01,29.223333,29.336666,28.783333,29.136667,25.686562,20873100
2018-05-02,29.043333,29.083332,28.719999,28.780001,25.372124,18249000
2018-05-03,28.730000,28.763332,28.373333,28.743334,25.339796,20628300
2018-05-04,28.666668,29.366667,28.453333,29.176666,25.721817,20914500
2018-05-07,29.163334,29.166668,28.423332,28.490000,25.116457,32350800
2018-05-08,28.506666,28.616667,28.306667,28.580000,25.195805,19654200
2018-05-09,27.520000,27.893333,27.333332,27.686666,24.408249,96795600
2018-05-10,27.546667,27.923332,27.336666,27.563334,24.452604,47572800
2018-05-11,27.563334,27.840000,27.316668,27.793333,24.656645,29804400
2018-05-14,27.963333,28.263332,27.883333,28.129999,24.955320,28497600
2018-05-15,28.020000,28.293333,27.933332,28.173332,24.993759,27968700
2018-05-16,28.290001,28.709999,28.246668,28.709999,25.469868,41200800
2018-05-17,29.013332,29.196667,27.950001,28.163334,24.984894,89162100
2018-05-18,28.080000,28.146667,27.830000,27.879999,24.733536,36129300
2018-05-21,28.046667,28.180000,27.940001,28.170000,24.990807,32147100
2018-05-22,28.166668,28.270000,27.763332,27.790001,24.653698,24201900
2018-05-23,27.650000,27.673332,27.389999,27.670000,24.547232,28197600
2018-05-24,27.666668,27.666668,27.260000,27.616667,24.499920,25728600
2018-05-25,27.616667,27.780001,27.440001,27.486668,24.384598,17740500
2018-05-29,27.320000,27.506666,27.270000,27.466667,24.366850,25284600
2018-05-30,27.483334,28.076668,27.420000,28.040001,24.875473,27942300
2018-05-31,27.980000,28.103333,27.503332,27.513332,24.408247,34406100
2018-06-01,27.680000,27.806667,27.616667,27.663334,24.541325,15713700
2018-06-04,27.833332,28.506666,27.766666,28.473333,25.259905,32766000
2018-06-05,28.483334,28.490000,28.083332,28.206667,25.023342,24844200
2018-06-06,28.316668,28.383333,28.116667,28.186666,25.005592,22088400
2018-06-07,28.260000,28.586666,28.230000,28.316668,25.120924,23117100
2018-06-08,28.260000,28.396667,28.046667,28.120001,24.946447,22807200
2018-06-11,28.136667,28.180000,27.930000,28.100000,24.928703,18756900
2018-06-12,28.106667,28.196667,27.823334,28.033333,24.869564,24185100
2018-06-13,27.963333,28.123333,27.950001,28.030001,24.866602,19075200
2018-06-14,28.073334,28.270000,27.889999,27.930000,24.777897,22552200
2018-06-15,27.833332,27.996668,27.686666,27.900000,24.751270,37509000
2018-06-18,27.683332,27.856667,27.606667,27.666668,24.544277,25506900
2018-06-19,27.533333,27.873333,27.456667,27.870001,24.724665,28057500
2018-06-20,27.903334,27.940001,27.719999,27.870001,24.724665,23899800
2018-06-21,27.799999,28.183332,27.633333,28.070000,24.902096,24276000
2018-06-22,28.153334,28.283333,28.033333,28.273333,25.082474,32439000
2018-06-25,28.196667,28.866667,28.160000,28.823334,25.570412,47818500
2018-06-26,28.843332,29.016666,28.586666,28.660000,25.425505,30378600
2018-06-27,28.633333,29.163334,28.516666,28.963333,25.694605,30899100
2018-06-28,28.950001,29.096666,28.563334,28.620001,25.390020,25401000
2018-06-29,28.633333,28.733334,28.506666,28.549999,25.327921,24766800
2018-07-02,28.549999,28.646667,27.799999,28.000000,24.839991,24375300
2018-07-03,28.030001,28.350000,28.030001,28.146667,24.970102,13188600
2018-07-05,28.313334,28.526667,28.090000,28.190001,25.008547,16102500
2018-07-06,28.066668,28.290001,27.940001,28.170000,24.990807,16841100
2018-07-09,28.333332,28.823334,28.256666,28.643333,25.410721,19726200
2018-07-10,28.643333,29.110001,28.626667,29.070000,25.789232,18145200
2018-07-11,29.020000,29.049999,28.796667,28.843332,25.588150,16787700
2018-07-12,28.980000,29.136667,28.740000,28.840000,25.585192,14665800
2018-07-13,28.840000,29.330000,28.833332,29.233334,25.934135,19165800
2018-07-16,29.206667,29.240000,28.943333,29.213333,25.916391,13341600
2018-07-17,29.133333,29.566668,29.133333,29.396667,26.079033,17734500
2018-07-18,29.443333,29.730000,29.313334,29.356667,26.043547,15136500
2018-07-19,29.286667,29.493334,29.136667,29.240000,25.940050,14649300
2018-07-20,29.133333,29.389999,29.066668,29.353333,26.040594,14445300
2018-07-23,29.216667,29.383333,29.126667,29.209999,25.913431,12450000
2018-07-24,29.373333,29.500000,29.203333,29.320000,26.011015,16768500
2018-07-25,29.090000,29.340000,29.036667,29.299999,25.993273,17427300
2018-07-26,29.500000,29.809999,29.393333,29.410000,26.090868,19644900
2018-07-27,29.546667,29.626667,29.343332,29.376667,26.061295,14038200
2018-07-30,29.333332,29.646667,29.296667,29.626667,26.283075,18032100
2018-07-31,29.666668,29.886667,29.600000,29.743334,26.386580,20124300
2018-08-01,29.620001,29.709999,29.293333,29.413334,26.093815,15150000
2018-08-02,29.313334,29.613333,29.206667,29.586666,26.247597,12918300
2018-08-03,29.730000,30.093332,29.666668,29.866667,26.495989,17241600
2018-08-06,29.770000,29.993334,29.709999,29.889999,26.516691,13954800
2018-08-07,29.943333,30.120001,29.883333,29.923332,26.546268,13580100
2018-08-08,29.990000,30.076668,29.790001,30.016666,26.629063,15123300
2018-08-09,29.820000,29.876667,29.586666,29.670000,26.474401,14183700
2018-08-10,29.566668,30.123333,29.549999,30.059999,26.822390,24734700
2018-08-13,30.066668,30.180000,29.790001,29.879999,26.661781,17637600
2018-08-14,29.879999,30.373333,29.876667,30.283333,27.021673,17510400
2018-08-15,30.083332,30.136667,29.889999,30.073334,26.834291,25850700
2018-08-16,33.369999,33.403332,32.636665,32.880001,29.338663,127893900
2018-08-17,32.590000,33.223331,32.536667,32.616669,29.103689,49389900
2018-08-20,32.556667,32.763332,31.983334,32.000000,28.553450,38037900
2018-08-21,31.986668,32.119999,31.786667,32.026669,28.577248,31593900
2018-08-22,32.066666,32.283333,31.743334,31.889999,28.455296,23297100
2018-08-23,31.833332,31.953333,31.686666,31.726667,28.309549,18289200
2018-08-24,31.696667,31.886667,31.450001,31.650000,28.241142,25782900
2018-08-27,31.753332,31.870001,31.430000,31.513332,28.119196,21120900
2018-08-28,31.590000,32.116669,31.510000,32.023335,28.574270,29949000
2018-08-29,32.093334,32.276669,31.843332,31.879999,28.446371,23588400
2018-08-30,31.833332,32.166668,31.816668,32.033333,28.583185,21176100
2018-08-31,32.063332,32.146667,31.703333,31.953333,28.511806,18974100
2018-09-04,31.933332,32.090000,31.746668,31.786667,28.363089,24842100
2018-09-05,31.889999,32.276669,31.786667,32.206669,28.737858,28423800
2018-09-06,32.176666,32.240002,32.003334,32.150002,28.687298,18452400
2018-09-07,31.933332,32.160000,31.879999,31.943333,28.502884,20017200
2018-09-10,32.036667,32.396667,32.029999,32.299999,28.821135,24997800
2018-09-11,32.423332,32.553333,32.163334,32.213333,28.743801,19390500
2018-09-12,32.086666,32.246666,31.976667,31.990000,28.544523,17700000
2018-09-13,31.773333,31.873333,31.636667,31.706667,28.291706,22958700
2018-09-14,31.510000,31.613333,31.450001,31.530001,28.134071,18958200
2018-09-17,31.583332,31.826668,31.456667,31.606667,28.202480,15989400
2018-09-18,31.486668,31.863333,31.383333,31.809999,28.383907,20279400
2018-09-19,31.856667,31.963333,31.626667,31.746668,28.327400,17025300
2018-09-20,31.783333,31.930000,31.650000,31.916668,28.479090,16656900
2018-09-21,31.973333,32.096668,31.876667,31.966667,28.523701,28590300
2018-09-24,31.813334,32.000000,31.620001,31.639999,28.232220,16011000
2018-09-25,31.996668,32.173332,31.663334,31.700001,28.285759,18579600
2018-09-26,31.700001,31.863333,31.506666,31.530001,28.134071,17755800
2018-09-27,31.396667,31.653334,31.273333,31.376667,27.997250,16090200
2018-09-28,31.426666,31.456667,31.230000,31.303333,27.931807,18918900
2018-10-01,31.430000,31.553333,31.346666,31.466667,28.077557,14982900
2018-10-02,31.309999,31.870001,31.283333,31.716667,28.300625,23263800
2018-10-03,31.833332,31.846666,31.346666,31.356667,27.979403,18982200
2018-10-04,31.356667,31.500000,31.066668,31.403334,28.021044,18135900
2018-10-05,31.286667,31.396667,30.963333,31.103333,27.753349,20080200
2018-10-08,31.083332,31.643333,31.006666,31.563334,28.163809,17287800
2018-10-09,31.879999,32.580002,31.730000,32.360001,28.874676,34796700
2018-10-10,32.200001,32.616669,31.900000,31.920000,28.482067,27008400
2018-10-11,31.936666,32.096668,31.200001,31.306667,27.934792,29779500
2018-10-12,31.586666,31.723333,31.223333,31.603333,28.199499,25661700
2018-10-15,31.500000,31.663334,31.273333,31.273333,27.905041,24916500
2018-10-16,31.566668,32.023335,31.446667,31.936666,28.496935,33725100
2018-10-17,31.726667,32.206669,31.633333,32.186668,28.720009,28618200
2018-10-18,32.133331,32.416668,31.913334,32.056667,28.604010,34195200
2018-10-19,32.000000,32.549999,32.000000,32.383331,28.895487,26852100
2018-10-22,32.446667,32.526669,32.246666,32.380001,28.892521,21368700
2018-10-23,32.166668,32.663334,32.036667,32.599998,29.088823,28217400
2018-10-24,32.500000,33.056667,32.426666,32.520000,29.017441,31094100
2018-10-25,32.669998,33.160000,32.333332,33.060001,29.499281,32211300
2018-10-26,32.936668,33.223331,32.673332,32.980000,29.427900,44776800
2018-10-29,33.169998,33.910000,33.029999,33.266666,29.683691,38118300
2018-10-30,33.403332,34.200001,33.353333,34.139999,30.462957,38125500
2018-10-31,34.163334,34.163334,33.373333,33.426666,29.826458,37064700
2018-11-01,33.320000,33.723331,33.240002,33.526669,29.915689,23205300
2018-11-02,33.626667,33.856667,33.436668,33.779999,30.141739,21909600
2018-11-05,33.730000,34.389999,33.543331,34.303333,30.608704,22850400
2018-11-06,34.180000,34.480000,34.016666,34.443333,30.733627,19106100
2018-11-07,34.553333,34.823334,34.349998,34.773335,31.028063,26017800
2018-11-08,34.776669,35.086666,34.676666,34.959999,31.194633,17884200
2018-11-09,35.000000,35.299999,34.936668,35.186668,31.396894,25351200
2018-11-12,35.166668,35.403332,34.549999,34.623333,30.894230,26829300
2018-11-13,34.556667,34.716667,34.180000,34.313332,30.617624,23870100
2018-11-14,34.333332,34.383331,33.669998,33.843334,30.198242,31445700
2018-11-15,34.106667,34.266666,32.873333,33.180000,29.606350,48247800
2018-11-16,32.939999,33.139999,32.306667,32.563332,29.056105,42705600
2018-11-19,32.646667,32.750000,32.143333,32.259998,28.785435,27643200
2018-11-20,31.660000,31.733334,31.200001,31.386667,28.006176,37861800
2018-11-21,31.453333,31.639999,31.103333,31.389999,28.009144,28052700
2018-11-23,31.376667,31.850000,31.376667,31.700001,28.285759,14670000
2018-11-26,31.896667,32.023335,31.580000,31.716667,28.300625,30103800
2018-11-27,31.663334,31.846666,31.469999,31.680000,28.267912,27126900
2018-11-28,31.816668,32.540001,31.683332,32.486668,28.987696,30212400
2018-11-29,32.340000,32.610001,32.246666,32.430000,28.937136,18723900
2018-11-30,32.466667,32.810001,32.356667,32.549999,29.044205,31992000
2018-12-03,32.673332,33.196667,32.556667,32.916668,29.371382,27246300
2018-12-04,32.750000,32.986668,31.870001,31.936666,28.496935,31278900
2018-12-06,31.646667,31.803333,31.033333,31.590000,28.341429,31101600
2018-12-07,31.500000,31.709999,30.816668,31.063334,27.868919,25489500
2018-12-10,31.186666,31.416668,30.780001,31.313334,28.093210,21830700
2018-12-11,31.416668,31.496668,31.083332,31.283333,28.066296,19357500
2018-12-12,31.433332,31.433332,31.020000,31.036667,27.844994,28917600
2018-12-13,31.083332,31.226667,30.809999,30.986668,27.800137,24126900
2018-12-14,30.683332,30.853333,30.523333,30.616667,27.468184,34480800
2018-12-17,30.406668,30.670000,30.053333,30.256666,27.145206,27005400
2018-12-18,30.266666,30.420000,30.093332,30.360001,27.237915,28820100
2018-12-19,30.430000,31.000000,30.083332,30.183332,27.079416,36694500
2018-12-20,30.036667,30.036667,28.713333,29.093332,26.101501,49121400
2018-12-21,28.956667,29.823334,28.933332,29.043333,26.056650,44764500
2018-12-24,28.846666,29.190001,28.593332,28.606667,25.664888,18330900
2018-12-26,28.806667,30.139999,28.766666,30.136667,27.037548,30084900
2018-12-27,29.916668,30.536667,29.480000,30.530001,27.390430,29644500
2018-12-28,30.690001,31.156668,30.549999,30.709999,27.551924,29622000
2018-12-31,30.889999,31.129999,30.750000,31.049999,27.856956,21017400
2019-01-02,30.546667,31.216667,30.546667,31.113333,27.913780,24458100
2019-01-03,31.070000,31.570000,30.900000,30.953333,27.770229,24831900
2019-01-04,31.070000,31.219999,30.896667,31.146667,27.943686,24087300
2019-01-07,31.206667,31.723333,31.059999,31.513332,28.272644,23369100
2019-01-08,31.686666,31.920000,31.303333,31.733334,28.470024,21602700
2019-01-09,31.903334,32.046665,31.590000,31.629999,28.377314,18816900
2019-01-10,31.293333,31.660000,31.040001,31.653334,28.398247,28188900
2019-01-11,31.663334,31.763332,31.516666,31.613333,28.362360,16183800
2019-01-14,31.493334,31.816668,31.426666,31.650000,28.395250,21255300
2019-01-15,31.823334,32.200001,31.793333,32.083332,28.784031,21174600
2019-01-16,31.976667,32.286667,31.943333,32.116669,28.813934,16230000
2019-01-17,32.106667,32.403332,32.053333,32.246666,28.930561,16843500
2019-01-18,32.316666,32.733334,32.283333,32.576668,29.226622,18361800
2019-01-22,32.383331,32.810001,32.259998,32.496666,29.154850,24189600
2019-01-23,32.956669,33.116669,32.509998,32.903332,29.519695,25037400
2019-01-24,32.733334,32.820000,32.143333,32.786667,29.415026,22829100
2019-01-25,32.916668,32.970001,32.250000,32.313332,28.990372,21654600
2019-01-28,32.176666,32.356667,32.026669,32.353333,29.026258,17627400
2019-01-29,32.256668,32.386665,32.169998,32.236668,28.921587,15760200
2019-01-30,32.226665,32.266666,31.420000,31.600000,28.350399,35547900
2019-01-31,31.543333,32.290001,31.543333,31.943333,28.658424,44169000
2019-02-01,31.973333,32.000000,31.036667,31.286667,28.069281,37775700
2019-02-04,31.286667,31.590000,31.116667,31.590000,28.341429,21805800
2019-02-05,31.750000,31.980000,31.673332,31.866667,28.589638,18299700
2019-02-06,31.809999,32.003334,31.740000,31.879999,28.601601,12794700
2019-02-07,31.703333,32.273335,31.666668,32.243332,28.927572,21030300
2019-02-08,32.113335,32.230000,31.713333,31.860001,28.583658,18507600
2019-02-11,31.883333,32.116669,31.879999,32.066666,28.769073,16628400
2019-02-12,32.273335,32.389999,32.166668,32.323334,28.999346,17643900
2019-02-13,32.433334,32.666668,32.363335,32.646667,29.289433,16375500
2019-02-14,32.560001,33.066666,32.340000,32.840000,29.462881,21602400
2019-02-15,32.993332,33.333332,32.953335,33.330002,29.902498,28443000
2019-02-19,34.126667,34.726665,34.023335,34.066666,30.563402,62091900
2019-02-20,33.936668,34.113335,32.883331,33.293331,29.869585,52895400
2019-02-21,33.220001,33.306667,32.970001,33.130001,29.723063,19239600
2019-02-22,33.273335,33.386665,33.046665,33.183334,29.770918,24260700
2019-02-25,33.373333,33.376667,33.016666,33.040001,29.642317,27705000
2019-02-26,33.006668,33.020000,32.623333,32.896667,29.513723,25464300
2019-02-27,32.706669,32.796665,32.529999,32.703335,29.340273,23706900
2019-02-28,32.703335,33.156666,32.590000,32.996666,29.603434,34127700
2019-03-01,33.156666,33.186668,32.373333,32.643333,29.286442,31057500
2019-03-04,32.706669,32.863335,32.456669,32.616669,29.262516,23051400
2019-03-05,32.709999,33.063332,32.696667,32.779999,29.409052,18357900
2019-03-06,32.756668,33.000000,32.619999,32.753334,29.385132,14089800
2019-03-07,32.570000,32.733334,32.413334,32.483334,29.142891,18379800
2019-03-08,32.516666,32.806667,32.333332,32.529999,29.184757,16977000
2019-03-11,32.680000,32.860001,32.606667,32.826668,29.450922,16035900
2019-03-12,32.843334,32.913334,32.683334,32.790001,29.418030,15211500
2019-03-13,32.900002,33.116669,32.796665,33.009998,29.615402,16446900
2019-03-14,32.803333,32.810001,32.529999,32.740002,29.531208,14777400
2019-03-15,32.759998,32.836666,32.533333,32.806667,29.591349,43800000
2019-03-18,32.766666,33.256668,32.753334,33.220001,29.964176,17310300
2019-03-19,33.330002,33.496666,33.189999,33.283333,30.021299,16243200
2019-03-20,33.066666,33.183334,32.846668,32.880001,29.657495,18969300
2019-03-21,32.750000,33.043331,32.700001,33.020000,29.783773,19653000
2019-03-22,32.860001,33.176666,32.646667,32.759998,29.549253,20124300
2019-03-25,32.599998,32.873333,32.543331,32.723331,29.516176,16222200
2019-03-26,32.786667,32.950001,32.676666,32.773335,29.561285,14837700
2019-03-27,32.713333,32.953335,31.666668,32.403332,29.227539,25413600
2019-03-28,32.529999,32.623333,32.176666,32.376667,29.203493,24162900
2019-03-29,32.529999,32.556667,32.346668,32.509998,29.323755,22319700
2019-04-01,32.656666,32.786667,32.520000,32.606667,29.410950,25517400
2019-04-02,32.586666,32.770000,32.299999,32.313332,29.146362,18822000
2019-04-03,32.373333,32.466667,32.263332,32.396667,29.221525,17062500
2019-04-04,32.416668,32.759998,32.413334,32.703335,29.498144,12078900
2019-04-05,32.750000,33.066666,32.720001,32.943333,29.714611,13968000
2019-04-08,32.816666,33.083332,32.753334,33.076668,29.834885,16267200
2019-04-09,32.933334,33.076668,32.716667,32.896667,29.672531,13102500
2019-04-10,32.836666,33.240002,32.833332,33.200001,29.946131,12273300
2019-04-11,33.233334,33.610001,33.156666,33.599998,30.306929,16820700
2019-04-12,33.666668,34.006668,33.666668,33.853333,30.535437,15486000
2019-04-15,33.766666,34.303333,33.753334,34.143333,30.797010,15335700
2019-04-16,34.296665,34.463333,34.180000,34.310001,30.947340,14485200
2019-04-17,34.333332,34.466667,34.136665,34.386665,31.016493,11187600
2019-04-18,34.369999,34.599998,34.296665,34.393333,31.022501,11183400
2019-04-22,34.259998,34.513332,34.056667,34.123333,30.778965,15238200
2019-04-23,34.176666,34.430000,33.980000,34.356667,30.989431,15152400
2019-04-24,34.380001,34.616669,34.363335,34.509998,31.127735,14093400
2019-04-25,34.413334,34.716667,34.276669,34.506668,31.124725,11883300
2019-04-26,33.483334,34.113335,33.220001,33.843334,30.526415,24323100
2019-04-29,33.959999,34.000000,33.593334,33.853333,30.535437,19139100
2019-04-30,33.923332,34.306667,33.816666,34.279999,30.920273,18400800
2019-05-01,34.256668,34.270000,33.759998,33.786667,30.475290,16011600
2019-05-02,33.810001,34.020000,33.413334,33.716667,30.412163,15021000
2019-05-03,34.106667,34.250000,33.933334,34.026669,30.691788,15950700
2019-05-06,33.583332,34.183334,33.513332,34.153332,30.806030,13841100
2019-05-07,33.933334,34.056667,33.586666,33.766666,30.457258,13726800
2019-05-08,33.416668,33.680000,33.286667,33.433334,30.156588,17646000
2019-05-09,33.090000,33.313332,32.950001,33.180000,30.087074,18720300
2019-05-10,33.253334,34.036667,33.233334,33.970001,30.803429,26228100
2019-05-13,33.483334,33.716667,33.003334,33.296665,30.192867,22084500
2019-05-14,33.380001,33.623333,33.296665,33.430000,30.313766,19061100
2019-05-15,33.400002,33.453335,33.043331,33.293331,30.189829,20220900
2019-05-16,34.276669,34.653332,33.613335,33.770000,30.622078,51366000
2019-05-17,33.413334,33.983334,33.303333,33.619999,30.486059,37113900
2019-05-20,33.463333,33.993332,33.416668,33.840000,30.685545,21582300
2019-05-21,33.836666,33.883331,33.466667,33.706669,30.564653,20667300
2019-05-22,33.866669,34.143333,33.686668,34.076668,30.900158,22022700
2019-05-23,33.939999,33.976665,33.549999,33.953335,30.788322,19363800
2019-05-24,34.060001,34.296665,34.026669,34.223331,31.033148,13449600
2019-05-28,34.186668,34.523335,34.133331,34.139999,30.957586,30815100
2019-05-29,34.036667,34.293331,33.823334,34.040001,30.866901,19560600
2019-05-30,34.163334,34.496666,33.970001,34.063332,30.888065,15058800
2019-05-31,33.783333,34.006668,33.533333,33.813332,30.661367,17782500
2019-06-03,33.876667,34.226665,33.799999,33.986668,30.818548,19844100
2019-06-04,34.203335,34.216667,33.813332,34.186668,30.999905,17894700
2019-06-05,34.250000,34.926666,34.200001,34.806667,31.562113,20708700
2019-06-06,34.830002,35.220001,34.733334,35.036667,31.770668,24191100
2019-06-07,35.076668,35.453335,35.016666,35.353333,32.057816,20428200
2019-06-10,35.493332,35.926666,35.456669,35.840000,32.499115,18977100
2019-06-11,36.000000,36.323334,35.916668,35.980000,32.626072,20241900
2019-06-12,35.973331,36.303333,35.973331,36.273335,32.892059,13905300
2019-06-13,36.333332,36.526669,36.056667,36.216667,32.840668,16455000
2019-06-14,36.259998,36.529999,36.153332,36.356667,32.967625,13577700
2019-06-17,36.373333,36.516666,36.086666,36.386665,32.994816,12441000
2019-06-18,36.599998,36.653332,36.303333,36.549999,33.142929,14733600
2019-06-19,36.599998,36.613335,36.290001,36.540001,33.133873,11773800
2019-06-20,36.606667,36.830002,36.426666,36.773335,33.345440,15004500
2019-06-21,36.779999,37.396667,36.753334,37.043331,33.590267,39535800
2019-06-24,37.163334,37.406666,37.009998,37.080002,33.623528,18098400
2019-06-25,36.959999,37.143333,36.799999,36.906666,33.466354,18315000
2019-06-26,36.950001,37.026669,36.700001,36.720001,33.297089,12485100
2019-06-27,36.686668,36.836666,36.286667,36.700001,33.278954,16443900
2019-06-28,36.849998,37.169998,36.746666,36.830002,33.396839,19520100
2019-07-01,37.099998,37.323334,36.673332,36.873333,33.436127,16544100
2019-07-02,36.943333,37.203335,36.779999,37.200001,33.732334,12188700
2019-07-03,37.060001,37.466667,37.000000,37.439999,33.949970,9621900
2019-07-05,37.333332,37.413334,37.070000,37.326668,33.847198,10738200
2019-07-08,37.306667,37.643333,37.233334,37.573334,34.070869,14147100
2019-07-09,37.630001,37.793331,37.533333,37.626667,34.119236,16270200
2019-07-10,37.706669,37.869999,37.463333,37.660000,34.149467,13737000
2019-07-11,37.779999,37.980000,37.673332,37.973331,34.433582,11689800
2019-07-12,38.029999,38.256668,37.873333,38.200001,34.639122,11229900
2019-07-15,38.223331,38.360001,38.150002,38.326668,34.753983,10038000
2019-07-16,38.443333,38.496666,38.013332,38.253334,34.687492,10464600
2019-07-17,38.270000,38.389999,38.066666,38.200001,34.639122,8065500
2019-07-18,38.116669,38.259998,37.913334,38.240002,34.675396,9670800
2019-07-19,38.333332,38.436668,37.953335,37.966667,34.427547,11388900
2019-07-22,38.033333,38.113335,37.439999,37.606667,34.101101,13550700
2019-07-23,37.706669,37.733334,37.189999,37.363335,33.880447,17262600
2019-07-24,37.343334,37.596668,37.189999,37.333332,33.853241,12531900
2019-07-25,37.393333,37.463333,37.220001,37.406666,33.919754,11554500
2019-07-26,37.373333,37.779999,37.273335,37.673332,34.161549,14187000
2019-07-29,37.613335,37.660000,37.253334,37.423332,33.934860,11239800
2019-07-30,37.353333,37.466667,37.223331,37.353333,33.871384,9105600
2019-07-31,37.303333,37.446667,36.543331,36.793331,33.363590,18633900
2019-08-01,36.773335,37.389999,36.439999,36.459999,33.061317,22365000
2019-08-02,36.580002,36.713333,36.049999,36.466667,33.067364,16970100
2019-08-05,36.000000,36.000000,35.196667,35.273335,31.985273,22710000
2019-08-06,35.396667,35.946667,35.196667,35.756668,32.423553,21049200
2019-08-07,35.673332,36.213333,35.306667,36.066666,32.704651,21835500
2019-08-08,36.003334,36.279999,35.923332,36.173332,32.962830,13123200
2019-08-09,36.020000,36.153332,35.570000,35.759998,32.586193,12580500
2019-08-12,35.573334,35.613335,34.946667,35.073334,31.960457,17605200
2019-08-13,35.083332,36.036667,34.950001,35.803333,32.625679,20025900
2019-08-14,35.160000,36.020000,35.046665,35.400002,32.258144,27938400
2019-08-15,37.509998,37.880001,36.720001,37.563332,34.229477,59438700
2019-08-16,38.026669,38.310001,37.353333,37.663334,34.320602,32895600
2019-08-19,38.116669,38.259998,37.866669,37.936668,34.569675,21534300
2019-08-20,37.953335,38.013332,37.336666,37.349998,34.035076,18336900
2019-08-21,37.993332,38.023335,37.293331,37.340000,34.025959,24469200
2019-08-22,37.400002,37.596668,37.116669,37.303333,33.992550,17986200
2019-08-23,37.206669,37.303333,36.709999,36.943333,33.664501,18710100
2019-08-26,37.186668,37.423332,37.073334,37.330002,34.016846,17807100
2019-08-27,37.473331,37.603333,37.169998,37.473331,34.147469,17201100
2019-08-28,37.426666,37.693333,37.226665,37.573334,34.238594,16113000
2019-08-29,38.066666,38.196667,37.770000,38.026669,34.651684,15811500
2019-08-30,38.333332,38.459999,37.966667,38.086666,34.706360,17115900
2019-09-03,37.893333,38.436668,37.830002,38.213333,34.821785,17828100
2019-09-04,38.563332,38.653332,38.273335,38.636665,35.207554,17348700
2019-09-05,39.223331,39.320000,38.423332,38.480000,35.064789,17479200
2019-09-06,38.480000,38.583332,38.206669,38.243332,34.849125,13039200
2019-09-09,38.166668,38.869999,38.133331,38.776669,35.335129,17921100
2019-09-10,38.663334,38.986668,38.493332,38.683334,35.250080,14572200
2019-09-11,38.666668,38.900002,38.406666,38.673332,35.240955,15852300
2019-09-12,38.883331,39.023335,38.633331,38.973331,35.514336,13422900
2019-09-13,39.053333,39.396667,38.983334,39.143333,35.669247,16915800
2019-09-16,38.846668,39.056667,38.459999,38.523335,35.104263,18270900
2019-09-17,38.439999,38.896667,38.416668,38.836666,35.389793,13813500
2019-09-18,38.970001,39.076668,38.726665,39.053333,35.587238,11868000
2019-09-19,39.133331,39.270000,38.923332,39.036667,35.572044,10141800
2019-09-20,39.116669,39.213333,38.933334,38.993332,35.532558,33997200
2019-09-23,38.869999,39.470001,38.853333,39.206669,35.726971,15487500
2019-09-24,39.416668,39.953335,39.336666,39.466667,35.963879,21819300
2019-09-25,39.490002,39.573334,39.270000,39.490002,35.985142,13840800
2019-09-26,39.599998,39.849998,39.396667,39.433334,35.933506,11960700
2019-09-27,39.736668,39.743332,39.250000,39.483334,35.979069,10304100
2019-09-30,39.556667,39.813332,39.520000,39.560001,36.048935,10204200
2019-10-01,39.616669,39.703335,39.240002,39.283333,35.796814,11187900
2019-10-02,39.133331,39.183334,38.536667,38.706669,35.271339,17833500
2019-10-03,38.626667,38.933334,38.193333,38.770000,35.329044,15619500
2019-10-04,38.799999,39.433334,38.730000,39.386665,35.890972,13881000
2019-10-07,39.366669,39.433334,38.959999,39.076668,35.608505,14085000
2019-10-08,38.936668,39.556667,38.886665,39.193333,35.714809,15375300
2019-10-09,39.393333,39.766666,39.340000,39.643333,36.124874,11710200
2019-10-10,39.633331,39.959999,39.533333,39.869999,36.331421,13024500
2019-10-11,39.973331,40.236668,39.573334,40.080002,36.522770,18383700
2019-10-14,39.950001,40.153332,39.700001,39.723331,36.197773,13719900
2019-10-15,39.776669,39.996666,39.623333,39.843334,36.307121,13550100
2019-10-16,39.770000,40.036667,39.700001,39.806667,36.273708,11344800
2019-10-17,39.889999,40.083332,39.786667,39.946667,36.401291,11732700
2019-10-18,40.150002,40.200001,39.709999,39.713333,36.188660,16776900
2019-10-21,39.766666,39.943333,39.606667,39.913334,36.370907,10230300
2019-10-22,39.916668,40.056667,39.796665,39.860001,36.322311,7634100
2019-10-23,39.723331,39.950001,39.563332,39.783333,36.252445,8520000
2019-10-24,39.716667,39.856667,39.503334,39.700001,36.176514,8700900
2019-10-25,39.666668,39.776669,39.400002,39.680000,36.158279,7692900
2019-10-28,39.750000,39.900002,39.509998,39.740002,36.212955,10213800
2019-10-29,39.500000,39.576668,39.026669,39.049999,35.584198,14373300
2019-10-30,39.060001,39.456669,39.016666,39.366669,35.872761,8988600
2019-10-31,39.310001,39.426666,38.943333,39.086666,35.617611,14643900
2019-11-01,39.306667,39.323334,39.076668,39.206669,35.726971,11287800
2019-11-04,39.466667,39.703335,39.056667,39.189999,35.711765,13938000
2019-11-05,39.226665,39.713333,39.026669,39.619999,36.103603,12651300
2019-11-06,39.610001,39.873333,39.570000,39.833332,36.298008,10843200
2019-11-07,40.000000,40.306667,39.846668,40.076668,36.519745,13324200
2019-11-08,40.103333,40.293331,39.646667,39.813332,36.279781,11498100
2019-11-11,39.566666,39.876667,39.426666,39.680000,36.158279,13317000
2019-11-12,39.866669,40.000000,39.603333,39.706669,36.182587,15189300
2019-11-13,39.720001,40.453335,39.553333,40.326668,36.747551,23135400
2019-11-14,41.533333,41.793331,39.836666,40.216667,36.647320,67512600
2019-11-15,40.226665,40.333332,39.459999,39.623333,36.106644,30413100
2019-11-18,39.483334,40.290001,39.413334,40.083332,36.525810,19644000
2019-11-19,40.036667,40.119999,39.903332,39.963333,36.416470,11146200
2019-11-20,40.070000,40.160000,39.466667,39.709999,36.185623,15227700
2019-11-21,39.610001,40.000000,39.556667,39.953335,36.407360,12908400
2019-11-22,40.049999,40.099998,39.756668,39.786667,36.255482,11529300
2019-11-25,40.000000,40.006668,39.299999,39.639999,36.121830,17644500
2019-11-26,39.653332,39.766666,39.483334,39.730000,36.203838,18877500
2019-11-27,39.796665,39.933334,39.576668,39.586666,36.073235,10302300
2019-11-29,39.713333,39.990002,39.666668,39.696667,36.173466,9471900
2019-12-02,39.716667,39.793331,39.279999,39.759998,36.231178,17012700
2019-12-03,39.466667,39.653332,39.256668,39.556667,36.045891,19784400
2019-12-04,39.706669,39.733334,39.433334,39.563332,36.051964,16669800
2019-12-05,39.453335,39.593334,39.139999,39.553333,36.204536,13058400
2019-12-06,39.693333,39.933334,39.639999,39.926666,36.546257,13022400
2019-12-09,39.856667,39.953335,39.726665,39.786667,36.418106,14448000
2019-12-10,39.783333,39.853333,39.673332,39.713333,36.350979,12846900
2019-12-11,39.799999,39.883331,39.509998,39.666668,36.308273,10519200
2019-12-12,39.666668,40.036667,39.560001,39.919998,36.540150,12447000
2019-12-13,39.720001,40.216667,39.673332,40.096668,36.701859,16098900
2019-12-16,40.139999,40.450001,40.139999,40.180000,36.778133,16052100
2019-12-17,40.316666,40.566666,40.233334,40.426666,37.003922,13727400
2019-12-18,40.503334,40.560001,39.946667,39.953335,36.570660,15309000
2019-12-19,39.980000,40.169998,39.926666,40.026669,36.637798,13392300
2019-12-20,40.493332,40.706669,40.006668,40.096668,36.701859,23863200
2019-12-23,40.066666,40.230000,39.669998,39.676666,36.317402,13457400
2019-12-24,39.709999,39.866669,39.669998,39.836666,36.463860,6682200
2019-12-26,39.869999,39.950001,39.650002,39.840000,36.466915,12671400
2019-12-27,39.980000,39.980000,39.750000,39.863335,36.488281,10632000
2019-12-30,39.933334,39.936668,39.709999,39.799999,36.430309,8837400
2019-12-31,39.833332,39.933334,39.396667,39.613335,36.259449,14736000
2020-01-02,39.619999,39.963333,39.566666,39.646667,36.289959,20294700
2020-01-03,39.423332,39.596668,39.196667,39.296665,35.969589,16197600
2020-01-06,39.133331,39.363335,38.923332,39.216667,35.896362,19336500
2020-01-07,39.086666,39.173332,38.733334,38.853333,35.563789,20540700
2020-01-08,38.766666,38.910000,38.560001,38.720001,35.441750,17627400
2020-01-09,38.716667,39.123333,38.693333,39.119999,35.807880,16691100
2020-01-10,39.080002,39.113335,38.660000,38.793331,35.508873,18164400
2020-01-13,38.793331,38.849998,38.456669,38.626667,35.356316,18337800
2020-01-14,38.490002,38.736668,38.376667,38.726665,35.447857,19757400
2020-01-15,38.209999,38.623333,38.173332,38.426666,35.173244,22362600
2020-01-16,38.500000,38.643333,38.426666,38.633331,35.362411,16108200
2020-01-17,38.683334,38.766666,38.213333,38.320000,35.075615,30135000
2020-01-21,38.196667,38.563332,38.173332,38.529999,35.267830,22061100
2020-01-22,38.406666,38.843334,38.393333,38.700001,35.423447,14778300
2020-01-23,38.736668,38.770000,38.346668,38.603333,35.334961,12915300
2020-01-24,38.666668,38.676666,38.049999,38.123333,34.895588,13150200
2020-01-27,37.730000,38.743332,37.560001,38.619999,35.350216,21055200
2020-01-28,38.660000,38.966667,38.650002,38.866669,35.575996,15810600
2020-01-29,38.853333,39.040001,38.630001,38.630001,35.359367,11326500
2020-01-30,38.536667,38.906666,38.443333,38.860001,35.569904,13744500
2020-01-31,38.599998,38.753334,37.966667,38.163334,34.932201,23327400
2020-02-03,38.299999,38.463333,38.033333,38.090000,34.865082,13041300
2020-02-04,38.413334,38.746666,38.296665,38.423332,35.170197,15696600
2020-02-05,38.533333,38.983334,38.283333,38.936668,35.640072,17048700
2020-02-06,38.943333,39.076668,38.686668,38.770000,35.487518,16058700
2020-02-07,38.703335,38.919998,38.586666,38.816666,35.530228,11068800
2020-02-10,38.583332,38.993332,38.349998,38.416668,35.164089,18434700
2020-02-11,38.476665,38.500000,38.146667,38.466667,35.209846,17390400
2020-02-12,38.500000,38.806667,38.470001,38.616669,35.347157,14206800
2020-02-13,38.616669,39.180000,38.526669,39.146667,35.832291,15999600
2020-02-14,39.223331,39.523335,39.053333,39.296665,35.969589,24391800
2020-02-18,39.490002,39.983334,39.119999,39.876667,36.500481,34539600
2020-02-19,39.833332,39.980000,39.226665,39.226665,35.905514,21563400
2020-02-20,39.070000,39.369999,38.953335,39.230000,35.908558,15068700
2020-02-21,39.146667,39.583332,39.103333,39.526669,36.180119,18726300
2020-02-24,39.153332,39.486668,38.650002,38.773335,35.490570,19848000
2020-02-25,38.783333,39.023335,38.016666,38.130001,34.901703,23292900
2020-02-26,38.233334,38.389999,37.883331,37.926666,34.715580,20019900
2020-02-27,37.520000,38.023335,36.783333,36.799999,33.684303,28476900
2020-02-28,35.896667,36.173332,34.790001,35.893333,32.854404,52369200
2020-03-02,35.866669,38.799999,35.763332,38.626667,35.356316,51222600
2020-03-03,38.693333,39.176666,37.446667,37.636665,34.450134,33340800
2020-03-04,38.080002,38.946667,37.823334,38.923332,35.627850,24625200
2020-03-05,38.133331,39.083332,37.970001,38.639999,35.368523,25638300
2020-03-06,37.956669,39.303333,37.669998,39.076668,35.768219,29411100
2020-03-09,37.939999,40.209999,37.576668,39.053333,35.746864,59243400
2020-03-10,39.366669,40.226665,38.306667,39.930000,36.549301,37797300
2020-03-11,39.169998,39.676666,37.599998,38.143333,34.913902,31620000
2020-03-12,35.340000,37.163334,34.326668,34.683334,31.746855,56323200
2020-03-13,36.080002,38.196667,34.626667,38.033333,34.813213,42962100
2020-03-16,35.066666,37.110001,34.000000,35.586666,32.573692,36753900
2020-03-17,37.590000,39.756668,36.820000,39.753334,36.387592,52806000
2020-03-18,38.333332,42.693333,38.166668,40.860001,37.400562,77355900
2020-03-19,41.486668,42.333332,39.209999,39.816666,36.606831,57100500
2020-03-20,39.833332,40.930000,37.296665,37.990002,34.927414,55423500
2020-03-23,38.056667,39.180000,37.403332,38.093334,35.022427,39366000
2020-03-24,38.623333,39.123333,37.103333,38.343334,35.252258,42705000
2020-03-25,37.656666,38.000000,36.016666,36.466667,33.526897,53287500
2020-03-26,36.466667,36.956669,35.616669,36.606667,33.655602,58250700
2020-03-27,36.703335,37.426666,36.200001,36.526669,33.582062,36160500
2020-03-30,37.286667,38.599998,36.980000,38.396667,35.301292,29212500
2020-03-31,38.103333,38.730000,37.546665,37.873333,34.820156,26258400
2020-04-01,37.383331,38.509998,37.266666,38.046665,34.979519,28269600
2020-04-02,37.726665,39.703335,37.446667,39.549999,36.361664,29515500
2020-04-03,39.070000,39.970001,39.009998,39.826668,36.616009,28625100
2020-04-06,39.686668,42.130001,39.646667,42.023335,38.635593,47768700
2020-04-07,41.326668,42.163334,40.546665,40.663334,37.385239,41369700
2020-04-08,41.230000,41.270000,40.196667,40.613335,37.339268,27876600
2020-04-09,39.406666,40.956669,39.220001,40.599998,37.327003,32828700
2020-04-13,40.423332,41.889999,40.389999,41.766666,38.399624,24194100
2020-04-14,42.366669,43.263332,42.013332,43.000000,39.533535,34098900
2020-04-15,43.000000,43.293331,42.373333,42.919998,39.459988,22435200
2020-04-16,43.000000,44.306667,42.750000,44.110001,40.554054,31882200
2020-04-17,43.826668,44.323334,43.243332,44.040001,40.489689,30915300
2020-04-20,44.130001,44.459999,43.253334,43.283333,39.794029,24401700
2020-04-21,43.356667,43.676666,42.720001,43.070000,39.597889,27900600
2020-04-22,43.333332,44.126667,42.966667,43.863335,40.327278,19448100
2020-04-23,43.283333,43.696667,42.576668,42.843334,39.389500,28839900
2020-04-24,43.116669,43.296665,42.853333,43.146667,39.668373,17343600
2020-04-27,43.333332,43.436668,42.723331,42.766666,39.319004,17923800
2020-04-28,42.759998,43.413334,42.566666,42.666668,39.227066,20732100
2020-04-29,41.856667,41.919998,40.849998,41.200001,37.878647,44612100
2020-04-30,41.026669,41.146667,40.346668,40.516666,37.250397,40497900
2020-05-01,40.493332,41.230000,40.259998,40.973331,37.670246,31143900
2020-05-04,41.279999,41.466667,40.570000,41.233334,37.909283,17807700
2020-05-05,41.266666,41.753334,41.086666,41.576668,38.224949,19337400
2020-05-06,41.736668,41.830002,40.950001,41.099998,37.786697,17309100
2020-05-07,41.153332,41.326668,40.500000,40.630001,37.518906,27345600
2020-05-08,40.916668,41.003334,40.540001,40.980000,37.842106,20830800
2020-05-11,41.013332,41.436668,41.003334,41.223331,38.066803,25341900
2020-05-12,41.493332,41.886665,41.259998,41.259998,38.100674,19100100
2020-05-13,41.166668,42.080002,41.029999,41.236668,38.079124,29175300
2020-05-14,41.616669,41.709999,40.433334,41.139999,37.989857,22233000
2020-05-15,41.156666,41.980000,41.029999,41.980000,38.765541,31770000
2020-05-18,42.500000,42.853333,42.033333,42.553333,39.294964,38633700
2020-05-19,43.916668,43.996666,41.603333,41.650002,38.460804,74746200
2020-05-20,42.163334,42.196667,41.543331,41.816666,38.614712,32246400
2020-05-21,41.630001,42.046665,41.416668,41.663334,38.473114,22448100
2020-05-22,41.700001,41.783333,41.256668,41.443333,38.269951,22359600
2020-05-26,41.446667,41.836666,41.209999,41.286667,38.125298,23730600
2020-05-27,41.323334,41.496666,40.343334,40.826668,37.700523,31073700
2020-05-28,41.240002,41.650002,41.053333,41.230000,38.072971,24424800
2020-05-29,41.413334,41.570000,40.643333,41.353333,38.186863,29311200
2020-06-01,41.146667,41.470001,40.786667,41.320000,38.156071,20550300
2020-06-02,41.196667,41.383331,40.936668,41.313332,38.149910,19187700
2020-06-03,41.299999,41.330002,40.886665,41.156666,38.005253,20262900
2020-06-04,40.933334,41.296665,40.606667,40.703335,37.586620,24015000
2020-06-05,40.856667,40.893333,39.970001,40.520000,37.417328,39337200
2020-06-08,39.860001,40.413334,39.820000,40.413334,37.318825,28344300
2020-06-09,40.533333,40.666668,40.186668,40.450001,37.352699,20746200
2020-06-10,40.520000,40.833332,40.376667,40.386665,37.294209,28141500
2020-06-11,40.330002,40.860001,39.826668,40.029999,36.964851,34162800
2020-06-12,40.169998,40.250000,39.020000,39.246666,36.241497,32359200
2020-06-15,39.466667,39.560001,39.003334,39.360001,36.346157,32703300
2020-06-16,39.933334,40.076668,39.513332,39.883331,36.829414,25167600
2020-06-17,39.953335,40.043331,39.466667,39.676666,36.638565,20166900
2020-06-18,39.513332,39.686668,39.220001,39.330002,36.318447,20070000
2020-06-19,39.630001,40.099998,39.250000,39.950001,36.890965,40078800
2020-06-22,40.323334,40.696667,40.133331,40.560001,37.454266,27338400
2020-06-23,40.916668,40.950001,40.320000,40.356667,37.266506,19727700
2020-06-24,40.246666,40.373333,39.860001,40.099998,37.029488,20614800
2020-06-25,39.919998,40.053333,39.459999,39.903332,36.847885,20569800
2020-06-26,39.866669,40.279999,39.340000,39.439999,36.420029,26991600
2020-06-29,39.500000,39.893333,39.406666,39.686668,36.647820,16511400
2020-06-30,39.740002,40.043331,39.513332,39.926666,36.869438,20509200
2020-07-01,39.816666,39.973331,39.553333,39.896667,36.841736,19733700
2020-07-02,40.029999,40.293331,39.619999,39.736668,36.693989,17695800
2020-07-06,39.933334,39.956669,39.406666,39.630001,36.595470,21695100
2020-07-07,39.483334,42.516666,39.406666,42.316666,39.076420,93458100
2020-07-08,42.666668,42.709999,41.466667,41.480000,38.303810,52217100
2020-07-09,41.869999,42.726665,41.650002,42.583332,39.322670,42771600
2020-07-10,42.913334,43.790001,42.419998,43.560001,40.224552,44236800
2020-07-13,43.776669,44.543331,42.963333,43.173332,39.867500,42338400
2020-07-14,43.093334,44.166668,43.009998,44.003334,40.633949,26455800
2020-07-15,44.090000,44.709999,43.599998,44.000000,40.630863,31731300
2020-07-16,44.016666,44.243332,43.746666,44.066666,40.692429,17676600
2020-07-17,44.456669,44.456669,43.823334,43.913334,40.550835,18189600
2020-07-20,43.986668,44.246666,43.713333,43.823334,40.467728,18342600
2020-07-21,43.853333,44.663334,43.816666,44.110001,40.732441,21712500
2020-07-22,44.189999,44.343334,43.730000,44.220001,40.834015,16164600
2020-07-23,44.333332,44.383331,43.770000,43.880001,40.520058,16796400
2020-07-24,43.650002,44.133331,43.503334,43.746666,40.396927,13037400
2020-07-27,43.619999,43.993332,43.619999,43.736668,40.387691,14045700
2020-07-28,43.833332,44.126667,43.639999,43.919998,40.556988,14414100
2020-07-29,43.853333,43.953335,43.283333,43.563332,40.227638,14223300
2020-07-30,43.139999,43.473331,42.906666,43.373333,40.052185,13788300
2020-07-31,43.216667,43.363335,42.540001,43.133331,39.830559,21631500
2020-08-03,43.303333,43.373333,42.756668,43.099998,39.799778,14971500
2020-08-04,43.216667,43.903332,42.980000,43.880001,40.520058,18219600
2020-08-05,43.483334,43.583332,42.943333,43.270000,39.956760,25483500
2020-08-06,43.043331,43.410000,43.009998,43.116669,39.815170,14496300
2020-08-07,43.193333,43.486668,43.036667,43.323334,40.006012,16558500
2020-08-10,43.413334,44.113335,43.216667,43.959999,40.593929,17683200
2020-08-11,44.196667,44.290001,43.243332,43.400002,40.076801,25360200
2020-08-12,43.490002,44.076668,43.026669,43.963333,40.597000,19094400
2020-08-13,43.736668,43.986668,43.576668,43.950001,40.751541,19867200
2020-08-14,44.113335,44.323334,43.876667,44.200001,40.983349,20106300
2020-08-17,44.783333,45.376667,44.616669,45.200001,41.910583,39465000
2020-08-18,45.389999,45.876667,44.389999,44.903332,41.635494,80232600
2020-08-19,44.736668,44.886665,43.950001,44.136665,40.924625,38155200
2020-08-20,43.736668,44.023335,43.349998,43.523335,40.355930,26810700
2020-08-21,43.516666,44.223331,43.366669,43.876667,40.683548,24864000
2020-08-24,44.083332,44.160000,43.443333,43.776669,40.590820,19813800
2020-08-25,43.599998,43.746666,43.223331,43.543331,40.374458,21722400
2020-08-26,43.403332,43.626667,43.233334,43.566666,40.396103,18814800
2020-08-27,43.693333,46.450001,43.633331,45.543331,42.228924,119018700
2020-08-28,47.000000,47.023335,45.946667,46.766666,43.363232,64050900
2020-08-31,45.826668,46.296665,45.176666,46.283333,42.915073,45236400
2020-09-01,47.066666,49.863335,46.683334,49.196667,45.616390,106798200
2020-09-02,50.416668,50.443333,48.536667,49.226665,45.644192,51666000
2020-09-03,48.900002,49.866669,47.270000,48.180000,44.673706,48015000
2020-09-04,48.006668,48.346668,46.700001,47.610001,44.145184,33982200
2020-09-08,47.136665,47.299999,46.086666,46.150002,42.791431,33966900
2020-09-09,46.696667,47.536667,46.483334,46.630001,43.236507,33669000
2020-09-10,46.686668,46.846668,45.529999,45.603333,42.284561,33709200
2020-09-11,45.683334,46.146667,45.183334,45.566666,42.250549,28879800
2020-09-14,45.380001,47.033333,45.293331,45.773335,42.442188,45733800
2020-09-15,46.076668,46.360001,45.560001,45.786667,42.454540,30427800
2020-09-16,46.136665,46.226665,45.349998,45.419998,42.114571,27860400
2020-09-17,45.143333,45.856667,45.006668,45.563332,42.247452,37245000
2020-09-18,45.480000,45.843334,44.916668,45.096668,41.814770,54709200
2020-09-21,45.500000,45.746666,45.096668,45.689999,42.364914,47275500
2020-09-22,45.689999,46.330002,45.523335,46.103333,42.748161,33102000
2020-09-23,46.333332,46.413334,45.273335,45.330002,42.031113,23133300
2020-09-24,45.243332,45.930000,45.023335,45.566666,42.250549,29453100
2020-09-25,45.506668,45.846668,45.320000,45.756668,42.426727,22618800
2020-09-28,45.720001,46.016666,45.573334,45.750000,42.420547,21197100
2020-09-29,45.750000,46.046665,45.463333,45.713333,42.386562,27702900
2020-09-30,45.796665,47.246666,45.733334,46.636665,43.242695,34826400
2020-10-01,46.933334,48.126667,46.753334,47.693333,44.222454,43290900
2020-10-02,47.446667,47.700001,46.709999,46.833332,43.425045,24585000
2020-10-05,47.096668,47.396667,47.023335,47.266666,43.826832,14259000
2020-10-06,47.290001,47.646667,46.750000,46.876667,43.465221,21475500
2020-10-07,47.086666,47.183334,46.750000,46.963333,43.545589,16949100
2020-10-08,47.169998,47.363335,47.040001,47.119999,43.690845,14676900
2020-10-09,47.220001,47.779999,47.186668,47.593334,44.129730,14494800
2020-10-12,47.673332,48.463333,47.673332,48.083332,44.584061,18402300
2020-10-13,48.226665,48.866669,48.119999,48.743332,45.196033,23800200
2020-10-14,48.799999,48.843334,47.919998,47.980000,44.488255,19710900
2020-10-15,47.696667,48.320000,47.613335,48.176666,44.670609,13692600
2020-10-16,48.466667,48.716667,48.156666,48.236668,44.726250,16935000
2020-10-19,48.366669,48.456669,47.583332,47.650002,44.182270,14643300
2020-10-20,48.036667,48.509998,47.873333,47.966667,44.475903,14523000
2020-10-21,47.946667,48.576668,47.946667,48.133331,44.630436,13114200
2020-10-22,48.063332,48.186668,47.563332,47.849998,44.367714,13344000
2020-10-23,47.990002,48.046665,47.616669,47.950001,44.460442,10540500
2020-10-26,47.613335,47.706669,46.980000,47.386665,43.938110,16111800
2020-10-27,47.349998,47.900002,47.323334,47.623333,44.157539,11831100
2020-10-28,46.986668,47.376667,46.626667,46.680000,43.282860,16849200
2020-10-29,46.666668,47.036667,46.233334,46.639999,43.245781,15153900
2020-10-30,46.393333,46.696667,45.790001,46.250000,42.884163,18601800
2020-11-02,46.863335,46.936668,46.343334,46.799999,43.394131,16575600
2020-11-03,47.216667,48.053333,47.189999,47.593334,44.129730,15413100
2020-11-04,47.189999,48.130001,47.113335,47.320000,43.876293,17927400
2020-11-05,48.000000,48.076668,47.646667,47.823334,44.342987,14202600
2020-11-06,48.119999,48.740002,47.849998,48.590000,45.053864,16198500
2020-11-09,49.333332,49.400002,47.826668,47.846668,44.364624,28198500
2020-11-10,47.916668,48.813332,47.843334,48.520000,44.988968,18199200
2020-11-11,48.973331,49.653332,48.799999,49.326668,45.736916,18805800
2020-11-12,49.493332,49.570000,49.033333,49.410000,45.814190,12564300
2020-11-13,49.646667,50.313332,49.173332,50.180000,46.528152,19738200
2020-11-16,50.176666,51.133331,49.759998,50.813332,47.115395,34560300
2020-11-17,50.166668,51.080002,49.726665,49.790001,46.166538,42711600
2020-11-18,49.953335,50.556667,49.683334,49.696667,46.079998,24936900
2020-11-19,49.820000,50.816666,49.773335,50.706669,47.016502,18590700
2020-11-20,50.389999,50.919998,49.936668,50.080002,46.435436,21937200
2020-11-23,50.123333,50.466667,49.790001,50.310001,46.648701,18557100
2020-11-24,50.580002,50.660000,50.090000,50.453335,46.781593,17155200
2020-11-25,50.416668,50.796665,50.403332,50.610001,46.926857,13833300
2020-11-27,50.716667,50.906666,50.366669,50.533333,46.855762,10999500
2020-11-30,50.533333,50.983334,50.033333,50.930000,47.223568,32695500
2020-12-01,51.200001,51.220001,50.553333,50.880001,47.177216,22935300
2020-12-02,50.666668,50.873333,49.843334,50.173332,46.521969,23547000
2020-12-03,50.093334,50.093334,49.463333,49.766666,46.144897,25725900
2020-12-04,49.836666,49.836666,49.193333,49.636665,46.024372,20889300
2020-12-07,49.486668,49.663334,49.053333,49.369999,45.777100,18479100
2020-12-08,49.119999,49.950001,49.060001,49.816666,46.191254,20716500
2020-12-09,50.000000,50.000000,49.296665,49.423332,45.826553,20139600
2020-12-10,49.250000,49.383331,48.856667,49.013332,45.612511,20652300
2020-12-11,48.973331,49.169998,48.646667,49.000000,45.600098,16860900
2020-12-14,49.233334,49.240002,48.466667,48.549999,45.181320,25088100
2020-12-15,48.506668,48.786667,48.286667,48.526669,45.159615,31871400
2020-12-16,48.746666,48.963333,48.360001,48.476665,45.113087,25650900
2020-12-17,48.686668,48.813332,48.383331,48.700001,45.320927,30679500
2020-12-18,48.873333,49.060001,48.386665,48.650002,45.274391,41384100
2020-12-21,48.500000,48.889999,48.353333,48.656666,45.280594,25553100
2020-12-22,48.383331,48.743332,47.713333,48.066666,44.731529,37599000
2020-12-23,47.846668,48.073334,47.433334,47.740002,44.427536,20430600
2020-12-24,47.846668,48.130001,47.726665,47.833332,44.514385,9054600
2020-12-28,48.013332,48.433334,47.776669,48.406666,45.047939,19344900
2020-12-29,48.546665,48.616669,47.863335,48.099998,44.762543,17938200
2020-12-30,48.293331,48.383331,47.980000,48.060001,44.725338,18751200
2020-12-31,48.066666,48.090000,47.616669,48.049999,44.716011,17814000
2021-01-04,48.099998,48.963333,48.093334,48.843334,45.454315,32182200
2021-01-05,48.866669,49.023335,48.163334,48.583332,45.212349,26498100
2021-01-06,48.363335,49.366669,48.336666,48.886665,45.494629,21918900
2021-01-07,49.206669,49.253334,48.680000,48.883331,45.491528,20538000
2021-01-08,48.959999,49.000000,48.603333,48.876667,45.485332,24478200
2021-01-11,48.666668,49.330002,48.666668,49.096668,45.690067,26264400
2021-01-12,49.666668,49.976665,49.439999,49.656666,46.211205,23373300
2021-01-13,49.583332,49.689999,49.143333,49.150002,45.739693,16069500
2021-01-14,49.273335,49.333332,48.680000,48.990002,45.590813,23017200
2021-01-15,48.380001,48.633331,47.889999,48.213333,44.868015,35920500
2021-01-19,48.213333,48.356667,47.556667,47.796665,44.480267,24123600
2021-01-20,47.863335,48.553333,47.630001,48.503334,45.137897,23775600
2021-01-21,48.453335,48.576668,48.070000,48.283333,44.933167,14325900
2021-01-22,48.533333,49.113335,48.373333,48.776669,45.392273,19219500
2021-01-25,48.453335,48.750000,48.090000,48.733334,45.351933,19031100
2021-01-26,48.543331,49.270000,48.490002,49.169998,45.758301,15031500
2021-01-27,48.986668,49.286667,47.849998,47.946667,44.619854,29910300
2021-01-28,48.153332,48.753334,47.876667,47.916668,44.591934,22301700
2021-01-29,47.726665,47.916668,46.783333,46.830002,43.580673,32509200
2021-02-01,46.970001,47.163334,46.396667,46.423332,43.202221,25945200
2021-02-02,46.586666,47.383331,46.480000,46.923332,43.667534,27002400
2021-02-03,46.886665,47.349998,46.876667,47.066666,43.800903,14966700
2021-02-04,47.263332,47.726665,47.086666,47.509998,44.213493,17346300
2021-02-05,47.820000,48.283333,47.509998,48.119999,44.781170,20451600
2021-02-08,48.270000,48.526669,48.153332,48.343334,44.989010,15825300
2021-02-09,48.193333,48.773335,48.193333,48.610001,45.237179,15906900
2021-02-10,48.610001,48.633331,47.846668,48.043331,44.709816,18576900
2021-02-11,48.046665,48.316666,47.903332,48.006668,44.675705,12791400
2021-02-12,48.053333,48.203335,47.889999,48.156666,44.815285,13423500
2021-02-16,48.646667,48.796665,48.310001,48.553333,45.184429,27891000
2021-02-17,48.216667,49.166668,48.166668,49.066666,45.662144,25571100
2021-02-18,46.333332,46.900002,45.833332,45.886665,42.702793,96927300
2021-02-19,45.933334,46.473331,45.889999,46.113335,42.913731,36606000
2021-02-22,45.913334,46.113335,45.416668,45.896667,42.712101,32106600
2021-02-23,45.703335,45.796665,45.020000,45.156666,42.023434,31300200
2021-02-24,45.290001,45.386665,44.349998,44.403332,41.322376,46565700
2021-02-25,44.366669,44.669998,43.826668,43.983334,40.931530,33324600
2021-02-26,43.826668,43.936668,43.286667,43.306667,40.301811,42470700
2021-03-01,43.860001,44.189999,43.709999,43.790001,40.751606,34634400
2021-03-02,43.836666,44.250000,43.336666,43.369999,40.360748,29230800
2021-03-03,43.166668,43.310001,42.516666,42.529999,39.579029,41837400
2021-03-04,42.619999,43.193333,42.093334,42.509998,39.560417,45348000
2021-03-05,42.276669,43.250000,42.250000,43.040001,40.053642,34073700
2021-03-08,43.110001,43.279999,42.603333,42.626667,39.668987,40988400
2021-03-09,42.933334,43.293331,42.773335,42.963333,39.982288,31988700
2021-03-10,42.953335,44.349998,42.823334,44.060001,41.002872,44929200
2021-03-11,44.453335,44.496666,43.843334,44.043331,40.987362,35489700
2021-03-12,44.173332,44.840000,44.026669,44.706669,41.604671,28437600
2021-03-15,44.913334,44.916668,44.273335,44.476665,41.390625,25071900
2021-03-16,44.273335,44.759998,44.273335,44.463333,41.378220,19881000
2021-03-17,44.166668,44.380001,43.993332,44.093334,41.033909,24156300
2021-03-18,43.720001,43.983334,43.310001,43.336666,40.498108,29815500
2021-03-19,43.376667,44.166668,43.299999,43.913334,41.037010,57703500
2021-03-22,43.666668,44.150002,43.663334,44.123333,41.233246,24654000
2021-03-23,43.903332,44.766666,43.876667,44.646667,41.722301,29154900
2021-03-24,44.810001,44.810001,44.349998,44.369999,41.463757,23547300
2021-03-25,44.419998,44.843334,44.290001,44.669998,41.744102,28125900
2021-03-26,44.666668,45.066666,44.473331,45.043331,42.092983,28653600
2021-03-29,45.000000,45.669998,44.866669,45.556667,42.572697,30146400
2021-03-30,45.443333,45.863335,45.156666,45.246666,42.283009,27230100
2021-03-31,45.183334,45.619999,44.986668,45.276669,42.311050,24546000
2021-04-01,45.313332,45.630001,45.110001,45.206669,42.245628,25595100
2021-04-05,45.573334,46.720001,45.400002,46.476665,43.432449,40043100
2021-04-06,46.369999,46.983334,46.173332,46.700001,43.641151,31044600
2021-04-07,46.766666,46.916668,46.549999,46.599998,43.547707,20361600
2021-04-08,46.816666,47.040001,46.553333,46.570000,43.519657,19095600
2021-04-09,46.543331,46.696667,46.236668,46.593334,43.541470,20676600
2021-04-12,46.689999,46.793331,46.446667,46.599998,43.547707,18723000
2021-04-13,46.599998,46.666668,46.290001,46.456669,43.413754,17397900
2021-04-14,46.373333,46.486668,46.139999,46.439999,43.398178,21924600
2021-04-15,46.466667,46.823334,46.400002,46.720001,43.659836,21710400
2021-04-16,46.963333,46.986668,46.570000,46.869999,43.800014,26488500
2021-04-19,46.763332,46.856667,46.536667,46.570000,43.519657,19281000
2021-04-20,46.473331,47.256668,46.273335,46.930000,43.856079,24452100
2021-04-21,46.923332,47.233334,46.843334,47.066666,43.983791,17335200
2021-04-22,47.026669,47.150002,46.473331,46.556667,43.507195,19705200
2021-04-23,46.366669,46.779999,46.343334,46.633331,43.578838,22971000
2021-04-26,46.636665,46.666668,45.880001,45.970001,42.958961,22846200
2021-04-27,46.000000,46.316666,45.849998,46.126667,43.105366,16151400
2021-04-28,46.116669,46.196667,45.956669,45.963333,42.952728,14286600
2021-04-29,45.966667,46.666668,45.966667,46.543331,43.494736,19596000
2021-04-30,46.570000,46.663334,46.369999,46.636665,43.581959,19680000
2021-05-03,46.560001,47.580002,46.560001,47.373333,44.270374,27139500
2021-05-04,47.180000,47.343334,46.700001,46.906666,43.834270,19084200
2021-05-05,46.903332,47.066666,46.750000,46.866669,43.796890,18351000
2021-05-06,46.666668,47.119999,46.483334,47.016666,44.109615,16302000
2021-05-07,47.209999,47.240002,46.439999,46.733334,43.843803,23408400
2021-05-10,46.816666,47.360001,46.770000,46.939999,44.037689,26307600
2021-05-11,46.956669,46.956669,46.106667,46.516666,43.640530,26464200
2021-05-12,46.290001,46.326668,45.303333,45.313332,42.511597,25998300
2021-05-13,45.410000,46.326668,45.253334,46.080002,43.230869,21475200
2021-05-14,46.270000,46.746666,46.143333,46.506668,43.631149,16091700
2021-05-17,46.666668,46.799999,46.256668,46.296665,43.434132,19675800
2021-05-18,47.836666,48.193333,47.070000,47.303333,44.378555,58183800
2021-05-19,46.903332,47.906666,46.833332,47.306667,44.381687,34874700
2021-05-20,47.166668,47.623333,46.900002,47.473331,44.538048,30540900
2021-05-21,47.506668,47.693333,47.200001,47.250000,44.328526,22927500
2021-05-24,47.253334,47.473331,47.119999,47.253334,44.331665,18945900
2021-05-25,47.266666,47.546665,47.023335,47.446667,44.513039,21505200
2021-05-26,47.463333,47.626667,47.253334,47.389999,44.459866,19294200
2021-05-27,47.783333,47.893333,47.230000,47.230000,44.309761,56577000
2021-05-28,47.310001,47.483334,47.213333,47.343334,44.416092,21186300
2021-06-01,47.403332,47.599998,47.090000,47.220001,44.300365,20767500
2021-06-02,47.130001,47.236668,46.696667,47.116669,44.203442,23298000
2021-06-03,47.130001,47.283333,46.916668,47.200001,44.281620,18374400
2021-06-04,47.153332,47.430000,47.083332,47.283333,44.359806,13635900
2021-06-07,47.283333,47.323334,46.796665,46.966667,44.062706,16630800
2021-06-08,46.836666,46.966667,46.603333,46.610001,43.728096,20120700
2021-06-09,46.446667,46.669998,46.343334,46.360001,43.493549,17085300
2021-06-10,46.360001,46.730000,46.360001,46.626667,43.743729,16378500
2021-06-11,46.743332,46.950001,46.619999,46.916668,44.015808,25232400
2021-06-14,46.976665,46.976665,46.676666,46.853333,43.956375,15140700
2021-06-15,46.946667,46.970001,46.553333,46.666668,43.781265,19327200
2021-06-16,46.616669,46.680000,45.656666,45.716667,42.889999,28794900
2021-06-17,45.666668,46.116669,45.570000,45.906666,43.068237,19341900
2021-06-18,45.146667,45.463333,44.799999,45.056667,42.270798,44812800
2021-06-21,45.220001,45.583332,45.116669,45.466667,42.655453,20775000
2021-06-22,45.410000,45.906666,45.410000,45.676666,42.852467,19107000
2021-06-23,45.500000,45.663334,45.310001,45.320000,42.517857,19390500
2021-06-24,45.389999,45.746666,45.366669,45.636665,42.814934,23444100
2021-06-25,45.709999,46.286667,45.639999,46.176666,43.321560,28640700
2021-06-28,46.013332,46.213333,45.533333,46.033333,43.187084,15549000
2021-06-29,45.966667,46.156666,45.743332,45.766666,42.936897,35962500
2021-06-30,46.520000,47.526669,46.230000,47.006668,44.100231,45511200
2021-07-01,46.803333,47.083332,46.336666,46.439999,43.568600,26348700
2021-07-02,46.450001,47.026669,46.450001,46.703335,43.815662,26280600
2021-07-06,46.633331,46.916668,46.503334,46.646667,43.762489,18279300
2021-07-07,46.586666,47.063332,46.453335,46.570000,43.690559,25607400
2021-07-08,46.113335,46.883331,46.073334,46.529999,43.653049,21267000
2021-07-09,46.803333,46.946667,46.643333,46.766666,43.875076,15185400
2021-07-12,46.896667,46.930000,46.443333,46.683334,43.796890,19515000
2021-07-13,46.663334,47.060001,46.646667,46.860001,43.962627,18947700
2021-07-14,46.903332,47.266666,46.610001,47.183334,44.265987,18812100
2021-07-15,47.333332,47.546665,47.029999,47.220001,44.300365,17974800
2021-07-16,47.233334,47.376667,46.983334,47.186668,44.269108,18095400
2021-07-19,47.136665,47.660000,46.590000,47.076668,44.165909,27383100
2021-07-20,46.990002,47.490002,46.926666,47.290001,44.366055,19020300
2021-07-21,47.500000,47.513332,46.903332,47.056667,44.147137,18591900
2021-07-22,47.043331,47.373333,46.933334,47.090000,44.178417,13013400
2021-07-23,47.173332,47.573334,47.003334,47.476665,44.541180,15947400
2021-07-26,47.453335,47.953335,47.153332,47.543331,44.603714,18517200
2021-07-27,47.666668,47.666668,47.320000,47.546665,44.606842,15395700
2021-07-28,47.493332,47.750000,47.220001,47.353333,44.425461,14071500
2021-07-29,47.546665,47.616669,47.340000,47.413334,44.481758,11063100
2021-07-30,47.066666,47.653332,47.066666,47.516666,44.578693,16332300
2021-08-02,47.610001,47.623333,47.223331,47.406666,44.475506,19958400
2021-08-03,47.480000,47.966667,47.453335,47.939999,44.975857,18915300
2021-08-04,47.793331,47.980000,47.580002,47.613335,44.669403,15301500
2021-08-05,48.076668,48.513332,47.996666,48.496666,45.498116,27005400
2021-08-06,48.736668,48.823334,48.316666,48.410000,45.416801,19263600
2021-08-09,48.636665,48.826668,48.466667,48.526669,45.526245,15811800
2021-08-10,48.990002,49.650002,48.750000,49.560001,46.495701,38262000
2021-08-11,49.836666,50.526669,49.720001,50.003334,46.911610,41455800
2021-08-12,49.666668,50.070000,49.603333,49.686668,46.786076,18269100
2021-08-13,49.793331,50.119999,49.720001,49.843334,46.933582,15981300
2021-08-16,49.893333,50.576668,49.680000,50.250000,47.316525,47791500
2021-08-17,50.133331,50.833332,49.700001,50.233334,47.300823,50950200
2021-08-18,50.183334,50.856667,49.673332,49.700001,46.798634,28211700
2021-08-19,49.443333,50.220001,49.333332,50.036667,47.115627,22630500
2021-08-20,50.160000,50.573334,49.916668,50.483334,47.536232,19400400
2021-08-23,50.509998,50.596668,50.136665,50.150002,47.222359,16166100
2021-08-24,50.166668,50.166668,49.566666,49.633331,46.735847,18828900
2021-08-25,49.470001,49.759998,49.343334,49.653332,46.754681,21921300
2021-08-26,49.156666,49.423332,48.889999,49.116669,46.249340,23466900
2021-08-27,49.169998,49.230000,48.726665,48.840000,45.988834,23088600
2021-08-30,48.806667,49.333332,48.673332,49.233334,46.359196,16440600
2021-08-31,49.330002,49.480000,49.080002,49.366669,46.484760,25078500
2021-09-01,49.186668,49.310001,48.856667,49.259998,46.384304,19056600
2021-09-02,49.373333,49.596668,49.230000,49.520000,46.629135,20018100
2021-09-03,49.400002,49.883331,49.299999,49.750000,46.845699,17211900
2021-09-07,49.656666,49.723331,49.020000,49.090000,46.224232,25345200
2021-09-08,48.983334,49.439999,48.910000,49.153332,46.283859,19508400
2021-09-09,49.153332,49.203335,48.613335,48.806667,45.957439,22328700
2021-09-10,49.066666,49.080002,48.476665,48.630001,45.791092,15775200
2021-09-13,48.840000,49.049999,48.213333,48.353333,45.530560,19529400
2021-09-14,48.493332,48.626667,47.973331,48.099998,45.292030,16533900
2021-09-15,48.023335,48.250000,47.930000,48.183334,45.370491,14850000
2021-09-16,48.146667,48.436668,47.896667,48.343334,45.521156,18428400
2021-09-17,48.046665,48.720001,48.006668,48.243332,45.426991,73032600
2021-09-20,47.833332,48.396667,47.206669,47.580002,44.802383,25054500
2021-09-21,47.566666,48.193333,47.556667,47.673332,44.890263,17437500
2021-09-22,47.823334,47.866669,47.430000,47.563332,44.786686,15044400
2021-09-23,47.740002,47.876667,47.483334,47.590000,44.811798,15585300
2021-09-24,47.500000,47.896667,47.496666,47.723331,44.937351,13360500
2021-09-27,47.623333,47.849998,47.279999,47.416668,44.648586,21250800
2021-09-28,47.293331,47.356667,46.663334,46.833332,44.099300,20580900
2021-09-29,46.883331,47.276669,46.773335,46.813332,44.080467,21375600
2021-09-30,46.880001,47.243332,46.416668,46.459999,43.747768,22457700
2021-10-01,46.419998,46.543331,45.306667,45.683334,43.016445,30014400
2021-10-04,45.696667,46.076668,44.903332,45.243332,42.602131,29970300
2021-10-05,45.316666,45.903332,45.299999,45.540001,42.881466,20597400
2021-10-06,45.413334,45.930000,45.376667,45.873333,43.195351,19376700
2021-10-07,46.259998,46.900002,46.253334,46.413334,43.703823,21068100
2021-10-08,46.553333,46.696667,46.336666,46.553333,43.835655,13847400
2021-10-11,46.506668,46.926666,46.480000,46.509998,43.794838,13048200
2021-10-12,46.446667,46.803333,46.356667,46.459999,43.747768,15789300
2021-10-13,46.500000,46.669998,46.043331,46.123333,43.430759,17937900
2021-10-14,46.166668,46.689999,46.166668,46.623333,43.901562,19783500
2021-10-15,46.873333,47.033333,46.653332,46.849998,44.115002,20737200
2021-10-18,46.666668,47.336666,46.610001,47.226665,44.469681,19887000
2021-10-19,48.209999,48.536667,47.886665,48.230000,45.414429,33444300
2021-10-20,48.296665,48.830002,48.296665,48.666668,45.825615,17453700
2021-10-21,48.860001,48.973331,48.603333,48.936668,46.079853,13954500
2021-10-22,49.033333,49.896667,49.033333,49.446667,46.560074,21195600
2021-10-25,49.593334,50.173332,49.336666,50.020000,47.099941,19287900
2021-10-26,50.000000,50.183334,49.486668,49.583332,46.688763,17418600
2021-10-27,49.653332,49.673332,49.130001,49.176666,46.305847,14565600
2021-10-28,49.446667,49.660000,49.236668,49.483334,46.594608,12598500
2021-10-29,49.303333,50.033333,49.186668,49.806667,46.899063,22022700
2021-11-01,49.993332,50.250000,49.783333,49.930000,47.015198,12549600
2021-11-02,49.990002,50.060001,49.759998,49.906666,46.993225,13638900
2021-11-03,49.866669,50.096668,49.676666,50.060001,47.137604,14209500
2021-11-04,50.060001,50.616669,49.943333,50.426666,47.482872,15149100
2021-11-05,50.666668,50.666668,49.873333,50.076668,47.153305,15081900
2021-11-08,50.073334,50.169998,49.576668,49.756668,46.851978,15373200
2021-11-09,49.840000,49.956669,49.623333,49.930000,47.015198,15001800
2021-11-10,49.576668,49.873333,49.326668,49.480000,46.591461,16803600
2021-11-11,49.590000,49.663334,49.396667,49.500000,46.610306,13603200
2021-11-12,49.666668,49.746666,49.180000,49.253334,46.378033,18313800
2021-11-15,49.383331,49.483334,48.799999,48.970001,46.111240,28896000
2021-11-16,48.366669,48.893333,47.433334,47.723331,44.937351,73986600
2021-11-17,47.720001,48.240002,47.273335,47.313332,44.551289,33116100
2021-11-18,47.380001,47.763332,46.953335,47.720001,44.934216,24394200
2021-11-19,47.873333,48.000000,47.313332,47.463333,44.692524,28119300
2021-11-22,47.553333,48.453335,47.333332,48.259998,45.442684,29126400
2021-11-23,48.083332,48.660000,47.750000,48.603333,45.765980,29907900
2021-11-24,48.576668,49.020000,48.546665,48.846668,45.995110,18089400
2021-11-26,48.813332,49.293331,48.139999,48.299999,45.480358,21039600
2021-11-29,48.333332,48.416668,47.410000,47.543331,44.767853,33039600
2021-11-30,47.160000,47.500000,46.669998,46.876667,44.140110,64818900
2021-12-01,46.836666,46.906666,45.680000,45.713333,43.044685,36621300
2021-12-02,45.876667,46.146667,45.080002,45.156666,42.520519,39805800
2021-12-03,45.286667,45.959999,45.096668,45.836666,43.160816,44142600
2021-12-06,45.853333,46.453335,45.700001,46.333332,43.628498,32589300
2021-12-07,46.533333,46.610001,46.029999,46.183334,43.487240,37739100
2021-12-08,46.020000,46.166668,45.336666,45.716667,43.047817,34496400
2021-12-09,45.543331,46.189999,45.236668,46.166668,43.646587,32351700
2021-12-10,46.113335,47.099998,45.856667,47.009998,44.443886,38575500
2021-12-13,46.746666,47.916668,46.669998,47.856667,45.244339,54039300
2021-12-14,47.766666,48.426666,47.383331,48.313332,45.676079,46721400
2021-12-15,48.403332,48.823334,47.799999,48.590000,45.937641,33489900
2021-12-16,48.590000,48.843334,47.630001,47.779999,45.171860,39069600
2021-12-17,47.583332,47.983334,46.130001,46.250000,43.725368,78581100
2021-12-20,46.040001,46.583332,45.866669,46.400002,43.867191,31017900
2021-12-21,46.299999,46.619999,46.003334,46.540001,43.999542,24620400
2021-12-22,46.633331,46.663334,46.176666,46.599998,44.056267,17028000
2021-12-23,46.599998,46.720001,46.283333,46.496666,43.958572,17592600
2021-12-27,46.533333,46.956669,46.523335,46.919998,44.358807,16040700
2021-12-28,46.866669,47.656666,46.866669,47.593334,44.995377,15783000
2021-12-29,47.553333,47.843334,47.439999,47.570000,44.973316,13045200
2021-12-30,47.753334,47.900002,47.493332,47.723331,45.118282,14949000
2021-12-31,47.733334,48.346668,47.639999,48.230000,45.597290,17947800
2022-01-03,48.000000,48.263332,47.669998,48.216667,45.584682,20706600
2022-01-04,48.013332,48.380001,47.253334,47.333332,44.749569,33930000
2022-01-05,47.616669,48.650002,47.580002,47.973331,45.354637,35418000
2022-01-06,47.873333,48.213333,47.466667,47.840000,45.228584,21828900
2022-01-07,47.833332,48.453335,47.653332,48.296665,45.660316,19723500
2022-01-10,48.480000,48.529999,47.706669,48.203335,45.572079,22731600
2022-01-11,48.070000,48.206669,47.726665,48.066666,45.442871,21668700
2022-01-12,47.893333,47.986668,47.666668,47.813332,45.203369,18946800
2022-01-13,47.810001,48.560001,47.703335,48.490002,45.843109,24252600
2022-01-14,48.073334,48.876667,48.073334,48.353333,45.713882,26867400
2022-01-18,48.136665,48.233334,47.376667,47.506668,44.913448,21123900
2022-01-19,47.513332,48.330002,47.306667,47.980000,45.360939,22674000
2022-01-20,47.450001,48.153332,47.023335,47.073334,44.503769,22387200
2022-01-21,47.073334,47.419998,46.686668,46.730000,44.179180,27508200
2022-01-24,46.356667,46.843334,45.770000,46.733334,44.182327,28699200
2022-01-25,46.663334,46.790001,45.603333,45.716667,43.221146,29479500
2022-01-26,45.779999,46.263332,45.053333,45.250000,42.779957,26185500
2022-01-27,45.639999,46.360001,45.123333,45.279999,42.808319,27759000
2022-01-28,45.333332,45.856667,44.650002,45.840000,43.337753,25131900
2022-01-31,45.696667,46.680000,45.566666,46.603333,44.059414,20193600
2022-02-01,46.403332,47.049999,46.330002,46.970001,44.406071,20323200
2022-02-02,47.000000,47.213333,46.716667,46.950001,44.387161,18149700
2022-02-03,46.753334,47.330002,46.590000,46.996666,44.431290,20741100
2022-02-04,46.963333,47.000000,46.116669,46.443333,43.908157,22036500
2022-02-07,46.686668,46.689999,45.869999,45.986668,43.476410,20010300
2022-02-08,46.106667,46.413334,45.836666,45.996666,43.485870,19458900
2022-02-09,46.166668,46.263332,45.823334,45.896667,43.391335,21473700
2022-02-10,45.516666,45.669998,45.153332,45.360001,42.883957,27810600
2022-02-11,45.606667,45.726665,44.723331,45.110001,42.647602,23733300
2022-02-14,45.110001,45.320000,44.236668,44.650002,42.212715,29363400
2022-02-15,44.913334,45.223331,44.596668,44.790001,42.345070,21824400
2022-02-16,44.776669,44.959999,44.233334,44.509998,42.080353,28490700
2022-02-17,44.666668,46.490002,44.593334,46.293331,43.766346,53831400
2022-02-18,46.033333,46.529999,45.720001,45.996666,43.485870,31103400
2022-02-22,45.923332,46.080002,45.313332,45.483334,43.000557,25380900
2022-02-23,45.619999,45.730000,44.946667,45.016666,42.559353,21030900
2022-02-24,44.636665,45.003334,44.003334,44.843334,42.395493,31717500
2022-02-25,44.936668,45.593334,44.696667,45.459999,42.978493,24997800
2022-02-28,45.000000,45.356667,44.590000,45.053333,42.594028,26286600
2022-03-01,45.290001,45.963333,45.006668,45.330002,42.855602,24024900
2022-03-02,45.220001,45.610001,45.060001,45.386665,42.909161,23863800
2022-03-03,45.763332,46.823334,45.516666,46.430000,43.895546,29885100
2022-03-04,45.936668,47.646667,45.863335,47.606667,45.007980,35576400
2022-03-07,47.099998,47.876667,46.816666,47.223331,44.645576,45870000
2022-03-08,47.166668,47.486668,46.193333,46.246666,43.722221,28305600
2022-03-09,46.666668,46.746666,46.046665,46.486668,43.949123,22122900
2022-03-10,46.496666,47.666668,46.336666,47.543331,44.948105,27512700
2022-03-11,47.433334,48.016666,47.293331,47.356667,44.771641,19162200
2022-03-14,47.340000,48.283333,47.330002,48.016666,45.395607,22646400
2022-03-15,48.176666,48.716667,47.950001,48.593334,45.940788,22872600
2022-03-16,48.463333,48.980000,47.900002,48.450001,45.805279,24615900
2022-03-17,48.150002,48.433334,47.549999,48.336666,45.874886,19023000
2022-03-18,48.393333,48.523335,48.036667,48.480000,46.010918,31233300
2022-03-21,48.476665,49.096668,47.873333,48.076668,45.628124,21350700
2022-03-22,48.203335,48.323334,47.660000,47.933334,45.492088,20235000
2022-03-23,47.713333,47.910000,47.173332,47.316666,44.906834,19625400
2022-03-24,47.463333,47.970001,47.293331,47.610001,45.185226,13440900
2022-03-25,47.816666,47.976665,47.419998,47.816666,45.381363,14085300
2022-03-28,47.833332,48.686668,47.766666,48.666668,46.188080,20105700
2022-03-29,48.866669,49.366669,48.750000,49.076668,46.577183,19934400
2022-03-30,49.043331,50.060001,49.013332,49.956669,47.412380,24991500
2022-03-31,49.596668,50.180000,49.393333,49.639999,47.111832,27163800
2022-04-01,49.886665,50.423332,49.613335,50.336666,47.773026,20939700
2022-04-04,50.303333,51.066666,50.026669,50.346668,47.782516,25332600
2022-04-05,50.293331,51.110001,50.293331,50.490002,47.918549,18657900
2022-04-06,50.340000,51.806667,50.166668,51.663334,49.032124,28018500
2022-04-07,51.700001,52.513332,51.480000,52.180000,49.522476,27088200
2022-04-08,52.303333,52.803333,52.070000,52.470001,49.797707,23294400
2022-04-11,52.323334,52.746666,51.209999,51.430000,48.810669,24712800
2022-04-12,51.413334,51.799999,50.849998,51.076668,48.475334,26761200
2022-04-13,51.150002,52.596668,51.116669,52.406666,49.737591,29284500
2022-04-14,52.369999,52.763332,52.143333,52.360001,49.693302,22360500
2022-04-18,52.250000,52.660000,51.736668,51.959999,49.313671,14671800
2022-04-19,52.223331,52.650002,52.013332,52.549999,49.873631,15855000
2022-04-20,52.783333,53.450001,52.763332,53.209999,50.500019,19821600
2022-04-21,53.306667,53.590000,53.023335,53.290001,50.575935,18168300
2022-04-22,53.416668,53.453335,52.220001,52.286667,49.623707,21046200
2022-04-25,52.123333,52.490002,51.450001,52.313332,49.649017,18057600
2022-04-26,52.123333,52.709999,51.733334,51.766666,49.130192,19601100
2022-04-27,51.843334,52.066666,51.340000,51.413334,48.794853,17496900
2022-04-28,51.743332,52.326668,51.366669,52.070000,49.418083,14955900
2022-04-29,51.936668,52.073334,50.903332,50.996666,48.399406,21088800
2022-05-02,51.653332,51.663334,50.106667,50.660000,48.079884,20016000
2022-05-03,50.810001,51.426666,50.593334,50.836666,48.247559,17950500
2022-05-04,50.676666,51.606667,50.503334,51.540001,48.915077,20022600
2022-05-05,51.213333,51.276669,50.466667,50.913334,48.495964,23234400
2022-05-06,50.570000,51.316666,49.423332,49.853333,47.486294,34258200
2022-05-09,49.490002,51.033333,49.396667,50.436668,48.041927,28207200
2022-05-10,50.476665,50.763332,49.520000,49.726665,47.365646,24861300
2022-05-11,49.799999,50.250000,48.970001,49.206669,46.870331,27878700
2022-05-12,49.286667,50.049999,48.840000,49.160000,46.825878,25244400
2022-05-13,49.236668,49.459999,48.713333,49.349998,47.006855,19962300
2022-05-16,49.793331,49.910000,48.820000,49.403332,47.057655,21449100
2022-05-17,45.476665,45.813332,43.546665,43.783333,41.704498,132940200
2022-05-18,42.676666,42.756668,40.509998,40.810001,38.872341,104253000
2022-05-19,40.290001,40.596668,39.533333,39.689999,37.805508,71008500
2022-05-20,39.880001,40.279999,39.090000,39.733334,37.846790,49356000
2022-05-23,39.973331,41.256668,39.953335,40.866669,38.926319,43680900
2022-05-24,40.403332,41.516666,40.360001,41.376667,39.412109,34584900
2022-05-25,41.333332,41.556667,40.866669,41.123333,39.170792,27121800
2022-05-26,41.766666,42.133331,41.466667,42.000000,40.005833,28197600
2022-05-27,41.830002,42.873333,41.770000,42.826668,40.793251,25299900
2022-05-31,42.486668,43.299999,42.473331,42.876667,40.840874,36912300
2022-06-01,42.833332,42.973331,41.560001,41.816666,39.831203,28534800
2022-06-02,41.856667,42.509998,41.443333,42.503334,40.485283,23214300
2022-06-03,42.223331,42.473331,41.696667,41.773335,39.789936,18302700
2022-06-06,41.939999,42.099998,41.529999,41.623333,39.647049,19855500
2022-06-07,40.413334,41.163334,40.293331,41.123333,39.170792,47707800
2022-06-08,40.783333,41.303333,40.650002,40.766666,38.831066,22522800
2022-06-09,40.666668,41.450001,40.330002,40.340000,38.424648,19880100
2022-06-10,39.916668,40.913334,39.779999,40.566666,38.640556,25238100
2022-06-13,39.913334,40.413334,39.696667,39.803333,37.913471,24897900
2022-06-14,39.709999,40.000000,39.389999,39.820000,37.929344,21544200
2022-06-15,39.990002,40.136665,39.299999,39.793331,37.903942,25914000
2022-06-16,39.450001,40.586666,39.410000,40.206669,38.297653,30706800
2022-06-17,40.006668,40.293331,39.323334,39.430000,37.557858,36838800
2022-06-21,39.433334,40.926666,39.406666,40.723331,38.789783,23916600
2022-06-22,40.700001,41.083332,40.196667,40.230000,38.319866,20235000
2022-06-23,40.583332,41.320000,40.400002,41.206669,39.250175,18040800
2022-06-24,41.363335,41.770000,41.053333,41.240002,39.281918,31845900
2022-06-27,41.259998,41.580002,40.930000,41.373333,39.408920,19889100
2022-06-28,41.553333,41.856667,40.763332,40.790001,38.853283,15399000
2022-06-29,40.963333,41.116669,40.323334,40.639999,38.710403,19111500
2022-06-30,40.293331,40.686668,39.963333,40.526669,38.602459,19166100
2022-07-01,40.646667,40.973331,40.386665,40.876667,38.935833,17460900
2022-07-05,40.736668,41.503334,40.536667,41.416668,39.450203,18218100
2022-07-06,41.493332,42.093334,41.433334,41.709999,39.729595,21300000
2022-07-07,41.730000,41.843334,41.373333,41.773335,39.789936,17487300
2022-07-08,41.939999,42.203335,41.716667,41.799999,39.815327,14751000
2022-07-11,41.673332,42.110001,41.540001,41.816666,39.831203,11532900
2022-07-12,41.703335,42.376667,41.573334,41.689999,39.710556,13732200
2022-07-13,41.480000,42.153332,41.303333,41.790001,39.805805,12689100
2022-07-14,41.386665,42.773335,41.380001,42.606667,40.583698,20905500
2022-07-15,42.933334,43.423332,42.683334,43.023335,40.980579,21184200
2022-07-18,42.883331,43.433334,42.753334,42.923332,40.885330,14243700
2022-07-19,43.130001,43.320000,42.866669,43.186668,41.136158,16995300
2022-07-20,43.503334,43.770000,43.166668,43.546665,41.479065,18564900
2022-07-21,43.560001,44.186668,43.500000,44.183334,42.085503,18764700
2022-07-22,44.180000,44.463333,43.743332,44.070000,41.977543,13616400
2022-07-25,44.130001,44.233334,43.820000,44.006668,41.917229,20535300
2022-07-26,40.376667,40.896667,40.020000,40.660000,38.729458,95391600
2022-07-27,40.413334,42.256668,40.343334,42.196667,40.193157,42159600
2022-07-28,42.090000,43.503334,42.090000,43.250000,41.196484,33262200
2022-07-29,42.773335,44.086666,42.669998,44.016666,41.926754,30141900
2022-08-01,43.686668,44.743332,43.666668,44.180000,42.082329,24996300
2022-08-02,44.383331,44.570000,43.799999,44.226665,42.126781,19695000
2022-08-03,44.053333,44.313332,43.286667,43.500000,41.434616,32003100
2022-08-04,43.556667,43.599998,41.776669,41.856667,39.869312,53106000
2022-08-05,41.836666,42.270000,41.706669,42.193333,40.189987,32007000
2022-08-08,42.216667,42.736668,42.203335,42.536667,40.517025,18175200
2022-08-09,42.630001,42.990002,42.403332,42.956669,40.917084,19325100
2022-08-10,43.333332,43.383331,42.796665,43.046665,41.002804,25251000
2022-08-11,43.233334,43.456669,42.866669,43.273335,41.398228,23854500
2022-08-12,43.333332,44.279999,43.273335,44.073334,42.163563,26625000
2022-08-15,43.876667,44.523335,43.786667,44.200001,42.284744,26516100
2022-08-16,46.299999,46.976665,46.063332,46.456669,44.443623,91773300
2022-08-17,46.189999,47.573334,46.133331,46.506668,44.491455,41792100
2022-08-18,46.509998,46.806667,46.166668,46.356667,44.347961,19197600
2022-08-19,46.306667,46.356667,45.636665,45.673332,43.694233,22918800
2022-08-22,45.400002,45.573334,44.813332,44.856667,42.912949,18667200
2022-08-23,44.869999,44.986668,44.403332,44.666668,42.731186,16955100
2022-08-24,44.783333,45.096668,44.533333,44.990002,43.040520,15766500
2022-08-25,45.093334,45.330002,45.009998,45.290001,43.327515,19414500
2022-08-26,45.369999,45.610001,43.836666,43.866669,41.965855,21331800
2022-08-29,43.610001,44.623333,43.529999,44.293331,42.374027,17381700
2022-08-30,44.446667,44.549999,43.913334,44.160000,42.246479,14468100
2022-08-31,44.259998,44.596668,43.976665,44.183334,42.268795,22460700
2022-09-01,44.180000,45.046665,44.133331,44.826668,42.884254,21741900
2022-09-02,44.950001,45.223331,44.146667,44.333332,42.412300,17234400
2022-09-06,44.349998,44.540001,43.573334,44.113335,42.201824,21899700
2022-09-07,44.353333,45.323334,44.246666,45.246666,43.286057,17058900
2022-09-08,45.133331,45.623333,44.959999,45.476665,43.506088,16956000
2022-09-09,45.433334,45.833332,45.376667,45.613335,43.636833,16140600
2022-09-12,45.693333,46.083332,45.656666,46.023335,44.029072,14284500
2022-09-13,45.619999,45.983334,44.936668,45.073334,43.120228,17687400
2022-09-14,45.209999,45.509998,44.700001,44.973331,43.024563,19934700
2022-09-15,45.016666,45.049999,44.323334,44.490002,42.562172,20189400
2022-09-16,44.000000,44.849998,43.759998,44.396667,42.472889,41874300
2022-09-19,44.273335,44.919998,44.156666,44.776669,42.836418,16853100
2022-09-20,44.493332,44.626667,44.180000,44.516666,42.587681,13963500
2022-09-21,45.146667,45.816666,44.873333,44.923332,42.976727,24903600
2022-09-22,44.856667,44.906666,44.279999,44.463333,42.536667,16744500
2022-09-23,44.290001,44.393333,42.923332,43.353333,41.474758,27195300
2022-09-26,42.916668,44.046665,42.756668,43.770000,41.873375,23011200
2022-09-27,44.076668,44.476665,43.433334,43.650002,41.758572,17171700
2022-09-28,43.803333,44.549999,43.240002,44.369999,42.447369,16838400
2022-09-29,44.500000,44.706669,43.876667,44.083332,42.173130,15241500
2022-09-30,44.080002,44.119999,43.233334,43.233334,41.359962,19602300
2022-10-03,43.413334,44.263332,43.336666,44.176666,42.262409,17574900
2022-10-04,44.619999,45.066666,44.456669,44.750000,42.810913,16134300
2022-10-05,44.586666,44.873333,44.169998,44.306667,42.386791,14553900
2022-10-06,44.360001,44.826668,43.860001,43.893333,41.991367,14200500
2022-10-07,43.770000,43.883331,42.689999,42.853333,40.996426,17080500
2022-10-10,43.176666,43.310001,42.759998,43.106667,41.238792,11411700
2022-10-11,43.169998,44.599998,43.153332,44.223331,42.307064,21276000
2022-10-12,44.336666,44.923332,43.656666,43.723331,41.828728,16947600
2022-10-13,43.093334,44.313332,42.790001,44.093334,42.182705,20545500
2022-10-14,44.146667,44.406666,43.349998,43.476665,41.592747,16641000
2022-10-17,43.653332,44.276669,43.529999,43.790001,41.892509,17812500
2022-10-18,44.476665,45.033333,44.443333,44.713333,42.775829,16842300
2022-10-19,44.776669,44.910000,44.323334,44.586666,42.654655,11339400
2022-10-20,44.660000,45.133331,44.549999,44.696667,42.759884,12754800
2022-10-21,44.936668,45.803333,44.666668,45.599998,43.624077,18134700
2022-10-24,45.816666,46.826668,45.709999,46.470001,44.456383,18806700
2022-10-25,46.363335,46.813332,46.106667,46.689999,44.666843,15051300
2022-10-26,46.786667,47.346668,46.606667,47.046665,45.008057,20754300
2022-10-27,47.003334,47.366669,46.763332,46.910000,44.877316,16602900
2022-10-28,46.683334,47.633331,46.680000,47.503334,45.444935,13648200
2022-10-31,47.446667,47.689999,47.256668,47.443333,45.387527,22572000
2022-11-01,47.656666,47.849998,47.166668,47.230000,45.183441,14814300
2022-11-02,47.053333,47.856667,46.900002,46.916668,44.883694,15522000
2022-11-03,46.503334,47.236668,46.360001,46.906666,44.874126,10976400
2022-11-04,47.343334,47.403332,46.263332,46.990002,44.953846,14669400
2022-11-07,47.086666,47.656666,47.086666,47.483334,45.425800,11364000
2022-11-08,47.526669,48.023335,47.169998,47.596668,45.534229,15068400
2022-11-09,47.586666,47.720001,46.403332,46.490002,44.475510,15932100
2022-11-10,47.503334,47.563332,46.833332,47.453335,45.397102,20310600
2022-11-11,47.556667,47.706669,46.663334,47.526669,45.467262,19270800
2022-11-14,47.213333,47.773335,46.090000,46.130001,44.131111,37525800
2022-11-15,48.536667,50.090000,48.183334,49.146667,47.017063,76548600
2022-11-16,49.293331,50.066666,49.040001,49.500000,47.355083,32593200
2022-11-17,49.003334,49.576668,48.903332,49.333332,47.195629,24791400
2022-11-18,49.889999,50.080002,49.590000,50.076668,47.906757,18987000
2022-11-21,50.203335,50.713333,50.063332,50.383331,48.200134,21157200
2022-11-22,50.666668,50.816666,50.373333,50.563332,48.372341,16898400
2022-11-23,50.693333,51.123333,50.626667,50.806667,48.605137,16920600
2022-11-25,50.706669,51.029999,50.619999,51.023335,48.812416,8777400
2022-11-28,50.906666,51.546665,50.906666,51.169998,48.952713,17674800
2022-11-29,51.009998,51.236668,50.849998,50.990002,48.780521,13841700
2022-11-30,50.869999,50.923332,50.400002,50.806667,48.605137,31338000
2022-12-01,50.683334,51.203335,50.243332,51.123333,48.908073,22732200
2022-12-02,50.493332,51.080002,50.493332,51.073334,48.860245,20733000
2022-12-05,50.916668,51.000000,50.169998,50.549999,48.359589,23608200
2022-12-06,50.400002,50.636665,49.736668,49.963333,47.798332,20625600
2022-12-07,50.166668,50.403332,49.606667,49.703335,47.549610,17550300
2022-12-08,49.720001,49.759998,49.380001,49.593334,47.623226,13512600
2022-12-09,49.156666,49.240002,48.406666,48.436668,46.512512,27929400
2022-12-12,48.633331,49.366669,48.520000,49.340000,47.379959,19432200
2022-12-13,50.000000,50.066666,48.913334,49.163334,47.210308,23408100
2022-12-14,49.029999,49.509998,48.653332,48.889999,46.947834,20334600
2022-12-15,48.526669,48.806667,47.876667,48.453335,46.528522,17514000
2022-12-16,48.160000,48.240002,47.523335,47.583332,45.693069,40343100
2022-12-19,47.669998,47.853333,47.243332,47.599998,45.709084,15067500
2022-12-20,47.639999,48.213333,47.416668,48.016666,46.109200,17009400
2022-12-21,48.106667,48.646667,48.086666,48.393333,46.470898,13726500
2022-12-22,48.256668,48.326668,47.310001,47.826668,45.926750,13082400
2022-12-23,47.683334,47.933334,47.426666,47.923332,46.019566,9547500
2022-12-27,48.013332,48.150002,47.730000,47.936668,46.032372,10044600
2022-12-28,47.823334,47.889999,46.970001,47.096668,45.225742,15246300
2022-12-29,47.380001,47.673332,47.250000,47.383331,45.501019,9171900
2022-12-30,47.186668,47.330002,46.936668,47.263332,45.385784,11505900
2023-01-03,47.516666,47.903332,47.363335,47.866669,45.965157,17249700
2023-01-04,47.806667,48.016666,47.356667,47.919998,46.016365,13338300
2023-01-05,47.820000,48.043331,47.549999,47.756668,45.859520,13274400
2023-01-06,48.200001,49.183334,48.080002,48.926666,46.983040,21231900
2023-01-09,48.773335,49.286667,48.266666,48.316666,46.397278,17756700
2023-01-10,48.313332,48.483334,47.910000,48.286667,46.368465,11970600
2023-01-11,48.580002,48.726665,48.243332,48.709999,46.774982,14834700
2023-01-12,48.803333,48.806667,48.130001,48.270000,46.352470,12472800
2023-01-13,48.509998,48.606667,47.953335,48.430000,46.506111,13699800
2023-01-17,48.430000,48.570000,48.066666,48.136665,46.224434,15122400
2023-01-18,48.066666,48.083332,46.826668,46.946667,45.081692,22674300
2023-01-19,47.130001,47.176666,46.263332,46.276669,44.438320,17342100
2023-01-20,46.466667,46.926666,46.056667,46.846668,44.985676,29543100
2023-01-23,46.820000,47.669998,46.733334,47.546665,45.657856,13149900
2023-01-24,48.849998,48.849998,47.000000,47.673332,45.779495,13669200
2023-01-25,47.413334,47.613335,46.796665,47.446667,45.561836,12491700
2023-01-26,47.676666,47.916668,47.253334,47.403332,45.520218,15819000
2023-01-27,47.533333,48.156666,47.250000,47.766666,45.869125,18412800
2023-01-30,47.373333,47.483334,47.090000,47.383331,45.501019,15897600
2023-01-31,47.439999,47.959999,47.220001,47.956669,46.051579,14103600
2023-02-01,47.886665,48.536667,47.566666,48.223331,46.307648,12849300
2023-02-02,48.136665,48.286667,47.646667,47.873333,45.971550,17806800
2023-02-03,47.786667,47.986668,46.953335,47.236668,45.360180,17155500
2023-02-06,47.273335,47.366669,46.676666,46.893333,45.030487,17454000
2023-02-07,46.590000,47.099998,46.230000,46.993332,45.126511,16341300
2023-02-08,46.776669,47.033333,46.663334,46.740002,44.883240,11691300
2023-02-09,46.956669,47.313332,46.856667,47.173332,45.299362,13064400
2023-02-10,47.696667,47.980000,47.389999,47.906666,46.003559,15002700
2023-02-13,48.236668,48.706669,48.169998,48.636665,46.704559,16015800
2023-02-14,48.576668,49.043331,48.186668,48.496666,46.570129,13831200
2023-02-15,48.320000,48.866669,48.186668,48.856667,46.915829,14674200
2023-02-16,48.493332,48.663334,48.060001,48.090000,46.179615,16312200
2023-02-17,48.369999,48.896667,48.189999,48.813332,46.874210,24770700
2023-02-21,47.626667,49.446667,47.383331,49.110001,47.159096,54393900
2023-02-22,48.923332,49.189999,47.586666,48.080002,46.170013,29844000
2023-02-23,48.123333,48.123333,46.903332,47.363335,45.481815,22021200
2023-02-24,46.946667,47.580002,46.509998,47.490002,45.603455,20623500
2023-02-27,47.570000,47.696667,46.886665,47.146667,45.273754,16647300
2023-02-28,47.000000,47.549999,46.983334,47.376667,45.494617,18054000
2023-03-01,47.020000,47.093334,46.456669,46.716667,44.860844,14180100
2023-03-02,46.613335,46.913334,46.500000,46.833332,44.972870,14785500
2023-03-03,47.013332,47.063332,46.590000,46.889999,45.027279,16888800
2023-03-06,46.833332,46.993332,46.673332,46.883331,45.020878,16720800
2023-03-07,47.060001,47.226665,46.263332,46.416668,44.572750,17387400
2023-03-08,46.186668,46.306667,45.759998,46.033333,44.204651,19090800
2023-03-09,46.276669,46.326668,45.639999,45.723331,43.906963,15415800
2023-03-10,45.673332,46.093334,45.363335,45.656666,43.842945,20065200
2023-03-13,45.560001,46.166668,45.526669,45.790001,43.970989,28142100
2023-03-14,45.896667,46.090000,45.666668,46.033333,44.204651,25542600
2023-03-15,45.630001,46.603333,45.570000,46.546665,44.697594,33133500
2023-03-16,46.476665,46.549999,45.959999,46.093334,44.443680,28905600
2023-03-17,46.063332,46.496666,45.863335,46.466667,44.803654,43081200
2023-03-20,46.700001,47.306667,46.603333,46.966667,45.285755,33928500
2023-03-21,47.130001,47.130001,46.509998,46.806667,45.131489,19013400
2023-03-22,46.880001,47.073334,46.486668,46.506668,44.842216,18548400
2023-03-23,46.733334,47.203335,46.496666,46.883331,45.205406,22044300
2023-03-24,47.003334,47.490002,46.866669,47.266666,45.575020,22752300
2023-03-27,47.596668,48.326668,47.593334,48.056667,46.336750,26775600
2023-03-28,47.883331,48.136665,47.683334,47.869999,46.156765,21282900
2023-03-29,48.123333,48.320000,47.816666,48.076668,46.356030,24216900
2023-03-30,48.500000,48.866669,48.340000,48.556667,46.818851,21879000
2023-03-31,48.860001,49.480000,48.823334,49.150002,47.390949,20868000
2023-04-03,49.243332,49.650002,49.166668,49.563332,47.789490,19766700
2023-04-04,49.509998,49.596668,49.006668,49.076668,47.320240,18113700
2023-04-05,49.056667,49.959999,49.046665,49.889999,48.104465,26540700
2023-04-06,49.599998,50.346668,49.506668,50.266666,48.467659,17891700
2023-04-10,50.119999,50.373333,49.923332,50.169998,48.374443,14519100
2023-04-11,50.333332,50.333332,49.873333,50.023335,48.233025,18370500
2023-04-12,49.930000,50.323334,49.723331,49.779999,47.998394,11209800
2023-04-13,49.883331,50.000000,49.400002,49.830002,48.046616,13272600
2023-04-14,49.676666,49.963333,49.383331,49.493332,47.721996,10464900
2023-04-17,49.546665,49.889999,49.500000,49.840000,48.056252,16166700
2023-04-18,49.926666,50.113335,49.813332,49.950001,48.162319,13482300
2023-04-19,50.279999,50.470001,49.923332,50.003334,48.213745,12433500
2023-04-20,50.070000,50.463333,49.866669,50.323334,48.522289,13641600
2023-04-21,50.653332,50.766666,50.393333,50.576668,48.766560,25335000
2023-04-24,50.570000,50.983334,50.570000,50.919998,49.097603,13579500
2023-04-25,51.096668,51.250000,50.443333,50.523335,48.715134,17246700
2023-04-26,50.326668,50.470001,50.073334,50.303333,48.503006,12910200
2023-04-27,50.259998,50.646667,50.259998,50.459999,48.654068,12861000
2023-04-28,50.430000,50.723331,50.060001,50.323334,48.522289,14088600
2023-05-01,50.346668,50.846668,50.310001,50.529999,48.721565,11409600
2023-05-02,50.490002,50.496666,49.820000,50.393333,48.589783,11329500
2023-05-03,50.520000,50.700001,50.090000,50.206669,48.409798,12334500
2023-05-04,50.183334,50.330002,49.830002,50.156666,48.545303,14011200
2023-05-05,50.099998,50.669998,49.943333,50.590000,48.964706,14556000
2023-05-08,50.423332,50.983334,50.353333,50.906666,49.271206,14926200
2023-05-09,50.906666,51.060001,50.779999,50.993332,49.355091,15209700
2023-05-10,51.230000,51.450001,50.410000,50.849998,49.216358,15827700
2023-05-11,50.849998,51.090000,50.666668,51.040001,49.400261,11926800
2023-05-12,51.200001,51.356667,50.903332,51.023335,49.384129,16119300
2023-05-15,51.166668,51.283333,50.459999,50.626667,49.000202,16113900
2023-05-16,50.283333,50.509998,49.856667,49.926666,48.322685,15512100
2023-05-17,50.380001,50.383331,49.570000,49.843334,48.242035,26985900
2023-05-18,50.599998,51.430000,49.983334,50.490002,48.867935,46768500
2023-05-19,50.466667,50.486668,49.703335,49.970001,48.364635,27594000
2023-05-22,49.900002,50.026669,49.430000,49.529999,47.938763,16117800
2023-05-23,49.336666,49.619999,49.026669,49.436668,47.848427,16302300
2023-05-24,49.503334,49.513332,48.766666,49.209999,47.629051,20515200
2023-05-25,48.959999,49.146667,48.363335,48.720001,47.154797,21299100
2023-05-26,48.566666,48.939999,48.490002,48.806667,47.238674,15720900
2023-05-30,48.766666,49.096668,48.533333,48.686668,47.122528,15742500
2023-05-31,48.473331,49.103333,48.336666,48.956669,47.383858,30130800
2023-06-01,48.736668,49.299999,48.646667,49.136665,47.558071,20239200
2023-06-02,49.073334,49.669998,49.033333,49.606667,48.012981,19178100
2023-06-05,49.790001,50.416668,49.790001,49.933334,48.329144,15553200
2023-06-06,49.900002,50.063332,49.503334,49.926666,48.322685,15015600
2023-06-07,49.750000,50.119999,49.680000,50.000000,48.393669,24256500
2023-06-08,50.130001,50.810001,49.930000,50.723331,49.093761,18873000
2023-06-09,50.720001,51.240002,50.533333,51.029999,49.390579,15603900
2023-06-12,51.143333,51.433334,51.056667,51.366669,49.716431,14713500
2023-06-13,51.506668,51.836666,51.356667,51.766666,50.103577,15738900
2023-06-14,51.970001,52.443333,51.869999,52.290001,50.610096,21103200
2023-06-15,52.333332,52.743332,52.326668,52.576668,50.887558,18160500
2023-06-16,52.693333,52.716667,51.759998,51.843334,50.177780,34675800
2023-06-20,51.566666,51.816666,51.293331,51.386665,49.735783,19994400
2023-06-21,51.403332,51.779999,51.119999,51.486668,49.832577,19251000
2023-06-22,51.660000,52.026669,51.493332,51.916668,50.248760,13307400
2023-06-23,51.959999,52.096668,51.673332,51.820000,50.155197,18975000
2023-06-26,51.883331,51.926666,51.439999,51.683334,50.022919,14106300
2023-06-27,51.383331,51.950001,51.353333,51.496666,49.842251,12093600
2023-06-28,51.576668,51.893333,51.546665,51.776669,50.113255,18889800
2023-06-29,51.503334,51.583332,51.046665,51.426666,49.774506,21530400
2023-06-30,51.656666,52.509998,51.593334,52.393333,50.710117,19073100
2023-07-03,52.270000,52.813332,52.110001,52.733334,51.039181,8647500
2023-07-05,52.720001,53.040001,52.446667,52.703335,51.010147,17585400
2023-07-06,52.643333,52.726665,52.290001,52.369999,50.687531,14427000
2023-07-07,51.936668,52.096668,51.150002,51.163334,49.519630,19774800
2023-07-10,51.520000,51.833332,51.439999,51.626667,49.968075,12967800
2023-07-11,51.590000,51.836666,51.286667,51.549999,49.893871,11460900
2023-07-12,51.770000,51.963333,51.606667,51.680000,50.019691,16509900
2023-07-13,51.810001,51.866669,51.230000,51.376667,49.726112,11859600
2023-07-14,51.373333,51.556667,51.193333,51.553333,49.897095,10427400
2023-07-17,51.466667,51.660000,51.273335,51.616669,49.958401,10135200
2023-07-18,51.556667,51.886665,51.286667,51.523335,49.868065,13437300
2023-07-19,51.599998,51.733334,51.250000,51.540001,49.884197,12372900
2023-07-20,51.643333,52.516666,51.633331,52.493332,50.806892,14987700
2023-07-21,52.633331,52.926666,52.480000,52.790001,51.094040,16960500
2023-07-24,52.816666,53.160000,52.520000,53.099998,51.394073,12529800
2023-07-25,53.486668,53.503334,52.759998,53.056667,51.352135,15553800
2023-07-26,53.080002,53.563332,52.980000,53.246666,51.536030,15094200
2023-07-27,53.360001,53.546665,53.043331,53.053333,51.348907,13400400
2023-07-28,53.096668,53.646667,53.096668,53.303333,51.590878,11020200
2023-07-31,53.320000,53.546665,52.970001,53.286667,51.574745,13033200
2023-08-01,53.316666,53.483334,52.986668,53.036667,51.332775,11782500
2023-08-02,52.843334,53.476665,52.843334,53.073334,51.368267,12660000
2023-08-03,53.006668,53.166668,52.836666,53.086666,51.381168,13202700
2023-08-04,53.253334,53.416668,52.653332,52.779999,51.084354,14262000
2023-08-07,53.166668,53.736668,53.036667,53.496666,51.777988,14268900
2023-08-08,53.663334,53.873333,53.169998,53.549999,51.829617,11017500
2023-08-09,53.636665,54.033333,53.570000,53.636665,51.913502,13209600
2023-08-10,53.596668,53.916668,53.343334,53.419998,51.887596,15169500
2023-08-11,53.516666,53.943333,53.366669,53.733334,52.191936,14195100
2023-08-14,54.000000,54.259998,53.060001,53.333332,51.803421,20813700
2023-08-15,53.180000,53.596668,52.973331,53.060001,51.537930,14559300
2023-08-16,53.293331,53.656666,52.790001,53.086666,51.563828,26980800
2023-08-17,53.633331,53.713333,51.673332,51.896667,50.407967,53614200
2023-08-18,51.770000,53.223331,51.770000,52.643333,51.133217,27954900
2023-08-21,52.543331,52.946667,52.346668,52.503334,50.997234,15679200
2023-08-22,52.323334,52.436668,52.080002,52.336666,50.835346,16670700
2023-08-23,52.203335,52.799999,52.169998,52.700001,51.188255,14210400
2023-08-24,52.709999,53.076668,52.273335,52.296665,50.796486,14033100
2023-08-25,52.393333,52.680000,52.180000,52.606667,51.097595,12267000
2023-08-28,52.619999,52.943333,52.619999,52.906666,51.388996,11871000
2023-08-29,53.000000,53.410000,52.953335,53.349998,51.819611,12702300
2023-08-30,53.466667,53.763332,53.306667,53.733334,52.191936,10967700
2023-08-31,53.706669,54.330002,53.653332,54.203335,52.648460,19582800
2023-09-01,54.290001,54.320000,53.383331,53.856667,52.311737,12553500
2023-09-05,53.950001,54.266666,53.393333,53.423332,51.890835,15209400
2023-09-06,53.466667,54.056667,53.303333,53.823334,52.279366,14594700
2023-09-07,54.000000,54.493332,53.830002,54.490002,52.926910,19120800
2023-09-08,54.493332,54.619999,54.356667,54.590000,53.024033,12667200
2023-09-11,54.666668,54.826668,54.553333,54.779999,53.208591,11912100
2023-09-12,54.833332,54.976665,54.680000,54.840000,53.266865,11757300
2023-09-13,54.976665,55.283333,54.790001,54.853333,53.279816,14364300
2023-09-14,55.000000,55.246666,54.803333,55.083332,53.503216,14923800
2023-09-15,55.070000,55.220001,54.590000,54.880001,53.305717,63925200
2023-09-18,54.893333,55.066666,54.416668,54.473331,52.910717,12997800
2023-09-19,54.459999,54.593334,54.116669,54.459999,52.897762,14019600
2023-09-20,54.533333,54.903332,54.320000,54.636665,53.069363,10120800
2023-09-21,54.753334,54.833332,53.930000,53.973331,52.425060,18782400
2023-09-22,54.076668,54.410000,53.973331,54.116669,52.564285,13215000
2023-09-25,54.123333,54.369999,53.956669,54.356667,52.797390,10459500
2023-09-26,54.313332,54.513332,54.116669,54.166668,52.612854,14435700
2023-09-27,54.000000,54.076668,53.430000,53.906666,52.360313,15711000
2023-09-28,54.000000,54.276669,53.863335,54.180000,52.625797,11617200
2023-09-29,54.343334,54.376667,53.063332,53.310001,51.780758,18842400
2023-10-02,53.163334,53.423332,52.770000,53.366669,51.835796,12992700
2023-10-03,53.230000,53.583332,52.893333,53.029999,51.508793,11253300
2023-10-04,53.216667,53.683334,53.003334,53.666668,52.127201,15755700
2023-10-05,53.483334,53.653332,53.000000,53.026669,51.505554,14269500
2023-10-06,52.883331,52.996666,50.549999,52.136665,50.641075,42616200
2023-10-09,51.693333,51.950001,51.086666,51.946667,50.456528,21022500
2023-10-10,52.076668,52.693333,51.886665,52.533333,51.026367,16014300
2023-10-11,52.753334,53.163334,52.346668,52.743332,51.230347,12026100
2023-10-12,52.843334,53.103333,52.590000,52.983334,51.463455,13514100
2023-10-13,53.086666,53.486668,52.966667,53.276669,51.748383,13809000
2023-10-16,53.513332,54.026669,53.439999,53.736668,52.195183,14348100
2023-10-17,53.580002,53.903332,53.463333,53.806667,52.263176,10893000
2023-10-18,53.959999,54.119999,53.573334,53.846668,52.302029,10559100
2023-10-19,53.810001,53.939999,53.406666,53.590000,52.052723,11745900
2023-10-20,53.610001,53.700001,52.903332,52.919998,51.401947,15056700
2023-10-23,52.910000,53.783333,52.673332,53.669998,52.130428,17097000
2023-10-24,53.799999,54.493332,53.796665,54.416668,52.855679,17535000
2023-10-25,54.386665,54.776669,54.156666,54.253334,52.697029,16621800
2023-10-26,54.236668,54.616669,53.869999,53.923332,52.376495,16220100
2023-10-27,53.826668,53.990002,53.516666,53.723331,52.182228,13829700
2023-10-30,53.820000,54.419998,53.596668,54.340000,52.781208,12653700
2023-10-31,54.333332,54.540001,53.983334,54.470001,52.907478,14168400
2023-11-01,54.736668,55.126667,54.326668,54.956669,53.380192,14899500
2023-11-02,54.793331,55.396667,54.543331,55.173332,53.590633,15492300
2023-11-03,55.293331,55.433334,54.833332,54.886665,53.312191,17240100
2023-11-06,54.833332,55.209999,54.689999,54.959999,53.383423,14529000
2023-11-07,55.256668,55.536667,55.110001,55.216667,53.632729,15023400
2023-11-08,55.279999,55.426666,54.526669,54.766666,53.195641,15591900
2023-11-09,54.790001,54.840000,54.416668,54.639999,53.072605,15080100
2023-11-10,54.849998,55.480000,54.633331,55.396667,53.807560,14319900
2023-11-13,55.459999,55.956669,55.349998,55.893333,54.289978,15408900
2023-11-14,56.056667,56.383331,55.750000,55.883331,54.280266,19792500
2023-11-15,56.126667,56.646667,55.836666,56.593334,54.969910,35769900
2023-11-16,52.916668,53.150002,51.833332,52.013332,50.521278,97658700
2023-11-17,51.983334,52.513332,51.669998,51.783333,50.297886,42487800
2023-11-20,51.846668,52.003334,51.669998,51.766666,50.281693,26663100
2023-11-21,51.820000,52.283333,51.376667,51.953335,50.463001,29382300
2023-11-22,51.906666,52.016666,51.459999,51.556667,50.077717,26416500
2023-11-24,51.716667,52.043331,51.566666,52.020000,50.527763,13975200
2023-11-27,51.983334,52.453335,51.983334,52.256668,50.757637,23393700
2023-11-28,52.220001,52.973331,52.220001,52.880001,51.363091,23535000
2023-11-29,52.923332,52.923332,51.869999,52.026669,50.534237,29896500
2023-11-30,52.006668,52.116669,51.503334,51.896667,50.407967,29925900
2023-12-01,51.793331,51.869999,50.876667,51.446667,49.970867,39273600
2023-12-04,51.106667,51.643333,51.103333,51.433334,49.957924,24883200
2023-12-05,51.483334,51.950001,51.246666,51.910000,50.420914,21883800
2023-12-06,51.849998,51.943333,51.216667,51.346668,49.873745,26447400
2023-12-07,51.450001,51.513332,50.743332,50.820000,49.545521,25362600
2023-12-08,50.666668,50.736668,50.080002,50.286667,49.025551,34069500
2023-12-11,50.380001,50.483334,49.846668,50.413334,49.149052,31883400
2023-12-12,50.406666,50.566666,50.076668,50.453335,49.188049,21381900
2023-12-13,50.516666,51.349998,50.213333,51.349998,50.062225,35348700
2023-12-14,51.173332,51.313332,50.643333,50.723331,49.451271,30891300
2023-12-15,50.593334,51.153332,50.513332,50.913334,49.636509,70003500
2023-12-18,51.116669,51.689999,51.043331,51.656666,50.361198,26316000
2023-12-19,51.613335,51.896667,51.363335,51.843334,50.543186,24417000
2023-12-20,51.806667,52.046665,51.206669,51.236668,49.951740,21967800
2023-12-21,51.333332,51.686668,51.303333,51.599998,50.305946,20087700
2023-12-22,51.816666,52.383331,51.720001,52.216667,50.907158,19405500
2023-12-26,52.216667,52.330002,52.036667,52.136665,50.829155,11679900
2023-12-27,52.103333,52.650002,52.053333,52.626667,51.306873,19896000
2023-12-28,52.590000,52.776669,52.500000,52.523335,51.206135,16776000
2023-12-29,52.509998,52.693333,52.386665,52.549999,51.232136,21948300
2024-01-02,52.416668,53.180000,52.396667,53.096668,51.765087,23539800
2024-01-03,53.256668,53.433334,52.976665,53.099998,51.768333,18756000
2024-01-04,53.070000,53.180000,52.496666,52.586666,51.267887,19282500
2024-01-05,52.639999,52.700001,51.866669,52.236668,50.926655,21709500
2024-01-08,52.233334,52.763332,52.226665,52.750000,51.427120,20680800
2024-01-09,52.643333,53.113335,52.576668,53.103333,51.771587,23322300
2024-01-10,53.186668,53.833332,53.186668,53.763332,52.415035,20121900
2024-01-11,53.783333,53.963333,53.389999,53.703335,52.356537,14355300
2024-01-12,53.790001,53.846668,53.459999,53.773335,52.424786,13629000
2024-01-16,53.813332,54.133331,53.743332,53.943333,52.590523,17032500
2024-01-17,53.793331,53.996666,53.543331,53.689999,52.343540,14827800
2024-01-18,53.720001,54.463333,53.560001,54.413334,53.048733,18190500
2024-01-19,54.476665,54.523335,53.813332,54.126667,52.769257,19175400
2024-01-22,54.263332,54.316666,53.833332,54.130001,52.772507,13938300
2024-01-23,54.040001,54.283333,53.923332,54.266666,52.905750,12066600
2024-01-24,54.299999,54.356667,53.439999,53.500000,52.158306,22932900
2024-01-25,53.799999,54.290001,53.473331,54.279999,52.918743,16369500
2024-01-26,54.349998,54.793331,54.220001,54.756668,53.383461,15746400
2024-01-29,54.783333,55.136665,54.506668,55.013332,53.633686,18240300
2024-01-30,54.900002,55.270000,54.540001,55.196667,53.812428,15270000
2024-01-31,55.933334,55.933334,55.036667,55.083332,53.701935,26134800
2024-02-01,55.233334,56.116669,55.060001,56.103333,54.696346,20792700
2024-02-02,56.049999,56.860001,55.973331,56.523335,55.105824,21670800
2024-02-05,56.669998,56.669998,56.023335,56.220001,54.810097,19145100
2024-02-06,56.263332,56.650002,56.113335,56.603333,55.183819,14181300
2024-02-07,56.756668,56.886665,56.400002,56.459999,55.044071,17082600
2024-02-08,56.459999,56.849998,56.380001,56.456669,55.040829,14427900
2024-02-09,56.463333,56.576668,56.306667,56.426666,55.011578,14329800
2024-02-12,56.410000,56.786667,56.349998,56.766666,55.343048,14795100
2024-02-13,56.873333,57.023335,56.090000,56.380001,54.966087,18574200
2024-02-14,56.250000,56.293331,55.846668,56.200001,54.790600,18484500
2024-02-15,56.599998,56.616669,55.990002,56.430000,55.014828,16948800
2024-02-16,56.763332,57.310001,56.430000,56.786667,55.362545,22373400
2024-02-20,59.493332,60.450001,58.410000,58.619999,57.149906,71788500
2024-02-21,58.333332,58.526669,57.599998,57.900002,56.447968,40501500
2024-02-22,57.959999,58.490002,57.770000,58.470001,57.003670,29512800
2024-02-23,58.696667,59.216667,58.436668,58.520000,57.052414,74365800
2024-02-26,59.119999,59.840000,58.180000,59.599998,58.105328,32154800
2024-02-27,59.639999,59.799999,59.220001,59.590000,58.095581,18012700
2024-02-28,59.549999,59.759998,59.310001,59.619999,58.124825,14803300
2024-02-29,59.450001,59.490002,58.590000,58.610001,57.140156,29245100
2024-03-01,58.799999,58.849998,58.200001,58.759998,57.286392,19030900
2024-03-04,58.500000,59.389999,58.400002,59.299999,57.812851,16033300
2024-03-05,59.869999,60.340000,59.580002,60.040001,58.534298,19676900
2024-03-06,60.119999,60.619999,60.040001,60.570000,59.051006,12698700
2024-03-07,61.000000,61.070000,60.349998,60.360001,58.846268,16195300
2024-03-08,60.000000,60.279999,59.730000,60.119999,58.612286,12143600
2024-03-11,60.099998,60.709999,59.869999,60.660000,59.138744,14154000
2024-03-12,60.950001,61.570000,60.650002,61.410000,59.869938,16613100
2024-03-13,61.259998,61.459999,60.880001,61.279999,59.743195,15935200
2024-03-14,61.279999,61.439999,60.599998,61.020000,59.692329,16584700
2024-03-15,60.680000,61.150002,60.459999,60.680000,59.359718,50946300
2024-03-18,60.689999,60.900002,60.389999,60.860001,59.535809,16801700
2024-03-19,60.970001,61.070000,60.599998,60.869999,59.545586,12353600
2024-03-20,60.840000,61.279999,60.740002,61.250000,59.917324,12007600
2024-03-21,61.279999,61.660000,61.049999,61.450001,60.112972,14265900
2024-03-22,61.320000,61.529999,60.849998,60.869999,59.545586,14029400
2024-03-25,60.869999,60.990002,60.360001,60.570000,59.252117,14186600
2024-03-26,60.459999,60.830002,60.230000,60.509998,59.193424,13738300
2024-03-27,60.869999,61.049999,60.380001,60.720001,59.398853,14363400
2024-03-28,60.660000,60.770000,60.160000,60.169998,58.860813,17535100
2024-04-01,60.310001,60.759998,59.930000,60.000000,58.694519,13837600
2024-04-02,59.900002,60.099998,58.880001,59.160000,57.872795,19510100
2024-04-03,59.380001,59.500000,58.939999,59.430000,58.136929,14615100
2024-04-04,59.540001,59.810001,59.290001,59.500000,58.205402,14436100
2024-04-05,59.549999,60.040001,59.490002,59.849998,58.547783,10335900
2024-04-08,59.599998,60.040001,59.419998,59.779999,58.479313,11070100
2024-04-09,59.869999,59.970001,59.299999,59.790001,58.489094,10013500
2024-04-10,59.619999,60.759998,59.389999,60.619999,59.301029,15097600
2024-04-11,60.750000,60.889999,60.070000,60.090000,58.782562,10987600
2024-04-12,60.000000,60.720001,59.950001,60.139999,58.831478,12280600
2024-04-15,60.509998,60.700001,59.910000,59.930000,58.626041,10557200
2024-04-16,60.029999,60.290001,59.779999,59.840000,58.538002,14726300
2024-04-17,60.150002,60.430000,59.570000,59.650002,58.352142,15329700
2024-04-18,59.830002,59.939999,59.220001,59.259998,57.970623,12061500
2024-04-19,59.450001,59.669998,58.970001,59.529999,58.234745,14165800
2024-04-22,59.560001,60.400002,59.040001,60.139999,58.831478,14910000
2024-04-23,60.250000,60.349998,58.560001,59.090000,57.804321,17963900
2024-04-24,58.980000,60.040001,58.810001,59.869999,58.567352,18529100
2024-04-25,60.049999,60.529999,59.830002,60.209999,58.899948,19263000
2024-04-26,60.110001,60.389999,60.000000,60.160000,58.851040,11045200
2024-04-29,60.180000,60.389999,59.939999,60.240002,58.929298,9785100
2024-04-30,60.200001,60.299999,59.160000,59.349998,58.058666,14209200
2024-05-01,59.310001,59.410000,58.720001,58.849998,57.569542,15464300
2024-05-02,58.939999,59.889999,58.580002,59.709999,58.410835,17574100
2024-05-03,59.619999,59.980000,59.139999,59.820000,58.518436,14207400
2024-05-06,60.000000,60.000000,59.389999,59.869999,58.567352,11119400
2024-05-07,60.169998,60.799999,60.049999,60.619999,59.301029,14520200
2024-05-08,60.630001,60.849998,60.220001,60.299999,58.987991,11015700
2024-05-09,60.200001,60.580002,59.950001,60.439999,59.329601,14550500
2024-05-10,60.410000,60.580002,60.160000,60.480000,59.368870,12356600
2024-05-13,60.619999,61.349998,60.290001,60.410000,59.300148,19260500
2024-05-14,60.520000,60.549999,59.439999,59.860001,58.760258,18780100
2024-05-15,59.830002,59.939999,59.470001,59.830002,58.730812,22240600
2024-05-16,64.220001,64.419998,62.939999,64.010002,62.834015,60545600
2024-05-17,64.239998,64.879997,63.630001,64.650002,63.462261,29330400
2024-05-20,64.419998,64.760002,63.869999,64.180000,63.000896,15001400
2024-05-21,64.529999,65.190002,64.449997,65.150002,63.953068,17131700
2024-05-22,64.980003,65.690002,64.730003,65.250000,64.051231,14879400
2024-05-23,65.169998,65.519997,64.559998,64.839996,63.648758,16222900
2024-05-24,65.129997,65.690002,65.010002,65.379997,64.178841,11795000
2024-05-28,65.220001,65.470001,64.739998,65.040001,63.845089,13349600
2024-05-29,64.750000,65.209999,64.650002,64.919998,63.727295,11538600
2024-05-30,64.930000,65.169998,64.769997,64.889999,63.697845,13051900
2024-05-31,64.669998,65.900002,64.160004,65.760002,64.551865,27632200
2024-06-03,65.510002,65.839996,65.160004,65.820000,64.610771,11578700
2024-06-04,65.989998,66.639999,65.830002,66.599998,65.376442,14780800
2024-06-05,66.570000,67.150002,66.279999,67.089996,65.857422,14982700
2024-06-06,67.059998,67.440002,66.769997,67.150002,65.916328,13256000
2024-06-07,67.400002,67.570000,65.639999,65.879997,64.669662,20213200
2024-06-10,67.190002,67.330002,66.269997,66.959999,65.729805,21659500
2024-06-11,66.949997,66.959999,66.349998,66.730003,65.504044,13367500
2024-06-12,66.849998,66.940002,65.900002,66.309998,65.091751,11704700
2024-06-13,66.300003,66.760002,65.949997,66.699997,65.474602,11196600
2024-06-14,66.540001,67.110001,66.300003,67.019997,65.788719,12590100
2024-06-17,66.919998,67.440002,66.410004,67.419998,66.181374,12103000
2024-06-18,67.629997,67.870003,67.300003,67.599998,66.358055,12093500
2024-06-20,67.349998,68.129997,67.300003,68.010002,66.760521,13860800
2024-06-21,68.260002,68.550003,67.830002,67.910004,66.662361,25883000
2024-06-24,68.050003,69.040001,67.900002,68.900002,67.634163,12470400
2024-06-25,67.169998,67.589996,66.550003,67.419998,66.181374,20869200
2024-06-26,67.400002,68.599998,67.209999,68.290001,67.035385,14177500
2024-06-27,68.290001,68.580002,67.669998,67.879997,66.632904,12899200
2024-06-28,67.870003,68.099998,67.320000,67.709999,66.466049,18816700
2024-07-01,67.889999,68.239998,67.250000,67.480003,66.240273,8666000
2024-07-02,67.440002,68.080002,67.260002,68.070000,66.819435,9436500
2024-07-03,67.809998,68.250000,67.620003,68.239998,66.986305,6287500
2024-07-05,68.160004,70.150002,68.099998,70.040001,68.753227,21586100
2024-07-08,69.900002,70.139999,69.349998,69.680000,68.399841,12077700
2024-07-09,69.900002,70.250000,69.669998,69.900002,68.615799,9758400
2024-07-10,70.099998,70.440002,69.720001,70.410004,69.116447,10803400
2024-07-11,70.180000,70.449997,69.260002,69.800003,68.517639,15624800
2024-07-12,69.900002,70.029999,69.169998,69.239998,67.967934,12145300
2024-07-15,69.300003,69.970001,69.300003,69.610001,68.331139,10171100
2024-07-16,69.820000,70.239998,69.580002,69.989998,68.704147,9836800
2024-07-17,70.180000,71.099998,69.949997,71.029999,69.725044,13533800
2024-07-18,70.680000,71.190002,70.430000,70.820000,69.518913,10682700
2024-07-19,71.199997,71.330002,70.650002,70.750000,69.450180,11665500
2024-07-22,70.860001,71.260002,70.230003,70.379997,69.086990,12666100
2024-07-23,70.470001,70.699997,70.110001,70.650002,69.352028,9263600
2024-07-24,70.519997,70.839996,70.339996,70.599998,69.302933,22490800
2024-07-25,70.599998,70.769997,69.949997,70.019997,68.733589,18821200
2024-07-26,70.230003,70.239998,68.830002,69.779999,68.498001,16789300
2024-07-29,69.849998,69.900002,69.129997,69.620003,68.340950,10315300
2024-07-30,69.550003,69.849998,68.980003,69.190002,67.918854,12522500
2024-07-31,69.180000,69.250000,68.290001,68.639999,67.378960,22908800
2024-08-01,68.910004,69.800003,68.519997,69.790001,68.507820,17275500
2024-08-02,69.599998,70.239998,67.739998,68.459999,67.202263,23578700
2024-08-05,68.099998,68.580002,66.910004,67.589996,66.348251,20770500
2024-08-06,67.839996,68.629997,67.680000,67.739998,66.495499,14815100
2024-08-07,67.870003,68.010002,66.809998,66.910004,65.680740,18499200
2024-08-08,66.839996,67.919998,66.669998,67.660004,66.416969,12489800
2024-08-09,67.849998,68.220001,67.330002,67.949997,66.701630,13805600
2024-08-12,68.339996,69.220001,68.070000,68.699997,67.437843,17385300
2024-08-13,68.430000,68.610001,67.139999,68.129997,66.878319,26557900
2024-08-14,67.919998,68.790001,67.849998,68.660004,67.398582,22928600
2024-08-15,74.120003,74.440002,72.779999,73.180000,71.835541,49567500
2024-08-16,72.699997,73.610001,72.519997,73.449997,72.306091,19872100
2024-08-19,73.389999,73.980003,73.339996,73.720001,72.571899,13709300
2024-08-20,73.750000,74.750000,73.720001,74.540001,73.379128,14434000
2024-08-21,75.300003,75.580002,74.589996,75.239998,74.068230,14832000
2024-08-22,75.370003,76.220001,75.150002,75.580002,74.402931,16511100
2024-08-23,75.599998,75.809998,75.010002,75.699997,74.521057,12299100
2024-08-26,75.900002,76.209999,75.570000,76.029999,74.845909,9508200
2024-08-27,76.449997,76.449997,75.769997,76.129997,74.944359,11557800
2024-08-28,76.279999,76.430000,75.809998,76.080002,74.895142,9814300
2024-08-29,75.989998,76.470001,75.669998,76.419998,75.229843,11856800
2024-08-30,76.440002,77.470001,76.220001,77.230003,76.027229,23230000
2024-09-03,77.330002,77.809998,76.800003,77.169998,75.968155,22666100
2024-09-04,77.330002,77.480003,76.730003,77.239998,76.037079,18442800
2024-09-05,77.250000,77.449997,76.389999,76.959999,75.761429,13082900
2024-09-06,76.900002,77.320000,76.300003,76.639999,75.446426,14548600
2024-09-09,76.849998,77.470001,76.489998,77.339996,76.135513,22260200
2024-09-10,77.349998,78.900002,77.279999,78.809998,77.582611,17686300
2024-09-11,78.379997,78.919998,77.570000,78.839996,77.612152,19518800
2024-09-12,78.989998,79.910004,78.620003,79.660004,78.419388,14877700
2024-09-13,79.820000,80.690002,79.690002,80.599998,79.344742,12994100
2024-09-16,80.839996,81.019997,80.139999,80.559998,79.305374,15346400
2024-09-17,79.760002,80.260002,78.260002,78.599998,77.375893,21065900
2024-09-18,78.639999,79.410004,78.279999,79.029999,77.799194,15684900
2024-09-19,79.050003,79.089996,77.489998,78.040001,76.824600,21525700
2024-09-20,78.230003,79.610001,78.110001,79.059998,77.828728,39534300
2024-09-23,79.070000,80.440002,79.070000,80.330002,79.078957,12147300
2024-09-24,80.480003,80.910004,80.239998,80.669998,79.413643,14651100
2024-09-25,80.889999,81.599998,80.680000,81.400002,80.132294,14163800
2024-09-26,81.040001,81.199997,79.260002,79.919998,78.675331,17061100
2024-09-27,79.900002,80.290001,79.599998,79.779999,78.537514,11899100
2024-09-30,79.889999,80.940002,79.860001,80.750000,79.492409,18997000
2024-10-01,80.680000,81.529999,80.440002,81.269997,80.004311,16054200
2024-10-02,80.989998,80.989998,80.120003,80.430000,79.177399,16618300
2024-10-03,80.300003,80.580002,79.849998,80.430000,79.177399,11640400
2024-10-04,80.050003,81.110001,79.849998,80.940002,79.679451,11583400
2024-10-07,80.690002,80.940002,78.980003,79.099998,77.868103,16791600
2024-10-08,79.620003,79.820000,79.070000,79.709999,78.468605,15270000
2024-10-09,79.820000,80.500000,79.750000,80.400002,79.147865,12413000
2024-10-10,80.309998,80.320000,79.459999,79.610001,78.370163,10812700
2024-10-11,79.699997,80.129997,79.370003,80.099998,78.852524,9570700
2024-10-14,80.050003,80.510002,79.760002,80.290001,79.039574,9914500
2024-10-15,80.669998,81.820000,80.510002,81.650002,80.378387,13276200
2024-10-16,81.529999,81.660004,80.620003,81.220001,79.955086,11123300
2024-10-17,81.269997,81.500000,80.650002,80.889999,79.630226,9424700
2024-10-18,80.870003,81.690002,80.660004,81.309998,80.043686,12324100
2024-10-21,81.230003,81.550003,80.720001,80.809998,79.551476,9750400
2024-10-22,81.110001,82.230003,80.830002,82.019997,80.742638,12240100
2024-10-23,81.889999,83.339996,81.800003,83.269997,81.973160,13058200
2024-10-24,82.959999,83.320000,82.580002,83.040001,81.746750,11645900
2024-10-25,83.199997,83.300003,82.440002,82.510002,81.224998,8959400
2024-10-28,82.750000,83.080002,82.470001,82.750000,81.461258,7990200
2024-10-29,82.669998,82.860001,81.669998,81.699997,80.427612,9682400
2024-10-30,81.599998,81.830002,81.300003,81.389999,80.122437,9268800
2024-10-31,81.290001,82.440002,81.220001,81.949997,80.673721,15539000
2024-11-01,82.529999,82.529999,81.540001,82.190002,80.909981,12181800
2024-11-04,82.199997,82.910004,82.000000,82.449997,81.165932,11731000
2024-11-05,82.680000,83.769997,82.510002,83.680000,82.376778,10612500
2024-11-06,85.139999,85.540001,82.059998,83.440002,82.140526,19974000
2024-11-07,83.720001,84.389999,83.419998,83.849998,82.544128,12665800
2024-11-08,84.279999,85.419998,84.230003,84.830002,83.508865,14396500
2024-11-11,84.949997,85.410004,84.120003,84.209999,82.898521,10433200
2024-11-12,84.500000,85.529999,84.500000,84.989998,83.666382,12860200
2024-11-13,84.989998,85.790001,84.769997,85.500000,84.168434,12802600
2024-11-14,85.029999,85.760002,84.339996,84.470001,83.154480,15740700
2024-11-15,84.529999,84.779999,83.940002,84.250000,82.937904,17370600
2024-11-18,84.820000,84.849998,83.660004,84.080002,82.770554,25093800
2024-11-19,86.230003,88.290001,85.910004,86.599998,85.251312,36340900
2024-11-20,86.599998,87.199997,85.910004,87.180000,85.822266,18183200
2024-11-21,87.449997,88.639999,86.930000,88.389999,87.013420,18729200
2024-11-22,89.410004,90.910004,88.930000,90.440002,89.031502,23990600
2024-11-25,90.500000,90.949997,89.059998,89.500000,88.106140,25078600
2024-11-26,89.889999,91.879997,89.839996,91.309998,89.887947,16657000
2024-11-27,92.000000,92.250000,91.309998,91.879997,90.449066,14358900
2024-11-29,92.260002,92.639999,91.820000,92.500000,91.059410,11041200
2024-12-02,92.820000,92.989998,91.949997,92.639999,91.197227,17173000
2024-12-03,92.779999,93.589996,92.260002,93.510002,92.053696,17775200
2024-12-04,93.449997,94.519997,93.050003,94.449997,92.979050,17312600
2024-12-05,94.889999,95.599998,94.339996,95.300003,93.815811,21932300
2024-12-06,95.540001,96.180000,95.330002,95.699997,94.209572,18803500
2024-12-09,95.660004,95.940002,93.599998,93.830002,92.368713,20931100
2024-12-10,94.050003,95.239998,93.769997,94.550003,93.077492,13164500
2024-12-11,94.540001,95.690002,94.500000,94.959999,93.481117,19682100
2024-12-12,95.680000,95.720001,94.089996,94.089996,92.624657,14298600
2024-12-13,93.800003,94.680000,93.040001,94.250000,92.987732,11495900
2024-12-16,94.419998,95.709999,94.099998,94.870003,93.599426,16742000
2024-12-17,95.139999,95.489998,94.320000,95.419998,94.142052,23560800
2024-12-18,95.339996,95.900002,93.129997,93.550003,92.297112,24665600
2024-12-19,94.480003,94.570000,93.360001,93.400002,92.149117,16606500
2024-12-20,93.010002,93.750000,91.629997,92.239998,91.004654,49350600
2024-12-23,91.500000,91.500000,88.910004,90.349998,89.139961,26205400
2024-12-24,90.370003,92.680000,90.349998,92.680000,91.438751,8992400
2024-12-26,92.540001,92.879997,92.169998,92.790001,91.547279,10994000
2024-12-27,92.129997,92.349998,91.029999,91.660004,90.432426,11384400
2024-12-30,90.730003,91.070000,90.129997,90.570000,89.357010,9790200
2024-12-31,90.570000,90.940002,90.059998,90.349998,89.139961,11267700
2025-01-02,89.980003,90.599998,89.519997,90.000000,88.794647,14820400
2025-01-03,90.150002,91.300003,90.139999,90.779999,89.564201,10834600
2025-01-06,90.830002,92.470001,90.669998,91.430000,90.205498,14519900
2025-01-07,91.699997,91.940002,90.449997,90.809998,89.593803,11238000
2025-01-08,91.110001,91.849998,90.820000,91.800003,90.570541,13453600
2025-01-10,92.489998,93.580002,92.199997,93.000000,91.754463,18140900
2025-01-13,92.120003,92.430000,91.099998,91.529999,90.304153,18617100
2025-01-14,91.860001,91.980003,90.570000,90.790001,89.574074,13549200
2025-01-15,91.070000,91.730003,90.809998,91.339996,90.116692,17348200
2025-01-16,91.500000,91.720001,90.120003,91.300003,90.077248,13267700
2025-01-17,92.070000,92.260002,91.050003,91.940002,90.708672,15868200
2025-01-21,92.480003,94.239998,92.309998,93.080002,91.833405,23247500
2025-01-22,93.769997,94.000000,92.519997,93.230003,91.981400,15567100
2025-01-23,92.959999,93.809998,92.320000,93.809998,92.553619,14198400
2025-01-24,93.540001,95.010002,93.459999,94.760002,93.490898,14973800
2025-01-27,95.900002,97.459999,94.820000,97.400002,96.095543,18880600
2025-01-28,97.230003,97.839996,96.730003,97.290001,95.987015,14641600
2025-01-29,97.430000,98.169998,97.220001,97.500000,96.194199,11261400
2025-01-30,97.690002,98.930000,97.419998,98.650002,97.328796,11012200
2025-01-31,99.000000,99.000000,97.699997,98.160004,96.845375,16391200
2025-02-03,96.769997,99.790001,96.470001,99.540001,98.206879,20484200
2025-02-04,99.970001,100.949997,99.690002,100.769997,99.420410,15201200
2025-02-05,100.650002,102.580002,100.540001,102.459999,101.087769,15926700
2025-02-06,102.529999,103.019997,101.940002,102.849998,101.472549,13088500
2025-02-07,103.000000,103.110001,101.110001,101.150002,99.795319,12451100
2025-02-10,101.949997,102.930000,101.250000,102.919998,101.541603,15274600
2025-02-11,102.620003,102.849998,101.849998,102.470001,101.097641,11953600
2025-02-12,102.120003,103.900002,102.040001,103.610001,102.222374,15162100
2025-02-13,104.000000,105.239998,103.529999,105.050003,103.643089,12604400
2025-02-14,105.300003,105.300003,103.599998,104.040001,102.646614,14109500
2025-02-18,103.720001,103.989998,102.510002,103.779999,102.390099,18247300
2025-02-19,103.849998,104.199997,102.550003,104.000000,102.607147,18508000
2025-02-20,98.779999,100.120003,96.680000,97.209999,95.908089,55450900
2025-02-21,96.529999,96.849998,94.120003,94.779999,93.510628,35014800
2025-02-24,94.180000,94.639999,92.120003,93.669998,92.415497,29755900
2025-02-25,94.349998,97.910004,94.239998,97.690002,96.381660,29331200
2025-02-26,97.699997,98.730003,96.070000,96.199997,94.911613,19069700
2025-02-27,95.900002,98.040001,95.809998,96.790001,95.493713,16431500
2025-02-28,97.790001,98.860001,97.169998,98.610001,97.289345,25451300
2025-03-03,97.980003,99.489998,96.830002,97.589996,96.282997,18372200
2025-03-04,95.760002,97.050003,94.459999,94.970001,93.698082,25227700
2025-03-05,94.970001,96.389999,94.750000,95.980003,94.694557,17639000
2025-03-06,94.800003,96.190002,94.180000,94.639999,93.372505,19957800
2025-03-07,93.940002,93.949997,90.760002,91.720001,90.491615,35913200
2025-03-10,89.760002,90.230003,86.610001,87.820000,86.643852,35148800
2025-03-11,87.290001,89.349998,87.139999,87.440002,86.268944,28687600
2025-03-12,87.879997,89.099998,84.879997,85.199997,84.058914,33301600
2025-03-13,84.940002,85.449997,83.870003,84.500000,83.368309,31507800
2025-03-14,84.959999,85.370003,84.059998,85.349998,84.206917,35500600
2025-03-17,85.129997,87.989998,84.980003,87.459999,86.288681,26297800
2025-03-18,87.440002,87.680000,85.500000,85.589996,84.443703,17850900
2025-03-19,85.949997,86.790001,85.620003,86.330002,85.173813,24555900
2025-03-20,85.809998,87.080002,85.519997,85.809998,84.660774,18185500
2025-03-21,85.279999,86.230003,84.779999,85.980003,85.061440,26797200
2025-03-24,86.470001,87.650002,86.349998,87.489998,86.555305,17900700
2025-03-25,86.760002,87.309998,84.620003,84.760002,83.854477,27908600
2025-03-26,85.190002,85.559998,84.570000,85.209999,84.299667,27228800
2025-03-27,84.779999,86.110001,84.779999,85.629997,84.715172,16782800
2025-03-28,85.430000,85.830002,84.699997,85.150002,84.240303,14790600
2025-03-31,84.760002,88.199997,84.370003,87.790001,86.852104,30269300
2025-04-01,87.540001,89.110001,87.370003,88.830002,87.880989,22080300
2025-04-02,88.199997,90.150002,88.120003,89.760002,88.801048,19384100
2025-04-03,86.279999,89.879997,86.279999,87.260002,86.327766,33012900
2025-04-04,85.639999,87.389999,82.650002,83.190002,82.301247,36209000
2025-04-07,80.239998,86.260002,79.809998,83.830002,82.934410,36884900
2025-04-08,85.849998,86.970001,81.029999,81.790001,80.916199,34351700
2025-04-09,83.330002,90.800003,83.019997,89.599998,88.642761,46632800
2025-04-10,88.730003,91.870003,88.160004,90.610001,89.641975,34735300
2025-04-11,90.680000,93.349998,90.010002,92.800003,91.808586,25508100
2025-04-14,93.269997,95.440002,92.900002,94.730003,93.717957,27742900
2025-04-15,94.820000,96.029999,93.870003,93.970001,92.966072,21871200
2025-04-16,94.000000,94.300003,90.610001,91.190002,90.215775,22229100
2025-04-17,91.830002,93.870003,91.620003,93.220001,92.224091,21393900
2025-04-21,93.019997,94.080002,91.339996,92.410004,91.422745,18361200
2025-04-22,92.879997,95.290001,92.879997,94.849998,93.836670,15407800
2025-04-23,95.019997,96.599998,94.160004,94.959999,93.945496,18046900
2025-04-24,94.709999,96.220001,93.660004,95.839996,94.816101,13444500
2025-04-25,95.800003,96.470001,94.360001,95.089996,94.074104,15317200
2025-04-28,95.099998,96.000000,94.339996,95.220001,94.202721,12950000
2025-04-29,94.839996,96.180000,94.419998,96.040001,95.013962,12679000
2025-04-30,95.940002,97.779999,94.930000,97.250000,96.211037,21639900
2025-05-01,97.019997,97.900002,96.589996,97.410004,96.369331,13171800
2025-05-02,97.949997,99.220001,97.849998,98.750000,97.695007,16031400
2025-05-05,98.940002,99.739998,98.529999,99.330002,98.268822,12439100
2025-05-06,98.739998,99.470001,98.410004,98.550003,97.497154,10626000
2025-05-07,98.550003,99.230003,98.309998,98.830002,97.774162,11301300
2025-05-08,98.750000,99.330002,97.360001,97.430000,96.389114,14461100
2025-05-09,96.750000,97.199997,96.290001,96.720001,95.918053,13697800
2025-05-12,97.669998,97.970001,95.620003,96.750000,95.947807,26783900
2025-05-13,96.500000,97.320000,95.230003,95.879997,95.085007,19746700
2025-05-14,96.029999,97.330002,95.830002,96.830002,96.027138,25620100
2025-05-15,94.300003,96.720001,91.889999,96.349998,95.551117,44026100
2025-05-16,96.139999,99.190002,96.000000,98.239998,97.425446,33746200
2025-05-19,96.650002,98.279999,95.809998,98.120003,97.306442,20041600
2025-05-20,98.559998,98.820000,96.519997,97.800003,96.989098,15609600
2025-05-21,97.129997,97.760002,95.980003,96.430000,95.630447,15742300
2025-05-22,96.540001,96.959999,95.820000,95.930000,95.134590,13712200
2025-05-23,95.339996,96.540001,95.000000,96.339996,95.541199,13668600
2025-05-27,97.300003,97.800003,96.580002,97.580002,96.770912,17180900
2025-05-28,97.519997,98.239998,97.059998,97.239998,96.433731,11220100
2025-05-29,97.629997,97.769997,96.849998,97.099998,96.294891,14338000
2025-05-30,96.959999,98.930000,96.599998,98.720001,97.901466,29980100
2025-06-02,98.839996,99.910004,98.050003,99.769997,98.942749,16999200
2025-06-03,99.570000,100.889999,98.570000,99.980003,99.151009,15598600
2025-06-04,99.790001,100.129997,99.320000,99.349998,98.526237,11115600
2025-06-05,99.300003,99.589996,97.610001,97.959999,97.147766,15817100
2025-06-06,98.370003,98.559998,96.970001,97.470001,96.661835,15599300
2025-06-09,97.400002,97.849998,96.769997,97.449997,96.641991,13655700
2025-06-10,97.290001,98.089996,96.480003,97.320000,96.513077,17162500
2025-06-11,97.290001,97.290001,95.349998,95.800003,95.005676,16389600
2025-06-12,94.889999,95.260002,93.430000,94.830002,94.043716,17845700
2025-06-13,94.519997,95.320000,94.010002,94.440002,93.656960,18694700
2025-06-16,94.750000,95.779999,94.099998,94.290001,93.508194,14881700
2025-06-17,93.949997,94.820000,93.620003,94.250000,93.468521,14935600
2025-06-18,94.570000,95.489998,94.089996,95.089996,94.301552,11333700
2025-06-20,95.239998,96.309998,95.199997,96.120003,95.323036,20604900
2025-06-23,95.919998,97.930000,95.669998,97.870003,97.058517,20432400
2025-06-24,97.730003,99.110001,97.250000,98.000000,97.187431,22403700
2025-06-25,98.309998,98.559998,97.150002,97.260002,96.453575,11154700
2025-06-26,96.900002,97.339996,95.919998,96.019997,95.223846,19361400
2025-06-27,96.320000,97.760002,96.160004,97.269997,96.463486,31431900
2025-06-30,97.230003,98.139999,96.309998,97.779999,96.969261,17803000
2025-07-01,97.599998,99.190002,97.419998,98.239998,97.425446,15635800
2025-07-02,98.129997,98.379997,97.059998,97.610001,96.800659,12502000
2025-07-03,97.699997,98.480003,97.419998,98.360001,97.544441,7686200
2025-07-07,98.230003,99.349998,97.620003,99.349998,98.526237,12930900
2025-07-08,98.820000,99.169998,96.510002,97.089996,96.284981,16875000
2025-07-09,97.150002,97.290001,96.379997,96.809998,96.007309,13702600
2025-07-10,96.660004,96.779999,94.739998,94.860001,94.073463,18894800
2025-07-11,95.010002,95.529999,94.230003,94.400002,93.617287,14595000
2025-07-14,94.510002,95.839996,94.379997,95.779999,94.985840,13779100
2025-07-15,95.599998,95.779999,94.940002,95.389999,94.599075,10450800
2025-07-16,95.419998,95.830002,94.610001,95.150002,94.361061,11181600
2025-07-17,95.080002,95.629997,94.889999,95.089996,94.301552,11165100
2025-07-18,95.089996,95.480003,94.430000,95.050003,94.261894,14636300
2025-07-21,95.260002,96.639999,95.099998,95.669998,94.876740,13450400
2025-07-22,95.839996,96.669998,95.739998,95.849998,95.055260,9049100
2025-07-23,96.010002,96.290001,95.290001,95.680000,94.886665,9729700
2025-07-24,95.570000,96.959999,95.349998,96.599998,95.799049,14991500
2025-07-25,96.839996,97.650002,96.529999,97.470001,96.661835,12868500
2025-07-28,97.279999,98.129997,97.080002,97.610001,96.800659,12293100
2025-07-29,97.779999,98.720001,97.339996,98.330002,97.514694,14034300
2025-07-30,98.610001,98.879997,97.290001,97.589996,96.780830,13864100
2025-07-31,97.440002,98.629997,97.309998,97.980003,97.167603,15651300
2025-08-01,98.000000,98.830002,97.669998,98.489998,97.673378,16750400
2025-08-04,98.199997,99.910004,98.199997,99.589996,98.764244,19050200
2025-08-05,99.669998,100.470001,98.910004,99.309998,98.486572,17977000
2025-08-06,99.459999,103.690002,99.459999,103.360001,102.502991,23738400
2025-08-07,103.459999,103.900002,102.110001,103.120003,102.264977,12509500
2025-08-08,103.370003,104.720001,103.150002,103.730003,102.869926,12394700
2025-08-11,103.900002,104.330002,103.110001,103.930000,103.068260,12856700
2025-08-12,104.250000,104.309998,103.370003,103.620003,102.760834,17915300
2025-08-13,102.150002,102.809998,100.849998,100.989998,100.152641,19398500
2025-08-14,101.220001,101.440002,100.720001,100.849998,100.013794,10858400
2025-08-15,100.629997,100.769997,99.540001,100.000000,99.402473,13604900
2025-08-18,100.000000,100.879997,99.919998,100.699997,100.098289,11656100
2025-08-19,100.959999,102.430000,100.800003,101.290001,100.684769,16999000
2025-08-20,101.150002,102.650002,100.930000,102.570000,101.957123,18655000
2025-08-21,99.410004,99.449997,96.949997,97.959999,97.374672,51825100
2025-08-22,98.070000,99.050003,96.760002,96.830002,96.251419,32695200
2025-08-25,97.000000,97.580002,96.070000,96.070000,95.495964,18956100
2025-08-26,96.279999,96.470001,95.419998,96.050003,95.476082,22270400
2025-08-27,95.900002,96.320000,95.599998,96.080002,95.505898,12925700
2025-08-28,96.000000,96.570000,95.699997,96.110001,95.535721,19241600
2025-08-29,96.099998,97.029999,95.800003,96.980003,96.400520,15600300
2025-09-02,97.230003,97.849998,96.510002,97.849998,97.265320,15351300
2025-09-03,97.849998,99.440002,97.500000,99.440002,98.845825,18995900
2025-09-04,99.910004,101.349998,99.650002,100.930000,100.326920,15640900
2025-09-05,101.080002,101.480003,99.550003,100.510002,99.909431,13748500
2025-09-08,100.849998,102.360001,100.419998,102.279999,101.668854,13685700
2025-09-09,102.000000,102.489998,101.550003,102.290001,101.678795,11819700
2025-09-10,101.949997,102.449997,100.389999,100.410004,99.810028,17934900
2025-09-11,100.989998,102.779999,100.279999,102.650002,102.036644,15900800
2025-09-12,102.540001,103.980003,102.360001,103.489998,102.871620,11641900
2025-09-15,103.650002,103.980003,103.410004,103.690002,103.070435,10756900
2025-09-16,103.849998,104.209999,103.129997,103.419998,102.802040,14481900
2025-09-17,103.730003,106.110001,103.730003,104.269997,103.646957,25382000
2025-09-18,103.779999,104.639999,102.120003,103.599998,102.980965,14869400
2025-09-19,103.809998,103.940002,102.089996,102.330002,101.718559,34791600
2025-09-22,102.449997,103.199997,101.919998,102.820000,102.205627,12861900
2025-09-23,102.410004,102.680000,101.330002,102.519997,101.907417,13158700
2025-09-24,103.040001,103.470001,102.480003,102.730003,102.116173,11391800
2025-09-25,103.220001,103.510002,102.580002,103.050003,102.434258,13366700
2025-09-26,102.879997,103.489998,102.470001,103.160004,102.543602,11859300
2025-09-29,103.050003,103.309998,102.080002,103.080002,102.464081,15477200
2025-09-30,103.000000,103.940002,102.720001,103.059998,102.444191,13873400
2025-10-01,102.559998,102.860001,100.550003,101.959999,101.350761,16142800
2025-10-02,101.449997,102.139999,99.870003,101.699997,101.092323,15605400
2025-10-03,101.459999,102.820000,101.199997,102.070000,101.460114,11867500
2025-10-06,101.879997,103.070000,101.580002,102.699997,102.086342,13303600
2025-10-07,102.379997,103.250000,100.949997,103.239998,102.623116,15538900
2025-10-08,103.019997,103.260002,102.150002,102.900002,102.285149,13584100
2025-10-09,103.129997,103.449997,100.370003,101.769997,101.161896,19508000
2025-10-10,102.050003,103.629997,101.519997,101.839996,101.231476,18519400
2025-10-13,101.370003,102.449997,101.070000,102.120003,101.509811,10871200
2025-10-14,104.050003,107.919998,102.889999,107.209999,106.569397,30859500
2025-10-15,107.320000,109.559998,107.300003,109.029999,108.378517,21416300
2025-10-16,109.199997,109.580002,105.660004,106.470001,105.833824,16366200
2025-10-17,107.169998,108.199997,106.220001,107.730003,107.086288,13735600
2025-10-20,107.849998,108.250000,106.610001,107.050003,106.410347,10581200
2025-10-21,107.330002,107.480003,106.180000,106.220001,105.585312,10899700
2025-10-22,106.550003,107.769997,105.660004,107.139999,106.499809,12296500
2025-10-23,107.349998,107.570000,105.779999,106.860001,106.221489,11408200
2025-10-24,107.070000,107.169998,105.510002,106.169998,105.535606,10318000
2025-10-27,106.339996,106.360001,104.150002,104.470001,103.845772,16375900
2025-10-28,104.059998,104.139999,103.050003,103.169998,102.553535,13323000
2025-10-29,102.910004,103.669998,102.110001,102.459999,101.847778,11986400
2025-10-30,102.199997,103.370003,101.959999,102.230003,101.619156,14065100
2025-10-31,101.699997,102.099998,100.180000,101.180000,100.575424,20237000
2025-11-03,100.820000,101.800003,100.400002,101.589996,100.982971,14811700
2025-11-04,102.129997,102.620003,101.459999,102.269997,101.658913,12636400
2025-11-05,101.739998,102.680000,100.849998,101.470001,100.863693,13356800
2025-11-06,101.339996,101.930000,100.029999,101.680000,101.072441,14866000
2025-11-07,102.129997,102.970001,101.730003,102.589996,101.976990,17248700
2025-11-10,102.150002,102.669998,101.599998,102.419998,101.808022,14507600
2025-11-11,102.500000,103.739998,102.320000,103.440002,102.821930,13182100
2025-11-12,103.349998,103.599998,102.660004,103.440002,102.821930,12084400
2025-11-13,103.589996,103.930000,102.019997,102.540001,101.927307,18088500
2025-11-14,100.199997,102.489998,98.879997,102.480003,101.867668,23424200
2025-11-17,102.580002,103.320000,102.099998,102.949997,102.334846,15289400
2025-11-18,102.980003,103.339996,101.379997,101.389999,100.784172,17604500
2025-11-19,101.580002,101.709999,99.680000,100.610001,100.008835,22157000
2025-11-20,103.940002,107.910004,102.680000,107.110001,106.469994,50375900
2025-11-21,107.980003,108.150002,104.720001,105.320000,104.690689,41420800
2025-11-24,105.360001,106.269997,103.760002,104.059998,103.438210,42519200
2025-11-25,104.610001,107.419998,104.230003,107.000000,106.360649,20212900
2025-11-26,107.199997,109.589996,107.169998,109.099998,108.448105,17783300
2025-11-28,109.300003,110.699997,109.000000,110.510002,109.849678,9846500
2025-12-01,110.510002,111.760002,110.360001,111.529999,110.863586,17236800
2025-12-02,111.470001,112.650002,110.790001,112.410004,111.738327,18711800
2025-12-03,112.500000,114.889999,112.220001,114.410004,113.726379,24478300
2025-12-04,113.620003,114.889999,113.160004,114.839996,114.153801,25905100
2025-12-05,114.730003,116.269997,114.680000,115.110001,114.422188,23956400
2025-12-08,114.570000,114.989998,112.300003,113.559998,112.881447,22700700
2025-12-09,113.949997,115.720001,113.019997,115.059998,114.372490,24326700
2025-12-10,115.349998,116.230003,112.989998,113.180000,112.503723,22859600
2025-12-11,113.139999,115.870003,112.849998,115.519997,114.829735,21586600
2025-12-12,115.260002,116.949997,115.019997,116.699997,116.239151,19092400
2025-12-15,116.930000,117.449997,115.639999,116.790001,116.328796,18713700
2025-12-16,116.580002,116.879997,114.949997,115.419998,114.964211,19642300
2025-12-17,115.199997,116.389999,115.070000,115.660004,115.203270,16177800
2025-12-18,115.010002,116.480003,114.610001,114.830002,114.376541,21476700
2025-12-19,115.139999,115.279999,113.529999,114.360001,113.908401,50043800
2025-12-22,114.010002,114.320000,112.220001,112.599998,112.155342,21473900
2025-12-23,111.989998,112.349998,110.699997,110.900002,110.462059,20319900
2025-12-24,110.900002,111.709999,110.550003,111.610001,111.169258,9009600
2025-12-26,111.720001,111.970001,111.360001,111.739998,111.298744,9003800
2025-12-29,111.589996,112.779999,111.570000,112.529999,112.085625,12979600
2025-12-30,111.889999,112.690002,111.839996,111.919998,111.478035,11730600
2025-12-31,111.730003,112.250000,111.320000,111.410004,110.970055,11487400
2026-01-02,111.430000,112.790001,111.120003,112.760002,112.314720,14306600
2026-01-05,112.820000,113.730003,112.150002,112.709999,112.264915,19557600
2026-01-06,112.400002,114.790001,111.989998,114.339996,113.888474,20120800
2026-01-07,114.190002,114.730003,112.099998,112.720001,112.274879,23306000
2026-01-08,111.290001,113.470001,109.809998,113.070000,112.623489,24058300
2026-01-09,112.260002,115.459999,112.260002,114.529999,114.077728,21902900
2026-01-12,117.500000,118.839996,116.410004,117.970001,117.504143,49182100
2026-01-13,117.889999,120.510002,117.730003,120.360001,119.884705,31222100
2026-01-14,120.190002,121.239998,119.029999,120.040001,119.565971,32764000
2026-01-15,119.980003,120.870003,118.730003,119.199997,118.729279,34559400
2026-01-16,118.669998,120.599998,116.900002,119.699997,119.227303,415144600
2026-01-20,120.889999,121.620003,117.610001,118.709999,118.241219,45334000
2026-01-21,118.080002,120.489998,117.550003,119.360001,118.888649,34811700
2026-01-22,119.290001,119.519997,117.650002,117.830002,117.364693,24547300
2026-01-23,118.169998,118.610001,117.139999,117.730003,117.265091,20806900
2026-01-26,117.809998,118.849998,117.389999,117.639999,117.175446,19552200
2026-01-27,117.500000,117.629997,115.480003,116.940002,116.478210,22968600
2026-01-28,116.639999,117.459999,115.870003,116.570000,116.109665,16342000
2026-01-29,116.449997,117.660004,116.070000,117.410004,116.946358,16381100
2026-01-30,116.910004,119.410004,116.599998,119.139999,118.669518,22215400
2026-02-02,119.500000,124.199997,119.050003,124.059998,123.570091,31210100
2026-02-03,123.650002,128.169998,123.650002,127.709999,127.205681,32018700
2026-02-04,128.130005,129.410004,127.089996,128.000000,127.494530,27531800
2026-02-05,128.580002,129.600006,126.559998,126.940002,126.438728,30517800
2026-02-06,127.290001,131.699997,127.050003,131.179993,130.661972,26593400
2026-02-09,131.419998,131.789993,128.089996,129.020004,128.510513,27197300
2026-02-10,128.940002,129.339996,126.389999,126.699997,126.199661,24662000
2026-02-11,126.699997,129.740005,126.629997,128.770004,128.261490,19232100
2026-02-12,129.380005,134.490005,129.309998,133.639999,133.112259,33382700
2026-02-13,132.699997,134.649994,131.750000,133.889999,133.361267,24131200
2026-02-17,133.110001,134.690002,128.160004,128.850006,128.341171,37995900
2026-02-18,128.130005,128.869995,125.769997,126.620003,126.119980,36485000
2026-02-19,128.500000,130.100006,124.400002,124.870003,124.376892,42993300
2026-02-20,123.000000,123.480003,121.050003,122.989998,122.504318,35151000
2026-02-23,123.519997,126.800003,122.959999,125.809998,125.313179,25662800
2026-02-24,125.900002,128.039993,124.910004,126.750000,126.249474,20161200
2026-02-25,126.610001,127.400002,125.419998,125.750000,125.253418,17345700
2026-02-26,125.980003,127.330002,123.940002,124.419998,123.928665,18638300
2026-02-27,125.519997,128.600006,125.150002,127.949997,127.444725,29205500
2026-03-02,127.459999,128.750000,127.050003,127.099998,126.598091,17091500
2026-03-03,126.519997,128.369995,125.669998,127.910004,127.404892,16480400
2026-03-04,127.110001,128.169998,126.239998,127.809998,127.305283,16434100
2026-03-05,125.379997,125.680000,121.650002,123.309998,122.823051,28604900
2026-03-06,122.500000,124.190002,121.620003,123.800003,123.311119,21553000
2026-03-09,123.690002,124.510002,122.500000,124.339996,123.848984,19375900
2026-03-10,124.209999,126.099998,123.349998,125.120003,124.625908,18793600
2026-03-11,125.309998,125.489998,123.050003,123.489998,123.002342,18176500
2026-03-12,122.300003,125.389999,122.279999,125.330002,124.835083,21751600
2026-03-13,125.389999,126.690002,124.970001,126.519997,126.020370,15194100
2026-03-16,126.760002,126.980003,124.830002,125.989998,125.492470,20463200
2026-03-17,126.650002,127.190002,124.860001,125.080002,124.586067,19895000
2026-03-18,124.330002,124.610001,121.830002,121.980003,121.498306,19734900
2026-03-19,122.400002,122.750000,119.269997,121.089996,120.611816,17927700
2026-03-20,120.629997,121.300003,118.019997,119.019997,118.793289,57545600
2026-03-23,120.480003,121.129997,119.050003,120.720001,120.490059,22181500
2026-03-24,120.629997,124.110001,120.489998,122.050003,121.817528,17269600
2026-03-25,122.809998,123.489998,121.779999,123.059998,122.825592,16597300
2026-03-26,123.610001,123.800003,121.790001,122.180000,121.947273,16442500
2026-03-27,122.029999,124.269997,121.820000,122.889999,122.655922,16543300
2026-03-30,123.709999,125.260002,123.139999,123.500000,123.264755,20428900
2026-03-31,123.430000,125.000000,122.839996,124.279999,124.043274,21330400
2026-04-01,123.800003,125.230003,123.129997,124.739998,124.502396,17039700
2026-04-02,125.150002,125.900002,124.150002,125.790001,125.550400,11898400
2026-04-06,125.809998,126.980003,125.370003,126.790001,126.548492,10850400
2026-04-07,126.190002,126.360001,121.790001,122.489998,122.256683,16076000
2026-04-08,122.279999,127.300003,121.330002,127.260002,127.017601,20194300
2026-04-09,127.089996,129.690002,126.820000,129.130005,128.884033,13853100
2026-04-10,128.720001,128.929993,126.220001,126.769997,126.528526,13894000
2026-04-13,126.290001,126.300003,123.949997,124.570000,124.332718,14510600
2026-04-14,123.150002,125.199997,122.550003,125.050003,124.811813,15320800
2026-04-15,124.629997,125.070000,123.180000,124.760002,124.522362,17001400
2026-04-16,124.330002,125.940002,123.970001,124.820000,124.582245,18324500
2026-04-17,124.570000,127.570000,123.370003,127.500000,127.257141,24763700
2026-04-20,127.870003,129.470001,127.320000,127.919998,127.676338,18933600
2026-04-21,127.830002,129.770004,127.480003,129.600006,129.353149,17312400
2026-04-22,130.000000,130.449997,128.839996,129.979996,129.732407,17624500
2026-04-23,130.570007,132.460007,130.490005,132.029999,131.778503,16376000
2026-04-24,131.940002,132.119995,129.279999,129.919998,129.672531,16016300
2026-04-27,129.619995,129.809998,127.400002,127.589996,127.346962,17029500
2026-04-28,129.339996,129.770004,126.779999,127.589996,127.346962,16341800
2026-04-29,126.680000,128.080002,125.910004,128.009995,127.766167,16538800
2026-04-30,128.020004,132.429993,127.949997,131.929993,131.678696,19867700
2026-05-01,131.919998,133.369995,130.979996,131.600006,131.349335,10480900
2026-05-04,130.410004,131.750000,129.679993,130.330002,130.081757,10340700
2026-05-05,130.509995,131.729996,130.300003,130.789993,130.540863,10637300
2026-05-06,130.860001,131.149994,129.529999,130.080002,129.832230,16371500
2026-05-07,129.899994,130.600006,128.669998,130.199997,129.951996,14935400
2026-05-08,130.320007,131.410004,130.250000,130.429993,130.429993,15183700
2026-05-11,130.179993,130.600006,126.379997,127.589996,127.589996,18699200
2026-05-12,128.080002,131.119995,127.720001,130.350006,130.350006,17935400
2026-05-13,129.190002,132.529999,128.770004,131.470001,131.470001,13786600
2026-05-14,131.360001,132.779999,130.860001,132.460007,132.460007,14200400
2026-05-15,133.690002,133.949997,130.789993,131.449997,131.449997,25323000
2026-05-18,131.520004,133.470001,131.130005,133.339996,133.339996,17183200
2026-05-19,132.940002,135.160004,132.059998,134.199997,134.199997,16957100
2026-05-20,132.910004,133.649994,130.330002,130.850006,130.850006,28471600
2026-05-21,124.410004,125.800003,120.389999,121.339996,121.339996,53006600
2026-05-22,121.339996,121.949997,118.910004,120.269997,120.269997,30330600
2026-05-26,120.690002,121.050003,117.919998,118.570000,118.570000,28796600
2026-05-27,118.330002,119.430000,118.040001,118.540001,118.540001,22062200
2026-05-28,118.959999,119.169998,117.330002,118.900002,118.900002,21613100
2026-05-29,118.110001,119.080002,114.709999,115.750000,115.750000,42191000
2026-06-01,114.730003,115.980003,113.559998,114.599998,114.599998,26176200
2026-06-02,113.870003,114.570000,112.730003,113.059998,113.059998,27366400
2026-06-03,113.099998,117.290001,112.959999,116.889999,116.889999,32880600
2026-06-04,119.900002,119.940002,117.290001,117.739998,117.739998,22870400
2026-06-05,118.349998,120.889999,118.099998,118.879997,118.879997,36638100
2026-06-08,118.250000,120.180000,118.150002,119.830002,119.830002,19514100
2026-06-09,120.379997,120.500000,118.000000,118.879997,118.879997,23959000
2026-06-10,119.709999,120.820000,117.529999,120.589996,120.589996,22414900
2026-06-11,120.570000,121.860001,119.459999,120.500000,120.500000,22438000
2026-06-12,120.589996,121.610001,119.529999,121.040001,121.040001,14753500
2026-06-15,119.739998,121.489998,118.580002,120.820000,120.820000,20722500
2026-06-16,121.139999,122.940002,119.879997,121.029999,121.029999,23060700
2026-06-17,119.580002,121.010002,117.449997,118.129997,118.129997,21711100
2026-06-18,118.199997,118.480003,116.800003,117.180000,117.180000,36526800
2026-06-22,116.959999,118.400002,116.949997,117.180000,117.180000,17053900
2026-06-23,119.709999,120.250000,116.339996,119.419998,119.419998,23411400
2026-06-24,119.559998,120.400002,118.930000,119.000000,119.000000,20600100
2026-06-25,117.470001,118.580002,115.379997,115.779999,115.779999,20384700
2026-06-26,117.290001,117.879997,115.089996,115.690002,115.690002,36636000
2026-06-29,116.470001,116.800003,114.199997,114.599998,114.599998,20367000
2026-06-30,113.970001,114.610001,112.930000,113.260002,113.260002,23034000
2026-07-01,110.129997,110.709999,107.250000,108.820000,108.820000,40391400
2026-07-02,109.330002,112.449997,109.160004,111.839996,111.839996,29512200
2026-07-06,111.400002,112.370003,109.370003,110.650002,110.650002,29523300
2026-07-07,112.970001,113.500000,111.300003,111.540001,111.540001,19941400
2026-07-08,113.150002,113.860001,111.809998,113.099998,113.099998,19892000
2026-07-09,111.239998,112.760002,111.040001,112.209999,112.209999,20464500
2026-07-10,111.949997,114.160004,111.930000,113.900002,113.900002,12461700
2026-07-13,114.730003,115.540001,114.010002,114.779999,114.779999,17043400
2026-07-14,115.080002,115.879997,113.500000,113.699997,113.699997,14682000
2026-07-15,113.250000,114.730003,112.070000,112.529999,112.529999,16467900
2026-07-16,113.760002,115.589996,113.559998,114.949997,114.949997,20777600
2026-07-17,116.959999,118.089996,113.599998,114.239998,114.239998,28289800
2026-07-20,113.959999,114.400002,112.139999,112.199997,112.199997,17738900
2026-07-21,111.510002,111.800003,109.889999,110.389999,110.389999,22717000
2026-07-22,109.529999,110.000000,108.720001,109.330002,109.330002,23494800
2026-07-23,107.510002,108.559998,106.790001,108.400002,108.400002,21516800
2026-07-24,108.120003,109.599998,108.010002,109.470001,109.470001,18405900
2026-07-27,109.919998,112.510002,109.889999,111.739998,111.739998,19008700
2026-07-28,113.959999,116.029999,112.839996,113.099998,113.099998,24867900
2026-07-29,113.230003,114.690002,112.449997,114.220001,114.220001,23480000
2026-07-30,111.610001,113.029999,110.440002,111.099998,111.099998,28747000
2026-07-31,110.519997,111.910004,109.889999,111.199997,111.199997,22799100
2026-08-03,113.099998,113.290001,110.160004,110.709999,110.709999,23942500
2026-08-04,109.010002,111.680000,108.559998,111.550003,111.550003,29620000
2026-08-05,112.449997,113.160004,111.360001,112.339996,112.339996,21446300
2026-08-06,114.146004,114.559998,111.035004,112.070000,112.070000,20793075
